{
  "target_k_1plus": {
    "brier": 0.23233939454651772,
    "log_loss": 0.6568916977577144,
    "mae": 0.46694302356411255,
    "auc": 0.6389858325775175
  },
  "target_k_2plus": {
    "brier": 0.14108255051588808,
    "log_loss": 0.44778553352913747,
    "mae": 0.28566288363302034,
    "auc": 0.6645526845450993
  }
}