{
  "target_k_1plus": {
    "brier": 0.2315545281846429,
    "log_loss": 0.6552375535055746,
    "mae": 0.46552891336480173,
    "auc": 0.6427689744247769,
    "features": [
      "k_rate_15",
      "avg_k_per_game_15",
      "k_rate_vs_R_15",
      "k_rate_vs_L_15",
      "k_rate_last_5",
      "p_k_per9_10",
      "p_k_rate_10",
      "bat_order",
      "opp_k_pct_15",
      "stand_R"
    ],
    "promoted": true,
    "prev_auc": 0.5948407961796168
  },
  "target_k_2plus": {
    "brier": 0.14075581645385293,
    "log_loss": 0.44665667933071307,
    "mae": 0.2849326232152916,
    "auc": 0.6681459653724806,
    "features": [
      "k_rate_15",
      "avg_k_per_game_15",
      "k_rate_vs_R_15",
      "k_rate_vs_L_15",
      "k_rate_last_5",
      "p_k_per9_10",
      "p_k_rate_10",
      "bat_order",
      "opp_k_pct_15",
      "stand_R",
      "p_throws_R"
    ],
    "promoted": true,
    "prev_auc": null
  }
}