{
  "target_hit_1plus": {
    "brier": 0.2365413223699806,
    "log_loss": 0.6656812365178724,
    "mae": 0.4720447184931526,
    "auc": 0.6146928825425421
  },
  "target_hit_2plus": {
    "brier": 0.14230667843250908,
    "log_loss": 0.4519449509455378,
    "mae": 0.2878406787975928,
    "auc": 0.6268542363261027
  }
}