{
  "prev_auc": 0.544634735539992,
  "new_auc": 0.623180489680873,
  "brier": 0.09575900369552914,
  "log_loss": 0.33629217152186075,
  "promoted": true
}