{
  "prev_auc": null,
  "new_auc": 0.6289581537471325,
  "brier": 0.09005472273238786,
  "log_loss": 0.32059331743349134,
  "promoted": true
}