{
  "prev_auc": 0.6312818434110528,
  "new_auc": 0.6312086994400155,
  "brier": 0.09046412451253397,
  "log_loss": 0.32151761605220525,
  "promoted": false
}