{
  "prev_auc": 0.6329123469957956,
  "new_auc": 0.632741521054271,
  "brier": 0.08996834832555596,
  "log_loss": 0.3200452688267726,
  "promoted": false
}