{
  "prev_auc": 0.6293520274338524,
  "new_auc": 0.6310917901869515,
  "brier": 0.0906589974772552,
  "log_loss": 0.32202570689924076,
  "promoted": true
}