{
  "prev_auc": 0.6295664506176439,
  "new_auc": 0.6291077609292823,
  "brier": 0.09064714748483263,
  "log_loss": 0.32208338275254605,
  "promoted": false
}