{
  "target_tb_1plus": {
    "brier": 0.23427659176639237,
    "log_loss": 0.6609552854082656,
    "mae": 0.4679321691815617,
    "auc": 0.6271691298196276
  },
  "target_tb_2plus": {
    "brier": 0.20360666085941082,
    "log_loss": 0.5934824953464894,
    "mae": 0.40955862320525166,
    "auc": 0.6233428811502687
  }
}