batter,player_name,team_abbr,opp_team,is_home,bat_order,in_lineup,pitcher_id,pitcher_name,p_throws,game_id,game_time,stadium,stand_R,p_throws_R,opp_k_pct_15,game_date,game_pk,is_dome,wind_out,hit_factor,tb_factor,hr_factor,stand,pa,ab,h,doubles,triples,hr,bb,hbp,sf,k,tb,batted_balls,barrels,hard_hits,fly_balls,ground_balls,line_drives,avg_xba,avg_xslg,target_hit_1plus,target_hit_2plus,target_tb_1plus,target_tb_2plus,target_k_1plus,target_k_2plus,batting_avg_15,obp_15,contact_rate_15,k_rate_15,babip_15,iso_15,hr_rate_15,doubles_rate_15,extra_base_hit_rate_15,avg_total_bases_15,avg_k_per_game_15,hard_hit_pct_15,line_drive_pct_15,gb_pct_15,fly_ball_pct_15,barrel_pct_15,xba_15,xslg_15,batting_avg_last_5,k_rate_last_5,xba_last_5,xslg_last_5,batting_avg_vs_R_15,slg_vs_R_15,k_rate_vs_R_15,batting_avg_vs_L_15,slg_vs_L_15,k_rate_vs_L_15,p_contact_rate_allowed_10,p_babip_allowed_10,p_slg_allowed_10,p_iso_allowed_10,p_gb_pct_10,p_fb_pct_10,p_barrel_pct_allowed_10,p_hits_per9_10,p_hr_per9_10,p_k_per9_10,p_k_rate_10,p_k_1plus,p_k_2plus,adj_prob,pred_ks,book_markets,primary_line,primary_side,primary_best_book,primary_best_odds,primary_book_implied,primary_has_line,primary_edge,secondary_line,secondary_side,secondary_best_book,secondary_best_odds,secondary_book_implied,secondary_has_line,secondary_edge
701162,Ben Malgeri,DET,MIN,1,8.0,1.0,805673,Zebby Matthews,R,824226,1:10 PM ET,Comerica Park,1,1,0.27906976744186046,2026-09-09,824226,0,0,97.6,97.8,106.5,R,2,1,0,0,0,0,1,0,0,0,0,1,0,0,1,0,0,0.694,0.738,0,0,0,0,0,0,0.21052631578947367,0.3023255813953488,0.5526315789473685,0.3953488372093023,0.38095238095238093,0.02631578947368421,0.0,0.023255813953488372,0.02631578947368421,0.6,1.1333333333333333,0.5714285714285714,0.42857142857142855,0.38095238095238093,0.19047619047619047,0.0,0.46255555555555555,0.5776944444444444,0.26666666666666666,0.4117647058823529,0.46654166666666663,0.5744583333333334,0.3,0.6,0.4,0.17142857142857143,0.2,0.35,0.7071129707112971,0.23902439024390243,0.4413145539906103,0.17370892018779344,0.5207100591715976,0.16568047337278108,0.029585798816568046,8.114754098360656,1.9180327868852458,7.524590163934427,0.20481927710843373,0.692958137154363,0.268937383899416,0.692958137154363,1.1333333333333333,,0.5,,,,,False,,1.5,,,,,False,
814430,Brett Callahan,DET,MIN,1,6.0,1.0,805673,Zebby Matthews,R,824226,1:10 PM ET,Comerica Park,0,1,0.27906976744186046,2026-09-09,824226,0,0,97.6,97.8,106.5,L,2,2,0,0,0,0,0,0,0,1,0,1,0,1,1,0,0,0.411,1.503,0,0,0,0,1,0,0.21621621621621623,0.2682926829268293,0.5945945945945946,0.36585365853658536,0.3181818181818182,0.10810810810810811,0.024390243902439025,0.024390243902439025,0.05405405405405406,0.8,1.0,0.5217391304347826,0.21739130434782608,0.391304347826087,0.30434782608695654,0.043478260869565216,0.37556060606060604,0.6439242424242425,0.16666666666666666,0.6923076923076923,0.31174999999999997,0.9904999999999998,0.21621621621621623,0.32432432432432434,0.36585365853658536,,,,0.7071129707112971,0.23902439024390243,0.4413145539906103,0.17370892018779344,0.5207100591715976,0.16568047337278108,0.029585798816568046,8.114754098360656,1.9180327868852458,7.524590163934427,0.20481927710843373,0.5987276574875653,0.21753178173916202,0.5987276574875653,1.0,,0.5,,,,,False,,1.5,,,,,False,
690993,Colt Keith,DET,MIN,1,3.0,1.0,805673,Zebby Matthews,R,824226,1:10 PM ET,Comerica Park,0,1,0.27906976744186046,2026-09-09,824226,0,0,97.6,97.8,106.5,L,2,2,0,0,0,0,0,0,0,0,0,2,0,0,0,1,1,0.4685,0.5,0,0,0,0,0,0,0.14705882352941177,0.2926829268292683,0.5882352941176471,0.34146341463414637,0.25,0.029411764705882353,0.0,0.024390243902439025,0.029411764705882353,0.4,0.9333333333333333,0.4,0.4,0.4,0.15,0.0,0.45338888888888884,0.5876944444444444,0.3,0.45454545454545453,0.577,0.6515000000000001,0.14705882352941177,0.17647058823529413,0.34146341463414637,0.2857142857142857,0.3333333333333333,0.2127659574468085,0.7071129707112971,0.23902439024390243,0.4413145539906103,0.17370892018779344,0.5207100591715976,0.16568047337278108,0.029585798816568046,8.114754098360656,1.9180327868852458,7.524590163934427,0.20481927710843373,0.5289741751051521,0.14408336712818448,0.5289741751051521,0.9333333333333333,,0.5,,,,,False,,1.5,,,,,False,
693307,Dillon Dingler,DET,MIN,1,5.0,1.0,805673,Zebby Matthews,R,824226,1:10 PM ET,Comerica Park,1,1,0.27906976744186046,2026-09-09,824226,0,0,97.6,97.8,106.5,R,4,4,0,0,0,0,0,0,0,3,0,1,0,0,0,1,0,0.323,0.363,0,0,0,0,1,1,0.16363636363636364,0.2033898305084746,0.7454545454545455,0.23728813559322035,0.21428571428571427,0.01818181818181818,0.0,0.01694915254237288,0.01818181818181818,0.6666666666666666,0.9333333333333333,0.42857142857142855,0.19047619047619047,0.38095238095238093,0.35714285714285715,0.023809523809523808,0.28732222222222226,0.4257166666666667,0.21052631578947367,0.15,0.2739,0.42485,0.12280701754385964,0.17543859649122806,0.171875,0.15254237288135594,0.2033898305084746,0.3709677419354839,0.7071129707112971,0.23902439024390243,0.4413145539906103,0.17370892018779344,0.5207100591715976,0.16568047337278108,0.029585798816568046,8.114754098360656,1.9180327868852458,7.524590163934427,0.20481927710843373,0.6753923922126687,0.225778474071157,0.6753923922126687,0.9333333333333333,,0.5,,,,,False,,1.5,,,,,False,
701678,Hao-Yu Lee,DET,MIN,1,2.0,1.0,805673,Zebby Matthews,R,824226,1:10 PM ET,Comerica Park,1,1,0.27906976744186046,2026-09-09,824226,0,0,97.6,97.8,106.5,R,3,3,0,0,0,0,0,0,0,2,0,1,0,0,0,0,0,0.023,0.036,0,0,0,0,1,1,0.19230769230769232,0.288135593220339,0.6730769230769231,0.288135593220339,0.24242424242424243,0.15384615384615385,0.03389830508474576,0.03389830508474576,0.07692307692307693,1.2,1.1333333333333333,0.5142857142857142,0.2,0.4,0.2571428571428571,0.11428571428571428,0.30749102564102565,0.6292371794871794,0.11764705882352941,0.38095238095238093,0.13883333333333336,0.20783333333333334,0.32,0.62,0.23728813559322035,0.21621621621621623,0.2702702702702703,0.15,0.7071129707112971,0.23902439024390243,0.4413145539906103,0.17370892018779344,0.5207100591715976,0.16568047337278108,0.029585798816568046,8.114754098360656,1.9180327868852458,7.524590163934427,0.20481927710843373,0.6019519362390507,0.22614268828098613,0.6019519362390507,1.1333333333333333,,0.5,,,,,False,,1.5,,,,,False,
807726,John Peck,DET,MIN,1,9.0,1.0,805673,Zebby Matthews,R,824226,1:10 PM ET,Comerica Park,1,1,0.27906976744186046,2026-09-09,824226,0,0,97.6,97.8,106.5,R,4,3,1,0,0,0,0,1,0,1,1,2,0,1,0,1,1,0.3335,0.463,1,0,1,0,1,0,0.20833333333333334,0.2692307692307692,0.75,0.23076923076923078,0.2777777777777778,0.041666666666666664,0.0,0.038461538461538464,0.041666666666666664,0.6666666666666666,0.6666666666666666,0.4444444444444444,0.2777777777777778,0.5,0.2222222222222222,0.0,0.32280000000000003,0.5027999999999999,0.21052631578947367,0.23809523809523808,0.32280000000000003,0.5027999999999999,0.1111111111111111,0.1111111111111111,0.1111111111111111,0.36363636363636365,0.45454545454545453,0.23076923076923078,0.7071129707112971,0.23902439024390243,0.4413145539906103,0.17370892018779344,0.5207100591715976,0.16568047337278108,0.029585798816568046,8.114754098360656,1.9180327868852458,7.524590163934427,0.20481927710843373,0.4618204639532961,0.10188102099884262,0.4618204639532961,0.6666666666666666,,0.5,,,,,False,,1.5,,,,,False,
805808,Kevin McGonigle,DET,MIN,1,1.0,1.0,805673,Zebby Matthews,R,824226,1:10 PM ET,Comerica Park,0,1,0.27906976744186046,2026-09-09,824226,0,0,97.6,97.8,106.5,L,4,4,2,0,0,1,0,0,0,0,5,4,0,1,2,0,1,0.24125000000000002,0.46099999999999997,1,1,1,1,0,0,0.1694915254237288,0.25757575757575757,0.8813559322033898,0.10606060606060606,0.16,0.15254237288135594,0.030303030303030304,0.045454545454545456,0.0847457627118644,1.2666666666666666,0.4666666666666667,0.34615384615384615,0.15384615384615385,0.4230769230769231,0.3269230769230769,0.019230769230769232,0.28391,0.561278888888889,0.19047619047619047,0.12,0.22271333333333332,0.40013666666666675,0.21311475409836064,0.3770491803278688,0.14705882352941177,0.16071428571428573,0.23214285714285715,0.17647058823529413,0.7071129707112971,0.23902439024390243,0.4413145539906103,0.17370892018779344,0.5207100591715976,0.16568047337278108,0.029585798816568046,8.114754098360656,1.9180327868852458,7.524590163934427,0.20481927710843373,0.48932274926276137,0.10615168569412332,0.48932274926276137,0.4666666666666667,,0.5,,,,,False,,1.5,,,,,False,
703601,Max Clark,DET,MIN,1,7.0,1.0,805673,Zebby Matthews,R,824226,1:10 PM ET,Comerica Park,0,1,0.27906976744186046,2026-09-09,824226,0,0,97.6,97.8,106.5,L,3,3,0,0,0,0,0,0,0,0,0,3,0,1,1,1,0,0.05766666666666667,0.06866666666666667,0,0,0,0,0,0,0.2553191489361702,0.33962264150943394,0.7021276595744681,0.2545454545454545,0.34375,0.19148936170212766,0.01818181818181818,0.07272727272727272,0.1276595744680851,1.4,0.9333333333333333,0.45714285714285713,0.37142857142857144,0.37142857142857144,0.2,0.0,0.39225,0.5195944444444445,0.3684210526315789,0.2727272727272727,0.45565000000000005,0.5424166666666667,0.20754716981132076,0.3018867924528302,0.22641509433962265,0.3409090909090909,0.5909090909090909,0.10909090909090909,0.7071129707112971,0.23902439024390243,0.4413145539906103,0.17370892018779344,0.5207100591715976,0.16568047337278108,0.029585798816568046,8.114754098360656,1.9180327868852458,7.524590163934427,0.20481927710843373,0.5326687269706806,0.17334620982789406,0.5326687269706806,0.9333333333333333,,0.5,,,,,False,,1.5,,,,,False,
682985,Riley Greene,DET,MIN,1,4.0,1.0,805673,Zebby Matthews,R,824226,1:10 PM ET,Comerica Park,0,1,0.27906976744186046,2026-09-09,824226,0,0,97.6,97.8,106.5,L,4,4,0,0,0,0,0,0,0,2,0,2,0,1,1,1,0,0.07400000000000001,0.0925,0,0,0,0,1,1,0.27586206896551724,0.35384615384615387,0.6551724137931034,0.3076923076923077,0.35294117647058826,0.29310344827586204,0.06153846153846154,0.07692307692307693,0.15517241379310345,2.2,1.3333333333333333,0.2894736842105263,0.3157894736842105,0.2631578947368421,0.39473684210526316,0.02631578947368421,0.3664285714285714,0.7226130952380954,0.45454545454545453,0.21739130434782608,0.5443999999999999,1.3005166666666668,0.23214285714285715,0.39285714285714285,0.2857142857142857,0.16981132075471697,0.33962264150943394,0.2222222222222222,0.7071129707112971,0.23902439024390243,0.4413145539906103,0.17370892018779344,0.5207100591715976,0.16568047337278108,0.029585798816568046,8.114754098360656,1.9180327868852458,7.524590163934427,0.20481927710843373,0.6188683475112993,0.2557066747924041,0.6188683475112993,1.3333333333333333,,0.5,,,,,False,,1.5,,,,,False,
686797,Brooks Lee,MIN,DET,0,2.0,1.0,672456,Keider Montero,R,824226,1:10 PM ET,Comerica Park,1,1,0.17586206896551723,2026-09-09,824226,0,0,97.6,97.8,106.5,R,1,1,0,0,0,0,0,0,0,0,0,1,0,0,1,0,0,0.069,0.139,0,0,0,0,0,0,0.3055555555555556,0.3157894736842105,0.9166666666666666,0.07894736842105263,0.30303030303030304,0.1388888888888889,0.02631578947368421,0.05263157894736842,0.08333333333333333,1.0666666666666667,0.2,0.4117647058823529,0.2647058823529412,0.29411764705882354,0.38235294117647056,0.029411764705882353,0.28676444444444443,0.5798311111111112,0.4,0.09090909090909091,0.32933333333333326,0.8809666666666665,0.2459016393442623,0.4426229508196721,0.1111111111111111,0.21428571428571427,0.39285714285714285,0.22033898305084745,0.7539267015706806,0.18823529411764706,0.33714285714285713,0.12571428571428572,0.4930555555555556,0.2152777777777778,0.020833333333333332,7.200000000000001,0.6000000000000001,5.600000000000001,0.15819209039548024,0.3767985764012975,0.06627914249150862,0.3767985764012975,0.2,,0.5,,,,,False,,1.5,,,,,False,
605137,Josh Bell,MIN,DET,0,4.0,1.0,672456,Keider Montero,R,824226,1:10 PM ET,Comerica Park,0,1,0.17586206896551723,2026-09-09,824226,0,0,97.6,97.8,106.5,L,4,3,0,0,0,0,0,0,1,0,0,4,0,3,1,1,2,0.48533333333333334,1.367333333333333,0,0,0,0,0,0,0.29411764705882354,0.358974358974359,0.7941176470588235,0.1794871794871795,0.3333333333333333,0.11764705882352941,0.02564102564102564,0.02564102564102564,0.058823529411764705,0.9333333333333333,0.4666666666666667,0.5357142857142857,0.25,0.42857142857142855,0.2857142857142857,0.07142857142857142,0.41542777777777773,0.6260611111111111,0.16666666666666666,0.15384615384615385,0.19087499999999993,0.33662499999999973,0.23214285714285715,0.35714285714285715,0.15625,0.3584905660377358,0.5471698113207547,0.06349206349206349,0.7539267015706806,0.18823529411764706,0.33714285714285713,0.12571428571428572,0.4930555555555556,0.2152777777777778,0.020833333333333332,7.200000000000001,0.6000000000000001,5.600000000000001,0.15819209039548024,0.3193473255788862,0.05384066581716013,0.3193473255788862,0.4666666666666667,,0.5,,,,,False,,1.5,,,,,False,
701785,Kaelen Culpepper,MIN,DET,0,5.0,1.0,672456,Keider Montero,R,824226,1:10 PM ET,Comerica Park,1,1,0.17586206896551723,2026-09-09,824226,0,0,97.6,97.8,106.5,R,3,3,0,0,0,0,0,0,0,2,0,1,0,1,0,1,0,0.357,0.414,0,0,0,0,1,1,0.3157894736842105,0.36065573770491804,0.8771929824561403,0.11475409836065574,0.3333333333333333,0.17543859649122806,0.03278688524590164,0.06557377049180328,0.10526315789473684,1.8666666666666667,0.4666666666666667,0.28,0.2,0.44,0.26,0.04,0.30870444444444445,0.4782533333333333,0.25,0.14285714285714285,0.2654166666666667,0.3237333333333333,0.35185185185185186,0.4444444444444444,0.13793103448275862,0.21875,0.46875,0.2972972972972973,0.7539267015706806,0.18823529411764706,0.33714285714285713,0.12571428571428572,0.4930555555555556,0.2152777777777778,0.020833333333333332,7.200000000000001,0.6000000000000001,5.600000000000001,0.15819209039548024,0.46384326802371206,0.11444731748563093,0.46384326802371206,0.4666666666666667,,0.5,,,,,False,,1.5,,,,,False,
665019,Kody Clemens,MIN,DET,0,3.0,1.0,672456,Keider Montero,R,824226,1:10 PM ET,Comerica Park,0,1,0.17586206896551723,2026-09-09,824226,0,0,97.6,97.8,106.5,L,4,3,1,0,0,1,1,0,0,0,4,3,0,2,1,2,0,0.33,0.8786666666666667,1,0,1,1,0,0,0.24528301886792453,0.3387096774193548,0.7358490566037735,0.22580645161290322,0.2702702702702703,0.16981132075471697,0.04838709677419355,0.0,0.05660377358490566,1.4666666666666666,0.9333333333333333,0.525,0.275,0.35,0.35,0.05,0.3774388888888888,0.797161111111111,0.2222222222222222,0.18181818181818182,0.2818833333333333,0.3375833333333333,0.25,0.5192307692307693,0.24193548387096775,0.29310344827586204,0.5,0.23333333333333334,0.7539267015706806,0.18823529411764706,0.33714285714285713,0.12571428571428572,0.4930555555555556,0.2152777777777778,0.020833333333333332,7.200000000000001,0.6000000000000001,5.600000000000001,0.15819209039548024,0.6108659939799453,0.2028802102992416,0.6108659939799453,0.9333333333333333,,0.5,,,,,False,,1.5,,,,,False,
807712,Luke Keaschall,MIN,DET,0,1.0,1.0,672456,Keider Montero,R,824226,1:10 PM ET,Comerica Park,1,1,0.17586206896551723,2026-09-09,824226,0,0,97.6,97.8,106.5,R,4,3,1,1,0,0,1,0,0,0,2,3,0,0,1,1,0,0.15166666666666667,0.19033333333333333,1,0,1,1,0,0,0.3,0.4,0.8666666666666667,0.11428571428571428,0.32,0.18333333333333332,0.02857142857142857,0.07142857142857142,0.11666666666666667,1.9333333333333333,0.5333333333333333,0.3076923076923077,0.21153846153846154,0.38461538461538464,0.3269230769230769,0.019230769230769232,0.2824244444444445,0.4879022222222222,0.21052631578947367,0.125,0.23980666666666667,0.45288666666666655,0.3220338983050847,0.4745762711864407,0.10144927536231885,0.3090909090909091,0.4,0.171875,0.7539267015706806,0.18823529411764706,0.33714285714285713,0.12571428571428572,0.4930555555555556,0.2152777777777778,0.020833333333333332,7.200000000000001,0.6000000000000001,5.600000000000001,0.15819209039548024,0.48106729537893583,0.13214456798246685,0.48106729537893583,0.5333333333333333,,0.5,,,,,False,,1.5,,,,,False,
668904,Royce Lewis,MIN,DET,0,7.0,1.0,672456,Keider Montero,R,824226,1:10 PM ET,Comerica Park,1,1,0.17586206896551723,2026-09-09,824226,0,0,97.6,97.8,106.5,R,4,4,0,0,0,0,0,0,0,1,0,3,0,2,1,1,0,0.2743333333333333,0.535,0,0,0,0,1,0,0.21052631578947367,0.2459016393442623,0.8070175438596491,0.18032786885245902,0.2391304347826087,0.08771929824561403,0.01639344262295082,0.03278688524590164,0.05263157894736842,1.1333333333333333,0.7333333333333333,0.3191489361702128,0.1702127659574468,0.3404255319148936,0.3404255319148936,0.02127659574468085,0.3015811111111111,0.45572555555555555,0.2,0.2857142857142857,0.2588666666666667,0.4178,0.18181818181818182,0.2727272727272727,0.18333333333333332,0.2909090909090909,0.36363636363636365,0.26229508196721313,0.7539267015706806,0.18823529411764706,0.33714285714285713,0.12571428571428572,0.4930555555555556,0.2152777777777778,0.020833333333333332,7.200000000000001,0.6000000000000001,5.600000000000001,0.15819209039548024,0.5190283480948674,0.15654833184966085,0.5190283480948674,0.7333333333333333,,0.5,,,,,False,,1.5,,,,,False,
663616,Trevor Larnach,MIN,DET,0,6.0,1.0,672456,Keider Montero,R,824226,1:10 PM ET,Comerica Park,0,1,0.17586206896551723,2026-09-09,824226,0,0,97.6,97.8,106.5,L,3,3,0,0,0,0,0,0,0,0,0,3,0,0,0,3,0,0.10366666666666667,0.11166666666666665,0,0,0,0,0,0,0.22727272727272727,0.2765957446808511,0.7272727272727273,0.2553191489361702,0.26666666666666666,0.20454545454545456,0.0425531914893617,0.06382978723404255,0.11363636363636363,1.2666666666666666,0.8,0.40625,0.34375,0.34375,0.25,0.0,0.30085897435897435,0.403224358974359,0.23076923076923078,0.46153846153846156,0.31727777777777777,0.49255555555555547,0.22727272727272727,0.4090909090909091,0.20833333333333334,0.2765957446808511,0.44680851063829785,0.27450980392156865,0.7539267015706806,0.18823529411764706,0.33714285714285713,0.12571428571428572,0.4930555555555556,0.2152777777777778,0.020833333333333332,7.200000000000001,0.6000000000000001,5.600000000000001,0.15819209039548024,0.5290356336336888,0.14278583970622163,0.5290356336336888,0.8,,0.5,,,,,False,,1.5,,,,,False,
605170,Victor Caratini,MIN,DET,0,8.0,1.0,672456,Keider Montero,R,824226,1:10 PM ET,Comerica Park,0,1,0.17586206896551723,2026-09-09,824226,0,0,97.6,97.8,106.5,L,1,0,0,0,0,0,1,0,0,0,0,0,0,0,0,0,0,0.16099999999999998,0.21799999999999997,0,0,0,0,0,0,0.2,0.3333333333333333,0.84,0.12903225806451613,0.23809523809523808,0.0,0.0,0.0,0.0,0.3333333333333333,0.26666666666666666,0.38095238095238093,0.23809523809523808,0.47619047619047616,0.14285714285714285,0.0,0.19239285714285712,0.260625,0.125,0.1111111111111111,0.17049999999999993,0.21649999999999983,0.21951219512195122,0.21951219512195122,0.1702127659574468,0.08163265306122448,0.14285714285714285,0.23214285714285715,0.7539267015706806,0.18823529411764706,0.33714285714285713,0.12571428571428572,0.4930555555555556,0.2152777777777778,0.020833333333333332,7.200000000000001,0.6000000000000001,5.600000000000001,0.15819209039548024,0.44745076391657257,0.07237488036819521,0.44745076391657257,0.26666666666666666,,0.5,,,,,False,,1.5,,,,,False,
805805,Walker Jenkins,MIN,DET,0,9.0,1.0,672456,Keider Montero,R,824226,1:10 PM ET,Comerica Park,0,1,0.17586206896551723,2026-09-09,824226,0,0,97.6,97.8,106.5,L,3,3,0,0,0,0,0,0,0,1,0,2,0,0,0,2,0,0.403,0.4555,0,0,0,0,1,0,0.13793103448275862,0.2857142857142857,0.7241379310344828,0.22857142857142856,0.15,0.1724137931034483,0.02857142857142857,0.05714285714285714,0.10344827586206896,1.0,0.8888888888888888,0.38095238095238093,0.23809523809523808,0.42857142857142855,0.23809523809523808,0.0,0.24322222222222223,0.3797870370370371,0.058823529411764705,0.3333333333333333,0.2659333333333333,0.34835000000000005,0.11538461538461539,0.3076923076923077,0.22580645161290322,,,,0.7539267015706806,0.18823529411764706,0.33714285714285713,0.12571428571428572,0.4930555555555556,0.2152777777777778,0.020833333333333332,7.200000000000001,0.6000000000000001,5.600000000000001,0.15819209039548024,0.43123440776531563,0.10423781267017078,0.43123440776531563,0.8888888888888888,,0.5,,,,,False,,1.5,,,,,False,
675961,Alika Williams,ATH,TOR,1,9.0,1.0,680755,Braydon Fisher,R,824956,3:05 PM ET,Sutter Health Park,1,1,0.24479166666666666,2026-09-09,824956,0,0,106.1,109.2,113.8,R,3,3,0,0,0,0,0,0,0,0,0,3,0,1,0,3,0,0.1416666666666667,0.15466666666666665,0,0,0,0,0,0,0.25,0.2826086956521739,0.8181818181818182,0.1702127659574468,0.2647058823529412,0.25,0.0425531914893617,0.06382978723404255,0.13636363636363635,1.4666666666666666,0.5333333333333333,0.2972972972972973,0.16216216216216217,0.4594594594594595,0.2702702702702703,0.0,0.25449404761904765,0.3546726190476191,0.2222222222222222,0.15789473684210525,0.21694999999999998,0.26278333333333326,0.21052631578947367,0.34210526315789475,0.14634146341463414,0.35294117647058826,0.6176470588235294,0.20512820512820512,0.6111111111111112,0.2,0.3225806451612903,0.0967741935483871,0.45454545454545453,0.22727272727272727,0.045454545454545456,7.59375,2.53125,7.59375,0.1836734693877551,0.3957306704022085,0.0911298181686478,0.3957306704022085,0.5333333333333333,,0.5,,,,,False,,1.5,,,,,False,
661531,Brian Serven,ATH,TOR,1,8.0,1.0,680755,Braydon Fisher,R,824956,3:05 PM ET,Sutter Health Park,1,1,0.24479166666666666,2026-09-09,824956,0,0,106.1,109.2,113.8,R,3,3,0,0,0,0,0,0,0,1,0,2,0,0,1,0,1,0.277,0.306,0,0,0,0,1,0,0.23076923076923078,0.2727272727272727,0.7307692307692307,0.25,0.23529411764705882,0.25,0.07142857142857142,0.017857142857142856,0.09615384615384616,1.6666666666666667,0.9333333333333333,0.3157894736842105,0.2631578947368421,0.4473684210526316,0.2894736842105263,0.05263157894736842,0.3125961538461538,0.534974358974359,0.23529411764705882,0.3157894736842105,0.245125,0.4131249999999999,0.2222222222222222,0.4888888888888889,0.3125,0.16216216216216217,0.35135135135135137,0.2,0.6111111111111112,0.2,0.3225806451612903,0.0967741935483871,0.45454545454545453,0.22727272727272727,0.045454545454545456,7.59375,2.53125,7.59375,0.1836734693877551,0.6416300538779642,0.21058805111878456,0.6416300538779642,0.9333333333333333,,0.5,,,,,False,,1.5,,,,,False,
666126,Carlos Cortes,ATH,TOR,1,4.0,1.0,680755,Braydon Fisher,R,824956,3:05 PM ET,Sutter Health Park,0,1,0.24479166666666666,2026-09-09,824956,0,0,106.1,109.2,113.8,L,4,4,1,0,0,1,0,0,0,0,4,4,1,2,1,2,1,0.3575,0.6212500000000001,1,0,1,1,0,0,0.2978723404255319,0.32653061224489793,0.723404255319149,0.2653061224489796,0.3939393939393939,0.06382978723404255,0.02040816326530612,0.0,0.02127659574468085,1.1333333333333333,0.8666666666666667,0.2647058823529412,0.3235294117647059,0.38235294117647056,0.11764705882352941,0.0,0.30365000000000003,0.4288666666666667,0.35714285714285715,0.21428571428571427,0.3211333333333333,0.3735333333333333,0.2857142857142857,0.3469387755102041,0.2549019607843137,0.3,0.3,0.30434782608695654,0.6111111111111112,0.2,0.3225806451612903,0.0967741935483871,0.45454545454545453,0.22727272727272727,0.045454545454545456,7.59375,2.53125,7.59375,0.1836734693877551,0.6197949003509112,0.25513991243149,0.6197949003509112,0.8666666666666667,,0.5,,,,,False,,1.5,,,,,False,
622268,Donovan Walton,ATH,TOR,1,7.0,1.0,680755,Braydon Fisher,R,824956,3:05 PM ET,Sutter Health Park,0,1,0.24479166666666666,2026-09-09,824956,0,0,106.1,109.2,113.8,L,3,3,2,0,0,1,0,0,0,0,5,3,0,1,0,2,1,0.6056666666666667,1.4446666666666665,1,1,1,1,0,0,0.21052631578947367,0.4117647058823529,0.8157894736842105,0.13725490196078433,0.20689655172413793,0.21052631578947367,0.0392156862745098,0.0392156862745098,0.10526315789473684,1.0666666666666667,0.4666666666666667,0.3548387096774194,0.25806451612903225,0.45161290322580644,0.22580645161290322,0.06451612903225806,0.3476153846153846,0.6742179487179487,0.15384615384615385,0.17647058823529413,0.38525000000000004,0.9320833333333332,0.21052631578947367,0.42105263157894735,0.13725490196078433,0.1891891891891892,0.43243243243243246,0.1282051282051282,0.6111111111111112,0.2,0.3225806451612903,0.0967741935483871,0.45454545454545453,0.22727272727272727,0.045454545454545456,7.59375,2.53125,7.59375,0.1836734693877551,0.4210907396340772,0.11603848857947086,0.4210907396340772,0.4666666666666667,,0.5,,,,,False,,1.5,,,,,False,
703607,Henry Bolte,ATH,TOR,1,1.0,1.0,680755,Braydon Fisher,R,824956,3:05 PM ET,Sutter Health Park,1,1,0.24479166666666666,2026-09-09,824956,0,0,106.1,109.2,113.8,R,4,4,2,0,0,0,0,0,0,2,2,2,0,0,0,2,0,0.28800000000000003,0.29300000000000004,1,1,1,1,1,1,0.32786885245901637,0.4305555555555556,0.6721311475409836,0.2777777777777778,0.4473684210526316,0.22950819672131148,0.041666666666666664,0.041666666666666664,0.11475409836065574,2.2666666666666666,1.3333333333333333,0.5365853658536586,0.2926829268292683,0.5609756097560976,0.0975609756097561,0.024390243902439025,0.45781777777777777,0.6774722222222224,0.29411764705882354,0.2608695652173913,0.46630000000000005,0.71995,0.288135593220339,0.423728813559322,0.3,0.3275862068965517,0.6206896551724138,0.24615384615384617,0.6111111111111112,0.2,0.3225806451612903,0.0967741935483871,0.45454545454545453,0.22727272727272727,0.045454545454545456,7.59375,2.53125,7.59375,0.1836734693877551,0.7125339975243731,0.31665806421547776,0.7125339975243731,1.3333333333333333,,0.5,,,,,False,,1.5,,,,,False,
671732,Lawrence Butler,ATH,TOR,1,2.0,1.0,680755,Braydon Fisher,R,824956,3:05 PM ET,Sutter Health Park,0,1,0.24479166666666666,2026-09-09,824956,0,0,106.1,109.2,113.8,L,4,4,0,0,0,0,0,0,0,1,0,3,0,0,0,3,0,0.16233333333333333,0.17633333333333334,0,0,0,0,1,0,0.2909090909090909,0.38461538461538464,0.5636363636363636,0.36923076923076925,0.4666666666666667,0.16363636363636364,0.03076923076923077,0.046153846153846156,0.09090909090909091,1.6666666666666667,1.6,0.65625,0.3125,0.53125,0.09375,0.0625,0.4445555555555556,0.6351888888888889,0.2,0.45,0.39380000000000004,0.6343666666666669,0.32075471698113206,0.4339622641509434,0.3709677419354839,0.22,0.42,0.18333333333333332,0.6111111111111112,0.2,0.3225806451612903,0.0967741935483871,0.45454545454545453,0.22727272727272727,0.045454545454545456,7.59375,2.53125,7.59375,0.1836734693877551,0.7280857223877774,0.34180252351513385,0.7280857223877774,1.6,,0.5,,,,,False,,1.5,,,,,False,
691777,Max Muncy,ATH,TOR,1,6.0,1.0,680755,Braydon Fisher,R,824956,3:05 PM ET,Sutter Health Park,1,1,0.24479166666666666,2026-09-09,824956,0,0,106.1,109.2,113.8,R,4,4,1,0,0,0,0,0,0,3,1,1,0,0,0,1,0,0.273,0.274,1,0,1,0,1,1,0.27450980392156865,0.32727272727272727,0.7254901960784313,0.2545454545454545,0.30303030303030304,0.23529411764705882,0.07272727272727272,0.0,0.0784313725490196,1.7333333333333334,0.9333333333333333,0.3783783783783784,0.24324324324324326,0.3783783783783784,0.1891891891891892,0.02702702702702703,0.31618888888888885,0.610538888888889,0.3157894736842105,0.15,0.32309999999999994,0.6681333333333332,0.24489795918367346,0.4897959183673469,0.2641509433962264,0.1951219512195122,0.2682926829268293,0.3333333333333333,0.6111111111111112,0.2,0.3225806451612903,0.0967741935483871,0.45454545454545453,0.22727272727272727,0.045454545454545456,7.59375,2.53125,7.59375,0.1836734693877551,0.6680329197468367,0.2935214193593531,0.6680329197468367,0.9333333333333333,,0.5,,,,,False,,1.5,,,,,False,
695720,Tommy White,ATH,TOR,1,5.0,1.0,680755,Braydon Fisher,R,824956,3:05 PM ET,Sutter Health Park,1,1,0.24479166666666666,2026-09-09,824956,0,0,106.1,109.2,113.8,R,4,4,0,0,0,0,0,0,0,1,0,3,0,1,0,2,1,0.36433333333333334,0.6093333333333333,0,0,0,0,1,0,0.25862068965517243,0.2786885245901639,0.8103448275862069,0.18032786885245902,0.2826086956521739,0.15517241379310345,0.03278688524590164,0.04918032786885246,0.08620689655172414,1.6,0.7333333333333333,0.3541666666666667,0.22916666666666666,0.3958333333333333,0.3125,0.041666666666666664,0.3192411111111111,0.5348400000000001,0.2631578947368421,0.2631578947368421,0.3126833333333333,0.3958166666666666,0.1724137931034483,0.27586206896551724,0.16666666666666666,0.30357142857142855,0.35714285714285715,0.22807017543859648,0.6111111111111112,0.2,0.3225806451612903,0.0967741935483871,0.45454545454545453,0.22727272727272727,0.045454545454545456,7.59375,2.53125,7.59375,0.1836734693877551,0.5663879666807147,0.2055268188490408,0.5663879666807147,0.7333333333333333,,0.5,,,,,False,,1.5,,,,,False,
680869,Zack Gelof,ATH,TOR,1,3.0,1.0,680755,Braydon Fisher,R,824956,3:05 PM ET,Sutter Health Park,1,1,0.24479166666666666,2026-09-09,824956,0,0,106.1,109.2,113.8,R,4,3,0,0,0,0,1,0,0,2,0,1,0,1,0,1,0,0.267,0.302,0,0,0,0,1,1,0.23333333333333334,0.30303030303030304,0.7166666666666667,0.2537313432835821,0.275,0.23333333333333334,0.04477611940298507,0.04477611940298507,0.11666666666666667,1.8666666666666667,1.1333333333333333,0.5,0.18181818181818182,0.4318181818181818,0.38636363636363635,0.09090909090909091,0.3558,0.7495499999999999,0.2727272727272727,0.18181818181818182,0.3519999999999999,0.7978500000000001,0.1896551724137931,0.3103448275862069,0.27692307692307694,0.23636363636363636,0.509090909090909,0.23333333333333334,0.6111111111111112,0.2,0.3225806451612903,0.0967741935483871,0.45454545454545453,0.22727272727272727,0.045454545454545456,7.59375,2.53125,7.59375,0.1836734693877551,0.6772127595354936,0.2838585700387117,0.6772127595354936,1.1333333333333333,,0.5,,,,,False,,1.5,,,,,False,
672386,Alejandro Kirk,TOR,ATH,0,4.0,1.0,669620,Brady Basso,L,824956,3:05 PM ET,Sutter Health Park,1,0,0.15384615384615385,2026-09-09,824956,0,0,106.1,109.2,113.8,R,4,4,1,0,0,0,0,0,0,1,1,3,0,1,1,1,1,0.28099999999999997,0.329,1,0,1,0,1,0,0.26666666666666666,0.3125,0.8666666666666667,0.125,0.2653061224489796,0.16666666666666666,0.046875,0.015625,0.06666666666666667,1.7333333333333334,0.5333333333333333,0.5384615384615384,0.3076923076923077,0.46153846153846156,0.21153846153846154,0.019230769230769232,0.3184588888888889,0.44740555555555556,0.2608695652173913,0.17391304347826086,0.28955666666666663,0.3779666666666665,0.31666666666666665,0.6,0.10294117647058823,0.3269230769230769,0.34615384615384615,0.1206896551724138,0.828125,0.2542372881355932,0.4262295081967213,0.14754098360655737,0.41509433962264153,0.33962264150943394,0.0,13.000000000000002,1.0000000000000002,3.000000000000001,0.061224489795918366,0.4278414629517866,0.060103789503255685,0.4278414629517866,0.5333333333333333,,0.5,,,,,False,,1.5,,,,,False,
665926,Andrés Giménez,TOR,ATH,0,6.0,1.0,669620,Brady Basso,L,824956,3:05 PM ET,Sutter Health Park,0,0,0.15384615384615385,2026-09-09,824956,0,0,106.1,109.2,113.8,L,4,3,1,0,0,0,1,0,0,0,1,3,0,0,0,2,1,0.3463333333333334,0.37566666666666665,1,0,1,0,0,0,0.2830188679245283,0.32142857142857145,0.8490566037735849,0.14285714285714285,0.3181818181818182,0.09433962264150944,0.017857142857142856,0.03571428571428571,0.05660377358490566,1.3333333333333333,0.5333333333333333,0.3111111111111111,0.2222222222222222,0.4444444444444444,0.2222222222222222,0.022222222222222223,0.3098892857142857,0.46384404761904763,0.3333333333333333,0.10526315789473684,0.4372833333333334,0.6305833333333334,0.23636363636363636,0.34545454545454546,0.18333333333333332,0.36538461538461536,0.4807692307692308,0.23214285714285715,0.828125,0.2542372881355932,0.4262295081967213,0.14754098360655737,0.41509433962264153,0.33962264150943394,0.0,13.000000000000002,1.0000000000000002,3.000000000000001,0.061224489795918366,0.43829691351538785,0.10381557239874632,0.43829691351538785,0.5333333333333333,,0.5,,,,,False,,1.5,,,,,False,
678218,Brandon Valenzuela,TOR,ATH,0,8.0,1.0,669620,Brady Basso,L,824956,3:05 PM ET,Sutter Health Park,0,0,0.15384615384615385,2026-09-09,824956,0,0,106.1,109.2,113.8,L,2,2,0,0,0,0,0,0,0,0,0,2,0,0,0,2,0,0.11950000000000001,0.1385,0,0,0,0,0,0,0.13333333333333333,0.2777777777777778,0.7333333333333333,0.2222222222222222,0.18181818181818182,0.1,0.0,0.08333333333333333,0.1,0.4666666666666667,0.5333333333333333,0.36363636363636365,0.22727272727272727,0.5,0.13636363636363635,0.0,0.27458333333333335,0.41193055555555563,0.08333333333333333,0.13333333333333333,0.21454166666666674,0.25158333333333316,0.22448979591836735,0.2857142857142857,0.2545454545454545,0.1590909090909091,0.3181818181818182,0.2708333333333333,0.828125,0.2542372881355932,0.4262295081967213,0.14754098360655737,0.41509433962264153,0.33962264150943394,0.0,13.000000000000002,1.0000000000000002,3.000000000000001,0.061224489795918366,0.4949349436491783,0.11860887081893952,0.4949349436491783,0.5333333333333333,,0.5,,,,,False,,1.5,,,,,False,
703520,Brett Bateman,TOR,ATH,0,1.0,1.0,669620,Brady Basso,L,824956,3:05 PM ET,Sutter Health Park,0,0,0.15384615384615385,2026-09-09,824956,0,0,106.1,109.2,113.8,L,4,4,1,0,0,0,0,0,0,1,1,3,0,1,0,1,2,0.462,0.647,1,0,1,0,1,0,0.38596491228070173,0.47058823529411764,0.7543859649122807,0.2,0.5,0.07017543859649122,0.0,0.02857142857142857,0.05263157894736842,1.7333333333333334,0.9333333333333333,0.1956521739130435,0.2608695652173913,0.6086956521739131,0.13043478260869565,0.0,0.3646166666666667,0.4304611111111111,0.42105263157894735,0.125,0.4174666666666667,0.5016166666666667,0.43333333333333335,0.5,0.19117647058823528,0.24242424242424243,0.2727272727272727,0.21052631578947367,0.828125,0.2542372881355932,0.4262295081967213,0.14754098360655737,0.41509433962264153,0.33962264150943394,0.0,13.000000000000002,1.0000000000000002,3.000000000000001,0.061224489795918366,0.6108659939799453,0.20140267636359407,0.6108659939799453,0.9333333333333333,,0.5,,,,,False,,1.5,,,,,False,
807727,Charles McAdoo,TOR,ATH,0,2.0,1.0,669620,Brady Basso,L,824956,3:05 PM ET,Sutter Health Park,1,0,0.15384615384615385,2026-09-09,824956,0,0,106.1,109.2,113.8,R,2,2,1,0,0,0,0,0,0,0,1,2,0,0,0,1,1,0.5455,0.6150000000000001,1,0,1,0,0,0,0.2765957446808511,0.3333333333333333,0.723404255319149,0.2549019607843137,0.38235294117647056,0.0425531914893617,0.0,0.0392156862745098,0.0425531914893617,1.0,0.8666666666666667,0.3235294117647059,0.20588235294117646,0.4411764705882353,0.23529411764705882,0.0,0.28911309523809525,0.3845178571428571,0.16666666666666666,0.0,0.16515,0.18653333333333327,0.2,0.3333333333333333,0.16129032258064516,0.2391304347826087,0.32608695652173914,0.28846153846153844,0.828125,0.2542372881355932,0.4262295081967213,0.14754098360655737,0.41509433962264153,0.33962264150943394,0.0,13.000000000000002,1.0000000000000002,3.000000000000001,0.061224489795918366,0.6418624814641561,0.1685617384829363,0.6418624814641561,0.8666666666666667,,0.5,,,,,False,,1.5,,,,,False,
676391,Ernie Clement,TOR,ATH,0,7.0,1.0,669620,Brady Basso,L,824956,3:05 PM ET,Sutter Health Park,1,0,0.15384615384615385,2026-09-09,824956,0,0,106.1,109.2,113.8,R,4,4,0,0,0,0,0,0,0,0,0,4,0,2,2,1,0,0.1115,0.132,0,0,0,0,0,0,0.18518518518518517,0.21428571428571427,0.8888888888888888,0.10714285714285714,0.20833333333333334,0.037037037037037035,0.0,0.03571428571428571,0.037037037037037035,0.8,0.4,0.14583333333333334,0.2708333333333333,0.375,0.1875,0.0,0.20098777777777777,0.24244333333333337,0.2777777777777778,0.10526315789473684,0.1901633333333333,0.2193966666666666,0.25925925925925924,0.2962962962962963,0.16071428571428573,0.2037037037037037,0.2777777777777778,0.06896551724137931,0.828125,0.2542372881355932,0.4262295081967213,0.14754098360655737,0.41509433962264153,0.33962264150943394,0.0,13.000000000000002,1.0000000000000002,3.000000000000001,0.061224489795918366,0.36540280637817313,0.0756624611444761,0.36540280637817313,0.4,,0.5,,,,,False,,1.5,,,,,False,
672960,Kazuma Okamoto,TOR,ATH,0,5.0,1.0,669620,Brady Basso,L,824956,3:05 PM ET,Sutter Health Park,1,0,0.15384615384615385,2026-09-09,824956,0,0,106.1,109.2,113.8,R,4,4,2,0,0,1,0,0,0,0,5,4,0,2,2,1,1,0.42575,0.97575,1,1,1,1,0,0,0.2692307692307692,0.36065573770491804,0.75,0.21311475409836064,0.2972972972972973,0.2692307692307692,0.04918032786885246,0.08196721311475409,0.15384615384615385,1.8666666666666667,0.8666666666666667,0.475,0.2,0.325,0.375,0.075,0.3304288888888889,0.7064033333333332,0.3,0.2727272727272727,0.4980533333333332,1.0033266666666667,0.2962962962962963,0.5925925925925926,0.21311475409836064,0.19298245614035087,0.3333333333333333,0.2857142857142857,0.828125,0.2542372881355932,0.4262295081967213,0.14754098360655737,0.41509433962264153,0.33962264150943394,0.0,13.000000000000002,1.0000000000000002,3.000000000000001,0.061224489795918366,0.5905960845817518,0.15246816403532823,0.5905960845817518,0.8666666666666667,,0.5,,,,,False,,1.5,,,,,False,
664702,Myles Straw,TOR,ATH,0,9.0,1.0,669620,Brady Basso,L,824956,3:05 PM ET,Sutter Health Park,1,0,0.15384615384615385,2026-09-09,824956,0,0,106.1,109.2,113.8,R,2,2,0,0,0,0,0,0,0,0,0,2,0,0,2,0,0,0.006,0.013,0,0,0,0,0,0,0.35,0.44680851063829785,0.85,0.125,0.4117647058823529,0.125,0.0,0.10416666666666667,0.125,1.2666666666666666,0.4,0.37142857142857144,0.2,0.4,0.2857142857142857,0.02857142857142857,0.3252777777777778,0.4441444444444444,0.5,0.0625,0.44386666666666674,0.5373999999999999,0.23529411764705882,0.4117647058823529,0.125,0.3333333333333333,0.4666666666666667,0.15384615384615385,0.828125,0.2542372881355932,0.4262295081967213,0.14754098360655737,0.41509433962264153,0.33962264150943394,0.0,13.000000000000002,1.0000000000000002,3.000000000000001,0.061224489795918366,0.2686410426621753,0.051939019418312325,0.2686410426621753,0.4,,0.5,,,,,False,,1.5,,,,,False,
665489,Vladimir Guerrero Jr.,TOR,ATH,0,3.0,1.0,669620,Brady Basso,L,824956,3:05 PM ET,Sutter Health Park,1,0,0.15384615384615385,2026-09-09,824956,0,0,106.1,109.2,113.8,R,4,4,2,0,0,0,0,0,0,1,2,3,0,2,0,1,2,0.5466666666666666,0.8386666666666667,1,1,1,1,1,0,0.23333333333333334,0.265625,0.9166666666666666,0.078125,0.23636363636363636,0.11666666666666667,0.015625,0.0625,0.08333333333333333,1.4,0.3333333333333333,0.5357142857142857,0.21428571428571427,0.5,0.17857142857142858,0.0,0.33515333333333336,0.4466088888888889,0.2,0.18181818181818182,0.40829999999999994,0.45596666666666685,0.21666666666666667,0.3333333333333333,0.078125,0.29508196721311475,0.39344262295081966,0.140625,0.828125,0.2542372881355932,0.4262295081967213,0.14754098360655737,0.41509433962264153,0.33962264150943394,0.0,13.000000000000002,1.0000000000000002,3.000000000000001,0.061224489795918366,0.37138374757934983,0.059983440724488725,0.37138374757934983,0.3333333333333333,,0.5,,,,,False,,1.5,,,,,False,
805811,Bryce Eldridge,SF,STL,1,3.0,1.0,669467,Andre Pallante,R,823172,3:45 PM ET,Oracle Park,0,1,0.2153846153846154,2026-09-09,823172,0,0,100.6,96.8,86.1,L,4,3,1,0,0,1,1,0,0,2,4,1,0,1,1,0,0,0.583,2.303,1,0,1,1,1,1,0.35714285714285715,0.4492753623188406,0.7142857142857143,0.2318840579710145,0.4634146341463415,0.16071428571428573,0.014492753623188406,0.08695652173913043,0.125,1.9333333333333333,1.0666666666666667,0.5476190476190477,0.40476190476190477,0.30952380952380953,0.23809523809523808,0.0,0.4347577777777778,0.6248033333333335,0.29411764705882354,0.2727272727272727,0.3757,0.5180999999999999,0.3090909090909091,0.43636363636363634,0.208955223880597,0.26785714285714285,0.48214285714285715,0.3225806451612903,0.7851239669421488,0.26905829596412556,0.35267857142857145,0.08035714285714286,0.5631578947368421,0.1368421052631579,0.010526315789473684,8.427745664739884,0.6242774566473988,6.398843930635837,0.1759656652360515,0.6595016487819795,0.23009911900201627,0.6595016487819795,1.0666666666666667,,0.5,,,,,False,,1.5,,,,,False,
683766,Christian Koss,SF,STL,1,9.0,1.0,669467,Andre Pallante,R,823172,3:45 PM ET,Oracle Park,1,1,0.2153846153846154,2026-09-09,823172,0,0,100.6,96.8,86.1,R,3,3,2,0,0,1,0,0,0,1,5,2,0,1,2,0,0,0.4385,0.9455,1,1,1,1,1,0,0.22916666666666666,0.28846153846153844,0.7291666666666666,0.23214285714285715,0.25,0.1875,0.05357142857142857,0.0,0.0625,1.3333333333333333,0.8666666666666667,0.28205128205128205,0.2564102564102564,0.5641025641025641,0.1282051282051282,0.0,0.30069871794871794,0.4307435897435897,0.25,0.05555555555555555,0.27821666666666667,0.40298333333333336,0.20408163265306123,0.22448979591836735,0.2807017543859649,0.21621621621621623,0.5135135135135135,0.2564102564102564,0.7851239669421488,0.26905829596412556,0.35267857142857145,0.08035714285714286,0.5631578947368421,0.1368421052631579,0.010526315789473684,8.427745664739884,0.6242774566473988,6.398843930635837,0.1759656652360515,0.5246850051644061,0.14006366754373445,0.5246850051644061,0.8666666666666667,,0.5,,,,,False,,1.5,,,,,False,
701852,Drew Cavanaugh,SF,STL,1,7.0,1.0,669467,Andre Pallante,R,823172,3:45 PM ET,Oracle Park,0,1,0.2153846153846154,2026-09-09,823172,0,0,100.6,96.8,86.1,L,2,1,0,0,0,0,0,0,0,1,0,1,0,0,0,1,0,0.24100000000000002,0.2763333333333334,0,0,0,0,1,0,0.23809523809523808,0.2727272727272727,0.5714285714285714,0.4090909090909091,0.4166666666666667,0.047619047619047616,0.0,0.045454545454545456,0.047619047619047616,0.8,1.2,0.375,0.375,0.3333333333333333,0.20833333333333334,0.041666666666666664,0.3778939393939394,0.546689393939394,0.375,0.3125,0.487125,0.5381458333333333,0.2727272727272727,0.3181818181818182,0.34782608695652173,,,,0.7851239669421488,0.26905829596412556,0.35267857142857145,0.08035714285714286,0.5631578947368421,0.1368421052631579,0.010526315789473684,8.427745664739884,0.6242774566473988,6.398843930635837,0.1759656652360515,0.7115807389637662,0.28140251151090795,0.7115807389637662,1.2,,0.5,,,,,False,,1.5,,,,,False,
687551,Drew Gilbert,SF,STL,1,1.0,1.0,669467,Andre Pallante,R,823172,3:45 PM ET,Oracle Park,0,1,0.2153846153846154,2026-09-09,823172,0,0,100.6,96.8,86.1,L,2,2,0,0,0,0,0,0,0,0,0,2,0,0,0,1,0,0.188,0.22,0,0,0,0,0,0,0.20930232558139536,0.3137254901960784,0.7441860465116279,0.21568627450980393,0.22580645161290322,0.20930232558139536,0.0392156862745098,0.058823529411764705,0.11627906976744186,1.2,0.7333333333333333,0.45454545454545453,0.24242424242424243,0.45454545454545453,0.21212121212121213,0.09090909090909091,0.33185256410256414,0.7248397435897436,0.11764705882352941,0.2777777777777778,0.2058666666666667,0.26709999999999984,0.21951219512195122,0.43902439024390244,0.22448979591836735,0.13513513513513514,0.13513513513513514,0.36585365853658536,0.7851239669421488,0.26905829596412556,0.35267857142857145,0.08035714285714286,0.5631578947368421,0.1368421052631579,0.010526315789473684,8.427745664739884,0.6242774566473988,6.398843930635837,0.1759656652360515,0.6155795089037964,0.2005165945760449,0.6155795089037964,0.7333333333333333,,0.5,,,,,False,,1.5,,,,,False,
687529,Grant McCray,SF,STL,1,8.0,1.0,669467,Andre Pallante,R,823172,3:45 PM ET,Oracle Park,0,1,0.2153846153846154,2026-09-09,823172,0,0,100.6,96.8,86.1,L,3,2,1,0,0,0,1,0,0,0,1,2,0,2,1,0,1,0.5245,0.7545000000000001,1,0,1,0,0,0,0.11904761904761904,0.24489795918367346,0.6428571428571429,0.29411764705882354,0.15384615384615385,0.14285714285714285,0.0196078431372549,0.0196078431372549,0.07142857142857142,0.7333333333333333,1.0,0.32142857142857145,0.21428571428571427,0.42857142857142855,0.25,0.07142857142857142,0.29173076923076924,0.5026089743589742,0.2,0.2777777777777778,0.28725,0.4798958333333332,0.16216216216216217,0.40540540540540543,0.24444444444444444,0.15,0.25,0.3695652173913043,0.7851239669421488,0.26905829596412556,0.35267857142857145,0.08035714285714286,0.5631578947368421,0.1368421052631579,0.010526315789473684,8.427745664739884,0.6242774566473988,6.398843930635837,0.1759656652360515,0.6645283058607233,0.2638855470587725,0.6645283058607233,1.0,,0.5,,,,,False,,1.5,,,,,False,
813841,Jonah Cox,SF,STL,1,4.0,1.0,669467,Andre Pallante,R,823172,3:45 PM ET,Oracle Park,1,1,0.2153846153846154,2026-09-09,823172,0,0,100.6,96.8,86.1,R,4,3,0,0,0,0,0,0,0,0,0,4,0,2,1,3,0,0.22166666666666665,0.24333333333333332,0,0,0,0,0,0,0.3409090909090909,0.40816326530612246,0.7045454545454546,0.26,0.42857142857142855,0.22727272727272727,0.06,0.02,0.09090909090909091,1.6666666666666667,0.8666666666666667,0.46875,0.1875,0.46875,0.28125,0.0625,0.3019935897435897,0.5404615384615384,0.2777777777777778,0.25,0.23846666666666666,0.29733333333333334,0.3793103448275862,0.6551724137931034,0.25,0.25,0.45,0.4186046511627907,0.7851239669421488,0.26905829596412556,0.35267857142857145,0.08035714285714286,0.5631578947368421,0.1368421052631579,0.010526315789473684,8.427745664739884,0.6242774566473988,6.398843930635837,0.1759656652360515,0.6400342684093387,0.2617090702400002,0.6400342684093387,0.8666666666666667,,0.5,,,,,False,,1.5,,,,,False,
808982,Jung Hoo Lee,SF,STL,1,5.0,1.0,669467,Andre Pallante,R,823172,3:45 PM ET,Oracle Park,0,1,0.2153846153846154,2026-09-09,823172,0,0,100.6,96.8,86.1,L,1,1,0,0,0,0,0,0,0,0,0,1,0,0,0,0,1,0.249,0.384,0,0,0,0,0,0,0.18518518518518517,0.2903225806451613,0.8888888888888888,0.0967741935483871,0.20833333333333334,0.018518518518518517,0.0,0.016129032258064516,0.018518518518518517,0.7333333333333333,0.4,0.5,0.3541666666666667,0.3958333333333333,0.22916666666666666,0.020833333333333332,0.3414202380952381,0.4750607142857143,0.15,0.19047619047619047,0.2179666666666666,0.33433333333333326,0.22641509433962265,0.24528301886792453,0.09836065573770492,0.18333333333333332,0.26666666666666666,0.078125,0.7851239669421488,0.26905829596412556,0.35267857142857145,0.08035714285714286,0.5631578947368421,0.1368421052631579,0.010526315789473684,8.427745664739884,0.6242774566473988,6.398843930635837,0.1759656652360515,0.3965978137833397,0.056620960250806214,0.3965978137833397,0.4,,0.5,,,,,False,,1.5,,,,,False,
694376,Shay Whitcomb,SF,STL,1,6.0,1.0,669467,Andre Pallante,R,823172,3:45 PM ET,Oracle Park,1,1,0.2153846153846154,2026-09-09,823172,0,0,100.6,96.8,86.1,R,4,4,1,0,0,0,0,0,0,0,1,4,0,1,1,1,1,0.308,0.35725,1,0,1,0,0,0,0.16326530612244897,0.19607843137254902,0.7142857142857143,0.2641509433962264,0.18181818181818182,0.16326530612244897,0.03773584905660377,0.03773584905660377,0.08163265306122448,1.0666666666666667,0.9333333333333333,0.3783783783783784,0.24324324324324326,0.43243243243243246,0.21621621621621623,0.05405405405405406,0.25033928571428576,0.5259761904761905,0.3125,0.10526315789473684,0.2786875,0.3769583333333334,0.17142857142857143,0.4,0.3076923076923077,0.08333333333333333,0.25,0.3055555555555556,0.7851239669421488,0.26905829596412556,0.35267857142857145,0.08035714285714286,0.5631578947368421,0.1368421052631579,0.010526315789473684,8.427745664739884,0.6242774566473988,6.398843930635837,0.1759656652360515,0.6489895432203124,0.27435786267728074,0.6489895432203124,0.9333333333333333,,0.5,,,,,False,,1.5,,,,,False,
806367,Turner Hill,SF,STL,1,2.0,1.0,669467,Andre Pallante,R,823172,3:45 PM ET,Oracle Park,0,1,0.2153846153846154,2026-09-09,823172,0,0,100.6,96.8,86.1,L,4,4,1,1,0,0,0,0,0,0,2,4,0,0,0,3,1,0.273,0.312,1,0,1,1,0,0,0.2978723404255319,0.4067796610169492,0.851063829787234,0.11864406779661017,0.3333333333333333,0.0851063829787234,0.0,0.06779661016949153,0.0851063829787234,1.2,0.4666666666666667,0.30952380952380953,0.2857142857142857,0.4523809523809524,0.21428571428571427,0.0,0.24826190476190477,0.3631904761904762,0.16666666666666666,0.13043478260869565,0.1698,0.20400000000000001,0.3409090909090909,0.4318181818181818,0.12727272727272726,0.1111111111111111,0.2222222222222222,0.18181818181818182,0.7851239669421488,0.26905829596412556,0.35267857142857145,0.08035714285714286,0.5631578947368421,0.1368421052631579,0.010526315789473684,8.427745664739884,0.6242774566473988,6.398843930635837,0.1759656652360515,0.4550482312487503,0.11621950924230073,0.4550482312487503,0.4666666666666667,,0.5,,,,,False,,1.5,,,,,False,
676475,Alec Burleson,STL,SF,0,3.0,1.0,694918,Blade Tidwell,R,823172,3:45 PM ET,Oracle Park,0,1,0.23129251700680273,2026-09-09,823172,0,0,100.6,96.8,86.1,L,4,1,1,0,0,0,3,0,0,0,1,1,0,1,0,1,0,0.597,0.659,1,0,1,0,0,0,0.22950819672131148,0.25,0.7704918032786885,0.2153846153846154,0.2765957446808511,0.06557377049180328,0.015384615384615385,0.015384615384615385,0.03278688524590164,1.2,0.9333333333333333,0.5208333333333334,0.16666666666666666,0.4583333333333333,0.2916666666666667,0.020833333333333332,0.29630357142857144,0.5054166666666667,0.2727272727272727,0.30434782608695654,0.35710416666666667,0.8328125,0.2698412698412698,0.3968253968253968,0.19402985074626866,0.29310344827586204,0.41379310344827586,0.25396825396825395,0.7028985507246377,0.22033898305084745,0.4146341463414634,0.16260162601626016,0.3917525773195876,0.25773195876288657,0.010309278350515464,8.4375,1.6875,6.75,0.17582417582417584,0.6019519362390507,0.1956301602417578,0.6019519362390507,0.9333333333333333,,0.5,,,,,False,,1.5,,,,,False,
663494,Bryan Torres,STL,SF,0,1.0,1.0,694918,Blade Tidwell,R,823172,3:45 PM ET,Oracle Park,0,1,0.23129251700680273,2026-09-09,823172,0,0,100.6,96.8,86.1,L,5,4,1,0,0,0,1,0,0,0,1,4,0,0,2,2,0,0.1025,0.13875,1,0,1,0,0,0,0.35135135135135137,0.4318181818181818,0.8108108108108109,0.1590909090909091,0.41935483870967744,0.0,0.0,0.0,0.0,0.8666666666666667,0.4666666666666667,0.25806451612903225,0.2903225806451613,0.5483870967741935,0.12903225806451613,0.0,0.35879166666666673,0.43047619047619046,0.21428571428571427,0.23529411764705882,0.37255000000000005,0.45760000000000006,0.34210526315789475,0.34210526315789475,0.17391304347826086,0.3333333333333333,0.3333333333333333,0.11764705882352941,0.7028985507246377,0.22033898305084745,0.4146341463414634,0.16260162601626016,0.3917525773195876,0.25773195876288657,0.010309278350515464,8.4375,1.6875,6.75,0.17582417582417584,0.34837032619978353,0.0977920505930205,0.34837032619978353,0.4666666666666667,,0.5,,,,,False,,1.5,,,,,False,
671056,Iván Herrera,STL,SF,0,2.0,1.0,694918,Blade Tidwell,R,823172,3:45 PM ET,Oracle Park,1,1,0.23129251700680273,2026-09-09,823172,0,0,100.6,96.8,86.1,R,5,5,1,0,0,0,0,0,0,0,1,5,0,2,0,4,1,0.32,0.37920000000000004,1,0,1,0,0,0,0.3114754098360656,0.38235294117647056,0.7540983606557377,0.22058823529411764,0.38636363636363635,0.13114754098360656,0.029411764705882353,0.029411764705882353,0.06557377049180328,1.8,1.0,0.41304347826086957,0.2391304347826087,0.5217391304347826,0.1956521739130435,0.043478260869565216,0.33021222222222224,0.50262,0.43478260869565216,0.20833333333333334,0.40555666666666657,0.7928566666666667,0.29508196721311475,0.47540983606557374,0.2,0.24561403508771928,0.3684210526315789,0.2835820895522388,0.7028985507246377,0.22033898305084745,0.4146341463414634,0.16260162601626016,0.3917525773195876,0.25773195876288657,0.010309278350515464,8.4375,1.6875,6.75,0.17582417582417584,0.6281935535768106,0.20543068095563918,0.6281935535768106,1.0,,0.5,,,,,False,,1.5,,,,,False,
665877,José Fermín,STL,SF,0,9.0,1.0,694918,Blade Tidwell,R,823172,3:45 PM ET,Oracle Park,1,1,0.23129251700680273,2026-09-09,823172,0,0,100.6,96.8,86.1,R,2,1,0,0,0,0,0,0,1,0,0,2,0,0,1,1,0,0.343,0.353,0,0,0,0,0,0,0.21818181818181817,0.22807017543859648,0.8363636363636363,0.15789473684210525,0.2391304347826087,0.09090909090909091,0.017543859649122806,0.03508771929824561,0.05454545454545454,1.1333333333333333,0.6,0.2978723404255319,0.1702127659574468,0.46808510638297873,0.2553191489361702,0.02127659574468085,0.2390377777777778,0.3248633333333333,0.2857142857142857,0.06666666666666667,0.22813333333333324,0.2786,0.16666666666666666,0.18518518518518517,0.16666666666666666,0.32558139534883723,0.5116279069767442,0.08163265306122448,0.7028985507246377,0.22033898305084745,0.4146341463414634,0.16260162601626016,0.3917525773195876,0.25773195876288657,0.010309278350515464,8.4375,1.6875,6.75,0.17582417582417584,0.3767114678943228,0.06347101507687303,0.3767114678943228,0.6,,0.5,,,,,False,,1.5,,,,,False,
695491,Joshua Báez,STL,SF,0,5.0,1.0,694918,Blade Tidwell,R,823172,3:45 PM ET,Oracle Park,1,1,0.23129251700680273,2026-09-09,823172,0,0,100.6,96.8,86.1,R,2,2,0,0,0,0,0,0,0,0,0,2,0,0,1,1,0,0.1085,0.126,0,0,0,0,0,0,0.28,0.32075471698113206,0.62,0.3584905660377358,0.39285714285714285,0.26,0.05660377358490566,0.07547169811320754,0.14,1.8,1.2666666666666666,0.4838709677419355,0.1935483870967742,0.3548387096774194,0.3548387096774194,0.03225806451612903,0.3263809523809524,0.6921428571428571,0.3684210526315789,0.2857142857142857,0.391,0.7409,0.1951219512195122,0.36585365853658536,0.3333333333333333,0.30303030303030304,0.8484848484848485,0.3157894736842105,0.7028985507246377,0.22033898305084745,0.4146341463414634,0.16260162601626016,0.3917525773195876,0.25773195876288657,0.010309278350515464,8.4375,1.6875,6.75,0.17582417582417584,0.7180715237850851,0.3037343891553062,0.7180715237850851,1.2666666666666666,,0.5,,,,,False,,1.5,,,,,False,
699024,Leo Bernal,STL,SF,0,4.0,1.0,694918,Blade Tidwell,R,823172,3:45 PM ET,Oracle Park,0,1,0.23129251700680273,2026-09-09,823172,0,0,100.6,96.8,86.1,L,4,3,0,0,0,0,1,0,0,1,0,2,0,1,1,1,0,0.158,0.527,0,0,0,0,1,0,0.3333333333333333,0.3939393939393939,0.8,0.18181818181818182,0.36363636363636365,0.23333333333333334,0.06060606060606061,0.030303030303030304,0.1,1.7,0.6,0.7083333333333334,0.3333333333333333,0.2916666666666667,0.375,0.041666666666666664,0.36110416666666667,0.5892083333333333,0.3684210526315789,0.13636363636363635,0.40536666666666665,0.5002666666666666,0.3333333333333333,0.6666666666666666,0.125,,,,0.7028985507246377,0.22033898305084745,0.4146341463414634,0.16260162601626016,0.3917525773195876,0.25773195876288657,0.010309278350515464,8.4375,1.6875,6.75,0.17582417582417584,0.5142616077409854,0.13319439288941645,0.5142616077409854,0.6,,0.5,,,,,False,,1.5,,,,,False,
701675,Nathan Church,STL,SF,0,8.0,1.0,694918,Blade Tidwell,R,823172,3:45 PM ET,Oracle Park,0,1,0.23129251700680273,2026-09-09,823172,0,0,100.6,96.8,86.1,L,4,3,1,0,0,0,1,0,0,0,1,3,0,0,1,1,1,0.20866666666666667,0.23666666666666666,1,0,1,0,0,0,0.2909090909090909,0.3103448275862069,0.8727272727272727,0.1206896551724138,0.3125,0.12727272727272726,0.017241379310344827,0.034482758620689655,0.07272727272727272,1.5333333333333334,0.4666666666666667,0.2857142857142857,0.1836734693877551,0.4897959183673469,0.2653061224489796,0.02040816326530612,0.2836611111111111,0.3913666666666667,0.2631578947368421,0.21052631578947367,0.2892166666666667,0.3526,0.2777777777777778,0.4074074074074074,0.12280701754385964,0.21818181818181817,0.2909090909090909,0.13333333333333333,0.7028985507246377,0.22033898305084745,0.4146341463414634,0.16260162601626016,0.3917525773195876,0.25773195876288657,0.010309278350515464,8.4375,1.6875,6.75,0.17582417582417584,0.3935535724429731,0.07334705716211336,0.3935535724429731,0.4666666666666667,,0.5,,,,,False,,1.5,,,,,False,
669357,Nolan Gorman,STL,SF,0,6.0,1.0,694918,Blade Tidwell,R,823172,3:45 PM ET,Oracle Park,0,1,0.23129251700680273,2026-09-09,823172,0,0,100.6,96.8,86.1,L,2,2,0,0,0,0,0,0,0,1,0,1,0,0,0,1,0,0.132,0.138,0,0,0,0,1,0,0.10638297872340426,0.17647058823529413,0.6382978723404256,0.3333333333333333,0.10714285714285714,0.1702127659574468,0.0392156862745098,0.0392156862745098,0.0851063829787234,0.8666666666666667,1.1333333333333333,0.43333333333333335,0.06666666666666667,0.3333333333333333,0.5666666666666667,0.06666666666666667,0.2283208333333333,0.5442319444444444,0.15789473684210525,0.3,0.30773333333333336,0.6935916666666668,0.10638297872340426,0.2765957446808511,0.35294117647058826,0.22,0.46,0.2631578947368421,0.7028985507246377,0.22033898305084745,0.4146341463414634,0.16260162601626016,0.3917525773195876,0.25773195876288657,0.010309278350515464,8.4375,1.6875,6.75,0.17582417582417584,0.6952426359435094,0.2643567207246828,0.6952426359435094,1.1333333333333333,,0.5,,,,,False,,1.5,,,,,False,
695336,Thomas Saggese,STL,SF,0,7.0,1.0,694918,Blade Tidwell,R,823172,3:45 PM ET,Oracle Park,1,1,0.23129251700680273,2026-09-09,823172,0,0,100.6,96.8,86.1,R,4,4,1,0,0,0,0,0,0,1,1,3,0,2,0,3,0,0.4526666666666667,0.5276666666666666,1,0,1,0,1,0,0.4634146341463415,0.5102040816326531,0.7560975609756098,0.20408163265306123,0.5172413793103449,0.4146341463414634,0.08163265306122448,0.061224489795918366,0.1951219512195122,2.4,0.6666666666666666,0.3939393939393939,0.2727272727272727,0.36363636363636365,0.3333333333333333,0.030303030303030304,0.3498333333333333,0.6948402777777778,0.47058823529411764,0.19047619047619047,0.28823333333333334,0.35771666666666657,0.2916666666666667,0.4166666666666667,0.23529411764705882,0.2564102564102564,0.5641025641025641,0.3333333333333333,0.7028985507246377,0.22033898305084745,0.4146341463414634,0.16260162601626016,0.3917525773195876,0.25773195876288657,0.010309278350515464,8.4375,1.6875,6.75,0.17582417582417584,0.5773935829549578,0.19929123852431255,0.5773935829549578,0.6666666666666666,,0.5,,,,,False,,1.5,,,,,False,
669720,Austin Hays,SD,WSH,1,7.0,1.0,800600,Jackson Kent,L,823251,4:10 PM ET,Petco Park,1,0,0.20818505338078291,2026-09-09,823251,0,0,95.4,94.6,96.5,R,1,0,0,0,0,0,0,0,1,0,0,1,0,0,1,0,0,0.626,1.124,0,0,0,0,0,0,0.1891891891891892,0.23076923076923078,0.7027027027027027,0.28205128205128205,0.2692307692307692,0.02702702702702703,0.0,0.02564102564102564,0.02702702702702703,0.5333333333333333,0.7333333333333333,0.2692307692307692,0.2692307692307692,0.46153846153846156,0.23076923076923078,0.0,0.3587948717948718,0.4750038461538462,0.2,0.4,0.5528333333333333,0.7370833333333332,0.18518518518518517,0.2962962962962963,0.23636363636363636,0.2564102564102564,0.358974358974359,0.2682926829268293,0.6363636363636364,0.2361111111111111,0.3561643835616438,0.1095890410958904,0.5714285714285714,0.16071428571428573,0.017857142857142856,,,,,0.5333863671468456,0.15025473966976463,0.5333863671468456,0.7333333333333333,,0.5,,,,,False,,1.5,,,,,False,
665487,Fernando Tatis Jr.,SD,WSH,1,1.0,1.0,800600,Jackson Kent,L,823251,4:10 PM ET,Petco Park,1,0,0.20818505338078291,2026-09-09,823251,0,0,95.4,94.6,96.5,R,4,3,0,0,0,0,1,0,0,1,0,2,0,1,0,2,0,0.225,0.2395,0,0,0,0,1,0,0.27692307692307694,0.2878787878787879,0.8153846153846154,0.18181818181818182,0.2708333333333333,0.26153846153846155,0.07575757575757576,0.030303030303030304,0.1076923076923077,2.3333333333333335,0.8,0.6226415094339622,0.32075471698113206,0.4528301886792453,0.18867924528301888,0.05660377358490566,0.40135444444444446,0.6745077777777778,0.3157894736842105,0.15,0.4047666666666666,0.6762333333333335,0.2833333333333333,0.5333333333333333,0.15384615384615385,0.3157894736842105,0.7368421052631579,0.12121212121212122,0.6363636363636364,0.2361111111111111,0.3561643835616438,0.1095890410958904,0.5714285714285714,0.16071428571428573,0.017857142857142856,,,,,0.49700045766814593,0.11806684404533489,0.49700045766814593,0.8,,0.5,,,,,False,,1.5,,,,,False,
701538,Jackson Merrill,SD,WSH,1,5.0,1.0,800600,Jackson Kent,L,823251,4:10 PM ET,Petco Park,0,0,0.20818505338078291,2026-09-09,823251,0,0,95.4,94.6,96.5,L,4,3,0,0,0,0,0,0,1,1,0,3,0,1,1,1,0,0.3235,0.34650000000000003,0,0,0,0,1,0,0.2631578947368421,0.3333333333333333,0.8245614035087719,0.15625,0.2727272727272727,0.24561403508771928,0.046875,0.046875,0.12280701754385964,1.9333333333333333,0.6666666666666666,0.5416666666666666,0.3333333333333333,0.3333333333333333,0.2916666666666667,0.0625,0.41931666666666667,0.7874622222222223,0.17647058823529413,0.05263157894736842,0.43170000000000003,0.85275,0.2413793103448276,0.43103448275862066,0.19696969696969696,0.3114754098360656,0.5409836065573771,0.25,0.6363636363636364,0.2361111111111111,0.3561643835616438,0.1095890410958904,0.5714285714285714,0.16071428571428573,0.017857142857142856,,,,,0.5532597484480019,0.16220279694315123,0.5532597484480019,0.6666666666666666,,0.5,,,,,False,,1.5,,,,,False,
687749,Jase Bowen,SD,WSH,1,9.0,1.0,800600,Jackson Kent,L,823251,4:10 PM ET,Petco Park,1,0,0.20818505338078291,2026-09-09,823251,0,0,95.4,94.6,96.5,R,1,0,0,0,0,0,1,0,0,0,0,0,0,0,0,0,0,0.157,0.177,0,0,0,0,0,0,0.21428571428571427,0.2413793103448276,0.6428571428571429,0.3448275862068966,0.25,0.2857142857142857,0.06896551724137931,0.0,0.10714285714285714,0.9333333333333333,0.6666666666666666,0.5,0.2777777777777778,0.4444444444444444,0.2222222222222222,0.0,0.3372051282051282,0.6148205128205129,0.14285714285714285,0.42857142857142855,0.3675,0.6115,0.08,0.08,0.28,0.25,0.5277777777777778,0.38461538461538464,0.6363636363636364,0.2361111111111111,0.3561643835616438,0.1095890410958904,0.5714285714285714,0.16071428571428573,0.017857142857142856,,,,,0.35923359737315314,0.07218668771963523,0.35923359737315314,0.6666666666666666,,0.5,,,,,False,,1.5,,,,,False,
669134,Luis Campusano,SD,WSH,1,6.0,1.0,800600,Jackson Kent,L,823251,4:10 PM ET,Petco Park,1,0,0.20818505338078291,2026-09-09,823251,0,0,95.4,94.6,96.5,R,4,4,2,0,0,0,0,0,0,1,2,3,0,0,1,0,1,0.428,0.4996666666666667,1,1,1,1,1,0,0.16666666666666666,0.3,0.6904761904761905,0.26,0.18518518518518517,0.14285714285714285,0.04,0.0,0.047619047619047616,0.8666666666666667,0.8666666666666667,0.27586206896551724,0.06896551724137931,0.41379310344827586,0.27586206896551724,0.0,0.23166071428571428,0.4275357142857143,0.23529411764705882,0.21052631578947367,0.31661666666666666,0.8285333333333332,0.2708333333333333,0.4166666666666667,0.19642857142857142,0.3170731707317073,0.4878048780487805,0.2608695652173913,0.6363636363636364,0.2361111111111111,0.3561643835616438,0.1095890410958904,0.5714285714285714,0.16071428571428573,0.017857142857142856,,,,,0.5811525374250729,0.17704793414978595,0.5811525374250729,0.8666666666666667,,0.5,,,,,False,,1.5,,,,,False,
592518,Manny Machado,SD,WSH,1,3.0,1.0,800600,Jackson Kent,L,823251,4:10 PM ET,Petco Park,1,0,0.20818505338078291,2026-09-09,823251,0,0,95.4,94.6,96.5,R,4,3,2,0,0,0,1,0,0,1,2,2,0,1,0,1,1,0.5429999999999999,0.6575,1,1,1,1,1,0,0.2962962962962963,0.4090909090909091,0.8148148148148148,0.15151515151515152,0.32558139534883723,0.14814814814814814,0.030303030303030304,0.030303030303030304,0.07407407407407407,1.6,0.6666666666666666,0.4666666666666667,0.3111111111111111,0.3111111111111111,0.24444444444444444,0.022222222222222223,0.35851,0.55748,0.3333333333333333,0.1,0.32876666666666676,0.7190166666666666,0.25862068965517243,0.3448275862068966,0.14492753623188406,0.2857142857142857,0.4107142857142857,0.26153846153846155,0.6363636363636364,0.2361111111111111,0.3561643835616438,0.1095890410958904,0.5714285714285714,0.16071428571428573,0.017857142857142856,,,,,0.5261899499056523,0.1282628286948109,0.5261899499056523,0.6666666666666666,,0.5,,,,,False,,1.5,,,,,False,
669392,Samad Taylor,SD,WSH,1,8.0,1.0,800600,Jackson Kent,L,823251,4:10 PM ET,Petco Park,1,0,0.20818505338078291,2026-09-09,823251,0,0,95.4,94.6,96.5,R,1,1,0,0,0,0,0,0,0,0,0,1,0,0,0,1,0,0.295,0.298,0,0,0,0,0,0,0.21739130434782608,0.3333333333333333,0.6086956521739131,0.32727272727272727,0.35714285714285715,0.08695652173913043,0.0,0.0,0.043478260869565216,0.9333333333333333,1.2,0.1724137931034483,0.3103448275862069,0.4482758620689655,0.20689655172413793,0.034482758620689655,0.3655641025641026,0.495474358974359,0.1875,0.3157894736842105,0.22346666666666665,0.3595666666666667,0.3090909090909091,0.36363636363636365,0.2903225806451613,0.2708333333333333,0.3541666666666667,0.2807017543859649,0.6363636363636364,0.2361111111111111,0.3561643835616438,0.1095890410958904,0.5714285714285714,0.16071428571428573,0.017857142857142856,,,,,0.6601245870718728,0.24653474238597403,0.6601245870718728,1.2,,0.5,,,,,False,,1.5,,,,,False,
664034,Ty France,SD,WSH,1,4.0,1.0,800600,Jackson Kent,L,823251,4:10 PM ET,Petco Park,1,0,0.20818505338078291,2026-09-09,823251,0,0,95.4,94.6,96.5,R,4,4,2,0,0,0,0,0,0,0,2,4,1,3,2,0,2,0.57575,1.0115,1,1,1,1,0,0,0.2549019607843137,0.390625,0.7647058823529411,0.1875,0.2894736842105263,0.1568627450980392,0.03125,0.03125,0.0784313725490196,1.4,0.8,0.4,0.25,0.375,0.25,0.05,0.28574,0.4208666666666667,0.26666666666666666,0.21052631578947367,0.31799999999999995,0.5449999999999999,0.2777777777777778,0.37037037037037035,0.14925373134328357,0.28,0.54,0.2786885245901639,0.6363636363636364,0.2361111111111111,0.3561643835616438,0.1095890410958904,0.5714285714285714,0.16071428571428573,0.017857142857142856,,,,,0.5694024101769904,0.14975448409220718,0.5694024101769904,0.8,,0.5,,,,,False,,1.5,,,,,False,
593428,Xander Bogaerts,SD,WSH,1,2.0,1.0,800600,Jackson Kent,L,823251,4:10 PM ET,Petco Park,1,0,0.20818505338078291,2026-09-09,823251,0,0,95.4,94.6,96.5,R,3,2,0,0,0,0,1,0,0,0,0,2,0,1,1,1,0,0.3035,0.3405,0,0,0,0,0,0,0.22448979591836735,0.3333333333333333,0.7959183673469388,0.17543859649122806,0.28205128205128205,0.04081632653061224,0.0,0.03508771929824561,0.04081632653061224,0.8666666666666667,0.6666666666666666,0.46153846153846156,0.20512820512820512,0.4358974358974359,0.3076923076923077,0.0,0.30508928571428573,0.4559761904761905,0.29411764705882354,0.21052631578947367,0.3304333333333334,0.40470000000000006,0.22727272727272727,0.4318181818181818,0.16071428571428573,0.22,0.24,0.11864406779661017,0.6363636363636364,0.2361111111111111,0.3561643835616438,0.1095890410958904,0.5714285714285714,0.16071428571428573,0.017857142857142856,,,,,0.47373795541008534,0.11668957485172109,0.47373795541008534,0.6666666666666666,,0.5,,,,,False,,1.5,,,,,False,
665953,Andrés Chaparro,WSH,SD,0,3.0,1.0,621111,Walker Buehler,R,823251,4:10 PM ET,Petco Park,1,1,0.22280701754385965,2026-09-09,823251,0,0,95.4,94.6,96.5,R,1,1,1,0,0,1,0,0,0,0,4,1,0,1,0,0,1,0.36,0.759,1,0,1,1,0,0,0.30612244897959184,0.38181818181818183,0.7551020408163265,0.21818181818181817,0.37142857142857144,0.1836734693877551,0.03636363636363636,0.05454545454545454,0.10204081632653061,1.6,0.8,0.35135135135135137,0.21621621621621623,0.3783783783783784,0.1891891891891892,0.0,0.28352555555555553,0.40383222222222226,0.3333333333333333,0.3125,0.27774000000000004,0.32545999999999997,0.2608695652173913,0.5,0.13725490196078433,0.3076923076923077,0.5128205128205128,0.28888888888888886,0.7307692307692307,0.21468926553672316,0.44324324324324327,0.1945945945945946,0.46710526315789475,0.2565789473684211,0.039473684210526314,9.414473684210526,1.4210526315789476,8.703947368421053,0.22580645161290322,0.6217993879705952,0.21930713589378556,0.6217993879705952,0.8,,0.5,,,,,False,,1.5,,,,,False,
682928,CJ Abrams,WSH,SD,0,4.0,1.0,621111,Walker Buehler,R,823251,4:10 PM ET,Petco Park,0,1,0.22280701754385965,2026-09-09,823251,0,0,95.4,94.6,96.5,L,4,3,0,0,0,0,1,0,0,1,0,2,0,1,1,1,0,0.169,0.185,0,0,0,0,1,0,0.14754098360655737,0.22388059701492538,0.6065573770491803,0.3582089552238806,0.2222222222222222,0.09836065573770492,0.014925373134328358,0.04477611940298507,0.06557377049180328,1.0,1.6,0.35135135135135137,0.13513513513513514,0.35135135135135137,0.40540540540540543,0.0,0.2446777777777778,0.4819333333333333,0.1,0.36363636363636365,0.3523666666666666,0.8198000000000001,0.16666666666666666,0.26666666666666666,0.3382352941176471,0.27419354838709675,0.6290322580645161,0.3181818181818182,0.7307692307692307,0.21468926553672316,0.44324324324324327,0.1945945945945946,0.46710526315789475,0.2565789473684211,0.039473684210526314,9.414473684210526,1.4210526315789476,8.703947368421053,0.22580645161290322,0.7466659539368496,0.361015386524892,0.7466659539368496,1.6,,0.5,,,,,False,,1.5,,,,,False,
695734,Daylen Lile,WSH,SD,0,6.0,1.0,621111,Walker Buehler,R,823251,4:10 PM ET,Petco Park,0,1,0.22280701754385965,2026-09-09,823251,0,0,95.4,94.6,96.5,L,4,4,0,0,0,0,0,0,0,2,0,2,0,1,1,1,0,0.060500000000000005,0.07100000000000001,0,0,0,0,1,1,0.37254901960784315,0.45901639344262296,0.7843137254901961,0.1774193548387097,0.3888888888888889,0.45098039215686275,0.08064516129032258,0.06451612903225806,0.21568627450980393,2.8,0.7333333333333333,0.5365853658536586,0.2926829268292683,0.2682926829268293,0.43902439024390244,0.07317073170731707,0.37675,0.8252690476190476,0.23529411764705882,0.35294117647058826,0.27322500000000005,0.7033750000000001,0.3392857142857143,0.6607142857142857,0.19696969696969696,0.23728813559322035,0.5423728813559322,0.2459016393442623,0.7307692307692307,0.21468926553672316,0.44324324324324327,0.1945945945945946,0.46710526315789475,0.2565789473684211,0.039473684210526314,9.414473684210526,1.4210526315789476,8.703947368421053,0.22580645161290322,0.5952801645138702,0.22269649533700434,0.5952801645138702,0.7333333333333333,,0.5,,,,,False,,1.5,,,,,False,
686611,Dylan Crews,WSH,SD,0,2.0,1.0,621111,Walker Buehler,R,823251,4:10 PM ET,Petco Park,1,1,0.22280701754385965,2026-09-09,823251,0,0,95.4,94.6,96.5,R,4,4,2,2,0,0,0,0,0,1,4,3,0,2,0,1,2,0.6086666666666667,0.7833333333333332,1,1,1,1,1,0,0.2711864406779661,0.3384615384615385,0.6949152542372882,0.27692307692307694,0.375,0.1864406779661017,0.015384615384615385,0.09230769230769231,0.13559322033898305,1.8,1.2,0.36585365853658536,0.2682926829268293,0.4878048780487805,0.0975609756097561,0.024390243902439025,0.3043166666666667,0.4479777777777778,0.2631578947368421,0.2857142857142857,0.27005,0.5120666666666668,0.2631578947368421,0.42105263157894735,0.265625,0.2,0.41818181818181815,0.24193548387096775,0.7307692307692307,0.21468926553672316,0.44324324324324327,0.1945945945945946,0.46710526315789475,0.2565789473684211,0.039473684210526314,9.414473684210526,1.4210526315789476,8.703947368421053,0.22580645161290322,0.7163837767597214,0.2919019026074039,0.7163837767597214,1.2,,0.5,,,,,False,,1.5,,,,,False,
696285,Jacob Young,WSH,SD,0,9.0,1.0,621111,Walker Buehler,R,823251,4:10 PM ET,Petco Park,1,1,0.22280701754385965,2026-09-09,823251,0,0,95.4,94.6,96.5,R,1,1,0,0,0,0,0,0,0,0,0,1,0,0,1,0,0,0.04,0.064,0,0,0,0,0,0,0.25,0.36538461538461536,0.8181818181818182,0.1509433962264151,0.3055555555555556,0.06818181818181818,0.0,0.05660377358490566,0.06818181818181818,0.9333333333333333,0.5333333333333333,0.16216216216216217,0.2702702702702703,0.35135135135135137,0.2702702702702703,0.02702702702702703,0.23298809523809524,0.36530357142857145,0.2857142857142857,0.17647058823529413,0.23037499999999994,0.2748333333333333,0.21739130434782608,0.2826086956521739,0.14814814814814814,0.391304347826087,0.6086956521739131,0.07547169811320754,0.7307692307692307,0.21468926553672316,0.44324324324324327,0.1945945945945946,0.46710526315789475,0.2565789473684211,0.039473684210526314,9.414473684210526,1.4210526315789476,8.703947368421053,0.22580645161290322,0.3653908477062415,0.06642054665994317,0.3653908477062415,0.5333333333333333,,0.5,,,,,False,,1.5,,,,,False,
695578,James Wood,WSH,SD,0,1.0,1.0,621111,Walker Buehler,R,823251,4:10 PM ET,Petco Park,0,1,0.22280701754385965,2026-09-09,823251,0,0,95.4,94.6,96.5,L,4,4,0,0,0,0,0,0,0,2,0,2,0,1,0,2,0,0.2445,0.256,0,0,0,0,1,1,0.25,0.38571428571428573,0.75,0.2,0.2926829268292683,0.17857142857142858,0.02857142857142857,0.05714285714285714,0.10714285714285714,1.6,0.9333333333333333,0.5581395348837209,0.20930232558139536,0.6046511627906976,0.16279069767441862,0.0,0.35513333333333336,0.5879833333333333,0.3157894736842105,0.17391304347826086,0.38005,0.6325999999999998,0.2545454545454545,0.41818181818181815,0.21428571428571427,0.26865671641791045,0.5671641791044776,0.3561643835616438,0.7307692307692307,0.21468926553672316,0.44324324324324327,0.1945945945945946,0.46710526315789475,0.2565789473684211,0.039473684210526314,9.414473684210526,1.4210526315789476,8.703947368421053,0.22580645161290322,0.7182625503990815,0.3216042659795917,0.7182625503990815,0.9333333333333333,,0.5,,,,,False,,1.5,,,,,False,
660688,Keibert Ruiz,WSH,SD,0,7.0,1.0,621111,Walker Buehler,R,823251,4:10 PM ET,Petco Park,0,1,0.22280701754385965,2026-09-09,823251,0,0,95.4,94.6,96.5,L,3,3,0,0,0,0,0,0,0,0,0,3,0,1,2,0,0,0.141,0.4466666666666667,0,0,0,0,0,0,0.38095238095238093,0.4222222222222222,0.9047619047619048,0.08695652173913043,0.3888888888888889,0.19047619047619047,0.043478260869565216,0.043478260869565216,0.09523809523809523,1.6,0.26666666666666666,0.34210526315789475,0.2631578947368421,0.2894736842105263,0.3157894736842105,0.02631578947368421,0.3297722222222222,0.5270311111111111,0.4117647058823529,0.16666666666666666,0.34873333333333334,0.6101266666666666,0.3877551020408163,0.5510204081632653,0.09259259259259259,0.2777777777777778,0.4074074074074074,0.10526315789473684,0.7307692307692307,0.21468926553672316,0.44324324324324327,0.1945945945945946,0.46710526315789475,0.2565789473684211,0.039473684210526314,9.414473684210526,1.4210526315789476,8.703947368421053,0.22580645161290322,0.4093090084116447,0.09266893640325956,0.4093090084116447,0.26666666666666666,,0.5,,,,,False,,1.5,,,,,False,
683083,Nasim Nuñez,WSH,SD,0,8.0,1.0,621111,Walker Buehler,R,823251,4:10 PM ET,Petco Park,0,1,0.22280701754385965,2026-09-09,823251,0,0,95.4,94.6,96.5,L,3,3,0,0,0,0,0,0,0,1,0,2,0,0,0,2,0,0.2245,0.23099999999999998,0,0,0,0,1,0,0.0975609756097561,0.11904761904761904,0.7804878048780488,0.20454545454545456,0.125,0.024390243902439025,0.0,0.022727272727272728,0.024390243902439025,0.3333333333333333,0.6,0.20588235294117646,0.17647058823529413,0.4117647058823529,0.29411764705882354,0.029411764705882353,0.2774111111111111,0.41186666666666666,0.16666666666666666,0.16666666666666666,0.31779999999999997,0.5750333333333335,0.1,0.12,0.2037037037037037,0.21568627450980393,0.27450980392156865,0.1206896551724138,0.7307692307692307,0.21468926553672316,0.44324324324324327,0.1945945945945946,0.46710526315789475,0.2565789473684211,0.039473684210526314,9.414473684210526,1.4210526315789476,8.703947368421053,0.22580645161290322,0.4471286987963885,0.11391108509706833,0.4471286987963885,0.6,,0.5,,,,,False,,1.5,,,,,False,
691002,Yohandy Morales,WSH,SD,0,5.0,1.0,621111,Walker Buehler,R,823251,4:10 PM ET,Petco Park,1,1,0.22280701754385965,2026-09-09,823251,0,0,95.4,94.6,96.5,R,4,4,1,0,0,1,0,0,0,2,4,2,0,2,2,0,0,0.439,1.4909999999999999,1,0,1,1,1,1,0.4,0.4,0.5333333333333333,0.4666666666666667,0.7142857142857143,0.4,0.06666666666666667,0.2,0.26666666666666666,1.7142857142857142,1.0,0.625,0.5,0.25,0.25,0.125,,,0.4166666666666667,0.5,0.5687777777777777,1.0423888888888888,0.45454545454545453,0.9090909090909091,0.36363636363636365,,,,0.7307692307692307,0.21468926553672316,0.44324324324324327,0.1945945945945946,0.46710526315789475,0.2565789473684211,0.039473684210526314,9.414473684210526,1.4210526315789476,8.703947368421053,0.22580645161290322,0.6729752800428206,0.27059253627121055,0.6729752800428206,1.0,,0.5,,,,,False,,1.5,,,,,False,
663728,Cal Raleigh,SEA,TEX,1,4.0,1.0,674003,Cody Bradford,L,823090,4:10 PM ET,T-Mobile Park,0,0,0.26371681415929205,2026-09-09,823090,0,0,90.9,92.7,102.0,L,3,3,1,1,0,0,0,0,0,0,2,3,0,1,1,0,1,0.18200000000000002,0.4346666666666667,1,0,1,1,0,0,0.36363636363636365,0.4473684210526316,0.6666666666666666,0.2894736842105263,0.47368421052631576,0.3939393939393939,0.07894736842105263,0.10526315789473684,0.21212121212121213,1.6666666666666667,0.7333333333333333,0.5909090909090909,0.2727272727272727,0.18181818181818182,0.45454545454545453,0.045454545454545456,0.5375,1.0820454545454545,0.5,0.3333333333333333,0.729625,0.8691249999999996,0.2978723404255319,0.8085106382978723,0.2459016393442623,0.16326530612244897,0.30612244897959184,0.32142857142857145,0.7763157894736842,0.2631578947368421,0.43457943925233644,0.1542056074766355,0.3728813559322034,0.2824858757062147,0.02824858757062147,8.100000000000001,1.51875,8.26875,0.22685185185185186,0.6229646341379643,0.19875365046227364,0.6229646341379643,0.7333333333333333,,0.5,,,,,False,,1.5,,,,,False,
702284,Cole Young,SEA,TEX,1,8.0,1.0,674003,Cody Bradford,L,823090,4:10 PM ET,T-Mobile Park,0,0,0.26371681415929205,2026-09-09,823090,0,0,90.9,92.7,102.0,L,4,4,2,0,0,0,0,0,0,0,2,4,0,2,1,2,1,0.23725000000000002,0.315,1,1,1,1,0,0,0.14814814814814814,0.2698412698412698,0.7592592592592593,0.20634920634920634,0.175,0.09259259259259259,0.015873015873015872,0.031746031746031744,0.05555555555555555,0.8666666666666667,0.8666666666666667,0.21951219512195122,0.21951219512195122,0.5121951219512195,0.0975609756097561,0.024390243902439025,0.24819444444444447,0.33799444444444443,0.2631578947368421,0.2608695652173913,0.37638333333333335,0.5250333333333334,0.19298245614035087,0.3157894736842105,0.20967741935483872,0.2,0.21818181818181817,0.15625,0.7763157894736842,0.2631578947368421,0.43457943925233644,0.1542056074766355,0.3728813559322034,0.2824858757062147,0.02824858757062147,8.100000000000001,1.51875,8.26875,0.22685185185185186,0.6077136009210505,0.17963785034911908,0.6077136009210505,0.8666666666666667,,0.5,,,,,False,,1.5,,,,,False,
686527,Dominic Canzone,SEA,TEX,1,3.0,1.0,674003,Cody Bradford,L,823090,4:10 PM ET,T-Mobile Park,0,0,0.26371681415929205,2026-09-09,823090,0,0,90.9,92.7,102.0,L,5,5,2,1,0,0,0,0,0,2,3,3,0,2,0,2,1,0.36333333333333334,0.5573333333333333,1,1,1,1,1,1,0.21311475409836064,0.2727272727272727,0.7377049180327869,0.23880597014925373,0.2558139534883721,0.16393442622950818,0.029850746268656716,0.029850746268656716,0.08196721311475409,1.5333333333333334,1.0666666666666667,0.4,0.17777777777777778,0.5555555555555556,0.24444444444444444,0.022222222222222223,0.3434244444444444,0.6075277777777778,0.25,0.13043478260869565,0.32104,0.5147000000000002,0.265625,0.453125,0.2571428571428571,0.25,0.4642857142857143,0.1875,0.7763157894736842,0.2631578947368421,0.43457943925233644,0.1542056074766355,0.3728813559322034,0.2824858757062147,0.02824858757062147,8.100000000000001,1.51875,8.26875,0.22685185185185186,0.7115807389637662,0.25513991243149,0.7115807389637662,1.0666666666666667,,0.5,,,,,False,,1.5,,,,,False,
641487,J.P. Crawford,SEA,TEX,1,1.0,1.0,674003,Cody Bradford,L,823090,4:10 PM ET,T-Mobile Park,0,0,0.26371681415929205,2026-09-09,823090,0,0,90.9,92.7,102.0,L,4,4,0,0,0,0,0,0,0,1,0,3,0,1,0,1,2,0.37666666666666665,0.41,0,0,0,0,1,0,0.2608695652173913,0.3898305084745763,0.717391304347826,0.22033898305084745,0.34285714285714286,0.021739130434782608,0.0,0.01694915254237288,0.021739130434782608,0.8666666666666667,0.8666666666666667,0.3142857142857143,0.11428571428571428,0.5142857142857142,0.2571428571428571,0.0,0.24998888888888887,0.3115111111111111,0.5,0.09523809523809523,0.3277666666666667,0.3739000000000002,0.19607843137254902,0.2549019607843137,0.19672131147540983,0.3617021276595745,0.40425531914893614,0.19672131147540983,0.7763157894736842,0.2631578947368421,0.43457943925233644,0.1542056074766355,0.3728813559322034,0.2824858757062147,0.02824858757062147,8.100000000000001,1.51875,8.26875,0.22685185185185186,0.6335159255049119,0.208734628824886,0.6335159255049119,0.8666666666666667,,0.5,,,,,False,,1.5,,,,,False,
647304,Josh Naylor,SEA,TEX,1,6.0,1.0,674003,Cody Bradford,L,823090,4:10 PM ET,T-Mobile Park,0,0,0.26371681415929205,2026-09-09,823090,0,0,90.9,92.7,102.0,L,4,4,1,0,0,0,0,0,0,1,1,3,0,0,0,0,3,0.7216666666666667,0.8486666666666668,1,0,1,0,1,0,0.26229508196721313,0.2857142857142857,0.8524590163934426,0.14285714285714285,0.3076923076923077,0.03278688524590164,0.0,0.031746031746031744,0.03278688524590164,1.2,0.6,0.23076923076923078,0.21153846153846154,0.5769230769230769,0.15384615384615385,0.0,0.2640533333333333,0.33752,0.23809523809523808,0.09523809523809523,0.3540033333333334,0.4029666666666666,0.3333333333333333,0.38333333333333336,0.16923076923076924,0.23728813559322035,0.3728813559322034,0.12903225806451613,0.7763157894736842,0.2631578947368421,0.43457943925233644,0.1542056074766355,0.3728813559322034,0.2824858757062147,0.02824858757062147,8.100000000000001,1.51875,8.26875,0.22685185185185186,0.5482839797089191,0.15685209068090541,0.5482839797089191,0.6,,0.5,,,,,False,,1.5,,,,,False,
677594,Julio Rodríguez,SEA,TEX,1,5.0,1.0,674003,Cody Bradford,L,823090,4:10 PM ET,T-Mobile Park,1,0,0.26371681415929205,2026-09-09,823090,0,0,90.9,92.7,102.0,R,4,4,0,0,0,0,0,0,0,0,0,4,0,3,2,2,0,0.2465,0.51875,0,0,0,0,0,0,0.15625,0.18181818181818182,0.640625,0.3484848484848485,0.225,0.09375,0.015151515151515152,0.045454545454545456,0.0625,1.0666666666666667,1.5333333333333334,0.4634146341463415,0.1951219512195122,0.5121951219512195,0.21951219512195122,0.024390243902439025,0.28667111111111115,0.44623555555555555,0.18181818181818182,0.2608695652173913,0.34774666666666676,0.4006733333333335,0.2222222222222222,0.42857142857142855,0.2463768115942029,0.13114754098360656,0.14754098360655737,0.35384615384615387,0.7763157894736842,0.2631578947368421,0.43457943925233644,0.1542056074766355,0.3728813559322034,0.2824858757062147,0.02824858757062147,8.100000000000001,1.51875,8.26875,0.22685185185185186,0.7373131261860979,0.26699156732309154,0.7373131261860979,1.5333333333333334,,0.5,,,,,False,,1.5,,,,,False,
668227,Randy Arozarena,SEA,TEX,1,2.0,1.0,674003,Cody Bradford,L,823090,4:10 PM ET,T-Mobile Park,1,0,0.26371681415929205,2026-09-09,823090,0,0,90.9,92.7,102.0,R,5,3,1,0,0,0,1,0,1,1,1,3,0,2,1,1,1,0.221,0.456,1,0,1,0,1,0,0.2909090909090909,0.4264705882352941,0.6909090909090909,0.25,0.3333333333333333,0.3090909090909091,0.07352941176470588,0.029411764705882353,0.12727272727272726,2.2,1.1333333333333333,0.3157894736842105,0.23684210526315788,0.39473684210526316,0.3157894736842105,0.07894736842105263,0.29367333333333334,0.5289055555555555,0.2777777777777778,0.2608695652173913,0.3578,0.5214,0.17857142857142858,0.44642857142857145,0.30985915492957744,0.2833333333333333,0.5666666666666667,0.16666666666666666,0.7763157894736842,0.2631578947368421,0.43457943925233644,0.1542056074766355,0.3728813559322034,0.2824858757062147,0.02824858757062147,8.100000000000001,1.51875,8.26875,0.22685185185185186,0.7174066210605913,0.3446616855379883,0.7174066210605913,1.1333333333333333,,0.5,,,,,False,,1.5,,,,,False,
621493,Taylor Ward,SEA,TEX,1,7.0,1.0,674003,Cody Bradford,L,823090,4:10 PM ET,T-Mobile Park,1,0,0.26371681415929205,2026-09-09,823090,0,0,90.9,92.7,102.0,R,2,2,0,0,0,0,0,0,0,1,0,1,0,0,0,0,1,0.669,0.738,0,0,0,0,1,0,0.0851063829787234,0.23214285714285715,0.6382978723404256,0.30357142857142855,0.13333333333333333,0.0,0.0,0.0,0.0,0.26666666666666666,1.1333333333333333,0.4,0.23333333333333334,0.36666666666666664,0.3,0.0,0.32418846153846154,0.4168461538461538,0.07142857142857142,0.26666666666666666,0.30231250000000004,0.35237499999999944,0.14,0.14,0.26666666666666666,0.1346153846153846,0.17307692307692307,0.2711864406779661,0.7763157894736842,0.2631578947368421,0.43457943925233644,0.1542056074766355,0.3728813559322034,0.2824858757062147,0.02824858757062147,8.100000000000001,1.51875,8.26875,0.22685185185185186,0.6970081657525243,0.27435786267728074,0.6970081657525243,1.1333333333333333,,0.5,,,,,False,,1.5,,,,,False,
642215,Weston Wilson,SEA,TEX,1,9.0,1.0,674003,Cody Bradford,L,823090,4:10 PM ET,T-Mobile Park,1,0,0.26371681415929205,2026-09-09,823090,0,0,90.9,92.7,102.0,R,1,1,0,0,0,0,0,0,0,0,0,1,0,0,0,1,0,0.111,0.118,0,0,0,0,0,0,0.18604651162790697,0.3,0.5813953488372093,0.36,0.2916666666666667,0.09302325581395349,0.02,0.02,0.046511627906976744,0.8,1.2,0.56,0.24,0.52,0.2,0.0,0.3515000000000001,0.5340416666666666,0.17647058823529413,0.47368421052631576,0.49249999999999994,0.5706666666666668,0.1935483870967742,0.3548387096774194,0.32432432432432434,0.18181818181818182,0.2727272727272727,0.3269230769230769,0.7763157894736842,0.2631578947368421,0.43457943925233644,0.1542056074766355,0.3728813559322034,0.2824858757062147,0.02824858757062147,8.100000000000001,1.51875,8.26875,0.22685185185185186,0.6197949003509112,0.2086296421119174,0.6197949003509112,1.2,,0.5,,,,,False,,1.5,,,,,False,
607043,Brandon Nimmo,TEX,SEA,0,4.0,1.0,807739,Kade Anderson,L,823090,4:10 PM ET,T-Mobile Park,0,0,0.19064124783362218,2026-09-09,823090,0,0,90.9,92.7,102.0,L,5,5,0,0,0,0,0,0,0,4,0,1,0,1,0,1,0,0.278,0.296,0,0,0,0,1,1,0.24561403508771928,0.3076923076923077,0.7894736842105263,0.18181818181818182,0.2826086956521739,0.10526315789473684,0.015151515151515152,0.045454545454545456,0.07017543859649122,1.3333333333333333,0.8,0.5106382978723404,0.2553191489361702,0.48936170212765956,0.2127659574468085,0.02127659574468085,0.26816666666666666,0.4198077777777778,0.1111111111111111,0.15,0.24715333333333328,0.31954333333333357,0.19298245614035087,0.24561403508771928,0.19047619047619047,0.3090909090909091,0.5454545454545454,0.20634920634920634,,,,,,,,,,,,0.5487374536755566,0.14912670626896515,0.5487374536755566,0.8,,0.5,,,,,False,,1.5,,,,,False,
683227,Cody Freeman,TEX,SEA,0,9.0,1.0,807739,Kade Anderson,L,823090,4:10 PM ET,T-Mobile Park,1,0,0.19064124783362218,2026-09-09,823090,0,0,90.9,92.7,102.0,R,1,1,0,0,0,0,0,0,0,0,0,1,0,0,0,0,0,0.089,0.099,0,0,0,0,0,0,0.24489795918367346,0.3018867924528302,0.8979591836734694,0.09090909090909091,0.2558139534883721,0.12244897959183673,0.01818181818181818,0.01818181818181818,0.061224489795918366,1.2,0.3333333333333333,0.2391304347826087,0.1956521739130435,0.5217391304347826,0.21739130434782608,0.021739130434782608,0.22857333333333335,0.3089066666666667,0.07142857142857142,0.125,0.1894,0.21529999999999996,0.22916666666666666,0.25,0.15384615384615385,0.2702702702702703,0.40540540540540543,0.11363636363636363,,,,,,,,,,,,0.3423941413245161,0.06165191940997335,0.3423941413245161,0.3333333333333333,,0.5,,,,,False,,1.5,,,,,False,
608369,Corey Seager,TEX,SEA,0,2.0,1.0,807739,Kade Anderson,L,823090,4:10 PM ET,T-Mobile Park,0,0,0.19064124783362218,2026-09-09,823090,0,0,90.9,92.7,102.0,L,5,4,1,0,0,1,1,0,0,1,4,3,0,1,1,1,1,0.5606666666666666,1.4546666666666666,1,0,1,1,1,0,0.25,0.3484848484848485,0.8035714285714286,0.16666666666666666,0.2727272727272727,0.17857142857142858,0.030303030303030304,0.06060606060606061,0.10714285714285714,1.6,0.7333333333333333,0.5652173913043478,0.21739130434782608,0.45652173913043476,0.2826086956521739,0.043478260869565216,0.3764711111111111,0.6389866666666666,0.23809523809523808,0.14285714285714285,0.31743,0.6140766666666669,0.32142857142857145,0.48214285714285715,0.1774193548387097,0.25,0.48214285714285715,0.171875,,,,,,,,,,,,0.48538100270639184,0.1320755130871217,0.48538100270639184,0.7333333333333333,,0.5,,,,,False,,1.5,,,,,False,
553869,Elias Díaz,TEX,SEA,0,8.0,1.0,807739,Kade Anderson,L,823090,4:10 PM ET,T-Mobile Park,1,0,0.19064124783362218,2026-09-09,823090,0,0,90.9,92.7,102.0,R,4,3,1,0,0,0,0,0,0,1,1,3,0,1,0,1,1,0.1335,0.144,1,0,1,0,1,0,0.23076923076923078,0.30434782608695654,0.6666666666666666,0.2826086956521739,0.2692307692307692,0.23076923076923078,0.043478260869565216,0.06521739130434782,0.1282051282051282,1.2,0.8666666666666667,0.5357142857142857,0.35714285714285715,0.32142857142857145,0.17857142857142858,0.03571428571428571,0.38116666666666665,0.7648055555555556,0.2857142857142857,0.375,0.5345000000000002,0.7868333333333333,0.2,0.37777777777777777,0.2641509433962264,0.21052631578947367,0.34210526315789475,0.3170731707317073,,,,,,,,,,,,0.6074372462600492,0.20232200209406484,0.6074372462600492,0.8666666666666667,,0.5,,,,,False,,1.5,,,,,False,
677649,Ezequiel Duran,TEX,SEA,0,1.0,1.0,807739,Kade Anderson,L,823090,4:10 PM ET,T-Mobile Park,1,0,0.19064124783362218,2026-09-09,823090,0,0,90.9,92.7,102.0,R,5,4,0,0,0,0,1,0,0,3,0,1,0,0,0,0,1,0.434,0.46,0,0,0,0,1,1,0.32142857142857145,0.40625,0.7857142857142857,0.1875,0.35,0.25,0.0625,0.03125,0.10714285714285714,2.1333333333333333,0.8,0.45454545454545453,0.20454545454545456,0.4318181818181818,0.3409090909090909,0.022727272727272728,0.3130888888888889,0.5724388888888889,0.4,0.09523809523809523,0.34138333333333326,0.5881500000000001,0.20689655172413793,0.3448275862068966,0.2903225806451613,0.3148148148148148,0.5,0.18461538461538463,,,,,,,,,,,,0.5844422002930569,0.21058805111878456,0.5844422002930569,0.8,,0.5,,,,,False,,1.5,,,,,False,
669394,Jake Burger,TEX,SEA,0,6.0,1.0,807739,Kade Anderson,L,823090,4:10 PM ET,T-Mobile Park,1,0,0.19064124783362218,2026-09-09,823090,0,0,90.9,92.7,102.0,R,5,3,0,0,0,0,2,0,0,3,0,0,0,0,0,0,0,0.8945,3.3415,0,0,0,0,1,1,0.2765957446808511,0.38596491228070173,0.7021276595744681,0.24561403508771928,0.3,0.3191489361702128,0.07017543859649122,0.05263157894736842,0.14893617021276595,1.8666666666666667,0.9333333333333333,0.5294117647058824,0.20588235294117646,0.3235294117647059,0.4117647058823529,0.058823529411764705,0.43549999999999994,1.1621369047619048,0.3125,0.2857142857142857,0.4356999999999999,0.9977333333333334,0.2222222222222222,0.35555555555555557,0.2692307692307692,0.2641509433962264,0.4716981132075472,0.23333333333333334,,,,,,,,,,,,0.6234800386529594,0.19944252239480398,0.6234800386529594,0.9333333333333333,,0.5,,,,,False,,1.5,,,,,False,
679822,Justin Foscue,TEX,SEA,0,3.0,1.0,807739,Kade Anderson,L,823090,4:10 PM ET,T-Mobile Park,1,0,0.19064124783362218,2026-09-09,823090,0,0,90.9,92.7,102.0,R,3,3,2,0,0,0,0,0,0,1,2,2,0,1,0,2,0,0.44799999999999995,0.507,1,1,1,1,1,0,0.29545454545454547,0.3404255319148936,0.7954545454545454,0.19148936170212766,0.3125,0.3181818181818182,0.06382978723404255,0.10638297872340426,0.18181818181818182,1.8,0.6,0.45714285714285713,0.17142857142857143,0.2857142857142857,0.45714285714285713,0.08571428571428572,0.3606611111111111,0.6714611111111111,0.35714285714285715,0.21428571428571427,0.46775,0.7811999999999999,0.10526315789473684,0.15789473684210525,0.2558139534883721,0.34210526315789475,0.7368421052631579,0.1951219512195122,,,,,,,,,,,,0.5095557808376143,0.13336048771269526,0.5095557808376143,0.6,,0.5,,,,,False,,1.5,,,,,False,
681351,Logan O'Hoppe,TEX,SEA,0,7.0,1.0,807739,Kade Anderson,L,823090,4:10 PM ET,T-Mobile Park,1,0,0.19064124783362218,2026-09-09,823090,0,0,90.9,92.7,102.0,R,3,3,2,0,0,0,0,0,0,0,2,3,0,2,1,0,2,0.6226666666666666,0.757,1,1,1,1,0,0,0.19444444444444445,0.23076923076923078,0.7777777777777778,0.20512820512820512,0.2413793103448276,0.027777777777777776,0.0,0.02564102564102564,0.027777777777777776,0.5333333333333333,0.5333333333333333,0.20689655172413793,0.27586206896551724,0.41379310344827586,0.27586206896551724,0.0,0.2732638888888889,0.33275,0.2857142857142857,0.375,0.44983333333333336,0.5296666666666667,0.13725490196078433,0.1568627450980392,0.32075471698113206,0.3157894736842105,0.42105263157894735,0.1951219512195122,,,,,,,,,,,,0.5191379998560077,0.1540285569105833,0.5191379998560077,0.5333333333333333,,0.5,,,,,False,,1.5,,,,,False,
694671,Wyatt Langford,TEX,SEA,0,5.0,1.0,807739,Kade Anderson,L,823090,4:10 PM ET,T-Mobile Park,1,0,0.19064124783362218,2026-09-09,823090,0,0,90.9,92.7,102.0,R,5,4,1,0,0,1,1,0,0,1,4,3,0,1,1,1,1,0.4123333333333334,1.1953333333333334,1,0,1,1,1,0,0.21568627450980393,0.40298507462686567,0.8431372549019608,0.11940298507462686,0.23809523809523808,0.11764705882352941,0.014925373134328358,0.04477611940298507,0.0784313725490196,1.1333333333333333,0.5333333333333333,0.23255813953488372,0.23255813953488372,0.23255813953488372,0.3953488372093023,0.0,0.26717777777777774,0.3690611111111111,0.0625,0.14285714285714285,0.18093333333333336,0.2782500000000001,0.17543859649122806,0.2982456140350877,0.18461538461538463,0.21739130434782608,0.30434782608695654,0.1111111111111111,,,,,,,,,,,,0.4756740930797963,0.1067660337285233,0.4756740930797963,0.5333333333333333,,0.5,,,,,False,,1.5,,,,,False,
694197,Angel Genao,CLE,BAL,0,7.0,1.0,669358,Shane Baz,R,824791,6:35 PM ET,Camden Yards,1,1,0.18928571428571428,2026-09-09,824791,0,1,102.7,105.0,101.5,R,3,3,0,0,0,0,0,0,0,2,0,1,0,0,0,1,0,0.065,0.066,0,0,0,0,1,1,0.17857142857142858,0.23333333333333334,0.7857142857142857,0.2,0.19047619047619047,0.14285714285714285,0.03333333333333333,0.03333333333333333,0.07142857142857142,0.6,0.4,0.4090909090909091,0.13636363636363635,0.8181818181818182,0.045454545454545456,0.045454545454545456,0.3168690476190476,0.5440952380952381,0.2,0.1,0.1742,0.19260000000000002,0.2,0.22,0.18181818181818182,0.2903225806451613,0.5806451612903226,0.058823529411764705,0.70042194092827,0.2688679245283019,0.35514018691588783,0.0794392523364486,0.40963855421686746,0.25903614457831325,0.024096385542168676,7.8989361702127665,0.574468085106383,7.468085106382978,0.1984732824427481,0.3417561068709163,0.0651175131706818,0.3417561068709163,0.4,,0.5,,,,,False,,1.5,,,,,False,
677587,Brayan Rocchio,CLE,BAL,0,9.0,1.0,669358,Shane Baz,R,824791,6:35 PM ET,Camden Yards,0,1,0.18928571428571428,2026-09-09,824791,0,1,102.7,105.0,101.5,L,4,3,1,0,0,0,0,0,0,0,1,4,0,0,1,2,1,0.7343333333333333,0.8086666666666668,1,0,1,0,0,0,0.21739130434782608,0.28,0.8695652173913043,0.12,0.11764705882352941,0.43478260869565216,0.12,0.04,0.17391304347826086,1.0,0.2,0.3,0.15,0.5,0.35,0.0,0.20225,0.3718214285714286,0.25,0.125,0.24040000000000009,0.43690000000000007,0.21153846153846154,0.36538461538461536,0.12727272727272726,0.2,0.32727272727272727,0.15254237288135594,0.70042194092827,0.2688679245283019,0.35514018691588783,0.0794392523364486,0.40963855421686746,0.25903614457831325,0.024096385542168676,7.8989361702127665,0.574468085106383,7.468085106382978,0.1984732824427481,0.3389717167922597,0.048006554393538146,0.3389717167922597,0.2,,0.5,,,,,False,,1.5,,,,,False,
800050,Chase DeLauter,CLE,BAL,0,2.0,1.0,669358,Shane Baz,R,824791,6:35 PM ET,Camden Yards,0,1,0.18928571428571428,2026-09-09,824791,0,1,102.7,105.0,101.5,L,4,3,2,2,0,0,1,0,0,0,4,3,0,2,1,1,1,0.42366666666666664,0.57,1,1,1,1,0,0,0.3469387755102041,0.38461538461538464,0.7755102040816326,0.21153846153846154,0.4473684210526316,0.16326530612244897,0.0,0.07692307692307693,0.12244897959183673,1.6666666666666667,0.7333333333333333,0.42105263157894735,0.18421052631578946,0.5263157894736842,0.18421052631578946,0.02631578947368421,0.24347976190476192,0.3047321428571429,0.42105263157894735,0.15789473684210525,0.32031,0.42815000000000003,0.4230769230769231,0.6346153846153846,0.14545454545454545,0.2807017543859649,0.38596491228070173,0.171875,0.70042194092827,0.2688679245283019,0.35514018691588783,0.0794392523364486,0.40963855421686746,0.25903614457831325,0.024096385542168676,7.8989361702127665,0.574468085106383,7.468085106382978,0.1984732824427481,0.49559067296423676,0.1187284140068446,0.49559067296423676,0.7333333333333333,,0.5,,,,,False,,1.5,,,,,False,
666176,Jo Adell,CLE,BAL,0,4.0,1.0,669358,Shane Baz,R,824791,6:35 PM ET,Camden Yards,1,1,0.18928571428571428,2026-09-09,824791,0,1,102.7,105.0,101.5,R,5,3,1,0,0,0,1,1,0,0,1,3,0,2,1,1,1,0.40900000000000003,0.4876666666666667,1,0,1,0,0,0,0.23214285714285715,0.3125,0.7678571428571429,0.203125,0.29545454545454547,0.07142857142857142,0.0,0.0625,0.07142857142857142,1.1333333333333333,0.8666666666666667,0.2727272727272727,0.18181818181818182,0.5,0.18181818181818182,0.0,0.29664285714285715,0.3733809523809524,0.17647058823529413,0.3157894736842105,0.3020833333333335,0.34375,0.2542372881355932,0.3559322033898305,0.22388059701492538,0.23529411764705882,0.5098039215686274,0.3148148148148148,0.70042194092827,0.2688679245283019,0.35514018691588783,0.0794392523364486,0.40963855421686746,0.25903614457831325,0.024096385542168676,7.8989361702127665,0.574468085106383,7.468085106382978,0.1984732824427481,0.6436874379182072,0.2751282000493443,0.6436874379182072,0.8666666666666667,,0.5,,,,,False,,1.5,,,,,False,
608070,José Ramírez,CLE,BAL,0,3.0,1.0,669358,Shane Baz,R,824791,6:35 PM ET,Camden Yards,0,1,0.18928571428571428,2026-09-09,824791,0,1,102.7,105.0,101.5,L,5,5,1,0,0,0,0,0,0,0,1,5,0,1,1,2,1,0.2534,0.3116,1,0,1,0,0,0,0.18421052631578946,0.21951219512195122,0.9210526315789473,0.07317073170731707,0.17142857142857143,0.10526315789473684,0.024390243902439025,0.024390243902439025,0.05263157894736842,0.7333333333333333,0.2,0.16666666666666666,0.2222222222222222,0.3611111111111111,0.25,0.0,0.20389444444444446,0.2749277777777778,0.16666666666666666,0.08333333333333333,0.1074499999999999,0.13640000000000013,0.26666666666666666,0.38333333333333336,0.2,0.3269230769230769,0.5,0.04838709677419355,0.70042194092827,0.2688679245283019,0.35514018691588783,0.0794392523364486,0.40963855421686746,0.25903614457831325,0.024096385542168676,7.8989361702127665,0.574468085106383,7.468085106382978,0.1984732824427481,0.3782154134353845,0.06835391757797299,0.3782154134353845,0.2,,0.5,,,,,False,,1.5,,,,,False,
663993,Nathaniel Lowe,CLE,BAL,0,6.0,1.0,669358,Shane Baz,R,824791,6:35 PM ET,Camden Yards,0,1,0.18928571428571428,2026-09-09,824791,0,1,102.7,105.0,101.5,L,5,3,0,0,0,0,2,0,0,2,0,1,0,0,0,0,1,0.631,0.707,0,0,0,0,1,1,0.19607843137254902,0.25862068965517243,0.7450980392156863,0.22413793103448276,0.21052631578947367,0.13725490196078433,0.034482758620689655,0.017241379310344827,0.058823529411764705,1.1333333333333333,0.8666666666666667,0.35,0.375,0.325,0.2,0.025,0.3733177777777778,0.5160022222222221,0.3076923076923077,0.1875,0.3872333333333332,0.6254666666666665,0.23076923076923078,0.38461538461538464,0.2033898305084746,0.2564102564102564,0.5384615384615384,0.13953488372093023,0.70042194092827,0.2688679245283019,0.35514018691588783,0.0794392523364486,0.40963855421686746,0.25903614457831325,0.024096385542168676,7.8989361702127665,0.574468085106383,7.468085106382978,0.1984732824427481,0.5207801797498632,0.14880226759244955,0.5207801797498632,0.8666666666666667,,0.5,,,,,False,,1.5,,,,,False,
672275,Patrick Bailey,CLE,BAL,0,8.0,1.0,669358,Shane Baz,R,824791,6:35 PM ET,Camden Yards,0,1,0.18928571428571428,2026-09-09,824791,0,1,102.7,105.0,101.5,L,4,3,2,0,0,0,0,0,0,1,2,3,0,0,1,1,1,0.6539999999999999,0.716,1,1,1,1,1,0,0.34782608695652173,0.4827586206896552,0.7391304347826086,0.20689655172413793,0.4375,0.17391304347826086,0.034482758620689655,0.034482758620689655,0.08695652173913043,0.8,0.4,0.47058823529411764,0.4117647058823529,0.29411764705882354,0.29411764705882354,0.0,0.4383333333333333,0.9189666666666666,0.125,0.2222222222222222,0.11591666666666664,0.13533333333333367,0.2826086956521739,0.391304347826087,0.2545454545454545,0.175,0.35,0.29545454545454547,0.70042194092827,0.2688679245283019,0.35514018691588783,0.0794392523364486,0.40963855421686746,0.25903614457831325,0.024096385542168676,7.8989361702127665,0.574468085106383,7.468085106382978,0.1984732824427481,0.508291972447411,0.15372418647515626,0.508291972447411,0.4,,0.5,,,,,False,,1.5,,,,,False,
680757,Steven Kwan,CLE,BAL,0,1.0,1.0,669358,Shane Baz,R,824791,6:35 PM ET,Camden Yards,0,1,0.18928571428571428,2026-09-09,824791,0,1,102.7,105.0,101.5,L,5,5,1,1,0,0,0,0,0,0,2,5,0,1,1,3,1,0.19180000000000003,0.32999999999999996,1,0,1,1,0,0,0.3548387096774194,0.3939393939393939,0.8870967741935484,0.10606060606060606,0.4,0.06451612903225806,0.0,0.06060606060606061,0.06451612903225806,1.7333333333333334,0.4666666666666667,0.12727272727272726,0.32727272727272727,0.4727272727272727,0.18181818181818182,0.0,0.3188944444444444,0.4085288888888889,0.2631578947368421,0.14285714285714285,0.33876666666666655,0.4458666666666666,0.32786885245901637,0.39344262295081966,0.08695652173913043,0.3584905660377358,0.41509433962264153,0.12307692307692308,0.70042194092827,0.2688679245283019,0.35514018691588783,0.0794392523364486,0.40963855421686746,0.25903614457831325,0.024096385542168676,7.8989361702127665,0.574468085106383,7.468085106382978,0.1984732824427481,0.43244313174281784,0.10429092015979152,0.43244313174281784,0.4666666666666667,,0.5,,,,,False,,1.5,,,,,False,
683953,Travis Bazzana,CLE,BAL,0,5.0,1.0,669358,Shane Baz,R,824791,6:35 PM ET,Camden Yards,0,1,0.18928571428571428,2026-09-09,824791,0,1,102.7,105.0,101.5,L,5,4,1,0,0,1,1,0,0,1,4,3,0,2,2,1,0,0.35866666666666663,1.0146666666666666,1,0,1,1,1,0,0.32653061224489793,0.375,0.8775510204081632,0.10714285714285714,0.3409090909090909,0.14285714285714285,0.017857142857142856,0.07142857142857142,0.10204081632653061,1.5333333333333334,0.4,0.3333333333333333,0.24444444444444444,0.4222222222222222,0.26666666666666666,0.022222222222222223,0.2665077777777778,0.38713888888888887,0.42857142857142855,0.06666666666666667,0.2785,0.4982833333333332,0.34,0.48,0.12280701754385964,0.16363636363636364,0.21818181818181817,0.234375,0.70042194092827,0.2688679245283019,0.35514018691588783,0.0794392523364486,0.40963855421686746,0.25903614457831325,0.024096385542168676,7.8989361702127665,0.574468085106383,7.468085106382978,0.1984732824427481,0.4961719683511457,0.11352125443132184,0.4961719683511457,0.4,,0.5,,,,,False,,1.5,,,,,False,
669016,Brandon Marsh,PHI,HOU,1,6.0,1.0,686613,Hunter Brown,R,823416,6:40 PM ET,Citizens Bank Park,0,1,0.19419237749546278,2026-09-09,823416,0,1,103.7,104.6,118.0,L,3,3,1,1,0,0,0,0,0,1,2,2,0,2,0,1,1,0.43000000000000005,0.9195000000000001,1,0,1,1,1,0,0.18421052631578946,0.24390243902439024,0.7631578947368421,0.21951219512195122,0.2413793103448276,0.02631578947368421,0.0,0.024390243902439025,0.02631578947368421,0.5333333333333333,0.6,0.20689655172413793,0.2413793103448276,0.41379310344827586,0.27586206896551724,0.034482758620689655,0.23488095238095236,0.3894404761904761,0.09090909090909091,0.09090909090909091,0.2045,0.24940000000000023,0.225,0.25,0.20930232558139536,0.21666666666666667,0.3333333333333333,0.3230769230769231,0.6282051282051282,0.1875,0.375,0.155,0.5714285714285714,0.20408163265306123,0.013605442176870748,7.132075471698114,1.1886792452830188,10.018867924528301,0.26339285714285715,0.6108659939799453,0.2621985955068365,0.6108659939799453,0.6,,0.5,,,,,False,,1.5,,,,,False,
650559,Bryan De La Cruz,PHI,HOU,1,9.0,1.0,686613,Hunter Brown,R,823416,6:40 PM ET,Citizens Bank Park,1,1,0.19419237749546278,2026-09-09,823416,0,1,103.7,104.6,118.0,R,2,2,0,0,0,0,0,0,0,0,0,2,0,1,1,0,1,0.28700000000000003,0.386,0,0,0,0,0,0,0.25,0.28888888888888886,0.725,0.24444444444444444,0.3,0.125,0.022222222222222223,0.044444444444444446,0.075,1.0,0.7333333333333333,0.45161290322580644,0.3225806451612903,0.5483870967741935,0.0967741935483871,0.03225806451612903,0.34199999999999997,0.475625,0.25,0.3333333333333333,0.3055833333333334,0.34387499999999965,0.24444444444444444,0.4,0.2916666666666667,0.35294117647058826,0.4411764705882353,0.15384615384615385,0.6282051282051282,0.1875,0.375,0.155,0.5714285714285714,0.20408163265306123,0.013605442176870748,7.132075471698114,1.1886792452830188,10.018867924528301,0.26339285714285715,0.4656352990395594,0.09999082289879636,0.4656352990395594,0.7333333333333333,,0.5,,,,,False,,1.5,,,,,False,
547180,Bryce Harper,PHI,HOU,1,3.0,1.0,686613,Hunter Brown,R,823416,6:40 PM ET,Citizens Bank Park,0,1,0.19419237749546278,2026-09-09,823416,0,1,103.7,104.6,118.0,L,4,4,1,0,0,0,0,0,0,1,1,3,0,2,0,2,0,0.2793333333333334,0.306,1,0,1,0,1,0,0.3888888888888889,0.47619047619047616,0.7037037037037037,0.25396825396825395,0.5277777777777778,0.2037037037037037,0.031746031746031744,0.07936507936507936,0.12962962962962962,2.1333333333333333,1.0666666666666667,0.47368421052631576,0.4473684210526316,0.2894736842105263,0.23684210526315788,0.05263157894736842,0.47867777777777776,0.79455,0.1875,0.3684210526315789,0.46345000000000003,0.5915999999999999,0.3404255319148936,0.425531914893617,0.171875,0.2786885245901639,0.4918032786885246,0.31343283582089554,0.6282051282051282,0.1875,0.375,0.155,0.5714285714285714,0.20408163265306123,0.013605442176870748,7.132075471698114,1.1886792452830188,10.018867924528301,0.26339285714285715,0.6772127595354936,0.32787565583152833,0.6772127595354936,1.0666666666666667,,0.5,,,,,False,,1.5,,,,,False,
681082,Bryson Stott,PHI,HOU,1,5.0,1.0,686613,Hunter Brown,R,823416,6:40 PM ET,Citizens Bank Park,0,1,0.19419237749546278,2026-09-09,823416,0,1,103.7,104.6,118.0,L,4,3,1,0,0,0,0,1,0,0,1,3,0,1,0,2,0,0.31133333333333335,0.3373333333333333,1,0,1,0,0,0,0.15384615384615385,0.19642857142857142,0.75,0.23214285714285715,0.1794871794871795,0.09615384615384616,0.017857142857142856,0.03571428571428571,0.057692307692307696,0.8666666666666667,0.8666666666666667,0.3,0.275,0.425,0.275,0.025,0.30467222222222223,0.5279166666666666,0.058823529411764705,0.15789473684210525,0.35545,0.6944333333333332,0.21428571428571427,0.2857142857142857,0.15,0.21568627450980393,0.4117647058823529,0.1694915254237288,0.6282051282051282,0.1875,0.375,0.155,0.5714285714285714,0.20408163265306123,0.013605442176870748,7.132075471698114,1.1886792452830188,10.018867924528301,0.26339285714285715,0.6144142627364274,0.2031865079351786,0.6144142627364274,0.8666666666666667,,0.5,,,,,False,,1.5,,,,,False,
592663,J.T. Realmuto,PHI,HOU,1,8.0,1.0,686613,Hunter Brown,R,823416,6:40 PM ET,Citizens Bank Park,1,1,0.19419237749546278,2026-09-09,823416,0,1,103.7,104.6,118.0,R,4,4,0,0,0,0,0,0,0,0,0,4,1,3,3,0,1,0.33625,0.75,0,0,0,0,0,0,0.22916666666666666,0.3333333333333333,0.7708333333333334,0.19298245614035087,0.25,0.1875,0.03508771929824561,0.05263157894736842,0.10416666666666667,1.3333333333333333,0.7333333333333333,0.42105263157894735,0.23684210526315788,0.39473684210526316,0.21052631578947367,0.07894736842105263,0.32915476190476195,0.5272023809523809,0.0625,0.3888888888888889,0.13752083333333345,0.29652083333333334,0.14814814814814814,0.24074074074074073,0.22413793103448276,0.3137254901960784,0.45098039215686275,0.16666666666666666,0.6282051282051282,0.1875,0.375,0.155,0.5714285714285714,0.20408163265306123,0.013605442176870748,7.132075471698114,1.1886792452830188,10.018867924528301,0.26339285714285715,0.5815813801599433,0.20882449713700044,0.5815813801599433,0.7333333333333333,,0.5,,,,,False,,1.5,,,,,False,
702222,Justin Crawford,PHI,HOU,1,7.0,1.0,686613,Hunter Brown,R,823416,6:40 PM ET,Citizens Bank Park,0,1,0.19419237749546278,2026-09-09,823416,0,1,103.7,104.6,118.0,L,2,2,1,1,0,0,0,0,0,0,2,2,0,1,0,1,1,0.301,0.443,1,0,1,1,0,0,0.1891891891891892,0.2619047619047619,0.8648648648648649,0.11627906976744186,0.21212121212121213,0.0,0.0,0.0,0.0,0.4666666666666667,0.3333333333333333,0.5,0.14705882352941177,0.7352941176470589,0.08823529411764706,0.0,0.25729166666666664,0.3124345238095238,0.1,0.3,0.21000000000000002,0.2665,0.1891891891891892,0.1891891891891892,0.11627906976744186,0.23076923076923078,0.3076923076923077,0.2619047619047619,0.6282051282051282,0.1875,0.375,0.155,0.5714285714285714,0.20408163265306123,0.013605442176870748,7.132075471698114,1.1886792452830188,10.018867924528301,0.26339285714285715,0.463683609546407,0.1349645852951531,0.463683609546407,0.3333333333333333,,0.5,,,,,False,,1.5,,,,,False,
656941,Kyle Schwarber,PHI,HOU,1,1.0,1.0,686613,Hunter Brown,R,823416,6:40 PM ET,Citizens Bank Park,0,1,0.19419237749546278,2026-09-09,823416,0,1,103.7,104.6,118.0,L,5,5,1,0,0,0,0,0,0,0,1,5,0,1,0,1,3,0.38,0.4614,1,0,1,0,0,0,0.24561403508771928,0.3382352941176471,0.7368421052631579,0.22058823529411764,0.21052631578947367,0.3508771929824561,0.08823529411764706,0.029411764705882353,0.14035087719298245,2.2666666666666666,1.0,0.4318181818181818,0.22727272727272727,0.4318181818181818,0.29545454545454547,0.06818181818181818,0.35638333333333333,0.7685222222222222,0.2777777777777778,0.19047619047619047,0.47346666666666665,1.0912666666666668,0.1935483870967742,0.532258064516129,0.2647058823529412,0.25925925925925924,0.4444444444444444,0.29411764705882354,0.6282051282051282,0.1875,0.375,0.155,0.5714285714285714,0.20408163265306123,0.013605442176870748,7.132075471698114,1.1886792452830188,10.018867924528301,0.26339285714285715,0.7084292478690076,0.3570820771933789,0.7084292478690076,1.0,,0.5,,,,,False,,1.5,,,,,False,
650333,Luis Arraez,PHI,HOU,1,4.0,1.0,686613,Hunter Brown,R,823416,6:40 PM ET,Citizens Bank Park,0,1,0.19419237749546278,2026-09-09,823416,0,1,103.7,104.6,118.0,L,4,3,1,0,0,0,0,1,0,0,1,3,0,1,1,1,1,0.10566666666666667,0.18033333333333335,1,0,1,0,0,0,0.26,0.2641509433962264,0.96,0.03773584905660377,0.26,0.02,0.0,0.018867924528301886,0.02,0.9333333333333333,0.13333333333333333,0.08,0.28,0.36,0.3,0.0,0.26015119047619045,0.32201547619047616,0.2777777777777778,0.10526315789473684,0.2394833333333334,0.3348833333333333,0.25925925925925924,0.35185185185185186,0.05357142857142857,0.41935483870967744,0.5,0.045454545454545456,0.6282051282051282,0.1875,0.375,0.155,0.5714285714285714,0.20408163265306123,0.013605442176870748,7.132075471698114,1.1886792452830188,10.018867924528301,0.26339285714285715,0.29001131945733905,0.05036884486874147,0.29001131945733905,0.13333333333333333,,0.5,,,,,False,,1.5,,,,,False,
607208,Trea Turner,PHI,HOU,1,2.0,1.0,686613,Hunter Brown,R,823416,6:40 PM ET,Citizens Bank Park,1,1,0.19419237749546278,2026-09-09,823416,0,1,103.7,104.6,118.0,R,4,4,2,1,0,1,0,0,0,1,6,3,0,2,1,0,2,0.38766666666666666,0.693,1,1,1,1,1,0,0.19047619047619047,0.23880597014925373,0.8095238095238095,0.1791044776119403,0.23529411764705882,0.06349206349206349,0.0,0.05970149253731343,0.06349206349206349,1.0666666666666667,0.8,0.37254901960784315,0.13725490196078433,0.43137254901960786,0.27450980392156865,0.0784313725490196,0.23851777777777777,0.38745888888888896,0.2,0.19047619047619047,0.25488333333333335,0.4308000000000002,0.13333333333333333,0.2,0.24242424242424243,0.31746031746031744,0.4444444444444444,0.14492753623188406,0.6282051282051282,0.1875,0.375,0.155,0.5714285714285714,0.20408163265306123,0.013605442176870748,7.132075471698114,1.1886792452830188,10.018867924528301,0.26339285714285715,0.6190243041059972,0.2616149616872879,0.6190243041059972,0.8,,0.5,,,,,False,,1.5,,,,,False,
701358,Cam Smith,HOU,PHI,0,8.0,1.0,650911,Cristopher Sánchez,L,823416,6:40 PM ET,Citizens Bank Park,1,0,0.2357142857142857,2026-09-09,823416,0,1,103.7,104.6,118.0,R,4,3,1,0,0,1,1,0,0,1,4,2,1,1,1,1,0,0.5505,1.6965,1,0,1,1,1,0,0.13953488372093023,0.17777777777777778,0.6511627906976745,0.3333333333333333,0.21428571428571427,0.16279069767441862,0.0,0.022222222222222223,0.09302325581395349,0.8666666666666667,1.0,0.35714285714285715,0.35714285714285715,0.39285714285714285,0.14285714285714285,0.0,0.29773076923076924,0.41158333333333336,0.23076923076923078,0.5,0.30038888888888876,0.44511111111111107,0.13333333333333333,0.3333333333333333,0.2653061224489796,0.16666666666666666,0.4791666666666667,0.2549019607843137,0.6573705179282868,0.26785714285714285,0.391304347826087,0.10434782608695652,0.5878787878787879,0.12121212121212122,0.01818181818181818,8.169230769230769,1.1076923076923078,9.692307692307692,0.2692307692307692,0.6548613207254627,0.21718158734246648,0.6548613207254627,1.0,,0.5,,,,,False,,1.5,,,,,False,
572233,Christian Walker,HOU,PHI,0,6.0,1.0,650911,Cristopher Sánchez,L,823416,6:40 PM ET,Citizens Bank Park,1,0,0.2357142857142857,2026-09-09,823416,0,1,103.7,104.6,118.0,R,4,3,2,0,0,1,1,0,0,0,5,3,1,2,1,1,0,0.503,1.4889999999999999,1,1,1,1,0,0,0.18181818181818182,0.23728813559322035,0.7818181818181819,0.2033898305084746,0.21428571428571427,0.07272727272727272,0.01694915254237288,0.01694915254237288,0.03636363636363636,0.9333333333333333,0.8,0.32558139534883723,0.20930232558139536,0.46511627906976744,0.23255813953488372,0.0,0.26951111111111115,0.40546666666666664,0.25,0.17647058823529413,0.27603333333333335,0.3527833333333336,0.15254237288135594,0.22033898305084745,0.3,0.27906976744186046,0.4186046511627907,0.14814814814814814,0.6573705179282868,0.26785714285714285,0.391304347826087,0.10434782608695652,0.5878787878787879,0.12121212121212122,0.01818181818181818,8.169230769230769,1.1076923076923078,9.692307692307692,0.2692307692307692,0.6685033776488208,0.23347335176341186,0.6685033776488208,0.8,,0.5,,,,,False,,1.5,,,,,False,
662139,Daulton Varsho,HOU,PHI,0,7.0,1.0,650911,Cristopher Sánchez,L,823416,6:40 PM ET,Citizens Bank Park,0,0,0.2357142857142857,2026-09-09,823416,0,1,103.7,104.6,118.0,L,5,5,3,1,0,1,0,0,0,2,7,3,0,2,1,1,1,0.5486666666666667,1.0966666666666667,1,1,1,1,1,1,0.20689655172413793,0.25806451612903225,0.7758620689655172,0.20967741935483872,0.23255813953488372,0.1724137931034483,0.03225806451612903,0.03225806451612903,0.08620689655172414,1.4666666666666666,0.8666666666666667,0.3111111111111111,0.17777777777777778,0.35555555555555557,0.4222222222222222,0.044444444444444446,0.31200555555555554,0.49296111111111107,0.17647058823529413,0.10526315789473684,0.3165499999999999,0.5263833333333333,0.2033898305084746,0.3389830508474576,0.1935483870967742,0.17857142857142858,0.30357142857142855,0.2033898305084746,0.6573705179282868,0.26785714285714285,0.391304347826087,0.10434782608695652,0.5878787878787879,0.12121212121212122,0.01818181818181818,8.169230769230769,1.1076923076923078,9.692307692307692,0.2692307692307692,0.6390597194569217,0.2096815730591952,0.6390597194569217,0.8666666666666667,,0.5,,,,,False,,1.5,,,,,False,
670623,Isaac Paredes,HOU,PHI,0,3.0,1.0,650911,Cristopher Sánchez,L,823416,6:40 PM ET,Citizens Bank Park,1,0,0.2357142857142857,2026-09-09,823416,0,1,103.7,104.6,118.0,R,5,3,1,0,0,0,2,0,0,1,1,2,0,1,0,0,1,0.47000000000000003,0.5755,1,0,1,0,1,0,0.21568627450980393,0.36923076923076925,0.8627450980392157,0.1076923076923077,0.20930232558139536,0.1568627450980392,0.03076923076923077,0.03076923076923077,0.0784313725490196,1.2666666666666666,0.4666666666666667,0.24444444444444444,0.15555555555555556,0.24444444444444444,0.37777777777777777,0.0,0.1842888888888889,0.24499555555555558,0.29411764705882354,0.14285714285714285,0.20103333333333334,0.2963866666666666,0.2916666666666667,0.5,0.03076923076923077,0.24193548387096775,0.3064516129032258,0.16176470588235295,0.6573705179282868,0.26785714285714285,0.391304347826087,0.10434782608695652,0.5878787878787879,0.12121212121212122,0.01818181818181818,8.169230769230769,1.1076923076923078,9.692307692307692,0.2692307692307692,0.5123780724029262,0.08244921160083617,0.5123780724029262,0.4666666666666667,,0.5,,,,,False,,1.5,,,,,False,
665161,Jeremy Peña,HOU,PHI,0,1.0,1.0,650911,Cristopher Sánchez,L,823416,6:40 PM ET,Citizens Bank Park,1,0,0.2357142857142857,2026-09-09,823416,0,1,103.7,104.6,118.0,R,5,5,1,1,0,0,0,0,0,1,2,4,0,2,1,1,2,0.3775,0.642,1,0,1,1,1,0,0.20967741935483872,0.25757575757575757,0.6451612903225806,0.3333333333333333,0.2702702702702703,0.1774193548387097,0.045454545454545456,0.030303030303030304,0.08064516129032258,1.6,1.4666666666666666,0.325,0.175,0.45,0.325,0.025,0.34397777777777777,0.5802888888888889,0.09523809523809523,0.2727272727272727,0.26408333333333334,0.4162833333333332,0.1896551724137931,0.39655172413793105,0.29508196721311475,0.20967741935483872,0.27419354838709675,0.3076923076923077,0.6573705179282868,0.26785714285714285,0.391304347826087,0.10434782608695652,0.5878787878787879,0.12121212121212122,0.01818181818181818,8.169230769230769,1.1076923076923078,9.692307692307692,0.2692307692307692,0.7485745854033858,0.3450809196844971,0.7485745854033858,1.4666666666666666,,0.5,,,,,False,,1.5,,,,,False,
678489,Jorge Barrosa,HOU,PHI,0,9.0,1.0,650911,Cristopher Sánchez,L,823416,6:40 PM ET,Citizens Bank Park,1,0,0.2357142857142857,2026-09-09,823416,0,1,103.7,104.6,118.0,R,1,1,1,0,0,0,0,0,0,0,1,1,0,0,0,1,0,0.282,0.285,1,0,1,0,0,0,0.26666666666666666,0.3684210526315789,0.7333333333333333,0.18181818181818182,0.3333333333333333,0.0,0.0,0.0,0.0,0.26666666666666666,0.26666666666666666,0.26666666666666666,0.2,0.4,0.3333333333333333,0.0,0.4066296296296296,0.5324814814814816,0.14285714285714285,0.3333333333333333,0.3965000000000001,0.5664999999999999,0.32,0.48,0.16129032258064516,0.16666666666666666,0.2222222222222222,0.18518518518518517,0.6573705179282868,0.26785714285714285,0.391304347826087,0.10434782608695652,0.5878787878787879,0.12121212121212122,0.01818181818181818,8.169230769230769,1.1076923076923078,9.692307692307692,0.2692307692307692,0.35455400974390433,0.0465230662614432,0.35455400974390433,0.26666666666666666,,0.5,,,,,False,,1.5,,,,,False,
514888,Jose Altuve,HOU,PHI,0,4.0,1.0,650911,Cristopher Sánchez,L,823416,6:40 PM ET,Citizens Bank Park,1,0,0.2357142857142857,2026-09-09,823416,0,1,103.7,104.6,118.0,R,5,5,0,0,0,0,0,0,0,1,0,4,0,1,2,1,0,0.11524999999999999,0.258,0,0,0,0,1,0,0.25862068965517243,0.3125,0.7758620689655172,0.203125,0.29545454545454547,0.1724137931034483,0.03125,0.0625,0.10344827586206896,1.6666666666666667,0.8666666666666667,0.391304347826087,0.2826086956521739,0.34782608695652173,0.2826086956521739,0.021739130434782608,0.27144999999999997,0.3811222222222222,0.2631578947368421,0.19047619047619047,0.28995,0.39261666666666695,0.2222222222222222,0.4074074074074074,0.19672131147540983,0.23728813559322035,0.4067796610169492,0.25806451612903225,0.6573705179282868,0.26785714285714285,0.391304347826087,0.10434782608695652,0.5878787878787879,0.12121212121212122,0.01818181818181818,8.169230769230769,1.1076923076923078,9.692307692307692,0.2692307692307692,0.6660848133835063,0.2747271584184952,0.6660848133835063,0.8666666666666667,,0.5,,,,,False,,1.5,,,,,False,
673237,Yainer Diaz,HOU,PHI,0,5.0,1.0,650911,Cristopher Sánchez,L,823416,6:40 PM ET,Citizens Bank Park,1,0,0.2357142857142857,2026-09-09,823416,0,1,103.7,104.6,118.0,R,5,5,2,0,0,0,0,0,0,0,2,5,0,2,0,3,1,0.1678,0.1988,1,1,1,1,0,0,0.32653061224489793,0.35294117647058826,0.7959183673469388,0.19607843137254902,0.3611111111111111,0.24489795918367346,0.058823529411764705,0.058823529411764705,0.12244897959183673,1.8666666666666667,0.6666666666666666,0.48717948717948717,0.15384615384615385,0.5897435897435898,0.1794871794871795,0.0,0.3198205128205128,0.5162884615384615,0.3125,0.25,0.331875,0.5765,0.29411764705882354,0.49019607843137253,0.11320754716981132,0.22448979591836735,0.2653061224489796,0.22641509433962265,0.6573705179282868,0.26785714285714285,0.391304347826087,0.10434782608695652,0.5878787878787879,0.12121212121212122,0.01818181818181818,8.169230769230769,1.1076923076923078,9.692307692307692,0.2692307692307692,0.5855957101369665,0.15772337969646055,0.5855957101369665,0.6666666666666666,,0.5,,,,,False,,1.5,,,,,False,
670541,Yordan Alvarez,HOU,PHI,0,2.0,1.0,650911,Cristopher Sánchez,L,823416,6:40 PM ET,Citizens Bank Park,0,0,0.2357142857142857,2026-09-09,823416,0,1,103.7,104.6,118.0,L,5,5,0,0,0,0,0,0,0,1,0,4,0,2,1,3,0,0.3355,0.9377500000000001,0,0,0,0,1,0,0.2549019607843137,0.4090909090909091,0.7254901960784313,0.21212121212121213,0.3055555555555556,0.17647058823529413,0.030303030303030304,0.015151515151515152,0.0784313725490196,1.4666666666666666,0.9333333333333333,0.47368421052631576,0.21052631578947367,0.3157894736842105,0.39473684210526316,0.0,0.3693392857142857,0.5600119047619048,0.2777777777777778,0.18181818181818182,0.4018,0.4862000000000003,0.3191489361702128,0.5106382978723404,0.22580645161290322,0.23214285714285715,0.30357142857142855,0.13432835820895522,0.6573705179282868,0.26785714285714285,0.391304347826087,0.10434782608695652,0.5878787878787879,0.12121212121212122,0.01818181818181818,8.169230769230769,1.1076923076923078,9.692307692307692,0.2692307692307692,0.609185343297581,0.20532354388456797,0.609185343297581,0.9333333333333333,,0.5,,,,,False,,1.5,,,,,False,
688363,Graham Pauley,MIA,NYM,1,8.0,1.0,476594,Robert Stock,R,823818,6:40 PM ET,loanDepot Park,0,1,0.22758620689655173,2026-09-09,823818,1,0,99.1,96.1,86.7,L,4,3,1,0,0,1,0,1,0,2,4,1,0,1,1,0,0,0.72,2.102,1,0,1,1,1,1,0.23076923076923078,0.27906976744186046,0.7948717948717948,0.18604651162790697,0.25806451612903225,0.20512820512820512,0.023255813953488372,0.06976744186046512,0.1282051282051282,1.1333333333333333,0.5333333333333333,0.34375,0.25,0.4375,0.25,0.0625,0.31150595238095236,0.46144642857142854,0.15384615384615385,0.125,0.21334999999999998,0.30565,0.23076923076923078,0.4358974358974359,0.18604651162790697,0.2727272727272727,0.7272727272727273,0.21428571428571427,0.6645569620253164,0.2868217054263566,0.45112781954887216,0.14285714285714285,0.4095238095238095,0.3047619047619048,0.01904761904761905,10.636363636363637,2.454545454545454,7.363636363636364,0.16666666666666666,0.4555610136537156,0.1149890155003656,0.4555610136537156,0.5333333333333333,,0.5,,,,,False,,1.5,,,,,False,
665052,Griffin Conine,MIA,NYM,1,3.0,1.0,476594,Robert Stock,R,823818,6:40 PM ET,loanDepot Park,0,1,0.22758620689655173,2026-09-09,823818,1,0,99.1,96.1,86.7,L,2,2,0,0,0,0,0,0,0,0,0,2,1,1,1,0,0,0.3285,1.1155000000000002,0,0,0,0,0,0,0.19148936170212766,0.3448275862068966,0.6808510638297872,0.25862068965517243,0.25806451612903225,0.06382978723404255,0.017241379310344827,0.0,0.02127659574468085,0.8,1.0,0.40625,0.25,0.4375,0.25,0.0,0.2820595238095238,0.47351190476190474,0.2222222222222222,0.18181818181818182,0.22160000000000007,0.5447,0.16666666666666666,0.2916666666666667,0.29310344827586204,0.23255813953488372,0.37209302325581395,0.3125,0.6645569620253164,0.2868217054263566,0.45112781954887216,0.14285714285714285,0.4095238095238095,0.3047619047619048,0.01904761904761905,10.636363636363637,2.454545454545454,7.363636363636364,0.16666666666666666,0.6721648059451107,0.28765141887417367,0.6721648059451107,1.0,,0.5,,,,,False,,1.5,,,,,False,
681715,Heriberto Hernández,MIA,NYM,1,2.0,1.0,476594,Robert Stock,R,823818,6:40 PM ET,loanDepot Park,1,1,0.22758620689655173,2026-09-09,823818,1,0,99.1,96.1,86.7,R,4,4,1,0,0,0,0,0,0,0,1,4,0,3,1,2,1,0.45075,1.14975,1,0,1,0,0,0,0.22807017543859648,0.34328358208955223,0.7017543859649122,0.2537313432835821,0.22857142857142856,0.3157894736842105,0.07462686567164178,0.04477611940298507,0.14035087719298245,2.066666666666667,1.1333333333333333,0.375,0.175,0.275,0.4,0.0,0.33037,0.7625722222222222,0.15,0.36363636363636365,0.2457666666666667,0.6086833333333335,0.2641509433962264,0.6037735849056604,0.26153846153846155,0.1724137931034483,0.3793103448275862,0.25757575757575757,0.6645569620253164,0.2868217054263566,0.45112781954887216,0.14285714285714285,0.4095238095238095,0.3047619047619048,0.01904761904761905,10.636363636363637,2.454545454545454,7.363636363636364,0.16666666666666666,0.6536446088111164,0.268937383899416,0.6536446088111164,1.1333333333333333,,0.5,,,,,False,,1.5,,,,,False,
805300,Jakob Marsee,MIA,NYM,1,5.0,1.0,476594,Robert Stock,R,823818,6:40 PM ET,loanDepot Park,0,1,0.22758620689655173,2026-09-09,823818,1,0,99.1,96.1,86.7,L,4,4,3,1,0,0,0,0,0,0,4,4,0,1,0,1,2,0.601,0.6815,1,1,1,1,0,0,0.2765957446808511,0.41379310344827586,0.7872340425531915,0.1724137931034483,0.3142857142857143,0.19148936170212766,0.034482758620689655,0.05172413793103448,0.10638297872340426,1.4666666666666666,0.6666666666666666,0.40540540540540543,0.4594594594594595,0.35135135135135137,0.1891891891891892,0.0,0.33098809523809525,0.4910595238095238,0.3333333333333333,0.05555555555555555,0.3766666666666667,0.5295416666666667,0.2653061224489796,0.5306122448979592,0.18032786885245902,0.23255813953488372,0.27906976744186046,0.2037037037037037,0.6645569620253164,0.2868217054263566,0.45112781954887216,0.14285714285714285,0.4095238095238095,0.3047619047619048,0.01904761904761905,10.636363636363637,2.454545454545454,7.363636363636364,0.16666666666666666,0.5088026020588359,0.15680720272556073,0.5088026020588359,0.6666666666666666,,0.5,,,,,False,,1.5,,,,,False,
691594,Javier Sanoja,MIA,NYM,1,6.0,1.0,476594,Robert Stock,R,823818,6:40 PM ET,loanDepot Park,1,1,0.22758620689655173,2026-09-09,823818,1,0,99.1,96.1,86.7,R,4,4,1,0,0,0,0,0,0,1,1,3,0,1,1,2,0,0.24866666666666667,0.3143333333333333,1,0,1,0,1,0,0.3620689655172414,0.4126984126984127,0.9482758620689655,0.047619047619047616,0.3584905660377358,0.1896551724137931,0.031746031746031744,0.047619047619047616,0.10344827586206896,2.1333333333333333,0.2,0.36363636363636365,0.3090909090909091,0.4727272727272727,0.16363636363636364,0.0,0.35507777777777777,0.4613111111111111,0.3888888888888889,0.0,0.3134166666666666,0.4537333333333334,0.4,0.64,0.05555555555555555,0.2692307692307692,0.40384615384615385,0.09090909090909091,0.6645569620253164,0.2868217054263566,0.45112781954887216,0.14285714285714285,0.4095238095238095,0.3047619047619048,0.01904761904761905,10.636363636363637,2.454545454545454,7.363636363636364,0.16666666666666666,0.3392094136746752,0.05860929306712994,0.3392094136746752,0.2,,0.5,,,,,False,,1.5,,,,,False,
691788,Joe Mack,MIA,NYM,1,9.0,1.0,476594,Robert Stock,R,823818,6:40 PM ET,loanDepot Park,0,1,0.22758620689655173,2026-09-09,823818,1,0,99.1,96.1,86.7,L,1,1,1,1,0,0,0,0,0,0,2,1,0,1,1,0,0,0.423,1.103,1,0,1,1,0,0,0.19047619047619047,0.20454545454545456,0.7380952380952381,0.25,0.25,0.023809523809523808,0.0,0.022727272727272728,0.023809523809523808,0.6,0.7333333333333333,0.3125,0.21875,0.53125,0.15625,0.0,0.26187820512820514,0.3054294871794872,0.13333333333333333,0.3333333333333333,0.2964375,0.38568749999999996,0.2222222222222222,0.3111111111111111,0.2916666666666667,0.2,0.3,0.2727272727272727,0.6645569620253164,0.2868217054263566,0.45112781954887216,0.14285714285714285,0.4095238095238095,0.3047619047619048,0.01904761904761905,10.636363636363637,2.454545454545454,7.363636363636364,0.16666666666666666,0.4776688676176822,0.12519765190382565,0.4776688676176822,0.7333333333333333,,0.5,,,,,False,,1.5,,,,,False,
669065,Kyle Stowers,MIA,NYM,1,1.0,1.0,476594,Robert Stock,R,823818,6:40 PM ET,loanDepot Park,0,1,0.22758620689655173,2026-09-09,823818,1,0,99.1,96.1,86.7,L,2,2,0,0,0,0,0,0,0,2,0,0,0,0,0,0,0,0.238,0.267,0,0,0,0,1,1,0.28,0.4,0.56,0.36666666666666664,0.44,0.28,0.05,0.05,0.14,1.8666666666666667,1.4666666666666666,0.7142857142857143,0.25,0.39285714285714285,0.32142857142857145,0.03571428571428571,0.4221845238095238,0.9118452380952381,0.2777777777777778,0.34782608695652173,0.3921166666666667,0.8178333333333331,0.3,0.58,0.35,0.19642857142857142,0.32142857142857145,0.3333333333333333,0.6645569620253164,0.2868217054263566,0.45112781954887216,0.14285714285714285,0.4095238095238095,0.3047619047619048,0.01904761904761905,10.636363636363637,2.454545454545454,7.363636363636364,0.16666666666666666,0.7505911008320623,0.33271031848652466,0.7505911008320623,1.4666666666666666,,0.5,,,,,False,,1.5,,,,,False,
672640,Otto Lopez,MIA,NYM,1,4.0,1.0,476594,Robert Stock,R,823818,6:40 PM ET,loanDepot Park,1,1,0.22758620689655173,2026-09-09,823818,1,0,99.1,96.1,86.7,R,4,4,1,0,0,0,0,0,0,1,1,3,1,1,2,0,1,0.5123333333333333,0.9323333333333332,1,0,1,0,1,0,0.2542372881355932,0.30303030303030304,0.8305084745762712,0.15151515151515152,0.28,0.11864406779661017,0.015151515151515152,0.030303030303030304,0.06779661016949153,1.4666666666666666,0.6666666666666666,0.4117647058823529,0.1568627450980392,0.5098039215686274,0.23529411764705882,0.0,0.3040388888888889,0.4561944444444445,0.2222222222222222,0.047619047619047616,0.25216666666666665,0.3455666666666667,0.21052631578947367,0.22807017543859648,0.08064516129032258,0.21875,0.328125,0.19444444444444445,0.6645569620253164,0.2868217054263566,0.45112781954887216,0.14285714285714285,0.4095238095238095,0.3047619047619048,0.01904761904761905,10.636363636363637,2.454545454545454,7.363636363636364,0.16666666666666666,0.5495842508014293,0.1409188418813266,0.5495842508014293,0.6666666666666666,,0.5,,,,,False,,1.5,,,,,False,
683357,Owen Caissie,MIA,NYM,1,7.0,1.0,476594,Robert Stock,R,823818,6:40 PM ET,loanDepot Park,0,1,0.22758620689655173,2026-09-09,823818,1,0,99.1,96.1,86.7,L,1,1,0,0,0,0,0,0,0,1,0,0,0,0,0,0,0,0.649,0.727,0,0,0,0,1,0,0.15,0.24444444444444444,0.625,0.32608695652173914,0.24,0.05,0.0,0.043478260869565216,0.05,0.5333333333333333,1.0,0.36,0.2,0.52,0.16,0.0,0.2974487179487179,0.37887820512820514,0.13333333333333333,0.3888888888888889,0.3005416666666667,0.33370833333333344,0.12195121951219512,0.24390243902439024,0.3695652173913043,0.25925925925925924,0.2962962962962963,0.375,0.6645569620253164,0.2868217054263566,0.45112781954887216,0.14285714285714285,0.4095238095238095,0.3047619047619048,0.01904761904761905,10.636363636363637,2.454545454545454,7.363636363636364,0.16666666666666666,0.6905081684030744,0.2568130569347512,0.6905081684030744,1.0,,0.5,,,,,False,,1.5,,,,,False,
805999,A.J. Ewing,NYM,MIA,0,7.0,1.0,676083,Janson Junk,R,823818,6:40 PM ET,loanDepot Park,0,1,0.21441124780316345,2026-09-09,823818,1,0,99.1,96.1,86.7,L,4,4,1,1,0,0,0,0,0,0,2,4,0,3,2,1,1,0.35450000000000004,0.44825000000000004,1,0,1,1,0,0,0.2413793103448276,0.2903225806451613,0.7758620689655172,0.203125,0.29545454545454547,0.08620689655172414,0.015625,0.03125,0.05172413793103448,1.2666666666666666,0.8666666666666667,0.32608695652173914,0.32608695652173914,0.4782608695652174,0.15217391304347827,0.0,0.3048966666666667,0.44933333333333336,0.3888888888888889,0.13636363636363635,0.3440566666666666,0.5764199999999999,0.19298245614035087,0.2807017543859649,0.234375,0.25862068965517243,0.43103448275862066,0.31746031746031744,0.7555555555555555,0.2356687898089172,0.38509316770186336,0.13043478260869565,0.4485294117647059,0.19852941176470587,0.007352941176470588,9.70059880239521,1.2934131736526946,6.1437125748503,0.16101694915254236,0.6270283074094415,0.2540332237731345,0.6270283074094415,0.8666666666666667,,0.5,,,,,False,,1.5,,,,,False,
666182,Bo Bichette,NYM,MIA,0,3.0,1.0,676083,Janson Junk,R,823818,6:40 PM ET,loanDepot Park,1,1,0.21441124780316345,2026-09-09,823818,1,0,99.1,96.1,86.7,R,5,4,1,0,0,0,1,0,0,0,1,4,0,2,2,1,1,0.25925000000000004,0.44699999999999995,1,0,1,0,0,0,0.25862068965517243,0.31746031746031744,0.8103448275862069,0.1746031746031746,0.2558139534883721,0.25862068965517243,0.06349206349206349,0.047619047619047616,0.1206896551724138,2.0,0.7333333333333333,0.48936170212765956,0.2553191489361702,0.425531914893617,0.2978723404255319,0.02127659574468085,0.33188333333333336,0.5984833333333335,0.35,0.17391304347826086,0.48185,0.9077666666666666,0.2807017543859649,0.5087719298245614,0.140625,0.29310344827586204,0.46551724137931033,0.2153846153846154,0.7555555555555555,0.2356687898089172,0.38509316770186336,0.13043478260869565,0.4485294117647059,0.19852941176470587,0.007352941176470588,9.70059880239521,1.2934131736526946,6.1437125748503,0.16101694915254236,0.5109657263124319,0.12782171834858533,0.5109657263124319,0.7333333333333333,,0.5,,,,,False,,1.5,,,,,False,
683146,Brett Baty,NYM,MIA,0,8.0,1.0,676083,Janson Junk,R,823818,6:40 PM ET,loanDepot Park,0,1,0.21441124780316345,2026-09-09,823818,1,0,99.1,96.1,86.7,L,4,3,1,0,0,1,0,0,1,0,4,4,0,2,2,0,2,0.5473333333333333,1.6786666666666665,1,0,1,1,0,0,0.35294117647058826,0.42105263157894735,0.7647058823529411,0.21052631578947367,0.44,0.2647058823529412,0.02631578947368421,0.15789473684210525,0.20588235294117646,1.4,0.5333333333333333,0.5384615384615384,0.34615384615384615,0.3076923076923077,0.34615384615384615,0.0,0.35690476190476195,0.7833928571428571,0.3333333333333333,0.14285714285714285,0.34140000000000004,0.9754666666666669,0.3142857142857143,0.6,0.2631578947368421,0.19148936170212766,0.2553191489361702,0.3392857142857143,0.7555555555555555,0.2356687898089172,0.38509316770186336,0.13043478260869565,0.4485294117647059,0.19852941176470587,0.007352941176470588,9.70059880239521,1.2934131736526946,6.1437125748503,0.16101694915254236,0.5011723729830414,0.18458653859843818,0.5011723729830414,0.5333333333333333,,0.5,,,,,False,,1.5,,,,,False,
701807,Carson Benge,NYM,MIA,0,4.0,1.0,676083,Janson Junk,R,823818,6:40 PM ET,loanDepot Park,0,1,0.21441124780316345,2026-09-09,823818,1,0,99.1,96.1,86.7,L,5,3,0,0,0,0,2,0,0,2,0,1,0,0,0,1,0,0.344,0.39,0,0,0,0,1,1,0.3,0.34375,0.7333333333333333,0.25,0.3953488372093023,0.1,0.015625,0.046875,0.06666666666666667,1.6,1.0666666666666667,0.20454545454545456,0.29545454545454547,0.3181818181818182,0.3409090909090909,0.0,0.3645455555555556,0.5089222222222223,0.25,0.22727272727272727,0.33275,0.43846666666666667,0.2711864406779661,0.4067796610169492,0.22580645161290322,0.24561403508771928,0.42105263157894735,0.2786885245901639,0.7555555555555555,0.2356687898089172,0.38509316770186336,0.13043478260869565,0.4485294117647059,0.19852941176470587,0.007352941176470588,9.70059880239521,1.2934131736526946,6.1437125748503,0.16101694915254236,0.6325256673455121,0.20565974570972548,0.6325256673455121,1.0666666666666667,,0.5,,,,,False,,1.5,,,,,False,
596019,Francisco Lindor,NYM,MIA,0,1.0,1.0,676083,Janson Junk,R,823818,6:40 PM ET,loanDepot Park,0,1,0.21441124780316345,2026-09-09,823818,1,0,99.1,96.1,86.7,L,3,2,1,0,0,1,0,1,0,0,4,2,0,2,1,0,1,0.5315,1.532,1,0,1,1,0,0,0.19444444444444445,0.2564102564102564,0.7777777777777778,0.20512820512820512,0.16,0.25,0.07692307692307693,0.0,0.08333333333333333,1.0666666666666667,0.5333333333333333,0.5,0.14285714285714285,0.4642857142857143,0.35714285714285715,0.0,0.3061190476190476,0.4709047619047619,0.2,0.2727272727272727,0.25090000000000023,0.28480000000000044,0.20634920634920634,0.36507936507936506,0.2318840579710145,0.22950819672131148,0.5901639344262295,0.19402985074626866,0.7555555555555555,0.2356687898089172,0.38509316770186336,0.13043478260869565,0.4485294117647059,0.19852941176470587,0.007352941176470588,9.70059880239521,1.2934131736526946,6.1437125748503,0.16101694915254236,0.4262027862608903,0.09447032446014643,0.4262027862608903,0.5333333333333333,,0.5,,,,,False,,1.5,,,,,False,
676724,Jared Young,NYM,MIA,0,5.0,1.0,676083,Janson Junk,R,823818,6:40 PM ET,loanDepot Park,0,1,0.21441124780316345,2026-09-09,823818,1,0,99.1,96.1,86.7,L,5,4,1,0,0,0,1,0,0,1,1,3,0,1,1,2,0,0.33433333333333337,0.38833333333333336,1,0,1,0,1,0,0.25,0.2777777777777778,0.75,0.23636363636363636,0.3333333333333333,0.11538461538461539,0.0,0.07272727272727272,0.09615384615384616,1.2666666666666666,0.8666666666666667,0.38461538461538464,0.20512820512820512,0.5384615384615384,0.20512820512820512,0.0,0.30607222222222225,0.4027777777777778,0.21428571428571427,0.3125,0.38766666666666666,0.48393333333333305,0.2708333333333333,0.375,0.23529411764705882,0.23076923076923078,0.4358974358974359,0.15,0.7555555555555555,0.2356687898089172,0.38509316770186336,0.13043478260869565,0.4485294117647059,0.19852941176470587,0.007352941176470588,9.70059880239521,1.2934131736526946,6.1437125748503,0.16101694915254236,0.5386748487731483,0.13496600852585008,0.5386748487731483,0.8666666666666667,,0.5,,,,,False,,1.5,,,,,False,
665742,Juan Soto,NYM,MIA,0,2.0,1.0,676083,Janson Junk,R,823818,6:40 PM ET,loanDepot Park,0,1,0.21441124780316345,2026-09-09,823818,1,0,99.1,96.1,86.7,L,5,4,2,1,0,1,1,0,0,0,6,4,1,2,2,1,1,0.39425,1.2725,1,1,1,1,0,0,0.2,0.3548387096774194,0.82,0.14516129032258066,0.20512820512820512,0.12,0.03225806451612903,0.0,0.04,1.0666666666666667,0.6,0.4634146341463415,0.17073170731707318,0.3902439024390244,0.2926829268292683,0.024390243902439025,0.2825948717948718,0.48521282051282044,0.23809523809523808,0.08333333333333333,0.3156,0.474916666666667,0.21568627450980393,0.39215686274509803,0.13846153846153847,0.37254901960784315,0.6470588235294118,0.1,0.7555555555555555,0.2356687898089172,0.38509316770186336,0.13043478260869565,0.4485294117647059,0.19852941176470587,0.007352941176470588,9.70059880239521,1.2934131736526946,6.1437125748503,0.16101694915254236,0.398996594651902,0.09517784116780342,0.398996594651902,0.6,,0.5,,,,,False,,1.5,,,,,False,
620443,Luis Torrens,NYM,MIA,0,9.0,1.0,676083,Janson Junk,R,823818,6:40 PM ET,loanDepot Park,1,1,0.21441124780316345,2026-09-09,823818,1,0,99.1,96.1,86.7,R,3,2,0,0,0,0,0,0,0,1,0,2,0,0,0,2,0,0.124,0.153,0,0,0,0,1,0,0.29545454545454547,0.3673469387755102,0.8181818181818182,0.16326530612244897,0.23333333333333334,0.4090909090909091,0.12244897959183673,0.0,0.13636363636363635,2.066666666666667,0.5333333333333333,0.5555555555555556,0.08333333333333333,0.4722222222222222,0.4166666666666667,0.1111111111111111,0.3395888888888889,0.6999666666666666,0.125,0.29411764705882354,0.32319999999999993,0.40840000000000015,0.20930232558139536,0.4418604651162791,0.17391304347826086,0.2608695652173913,0.4782608695652174,0.23076923076923078,0.7555555555555555,0.2356687898089172,0.38509316770186336,0.13043478260869565,0.4485294117647059,0.19852941176470587,0.007352941176470588,9.70059880239521,1.2934131736526946,6.1437125748503,0.16101694915254236,0.36899973774940314,0.0849153172866025,0.36899973774940314,0.5333333333333333,,0.5,,,,,False,,1.5,,,,,False,
543760,Marcus Semien,NYM,MIA,0,6.0,1.0,676083,Janson Junk,R,823818,6:40 PM ET,loanDepot Park,1,1,0.21441124780316345,2026-09-09,823818,1,0,99.1,96.1,86.7,R,4,4,0,0,0,0,0,0,0,1,0,3,0,0,2,0,0,0.09999999999999999,0.13533333333333333,0,0,0,0,1,0,0.27450980392156865,0.3728813559322034,0.9019607843137255,0.0847457627118644,0.30434782608695654,0.058823529411764705,0.0,0.05084745762711865,0.058823529411764705,1.1333333333333333,0.3333333333333333,0.32608695652173914,0.13043478260869565,0.4782608695652174,0.3695652173913043,0.0,0.2827733333333333,0.3628377777777778,0.2777777777777778,0.047619047619047616,0.21737333333333336,0.3499600000000003,0.3333333333333333,0.3888888888888889,0.18032786885245902,0.10638297872340426,0.19148936170212766,0.18867924528301888,0.7555555555555555,0.2356687898089172,0.38509316770186336,0.13043478260869565,0.4485294117647059,0.19852941176470587,0.007352941176470588,9.70059880239521,1.2934131736526946,6.1437125748503,0.16101694915254236,0.42738110113156563,0.11873732218234574,0.42738110113156563,0.3333333333333333,,0.5,,,,,False,,1.5,,,,,False,
702332,Caleb Durbin,BOS,LAA,1,6.0,1.0,696270,Ryan Johnson,R,824713,6:45 PM ET,Fenway Park,1,1,0.2109777015437393,2026-09-09,824713,0,0,102.5,97.9,86.2,R,4,2,0,0,0,0,2,0,0,0,0,2,0,0,2,0,0,0.024499999999999997,0.0555,0,0,0,0,0,0,0.17391304347826086,0.32142857142857145,0.7608695652173914,0.19298245614035087,0.22857142857142856,0.021739130434782608,0.0,0.017543859649122806,0.021739130434782608,0.6,0.7333333333333333,0.2777777777777778,0.3055555555555556,0.4166666666666667,0.2222222222222222,0.0,0.32593333333333335,0.3938611111111111,0.2,0.2,0.36560000000000004,0.46099999999999997,0.26,0.26,0.07936507936507936,0.2653061224489796,0.30612244897959184,0.21052631578947367,0.6844660194174758,0.17682926829268292,0.40804597701149425,0.1839080459770115,0.3546099290780142,0.3617021276595745,0.06382978723404255,11.399999999999999,3.0,8.1,0.19285714285714287,0.5359625218195719,0.1270997546689764,0.5359625218195719,0.7333333333333333,,0.5,,,,,False,,1.5,,,,,False,
643396,Isiah Kiner-Falefa,BOS,LAA,1,8.0,1.0,696270,Ryan Johnson,R,824713,6:45 PM ET,Fenway Park,1,1,0.2109777015437393,2026-09-09,824713,0,0,102.5,97.9,86.2,R,4,2,1,0,0,0,2,0,0,0,1,2,0,1,0,1,1,0.509,0.6295000000000001,1,0,1,0,0,0,0.23404255319148937,0.3076923076923077,0.9148936170212766,0.07692307692307693,0.23809523809523808,0.10638297872340426,0.019230769230769232,0.038461538461538464,0.06382978723404255,1.0666666666666667,0.26666666666666666,0.20930232558139536,0.20930232558139536,0.5348837209302325,0.09302325581395349,0.0,0.28077222222222226,0.3237222222222222,0.2857142857142857,0.0,0.15936666666666666,0.18996666666666667,0.28846153846153844,0.40384615384615385,0.08771929824561403,0.15,0.15,0.17777777777777778,0.6844660194174758,0.17682926829268292,0.40804597701149425,0.1839080459770115,0.3546099290780142,0.3617021276595745,0.06382978723404255,11.399999999999999,3.0,8.1,0.19285714285714287,0.36222825712243956,0.07426555088814803,0.36222825712243956,0.26666666666666666,,0.5,,,,,False,,1.5,,,,,False,
680776,Jarren Duran,BOS,LAA,1,7.0,1.0,696270,Ryan Johnson,R,824713,6:45 PM ET,Fenway Park,0,1,0.2109777015437393,2026-09-09,824713,0,0,102.5,97.9,86.2,L,4,4,2,1,0,1,0,0,0,1,6,3,1,2,3,0,0,0.639,2.209,1,1,1,1,1,0,0.13725490196078433,0.16981132075471697,0.7450980392156863,0.24528301886792453,0.1388888888888889,0.13725490196078433,0.03773584905660377,0.018867924528301886,0.058823529411764705,0.9333333333333333,0.8666666666666667,0.47368421052631576,0.18421052631578946,0.5,0.23684210526315788,0.02631578947368421,0.2843452380952381,0.50125,0.05263157894736842,0.35,0.17243333333333338,0.2421333333333333,0.18,0.36,0.22641509433962265,0.18181818181818182,0.21818181818181817,0.28125,0.6844660194174758,0.17682926829268292,0.40804597701149425,0.1839080459770115,0.3546099290780142,0.3617021276595745,0.06382978723404255,11.399999999999999,3.0,8.1,0.19285714285714287,0.6020331236062711,0.20232200209406484,0.6020331236062711,0.8666666666666667,,0.5,,,,,False,,1.5,,,,,False,
681508,Mickey Gasper,BOS,LAA,1,2.0,1.0,696270,Ryan Johnson,R,824713,6:45 PM ET,Fenway Park,0,1,0.2109777015437393,2026-09-09,824713,0,0,102.5,97.9,86.2,L,3,2,0,0,0,0,1,0,0,0,0,2,0,1,1,1,0,0.14700000000000002,0.16699999999999998,0,0,0,0,0,0,0.34375,0.5531914893617021,0.8125,0.1276595744680851,0.2857142857142857,0.53125,0.10638297872340426,0.0425531914893617,0.21875,1.8666666666666667,0.4,0.4230769230769231,0.2692307692307692,0.34615384615384615,0.34615384615384615,0.11538461538461539,0.43306249999999996,0.9383333333333334,0.18181818181818182,0.17647058823529413,0.27216666666666667,0.5066666666666668,0.325,0.875,0.12280701754385964,0.11904761904761904,0.11904761904761904,0.2553191489361702,0.6844660194174758,0.17682926829268292,0.40804597701149425,0.1839080459770115,0.3546099290780142,0.3617021276595745,0.06382978723404255,11.399999999999999,3.0,8.1,0.19285714285714287,0.45314296319333414,0.11734407249363732,0.45314296319333414,0.4,,0.5,,,,,False,,1.5,,,,,False,
681987,Nate Eaton,BOS,LAA,1,9.0,1.0,696270,Ryan Johnson,R,824713,6:45 PM ET,Fenway Park,1,1,0.2109777015437393,2026-09-09,824713,0,0,102.5,97.9,86.2,R,3,3,0,0,0,0,0,0,0,2,0,1,0,1,0,1,0,0.389,0.437,0,0,0,0,1,1,0.11428571428571428,0.27906976744186046,0.6,0.32558139534883723,0.15,0.14285714285714285,0.023255813953488372,0.046511627906976744,0.08571428571428572,0.6,0.9333333333333333,0.2857142857142857,0.38095238095238093,0.3333333333333333,0.14285714285714285,0.0,0.24130555555555555,0.5779722222222223,0.0,0.4666666666666667,0.10899999999999999,0.12266666666666666,0.3076923076923077,0.4358974358974359,0.18604651162790697,0.14705882352941177,0.23529411764705882,0.2926829268292683,0.6844660194174758,0.17682926829268292,0.40804597701149425,0.1839080459770115,0.3546099290780142,0.3617021276595745,0.06382978723404255,11.399999999999999,3.0,8.1,0.19285714285714287,0.4560593387844853,0.11047507396967578,0.4560593387844853,0.9333333333333333,,0.5,,,,,False,,1.5,,,,,False,
686765,Nick Sogard,BOS,LAA,1,5.0,1.0,696270,Ryan Johnson,R,824713,6:45 PM ET,Fenway Park,1,1,0.2109777015437393,2026-09-09,824713,0,0,102.5,97.9,86.2,R,3,3,1,0,0,0,0,0,0,2,1,1,0,1,0,0,1,0.654,0.737,1,0,1,0,1,1,0.2894736842105263,0.34146341463414637,0.7631578947368421,0.20930232558139536,0.3333333333333333,0.21052631578947367,0.046511627906976744,0.046511627906976744,0.10526315789473684,1.2666666666666666,0.6,0.4,0.43333333333333335,0.13333333333333333,0.26666666666666666,0.0,0.38311538461538464,0.5641025641025641,0.25,0.21428571428571427,0.3468333333333334,0.4538958333333334,0.24561403508771928,0.43859649122807015,0.208955223880597,0.38,0.56,0.22807017543859648,0.6844660194174758,0.17682926829268292,0.40804597701149425,0.1839080459770115,0.3546099290780142,0.3617021276595745,0.06382978723404255,11.399999999999999,3.0,8.1,0.19285714285714287,0.4922105474125901,0.1641647106774472,0.4922105474125901,0.6,,0.5,,,,,False,,1.5,,,,,False,
701350,Roman Anthony,BOS,LAA,1,1.0,1.0,696270,Ryan Johnson,R,824713,6:45 PM ET,Fenway Park,0,1,0.2109777015437393,2026-09-09,824713,0,0,102.5,97.9,86.2,L,4,4,0,0,0,0,0,0,0,2,0,2,0,0,0,2,0,0.1575,0.1815,0,0,0,0,1,1,0.2786885245901639,0.35294117647058826,0.7377049180327869,0.23529411764705882,0.3488372093023256,0.19672131147540983,0.029411764705882353,0.058823529411764705,0.11475409836065574,1.9333333333333333,1.0666666666666667,0.5333333333333333,0.3111111111111111,0.4222222222222222,0.24444444444444444,0.06666666666666667,0.3823622222222222,0.6696177777777776,0.09523809523809523,0.4,0.3584333333333333,0.8142333333333334,0.26229508196721313,0.45901639344262296,0.2571428571428571,0.29411764705882354,0.37254901960784315,0.3559322033898305,0.6844660194174758,0.17682926829268292,0.40804597701149425,0.1839080459770115,0.3546099290780142,0.3617021276595745,0.06382978723404255,11.399999999999999,3.0,8.1,0.19285714285714287,0.7141287922946193,0.2701651508858476,0.7141287922946193,1.0666666666666667,,0.5,,,,,False,,1.5,,,,,False,
596115,Trevor Story,BOS,LAA,1,4.0,1.0,696270,Ryan Johnson,R,824713,6:45 PM ET,Fenway Park,1,1,0.2109777015437393,2026-09-09,824713,0,0,102.5,97.9,86.2,R,4,4,1,1,0,0,0,0,0,3,2,1,0,0,0,0,1,0.626,0.753,1,0,1,1,1,1,0.288135593220339,0.3,0.6610169491525424,0.3333333333333333,0.42105263157894735,0.13559322033898305,0.016666666666666666,0.08333333333333333,0.1016949152542373,1.6666666666666667,1.3333333333333333,0.3333333333333333,0.15384615384615385,0.4358974358974359,0.1794871794871795,0.05128205128205128,0.2820944444444445,0.45975,0.2857142857142857,0.23809523809523808,0.3634166666666666,0.42736666666666656,0.3333333333333333,0.4666666666666667,0.36065573770491804,0.2413793103448276,0.3103448275862069,0.2857142857142857,0.6844660194174758,0.17682926829268292,0.40804597701149425,0.1839080459770115,0.3546099290780142,0.3617021276595745,0.06382978723404255,11.399999999999999,3.0,8.1,0.19285714285714287,0.7155665364162388,0.2768335246012581,0.7155665364162388,1.3333333333333333,,0.5,,,,,False,,1.5,,,,,False,
677800,Wilyer Abreu,BOS,LAA,1,3.0,1.0,696270,Ryan Johnson,R,824713,6:45 PM ET,Fenway Park,0,1,0.2109777015437393,2026-09-09,824713,0,0,102.5,97.9,86.2,L,4,3,1,0,0,0,1,0,0,0,1,3,0,1,3,0,0,0.4456666666666667,0.7556666666666666,1,0,1,0,0,0,0.22413793103448276,0.3076923076923077,0.7241379310344828,0.24242424242424243,0.2926829268292683,0.1724137931034483,0.015151515151515152,0.10606060606060606,0.13793103448275862,1.5333333333333334,1.0666666666666667,0.35714285714285715,0.21428571428571427,0.3333333333333333,0.38095238095238093,0.023809523809523808,0.2361166666666667,0.42504444444444445,0.2222222222222222,0.23809523809523808,0.16720000000000007,0.2741500000000001,0.25,0.38333333333333336,0.2463768115942029,0.2,0.4727272727272727,0.16666666666666666,0.6844660194174758,0.17682926829268292,0.40804597701149425,0.1839080459770115,0.3546099290780142,0.3617021276595745,0.06382978723404255,11.399999999999999,3.0,8.1,0.19285714285714287,0.609185343297581,0.212776836069519,0.609185343297581,1.0666666666666667,,0.5,,,,,False,,1.5,,,,,False,
695681,Christian Moore,LAA,BOS,0,5.0,1.0,687562,Jake Bennett,L,824713,6:45 PM ET,Fenway Park,1,0,0.2642857142857143,2026-09-09,824713,0,0,102.5,97.9,86.2,R,4,4,2,0,0,0,0,0,0,0,2,4,0,3,0,4,0,0.37075,0.40925,1,1,1,1,0,0,0.16071428571428573,0.22950819672131148,0.7321428571428571,0.2459016393442623,0.2,0.125,0.01639344262295082,0.03278688524590164,0.07142857142857142,1.0666666666666667,1.0,0.3170731707317073,0.24390243902439024,0.4146341463414634,0.24390243902439024,0.04878048780487805,0.2834555555555555,0.42429999999999995,0.10526315789473684,0.2631578947368421,0.2766166666666666,0.3424333333333333,0.2,0.34545454545454546,0.25,0.14285714285714285,0.1836734693877551,0.36363636363636365,0.7459016393442623,0.20535714285714285,0.3231441048034934,0.10043668122270742,0.3901098901098901,0.29120879120879123,0.027472527472527472,7.30327868852459,0.6639344262295082,6.860655737704919,0.19745222929936307,0.6694218238569771,0.25280364754155077,0.6694218238569771,1.0,,0.5,,,,,False,,1.5,,,,,False,
694203,Denzer Guzman,LAA,BOS,0,8.0,1.0,687562,Jake Bennett,L,824713,6:45 PM ET,Fenway Park,1,0,0.2642857142857143,2026-09-09,824713,0,0,102.5,97.9,86.2,R,4,4,1,0,0,0,0,0,0,2,1,2,0,0,0,2,0,0.3415,0.3695,1,0,1,0,1,1,0.15555555555555556,0.19148936170212766,0.6444444444444445,0.3333333333333333,0.21428571428571427,0.13333333333333333,0.020833333333333332,0.0625,0.08888888888888889,0.8666666666666667,1.0666666666666667,0.36666666666666664,0.3,0.43333333333333335,0.1,0.0,0.360875,0.4970535714285714,0.15384615384615385,0.21428571428571427,0.3113,0.37960000000000005,0.21153846153846154,0.2692307692307692,0.2982456140350877,0.15384615384615385,0.3333333333333333,0.19047619047619047,0.7459016393442623,0.20535714285714285,0.3231441048034934,0.10043668122270742,0.3901098901098901,0.29120879120879123,0.027472527472527472,7.30327868852459,0.6639344262295082,6.860655737704919,0.19745222929936307,0.5962067173534822,0.1634630064226841,0.5962067173534822,1.0666666666666667,,0.5,,,,,False,,1.5,,,,,False,
642350,Jose Siri,LAA,BOS,0,3.0,1.0,687562,Jake Bennett,L,824713,6:45 PM ET,Fenway Park,1,0,0.2642857142857143,2026-09-09,824713,0,0,102.5,97.9,86.2,R,5,5,1,0,0,0,0,0,0,2,1,3,0,1,1,1,1,0.3063333333333333,0.4146666666666667,1,0,1,0,1,1,0.075,0.1590909090909091,0.55,0.4,0.13636363636363635,0.0,0.0,0.0,0.0,0.2,1.2,0.43478260869565216,0.2608695652173913,0.391304347826087,0.34782608695652173,0.0,0.3552692307692308,0.7872307692307691,0.0,0.5384615384615384,0.426875,0.6243750000000001,0.3023255813953488,0.4418604651162791,0.2708333333333333,0.07894736842105263,0.10526315789473684,0.37209302325581395,0.7459016393442623,0.20535714285714285,0.3231441048034934,0.10043668122270742,0.3901098901098901,0.29120879120879123,0.027472527472527472,7.30327868852459,0.6639344262295082,6.860655737704919,0.19745222929936307,0.6831136082079755,0.2748877080249336,0.6831136082079755,1.2,,0.5,,,,,False,,1.5,,,,,False,
677347,Kyren Paris,LAA,BOS,0,6.0,1.0,687562,Jake Bennett,L,824713,6:45 PM ET,Fenway Park,1,0,0.2642857142857143,2026-09-09,824713,0,0,102.5,97.9,86.2,R,3,3,0,0,0,0,0,0,0,1,0,2,0,2,1,1,0,0.4085,0.823,0,0,0,0,1,0,0.13636363636363635,0.20833333333333334,0.45454545454545453,0.5,0.2631578947368421,0.09090909090909091,0.020833333333333332,0.020833333333333332,0.045454545454545456,0.6666666666666666,1.6,0.35,0.15,0.25,0.5,0.05,0.2543666666666667,0.4632833333333333,0.07692307692307693,0.6428571428571429,0.20649999999999996,0.5795,0.14893617021276595,0.23404255319148937,0.49019607843137253,0.0967741935483871,0.12903225806451613,0.4117647058823529,0.7459016393442623,0.20535714285714285,0.3231441048034934,0.10043668122270742,0.3901098901098901,0.29120879120879123,0.027472527472527472,7.30327868852459,0.6639344262295082,6.860655737704919,0.19745222929936307,0.6923958711835518,0.3499395749301775,0.6923958711835518,1.6,,0.5,,,,,False,,1.5,,,,,False,
545361,Mike Trout,LAA,BOS,0,2.0,1.0,687562,Jake Bennett,L,824713,6:45 PM ET,Fenway Park,1,0,0.2642857142857143,2026-09-09,824713,0,0,102.5,97.9,86.2,R,5,4,1,1,0,0,1,0,0,2,2,2,0,1,1,1,0,0.526,1.4264999999999999,1,0,1,1,1,1,0.29310344827586204,0.35384615384615387,0.6896551724137931,0.2727272727272727,0.4146341463414634,0.08620689655172414,0.0,0.07575757575757576,0.08620689655172414,1.4666666666666666,1.2,0.3902439024390244,0.3902439024390244,0.3170731707317073,0.1951219512195122,0.024390243902439025,0.37573333333333336,0.5757388888888889,0.35,0.38095238095238093,0.4934333333333333,0.5926499999999999,0.29508196721311475,0.3770491803278688,0.25,0.27450980392156865,0.37254901960784315,0.27419354838709675,0.7459016393442623,0.20535714285714285,0.3231441048034934,0.10043668122270742,0.3901098901098901,0.29120879120879123,0.027472527472527472,7.30327868852459,0.6639344262295082,6.860655737704919,0.19745222929936307,0.6390597194569217,0.24548122532942265,0.6390597194569217,1.2,,0.5,,,,,False,,1.5,,,,,False,
672724,Oswald Peraza,LAA,BOS,0,7.0,1.0,687562,Jake Bennett,L,824713,6:45 PM ET,Fenway Park,1,0,0.2642857142857143,2026-09-09,824713,0,0,102.5,97.9,86.2,R,3,3,0,0,0,0,0,0,0,2,0,1,0,0,0,1,0,0.285,0.288,0,0,0,0,1,1,0.15789473684210525,0.28888888888888886,0.6578947368421053,0.28888888888888886,0.24,0.02631578947368421,0.0,0.022222222222222223,0.02631578947368421,0.4666666666666667,0.8666666666666667,0.16,0.24,0.52,0.16,0.0,0.2885238095238095,0.32586904761904767,0.2,0.2777777777777778,0.3344666666666667,0.37373333333333336,0.19047619047619047,0.19047619047619047,0.3333333333333333,0.1951219512195122,0.2682926829268293,0.32608695652173914,0.7459016393442623,0.20535714285714285,0.3231441048034934,0.10043668122270742,0.3901098901098901,0.29120879120879123,0.027472527472527472,7.30327868852459,0.6639344262295082,6.860655737704919,0.19745222929936307,0.6210411122998729,0.2381964070751631,0.6210411122998729,0.8666666666666667,,0.5,,,,,False,,1.5,,,,,False,
623168,Tyler Heineman,LAA,BOS,0,9.0,1.0,687562,Jake Bennett,L,824713,6:45 PM ET,Fenway Park,0,0,0.2642857142857143,2026-09-09,824713,0,0,102.5,97.9,86.2,L,4,4,0,0,0,0,0,0,0,2,0,2,0,0,2,0,0,0.0615,0.126,0,0,0,0,1,1,0.15625,0.20588235294117646,0.9375,0.05405405405405406,0.16666666666666666,0.03125,0.0,0.02702702702702703,0.03125,0.4,0.13333333333333333,0.12121212121212122,0.24242424242424243,0.48484848484848486,0.18181818181818182,0.0,0.2145,0.25195555555555554,0.16666666666666666,0.0,0.24630000000000002,0.2923999999999999,0.2,0.225,0.043478260869565216,0.1794871794871795,0.20512820512820512,0.17073170731707318,0.7459016393442623,0.20535714285714285,0.3231441048034934,0.10043668122270742,0.3901098901098901,0.29120879120879123,0.027472527472527472,7.30327868852459,0.6639344262295082,6.860655737704919,0.19745222929936307,0.382774761276565,0.04617733068508865,0.382774761276565,0.13333333333333333,,0.5,,,,,False,,1.5,,,,,False,
687093,Vaughn Grissom,LAA,BOS,0,4.0,1.0,687562,Jake Bennett,L,824713,6:45 PM ET,Fenway Park,1,0,0.2642857142857143,2026-09-09,824713,0,0,102.5,97.9,86.2,R,4,3,2,1,0,0,1,0,0,0,3,3,0,1,0,1,2,0.43333333333333335,0.566,1,1,1,1,0,0,0.22413793103448276,0.2857142857142857,0.7931034482758621,0.1875,0.23255813953488372,0.20689655172413793,0.046875,0.046875,0.10344827586206896,1.6666666666666667,0.8,0.3617021276595745,0.2978723404255319,0.425531914893617,0.2553191489361702,0.02127659574468085,0.30187261904761903,0.5246511904761905,0.21052631578947367,0.2857142857142857,0.3458958333333333,0.5425625000000001,0.22580645161290322,0.3387096774193548,0.22727272727272727,0.2222222222222222,0.37037037037037035,0.23333333333333334,0.7459016393442623,0.20535714285714285,0.3231441048034934,0.10043668122270742,0.3901098901098901,0.29120879120879123,0.027472527472527472,7.30327868852459,0.6639344262295082,6.860655737704919,0.19745222929936307,0.5773935829549578,0.19078963023609194,0.5773935829549578,0.8,,0.5,,,,,False,,1.5,,,,,False,
687263,Zach Neto,LAA,BOS,0,1.0,1.0,687562,Jake Bennett,L,824713,6:45 PM ET,Fenway Park,1,0,0.2642857142857143,2026-09-09,824713,0,0,102.5,97.9,86.2,R,5,5,4,1,0,1,0,0,0,0,8,5,0,2,1,0,4,0.6066,1.025,1,1,1,1,0,0,0.2786885245901639,0.34328358208955223,0.6721311475409836,0.29850746268656714,0.38461538461538464,0.18032786885245902,0.029850746268656716,0.04477611940298507,0.09836065573770492,1.8666666666666667,1.3333333333333333,0.4146341463414634,0.3902439024390244,0.2682926829268293,0.2682926829268293,0.024390243902439025,0.36103888888888885,0.6024411111111111,0.2,0.4090909090909091,0.3208,0.38470000000000004,0.3220338983050847,0.4745762711864407,0.30303030303030304,0.20967741935483872,0.3387096774193548,0.28125,0.7459016393442623,0.20535714285714285,0.3231441048034934,0.10043668122270742,0.3901098901098901,0.29120879120879123,0.027472527472527472,7.30327868852459,0.6639344262295082,6.860655737704919,0.19745222929936307,0.702442431236464,0.2969730966997769,0.702442431236464,1.3333333333333333,,0.5,,,,,False,,1.5,,,,,False,
592450,Aaron Judge,NYY,COL,1,3.0,1.0,608372,Tomoyuki Sugano,R,823497,7:05 PM ET,Yankee Stadium,1,1,0.2425828970331588,2026-09-09,823497,0,1,94.4,100.1,100.3,R,3,3,0,0,0,0,0,0,0,2,0,1,0,1,1,0,0,0.137,0.422,0,0,0,0,1,1,0.19298245614035087,0.2878787878787879,0.7017543859649122,0.2537313432835821,0.25,0.10526315789473684,0.014925373134328358,0.04477611940298507,0.07017543859649122,1.1333333333333333,1.1333333333333333,0.6341463414634146,0.1951219512195122,0.3902439024390244,0.36585365853658536,0.0,0.35975641025641025,0.6565320512820512,0.2222222222222222,0.17391304347826086,0.27175,0.47628333333333356,0.1724137931034483,0.3275862068965517,0.2878787878787879,0.2830188679245283,0.6037735849056604,0.27941176470588236,0.8149779735682819,0.2561576354679803,0.6036866359447005,0.2995391705069124,0.4,0.2972972972972973,0.032432432432432434,9.50943396226415,1.5283018867924527,4.584905660377358,0.11946902654867257,0.6483737026299923,0.2368039429390901,0.6483737026299923,1.1333333333333333,,0.5,,,,,False,,1.5,,,,,False,
669224,Austin Wells,NYY,COL,1,8.0,1.0,608372,Tomoyuki Sugano,R,823497,7:05 PM ET,Yankee Stadium,0,1,0.2425828970331588,2026-09-09,823497,0,1,94.4,100.1,100.3,L,3,3,0,0,0,0,0,0,0,1,0,2,0,1,2,0,0,0.0955,0.205,0,0,0,0,1,0,0.24390243902439024,0.3469387755102041,0.5609756097560976,0.3673469387755102,0.36363636363636365,0.17073170731707318,0.04081632653061224,0.02040816326530612,0.07317073170731707,1.1333333333333333,1.2,0.5,0.2916666666666667,0.25,0.3333333333333333,0.0,0.39400694444444445,0.6039236111111111,0.23076923076923078,0.25,0.3091666666666667,0.4408666666666665,0.275,0.45,0.3125,0.12244897959183673,0.22448979591836735,0.39215686274509803,0.8149779735682819,0.2561576354679803,0.6036866359447005,0.2995391705069124,0.4,0.2972972972972973,0.032432432432432434,9.50943396226415,1.5283018867924527,4.584905660377358,0.11946902654867257,0.6672436552069674,0.23004746556206782,0.6672436552069674,1.2,,0.5,,,,,False,,1.5,,,,,False,
700250,Ben Rice,NYY,COL,1,1.0,1.0,608372,Tomoyuki Sugano,R,823497,7:05 PM ET,Yankee Stadium,0,1,0.2425828970331588,2026-09-09,823497,0,1,94.4,100.1,100.3,L,4,2,0,0,0,0,1,1,0,1,0,1,0,0,0,0,1,0.406,0.539,0,0,0,0,1,0,0.3275862068965517,0.4264705882352941,0.7413793103448276,0.22058823529411764,0.4146341463414634,0.13793103448275862,0.029411764705882353,0.029411764705882353,0.06896551724137931,1.8,1.0,0.46511627906976744,0.27906976744186046,0.32558139534883723,0.3488372093023256,0.023255813953488372,0.3824155555555555,0.6835222222222223,0.42857142857142855,0.20833333333333334,0.3878466666666667,0.6363666666666667,0.23728813559322035,0.4576271186440678,0.20588235294117646,0.22950819672131148,0.4098360655737705,0.3384615384615385,0.8149779735682819,0.2561576354679803,0.6036866359447005,0.2995391705069124,0.4,0.2972972972972973,0.032432432432432434,9.50943396226415,1.5283018867924527,4.584905660377358,0.11946902654867257,0.6395271682421109,0.1998445057761082,0.6395271682421109,1.0,,0.5,,,,,False,,1.5,,,,,False,
641355,Cody Bellinger,NYY,COL,1,2.0,1.0,608372,Tomoyuki Sugano,R,823497,7:05 PM ET,Yankee Stadium,0,1,0.2425828970331588,2026-09-09,823497,0,1,94.4,100.1,100.3,L,4,4,1,1,0,0,0,0,0,0,2,4,0,1,2,2,0,0.078,0.1275,1,0,1,1,0,0,0.3064516129032258,0.3125,0.8548387096774194,0.140625,0.33962264150943394,0.08064516129032258,0.015625,0.03125,0.04838709677419355,1.6,0.6,0.3148148148148148,0.2962962962962963,0.37037037037037035,0.2037037037037037,0.018518518518518517,0.30595,0.41126,0.34782608695652173,0.21739130434782608,0.28935,0.3334800000000001,0.27586206896551724,0.3448275862068966,0.27419354838709675,0.3157894736842105,0.38596491228070173,0.14516129032258066,0.8149779735682819,0.2561576354679803,0.6036866359447005,0.2995391705069124,0.4,0.2972972972972973,0.032432432432432434,9.50943396226415,1.5283018867924527,4.584905660377358,0.11946902654867257,0.46144472990925894,0.11914086384519638,0.46144472990925894,0.6,,0.5,,,,,False,,1.5,,,,,False,
806146,George Lombard Jr.,NYY,COL,1,6.0,1.0,608372,Tomoyuki Sugano,R,823497,7:05 PM ET,Yankee Stadium,1,1,0.2425828970331588,2026-09-09,823497,0,1,94.4,100.1,100.3,R,4,3,1,0,0,0,1,0,0,1,1,2,0,0,0,1,0,0.22099999999999997,0.2565,1,0,1,0,1,0,0.21153846153846154,0.24561403508771928,0.6153846153846154,0.3508771929824561,0.3235294117647059,0.057692307692307696,0.0,0.017543859649122806,0.038461538461538464,0.9333333333333333,1.3333333333333333,0.38235294117647056,0.20588235294117646,0.5882352941176471,0.20588235294117646,0.029411764705882353,0.3217777777777778,0.4458055555555555,0.13333333333333333,0.4117647058823529,0.28819999999999996,0.4,0.23529411764705882,0.27450980392156865,0.2982456140350877,0.2727272727272727,0.7272727272727273,0.35714285714285715,0.8149779735682819,0.2561576354679803,0.6036866359447005,0.2995391705069124,0.4,0.2972972972972973,0.032432432432432434,9.50943396226415,1.5283018867924527,4.584905660377358,0.11946902654867257,0.6855232037354551,0.2561373635328262,0.6855232037354551,1.3333333333333333,,0.5,,,,,False,,1.5,,,,,False,
676609,José Caballero,NYY,COL,1,9.0,1.0,608372,Tomoyuki Sugano,R,823497,7:05 PM ET,Yankee Stadium,1,1,0.2425828970331588,2026-09-09,823497,0,1,94.4,100.1,100.3,R,5,2,0,0,0,0,2,0,0,0,0,3,0,0,0,2,0,0.048,0.0525,0,0,0,0,0,0,0.2,0.22641509433962265,0.72,0.2641509433962264,0.25,0.06,0.018867924528301886,0.0,0.02,0.8666666666666667,0.9333333333333333,0.32432432432432434,0.21621621621621623,0.32432432432432434,0.2702702702702703,0.02702702702702703,0.31658095238095235,0.47070952380952374,0.2631578947368421,0.3684210526315789,0.33886000000000005,0.4733199999999999,0.12195121951219512,0.1951219512195122,0.3333333333333333,0.1836734693877551,0.24489795918367346,0.3269230769230769,0.8149779735682819,0.2561576354679803,0.6036866359447005,0.2995391705069124,0.4,0.2972972972972973,0.032432432432432434,9.50943396226415,1.5283018867924527,4.584905660377358,0.11946902654867257,0.44667804556177954,0.0936426015138971,0.44667804556177954,0.9333333333333333,,0.5,,,,,False,,1.5,,,,,False,
671277,Luis García Jr.,NYY,COL,1,4.0,1.0,608372,Tomoyuki Sugano,R,823497,7:05 PM ET,Yankee Stadium,0,1,0.2425828970331588,2026-09-09,823497,0,1,94.4,100.1,100.3,L,4,4,2,0,0,0,0,0,0,1,2,3,0,1,1,2,0,0.4683333333333333,0.503,1,1,1,1,1,0,0.32653061224489793,0.37735849056603776,0.7755102040816326,0.20754716981132076,0.37142857142857144,0.22448979591836735,0.05660377358490566,0.03773584905660377,0.10204081632653061,1.8,0.7333333333333333,0.5,0.21052631578947367,0.5,0.21052631578947367,0.02631578947368421,0.33124102564102564,0.6710910256410256,0.26666666666666666,0.26666666666666666,0.24794999999999995,0.49192500000000006,0.32,0.6,0.22641509433962265,0.19230769230769232,0.25,0.18518518518518517,0.8149779735682819,0.2561576354679803,0.6036866359447005,0.2995391705069124,0.4,0.2972972972972973,0.032432432432432434,9.50943396226415,1.5283018867924527,4.584905660377358,0.11946902654867257,0.5066716933671619,0.15756565054324337,0.5066716933671619,0.7333333333333333,,0.5,,,,,False,,1.5,,,,,False,
641857,Ryan McMahon,NYY,COL,1,7.0,1.0,608372,Tomoyuki Sugano,R,823497,7:05 PM ET,Yankee Stadium,0,1,0.2425828970331588,2026-09-09,823497,0,1,94.4,100.1,100.3,L,3,3,1,1,0,0,0,0,0,1,2,2,0,0,0,1,1,0.2255,0.2935,1,0,1,1,1,0,0.23076923076923078,0.32608695652173914,0.6666666666666666,0.2765957446808511,0.3333333333333333,0.05128205128205128,0.0,0.0425531914893617,0.05128205128205128,0.7333333333333333,0.8666666666666667,0.3333333333333333,0.25925925925925924,0.4074074074074074,0.3333333333333333,0.0,0.33775,0.4482291666666667,0.21428571428571427,0.17647058823529413,0.3575,0.43530000000000013,0.21951219512195122,0.2682926829268293,0.2549019607843137,0.2222222222222222,0.4444444444444444,0.2682926829268293,0.8149779735682819,0.2561576354679803,0.6036866359447005,0.2995391705069124,0.4,0.2972972972972973,0.032432432432432434,9.50943396226415,1.5283018867924527,4.584905660377358,0.11946902654867257,0.5045708007442951,0.1934999625594129,0.5045708007442951,0.8666666666666667,,0.5,,,,,False,,1.5,,,,,False,
682987,Spencer Jones,NYY,COL,1,5.0,1.0,608372,Tomoyuki Sugano,R,823497,7:05 PM ET,Yankee Stadium,0,1,0.2425828970331588,2026-09-09,823497,0,1,94.4,100.1,100.3,L,4,3,0,0,0,0,1,0,0,3,0,0,0,0,0,0,0,0.1505,0.1825,0,0,0,0,1,1,0.30434782608695654,0.36538461538461536,0.6086956521739131,0.33962264150943394,0.4444444444444444,0.21739130434782608,0.03773584905660377,0.07547169811320754,0.13043478260869565,1.6,1.2,0.4482758620689655,0.4482758620689655,0.2413793103448276,0.27586206896551724,0.0,0.5215897435897436,0.874724358974359,0.3333333333333333,0.4090909090909091,0.4618750000000001,0.7878333333333333,0.3469387755102041,0.673469387755102,0.30357142857142855,0.3076923076923077,0.6153846153846154,0.2857142857142857,0.8149779735682819,0.2561576354679803,0.6036866359447005,0.2995391705069124,0.4,0.2972972972972973,0.032432432432432434,9.50943396226415,1.5283018867924527,4.584905660377358,0.11946902654867257,0.6880971931698757,0.2181058920428575,0.6880971931698757,1.2,,0.5,,,,,False,,1.5,,,,,False,
664954,Brett Sullivan,COL,NYY,0,7.0,1.0,701542,Will Warren,R,823497,7:05 PM ET,Yankee Stadium,0,1,0.23599320882852293,2026-09-09,823497,0,1,94.4,100.1,100.3,L,2,2,0,0,0,0,0,0,0,0,0,2,0,2,0,1,1,0.496,0.748,0,0,0,0,0,0,0.25,0.32,0.8409090909090909,0.14,0.25,0.20454545454545456,0.04,0.06,0.11363636363636363,1.3333333333333333,0.4666666666666667,0.34210526315789475,0.34210526315789475,0.3157894736842105,0.2631578947368421,0.05263157894736842,0.33980000000000005,0.5503833333333332,0.35714285714285715,0.1875,0.4077,0.4543333333333333,0.25,0.5,0.19230769230769232,0.3157894736842105,0.42105263157894735,0.14285714285714285,0.6903553299492385,0.24550898203592814,0.5423728813559322,0.2542372881355932,0.4632352941176471,0.19852941176470587,0.029411764705882353,10.103225806451613,1.2193548387096773,7.1419354838709666,0.17372881355932204,0.4362827346776419,0.11800463244448156,0.4362827346776419,0.4666666666666667,,0.5,,,,,False,,1.5,,,,,False,
694249,Cole Carrigg,COL,NYY,0,2.0,1.0,701542,Will Warren,R,823497,7:05 PM ET,Yankee Stadium,1,1,0.23599320882852293,2026-09-09,823497,0,1,94.4,100.1,100.3,R,1,1,0,0,0,0,0,0,0,0,0,1,0,1,0,1,0,0.157,0.174,0,0,0,0,0,0,0.2777777777777778,0.2777777777777778,0.75,0.25,0.34615384615384615,0.19444444444444445,0.027777777777777776,0.05555555555555555,0.1111111111111111,1.1333333333333333,0.6,0.4074074074074074,0.3333333333333333,0.2962962962962963,0.2962962962962963,0.07407407407407407,0.30205128205128207,0.5550512820512821,0.2727272727272727,0.45454545454545453,0.3015,0.44375,0.18333333333333332,0.3333333333333333,0.23880597014925373,0.2542372881355932,0.423728813559322,0.2698412698412698,0.6903553299492385,0.24550898203592814,0.5423728813559322,0.2542372881355932,0.4632352941176471,0.19852941176470587,0.029411764705882353,10.103225806451613,1.2193548387096773,7.1419354838709666,0.17372881355932204,0.4346622486893253,0.12615272409042866,0.4346622486893253,0.6,,0.5,,,,,False,,1.5,,,,,False,
681393,Connor Norby,COL,NYY,0,8.0,1.0,701542,Will Warren,R,823497,7:05 PM ET,Yankee Stadium,1,1,0.23599320882852293,2026-09-09,823497,0,1,94.4,100.1,100.3,R,1,1,0,0,0,0,0,0,0,1,0,0,0,0,0,0,0,0.6815,0.735,0,0,0,0,1,0,0.2692307692307692,0.36666666666666664,0.6923076923076923,0.26229508196721313,0.35294117647058826,0.1346153846153846,0.03278688524590164,0.01639344262295082,0.057692307692307696,1.4,1.0666666666666667,0.2777777777777778,0.3055555555555556,0.3888888888888889,0.2777777777777778,0.05555555555555555,0.444577380952381,0.5868571428571429,0.17647058823529413,0.25,0.38760416666666664,0.4467916666666667,0.24489795918367346,0.42857142857142855,0.32727272727272727,0.2222222222222222,0.28888888888888886,0.3018867924528302,0.6903553299492385,0.24550898203592814,0.5423728813559322,0.2542372881355932,0.4632352941176471,0.19852941176470587,0.029411764705882353,10.103225806451613,1.2193548387096773,7.1419354838709666,0.17372881355932204,0.6662944100241248,0.25466058668559666,0.6662944100241248,1.0666666666666667,,0.5,,,,,False,,1.5,,,,,False,
696100,Hunter Goodman,COL,NYY,0,4.0,1.0,701542,Will Warren,R,823497,7:05 PM ET,Yankee Stadium,1,1,0.23599320882852293,2026-09-09,823497,0,1,94.4,100.1,100.3,R,4,4,1,0,0,1,0,0,0,1,4,3,0,2,1,0,0,0.08066666666666666,0.2786666666666667,1,0,1,1,1,0,0.20754716981132076,0.2833333333333333,0.7169811320754716,0.2459016393442623,0.24324324324324326,0.18867924528301888,0.03278688524590164,0.03278688524590164,0.09433962264150944,1.4,1.0,0.41025641025641024,0.15384615384615385,0.48717948717948717,0.23076923076923078,0.02564102564102564,0.2610388888888889,0.5251444444444444,0.1111111111111111,0.38095238095238093,0.2752666666666667,0.3645666666666665,0.25,0.5535714285714286,0.27419354838709675,0.18,0.22,0.32786885245901637,0.6903553299492385,0.24550898203592814,0.5423728813559322,0.2542372881355932,0.4632352941176471,0.19852941176470587,0.029411764705882353,10.103225806451613,1.2193548387096773,7.1419354838709666,0.17372881355932204,0.6544536951915967,0.24389659046994228,0.6544536951915967,1.0,,0.5,,,,,False,,1.5,,,,,False,
664983,Jake McCarthy,COL,NYY,0,1.0,1.0,701542,Will Warren,R,823497,7:05 PM ET,Yankee Stadium,0,1,0.23599320882852293,2026-09-09,823497,0,1,94.4,100.1,100.3,L,4,4,1,0,0,0,0,0,0,1,1,3,0,2,1,2,0,0.268,0.5233333333333333,1,0,1,0,1,0,0.30158730158730157,0.36619718309859156,0.873015873015873,0.11267605633802817,0.3148148148148148,0.1746031746031746,0.028169014084507043,0.04225352112676056,0.09523809523809523,2.0,0.5333333333333333,0.39285714285714285,0.3392857142857143,0.4107142857142857,0.25,0.03571428571428571,0.34360666666666667,0.5188933333333333,0.38095238095238093,0.08,0.28913333333333335,0.4711999999999998,0.25806451612903225,0.3870967741935484,0.12857142857142856,0.265625,0.46875,0.13043478260869565,0.6903553299492385,0.24550898203592814,0.5423728813559322,0.2542372881355932,0.4632352941176471,0.19852941176470587,0.029411764705882353,10.103225806451613,1.2193548387096773,7.1419354838709666,0.17372881355932204,0.4618204639532961,0.10400473914811274,0.4618204639532961,0.5333333333333333,,0.5,,,,,False,,1.5,,,,,False,
691720,Kyle Karros,COL,NYY,0,6.0,1.0,701542,Will Warren,R,823497,7:05 PM ET,Yankee Stadium,1,1,0.23599320882852293,2026-09-09,823497,0,1,94.4,100.1,100.3,R,3,3,0,0,0,0,0,0,0,1,0,2,0,0,0,0,2,0.407,0.477,0,0,0,0,1,0,0.2830188679245283,0.35,0.7924528301886793,0.18032786885245902,0.3333333333333333,0.09433962264150944,0.01639344262295082,0.03278688524590164,0.05660377358490566,1.3333333333333333,0.7333333333333333,0.3023255813953488,0.23255813953488372,0.4186046511627907,0.27906976744186046,0.0,0.31305,0.4705166666666667,0.17647058823529413,0.16666666666666666,0.2776166666666666,0.6241000000000001,0.2222222222222222,0.37037037037037035,0.24561403508771928,0.3191489361702128,0.44680851063829785,0.12903225806451613,0.6903553299492385,0.24550898203592814,0.5423728813559322,0.2542372881355932,0.4632352941176471,0.19852941176470587,0.029411764705882353,10.103225806451613,1.2193548387096773,7.1419354838709666,0.17372881355932204,0.4833313813068722,0.14880226759244955,0.4833313813068722,0.7333333333333333,,0.5,,,,,False,,1.5,,,,,False,
666160,Mickey Moniak,COL,NYY,0,5.0,1.0,701542,Will Warren,R,823497,7:05 PM ET,Yankee Stadium,0,1,0.23599320882852293,2026-09-09,823497,0,1,94.4,100.1,100.3,L,4,4,0,0,0,0,0,0,0,3,0,1,0,0,0,0,0,0.011,0.017,0,0,0,0,1,1,0.2,0.22580645161290322,0.7166666666666667,0.27419354838709675,0.225,0.18333333333333332,0.04838709677419355,0.03225806451612903,0.08333333333333333,1.5333333333333334,1.1333333333333333,0.3953488372093023,0.2558139534883721,0.3488372093023256,0.32558139534883723,0.023255813953488372,0.2992388888888889,0.49318333333333336,0.21052631578947367,0.15789473684210525,0.3272500000000001,0.6532,0.20689655172413793,0.3793103448275862,0.2698412698412698,0.25,0.48214285714285715,0.3064516129032258,0.6903553299492385,0.24550898203592814,0.5423728813559322,0.2542372881355932,0.4632352941176471,0.19852941176470587,0.029411764705882353,10.103225806451613,1.2193548387096773,7.1419354838709666,0.17372881355932204,0.6756417630733146,0.2638017747500026,0.6756417630733146,1.1333333333333333,,0.5,,,,,False,,1.5,,,,,False,
681198,TJ Rumfield,COL,NYY,0,3.0,1.0,701542,Will Warren,R,823497,7:05 PM ET,Yankee Stadium,0,1,0.23599320882852293,2026-09-09,823497,0,1,94.4,100.1,100.3,L,4,3,1,0,0,0,1,0,0,1,1,2,0,1,0,1,1,0.507,0.7064999999999999,1,0,1,0,1,0,0.3673469387755102,0.515625,0.8571428571428571,0.109375,0.4,0.22448979591836735,0.03125,0.046875,0.12244897959183673,1.9333333333333333,0.4666666666666667,0.3333333333333333,0.19047619047619047,0.42857142857142855,0.2857142857142857,0.047619047619047616,0.3055,0.5083055555555556,0.5,0.13636363636363635,0.4270666666666667,0.8986000000000001,0.34,0.54,0.12307692307692308,0.2916666666666667,0.3333333333333333,0.09836065573770492,0.6903553299492385,0.24550898203592814,0.5423728813559322,0.2542372881355932,0.4632352941176471,0.19852941176470587,0.029411764705882353,10.103225806451613,1.2193548387096773,7.1419354838709666,0.17372881355932204,0.40272723192537824,0.07427148332627857,0.40272723192537824,0.4666666666666667,,0.5,,,,,False,,1.5,,,,,False,
691728,Zac Veen,COL,NYY,0,9.0,1.0,701542,Will Warren,R,823497,7:05 PM ET,Yankee Stadium,0,1,0.23599320882852293,2026-09-09,823497,0,1,94.4,100.1,100.3,L,2,2,0,0,0,0,0,0,0,2,0,0,0,0,0,0,0,0.617,0.707,0,0,0,0,1,1,0.21739130434782608,0.3333333333333333,0.4782608695652174,0.41379310344827586,0.45454545454545453,0.13043478260869565,0.0,0.034482758620689655,0.08695652173913043,0.5333333333333333,0.8,0.38461538461538464,0.15384615384615385,0.5384615384615384,0.3076923076923077,0.0,0.30607407407407405,0.5502592592592592,0.42857142857142855,0.3,0.49224999999999997,0.9904999999999999,0.2608695652173913,0.391304347826087,0.39285714285714285,0.19047619047619047,0.23809523809523808,0.2916666666666667,0.6903553299492385,0.24550898203592814,0.5423728813559322,0.2542372881355932,0.4632352941176471,0.19852941176470587,0.029411764705882353,10.103225806451613,1.2193548387096773,7.1419354838709666,0.17372881355932204,0.4532882464233355,0.1112977119273761,0.4532882464233355,0.8,,0.5,,,,,False,,1.5,,,,,False,
663586,Austin Riley,ATL,TB,1,8.0,1.0,643377,Griffin Jax,R,824871,7:15 PM ET,Truist Park,1,1,0.23905109489051096,2026-09-09,824871,0,0,100.6,98.4,97.1,R,3,3,1,0,0,0,0,0,0,2,1,1,0,1,0,1,0,0.357,0.395,1,0,1,0,1,1,0.22,0.2857142857142857,0.66,0.30357142857142855,0.30303030303030304,0.12,0.017857142857142856,0.017857142857142856,0.06,1.1333333333333333,1.1333333333333333,0.35294117647058826,0.29411764705882354,0.20588235294117646,0.38235294117647056,0.029411764705882353,0.36916025641025646,0.676474358974359,0.29411764705882354,0.2777777777777778,0.42831250000000004,1.1315208333333333,0.19607843137254902,0.3137254901960784,0.3157894736842105,0.24528301886792453,0.4528301886792453,0.3275862068965517,0.6372093023255814,0.19576719576719576,0.3826530612244898,0.15816326530612246,0.45255474452554745,0.26277372262773724,0.029197080291970802,7.851063829787234,1.7234042553191489,9.76595744680851,0.2727272727272727,0.726029292359086,0.3220774975260037,0.726029292359086,1.1333333333333333,,0.5,,,,,False,,1.5,,,,,False,
686948,Drake Baldwin,ATL,TB,1,1.0,1.0,643377,Griffin Jax,R,824871,7:15 PM ET,Truist Park,0,1,0.23905109489051096,2026-09-09,824871,0,0,100.6,98.4,97.1,L,4,4,1,0,0,0,0,0,0,0,1,4,0,2,2,1,1,0.31775,0.6305,1,0,1,0,0,0,0.3225806451612903,0.36363636363636365,0.6935483870967742,0.2878787878787879,0.4523809523809524,0.14516129032258066,0.015151515151515152,0.09090909090909091,0.11290322580645161,1.9333333333333333,1.2666666666666666,0.4186046511627907,0.27906976744186046,0.3953488372093023,0.32558139534883723,0.046511627906976744,0.3621611111111111,0.6133777777777778,0.22727272727272727,0.30434782608695654,0.30155,0.4663833333333335,0.3225806451612903,0.5,0.30303030303030304,0.25396825396825395,0.3968253968253968,0.16923076923076924,0.6372093023255814,0.19576719576719576,0.3826530612244898,0.15816326530612246,0.45255474452554745,0.26277372262773724,0.029197080291970802,7.851063829787234,1.7234042553191489,9.76595744680851,0.2727272727272727,0.7396847733866103,0.3408874410764336,0.7396847733866103,1.2666666666666666,,0.5,,,,,False,,1.5,,,,,False,
621566,Matt Olson,ATL,TB,1,3.0,1.0,643377,Griffin Jax,R,824871,7:15 PM ET,Truist Park,0,1,0.23905109489051096,2026-09-09,824871,0,0,100.6,98.4,97.1,L,4,4,1,0,0,0,0,0,0,0,1,4,0,3,2,2,0,0.33075,0.6665,1,0,1,0,0,0,0.15254237288135594,0.20634920634920634,0.6949152542372882,0.2857142857142857,0.2,0.0847457627118644,0.015873015873015872,0.031746031746031744,0.05084745762711865,0.9333333333333333,1.2,0.5365853658536586,0.21951219512195122,0.3902439024390244,0.3902439024390244,0.0,0.2795166666666667,0.49153333333333343,0.05263157894736842,0.45,0.20406666666666679,0.2943333333333332,0.1724137931034483,0.27586206896551724,0.2698412698412698,0.16666666666666666,0.4,0.4032258064516129,0.6372093023255814,0.19576719576719576,0.3826530612244898,0.15816326530612246,0.45255474452554745,0.26277372262773724,0.029197080291970802,7.851063829787234,1.7234042553191489,9.76595744680851,0.2727272727272727,0.7337947605474477,0.3632115294516332,0.7337947605474477,1.2,,0.5,,,,,False,,1.5,,,,,False,
643289,Mauricio Dubón,ATL,TB,1,5.0,1.0,643377,Griffin Jax,R,824871,7:15 PM ET,Truist Park,1,1,0.23905109489051096,2026-09-09,824871,0,0,100.6,98.4,97.1,R,4,4,1,0,0,0,0,0,0,0,1,4,0,3,0,1,3,0.55125,0.718,1,0,1,0,0,0,0.2807017543859649,0.3050847457627119,0.9298245614035088,0.06779661016949153,0.28846153846153844,0.08771929824561403,0.01694915254237288,0.03389830508474576,0.05263157894736842,1.4,0.26666666666666666,0.18867924528301888,0.24528301886792453,0.32075471698113206,0.33962264150943394,0.018867924528301886,0.2632655555555556,0.3321355555555556,0.21052631578947367,0.15789473684210525,0.22886666666666663,0.33370000000000005,0.25925925925925924,0.2777777777777778,0.10714285714285714,0.2777777777777778,0.42592592592592593,0.08771929824561403,0.6372093023255814,0.19576719576719576,0.3826530612244898,0.15816326530612246,0.45255474452554745,0.26277372262773724,0.029197080291970802,7.851063829787234,1.7234042553191489,9.76595744680851,0.2727272727272727,0.4223205551324363,0.12327149832360729,0.4223205551324363,0.26666666666666666,,0.5,,,,,False,,1.5,,,,,False,
671739,Michael Harris II,ATL,TB,1,4.0,1.0,643377,Griffin Jax,R,824871,7:15 PM ET,Truist Park,0,1,0.23905109489051096,2026-09-09,824871,0,0,100.6,98.4,97.1,L,4,4,0,0,0,0,0,0,0,0,0,4,0,1,1,2,1,0.17025,0.31925,0,0,0,0,0,0,0.2777777777777778,0.30357142857142855,0.7407407407407407,0.2413793103448276,0.3055555555555556,0.2777777777777778,0.06896551724137931,0.05172413793103448,0.12962962962962962,2.0,0.9333333333333333,0.4523809523809524,0.23809523809523808,0.47619047619047616,0.23809523809523808,0.047619047619047616,0.3498333333333334,0.5966944444444445,0.125,0.23529411764705882,0.2925,0.34909999999999985,0.3392857142857143,0.6071428571428571,0.19672131147540983,0.21818181818181817,0.4727272727272727,0.19642857142857142,0.6372093023255814,0.19576719576719576,0.3826530612244898,0.15816326530612246,0.45255474452554745,0.26277372262773724,0.029197080291970802,7.851063829787234,1.7234042553191489,9.76595744680851,0.2727272727272727,0.6619449543946977,0.268937383899416,0.6619449543946977,0.9333333333333333,,0.5,,,,,False,,1.5,,,,,False,
573262,Mike Yastrzemski,ATL,TB,1,6.0,1.0,643377,Griffin Jax,R,824871,7:15 PM ET,Truist Park,0,1,0.23905109489051096,2026-09-09,824871,0,0,100.6,98.4,97.1,L,3,3,0,0,0,0,0,0,0,0,0,3,0,1,0,1,2,0.21566666666666667,0.36033333333333334,0,0,0,0,0,0,0.22857142857142856,0.325,0.6285714285714286,0.325,0.36363636363636365,0.02857142857142857,0.0,0.025,0.02857142857142857,0.6,0.8666666666666667,0.45454545454545453,0.22727272727272727,0.5,0.2727272727272727,0.0,0.46989393939393936,0.6010984848484848,0.23076923076923078,0.3333333333333333,0.4391944444444443,0.5734444444444444,0.22857142857142856,0.2571428571428571,0.325,0.16666666666666666,0.3333333333333333,0.27450980392156865,0.6372093023255814,0.19576719576719576,0.3826530612244898,0.15816326530612246,0.45255474452554745,0.26277372262773724,0.029197080291970802,7.851063829787234,1.7234042553191489,9.76595744680851,0.2727272727272727,0.6346039849099595,0.2565697125370741,0.6346039849099595,0.8666666666666667,,0.5,,,,,False,,1.5,,,,,False,
645277,Ozzie Albies,ATL,TB,1,7.0,1.0,643377,Griffin Jax,R,824871,7:15 PM ET,Truist Park,0,1,0.23905109489051096,2026-09-09,824871,0,0,100.6,98.4,97.1,L,4,3,0,0,0,0,1,0,0,1,0,2,0,1,1,1,0,0.27449999999999997,0.36200000000000004,0,0,0,0,1,0,0.18604651162790697,0.2391304347826087,0.813953488372093,0.17391304347826086,0.20588235294117646,0.11627906976744186,0.021739130434782608,0.043478260869565216,0.06976744186046512,0.8666666666666667,0.5333333333333333,0.2571428571428571,0.2571428571428571,0.42857142857142855,0.2571428571428571,0.02857142857142857,0.24048333333333333,0.3229166666666667,0.11764705882352941,0.11764705882352941,0.1610333333333333,0.19778333333333326,0.23214285714285715,0.32142857142857145,0.12903225806451613,0.25862068965517243,0.43103448275862066,0.16129032258064516,0.6372093023255814,0.19576719576719576,0.3826530612244898,0.15816326530612246,0.45255474452554745,0.26277372262773724,0.029197080291970802,7.851063829787234,1.7234042553191489,9.76595744680851,0.2727272727272727,0.4768855126413243,0.14592581367750865,0.4768855126413243,0.5333333333333333,,0.5,,,,,False,,1.5,,,,,False,
660670,Ronald Acuña Jr.,ATL,TB,1,2.0,1.0,643377,Griffin Jax,R,824871,7:15 PM ET,Truist Park,1,1,0.23905109489051096,2026-09-09,824871,0,0,100.6,98.4,97.1,R,4,4,1,0,0,0,0,0,0,0,1,4,0,2,0,2,2,0.41575,0.471,1,0,1,0,0,0,0.3333333333333333,0.4090909090909091,0.7543859649122807,0.208955223880597,0.3902439024390244,0.21052631578947367,0.04477611940298507,0.04477611940298507,0.10526315789473684,2.066666666666667,0.9333333333333333,0.4772727272727273,0.22727272727272727,0.45454545454545453,0.25,0.022727272727272728,0.32144,0.6130633333333333,0.5,0.13043478260869565,0.39355333333333337,0.9589899999999998,0.288135593220339,0.4745762711864407,0.2727272727272727,0.2807017543859649,0.49122807017543857,0.208955223880597,0.6372093023255814,0.19576719576719576,0.3826530612244898,0.15816326530612246,0.45255474452554745,0.26277372262773724,0.029197080291970802,7.851063829787234,1.7234042553191489,9.76595744680851,0.2727272727272727,0.7146874306393661,0.321946154517394,0.7146874306393661,0.9333333333333333,,0.5,,,,,False,,1.5,,,,,False,
669221,Sean Murphy,ATL,TB,1,9.0,1.0,643377,Griffin Jax,R,824871,7:15 PM ET,Truist Park,1,1,0.23905109489051096,2026-09-09,824871,0,0,100.6,98.4,97.1,R,3,3,0,0,0,0,0,0,0,0,0,3,0,2,1,1,1,0.31566666666666665,0.3413333333333333,0,0,0,0,0,0,0.26,0.3392857142857143,0.64,0.32142857142857145,0.3448275862068966,0.24,0.05357142857142857,0.05357142857142857,0.12,1.6666666666666667,1.2,0.40625,0.21875,0.53125,0.21875,0.03125,0.3703888888888889,0.5959,0.25,0.3333333333333333,0.4440333333333334,0.7030000000000001,0.23076923076923078,0.46153846153846156,0.4107142857142857,0.13333333333333333,0.15555555555555556,0.3125,0.6372093023255814,0.19576719576719576,0.3826530612244898,0.15816326530612246,0.45255474452554745,0.26277372262773724,0.029197080291970802,7.851063829787234,1.7234042553191489,9.76595744680851,0.2727272727272727,0.6145659809120649,0.2132363268254662,0.6145659809120649,1.2,,0.5,,,,,False,,1.5,,,,,False,
656775,Cedric Mullins,TB,ATL,0,7.0,1.0,625643,Reynaldo López,R,824871,7:15 PM ET,Truist Park,0,1,0.1518324607329843,2026-09-09,824871,0,0,100.6,98.4,97.1,L,4,4,1,0,0,0,0,0,0,0,1,4,0,2,1,1,2,0.41775,0.48075,1,0,1,0,0,0,0.15789473684210525,0.3333333333333333,0.8947368421052632,0.08163265306122448,0.15151515151515152,0.10526315789473684,0.02040816326530612,0.02040816326530612,0.05263157894736842,0.6666666666666666,0.26666666666666666,0.35294117647058826,0.058823529411764705,0.3235294117647059,0.4411764705882353,0.029411764705882353,0.21502380952380953,0.3878154761904762,0.16666666666666666,0.06666666666666667,0.27243750000000005,0.4378958333333333,0.20454545454545456,0.3409090909090909,0.1320754716981132,0.2222222222222222,0.4222222222222222,0.17857142857142858,0.6818181818181818,0.23478260869565218,0.4369747899159664,0.17647058823529413,0.4222222222222222,0.23333333333333334,0.03333333333333333,7.027397260273973,0.36986301369863017,8.136986301369863,0.2222222222222222,0.4801147472037382,0.14508639838789347,0.4801147472037382,0.26666666666666666,,0.5,,,,,False,,1.5,,,,,False,
802415,Chandler Simpson,TB,ATL,0,6.0,1.0,625643,Reynaldo López,R,824871,7:15 PM ET,Truist Park,0,1,0.1518324607329843,2026-09-09,824871,0,0,100.6,98.4,97.1,L,5,5,1,0,0,0,0,0,0,1,1,4,0,0,0,2,2,0.437,0.47700000000000004,1,0,1,0,1,0,0.3275862068965517,0.36065573770491804,0.9482758620689655,0.046875,0.34545454545454546,0.017241379310344827,0.0,0.015625,0.017241379310344827,1.3333333333333333,0.2,0.08771929824561403,0.19298245614035087,0.631578947368421,0.12280701754385964,0.0,0.2949055555555556,0.33751111111111115,0.2727272727272727,0.09090909090909091,0.29005000000000003,0.34418333333333334,0.32786885245901637,0.3442622950819672,0.046153846153846156,0.36363636363636365,0.4,0.06451612903225806,0.6818181818181818,0.23478260869565218,0.4369747899159664,0.17647058823529413,0.4222222222222222,0.23333333333333334,0.03333333333333333,7.027397260273973,0.36986301369863017,8.136986301369863,0.2222222222222222,0.3659819140670204,0.056620960250806214,0.3659819140670204,0.2,,0.5,,,,,False,,1.5,,,,,False,
666018,Jonathan Aranda,TB,ATL,0,2.0,1.0,625643,Reynaldo López,R,824871,7:15 PM ET,Truist Park,0,1,0.1518324607329843,2026-09-09,824871,0,0,100.6,98.4,97.1,L,5,4,1,0,0,0,1,0,0,1,1,3,0,0,0,3,0,0.27099999999999996,0.30133333333333334,1,0,1,0,1,0,0.2545454545454545,0.3225806451612903,0.7272727272727273,0.24193548387096775,0.2702702702702703,0.2727272727272727,0.06451612903225806,0.04838709677419355,0.12727272727272726,1.9333333333333333,1.0,0.4878048780487805,0.2926829268292683,0.34146341463414637,0.3170731707317073,0.07317073170731707,0.35797435897435903,0.6776282051282052,0.35,0.34782608695652173,0.46066666666666667,0.9901249999999998,0.25,0.4642857142857143,0.2903225806451613,0.22033898305084745,0.3559322033898305,0.26153846153846155,0.6818181818181818,0.23478260869565218,0.4369747899159664,0.17647058823529413,0.4222222222222222,0.23333333333333334,0.03333333333333333,7.027397260273973,0.36986301369863017,8.136986301369863,0.2222222222222222,0.6927033891946174,0.2786425140093465,0.6927033891946174,1.0,,0.5,,,,,False,,1.5,,,,,False,
622761,Jorge Mateo,TB,ATL,0,9.0,1.0,625643,Reynaldo López,R,824871,7:15 PM ET,Truist Park,1,1,0.1518324607329843,2026-09-09,824871,0,0,100.6,98.4,97.1,R,5,5,1,0,0,0,0,0,0,3,1,2,0,0,0,2,0,0.327,0.332,1,0,1,0,1,1,0.14285714285714285,0.1956521739130435,0.7619047619047619,0.21739130434782608,0.15625,0.11904761904761904,0.021739130434782608,0.043478260869565216,0.07142857142857142,0.7333333333333333,0.6666666666666666,0.21212121212121213,0.24242424242424243,0.3333333333333333,0.30303030303030304,0.0,0.30217948717948717,0.5273717948717949,0.058823529411764705,0.2777777777777778,0.19616666666666668,0.2415,0.13513513513513514,0.24324324324324326,0.275,0.1111111111111111,0.1388888888888889,0.28205128205128205,0.6818181818181818,0.23478260869565218,0.4369747899159664,0.17647058823529413,0.4222222222222222,0.23333333333333334,0.03333333333333333,7.027397260273973,0.36986301369863017,8.136986301369863,0.2222222222222222,0.520512654104648,0.1472367156724129,0.520512654104648,0.6666666666666666,,0.5,,,,,False,,1.5,,,,,False,
691406,Junior Caminero,TB,ATL,0,3.0,1.0,625643,Reynaldo López,R,824871,7:15 PM ET,Truist Park,1,1,0.1518324607329843,2026-09-09,824871,0,0,100.6,98.4,97.1,R,5,3,2,0,0,1,1,1,0,0,5,3,0,1,1,2,0,0.365,1.3436666666666666,1,1,1,1,0,0,0.3103448275862069,0.3787878787878788,0.7931034482758621,0.18181818181818182,0.3409090909090909,0.1724137931034483,0.045454545454545456,0.015151515151515152,0.06896551724137931,1.8666666666666667,0.8,0.5319148936170213,0.2765957446808511,0.44680851063829785,0.1702127659574468,0.0,0.38072555555555554,0.5882977777777777,0.2,0.30434782608695654,0.37479999999999997,0.5607666666666667,0.27419354838709675,0.4032258064516129,0.2153846153846154,0.30357142857142855,0.5357142857142857,0.16393442622950818,0.6818181818181818,0.23478260869565218,0.4369747899159664,0.17647058823529413,0.4222222222222222,0.23333333333333334,0.03333333333333333,7.027397260273973,0.36986301369863017,8.136986301369863,0.2222222222222222,0.6097103209329268,0.19753314038771883,0.6097103209329268,0.8,,0.5,,,,,False,,1.5,,,,,False,
689414,Liam Hicks,TB,ATL,0,4.0,1.0,625643,Reynaldo López,R,824871,7:15 PM ET,Truist Park,0,1,0.1518324607329843,2026-09-09,824871,0,0,100.6,98.4,97.1,L,5,3,1,0,0,1,1,1,0,0,4,3,0,1,1,2,0,0.2353333333333333,0.7166666666666667,1,0,1,1,0,0,0.3404255319148936,0.36,0.8936170212765957,0.1,0.35714285714285715,0.0851063829787234,0.02,0.02,0.0425531914893617,1.3333333333333333,0.3333333333333333,0.20930232558139536,0.37209302325581395,0.32558139534883723,0.20930232558139536,0.0,0.3564722222222222,0.4425055555555556,0.29411764705882354,0.11764705882352941,0.328,0.3640499999999998,0.3111111111111111,0.37777777777777777,0.12244897959183673,0.2,0.2,0.10526315789473684,0.6818181818181818,0.23478260869565218,0.4369747899159664,0.17647058823529413,0.4222222222222222,0.23333333333333334,0.03333333333333333,7.027397260273973,0.36986301369863017,8.136986301369863,0.2222222222222222,0.40933172281514213,0.11001065993943036,0.40933172281514213,0.3333333333333333,,0.5,,,,,False,,1.5,,,,,False,
680700,Richie Palacios,TB,ATL,0,8.0,1.0,625643,Reynaldo López,R,824871,7:15 PM ET,Truist Park,0,1,0.1518324607329843,2026-09-09,824871,0,0,100.6,98.4,97.1,L,5,4,1,0,0,1,1,0,0,2,4,2,0,1,0,0,2,0.4815,0.8505,1,0,1,1,1,1,0.14583333333333334,0.19230769230769232,0.9166666666666666,0.07547169811320754,0.09523809523809523,0.20833333333333334,0.05660377358490566,0.018867924528301886,0.08333333333333333,1.1333333333333333,0.26666666666666666,0.2391304347826087,0.10869565217391304,0.5217391304347826,0.2608695652173913,0.021739130434782608,0.22258333333333336,0.32864880952380954,0.25,0.0,0.26793333333333336,0.4975833333333333,0.17307692307692307,0.34615384615384615,0.10526315789473684,0.2564102564102564,0.3333333333333333,0.17391304347826086,0.6818181818181818,0.23478260869565218,0.4369747899159664,0.17647058823529413,0.4222222222222222,0.23333333333333334,0.03333333333333333,7.027397260273973,0.36986301369863017,8.136986301369863,0.2222222222222222,0.4845180867060666,0.08609598388444045,0.4845180867060666,0.26666666666666666,,0.5,,,,,False,,1.5,,,,,False,
683748,Victor Mesa Jr.,TB,ATL,0,5.0,1.0,625643,Reynaldo López,R,824871,7:15 PM ET,Truist Park,0,1,0.1518324607329843,2026-09-09,824871,0,0,100.6,98.4,97.1,L,5,5,2,1,0,0,0,0,0,0,3,5,0,3,0,2,3,0.40700000000000003,0.487,1,1,1,1,0,0,0.29411764705882354,0.32075471698113206,0.8823529411764706,0.1111111111111111,0.3023255813953488,0.21568627450980393,0.037037037037037035,0.018518518518518517,0.09803921568627451,1.7333333333333334,0.4,0.32608695652173914,0.1956521739130435,0.2608695652173913,0.45652173913043476,0.043478260869565216,0.2610595238095238,0.4712380952380953,0.2222222222222222,0.1111111111111111,0.2219,0.25971666666666665,0.18,0.4,0.11320754716981132,0.35714285714285715,0.5952380952380952,0.2,0.6818181818181818,0.23478260869565218,0.4369747899159664,0.17647058823529413,0.4222222222222222,0.23333333333333334,0.03333333333333333,7.027397260273973,0.36986301369863017,8.136986301369863,0.2222222222222222,0.5231412847443582,0.12228034518397901,0.5231412847443582,0.4,,0.5,,,,,False,,1.5,,,,,False,
650490,Yandy Díaz,TB,ATL,0,1.0,1.0,625643,Reynaldo López,R,824871,7:15 PM ET,Truist Park,1,1,0.1518324607329843,2026-09-09,824871,0,0,100.6,98.4,97.1,R,5,5,2,1,0,1,0,0,0,1,6,4,0,3,1,1,1,0.20325000000000001,0.38775,1,1,1,1,1,0,0.30158730158730157,0.36231884057971014,0.873015873015873,0.11594202898550725,0.32075471698113206,0.14285714285714285,0.028985507246376812,0.043478260869565216,0.07936507936507936,1.8666666666666667,0.5333333333333333,0.5454545454545454,0.2909090909090909,0.5454545454545454,0.14545454545454545,0.01818181818181818,0.3617688888888889,0.6157266666666668,0.38095238095238093,0.043478260869565216,0.41104,0.5859899999999998,0.3333333333333333,0.5166666666666667,0.13636363636363635,0.23728813559322035,0.423728813559322,0.13432835820895522,0.6818181818181818,0.23478260869565218,0.4369747899159664,0.17647058823529413,0.4222222222222222,0.23333333333333334,0.03333333333333333,7.027397260273973,0.36986301369863017,8.136986301369863,0.2222222222222222,0.5731861408348307,0.18234152959747732,0.5731861408348307,0.5333333333333333,,0.5,,,,,False,,1.5,,,,,False,
677951,Bobby Witt Jr.,KC,AZ,1,2.0,1.0,668678,Zac Gallen,R,824064,7:40 PM ET,Kauffman Stadium,1,1,0.18998272884283246,2026-09-09,824064,0,0,103.7,102.1,85.4,R,5,4,0,0,0,0,1,0,0,0,0,4,0,1,2,1,1,0.21025,0.2525,0,0,0,0,0,0,0.22413793103448276,0.3235294117647059,0.8103448275862069,0.16176470588235295,0.2553191489361702,0.1206896551724138,0.014705882352941176,0.058823529411764705,0.08620689655172414,1.3333333333333333,0.7333333333333333,0.4791666666666667,0.2708333333333333,0.2916666666666667,0.3125,0.0625,0.39629888888888887,0.6887188888888889,0.2222222222222222,0.18181818181818182,0.4345333333333333,0.9227333333333334,0.2982456140350877,0.43859649122807015,0.17391304347826086,0.1864406779661017,0.3050847457627119,0.15384615384615385,0.7959183673469388,0.27488151658767773,0.5625,0.24553571428571427,0.4153846153846154,0.30256410256410254,0.035897435897435895,11.906832298136646,2.1801242236024843,5.198757763975155,0.12653061224489795,0.48004623422179454,0.13756934991040726,0.48004623422179454,0.7333333333333333,,0.5,,,,,False,,1.5,,,,,False,
695600,Carter Jensen,KC,AZ,1,1.0,1.0,668678,Zac Gallen,R,824064,7:40 PM ET,Kauffman Stadium,0,1,0.18998272884283246,2026-09-09,824064,0,0,103.7,102.1,85.4,L,5,3,0,0,0,0,2,0,0,2,0,1,0,0,0,0,1,0.977,1.108,0,0,0,0,1,1,0.2962962962962963,0.4090909090909091,0.7407407407407407,0.21212121212121213,0.2857142857142857,0.4444444444444444,0.09090909090909091,0.06060606060606061,0.2037037037037037,2.6666666666666665,0.9333333333333333,0.5853658536585366,0.14634146341463414,0.3902439024390244,0.4634146341463415,0.024390243902439025,0.3898444444444444,0.8972666666666667,0.3684210526315789,0.18181818181818182,0.5276333333333334,1.25135,0.3076923076923077,0.7692307692307693,0.19047619047619047,0.16981132075471697,0.3018867924528302,0.3442622950819672,0.7959183673469388,0.27488151658767773,0.5625,0.24553571428571427,0.4153846153846154,0.30256410256410254,0.035897435897435895,11.906832298136646,2.1801242236024843,5.198757763975155,0.12653061224489795,0.6237282459094978,0.20232200209406484,0.6237282459094978,0.9333333333333333,,0.5,,,,,False,,1.5,,,,,False,
686555,Isaac Collins,KC,AZ,1,9.0,1.0,668678,Zac Gallen,R,824064,7:40 PM ET,Kauffman Stadium,0,1,0.18998272884283246,2026-09-09,824064,0,0,103.7,102.1,85.4,L,4,3,0,0,0,0,1,0,0,1,0,2,0,0,0,2,0,0.1845,0.2005,0,0,0,0,1,0,0.12903225806451613,0.25,0.7096774193548387,0.25,0.18181818181818182,0.0967741935483871,0.0,0.08333333333333333,0.0967741935483871,0.4666666666666667,0.6,0.2727272727272727,0.09090909090909091,0.5454545454545454,0.22727272727272727,0.0,0.19148484848484848,0.23134848484848486,0.0,0.2222222222222222,0.17316666666666686,0.20016666666666677,0.16666666666666666,0.23809523809523808,0.21153846153846154,0.15217391304347827,0.2826086956521739,0.23076923076923078,0.7959183673469388,0.27488151658767773,0.5625,0.24553571428571427,0.4153846153846154,0.30256410256410254,0.035897435897435895,11.906832298136646,2.1801242236024843,5.198757763975155,0.12653061224489795,0.36479873246329153,0.05860929306712994,0.36479873246329153,0.6,,0.5,,,,,False,,1.5,,,,,False,
670231,John Rave,KC,AZ,1,7.0,1.0,668678,Zac Gallen,R,824064,7:40 PM ET,Kauffman Stadium,0,1,0.18998272884283246,2026-09-09,824064,0,0,103.7,102.1,85.4,L,3,3,1,0,0,1,0,0,0,2,4,1,0,1,1,0,0,0.391,1.471,1,0,1,1,1,1,0.22,0.30357142857142855,0.78,0.19298245614035087,0.24324324324324326,0.16,0.03508771929824561,0.03508771929824561,0.08,1.2666666666666666,0.7333333333333333,0.35,0.225,0.5,0.175,0.0,0.2671533333333333,0.38631555555555547,0.23529411764705882,0.2857142857142857,0.22549999999999998,0.3403999999999999,0.18181818181818182,0.2727272727272727,0.1568627450980392,0.1794871794871795,0.28205128205128205,0.23255813953488372,0.7959183673469388,0.27488151658767773,0.5625,0.24553571428571427,0.4153846153846154,0.30256410256410254,0.035897435897435895,11.906832298136646,2.1801242236024843,5.198757763975155,0.12653061224489795,0.5268304230164312,0.1413619371940222,0.5268304230164312,0.7333333333333333,,0.5,,,,,False,,1.5,,,,,False,
664728,Kyle Isbel,KC,AZ,1,8.0,1.0,668678,Zac Gallen,R,824064,7:40 PM ET,Kauffman Stadium,0,1,0.18998272884283246,2026-09-09,824064,0,0,103.7,102.1,85.4,L,4,4,1,0,0,0,0,0,0,0,1,4,0,0,1,2,0,0.23625,0.2675,1,0,1,0,0,0,0.20408163265306123,0.25,0.7551020408163265,0.22641509433962265,0.22857142857142856,0.16326530612244897,0.03773584905660377,0.03773584905660377,0.08163265306122448,1.2,0.8,0.2631578947368421,0.13157894736842105,0.47368421052631576,0.3157894736842105,0.0,0.24794642857142857,0.31340476190476185,0.14285714285714285,0.26666666666666666,0.25783333333333336,0.29341666666666644,0.1875,0.3541666666666667,0.24528301886792453,0.1836734693877551,0.2857142857142857,0.2641509433962264,0.7959183673469388,0.27488151658767773,0.5625,0.24553571428571427,0.4153846153846154,0.30256410256410254,0.035897435897435895,11.906832298136646,2.1801242236024843,5.198757763975155,0.12653061224489795,0.5593563445637096,0.16114889387628684,0.5593563445637096,0.8,,0.5,,,,,False,,1.5,,,,,False,
686681,Michael Massey,KC,AZ,1,5.0,1.0,668678,Zac Gallen,R,824064,7:40 PM ET,Kauffman Stadium,0,1,0.18998272884283246,2026-09-09,824064,0,0,103.7,102.1,85.4,L,5,4,2,1,0,0,1,0,0,1,3,3,0,2,0,1,2,0.5756666666666667,0.798,1,1,1,1,1,0,0.36,0.4074074074074074,0.92,0.07407407407407407,0.36363636363636365,0.18,0.037037037037037035,0.05555555555555555,0.1,1.8,0.26666666666666666,0.41304347826086957,0.34782608695652173,0.41304347826086957,0.17391304347826086,0.021739130434782608,0.35802976190476193,0.5541488095238095,0.2631578947368421,0.05,0.37489999999999996,0.5817,0.2692307692307692,0.4230769230769231,0.09090909090909091,0.23404255319148937,0.40425531914893614,0.3137254901960784,0.7959183673469388,0.27488151658767773,0.5625,0.24553571428571427,0.4153846153846154,0.30256410256410254,0.035897435897435895,11.906832298136646,2.1801242236024843,5.198757763975155,0.12653061224489795,0.4321917337506405,0.07427148332627857,0.4321917337506405,0.26666666666666666,,0.5,,,,,False,,1.5,,,,,False,
679845,Nick Loftin,KC,AZ,1,6.0,1.0,668678,Zac Gallen,R,824064,7:40 PM ET,Kauffman Stadium,1,1,0.18998272884283246,2026-09-09,824064,0,0,103.7,102.1,85.4,R,5,5,1,1,0,0,0,0,0,1,2,4,0,1,1,1,2,0.25125,0.349,1,0,1,1,1,0,0.26785714285714285,0.32786885245901637,0.7678571428571429,0.21311475409836064,0.3170731707317073,0.16071428571428573,0.03278688524590164,0.04918032786885246,0.08928571428571429,1.6,0.8666666666666667,0.3023255813953488,0.20930232558139536,0.37209302325581395,0.3488372093023256,0.0,0.2881222222222222,0.4682488888888889,0.2222222222222222,0.2777777777777778,0.41555,0.5482666666666667,0.2222222222222222,0.35185185185185186,0.2459016393442623,0.23636363636363636,0.34545454545454546,0.203125,0.7959183673469388,0.27488151658767773,0.5625,0.24553571428571427,0.4153846153846154,0.30256410256410254,0.035897435897435895,11.906832298136646,2.1801242236024843,5.198757763975155,0.12653061224489795,0.5681229590832574,0.17006206655688794,0.5681229590832574,0.8666666666666667,,0.5,,,,,False,,1.5,,,,,False,
521692,Salvador Perez,KC,AZ,1,4.0,1.0,668678,Zac Gallen,R,824064,7:40 PM ET,Kauffman Stadium,1,1,0.18998272884283246,2026-09-09,824064,0,0,103.7,102.1,85.4,R,5,4,1,0,0,0,1,0,0,1,1,3,0,2,0,1,1,0.508,0.6316666666666666,1,0,1,0,1,0,0.3114754098360656,0.34375,0.8032786885245902,0.18461538461538463,0.34782608695652173,0.22950819672131148,0.046153846153846156,0.07692307692307693,0.13114754098360656,2.2,0.8,0.4489795918367347,0.30612244897959184,0.3673469387755102,0.30612244897959184,0.04081632653061224,0.40107222222222216,0.697761111111111,0.45,0.09523809523809523,0.4588833333333332,0.7833333333333331,0.3050847457627119,0.5084745762711864,0.1875,0.26785714285714285,0.42857142857142855,0.12698412698412698,0.7959183673469388,0.27488151658767773,0.5625,0.24553571428571427,0.4153846153846154,0.30256410256410254,0.035897435897435895,11.906832298136646,2.1801242236024843,5.198757763975155,0.12653061224489795,0.48902636200185284,0.13345652809532865,0.48902636200185284,0.8,,0.5,,,,,False,,1.5,,,,,False,
686469,Vinnie Pasquantino,KC,AZ,1,3.0,1.0,668678,Zac Gallen,R,824064,7:40 PM ET,Kauffman Stadium,0,1,0.18998272884283246,2026-09-09,824064,0,0,103.7,102.1,85.4,L,5,4,1,1,0,0,0,0,1,0,2,5,0,2,2,0,3,0.23275,0.4775,1,0,1,1,0,0,0.23214285714285715,0.3484848484848485,0.9107142857142857,0.07575757575757576,0.19148936170212766,0.26785714285714285,0.06060606060606061,0.045454545454545456,0.125,1.8666666666666667,0.3333333333333333,0.4117647058823529,0.1568627450980392,0.29411764705882354,0.4117647058823529,0.0196078431372549,0.24405777777777782,0.49221777777777775,0.2631578947368421,0.09090909090909091,0.30813333333333337,0.6314333333333335,0.23214285714285715,0.5178571428571429,0.05970149253731343,0.30357142857142855,0.42857142857142855,0.21212121212121213,0.7959183673469388,0.27488151658767773,0.5625,0.24553571428571427,0.4153846153846154,0.30256410256410254,0.035897435897435895,11.906832298136646,2.1801242236024843,5.198757763975155,0.12653061224489795,0.42995884786794086,0.05860929306712994,0.42995884786794086,0.3333333333333333,,0.5,,,,,False,,1.5,,,,,False,
672695,Geraldo Perdomo,AZ,KC,0,3.0,1.0,663738,Daniel Lynch IV,L,824064,7:40 PM ET,Kauffman Stadium,0,0,0.22574626865671643,2026-09-09,824064,0,0,103.7,102.1,85.4,L,4,2,0,0,0,0,1,0,0,0,0,3,0,0,2,1,0,0.0115,0.0185,0,0,0,0,0,0,0.2777777777777778,0.38636363636363635,0.8333333333333334,0.13333333333333333,0.3225806451612903,0.0,0.0,0.0,0.0,0.6666666666666666,0.4,0.34375,0.34375,0.40625,0.125,0.0,0.3312564102564102,0.40719230769230774,0.25,0.16666666666666666,0.23549999999999996,0.3268750000000004,0.24074074074074073,0.24074074074074073,0.15873015873015872,0.3333333333333333,0.43333333333333335,0.07352941176470588,0.7764705882352941,0.21333333333333335,0.41025641025641024,0.16666666666666666,0.4696969696969697,0.2878787878787879,0.06060606060606061,5.7857142857142865,0.9642857142857144,2.8928571428571432,0.08108108108108109,0.3547140420437771,0.09641655837259396,0.3547140420437771,0.4,,0.5,,,,,False,,1.5,,,,,False,
545121,Ildemaro Vargas,AZ,KC,0,1.0,1.0,663738,Daniel Lynch IV,L,824064,7:40 PM ET,Kauffman Stadium,0,0,0.22574626865671643,2026-09-09,824064,0,0,103.7,102.1,85.4,L,5,5,0,0,0,0,0,0,0,0,0,5,0,1,0,2,2,0.21939999999999998,0.27280000000000004,0,0,0,0,0,0,0.17777777777777778,0.17777777777777778,0.8666666666666667,0.13333333333333333,0.20512820512820512,0.0,0.0,0.0,0.0,0.5333333333333333,0.4,0.28205128205128205,0.20512820512820512,0.38461538461538464,0.358974358974359,0.0,0.20526111111111112,0.2664722222222222,0.25,0.0,0.19965,0.26706666666666673,0.19148936170212766,0.3191489361702128,0.10204081632653061,0.18518518518518517,0.3148148148148148,0.14035087719298245,0.7764705882352941,0.21333333333333335,0.41025641025641024,0.16666666666666666,0.4696969696969697,0.2878787878787879,0.06060606060606061,5.7857142857142865,0.9642857142857144,2.8928571428571432,0.08108108108108109,0.3449479016675272,0.08256973837180512,0.3449479016675272,0.4,,0.5,,,,,False,,1.5,,,,,False,
543510,James McCann,AZ,KC,0,7.0,1.0,663738,Daniel Lynch IV,L,824064,7:40 PM ET,Kauffman Stadium,1,0,0.22574626865671643,2026-09-09,824064,0,0,103.7,102.1,85.4,R,4,3,1,0,0,0,0,0,1,1,1,3,0,3,1,1,1,0.4685,0.69,1,0,1,0,1,0,0.30612244897959184,0.37037037037037035,0.7142857142857143,0.25925925925925924,0.3939393939393939,0.1836734693877551,0.037037037037037035,0.05555555555555555,0.10204081632653061,1.6,0.9333333333333333,0.42857142857142855,0.37142857142857144,0.2571428571428571,0.2857142857142857,0.02857142857142857,0.4212307692307693,0.8132820512820513,0.29411764705882354,0.3888888888888889,0.5794666666666666,1.2802333333333331,0.34545454545454546,0.6363636363636364,0.27586206896551724,0.2826086956521739,0.34782608695652173,0.17647058823529413,0.7764705882352941,0.21333333333333335,0.41025641025641024,0.16666666666666666,0.4696969696969697,0.2878787878787879,0.06060606060606061,5.7857142857142865,0.9642857142857144,2.8928571428571432,0.08108108108108109,0.546818589380198,0.14062550677009175,0.546818589380198,0.9333333333333333,,0.5,,,,,False,,1.5,,,,,False,
691783,Jordan Lawlar,AZ,KC,0,8.0,1.0,663738,Daniel Lynch IV,L,824064,7:40 PM ET,Kauffman Stadium,1,0,0.22574626865671643,2026-09-09,824064,0,0,103.7,102.1,85.4,R,1,1,0,0,0,0,0,0,0,0,0,1,0,0,0,0,1,0.3,0.308,0,0,0,0,0,0,0.21428571428571427,0.26666666666666666,0.6190476190476191,0.34782608695652173,0.2608695652173913,0.21428571428571427,0.06521739130434782,0.0,0.07142857142857142,1.2,1.0666666666666667,0.18518518518518517,0.2222222222222222,0.3333333333333333,0.4074074074074074,0.07407407407407407,0.33414102564102566,0.5126538461538461,0.14285714285714285,0.5333333333333333,0.32408333333333333,0.48291666666666666,0.24390243902439024,0.3902439024390244,0.3137254901960784,0.3181818181818182,0.5227272727272727,0.25,0.7764705882352941,0.21333333333333335,0.41025641025641024,0.16666666666666666,0.4696969696969697,0.2878787878787879,0.06060606060606061,5.7857142857142865,0.9642857142857144,2.8928571428571432,0.08108108108108109,0.5273961581795666,0.15225627701709696,0.5273961581795666,1.0666666666666667,,0.5,,,,,False,,1.5,,,,,False,
606466,Ketel Marte,AZ,KC,0,2.0,1.0,663738,Daniel Lynch IV,L,824064,7:40 PM ET,Kauffman Stadium,0,0,0.22574626865671643,2026-09-09,824064,0,0,103.7,102.1,85.4,L,4,2,0,0,0,0,2,0,0,0,0,2,0,0,0,0,0,0.08850000000000001,0.105,0,0,0,0,0,0,0.30303030303030304,0.425,0.8787878787878788,0.1,0.2962962962962963,0.21212121212121213,0.05,0.025,0.09090909090909091,1.1333333333333333,0.26666666666666666,0.3448275862068966,0.2413793103448276,0.3793103448275862,0.3103448275862069,0.0,0.30474444444444443,0.40329444444444446,0.23076923076923078,0.14285714285714285,0.2164333333333332,0.31823333333333326,0.23529411764705882,0.39215686274509803,0.15625,0.288135593220339,0.559322033898305,0.125,0.7764705882352941,0.21333333333333335,0.41025641025641024,0.16666666666666666,0.4696969696969697,0.2878787878787879,0.06060606060606061,5.7857142857142865,0.9642857142857144,2.8928571428571432,0.08108108108108109,0.3901295211578451,0.09464505132856993,0.3901295211578451,0.26666666666666666,,0.5,,,,,False,,1.5,,,,,False,
663457,Lars Nootbaar,AZ,KC,0,9.0,1.0,663738,Daniel Lynch IV,L,824064,7:40 PM ET,Kauffman Stadium,0,0,0.22574626865671643,2026-09-09,824064,0,0,103.7,102.1,85.4,L,3,3,2,0,0,0,0,0,0,1,2,2,0,1,0,2,0,0.375,0.41700000000000004,1,1,1,1,1,0,0.3076923076923077,0.37777777777777777,0.8461538461538461,0.13333333333333333,0.2903225806451613,0.3333333333333333,0.06666666666666667,0.08888888888888889,0.1794871794871795,1.6666666666666667,0.4,0.5294117647058824,0.3235294117647059,0.20588235294117646,0.38235294117647056,0.08823529411764706,0.37795897435897435,0.8711128205128206,0.2727272727272727,0.21428571428571427,0.3990555555555555,0.5274999999999999,0.3076923076923077,0.6410256410256411,0.13333333333333333,0.19148936170212766,0.2978723404255319,0.19298245614035087,0.7764705882352941,0.21333333333333335,0.41025641025641024,0.16666666666666666,0.4696969696969697,0.2878787878787879,0.06060606060606061,5.7857142857142865,0.9642857142857144,2.8928571428571432,0.08108108108108109,0.2686410426621753,0.05595868804560511,0.2686410426621753,0.4,,0.5,,,,,False,,1.5,,,,,False,
666971,Lourdes Gurriel Jr.,AZ,KC,0,6.0,1.0,663738,Daniel Lynch IV,L,824064,7:40 PM ET,Kauffman Stadium,1,0,0.22574626865671643,2026-09-09,824064,0,0,103.7,102.1,85.4,R,3,3,1,0,1,0,0,0,0,1,3,2,0,1,1,1,0,0.1625,0.20199999999999999,1,0,1,1,1,0,0.17307692307692307,0.21428571428571427,0.8076923076923077,0.17857142857142858,0.19047619047619047,0.09615384615384616,0.017857142857142856,0.03571428571428571,0.057692307692307696,0.9333333333333333,0.6666666666666666,0.37209302325581395,0.2558139534883721,0.37209302325581395,0.20930232558139536,0.023255813953488372,0.32916,0.4110277777777779,0.05263157894736842,0.2,0.28216666666666673,0.34031666666666666,0.15254237288135594,0.2542372881355932,0.19047619047619047,0.2653061224489796,0.30612244897959184,0.1568627450980392,0.7764705882352941,0.21333333333333335,0.41025641025641024,0.16666666666666666,0.4696969696969697,0.2878787878787879,0.06060606060606061,5.7857142857142865,0.9642857142857144,2.8928571428571432,0.08108108108108109,0.4168023904468418,0.08473122360134681,0.4168023904468418,0.6666666666666666,,0.5,,,,,False,,1.5,,,,,False,
571448,Nolan Arenado,AZ,KC,0,4.0,1.0,663738,Daniel Lynch IV,L,824064,7:40 PM ET,Kauffman Stadium,1,0,0.22574626865671643,2026-09-09,824064,0,0,103.7,102.1,85.4,R,5,3,0,0,0,0,2,0,0,0,0,3,0,1,1,0,1,0.262,0.4076666666666666,0,0,0,0,0,0,0.17857142857142858,0.22033898305084745,0.8035714285714286,0.18333333333333332,0.18604651162790697,0.125,0.03333333333333333,0.016666666666666666,0.05357142857142857,1.1333333333333333,0.7333333333333333,0.2,0.15555555555555556,0.4666666666666667,0.2,0.022222222222222223,0.1854277777777778,0.28658333333333336,0.2222222222222222,0.2,0.2585333333333333,0.4311,0.23214285714285715,0.5535714285714286,0.1,0.19230769230769232,0.38461538461538464,0.2711864406779661,0.7764705882352941,0.21333333333333335,0.41025641025641024,0.16666666666666666,0.4696969696969697,0.2878787878787879,0.06060606060606061,5.7857142857142865,0.9642857142857144,2.8928571428571432,0.08108108108108109,0.47373795541008534,0.14426516631620145,0.47373795541008534,0.7333333333333333,,0.5,,,,,False,,1.5,,,,,False,
694374,Tim Tawa,AZ,KC,0,5.0,1.0,663738,Daniel Lynch IV,L,824064,7:40 PM ET,Kauffman Stadium,1,0,0.22574626865671643,2026-09-09,824064,0,0,103.7,102.1,85.4,R,5,5,3,0,0,1,0,0,0,0,6,5,0,2,1,2,2,0.4782,0.7476,1,1,1,1,0,0,0.22,0.30357142857142855,0.56,0.39285714285714285,0.37037037037037035,0.08,0.017857142857142856,0.017857142857142856,0.04,1.0,1.4666666666666666,0.42857142857142855,0.32142857142857145,0.2857142857142857,0.32142857142857145,0.0,0.3015892857142857,0.4828154761904762,0.2,0.5882352941176471,0.362,0.4048749999999999,0.25925925925925924,0.4074074074074074,0.3620689655172414,0.2708333333333333,0.4375,0.23636363636363636,0.7764705882352941,0.21333333333333335,0.41025641025641024,0.16666666666666666,0.4696969696969697,0.2878787878787879,0.06060606060606061,5.7857142857142865,0.9642857142857144,2.8928571428571432,0.08108108108108109,0.6452311216301098,0.2540777986510144,0.6452311216301098,1.4666666666666666,,0.5,,,,,False,,1.5,,,,,False,
643217,Andrew Benintendi,CWS,PIT,1,2.0,1.0,669199,Lake Bachar,R,824549,7:40 PM ET,Rate Field,0,1,0.24006908462867013,2026-09-09,824549,0,1,95.5,94.6,96.9,L,4,4,2,2,0,0,0,0,0,0,4,4,0,4,1,1,2,0.6285000000000001,1.00275,1,1,1,1,0,0,0.21739130434782608,0.28846153846153844,0.8043478260869565,0.17307692307692307,0.24324324324324326,0.13043478260869565,0.019230769230769232,0.057692307692307696,0.08695652173913043,1.0666666666666667,0.6,0.5,0.21052631578947367,0.3684210526315789,0.34210526315789475,0.05263157894736842,0.29005952380952377,0.501077380952381,0.0,0.15384615384615385,0.25004166666666666,0.536833333333333,0.21739130434782608,0.34782608695652173,0.17307692307692307,0.2641509433962264,0.4716981132075472,0.25,0.6455696202531646,0.09090909090909091,0.32857142857142857,0.18571428571428572,0.4117647058823529,0.3137254901960784,0.0196078431372549,6.136363636363637,0.0,8.590909090909092,0.23728813559322035,0.5747911446221199,0.18013298757174925,0.5747911446221199,0.6,,0.5,,,,,False,,1.5,,,,,False,
695731,Braden Montgomery,CWS,PIT,1,6.0,1.0,669199,Lake Bachar,R,824549,7:40 PM ET,Rate Field,0,1,0.24006908462867013,2026-09-09,824549,0,1,95.5,94.6,96.9,L,3,3,1,0,0,0,0,0,0,0,1,3,0,2,1,2,0,0.2823333333333333,0.3163333333333333,1,0,1,0,0,0,0.125,0.24324324324324326,0.90625,0.08108108108108109,0.10714285714285714,0.09375,0.02702702702702703,0.0,0.03125,0.4666666666666667,0.2,0.3793103448275862,0.2413793103448276,0.5517241379310345,0.10344827586206896,0.0,0.3384358974358974,0.5630384615384615,0.0,0.2,0.19161111111111118,0.48516666666666675,0.16666666666666666,0.2962962962962963,0.11290322580645161,0.15384615384615385,0.25,0.3114754098360656,0.6455696202531646,0.09090909090909091,0.32857142857142857,0.18571428571428572,0.4117647058823529,0.3137254901960784,0.0196078431372549,6.136363636363637,0.0,8.590909090909092,0.23728813559322035,0.48096866769004326,0.09035659606528094,0.48096866769004326,0.2,,0.5,,,,,False,,1.5,,,,,False,
805367,Chase Meidroth,CWS,PIT,1,8.0,1.0,669199,Lake Bachar,R,824549,7:40 PM ET,Rate Field,1,1,0.24006908462867013,2026-09-09,824549,0,1,95.5,94.6,96.9,R,3,3,0,0,0,0,0,0,0,1,0,2,0,0,2,0,0,0.0685,0.152,0,0,0,0,1,0,0.25,0.3333333333333333,0.8214285714285714,0.15873015873015872,0.30434782608695654,0.05357142857142857,0.0,0.047619047619047616,0.05357142857142857,1.1333333333333333,0.6666666666666666,0.2608695652173913,0.2826086956521739,0.41304347826086957,0.2608695652173913,0.0,0.31006666666666666,0.3855055555555556,0.1875,0.2631578947368421,0.3067666666666667,0.34680000000000005,0.23636363636363636,0.2727272727272727,0.19672131147540983,0.21428571428571427,0.4107142857142857,0.23880597014925373,0.6455696202531646,0.09090909090909091,0.32857142857142857,0.18571428571428572,0.4117647058823529,0.3137254901960784,0.0196078431372549,6.136363636363637,0.0,8.590909090909092,0.23728813559322035,0.5931922738572064,0.16156080348269183,0.5931922738572064,0.6666666666666666,,0.5,,,,,False,,1.5,,,,,False,
695657,Colson Montgomery,CWS,PIT,1,5.0,1.0,669199,Lake Bachar,R,824549,7:40 PM ET,Rate Field,0,1,0.24006908462867013,2026-09-09,824549,0,1,95.5,94.6,96.9,L,4,4,0,0,0,0,0,0,0,1,0,3,0,1,0,2,0,0.20033333333333334,0.20866666666666667,0,0,0,0,1,0,0.17543859649122806,0.27692307692307694,0.49122807017543857,0.4461538461538462,0.21739130434782608,0.2982456140350877,0.07692307692307693,0.03076923076923077,0.12280701754385964,1.8,1.9333333333333333,0.4642857142857143,0.32142857142857145,0.2857142857142857,0.21428571428571427,0.03571428571428571,0.3934642857142857,0.9170238095238095,0.10526315789473684,0.47619047619047616,0.36641666666666667,1.1314166666666667,0.19642857142857142,0.4107142857142857,0.4375,0.21666666666666667,0.3333333333333333,0.30303030303030304,0.6455696202531646,0.09090909090909091,0.32857142857142857,0.18571428571428572,0.4117647058823529,0.3137254901960784,0.0196078431372549,6.136363636363637,0.0,8.590909090909092,0.23728813559322035,0.7357057690271448,0.38644213349557327,0.7357057690271448,1.9333333333333333,,0.5,,,,,False,,1.5,,,,,False,
691019,Kyle Teel,CWS,PIT,1,9.0,1.0,669199,Lake Bachar,R,824549,7:40 PM ET,Rate Field,0,1,0.24006908462867013,2026-09-09,824549,0,1,95.5,94.6,96.9,L,3,3,2,0,0,1,0,0,0,1,5,2,0,2,1,1,0,0.6214999999999999,2.041,1,1,1,1,1,0,0.15217391304347827,0.20408163265306123,0.6086956521739131,0.3673469387755102,0.19230769230769232,0.17391304347826086,0.04081632653061224,0.04081632653061224,0.08695652173913043,1.0,1.2,0.5,0.35714285714285715,0.21428571428571427,0.35714285714285715,0.03571428571428571,0.3806666666666667,0.6603589743589744,0.07692307692307693,0.38461538461538464,0.16225,0.4325,0.1836734693877551,0.3469387755102041,0.41509433962264153,0.16666666666666666,0.20833333333333334,0.27586206896551724,0.6455696202531646,0.09090909090909091,0.32857142857142857,0.18571428571428572,0.4117647058823529,0.3137254901960784,0.0196078431372549,6.136363636363637,0.0,8.590909090909092,0.23728813559322035,0.609185343297581,0.17668249136738448,0.609185343297581,1.2,,0.5,,,,,False,,1.5,,,,,False,
808959,Munetaka Murakami,CWS,PIT,1,3.0,1.0,669199,Lake Bachar,R,824549,7:40 PM ET,Rate Field,0,1,0.24006908462867013,2026-09-09,824549,0,1,95.5,94.6,96.9,L,4,4,0,0,0,0,0,0,0,4,0,0,0,0,0,0,0,0.21,0.236,0,0,0,0,1,1,0.125,0.27941176470588236,0.4642857142857143,0.4411764705882353,0.24,0.07142857142857142,0.014705882352941176,0.014705882352941176,0.03571428571428571,0.7333333333333333,2.0,0.46153846153846156,0.11538461538461539,0.46153846153846156,0.38461538461538464,0.0,0.24897777777777777,0.3481888888888889,0.14285714285714285,0.45454545454545453,0.1308666666666667,0.21246666666666666,0.12280701754385964,0.19298245614035087,0.43283582089552236,0.1509433962264151,0.3018867924528302,0.36231884057971014,0.6455696202531646,0.09090909090909091,0.32857142857142857,0.18571428571428572,0.4117647058823529,0.3137254901960784,0.0196078431372549,6.136363636363637,0.0,8.590909090909092,0.23728813559322035,0.7413052281353757,0.40592803730983534,0.7413052281353757,2.0,,0.5,,,,,False,,1.5,,,,,False,
545341,Randal Grichuk,CWS,PIT,1,4.0,1.0,669199,Lake Bachar,R,824549,7:40 PM ET,Rate Field,1,1,0.24006908462867013,2026-09-09,824549,0,1,95.5,94.6,96.9,R,3,2,2,0,0,1,1,0,0,0,5,2,0,2,1,1,0,0.42,0.7615,1,1,1,1,0,0,0.2222222222222222,0.25,0.7037037037037037,0.2857142857142857,0.23529411764705882,0.3333333333333333,0.07142857142857142,0.10714285714285714,0.18518518518518517,1.0,0.5333333333333333,0.47368421052631576,0.2631578947368421,0.21052631578947367,0.47368421052631576,0.0,0.2613787878787879,0.4293787878787878,0.2,0.36363636363636365,0.33711111111111114,0.46594444444444444,0.3076923076923077,0.5128205128205128,0.1794871794871795,0.26666666666666666,0.6,0.2903225806451613,0.6455696202531646,0.09090909090909091,0.32857142857142857,0.18571428571428572,0.4117647058823529,0.3137254901960784,0.0196078431372549,6.136363636363637,0.0,8.590909090909092,0.23728813559322035,0.43177774725382595,0.15847724589592985,0.43177774725382595,0.5333333333333333,,0.5,,,,,False,,1.5,,,,,False,
803011,Sam Antonacci,CWS,PIT,1,1.0,1.0,669199,Lake Bachar,R,824549,7:40 PM ET,Rate Field,0,1,0.24006908462867013,2026-09-09,824549,0,1,95.5,94.6,96.9,L,4,4,1,0,0,0,0,0,0,1,1,3,0,1,1,1,1,0.2813333333333333,0.3273333333333333,1,0,1,0,1,0,0.2692307692307692,0.3968253968253968,0.8269230769230769,0.14285714285714285,0.32558139534883723,0.1346153846153846,0.0,0.07936507936507936,0.11538461538461539,1.4,0.6,0.18604651162790697,0.23255813953488372,0.5116279069767442,0.2558139534883721,0.0,0.2908222222222222,0.3821111111111112,0.29411764705882354,0.1,0.25579999999999997,0.3774833333333333,0.2692307692307692,0.40384615384615385,0.14285714285714285,0.21739130434782608,0.32608695652173914,0.22641509433962265,0.6455696202531646,0.09090909090909091,0.32857142857142857,0.18571428571428572,0.4117647058823529,0.3137254901960784,0.0196078431372549,6.136363636363637,0.0,8.590909090909092,0.23728813559322035,0.5959767221962358,0.16815815449383262,0.5959767221962358,0.6,,0.5,,,,,False,,1.5,,,,,False,
671976,Tristan Peters,CWS,PIT,1,7.0,1.0,669199,Lake Bachar,R,824549,7:40 PM ET,Rate Field,0,1,0.24006908462867013,2026-09-09,824549,0,1,95.5,94.6,96.9,L,3,3,0,0,0,0,0,0,0,0,0,3,0,0,1,1,0,0.043000000000000003,0.049999999999999996,0,0,0,0,0,0,0.4,0.4642857142857143,0.84,0.14285714285714285,0.40540540540540543,0.44,0.08928571428571429,0.08928571428571429,0.22,2.8,0.5333333333333333,0.5476190476190477,0.16666666666666666,0.2619047619047619,0.5476190476190477,0.09523809523809523,0.33020666666666665,0.6755055555555555,0.47058823529411764,0.11764705882352941,0.43495333333333336,0.8833666666666667,0.3404255319148936,0.6595744680851063,0.14814814814814814,0.13953488372093023,0.2558139534883721,0.2857142857142857,0.6455696202531646,0.09090909090909091,0.32857142857142857,0.18571428571428572,0.4117647058823529,0.3137254901960784,0.0196078431372549,6.136363636363637,0.0,8.590909090909092,0.23728813559322035,0.584107521964005,0.1934999625594129,0.584107521964005,0.5333333333333333,,0.5,,,,,False,,1.5,,,,,False,
664040,Brandon Lowe,PIT,CWS,0,2.0,1.0,663436,Davis Martin,R,824549,7:40 PM ET,Rate Field,0,1,0.26970227670753066,2026-09-09,824549,0,1,95.5,94.6,96.9,L,5,4,2,0,0,0,1,0,0,0,2,4,0,1,2,0,2,0.42925,0.5585,1,1,1,1,0,0,0.28846153846153844,0.39344262295081966,0.6346153846153846,0.3114754098360656,0.4,0.23076923076923078,0.04918032786885246,0.04918032786885246,0.11538461538461539,1.8,1.2666666666666666,0.36363636363636365,0.24242424242424243,0.3939393939393939,0.3333333333333333,0.030303030303030304,0.2730714285714286,0.42086904761904764,0.25,0.16666666666666666,0.3392333333333334,0.4509666666666667,0.26785714285714285,0.4642857142857143,0.3064516129032258,0.16666666666666666,0.2222222222222222,0.3770491803278688,0.7346938775510204,0.2682926829268293,0.45294117647058824,0.1588235294117647,0.4166666666666667,0.25,0.020833333333333332,9.45859872611465,0.6878980891719745,8.082802547770699,0.20614035087719298,0.7495102439374598,0.3254181664619497,0.7495102439374598,1.2666666666666666,,0.5,,,,,False,,1.5,,,,,False,
668804,Bryan Reynolds,PIT,CWS,0,3.0,1.0,663436,Davis Martin,R,824549,7:40 PM ET,Rate Field,0,1,0.26970227670753066,2026-09-09,824549,0,1,95.5,94.6,96.9,L,4,3,2,2,0,0,0,0,1,1,4,3,0,3,2,1,0,0.4725,0.9245000000000001,1,1,1,1,1,0,0.3235294117647059,0.41025641025641024,0.7941176470588235,0.1794871794871795,0.38461538461538464,0.14705882352941177,0.02564102564102564,0.05128205128205128,0.08823529411764706,1.0666666666666667,0.4666666666666667,0.6666666666666666,0.4074074074074074,0.18518518518518517,0.4074074074074074,0.0,0.49479761904761904,0.9717797619047619,0.5555555555555556,0.18181818181818182,0.6495000000000002,1.354,0.22413793103448276,0.29310344827586204,0.13846153846153847,0.23728813559322035,0.3050847457627119,0.24242424242424243,0.7346938775510204,0.2682926829268293,0.45294117647058824,0.1588235294117647,0.4166666666666667,0.25,0.020833333333333332,9.45859872611465,0.6878980891719745,8.082802547770699,0.20614035087719298,0.5016918553519911,0.1149890155003656,0.5016918553519911,0.4666666666666667,,0.5,,,,,False,,1.5,,,,,False,
699013,Esmerlyn Valdez,PIT,CWS,0,6.0,1.0,663436,Davis Martin,R,824549,7:40 PM ET,Rate Field,1,1,0.26970227670753066,2026-09-09,824549,0,1,95.5,94.6,96.9,R,5,4,1,1,0,0,1,0,0,0,2,4,1,2,1,2,0,0.2855,0.6985,1,0,1,1,0,0,0.17857142857142858,0.2698412698412698,0.4642857142857143,0.47619047619047616,0.3333333333333333,0.16071428571428573,0.031746031746031744,0.047619047619047616,0.08928571428571429,1.2666666666666666,2.0,0.5384615384615384,0.19230769230769232,0.46153846153846156,0.3076923076923077,0.0,0.35917948717948717,0.9101282051282051,0.10526315789473684,0.47619047619047616,0.2907333333333334,0.7188999999999999,0.17647058823529413,0.17647058823529413,0.4126984126984127,0.1568627450980392,0.35294117647058826,0.4032258064516129,0.7346938775510204,0.2682926829268293,0.45294117647058824,0.1588235294117647,0.4166666666666667,0.25,0.020833333333333332,9.45859872611465,0.6878980891719745,8.082802547770699,0.20614035087719298,0.7131733227080291,0.3255249866038001,0.7131733227080291,2.0,,0.5,,,,,False,,1.5,,,,,False,
694378,Jacob Gonzalez,PIT,CWS,0,9.0,1.0,663436,Davis Martin,R,824549,7:40 PM ET,Rate Field,0,1,0.26970227670753066,2026-09-09,824549,0,1,95.5,94.6,96.9,L,5,5,1,0,0,0,0,0,0,1,1,4,0,1,2,0,1,0.19274999999999998,0.234,1,0,1,0,1,0,0.16666666666666666,0.21052631578947367,0.75,0.23684210526315788,0.2222222222222222,0.05555555555555555,0.0,0.05263157894736842,0.05555555555555555,0.5333333333333333,0.6,0.3333333333333333,0.18518518518518517,0.5185185185185185,0.14814814814814814,0.07407407407407407,0.30714102564102563,0.5089871794871794,0.36363636363636365,0.23076923076923078,0.37316666666666665,0.9075,0.14285714285714285,0.2,0.21621621621621623,0.18181818181818182,0.2727272727272727,0.23076923076923078,0.7346938775510204,0.2682926829268293,0.45294117647058824,0.1588235294117647,0.4166666666666667,0.25,0.020833333333333332,9.45859872611465,0.6878980891719745,8.082802547770699,0.20614035087719298,0.4505016792595879,0.08612290099289542,0.4505016792595879,0.6,,0.5,,,,,False,,1.5,,,,,False,
804606,Konnor Griffin,PIT,CWS,0,1.0,1.0,663436,Davis Martin,R,824549,7:40 PM ET,Rate Field,1,1,0.26970227670753066,2026-09-09,824549,0,1,95.5,94.6,96.9,R,6,5,2,1,0,0,1,0,0,0,3,5,0,5,1,2,2,0.484,0.8792,1,1,1,1,0,0,0.2698412698412698,0.31343283582089554,0.6984126984126984,0.2835820895522388,0.35714285714285715,0.12698412698412698,0.029850746268656716,0.029850746268656716,0.06349206349206349,1.6666666666666667,1.2666666666666666,0.45454545454545453,0.29545454545454547,0.4772727272727273,0.1590909090909091,0.022727272727272728,0.29762222222222223,0.43091666666666667,0.15789473684210525,0.4,0.23833333333333329,0.26826666666666676,0.2903225806451613,0.3870967741935484,0.25,0.3148148148148148,0.5185185185185185,0.27419354838709675,0.7346938775510204,0.2682926829268293,0.45294117647058824,0.1588235294117647,0.4166666666666667,0.25,0.020833333333333332,9.45859872611465,0.6878980891719745,8.082802547770699,0.20614035087719298,0.7037144119703461,0.2616149616872879,0.7037144119703461,1.2666666666666666,,0.5,,,,,False,,1.5,,,,,False,
693304,Nick Gonzales,PIT,CWS,0,4.0,1.0,663436,Davis Martin,R,824549,7:40 PM ET,Rate Field,1,1,0.26970227670753066,2026-09-09,824549,0,1,95.5,94.6,96.9,R,3,3,0,0,0,0,0,0,0,0,0,3,0,1,0,3,0,0.33866666666666667,0.36166666666666664,0,0,0,0,0,0,0.3090909090909091,0.43283582089552236,0.8545454545454545,0.11764705882352941,0.3617021276595745,0.05454545454545454,0.0,0.04411764705882353,0.05454545454545454,1.3333333333333333,0.5333333333333333,0.2765957446808511,0.2765957446808511,0.46808510638297873,0.23404255319148937,0.02127659574468085,0.3578288888888889,0.48086,0.3157894736842105,0.041666666666666664,0.35719666666666666,0.4819133333333333,0.3392857142857143,0.39285714285714285,0.12121212121212122,0.23214285714285715,0.26785714285714285,0.0967741935483871,0.7346938775510204,0.2682926829268293,0.45294117647058824,0.1588235294117647,0.4166666666666667,0.25,0.020833333333333332,9.45859872611465,0.6878980891719745,8.082802547770699,0.20614035087719298,0.46501007423152835,0.09698723697297719,0.46501007423152835,0.5333333333333333,,0.5,,,,,False,,1.5,,,,,False,
665833,Oneil Cruz,PIT,CWS,0,5.0,1.0,663436,Davis Martin,R,824549,7:40 PM ET,Rate Field,0,1,0.26970227670753066,2026-09-09,824549,0,1,95.5,94.6,96.9,L,5,5,3,1,0,0,0,0,0,1,4,4,0,3,0,3,1,0.5215,0.8455,1,1,1,1,1,0,0.25925925925925924,0.375,0.5925925925925926,0.34375,0.4,0.16666666666666666,0.03125,0.015625,0.07407407407407407,1.5333333333333334,1.4666666666666666,0.375,0.1875,0.59375,0.1875,0.0,0.32832820512820515,0.6179884615384614,0.13333333333333333,0.4,0.140625,0.180375,0.28888888888888886,0.4888888888888889,0.3,0.25862068965517243,0.3793103448275862,0.3939393939393939,0.7346938775510204,0.2682926829268293,0.45294117647058824,0.1588235294117647,0.4166666666666667,0.25,0.020833333333333332,9.45859872611465,0.6878980891719745,8.082802547770699,0.20614035087719298,0.721191606396446,0.26778255986099336,0.721191606396446,1.4666666666666666,,0.5,,,,,False,,1.5,,,,,False,
804668,Rafael Flores Jr.,PIT,CWS,0,8.0,1.0,663436,Davis Martin,R,824549,7:40 PM ET,Rate Field,1,1,0.26970227670753066,2026-09-09,824549,0,1,95.5,94.6,96.9,R,5,5,3,0,0,1,0,0,0,0,6,5,0,4,3,1,1,0.47759999999999997,0.9106,1,1,1,1,0,0,0.17647058823529413,0.2222222222222222,0.6666666666666666,0.3148148148148148,0.1935483870967742,0.23529411764705882,0.05555555555555555,0.05555555555555555,0.11764705882352941,1.4,1.1333333333333333,0.4117647058823529,0.20588235294117646,0.5,0.29411764705882354,0.029411764705882353,0.3484,0.7088333333333333,0.17647058823529413,0.21052631578947367,0.3349666666666667,0.46031666666666676,0.20930232558139536,0.5116279069767442,0.2608695652173913,0.1702127659574468,0.3191489361702128,0.38181818181818183,0.7346938775510204,0.2682926829268293,0.45294117647058824,0.1588235294117647,0.4166666666666667,0.25,0.020833333333333332,9.45859872611465,0.6878980891719745,8.082802547770699,0.20614035087719298,0.6733858048998097,0.2402605455391952,0.6733858048998097,1.1333333333333333,,0.5,,,,,False,,1.5,,,,,False,
687462,Spencer Horwitz,PIT,CWS,0,7.0,1.0,663436,Davis Martin,R,824549,7:40 PM ET,Rate Field,0,1,0.26970227670753066,2026-09-09,824549,0,1,95.5,94.6,96.9,L,5,5,2,0,0,0,0,0,0,0,2,5,0,2,1,3,1,0.38380000000000003,0.465,1,1,1,1,0,0,0.15517241379310345,0.2222222222222222,0.7413793103448276,0.23809523809523808,0.20930232558139536,0.0,0.0,0.0,0.0,0.6,1.0,0.3023255813953488,0.20930232558139536,0.46511627906976744,0.27906976744186046,0.0,0.27427738095238097,0.3473678571428572,0.125,0.15789473684210525,0.17599166666666669,0.24163333333333334,0.1694915254237288,0.1694915254237288,0.21875,0.30434782608695654,0.43478260869565216,0.16071428571428573,0.7346938775510204,0.2682926829268293,0.45294117647058824,0.1588235294117647,0.4166666666666667,0.25,0.020833333333333332,9.45859872611465,0.6878980891719745,8.082802547770699,0.20614035087719298,0.648642657878492,0.19091604559637862,0.648642657878492,1.0,,0.5,,,,,False,,1.5,,,,,False,
