batter,player_name,team_abbr,opp_team,is_home,bat_order,in_lineup,pitcher_id,pitcher_name,p_throws,game_id,game_time,stadium,stand_R,p_throws_R,opp_k_pct_15,game_date,game_pk,is_dome,wind_out,hit_factor,tb_factor,hr_factor,stand,pa,ab,h,doubles,triples,hr,bb,hbp,sf,k,tb,batted_balls,barrels,hard_hits,fly_balls,ground_balls,line_drives,avg_xba,avg_xslg,target_hit_1plus,target_hit_2plus,target_tb_1plus,target_tb_2plus,target_k_1plus,target_k_2plus,batting_avg_15,obp_15,contact_rate_15,k_rate_15,babip_15,iso_15,hr_rate_15,doubles_rate_15,extra_base_hit_rate_15,avg_total_bases_15,avg_k_per_game_15,hard_hit_pct_15,line_drive_pct_15,gb_pct_15,fly_ball_pct_15,barrel_pct_15,xba_15,xslg_15,batting_avg_last_5,k_rate_last_5,xba_last_5,xslg_last_5,batting_avg_vs_R_15,slg_vs_R_15,k_rate_vs_R_15,batting_avg_vs_L_15,slg_vs_L_15,k_rate_vs_L_15,p_contact_rate_allowed_10,p_babip_allowed_10,p_slg_allowed_10,p_iso_allowed_10,p_gb_pct_10,p_fb_pct_10,p_barrel_pct_allowed_10,p_hits_per9_10,p_hr_per9_10,p_k_per9_10,p_k_rate_10,p_k_1plus,p_k_2plus,adj_prob,pred_ks,book_markets,primary_line,primary_side,primary_best_book,primary_best_odds,primary_book_implied,primary_has_line,primary_edge,secondary_line,secondary_side,secondary_best_book,secondary_best_odds,secondary_book_implied,secondary_has_line,secondary_edge
677942,Blaze Alexander,BAL,CLE,1,7.0,1.0,676440.0,Tanner Bibee,R,824792,6:35 PM ET,Camden Yards,1,1,0.25622775800711745,2026-09-08,824792,0.0,0,102.7,105.0,101.5,R,5,3,0,0,0,0,2,0,0,2,0,1,0,1,1,0,0,0.029,0.083,0,0,0,0,1,1,0.32142857142857145,0.3559322033898305,0.8214285714285714,0.16666666666666666,0.37777777777777777,0.05357142857142857,0.016666666666666666,0.0,0.017857142857142856,1.4,0.6666666666666666,0.5217391304347826,0.3695652173913043,0.43478260869565216,0.1956521739130435,0.021739130434782608,0.4368261904761904,0.6508892857142856,0.3333333333333333,0.22727272727272727,0.36096,0.4874533333333334,0.34,0.52,0.14035087719298245,0.32075471698113206,0.3584905660377358,0.23636363636363636,0.7391304347826086,0.21818181818181817,0.4192139737991266,0.1703056768558952,0.33689839572192515,0.3048128342245989,0.016042780748663103,7.081967213114754,1.9180327868852458,5.754098360655738,0.1652542372881356,0.5142508733975095,0.15043975520819844,0.5142508733975095,0.6666666666666666,,0.5,,,,,False,,1.5,,,,,False,
691723,Coby Mayo,BAL,CLE,1,4.0,1.0,676440.0,Tanner Bibee,R,824792,6:35 PM ET,Camden Yards,1,1,0.25622775800711745,2026-09-08,824792,0.0,0,102.7,105.0,101.5,R,5,5,2,0,0,2,0,0,0,2,8,3,1,2,3,0,0,0.6303333333333333,2.3316666666666666,1,1,1,1,1,1,0.2708333333333333,0.33962264150943394,0.6875,0.2830188679245283,0.3548387096774194,0.16666666666666666,0.03773584905660377,0.03773584905660377,0.08333333333333333,1.4,1.0,0.42424242424242425,0.2727272727272727,0.30303030303030304,0.30303030303030304,0.0,0.357702380952381,0.6282202380952381,0.3076923076923077,0.14285714285714285,0.27520833333333333,0.3610416666666666,0.22916666666666666,0.3958333333333333,0.2692307692307692,0.30434782608695654,0.6086956521739131,0.28,0.7391304347826086,0.21818181818181817,0.4192139737991266,0.1703056768558952,0.33689839572192515,0.3048128342245989,0.016042780748663103,7.081967213114754,1.9180327868852458,5.754098360655738,0.1652542372881356,0.6316197989681694,0.27348813234489927,0.6316197989681694,1.0,,0.5,,,,,False,,1.5,,,,,False,
681297,Colton Cowser,BAL,CLE,1,8.0,1.0,676440.0,Tanner Bibee,R,824792,6:35 PM ET,Camden Yards,0,1,0.25622775800711745,2026-09-08,824792,0.0,0,102.7,105.0,101.5,L,3,3,0,0,0,0,0,0,0,2,0,1,0,0,0,0,1,0.123,0.204,0,0,0,0,1,1,0.21739130434782608,0.26,0.6956521739130435,0.28,0.25806451612903225,0.1956521739130435,0.04,0.06,0.10869565217391304,1.2666666666666666,0.9333333333333333,0.5151515151515151,0.24242424242424243,0.45454545454545453,0.24242424242424243,0.0,0.34258928571428576,0.4955535714285714,0.05555555555555555,0.42105263157894735,0.28523333333333334,0.38386666666666674,0.2391304347826087,0.5434782608695652,0.2857142857142857,0.15789473684210525,0.3157894736842105,0.40816326530612246,0.7391304347826086,0.21818181818181817,0.4192139737991266,0.1703056768558952,0.33689839572192515,0.3048128342245989,0.016042780748663103,7.081967213114754,1.9180327868852458,5.754098360655738,0.1652542372881356,0.6051202198629184,0.23900617607362476,0.6051202198629184,0.9333333333333333,,0.5,,,,,False,,1.5,,,,,False,
687637,Dylan Beavers,BAL,CLE,1,6.0,1.0,676440.0,Tanner Bibee,R,824792,6:35 PM ET,Camden Yards,0,1,0.25622775800711745,2026-09-08,824792,0.0,0,102.7,105.0,101.5,L,4,4,1,1,0,0,0,0,0,3,2,1,0,1,0,0,1,0.429,0.797,1,0,1,1,1,1,0.26666666666666666,0.35294117647058826,0.7777777777777778,0.19607843137254902,0.3235294117647059,0.17777777777777778,0.0196078431372549,0.09803921568627451,0.13333333333333333,1.3333333333333333,0.6666666666666666,0.3142857142857143,0.2571428571428571,0.3142857142857143,0.4,0.05714285714285714,0.2868547619047619,0.5267428571428571,0.17647058823529413,0.2222222222222222,0.2192416666666666,0.31918333333333326,0.2391304347826087,0.5217391304347826,0.25,0.18604651162790697,0.3488372093023256,0.25,0.7391304347826086,0.21818181818181817,0.4192139737991266,0.1703056768558952,0.33689839572192515,0.3048128342245989,0.016042780748663103,7.081967213114754,1.9180327868852458,5.754098360655738,0.1652542372881356,0.5656505569341124,0.1923794419590509,0.5656505569341124,0.6666666666666666,,0.5,,,,,False,,1.5,,,,,False,
683002,Gunnar Henderson,BAL,CLE,1,3.0,1.0,676440.0,Tanner Bibee,R,824792,6:35 PM ET,Camden Yards,0,1,0.25622775800711745,2026-09-08,824792,0.0,0,102.7,105.0,101.5,L,5,5,1,0,0,0,0,0,0,1,1,4,0,0,1,2,1,0.32075,0.36950000000000005,1,0,1,0,1,0,0.21428571428571427,0.30158730158730157,0.8035714285714286,0.1746031746031746,0.23255813953488372,0.17857142857142858,0.031746031746031744,0.031746031746031744,0.08928571428571429,1.4666666666666666,0.7333333333333333,0.26666666666666666,0.2222222222222222,0.5333333333333333,0.15555555555555556,0.0,0.2728277777777778,0.37080555555555555,0.17647058823529413,0.35,0.23966666666666664,0.27499999999999997,0.24528301886792453,0.4528301886792453,0.13846153846153847,0.27586206896551724,0.46551724137931033,0.1791044776119403,0.7391304347826086,0.21818181818181817,0.4192139737991266,0.1703056768558952,0.33689839572192515,0.3048128342245989,0.016042780748663103,7.081967213114754,1.9180327868852458,5.754098360655738,0.1652542372881356,0.48850454206622745,0.15115370572984424,0.48850454206622745,0.7333333333333333,,0.5,,,,,False,,1.5,,,,,False,
702616,Jackson Holliday,BAL,CLE,1,1.0,1.0,676440.0,Tanner Bibee,R,824792,6:35 PM ET,Camden Yards,0,1,0.25622775800711745,2026-09-08,824792,0.0,0,102.7,105.0,101.5,L,5,5,1,0,0,0,0,0,0,1,1,4,0,2,0,1,2,0.2895,0.384,1,0,1,0,1,0,0.20634920634920634,0.203125,0.746031746031746,0.25,0.2553191489361702,0.07936507936507936,0.015625,0.03125,0.047619047619047616,1.2,1.0666666666666667,0.3333333333333333,0.2708333333333333,0.4375,0.22916666666666666,0.041666666666666664,0.28917738095238094,0.4404321428571429,0.2631578947368421,0.3684210526315789,0.3283958333333334,0.5449375000000001,0.20634920634920634,0.30158730158730157,0.22727272727272727,0.22641509433962265,0.2641509433962264,0.26229508196721313,0.7391304347826086,0.21818181818181817,0.4192139737991266,0.1703056768558952,0.33689839572192515,0.3048128342245989,0.016042780748663103,7.081967213114754,1.9180327868852458,5.754098360655738,0.1652542372881356,0.6281935535768106,0.23657416825781416,0.6281935535768106,1.0666666666666667,,0.5,,,,,False,,1.5,,,,,False,
665750,Leody Taveras,BAL,CLE,1,9.0,1.0,676440.0,Tanner Bibee,R,824792,6:35 PM ET,Camden Yards,1,1,0.25622775800711745,2026-09-08,824792,0.0,0,102.7,105.0,101.5,R,2,2,0,0,0,0,0,0,0,2,0,0,0,0,0,0,0,0.143,0.149,0,0,0,0,1,1,0.13513513513513514,0.21951219512195122,0.5675675675675675,0.3902439024390244,0.2,0.13513513513513514,0.024390243902439025,0.04878048780487805,0.08108108108108109,0.6666666666666666,1.0666666666666667,0.47619047619047616,0.14285714285714285,0.42857142857142855,0.38095238095238093,0.0,0.23755714285714283,0.3412285714285714,0.0,0.5625,0.20274999999999993,0.2871249999999996,0.21568627450980393,0.45098039215686275,0.16363636363636364,0.18181818181818182,0.2,0.3448275862068966,0.7391304347826086,0.21818181818181817,0.4192139737991266,0.1703056768558952,0.33689839572192515,0.3048128342245989,0.016042780748663103,7.081967213114754,1.9180327868852458,5.754098360655738,0.1652542372881356,0.5742693845197265,0.11994378679109668,0.5742693845197265,1.0666666666666667,,0.5,,,,,False,,1.5,,,,,False,
624413,Pete Alonso,BAL,CLE,1,2.0,1.0,676440.0,Tanner Bibee,R,824792,6:35 PM ET,Camden Yards,1,1,0.25622775800711745,2026-09-08,824792,0.0,0,102.7,105.0,101.5,R,5,2,0,0,0,0,2,1,0,0,0,2,0,0,0,2,0,0.106,0.121,0,0,0,0,0,0,0.23636363636363636,0.328125,0.6909090909090909,0.265625,0.2777777777777778,0.18181818181818182,0.046875,0.015625,0.07272727272727272,1.5333333333333334,1.1333333333333333,0.6666666666666666,0.20512820512820512,0.5641025641025641,0.20512820512820512,0.02564102564102564,0.3842857142857143,0.6461845238095238,0.2222222222222222,0.23809523809523808,0.40026666666666666,0.753533333333333,0.3157894736842105,0.543859649122807,0.22727272727272727,0.31666666666666665,0.6166666666666667,0.25757575757575757,0.7391304347826086,0.21818181818181817,0.4192139737991266,0.1703056768558952,0.33689839572192515,0.3048128342245989,0.016042780748663103,7.081967213114754,1.9180327868852458,5.754098360655738,0.1652542372881356,0.6336551569728869,0.2511260116176709,0.6336551569728869,1.1333333333333333,,0.5,,,,,False,,1.5,,,,,False,
694212,Samuel Basallo,BAL,CLE,1,5.0,1.0,676440.0,Tanner Bibee,R,824792,6:35 PM ET,Camden Yards,0,1,0.25622775800711745,2026-09-08,824792,0.0,0,102.7,105.0,101.5,L,4,3,2,0,0,0,0,1,0,1,2,2,0,1,0,0,2,0.5745,0.6910000000000001,1,1,1,1,1,0,0.13043478260869565,0.23076923076923078,0.717391304347826,0.25,0.15625,0.08695652173913043,0.019230769230769232,0.019230769230769232,0.043478260869565216,0.6666666666666666,0.8666666666666667,0.2727272727272727,0.12121212121212122,0.5151515151515151,0.3333333333333333,0.030303030303030304,0.21180555555555555,0.4961777777777778,0.08333333333333333,0.06666666666666667,0.21039999999999998,0.3434499999999999,0.14634146341463414,0.24390243902439024,0.2653061224489796,0.21052631578947367,0.38596491228070173,0.31666666666666665,0.7391304347826086,0.21818181818181817,0.4192139737991266,0.1703056768558952,0.33689839572192515,0.3048128342245989,0.016042780748663103,7.081967213114754,1.9180327868852458,5.754098360655738,0.1652542372881356,0.6234800386529594,0.21082804470860927,0.6234800386529594,0.8666666666666667,,0.5,,,,,False,,1.5,,,,,False,
682657,Angel Martínez,CLE,BAL,0,6.0,1.0,687064.0,Brandon Young,R,824792,6:35 PM ET,Camden Yards,0,1,0.1847246891651865,2026-09-08,824792,0.0,0,102.7,105.0,101.5,L,1,1,0,0,0,0,0,0,0,0,0,1,0,0,0,0,1,0.489,0.547,0,0,0,0,0,0,0.2413793103448276,0.35294117647058826,0.7586206896551724,0.20588235294117646,0.25,0.2413793103448276,0.058823529411764705,0.029411764705882353,0.10344827586206896,0.9333333333333333,0.4666666666666667,0.36363636363636365,0.2727272727272727,0.22727272727272727,0.2727272727272727,0.045454545454545456,0.3081190476190477,0.5131904761904762,0.1111111111111111,0.3,0.19816666666666666,0.2555,0.23076923076923078,0.3076923076923077,0.22807017543859648,0.3125,0.6041666666666666,0.17647058823529413,0.7235772357723578,0.2383177570093458,0.45535714285714285,0.18303571428571427,0.4438202247191011,0.23595505617977527,0.03932584269662921,8.41764705882353,0.6352941176470588,7.623529411764705,0.19753086419753085,0.39806213740364904,0.08292590487246494,0.39806213740364904,0.4666666666666667,,0.5,,,,,False,,1.5,,,,,False,
677587,Brayan Rocchio,CLE,BAL,0,9.0,1.0,687064.0,Brandon Young,R,824792,6:35 PM ET,Camden Yards,0,1,0.1847246891651865,2026-09-08,824792,0.0,0,102.7,105.0,101.5,L,1,1,0,0,0,0,0,0,0,0,0,1,0,0,0,0,1,0.309,0.514,0,0,0,0,0,0,0.2,0.25925925925925924,0.88,0.1111111111111111,0.10526315789473684,0.4,0.1111111111111111,0.037037037037037035,0.16,1.0,0.2,0.36363636363636365,0.18181818181818182,0.5,0.3181818181818182,0.0,0.21357142857142858,0.3773690476190476,0.25,0.125,0.21450000000000008,0.5324000000000001,0.18867924528301888,0.2830188679245283,0.10714285714285714,0.24074074074074073,0.3888888888888889,0.13559322033898305,0.7235772357723578,0.2383177570093458,0.45535714285714285,0.18303571428571427,0.4438202247191011,0.23595505617977527,0.03932584269662921,8.41764705882353,0.6352941176470588,7.623529411764705,0.19753086419753085,0.3449479016675272,0.03756292482782057,0.3449479016675272,0.2,,0.5,,,,,False,,1.5,,,,,False,
666176,Jo Adell,CLE,BAL,0,4.0,1.0,687064.0,Brandon Young,R,824792,6:35 PM ET,Camden Yards,1,1,0.1847246891651865,2026-09-08,824792,0.0,0,102.7,105.0,101.5,R,4,4,2,1,0,0,0,0,0,1,3,3,0,0,1,1,1,0.43733333333333335,0.506,1,1,1,1,1,0,0.23214285714285715,0.3125,0.7678571428571429,0.203125,0.27906976744186046,0.10714285714285714,0.015625,0.046875,0.07142857142857142,1.2666666666666666,0.8666666666666667,0.3181818181818182,0.18181818181818182,0.4772727272727273,0.18181818181818182,0.022727272727272728,0.3082142857142857,0.4562857142857143,0.11764705882352941,0.3,0.22225000000000011,0.2519166666666667,0.29310344827586204,0.43103448275862066,0.24615384615384617,0.24074074074074073,0.6111111111111112,0.288135593220339,0.7235772357723578,0.2383177570093458,0.45535714285714285,0.18303571428571427,0.4438202247191011,0.23595505617977527,0.03932584269662921,8.41764705882353,0.6352941176470588,7.623529411764705,0.19753086419753085,0.6335159255049119,0.21896892978752747,0.6335159255049119,0.8666666666666667,,0.5,,,,,False,,1.5,,,,,False,
608070,José Ramírez,CLE,BAL,0,3.0,1.0,687064.0,Brandon Young,R,824792,6:35 PM ET,Camden Yards,1,1,0.1847246891651865,2026-09-08,824792,0.0,0,102.7,105.0,101.5,R,3,3,0,0,0,0,0,0,0,0,0,3,0,0,2,0,1,0.167,0.17800000000000002,0,0,0,0,0,0,0.23076923076923078,0.27906976744186046,0.8717948717948718,0.11627906976744186,0.23529411764705882,0.10256410256410256,0.023255813953488372,0.023255813953488372,0.05128205128205128,0.8666666666666667,0.3333333333333333,0.2,0.2571428571428571,0.37142857142857144,0.2,0.0,0.23922777777777776,0.31612777777777784,0.18181818181818182,0.08333333333333333,0.07504999999999992,0.10320000000000014,0.2542372881355932,0.3728813559322034,0.2,0.3269230769230769,0.5,0.04838709677419355,0.7235772357723578,0.2383177570093458,0.45535714285714285,0.18303571428571427,0.4438202247191011,0.23595505617977527,0.03932584269662921,8.41764705882353,0.6352941176470588,7.623529411764705,0.19753086419753085,0.3284672581280601,0.07426555088814803,0.3284672581280601,0.3333333333333333,,0.5,,,,,False,,1.5,,,,,False,
663993,Nathaniel Lowe,CLE,BAL,0,5.0,1.0,687064.0,Brandon Young,R,824792,6:35 PM ET,Camden Yards,0,1,0.1847246891651865,2026-09-08,824792,0.0,0,102.7,105.0,101.5,L,1,1,1,0,0,1,0,0,0,0,4,1,0,1,1,0,0,0.266,0.847,1,0,1,1,0,0,0.2037037037037037,0.27419354838709675,0.7592592592592593,0.20967741935483872,0.23809523809523808,0.09259259259259259,0.016129032258064516,0.03225806451612903,0.05555555555555555,1.0666666666666667,0.8666666666666667,0.32558139534883723,0.3488372093023256,0.32558139534883723,0.23255813953488372,0.023255813953488372,0.37665111111111116,0.4895688888888889,0.1875,0.2631578947368421,0.4617333333333332,0.6003666666666666,0.2037037037037037,0.2962962962962963,0.20967741935483872,0.17777777777777778,0.4444444444444444,0.16,0.7235772357723578,0.2383177570093458,0.45535714285714285,0.18303571428571427,0.4438202247191011,0.23595505617977527,0.03932584269662921,8.41764705882353,0.6352941176470588,7.623529411764705,0.19753086419753085,0.5331120752685113,0.14716497184154984,0.5331120752685113,0.8666666666666667,,0.5,,,,,False,,1.5,,,,,False,
672275,Patrick Bailey,CLE,BAL,0,7.0,1.0,687064.0,Brandon Young,R,824792,6:35 PM ET,Camden Yards,1,1,0.1847246891651865,2026-09-08,824792,0.0,0,102.7,105.0,101.5,R,1,1,0,0,0,0,0,0,0,0,0,1,0,0,1,0,0,0.011,0.011,0,0,0,0,0,0,0.34615384615384615,0.46875,0.7307692307692307,0.21875,0.4117647058823529,0.2692307692307692,0.0625,0.03125,0.11538461538461539,1.0666666666666667,0.4666666666666667,0.5263157894736842,0.3684210526315789,0.2631578947368421,0.3684210526315789,0.0,0.4463333333333333,0.9474666666666668,0.125,0.3333333333333333,0.15088888888888882,0.17677777777777806,0.28888888888888886,0.4666666666666667,0.28846153846153844,0.16666666666666666,0.30952380952380953,0.2765957446808511,0.7235772357723578,0.2383177570093458,0.45535714285714285,0.18303571428571427,0.4438202247191011,0.23595505617977527,0.03932584269662921,8.41764705882353,0.6352941176470588,7.623529411764705,0.19753086419753085,0.5225379788844239,0.12017756736787898,0.5225379788844239,0.4666666666666667,,0.5,,,,,False,,1.5,,,,,False,
690984,Petey Halpin,CLE,BAL,0,8.0,1.0,687064.0,Brandon Young,R,824792,6:35 PM ET,Camden Yards,0,1,0.1847246891651865,2026-09-08,824792,0.0,0,102.7,105.0,101.5,L,3,3,0,0,0,0,0,0,0,1,0,2,0,1,0,2,0,0.363,0.403,0,0,0,0,1,0,0.21951219512195122,0.2727272727272727,0.7804878048780488,0.1956521739130435,0.25806451612903225,0.0975609756097561,0.021739130434782608,0.021739130434782608,0.04878048780487805,0.8666666666666667,0.6,0.23529411764705882,0.23529411764705882,0.3235294117647059,0.23529411764705882,0.029411764705882353,0.2991011904761905,0.42125,0.1111111111111111,0.2,0.09666666666666662,0.12608333333333333,0.2553191489361702,0.3404255319148936,0.16,0.10344827586206896,0.10344827586206896,0.21212121212121213,0.7235772357723578,0.2383177570093458,0.45535714285714285,0.18303571428571427,0.4438202247191011,0.23595505617977527,0.03932584269662921,8.41764705882353,0.6352941176470588,7.623529411764705,0.19753086419753085,0.491567020394952,0.09129314401839432,0.491567020394952,0.6,,0.5,,,,,False,,1.5,,,,,False,
680757,Steven Kwan,CLE,BAL,0,1.0,1.0,687064.0,Brandon Young,R,824792,6:35 PM ET,Camden Yards,0,1,0.1847246891651865,2026-09-08,824792,0.0,0,102.7,105.0,101.5,L,4,4,2,0,0,0,0,0,0,0,2,4,0,0,1,2,1,0.38575,0.44825,1,1,1,1,0,0,0.31746031746031744,0.3582089552238806,0.8888888888888888,0.1044776119402985,0.35714285714285715,0.06349206349206349,0.0,0.05970149253731343,0.06349206349206349,1.6,0.4666666666666667,0.14285714285714285,0.30357142857142855,0.48214285714285715,0.19642857142857142,0.0,0.3000711111111111,0.3876455555555555,0.25,0.13636363636363635,0.3254166666666666,0.4311366666666666,0.29508196721311475,0.32786885245901637,0.07246376811594203,0.35714285714285715,0.4107142857142857,0.13432835820895522,0.7235772357723578,0.2383177570093458,0.45535714285714285,0.18303571428571427,0.4438202247191011,0.23595505617977527,0.03932584269662921,8.41764705882353,0.6352941176470588,7.623529411764705,0.19753086419753085,0.4552281428453509,0.08962921478415091,0.4552281428453509,0.4666666666666667,,0.5,,,,,False,,1.5,,,,,False,
683953,Travis Bazzana,CLE,BAL,0,2.0,1.0,687064.0,Brandon Young,R,824792,6:35 PM ET,Camden Yards,0,1,0.1847246891651865,2026-09-08,824792,0.0,0,102.7,105.0,101.5,L,4,4,2,1,0,0,0,0,0,0,3,4,0,0,1,2,1,0.3175,0.38425000000000004,1,1,1,1,0,0,0.2857142857142857,0.3392857142857143,0.8571428571428571,0.125,0.3023255813953488,0.12244897959183673,0.017857142857142856,0.05357142857142857,0.08163265306122448,1.3333333333333333,0.4666666666666667,0.36363636363636365,0.25,0.38636363636363635,0.2727272727272727,0.022727272727272728,0.2628522222222222,0.4069444444444444,0.36363636363636365,0.07692307692307693,0.255,0.47743333333333327,0.3,0.42,0.15789473684210525,0.18867924528301888,0.24528301886792453,0.21875,0.7235772357723578,0.2383177570093458,0.45535714285714285,0.18303571428571427,0.4438202247191011,0.23595505617977527,0.03932584269662921,8.41764705882353,0.6352941176470588,7.623529411764705,0.19753086419753085,0.5127661300316241,0.10351736449643316,0.5127661300316241,0.4666666666666667,,0.5,,,,,False,,1.5,,,,,False,
814430,Brett Callahan,DET,MIN,1,6.0,1.0,665152.0,Dean Kremer,R,824228,6:40 PM ET,Comerica Park,0,1,0.2733812949640288,2026-09-08,824228,0.0,1,97.6,97.8,106.5,L,4,4,0,0,0,0,0,0,0,4,0,0,0,0,0,0,0,0.5815,1.938,0,0,0,0,1,1,0.2571428571428571,0.3076923076923077,0.6571428571428571,0.3076923076923077,0.34782608695652173,0.17142857142857143,0.02564102564102564,0.02564102564102564,0.08571428571428572,1.0,0.8,0.5,0.25,0.375,0.2916666666666667,0.041666666666666664,0.40018055555555554,0.6570972222222222,0.18181818181818182,0.4166666666666667,0.27394444444444443,0.7549999999999999,0.2571428571428571,0.42857142857142855,0.3076923076923077,,,,0.6972477064220184,0.20765027322404372,0.5,0.24742268041237114,0.375,0.3223684210526316,0.019736842105263157,6.703448275862068,1.675862068965517,8.56551724137931,0.23958333333333334,0.6267699468856719,0.23751878650180033,0.6267699468856719,0.8,,0.5,,,,,False,,1.5,,,,,False,
690993,Colt Keith,DET,MIN,1,3.0,1.0,665152.0,Dean Kremer,R,824228,6:40 PM ET,Comerica Park,0,1,0.2733812949640288,2026-09-08,824228,0.0,1,97.6,97.8,106.5,L,3,2,0,0,0,0,0,1,0,2,0,0,0,0,0,0,0,0.6185,0.706,0,0,0,0,1,1,0.17142857142857143,0.2926829268292683,0.6571428571428571,0.2926829268292683,0.2608695652173913,0.02857142857142857,0.0,0.024390243902439025,0.02857142857142857,0.4666666666666667,0.8,0.43478260869565216,0.391304347826087,0.43478260869565216,0.13043478260869565,0.0,0.44697435897435894,0.5970769230769231,0.2727272727272727,0.4166666666666667,0.4335,0.4896250000000001,0.17142857142857143,0.2,0.2926829268292683,0.2653061224489796,0.30612244897959184,0.2777777777777778,0.6972477064220184,0.20765027322404372,0.5,0.24742268041237114,0.375,0.3223684210526316,0.019736842105263157,6.703448275862068,1.675862068965517,8.56551724137931,0.23958333333333334,0.6278746781645846,0.2352094774297624,0.6278746781645846,0.8,,0.5,,,,,False,,1.5,,,,,False,
680664,Eduardo Valencia,DET,MIN,1,5.0,1.0,665152.0,Dean Kremer,R,824228,6:40 PM ET,Comerica Park,1,1,0.2733812949640288,2026-09-08,824228,0.0,1,97.6,97.8,106.5,R,1,1,0,0,0,0,0,0,0,0,0,1,0,0,0,1,0,0.283,0.31,0,0,0,0,0,0,0.24,0.2549019607843137,0.68,0.3137254901960784,0.3125,0.2,0.0392156862745098,0.0784313725490196,0.12,1.4666666666666666,1.0666666666666667,0.35294117647058826,0.20588235294117646,0.5,0.14705882352941177,0.029411764705882353,0.2968166666666667,0.5144583333333334,0.2222222222222222,0.2777777777777778,0.44167083333333335,0.6579375,0.32608695652173914,0.5869565217391305,0.2708333333333333,0.2894736842105263,0.631578947368421,0.2894736842105263,0.6972477064220184,0.20765027322404372,0.5,0.24742268041237114,0.375,0.3223684210526316,0.019736842105263157,6.703448275862068,1.675862068965517,8.56551724137931,0.23958333333333334,0.692147221768037,0.29058082388906487,0.692147221768037,1.0666666666666667,,0.5,,,,,False,,1.5,,,,,False,
650402,Gleyber Torres,DET,MIN,1,2.0,1.0,665152.0,Dean Kremer,R,824228,6:40 PM ET,Comerica Park,1,1,0.2733812949640288,2026-09-08,824228,0.0,1,97.6,97.8,106.5,R,4,4,1,0,0,0,0,0,0,2,1,2,0,1,0,2,0,0.24000000000000002,0.249,1,0,1,0,1,1,0.26785714285714285,0.32786885245901637,0.7678571428571429,0.21311475409836064,0.3488372093023256,0.03571428571428571,0.0,0.03278688524590164,0.03571428571428571,1.1333333333333333,0.8666666666666667,0.3488372093023256,0.27906976744186046,0.4883720930232558,0.18604651162790697,0.023255813953488372,0.3671880952380952,0.4685845238095238,0.4375,0.2631578947368421,0.5309583333333332,0.6144791666666666,0.21311475409836064,0.22950819672131148,0.10606060606060606,0.3018867924528302,0.4339622641509434,0.2222222222222222,0.6972477064220184,0.20765027322404372,0.5,0.24742268041237114,0.375,0.3223684210526316,0.019736842105263157,6.703448275862068,1.675862068965517,8.56551724137931,0.23958333333333334,0.6246452848203284,0.22931862465323982,0.6246452848203284,0.8666666666666667,,0.5,,,,,False,,1.5,,,,,False,
701678,Hao-Yu Lee,DET,MIN,1,8.0,1.0,665152.0,Dean Kremer,R,824228,6:40 PM ET,Comerica Park,1,1,0.2733812949640288,2026-09-08,824228,0.0,1,97.6,97.8,106.5,R,4,3,0,0,0,0,1,0,0,2,0,1,0,0,0,0,0,0.011,0.019,0,0,0,0,1,1,0.21153846153846154,0.29310344827586204,0.7115384615384616,0.25862068965517243,0.2571428571428571,0.15384615384615385,0.034482758620689655,0.034482758620689655,0.07692307692307693,1.2666666666666666,1.0,0.5405405405405406,0.21621621621621623,0.40540540540540543,0.2702702702702703,0.10810810810810811,0.32613205128205125,0.6499551282051281,0.16666666666666666,0.38095238095238093,0.2747083333333334,0.39408333333333334,0.3404255319148936,0.6595744680851063,0.19642857142857142,0.2222222222222222,0.2777777777777778,0.1794871794871795,0.6972477064220184,0.20765027322404372,0.5,0.24742268041237114,0.375,0.3223684210526316,0.019736842105263157,6.703448275862068,1.675862068965517,8.56551724137931,0.23958333333333334,0.6062543028382851,0.22259086405810788,0.6062543028382851,1.0,,0.5,,,,,False,,1.5,,,,,False,
805808,Kevin McGonigle,DET,MIN,1,1.0,1.0,665152.0,Dean Kremer,R,824228,6:40 PM ET,Comerica Park,0,1,0.2733812949640288,2026-09-08,824228,0.0,1,97.6,97.8,106.5,L,4,4,1,0,0,1,0,0,0,0,4,4,0,1,1,2,0,0.3605,1.08575,1,0,1,1,0,0,0.1864406779661017,0.2835820895522388,0.8813559322033898,0.1044776119402985,0.19607843137254902,0.1016949152542373,0.014925373134328358,0.04477611940298507,0.06779661016949153,1.1333333333333333,0.4666666666666667,0.36538461538461536,0.19230769230769232,0.38461538461538464,0.34615384615384615,0.019230769230769232,0.28531,0.5386622222222222,0.2,0.125,0.20368,0.24258666666666673,0.21875,0.375,0.14492753623188406,0.16071428571428573,0.23214285714285715,0.17647058823529413,0.6972477064220184,0.20765027322404372,0.5,0.24742268041237114,0.375,0.3223684210526316,0.019736842105263157,6.703448275862068,1.675862068965517,8.56551724137931,0.23958333333333334,0.5549452415445756,0.13527147648015772,0.5549452415445756,0.4666666666666667,,0.5,,,,,False,,1.5,,,,,False,
703601,Max Clark,DET,MIN,1,7.0,1.0,665152.0,Dean Kremer,R,824228,6:40 PM ET,Comerica Park,0,1,0.2733812949640288,2026-09-08,824228,0.0,1,97.6,97.8,106.5,L,4,3,1,0,0,0,1,0,0,2,1,1,0,1,0,0,1,0.834,0.967,1,0,1,0,1,1,0.23404255319148937,0.32075471698113206,0.7446808510638298,0.21818181818181817,0.29411764705882354,0.19148936170212766,0.01818181818181818,0.07272727272727272,0.1276595744680851,1.3333333333333333,0.8,0.4594594594594595,0.35135135135135137,0.40540540540540543,0.1891891891891892,0.0,0.36622777777777776,0.48774999999999996,0.3684210526315789,0.2727272727272727,0.35585000000000006,0.41661666666666664,0.2641509433962264,0.41509433962264153,0.16363636363636364,0.3,0.5,0.12244897959183673,0.6972477064220184,0.20765027322404372,0.5,0.24742268041237114,0.375,0.3223684210526316,0.019736842105263157,6.703448275862068,1.675862068965517,8.56551724137931,0.23958333333333334,0.5013003269537887,0.15804366106151335,0.5013003269537887,0.8,,0.5,,,,,False,,1.5,,,,,False,
682985,Riley Greene,DET,MIN,1,4.0,1.0,665152.0,Dean Kremer,R,824228,6:40 PM ET,Comerica Park,0,1,0.2733812949640288,2026-09-08,824228,0.0,1,97.6,97.8,106.5,L,4,4,3,0,0,1,0,0,0,0,6,4,0,1,1,1,2,0.5515,1.2550000000000001,1,1,1,1,0,0,0.22413793103448276,0.3283582089552239,0.6379310344827587,0.31343283582089554,0.29411764705882354,0.2413793103448276,0.04477611940298507,0.07462686567164178,0.13793103448275862,1.8,1.4,0.2702702702702703,0.2702702702702703,0.32432432432432434,0.3783783783783784,0.02702702702702703,0.33522619047619046,0.6420654761904762,0.3181818181818182,0.30434782608695654,0.4528,1.0831166666666667,0.19642857142857142,0.32142857142857145,0.30158730158730157,0.20754716981132076,0.37735849056603776,0.19047619047619047,0.6972477064220184,0.20765027322404372,0.5,0.24742268041237114,0.375,0.3223684210526316,0.019736842105263157,6.703448275862068,1.675862068965517,8.56551724137931,0.23958333333333334,0.7141287922946193,0.3159118262750163,0.7141287922946193,1.4,,0.5,,,,,False,,1.5,,,,,False,
656716,Zach McKinstry,DET,MIN,1,9.0,1.0,665152.0,Dean Kremer,R,824228,6:40 PM ET,Comerica Park,0,1,0.2733812949640288,2026-09-08,824228,0.0,1,97.6,97.8,106.5,L,3,3,1,0,1,0,0,0,0,0,3,3,0,0,2,0,1,0.3113333333333333,0.3986666666666667,1,0,1,1,0,0,0.16666666666666666,0.23076923076923078,0.7291666666666666,0.25,0.22857142857142856,0.041666666666666664,0.0,0.038461538461538464,0.041666666666666664,0.6666666666666666,0.8666666666666667,0.17142857142857143,0.2857142857142857,0.45714285714285713,0.22857142857142856,0.0,0.2385777777777778,0.2993888888888889,0.10526315789473684,0.3157894736842105,0.3218,0.37348333333333344,0.175,0.225,0.20454545454545456,0.17307692307692307,0.17307692307692307,0.18333333333333332,0.6972477064220184,0.20765027322404372,0.5,0.24742268041237114,0.375,0.3223684210526316,0.019736842105263157,6.703448275862068,1.675862068965517,8.56551724137931,0.23958333333333334,0.4339692811133323,0.0911298181686478,0.4339692811133323,0.8666666666666667,,0.5,,,,,False,,1.5,,,,,False,
686797,Brooks Lee,MIN,DET,0,2.0,1.0,623454.0,Drew Anderson,R,824228,6:40 PM ET,Comerica Park,1,1,0.1827768014059754,2026-09-08,824228,0.0,1,97.6,97.8,106.5,R,1,1,0,0,0,0,0,0,0,0,0,1,0,0,1,0,0,0.069,0.2,0,0,0,0,0,0,0.2777777777777778,0.2894736842105263,0.8888888888888888,0.10526315789473684,0.28125,0.1111111111111111,0.02631578947368421,0.02631578947368421,0.05555555555555555,0.9333333333333333,0.26666666666666666,0.45454545454545453,0.2727272727272727,0.3333333333333333,0.3333333333333333,0.030303030303030304,0.2998190476190476,0.606604761904762,0.4,0.09090909090909091,0.37683333333333324,1.0063666666666664,0.22950819672131148,0.4262295081967213,0.12903225806451613,0.21428571428571427,0.39285714285714285,0.22033898305084745,0.6890756302521008,0.21359223300970873,0.3925233644859813,0.14953271028037382,0.45121951219512196,0.3170731707317073,0.06097560975609756,11.36842105263158,2.1315789473684212,12.789473684210527,0.29508196721311475,0.41907116527990945,0.12398173217359724,0.41907116527990945,0.26666666666666666,,0.5,,,,,False,,1.5,,,,,False,
605137,Josh Bell,MIN,DET,0,5.0,1.0,623454.0,Drew Anderson,R,824228,6:40 PM ET,Comerica Park,0,1,0.1827768014059754,2026-09-08,824228,0.0,1,97.6,97.8,106.5,L,5,4,0,0,0,0,1,0,0,0,0,4,1,2,1,3,0,0.22849999999999998,0.49175,0,0,0,0,0,0,0.3333333333333333,0.3783783783783784,0.7878787878787878,0.1891891891891892,0.38461538461538464,0.12121212121212122,0.02702702702702703,0.02702702702702703,0.06060606060606061,1.0,0.4666666666666667,0.48148148148148145,0.2962962962962963,0.37037037037037035,0.2962962962962963,0.037037037037037035,0.4239694444444444,0.6158319444444444,0.4,0.18181818181818182,0.34725000000000006,0.8138124999999997,0.2857142857142857,0.4107142857142857,0.16923076923076924,0.3148148148148148,0.5,0.07936507936507936,0.6890756302521008,0.21359223300970873,0.3925233644859813,0.14953271028037382,0.45121951219512196,0.3170731707317073,0.06097560975609756,11.36842105263158,2.1315789473684212,12.789473684210527,0.29508196721311475,0.357174185187924,0.05955599653421795,0.357174185187924,0.4666666666666667,,0.5,,,,,False,,1.5,,,,,False,
701785,Kaelen Culpepper,MIN,DET,0,8.0,1.0,623454.0,Drew Anderson,R,824228,6:40 PM ET,Comerica Park,1,1,0.1827768014059754,2026-09-08,824228,0.0,1,97.6,97.8,106.5,R,4,4,2,0,0,0,0,0,0,0,2,4,0,3,0,2,1,0.38175000000000003,0.4415,1,1,1,1,0,0,0.2857142857142857,0.3333333333333333,0.8392857142857143,0.15,0.3111111111111111,0.17857142857142858,0.03333333333333333,0.06666666666666667,0.10714285714285714,1.7333333333333334,0.6,0.23404255319148937,0.19148936170212766,0.44680851063829785,0.2765957446808511,0.0425531914893617,0.28765444444444443,0.4540866666666667,0.23809523809523808,0.13636363636363635,0.2518266666666667,0.31767333333333336,0.3333333333333333,0.42592592592592593,0.15517241379310345,0.21875,0.46875,0.2972972972972973,0.6890756302521008,0.21359223300970873,0.3925233644859813,0.14953271028037382,0.45121951219512196,0.3170731707317073,0.06097560975609756,11.36842105263158,2.1315789473684212,12.789473684210527,0.29508196721311475,0.6117106981524,0.2119191366276819,0.6117106981524,0.6,,0.5,,,,,False,,1.5,,,,,False,
665019,Kody Clemens,MIN,DET,0,3.0,1.0,623454.0,Drew Anderson,R,824228,6:40 PM ET,Comerica Park,0,1,0.1827768014059754,2026-09-08,824228,0.0,1,97.6,97.8,106.5,L,5,4,1,0,0,0,1,0,0,2,1,2,0,1,1,1,0,0.333,0.38949999999999996,1,0,1,0,1,1,0.25,0.3333333333333333,0.75,0.21666666666666667,0.2702702702702703,0.21153846153846154,0.05,0.0,0.07692307692307693,1.6,0.8666666666666667,0.55,0.275,0.35,0.35,0.05,0.40333888888888886,0.8903611111111112,0.23529411764705882,0.14285714285714285,0.33988333333333326,0.6824833333333333,0.25,0.5769230769230769,0.24193548387096775,0.29310344827586204,0.5,0.23333333333333334,0.6890756302521008,0.21359223300970873,0.3925233644859813,0.14953271028037382,0.45121951219512196,0.3170731707317073,0.06097560975609756,11.36842105263158,2.1315789473684212,12.789473684210527,0.29508196721311475,0.6906146725897718,0.2530255163065573,0.6906146725897718,0.8666666666666667,,0.5,,,,,False,,1.5,,,,,False,
807712,Luke Keaschall,MIN,DET,0,1.0,1.0,623454.0,Drew Anderson,R,824228,6:40 PM ET,Comerica Park,1,1,0.1827768014059754,2026-09-08,824228,0.0,1,97.6,97.8,106.5,R,5,2,1,0,0,0,2,1,0,0,1,2,0,1,1,1,0,0.21350000000000002,0.4615,1,0,1,0,0,0,0.2903225806451613,0.36231884057971014,0.8548387096774194,0.13043478260869565,0.3137254901960784,0.1774193548387097,0.028985507246376812,0.07246376811594203,0.11290322580645161,1.9333333333333333,0.6,0.32075471698113206,0.24528301886792453,0.3584905660377358,0.3018867924528302,0.018867924528301886,0.2907911111111111,0.4936688888888889,0.22727272727272727,0.125,0.2787466666666667,0.4538266666666666,0.3333333333333333,0.55,0.11764705882352941,0.3090909090909091,0.4,0.171875,0.6890756302521008,0.21359223300970873,0.3925233644859813,0.14953271028037382,0.45121951219512196,0.3170731707317073,0.06097560975609756,11.36842105263158,2.1315789473684212,12.789473684210527,0.29508196721311475,0.6087480803416166,0.2153821889203804,0.6087480803416166,0.6,,0.5,,,,,False,,1.5,,,,,False,
668904,Royce Lewis,MIN,DET,0,6.0,1.0,623454.0,Drew Anderson,R,824228,6:40 PM ET,Comerica Park,1,1,0.1827768014059754,2026-09-08,824228,0.0,1,97.6,97.8,106.5,R,4,4,0,0,0,0,0,0,0,1,0,3,0,0,0,1,1,0.20233333333333334,0.217,0,0,0,0,1,0,0.21428571428571427,0.25,0.8214285714285714,0.16666666666666666,0.2391304347826087,0.08928571428571429,0.016666666666666666,0.03333333333333333,0.05357142857142857,1.1333333333333333,0.6666666666666666,0.3191489361702128,0.14893617021276595,0.3191489361702128,0.3617021276595745,0.02127659574468085,0.2886033333333334,0.4418366666666667,0.35,0.22727272727272727,0.30365000000000003,0.6121,0.18181818181818182,0.2727272727272727,0.2,0.2909090909090909,0.36363636363636365,0.26229508196721313,0.6890756302521008,0.21359223300970873,0.3925233644859813,0.14953271028037382,0.45121951219512196,0.3170731707317073,0.06097560975609756,11.36842105263158,2.1315789473684212,12.789473684210527,0.29508196721311475,0.6645764337722903,0.22810922624752408,0.6645764337722903,0.6666666666666666,,0.5,,,,,False,,1.5,,,,,False,
680777,Ryan Jeffers,MIN,DET,0,4.0,1.0,623454.0,Drew Anderson,R,824228,6:40 PM ET,Comerica Park,1,1,0.1827768014059754,2026-09-08,824228,0.0,1,97.6,97.8,106.5,R,5,4,0,0,0,0,0,1,0,1,0,3,1,1,1,1,1,0.47300000000000003,1.3573333333333333,0,0,0,0,1,0,0.21153846153846154,0.29310344827586204,0.8269230769230769,0.15517241379310345,0.1794871794871795,0.3269230769230769,0.06896551724137931,0.05172413793103448,0.15384615384615385,1.8666666666666667,0.6,0.4186046511627907,0.27906976744186046,0.3953488372093023,0.2558139534883721,0.046511627906976744,0.3044226190476191,0.6025154761904761,0.2,0.14285714285714285,0.34949,0.6542166666666664,0.2641509433962264,0.5660377358490566,0.1896551724137931,0.21153846153846154,0.38461538461538464,0.18032786885245902,0.6890756302521008,0.21359223300970873,0.3925233644859813,0.14953271028037382,0.45121951219512196,0.3170731707317073,0.06097560975609756,11.36842105263158,2.1315789473684212,12.789473684210527,0.29508196721311475,0.6562793957764934,0.2501813933736847,0.6562793957764934,0.6,,0.5,,,,,False,,1.5,,,,,False,
663616,Trevor Larnach,MIN,DET,0,7.0,1.0,623454.0,Drew Anderson,R,824228,6:40 PM ET,Comerica Park,0,1,0.1827768014059754,2026-09-08,824228,0.0,1,97.6,97.8,106.5,L,3,3,2,0,0,1,0,0,0,1,5,2,0,0,1,0,1,0.21000000000000002,0.34950000000000003,1,1,1,1,1,0,0.18181818181818182,0.23404255319148937,0.7272727272727273,0.2553191489361702,0.22580645161290322,0.13636363636363635,0.02127659574468085,0.06382978723404255,0.09090909090909091,0.9333333333333333,0.8,0.46875,0.34375,0.375,0.21875,0.0,0.32174358974358974,0.4333397435897436,0.16666666666666666,0.35714285714285715,0.3401111111111111,0.4823888888888889,0.21739130434782608,0.32608695652173914,0.2,0.2641509433962264,0.39622641509433965,0.2807017543859649,0.6890756302521008,0.21359223300970873,0.3925233644859813,0.14953271028037382,0.45121951219512196,0.3170731707317073,0.06097560975609756,11.36842105263158,2.1315789473684212,12.789473684210527,0.29508196721311475,0.669649206692732,0.20948193029511863,0.669649206692732,0.8,,0.5,,,,,False,,1.5,,,,,False,
805805,Walker Jenkins,MIN,DET,0,9.0,1.0,623454.0,Drew Anderson,R,824228,6:40 PM ET,Comerica Park,0,1,0.1827768014059754,2026-09-08,824228,0.0,1,97.6,97.8,106.5,L,4,3,1,1,0,0,0,1,0,0,2,3,0,3,1,1,1,0.38066666666666665,0.729,1,0,1,1,0,0,0.11538461538461539,0.25806451612903225,0.6923076923076923,0.25806451612903225,0.11764705882352941,0.15384615384615385,0.03225806451612903,0.03225806451612903,0.07692307692307693,0.875,1.0,0.2777777777777778,0.2222222222222222,0.4444444444444444,0.2222222222222222,0.0,0.22604166666666667,0.3361354166666667,0.058823529411764705,0.3333333333333333,0.2013333333333333,0.24501666666666666,0.08695652173913043,0.2608695652173913,0.25925925925925924,,,,0.6890756302521008,0.21359223300970873,0.3925233644859813,0.14953271028037382,0.45121951219512196,0.3170731707317073,0.06097560975609756,11.36842105263158,2.1315789473684212,12.789473684210527,0.29508196721311475,0.5013003269537887,0.0984716716104787,0.5013003269537887,1.0,,0.5,,,,,False,,1.5,,,,,False,
664761,Alec Bohm,PHI,HOU,1,5.0,1.0,669713.0,Hayden Wesneski,R,823414,6:40 PM ET,Citizens Bank Park,1,1,0.18294849023090587,2026-09-08,823414,0.0,0,103.7,104.6,118.0,R,3,2,0,0,0,0,1,0,0,1,0,1,0,1,0,0,1,0.594,0.864,0,0,0,0,1,0,0.2857142857142857,0.36507936507936506,0.8035714285714286,0.1746031746031746,0.3409090909090909,0.16071428571428573,0.015873015873015872,0.06349206349206349,0.10714285714285714,1.6666666666666667,0.7333333333333333,0.4888888888888889,0.24444444444444444,0.4222222222222222,0.28888888888888886,0.022222222222222223,0.32846111111111115,0.5548766666666667,0.2777777777777778,0.23809523809523808,0.3710666666666666,0.7976000000000001,0.3157894736842105,0.45614035087719296,0.140625,0.4166666666666667,0.6833333333333333,0.13846153846153847,0.7136363636363636,0.23036649214659685,0.4444444444444444,0.18686868686868688,0.40764331210191085,0.24203821656050956,0.050955414012738856,8.694915254237289,1.8305084745762712,9.152542372881358,0.24539877300613497,0.5197282627820428,0.1422629206924083,0.5197282627820428,0.7333333333333333,,0.5,,,,,False,,1.5,,,,,False,
669016,Brandon Marsh,PHI,HOU,1,7.0,1.0,669713.0,Hayden Wesneski,R,823414,6:40 PM ET,Citizens Bank Park,0,1,0.18294849023090587,2026-09-08,823414,0.0,0,103.7,104.6,118.0,L,3,3,1,0,0,0,0,0,0,0,1,3,0,1,2,0,1,0.216,0.263,1,0,1,0,0,0,0.20512820512820512,0.2619047619047619,0.7692307692307693,0.21428571428571427,0.26666666666666666,0.02564102564102564,0.0,0.023809523809523808,0.02564102564102564,0.6,0.6,0.23333333333333334,0.23333333333333334,0.4666666666666667,0.23333333333333334,0.03333333333333333,0.24429166666666666,0.39901190476190473,0.0,0.16666666666666666,0.1819,0.2391333333333336,0.20512820512820512,0.23076923076923078,0.21428571428571427,0.22950819672131148,0.4098360655737705,0.3125,0.7136363636363636,0.23036649214659685,0.4444444444444444,0.18686868686868688,0.40764331210191085,0.24203821656050956,0.050955414012738856,8.694915254237289,1.8305084745762712,9.152542372881358,0.24539877300613497,0.5962067173534822,0.17346213667021423,0.5962067173534822,0.6,,0.5,,,,,False,,1.5,,,,,False,
547180,Bryce Harper,PHI,HOU,1,3.0,1.0,669713.0,Hayden Wesneski,R,823414,6:40 PM ET,Citizens Bank Park,0,1,0.18294849023090587,2026-09-08,823414,0.0,0,103.7,104.6,118.0,L,3,2,0,0,0,0,1,0,0,1,0,1,0,1,0,1,0,0.514,0.578,0,0,0,0,1,0,0.375,0.46153846153846156,0.7142857142857143,0.24615384615384617,0.5,0.19642857142857142,0.03076923076923077,0.07692307692307693,0.125,2.1333333333333333,1.0666666666666667,0.425,0.425,0.325,0.225,0.05,0.45485555555555557,0.768261111111111,0.3888888888888889,0.2857142857142857,0.46699999999999997,0.60045,0.3404255319148936,0.425531914893617,0.15384615384615385,0.2786885245901639,0.4918032786885246,0.31343283582089554,0.7136363636363636,0.23036649214659685,0.4444444444444444,0.18686868686868688,0.40764331210191085,0.24203821656050956,0.050955414012738856,8.694915254237289,1.8305084745762712,9.152542372881358,0.24539877300613497,0.6603240911125827,0.23562609987951214,0.6603240911125827,1.0666666666666667,,0.5,,,,,False,,1.5,,,,,False,
681082,Bryson Stott,PHI,HOU,1,6.0,1.0,669713.0,Hayden Wesneski,R,823414,6:40 PM ET,Citizens Bank Park,0,1,0.18294849023090587,2026-09-08,823414,0.0,0,103.7,104.6,118.0,L,3,3,0,0,0,0,0,0,0,1,0,2,0,2,1,0,1,0.6415,1.8345,0,0,0,0,1,0,0.1509433962264151,0.19298245614035087,0.7735849056603774,0.21052631578947367,0.17073170731707318,0.09433962264150944,0.017543859649122806,0.03508771929824561,0.05660377358490566,0.8666666666666667,0.8,0.2619047619047619,0.23809523809523808,0.4523809523809524,0.2619047619047619,0.023809523809523808,0.2713055555555556,0.4173,0.1111111111111111,0.1,0.30910000000000004,0.5656333333333333,0.2037037037037037,0.2777777777777778,0.13559322033898305,0.2641509433962264,0.4528301886792453,0.1774193548387097,0.7136363636363636,0.23036649214659685,0.4444444444444444,0.18686868686868688,0.40764331210191085,0.24203821656050956,0.050955414012738856,8.694915254237289,1.8305084745762712,9.152542372881358,0.24539877300613497,0.6005232696057058,0.18651221962381545,0.6005232696057058,0.8,,0.5,,,,,False,,1.5,,,,,False,
592663,J.T. Realmuto,PHI,HOU,1,8.0,1.0,669713.0,Hayden Wesneski,R,823414,6:40 PM ET,Citizens Bank Park,1,1,0.18294849023090587,2026-09-08,823414,0.0,0,103.7,104.6,118.0,R,3,3,0,0,0,0,0,0,0,3,0,0,0,0,0,0,0,0.003,0.003,0,0,0,0,1,1,0.22448979591836735,0.3275862068965517,0.7959183673469388,0.1724137931034483,0.23684210526315788,0.1836734693877551,0.034482758620689655,0.05172413793103448,0.10204081632653061,1.3333333333333333,0.6666666666666666,0.4,0.225,0.4,0.2,0.075,0.3092777777777778,0.4945222222222222,0.1875,0.21052631578947367,0.24481666666666677,0.52095,0.18518518518518517,0.2962962962962963,0.1864406779661017,0.27450980392156865,0.39215686274509803,0.15,0.7136363636363636,0.23036649214659685,0.4444444444444444,0.18686868686868688,0.40764331210191085,0.24203821656050956,0.050955414012738856,8.694915254237289,1.8305084745762712,9.152542372881358,0.24539877300613497,0.5045708007442951,0.13543921579556603,0.5045708007442951,0.6666666666666666,,0.5,,,,,False,,1.5,,,,,False,
702222,Justin Crawford,PHI,HOU,1,9.0,1.0,669713.0,Hayden Wesneski,R,823414,6:40 PM ET,Citizens Bank Park,0,1,0.18294849023090587,2026-09-08,823414,0.0,0,103.7,104.6,118.0,L,3,3,0,0,0,0,0,0,0,1,0,2,0,1,0,2,0,0.14150000000000001,0.1525,0,0,0,0,1,0,0.23684210526315788,0.3023255813953488,0.868421052631579,0.11363636363636363,0.2647058823529412,0.0,0.0,0.0,0.0,0.6,0.3333333333333333,0.45714285714285713,0.14285714285714285,0.7428571428571429,0.08571428571428572,0.0,0.25454166666666667,0.30932738095238094,0.18181818181818182,0.2727272727272727,0.20470833333333333,0.262625,0.23684210526315788,0.23684210526315788,0.11363636363636363,0.25,0.3125,0.2647058823529412,0.7136363636363636,0.23036649214659685,0.4444444444444444,0.18686868686868688,0.40764331210191085,0.24203821656050956,0.050955414012738856,8.694915254237289,1.8305084745762712,9.152542372881358,0.24539877300613497,0.3689343878652524,0.09078422357754741,0.3689343878652524,0.3333333333333333,,0.5,,,,,False,,1.5,,,,,False,
656941,Kyle Schwarber,PHI,HOU,1,1.0,1.0,669713.0,Hayden Wesneski,R,823414,6:40 PM ET,Citizens Bank Park,0,1,0.18294849023090587,2026-09-08,823414,0.0,0,103.7,104.6,118.0,L,4,4,2,0,0,1,0,0,0,1,5,3,1,2,2,1,0,0.5323333333333333,1.5126666666666668,1,1,1,1,1,0,0.21052631578947367,0.3188405797101449,0.7368421052631579,0.21739130434782608,0.1794871794871795,0.2982456140350877,0.07246376811594203,0.028985507246376812,0.12280701754385964,1.9333333333333333,1.0,0.4090909090909091,0.25,0.4318181818181818,0.25,0.045454545454545456,0.33569444444444446,0.6950777777777778,0.17647058823529413,0.22727272727272727,0.383,0.8069333333333335,0.16129032258064516,0.45161290322580644,0.27941176470588236,0.25925925925925924,0.4444444444444444,0.29411764705882354,0.7136363636363636,0.23036649214659685,0.4444444444444444,0.18686868686868688,0.40764331210191085,0.24203821656050956,0.050955414012738856,8.694915254237289,1.8305084745762712,9.152542372881358,0.24539877300613497,0.719569029575316,0.3215451128865448,0.719569029575316,1.0,,0.5,,,,,False,,1.5,,,,,False,
650333,Luis Arraez,PHI,HOU,1,4.0,1.0,669713.0,Hayden Wesneski,R,823414,6:40 PM ET,Citizens Bank Park,0,1,0.18294849023090587,2026-09-08,823414,0.0,0,103.7,104.6,118.0,L,3,3,0,0,0,0,0,0,0,1,0,2,0,1,1,0,1,0.1655,0.36550000000000005,0,0,0,0,1,0,0.3076923076923077,0.3090909090909091,0.9807692307692307,0.01818181818181818,0.3018867924528302,0.038461538461538464,0.0,0.03636363636363636,0.038461538461538464,1.2,0.06666666666666667,0.11320754716981132,0.2641509433962264,0.37735849056603776,0.3018867924528302,0.018867924528301886,0.2849583333333333,0.3660940476190476,0.3684210526315789,0.047619047619047616,0.2603833333333334,0.3205333333333334,0.30357142857142855,0.39285714285714285,0.034482758620689655,0.41935483870967744,0.5,0.045454545454545456,0.7136363636363636,0.23036649214659685,0.4444444444444444,0.18686868686868688,0.40764331210191085,0.24203821656050956,0.050955414012738856,8.694915254237289,1.8305084745762712,9.152542372881358,0.24539877300613497,0.3193473255788862,0.05388553533337181,0.3193473255788862,0.06666666666666667,,0.5,,,,,False,,1.5,,,,,False,
607208,Trea Turner,PHI,HOU,1,2.0,1.0,669713.0,Hayden Wesneski,R,823414,6:40 PM ET,Citizens Bank Park,1,1,0.18294849023090587,2026-09-08,823414,0.0,0,103.7,104.6,118.0,R,4,4,1,1,0,0,0,0,0,1,2,3,0,3,1,1,1,0.3606666666666667,0.664,1,0,1,1,1,0,0.1746031746031746,0.23529411764705882,0.7936507936507936,0.19117647058823528,0.22,0.047619047619047616,0.0,0.04411764705882353,0.047619047619047616,0.9333333333333333,0.8666666666666667,0.34,0.12,0.42,0.3,0.08,0.21677333333333335,0.34832555555555555,0.19047619047619047,0.13636363636363635,0.26623,0.46568000000000004,0.13793103448275862,0.1896551724137931,0.24242424242424243,0.31746031746031744,0.4444444444444444,0.14492753623188406,0.7136363636363636,0.23036649214659685,0.4444444444444444,0.18686868686868688,0.40764331210191085,0.24203821656050956,0.050955414012738856,8.694915254237289,1.8305084745762712,9.152542372881358,0.24539877300613497,0.6103505894649501,0.22562367154570642,0.6103505894649501,0.8666666666666667,,0.5,,,,,False,,1.5,,,,,False,
701358,Cam Smith,HOU,PHI,0,9.0,1.0,691725.0,Andrew Painter,R,823414,6:40 PM ET,Citizens Bank Park,1,1,0.22621184919210055,2026-09-08,823414,0.0,0,103.7,104.6,118.0,R,3,3,0,0,0,0,0,0,0,3,0,0,0,0,0,0,0,0.36466666666666664,0.7473333333333333,0,0,0,0,1,1,0.13953488372093023,0.17391304347826086,0.6976744186046512,0.2826086956521739,0.1935483870967742,0.16279069767441862,0.0,0.021739130434782608,0.09302325581395349,0.8666666666666667,0.8666666666666667,0.3548387096774194,0.3225806451612903,0.41935483870967744,0.16129032258064516,0.0,0.28925,0.3960416666666667,0.21428571428571427,0.26666666666666666,0.27335416666666656,0.3877083333333333,0.07142857142857142,0.19047619047619047,0.30434782608695654,0.19230769230769232,0.5384615384615384,0.2727272727272727,0.6744186046511628,0.21348314606741572,0.4627659574468085,0.2074468085106383,0.4413793103448276,0.25517241379310346,0.013793103448275862,11.465753424657533,2.219178082191781,6.287671232876712,0.15178571428571427,0.5199458540924902,0.13814360059743422,0.5199458540924902,0.8666666666666667,,0.5,,,,,False,,1.5,,,,,False,
572233,Christian Walker,HOU,PHI,0,7.0,1.0,691725.0,Andrew Painter,R,823414,6:40 PM ET,Citizens Bank Park,1,1,0.22621184919210055,2026-09-08,823414,0.0,0,103.7,104.6,118.0,R,4,3,1,0,0,0,1,0,0,1,1,2,0,0,1,0,1,0.40700000000000003,0.4395,1,0,1,0,1,0,0.2,0.23728813559322035,0.7818181818181819,0.2033898305084746,0.23255813953488372,0.07272727272727272,0.01694915254237288,0.01694915254237288,0.03636363636363636,1.0,0.8,0.36363636363636365,0.20454545454545456,0.5,0.20454545454545456,0.0,0.2673777777777778,0.4030666666666667,0.17647058823529413,0.29411764705882354,0.19523333333333331,0.2654833333333336,0.15789473684210525,0.22807017543859648,0.3103448275862069,0.2826086956521739,0.4782608695652174,0.14035087719298245,0.6744186046511628,0.21348314606741572,0.4627659574468085,0.2074468085106383,0.4413793103448276,0.25517241379310346,0.013793103448275862,11.465753424657533,2.219178082191781,6.287671232876712,0.15178571428571427,0.5633194695220654,0.18779490117232997,0.5633194695220654,0.8,,0.5,,,,,False,,1.5,,,,,False,
662139,Daulton Varsho,HOU,PHI,0,5.0,1.0,691725.0,Andrew Painter,R,823414,6:40 PM ET,Citizens Bank Park,0,1,0.22621184919210055,2026-09-08,823414,0.0,0,103.7,104.6,118.0,L,4,3,0,0,0,0,1,0,0,1,0,2,0,0,2,0,0,0.006,0.009,0,0,0,0,1,0,0.22033898305084745,0.25806451612903225,0.7966101694915254,0.1935483870967742,0.24444444444444444,0.1864406779661017,0.03225806451612903,0.04838709677419355,0.1016949152542373,1.6,0.8,0.3191489361702128,0.19148936170212766,0.3617021276595745,0.40425531914893614,0.0425531914893617,0.3242555555555555,0.508311111111111,0.16666666666666666,0.15789473684210525,0.37704999999999994,0.5944833333333335,0.2033898305084746,0.3389830508474576,0.20634920634920634,0.21428571428571427,0.32142857142857145,0.1864406779661017,0.6744186046511628,0.21348314606741572,0.4627659574468085,0.2074468085106383,0.4413793103448276,0.25517241379310346,0.013793103448275862,11.465753424657533,2.219178082191781,6.287671232876712,0.15178571428571427,0.5746578832113611,0.17007579290261243,0.5746578832113611,0.8,,0.5,,,,,False,,1.5,,,,,False,
670623,Isaac Paredes,HOU,PHI,0,3.0,1.0,691725.0,Andrew Painter,R,823414,6:40 PM ET,Citizens Bank Park,1,1,0.22621184919210055,2026-09-08,823414,0.0,0,103.7,104.6,118.0,R,4,3,0,0,0,0,0,1,0,2,0,1,0,0,0,0,0,0.001,0.001,0,0,0,0,1,1,0.23529411764705882,0.38461538461538464,0.9019607843137255,0.07575757575757576,0.2222222222222222,0.17647058823529413,0.030303030303030304,0.045454545454545456,0.09803921568627451,1.4,0.3333333333333333,0.23404255319148937,0.14893617021276595,0.2765957446808511,0.3829787234042553,0.0,0.18995555555555554,0.2520622222222222,0.3333333333333333,0.047619047619047616,0.23658333333333337,0.3426366666666666,0.2826086956521739,0.5,0.03125,0.24193548387096775,0.3064516129032258,0.16176470588235295,0.6744186046511628,0.21348314606741572,0.4627659574468085,0.2074468085106383,0.4413793103448276,0.25517241379310346,0.013793103448275862,11.465753424657533,2.219178082191781,6.287671232876712,0.15178571428571427,0.44353955375035375,0.09394974881085989,0.44353955375035375,0.3333333333333333,,0.5,,,,,False,,1.5,,,,,False,
665161,Jeremy Peña,HOU,PHI,0,1.0,1.0,691725.0,Andrew Painter,R,823414,6:40 PM ET,Citizens Bank Park,1,1,0.22621184919210055,2026-09-08,823414,0.0,0,103.7,104.6,118.0,R,5,4,0,0,0,0,0,1,0,1,0,3,0,0,2,1,0,0.09100000000000001,0.16,0,0,0,0,1,0,0.22033898305084745,0.25806451612903225,0.6271186440677966,0.3548387096774194,0.29411764705882354,0.1864406779661017,0.04838709677419355,0.03225806451612903,0.0847457627118644,1.6,1.4666666666666666,0.35135135135135137,0.1891891891891892,0.4594594594594595,0.2972972972972973,0.02702702702702703,0.362047619047619,0.6103095238095237,0.1,0.2857142857142857,0.24848333333333333,0.38928333333333326,0.20689655172413793,0.41379310344827586,0.2786885245901639,0.20967741935483872,0.27419354838709675,0.3076923076923077,0.6744186046511628,0.21348314606741572,0.4627659574468085,0.2074468085106383,0.4413793103448276,0.25517241379310346,0.013793103448275862,11.465753424657533,2.219178082191781,6.287671232876712,0.15178571428571427,0.7074027852005876,0.2751282000493443,0.7074027852005876,1.4666666666666666,,0.5,,,,,False,,1.5,,,,,False,
514888,Jose Altuve,HOU,PHI,0,4.0,1.0,691725.0,Andrew Painter,R,823414,6:40 PM ET,Citizens Bank Park,1,1,0.22621184919210055,2026-09-08,823414,0.0,0,103.7,104.6,118.0,R,4,4,3,1,0,0,0,0,0,0,4,4,0,2,0,0,4,0.5935,0.8525,1,1,1,1,0,0,0.21428571428571427,0.27419354838709675,0.75,0.22580645161290322,0.24390243902439024,0.16071428571428573,0.03225806451612903,0.04838709677419355,0.08928571428571429,1.4,0.9333333333333333,0.37209302325581395,0.20930232558139536,0.3953488372093023,0.3023255813953488,0.023255813953488372,0.2566833333333333,0.3528888888888888,0.1111111111111111,0.23809523809523808,0.18554999999999994,0.2538166666666669,0.23076923076923078,0.40384615384615385,0.2,0.23728813559322035,0.4067796610169492,0.25806451612903225,0.6744186046511628,0.21348314606741572,0.4627659574468085,0.2074468085106383,0.4413793103448276,0.25517241379310346,0.013793103448275862,11.465753424657533,2.219178082191781,6.287671232876712,0.15178571428571427,0.6132585896894088,0.20092180129237444,0.6132585896894088,0.9333333333333333,,0.5,,,,,False,,1.5,,,,,False,
666211,Taylor Trammell,HOU,PHI,0,8.0,1.0,691725.0,Andrew Painter,R,823414,6:40 PM ET,Citizens Bank Park,0,1,0.22621184919210055,2026-09-08,823414,0.0,0,103.7,104.6,118.0,L,1,1,0,0,0,0,0,0,0,0,0,1,0,0,1,0,0,0.426,0.426,0,0,0,0,0,0,0.15,0.20930232558139536,0.75,0.23255813953488372,0.2,0.075,0.0,0.06976744186046512,0.075,0.6,0.6666666666666666,0.36666666666666664,0.23333333333333334,0.3,0.26666666666666666,0.0,0.2035611111111111,0.3480166666666667,0.26666666666666666,0.29411764705882354,0.19636666666666674,0.28180000000000016,0.15,0.225,0.23255813953488372,0.25,0.4444444444444444,0.325,0.6744186046511628,0.21348314606741572,0.4627659574468085,0.2074468085106383,0.4413793103448276,0.25517241379310346,0.013793103448275862,11.465753424657533,2.219178082191781,6.287671232876712,0.15178571428571427,0.5952801645138702,0.1968593625794314,0.5952801645138702,0.6666666666666666,,0.5,,,,,False,,1.5,,,,,False,
673237,Yainer Diaz,HOU,PHI,0,6.0,1.0,691725.0,Andrew Painter,R,823414,6:40 PM ET,Citizens Bank Park,1,1,0.22621184919210055,2026-09-08,823414,0.0,0,103.7,104.6,118.0,R,1,1,0,0,0,0,0,0,0,1,0,0,0,0,0,0,0,0.35133333333333333,0.387,0,0,0,0,1,0,0.32653061224489793,0.35294117647058826,0.8163265306122449,0.17647058823529413,0.35135135135135137,0.24489795918367346,0.058823529411764705,0.058823529411764705,0.12244897959183673,1.8666666666666667,0.6,0.475,0.15,0.6,0.175,0.0,0.3091190476190476,0.4915535714285714,0.3333333333333333,0.21052631578947367,0.30419999999999997,0.5115000000000001,0.32653061224489793,0.5510204081632653,0.1568627450980392,0.21052631578947367,0.2807017543859649,0.2033898305084746,0.6744186046511628,0.21348314606741572,0.4627659574468085,0.2074468085106383,0.4413793103448276,0.25517241379310346,0.013793103448275862,11.465753424657533,2.219178082191781,6.287671232876712,0.15178571428571427,0.5142508733975095,0.12653271219362286,0.5142508733975095,0.6,,0.5,,,,,False,,1.5,,,,,False,
670541,Yordan Alvarez,HOU,PHI,0,2.0,1.0,691725.0,Andrew Painter,R,823414,6:40 PM ET,Citizens Bank Park,0,1,0.22621184919210055,2026-09-08,823414,0.0,0,103.7,104.6,118.0,L,5,5,1,0,0,1,0,0,0,1,4,4,0,1,1,1,1,0.20825,0.26375,1,0,1,1,1,0,0.2857142857142857,0.4461538461538462,0.7346938775510204,0.2,0.3611111111111111,0.16326530612244897,0.015384615384615385,0.046153846153846156,0.10204081632653061,1.4666666666666666,0.8666666666666667,0.5405405405405406,0.24324324324324326,0.2972972972972973,0.40540540540540543,0.0,0.39091666666666663,0.5926964285714286,0.26666666666666666,0.23809523809523808,0.45018749999999996,0.5418125000000004,0.3333333333333333,0.5208333333333334,0.21311475409836064,0.23214285714285715,0.30357142857142855,0.13432835820895522,0.6744186046511628,0.21348314606741572,0.4627659574468085,0.2074468085106383,0.4413793103448276,0.25517241379310346,0.013793103448275862,11.465753424657533,2.219178082191781,6.287671232876712,0.15178571428571427,0.5197282627820428,0.15025473966976463,0.5197282627820428,0.8666666666666667,,0.5,,,,,False,,1.5,,,,,False,
682663,Agustín Ramírez,MIA,NYM,1,3.0,1.0,640455.0,Sean Manaea,L,823821,6:40 PM ET,loanDepot Park,1,0,0.2179930795847751,2026-09-08,823821,,0,99.1,96.1,86.7,R,1,1,0,0,0,0,0,0,0,1,0,0,0,0,0,0,0,0.30825,0.40349999999999997,0,0,0,0,1,0,0.19148936170212766,0.2962962962962963,0.7659574468085106,0.2037037037037037,0.22857142857142856,0.10638297872340426,0.018518518518518517,0.037037037037037035,0.06382978723404255,0.9333333333333333,0.7333333333333333,0.3611111111111111,0.2222222222222222,0.5277777777777778,0.19444444444444445,0.0,0.2405923076923077,0.33324743589743594,0.2,0.2,0.27097000000000004,0.4335000000000001,0.28888888888888886,0.35555555555555557,0.2222222222222222,0.15384615384615385,0.1794871794871795,0.21739130434782608,0.6745098039215687,0.20754716981132076,0.5088495575221239,0.252212389380531,0.3953488372093023,0.38953488372093026,0.046511627906976744,8.059701492537314,1.0074626865671643,8.46268656716418,0.2198952879581152,0.6019519362390507,0.23519050315499468,0.6019519362390507,0.7333333333333333,,0.5,,,,,False,,1.5,,,,,False,
640459,Brian Navarreto,MIA,NYM,1,9.0,1.0,640455.0,Sean Manaea,L,823821,6:40 PM ET,loanDepot Park,1,0,0.2179930795847751,2026-09-08,823821,,0,99.1,96.1,86.7,R,2,2,0,0,0,0,0,0,0,1,0,1,0,0,1,0,0,0.014,0.039,0,0,0,0,1,0,0.13513513513513514,0.1951219512195122,0.5945945945945946,0.35714285714285715,0.18181818181818182,0.10810810810810811,0.023809523809523808,0.023809523809523808,0.05405405405405406,0.6,1.0,0.20833333333333334,0.125,0.5416666666666666,0.125,0.0,0.19933333333333333,0.2697651515151515,0.09090909090909091,0.38461538461538464,0.110625,0.11625,0.1111111111111111,0.14814814814814814,0.2647058823529412,0.2222222222222222,0.4722222222222222,0.325,0.6745098039215687,0.20754716981132076,0.5088495575221239,0.252212389380531,0.3953488372093023,0.38953488372093026,0.046511627906976744,8.059701492537314,1.0074626865671643,8.46268656716418,0.2198952879581152,0.5931425509046709,0.1909346629435911,0.5931425509046709,1.0,,0.5,,,,,False,,1.5,,,,,False,
691277,Deyvison De Los Santos,MIA,NYM,1,6.0,1.0,640455.0,Sean Manaea,L,823821,6:40 PM ET,loanDepot Park,1,0,0.2179930795847751,2026-09-08,823821,,0,99.1,96.1,86.7,R,1,1,0,0,0,0,0,0,0,0,0,1,0,0,0,1,0,0.089,0.098,0,0,0,0,0,0,0.23809523809523808,0.23809523809523808,0.7142857142857143,0.2857142857142857,0.3333333333333333,0.14285714285714285,0.0,0.14285714285714285,0.14285714285714285,0.6666666666666666,0.5,0.2,0.2,0.5333333333333333,0.26666666666666666,0.0,,,0.36363636363636365,0.2727272727272727,0.312,0.474,0.15384615384615385,0.23076923076923078,0.3076923076923077,0.3333333333333333,0.5,0.3333333333333333,0.6745098039215687,0.20754716981132076,0.5088495575221239,0.252212389380531,0.3953488372093023,0.38953488372093026,0.046511627906976744,8.059701492537314,1.0074626865671643,8.46268656716418,0.2198952879581152,0.584107521964005,0.1676648509727008,0.584107521964005,0.5,,0.5,,,,,False,,1.5,,,,,False,
665923,Esteury Ruiz,MIA,NYM,1,5.0,1.0,640455.0,Sean Manaea,L,823821,6:40 PM ET,loanDepot Park,1,0,0.2179930795847751,2026-09-08,823821,,0,99.1,96.1,86.7,R,1,1,1,1,0,0,0,0,0,0,2,1,0,1,1,0,0,0.426,1.662,1,0,1,1,0,0,0.14285714285714285,0.2653061224489796,0.5238095238095238,0.40816326530612246,0.2727272727272727,0.0,0.0,0.0,0.0,0.4,1.3333333333333333,0.22727272727272727,0.3181818181818182,0.36363636363636365,0.18181818181818182,0.0,0.23080769230769232,0.2874230769230769,0.125,0.3888888888888889,0.18893333333333331,0.2541333333333334,0.225,0.35,0.28846153846153844,0.2222222222222222,0.25,0.4146341463414634,0.6745098039215687,0.20754716981132076,0.5088495575221239,0.252212389380531,0.3953488372093023,0.38953488372093026,0.046511627906976744,8.059701492537314,1.0074626865671643,8.46268656716418,0.2198952879581152,0.7319410732694519,0.34105901481963374,0.7319410732694519,1.3333333333333333,,0.5,,,,,False,,1.5,,,,,False,
681715,Heriberto Hernández,MIA,NYM,1,1.0,1.0,640455.0,Sean Manaea,L,823821,6:40 PM ET,loanDepot Park,1,0,0.2179930795847751,2026-09-08,823821,,0,99.1,96.1,86.7,R,4,4,0,0,0,0,0,0,0,3,0,1,0,0,1,0,0,0.011,0.028,0,0,0,0,1,1,0.25,0.373134328358209,0.75,0.208955223880597,0.2222222222222222,0.375,0.08955223880597014,0.04477611940298507,0.16071428571428573,2.3333333333333335,0.9333333333333333,0.38095238095238093,0.16666666666666666,0.2619047619047619,0.40476190476190477,0.0,0.3582811111111111,0.8430833333333333,0.25,0.21739130434782608,0.3365666666666667,0.8045833333333334,0.2641509433962264,0.6037735849056604,0.26153846153846155,0.2033898305084746,0.4745762711864407,0.2647058823529412,0.6745098039215687,0.20754716981132076,0.5088495575221239,0.252212389380531,0.3953488372093023,0.38953488372093026,0.046511627906976744,8.059701492537314,1.0074626865671643,8.46268656716418,0.2198952879581152,0.6713423636145075,0.248384252580276,0.6713423636145075,0.9333333333333333,,0.5,,,,,False,,1.5,,,,,False,
805300,Jakob Marsee,MIA,NYM,1,7.0,1.0,640455.0,Sean Manaea,L,823821,6:40 PM ET,loanDepot Park,0,0,0.2179930795847751,2026-09-08,823821,,0,99.1,96.1,86.7,L,4,4,2,0,0,0,0,0,0,0,2,4,0,0,0,2,2,0.34125,0.4125,1,1,1,1,0,0,0.2608695652173913,0.423728813559322,0.7608695652173914,0.1864406779661017,0.30303030303030304,0.2391304347826087,0.03389830508474576,0.05084745762711865,0.13043478260869565,1.5333333333333334,0.7333333333333333,0.42857142857142855,0.45714285714285713,0.3142857142857143,0.22857142857142856,0.0,0.32864880952380954,0.48845238095238097,0.26666666666666666,0.10526315789473684,0.3647708333333334,0.59975,0.1956521739130435,0.41304347826086957,0.1896551724137931,0.22727272727272727,0.36363636363636365,0.21428571428571427,0.6745098039215687,0.20754716981132076,0.5088495575221239,0.252212389380531,0.3953488372093023,0.38953488372093026,0.046511627906976744,8.059701492537314,1.0074626865671643,8.46268656716418,0.2198952879581152,0.6145659809120649,0.17570116845508307,0.6145659809120649,0.7333333333333333,,0.5,,,,,False,,1.5,,,,,False,
691858,Jared Serna,MIA,NYM,1,8.0,1.0,640455.0,Sean Manaea,L,823821,6:40 PM ET,loanDepot Park,1,0,0.2179930795847751,2026-09-08,823821,,0,99.1,96.1,86.7,R,2,2,0,0,0,0,0,0,0,0,0,2,0,2,0,2,0,0.164,0.197,0,0,0,0,0,0,,,,,,,,,,,,,,,,,,,0.2,0.0,0.15999999999999998,0.17525000000000002,,,,,,,0.6745098039215687,0.20754716981132076,0.5088495575221239,0.252212389380531,0.3953488372093023,0.38953488372093026,0.046511627906976744,8.059701492537314,1.0074626865671643,8.46268656716418,0.2198952879581152,0.4303897032340005,0.047061326517680475,0.4303897032340005,,,0.5,,,,,False,,1.5,,,,,False,
691594,Javier Sanoja,MIA,NYM,1,4.0,1.0,640455.0,Sean Manaea,L,823821,6:40 PM ET,loanDepot Park,1,0,0.2179930795847751,2026-09-08,823821,,0,99.1,96.1,86.7,R,4,3,2,0,1,0,1,0,0,0,4,3,0,2,0,2,1,0.38599999999999995,0.501,1,1,1,1,0,0,0.3275862068965517,0.3709677419354839,0.9482758620689655,0.04838709677419355,0.32075471698113206,0.15517241379310345,0.03225806451612903,0.04838709677419355,0.08620689655172414,1.8666666666666667,0.2,0.32727272727272727,0.3090909090909091,0.45454545454545453,0.18181818181818182,0.0,0.3363888888888889,0.4378888888888889,0.4,0.047619047619047616,0.30651666666666666,0.45643333333333336,0.4,0.64,0.05555555555555555,0.23214285714285715,0.32142857142857145,0.0847457627118644,0.6745098039215687,0.20754716981132076,0.5088495575221239,0.252212389380531,0.3953488372093023,0.38953488372093026,0.046511627906976744,8.059701492537314,1.0074626865671643,8.46268656716418,0.2198952879581152,0.36826979188185777,0.08294275903572428,0.36826979188185777,0.2,,0.5,,,,,False,,1.5,,,,,False,
672640,Otto Lopez,MIA,NYM,1,2.0,1.0,640455.0,Sean Manaea,L,823821,6:40 PM ET,loanDepot Park,1,0,0.2179930795847751,2026-09-08,823821,,0,99.1,96.1,86.7,R,4,4,1,0,0,0,0,0,0,1,1,3,0,1,1,2,0,0.2776666666666667,0.31133333333333335,1,0,1,0,1,0,0.2542372881355932,0.30303030303030304,0.847457627118644,0.13636363636363635,0.27450980392156865,0.11864406779661017,0.015151515151515152,0.030303030303030304,0.06779661016949153,1.4666666666666666,0.6,0.4230769230769231,0.17307692307692307,0.5,0.23076923076923078,0.0,0.30977777777777776,0.4641888888888889,0.21052631578947367,0.09090909090909091,0.26456666666666667,0.37343333333333334,0.21052631578947367,0.22807017543859648,0.08064516129032258,0.265625,0.4375,0.1891891891891892,0.6745098039215687,0.20754716981132076,0.5088495575221239,0.252212389380531,0.3953488372093023,0.38953488372093026,0.046511627906976744,8.059701492537314,1.0074626865671643,8.46268656716418,0.2198952879581152,0.5297203534779754,0.16317226248408526,0.5297203534779754,0.6,,0.5,,,,,False,,1.5,,,,,False,
805999,A.J. Ewing,NYM,MIA,0,7.0,1.0,645261.0,Sandy Alcantara,R,823821,6:40 PM ET,loanDepot Park,0,1,0.21723518850987433,2026-09-08,823821,,0,99.1,96.1,86.7,L,5,5,3,1,0,0,0,0,0,0,4,5,0,1,0,4,1,0.2792,0.3076,1,1,1,1,0,0,0.21428571428571427,0.2786885245901639,0.75,0.2222222222222222,0.2682926829268293,0.07142857142857142,0.015873015873015872,0.015873015873015872,0.03571428571428571,1.0666666666666667,0.9333333333333333,0.3488372093023256,0.32558139534883723,0.46511627906976744,0.16279069767441862,0.0,0.3103166666666667,0.45556,0.35294117647058826,0.19047619047619047,0.37568333333333326,0.6133666666666666,0.14545454545454545,0.21818181818181817,0.25,0.25862068965517243,0.41379310344827586,0.3225806451612903,0.753731343283582,0.19421487603305784,0.33064516129032256,0.11693548387096774,0.38613861386138615,0.2376237623762376,0.01485148514851485,9.409090909090908,1.0909090909090908,7.227272727272727,0.19272727272727272,0.6544536951915967,0.26703544046515265,0.6544536951915967,0.9333333333333333,,0.5,,,,,False,,1.5,,,,,False,
666182,Bo Bichette,NYM,MIA,0,3.0,1.0,645261.0,Sandy Alcantara,R,823821,6:40 PM ET,loanDepot Park,1,1,0.21723518850987433,2026-09-08,823821,,0,99.1,96.1,86.7,R,6,5,2,0,0,0,1,0,0,1,2,4,0,2,0,3,1,0.46449999999999997,0.5459999999999999,1,1,1,1,1,0,0.23214285714285715,0.29508196721311475,0.8035714285714286,0.18032786885245902,0.21951219512195122,0.26785714285714285,0.06557377049180328,0.04918032786885246,0.125,1.8666666666666667,0.7333333333333333,0.4888888888888889,0.24444444444444444,0.4222222222222222,0.3111111111111111,0.022222222222222223,0.31555,0.57765,0.3157894736842105,0.19047619047619047,0.41868333333333335,0.8412999999999998,0.3333333333333333,0.5964912280701754,0.125,0.29310344827586204,0.46551724137931033,0.2153846153846154,0.753731343283582,0.19421487603305784,0.33064516129032256,0.11693548387096774,0.38613861386138615,0.2376237623762376,0.01485148514851485,9.409090909090908,1.0909090909090908,7.227272727272727,0.19272727272727272,0.5465750307482081,0.1764697081545057,0.5465750307482081,0.7333333333333333,,0.5,,,,,False,,1.5,,,,,False,
683146,Brett Baty,NYM,MIA,0,8.0,1.0,645261.0,Sandy Alcantara,R,823821,6:40 PM ET,loanDepot Park,0,1,0.21723518850987433,2026-09-08,823821,,0,99.1,96.1,86.7,L,5,4,1,1,0,0,1,0,0,1,2,3,0,2,2,1,0,0.36866666666666664,0.7003333333333334,1,0,1,1,1,0,0.35294117647058826,0.40540540540540543,0.7352941176470589,0.24324324324324326,0.4583333333333333,0.2647058823529412,0.02702702702702703,0.16216216216216217,0.20588235294117646,1.4,0.6,0.56,0.4,0.32,0.28,0.0,0.34828571428571425,0.7615476190476189,0.3333333333333333,0.2,0.3345833333333334,1.0442500000000003,0.30303030303030304,0.5757575757575758,0.3142857142857143,0.19148936170212766,0.2553191489361702,0.3392857142857143,0.753731343283582,0.19421487603305784,0.33064516129032256,0.11693548387096774,0.38613861386138615,0.2376237623762376,0.01485148514851485,9.409090909090908,1.0909090909090908,7.227272727272727,0.19272727272727272,0.5825812666406908,0.19572127578722423,0.5825812666406908,0.6,,0.5,,,,,False,,1.5,,,,,False,
701807,Carson Benge,NYM,MIA,0,4.0,1.0,645261.0,Sandy Alcantara,R,823821,6:40 PM ET,loanDepot Park,0,1,0.21723518850987433,2026-09-08,823821,,0,99.1,96.1,86.7,L,5,4,1,0,0,0,1,0,0,2,1,2,0,0,0,1,1,0.3355,0.381,1,0,1,0,1,1,0.3,0.3333333333333333,0.7333333333333333,0.25396825396825395,0.3953488372093023,0.1,0.015873015873015872,0.047619047619047616,0.06666666666666667,1.6,1.0666666666666667,0.20454545454545456,0.29545454545454547,0.29545454545454547,0.36363636363636365,0.0,0.3666788888888889,0.5117555555555555,0.25,0.19047619047619047,0.29911666666666664,0.4020666666666667,0.2711864406779661,0.423728813559322,0.22950819672131148,0.2413793103448276,0.41379310344827586,0.27419354838709675,0.753731343283582,0.19421487603305784,0.33064516129032256,0.11693548387096774,0.38613861386138615,0.2376237623762376,0.01485148514851485,9.409090909090908,1.0909090909090908,7.227272727272727,0.19272727272727272,0.6527925762813656,0.2652575128648323,0.6527925762813656,1.0666666666666667,,0.5,,,,,False,,1.5,,,,,False,
682626,Francisco Alvarez,NYM,MIA,0,9.0,1.0,645261.0,Sandy Alcantara,R,823821,6:40 PM ET,loanDepot Park,1,1,0.21723518850987433,2026-09-08,823821,,0,99.1,96.1,86.7,R,5,4,1,0,0,0,1,0,0,2,1,2,0,1,0,2,0,0.2205,0.2485,1,0,1,0,1,1,0.1320754716981132,0.17857142857142858,0.49056603773584906,0.48214285714285715,0.20833333333333334,0.1509433962264151,0.03571428571428571,0.03571428571428571,0.07547169811320754,1.0,1.8,0.5384615384615384,0.15384615384615385,0.5,0.34615384615384615,0.038461538461538464,0.362923076923077,0.5901923076923077,0.21052631578947367,0.47368421052631576,0.4607,0.9469000000000003,0.14814814814814814,0.25925925925925924,0.4067796610169492,0.2653061224489796,0.3469387755102041,0.3728813559322034,0.753731343283582,0.19421487603305784,0.33064516129032256,0.11693548387096774,0.38613861386138615,0.2376237623762376,0.01485148514851485,9.409090909090908,1.0909090909090908,7.227272727272727,0.19272727272727272,0.6769243140009652,0.19565353111577263,0.6769243140009652,1.8,,0.5,,,,,False,,1.5,,,,,False,
596019,Francisco Lindor,NYM,MIA,0,1.0,1.0,645261.0,Sandy Alcantara,R,823821,6:40 PM ET,loanDepot Park,0,1,0.21723518850987433,2026-09-08,823821,,0,99.1,96.1,86.7,L,5,5,2,0,0,0,0,0,0,3,2,2,0,0,1,1,0,0.40299999999999997,0.4295,1,1,1,1,1,1,0.18421052631578946,0.24390243902439024,0.7894736842105263,0.1951219512195122,0.14814814814814814,0.2631578947368421,0.07317073170731707,0.024390243902439025,0.10526315789473684,1.1333333333333333,0.5333333333333333,0.5666666666666667,0.13333333333333333,0.4666666666666667,0.3333333333333333,0.0,0.3209940476190476,0.5040119047619047,0.1,0.09090909090909091,0.33183333333333354,0.3968333333333332,0.18032786885245902,0.3442622950819672,0.208955223880597,0.22950819672131148,0.5901639344262295,0.19402985074626866,0.753731343283582,0.19421487603305784,0.33064516129032256,0.11693548387096774,0.38613861386138615,0.2376237623762376,0.01485148514851485,9.409090909090908,1.0909090909090908,7.227272727272727,0.19272727272727272,0.43488232629056306,0.1049659218634054,0.43488232629056306,0.5333333333333333,,0.5,,,,,False,,1.5,,,,,False,
676724,Jared Young,NYM,MIA,0,5.0,1.0,645261.0,Sandy Alcantara,R,823821,6:40 PM ET,loanDepot Park,0,1,0.21723518850987433,2026-09-08,823821,,0,99.1,96.1,86.7,L,1,1,0,0,0,0,0,0,0,0,0,1,0,1,0,1,0,0.454,0.482,0,0,0,0,0,0,0.2727272727272727,0.2982456140350877,0.7636363636363637,0.22413793103448276,0.35714285714285715,0.10909090909090909,0.0,0.06896551724137931,0.09090909090909091,1.4,0.8666666666666667,0.3333333333333333,0.21428571428571427,0.5,0.23809523809523808,0.0,0.3005388888888889,0.3990611111111111,0.23529411764705882,0.3157894736842105,0.3561333333333333,0.4716666666666664,0.29411764705882354,0.4117647058823529,0.2222222222222222,0.24390243902439024,0.4634146341463415,0.19047619047619047,0.753731343283582,0.19421487603305784,0.33064516129032256,0.11693548387096774,0.38613861386138615,0.2376237623762376,0.01485148514851485,9.409090909090908,1.0909090909090908,7.227272727272727,0.19272727272727272,0.6025262444799314,0.19352567306659996,0.6025262444799314,0.8666666666666667,,0.5,,,,,False,,1.5,,,,,False,
665742,Juan Soto,NYM,MIA,0,2.0,1.0,645261.0,Sandy Alcantara,R,823821,6:40 PM ET,loanDepot Park,0,1,0.21723518850987433,2026-09-08,823821,,0,99.1,96.1,86.7,L,6,5,2,0,0,0,1,0,0,1,2,4,0,3,0,4,0,0.421,0.48324999999999996,1,1,1,1,1,0,0.16326530612244897,0.31666666666666665,0.8163265306122449,0.15,0.15789473684210525,0.12244897959183673,0.03333333333333333,0.0,0.04081632653061224,0.9333333333333333,0.6,0.425,0.175,0.325,0.35,0.025,0.2776974358974359,0.5170653846153846,0.15,0.045454545454545456,0.27194999999999997,0.485166666666667,0.2,0.44,0.13846153846153847,0.28846153846153844,0.4423076923076923,0.11666666666666667,0.753731343283582,0.19421487603305784,0.33064516129032256,0.11693548387096774,0.38613861386138615,0.2376237623762376,0.01485148514851485,9.409090909090908,1.0909090909090908,7.227272727272727,0.19272727272727272,0.45314296319333414,0.11668957485172109,0.45314296319333414,0.6,,0.5,,,,,False,,1.5,,,,,False,
543760,Marcus Semien,NYM,MIA,0,6.0,1.0,645261.0,Sandy Alcantara,R,823821,6:40 PM ET,loanDepot Park,1,1,0.21723518850987433,2026-09-08,823821,,0,99.1,96.1,86.7,R,5,5,2,2,0,0,0,0,0,0,4,5,0,2,1,2,1,0.2522,0.4368,1,1,1,1,0,0,0.28,0.3793103448275862,0.88,0.10344827586206896,0.3181818181818182,0.02,0.0,0.017241379310344827,0.02,1.0,0.4,0.29545454545454547,0.13636363636363635,0.4772727272727273,0.36363636363636365,0.0,0.29271555555555556,0.3630511111111111,0.21428571428571427,0.05555555555555555,0.17753333333333338,0.2744000000000003,0.2916666666666667,0.3125,0.17857142857142858,0.1509433962264151,0.22641509433962265,0.22033898305084745,0.753731343283582,0.19421487603305784,0.33064516129032256,0.11693548387096774,0.38613861386138615,0.2376237623762376,0.01485148514851485,9.409090909090908,1.0909090909090908,7.227272727272727,0.19272727272727272,0.5116904002086646,0.13981357683458942,0.5116904002086646,0.4,,0.5,,,,,False,,1.5,,,,,False,
655316,Andruw Monasterio,BOS,LAA,1,7.0,1.0,672282.0,Reid Detmers,L,824714,6:45 PM ET,Fenway Park,1,0,0.20962199312714777,2026-09-08,824714,0.0,1,102.5,97.9,86.2,R,4,4,0,0,0,0,0,0,0,2,0,2,0,0,0,1,0,0.17800000000000002,0.194,0,0,0,0,1,1,0.14,0.18518518518518517,0.9,0.09259259259259259,0.15217391304347827,0.04,0.0,0.037037037037037035,0.04,0.6,0.3333333333333333,0.2391304347826087,0.21739130434782608,0.391304347826087,0.2608695652173913,0.021739130434782608,0.2413,0.31566777777777777,0.08333333333333333,0.16666666666666666,0.2637,0.31325000000000014,0.1836734693877551,0.20408163265306123,0.07017543859649122,0.2909090909090909,0.5272727272727272,0.171875,0.6590909090909091,0.19487179487179487,0.39705882352941174,0.16666666666666666,0.3931034482758621,0.31724137931034485,0.027586206896551724,6.344262295081967,0.8852459016393442,10.327868852459016,0.28688524590163933,0.491567020394952,0.1455053324980099,0.491567020394952,0.3333333333333333,,0.5,,,,,False,,1.5,,,,,False,
702332,Caleb Durbin,BOS,LAA,1,6.0,1.0,672282.0,Reid Detmers,L,824714,6:45 PM ET,Fenway Park,1,0,0.20962199312714777,2026-09-08,824714,0.0,1,102.5,97.9,86.2,R,4,4,2,1,0,0,0,0,0,1,3,3,0,2,0,1,2,0.49666666666666665,0.734,1,1,1,1,1,0,0.17777777777777778,0.3392857142857143,0.7777777777777778,0.17543859649122806,0.22857142857142856,0.0,0.0,0.0,0.0,0.5333333333333333,0.6666666666666666,0.2222222222222222,0.25,0.4722222222222222,0.2222222222222222,0.0,0.3011777777777778,0.3536166666666667,0.06666666666666667,0.2,0.27420000000000005,0.3228666666666666,0.26,0.26,0.07936507936507936,0.24489795918367346,0.32653061224489793,0.19298245614035087,0.6590909090909091,0.19487179487179487,0.39705882352941174,0.16666666666666666,0.3931034482758621,0.31724137931034485,0.027586206896551724,6.344262295081967,0.8852459016393442,10.327868852459016,0.28688524590163933,0.6000352447902398,0.16639261718125556,0.6000352447902398,0.6666666666666666,,0.5,,,,,False,,1.5,,,,,False,
657136,Connor Wong,BOS,LAA,1,9.0,1.0,672282.0,Reid Detmers,L,824714,6:45 PM ET,Fenway Park,1,0,0.20962199312714777,2026-09-08,824714,0.0,1,102.5,97.9,86.2,R,4,4,1,0,0,0,0,0,0,1,1,3,0,1,0,1,1,0.301,0.321,1,0,1,0,1,0,0.18867924528301888,0.23214285714285715,0.7358490566037735,0.24561403508771928,0.21621621621621623,0.1509433962264151,0.03508771929824561,0.03508771929824561,0.07547169811320754,1.2,0.9333333333333333,0.3076923076923077,0.10256410256410256,0.5384615384615384,0.2564102564102564,0.02564102564102564,0.32455000000000006,0.49141666666666667,0.1111111111111111,0.25,0.22156666666666663,0.30123333333333335,0.15384615384615385,0.3076923076923077,0.22807017543859648,0.34146341463414637,0.5121951219512195,0.2127659574468085,0.6590909090909091,0.19487179487179487,0.39705882352941174,0.16666666666666666,0.3931034482758621,0.31724137931034485,0.027586206896551724,6.344262295081967,0.8852459016393442,10.327868852459016,0.28688524590163933,0.4351496043762157,0.11361503148053835,0.4351496043762157,0.9333333333333333,,0.5,,,,,False,,1.5,,,,,False,
642201,Eli White,BOS,LAA,1,8.0,1.0,672282.0,Reid Detmers,L,824714,6:45 PM ET,Fenway Park,1,0,0.20962199312714777,2026-09-08,824714,0.0,1,102.5,97.9,86.2,R,4,4,2,0,0,0,0,0,0,1,2,3,0,0,1,2,0,0.27266666666666667,0.30866666666666664,1,1,1,1,1,0,0.28205128205128205,0.3,0.7948717948717948,0.2,0.3333333333333333,0.15384615384615385,0.025,0.075,0.10256410256410256,1.1333333333333333,0.5333333333333333,0.25806451612903225,0.3225806451612903,0.3548387096774194,0.1935483870967742,0.0,0.35765384615384616,0.5843141025641025,0.35294117647058826,0.11764705882352941,0.47955,0.8644166666666667,0.35,0.5,0.125,0.25806451612903225,0.5161290322580645,0.29411764705882354,0.6590909090909091,0.19487179487179487,0.39705882352941174,0.16666666666666666,0.3931034482758621,0.31724137931034485,0.027586206896551724,6.344262295081967,0.8852459016393442,10.327868852459016,0.28688524590163933,0.5059954195136841,0.17273431993059193,0.5059954195136841,0.5333333333333333,,0.5,,,,,False,,1.5,,,,,False,
663330,Jahmai Jones,BOS,LAA,1,2.0,1.0,672282.0,Reid Detmers,L,824714,6:45 PM ET,Fenway Park,1,0,0.20962199312714777,2026-09-08,824714,0.0,1,102.5,97.9,86.2,R,1,1,0,0,0,0,0,0,0,1,0,0,0,0,0,0,0,0.76,0.922,0,0,0,0,1,0,0.5238095238095238,0.6296296296296297,0.8095238095238095,0.14814814814814814,0.625,0.3333333333333333,0.037037037037037035,0.07407407407407407,0.19047619047619047,1.2,0.26666666666666666,0.5294117647058824,0.47058823529411764,0.23529411764705882,0.11764705882352941,0.058823529411764705,0.46136363636363636,0.9219999999999999,0.375,0.18181818181818182,0.44939999999999997,1.1144,0.14285714285714285,0.14285714285714285,0.4827586206896552,0.5217391304347826,1.0434782608695652,0.20689655172413793,0.6590909090909091,0.19487179487179487,0.39705882352941174,0.16666666666666666,0.3931034482758621,0.31724137931034485,0.027586206896551724,6.344262295081967,0.8852459016393442,10.327868852459016,0.28688524590163933,0.5311692963546185,0.14508639838789347,0.5311692963546185,0.26666666666666666,,0.5,,,,,False,,1.5,,,,,False,
686765,Nick Sogard,BOS,LAA,1,5.0,1.0,672282.0,Reid Detmers,L,824714,6:45 PM ET,Fenway Park,0,0,0.20962199312714777,2026-09-08,824714,0.0,1,102.5,97.9,86.2,L,4,4,0,0,0,0,0,0,0,3,0,1,0,0,0,0,0,0.02,0.031,0,0,0,0,1,1,0.24390243902439024,0.29545454545454547,0.8048780487804879,0.17391304347826086,0.25806451612903225,0.1951219512195122,0.043478260869565216,0.043478260869565216,0.0975609756097561,1.2,0.5333333333333333,0.35294117647058826,0.35294117647058826,0.20588235294117646,0.2647058823529412,0.0,0.35106410256410253,0.5480512820512821,0.2727272727272727,0.0,0.274,0.49739583333333337,0.24561403508771928,0.43859649122807015,0.208955223880597,0.3673469387755102,0.5306122448979592,0.23214285714285715,0.6590909090909091,0.19487179487179487,0.39705882352941174,0.16666666666666666,0.3931034482758621,0.31724137931034485,0.027586206896551724,6.344262295081967,0.8852459016393442,10.327868852459016,0.28688524590163933,0.56070368767546,0.19386501718438065,0.56070368767546,0.5333333333333333,,0.5,,,,,False,,1.5,,,,,False,
701350,Roman Anthony,BOS,LAA,1,1.0,1.0,672282.0,Reid Detmers,L,824714,6:45 PM ET,Fenway Park,0,0,0.20962199312714777,2026-09-08,824714,0.0,1,102.5,97.9,86.2,L,5,4,1,0,0,0,1,0,0,1,1,3,0,2,1,0,2,0.49533333333333335,0.7506666666666666,1,0,1,0,1,0,0.2786885245901639,0.35294117647058826,0.7213114754098361,0.25,0.35714285714285715,0.19672131147540983,0.029411764705882353,0.058823529411764705,0.11475409836065574,1.9333333333333333,1.1333333333333333,0.5227272727272727,0.29545454545454547,0.45454545454545453,0.22727272727272727,0.06818181818181818,0.3707066666666667,0.6491733333333334,0.18181818181818182,0.4,0.37161666666666665,0.8765499999999999,0.26229508196721313,0.45901639344262296,0.2571428571428571,0.3269230769230769,0.4230769230769231,0.3387096774193548,0.6590909090909091,0.19487179487179487,0.39705882352941174,0.16666666666666666,0.3931034482758621,0.31724137931034485,0.027586206896551724,6.344262295081967,0.8852459016393442,10.327868852459016,0.28688524590163933,0.761058246402813,0.32922764869757865,0.761058246402813,1.1333333333333333,,0.5,,,,,False,,1.5,,,,,False,
596115,Trevor Story,BOS,LAA,1,4.0,1.0,672282.0,Reid Detmers,L,824714,6:45 PM ET,Fenway Park,1,0,0.20962199312714777,2026-09-08,824714,0.0,1,102.5,97.9,86.2,R,4,4,0,0,0,0,0,0,0,0,0,4,0,0,0,2,0,0.06625,0.07300000000000001,0,0,0,0,0,0,0.3050847457627119,0.32786885245901637,0.6440677966101694,0.3442622950819672,0.4594594594594595,0.13559322033898305,0.01639344262295082,0.08196721311475409,0.1016949152542373,1.7333333333333334,1.4,0.3684210526315789,0.15789473684210525,0.47368421052631576,0.18421052631578946,0.05263157894736842,0.29638888888888887,0.4764388888888889,0.38095238095238093,0.2857142857142857,0.4137666666666666,0.5816999999999999,0.3333333333333333,0.4666666666666667,0.36065573770491804,0.25862068965517243,0.3275862068965517,0.30158730158730157,0.6590909090909091,0.19487179487179487,0.39705882352941174,0.16666666666666666,0.3931034482758621,0.31724137931034485,0.027586206896551724,6.344262295081967,0.8852459016393442,10.327868852459016,0.28688524590163933,0.742153046502998,0.34610640004917376,0.742153046502998,1.4,,0.5,,,,,False,,1.5,,,,,False,
677800,Wilyer Abreu,BOS,LAA,1,3.0,1.0,672282.0,Reid Detmers,L,824714,6:45 PM ET,Fenway Park,0,0,0.20962199312714777,2026-09-08,824714,0.0,1,102.5,97.9,86.2,L,4,3,0,0,0,0,1,0,0,1,0,2,0,0,1,1,0,0.1555,0.17550000000000002,0,0,0,0,1,0,0.21666666666666667,0.2878787878787879,0.6833333333333333,0.2835820895522388,0.3,0.16666666666666666,0.014925373134328358,0.1044776119402985,0.13333333333333333,1.5333333333333334,1.2666666666666666,0.36585365853658536,0.21951219512195122,0.34146341463414637,0.36585365853658536,0.024390243902439025,0.24255000000000002,0.4323444444444444,0.3,0.22727272727272727,0.18695000000000003,0.3411500000000001,0.25,0.38333333333333336,0.2463768115942029,0.2,0.41818181818181815,0.19696969696969696,0.6590909090909091,0.19487179487179487,0.39705882352941174,0.16666666666666666,0.3931034482758621,0.31724137931034485,0.027586206896551724,6.344262295081967,0.8852459016393442,10.327868852459016,0.28688524590163933,0.7115807389637662,0.33272216977326263,0.7115807389637662,1.2666666666666666,,0.5,,,,,False,,1.5,,,,,False,
695681,Christian Moore,LAA,BOS,0,6.0,1.0,663776.0,Patrick Sandoval,L,824714,6:45 PM ET,Fenway Park,1,0,0.2629695885509839,2026-09-08,824714,0.0,1,102.5,97.9,86.2,R,4,4,1,0,0,0,0,0,0,2,1,2,0,2,0,1,1,0.3075,0.39749999999999996,1,0,1,0,1,1,0.1509433962264151,0.22413793103448276,0.7358490566037735,0.2413793103448276,0.18421052631578946,0.1320754716981132,0.017241379310344827,0.034482758620689655,0.07547169811320754,1.0,0.9333333333333333,0.28205128205128205,0.23076923076923078,0.41025641025641024,0.2564102564102564,0.05128205128205128,0.28173809523809523,0.4262142857142857,0.10526315789473684,0.21052631578947367,0.24758333333333332,0.3327333333333333,0.2,0.34545454545454546,0.26666666666666666,0.20833333333333334,0.3125,0.38181818181818183,0.6589861751152074,0.2802197802197802,0.4574468085106383,0.15425531914893617,0.38461538461538464,0.23076923076923078,0.013986013986013986,8.715189873417723,1.0253164556962027,9.056962025316455,0.2345132743362832,0.6817262017510256,0.2674416732020614,0.6817262017510256,0.9333333333333333,,0.5,,,,,False,,1.5,,,,,False,
694203,Denzer Guzman,LAA,BOS,0,8.0,1.0,663776.0,Patrick Sandoval,L,824714,6:45 PM ET,Fenway Park,1,0,0.2629695885509839,2026-09-08,824714,0.0,1,102.5,97.9,86.2,R,1,1,0,0,0,0,0,0,0,0,0,1,0,0,0,0,1,0.34,0.34,0,0,0,0,0,0,0.14893617021276595,0.1836734693877551,0.6382978723404256,0.34,0.20689655172413793,0.1276595744680851,0.02,0.06,0.0851063829787234,0.8666666666666667,1.1333333333333333,0.3548387096774194,0.25806451612903225,0.45161290322580644,0.0967741935483871,0.0,0.34505357142857146,0.4825178571428571,0.13333333333333333,0.3125,0.3277,0.4022,0.21568627450980393,0.3333333333333333,0.3090909090909091,0.13636363636363635,0.22727272727272727,0.1702127659574468,0.6589861751152074,0.2802197802197802,0.4574468085106383,0.15425531914893617,0.38461538461538464,0.23076923076923078,0.013986013986013986,8.715189873417723,1.0253164556962027,9.056962025316455,0.2345132743362832,0.6563053558973735,0.21955793047292074,0.6563053558973735,1.1333333333333333,,0.5,,,,,False,,1.5,,,,,False,
642350,Jose Siri,LAA,BOS,0,3.0,1.0,663776.0,Patrick Sandoval,L,824714,6:45 PM ET,Fenway Park,1,0,0.2629695885509839,2026-09-08,824714,0.0,1,102.5,97.9,86.2,R,1,1,0,0,0,0,0,0,0,1,0,0,0,0,0,0,0,0.629,1.097,0,0,0,0,1,0,0.07142857142857142,0.15217391304347827,0.5952380952380952,0.3617021276595745,0.12,0.0,0.0,0.0,0.0,0.2,1.1333333333333333,0.4230769230769231,0.23076923076923078,0.38461538461538464,0.34615384615384615,0.0,0.33748809523809525,0.7518333333333332,0.0,0.375,0.3702333333333333,0.5314333333333334,0.2777777777777778,0.4444444444444444,0.3076923076923077,0.07317073170731707,0.14634146341463414,0.4222222222222222,0.6589861751152074,0.2802197802197802,0.4574468085106383,0.15425531914893617,0.38461538461538464,0.23076923076923078,0.013986013986013986,8.715189873417723,1.0253164556962027,9.056962025316455,0.2345132743362832,0.6889189560810228,0.2941646004796397,0.6889189560810228,1.1333333333333333,,0.5,,,,,False,,1.5,,,,,False,
677347,Kyren Paris,LAA,BOS,0,7.0,1.0,663776.0,Patrick Sandoval,L,824714,6:45 PM ET,Fenway Park,1,0,0.2629695885509839,2026-09-08,824714,0.0,1,102.5,97.9,86.2,R,3,3,0,0,0,0,0,0,0,3,0,0,0,0,0,0,0,0.2545,0.966,0,0,0,0,1,1,0.13636363636363635,0.22448979591836735,0.45454545454545453,0.4897959183673469,0.2631578947368421,0.09090909090909091,0.02040816326530612,0.02040816326530612,0.045454545454545456,0.6666666666666666,1.6,0.35,0.15,0.25,0.5,0.05,0.2543666666666667,0.4632833333333333,0.16666666666666666,0.4666666666666667,0.3376666666666666,0.6616666666666667,0.14893617021276595,0.23404255319148937,0.49019607843137253,0.08571428571428572,0.14285714285714285,0.40540540540540543,0.6589861751152074,0.2802197802197802,0.4574468085106383,0.15425531914893617,0.38461538461538464,0.23076923076923078,0.013986013986013986,8.715189873417723,1.0253164556962027,9.056962025316455,0.2345132743362832,0.7442476535775038,0.40642125069367374,0.7442476535775038,1.6,,0.5,,,,,False,,1.5,,,,,False,
545361,Mike Trout,LAA,BOS,0,2.0,1.0,663776.0,Patrick Sandoval,L,824714,6:45 PM ET,Fenway Park,1,0,0.2629695885509839,2026-09-08,824714,0.0,1,102.5,97.9,86.2,R,4,4,1,0,0,0,0,0,0,3,1,1,0,0,0,0,1,0.914,1.07,1,0,1,0,1,1,0.27586206896551724,0.3384615384615385,0.7068965517241379,0.25757575757575757,0.38095238095238093,0.08620689655172414,0.0,0.07575757575757576,0.08620689655172414,1.4,1.1333333333333333,0.40476190476190477,0.35714285714285715,0.3333333333333333,0.21428571428571427,0.047619047619047616,0.34266666666666673,0.5923722222222222,0.3,0.3333333333333333,0.41583333333333333,0.56075,0.29508196721311475,0.3770491803278688,0.25,0.3,0.4,0.2459016393442623,0.6589861751152074,0.2802197802197802,0.4574468085106383,0.15425531914893617,0.38461538461538464,0.23076923076923078,0.013986013986013986,8.715189873417723,1.0253164556962027,9.056962025316455,0.2345132743362832,0.691458139952753,0.29692133975441953,0.691458139952753,1.1333333333333333,,0.5,,,,,False,,1.5,,,,,False,
694208,Moisés Ballesteros,LAA,BOS,0,5.0,1.0,663776.0,Patrick Sandoval,L,824714,6:45 PM ET,Fenway Park,0,0,0.2629695885509839,2026-09-08,824714,0.0,1,102.5,97.9,86.2,L,4,4,3,1,0,1,0,0,0,0,7,4,0,3,1,1,1,0.31125,0.984,1,1,1,1,0,0,0.22033898305084745,0.2459016393442623,0.6779661016949152,0.3064516129032258,0.3076923076923077,0.1016949152542373,0.016129032258064516,0.04838709677419355,0.06779661016949153,1.2666666666666666,1.2666666666666666,0.475,0.2,0.575,0.225,0.025,0.2772388888888889,0.4356111111111111,0.23529411764705882,0.2222222222222222,0.2912,0.5175833333333333,0.17543859649122806,0.2631578947368421,0.3064516129032258,0.21875,0.3125,0.20588235294117646,0.6589861751152074,0.2802197802197802,0.4574468085106383,0.15425531914893617,0.38461538461538464,0.23076923076923078,0.013986013986013986,8.715189873417723,1.0253164556962027,9.056962025316455,0.2345132743362832,0.7115807389637662,0.324011636662133,0.7115807389637662,1.2666666666666666,,0.5,,,,,False,,1.5,,,,,False,
518595,Travis d'Arnaud,LAA,BOS,0,9.0,1.0,663776.0,Patrick Sandoval,L,824714,6:45 PM ET,Fenway Park,1,0,0.2629695885509839,2026-09-08,824714,0.0,1,102.5,97.9,86.2,R,1,1,0,0,0,0,0,0,0,1,0,0,0,0,0,0,0,0.065,0.065,0,0,0,0,1,0,0.2,0.2727272727272727,0.5666666666666667,0.3939393939393939,0.3125,0.1,0.030303030303030304,0.0,0.03333333333333333,0.6,0.8666666666666667,0.35294117647058826,0.11764705882352941,0.5882352941176471,0.29411764705882354,0.0,0.21695833333333334,0.42425,0.1,0.5,0.16575,0.17837499999999945,0.16216216216216217,0.21621621621621623,0.34146341463414637,0.1935483870967742,0.2903225806451613,0.3055555555555556,0.6589861751152074,0.2802197802197802,0.4574468085106383,0.15425531914893617,0.38461538461538464,0.23076923076923078,0.013986013986013986,8.715189873417723,1.0253164556962027,9.056962025316455,0.2345132743362832,0.5418794034228758,0.1365894546178115,0.5418794034228758,0.8666666666666667,,0.5,,,,,False,,1.5,,,,,False,
687093,Vaughn Grissom,LAA,BOS,0,4.0,1.0,663776.0,Patrick Sandoval,L,824714,6:45 PM ET,Fenway Park,1,0,0.2629695885509839,2026-09-08,824714,0.0,1,102.5,97.9,86.2,R,4,3,0,0,0,0,1,0,0,3,0,0,0,0,0,0,0,0.19524999999999998,0.21525,0,0,0,0,1,1,0.22807017543859648,0.30158730158730157,0.8245614035087719,0.15625,0.22727272727272727,0.21052631578947367,0.046875,0.046875,0.10526315789473684,1.6666666666666667,0.6666666666666666,0.3541666666666667,0.2916666666666667,0.4166666666666667,0.2708333333333333,0.020833333333333332,0.28534777777777776,0.4955411111111111,0.2,0.23809523809523808,0.3478166666666666,0.5226500000000001,0.22580645161290322,0.3387096774193548,0.22727272727272727,0.2222222222222222,0.37037037037037035,0.21666666666666667,0.6589861751152074,0.2802197802197802,0.4574468085106383,0.15425531914893617,0.38461538461538464,0.23076923076923078,0.013986013986013986,8.715189873417723,1.0253164556962027,9.056962025316455,0.2345132743362832,0.6162466315944292,0.23175450292465075,0.6162466315944292,0.6666666666666666,,0.5,,,,,False,,1.5,,,,,False,
687263,Zach Neto,LAA,BOS,0,1.0,1.0,663776.0,Patrick Sandoval,L,824714,6:45 PM ET,Fenway Park,1,0,0.2629695885509839,2026-09-08,824714,0.0,1,102.5,97.9,86.2,R,5,4,0,0,0,0,0,1,0,1,0,3,0,0,1,2,0,0.208,0.26166666666666666,0,0,0,0,1,0,0.3492063492063492,0.39705882352941174,0.6984126984126984,0.27941176470588236,0.4634146341463415,0.23809523809523808,0.04411764705882353,0.058823529411764705,0.12698412698412698,2.466666666666667,1.2666666666666666,0.5,0.38636363636363635,0.25,0.29545454545454547,0.022727272727272728,0.38413888888888886,0.6553522222222222,0.3,0.42857142857142855,0.38926666666666665,0.4887,0.3220338983050847,0.4745762711864407,0.30303030303030304,0.19672131147540983,0.2786885245901639,0.25396825396825395,0.6589861751152074,0.2802197802197802,0.4574468085106383,0.15425531914893617,0.38461538461538464,0.23076923076923078,0.013986013986013986,8.715189873417723,1.0253164556962027,9.056962025316455,0.2345132743362832,0.7239527826579021,0.32403337998056686,0.7239527826579021,1.2666666666666666,,0.5,,,,,False,,1.5,,,,,False,
592450,Aaron Judge,NYY,COL,1,3.0,1.0,687312.0,Gabriel Hughes,R,823500,7:05 PM ET,Yankee Stadium,1,1,0.24956063268892795,2026-09-08,823500,0.0,0,94.4,100.1,100.3,R,4,4,1,0,0,0,0,0,0,2,1,2,0,0,2,0,0,0.009000000000000001,0.009000000000000001,1,0,1,0,1,1,0.17543859649122806,0.2727272727272727,0.7192982456140351,0.23880597014925373,0.21951219512195122,0.10526315789473684,0.014925373134328358,0.04477611940298507,0.07017543859649122,1.0666666666666667,1.0666666666666667,0.6190476190476191,0.19047619047619047,0.42857142857142855,0.30952380952380953,0.0,0.3642692307692308,0.6615064102564102,0.2222222222222222,0.13043478260869565,0.36868333333333336,0.6300166666666669,0.19298245614035087,0.3684210526315789,0.3230769230769231,0.2830188679245283,0.6037735849056604,0.27941176470588236,0.7203791469194313,0.25,0.42702702702702705,0.15675675675675677,0.40131578947368424,0.27631578947368424,0.019736842105263157,,,,,0.6701348419816675,0.29783220143970146,0.6701348419816675,1.0666666666666667,,0.5,,,,,False,,1.5,,,,,False,
669224,Austin Wells,NYY,COL,1,9.0,1.0,687312.0,Gabriel Hughes,R,823500,7:05 PM ET,Yankee Stadium,0,1,0.24956063268892795,2026-09-08,823500,0.0,0,94.4,100.1,100.3,L,4,2,0,0,0,0,2,0,0,1,0,1,0,0,0,1,0,0.17,0.201,0,0,0,0,1,0,0.25,0.32608695652173914,0.575,0.3695652173913043,0.36363636363636365,0.175,0.043478260869565216,0.021739130434782608,0.075,1.1333333333333333,1.1333333333333333,0.5,0.2916666666666667,0.20833333333333334,0.375,0.0,0.3805902777777778,0.5894236111111112,0.21428571428571427,0.26666666666666666,0.28966666666666663,0.4504666666666666,0.25,0.425,0.30434782608695654,0.13725490196078433,0.23529411764705882,0.37735849056603776,0.7203791469194313,0.25,0.42702702702702705,0.15675675675675677,0.40131578947368424,0.27631578947368424,0.019736842105263157,,,,,0.42985848634330415,0.09470339798220447,0.42985848634330415,1.1333333333333333,,0.5,,,,,False,,1.5,,,,,False,
700250,Ben Rice,NYY,COL,1,1.0,1.0,687312.0,Gabriel Hughes,R,823500,7:05 PM ET,Yankee Stadium,0,1,0.24956063268892795,2026-09-08,823500,0.0,0,94.4,100.1,100.3,L,5,4,0,0,0,0,1,0,0,2,0,2,0,1,1,0,0,0.02,0.0295,0,0,0,0,1,1,0.3448275862068966,0.4411764705882353,0.7758620689655172,0.19117647058823528,0.4186046511627907,0.13793103448275862,0.029411764705882353,0.029411764705882353,0.06896551724137931,1.8666666666666667,0.8666666666666667,0.4666666666666667,0.28888888888888886,0.3333333333333333,0.35555555555555557,0.022222222222222223,0.40076555555555554,0.7088555555555556,0.42857142857142855,0.13043478260869565,0.4154466666666667,0.6833666666666668,0.2711864406779661,0.5084745762711864,0.19117647058823528,0.22950819672131148,0.4098360655737705,0.3384615384615385,0.7203791469194313,0.25,0.42702702702702705,0.15675675675675677,0.40131578947368424,0.27631578947368424,0.019736842105263157,,,,,0.6285252752263385,0.18403113252506395,0.6285252752263385,0.8666666666666667,,0.5,,,,,False,,1.5,,,,,False,
641355,Cody Bellinger,NYY,COL,1,2.0,1.0,687312.0,Gabriel Hughes,R,823500,7:05 PM ET,Yankee Stadium,0,1,0.24956063268892795,2026-09-08,823500,0.0,0,94.4,100.1,100.3,L,4,4,1,0,0,0,0,0,0,0,1,4,0,2,1,3,0,0.23950000000000002,0.27975,1,0,1,0,0,0,0.3114754098360656,0.328125,0.8360655737704918,0.15625,0.35294117647058826,0.08196721311475409,0.015625,0.03125,0.04918032786885246,1.6,0.6666666666666666,0.3076923076923077,0.3076923076923077,0.36538461538461536,0.19230769230769232,0.019230769230769232,0.30175,0.4054433333333333,0.391304347826087,0.21739130434782608,0.32565,0.38158000000000014,0.27586206896551724,0.3275862068965517,0.2903225806451613,0.32142857142857145,0.4107142857142857,0.14754098360655737,0.7203791469194313,0.25,0.42702702702702705,0.15675675675675677,0.40131578947368424,0.27631578947368424,0.019736842105263157,,,,,0.5461981368421461,0.21162594739100316,0.5461981368421461,0.6666666666666666,,0.5,,,,,False,,1.5,,,,,False,
806146,George Lombard Jr.,NYY,COL,1,7.0,1.0,687312.0,Gabriel Hughes,R,823500,7:05 PM ET,Yankee Stadium,1,1,0.24956063268892795,2026-09-08,823500,0.0,0,94.4,100.1,100.3,R,4,4,1,1,0,0,0,0,0,2,2,2,0,1,0,1,1,0.5205,0.614,1,0,1,1,1,1,0.21568627450980393,0.2631578947368421,0.6470588235294118,0.3157894736842105,0.3142857142857143,0.058823529411764705,0.0,0.017543859649122806,0.0392156862745098,0.9333333333333333,1.2,0.37142857142857144,0.17142857142857143,0.5714285714285714,0.2571428571428571,0.02857142857142857,0.30501111111111107,0.4506277777777778,0.07692307692307693,0.3125,0.2586,0.3618,0.21568627450980393,0.23529411764705882,0.2807017543859649,0.2727272727272727,0.7272727272727273,0.35714285714285715,0.7203791469194313,0.25,0.42702702702702705,0.15675675675675677,0.40131578947368424,0.27631578947368424,0.019736842105263157,,,,,0.6687053852573234,0.268937383899416,0.6687053852573234,1.2,,0.5,,,,,False,,1.5,,,,,False,
665862,Jazz Chisholm Jr.,NYY,COL,1,6.0,1.0,687312.0,Gabriel Hughes,R,823500,7:05 PM ET,Yankee Stadium,0,1,0.24956063268892795,2026-09-08,823500,0.0,0,94.4,100.1,100.3,L,3,3,1,0,0,0,0,0,0,0,1,3,0,2,0,0,3,0.3686666666666667,0.5013333333333333,1,0,1,0,0,0,0.3541666666666667,0.4482758620689655,0.7708333333333334,0.1864406779661017,0.4166666666666667,0.20833333333333334,0.03389830508474576,0.03389830508474576,0.10416666666666667,1.8,0.7333333333333333,0.47368421052631576,0.2894736842105263,0.3684210526315789,0.3157894736842105,0.0,0.3537055555555556,0.4862055555555555,0.35294117647058826,0.23809523809523808,0.30770000000000003,0.37113333333333315,0.3541666666666667,0.5625,0.18181818181818182,0.2037037037037037,0.2962962962962963,0.3728813559322034,0.7203791469194313,0.25,0.42702702702702705,0.15675675675675677,0.40131578947368424,0.27631578947368424,0.019736842105263157,,,,,0.576690905798041,0.18040493556051618,0.576690905798041,0.7333333333333333,,0.5,,,,,False,,1.5,,,,,False,
671277,Luis García Jr.,NYY,COL,1,4.0,1.0,687312.0,Gabriel Hughes,R,823500,7:05 PM ET,Yankee Stadium,0,1,0.24956063268892795,2026-09-08,823500,0.0,0,94.4,100.1,100.3,L,3,3,1,0,0,0,0,0,0,1,1,2,1,1,2,0,0,0.3215,1.0975000000000001,1,0,1,0,1,0,0.36,0.4074074074074074,0.78,0.2037037037037037,0.4,0.28,0.07407407407407407,0.037037037037037035,0.12,2.1333333333333333,0.7333333333333333,0.5128205128205128,0.23076923076923078,0.5128205128205128,0.1794871794871795,0.0,0.36156153846153843,0.7165653846153845,0.1875,0.3125,0.2100749999999999,0.269175,0.29411764705882354,0.5686274509803921,0.24074074074074073,0.21818181818181817,0.2727272727272727,0.21052631578947367,0.7203791469194313,0.25,0.42702702702702705,0.15675675675675677,0.40131578947368424,0.27631578947368424,0.019736842105263157,,,,,0.5656505569341124,0.17010016431612787,0.5656505569341124,0.7333333333333333,,0.5,,,,,False,,1.5,,,,,False,
641857,Ryan McMahon,NYY,COL,1,8.0,1.0,687312.0,Gabriel Hughes,R,823500,7:05 PM ET,Yankee Stadium,0,1,0.24956063268892795,2026-09-08,823500,0.0,0,94.4,100.1,100.3,L,4,4,0,0,0,0,0,0,0,2,0,2,0,1,0,2,0,0.27999999999999997,0.3105,0,0,0,0,1,1,0.24324324324324326,0.3695652173913043,0.6756756756756757,0.2553191489361702,0.34615384615384615,0.05405405405405406,0.0,0.0425531914893617,0.05405405405405406,0.7333333333333333,0.8,0.3076923076923077,0.2692307692307692,0.38461538461538464,0.34615384615384615,0.0,0.31725000000000003,0.42543749999999997,0.2727272727272727,0.13333333333333333,0.37687499999999996,0.46650000000000025,0.2564102564102564,0.3076923076923077,0.22448979591836735,0.21621621621621623,0.43243243243243246,0.2558139534883721,0.7203791469194313,0.25,0.42702702702702705,0.15675675675675677,0.40131578947368424,0.27631578947368424,0.019736842105263157,,,,,0.5763812230574289,0.17273431993059193,0.5763812230574289,0.8,,0.5,,,,,False,,1.5,,,,,False,
682987,Spencer Jones,NYY,COL,1,5.0,1.0,687312.0,Gabriel Hughes,R,823500,7:05 PM ET,Yankee Stadium,0,1,0.24956063268892795,2026-09-08,823500,0.0,0,94.4,100.1,100.3,L,4,3,1,1,0,0,1,0,0,1,2,2,0,0,1,1,0,0.1505,0.1825,1,0,1,1,1,0,0.30434782608695654,0.35294117647058826,0.6086956521739131,0.34615384615384615,0.4230769230769231,0.2608695652173913,0.057692307692307696,0.057692307692307696,0.13043478260869565,1.7333333333333334,1.2,0.4827586206896552,0.4482758620689655,0.2413793103448276,0.27586206896551724,0.0,0.5321282051282051,0.9369935897435897,0.3333333333333333,0.42857142857142855,0.6131250000000001,1.2360833333333332,0.34,0.64,0.32142857142857145,0.3333333333333333,0.6666666666666666,0.2692307692307692,0.7203791469194313,0.25,0.42702702702702705,0.15675675675675677,0.40131578947368424,0.27631578947368424,0.019736842105263157,,,,,0.6658916738232649,0.22396547578738876,0.6658916738232649,1.2,,0.5,,,,,False,,1.5,,,,,False,
663586,Austin Riley,ATL,TB,1,7.0,1.0,642547.0,Freddy Peralta,R,824875,7:15 PM ET,Truist Park,1,1,0.22841726618705036,2026-09-08,824875,0.0,0,100.6,98.4,97.1,R,3,2,0,0,0,0,0,1,0,2,0,0,0,0,0,0,0,0.48075,1.174,0,0,0,0,1,1,0.25,0.2982456140350877,0.6730769230769231,0.2982456140350877,0.34285714285714286,0.1346153846153846,0.017543859649122806,0.03508771929824561,0.07692307692307693,1.3333333333333333,1.1333333333333333,0.3611111111111111,0.3055555555555556,0.2222222222222222,0.3611111111111111,0.027777777777777776,0.37604166666666666,0.6820833333333335,0.2631578947368421,0.2631578947368421,0.38885000000000003,0.9589166666666668,0.19230769230769232,0.28846153846153844,0.3508771929824561,0.28846153846153844,0.5,0.3448275862068966,0.6968325791855203,0.24064171122994651,0.5025380710659898,0.2233502538071066,0.33766233766233766,0.35064935064935066,0.032467532467532464,11.013157894736842,1.5986842105263157,8.526315789473685,0.20425531914893616,0.716952052902435,0.2724803773504637,0.716952052902435,1.1333333333333333,,0.5,,,,,False,,1.5,,,,,False,
686948,Drake Baldwin,ATL,TB,1,4.0,1.0,642547.0,Freddy Peralta,R,824875,7:15 PM ET,Truist Park,0,1,0.22841726618705036,2026-09-08,824875,0.0,0,100.6,98.4,97.1,L,4,4,0,0,0,0,0,0,0,2,0,2,0,0,0,2,0,0.119,0.1345,0,0,0,0,1,1,0.3225806451612903,0.36363636363636365,0.6774193548387096,0.30303030303030304,0.4634146341463415,0.14516129032258066,0.015151515151515152,0.09090909090909091,0.11290322580645161,1.9333333333333333,1.3333333333333333,0.42857142857142855,0.2857142857142857,0.38095238095238093,0.3333333333333333,0.047619047619047616,0.36082777777777775,0.6110111111111112,0.2727272727272727,0.2608695652173913,0.38008333333333333,0.57135,0.3225806451612903,0.5,0.2727272727272727,0.25396825396825395,0.3492063492063492,0.18181818181818182,0.6968325791855203,0.24064171122994651,0.5025380710659898,0.2233502538071066,0.33766233766233766,0.35064935064935066,0.032467532467532464,11.013157894736842,1.5986842105263157,8.526315789473685,0.20425531914893616,0.6316315573830619,0.2251413347145054,0.6316315573830619,1.3333333333333333,,0.5,,,,,False,,1.5,,,,,False,
621566,Matt Olson,ATL,TB,1,3.0,1.0,642547.0,Freddy Peralta,R,824875,7:15 PM ET,Truist Park,0,1,0.22841726618705036,2026-09-08,824875,0.0,0,100.6,98.4,97.1,L,3,3,1,0,0,0,0,0,0,1,1,2,0,1,0,2,0,0.30300000000000005,0.36400000000000005,1,0,1,0,1,0,0.15,0.203125,0.6833333333333333,0.296875,0.2,0.08333333333333333,0.015625,0.03125,0.05,0.9333333333333333,1.2666666666666666,0.5609756097560976,0.21951219512195122,0.36585365853658536,0.4146341463414634,0.0,0.30635,0.5650666666666667,0.05,0.42857142857142855,0.19400000000000012,0.30626666666666646,0.19298245614035087,0.3508771929824561,0.2698412698412698,0.18032786885245902,0.4098360655737705,0.4126984126984127,0.6968325791855203,0.24064171122994651,0.5025380710659898,0.2233502538071066,0.33766233766233766,0.35064935064935066,0.032467532467532464,11.013157894736842,1.5986842105263157,8.526315789473685,0.20425531914893616,0.7175757535261358,0.29693528438399647,0.7175757535261358,1.2666666666666666,,0.5,,,,,False,,1.5,,,,,False,
643289,Mauricio Dubón,ATL,TB,1,5.0,1.0,642547.0,Freddy Peralta,R,824875,7:15 PM ET,Truist Park,1,1,0.22841726618705036,2026-09-08,824875,0.0,0,100.6,98.4,97.1,R,3,3,0,0,0,0,0,0,0,0,0,3,0,1,2,1,0,0.2986666666666667,0.338,0,0,0,0,0,0,0.3275862068965517,0.35,0.9310344827586207,0.06666666666666667,0.33962264150943394,0.08620689655172414,0.016666666666666666,0.03333333333333333,0.05172413793103448,1.6,0.26666666666666666,0.24074074074074073,0.25925925925925924,0.3333333333333333,0.3148148148148148,0.018518518518518517,0.27350444444444444,0.3542355555555556,0.2,0.2,0.22006666666666663,0.3206333333333334,0.24528301886792453,0.2641509433962264,0.10714285714285714,0.2807017543859649,0.45614035087719296,0.08196721311475409,0.6968325791855203,0.24064171122994651,0.5025380710659898,0.2233502538071066,0.33766233766233766,0.35064935064935066,0.032467532467532464,11.013157894736842,1.5986842105263157,8.526315789473685,0.20425531914893616,0.4046046528273262,0.07242320603942935,0.4046046528273262,0.26666666666666666,,0.5,,,,,False,,1.5,,,,,False,
671739,Michael Harris II,ATL,TB,1,1.0,1.0,642547.0,Freddy Peralta,R,824875,7:15 PM ET,Truist Park,0,1,0.22841726618705036,2026-09-08,824875,0.0,0,100.6,98.4,97.1,L,3,3,1,0,0,0,0,0,0,1,1,2,0,1,0,2,0,0.3195,0.3285,1,0,1,0,1,0,0.2909090909090909,0.3157894736842105,0.7636363636363637,0.21666666666666667,0.3157894736842105,0.2909090909090909,0.06666666666666667,0.06666666666666667,0.14545454545454545,2.1333333333333333,0.8666666666666667,0.45454545454545453,0.2727272727272727,0.45454545454545453,0.22727272727272727,0.045454545454545456,0.3627166666666667,0.6257611111111111,0.11764705882352941,0.2222222222222222,0.321,0.5291333333333332,0.3333333333333333,0.6111111111111112,0.2033898305084746,0.26666666666666666,0.55,0.18032786885245902,0.6968325791855203,0.24064171122994651,0.5025380710659898,0.2233502538071066,0.33766233766233766,0.35064935064935066,0.032467532467532464,11.013157894736842,1.5986842105263157,8.526315789473685,0.20425531914893616,0.5763385338937254,0.15752658985854182,0.5763385338937254,0.8666666666666667,,0.5,,,,,False,,1.5,,,,,False,
573262,Mike Yastrzemski,ATL,TB,1,8.0,1.0,642547.0,Freddy Peralta,R,824875,7:15 PM ET,Truist Park,0,1,0.22841726618705036,2026-09-08,824875,0.0,0,100.6,98.4,97.1,L,4,3,1,0,0,0,1,0,0,2,1,1,0,0,1,0,0,0.769,0.804,1,0,1,0,1,1,0.2,0.3,0.6857142857142857,0.275,0.2916666666666667,0.02857142857142857,0.0,0.025,0.02857142857142857,0.5333333333333333,0.7333333333333333,0.4166666666666667,0.20833333333333334,0.5,0.25,0.0,0.4117121212121212,0.5490984848484849,0.14285714285714285,0.2,0.22977777777777766,0.3533611111111112,0.2,0.22857142857142856,0.275,0.21739130434782608,0.32608695652173914,0.23636363636363636,0.6968325791855203,0.24064171122994651,0.5025380710659898,0.2233502538071066,0.33766233766233766,0.35064935064935066,0.032467532467532464,11.013157894736842,1.5986842105263157,8.526315789473685,0.20425531914893616,0.566415003793894,0.13591897648080065,0.566415003793894,0.7333333333333333,,0.5,,,,,False,,1.5,,,,,False,
645277,Ozzie Albies,ATL,TB,1,6.0,1.0,642547.0,Freddy Peralta,R,824875,7:15 PM ET,Truist Park,1,1,0.22841726618705036,2026-09-08,824875,0.0,0,100.6,98.4,97.1,R,4,4,0,0,0,0,0,0,0,1,0,3,0,0,2,1,0,0.121,0.147,0,0,0,0,1,0,0.1951219512195122,0.25,0.8048780487804879,0.18181818181818182,0.21875,0.12195121951219512,0.022727272727272728,0.045454545454545456,0.07317073170731707,0.8666666666666667,0.5333333333333333,0.30303030303030304,0.30303030303030304,0.42424242424242425,0.21212121212121213,0.030303030303030304,0.26668333333333333,0.37451666666666666,0.21428571428571427,0.07142857142857142,0.2448333333333333,0.2903833333333334,0.21818181818181817,0.2909090909090909,0.12903225806451613,0.25,0.4166666666666667,0.171875,0.6968325791855203,0.24064171122994651,0.5025380710659898,0.2233502538071066,0.33766233766233766,0.35064935064935066,0.032467532467532464,11.013157894736842,1.5986842105263157,8.526315789473685,0.20425531914893616,0.4164310137359252,0.08994560818936204,0.4164310137359252,0.5333333333333333,,0.5,,,,,False,,1.5,,,,,False,
660670,Ronald Acuña Jr.,ATL,TB,1,2.0,1.0,642547.0,Freddy Peralta,R,824875,7:15 PM ET,Truist Park,1,1,0.22841726618705036,2026-09-08,824875,0.0,0,100.6,98.4,97.1,R,4,3,0,0,0,0,1,0,0,1,0,2,0,1,1,0,0,0.11850000000000001,0.4455,0,0,0,0,1,0,0.3275862068965517,0.3939393939393939,0.7586206896551724,0.208955223880597,0.38095238095238093,0.20689655172413793,0.04477611940298507,0.04477611940298507,0.10344827586206896,2.066666666666667,0.9333333333333333,0.4444444444444444,0.24444444444444444,0.4888888888888889,0.2222222222222222,0.022222222222222223,0.32589555555555555,0.5961633333333334,0.47619047619047616,0.17391304347826086,0.3907533333333334,0.90009,0.26666666666666666,0.4,0.3181818181818182,0.2807017543859649,0.49122807017543857,0.208955223880597,0.6968325791855203,0.24064171122994651,0.5025380710659898,0.2233502538071066,0.33766233766233766,0.35064935064935066,0.032467532467532464,11.013157894736842,1.5986842105263157,8.526315789473685,0.20425531914893616,0.6861653759122177,0.24027566817474874,0.6861653759122177,0.9333333333333333,,0.5,,,,,False,,1.5,,,,,False,
669221,Sean Murphy,ATL,TB,1,9.0,1.0,642547.0,Freddy Peralta,R,824875,7:15 PM ET,Truist Park,1,1,0.22841726618705036,2026-09-08,824875,0.0,0,100.6,98.4,97.1,R,4,4,0,0,0,0,0,0,0,2,0,2,0,0,0,2,0,0.11399999999999999,0.126,0,0,0,0,1,1,0.28,0.35714285714285715,0.64,0.32142857142857145,0.3793103448275862,0.24,0.05357142857142857,0.05357142857142857,0.12,1.7333333333333334,1.2,0.4375,0.21875,0.5,0.25,0.03125,0.3769222222222222,0.6048000000000001,0.375,0.2857142857142857,0.5327000000000001,0.9368666666666666,0.25,0.4807692307692308,0.39285714285714285,0.13333333333333333,0.15555555555555556,0.3333333333333333,0.6968325791855203,0.24064171122994651,0.5025380710659898,0.2233502538071066,0.33766233766233766,0.35064935064935066,0.032467532467532464,11.013157894736842,1.5986842105263157,8.526315789473685,0.20425531914893616,0.6379063049599959,0.159713153052755,0.6379063049599959,1.2,,0.5,,,,,False,,1.5,,,,,False,
677951,Bobby Witt Jr.,KC,AZ,1,2.0,1.0,669203.0,Corbin Burnes,R,824063,7:40 PM ET,Kauffman Stadium,1,1,0.18466898954703834,2026-09-08,824063,0.0,1,103.7,102.1,85.4,R,5,4,0,0,0,0,0,1,0,1,0,3,1,2,2,1,0,0.3753333333333333,1.0086666666666668,0,0,0,0,1,0,0.25862068965517243,0.34328358208955223,0.8103448275862069,0.16417910447761194,0.2978723404255319,0.1206896551724138,0.014925373134328358,0.05970149253731343,0.08620689655172414,1.4666666666666666,0.7333333333333333,0.5,0.2708333333333333,0.3333333333333333,0.2708333333333333,0.041666666666666664,0.40341,0.655741111111111,0.2777777777777778,0.13636363636363635,0.43741666666666673,0.8468499999999999,0.3103448275862069,0.5,0.18840579710144928,0.1864406779661017,0.3050847457627119,0.15384615384615385,0.6544715447154471,0.18269230769230768,0.3581395348837209,0.14883720930232558,0.4968944099378882,0.19875776397515527,0.031055900621118012,6.787709497206704,1.0558659217877095,8.597765363128492,0.23170731707317074,0.5820232288326278,0.1915833977047696,0.5820232288326278,0.7333333333333333,,0.5,,,,,False,,1.5,,,,,False,
695600,Carter Jensen,KC,AZ,1,1.0,1.0,669203.0,Corbin Burnes,R,824063,7:40 PM ET,Kauffman Stadium,0,1,0.18466898954703834,2026-09-08,824063,0.0,1,103.7,102.1,85.4,L,5,4,1,1,0,0,1,0,0,1,2,3,0,2,0,2,1,0.46366666666666667,0.611,1,0,1,1,1,0,0.3018867924528302,0.4153846153846154,0.7358490566037735,0.2153846153846154,0.29411764705882354,0.4339622641509434,0.09230769230769231,0.046153846153846156,0.18867924528301888,2.6,0.9333333333333333,0.6,0.15,0.35,0.5,0.025,0.4141666666666666,0.9630333333333333,0.42105263157894735,0.14285714285714285,0.5069,1.2336500000000001,0.28846153846153844,0.7307692307692307,0.19047619047619047,0.17857142857142858,0.30357142857142855,0.3125,0.6544715447154471,0.18269230769230768,0.3581395348837209,0.14883720930232558,0.4968944099378882,0.19875776397515527,0.031055900621118012,6.787709497206704,1.0558659217877095,8.597765363128492,0.23170731707317074,0.6778686019944226,0.2768758251685081,0.6778686019944226,0.9333333333333333,,0.5,,,,,False,,1.5,,,,,False,
686555,Isaac Collins,KC,AZ,1,7.0,1.0,669203.0,Corbin Burnes,R,824063,7:40 PM ET,Kauffman Stadium,0,1,0.18466898954703834,2026-09-08,824063,0.0,1,103.7,102.1,85.4,L,1,1,0,0,0,0,0,0,0,1,0,0,0,0,0,0,0,0.186,0.201,0,0,0,0,1,0,0.17647058823529413,0.3,0.7647058823529411,0.2,0.23076923076923078,0.08823529411764706,0.0,0.075,0.08823529411764706,0.6,0.5333333333333333,0.3076923076923077,0.11538461538461539,0.5384615384615384,0.23076923076923078,0.0,0.2076319444444444,0.2494861111111111,0.0,0.09090909090909091,0.18566666666666665,0.2114444444444443,0.16666666666666666,0.23809523809523808,0.18867924528301888,0.18,0.32,0.21818181818181817,0.6544715447154471,0.18269230769230768,0.3581395348837209,0.14883720930232558,0.4968944099378882,0.19875776397515527,0.031055900621118012,6.787709497206704,1.0558659217877095,8.597765363128492,0.23170731707317074,0.4961719683511457,0.12406651799355768,0.4961719683511457,0.5333333333333333,,0.5,,,,,False,,1.5,,,,,False,
664728,Kyle Isbel,KC,AZ,1,9.0,1.0,669203.0,Corbin Burnes,R,824063,7:40 PM ET,Kauffman Stadium,0,1,0.18466898954703834,2026-09-08,824063,0.0,1,103.7,102.1,85.4,L,4,3,0,0,0,0,1,0,0,1,0,2,0,0,0,0,0,0.089,0.0895,0,0,0,0,1,0,0.22,0.25,0.76,0.22641509433962265,0.25,0.16,0.03773584905660377,0.03773584905660377,0.08,1.2666666666666666,0.8,0.28205128205128205,0.1794871794871795,0.48717948717948717,0.3076923076923077,0.0,0.2601130952380952,0.3298690476190476,0.13333333333333333,0.26666666666666666,0.2556666666666667,0.2944583333333331,0.1956521739130435,0.3695652173913043,0.24,0.18,0.28,0.24074074074074073,0.6544715447154471,0.18269230769230768,0.3581395348837209,0.14883720930232558,0.4968944099378882,0.19875776397515527,0.031055900621118012,6.787709497206704,1.0558659217877095,8.597765363128492,0.23170731707317074,0.48509094794822055,0.12803253008171042,0.48509094794822055,0.8,,0.5,,,,,False,,1.5,,,,,False,
683090,Matthew Lugo,KC,AZ,1,8.0,1.0,669203.0,Corbin Burnes,R,824063,7:40 PM ET,Kauffman Stadium,1,1,0.18466898954703834,2026-09-08,824063,0.0,1,103.7,102.1,85.4,R,3,3,1,0,0,0,0,0,0,0,1,3,0,0,0,2,0,0.17899999999999996,0.20166666666666666,1,0,1,0,0,0,0.22580645161290322,0.22580645161290322,0.6451612903225806,0.3548387096774194,0.3157894736842105,0.0967741935483871,0.03225806451612903,0.0,0.03225806451612903,0.6666666666666666,0.7333333333333333,0.15,0.1,0.45,0.3,0.05,0.30111111111111105,0.4165138888888889,0.2857142857142857,0.5714285714285714,0.20699999999999996,0.24933333333333327,0.21621621621621623,0.2972972972972973,0.40540540540540543,0.1111111111111111,0.3333333333333333,0.2222222222222222,0.6544715447154471,0.18269230769230768,0.3581395348837209,0.14883720930232558,0.4968944099378882,0.19875776397515527,0.031055900621118012,6.787709497206704,1.0558659217877095,8.597765363128492,0.23170731707317074,0.5977966949940151,0.16796932125702413,0.5977966949940151,0.7333333333333333,,0.5,,,,,False,,1.5,,,,,False,
686681,Michael Massey,KC,AZ,1,5.0,1.0,669203.0,Corbin Burnes,R,824063,7:40 PM ET,Kauffman Stadium,0,1,0.18466898954703834,2026-09-08,824063,0.0,1,103.7,102.1,85.4,L,5,5,0,0,0,0,0,0,0,1,0,4,0,2,1,1,1,0.11425,0.175,0,0,0,0,1,0,0.3673469387755102,0.41509433962264153,0.8775510204081632,0.11320754716981132,0.3902439024390244,0.1836734693877551,0.03773584905660377,0.05660377358490566,0.10204081632653061,1.8,0.4,0.3953488372093023,0.3488372093023256,0.4186046511627907,0.18604651162790697,0.023255813953488372,0.35108333333333336,0.5437916666666667,0.3125,0.0,0.41325,0.6148,0.3,0.46,0.07407407407407407,0.2,0.32,0.32075471698113206,0.6544715447154471,0.18269230769230768,0.3581395348837209,0.14883720930232558,0.4968944099378882,0.19875776397515527,0.031055900621118012,6.787709497206704,1.0558659217877095,8.597765363128492,0.23170731707317074,0.5556468078699678,0.13833744943961282,0.5556468078699678,0.4,,0.5,,,,,False,,1.5,,,,,False,
679845,Nick Loftin,KC,AZ,1,6.0,1.0,669203.0,Corbin Burnes,R,824063,7:40 PM ET,Kauffman Stadium,1,1,0.18466898954703834,2026-09-08,824063,0.0,1,103.7,102.1,85.4,R,5,5,0,0,0,0,0,0,0,1,0,4,0,1,0,3,0,0.18875,0.219,0,0,0,0,1,0,0.2909090909090909,0.36065573770491804,0.7636363636363637,0.21311475409836064,0.35,0.2,0.03278688524590164,0.04918032786885246,0.10909090909090909,1.8,0.8666666666666667,0.3333333333333333,0.23809523809523808,0.3333333333333333,0.38095238095238093,0.0,0.3096055555555556,0.5114044444444444,0.3125,0.2222222222222222,0.41719999999999996,0.55,0.2549019607843137,0.4117647058823529,0.23333333333333334,0.19607843137254902,0.3137254901960784,0.23728813559322035,0.6544715447154471,0.18269230769230768,0.3581395348837209,0.14883720930232558,0.4968944099378882,0.19875776397515527,0.031055900621118012,6.787709497206704,1.0558659217877095,8.597765363128492,0.23170731707317074,0.6390597194569217,0.249142323607076,0.6390597194569217,0.8666666666666667,,0.5,,,,,False,,1.5,,,,,False,
521692,Salvador Perez,KC,AZ,1,4.0,1.0,669203.0,Corbin Burnes,R,824063,7:40 PM ET,Kauffman Stadium,1,1,0.18466898954703834,2026-09-08,824063,0.0,1,103.7,102.1,85.4,R,5,5,3,1,0,0,0,0,0,1,4,4,0,1,1,1,2,0.44875,0.7557499999999999,1,1,1,1,1,0,0.2833333333333333,0.31746031746031744,0.8166666666666667,0.171875,0.30434782608695654,0.21666666666666667,0.046875,0.0625,0.11666666666666667,2.0,0.7333333333333333,0.42857142857142855,0.2857142857142857,0.3877551020408163,0.2857142857142857,0.04081632653061224,0.3862388888888889,0.6631444444444444,0.3684210526315789,0.09523809523809523,0.438,0.8185166666666663,0.27586206896551724,0.46551724137931033,0.1746031746031746,0.26785714285714285,0.42857142857142855,0.12698412698412698,0.6544715447154471,0.18269230769230768,0.3581395348837209,0.14883720930232558,0.4968944099378882,0.19875776397515527,0.031055900621118012,6.787709497206704,1.0558659217877095,8.597765363128492,0.23170731707317074,0.5214581936234322,0.15974005520840587,0.5214581936234322,0.7333333333333333,,0.5,,,,,False,,1.5,,,,,False,
686469,Vinnie Pasquantino,KC,AZ,1,3.0,1.0,669203.0,Corbin Burnes,R,824063,7:40 PM ET,Kauffman Stadium,0,1,0.18466898954703834,2026-09-08,824063,0.0,1,103.7,102.1,85.4,L,5,4,2,0,0,0,1,0,0,1,2,3,0,1,1,1,1,0.4523333333333334,0.6036666666666667,1,1,1,1,1,0,0.21818181818181817,0.3384615384615385,0.9272727272727272,0.06153846153846154,0.1702127659574468,0.2727272727272727,0.06153846153846154,0.046153846153846156,0.12727272727272726,1.8,0.26666666666666666,0.43137254901960786,0.13725490196078433,0.3137254901960784,0.39215686274509803,0.0196078431372549,0.23512444444444444,0.4760400000000001,0.15,0.045454545454545456,0.26010666666666665,0.5626200000000001,0.2,0.4909090909090909,0.06153846153846154,0.2807017543859649,0.40350877192982454,0.22727272727272727,0.6544715447154471,0.18269230769230768,0.3581395348837209,0.14883720930232558,0.4968944099378882,0.19875776397515527,0.031055900621118012,6.787709497206704,1.0558659217877095,8.597765363128492,0.23170731707317074,0.44170900732870905,0.06938785798751619,0.44170900732870905,0.26666666666666666,,0.5,,,,,False,,1.5,,,,,False,
643217,Andrew Benintendi,CWS,PIT,1,4.0,1.0,696149.0,Bubba Chandler,R,824551,7:40 PM ET,Rate Field,0,1,0.23674911660777384,2026-09-08,824551,0.0,1,95.5,94.6,96.9,L,2,1,0,0,0,0,1,0,0,0,0,1,0,1,1,0,0,0.257,0.821,0,0,0,0,0,0,0.20408163265306123,0.25925925925925924,0.7755102040816326,0.2037037037037037,0.23684210526315788,0.12244897959183673,0.018518518518518517,0.05555555555555555,0.08163265306122448,1.0666666666666667,0.7333333333333333,0.46153846153846156,0.20512820512820512,0.41025641025641024,0.3076923076923077,0.05128205128205128,0.27838095238095234,0.4498988095238095,0.07142857142857142,0.1875,0.2710416666666667,0.432208333333333,0.20408163265306123,0.32653061224489793,0.2037037037037037,0.32142857142857145,0.5892857142857143,0.22033898305084745,0.6894977168949772,0.2356020942408377,0.33678756476683935,0.09326424870466321,0.48344370860927155,0.23178807947019867,0.013245033112582781,8.348684210526315,0.7105263157894737,7.993421052631579,0.19823788546255505,0.5746030151413773,0.19352567306659996,0.5746030151413773,0.7333333333333333,,0.5,,,,,False,,1.5,,,,,False,
695731,Braden Montgomery,CWS,PIT,1,6.0,1.0,696149.0,Bubba Chandler,R,824551,7:40 PM ET,Rate Field,0,1,0.23674911660777384,2026-09-08,824551,0.0,1,95.5,94.6,96.9,L,3,1,0,0,0,0,2,0,0,1,0,0,0,0,0,0,0,0.1685,0.1755,0,0,0,0,1,0,0.14705882352941177,0.21621621621621623,0.9411764705882353,0.05405405405405406,0.12903225806451613,0.11764705882352941,0.02702702702702703,0.02702702702702703,0.058823529411764705,0.6,0.13333333333333333,0.34375,0.25,0.5,0.1875,0.0,0.32919047619047614,0.5444880952380953,0.2,0.18181818181818182,0.36308333333333337,0.930375,0.16363636363636364,0.2909090909090909,0.11475409836065574,0.13725490196078433,0.23529411764705882,0.2786885245901639,0.6894977168949772,0.2356020942408377,0.33678756476683935,0.09326424870466321,0.48344370860927155,0.23178807947019867,0.013245033112582781,8.348684210526315,0.7105263157894737,7.993421052631579,0.19823788546255505,0.41731680944944777,0.06154285375931132,0.41731680944944777,0.13333333333333333,,0.5,,,,,False,,1.5,,,,,False,
805367,Chase Meidroth,CWS,PIT,1,8.0,1.0,696149.0,Bubba Chandler,R,824551,7:40 PM ET,Rate Field,1,1,0.23674911660777384,2026-09-08,824551,0.0,1,95.5,94.6,96.9,R,5,2,0,0,0,0,2,1,0,1,0,1,0,0,0,1,0,0.257,0.257,0,0,0,0,1,0,0.24561403508771928,0.29508196721311475,0.8245614035087719,0.16393442622950818,0.2978723404255319,0.05263157894736842,0.0,0.04918032786885246,0.05263157894736842,1.1333333333333333,0.6666666666666666,0.2978723404255319,0.2765957446808511,0.3829787234042553,0.2978723404255319,0.0,0.31636666666666663,0.43517222222222224,0.2777777777777778,0.2222222222222222,0.3093666666666667,0.40275000000000005,0.24561403508771928,0.2807017543859649,0.18333333333333332,0.21428571428571427,0.4107142857142857,0.23880597014925373,0.6894977168949772,0.2356020942408377,0.33678756476683935,0.09326424870466321,0.48344370860927155,0.23178807947019867,0.013245033112582781,8.348684210526315,0.7105263157894737,7.993421052631579,0.19823788546255505,0.556068624495532,0.14546864275807386,0.556068624495532,0.6666666666666666,,0.5,,,,,False,,1.5,,,,,False,
695657,Colson Montgomery,CWS,PIT,1,5.0,1.0,696149.0,Bubba Chandler,R,824551,7:40 PM ET,Rate Field,0,1,0.23674911660777384,2026-09-08,824551,0.0,1,95.5,94.6,96.9,L,5,4,0,0,0,0,1,0,0,4,0,0,0,0,0,0,0,0.6425,2.3315,0,0,0,0,1,1,0.18181818181818182,0.2857142857142857,0.509090909090909,0.42857142857142855,0.21739130434782608,0.3090909090909091,0.07936507936507936,0.031746031746031744,0.12727272727272726,1.8,1.8,0.4642857142857143,0.32142857142857145,0.2857142857142857,0.21428571428571427,0.03571428571428571,0.3934642857142857,0.9170238095238095,0.21052631578947367,0.38095238095238093,0.4693333333333333,1.1154333333333333,0.23214285714285715,0.44642857142857145,0.4126984126984127,0.1864406779661017,0.3050847457627119,0.3484848484848485,0.6894977168949772,0.2356020942408377,0.33678756476683935,0.09326424870466321,0.48344370860927155,0.23178807947019867,0.013245033112582781,8.348684210526315,0.7105263157894737,7.993421052631579,0.19823788546255505,0.7166737300325666,0.3652069873044765,0.7166737300325666,1.8,,0.5,,,,,False,,1.5,,,,,False,
691019,Kyle Teel,CWS,PIT,1,9.0,1.0,696149.0,Bubba Chandler,R,824551,7:40 PM ET,Rate Field,0,1,0.23674911660777384,2026-09-08,824551,0.0,1,95.5,94.6,96.9,L,5,5,1,0,0,1,0,0,0,2,4,3,0,2,2,1,0,0.3303333333333333,1.1826666666666668,1,0,1,1,1,1,0.15555555555555556,0.22448979591836735,0.6,0.3673469387755102,0.23076923076923078,0.1111111111111111,0.02040816326530612,0.04081632653061224,0.06666666666666667,0.8,1.2,0.48148148148148145,0.4074074074074074,0.2222222222222222,0.2962962962962963,0.037037037037037035,0.38441025641025645,0.6035,0.07692307692307693,0.46153846153846156,0.26929166666666665,0.4108333333333333,0.1875,0.2916666666666667,0.4230769230769231,0.16666666666666666,0.20833333333333334,0.27586206896551724,0.6894977168949772,0.2356020942408377,0.33678756476683935,0.09326424870466321,0.48344370860927155,0.23178807947019867,0.013245033112582781,8.348684210526315,0.7105263157894737,7.993421052631579,0.19823788546255505,0.6130942385355345,0.1826767976910665,0.6130942385355345,1.2,,0.5,,,,,False,,1.5,,,,,False,
678246,Miguel Vargas,CWS,PIT,1,2.0,1.0,696149.0,Bubba Chandler,R,824551,7:40 PM ET,Rate Field,1,1,0.23674911660777384,2026-09-08,824551,0.0,1,95.5,94.6,96.9,R,6,5,2,0,0,0,1,0,0,1,2,4,0,1,2,1,1,0.3195,0.33899999999999997,1,1,1,1,1,0,0.34615384615384615,0.48484848484848486,0.8076923076923077,0.15151515151515152,0.4,0.1346153846153846,0.030303030303030304,0.015151515151515152,0.057692307692307696,1.6666666666666667,0.6666666666666666,0.35714285714285715,0.3333333333333333,0.30952380952380953,0.2619047619047619,0.047619047619047616,0.3796833333333334,0.6127555555555555,0.3,0.14285714285714285,0.2901499999999999,0.42119999999999996,0.3076923076923077,0.38461538461538464,0.13636363636363635,0.0847457627118644,0.22033898305084745,0.27941176470588236,0.6894977168949772,0.2356020942408377,0.33678756476683935,0.09326424870466321,0.48344370860927155,0.23178807947019867,0.013245033112582781,8.348684210526315,0.7105263157894737,7.993421052631579,0.19823788546255505,0.5602783275411133,0.19858661387015109,0.5602783275411133,0.6666666666666666,,0.5,,,,,False,,1.5,,,,,False,
808959,Munetaka Murakami,CWS,PIT,1,3.0,1.0,696149.0,Bubba Chandler,R,824551,7:40 PM ET,Rate Field,0,1,0.23674911660777384,2026-09-08,824551,0.0,1,95.5,94.6,96.9,L,6,5,1,0,0,0,1,0,0,2,1,3,0,2,1,2,0,0.21,0.236,1,0,1,0,1,1,0.1111111111111111,0.2727272727272727,0.46296296296296297,0.4393939393939394,0.20833333333333334,0.07407407407407407,0.015151515151515152,0.015151515151515152,0.037037037037037035,0.6666666666666666,1.9333333333333333,0.44,0.12,0.4,0.44,0.0,0.24374444444444443,0.36392222222222226,0.1,0.5238095238095238,0.10486666666666669,0.22266666666666665,0.10526315789473684,0.17543859649122806,0.4090909090909091,0.1509433962264151,0.3018867924528302,0.36231884057971014,0.6894977168949772,0.2356020942408377,0.33678756476683935,0.09326424870466321,0.48344370860927155,0.23178807947019867,0.013245033112582781,8.348684210526315,0.7105263157894737,7.993421052631579,0.19823788546255505,0.7162032236725931,0.4248674312492293,0.7162032236725931,1.9333333333333333,,0.5,,,,,False,,1.5,,,,,False,
803011,Sam Antonacci,CWS,PIT,1,1.0,1.0,696149.0,Bubba Chandler,R,824551,7:40 PM ET,Rate Field,0,1,0.23674911660777384,2026-09-08,824551,0.0,1,95.5,94.6,96.9,L,4,4,3,3,0,0,0,0,0,0,6,4,0,0,1,2,1,0.265,0.32475,1,1,1,1,0,0,0.22448979591836735,0.36666666666666664,0.8163265306122449,0.15,0.275,0.08163265306122448,0.0,0.03333333333333333,0.061224489795918366,1.0,0.6,0.2,0.225,0.5,0.275,0.0,0.27788888888888885,0.36932777777777775,0.125,0.14285714285714285,0.27969999999999995,0.4141333333333333,0.22448979591836735,0.30612244897959184,0.15,0.23529411764705882,0.3333333333333333,0.21666666666666667,0.6894977168949772,0.2356020942408377,0.33678756476683935,0.09326424870466321,0.48344370860927155,0.23178807947019867,0.013245033112582781,8.348684210526315,0.7105263157894737,7.993421052631579,0.19823788546255505,0.5094809829465463,0.16067814786999404,0.5094809829465463,0.6,,0.5,,,,,False,,1.5,,,,,False,
671976,Tristan Peters,CWS,PIT,1,7.0,1.0,696149.0,Bubba Chandler,R,824551,7:40 PM ET,Rate Field,0,1,0.23674911660777384,2026-09-08,824551,0.0,1,95.5,94.6,96.9,L,5,5,3,2,0,0,0,0,0,0,5,5,0,3,1,3,1,0.5065999999999999,0.744,1,1,1,1,0,0,0.3541666666666667,0.42592592592592593,0.8125,0.16666666666666666,0.35294117647058826,0.4166666666666667,0.09259259259259259,0.05555555555555555,0.1875,2.466666666666667,0.6,0.5641025641025641,0.15384615384615385,0.23076923076923078,0.5897435897435898,0.10256410256410256,0.33623333333333333,0.7133722222222222,0.3333333333333333,0.125,0.35836666666666667,0.7994333333333333,0.32608695652173914,0.6304347826086957,0.1509433962264151,0.13513513513513514,0.24324324324324326,0.23255813953488372,0.6894977168949772,0.2356020942408377,0.33678756476683935,0.09326424870466321,0.48344370860927155,0.23178807947019867,0.013245033112582781,8.348684210526315,0.7105263157894737,7.993421052631579,0.19823788546255505,0.5255807101909742,0.14029520433706208,0.5255807101909742,0.6,,0.5,,,,,False,,1.5,,,,,False,
