batter,player_name,team_abbr,opp_team,is_home,bat_order,in_lineup,pitcher_id,pitcher_name,p_throws,game_id,game_time,stadium,stand_R,p_throws_R,opp_k_pct_15,game_date,game_pk,is_dome,wind_out,hit_factor,tb_factor,hr_factor,stand,pa,ab,h,doubles,triples,hr,bb,hbp,sf,k,tb,batted_balls,barrels,hard_hits,fly_balls,ground_balls,line_drives,avg_xba,avg_xslg,target_hit_1plus,target_hit_2plus,target_tb_1plus,target_tb_2plus,target_k_1plus,target_k_2plus,batting_avg_15,obp_15,contact_rate_15,k_rate_15,babip_15,iso_15,hr_rate_15,doubles_rate_15,extra_base_hit_rate_15,avg_total_bases_15,avg_k_per_game_15,hard_hit_pct_15,line_drive_pct_15,gb_pct_15,fly_ball_pct_15,barrel_pct_15,xba_15,xslg_15,batting_avg_last_5,k_rate_last_5,xba_last_5,xslg_last_5,batting_avg_vs_R_15,slg_vs_R_15,k_rate_vs_R_15,batting_avg_vs_L_15,slg_vs_L_15,k_rate_vs_L_15,p_contact_rate_allowed_10,p_babip_allowed_10,p_slg_allowed_10,p_iso_allowed_10,p_gb_pct_10,p_fb_pct_10,p_barrel_pct_allowed_10,p_hits_per9_10,p_hr_per9_10,p_k_per9_10,p_k_rate_10,p_k_1plus,p_k_2plus,adj_prob,pred_ks,book_markets,primary_line,primary_side,primary_best_book,primary_best_odds,primary_book_implied,primary_has_line,primary_edge,secondary_line,secondary_side,secondary_best_book,secondary_best_odds,secondary_book_implied,secondary_has_line,secondary_edge
607043,Brandon Nimmo,TEX,SEA,1,4.0,1.0,669923.0,George Kirby,R,822868,2:35 PM ET,Globe Life Field,0,1,0.22638146167557932,2026-07-27,822868,1.0,0,94.8,94.6,93.8,L,4,4,1,0,0,0,0,0,0,1,1,3,0,0,0,2,0,0.117,0.13166666666666668,1,0,1,0,1,0,0.32727272727272727,0.3728813559322034,0.7272727272727273,0.2542372881355932,0.42105263157894735,0.2,0.03389830508474576,0.05084745762711865,0.10909090909090909,1.9333333333333333,1.0,0.5,0.45,0.4,0.125,0.0,0.37741547619047616,0.5188369047619047,0.3684210526315789,0.25,0.4853333333333333,0.6185333333333334,0.20754716981132076,0.2830188679245283,0.2786885245901639,0.2830188679245283,0.49056603773584906,0.15254237288135594,0.7182539682539683,0.2974137931034483,0.502092050209205,0.18410041841004185,0.4088397790055249,0.24861878453038674,0.027624309392265192,11.135593220338983,0.9152542372881356,8.694915254237287,0.22440944881889763,0.6476742898995744,0.2568475949600397,0.6476742898995744,1.0,"{""bet365"": {""0.5"": {""over"": -200, ""under"": 150}}, ""betmgm"": {""0.5"": {""over"": -210}}}",0.5,over,bet365,-200.0,0.6666666666666666,True,-0.019,1.5,,,,,False,
553869,Elias Díaz,TEX,SEA,1,9.0,1.0,669923.0,George Kirby,R,822868,2:35 PM ET,Globe Life Field,1,1,0.22638146167557932,2026-07-27,822868,1.0,0,94.8,94.6,93.8,R,3,3,0,0,0,0,0,0,0,2,0,1,0,0,0,1,0,0.097,0.103,0,0,0,0,1,1,0.22448979591836735,0.24,0.8367346938775511,0.1568627450980392,0.23076923076923078,0.16326530612244897,0.0392156862745098,0.0392156862745098,0.08163265306122448,1.2666666666666666,0.5333333333333333,0.38095238095238093,0.2619047619047619,0.35714285714285715,0.2857142857142857,0.023809523809523808,0.30992777777777775,0.4562833333333333,0.2222222222222222,0.21052631578947367,0.32625000000000015,0.44803333333333323,0.22641509433962265,0.2641509433962264,0.2222222222222222,0.2619047619047619,0.6190476190476191,0.15555555555555556,0.7182539682539683,0.2974137931034483,0.502092050209205,0.18410041841004185,0.4088397790055249,0.24861878453038674,0.027624309392265192,11.135593220338983,0.9152542372881356,8.694915254237287,0.22440944881889763,0.40081869751286997,0.0790382181369324,0.40081869751286997,0.5333333333333333,"{""bet365"": {""0.5"": {""over"": -170, ""under"": 130}}, ""betmgm"": {""0.5"": {""over"": -155}}}",0.5,over,betmgm,-155.0,0.6078431372549019,True,-0.207,1.5,,,,,False,
694497,Evan Carter,TEX,SEA,1,5.0,1.0,669923.0,George Kirby,R,822868,2:35 PM ET,Globe Life Field,0,1,0.22638146167557932,2026-07-27,822868,1.0,0,94.8,94.6,93.8,L,4,3,1,0,0,0,1,0,0,2,1,1,0,0,0,0,1,0.914,1.07,1,0,1,0,1,1,0.2222222222222222,0.37777777777777777,0.75,0.1956521739130435,0.2692307692307692,0.1388888888888889,0.021739130434782608,0.043478260869565216,0.08333333333333333,0.8666666666666667,0.6,0.35714285714285715,0.10714285714285714,0.5714285714285714,0.21428571428571427,0.0,0.27940384615384617,0.3881538461538462,0.16666666666666666,0.06666666666666667,0.20151666666666665,0.33006666666666645,0.2702702702702703,0.4864864864864865,0.19148936170212766,0.15789473684210525,0.21052631578947367,0.2903225806451613,0.7182539682539683,0.2974137931034483,0.502092050209205,0.18410041841004185,0.4088397790055249,0.24861878453038674,0.027624309392265192,11.135593220338983,0.9152542372881356,8.694915254237287,0.22440944881889763,0.551875373043848,0.20876759132053732,0.551875373043848,0.6,"{""bet365"": {""0.5"": {""over"": -260, ""under"": 190}}, ""betmgm"": {""0.5"": {""over"": -200}}}",0.5,over,betmgm,-200.0,0.6666666666666666,True,-0.1148,1.5,,,,,False,
677649,Ezequiel Duran,TEX,SEA,1,3.0,1.0,669923.0,George Kirby,R,822868,2:35 PM ET,Globe Life Field,1,1,0.22638146167557932,2026-07-27,822868,1.0,0,94.8,94.6,93.8,R,4,3,1,0,0,1,0,0,1,0,4,4,1,2,3,1,0,0.3393333333333333,1.2463333333333333,1,0,1,1,0,0,0.2545454545454545,0.31666666666666665,0.6727272727272727,0.3,0.30303030303030304,0.32727272727272727,0.06666666666666667,0.06666666666666667,0.16363636363636364,2.1333333333333333,1.2,0.2972972972972973,0.40540540540540543,0.3783783783783784,0.1891891891891892,0.05405405405405406,0.3308611111111111,0.5699222222222222,0.35,0.3,0.4061499999999999,0.4902000000000001,0.2692307692307692,0.5192307692307693,0.22413793103448276,0.29508196721311475,0.3770491803278688,0.30158730158730157,0.7182539682539683,0.2974137931034483,0.502092050209205,0.18410041841004185,0.4088397790055249,0.24861878453038674,0.027624309392265192,11.135593220338983,0.9152542372881356,8.694915254237287,0.22440944881889763,0.7217934920028691,0.3195813674800383,0.7217934920028691,1.2,"{""bet365"": {""0.5"": {""over"": -270, ""under"": 195}}, ""betmgm"": {""0.5"": {""over"": -275}}}",0.5,over,bet365,-270.0,0.7297297297297297,True,-0.0079,1.5,,,,,False,
669394,Jake Burger,TEX,SEA,1,6.0,1.0,669923.0,George Kirby,R,822868,2:35 PM ET,Globe Life Field,1,1,0.22638146167557932,2026-07-27,822868,1.0,0,94.8,94.6,93.8,R,4,3,0,0,0,0,1,0,0,3,0,0,0,0,0,0,0,0.16949999999999998,0.36974999999999997,0,0,0,0,1,1,0.1864406779661017,0.22580645161290322,0.711864406779661,0.27419354838709675,0.18421052631578946,0.22033898305084745,0.06451612903225806,0.016129032258064516,0.0847457627118644,1.6,1.1333333333333333,0.42857142857142855,0.14285714285714285,0.4523809523809524,0.2857142857142857,0.047619047619047616,0.29188333333333333,0.5801071428571429,0.3,0.19047619047619047,0.28059,0.5388000000000002,0.2631578947368421,0.5263157894736842,0.2,0.2222222222222222,0.46296296296296297,0.3,0.7182539682539683,0.2974137931034483,0.502092050209205,0.18410041841004185,0.4088397790055249,0.24861878453038674,0.027624309392265192,11.135593220338983,0.9152542372881356,8.694915254237287,0.22440944881889763,0.6889844531731507,0.2871922860299871,0.6889844531731507,1.1333333333333333,"{""betmgm"": {""0.5"": {""over"": -235}}, ""bet365"": {""1.5"": {""over"": 200, ""under"": -275}}}",0.5,over,betmgm,-235.0,0.7014925373134329,True,-0.0125,1.5,over,bet365,200.0,0.3333333333333333,True,-0.0461
592626,Joc Pederson,TEX,SEA,1,1.0,1.0,669923.0,George Kirby,R,822868,2:35 PM ET,Globe Life Field,0,1,0.22638146167557932,2026-07-27,822868,1.0,0,94.8,94.6,93.8,L,4,4,1,1,0,0,0,0,0,0,2,4,0,2,1,2,1,0.38425,0.48750000000000004,1,0,1,1,0,0,0.2978723404255319,0.35294117647058826,0.7446808510638298,0.23529411764705882,0.3225806451612903,0.3191489361702128,0.0784313725490196,0.058823529411764705,0.14893617021276595,1.9333333333333333,0.8,0.42857142857142855,0.2571428571428571,0.3142857142857143,0.3142857142857143,0.0,0.38424358974358974,0.8103884615384614,0.45,0.2,0.5010333333333332,1.1135766666666667,0.2708333333333333,0.5833333333333334,0.2692307692307692,0.1282051282051282,0.23076923076923078,0.2916666666666667,0.7182539682539683,0.2974137931034483,0.502092050209205,0.18410041841004185,0.4088397790055249,0.24861878453038674,0.027624309392265192,11.135593220338983,0.9152542372881356,8.694915254237287,0.22440944881889763,0.6542440985509783,0.2520557701428023,0.6542440985509783,0.8,"{""bet365"": {""0.5"": {""over"": -210, ""under"": 155}}, ""betmgm"": {""0.5"": {""over"": -220}}}",0.5,over,bet365,-210.0,0.6774193548387096,True,-0.0232,1.5,,,,,False,
669701,Josh Smith,TEX,SEA,1,8.0,1.0,669923.0,George Kirby,R,822868,2:35 PM ET,Globe Life Field,0,1,0.22638146167557932,2026-07-27,822868,1.0,0,94.8,94.6,93.8,L,2,2,0,0,0,0,0,0,0,0,0,2,0,1,1,1,0,0.1985,0.2205,0,0,0,0,0,0,0.24489795918367346,0.26,0.7755102040816326,0.22,0.2972972972972973,0.12244897959183673,0.02,0.02,0.061224489795918366,1.2,0.7333333333333333,0.21052631578947367,0.18421052631578946,0.42105263157894735,0.2894736842105263,0.02631578947368421,0.21370833333333336,0.3530059523809523,0.14285714285714285,0.23809523809523808,0.22458333333333336,0.3485333333333333,0.24489795918367346,0.3673469387755102,0.22,0.27450980392156865,0.3333333333333333,0.23214285714285715,0.7182539682539683,0.2974137931034483,0.502092050209205,0.18410041841004185,0.4088397790055249,0.24861878453038674,0.027624309392265192,11.135593220338983,0.9152542372881356,8.694915254237287,0.22440944881889763,0.6056546003545831,0.1492150264941654,0.6056546003545831,0.7333333333333333,"{""bet365"": {""0.5"": {""over"": -120, ""under"": -110}}, ""betmgm"": {""0.5"": {""over"": -110}}}",0.5,over,betmgm,-110.0,0.5238095238095238,True,0.0818,1.5,,,,,False,
670032,Nicky Lopez,TEX,SEA,1,7.0,1.0,669923.0,George Kirby,R,822868,2:35 PM ET,Globe Life Field,0,1,0.22638146167557932,2026-07-27,822868,1.0,0,94.8,94.6,93.8,L,4,4,1,0,0,0,0,0,0,2,1,2,0,1,0,2,0,0.1705,0.191,1,0,1,0,1,1,0.3076923076923077,0.34146341463414637,0.8717948717948718,0.10869565217391304,0.35294117647058826,0.02564102564102564,0.0,0.021739130434782608,0.02564102564102564,0.8666666666666667,0.3333333333333333,0.23076923076923078,0.2564102564102564,0.5641025641025641,0.1282051282051282,0.0,0.3037797619047619,0.3549047619047619,0.3076923076923077,0.125,0.3611333333333334,0.4234,0.2631578947368421,0.2894736842105263,0.09090909090909091,0.40816326530612246,0.42857142857142855,0.125,0.7182539682539683,0.2974137931034483,0.502092050209205,0.18410041841004185,0.4088397790055249,0.24861878453038674,0.027624309392265192,11.135593220338983,0.9152542372881356,8.694915254237287,0.22440944881889763,0.3820265786591439,0.10641958427949645,0.3820265786591439,0.3333333333333333,"{""bet365"": {""0.5"": {""over"": 110, ""under"": -150}}, ""betmgm"": {""0.5"": {""over"": 105}}}",0.5,over,bet365,110.0,0.47619047619047616,True,-0.0942,1.5,,,,,False,
694671,Wyatt Langford,TEX,SEA,1,2.0,1.0,669923.0,George Kirby,R,822868,2:35 PM ET,Globe Life Field,1,1,0.22638146167557932,2026-07-27,822868,1.0,0,94.8,94.6,93.8,R,4,4,1,0,0,0,0,0,0,0,1,4,0,0,1,0,1,0.138,0.15100000000000002,1,0,1,0,0,0,0.3548387096774194,0.38461538461538464,0.8064516129032258,0.18461538461538463,0.36363636363636365,0.3548387096774194,0.09230769230769231,0.06153846153846154,0.16129032258064516,2.933333333333333,0.8,0.46,0.32,0.22,0.34,0.04,0.3767577777777778,0.7626555555555556,0.3684210526315789,0.2,0.42811666666666676,0.7888,0.38095238095238093,0.7936507936507936,0.18840579710144928,0.23809523809523808,0.4603174603174603,0.24242424242424243,0.7182539682539683,0.2974137931034483,0.502092050209205,0.18410041841004185,0.4088397790055249,0.24861878453038674,0.027624309392265192,11.135593220338983,0.9152542372881356,8.694915254237287,0.22440944881889763,0.6108659939799453,0.23657416825781416,0.6108659939799453,0.8,"{""bet365"": {""0.5"": {""over"": -230, ""under"": 170}}, ""betmgm"": {""0.5"": {""over"": -210}}}",0.5,over,betmgm,-210.0,0.6774193548387096,True,-0.0666,1.5,,,,,False,
702284,Cole Young,SEA,TEX,0,1.0,1.0,677958.0,Kumar Rocker,R,822868,2:35 PM ET,Globe Life Field,0,1,0.21636363636363637,2026-07-27,822868,1.0,0,94.8,94.6,93.8,L,5,5,2,0,1,0,0,0,0,0,4,5,1,3,3,1,1,0.44960000000000006,0.9634,1,1,1,1,0,0,0.19642857142857142,0.23728813559322035,0.8571428571428571,0.13559322033898305,0.1590909090909091,0.23214285714285715,0.06779661016949153,0.01694915254237288,0.08928571428571429,1.6,0.5333333333333333,0.375,0.22916666666666666,0.4375,0.2916666666666667,0.020833333333333332,0.28456555555555557,0.4456055555555556,0.15,0.09523809523809523,0.23862999999999998,0.30378333333333335,0.1509433962264151,0.3584905660377358,0.23214285714285715,0.19230769230769232,0.25,0.11864406779661017,0.6919642857142857,0.2153846153846154,0.4236453201970443,0.17733990147783252,0.4064516129032258,0.23225806451612904,0.01935483870967742,7.788461538461538,0.8653846153846154,8.134615384615385,0.21658986175115208,0.5469429812829295,0.15781254232219072,0.5469429812829295,0.5333333333333333,"{""bet365"": {""0.5"": {""over"": -130, ""under"": -105}}, ""betmgm"": {""0.5"": {""over"": -135}}}",0.5,over,bet365,-130.0,0.5652173913043478,True,-0.0183,1.5,,,,,False,
806068,Colt Emerson,SEA,TEX,0,9.0,1.0,677958.0,Kumar Rocker,R,822868,2:35 PM ET,Globe Life Field,0,1,0.21636363636363637,2026-07-27,822868,1.0,0,94.8,94.6,93.8,L,4,4,1,0,0,0,0,0,0,0,1,4,0,1,0,1,2,0.3405,0.39349999999999996,1,0,1,0,0,0,0.16666666666666666,0.20754716981132076,0.6041666666666666,0.34545454545454546,0.25806451612903225,0.020833333333333332,0.0,0.01818181818181818,0.020833333333333332,0.6,1.2666666666666666,0.28125,0.15625,0.59375,0.1875,0.0,0.33795238095238095,0.4744047619047619,0.25,0.2777777777777778,0.4152666666666667,0.47136666666666666,0.14583333333333334,0.14583333333333334,0.37735849056603776,0.20454545454545456,0.5227272727272727,0.3333333333333333,0.6919642857142857,0.2153846153846154,0.4236453201970443,0.17733990147783252,0.4064516129032258,0.23225806451612904,0.01935483870967742,7.788461538461538,0.8653846153846154,8.134615384615385,0.21658986175115208,0.6062860212617457,0.18488328277715085,0.6062860212617457,1.2666666666666666,"{""bet365"": {""0.5"": {""over"": -260, ""under"": 190}}, ""betmgm"": {""0.5"": {""over"": -275}}}",0.5,over,bet365,-260.0,0.7222222222222222,True,-0.1159,1.5,,,,,False,
686527,Dominic Canzone,SEA,TEX,0,3.0,1.0,677958.0,Kumar Rocker,R,822868,2:35 PM ET,Globe Life Field,0,1,0.21636363636363637,2026-07-27,822868,1.0,0,94.8,94.6,93.8,L,5,5,3,1,0,1,0,0,0,0,7,5,1,3,3,1,1,0.5606,1.345,1,1,1,1,0,0,0.1864406779661017,0.26153846153846155,0.7627118644067796,0.2153846153846154,0.20930232558139536,0.11864406779661017,0.03076923076923077,0.015384615384615385,0.05084745762711865,1.2,0.9333333333333333,0.35555555555555557,0.1111111111111111,0.6666666666666666,0.2222222222222222,0.022222222222222223,0.21834111111111112,0.34405777777777774,0.15789473684210525,0.2727272727272727,0.23466666666666666,0.2675333333333334,0.19298245614035087,0.3157894736842105,0.22580645161290322,0.28,0.48,0.23333333333333334,0.6919642857142857,0.2153846153846154,0.4236453201970443,0.17733990147783252,0.4064516129032258,0.23225806451612904,0.01935483870967742,7.788461538461538,0.8653846153846154,8.134615384615385,0.21658986175115208,0.6411203681761558,0.2304597870581292,0.6411203681761558,0.9333333333333333,"{""bet365"": {""0.5"": {""over"": -175, ""under"": 132}}, ""betmgm"": {""0.5"": {""over"": -190}}}",0.5,over,bet365,-175.0,0.6363636363636364,True,0.0048,1.5,,,,,False,
641487,J.P. Crawford,SEA,TEX,0,8.0,1.0,677958.0,Kumar Rocker,R,822868,2:35 PM ET,Globe Life Field,0,1,0.21636363636363637,2026-07-27,822868,1.0,0,94.8,94.6,93.8,L,4,4,0,0,0,0,0,0,0,1,0,3,0,0,0,2,0,0.08933333333333333,0.09433333333333334,0,0,0,0,1,0,0.22641509433962265,0.36923076923076925,0.7169811320754716,0.23076923076923078,0.3157894736842105,0.11320754716981132,0.0,0.09230769230769231,0.11320754716981132,1.2,1.0,0.3684210526315789,0.3157894736842105,0.5263157894736842,0.05263157894736842,0.0,0.3393555555555555,0.40654444444444443,0.375,0.09090909090909091,0.4109833333333334,0.46255000000000024,0.17857142857142858,0.25,0.26153846153846155,0.25,0.28846153846153844,0.12698412698412698,0.6919642857142857,0.2153846153846154,0.4236453201970443,0.17733990147783252,0.4064516129032258,0.23225806451612904,0.01935483870967742,7.788461538461538,0.8653846153846154,8.134615384615385,0.21658986175115208,0.6210411122998729,0.17501032427000665,0.6210411122998729,1.0,"{""bet365"": {""0.5"": {""over"": -130, ""under"": -105}}, ""betmgm"": {""0.5"": {""over"": -140}}}",0.5,over,bet365,-130.0,0.5652173913043478,True,0.0558,1.5,,,,,False,
647304,Josh Naylor,SEA,TEX,0,5.0,1.0,677958.0,Kumar Rocker,R,822868,2:35 PM ET,Globe Life Field,0,1,0.21636363636363637,2026-07-27,822868,1.0,0,94.8,94.6,93.8,L,5,5,2,0,0,0,0,0,0,1,2,4,0,4,0,3,1,0.60925,0.6990000000000001,1,1,1,1,1,0,0.2909090909090909,0.3709677419354839,0.9090909090909091,0.08064516129032258,0.32,0.03636363636363636,0.0,0.03225806451612903,0.03636363636363636,1.2,0.3333333333333333,0.26,0.2,0.58,0.16,0.02,0.32334666666666667,0.40869444444444447,0.3157894736842105,0.09523809523809523,0.2979066666666667,0.3796333333333332,0.23636363636363636,0.2727272727272727,0.11290322580645161,0.27586206896551724,0.3620689655172414,0.12698412698412698,0.6919642857142857,0.2153846153846154,0.4236453201970443,0.17733990147783252,0.4064516129032258,0.23225806451612904,0.01935483870967742,7.788461538461538,0.8653846153846154,8.134615384615385,0.21658986175115208,0.43940265354390623,0.1177700062005095,0.43940265354390623,0.3333333333333333,"{""bet365"": {""0.5"": {""over"": 140, ""under"": -190}}, ""betmgm"": {""0.5"": {""over"": 120}}}",0.5,over,bet365,140.0,0.4166666666666667,True,0.0227,1.5,,,,,False,
677594,Julio Rodríguez,SEA,TEX,0,2.0,1.0,677958.0,Kumar Rocker,R,822868,2:35 PM ET,Globe Life Field,1,1,0.21636363636363637,2026-07-27,822868,1.0,0,94.8,94.6,93.8,R,5,4,1,0,0,0,0,1,0,0,1,4,0,0,2,0,1,0.4285,0.474,1,0,1,0,0,0,0.3090909090909091,0.36065573770491804,0.7454545454545455,0.22950819672131148,0.3902439024390244,0.07272727272727272,0.01639344262295082,0.01639344262295082,0.03636363636363636,1.4,0.9333333333333333,0.4523809523809524,0.2857142857142857,0.47619047619047616,0.21428571428571427,0.0,0.41515714285714284,0.6119964285714287,0.2222222222222222,0.16666666666666666,0.3553400000000001,0.6757400000000002,0.2777777777777778,0.37037037037037035,0.23728813559322035,0.2711864406779661,0.4576271186440678,0.1875,0.6919642857142857,0.2153846153846154,0.4236453201970443,0.17733990147783252,0.4064516129032258,0.23225806451612904,0.01935483870967742,7.788461538461538,0.8653846153846154,8.134615384615385,0.21658986175115208,0.6603885832026015,0.2279595949573147,0.6603885832026015,0.9333333333333333,"{""bet365"": {""0.5"": {""over"": -190, ""under"": 140}}, ""betmgm"": {""0.5"": {""over"": -235}}}",0.5,over,bet365,-190.0,0.6551724137931034,True,0.0052,1.5,,,,,False,
670042,Luke Raley,SEA,TEX,0,6.0,1.0,677958.0,Kumar Rocker,R,822868,2:35 PM ET,Globe Life Field,0,1,0.21636363636363637,2026-07-27,822868,1.0,0,94.8,94.6,93.8,L,2,2,0,0,0,0,0,0,0,2,0,0,0,0,0,0,0,0.609,0.73,0,0,0,0,1,1,0.23255813953488372,0.24444444444444444,0.6744186046511628,0.3111111111111111,0.3103448275862069,0.11627906976744186,0.022222222222222223,0.044444444444444446,0.06976744186046512,1.0,0.9333333333333333,0.43333333333333335,0.4,0.3333333333333333,0.23333333333333334,0.03333333333333333,0.38986538461538467,0.6263846153846154,0.2727272727272727,0.45454545454545453,0.5065833333333334,0.6383333333333333,0.23255813953488372,0.3488372093023256,0.3111111111111111,0.16279069767441862,0.32558139534883723,0.2916666666666667,0.6919642857142857,0.2153846153846154,0.4236453201970443,0.17733990147783252,0.4064516129032258,0.23225806451612904,0.01935483870967742,7.788461538461538,0.8653846153846154,8.134615384615385,0.21658986175115208,0.6225725728624794,0.20795139069496474,0.6225725728624794,0.9333333333333333,"{""bet365"": {""1.5"": {""over"": 200, ""under"": -275}}, ""betmgm"": {""1.5"": {""over"": 185}}}",0.5,,,,,False,,1.5,over,bet365,200.0,0.3333333333333333,True,-0.1254
641598,Mitch Garver,SEA,TEX,0,7.0,1.0,677958.0,Kumar Rocker,R,822868,2:35 PM ET,Globe Life Field,1,1,0.21636363636363637,2026-07-27,822868,1.0,0,94.8,94.6,93.8,R,4,4,0,0,0,0,0,0,0,2,0,2,0,1,2,0,0,0.0045000000000000005,0.006500000000000001,0,0,0,0,1,1,0.16666666666666666,0.2553191489361702,0.5952380952380952,0.3617021276595745,0.21739130434782608,0.16666666666666666,0.0425531914893617,0.02127659574468085,0.07142857142857142,0.9333333333333333,1.1333333333333333,0.4,0.32,0.32,0.32,0.0,0.4443333333333333,0.6909444444444445,0.09090909090909091,0.3333333333333333,0.37166666666666665,0.6837777777777777,0.2,0.4,0.4117647058823529,0.17142857142857143,0.3142857142857143,0.22727272727272727,0.6919642857142857,0.2153846153846154,0.4236453201970443,0.17733990147783252,0.4064516129032258,0.23225806451612904,0.01935483870967742,7.788461538461538,0.8653846153846154,8.134615384615385,0.21658986175115208,0.716952052902435,0.3199824091108874,0.716952052902435,1.1333333333333333,"{""bet365"": {""0.5"": {""over"": -290, ""under"": 205}}}",0.5,over,bet365,-290.0,0.7435897435897436,True,-0.0266,1.5,,,,,False,
668227,Randy Arozarena,SEA,TEX,0,4.0,1.0,677958.0,Kumar Rocker,R,822868,2:35 PM ET,Globe Life Field,1,1,0.21636363636363637,2026-07-27,822868,1.0,0,94.8,94.6,93.8,R,5,5,3,0,0,1,0,0,0,0,6,5,1,4,1,3,1,0.3926,0.7544,1,1,1,1,0,0,0.24074074074074073,0.3787878787878788,0.7962962962962963,0.16666666666666666,0.2682926829268293,0.1111111111111111,0.030303030303030304,0.0,0.037037037037037035,1.2666666666666666,0.7333333333333333,0.37209302325581395,0.18604651162790697,0.5581395348837209,0.20930232558139536,0.06976744186046512,0.3559611111111111,0.5132555555555556,0.2631578947368421,0.13043478260869565,0.35081666666666667,0.46979999999999994,0.25,0.4423076923076923,0.16923076923076924,0.25,0.375,0.23076923076923078,0.6919642857142857,0.2153846153846154,0.4236453201970443,0.17733990147783252,0.4064516129032258,0.23225806451612904,0.01935483870967742,7.788461538461538,0.8653846153846154,8.134615384615385,0.21658986175115208,0.6036325869214151,0.20266494104256316,0.6036325869214151,0.7333333333333333,"{""bet365"": {""0.5"": {""over"": -270, ""under"": 195}}, ""betmgm"": {""0.5"": {""over"": -220}}}",0.5,over,betmgm,-220.0,0.6875,True,-0.0839,1.5,,,,,False,
690993,Colt Keith,DET,BAL,1,3.0,1.0,680694.0,Kyle Bradish,R,824245,6:40 PM ET,Comerica Park,0,1,0.24220183486238533,2026-07-27,824245,0.0,0,97.6,97.8,106.5,L,5,4,1,0,0,0,1,0,0,0,1,4,0,1,1,2,0,0.22575,0.25875,1,0,1,0,0,0,0.2702702702702703,0.3170731707317073,0.7567567567567568,0.21951219512195122,0.2962962962962963,0.21621621621621623,0.04878048780487805,0.04878048780487805,0.10810810810810811,1.2,0.6,0.3793103448275862,0.3103448275862069,0.41379310344827586,0.27586206896551724,0.034482758620689655,0.32893452380952376,0.5432023809523809,0.21428571428571427,0.2857142857142857,0.2879666666666666,0.32276666666666676,0.2702702702702703,0.4864864864864865,0.21951219512195122,0.2608695652173913,0.30434782608695654,0.25,0.6814516129032258,0.19069767441860466,0.34234234234234234,0.12612612612612611,0.48520710059171596,0.21301775147928995,0.01775147928994083,7.089385474860334,1.0558659217877093,8.446927374301675,0.22950819672131148,0.5226525569309116,0.16066815164326165,0.5226525569309116,0.6,"{""bet365"": {""0.5"": {""over"": -130, ""under"": -105}}, ""betmgm"": {""0.5"": {""over"": -175}}}",0.5,over,bet365,-130.0,0.5652173913043478,True,-0.0426,1.5,,,,,False,
693307,Dillon Dingler,DET,BAL,1,2.0,1.0,680694.0,Kyle Bradish,R,824245,6:40 PM ET,Comerica Park,1,1,0.24220183486238533,2026-07-27,824245,0.0,0,97.6,97.8,106.5,R,4,3,2,0,0,0,1,0,0,0,2,3,0,0,0,2,1,0.616,0.7133333333333334,1,1,1,1,0,0,0.2857142857142857,0.38596491228070173,0.7346938775510204,0.22807017543859648,0.3333333333333333,0.24489795918367346,0.05263157894736842,0.05263157894736842,0.12244897959183673,1.7333333333333334,0.8666666666666667,0.3333333333333333,0.2222222222222222,0.4444444444444444,0.19444444444444445,0.027777777777777776,0.3139047619047619,0.5084857142857143,0.35714285714285715,0.29411764705882354,0.479125,0.8949166666666667,0.2903225806451613,0.532258064516129,0.22058823529411764,0.26,0.52,0.21428571428571427,0.6814516129032258,0.19069767441860466,0.34234234234234234,0.12612612612612611,0.48520710059171596,0.21301775147928995,0.01775147928994083,7.089385474860334,1.0558659217877093,8.446927374301675,0.22950819672131148,0.6144142627364274,0.24675537643888626,0.6144142627364274,0.8666666666666667,"{""bet365"": {""0.5"": {""over"": -230, ""under"": 170}}, ""betmgm"": {""0.5"": {""over"": -225}}}",0.5,over,betmgm,-225.0,0.6923076923076923,True,-0.0779,1.5,,,,,False,
701678,Hao-Yu Lee,DET,BAL,1,7.0,1.0,680694.0,Kyle Bradish,R,824245,6:40 PM ET,Comerica Park,1,1,0.24220183486238533,2026-07-27,824245,0.0,0,97.6,97.8,106.5,R,4,3,1,1,0,0,1,0,0,0,2,3,0,2,1,2,0,0.28099999999999997,0.6036666666666667,1,0,1,1,0,0,0.3181818181818182,0.34782608695652173,0.7727272727272727,0.21739130434782608,0.3548387096774194,0.2727272727272727,0.06521739130434782,0.06521739130434782,0.13636363636363635,1.7333333333333334,0.6666666666666666,0.5,0.35294117647058826,0.38235294117647056,0.17647058823529413,0.0,0.3508205128205128,0.6306923076923077,0.4375,0.11764705882352941,0.3617,0.72795,0.2978723404255319,0.5957446808510638,0.2549019607843137,0.2558139534883721,0.3023255813953488,0.18181818181818182,0.6814516129032258,0.19069767441860466,0.34234234234234234,0.12612612612612611,0.48520710059171596,0.21301775147928995,0.01775147928994083,7.089385474860334,1.0558659217877093,8.446927374301675,0.22950819672131148,0.6192122677253774,0.21644007048355215,0.6192122677253774,0.6666666666666666,"{""betmgm"": {""0.5"": {""over"": -200}}}",0.5,over,betmgm,-200.0,0.6666666666666666,True,-0.0475,1.5,,,,,False,
681546,James Outman,DET,BAL,1,8.0,1.0,680694.0,Kyle Bradish,R,824245,6:40 PM ET,Comerica Park,0,1,0.24220183486238533,2026-07-27,824245,0.0,0,97.6,97.8,106.5,L,4,4,1,0,0,0,0,0,0,1,1,3,0,1,1,1,1,0.3206666666666667,0.4716666666666667,1,0,1,0,1,0,0.14,0.1568627450980392,0.58,0.40384615384615385,0.18518518518518517,0.16,0.038461538461538464,0.0,0.06,1.0,1.4,0.41379310344827586,0.20689655172413793,0.3448275862068966,0.3448275862068966,0.0,0.25426785714285716,0.43050000000000005,0.1875,0.5,0.24020000000000005,0.39510000000000006,0.14,0.3,0.40384615384615385,0.18421052631578946,0.2894736842105263,0.43902439024390244,0.6814516129032258,0.19069767441860466,0.34234234234234234,0.12612612612612611,0.48520710059171596,0.21301775147928995,0.01775147928994083,7.089385474860334,1.0558659217877093,8.446927374301675,0.22950819672131148,0.7424009713982208,0.3652069873044765,0.7424009713982208,1.4,"{""bet365"": {""1.5"": {""over"": 165, ""under"": -225}}, ""betmgm"": {""1.5"": {""over"": 120}}}",0.5,,,,,False,,1.5,over,bet365,165.0,0.37735849056603776,True,-0.0122
805808,Kevin McGonigle,DET,BAL,1,1.0,1.0,680694.0,Kyle Bradish,R,824245,6:40 PM ET,Comerica Park,0,1,0.24220183486238533,2026-07-27,824245,0.0,0,97.6,97.8,106.5,L,5,4,2,0,0,0,1,0,0,0,2,4,0,0,2,0,2,0.45275,0.48700000000000004,1,1,1,1,0,0,0.25862068965517243,0.3384615384615385,0.8275862068965517,0.15151515151515152,0.2826086956521739,0.13793103448275862,0.030303030303030304,0.030303030303030304,0.06896551724137931,1.5333333333333334,0.6666666666666666,0.3958333333333333,0.16666666666666666,0.4166666666666667,0.375,0.0,0.2896444444444445,0.4523444444444444,0.21052631578947367,0.13636363636363635,0.3274,0.45131666666666675,0.2786885245901639,0.45901639344262296,0.1267605633802817,0.21311475409836064,0.2459016393442623,0.2153846153846154,0.6814516129032258,0.19069767441860466,0.34234234234234234,0.12612612612612611,0.48520710059171596,0.21301775147928995,0.01775147928994083,7.089385474860334,1.0558659217877093,8.446927374301675,0.22950819672131148,0.5726219351203699,0.19001992501640474,0.5726219351203699,0.6666666666666666,"{""bet365"": {""0.5"": {""over"": -130, ""under"": -105}}, ""betmgm"": {""0.5"": {""over"": -120}}}",0.5,over,betmgm,-120.0,0.5454545454545454,True,0.0272,1.5,,,,,False,
663837,Matt Vierling,DET,BAL,1,9.0,1.0,680694.0,Kyle Bradish,R,824245,6:40 PM ET,Comerica Park,1,1,0.24220183486238533,2026-07-27,824245,0.0,0,97.6,97.8,106.5,R,4,4,0,0,0,0,0,0,0,1,0,3,0,1,1,0,1,0.3706666666666667,0.44199999999999995,0,0,0,0,1,0,0.23255813953488372,0.26666666666666666,0.7906976744186046,0.2,0.29411764705882354,0.06976744186046512,0.0,0.022222222222222223,0.046511627906976744,0.8666666666666667,0.6,0.38235294117647056,0.2647058823529412,0.3235294117647059,0.3235294117647059,0.0,0.3605892857142857,0.4875357142857143,0.18181818181818182,0.18181818181818182,0.3506666666666665,0.4165208333333337,0.16666666666666666,0.30952380952380953,0.20454545454545456,0.25,0.2727272727272727,0.15217391304347827,0.6814516129032258,0.19069767441860466,0.34234234234234234,0.12612612612612611,0.48520710059171596,0.21301775147928995,0.01775147928994083,7.089385474860334,1.0558659217877093,8.446927374301675,0.22950819672131148,0.4141869893884362,0.07327207707724033,0.4141869893884362,0.6,"{""bet365"": {""0.5"": {""over"": -120, ""under"": -110}}}",0.5,over,bet365,-120.0,0.5454545454545454,True,-0.1313,1.5,,,,,False,
682985,Riley Greene,DET,BAL,1,4.0,1.0,680694.0,Kyle Bradish,R,824245,6:40 PM ET,Comerica Park,0,1,0.24220183486238533,2026-07-27,824245,0.0,0,97.6,97.8,106.5,L,5,5,0,0,0,0,0,0,0,1,0,4,0,1,0,3,1,0.3115,0.36274999999999996,0,0,0,0,1,0,0.24,0.3333333333333333,0.68,0.26666666666666666,0.29411764705882354,0.2,0.03333333333333333,0.06666666666666667,0.12,1.4666666666666666,1.0666666666666667,0.5555555555555556,0.2777777777777778,0.3611111111111111,0.3611111111111111,0.08333333333333333,0.3940444444444445,0.8380388888888889,0.23529411764705882,0.21052631578947367,0.39383333333333337,1.0119333333333334,0.3157894736842105,0.7368421052631579,0.24242424242424243,0.18518518518518517,0.2777777777777778,0.26666666666666666,0.6814516129032258,0.19069767441860466,0.34234234234234234,0.12612612612612611,0.48520710059171596,0.21301775147928995,0.01775147928994083,7.089385474860334,1.0558659217877093,8.446927374301675,0.22950819672131148,0.6783584005721787,0.28759332766083623,0.6783584005721787,1.0666666666666667,"{""bet365"": {""0.5"": {""over"": -240, ""under"": 180}}, ""betmgm"": {""1.5"": {""over"": 165}}}",0.5,over,bet365,-240.0,0.7058823529411765,True,-0.0275,1.5,over,betmgm,165.0,0.37735849056603776,True,-0.0898
679529,Spencer Torkelson,DET,BAL,1,5.0,1.0,680694.0,Kyle Bradish,R,824245,6:40 PM ET,Comerica Park,1,1,0.24220183486238533,2026-07-27,824245,0.0,0,97.6,97.8,106.5,R,4,2,1,0,0,0,2,0,0,0,1,2,0,1,1,0,1,0.5175,0.763,1,0,1,0,0,0,0.1509433962264151,0.19642857142857142,0.6226415094339622,0.35714285714285715,0.10714285714285714,0.2830188679245283,0.08928571428571429,0.0,0.09433962264150944,1.5333333333333334,1.3333333333333333,0.24242424242424243,0.09090909090909091,0.36363636363636365,0.45454545454545453,0.09090909090909091,0.21564444444444444,0.5185388888888889,0.14285714285714285,0.375,0.13233333333333325,0.3387666666666669,0.18181818181818182,0.36363636363636365,0.35,0.2653061224489796,0.5714285714285714,0.32142857142857145,0.6814516129032258,0.19069767441860466,0.34234234234234234,0.12612612612612611,0.48520710059171596,0.21301775147928995,0.01775147928994083,7.089385474860334,1.0558659217877093,8.446927374301675,0.22950819672131148,0.7503892620097705,0.3838615783274885,0.7503892620097705,1.3333333333333333,"{""bet365"": {""1.5"": {""over"": 160, ""under"": -220}}, ""betmgm"": {""1.5"": {""over"": 130}}}",0.5,,,,,False,,1.5,over,bet365,160.0,0.38461538461538464,True,-0.0008
656716,Zach McKinstry,DET,BAL,1,6.0,1.0,680694.0,Kyle Bradish,R,824245,6:40 PM ET,Comerica Park,0,1,0.24220183486238533,2026-07-27,824245,0.0,0,97.6,97.8,106.5,L,1,0,0,0,0,0,1,0,0,0,0,0,0,0,0,0,0,0.3505,0.6679999999999999,0,0,0,0,0,0,0.21739130434782608,0.28,0.8478260869565217,0.13725490196078433,0.23684210526315788,0.10869565217391304,0.0196078431372549,0.0392156862745098,0.06521739130434782,1.0,0.4666666666666667,0.25,0.325,0.3,0.3,0.025,0.33616666666666667,0.5171785714285714,0.3333333333333333,0.0,0.3614666666666666,0.5251166666666667,0.2549019607843137,0.37254901960784315,0.14814814814814814,0.1875,0.2708333333333333,0.20689655172413793,0.6814516129032258,0.19069767441860466,0.34234234234234234,0.12612612612612611,0.48520710059171596,0.21301775147928995,0.01775147928994083,7.089385474860334,1.0558659217877093,8.446927374301675,0.22950819672131148,0.5505069052113102,0.12025608234568426,0.5505069052113102,0.4666666666666667,"{""bet365"": {""0.5"": {""over"": -130, ""under"": -105}}}",0.5,over,bet365,-130.0,0.5652173913043478,True,-0.0147,1.5,,,,,False,
644433,Chadwick Tromp,BAL,DET,0,9.0,1.0,672456.0,Keider Montero,R,824245,6:40 PM ET,Comerica Park,1,1,0.2517241379310345,2026-07-27,824245,0.0,0,97.6,97.8,106.5,R,3,3,0,0,0,0,0,0,0,1,0,2,0,2,0,2,0,0.3025,0.33899999999999997,0,0,0,0,1,0,0.17142857142857143,0.16666666666666666,0.6857142857142857,0.3055555555555556,0.24,0.02857142857142857,0.0,0.027777777777777776,0.02857142857142857,0.4666666666666667,0.7333333333333333,0.24,0.32,0.32,0.28,0.0,0.26165151515151513,0.363439393939394,0.21428571428571427,0.35714285714285715,0.30600000000000005,0.3292083333333333,0.13157894736842105,0.13157894736842105,0.38461538461538464,0.23076923076923078,0.38461538461538464,0.21951219512195122,0.7707006369426752,0.2013888888888889,0.2876712328767123,0.07534246575342465,0.49586776859504134,0.2066115702479339,0.008264462809917356,7.200000000000001,0.6000000000000001,5.600000000000001,0.15819209039548024,0.40689618397065624,0.12236641704689855,0.40689618397065624,0.7333333333333333,"{""bet365"": {""0.5"": {""over"": -155, ""under"": 115}}, ""betmgm"": {""0.5"": {""over"": -150}}}",0.5,over,betmgm,-150.0,0.6,True,-0.1931,1.5,,,,,False,
691723,Coby Mayo,BAL,DET,0,7.0,1.0,672456.0,Keider Montero,R,824245,6:40 PM ET,Comerica Park,1,1,0.2517241379310345,2026-07-27,824245,0.0,0,97.6,97.8,106.5,R,1,1,0,0,0,0,0,0,0,1,0,0,0,0,0,0,0,0.25533333333333336,0.4056666666666666,0,0,0,0,1,0,0.23684210526315788,0.30952380952380953,0.631578947368421,0.3333333333333333,0.2857142857142857,0.3157894736842105,0.07142857142857142,0.07142857142857142,0.15789473684210525,1.4,0.9333333333333333,0.5416666666666666,0.16666666666666666,0.2916666666666667,0.4583333333333333,0.041666666666666664,0.382825,1.0078083333333334,0.25,0.5,0.42416666666666664,0.875833333333333,0.16666666666666666,0.3125,0.47058823529411764,0.225,0.65,0.36363636363636365,0.7707006369426752,0.2013888888888889,0.2876712328767123,0.07534246575342465,0.49586776859504134,0.2066115702479339,0.008264462809917356,7.200000000000001,0.6000000000000001,5.600000000000001,0.15819209039548024,0.6890983234951703,0.33882012441763315,0.6890983234951703,0.9333333333333333,,0.5,,,,,False,,1.5,,,,,False,
687637,Dylan Beavers,BAL,DET,0,1.0,1.0,672456.0,Keider Montero,R,824245,6:40 PM ET,Comerica Park,0,1,0.2517241379310345,2026-07-27,824245,0.0,0,97.6,97.8,106.5,L,5,4,0,0,0,0,1,0,0,1,0,3,0,1,2,1,0,0.14400000000000002,0.3753333333333333,0,0,0,0,1,0,0.3181818181818182,0.3877551020408163,0.7727272727272727,0.20408163265306123,0.4117647058823529,0.09090909090909091,0.0,0.08163265306122448,0.09090909090909091,1.2,0.6666666666666666,0.35294117647058826,0.23529411764705882,0.38235294117647056,0.29411764705882354,0.029411764705882353,0.3111597222222222,0.4365208333333333,0.35714285714285715,0.25,0.3707083333333333,0.44610416666666663,0.3181818181818182,0.4318181818181818,0.22,0.08,0.32,0.21875,0.7707006369426752,0.2013888888888889,0.2876712328767123,0.07534246575342465,0.49586776859504134,0.2066115702479339,0.008264462809917356,7.200000000000001,0.6000000000000001,5.600000000000001,0.15819209039548024,0.5351175350887581,0.18293629321572172,0.5351175350887581,0.6666666666666666,"{""bet365"": {""0.5"": {""over"": -240, ""under"": 180}}, ""betmgm"": {""0.5"": {""over"": -235}}}",0.5,over,betmgm,-235.0,0.7014925373134329,True,-0.1664,1.5,,,,,False,
683002,Gunnar Henderson,BAL,DET,0,3.0,1.0,672456.0,Keider Montero,R,824245,6:40 PM ET,Comerica Park,0,1,0.2517241379310345,2026-07-27,824245,0.0,0,97.6,97.8,106.5,L,5,5,0,0,0,0,0,0,0,1,0,4,0,2,1,1,2,0.3005,0.40925,0,0,0,0,1,0,0.20967741935483872,0.2647058823529412,0.7096774193548387,0.2608695652173913,0.2558139534883721,0.1774193548387097,0.028985507246376812,0.043478260869565216,0.0967741935483871,1.6,1.2,0.4222222222222222,0.2,0.4888888888888889,0.24444444444444444,0.022222222222222223,0.35565444444444444,0.5973255555555556,0.3,0.25,0.37094999999999995,0.8693,0.1935483870967742,0.27419354838709675,0.23529411764705882,0.23809523809523808,0.5238095238095238,0.16901408450704225,0.7707006369426752,0.2013888888888889,0.2876712328767123,0.07534246575342465,0.49586776859504134,0.2066115702479339,0.008264462809917356,7.200000000000001,0.6000000000000001,5.600000000000001,0.15819209039548024,0.6108659939799453,0.22834029587078364,0.6108659939799453,1.2,"{""bet365"": {""0.5"": {""over"": -190, ""under"": 140}}, ""betmgm"": {""0.5"": {""over"": -175}}}",0.5,over,betmgm,-175.0,0.6363636363636364,True,-0.0255,1.5,,,,,False,
702616,Jackson Holliday,BAL,DET,0,6.0,1.0,672456.0,Keider Montero,R,824245,6:40 PM ET,Comerica Park,0,1,0.2517241379310345,2026-07-27,824245,0.0,0,97.6,97.8,106.5,L,5,3,0,0,0,0,2,0,0,0,0,3,0,0,1,2,0,0.17700000000000002,0.20266666666666666,0,0,0,0,0,0,0.36363636363636365,0.4883720930232558,0.7575757575757576,0.18604651162790697,0.46153846153846156,0.06060606060606061,0.0,0.046511627906976744,0.06060606060606061,0.9333333333333333,0.5333333333333333,0.34615384615384615,0.23076923076923078,0.5769230769230769,0.15384615384615385,0.0,0.3303712121212121,0.39405303030303024,0.42857142857142855,0.11764705882352941,0.3502833333333334,0.4174166666666667,0.25,0.375,0.16279069767441862,0.23076923076923078,0.2692307692307692,0.2459016393442623,0.7707006369426752,0.2013888888888889,0.2876712328767123,0.07534246575342465,0.49586776859504134,0.2066115702479339,0.008264462809917356,7.200000000000001,0.6000000000000001,5.600000000000001,0.15819209039548024,0.4818058396640393,0.12936635219128048,0.4818058396640393,0.5333333333333333,"{""bet365"": {""0.5"": {""over"": -190, ""under"": 140}}, ""betmgm"": {""0.5"": {""over"": -160}}}",0.5,over,betmgm,-160.0,0.6153846153846154,True,-0.1336,1.5,,,,,False,
669236,Jeremiah Jackson,BAL,DET,0,8.0,1.0,672456.0,Keider Montero,R,824245,6:40 PM ET,Comerica Park,1,1,0.2517241379310345,2026-07-27,824245,0.0,0,97.6,97.8,106.5,R,1,1,0,0,0,0,0,0,0,0,0,1,0,0,0,1,0,0.052,0.054,0,0,0,0,0,0,0.24324324324324326,0.2564102564102564,0.7837837837837838,0.2,0.27586206896551724,0.16216216216216217,0.025,0.075,0.10810810810810811,1.0,0.5333333333333333,0.3225806451612903,0.25806451612903225,0.45161290322580644,0.22580645161290322,0.03225806451612903,0.3313069444444445,0.5335375,0.2857142857142857,0.2,0.3948333333333334,0.7204166666666667,0.32558139534883723,0.4883720930232558,0.13333333333333333,0.16666666666666666,0.21428571428571427,0.23255813953488372,0.7707006369426752,0.2013888888888889,0.2876712328767123,0.07534246575342465,0.49586776859504134,0.2066115702479339,0.008264462809917356,7.200000000000001,0.6000000000000001,5.600000000000001,0.15819209039548024,0.45774233722606145,0.11218265326273003,0.45774233722606145,0.5333333333333333,,0.5,,,,,False,,1.5,,,,,False,
665750,Leody Taveras,BAL,DET,0,5.0,1.0,672456.0,Keider Montero,R,824245,6:40 PM ET,Comerica Park,1,1,0.2517241379310345,2026-07-27,824245,0.0,0,97.6,97.8,106.5,R,1,1,0,0,0,0,0,0,0,0,0,1,0,0,1,0,0,0.023,0.043,0,0,0,0,0,0,0.15625,0.2702702702702703,0.65625,0.2894736842105263,0.2,0.09375,0.02631578947368421,0.0,0.03125,0.5333333333333333,0.7333333333333333,0.22727272727272727,0.18181818181818182,0.5909090909090909,0.18181818181818182,0.045454545454545456,0.3106025641025641,0.45889743589743587,0.0,0.25,0.17808333333333345,0.19779166666666634,0.20754716981132076,0.33962264150943394,0.35,0.18604651162790697,0.27906976744186046,0.30612244897959184,0.7707006369426752,0.2013888888888889,0.2876712328767123,0.07534246575342465,0.49586776859504134,0.2066115702479339,0.008264462809917356,7.200000000000001,0.6000000000000001,5.600000000000001,0.15819209039548024,0.5962067173534822,0.1928182485363709,0.5962067173534822,0.7333333333333333,"{""bet365"": {""0.5"": {""over"": -210, ""under"": 155}}, ""betmgm"": {""0.5"": {""over"": -200}}}",0.5,over,betmgm,-200.0,0.6666666666666666,True,-0.0705,1.5,,,,,False,
624413,Pete Alonso,BAL,DET,0,2.0,1.0,672456.0,Keider Montero,R,824245,6:40 PM ET,Comerica Park,1,1,0.2517241379310345,2026-07-27,824245,0.0,0,97.6,97.8,106.5,R,5,4,2,0,0,1,1,0,0,1,5,3,1,3,2,1,0,0.438,1.487,1,1,1,1,1,0,0.20689655172413793,0.3235294117647059,0.6896551724137931,0.2647058823529412,0.2631578947368421,0.1724137931034483,0.029411764705882353,0.058823529411764705,0.10344827586206896,1.4666666666666666,1.2,0.575,0.3,0.3,0.325,0.0,0.4128678571428571,0.6657047619047619,0.2608695652173913,0.16666666666666666,0.42091,0.6609800000000001,0.24561403508771928,0.3684210526315789,0.2647058823529412,0.2982456140350877,0.5087719298245614,0.3181818181818182,0.7707006369426752,0.2013888888888889,0.2876712328767123,0.07534246575342465,0.49586776859504134,0.2066115702479339,0.008264462809917356,7.200000000000001,0.6000000000000001,5.600000000000001,0.15819209039548024,0.6719485555164347,0.27348813234489927,0.6719485555164347,1.2,"{""bet365"": {""0.5"": {""over"": -240, ""under"": 180}}, ""betmgm"": {""0.5"": {""over"": -275}}}",0.5,over,bet365,-240.0,0.7058823529411765,True,-0.0339,1.5,,,,,False,
621493,Taylor Ward,BAL,DET,0,4.0,1.0,672456.0,Keider Montero,R,824245,6:40 PM ET,Comerica Park,1,1,0.2517241379310345,2026-07-27,824245,0.0,0,97.6,97.8,106.5,R,5,5,2,0,0,0,0,0,0,1,2,4,0,1,2,0,1,0.4255,0.77525,1,1,1,1,1,0,0.2549019607843137,0.4411764705882353,0.7843137254901961,0.16176470588235295,0.2894736842105263,0.1568627450980392,0.029411764705882353,0.029411764705882353,0.0784313725490196,1.4,0.7333333333333333,0.375,0.4,0.275,0.2,0.0,0.32191888888888887,0.4904155555555556,0.23809523809523808,0.16666666666666666,0.40595666666666663,0.4860133333333329,0.2,0.2727272727272727,0.14492753623188406,0.3275862068965517,0.46551724137931033,0.23529411764705882,0.7707006369426752,0.2013888888888889,0.2876712328767123,0.07534246575342465,0.49586776859504134,0.2066115702479339,0.008264462809917356,7.200000000000001,0.6000000000000001,5.600000000000001,0.15819209039548024,0.5476248923495178,0.1676648509727008,0.5476248923495178,0.7333333333333333,"{""bet365"": {""0.5"": {""over"": -210, ""under"": 155}}, ""betmgm"": {""0.5"": {""over"": -200}}}",0.5,over,betmgm,-200.0,0.6666666666666666,True,-0.119,1.5,,,,,False,
664040,Brandon Lowe,PIT,AZ,1,2.0,1.0,518876.0,Merrill Kelly,R,823353,6:40 PM ET,PNC Park,0,1,0.2564991334488735,2026-07-27,823353,0.0,0,100.5,96.8,86.2,L,4,4,3,1,0,0,0,0,0,0,4,4,0,0,2,0,2,0.39999999999999997,0.4555,1,1,1,1,0,0,0.22950819672131148,0.2727272727272727,0.639344262295082,0.3283582089552239,0.3333333333333333,0.08196721311475409,0.014925373134328358,0.029850746268656716,0.04918032786885246,1.2666666666666666,1.4666666666666666,0.425,0.275,0.375,0.325,0.0,0.35833333333333334,0.5349166666666666,0.15789473684210525,0.38095238095238093,0.41723333333333346,0.6044,0.26153846153846155,0.4,0.2916666666666667,0.18181818181818182,0.2909090909090909,0.3387096774193548,0.7579365079365079,0.23809523809523808,0.5067264573991032,0.2242152466367713,0.4397905759162304,0.25654450261780104,0.06806282722513089,10.087912087912088,1.9285714285714288,4.895604395604396,0.12547528517110265,0.7077725760285101,0.19580604499765086,0.7077725760285101,1.4666666666666666,"{""bet365"": {""0.5"": {""over"": -290, ""under"": 205}}, ""betmgm"": {""0.5"": {""over"": -200}}}",0.5,over,betmgm,-200.0,0.6666666666666666,True,0.0411,1.5,,,,,False,
668804,Bryan Reynolds,PIT,AZ,1,3.0,1.0,518876.0,Merrill Kelly,R,823353,6:40 PM ET,PNC Park,0,1,0.2564991334488735,2026-07-27,823353,0.0,0,100.5,96.8,86.2,L,3,3,1,1,0,0,0,0,0,1,2,2,0,2,2,0,0,0.5455,1.8275000000000001,1,0,1,1,1,0,0.14285714285714285,0.23076923076923078,0.5142857142857142,0.4358974358974359,0.2777777777777778,0.05714285714285714,0.0,0.05128205128205128,0.05714285714285714,0.4666666666666667,1.1333333333333333,0.2777777777777778,0.2222222222222222,0.3888888888888889,0.2777777777777778,0.0,0.37920000000000004,0.6714833333333334,0.0,0.4,0.3200000000000002,0.6228333333333332,0.23728813559322035,0.4576271186440678,0.3,0.2413793103448276,0.39655172413793105,0.3230769230769231,0.7579365079365079,0.23809523809523808,0.5067264573991032,0.2242152466367713,0.4397905759162304,0.25654450261780104,0.06806282722513089,10.087912087912088,1.9285714285714288,4.895604395604396,0.12547528517110265,0.6674555943779142,0.1888793016637973,0.6674555943779142,1.1333333333333333,"{""bet365"": {""0.5"": {""over"": -220, ""under"": 160}}, ""betmgm"": {""0.5"": {""over"": -165}}}",0.5,over,betmgm,-165.0,0.6226415094339622,True,0.0448,1.5,,,,,False,
699013,Esmerlyn Valdez,PIT,AZ,1,4.0,1.0,518876.0,Merrill Kelly,R,823353,6:40 PM ET,PNC Park,1,1,0.2564991334488735,2026-07-27,823353,0.0,0,100.5,96.8,86.2,R,4,3,2,0,0,1,1,0,0,1,5,2,1,1,1,0,1,0.9185000000000001,2.2855,1,1,1,1,1,0,0.2222222222222222,0.36363636363636365,0.46296296296296297,0.4393939393939394,0.2777777777777778,0.42592592592592593,0.10606060606060606,0.030303030303030304,0.16666666666666666,2.3333333333333335,1.9333333333333333,0.6,0.08,0.32,0.48,0.12,0.3842142857142857,0.9702976190476191,0.13333333333333333,0.42857142857142855,0.71975,1.6835833333333334,0.3389830508474576,0.7457627118644068,0.373134328358209,0.27906976744186046,0.7674418604651163,0.34615384615384615,0.7579365079365079,0.23809523809523808,0.5067264573991032,0.2242152466367713,0.4397905759162304,0.25654450261780104,0.06806282722513089,10.087912087912088,1.9285714285714288,4.895604395604396,0.12547528517110265,0.690101757671998,0.25569204162208237,0.690101757671998,1.9333333333333333,"{""bet365"": {""1.5"": {""over"": 100, ""under"": -135}}, ""betmgm"": {""1.5"": {""over"": 165}}}",0.5,,,,,False,,1.5,over,betmgm,165.0,0.37735849056603776,True,-0.1217
680779,Henry Davis,PIT,AZ,1,9.0,1.0,518876.0,Merrill Kelly,R,823353,6:40 PM ET,PNC Park,1,1,0.2564991334488735,2026-07-27,823353,0.0,0,100.5,96.8,86.2,R,3,2,1,0,0,0,0,1,0,0,1,2,0,1,1,1,0,0.3085,0.34950000000000003,1,0,1,0,0,0,0.24444444444444444,0.3333333333333333,0.7111111111111111,0.2549019607843137,0.3,0.13333333333333333,0.0392156862745098,0.0,0.044444444444444446,1.1333333333333333,0.8666666666666667,0.4375,0.21875,0.40625,0.1875,0.0,0.26680952380952383,0.35625,0.23529411764705882,0.3888888888888889,0.34062499999999996,0.4352083333333332,0.26666666666666666,0.5777777777777777,0.25,0.11363636363636363,0.11363636363636363,0.14583333333333334,0.7579365079365079,0.23809523809523808,0.5067264573991032,0.2242152466367713,0.4397905759162304,0.25654450261780104,0.06806282722513089,10.087912087912088,1.9285714285714288,4.895604395604396,0.12547528517110265,0.3691737088636313,0.058853720331480765,0.3691737088636313,0.8666666666666667,"{""betmgm"": {""0.5"": {""over"": -150}}}",0.5,over,betmgm,-150.0,0.6,True,-0.2308,1.5,,,,,False,
694378,Jacob Gonzalez,PIT,AZ,1,7.0,1.0,518876.0,Merrill Kelly,R,823353,6:40 PM ET,PNC Park,0,1,0.2564991334488735,2026-07-27,823353,0.0,0,100.5,96.8,86.2,L,4,4,0,0,0,0,0,0,0,0,0,4,0,0,1,3,0,0.14275,0.1585,0,0,0,0,0,0,0.2631578947368421,0.28205128205128205,0.8421052631578947,0.15,0.26666666666666666,0.23684210526315788,0.05,0.075,0.13157894736842105,1.2666666666666666,0.4,0.45454545454545453,0.36363636363636365,0.30303030303030304,0.2727272727272727,0.0,0.3345384615384615,0.5165384615384615,0.21428571428571427,0.07142857142857142,0.3004,0.45244999999999996,0.2894736842105263,0.5263157894736842,0.14634146341463414,0.15384615384615385,0.23076923076923078,0.2,0.7579365079365079,0.23809523809523808,0.5067264573991032,0.2242152466367713,0.4397905759162304,0.25654450261780104,0.06806282722513089,10.087912087912088,1.9285714285714288,4.895604395604396,0.12547528517110265,0.41782203371391696,0.06373141323211261,0.41782203371391696,0.4,"{""bet365"": {""0.5"": {""over"": -120, ""under"": -110}}, ""betmgm"": {""0.5"": {""over"": 100}}}",0.5,over,betmgm,100.0,0.5,True,-0.0822,1.5,,,,,False,
663968,Jake Mangum,PIT,AZ,1,1.0,1.0,518876.0,Merrill Kelly,R,823353,6:40 PM ET,PNC Park,0,1,0.2564991334488735,2026-07-27,823353,0.0,0,100.5,96.8,86.2,L,4,4,1,0,0,0,0,0,0,2,1,2,0,0,0,1,1,0.176,0.28550000000000003,1,0,1,0,1,1,0.2777777777777778,0.2972972972972973,0.8333333333333334,0.15789473684210525,0.3333333333333333,0.05555555555555555,0.0,0.0,0.027777777777777776,0.8,0.4,0.16666666666666666,0.23333333333333334,0.5333333333333333,0.23333333333333334,0.0,0.31179487179487175,0.375551282051282,0.3,0.2,0.2888611111111112,0.31405555555555553,0.3114754098360656,0.4098360655737705,0.14705882352941177,0.3090909090909091,0.38181818181818183,0.20689655172413793,0.7579365079365079,0.23809523809523808,0.5067264573991032,0.2242152466367713,0.4397905759162304,0.25654450261780104,0.06806282722513089,10.087912087912088,1.9285714285714288,4.895604395604396,0.12547528517110265,0.41758722051035296,0.08287534311970403,0.41758722051035296,0.4,"{""bet365"": {""0.5"": {""over"": 110, ""under"": -150}}, ""betmgm"": {""0.5"": {""over"": 115}}}",0.5,over,betmgm,115.0,0.46511627906976744,True,-0.0475,1.5,,,,,False,
693304,Nick Gonzales,PIT,AZ,1,6.0,1.0,518876.0,Merrill Kelly,R,823353,6:40 PM ET,PNC Park,1,1,0.2564991334488735,2026-07-27,823353,0.0,0,100.5,96.8,86.2,R,4,4,2,0,0,0,0,0,0,0,2,4,0,2,1,3,0,0.3125,0.38425,1,1,1,1,0,0,0.3333333333333333,0.3939393939393939,0.8166666666666667,0.16666666666666666,0.3829787234042553,0.18333333333333332,0.030303030303030304,0.07575757575757576,0.11666666666666667,2.066666666666667,0.7333333333333333,0.3469387755102041,0.24489795918367346,0.5102040816326531,0.22448979591836735,0.02040816326530612,0.29668555555555554,0.4514577777777778,0.3181818181818182,0.13636363636363635,0.2937333333333333,0.45548,0.4339622641509434,0.660377358490566,0.16666666666666666,0.26153846153846155,0.35384615384615387,0.16666666666666666,0.7579365079365079,0.23809523809523808,0.5067264573991032,0.2242152466367713,0.4397905759162304,0.25654450261780104,0.06806282722513089,10.087912087912088,1.9285714285714288,4.895604395604396,0.12547528517110265,0.5215250241906465,0.16334046084792134,0.5215250241906465,0.7333333333333333,"{""bet365"": {""0.5"": {""over"": -140, ""under"": 105}}, ""betmgm"": {""0.5"": {""over"": -105}}}",0.5,over,betmgm,-105.0,0.5121951219512195,True,0.0093,1.5,,,,,False,
656811,Ryan O'Hearn,PIT,AZ,1,5.0,1.0,518876.0,Merrill Kelly,R,823353,6:40 PM ET,PNC Park,0,1,0.2564991334488735,2026-07-27,823353,0.0,0,100.5,96.8,86.2,L,4,2,1,0,0,1,2,0,0,0,4,2,1,1,1,1,0,0.423,1.2195,1,0,1,1,0,0,0.25,0.3548387096774194,0.7115384615384616,0.24193548387096775,0.2857142857142857,0.19230769230769232,0.04838709677419355,0.016129032258064516,0.07692307692307693,1.5333333333333334,1.0,0.5263157894736842,0.23684210526315788,0.3684210526315789,0.3684210526315789,0.10526315789473684,0.3329916666666667,0.5552083333333334,0.2631578947368421,0.42105263157894735,0.33180000000000004,0.4258999999999998,0.288135593220339,0.559322033898305,0.2727272727272727,0.20408163265306123,0.2857142857142857,0.2909090909090909,0.7579365079365079,0.23809523809523808,0.5067264573991032,0.2242152466367713,0.4397905759162304,0.25654450261780104,0.06806282722513089,10.087912087912088,1.9285714285714288,4.895604395604396,0.12547528517110265,0.6451397120185262,0.20775159235330135,0.6451397120185262,1.0,"{""bet365"": {""0.5"": {""over"": -135, ""under"": 100}}, ""betmgm"": {""0.5"": {""over"": -110}}}",0.5,over,betmgm,-110.0,0.5238095238095238,True,0.1213,1.5,,,,,False,
682997,Tyler Callihan,PIT,AZ,1,8.0,1.0,518876.0,Merrill Kelly,R,823353,6:40 PM ET,PNC Park,0,1,0.2564991334488735,2026-07-27,823353,0.0,0,100.5,96.8,86.2,L,3,3,0,0,0,0,0,0,0,1,0,2,0,0,1,0,0,0.024,0.0305,0,0,0,0,1,0,0.2,0.23809523809523808,0.55,0.42857142857142855,0.3333333333333333,0.125,0.023809523809523808,0.047619047619047616,0.075,0.8666666666666667,1.2,0.2727272727272727,0.2727272727272727,0.3181818181818182,0.36363636363636365,0.0,0.34093148148148145,0.49287037037037035,0.1111111111111111,0.7777777777777778,0.09925,0.12125000000000002,0.2,0.325,0.42857142857142855,,,,0.7579365079365079,0.23809523809523808,0.5067264573991032,0.2242152466367713,0.4397905759162304,0.25654450261780104,0.06806282722513089,10.087912087912088,1.9285714285714288,4.895604395604396,0.12547528517110265,0.6257120494482826,0.13902031007600982,0.6257120494482826,1.2,"{""betmgm"": {""0.5"": {""over"": -155}}}",0.5,over,betmgm,-155.0,0.6078431372549019,True,0.0179,1.5,,,,,False,
680728,Adrian Del Castillo,AZ,PIT,0,7.0,1.0,656605.0,Mitch Keller,R,823353,6:40 PM ET,PNC Park,0,1,0.1945392491467577,2026-07-27,823353,0.0,0,100.5,96.8,86.2,L,3,3,1,0,0,0,0,0,0,0,1,3,0,1,1,0,2,0.3933333333333333,0.6456666666666666,1,0,1,0,0,0,0.23255813953488372,0.2826086956521739,0.7209302325581395,0.2553191489361702,0.3,0.11627906976744186,0.02127659574468085,0.0425531914893617,0.06976744186046512,1.0,0.8,0.375,0.25,0.40625,0.25,0.0,0.32335416666666666,0.5795555555555555,0.3333333333333333,0.35,0.34099999999999997,0.7862291666666666,0.22727272727272727,0.3409090909090909,0.2857142857142857,0.2647058823529412,0.5,0.35294117647058826,0.721030042918455,0.25510204081632654,0.5242718446601942,0.23300970873786409,0.375,0.2857142857142857,0.02976190476190476,10.631250000000001,1.6875000000000002,6.581250000000001,0.16115702479338842,0.5649171353356469,0.2210685419024178,0.5649171353356469,0.8,"{""bet365"": {""0.5"": {""over"": -275, ""under"": 200}}, ""betmgm"": {""0.5"": {""over"": -220}}}",0.5,over,betmgm,-220.0,0.6875,True,-0.1226,1.5,,,,,False,
682998,Corbin Carroll,AZ,PIT,0,1.0,1.0,656605.0,Mitch Keller,R,823353,6:40 PM ET,PNC Park,0,1,0.1945392491467577,2026-07-27,823353,0.0,0,100.5,96.8,86.2,L,5,4,1,1,0,0,1,0,0,0,2,4,0,3,2,0,1,0.1845,0.413,1,0,1,1,0,0,0.16071428571428573,0.2727272727272727,0.6785714285714286,0.2727272727272727,0.1891891891891892,0.21428571428571427,0.030303030303030304,0.030303030303030304,0.10714285714285714,1.4,1.2,0.48717948717948717,0.02564102564102564,0.5384615384615384,0.4358974358974359,0.05128205128205128,0.26057777777777774,0.5046611111111111,0.25,0.25,0.3164,0.671116666666667,0.14285714285714285,0.2857142857142857,0.2835820895522388,0.31666666666666665,0.6,0.16666666666666666,0.721030042918455,0.25510204081632654,0.5242718446601942,0.23300970873786409,0.375,0.2857142857142857,0.02976190476190476,10.631250000000001,1.6875000000000002,6.581250000000001,0.16115702479338842,0.5702978345406314,0.18988919566944684,0.5702978345406314,1.2,"{""bet365"": {""0.5"": {""over"": -275, ""under"": 200}}, ""betmgm"": {""0.5"": {""over"": -235}}}",0.5,over,betmgm,-235.0,0.7014925373134329,True,-0.1312,1.5,,,,,False,
672515,Gabriel Moreno,AZ,PIT,0,3.0,1.0,656605.0,Mitch Keller,R,823353,6:40 PM ET,PNC Park,1,1,0.1945392491467577,2026-07-27,823353,0.0,0,100.5,96.8,86.2,R,5,3,2,2,0,0,1,0,1,0,4,4,0,3,2,2,0,0.3176666666666667,0.4656666666666667,1,1,1,1,0,0,0.40350877192982454,0.4626865671641791,0.8596491228070176,0.11940298507462686,0.44,0.12280701754385964,0.014925373134328358,0.05970149253731343,0.08771929824561403,2.0,0.5333333333333333,0.35294117647058826,0.37254901960784315,0.35294117647058826,0.2549019607843137,0.0,0.46008333333333334,0.6704611111111111,0.42105263157894735,0.08333333333333333,0.5212666666666667,0.8578833333333332,0.42857142857142855,0.5,0.1044776119402985,0.19230769230769232,0.4423076923076923,0.2,0.721030042918455,0.25510204081632654,0.5242718446601942,0.23300970873786409,0.375,0.2857142857142857,0.02976190476190476,10.631250000000001,1.6875000000000002,6.581250000000001,0.16115702479338842,0.49521376640608433,0.09563429407991726,0.49521376640608433,0.5333333333333333,"{""bet365"": {""0.5"": {""over"": -150, ""under"": 110}}, ""betmgm"": {""0.5"": {""over"": -135}}}",0.5,over,betmgm,-135.0,0.574468085106383,True,-0.0793,1.5,,,,,False,
672695,Geraldo Perdomo,AZ,PIT,0,2.0,1.0,656605.0,Mitch Keller,R,823353,6:40 PM ET,PNC Park,1,1,0.1945392491467577,2026-07-27,823353,0.0,0,100.5,96.8,86.2,R,1,0,0,0,0,0,1,0,0,0,0,0,0,0,0,0,0,0.273,0.8744999999999999,0,0,0,0,0,0,0.16129032258064516,0.36585365853658536,0.8709677419354839,0.09523809523809523,0.12,0.22580645161290322,0.047619047619047616,0.023809523809523808,0.0967741935483871,0.8,0.26666666666666666,0.17857142857142858,0.17857142857142858,0.35714285714285715,0.39285714285714285,0.03571428571428571,0.16168452380952383,0.2537202380952381,0.125,0.15384615384615385,0.1568750000000002,0.3268749999999999,0.2037037037037037,0.35185185185185186,0.08823529411764706,0.22580645161290322,0.2903225806451613,0.14925373134328357,0.721030042918455,0.25510204081632654,0.5242718446601942,0.23300970873786409,0.375,0.2857142857142857,0.02976190476190476,10.631250000000001,1.6875000000000002,6.581250000000001,0.16115702479338842,0.34461315871603243,0.06154285375931132,0.34461315871603243,0.26666666666666666,"{""bet365"": {""0.5"": {""over"": -130, ""under"": -105}}, ""betmgm"": {""0.5"": {""over"": 115}}}",0.5,over,betmgm,115.0,0.46511627906976744,True,-0.1205,1.5,,,,,False,
545121,Ildemaro Vargas,AZ,PIT,0,8.0,1.0,656605.0,Mitch Keller,R,823353,6:40 PM ET,PNC Park,0,1,0.1945392491467577,2026-07-27,823353,0.0,0,100.5,96.8,86.2,L,1,0,0,0,0,0,1,0,0,0,0,0,0,0,0,0,0,0.966,1.113,0,0,0,0,0,0,0.3783783783783784,0.41025641025641024,0.8918918918918919,0.10256410256410256,0.42424242424242425,0.10810810810810811,0.0,0.05128205128205128,0.08108108108108109,1.2,0.26666666666666666,0.5151515151515151,0.42424242424242425,0.42424242424242425,0.12121212121212122,0.0,0.34213444444444446,0.44228555555555554,0.5384615384615384,0.0,0.36765333333333344,0.43550666666666665,0.21153846153846154,0.3076923076923077,0.10344827586206896,0.20930232558139536,0.2558139534883721,0.08163265306122448,0.721030042918455,0.25510204081632654,0.5242718446601942,0.23300970873786409,0.375,0.2857142857142857,0.02976190476190476,10.631250000000001,1.6875000000000002,6.581250000000001,0.16115702479338842,0.34501687451125657,0.048160027427998194,0.34501687451125657,0.26666666666666666,,0.5,,,,,False,,1.5,,,,,False,
606466,Ketel Marte,AZ,PIT,0,4.0,1.0,656605.0,Mitch Keller,R,823353,6:40 PM ET,PNC Park,0,1,0.1945392491467577,2026-07-27,823353,0.0,0,100.5,96.8,86.2,L,5,5,1,0,0,1,0,0,0,1,4,4,0,1,1,1,0,0.32,0.90125,1,0,1,1,1,0,0.19148936170212766,0.22,0.723404255319149,0.26,0.23529411764705882,0.0851063829787234,0.02,0.02,0.0425531914893617,0.8666666666666667,0.8666666666666667,0.3142857142857143,0.17142857142857143,0.45714285714285713,0.3142857142857143,0.0,0.28239102564102564,0.4163461538461538,0.25,0.16666666666666666,0.29508333333333325,0.40633333333333344,0.1935483870967742,0.25806451612903225,0.23529411764705882,0.31746031746031744,0.5873015873015873,0.14492753623188406,0.721030042918455,0.25510204081632654,0.5242718446601942,0.23300970873786409,0.375,0.2857142857142857,0.02976190476190476,10.631250000000001,1.6875000000000002,6.581250000000001,0.16115702479338842,0.46745899430620463,0.14225165743953935,0.46745899430620463,0.8666666666666667,"{""bet365"": {""0.5"": {""over"": -150, ""under"": 110}}, ""betmgm"": {""0.5"": {""over"": -110}}}",0.5,over,betmgm,-110.0,0.5238095238095238,True,-0.0564,1.5,,,,,False,
596146,Max Kepler,AZ,PIT,0,5.0,1.0,656605.0,Mitch Keller,R,823353,6:40 PM ET,PNC Park,0,1,0.1945392491467577,2026-07-27,823353,0.0,0,100.5,96.8,86.2,L,3,3,0,0,0,0,0,0,0,1,0,2,0,1,1,0,1,0.1655,0.317,0,0,0,0,1,0,0.25,0.3137254901960784,0.75,0.21568627450980393,0.2727272727272727,0.20454545454545456,0.0392156862745098,0.058823529411764705,0.11363636363636363,1.3333333333333333,0.7333333333333333,0.45714285714285713,0.22857142857142856,0.2857142857142857,0.2857142857142857,0.05714285714285714,0.24033589743589745,0.422,0.23076923076923078,0.0625,0.20750000000000002,0.4052999999999999,0.23255813953488372,0.4418604651162791,0.18,0.15384615384615385,0.17307692307692307,0.27586206896551724,0.721030042918455,0.25510204081632654,0.5242718446601942,0.23300970873786409,0.375,0.2857142857142857,0.02976190476190476,10.631250000000001,1.6875000000000002,6.581250000000001,0.16115702479338842,0.507754896830527,0.13235196074293568,0.507754896830527,0.7333333333333333,"{""bet365"": {""0.5"": {""over"": -155, ""under"": 115}}, ""betmgm"": {""0.5"": {""over"": -140}}}",0.5,over,betmgm,-140.0,0.5833333333333334,True,-0.0756,1.5,,,,,False,
814439,Ryan Waldschmidt,AZ,PIT,0,9.0,1.0,656605.0,Mitch Keller,R,823353,6:40 PM ET,PNC Park,1,1,0.1945392491467577,2026-07-27,823353,0.0,0,100.5,96.8,86.2,R,2,2,2,1,0,0,0,0,0,0,3,2,0,1,1,1,0,0.494,0.533,1,1,1,1,0,0,0.2,0.23636363636363636,0.6,0.36363636363636365,0.2903225806451613,0.14,0.01818181818181818,0.07272727272727272,0.1,1.1333333333333333,1.3333333333333333,0.28125,0.25,0.28125,0.4375,0.0625,0.3244761904761905,0.5582857142857143,0.29411764705882354,0.3333333333333333,0.44653333333333334,0.6836,0.17647058823529413,0.3137254901960784,0.375,0.41025641025641024,0.5897435897435898,0.2926829268292683,0.721030042918455,0.25510204081632654,0.5242718446601942,0.23300970873786409,0.375,0.2857142857142857,0.02976190476190476,10.631250000000001,1.6875000000000002,6.581250000000001,0.16115702479338842,0.5386447645694595,0.1537784034014147,0.5386447645694595,1.3333333333333333,,0.5,,,,,False,,1.5,,,,,False,
682988,Tyler Locklear,AZ,PIT,0,6.0,1.0,656605.0,Mitch Keller,R,823353,6:40 PM ET,PNC Park,1,1,0.1945392491467577,2026-07-27,823353,0.0,0,100.5,96.8,86.2,R,5,3,0,0,0,0,0,1,1,0,0,4,0,1,1,2,0,0.10666666666666667,0.11033333333333334,0,0,0,0,0,0,0.22448979591836735,0.3333333333333333,0.6530612244897959,0.2982456140350877,0.3,0.14285714285714285,0.03508771929824561,0.017543859649122806,0.061224489795918366,1.2,1.1333333333333333,0.4375,0.21875,0.5,0.28125,0.0,0.37997777777777775,0.6391277777777777,0.375,0.15789473684210525,0.45299999999999996,0.7714833333333333,0.22727272727272727,0.3181818181818182,0.34,0.14893617021276595,0.2765957446808511,0.3584905660377358,0.721030042918455,0.25510204081632654,0.5242718446601942,0.23300970873786409,0.375,0.2857142857142857,0.02976190476190476,10.631250000000001,1.6875000000000002,6.581250000000001,0.16115702479338842,0.6955985665343051,0.3456755770905387,0.6955985665343051,1.1333333333333333,"{""betmgm"": {""0.5"": {""over"": -250}}, ""bet365"": {""1.5"": {""over"": 200, ""under"": -275}}}",0.5,over,betmgm,-250.0,0.7142857142857143,True,-0.0187,1.5,over,bet365,200.0,0.3333333333333333,True,0.0123
665052,Griffin Conine,MIA,PHI,1,6.0,1.0,554430.0,Zack Wheeler,R,823839,6:40 PM ET,loanDepot Park,0,1,0.22163120567375885,2026-07-27,823839,,0,99.1,96.1,86.7,L,3,1,0,0,0,0,2,0,0,0,0,1,0,1,0,1,0,0.179,0.187,0,0,0,0,0,0,0.3023255813953488,0.3333333333333333,0.6511627906976745,0.3333333333333333,0.375,0.32558139534883723,0.08888888888888889,0.044444444444444446,0.13953488372093023,1.8,1.0,0.5714285714285714,0.21428571428571427,0.4642857142857143,0.2857142857142857,0.03571428571428571,0.44252222222222226,0.9707500000000001,0.1875,0.29411764705882354,0.3424666666666667,0.5996,0.2558139534883721,0.5813953488372093,0.32653061224489793,0.3023255813953488,0.5116279069767442,0.22916666666666666,0.6,0.14761904761904762,0.3333333333333333,0.1506849315068493,0.4397163120567376,0.22695035460992907,0.03546099290780142,6.064171122994653,1.299465240641711,10.973262032085561,0.31932773109243695,0.7079262658197436,0.2839899130473214,0.7079262658197436,1.0,"{""bet365"": {""1.5"": {""over"": 100, ""under"": -135}}, ""betmgm"": {""1.5"": {""over"": 110}}}",0.5,,,,,False,,1.5,over,betmgm,110.0,0.47619047619047616,True,-0.1922
681715,Heriberto Hernández,MIA,PHI,1,3.0,1.0,554430.0,Zack Wheeler,R,823839,6:40 PM ET,loanDepot Park,1,1,0.22163120567375885,2026-07-27,823839,,0,99.1,96.1,86.7,R,4,4,0,0,0,0,0,0,0,1,0,3,0,1,0,2,0,0.06366666666666666,0.07200000000000001,0,0,0,0,1,0,0.32142857142857145,0.3770491803278688,0.6428571428571429,0.32786885245901637,0.41935483870967744,0.39285714285714285,0.08196721311475409,0.11475409836065574,0.21428571428571427,2.6666666666666665,1.3333333333333333,0.6111111111111112,0.25,0.3055555555555556,0.4166666666666667,0.08333333333333333,0.4664333333333333,1.1297444444444444,0.3333333333333333,0.38095238095238093,0.5128999999999999,1.1525666666666667,0.26,0.54,0.2641509433962264,0.3181818181818182,0.6818181818181818,0.29411764705882354,0.6,0.14761904761904762,0.3333333333333333,0.1506849315068493,0.4397163120567376,0.22695035460992907,0.03546099290780142,6.064171122994653,1.299465240641711,10.973262032085561,0.31932773109243695,0.7406815275116752,0.354131175709762,0.7406815275116752,1.3333333333333333,"{""bet365"": {""1.5"": {""over"": -105, ""under"": -130}}, ""betmgm"": {""1.5"": {""over"": 130}}}",0.5,,,,,False,,1.5,over,betmgm,130.0,0.43478260869565216,True,-0.0807
805300,Jakob Marsee,MIA,PHI,1,9.0,1.0,554430.0,Zack Wheeler,R,823839,6:40 PM ET,loanDepot Park,0,1,0.22163120567375885,2026-07-27,823839,,0,99.1,96.1,86.7,L,1,1,0,0,0,0,0,0,0,0,0,1,0,0,1,0,0,0.017,0.017,0,0,0,0,0,0,0.25,0.37735849056603776,0.7727272727272727,0.18518518518518517,0.30303030303030304,0.06818181818181818,0.018518518518518517,0.0,0.022727272727272728,0.9333333333333333,0.6666666666666666,0.3142857142857143,0.2,0.45714285714285713,0.22857142857142856,0.0,0.3334722222222223,0.4844555555555556,0.21428571428571427,0.375,0.3167000000000001,0.35750000000000004,0.13725490196078433,0.19607843137254902,0.18032786885245902,0.19607843137254902,0.3137254901960784,0.25,0.6,0.14761904761904762,0.3333333333333333,0.1506849315068493,0.4397163120567376,0.22695035460992907,0.03546099290780142,6.064171122994653,1.299465240641711,10.973262032085561,0.31932773109243695,0.4167814021612693,0.10944686153995857,0.4167814021612693,0.6666666666666666,"{""bet365"": {""0.5"": {""over"": -200, ""under"": 150}}, ""betmgm"": {""0.5"": {""over"": -220}}}",0.5,over,bet365,-200.0,0.6666666666666666,True,-0.2499,1.5,,,,,False,
691594,Javier Sanoja,MIA,PHI,1,7.0,1.0,554430.0,Zack Wheeler,R,823839,6:40 PM ET,loanDepot Park,1,1,0.22163120567375885,2026-07-27,823839,,0,99.1,96.1,86.7,R,2,2,1,0,0,0,0,0,0,0,1,2,0,2,0,2,0,0.2945,0.333,1,0,1,0,0,0,0.21666666666666667,0.21666666666666667,0.9833333333333333,0.016666666666666666,0.22033898305084745,0.1,0.0,0.1,0.1,1.2666666666666666,0.06666666666666667,0.22033898305084745,0.2542372881355932,0.3559322033898305,0.2542372881355932,0.0,0.23957777777777778,0.2865166666666667,0.25,0.0,0.20764999999999997,0.24504999999999993,0.38181818181818183,0.6,0.017543859649122806,0.2222222222222222,0.35185185185185186,0.08771929824561403,0.6,0.14761904761904762,0.3333333333333333,0.1506849315068493,0.4397163120567376,0.22695035460992907,0.03546099290780142,6.064171122994653,1.299465240641711,10.973262032085561,0.31932773109243695,0.40338985771862196,0.07289057253154557,0.40338985771862196,0.06666666666666667,"{""bet365"": {""0.5"": {""over"": 130, ""under"": -170}}, ""betmgm"": {""0.5"": {""over"": 115}}}",0.5,over,bet365,130.0,0.43478260869565216,True,-0.0314,1.5,,,,,False,
691788,Joe Mack,MIA,PHI,1,8.0,1.0,554430.0,Zack Wheeler,R,823839,6:40 PM ET,loanDepot Park,0,1,0.22163120567375885,2026-07-27,823839,,0,99.1,96.1,86.7,L,4,3,0,0,0,0,0,0,0,2,0,2,0,0,0,2,0,0.065,0.068,0,0,0,0,1,1,0.2222222222222222,0.2708333333333333,0.6888888888888889,0.28,0.19230769230769232,0.35555555555555557,0.1,0.02,0.13333333333333333,1.7333333333333334,0.9333333333333333,0.4375,0.15625,0.53125,0.3125,0.03125,0.43718452380952383,1.0993154761904762,0.2777777777777778,0.3684210526315789,0.63025,1.9739166666666665,0.24444444444444444,0.6666666666666666,0.2708333333333333,0.20689655172413793,0.3448275862068966,0.24242424242424243,0.6,0.14761904761904762,0.3333333333333333,0.1506849315068493,0.4397163120567376,0.22695035460992907,0.03546099290780142,6.064171122994653,1.299465240641711,10.973262032085561,0.31932773109243695,0.6772127595354936,0.31576938097839274,0.6772127595354936,0.9333333333333333,"{""bet365"": {""1.5"": {""over"": 170, ""under"": -230}}, ""betmgm"": {""1.5"": {""over"": 195}}}",0.5,,,,,False,,1.5,over,betmgm,195.0,0.3389830508474576,True,-0.0232
669065,Kyle Stowers,MIA,PHI,1,2.0,1.0,554430.0,Zack Wheeler,R,823839,6:40 PM ET,loanDepot Park,0,1,0.22163120567375885,2026-07-27,823839,,0,99.1,96.1,86.7,L,4,4,2,1,0,1,0,0,0,1,6,3,1,2,2,1,0,0.604,2.1523333333333334,1,1,1,1,1,0,0.17543859649122806,0.23809523809523808,0.5614035087719298,0.3968253968253968,0.25806451612903225,0.12280701754385964,0.031746031746031744,0.015873015873015872,0.05263157894736842,1.1333333333333333,1.6666666666666667,0.5454545454545454,0.21212121212121213,0.3333333333333333,0.3939393939393939,0.030303030303030304,0.29085714285714287,0.49491071428571426,0.23809523809523808,0.391304347826087,0.3802000000000001,0.6132499999999996,0.27419354838709675,0.532258064516129,0.373134328358209,0.19607843137254902,0.35294117647058826,0.29310344827586204,0.6,0.14761904761904762,0.3333333333333333,0.1506849315068493,0.4397163120567376,0.22695035460992907,0.03546099290780142,6.064171122994653,1.299465240641711,10.973262032085561,0.31932773109243695,0.7993614011811219,0.40592803730983534,0.7993614011811219,1.6666666666666667,"{""bet365"": {""1.5"": {""over"": -150, ""under"": 110}}, ""betmgm"": {""1.5"": {""over"": -140}}}",0.5,,,,,False,,1.5,over,betmgm,-140.0,0.5833333333333334,True,-0.1774
689414,Liam Hicks,MIA,PHI,1,5.0,1.0,554430.0,Zack Wheeler,R,823839,6:40 PM ET,loanDepot Park,0,1,0.22163120567375885,2026-07-27,823839,,0,99.1,96.1,86.7,L,4,2,0,0,0,0,1,1,0,1,0,1,0,0,0,1,0,0.242,0.271,0,0,0,0,1,0,0.2545454545454545,0.3225806451612903,0.8727272727272727,0.11290322580645161,0.2708333333333333,0.09090909090909091,0.016129032258064516,0.03225806451612903,0.05454545454545454,1.2666666666666666,0.4666666666666667,0.30612244897959184,0.16326530612244897,0.46938775510204084,0.2653061224489796,0.02040816326530612,0.2663188888888889,0.3696366666666666,0.16666666666666666,0.19047619047619047,0.2894833333333333,0.4864999999999998,0.3064516129032258,0.3870967741935484,0.1323529411764706,0.14545454545454545,0.2,0.09836065573770492,0.6,0.14761904761904762,0.3333333333333333,0.1506849315068493,0.4397163120567376,0.22695035460992907,0.03546099290780142,6.064171122994653,1.299465240641711,10.973262032085561,0.31932773109243695,0.47669866332652555,0.1284824209095541,0.47669866332652555,0.4666666666666667,"{""bet365"": {""0.5"": {""over"": -140, ""under"": 105}}, ""betmgm"": {""0.5"": {""over"": -110}}}",0.5,over,betmgm,-110.0,0.5238095238095238,True,-0.0471,1.5,,,,,False,
672640,Otto Lopez,MIA,PHI,1,1.0,1.0,554430.0,Zack Wheeler,R,823839,6:40 PM ET,loanDepot Park,1,1,0.22163120567375885,2026-07-27,823839,,0,99.1,96.1,86.7,R,4,4,0,0,0,0,0,0,0,2,0,2,0,1,0,2,0,0.3185,0.35650000000000004,0,0,0,0,1,1,0.3,0.35714285714285715,0.8333333333333334,0.14285714285714285,0.3137254901960784,0.2,0.02857142857142857,0.05714285714285714,0.11666666666666667,2.0,0.6666666666666666,0.3584905660377358,0.24528301886792453,0.5094339622641509,0.16981132075471697,0.03773584905660377,0.28661888888888887,0.3953622222222222,0.2222222222222222,0.08695652173913043,0.22271666666666667,0.27623333333333333,0.3114754098360656,0.5245901639344263,0.08823529411764706,0.3870967741935484,0.5967741935483871,0.12121212121212122,0.6,0.14761904761904762,0.3333333333333333,0.1506849315068493,0.4397163120567376,0.22695035460992907,0.03546099290780142,6.064171122994653,1.299465240641711,10.973262032085561,0.31932773109243695,0.5984211932960528,0.16714196486703436,0.5984211932960528,0.6666666666666666,"{""bet365"": {""0.5"": {""over"": -210, ""under"": 155}}, ""betmgm"": {""0.5"": {""over"": -185}}}",0.5,over,betmgm,-185.0,0.6491228070175439,True,-0.0507,1.5,,,,,False,
669364,Xavier Edwards,MIA,PHI,1,4.0,1.0,554430.0,Zack Wheeler,R,823839,6:40 PM ET,loanDepot Park,1,1,0.22163120567375885,2026-07-27,823839,,0,99.1,96.1,86.7,R,1,1,0,0,0,0,0,0,0,0,0,1,0,0,0,1,0,0.357,0.422,0,0,0,0,0,0,0.14705882352941177,0.19444444444444445,0.6176470588235294,0.3611111111111111,0.23809523809523808,0.029411764705882353,0.0,0.027777777777777776,0.029411764705882353,0.4,0.8666666666666667,0.3333333333333333,0.2857142857142857,0.5238095238095238,0.14285714285714285,0.0,0.3468333333333334,0.41758333333333336,0.2727272727272727,0.2727272727272727,0.24570000000000008,0.2817999999999998,0.2982456140350877,0.3684210526315789,0.17142857142857143,0.24528301886792453,0.37735849056603776,0.18181818181818182,0.6,0.14761904761904762,0.3333333333333333,0.1506849315068493,0.4397163120567376,0.22695035460992907,0.03546099290780142,6.064171122994653,1.299465240641711,10.973262032085561,0.31932773109243695,0.5136724291508533,0.2521319820746899,0.5136724291508533,0.8666666666666667,"{""bet365"": {""0.5"": {""over"": -250, ""under"": 185}}, ""betmgm"": {""0.5"": {""over"": -155}}}",0.5,over,betmgm,-155.0,0.6078431372549019,True,-0.0942,1.5,,,,,False,
664761,Alec Bohm,PHI,MIA,0,5.0,1.0,663969.0,Tyler Phillips,R,823839,6:40 PM ET,loanDepot Park,1,1,0.26497277676951,2026-07-27,823839,,0,99.1,96.1,86.7,R,5,4,1,1,0,0,0,1,0,2,2,2,0,0,0,1,1,0.52,0.5735,1,0,1,1,1,1,0.2033898305084746,0.265625,0.8135593220338984,0.171875,0.21739130434782608,0.13559322033898305,0.03125,0.03125,0.06779661016949153,1.3333333333333333,0.7333333333333333,0.5208333333333334,0.1875,0.5833333333333334,0.16666666666666666,0.0,0.28364222222222224,0.4814511111111111,0.2631578947368421,0.05,0.3410333333333333,0.4840833333333334,0.15517241379310345,0.3448275862068966,0.171875,0.2545454545454545,0.36363636363636365,0.15,0.7448979591836735,0.23952095808383234,0.4425287356321839,0.1724137931034483,0.4794520547945205,0.2671232876712329,0.0410958904109589,9.0,1.3404255319148937,5.74468085106383,0.1485148514851485,0.48106729537893583,0.11027120885452553,0.48106729537893583,0.7333333333333333,"{""bet365"": {""0.5"": {""over"": -120, ""under"": -110}}, ""betmgm"": {""0.5"": {""over"": -105}}}",0.5,over,betmgm,-105.0,0.5121951219512195,True,-0.0311,1.5,,,,,False,
669016,Brandon Marsh,PHI,MIA,0,4.0,1.0,663969.0,Tyler Phillips,R,823839,6:40 PM ET,loanDepot Park,0,1,0.26497277676951,2026-07-27,823839,,0,99.1,96.1,86.7,L,5,3,1,0,0,0,2,0,0,1,1,2,0,1,0,1,1,0.443,0.46950000000000003,1,0,1,0,1,0,0.1509433962264151,0.22413793103448276,0.660377358490566,0.3103448275862069,0.20588235294117646,0.05660377358490566,0.017241379310344827,0.0,0.018867924528301886,0.7333333333333333,1.2,0.45714285714285713,0.14285714285714285,0.5142857142857142,0.34285714285714286,0.0,0.2971388888888889,0.49393333333333334,0.13333333333333333,0.3333333333333333,0.34086666666666665,0.6481666666666669,0.22033898305084745,0.4406779661016949,0.3064516129032258,0.21666666666666667,0.4,0.3125,0.7448979591836735,0.23952095808383234,0.4425287356321839,0.1724137931034483,0.4794520547945205,0.2671232876712329,0.0410958904109589,9.0,1.3404255319148937,5.74468085106383,0.1485148514851485,0.6653720447029655,0.24112358328386518,0.6653720447029655,1.2,"{""bet365"": {""0.5"": {""over"": -280, ""under"": 202}}, ""betmgm"": {""0.5"": {""over"": -210}}}",0.5,over,betmgm,-210.0,0.6774193548387096,True,-0.012,1.5,,,,,False,
547180,Bryce Harper,PHI,MIA,0,3.0,1.0,663969.0,Tyler Phillips,R,823839,6:40 PM ET,loanDepot Park,0,1,0.26497277676951,2026-07-27,823839,,0,99.1,96.1,86.7,L,5,4,1,1,0,0,1,0,0,2,2,2,0,1,0,0,1,0.40850000000000003,0.6769999999999999,1,0,1,1,1,1,0.1346153846153846,0.2698412698412698,0.6538461538461539,0.2857142857142857,0.17647058823529413,0.11538461538461539,0.015873015873015872,0.047619047619047616,0.07692307692307693,0.8666666666666667,1.2,0.2857142857142857,0.14285714285714285,0.45714285714285713,0.4,0.0,0.20690384615384616,0.3100512820512821,0.11764705882352941,0.35,0.28608333333333336,0.5340833333333336,0.24074074074074073,0.5370370370370371,0.22727272727272727,0.21428571428571427,0.30357142857142855,0.30158730158730157,0.7448979591836735,0.23952095808383234,0.4425287356321839,0.1724137931034483,0.4794520547945205,0.2671232876712329,0.0410958904109589,9.0,1.3404255319148937,5.74468085106383,0.1485148514851485,0.6581456730184234,0.22505656770646135,0.6581456730184234,1.2,"{""bet365"": {""0.5"": {""over"": -245, ""under"": 182}}, ""betmgm"": {""0.5"": {""over"": -160}}}",0.5,over,betmgm,-160.0,0.6153846153846154,True,0.0428,1.5,,,,,False,
681082,Bryson Stott,PHI,MIA,0,6.0,1.0,663969.0,Tyler Phillips,R,823839,6:40 PM ET,loanDepot Park,0,1,0.26497277676951,2026-07-27,823839,,0,99.1,96.1,86.7,L,4,4,3,1,0,1,0,0,0,1,7,3,0,1,0,1,2,0.5533333333333333,1.1576666666666666,1,1,1,1,1,0,0.24074074074074073,0.288135593220339,0.7222222222222222,0.2542372881355932,0.325,0.1111111111111111,0.0,0.06779661016949153,0.09259259259259259,1.2666666666666666,1.0,0.35,0.3,0.325,0.35,0.025,0.3795777777777778,0.5737444444444445,0.2222222222222222,0.3333333333333333,0.4655,0.6577666666666667,0.2727272727272727,0.34545454545454546,0.23333333333333334,0.2962962962962963,0.4444444444444444,0.23728813559322035,0.7448979591836735,0.23952095808383234,0.4425287356321839,0.1724137931034483,0.4794520547945205,0.2671232876712329,0.0410958904109589,9.0,1.3404255319148937,5.74468085106383,0.1485148514851485,0.591910709647264,0.2152845884228863,0.591910709647264,1.0,"{""bet365"": {""0.5"": {""over"": -160, ""under"": 120}}, ""betmgm"": {""0.5"": {""over"": -115}}}",0.5,over,betmgm,-115.0,0.5348837209302325,True,0.057,1.5,,,,,False,
687282,Gabriel Rincones Jr.,PHI,MIA,0,8.0,1.0,663969.0,Tyler Phillips,R,823839,6:40 PM ET,loanDepot Park,0,1,0.26497277676951,2026-07-27,823839,,0,99.1,96.1,86.7,L,2,2,1,0,0,0,0,0,0,1,1,1,0,0,0,1,0,0.241,0.241,1,0,1,0,1,0,0.21951219512195122,0.2826086956521739,0.6585365853658537,0.30434782608695654,0.2962962962962963,0.17073170731707318,0.021739130434782608,0.08695652173913043,0.12195121951219512,1.0666666666666667,0.9333333333333333,0.39285714285714285,0.21428571428571427,0.42857142857142855,0.2857142857142857,0.03571428571428571,0.2966923076923077,0.5969871794871795,0.1,0.5454545454545454,0.38050000000000006,0.9878333333333332,0.21951219512195122,0.3902439024390244,0.30434782608695654,,,,0.7448979591836735,0.23952095808383234,0.4425287356321839,0.1724137931034483,0.4794520547945205,0.2671232876712329,0.0410958904109589,9.0,1.3404255319148937,5.74468085106383,0.1485148514851485,0.5952801645138702,0.24166555241079257,0.5952801645138702,0.9333333333333333,"{""bet365"": {""0.5"": {""over"": -155, ""under"": 115}}, ""betmgm"": {""0.5"": {""over"": -165}}}",0.5,over,bet365,-155.0,0.6078431372549019,True,-0.0126,1.5,,,,,False,
592663,J.T. Realmuto,PHI,MIA,0,7.0,1.0,663969.0,Tyler Phillips,R,823839,6:40 PM ET,loanDepot Park,1,1,0.26497277676951,2026-07-27,823839,,0,99.1,96.1,86.7,R,4,4,0,0,0,0,0,0,0,2,0,2,0,1,1,1,0,0.3085,0.36200000000000004,0,0,0,0,1,1,0.3469387755102041,0.39622641509433965,0.7755102040816326,0.20754716981132076,0.4166666666666667,0.1836734693877551,0.03773584905660377,0.05660377358490566,0.10204081632653061,1.7333333333333334,0.7333333333333333,0.47368421052631576,0.2631578947368421,0.6052631578947368,0.13157894736842105,0.0,0.39483333333333337,0.5226444444444445,0.4666666666666667,0.25,0.5726000000000001,0.6876666666666666,0.24489795918367346,0.42857142857142855,0.23214285714285715,0.22641509433962265,0.33962264150943394,0.15254237288135594,0.7448979591836735,0.23952095808383234,0.4425287356321839,0.1724137931034483,0.4794520547945205,0.2671232876712329,0.0410958904109589,9.0,1.3404255319148937,5.74468085106383,0.1485148514851485,0.5091464686493347,0.13623021899837998,0.5091464686493347,0.7333333333333333,"{""bet365"": {""0.5"": {""over"": -190, ""under"": 140}}, ""betmgm"": {""0.5"": {""over"": -150}}}",0.5,over,betmgm,-150.0,0.6,True,-0.0909,1.5,,,,,False,
702222,Justin Crawford,PHI,MIA,0,9.0,1.0,663969.0,Tyler Phillips,R,823839,6:40 PM ET,loanDepot Park,0,1,0.26497277676951,2026-07-27,823839,,0,99.1,96.1,86.7,L,4,3,1,0,0,0,0,1,0,0,1,3,0,1,0,2,1,0.4673333333333334,0.5006666666666667,1,0,1,0,0,0,0.3,0.30952380952380953,0.825,0.1590909090909091,0.35294117647058826,0.075,0.0,0.022727272727272728,0.05,1.0,0.4666666666666667,0.25,0.16666666666666666,0.5833333333333334,0.19444444444444445,0.0,0.2803511904761905,0.3338392857142857,0.1,0.2727272727272727,0.16113333333333332,0.17240000000000003,0.3023255813953488,0.37209302325581395,0.14893617021276595,0.2413793103448276,0.3103448275862069,0.3,0.7448979591836735,0.23952095808383234,0.4425287356321839,0.1724137931034483,0.4794520547945205,0.2671232876712329,0.0410958904109589,9.0,1.3404255319148937,5.74468085106383,0.1485148514851485,0.3622936070065903,0.06316259355462087,0.3622936070065903,0.4666666666666667,"{""bet365"": {""0.5"": {""over"": -105, ""under"": -130}}, ""betmgm"": {""0.5"": {""over"": -115}}}",0.5,over,bet365,-105.0,0.5121951219512195,True,-0.1499,1.5,,,,,False,
656941,Kyle Schwarber,PHI,MIA,0,2.0,1.0,663969.0,Tyler Phillips,R,823839,6:40 PM ET,loanDepot Park,0,1,0.26497277676951,2026-07-27,823839,,0,99.1,96.1,86.7,L,5,2,1,0,0,0,2,0,1,0,1,3,0,1,2,0,1,0.4055,0.462,1,0,1,0,0,0,0.23214285714285715,0.31746031746031744,0.5714285714285714,0.38095238095238093,0.3448275862068966,0.21428571428571427,0.047619047619047616,0.047619047619047616,0.10714285714285714,1.6666666666666667,1.6,0.40625,0.3125,0.1875,0.28125,0.0,0.3594743589743589,0.6505384615384615,0.21052631578947367,0.4,0.22429166666666667,0.29062500000000013,0.23214285714285715,0.35714285714285715,0.40298507462686567,0.27586206896551724,0.4482758620689655,0.3181818181818182,0.7448979591836735,0.23952095808383234,0.4425287356321839,0.1724137931034483,0.4794520547945205,0.2671232876712329,0.0410958904109589,9.0,1.3404255319148937,5.74468085106383,0.1485148514851485,0.7079262658197436,0.2898104865170013,0.7079262658197436,1.6,"{""bet365"": {""1.5"": {""over"": 135, ""under"": -180}}, ""betmgm"": {""1.5"": {""over"": 120}}}",0.5,,,,,False,,1.5,over,bet365,135.0,0.425531914893617,True,-0.1357
607208,Trea Turner,PHI,MIA,0,1.0,1.0,663969.0,Tyler Phillips,R,823839,6:40 PM ET,loanDepot Park,1,1,0.26497277676951,2026-07-27,823839,,0,99.1,96.1,86.7,R,5,5,2,0,1,0,0,0,0,1,4,4,0,3,0,2,2,0.5529999999999999,0.65225,1,1,1,1,1,0,0.2631578947368421,0.3384615384615385,0.7543859649122807,0.2153846153846154,0.275,0.2631578947368421,0.06153846153846154,0.046153846153846156,0.12280701754385964,2.0,0.9333333333333333,0.5227272727272727,0.29545454545454547,0.5,0.1590909090909091,0.022727272727272728,0.3592888888888889,0.5679,0.25,0.3181818181818182,0.4068333333333333,0.5920333333333334,0.25806451612903225,0.5967741935483871,0.26865671641791045,0.27586206896551724,0.3793103448275862,0.18461538461538463,0.7448979591836735,0.23952095808383234,0.4425287356321839,0.1724137931034483,0.4794520547945205,0.2671232876712329,0.0410958904109589,9.0,1.3404255319148937,5.74468085106383,0.1485148514851485,0.5658110168420616,0.1869840054629989,0.5658110168420616,0.9333333333333333,"{""bet365"": {""0.5"": {""over"": -270, ""under"": 195}}, ""betmgm"": {""0.5"": {""over"": -165}}}",0.5,over,betmgm,-165.0,0.6226415094339622,True,-0.0568,1.5,,,,,False,
682928,CJ Abrams,WSH,TOR,1,4.0,1.0,453286.0,Max Scherzer,R,822705,6:45 PM ET,Nationals Park,0,1,0.19933554817275748,2026-07-27,822705,0.0,1,104.8,103.6,97.1,L,5,5,3,0,0,2,0,0,0,1,9,4,1,3,2,1,1,0.51575,1.464,1,1,1,1,1,0,0.4166666666666667,0.4411764705882353,0.8,0.17647058823529413,0.4090909090909091,0.43333333333333335,0.10294117647058823,0.07352941176470588,0.2,3.4,0.8,0.47058823529411764,0.2549019607843137,0.27450980392156865,0.35294117647058826,0.0784313725490196,0.4242577777777778,0.8173722222222222,0.5714285714285714,0.18181818181818182,0.3505333333333333,0.70225,0.24561403508771928,0.5789473684210527,0.22580645161290322,0.2962962962962963,0.6111111111111112,0.24615384615384617,0.7150837988826816,0.2483221476510067,0.5625,0.2625,0.3125,0.28125,0.0546875,13.14159292035398,3.1061946902654864,7.407079646017698,0.17318435754189945,0.5665384742477807,0.20496856382936268,0.5665384742477807,0.8,"{""bet365"": {""0.5"": {""over"": -170, ""under"": 130}}, ""betmgm"": {""0.5"": {""over"": -210}}}",0.5,over,bet365,-170.0,0.6296296296296297,True,-0.0631,1.5,,,,,False,
695734,Daylen Lile,WSH,TOR,1,6.0,1.0,453286.0,Max Scherzer,R,822705,6:45 PM ET,Nationals Park,0,1,0.19933554817275748,2026-07-27,822705,0.0,1,104.8,103.6,97.1,L,3,3,1,0,0,0,0,0,0,0,1,3,0,0,2,0,1,0.10933333333333334,0.12433333333333334,1,0,1,0,0,0,0.14814814814814814,0.19298245614035087,0.7222222222222222,0.2631578947368421,0.18421052631578946,0.16666666666666666,0.017543859649122806,0.03508771929824561,0.09259259259259259,1.1333333333333333,1.0,0.41025641025641024,0.28205128205128205,0.3333333333333333,0.38461538461538464,0.05128205128205128,0.3289261904761905,0.5681821428571429,0.2,0.1875,0.27743333333333337,0.5839000000000001,0.23529411764705882,0.5098039215686274,0.24074074074074073,0.2807017543859649,0.3684210526315789,0.16129032258064516,0.7150837988826816,0.2483221476510067,0.5625,0.2625,0.3125,0.28125,0.0546875,13.14159292035398,3.1061946902654864,7.407079646017698,0.17318435754189945,0.5495224274489076,0.19531878592868335,0.5495224274489076,1.0,"{""bet365"": {""0.5"": {""over"": -150, ""under"": 110}}, ""betmgm"": {""0.5"": {""over"": -140}}}",0.5,over,betmgm,-140.0,0.5833333333333334,True,-0.0338,1.5,,,,,False,
686611,Dylan Crews,WSH,TOR,1,5.0,1.0,453286.0,Max Scherzer,R,822705,6:45 PM ET,Nationals Park,1,1,0.19933554817275748,2026-07-27,822705,0.0,1,104.8,103.6,97.1,R,5,5,3,1,0,0,0,0,0,0,4,5,1,4,3,1,1,0.2466,0.5936,1,1,1,1,0,0,0.1836734693877551,0.3548387096774194,0.6530612244897959,0.27419354838709675,0.20689655172413793,0.20408163265306123,0.04838709677419355,0.016129032258064516,0.08163265306122448,1.2666666666666666,1.1333333333333333,0.34375,0.125,0.34375,0.46875,0.03125,0.24765277777777775,0.5726874999999999,0.35714285714285715,0.22727272727272727,0.2833333333333334,0.7611249999999998,0.16071428571428573,0.19642857142857142,0.24193548387096775,0.3076923076923077,0.5769230769230769,0.23809523809523808,0.7150837988826816,0.2483221476510067,0.5625,0.2625,0.3125,0.28125,0.0546875,13.14159292035398,3.1061946902654864,7.407079646017698,0.17318435754189945,0.6476742898995744,0.2520557701428023,0.6476742898995744,1.1333333333333333,"{""bet365"": {""0.5"": {""over"": -300, ""under"": 210}}, ""betmgm"": {""0.5"": {""over"": -225}}}",0.5,over,betmgm,-225.0,0.6923076923076923,True,-0.0446,1.5,,,,,False,
695578,James Wood,WSH,TOR,1,1.0,1.0,453286.0,Max Scherzer,R,822705,6:45 PM ET,Nationals Park,0,1,0.19933554817275748,2026-07-27,822705,0.0,1,104.8,103.6,97.1,L,5,4,2,0,0,2,1,0,0,1,8,3,0,3,2,1,0,0.809,2.5989999999999998,1,1,1,1,1,0,0.2711864406779661,0.3972602739726027,0.6610169491525424,0.273972602739726,0.3142857142857143,0.3050847457627119,0.0684931506849315,0.0410958904109589,0.13559322033898305,2.2666666666666666,1.3333333333333333,0.475,0.175,0.575,0.25,0.05,0.41905444444444445,0.8826166666666666,0.22727272727272727,0.25,0.3366333333333333,0.4441666666666665,0.28846153846153844,0.6923076923076923,0.2676056338028169,0.23529411764705882,0.47058823529411764,0.3424657534246575,0.7150837988826816,0.2483221476510067,0.5625,0.2625,0.3125,0.28125,0.0546875,13.14159292035398,3.1061946902654864,7.407079646017698,0.17318435754189945,0.7215009140387639,0.2638017747500026,0.7215009140387639,1.3333333333333333,"{""bet365"": {""1.5"": {""over"": 150, ""under"": -200}}, ""betmgm"": {""1.5"": {""over"": 130}}}",0.5,,,,,False,,1.5,over,bet365,150.0,0.4,True,-0.1362
678391,Jorbit Vivas,WSH,TOR,1,8.0,1.0,453286.0,Max Scherzer,R,822705,6:45 PM ET,Nationals Park,0,1,0.19933554817275748,2026-07-27,822705,0.0,1,104.8,103.6,97.1,L,1,1,0,0,0,0,0,0,0,1,0,0,0,0,0,0,0,0.493,0.6465,0,0,0,0,1,0,0.21428571428571427,0.3137254901960784,0.8571428571428571,0.11538461538461539,0.23684210526315788,0.07142857142857142,0.0,0.019230769230769232,0.047619047619047616,0.8,0.4,0.23684210526315788,0.23684210526315788,0.5263157894736842,0.18421052631578946,0.0,0.23592051282051282,0.3127076923076923,0.25,0.11764705882352941,0.28633333333333333,0.3570416666666667,0.21951219512195122,0.2926829268292683,0.11764705882352941,0.3333333333333333,0.5333333333333333,0.058823529411764705,0.7150837988826816,0.2483221476510067,0.5625,0.2625,0.3125,0.28125,0.0546875,13.14159292035398,3.1061946902654864,7.407079646017698,0.17318435754189945,0.35455400974390433,0.06417228529482415,0.35455400974390433,0.4,"{""bet365"": {""0.5"": {""over"": 105, ""under"": -140}}}",0.5,over,bet365,105.0,0.4878048780487805,True,-0.1333,1.5,,,,,False,
677588,José Tena,WSH,TOR,1,3.0,1.0,453286.0,Max Scherzer,R,822705,6:45 PM ET,Nationals Park,0,1,0.19933554817275748,2026-07-27,822705,0.0,1,104.8,103.6,97.1,L,1,1,0,0,0,0,0,0,0,0,0,1,0,0,0,1,0,0.044,0.045,0,0,0,0,0,0,0.3611111111111111,0.43902439024390244,0.7777777777777778,0.1951219512195122,0.4230769230769231,0.2222222222222222,0.04878048780487805,0.04878048780487805,0.1111111111111111,1.4,0.5333333333333333,0.5357142857142857,0.25,0.5714285714285714,0.14285714285714285,0.0,0.38728974358974355,0.5989333333333333,0.3333333333333333,0.3076923076923077,0.3315,0.42940000000000006,0.3333333333333333,0.5555555555555556,0.1951219512195122,0.20754716981132076,0.24528301886792453,0.30357142857142855,0.7150837988826816,0.2483221476510067,0.5625,0.2625,0.3125,0.28125,0.0546875,13.14159292035398,3.1061946902654864,7.407079646017698,0.17318435754189945,0.4869388471022791,0.1617883633712471,0.4869388471022791,0.5333333333333333,"{""bet365"": {""0.5"": {""over"": -210, ""under"": 155}}, ""betmgm"": {""0.5"": {""over"": -225}}}",0.5,over,bet365,-210.0,0.6774193548387096,True,-0.1905,1.5,,,,,False,
660688,Keibert Ruiz,WSH,TOR,1,7.0,1.0,453286.0,Max Scherzer,R,822705,6:45 PM ET,Nationals Park,0,1,0.19933554817275748,2026-07-27,822705,0.0,1,104.8,103.6,97.1,L,2,2,1,1,0,0,0,0,0,0,2,2,0,1,0,1,1,0.2465,0.28099999999999997,1,0,1,1,0,0,0.25,0.27906976744186046,0.95,0.046511627906976744,0.23684210526315788,0.175,0.023255813953488372,0.09302325581395349,0.125,1.1333333333333333,0.13333333333333333,0.41025641025641024,0.2564102564102564,0.3333333333333333,0.3076923076923077,0.05128205128205128,0.26928214285714286,0.39987857142857147,0.1875,0.0,0.27025666666666676,0.35094333333333355,0.2830188679245283,0.41509433962264153,0.05263157894736842,0.32727272727272727,0.5636363636363636,0.1206896551724138,0.7150837988826816,0.2483221476510067,0.5625,0.2625,0.3125,0.28125,0.0546875,13.14159292035398,3.1061946902654864,7.407079646017698,0.17318435754189945,0.32829853408937404,0.051852333000836415,0.32829853408937404,0.13333333333333333,"{""bet365"": {""0.5"": {""over"": 195, ""under"": -270}}, ""betmgm"": {""0.5"": {""over"": 135}}}",0.5,over,bet365,195.0,0.3389830508474576,True,-0.0107,1.5,,,,,False,
671277,Luis García Jr.,WSH,TOR,1,2.0,1.0,453286.0,Max Scherzer,R,822705,6:45 PM ET,Nationals Park,0,1,0.19933554817275748,2026-07-27,822705,0.0,1,104.8,103.6,97.1,L,4,4,2,1,0,0,0,0,0,0,3,4,0,1,1,1,1,0.23775000000000002,0.48175,1,1,1,1,0,0,0.23636363636363636,0.27586206896551724,0.7454545454545455,0.2413793103448276,0.2631578947368421,0.21818181818181817,0.05172413793103448,0.017241379310344827,0.09090909090909091,1.6666666666666667,0.9333333333333333,0.36585365853658536,0.34146341463414637,0.4146341463414634,0.17073170731707318,0.024390243902439025,0.3319488888888889,0.5473166666666667,0.21052631578947367,0.25,0.25139999999999996,0.5654333333333333,0.3728813559322034,0.8813559322033898,0.1935483870967742,0.1320754716981132,0.1509433962264151,0.23636363636363636,0.7150837988826816,0.2483221476510067,0.5625,0.2625,0.3125,0.28125,0.0546875,13.14159292035398,3.1061946902654864,7.407079646017698,0.17318435754189945,0.6195818566310048,0.2119191366276819,0.6195818566310048,0.9333333333333333,"{""betmgm"": {""0.5"": {""over"": -125}}}",0.5,over,betmgm,-125.0,0.5555555555555556,True,0.064,1.5,,,,,False,
683083,Nasim Nuñez,WSH,TOR,1,9.0,1.0,453286.0,Max Scherzer,R,822705,6:45 PM ET,Nationals Park,0,1,0.19933554817275748,2026-07-27,822705,0.0,1,104.8,103.6,97.1,L,2,2,0,0,0,0,0,0,0,0,0,2,0,1,0,0,2,0.54,0.665,0,0,0,0,0,0,0.2647058823529412,0.34210526315789475,0.9411764705882353,0.05263157894736842,0.28125,0.0,0.0,0.0,0.0,0.6,0.13333333333333333,0.15625,0.21875,0.5625,0.15625,0.0,0.24201190476190476,0.2783630952380952,0.3076923076923077,0.0,0.2412083333333333,0.27727083333333347,0.40425531914893614,0.48936170212765956,0.21153846153846154,0.25,0.3333333333333333,0.19642857142857142,0.7150837988826816,0.2483221476510067,0.5625,0.2625,0.3125,0.28125,0.0546875,13.14159292035398,3.1061946902654864,7.407079646017698,0.17318435754189945,0.36479873246329153,0.06591603703909753,0.36479873246329153,0.13333333333333333,"{""bet365"": {""0.5"": {""over"": -140, ""under"": 105}}, ""betmgm"": {""0.5"": {""over"": -155}}}",0.5,over,bet365,-140.0,0.5833333333333334,True,-0.2185,1.5,,,,,False,
667472,Dane Myers,CIN,CLE,1,7.0,1.0,677944.0,Slade Cecconi,R,824490,7:10 PM ET,Great American Ball Park,1,1,0.23905109489051096,2026-07-27,824490,0.0,1,97.3,101.4,113.2,R,5,5,1,0,0,0,0,0,0,3,1,2,0,1,1,1,0,0.311,0.476,1,0,1,0,1,1,0.25,0.34146341463414637,0.7222222222222222,0.24390243902439024,0.34615384615384615,0.08333333333333333,0.0,0.07317073170731707,0.08333333333333333,0.8,0.6666666666666666,0.34615384615384615,0.23076923076923078,0.46153846153846156,0.15384615384615385,0.0,0.24355769230769228,0.3509551282051282,0.35714285714285715,0.1875,0.26605,0.34575,0.1951219512195122,0.21951219512195122,0.2857142857142857,0.37142857142857144,0.6571428571428571,0.2631578947368421,0.76,0.24875621890547264,0.39805825242718446,0.13106796116504854,0.47953216374269003,0.24561403508771928,0.017543859649122806,8.944785276073619,0.8282208588957055,6.957055214723926,0.18666666666666668,0.5664549101523063,0.20232200209406484,0.5664549101523063,0.6666666666666666,"{""bet365"": {""0.5"": {""over"": -190, ""under"": 140}}, ""betmgm"": {""0.5"": {""over"": -200}}}",0.5,over,bet365,-190.0,0.6551724137931034,True,-0.0887,1.5,,,,,False,
695490,Edwin Arroyo,CIN,CLE,1,8.0,1.0,677944.0,Slade Cecconi,R,824490,7:10 PM ET,Great American Ball Park,0,1,0.23905109489051096,2026-07-27,824490,0.0,1,97.3,101.4,113.2,L,3,2,0,0,0,0,0,0,0,0,0,3,0,0,0,2,1,0.5665,0.6559999999999999,0,0,0,0,0,0,0.25,0.2857142857142857,0.825,0.16666666666666666,0.30303030303030304,0.05,0.0,0.0,0.025,0.8,0.4666666666666667,0.36363636363636365,0.36363636363636365,0.3939393939393939,0.24242424242424243,0.0,0.39228888888888885,0.5132388888888889,0.3333333333333333,0.17647058823529413,0.33775,0.4320500000000001,0.28888888888888886,0.35555555555555557,0.1836734693877551,0.16666666666666666,0.16666666666666666,0.23333333333333334,0.76,0.24875621890547264,0.39805825242718446,0.13106796116504854,0.47953216374269003,0.24561403508771928,0.017543859649122806,8.944785276073619,0.8282208588957055,6.957055214723926,0.18666666666666668,0.4695465092057784,0.12266317236024131,0.4695465092057784,0.4666666666666667,"{""bet365"": {""0.5"": {""over"": -140, ""under"": 105}}, ""betmgm"": {""0.5"": {""over"": -150}}}",0.5,over,bet365,-140.0,0.5833333333333334,True,-0.1138,1.5,,,,,False,
682829,Elly De La Cruz,CIN,CLE,1,1.0,1.0,677944.0,Slade Cecconi,R,824490,7:10 PM ET,Great American Ball Park,0,1,0.23905109489051096,2026-07-27,824490,0.0,1,97.3,101.4,113.2,L,5,5,2,0,0,1,0,0,0,2,5,3,1,3,1,0,2,0.8103333333333333,1.9076666666666666,1,1,1,1,1,1,0.3111111111111111,0.40384615384615385,0.8444444444444444,0.1346153846153846,0.3142857142857143,0.28888888888888886,0.057692307692307696,0.0,0.1111111111111111,1.8,0.4666666666666667,0.47368421052631576,0.2631578947368421,0.5,0.21052631578947367,0.0,0.372325,0.5858944444444445,0.21428571428571427,0.16666666666666666,0.39104166666666673,0.534791666666667,0.3157894736842105,0.543859649122807,0.17647058823529413,0.36507936507936506,0.746031746031746,0.2571428571428571,0.76,0.24875621890547264,0.39805825242718446,0.13106796116504854,0.47953216374269003,0.24561403508771928,0.017543859649122806,8.944785276073619,0.8282208588957055,6.957055214723926,0.18666666666666668,0.5460326077004357,0.17193182918331149,0.5460326077004357,0.4666666666666667,"{""bet365"": {""1.5"": {""over"": 185, ""under"": -250}}, ""betmgm"": {""1.5"": {""over"": 180}}}",0.5,,,,,False,,1.5,over,bet365,185.0,0.3508771929824561,True,-0.1789
553993,Eugenio Suárez,CIN,CLE,1,4.0,1.0,677944.0,Slade Cecconi,R,824490,7:10 PM ET,Great American Ball Park,1,1,0.23905109489051096,2026-07-27,824490,0.0,1,97.3,101.4,113.2,R,5,4,0,0,0,0,1,0,0,2,0,2,0,0,1,1,0,0.0595,0.0785,0,0,0,0,1,1,0.23214285714285715,0.29508196721311475,0.5,0.45901639344262296,0.3181818181818182,0.3392857142857143,0.09836065573770492,0.01639344262295082,0.125,2.1333333333333333,1.8666666666666667,0.5357142857142857,0.21428571428571427,0.2857142857142857,0.4642857142857143,0.03571428571428571,0.38803846153846155,0.9303205128205128,0.21052631578947367,0.35,0.3404166666666665,0.7521250000000003,0.2222222222222222,0.5185185185185185,0.39344262295081966,0.20754716981132076,0.3018867924528302,0.36666666666666664,0.76,0.24875621890547264,0.39805825242718446,0.13106796116504854,0.47953216374269003,0.24561403508771928,0.017543859649122806,8.944785276073619,0.8282208588957055,6.957055214723926,0.18666666666666668,0.7735896443174658,0.3652069873044765,0.7735896443174658,1.8666666666666667,"{""bet365"": {""1.5"": {""over"": 155, ""under"": -210}}, ""betmgm"": {""1.5"": {""over"": 130}}}",0.5,,,,,False,,1.5,over,bet365,155.0,0.39215686274509803,True,-0.0269
668709,JJ Bleday,CIN,CLE,1,3.0,1.0,677944.0,Slade Cecconi,R,824490,7:10 PM ET,Great American Ball Park,0,1,0.23905109489051096,2026-07-27,824490,0.0,1,97.3,101.4,113.2,L,5,4,0,0,0,0,1,0,0,1,0,3,0,1,1,2,0,0.08900000000000001,0.157,0,0,0,0,1,0,0.24074074074074073,0.3387096774193548,0.7222222222222222,0.24193548387096775,0.2571428571428571,0.2222222222222222,0.06451612903225806,0.0,0.07407407407407407,1.6666666666666667,1.0,0.3333333333333333,0.3076923076923077,0.20512820512820512,0.4358974358974359,0.02564102564102564,0.36542222222222226,0.6666333333333333,0.16666666666666666,0.3,0.3732333333333333,0.7624,0.20754716981132076,0.32075471698113206,0.23333333333333334,0.3103448275862069,0.6379310344827587,0.16666666666666666,0.76,0.24875621890547264,0.39805825242718446,0.13106796116504854,0.47953216374269003,0.24561403508771928,0.017543859649122806,8.944785276073619,0.8282208588957055,6.957055214723926,0.18666666666666668,0.6062860212617457,0.20266494104256316,0.6062860212617457,1.0,"{""bet365"": {""0.5"": {""over"": -250, ""under"": 185}}, ""betmgm"": {""0.5"": {""over"": -190}}}",0.5,over,betmgm,-190.0,0.6551724137931034,True,-0.0489,1.5,,,,,False,
663993,Nathaniel Lowe,CIN,CLE,1,5.0,1.0,677944.0,Slade Cecconi,R,824490,7:10 PM ET,Great American Ball Park,0,1,0.23905109489051096,2026-07-27,824490,0.0,1,97.3,101.4,113.2,L,5,5,3,0,0,0,0,0,0,0,3,5,0,1,3,1,1,0.4646,0.5650000000000001,1,1,1,1,0,0,0.22448979591836735,0.2549019607843137,0.6326530612244898,0.34615384615384615,0.2857142857142857,0.22448979591836735,0.057692307692307696,0.038461538461538464,0.10204081632653061,1.4666666666666666,1.2,0.41935483870967744,0.1935483870967742,0.3870967741935484,0.3548387096774194,0.06451612903225806,0.38385897435897437,0.5844102564102565,0.25,0.2,0.31208333333333316,0.5932666666666665,0.22448979591836735,0.4489795918367347,0.34615384615384615,0.15217391304347827,0.391304347826087,0.20408163265306123,0.76,0.24875621890547264,0.39805825242718446,0.13106796116504854,0.47953216374269003,0.24561403508771928,0.017543859649122806,8.944785276073619,0.8282208588957055,6.957055214723926,0.18666666666666668,0.6660848133835063,0.2235595330816743,0.6660848133835063,1.2,"{""bet365"": {""0.5"": {""over"": -165, ""under"": 125}}, ""betmgm"": {""0.5"": {""over"": -200}}}",0.5,over,bet365,-165.0,0.6226415094339622,True,0.0434,1.5,,,,,False,
701398,Sal Stewart,CIN,CLE,1,2.0,1.0,677944.0,Slade Cecconi,R,824490,7:10 PM ET,Great American Ball Park,1,1,0.23905109489051096,2026-07-27,824490,0.0,1,97.3,101.4,113.2,R,1,1,1,0,0,0,0,0,0,0,1,1,0,0,0,0,1,0.857,0.981,1,0,1,0,0,0,0.23333333333333334,0.25757575757575757,0.8,0.18181818181818182,0.2127659574468085,0.25,0.06060606060606061,0.045454545454545456,0.11666666666666667,1.9333333333333333,0.8,0.3333333333333333,0.1568627450980392,0.5098039215686274,0.3137254901960784,0.0196078431372549,0.24623888888888892,0.4566555555555556,0.2,0.23809523809523808,0.23763333333333336,0.41210000000000013,0.2459016393442623,0.6065573770491803,0.208955223880597,0.18518518518518517,0.3148148148148148,0.2857142857142857,0.76,0.24875621890547264,0.39805825242718446,0.13106796116504854,0.47953216374269003,0.24561403508771928,0.017543859649122806,8.944785276073619,0.8282208588957055,6.957055214723926,0.18666666666666668,0.6132623965659756,0.22218005285868517,0.6132623965659756,0.8,"{""bet365"": {""0.5"": {""over"": -190, ""under"": 140}}, ""betmgm"": {""0.5"": {""over"": -190}}}",0.5,over,betmgm,-190.0,0.6551724137931034,True,-0.0419,1.5,,,,,False,
670770,TJ Friedl,CIN,CLE,1,9.0,1.0,677944.0,Slade Cecconi,R,824490,7:10 PM ET,Great American Ball Park,0,1,0.23905109489051096,2026-07-27,824490,0.0,1,97.3,101.4,113.2,L,3,3,0,0,0,0,0,0,0,2,0,1,0,0,1,0,0,0.011,0.019,0,0,0,0,1,1,0.15,0.2765957446808511,0.75,0.20833333333333334,0.1724137931034483,0.125,0.020833333333333332,0.0,0.05,0.7333333333333333,0.6666666666666666,0.25806451612903225,0.16129032258064516,0.3225806451612903,0.3548387096774194,0.0,0.16554166666666667,0.25083333333333335,0.16666666666666666,0.0625,0.15562499999999999,0.19945833333333307,0.1891891891891892,0.32432432432432434,0.17777777777777778,0.15384615384615385,0.25,0.24193548387096775,0.76,0.24875621890547264,0.39805825242718446,0.13106796116504854,0.47953216374269003,0.24561403508771928,0.017543859649122806,8.944785276073619,0.8282208588957055,6.957055214723926,0.18666666666666668,0.4486141832314905,0.09428525488861104,0.4486141832314905,0.6666666666666666,"{""betmgm"": {""0.5"": {""over"": -115}}}",0.5,over,betmgm,-115.0,0.5348837209302325,True,-0.0863,1.5,,,,,False,
663886,Tyler Stephenson,CIN,CLE,1,6.0,1.0,677944.0,Slade Cecconi,R,824490,7:10 PM ET,Great American Ball Park,1,1,0.23905109489051096,2026-07-27,824490,0.0,1,97.3,101.4,113.2,R,1,1,0,0,0,0,0,0,0,1,0,0,0,0,0,0,0,0.381,0.43600000000000005,0,0,0,0,1,0,0.32075471698113206,0.34545454545454546,0.7547169811320755,0.23636363636363636,0.39473684210526316,0.20754716981132076,0.03636363636363636,0.09090909090909091,0.1320754716981132,1.8666666666666667,0.8666666666666667,0.4,0.275,0.5,0.225,0.0,0.4428388888888889,0.7098277777777777,0.3333333333333333,0.21052631578947367,0.49415000000000003,1.0596,0.3584905660377358,0.6037735849056604,0.2545454545454545,0.26666666666666666,0.35555555555555557,0.21818181818181817,0.76,0.24875621890547264,0.39805825242718446,0.13106796116504854,0.47953216374269003,0.24561403508771928,0.017543859649122806,8.944785276073619,0.8282208588957055,6.957055214723926,0.18666666666666668,0.6019519362390507,0.19549221103313794,0.6019519362390507,0.8666666666666667,"{""bet365"": {""0.5"": {""over"": -235, ""under"": 175}}, ""betmgm"": {""0.5"": {""over"": -220}}}",0.5,over,betmgm,-220.0,0.6875,True,-0.0855,1.5,,,,,False,
663586,Austin Riley,ATL,NYM,0,7.0,1.0,804267.0,Zac Thornton,L,823597,7:10 PM ET,Citi Field,1,0,0.22916666666666666,2026-07-27,823597,,0,96.9,97.2,97.5,R,5,4,1,1,0,0,1,0,0,1,2,3,0,1,0,3,0,0.285,0.323,1,0,1,1,1,0,0.26785714285714285,0.32786885245901637,0.625,0.3442622950819672,0.375,0.17857142857142858,0.04918032786885246,0.01639344262295082,0.07142857142857142,1.6666666666666667,1.4,0.5142857142857142,0.2571428571428571,0.3142857142857143,0.3142857142857143,0.02857142857142857,0.38111888888888884,0.6976277777777777,0.23809523809523808,0.5238095238095238,0.4418500000000001,0.65575,0.24561403508771928,0.42105263157894735,0.3709677419354839,0.1509433962264151,0.20754716981132076,0.3114754098360656,,,,,,,,,,,,0.7180715237850851,0.3087538263023218,0.7180715237850851,1.4,"{""bet365"": {""1.5"": {""over"": 180, ""under"": -240}}, ""betmgm"": {""1.5"": {""over"": 165}}}",0.5,,,,,False,,1.5,over,bet365,180.0,0.35714285714285715,True,-0.0484
686948,Drake Baldwin,ATL,NYM,0,2.0,1.0,804267.0,Zac Thornton,L,823597,7:10 PM ET,Citi Field,0,0,0.22916666666666666,2026-07-27,823597,,0,96.9,97.2,97.5,L,6,3,2,0,0,0,3,0,0,1,2,2,0,1,0,1,1,0.2165,0.2465,1,1,1,1,1,0,0.35714285714285715,0.4626865671641791,0.8392857142857143,0.13432835820895522,0.35714285714285715,0.26785714285714285,0.07462686567164178,0.0,0.08928571428571429,2.3333333333333335,0.6,0.5531914893617021,0.2978723404255319,0.3617021276595745,0.2978723404255319,0.02127659574468085,0.3807188888888889,0.6545911111111111,0.2777777777777778,0.17391304347826086,0.2897166666666667,0.5852833333333335,0.37037037037037035,0.5925925925925926,0.08955223880597014,0.20967741935483872,0.45161290322580644,0.24242424242424243,,,,,,,,,,,,0.48491376210011733,0.14426516631620145,0.48491376210011733,0.6,"{""bet365"": {""0.5"": {""over"": -210, ""under"": 155}}, ""betmgm"": {""0.5"": {""over"": -235}}}",0.5,over,bet365,-210.0,0.6774193548387096,True,-0.1925,1.5,,,,,False,
805347,Jim Jarvis,ATL,NYM,0,9.0,1.0,804267.0,Zac Thornton,L,823597,7:10 PM ET,Citi Field,0,0,0.22916666666666666,2026-07-27,823597,,0,96.9,97.2,97.5,L,5,2,0,0,0,0,1,0,0,0,0,4,0,1,1,3,0,0.2395,0.28900000000000003,0,0,0,0,0,0,0.2916666666666667,0.3333333333333333,0.8125,0.17307692307692307,0.34210526315789475,0.1875,0.019230769230769232,0.07692307692307693,0.125,1.5333333333333334,0.6,0.4,0.2,0.55,0.2,0.05,0.30851666666666666,0.41481190476190477,0.2857142857142857,0.13333333333333333,0.3386,0.38953333333333334,0.2916666666666667,0.4791666666666667,0.17647058823529413,,,,,,,,,,,,,,,0.3466397018295964,0.056774226509341504,0.3466397018295964,0.6,,0.5,,,,,False,,1.5,,,,,False,
663698,Joey Bart,ATL,NYM,0,8.0,1.0,804267.0,Zac Thornton,L,823597,7:10 PM ET,Citi Field,1,0,0.22916666666666666,2026-07-27,823597,,0,96.9,97.2,97.5,R,4,4,2,1,0,0,0,0,0,1,3,3,0,2,2,1,0,0.5363333333333333,0.7093333333333334,1,1,1,1,1,0,0.1388888888888889,0.27906976744186046,0.7777777777777778,0.18604651162790697,0.11538461538461539,0.2222222222222222,0.046511627906976744,0.046511627906976744,0.1111111111111111,0.8666666666666667,0.5333333333333333,0.2857142857142857,0.17857142857142858,0.4642857142857143,0.32142857142857145,0.07142857142857142,0.21767948717948718,0.43695512820512816,0.1,0.3076923076923077,0.20139999999999997,0.22890000000000027,0.34146341463414637,0.5853658536585366,0.2222222222222222,0.0975609756097561,0.21951219512195122,0.2826086956521739,,,,,,,,,,,,0.4997821191685438,0.1256487809118965,0.4997821191685438,0.5333333333333333,"{""bet365"": {""0.5"": {""over"": -245, ""under"": 182}}, ""betmgm"": {""0.5"": {""over"": -275}}}",0.5,over,bet365,-245.0,0.7101449275362319,True,-0.2104,1.5,,,,,False,
621566,Matt Olson,ATL,NYM,0,3.0,1.0,804267.0,Zac Thornton,L,823597,7:10 PM ET,Citi Field,0,0,0.22916666666666666,2026-07-27,823597,,0,96.9,97.2,97.5,L,6,5,1,1,0,0,1,0,0,2,2,3,0,2,2,0,0,0.41,1.5176666666666667,1,0,1,1,1,1,0.22807017543859648,0.34328358208955223,0.6491228070175439,0.29850746268656714,0.29411764705882354,0.19298245614035087,0.04477611940298507,0.029850746268656716,0.08771929824561403,1.6,1.3333333333333333,0.40540540540540543,0.13513513513513514,0.4594594594594595,0.2972972972972973,0.05405405405405406,0.3177888888888889,0.6214388888888889,0.2631578947368421,0.21739130434782608,0.2874666666666668,0.49593333333333306,0.2631578947368421,0.631578947368421,0.2318840579710145,0.2413793103448276,0.27586206896551724,0.30158730158730157,,,,,,,,,,,,0.6547963676589961,0.2327230726286588,0.6547963676589961,1.3333333333333333,"{""bet365"": {""0.5"": {""over"": -290, ""under"": 205}}, ""betmgm"": {""1.5"": {""over"": 185}}}",0.5,over,bet365,-290.0,0.7435897435897436,True,-0.0888,1.5,over,betmgm,185.0,0.3508771929824561,True,-0.1182
643289,Mauricio Dubón,ATL,NYM,0,6.0,1.0,804267.0,Zac Thornton,L,823597,7:10 PM ET,Citi Field,1,0,0.22916666666666666,2026-07-27,823597,,0,96.9,97.2,97.5,R,5,4,0,0,0,0,1,0,0,0,0,4,0,0,2,1,0,0.11275,0.211,0,0,0,0,0,0,0.22033898305084745,0.22950819672131148,0.8305084745762712,0.15625,0.24489795918367346,0.1016949152542373,0.015625,0.046875,0.06779661016949153,1.2666666666666666,0.6666666666666666,0.3333333333333333,0.2549019607843137,0.47058823529411764,0.17647058823529413,0.0,0.30318222222222224,0.4315611111111111,0.2631578947368421,0.045454545454545456,0.31799999999999995,0.40453333333333336,0.2459016393442623,0.29508196721311475,0.13432835820895522,0.25,0.5357142857142857,0.14516129032258066,,,,,,,,,,,,0.4274879956338539,0.11838207583902764,0.4274879956338539,0.6666666666666666,"{""bet365"": {""0.5"": {""over"": 120, ""under"": -160}}, ""betmgm"": {""0.5"": {""over"": 105}}}",0.5,over,bet365,120.0,0.45454545454545453,True,-0.0271,1.5,,,,,False,
671739,Michael Harris II,ATL,NYM,0,5.0,1.0,804267.0,Zac Thornton,L,823597,7:10 PM ET,Citi Field,0,0,0.22916666666666666,2026-07-27,823597,,0,96.9,97.2,97.5,L,5,5,1,0,0,0,0,0,0,0,1,5,0,3,1,2,1,0.32620000000000005,0.509,1,0,1,0,0,0,0.26865671641791045,0.2753623188405797,0.835820895522388,0.15714285714285714,0.2777777777777778,0.23880597014925373,0.04285714285714286,0.1,0.14925373134328357,2.2666666666666666,0.7333333333333333,0.43859649122807015,0.21052631578947367,0.42105263157894735,0.2807017543859649,0.017543859649122806,0.29943111111111104,0.49777333333333335,0.2727272727272727,0.17391304347826086,0.34543333333333337,0.6034999999999999,0.30434782608695654,0.4927536231884058,0.20833333333333334,0.2909090909090909,0.6,0.14754098360655737,,,,,,,,,,,,0.48509094794822055,0.15043975520819844,0.48509094794822055,0.7333333333333333,"{""bet365"": {""0.5"": {""over"": -160, ""under"": 120}}, ""betmgm"": {""0.5"": {""over"": -200}}}",0.5,over,bet365,-160.0,0.6153846153846154,True,-0.1303,1.5,,,,,False,
645277,Ozzie Albies,ATL,NYM,0,4.0,1.0,804267.0,Zac Thornton,L,823597,7:10 PM ET,Citi Field,0,0,0.22916666666666666,2026-07-27,823597,,0,96.9,97.2,97.5,L,5,5,0,0,0,0,0,0,0,1,0,4,0,0,1,1,1,0.1545,0.1675,0,0,0,0,1,0,0.22727272727272727,0.2708333333333333,0.6818181818181818,0.2916666666666667,0.25,0.22727272727272727,0.0625,0.020833333333333332,0.09090909090909091,1.3333333333333333,0.9333333333333333,0.25806451612903225,0.1935483870967742,0.22580645161290322,0.45161290322580644,0.0,0.30326388888888894,0.47668055555555555,0.3076923076923077,0.3076923076923077,0.31008333333333327,0.5502083333333329,0.25,0.53125,0.2898550724637681,0.22413793103448276,0.41379310344827586,0.12307692307692308,,,,,,,,,,,,0.5497673841724893,0.1845462544737931,0.5497673841724893,0.9333333333333333,"{""bet365"": {""0.5"": {""over"": -135, ""under"": 100}}, ""betmgm"": {""0.5"": {""over"": 100}}}",0.5,over,betmgm,100.0,0.5,True,0.0498,1.5,,,,,False,
660670,Ronald Acuña Jr.,ATL,NYM,0,1.0,1.0,804267.0,Zac Thornton,L,823597,7:10 PM ET,Citi Field,1,0,0.22916666666666666,2026-07-27,823597,,0,96.9,97.2,97.5,R,3,2,0,0,0,0,0,1,0,1,0,1,0,0,0,1,0,0.108,0.125,0,0,0,0,1,0,0.23636363636363636,0.38235294117647056,0.6727272727272727,0.2647058823529412,0.25,0.2909090909090909,0.07352941176470588,0.014705882352941176,0.10909090909090909,1.9333333333333333,1.2,0.4864864864864865,0.16216216216216217,0.3783783783783784,0.3783783783783784,0.08108108108108109,0.34306547619047617,0.8213630952380953,0.3,0.23809523809523808,0.20718333333333336,0.25963333333333305,0.3148148148148148,0.5370370370370371,0.21875,0.2542372881355932,0.4576271186440678,0.2714285714285714,,,,,,,,,,,,0.6390597194569217,0.25467036312978614,0.6390597194569217,1.2,"{""bet365"": {""1.5"": {""over"": 190, ""under"": -260}}}",0.5,,,,,False,,1.5,over,bet365,190.0,0.3448275862068966,True,-0.0902
