batter,player_name,team_abbr,opp_team,is_home,bat_order,in_lineup,pitcher_id,pitcher_name,p_throws,game_id,game_time,stadium,stand_R,p_throws_R,opp_k_pct_15,game_date,game_pk,is_dome,wind_out,hit_factor,tb_factor,hr_factor,stand,pa,ab,h,doubles,triples,hr,bb,hbp,sf,k,tb,batted_balls,barrels,hard_hits,fly_balls,ground_balls,line_drives,avg_xba,avg_xslg,target_hit_1plus,target_hit_2plus,target_tb_1plus,target_tb_2plus,target_k_1plus,target_k_2plus,batting_avg_15,obp_15,contact_rate_15,k_rate_15,babip_15,iso_15,hr_rate_15,doubles_rate_15,extra_base_hit_rate_15,avg_total_bases_15,avg_k_per_game_15,hard_hit_pct_15,line_drive_pct_15,gb_pct_15,fly_ball_pct_15,barrel_pct_15,xba_15,xslg_15,batting_avg_last_5,k_rate_last_5,xba_last_5,xslg_last_5,batting_avg_vs_R_15,slg_vs_R_15,k_rate_vs_R_15,batting_avg_vs_L_15,slg_vs_L_15,k_rate_vs_L_15,p_contact_rate_allowed_10,p_babip_allowed_10,p_slg_allowed_10,p_iso_allowed_10,p_gb_pct_10,p_fb_pct_10,p_barrel_pct_allowed_10,p_hits_per9_10,p_hr_per9_10,p_k_per9_10,p_k_rate_10,p_k_1plus,p_k_2plus,adj_prob,pred_ks,book_markets,primary_line,primary_side,primary_best_book,primary_best_odds,primary_book_implied,primary_has_line,primary_edge,secondary_line,secondary_side,secondary_best_book,secondary_best_odds,secondary_book_implied,secondary_has_line,secondary_edge
665966,Carlos Narváez,BAL,LAA,1,9.0,1.0,680570,Grayson Rodriguez,R,824805,6:35 PM ET,Camden Yards,1,1,0.2558139534883721,2026-08-04,824805,0.0,0,102.7,105.0,101.5,R,3,2,0,0,0,0,1,0,0,2,0,0,0,0,0,0,0,0.071,0.141,0,0,0,0,1,1,0.15384615384615385,0.2222222222222222,0.5384615384615384,0.3673469387755102,0.22727272727272727,0.07692307692307693,0.02040816326530612,0.0,0.02564102564102564,0.6,1.2,0.3333333333333333,0.07407407407407407,0.37037037037037035,0.48148148148148145,0.0,0.28463636363636363,0.5240151515151515,0.0,0.5,0.14549999999999993,0.47350000000000003,0.125,0.2,0.3673469387755102,0.1951219512195122,0.2926829268292683,0.3125,0.6976744186046512,0.28,0.5628415300546448,0.25136612021857924,0.3333333333333333,0.2866666666666667,0.02666666666666667,10.573426573426573,1.6993006993006994,9.251748251748252,0.22477064220183487,0.5786303454572364,0.16271787631120002,0.5786303454572364,1.2,"{""betmgm"": {""1.5"": {""over"": 200}}}",0.5,,,,,False,,1.5,over,betmgm,200.0,0.3333333333333333,True,-0.1706
687952,Christian Encarnacion-Strand,BAL,LAA,1,4.0,1.0,680570,Grayson Rodriguez,R,824805,6:35 PM ET,Camden Yards,1,1,0.2558139534883721,2026-08-04,824805,0.0,0,102.7,105.0,101.5,R,2,2,0,0,0,0,0,0,0,0,0,2,0,0,0,2,0,0.213,0.238,0,0,0,0,0,0,0.3076923076923077,0.35714285714285715,0.7692307692307693,0.21052631578947367,0.3333333333333333,0.2692307692307692,0.07017543859649122,0.03508771929824561,0.11538461538461539,2.0,0.8,0.4146341463414634,0.17073170731707318,0.36585365853658536,0.2926829268292683,0.07317073170731707,0.31393452380952386,0.6540392857142858,0.1875,0.21052631578947367,0.33396000000000003,0.5198599999999999,0.22448979591836735,0.3877551020408163,0.15384615384615385,0.22807017543859648,0.42105263157894735,0.3,0.6976744186046512,0.28,0.5628415300546448,0.25136612021857924,0.3333333333333333,0.2866666666666667,0.02666666666666667,10.573426573426573,1.6993006993006994,9.251748251748252,0.22477064220183487,0.6239529194008984,0.24143965402277423,0.6239529194008984,0.8,,0.5,,,,,False,,1.5,,,,,False,
681047,Christian Franklin,BAL,LAA,1,7.0,1.0,680570,Grayson Rodriguez,R,824805,6:35 PM ET,Camden Yards,1,1,0.2558139534883721,2026-08-04,824805,0.0,0,102.7,105.0,101.5,R,1,1,0,0,0,0,0,0,0,1,0,0,0,0,0,0,0,,,0,0,0,0,1,0,0.14285714285714285,0.2,0.7142857142857143,0.26666666666666666,0.1111111111111111,0.21428571428571427,0.06666666666666667,0.0,0.07142857142857142,0.7142857142857143,0.5714285714285714,0.4,0.1,0.9,0.0,0.0,,,0.08333333333333333,0.25,,,0.14285714285714285,0.35714285714285715,0.26666666666666666,,,,0.6976744186046512,0.28,0.5628415300546448,0.25136612021857924,0.3333333333333333,0.2866666666666667,0.02666666666666667,10.573426573426573,1.6993006993006994,9.251748251748252,0.22477064220183487,0.5998697103524203,0.19565353111577263,0.5998697103524203,0.5714285714285714,,0.5,,,,,False,,1.5,,,,,False,
691723,Coby Mayo,BAL,LAA,1,6.0,1.0,680570,Grayson Rodriguez,R,824805,6:35 PM ET,Camden Yards,1,1,0.2558139534883721,2026-08-04,824805,0.0,0,102.7,105.0,101.5,R,3,3,0,0,0,0,0,0,0,2,0,1,0,0,1,0,0,0.02,0.03,0,0,0,0,1,1,0.2702702702702703,0.34146341463414637,0.5945945945945946,0.36585365853658536,0.3333333333333333,0.40540540540540543,0.0975609756097561,0.024390243902439025,0.16216216216216217,1.6666666666666667,1.0,0.5454545454545454,0.22727272727272727,0.18181818181818182,0.5,0.09090909090909091,0.450325,1.2604083333333334,0.2857142857142857,0.3125,0.37597916666666664,0.8952291666666667,0.20454545454545456,0.36363636363636365,0.45652173913043476,0.25,0.6,0.2826086956521739,0.6976744186046512,0.28,0.5628415300546448,0.25136612021857924,0.3333333333333333,0.2866666666666667,0.02666666666666667,10.573426573426573,1.6993006993006994,9.251748251748252,0.22477064220183487,0.7126341468360073,0.30063227259677133,0.7126341468360073,1.0,"{""bet365"": {""1.5"": {""over"": 185, ""under"": -250}}, ""betmgm"": {""1.5"": {""over"": 200}}}",0.5,,,,,False,,1.5,over,betmgm,200.0,0.3333333333333333,True,-0.0327
681297,Colton Cowser,BAL,LAA,1,8.0,1.0,680570,Grayson Rodriguez,R,824805,6:35 PM ET,Camden Yards,0,1,0.2558139534883721,2026-08-04,824805,0.0,0,102.7,105.0,101.5,L,2,2,0,0,0,0,0,0,0,1,0,1,0,0,0,0,1,0.089,0.164,0,0,0,0,1,0,0.10714285714285714,0.34210526315789475,0.6071428571428571,0.2894736842105263,0.17647058823529413,0.0,0.0,0.0,0.0,0.2,0.7333333333333333,0.4117647058823529,0.11764705882352941,0.47058823529411764,0.4117647058823529,0.0,0.24643939393939396,0.4048409090909091,0.25,0.36363636363636365,0.27524999999999994,0.316,0.08823529411764706,0.08823529411764706,0.325,0.1951219512195122,0.43902439024390244,0.39622641509433965,0.6976744186046512,0.28,0.5628415300546448,0.25136612021857924,0.3333333333333333,0.2866666666666667,0.02666666666666667,10.573426573426573,1.6993006993006994,9.251748251748252,0.22477064220183487,0.642212686503498,0.22947923259348588,0.642212686503498,0.7333333333333333,"{""bet365"": {""0.5"": {""over"": -260, ""under"": 190}}, ""betmgm"": {""0.5"": {""over"": -235}}}",0.5,over,betmgm,-235.0,0.7014925373134329,True,-0.0593,1.5,,,,,False,
687637,Dylan Beavers,BAL,LAA,1,1.0,1.0,680570,Grayson Rodriguez,R,824805,6:35 PM ET,Camden Yards,0,1,0.2558139534883721,2026-08-04,824805,0.0,0,102.7,105.0,101.5,L,3,3,1,0,0,0,0,0,0,2,1,1,0,0,0,0,1,0.98,1.109,1,0,1,0,1,1,0.28888888888888886,0.37254901960784315,0.7777777777777778,0.19607843137254902,0.37142857142857144,0.06666666666666667,0.0,0.058823529411764705,0.06666666666666667,1.0666666666666667,0.6666666666666666,0.4857142857142857,0.2857142857142857,0.37142857142857144,0.2857142857142857,0.02857142857142857,0.37377564102564104,0.5465128205128205,0.23076923076923078,0.07142857142857142,0.4224333333333334,0.6526166666666666,0.2826086956521739,0.3695652173913043,0.19230769230769232,0.14285714285714285,0.3142857142857143,0.16666666666666666,0.6976744186046512,0.28,0.5628415300546448,0.25136612021857924,0.3333333333333333,0.2866666666666667,0.02666666666666667,10.573426573426573,1.6993006993006994,9.251748251748252,0.22477064220183487,0.5215250241906465,0.15043975520819844,0.5215250241906465,0.6666666666666666,"{""bet365"": {""0.5"": {""over"": -220, ""under"": 160}}, ""betmgm"": {""0.5"": {""over"": -225}}}",0.5,over,bet365,-220.0,0.6875,True,-0.166,1.5,,,,,False,
683002,Gunnar Henderson,BAL,LAA,1,3.0,1.0,680570,Grayson Rodriguez,R,824805,6:35 PM ET,Camden Yards,0,1,0.2558139534883721,2026-08-04,824805,0.0,0,102.7,105.0,101.5,L,2,2,0,0,0,0,0,0,0,0,0,2,0,0,1,0,1,0.15,0.2205,0,0,0,0,0,0,0.2222222222222222,0.3,0.6666666666666666,0.29577464788732394,0.3170731707317073,0.15873015873015872,0.014084507042253521,0.04225352112676056,0.09523809523809523,1.6,1.4,0.4523809523809524,0.2619047619047619,0.4523809523809524,0.23809523809523808,0.023809523809523808,0.3405333333333333,0.5765444444444444,0.2,0.2608695652173913,0.32114999999999994,0.47348333333333326,0.171875,0.265625,0.2898550724637681,0.23809523809523808,0.42857142857142855,0.16901408450704225,0.6976744186046512,0.28,0.5628415300546448,0.25136612021857924,0.3333333333333333,0.2866666666666667,0.02666666666666667,10.573426573426573,1.6993006993006994,9.251748251748252,0.22477064220183487,0.7294892046503136,0.3111746751927324,0.7294892046503136,1.4,"{""bet365"": {""0.5"": {""over"": -220, ""under"": 160}}, ""betmgm"": {""0.5"": {""over"": -200}}}",0.5,over,betmgm,-200.0,0.6666666666666666,True,0.0628,1.5,,,,,False,
702616,Jackson Holliday,BAL,LAA,1,5.0,1.0,680570,Grayson Rodriguez,R,824805,6:35 PM ET,Camden Yards,0,1,0.2558139534883721,2026-08-04,824805,0.0,0,102.7,105.0,101.5,L,2,2,0,0,0,0,0,0,0,2,0,0,0,0,0,0,0,0.029,0.046,0,0,0,0,1,1,0.37209302325581395,0.46153846153846156,0.7441860465116279,0.21153846153846154,0.48484848484848486,0.046511627906976744,0.0,0.038461538461538464,0.046511627906976744,1.2,0.7333333333333333,0.36363636363636365,0.2727272727272727,0.5151515151515151,0.18181818181818182,0.0,0.34745512820512825,0.41537820512820517,0.5,0.2631578947368421,0.40503333333333347,0.4884333333333334,0.39473684210526316,0.4473684210526316,0.16326530612244897,0.19607843137254902,0.21568627450980393,0.2786885245901639,0.6976744186046512,0.28,0.5628415300546448,0.25136612021857924,0.3333333333333333,0.2866666666666667,0.02666666666666667,10.573426573426573,1.6993006993006994,9.251748251748252,0.22477064220183487,0.6024769138743965,0.17668249136738448,0.6024769138743965,0.7333333333333333,"{""bet365"": {""0.5"": {""over"": -180, ""under"": 135}}, ""betmgm"": {""0.5"": {""over"": -175}}}",0.5,over,betmgm,-175.0,0.6363636363636364,True,-0.0339,1.5,,,,,False,
624413,Pete Alonso,BAL,LAA,1,2.0,1.0,680570,Grayson Rodriguez,R,824805,6:35 PM ET,Camden Yards,1,1,0.2558139534883721,2026-08-04,824805,0.0,0,102.7,105.0,101.5,R,2,2,1,0,0,0,0,0,0,0,1,2,0,1,0,1,1,0.4445,0.491,1,0,1,0,0,0,0.22950819672131148,0.32857142857142857,0.7049180327868853,0.2571428571428571,0.2926829268292683,0.16393442622950818,0.02857142857142857,0.05714285714285714,0.09836065573770492,1.6,1.2,0.6046511627906976,0.27906976744186046,0.32558139534883723,0.2558139534883721,0.023255813953488372,0.3986077777777777,0.7281422222222222,0.25,0.2727272727272727,0.38438,0.8673799999999998,0.2807017543859649,0.5087719298245614,0.20588235294117646,0.288135593220339,0.4915254237288136,0.3088235294117647,0.6976744186046512,0.28,0.5628415300546448,0.25136612021857924,0.3333333333333333,0.2866666666666667,0.02666666666666667,10.573426573426573,1.6993006993006994,9.251748251748252,0.22477064220183487,0.7264766725232942,0.2877246706694459,0.7264766725232942,1.2,"{""bet365"": {""0.5"": {""over"": -230, ""under"": 170}}, ""betmgm"": {""0.5"": {""over"": -275}}}",0.5,over,bet365,-230.0,0.696969696969697,True,0.0295,1.5,,,,,False,
694203,Denzer Guzman,LAA,BAL,0,5.0,1.0,700249,Cade Povich,L,824805,6:35 PM ET,Camden Yards,1,0,0.2577696526508227,2026-08-04,824805,0.0,0,102.7,105.0,101.5,R,3,2,0,0,0,0,1,0,0,1,0,1,0,0,0,0,1,0.083,0.135,0,0,0,0,1,0,0.21818181818181817,0.24561403508771928,0.6909090909090909,0.29310344827586204,0.2777777777777778,0.12727272727272726,0.034482758620689655,0.017241379310344827,0.05454545454545454,1.2666666666666666,1.1333333333333333,0.3157894736842105,0.3157894736842105,0.47368421052631576,0.13157894736842105,0.02631578947368421,0.2778622222222222,0.37229555555555555,0.23529411764705882,0.16666666666666666,0.3514666666666667,0.5214666666666666,0.25,0.32142857142857145,0.3220338983050847,0.26785714285714285,0.5535714285714286,0.2459016393442623,0.6888888888888889,0.26288659793814434,0.4752475247524752,0.18316831683168316,0.4774193548387097,0.24516129032258063,0.01935483870967742,10.146496815286625,1.375796178343949,8.426751592356688,0.21777777777777776,0.7224541725993708,0.31380952179114113,0.7224541725993708,1.1333333333333333,"{""bet365"": {""1.5"": {""over"": 205, ""under"": -290}}, ""betmgm"": {""1.5"": {""over"": 165}}}",0.5,,,,,False,,1.5,over,bet365,205.0,0.32786885245901637,True,-0.0141
642350,Jose Siri,LAA,BAL,0,8.0,1.0,700249,Cade Povich,L,824805,6:35 PM ET,Camden Yards,1,0,0.2577696526508227,2026-08-04,824805,0.0,0,102.7,105.0,101.5,R,1,1,0,0,0,0,0,0,0,1,0,0,0,0,0,0,0,0.66,1.016,0,0,0,0,1,0,0.25,0.3142857142857143,0.625,0.34285714285714286,0.4,0.0625,0.0,0.05714285714285714,0.0625,0.6666666666666666,0.8,0.35,0.25,0.45,0.25,0.0,0.37310000000000004,0.4780666666666667,0.09090909090909091,0.3333333333333333,0.46687500000000004,0.6327083333333334,0.3,0.35,0.19148936170212766,0.27586206896551724,0.4482758620689655,0.375,0.6888888888888889,0.26288659793814434,0.4752475247524752,0.18316831683168316,0.4774193548387097,0.24516129032258063,0.01935483870967742,10.146496815286625,1.375796178343949,8.426751592356688,0.21777777777777776,0.6357596579569782,0.20382482854322778,0.6357596579569782,0.8,"{""bet365"": {""1.5"": {""over"": 160, ""under"": -220}}, ""betmgm"": {""1.5"": {""over"": 135}}}",0.5,,,,,False,,1.5,over,bet365,160.0,0.38461538461538464,True,-0.1808
545361,Mike Trout,LAA,BAL,0,2.0,1.0,700249,Cade Povich,L,824805,6:35 PM ET,Camden Yards,1,0,0.2577696526508227,2026-08-04,824805,0.0,0,102.7,105.0,101.5,R,4,4,1,0,0,0,0,0,0,2,1,2,0,2,1,0,1,0.4675,0.6950000000000001,1,0,1,0,1,1,0.3076923076923077,0.4126984126984127,0.7307692307692307,0.2222222222222222,0.41025641025641024,0.057692307692307696,0.0,0.047619047619047616,0.057692307692307696,1.2666666666666666,0.9333333333333333,0.38461538461538464,0.2564102564102564,0.41025641025641024,0.28205128205128205,0.0,0.3478611111111111,0.4229388888888889,0.21052631578947367,0.23809523809523808,0.3107666666666667,0.3979000000000001,0.23333333333333334,0.4166666666666667,0.29411764705882354,0.2962962962962963,0.42592592592592593,0.24242424242424243,0.6888888888888889,0.26288659793814434,0.4752475247524752,0.18316831683168316,0.4774193548387097,0.24516129032258063,0.01935483870967742,10.146496815286625,1.375796178343949,8.426751592356688,0.21777777777777776,0.7004170659779444,0.3033333475244571,0.7004170659779444,0.9333333333333333,"{""bet365"": {""1.5"": {""over"": 190, ""under"": -260}}, ""betmgm"": {""1.5"": {""over"": 145}}}",0.5,,,,,False,,1.5,over,bet365,190.0,0.3448275862068966,True,-0.0415
694208,Moisés Ballesteros,LAA,BAL,0,6.0,1.0,700249,Cade Povich,L,824805,6:35 PM ET,Camden Yards,0,0,0.2577696526508227,2026-08-04,824805,0.0,0,102.7,105.0,101.5,L,1,1,0,0,0,0,0,0,0,0,0,1,0,1,0,1,0,0.065,0.072,0,0,0,0,0,0,0.225,0.27906976744186046,0.725,0.2558139534883721,0.3103448275862069,0.025,0.0,0.023255813953488372,0.025,0.6666666666666666,0.7333333333333333,0.3448275862068966,0.20689655172413793,0.5862068965517241,0.10344827586206896,0.0,0.292625,0.34332142857142856,0.14285714285714285,0.26666666666666666,0.34743333333333337,0.4126999999999999,0.225,0.25,0.2558139534883721,,,,0.6888888888888889,0.26288659793814434,0.4752475247524752,0.18316831683168316,0.4774193548387097,0.24516129032258063,0.01935483870967742,10.146496815286625,1.375796178343949,8.426751592356688,0.21777777777777776,0.6324899108055179,0.20536686896981016,0.6324899108055179,0.7333333333333333,,0.5,,,,,False,,1.5,,,,,False,
694384,Nolan Schanuel,LAA,BAL,0,3.0,1.0,700249,Cade Povich,L,824805,6:35 PM ET,Camden Yards,0,0,0.2577696526508227,2026-08-04,824805,0.0,0,102.7,105.0,101.5,L,4,4,0,0,0,0,0,0,0,2,0,2,0,0,1,1,0,0.033,0.040499999999999994,0,0,0,0,1,1,0.2962962962962963,0.38095238095238093,0.8888888888888888,0.09523809523809523,0.32653061224489793,0.037037037037037035,0.0,0.031746031746031744,0.037037037037037035,1.2,0.4,0.3673469387755102,0.3469387755102041,0.3877551020408163,0.20408163265306123,0.02040816326530612,0.33770333333333336,0.42705333333333334,0.21052631578947367,0.09523809523809523,0.32346666666666674,0.4809333333333333,0.38596491228070173,0.47368421052631576,0.09230769230769231,0.19607843137254902,0.27450980392156865,0.11475409836065574,0.6888888888888889,0.26288659793814434,0.4752475247524752,0.18316831683168316,0.4774193548387097,0.24516129032258063,0.01935483870967742,10.146496815286625,1.375796178343949,8.426751592356688,0.21777777777777776,0.46903372680081307,0.12152318866356714,0.46903372680081307,0.4,"{""bet365"": {""0.5"": {""over"": 100, ""under"": -135}}, ""betmgm"": {""0.5"": {""over"": -115}}}",0.5,over,bet365,100.0,0.5,True,-0.031,1.5,,,,,False,
518595,Travis d'Arnaud,LAA,BAL,0,7.0,1.0,700249,Cade Povich,L,824805,6:35 PM ET,Camden Yards,1,0,0.2577696526508227,2026-08-04,824805,0.0,0,102.7,105.0,101.5,R,3,3,0,0,0,0,0,0,0,2,0,1,0,1,1,0,0,0.434,1.605,0,0,0,0,1,1,0.20512820512820512,0.29545454545454547,0.7948717948717948,0.18181818181818182,0.23333333333333334,0.10256410256410256,0.022727272727272728,0.022727272727272728,0.05128205128205128,0.8,0.5333333333333333,0.2903225806451613,0.16129032258064516,0.41935483870967744,0.3225806451612903,0.06451612903225806,0.32975000000000004,0.7148397435897436,0.25,0.16666666666666666,0.30460000000000004,0.5585999999999995,0.13157894736842105,0.18421052631578946,0.3333333333333333,0.13157894736842105,0.21052631578947367,0.25,0.6888888888888889,0.26288659793814434,0.4752475247524752,0.18316831683168316,0.4774193548387097,0.24516129032258063,0.01935483870967742,10.146496815286625,1.375796178343949,8.426751592356688,0.21777777777777776,0.6197949003509112,0.20253733173761687,0.6197949003509112,0.5333333333333333,"{""bet365"": {""0.5"": {""over"": -220, ""under"": 160}}, ""betmgm"": {""0.5"": {""over"": -275}}}",0.5,over,bet365,-220.0,0.6875,True,-0.0677,1.5,,,,,False,
687093,Vaughn Grissom,LAA,BAL,0,4.0,1.0,700249,Cade Povich,L,824805,6:35 PM ET,Camden Yards,1,0,0.2577696526508227,2026-08-04,824805,0.0,0,102.7,105.0,101.5,R,3,3,1,0,0,0,0,0,0,0,1,3,0,1,1,2,0,0.17166666666666666,0.19966666666666666,1,0,1,0,0,0,0.27586206896551724,0.3333333333333333,0.7758620689655172,0.20634920634920634,0.32558139534883723,0.15517241379310345,0.031746031746031744,0.047619047619047616,0.08620689655172414,1.6666666666666667,0.8666666666666667,0.37777777777777777,0.24444444444444444,0.5111111111111111,0.17777777777777778,0.022222222222222223,0.3525,0.5041888888888889,0.3684210526315789,0.23809523809523808,0.39669999999999994,0.5399999999999999,0.32142857142857145,0.5357142857142857,0.25,0.25,0.2857142857142857,0.13114754098360656,0.6888888888888889,0.26288659793814434,0.4752475247524752,0.18316831683168316,0.4774193548387097,0.24516129032258063,0.01935483870967742,10.146496815286625,1.375796178343949,8.426751592356688,0.21777777777777776,0.6086690438508587,0.2201472426632702,0.6086690438508587,0.8666666666666667,"{""bet365"": {""0.5"": {""over"": -170, ""under"": 130}}, ""betmgm"": {""0.5"": {""over"": -155}}}",0.5,over,betmgm,-155.0,0.6078431372549019,True,0.0008,1.5,,,,,False,
685133,Wade Meckler,LAA,BAL,0,9.0,1.0,700249,Cade Povich,L,824805,6:35 PM ET,Camden Yards,0,0,0.2577696526508227,2026-08-04,824805,0.0,0,102.7,105.0,101.5,L,3,3,1,0,0,1,0,0,0,1,4,2,0,1,1,1,0,0.174,0.549,1,0,1,1,1,0,0.3235294117647059,0.3783783783783784,0.7647058823529411,0.21621621621621623,0.4230769230769231,0.058823529411764705,0.0,0.05405405405405406,0.058823529411764705,0.8666666666666667,0.5333333333333333,0.2692307692307692,0.34615384615384615,0.5384615384615384,0.11538461538461539,0.0,0.3707651515151515,0.4512424242424242,0.2222222222222222,0.2,0.2681875000000001,0.3000625,0.3235294117647059,0.38235294117647056,0.21621621621621623,0.1111111111111111,0.1111111111111111,0.09090909090909091,0.6888888888888889,0.26288659793814434,0.4752475247524752,0.18316831683168316,0.4774193548387097,0.24516129032258063,0.01935483870967742,10.146496815286625,1.375796178343949,8.426751592356688,0.21777777777777776,0.3423941413245161,0.05860929306712994,0.3423941413245161,0.5333333333333333,"{""bet365"": {""0.5"": {""over"": -170, ""under"": 130}}}",0.5,over,bet365,-170.0,0.6296296296296297,True,-0.2872,1.5,,,,,False,
687263,Zach Neto,LAA,BAL,0,1.0,1.0,700249,Cade Povich,L,824805,6:35 PM ET,Camden Yards,1,0,0.2577696526508227,2026-08-04,824805,0.0,0,102.7,105.0,101.5,R,4,4,1,0,0,0,0,0,0,2,1,2,0,0,0,2,0,0.2125,0.243,1,0,1,0,1,1,0.1864406779661017,0.26153846153846155,0.6271186440677966,0.3384615384615385,0.2972972972972973,0.05084745762711865,0.0,0.015384615384615385,0.03389830508474576,0.9333333333333333,1.4666666666666666,0.43243243243243246,0.21621621621621623,0.3783783783783784,0.2972972972972973,0.05405405405405406,0.32774444444444445,0.5374111111111112,0.15,0.30434782608695654,0.3460333333333333,0.5784666666666667,0.20689655172413793,0.25862068965517243,0.2835820895522388,0.25862068965517243,0.46551724137931033,0.39344262295081966,0.6888888888888889,0.26288659793814434,0.4752475247524752,0.18316831683168316,0.4774193548387097,0.24516129032258063,0.01935483870967742,10.146496815286625,1.375796178343949,8.426751592356688,0.21777777777777776,0.7469156207130117,0.291942685746931,0.7469156207130117,1.4666666666666666,"{""bet365"": {""1.5"": {""over"": 132, ""under"": -175}}, ""betmgm"": {""1.5"": {""over"": 110}}}",0.5,,,,,False,,1.5,over,bet365,132.0,0.43103448275862066,True,-0.1391
682657,Angel Martínez,CLE,NYM,1,5.0,1.0,640455,Sean Manaea,L,824403,6:40 PM ET,Progressive Field,0,0,0.20665499124343256,2026-08-04,824403,0.0,0,96.8,95.8,102.3,L,3,3,1,0,0,0,0,0,0,1,1,2,0,1,0,1,1,0.6074999999999999,0.6835,1,0,1,0,1,0,0.16666666666666666,0.18604651162790697,0.7380952380952381,0.25,0.1724137931034483,0.16666666666666666,0.045454545454545456,0.022727272727272728,0.07142857142857142,0.9333333333333333,0.7333333333333333,0.4375,0.21875,0.53125,0.25,0.03125,0.3181428571428571,0.5043214285714286,0.0,0.2727272727272727,0.151375,0.19400000000000026,0.1896551724137931,0.29310344827586204,0.3,0.18333333333333332,0.3,0.22950819672131148,0.6986301369863014,0.2074468085106383,0.4619289340101523,0.2182741116751269,0.42483660130718953,0.3006535947712418,0.013071895424836602,8.059701492537314,1.0074626865671643,8.46268656716418,0.2198952879581152,0.6595150047321025,0.18845449498564582,0.6595150047321025,0.7333333333333333,"{""bet365"": {""0.5"": {""over"": -150, ""under"": 110}}, ""betmgm"": {""0.5"": {""over"": -115}}}",0.5,over,betmgm,-115.0,0.5348837209302325,True,0.1246,1.5,,,,,False,
595978,Austin Hedges,CLE,NYM,1,8.0,1.0,640455,Sean Manaea,L,824403,6:40 PM ET,Progressive Field,1,0,0.20665499124343256,2026-08-04,824403,0.0,0,96.8,95.8,102.3,R,3,3,1,0,0,0,0,0,0,2,1,1,0,1,0,0,1,0.883,1.119,1,0,1,0,1,1,0.3,0.3409090909090909,0.8,0.17391304347826086,0.3,0.225,0.06521739130434782,0.0,0.075,1.4,0.5333333333333333,0.3235294117647059,0.14705882352941177,0.3235294117647059,0.35294117647058826,0.0,0.25657142857142856,0.38957142857142857,0.23076923076923078,0.21428571428571427,0.14929166666666666,0.2387916666666665,0.2682926829268293,0.36585365853658536,0.12,0.27906976744186046,0.46511627906976744,0.1875,0.6986301369863014,0.2074468085106383,0.4619289340101523,0.2182741116751269,0.42483660130718953,0.3006535947712418,0.013071895424836602,8.059701492537314,1.0074626865671643,8.46268656716418,0.2198952879581152,0.48244817433385073,0.14624045086452772,0.48244817433385073,0.5333333333333333,"{""bet365"": {""0.5"": {""over"": -140, ""under"": 105}}, ""betmgm"": {""0.5"": {""over"": -150}}}",0.5,over,bet365,-140.0,0.5833333333333334,True,-0.1009,1.5,,,,,False,
677587,Brayan Rocchio,CLE,NYM,1,9.0,1.0,640455,Sean Manaea,L,824403,6:40 PM ET,Progressive Field,0,0,0.20665499124343256,2026-08-04,824403,0.0,0,96.8,95.8,102.3,L,4,4,0,0,0,0,0,0,0,1,0,3,0,1,1,1,0,0.11066666666666668,0.13566666666666666,0,0,0,0,1,0,0.11428571428571428,0.16216216216216217,0.7714285714285715,0.21052631578947367,0.14814814814814814,0.05714285714285714,0.0,0.05263157894736842,0.05714285714285714,0.4,0.5333333333333333,0.17857142857142858,0.10714285714285714,0.5,0.35714285714285715,0.0,0.17892261904761902,0.2677380952380953,0.08333333333333333,0.23076923076923078,0.1318125000000001,0.16995833333333343,0.21875,0.359375,0.16923076923076924,0.23636363636363636,0.36363636363636365,0.1694915254237288,0.6986301369863014,0.2074468085106383,0.4619289340101523,0.2182741116751269,0.42483660130718953,0.3006535947712418,0.013071895424836602,8.059701492537314,1.0074626865671643,8.46268656716418,0.2198952879581152,0.36069022691904457,0.06870255866045381,0.36069022691904457,0.5333333333333333,"{""bet365"": {""0.5"": {""over"": -130, ""under"": -105}}, ""betmgm"": {""0.5"": {""over"": -155}}}",0.5,over,bet365,-130.0,0.5652173913043478,True,-0.2045,1.5,,,,,False,
800050,Chase DeLauter,CLE,NYM,1,3.0,1.0,640455,Sean Manaea,L,824403,6:40 PM ET,Progressive Field,0,0,0.20665499124343256,2026-08-04,824403,0.0,0,96.8,95.8,102.3,L,4,4,2,1,0,0,0,0,0,1,3,3,0,3,0,0,3,0.6723333333333333,0.8889999999999999,1,1,1,1,1,0,0.25862068965517243,0.3333333333333333,0.8275862068965517,0.15151515151515152,0.2765957446808511,0.1724137931034483,0.030303030303030304,0.06060606060606061,0.10344827586206896,1.6666666666666667,0.6666666666666666,0.4897959183673469,0.30612244897959184,0.40816326530612246,0.1836734693877551,0.0,0.280225,0.5273904761904762,0.15789473684210525,0.13636363636363635,0.21357333333333334,0.35318666666666665,0.29310344827586204,0.5689655172413793,0.14705882352941177,0.3275862068965517,0.41379310344827586,0.140625,0.6986301369863014,0.2074468085106383,0.4619289340101523,0.2182741116751269,0.42483660130718953,0.3006535947712418,0.013071895424836602,8.059701492537314,1.0074626865671643,8.46268656716418,0.2198952879581152,0.5142508733975095,0.13642566450368052,0.5142508733975095,0.6666666666666666,"{""bet365"": {""0.5"": {""over"": -135, ""under"": 100}}, ""betmgm"": {""0.5"": {""over"": -135}}}",0.5,over,bet365,-135.0,0.574468085106383,True,-0.0602,1.5,,,,,False,
672356,Gabriel Arias,CLE,NYM,1,7.0,1.0,640455,Sean Manaea,L,824403,6:40 PM ET,Progressive Field,1,0,0.20665499124343256,2026-08-04,824403,0.0,0,96.8,95.8,102.3,R,4,4,0,0,0,0,0,0,0,3,0,1,0,0,0,1,0,0.088,0.092,0,0,0,0,1,1,0.3404255319148936,0.3673469387755102,0.5319148936170213,0.4489795918367347,0.6086956521739131,0.14893617021276595,0.04081632653061224,0.02040816326530612,0.06382978723404255,1.5333333333333334,1.4666666666666666,0.36,0.2,0.64,0.16,0.0,0.41808333333333336,0.7123589743589742,0.375,0.29411764705882354,0.2929166666666666,0.3582333333333332,0.3333333333333333,0.42857142857142855,0.41304347826086957,0.2,0.34,0.37735849056603776,0.6986301369863014,0.2074468085106383,0.4619289340101523,0.2182741116751269,0.42483660130718953,0.3006535947712418,0.013071895424836602,8.059701492537314,1.0074626865671643,8.46268656716418,0.2198952879581152,0.7380201067731228,0.3297429880786229,0.7380201067731228,1.4666666666666666,"{""bet365"": {""1.5"": {""over"": 110, ""under"": -150}}, ""betmgm"": {""1.5"": {""over"": 135}}}",0.5,,,,,False,,1.5,over,betmgm,135.0,0.425531914893617,True,-0.0958
666176,Jo Adell,CLE,NYM,1,2.0,1.0,640455,Sean Manaea,L,824403,6:40 PM ET,Progressive Field,1,0,0.20665499124343256,2026-08-04,824403,0.0,0,96.8,95.8,102.3,R,3,2,0,0,0,0,1,0,0,1,0,1,0,1,0,0,1,0.469,0.626,0,0,0,0,1,0,0.18867924528301888,0.2413793103448276,0.6037735849056604,0.3620689655172414,0.23333333333333334,0.18867924528301888,0.05172413793103448,0.017241379310344827,0.07547169811320754,1.3333333333333333,1.4,0.48484848484848486,0.24242424242424243,0.3333333333333333,0.36363636363636365,0.06060606060606061,0.3650119047619048,0.6775892857142857,0.17647058823529413,0.5263157894736842,0.2751250000000001,0.46725,0.18,0.26,0.25,0.20689655172413793,0.41379310344827586,0.24193548387096775,0.6986301369863014,0.2074468085106383,0.4619289340101523,0.2182741116751269,0.42483660130718953,0.3006535947712418,0.013071895424836602,8.059701492537314,1.0074626865671643,8.46268656716418,0.2198952879581152,0.6580450346169885,0.23789063591560924,0.6580450346169885,1.4,"{""bet365"": {""0.5"": {""over"": -290, ""under"": 205}}, ""betmgm"": {""0.5"": {""over"": -210}}}",0.5,over,betmgm,-210.0,0.6774193548387096,True,-0.0194,1.5,,,,,False,
656555,Rhys Hoskins,CLE,NYM,1,4.0,1.0,640455,Sean Manaea,L,824403,6:40 PM ET,Progressive Field,1,0,0.20665499124343256,2026-08-04,824403,0.0,0,96.8,95.8,102.3,R,2,2,1,0,0,1,0,0,0,1,4,1,0,1,1,0,0,0.803,3.176,1,0,1,1,1,0,0.15384615384615385,0.26666666666666666,0.6153846153846154,0.3333333333333333,0.1,0.3076923076923077,0.08888888888888889,0.0,0.10256410256410256,1.2,1.0,0.3333333333333333,0.16666666666666666,0.16666666666666666,0.4166666666666667,0.125,0.3015763888888889,0.7929166666666667,0.09090909090909091,0.35714285714285715,0.27779999999999994,0.6668000000000001,0.1346153846153846,0.36538461538461536,0.3793103448275862,0.16666666666666666,0.3055555555555556,0.4146341463414634,0.6986301369863014,0.2074468085106383,0.4619289340101523,0.2182741116751269,0.42483660130718953,0.3006535947712418,0.013071895424836602,8.059701492537314,1.0074626865671643,8.46268656716418,0.2198952879581152,0.721404729327049,0.31241316299999194,0.721404729327049,1.0,"{""bet365"": {""0.5"": {""over"": -280, ""under"": 202}}, ""betmgm"": {""1.5"": {""over"": 165}}}",0.5,over,bet365,-280.0,0.7368421052631579,True,-0.0154,1.5,over,betmgm,165.0,0.37735849056603776,True,-0.0649
680757,Steven Kwan,CLE,NYM,1,1.0,1.0,640455,Sean Manaea,L,824403,6:40 PM ET,Progressive Field,0,0,0.20665499124343256,2026-08-04,824403,0.0,0,96.8,95.8,102.3,L,4,2,1,0,0,0,2,0,0,0,1,2,0,0,1,1,0,0.057499999999999996,0.099,1,0,1,0,0,0,0.43859649122807015,0.49230769230769234,0.8947368421052632,0.09090909090909091,0.4807692307692308,0.07017543859649122,0.0,0.06060606060606061,0.07017543859649122,1.9333333333333333,0.4,0.057692307692307696,0.4807692307692308,0.34615384615384615,0.17307692307692307,0.0,0.4570377777777778,0.5489233333333333,0.4,0.13043478260869565,0.46040666666666663,0.5401133333333332,0.375,0.42857142857142855,0.109375,0.2549019607843137,0.3137254901960784,0.12903225806451613,0.6986301369863014,0.2074468085106383,0.4619289340101523,0.2182741116751269,0.42483660130718953,0.3006535947712418,0.013071895424836602,8.059701492537314,1.0074626865671643,8.46268656716418,0.2198952879581152,0.4627603456440655,0.1517968116142795,0.4627603456440655,0.4,"{""bet365"": {""0.5"": {""over"": 125, ""under"": -165}}, ""betmgm"": {""0.5"": {""over"": 115}}}",0.5,over,bet365,125.0,0.4444444444444444,True,0.0183,1.5,,,,,False,
683953,Travis Bazzana,CLE,NYM,1,6.0,1.0,640455,Sean Manaea,L,824403,6:40 PM ET,Progressive Field,0,0,0.20665499124343256,2026-08-04,824403,0.0,0,96.8,95.8,102.3,L,4,2,1,0,0,0,2,0,0,0,1,2,0,1,1,1,0,0.377,0.518,1,0,1,0,0,0,0.26785714285714285,0.36923076923076925,0.7142857142857143,0.24615384615384617,0.34210526315789475,0.16071428571428573,0.03076923076923077,0.015384615384615385,0.07142857142857142,1.6,1.0666666666666667,0.4,0.275,0.375,0.275,0.05,0.34708333333333335,0.5435555555555555,0.3,0.3181818181818182,0.3787,0.5521666666666667,0.2631578947368421,0.42105263157894735,0.2835820895522388,0.21428571428571427,0.26785714285714285,0.22058823529411764,0.6986301369863014,0.2074468085106383,0.4619289340101523,0.2182741116751269,0.42483660130718953,0.3006535947712418,0.013071895424836602,8.059701492537314,1.0074626865671643,8.46268656716418,0.2198952879581152,0.683810841464508,0.24166555241079257,0.683810841464508,1.0666666666666667,"{""bet365"": {""0.5"": {""over"": -260, ""under"": 190}}, ""betmgm"": {""0.5"": {""over"": -225}}}",0.5,over,betmgm,-225.0,0.6923076923076923,True,-0.0085,1.5,,,,,False,
805999,A.J. Ewing,NYM,CLE,0,1.0,1.0,676282,Joey Cantillo,L,824403,6:40 PM ET,Progressive Field,0,0,0.26287744227353466,2026-08-04,824403,0.0,0,96.8,95.8,102.3,L,5,5,0,0,0,0,0,0,0,0,0,5,0,1,1,3,0,0.1514,0.22039999999999998,0,0,0,0,0,0,0.24193548387096775,0.2898550724637681,0.6612903225806451,0.30434782608695654,0.3488372093023256,0.06451612903225806,0.0,0.057971014492753624,0.06451612903225806,1.2666666666666666,1.4,0.3953488372093023,0.2558139534883721,0.5581395348837209,0.13953488372093023,0.0,0.3277333333333333,0.42301111111111106,0.3157894736842105,0.22727272727272727,0.37034999999999996,0.5218999999999999,0.234375,0.34375,0.2571428571428571,0.18181818181818182,0.36363636363636365,0.36666666666666664,0.6217391304347826,0.255,0.4320388349514563,0.1553398058252427,0.46853146853146854,0.24475524475524477,0.02097902097902098,8.171052631578947,1.2434210526315788,9.769736842105264,0.25,0.7470984070128828,0.36008668505750885,0.7470984070128828,1.4,"{""bet365"": {""1.5"": {""over"": 140, ""under"": -190}}, ""betmgm"": {""1.5"": {""over"": 140}}}",0.5,,,,,False,,1.5,over,betmgm,140.0,0.4166666666666667,True,-0.0566
666182,Bo Bichette,NYM,CLE,0,3.0,1.0,676282,Joey Cantillo,L,824403,6:40 PM ET,Progressive Field,1,0,0.26287744227353466,2026-08-04,824403,0.0,0,96.8,95.8,102.3,R,4,4,0,0,0,0,0,0,0,2,0,2,0,1,1,1,0,0.133,0.15200000000000002,0,0,0,0,1,1,0.26229508196721313,0.30303030303030304,0.7868852459016393,0.19696969696969696,0.32653061224489793,0.03278688524590164,0.0,0.030303030303030304,0.03278688524590164,1.2,0.8666666666666667,0.1836734693877551,0.2857142857142857,0.5102040816326531,0.16326530612244897,0.0,0.27406222222222226,0.3176877777777778,0.15,0.15,0.24153333333333332,0.2812999999999998,0.24528301886792453,0.2830188679245283,0.1896551724137931,0.375,0.5714285714285714,0.125,0.6217391304347826,0.255,0.4320388349514563,0.1553398058252427,0.46853146853146854,0.24475524475524477,0.02097902097902098,8.171052631578947,1.2434210526315788,9.769736842105264,0.25,0.6198758661325038,0.2659063944307459,0.6198758661325038,0.8666666666666667,"{""bet365"": {""0.5"": {""over"": -210, ""under"": 155}}, ""betmgm"": {""0.5"": {""over"": -210}}}",0.5,over,betmgm,-210.0,0.6774193548387096,True,-0.0575,1.5,,,,,False,
701807,Carson Benge,NYM,CLE,0,5.0,1.0,676282,Joey Cantillo,L,824403,6:40 PM ET,Progressive Field,0,0,0.26287744227353466,2026-08-04,824403,0.0,0,96.8,95.8,102.3,L,4,3,0,0,0,0,1,0,0,0,0,3,0,1,1,1,1,0.13733333333333334,0.22233333333333336,0,0,0,0,0,0,0.25,0.3064516129032258,0.6428571428571429,0.3225806451612903,0.3783783783783784,0.05357142857142857,0.0,0.04838709677419355,0.05357142857142857,1.1333333333333333,1.3333333333333333,0.3783783783783784,0.1891891891891892,0.5945945945945946,0.1891891891891892,0.0,0.29394444444444445,0.42516111111111116,0.42105263157894735,0.2631578947368421,0.4427333333333333,0.7260833333333334,0.36363636363636365,0.41818181818181815,0.203125,0.20967741935483872,0.3548387096774194,0.23529411764705882,0.6217391304347826,0.255,0.4320388349514563,0.1553398058252427,0.46853146853146854,0.24475524475524477,0.02097902097902098,8.171052631578947,1.2434210526315788,9.769736842105264,0.25,0.736468671784217,0.2782001385282422,0.736468671784217,1.3333333333333333,"{""bet365"": {""1.5"": {""over"": 205, ""under"": -290}}, ""betmgm"": {""1.5"": {""over"": 155}}}",0.5,,,,,False,,1.5,over,bet365,205.0,0.32786885245901637,True,-0.0497
682626,Francisco Alvarez,NYM,CLE,0,4.0,1.0,676282,Joey Cantillo,L,824403,6:40 PM ET,Progressive Field,1,0,0.26287744227353466,2026-08-04,824403,0.0,0,96.8,95.8,102.3,R,4,3,1,1,0,0,1,0,0,1,2,2,0,1,0,0,1,0.43,0.7685,1,0,1,1,1,0,0.26666666666666666,0.43103448275862066,0.6444444444444445,0.27586206896551724,0.34615384615384615,0.2222222222222222,0.05172413793103448,0.017241379310344827,0.08888888888888889,1.4666666666666666,1.0666666666666667,0.4482758620689655,0.3103448275862069,0.41379310344827586,0.27586206896551724,0.0,0.40700000000000003,0.7501333333333334,0.15384615384615385,0.21052631578947367,0.33119999999999994,0.7096000000000002,0.27450980392156865,0.5490196078431373,0.2807017543859649,0.26,0.36,0.3,0.6217391304347826,0.255,0.4320388349514563,0.1553398058252427,0.46853146853146854,0.24475524475524477,0.02097902097902098,8.171052631578947,1.2434210526315788,9.769736842105264,0.25,0.7051628110185071,0.3220774975260037,0.7051628110185071,1.0666666666666667,"{""bet365"": {""1.5"": {""over"": 105, ""under"": -140}}, ""betmgm"": {""1.5"": {""over"": 140}}}",0.5,,,,,False,,1.5,over,betmgm,140.0,0.4166666666666667,True,-0.0946
596019,Francisco Lindor,NYM,CLE,0,2.0,1.0,676282,Joey Cantillo,L,824403,6:40 PM ET,Progressive Field,0,0,0.26287744227353466,2026-08-04,824403,0.0,0,96.8,95.8,102.3,L,4,4,1,1,0,0,0,0,0,0,2,4,0,2,1,1,1,0.27825,0.38675000000000004,1,0,1,1,0,0,0.2631578947368421,0.36363636363636365,0.7368421052631579,0.22727272727272727,0.28,0.2894736842105263,0.06818181818181818,0.0,0.10526315789473684,1.4,0.6666666666666666,0.5,0.35714285714285715,0.14285714285714285,0.39285714285714285,0.03571428571428571,0.3484277777777778,0.6938833333333334,0.3333333333333333,0.3125,0.3724666666666666,0.6940000000000001,0.2857142857142857,0.42857142857142855,0.2,0.25,0.5535714285714286,0.12307692307692308,0.6217391304347826,0.255,0.4320388349514563,0.1553398058252427,0.46853146853146854,0.24475524475524477,0.02097902097902098,8.171052631578947,1.2434210526315788,9.769736842105264,0.25,0.4493349231820514,0.1314241199594227,0.4493349231820514,0.6666666666666666,"{""bet365"": {""0.5"": {""over"": -270, ""under"": 195}}, ""betmgm"": {""0.5"": {""over"": -190}}}",0.5,over,betmgm,-190.0,0.6551724137931034,True,-0.2058,1.5,,,,,False,
676724,Jared Young,NYM,CLE,0,8.0,1.0,676282,Joey Cantillo,L,824403,6:40 PM ET,Progressive Field,0,0,0.26287744227353466,2026-08-04,824403,0.0,0,96.8,95.8,102.3,L,4,3,1,1,0,0,1,0,0,1,2,2,0,2,0,1,1,0.437,0.5145,1,0,1,1,1,0,0.29545454545454547,0.39215686274509803,0.8181818181818182,0.1568627450980392,0.34285714285714286,0.1590909090909091,0.0196078431372549,0.0784313725490196,0.11363636363636363,1.3333333333333333,0.5333333333333333,0.4722222222222222,0.2777777777777778,0.5,0.19444444444444445,0.0,0.3470952380952381,0.49563690476190475,0.17647058823529413,0.21052631578947367,0.21805,0.3470666666666665,0.2978723404255319,0.44680851063829785,0.14545454545454545,0.23529411764705882,0.35294117647058826,0.23529411764705882,0.6217391304347826,0.255,0.4320388349514563,0.1553398058252427,0.46853146853146854,0.24475524475524477,0.02097902097902098,8.171052631578947,1.2434210526315788,9.769736842105264,0.25,0.5469788449543334,0.14099139096732008,0.5469788449543334,0.5333333333333333,"{""bet365"": {""0.5"": {""over"": -270, ""under"": 195}}, ""betmgm"": {""0.5"": {""over"": -190}}}",0.5,over,betmgm,-190.0,0.6551724137931034,True,-0.1082,1.5,,,,,False,
673357,Luis Robert Jr.,NYM,CLE,0,6.0,1.0,676282,Joey Cantillo,L,824403,6:40 PM ET,Progressive Field,1,0,0.26287744227353466,2026-08-04,824403,0.0,0,96.8,95.8,102.3,R,4,4,1,0,0,0,0,0,0,2,1,2,0,0,1,0,1,0.5,0.5690000000000001,1,0,1,0,1,1,0.11538461538461539,0.17857142857142858,0.7115384615384616,0.26785714285714285,0.11428571428571428,0.1346153846153846,0.03571428571428571,0.017857142857142856,0.057692307692307696,0.8666666666666667,1.0,0.43243243243243246,0.10810810810810811,0.43243243243243246,0.2972972972972973,0.02702702702702703,0.23526282051282055,0.37849999999999995,0.1111111111111111,0.42105263157894735,0.2317083333333333,0.26993750000000044,0.1724137931034483,0.3275862068965517,0.21666666666666667,0.10204081632653061,0.16326530612244897,0.25,0.6217391304347826,0.255,0.4320388349514563,0.1553398058252427,0.46853146853146854,0.24475524475524477,0.02097902097902098,8.171052631578947,1.2434210526315788,9.769736842105264,0.25,0.6217993879705952,0.26778255986099336,0.6217993879705952,1.0,"{""bet365"": {""1.5"": {""over"": 150, ""under"": -200}}, ""betmgm"": {""1.5"": {""over"": 165}}}",0.5,,,,,False,,1.5,over,betmgm,165.0,0.37735849056603776,True,-0.1096
620443,Luis Torrens,NYM,CLE,0,9.0,1.0,676282,Joey Cantillo,L,824403,6:40 PM ET,Progressive Field,1,0,0.26287744227353466,2026-08-04,824403,0.0,0,96.8,95.8,102.3,R,3,3,0,0,0,0,0,0,0,0,0,3,0,2,0,3,0,0.22766666666666668,0.25166666666666665,0,0,0,0,0,0,0.22916666666666666,0.3148148148148148,0.8125,0.16666666666666666,0.2631578947368421,0.125,0.018518518518518517,0.05555555555555555,0.08333333333333333,1.1333333333333333,0.6,0.38461538461538464,0.3333333333333333,0.48717948717948717,0.15384615384615385,0.0,0.3324277777777778,0.4689055555555556,0.1875,0.17647058823529413,0.34319999999999995,0.4956500000000001,0.25,0.3541666666666667,0.23076923076923078,0.16666666666666666,0.23809523809523808,0.19148936170212766,0.6217391304347826,0.255,0.4320388349514563,0.1553398058252427,0.46853146853146854,0.24475524475524477,0.02097902097902098,8.171052631578947,1.2434210526315788,9.769736842105264,0.25,0.4477860468763046,0.11218265326273003,0.4477860468763046,0.6,"{""bet365"": {""0.5"": {""over"": -210, ""under"": 155}}, ""betmgm"": {""0.5"": {""over"": -175}}}",0.5,over,betmgm,-175.0,0.6363636363636364,True,-0.1886,1.5,,,,,False,
543760,Marcus Semien,NYM,CLE,0,7.0,1.0,676282,Joey Cantillo,L,824403,6:40 PM ET,Progressive Field,1,0,0.26287744227353466,2026-08-04,824403,0.0,0,96.8,95.8,102.3,R,4,3,1,0,0,0,1,0,0,0,1,3,0,2,2,0,1,0.345,0.414,1,0,1,0,0,0,0.18,0.21153846153846154,0.7,0.28846153846153844,0.1875,0.18,0.057692307692307696,0.0,0.06,1.2,1.0,0.42857142857142855,0.17142857142857143,0.4,0.4,0.0,0.2750641025641026,0.4555448717948718,0.14285714285714285,0.42857142857142855,0.3792222222222223,0.43394444444444497,0.16326530612244897,0.32653061224489793,0.28846153846153844,0.18181818181818182,0.2909090909090909,0.19047619047619047,0.6217391304347826,0.255,0.4320388349514563,0.1553398058252427,0.46853146853146854,0.24475524475524477,0.02097902097902098,8.171052631578947,1.2434210526315788,9.769736842105264,0.25,0.6418038939785884,0.29058082388906487,0.6418038939785884,1.0,"{""bet365"": {""0.5"": {""over"": -240, ""under"": 180}}, ""betmgm"": {""0.5"": {""over"": -235}}}",0.5,over,betmgm,-235.0,0.7014925373134329,True,-0.0597,1.5,,,,,False,
667472,Dane Myers,CIN,ATH,1,6.0,1.0,669372,J.T. Ginn,R,824484,6:40 PM ET,Great American Ball Park,1,1,0.2697841726618705,2026-08-04,824484,0.0,0,97.3,101.4,113.2,R,5,4,1,1,0,0,1,0,0,1,2,3,0,1,1,2,0,0.20866666666666667,0.22366666666666668,1,0,1,1,1,0,0.3409090909090909,0.43137254901960786,0.7045454545454546,0.2549019607843137,0.4838709677419355,0.045454545454545456,0.0,0.0392156862745098,0.045454545454545456,1.1333333333333333,0.8666666666666667,0.3870967741935484,0.1935483870967742,0.5806451612903226,0.12903225806451613,0.0,0.2639940476190476,0.35150595238095234,0.4375,0.21052631578947367,0.2882333333333333,0.34326666666666666,0.2608695652173913,0.2826086956521739,0.3076923076923077,0.375,0.59375,0.19444444444444445,0.645021645021645,0.2,0.37055837563451777,0.14213197969543148,0.44966442953020136,0.2953020134228188,0.013422818791946308,6.668674698795181,0.9759036144578314,8.457831325301203,0.22033898305084745,0.692147221768037,0.21082804470860927,0.692147221768037,0.8666666666666667,"{""bet365"": {""0.5"": {""over"": -220, ""under"": 160}}, ""betmgm"": {""1.5"": {""over"": 195}}}",0.5,over,bet365,-220.0,0.6875,True,0.0046,1.5,over,betmgm,195.0,0.3389830508474576,True,-0.1282
682829,Elly De La Cruz,CIN,ATH,1,1.0,1.0,669372,J.T. Ginn,R,824484,6:40 PM ET,Great American Ball Park,0,1,0.2697841726618705,2026-08-04,824484,0.0,0,97.3,101.4,113.2,L,5,4,1,0,0,0,1,0,0,1,1,3,0,1,0,2,1,0.306,0.328,1,0,1,0,1,0,0.2558139534883721,0.37254901960784315,0.6976744186046512,0.2549019607843137,0.32142857142857145,0.2558139534883721,0.0392156862745098,0.058823529411764705,0.13953488372093023,1.4666666666666666,0.8666666666666667,0.6,0.3333333333333333,0.43333333333333335,0.23333333333333334,0.03333333333333333,0.3590952380952381,0.6330595238095239,0.3076923076923077,0.1875,0.3261666666666667,0.5496000000000002,0.2711864406779661,0.4915254237288136,0.21739130434782608,0.3387096774193548,0.6290322580645161,0.2608695652173913,0.645021645021645,0.2,0.37055837563451777,0.14213197969543148,0.44966442953020136,0.2953020134228188,0.013422818791946308,6.668674698795181,0.9759036144578314,8.457831325301203,0.22033898305084745,0.644330625638046,0.22396547578738876,0.644330625638046,0.8666666666666667,"{""bet365"": {""1.5"": {""over"": 190, ""under"": -260}}, ""betmgm"": {""0.5"": {""over"": -275}}}",0.5,over,betmgm,-275.0,0.7333333333333333,True,-0.089,1.5,over,bet365,190.0,0.3448275862068966,True,-0.1209
553993,Eugenio Suárez,CIN,ATH,1,5.0,1.0,669372,J.T. Ginn,R,824484,6:40 PM ET,Great American Ball Park,1,1,0.2697841726618705,2026-08-04,824484,0.0,0,97.3,101.4,113.2,R,4,4,1,1,0,0,0,0,0,3,2,1,0,1,0,0,1,0.6,1.205,1,0,1,1,1,1,0.19642857142857142,0.26229508196721313,0.5357142857142857,0.4262295081967213,0.24,0.2857142857142857,0.08196721311475409,0.01639344262295082,0.10714285714285714,1.8,1.7333333333333334,0.5666666666666667,0.2,0.3,0.43333333333333335,0.03333333333333333,0.40225000000000005,0.9199999999999999,0.05555555555555555,0.42857142857142855,0.2423333333333332,0.3510333333333337,0.17857142857142858,0.4642857142857143,0.41935483870967744,0.2,0.2909090909090909,0.39344262295081966,0.645021645021645,0.2,0.37055837563451777,0.14213197969543148,0.44966442953020136,0.2953020134228188,0.013422818791946308,6.668674698795181,0.9759036144578314,8.457831325301203,0.22033898305084745,0.7480866655504376,0.36269781347301344,0.7480866655504376,1.7333333333333334,"{""bet365"": {""1.5"": {""over"": 130, ""under"": -175}}, ""betmgm"": {""1.5"": {""over"": 100}}}",0.5,,,,,False,,1.5,over,bet365,130.0,0.43478260869565216,True,-0.0721
699302,Héctor Rodríguez,CIN,ATH,1,7.0,1.0,669372,J.T. Ginn,R,824484,6:40 PM ET,Great American Ball Park,0,1,0.2697841726618705,2026-08-04,824484,0.0,0,97.3,101.4,113.2,L,1,1,0,0,0,0,0,0,0,1,0,0,0,0,0,0,0,,,0,0,0,0,1,0,,,,,,,,,,,,,,,,,,,0.5,0.25,,,,,,,,,0.645021645021645,0.2,0.37055837563451777,0.14213197969543148,0.44966442953020136,0.2953020134228188,0.013422818791946308,6.668674698795181,0.9759036144578314,8.457831325301203,0.22033898305084745,0.45944583001922606,0.06642054665994317,0.45944583001922606,,"{""bet365"": {""0.5"": {""over"": -160, ""under"": 120}}}",0.5,over,bet365,-160.0,0.6153846153846154,True,-0.1559,1.5,,,,,False,
668709,JJ Bleday,CIN,ATH,1,3.0,1.0,669372,J.T. Ginn,R,824484,6:40 PM ET,Great American Ball Park,0,1,0.2697841726618705,2026-08-04,824484,0.0,0,97.3,101.4,113.2,L,5,3,1,0,0,0,2,0,0,0,1,3,0,1,1,0,1,0.3506666666666667,0.43766666666666665,1,0,1,0,0,0,0.15384615384615385,0.2786885245901639,0.6730769230769231,0.2786885245901639,0.15625,0.17307692307692307,0.04918032786885246,0.0,0.057692307692307696,1.1333333333333333,1.1333333333333333,0.37142857142857144,0.2,0.2857142857142857,0.45714285714285713,0.02857142857142857,0.3241785714285714,0.6786428571428571,0.0625,0.3,0.2695208333333333,0.6403125,0.17307692307692307,0.40384615384615385,0.25,0.3157894736842105,0.6140350877192983,0.18461538461538463,0.645021645021645,0.2,0.37055837563451777,0.14213197969543148,0.44966442953020136,0.2953020134228188,0.013422818791946308,6.668674698795181,0.9759036144578314,8.457831325301203,0.22033898305084745,0.677353854526122,0.25455596224361676,0.677353854526122,1.1333333333333333,"{""bet365"": {""0.5"": {""over"": -190, ""under"": 140}}, ""betmgm"": {""0.5"": {""over"": -200}}}",0.5,over,bet365,-190.0,0.6551724137931034,True,0.0222,1.5,,,,,False,
663647,Ke'Bryan Hayes,CIN,ATH,1,8.0,1.0,669372,J.T. Ginn,R,824484,6:40 PM ET,Great American Ball Park,1,1,0.2697841726618705,2026-08-04,824484,0.0,0,97.3,101.4,113.2,R,4,3,1,0,0,1,0,1,0,1,4,2,1,2,1,0,1,0.673,2.2255,1,0,1,1,1,0,0.15217391304347827,0.20408163265306123,0.7608695652173914,0.22448979591836735,0.17647058823529413,0.08695652173913043,0.02040816326530612,0.02040816326530612,0.043478260869565216,0.7333333333333333,0.7333333333333333,0.37142857142857144,0.2857142857142857,0.4,0.2571428571428571,0.0,0.3489615384615385,0.47262820512820514,0.08333333333333333,0.46153846153846156,0.22166666666666668,0.49283333333333323,0.125,0.25,0.28,0.22448979591836735,0.24489795918367346,0.1346153846153846,0.645021645021645,0.2,0.37055837563451777,0.14213197969543148,0.44966442953020136,0.2953020134228188,0.013422818791946308,6.668674698795181,0.9759036144578314,8.457831325301203,0.22033898305084745,0.5719454608940833,0.1730940246870374,0.5719454608940833,0.7333333333333333,"{""bet365"": {""0.5"": {""over"": -135, ""under"": 100}}, ""betmgm"": {""0.5"": {""over"": -135}}}",0.5,over,bet365,-135.0,0.574468085106383,True,-0.0025,1.5,,,,,False,
680574,Matt McLain,CIN,ATH,1,9.0,1.0,669372,J.T. Ginn,R,824484,6:40 PM ET,Great American Ball Park,1,1,0.2697841726618705,2026-08-04,824484,0.0,0,97.3,101.4,113.2,R,4,3,0,0,0,0,0,0,1,1,0,3,0,1,1,0,0,0.0175,0.0185,0,0,0,0,1,0,0.0975609756097561,0.1590909090909091,0.5365853658536586,0.4222222222222222,0.18181818181818182,0.0,0.0,0.0,0.0,0.26666666666666666,1.2666666666666666,0.21739130434782608,0.30434782608695654,0.391304347826087,0.21739130434782608,0.0,0.3086282051282051,0.37612820512820516,0.13333333333333333,0.4117647058823529,0.3290666666666667,0.3719000000000001,0.11627906976744186,0.16279069767441862,0.39215686274509803,0.15555555555555556,0.37777777777777777,0.26,0.645021645021645,0.2,0.37055837563451777,0.14213197969543148,0.44966442953020136,0.2953020134228188,0.013422818791946308,6.668674698795181,0.9759036144578314,8.457831325301203,0.22033898305084745,0.6056857549584859,0.16839568335157598,0.6056857549584859,1.2666666666666666,"{""bet365"": {""0.5"": {""over"": -290, ""under"": 205}}, ""betmgm"": {""1.5"": {""over"": 190}}}",0.5,over,bet365,-290.0,0.7435897435897436,True,-0.1379,1.5,over,betmgm,190.0,0.3448275862068966,True,-0.1764
701398,Sal Stewart,CIN,ATH,1,2.0,1.0,669372,J.T. Ginn,R,824484,6:40 PM ET,Great American Ball Park,1,1,0.2697841726618705,2026-08-04,824484,0.0,0,97.3,101.4,113.2,R,5,5,1,0,0,1,0,0,0,1,4,4,0,1,3,1,0,0.22075,0.82125,1,0,1,1,1,0,0.24074074074074073,0.31746031746031744,0.6666666666666666,0.2857142857142857,0.2647058823529412,0.24074074074074073,0.06349206349206349,0.015873015873015872,0.09259259259259259,1.7333333333333334,1.2,0.34210526315789475,0.2631578947368421,0.39473684210526316,0.3157894736842105,0.07894736842105263,0.35223846153846156,0.5941794871794872,0.3333333333333333,0.2916666666666667,0.424775,0.7235416666666669,0.23214285714285715,0.4642857142857143,0.2698412698412698,0.2,0.34545454545454546,0.265625,0.645021645021645,0.2,0.37055837563451777,0.14213197969543148,0.44966442953020136,0.2953020134228188,0.013422818791946308,6.668674698795181,0.9759036144578314,8.457831325301203,0.22033898305084745,0.7288922856277472,0.2935214193593531,0.7288922856277472,1.2,"{""bet365"": {""0.5"": {""over"": -275, ""under"": 200}}, ""betmgm"": {""1.5"": {""over"": 200}}}",0.5,over,bet365,-275.0,0.7333333333333333,True,-0.0044,1.5,over,betmgm,200.0,0.3333333333333333,True,-0.0398
663886,Tyler Stephenson,CIN,ATH,1,4.0,1.0,669372,J.T. Ginn,R,824484,6:40 PM ET,Great American Ball Park,1,1,0.2697841726618705,2026-08-04,824484,0.0,0,97.3,101.4,113.2,R,5,4,2,1,0,1,1,0,0,1,6,3,0,3,2,0,1,0.602,1.6746666666666667,1,1,1,1,1,0,0.3333333333333333,0.41818181818181815,0.7083333333333334,0.2545454545454545,0.4375,0.22916666666666666,0.03636363636363636,0.09090909090909091,0.14583333333333334,1.8,0.9333333333333333,0.4411764705882353,0.35294117647058826,0.4117647058823529,0.23529411764705882,0.0,0.4670059523809523,0.7353869047619047,0.38461538461538464,0.3157894736842105,0.37600000000000006,0.4705416666666665,0.37254901960784315,0.6666666666666666,0.2545454545454545,0.2553191489361702,0.3191489361702128,0.16071428571428573,0.645021645021645,0.2,0.37055837563451777,0.14213197969543148,0.44966442953020136,0.2953020134228188,0.013422818791946308,6.668674698795181,0.9759036144578314,8.457831325301203,0.22033898305084745,0.6777352605292369,0.23021405170337597,0.6777352605292369,0.9333333333333333,"{""bet365"": {""0.5"": {""over"": -280, ""under"": 202}}, ""betmgm"": {""1.5"": {""over"": 175}}}",0.5,over,bet365,-280.0,0.7368421052631579,True,-0.0591,1.5,over,betmgm,175.0,0.36363636363636365,True,-0.1334
666126,Carlos Cortes,ATH,CIN,0,8.0,1.0,663903,Brady Singer,R,824484,6:40 PM ET,Great American Ball Park,0,1,0.2171628721541156,2026-08-04,824484,0.0,0,97.3,101.4,113.2,L,3,2,0,0,0,0,1,0,0,0,0,2,0,1,1,1,0,0.1265,0.374,0,0,0,0,0,0,0.17142857142857143,0.225,0.6857142857142857,0.275,0.2,0.14285714285714285,0.025,0.05,0.08571428571428572,0.7333333333333333,0.7333333333333333,0.2692307692307692,0.23076923076923078,0.5,0.23076923076923078,0.0,0.21579545454545454,0.32534848484848483,0.0,0.4166666666666667,0.1449999999999999,0.17033333333333323,0.1891891891891892,0.35135135135135137,0.2857142857142857,0.2727272727272727,0.2727272727272727,0.38461538461538464,0.6680672268907563,0.18536585365853658,0.35377358490566035,0.14150943396226415,0.4716981132075472,0.29559748427672955,0.018867924528301886,9.0,2.34,9.18,0.23076923076923078,0.6162466315944292,0.1923794419590509,0.6162466315944292,0.7333333333333333,"{""bet365"": {""0.5"": {""over"": -180, ""under"": 135}}, ""betmgm"": {""0.5"": {""over"": -120}}}",0.5,over,betmgm,-120.0,0.5454545454545454,True,0.0708,1.5,,,,,False,
622268,Donovan Walton,ATH,CIN,0,7.0,1.0,663903,Brady Singer,R,824484,6:40 PM ET,Great American Ball Park,0,1,0.2171628721541156,2026-08-04,824484,0.0,0,97.3,101.4,113.2,L,4,4,0,0,0,0,0,0,0,1,0,3,0,0,1,1,1,0.19733333333333333,0.24366666666666667,0,0,0,0,1,0,0.2692307692307692,0.4722222222222222,0.7307692307692307,0.1891891891891892,0.3684210526315789,0.15384615384615385,0.0,0.05405405405405406,0.11538461538461539,0.7333333333333333,0.4666666666666667,0.3,0.25,0.6,0.05,0.0,0.29219047619047617,0.3906309523809524,0.42857142857142855,0.1111111111111111,0.3861,0.48199999999999993,0.28,0.44,0.16216216216216217,0.175,0.5,0.13636363636363635,0.6680672268907563,0.18536585365853658,0.35377358490566035,0.14150943396226415,0.4716981132075472,0.29559748427672955,0.018867924528301886,9.0,2.34,9.18,0.23076923076923078,0.3890245396593957,0.0759000330215228,0.3890245396593957,0.4666666666666667,"{""bet365"": {""0.5"": {""over"": -155, ""under"": 115}}, ""betmgm"": {""0.5"": {""over"": -150}}}",0.5,over,betmgm,-150.0,0.6,True,-0.211,1.5,,,,,False,
703607,Henry Bolte,ATH,CIN,0,9.0,1.0,663903,Brady Singer,R,824484,6:40 PM ET,Great American Ball Park,1,1,0.2171628721541156,2026-08-04,824484,0.0,0,97.3,101.4,113.2,R,4,3,0,0,0,0,0,1,0,1,0,2,0,2,0,2,0,0.3225,0.347,0,0,0,0,1,0,0.20454545454545456,0.2857142857142857,0.7045454545454546,0.2549019607843137,0.26666666666666666,0.11363636363636363,0.0196078431372549,0.0392156862745098,0.06818181818181818,0.9333333333333333,0.8666666666666667,0.5,0.1875,0.5625,0.1875,0.0625,0.2790944444444444,0.48752222222222225,0.375,0.2,0.3030166666666667,0.4837999999999999,0.25,0.2916666666666667,0.22033898305084745,0.1702127659574468,0.23404255319148937,0.2641509433962264,0.6680672268907563,0.18536585365853658,0.35377358490566035,0.14150943396226415,0.4716981132075472,0.29559748427672955,0.018867924528301886,9.0,2.34,9.18,0.23076923076923078,0.5073963672633948,0.12331908409277104,0.5073963672633948,0.8666666666666667,"{""bet365"": {""0.5"": {""over"": -200, ""under"": 150}}, ""betmgm"": {""0.5"": {""over"": -190}}}",0.5,over,betmgm,-190.0,0.6551724137931034,True,-0.1478,1.5,,,,,False,
805779,Jacob Wilson,ATH,CIN,0,2.0,1.0,663903,Brady Singer,R,824484,6:40 PM ET,Great American Ball Park,1,1,0.2171628721541156,2026-08-04,824484,0.0,0,97.3,101.4,113.2,R,5,5,1,0,0,0,0,0,0,1,1,4,0,1,0,4,0,0.128,0.13824999999999998,1,0,1,0,1,0,0.25396825396825395,0.2878787878787879,0.9047619047619048,0.09090909090909091,0.24074074074074073,0.1746031746031746,0.045454545454545456,0.030303030303030304,0.07936507936507936,1.8,0.4,0.2807017543859649,0.24561403508771928,0.47368421052631576,0.2631578947368421,0.0,0.33520111111111106,0.4624977777777778,0.25,0.14285714285714285,0.4182,0.48529999999999995,0.2631578947368421,0.40350877192982454,0.12903225806451613,0.22950819672131148,0.3770491803278688,0.06153846153846154,0.6680672268907563,0.18536585365853658,0.35377358490566035,0.14150943396226415,0.4716981132075472,0.29559748427672955,0.018867924528301886,9.0,2.34,9.18,0.23076923076923078,0.4225760240929333,0.1094648673313982,0.4225760240929333,0.4,"{""bet365"": {""0.5"": {""over"": 155, ""under"": -210}}, ""betmgm"": {""0.5"": {""over"": 140}}}",0.5,over,bet365,155.0,0.39215686274509803,True,0.0304,1.5,,,,,False,
643446,Jeff McNeil,ATH,CIN,0,5.0,1.0,663903,Brady Singer,R,824484,6:40 PM ET,Great American Ball Park,0,1,0.2171628721541156,2026-08-04,824484,0.0,0,97.3,101.4,113.2,L,4,4,2,0,0,0,0,0,0,0,2,4,0,1,0,1,3,0.3315,0.5385,1,1,1,1,0,0,0.3488372093023256,0.37777777777777777,0.9302325581395349,0.06666666666666667,0.358974358974359,0.11627906976744186,0.022222222222222223,0.044444444444444446,0.06976744186046512,1.3333333333333333,0.2,0.325,0.25,0.5,0.225,0.025,0.3541190476190476,0.44812738095238097,0.3125,0.125,0.21180000000000007,0.2576999999999998,0.28205128205128205,0.38461538461538464,0.023809523809523808,0.2222222222222222,0.2777777777777778,0.07142857142857142,0.6680672268907563,0.18536585365853658,0.35377358490566035,0.14150943396226415,0.4716981132075472,0.29559748427672955,0.018867924528301886,9.0,2.34,9.18,0.23076923076923078,0.35464869215962636,0.038627764775383294,0.35464869215962636,0.2,"{""bet365"": {""0.5"": {""over"": 140, ""under"": -190}}, ""betmgm"": {""0.5"": {""over"": 115}}}",0.5,over,bet365,140.0,0.4166666666666667,True,-0.062,1.5,,,,,False,
641680,Jonah Heim,ATH,CIN,0,4.0,1.0,663903,Brady Singer,R,824484,6:40 PM ET,Great American Ball Park,0,1,0.2171628721541156,2026-08-04,824484,0.0,0,97.3,101.4,113.2,L,4,3,1,0,0,0,1,0,0,0,1,3,0,0,2,1,0,0.408,0.45799999999999996,1,0,1,0,0,0,0.21875,0.2857142857142857,0.84375,0.14285714285714285,0.2,0.25,0.05714285714285714,0.05714285714285714,0.125,1.0,0.3333333333333333,0.48148148148148145,0.25925925925925924,0.37037037037037035,0.2222222222222222,0.1111111111111111,0.32356410256410256,0.6929807692307693,0.25,0.07692307692307693,0.26720000000000016,0.4626500000000001,0.2631578947368421,0.47368421052631576,0.2,0.21052631578947367,0.38596491228070173,0.20967741935483872,0.6680672268907563,0.18536585365853658,0.35377358490566035,0.14150943396226415,0.4716981132075472,0.29559748427672955,0.018867924528301886,9.0,2.34,9.18,0.23076923076923078,0.46815820399154634,0.14632056769346471,0.46815820399154634,0.3333333333333333,"{""bet365"": {""0.5"": {""over"": -190, ""under"": 140}}, ""betmgm"": {""0.5"": {""over"": -155}}}",0.5,over,betmgm,-155.0,0.6078431372549019,True,-0.1397,1.5,,,,,False,
671732,Lawrence Butler,ATH,CIN,0,1.0,1.0,663903,Brady Singer,R,824484,6:40 PM ET,Great American Ball Park,0,1,0.2171628721541156,2026-08-04,824484,0.0,0,97.3,101.4,113.2,L,3,3,1,0,0,0,0,0,0,0,1,3,0,1,1,2,0,0.164,0.18333333333333332,1,0,1,0,0,0,0.2857142857142857,0.3673469387755102,0.6904761904761905,0.26,0.3793103448275862,0.21428571428571427,0.02,0.08,0.14285714285714285,1.4,0.8666666666666667,0.5161290322580645,0.25806451612903225,0.3870967741935484,0.3548387096774194,0.06451612903225806,0.34933333333333333,0.5993333333333333,0.4117647058823529,0.2777777777777778,0.5009666666666667,0.9006000000000001,0.2857142857142857,0.40476190476190477,0.2,0.15789473684210525,0.3157894736842105,0.28,0.6680672268907563,0.18536585365853658,0.35377358490566035,0.14150943396226415,0.4716981132075472,0.29559748427672955,0.018867924528301886,9.0,2.34,9.18,0.23076923076923078,0.6524436704609899,0.22701497671332851,0.6524436704609899,0.8666666666666667,"{""bet365"": {""1.5"": {""over"": 190, ""under"": -260}}, ""betmgm"": {""1.5"": {""over"": 145}}}",0.5,,,,,False,,1.5,over,bet365,190.0,0.3448275862068966,True,-0.1178
695720,Tommy White,ATH,CIN,0,6.0,1.0,663903,Brady Singer,R,824484,6:40 PM ET,Great American Ball Park,1,1,0.2171628721541156,2026-08-04,824484,0.0,0,97.3,101.4,113.2,R,4,4,0,0,0,0,0,0,0,2,0,2,0,1,0,1,1,0.313,0.6965,0,0,0,0,1,1,0.3103448275862069,0.3548387096774194,0.8620689655172413,0.12903225806451613,0.36,0.034482758620689655,0.0,0.03225806451612903,0.034482758620689655,1.3333333333333333,0.5333333333333333,0.36,0.26,0.56,0.18,0.02,0.3293952380952381,0.41468452380952386,0.3333333333333333,0.23809523809523808,0.34670000000000006,0.3948333333333333,0.16,0.24,0.07407407407407407,0.3235294117647059,0.3235294117647059,0.21621621621621623,0.6680672268907563,0.18536585365853658,0.35377358490566035,0.14150943396226415,0.4716981132075472,0.29559748427672955,0.018867924528301886,9.0,2.34,9.18,0.23076923076923078,0.5575468390099364,0.1387722950956831,0.5575468390099364,0.5333333333333333,"{""bet365"": {""0.5"": {""over"": -175, ""under"": 132}}, ""betmgm"": {""0.5"": {""over"": -135}}}",0.5,over,betmgm,-135.0,0.574468085106383,True,-0.0169,1.5,,,,,False,
691016,Tyler Soderstrom,ATH,CIN,0,3.0,1.0,663903,Brady Singer,R,824484,6:40 PM ET,Great American Ball Park,0,1,0.2171628721541156,2026-08-04,824484,0.0,0,97.3,101.4,113.2,L,4,4,1,1,0,0,0,0,0,1,2,3,0,3,1,0,2,0.3503333333333334,0.5463333333333332,1,0,1,1,1,0,0.25,0.296875,0.7166666666666667,0.265625,0.3,0.18333333333333332,0.046875,0.03125,0.08333333333333333,1.7333333333333334,1.1333333333333333,0.46511627906976744,0.13953488372093023,0.5813953488372093,0.2558139534883721,0.046511627906976744,0.32094222222222224,0.5391811111111111,0.09090909090909091,0.4090909090909091,0.26324999999999993,0.3823000000000003,0.2708333333333333,0.5625,0.1724137931034483,0.21818181818181817,0.34545454545454546,0.21311475409836064,0.6680672268907563,0.18536585365853658,0.35377358490566035,0.14150943396226415,0.4716981132075472,0.29559748427672955,0.018867924528301886,9.0,2.34,9.18,0.23076923076923078,0.5999708562180434,0.23451002979378202,0.5999708562180434,1.1333333333333333,"{""bet365"": {""0.5"": {""over"": -260, ""under"": 190}}, ""betmgm"": {""0.5"": {""over"": -225}}}",0.5,over,betmgm,-225.0,0.6923076923076923,True,-0.0923,1.5,,,,,False,
664761,Alec Bohm,PHI,WSH,1,5.0,1.0,687223,Carson Palmquist,L,823432,6:40 PM ET,Citizens Bank Park,1,0,0.24493554327808473,2026-08-04,823432,0.0,0,103.7,104.6,118.0,R,4,4,1,0,0,0,0,0,0,0,1,4,0,1,2,1,1,0.372,0.495,1,0,1,0,0,0,0.2833333333333333,0.31746031746031744,0.8333333333333334,0.15873015873015872,0.3125,0.13333333333333333,0.031746031746031744,0.031746031746031744,0.06666666666666667,1.6666666666666667,0.6666666666666666,0.5,0.16,0.62,0.2,0.0,0.35697000000000007,0.5582455555555558,0.25,0.14285714285714285,0.2813833333333333,0.43153333333333344,0.13793103448275862,0.22413793103448276,0.18461538461538463,0.2962962962962963,0.46296296296296297,0.13559322033898305,0.6455696202531646,0.359375,0.5303030303030303,0.15151515151515152,0.4117647058823529,0.2549019607843137,0.0196078431372549,11.195121951219512,2.6341463414634143,9.21951219512195,0.20437956204379562,0.4780298429588643,0.14099871021987845,0.4780298429588643,0.6666666666666666,"{""bet365"": {""0.5"": {""over"": 115, ""under"": -155}}, ""betmgm"": {""0.5"": {""over"": 110}}}",0.5,over,bet365,115.0,0.46511627906976744,True,0.0129,1.5,,,,,False,
669016,Brandon Marsh,PHI,WSH,1,7.0,1.0,687223,Carson Palmquist,L,823432,6:40 PM ET,Citizens Bank Park,0,0,0.24493554327808473,2026-08-04,823432,0.0,0,103.7,104.6,118.0,L,1,1,0,0,0,0,0,0,0,0,0,1,0,0,1,0,0,0.011,0.019,0,0,0,0,0,0,0.14814814814814814,0.19298245614035087,0.7222222222222222,0.2631578947368421,0.18421052631578946,0.05555555555555555,0.017543859649122806,0.0,0.018518518518518517,0.7333333333333333,1.0,0.358974358974359,0.20512820512820512,0.46153846153846156,0.3076923076923077,0.0,0.28708333333333336,0.42001666666666665,0.21052631578947367,0.15789473684210525,0.29861666666666664,0.34736666666666693,0.18518518518518517,0.24074074074074073,0.25,0.21666666666666667,0.4,0.3125,0.6455696202531646,0.359375,0.5303030303030303,0.15151515151515152,0.4117647058823529,0.2549019607843137,0.0196078431372549,11.195121951219512,2.6341463414634143,9.21951219512195,0.20437956204379562,0.6569329562193805,0.20655476931004899,0.6569329562193805,1.0,"{""bet365"": {""0.5"": {""over"": -190, ""under"": 140}}, ""betmgm"": {""0.5"": {""over"": -155}}}",0.5,over,betmgm,-155.0,0.6078431372549019,True,0.0491,1.5,,,,,False,
547180,Bryce Harper,PHI,WSH,1,3.0,1.0,687223,Carson Palmquist,L,823432,6:40 PM ET,Citizens Bank Park,0,0,0.24493554327808473,2026-08-04,823432,0.0,0,103.7,104.6,118.0,L,4,4,1,0,0,1,0,0,0,1,4,3,0,1,1,2,0,0.3893333333333333,1.3176666666666665,1,0,1,1,1,0,0.2222222222222222,0.328125,0.6481481481481481,0.296875,0.2727272727272727,0.2777777777777778,0.046875,0.0625,0.14814814814814814,1.8,1.2666666666666666,0.3611111111111111,0.3333333333333333,0.3055555555555556,0.2777777777777778,0.027777777777777776,0.3777142857142857,0.7161904761904763,0.3157894736842105,0.23809523809523808,0.5557666666666666,1.0893000000000002,0.21818181818181817,0.43636363636363634,0.21875,0.23214285714285715,0.3392857142857143,0.3125,0.6455696202531646,0.359375,0.5303030303030303,0.15151515151515152,0.4117647058823529,0.2549019607843137,0.0196078431372549,11.195121951219512,2.6341463414634143,9.21951219512195,0.20437956204379562,0.7004540587582183,0.24657096101984735,0.7004540587582183,1.2666666666666666,"{""bet365"": {""0.5"": {""over"": -190, ""under"": 140}}, ""betmgm"": {""0.5"": {""over"": -165}}}",0.5,over,betmgm,-165.0,0.6226415094339622,True,0.0778,1.5,,,,,False,
681082,Bryson Stott,PHI,WSH,1,8.0,1.0,687223,Carson Palmquist,L,823432,6:40 PM ET,Citizens Bank Park,0,0,0.24493554327808473,2026-08-04,823432,0.0,0,103.7,104.6,118.0,L,4,3,1,0,0,0,1,0,0,0,1,3,0,3,0,2,1,0.35200000000000004,0.445,1,0,1,0,0,0,0.2708333333333333,0.375,0.7083333333333334,0.25,0.36363636363636365,0.22916666666666666,0.017857142857142856,0.07142857142857142,0.14583333333333334,1.6,0.9333333333333333,0.4411764705882353,0.29411764705882354,0.38235294117647056,0.29411764705882354,0.0,0.36125555555555555,0.5408777777777778,0.15384615384615385,0.10526315789473684,0.2783,0.31093333333333334,0.2692307692307692,0.4423076923076923,0.23728813559322035,0.2830188679245283,0.41509433962264153,0.22413793103448276,0.6455696202531646,0.359375,0.5303030303030303,0.15151515151515152,0.4117647058823529,0.2549019607843137,0.0196078431372549,11.195121951219512,2.6341463414634143,9.21951219512195,0.20437956204379562,0.6039979868564619,0.17836732568073688,0.6039979868564619,0.9333333333333333,"{""bet365"": {""0.5"": {""over"": -110, ""under"": -120}}, ""betmgm"": {""0.5"": {""over"": 110}}}",0.5,over,betmgm,110.0,0.47619047619047616,True,0.1278,1.5,,,,,False,
592663,J.T. Realmuto,PHI,WSH,1,6.0,1.0,687223,Carson Palmquist,L,823432,6:40 PM ET,Citizens Bank Park,1,0,0.24493554327808473,2026-08-04,823432,0.0,0,103.7,104.6,118.0,R,3,2,1,0,0,0,1,0,0,0,1,2,0,2,1,0,1,0.4115,0.9665,1,0,1,0,0,0,0.3333333333333333,0.4,0.75,0.21428571428571427,0.4166666666666667,0.14583333333333334,0.017857142857142856,0.07142857142857142,0.10416666666666667,1.5333333333333334,0.8,0.5675675675675675,0.2702702702702703,0.5675675675675675,0.16216216216216217,0.02702702702702703,0.4679666666666667,0.6913777777777778,0.125,0.2857142857142857,0.4051000000000001,0.8737999999999999,0.2553191489361702,0.48936170212765956,0.23636363636363636,0.23076923076923078,0.3269230769230769,0.15254237288135594,0.6455696202531646,0.359375,0.5303030303030303,0.15151515151515152,0.4117647058823529,0.2549019607843137,0.0196078431372549,11.195121951219512,2.6341463414634143,9.21951219512195,0.20437956204379562,0.534034778198373,0.18482314994479263,0.534034778198373,0.8,"{""bet365"": {""0.5"": {""over"": -150, ""under"": 110}}, ""betmgm"": {""0.5"": {""over"": -140}}}",0.5,over,betmgm,-140.0,0.5833333333333334,True,-0.0493,1.5,,,,,False,
702222,Justin Crawford,PHI,WSH,1,9.0,1.0,687223,Carson Palmquist,L,823432,6:40 PM ET,Citizens Bank Park,0,0,0.24493554327808473,2026-08-04,823432,0.0,0,103.7,104.6,118.0,L,3,3,2,1,0,0,0,0,0,0,3,3,0,1,0,2,1,0.3913333333333333,0.4493333333333333,1,1,1,1,0,0,0.2727272727272727,0.3125,0.8636363636363636,0.125,0.3076923076923077,0.045454545454545456,0.0,0.0,0.022727272727272728,0.9333333333333333,0.4,0.3076923076923077,0.15384615384615385,0.5897435897435898,0.20512820512820512,0.0,0.2862166666666667,0.3325222222222222,0.2777777777777778,0.05263157894736842,0.36785,0.4511,0.25,0.3,0.13636363636363635,0.23529411764705882,0.3235294117647059,0.2777777777777778,0.6455696202531646,0.359375,0.5303030303030303,0.15151515151515152,0.4117647058823529,0.2549019607843137,0.0196078431372549,11.195121951219512,2.6341463414634143,9.21951219512195,0.20437956204379562,0.438935366305987,0.08669417850073918,0.438935366305987,0.4,"{""bet365"": {""0.5"": {""over"": 125, ""under"": -165}}, ""betmgm"": {""0.5"": {""over"": 105}}}",0.5,over,bet365,125.0,0.4444444444444444,True,-0.0055,1.5,,,,,False,
656941,Kyle Schwarber,PHI,WSH,1,1.0,1.0,687223,Carson Palmquist,L,823432,6:40 PM ET,Citizens Bank Park,0,0,0.24493554327808473,2026-08-04,823432,0.0,0,103.7,104.6,118.0,L,4,2,0,0,0,0,2,0,0,2,0,0,0,0,0,0,0,0.429,0.905,0,0,0,0,1,1,0.21153846153846154,0.3384615384615385,0.5576923076923077,0.35384615384615387,0.3333333333333333,0.11538461538461539,0.015384615384615385,0.046153846153846156,0.07692307692307693,1.1333333333333333,1.5333333333333334,0.45161290322580644,0.41935483870967744,0.16129032258064516,0.2903225806451613,0.0,0.38660256410256405,0.5652564102564102,0.14285714285714285,0.34782608695652173,0.51925,0.6901250000000001,0.16981132075471697,0.2641509433962264,0.38461538461538464,0.2982456140350877,0.47368421052631576,0.29850746268656714,0.6455696202531646,0.359375,0.5303030303030303,0.15151515151515152,0.4117647058823529,0.2549019607843137,0.0196078431372549,11.195121951219512,2.6341463414634143,9.21951219512195,0.20437956204379562,0.7433542299588277,0.3838615783274885,0.7433542299588277,1.5333333333333334,"{""bet365"": {""1.5"": {""over"": 140, ""under"": -190}}, ""betmgm"": {""1.5"": {""over"": 125}}}",0.5,,,,,False,,1.5,over,bet365,140.0,0.4166666666666667,True,-0.0328
650333,Luis Arraez,PHI,WSH,1,4.0,1.0,687223,Carson Palmquist,L,823432,6:40 PM ET,Citizens Bank Park,0,0,0.24493554327808473,2026-08-04,823432,0.0,0,103.7,104.6,118.0,L,5,5,0,0,0,0,0,0,0,0,0,5,0,0,2,3,0,0.06939999999999999,0.0876,0,0,0,0,0,0,0.3114754098360656,0.3384615384615385,0.9016393442622951,0.09230769230769231,0.3392857142857143,0.03278688524590164,0.0,0.03076923076923077,0.03278688524590164,1.4,0.4,0.07142857142857142,0.3392857142857143,0.30357142857142855,0.2857142857142857,0.017857142857142856,0.3207244444444444,0.42433444444444446,0.35,0.09523809523809523,0.3874566666666667,0.56691,0.3114754098360656,0.3770491803278688,0.06060606060606061,0.4098360655737705,0.5901639344262295,0.07352941176470588,0.6455696202531646,0.359375,0.5303030303030303,0.15151515151515152,0.4117647058823529,0.2549019607843137,0.0196078431372549,11.195121951219512,2.6341463414634143,9.21951219512195,0.20437956204379562,0.4180345551619566,0.06710584598700552,0.4180345551619566,0.4,"{""bet365"": {""0.5"": {""over"": 280, ""under"": -400}}, ""betmgm"": {""0.5"": {""over"": 425}}}",0.5,over,betmgm,425.0,0.19047619047619047,True,0.2276,1.5,,,,,False,
607208,Trea Turner,PHI,WSH,1,2.0,1.0,687223,Carson Palmquist,L,823432,6:40 PM ET,Citizens Bank Park,1,0,0.24493554327808473,2026-08-04,823432,0.0,0,103.7,104.6,118.0,R,4,4,0,0,0,0,0,0,0,1,0,3,0,3,0,1,2,0.662,0.77,0,0,0,0,1,0,0.3387096774193548,0.3880597014925373,0.7741935483870968,0.208955223880597,0.35714285714285715,0.3709677419354839,0.08955223880597014,0.04477611940298507,0.16129032258064516,2.933333333333333,0.9333333333333333,0.4791666666666667,0.2916666666666667,0.5,0.16666666666666666,0.020833333333333332,0.3746377777777778,0.582678888888889,0.38095238095238093,0.045454545454545456,0.33582999999999996,0.56867,0.2459016393442623,0.5409836065573771,0.23076923076923078,0.3050847457627119,0.4406779661016949,0.2,0.6455696202531646,0.359375,0.5303030303030303,0.15151515151515152,0.4117647058823529,0.2549019607843137,0.0196078431372549,11.195121951219512,2.6341463414634143,9.21951219512195,0.20437956204379562,0.6324899108055179,0.19839523828399128,0.6324899108055179,0.9333333333333333,"{""bet365"": {""0.5"": {""over"": -170, ""under"": 130}}, ""betmgm"": {""0.5"": {""over"": -150}}}",0.5,over,betmgm,-150.0,0.6,True,0.0325,1.5,,,,,False,
691458,Blaze Jordan,STL,NYY,0,7.0,1.0,677960,Ryan Weathers,L,823517,7:05 PM ET,Yankee Stadium,1,0,0.20212765957446807,2026-08-04,823517,0.0,0,94.4,100.1,100.3,R,2,2,1,0,1,0,0,0,0,0,3,2,0,1,1,1,0,0.78,2.547,1,0,1,1,0,0,0.25,0.2777777777777778,0.8461538461538461,0.14814814814814814,0.29545454545454547,0.09615384615384616,0.0,0.05555555555555555,0.07692307692307693,1.2,0.5333333333333333,0.4772727272727273,0.29545454545454547,0.4090909090909091,0.18181818181818182,0.0,0.33335333333333333,0.4752544444444444,0.29411764705882354,0.17647058823529413,0.26875,0.4211166666666667,0.28846153846153844,0.38461538461538464,0.20754716981132076,0.2,0.4,0.030303030303030304,0.672566371681416,0.25380710659898476,0.470873786407767,0.18446601941747573,0.48026315789473684,0.19736842105263158,0.03289473684210526,8.720496894409939,1.677018633540373,9.894409937888199,0.25877192982456143,0.5296294628867059,0.11822586279108017,0.5296294628867059,0.5333333333333333,"{""bet365"": {""0.5"": {""over"": -120, ""under"": -110}}, ""betmgm"": {""0.5"": {""over"": -135}}}",0.5,over,bet365,-120.0,0.5454545454545454,True,-0.0158,1.5,,,,,False,
671056,Iván Herrera,STL,NYY,0,3.0,1.0,677960,Ryan Weathers,L,823517,7:05 PM ET,Yankee Stadium,1,0,0.20212765957446807,2026-08-04,823517,0.0,0,94.4,100.1,100.3,R,5,3,0,0,0,0,2,0,0,0,0,3,0,1,0,2,0,0.08766666666666667,0.09533333333333333,0,0,0,0,0,0,0.21875,0.23076923076923078,0.75,0.24615384615384617,0.2765957446808511,0.109375,0.015384615384615385,0.06153846153846154,0.078125,1.4,1.0666666666666667,0.3958333333333333,0.3125,0.5,0.125,0.0,0.3171130952380952,0.4514404761904762,0.23809523809523808,0.14285714285714285,0.32654999999999995,0.45886666666666664,0.13559322033898305,0.22033898305084745,0.27419354838709675,0.20689655172413793,0.25862068965517243,0.18461538461538463,0.672566371681416,0.25380710659898476,0.470873786407767,0.18446601941747573,0.48026315789473684,0.19736842105263158,0.03289473684210526,8.720496894409939,1.677018633540373,9.894409937888199,0.25877192982456143,0.7193671163248556,0.3082026391335139,0.7193671163248556,1.0666666666666667,"{""bet365"": {""0.5"": {""over"": -210, ""under"": 155}}}",0.5,over,bet365,-210.0,0.6774193548387096,True,0.0419,1.5,,,,,False,
802139,JJ Wetherholt,STL,NYY,0,1.0,1.0,677960,Ryan Weathers,L,823517,7:05 PM ET,Yankee Stadium,0,0,0.20212765957446807,2026-08-04,823517,0.0,0,94.4,100.1,100.3,L,5,3,1,0,0,0,2,0,0,0,1,3,0,1,0,3,0,0.24733333333333332,0.277,1,0,1,0,0,0,0.1694915254237288,0.26865671641791045,0.7966101694915254,0.1791044776119403,0.17777777777777778,0.1016949152542373,0.029850746268656716,0.0,0.03389830508474576,1.0666666666666667,0.8,0.3617021276595745,0.10638297872340426,0.723404255319149,0.1702127659574468,0.02127659574468085,0.2918544444444444,0.4820355555555555,0.16666666666666666,0.09090909090909091,0.28564999999999996,0.5215,0.23636363636363636,0.36363636363636365,0.16666666666666666,0.2222222222222222,0.3492063492063492,0.17391304347826086,0.672566371681416,0.25380710659898476,0.470873786407767,0.18446601941747573,0.48026315789473684,0.19736842105263158,0.03289473684210526,8.720496894409939,1.677018633540373,9.894409937888199,0.25877192982456143,0.5931425509046709,0.20714720250431226,0.5931425509046709,0.8,"{""bet365"": {""0.5"": {""over"": -240, ""under"": 180}}, ""betmgm"": {""0.5"": {""over"": -210}}}",0.5,over,betmgm,-210.0,0.6774193548387096,True,-0.0843,1.5,,,,,False,
691023,Jordan Walker,STL,NYY,0,2.0,1.0,677960,Ryan Weathers,L,823517,7:05 PM ET,Yankee Stadium,1,0,0.20212765957446807,2026-08-04,823517,0.0,0,94.4,100.1,100.3,R,5,5,2,0,0,0,0,0,0,2,2,3,0,1,1,1,1,0.38199999999999995,0.447,1,1,1,1,1,1,0.22580645161290322,0.2727272727272727,0.7096774193548387,0.2727272727272727,0.3181818181818182,0.06451612903225806,0.0,0.06060606060606061,0.06451612903225806,1.2,1.2,0.3409090909090909,0.3409090909090909,0.3181818181818182,0.20454545454545456,0.022727272727272728,0.3246777777777778,0.5020622222222222,0.2916666666666667,0.3333333333333333,0.2990499999999999,0.3777033333333335,0.288135593220339,0.3898305084745763,0.20967741935483872,0.25,0.375,0.24242424242424243,0.672566371681416,0.25380710659898476,0.470873786407767,0.18446601941747573,0.48026315789473684,0.19736842105263158,0.03289473684210526,8.720496894409939,1.677018633540373,9.894409937888199,0.25877192982456143,0.7215009140387639,0.3348481581852663,0.7215009140387639,1.2,"{""bet365"": {""1.5"": {""over"": 155, ""under"": -210}}, ""betmgm"": {""1.5"": {""over"": 150}}}",0.5,,,,,False,,1.5,over,bet365,155.0,0.39215686274509803,True,-0.0573
665877,José Fermín,STL,NYY,0,4.0,1.0,677960,Ryan Weathers,L,823517,7:05 PM ET,Yankee Stadium,1,0,0.20212765957446807,2026-08-04,823517,0.0,0,94.4,100.1,100.3,R,6,5,2,1,0,0,0,0,0,2,3,3,0,2,1,0,2,0.4526666666666667,0.6263333333333333,1,1,1,1,1,1,0.2,0.3018867924528302,0.9333333333333333,0.05555555555555555,0.19047619047619047,0.06666666666666667,0.018518518518518517,0.0,0.022222222222222223,0.8,0.2,0.3953488372093023,0.20930232558139536,0.46511627906976744,0.27906976744186046,0.023255813953488372,0.28451666666666664,0.41625,0.11764705882352941,0.05555555555555555,0.2980999999999999,0.38994999999999996,0.1702127659574468,0.2127659574468085,0.1346153846153846,0.2978723404255319,0.44680851063829785,0.07407407407407407,0.672566371681416,0.25380710659898476,0.470873786407767,0.18446601941747573,0.48026315789473684,0.19736842105263158,0.03289473684210526,8.720496894409939,1.677018633540373,9.894409937888199,0.25877192982456143,0.36064159203273477,0.06631749771541309,0.36064159203273477,0.2,"{""bet365"": {""0.5"": {""over"": -120, ""under"": -110}}, ""betmgm"": {""0.5"": {""over"": -120}}}",0.5,over,betmgm,-120.0,0.5454545454545454,True,-0.1848,1.5,,,,,False,
691026,Masyn Winn,STL,NYY,0,6.0,1.0,677960,Ryan Weathers,L,823517,7:05 PM ET,Yankee Stadium,1,0,0.20212765957446807,2026-08-04,823517,0.0,0,94.4,100.1,100.3,R,5,4,0,0,0,0,1,0,0,3,0,1,0,0,0,1,0,0.053,0.056,0,0,0,0,1,1,0.21153846153846154,0.31666666666666665,0.7307692307692307,0.23333333333333334,0.2894736842105263,0.038461538461538464,0.0,0.03333333333333333,0.038461538461538464,0.8666666666666667,0.9333333333333333,0.3684210526315789,0.2631578947368421,0.3157894736842105,0.3684210526315789,0.0,0.3121777777777777,0.4054111111111111,0.1875,0.3,0.22999999999999998,0.29333333333333333,0.19148936170212766,0.23404255319148937,0.22807017543859648,0.29310344827586204,0.3793103448275862,0.2153846153846154,0.672566371681416,0.25380710659898476,0.470873786407767,0.18446601941747573,0.48026315789473684,0.19736842105263158,0.03289473684210526,8.720496894409939,1.677018633540373,9.894409937888199,0.25877192982456143,0.6237282459094978,0.2638616923400195,0.6237282459094978,0.9333333333333333,"{""bet365"": {""0.5"": {""over"": -210, ""under"": 155}}, ""betmgm"": {""0.5"": {""over"": -210}}}",0.5,over,betmgm,-210.0,0.6774193548387096,True,-0.0537,1.5,,,,,False,
701675,Nathan Church,STL,NYY,0,8.0,1.0,677960,Ryan Weathers,L,823517,7:05 PM ET,Yankee Stadium,0,0,0.20212765957446807,2026-08-04,823517,0.0,0,94.4,100.1,100.3,L,5,3,2,0,0,1,2,0,0,0,5,3,0,1,2,0,1,0.35033333333333333,0.6029999999999999,1,1,1,1,0,0,0.18181818181818182,0.22916666666666666,0.8181818181818182,0.16326530612244897,0.21621621621621623,0.0,0.0,0.0,0.0,0.5333333333333333,0.5333333333333333,0.3684210526315789,0.2631578947368421,0.39473684210526316,0.18421052631578946,0.0,0.3200952380952381,0.427375,0.25,0.2222222222222222,0.3516666666666667,0.4595,0.18604651162790697,0.18604651162790697,0.1702127659574468,0.23076923076923078,0.3076923076923077,0.19298245614035087,0.672566371681416,0.25380710659898476,0.470873786407767,0.18446601941747573,0.48026315789473684,0.19736842105263158,0.03289473684210526,8.720496894409939,1.677018633540373,9.894409937888199,0.25877192982456143,0.5200555058536305,0.1571225979858256,0.5200555058536305,0.5333333333333333,"{""betmgm"": {""0.5"": {""over"": -145}}}",0.5,over,betmgm,-145.0,0.5918367346938775,True,-0.0718,1.5,,,,,False,
676369,Nelson Velázquez,STL,NYY,0,5.0,1.0,677960,Ryan Weathers,L,823517,7:05 PM ET,Yankee Stadium,1,0,0.20212765957446807,2026-08-04,823517,0.0,0,94.4,100.1,100.3,R,1,1,1,0,0,0,0,0,0,0,1,1,0,1,0,0,1,0.951,1.16,1,0,1,0,0,0,0.06451612903225806,0.14285714285714285,0.5806451612903226,0.37142857142857144,0.05555555555555555,0.12903225806451613,0.02857142857142857,0.02857142857142857,0.06451612903225806,0.4,0.8666666666666667,0.631578947368421,0.3157894736842105,0.3157894736842105,0.3157894736842105,0.0,0.32094791666666667,0.4961979166666666,0.0,0.3333333333333333,0.28350000000000003,0.39266666666666666,0.19047619047619047,0.19047619047619047,0.1509433962264151,0.125,0.34375,0.32432432432432434,0.672566371681416,0.25380710659898476,0.470873786407767,0.18446601941747573,0.48026315789473684,0.19736842105263158,0.03289473684210526,8.720496894409939,1.677018633540373,9.894409937888199,0.25877192982456143,0.6488204669529121,0.2766995968407379,0.6488204669529121,0.8666666666666667,"{""bet365"": {""1.5"": {""over"": 165, ""under"": -225}}, ""betmgm"": {""1.5"": {""over"": 155}}}",0.5,,,,,False,,1.5,over,bet365,165.0,0.37735849056603776,True,-0.1007
686780,Pedro Pagés,STL,NYY,0,9.0,1.0,677960,Ryan Weathers,L,823517,7:05 PM ET,Yankee Stadium,1,0,0.20212765957446807,2026-08-04,823517,0.0,0,94.4,100.1,100.3,R,3,2,0,0,0,0,1,0,0,0,0,2,0,0,0,2,0,0.0505,0.057499999999999996,0,0,0,0,0,0,0.1875,0.22857142857142856,0.625,0.34285714285714286,0.2857142857142857,0.0625,0.0,0.05714285714285714,0.0625,0.5333333333333333,0.8,0.42857142857142855,0.2857142857142857,0.42857142857142855,0.047619047619047616,0.0,0.23106666666666667,0.28048333333333336,0.0,0.6666666666666666,0.002,0.002000000000000333,0.1956521739130435,0.30434782608695654,0.32,0.14705882352941177,0.20588235294117646,0.2564102564102564,0.672566371681416,0.25380710659898476,0.470873786407767,0.18446601941747573,0.48026315789473684,0.19736842105263158,0.03289473684210526,8.720496894409939,1.677018633540373,9.894409937888199,0.25877192982456143,0.5157767032178123,0.09447032446014643,0.5157767032178123,0.8,,0.5,,,,,False,,1.5,,,,,False,
655316,Andruw Monasterio,BOS,CWS,1,8.0,1.0,663436,Davis Martin,R,824731,7:10 PM ET,Fenway Park,1,1,0.2230347349177331,2026-08-04,824731,0.0,1,102.5,97.9,86.2,R,5,4,1,0,0,0,0,1,0,2,1,2,0,1,0,1,1,0.3305,0.479,1,0,1,0,1,1,0.3673469387755102,0.4482758620689655,0.7959183673469388,0.1694915254237288,0.42105263157894735,0.32653061224489793,0.03389830508474576,0.13559322033898305,0.22448979591836735,2.2666666666666666,0.6666666666666666,0.4634146341463415,0.3902439024390244,0.1951219512195122,0.34146341463414637,0.04878048780487805,0.34716111111111114,0.6101222222222222,0.3157894736842105,0.23809523809523808,0.38445,0.7445333333333334,0.2619047619047619,0.4523809523809524,0.17391304347826086,0.3170731707317073,0.6585365853658537,0.2,0.7387387387387387,0.28125,0.39487179487179486,0.10256410256410256,0.42073170731707316,0.2073170731707317,0.012195121951219513,9.45859872611465,0.6878980891719745,8.082802547770699,0.20614035087719298,0.5118000519698049,0.14632056769346471,0.5118000519698049,0.6666666666666666,"{""bet365"": {""0.5"": {""over"": -165, ""under"": 125}}, ""betmgm"": {""0.5"": {""over"": -155}}}",0.5,over,betmgm,-155.0,0.6078431372549019,True,-0.096,1.5,,,,,False,
702332,Caleb Durbin,BOS,CWS,1,6.0,1.0,663436,Davis Martin,R,824731,7:10 PM ET,Fenway Park,1,1,0.2230347349177331,2026-08-04,824731,0.0,1,102.5,97.9,86.2,R,5,3,1,0,0,0,1,1,0,0,1,3,0,1,0,2,1,0.27566666666666667,0.331,1,0,1,0,0,0,0.2830188679245283,0.3559322033898305,0.8490566037735849,0.12903225806451613,0.3181818181818182,0.09433962264150944,0.016129032258064516,0.03225806451612903,0.05660377358490566,1.3333333333333333,0.5333333333333333,0.1276595744680851,0.1702127659574468,0.44680851063829785,0.2127659574468085,0.0,0.22162777777777778,0.2639722222222222,0.35294117647058826,0.045454545454545456,0.24330000000000002,0.30395,0.3076923076923077,0.40384615384615385,0.11290322580645161,0.2,0.3090909090909091,0.08064516129032258,0.7387387387387387,0.28125,0.39487179487179486,0.10256410256410256,0.42073170731707316,0.2073170731707317,0.012195121951219513,9.45859872611465,0.6878980891719745,8.082802547770699,0.20614035087719298,0.47728918068463866,0.0886830494893201,0.47728918068463866,0.5333333333333333,"{""bet365"": {""0.5"": {""over"": 110, ""under"": -150}}, ""betmgm"": {""0.5"": {""over"": 125}}}",0.5,over,betmgm,125.0,0.4444444444444444,True,0.0328,1.5,,,,,False,
678882,Ceddanne Rafaela,BOS,CWS,1,2.0,1.0,663436,Davis Martin,R,824731,7:10 PM ET,Fenway Park,1,1,0.2230347349177331,2026-08-04,824731,0.0,1,102.5,97.9,86.2,R,5,5,2,0,0,1,0,0,0,2,5,3,0,1,1,1,1,0.6936666666666667,1.2326666666666668,1,1,1,1,1,1,0.328125,0.328125,0.78125,0.21875,0.3409090909090909,0.34375,0.09375,0.0625,0.15625,2.8666666666666667,0.9333333333333333,0.44,0.2,0.36,0.36,0.02,0.3407833333333334,0.5223611111111112,0.45454545454545453,0.3181818181818182,0.4631333333333334,0.7719666666666667,0.28125,0.59375,0.19696969696969696,0.27692307692307694,0.4153846153846154,0.22388059701492538,0.7387387387387387,0.28125,0.39487179487179486,0.10256410256410256,0.42073170731707316,0.2073170731707317,0.012195121951219513,9.45859872611465,0.6878980891719745,8.082802547770699,0.20614035087719298,0.6198758661325038,0.22646566788820324,0.6198758661325038,0.9333333333333333,"{""bet365"": {""0.5"": {""over"": -220, ""under"": 160}}, ""betmgm"": {""0.5"": {""over"": -160}}}",0.5,over,betmgm,-160.0,0.6153846153846154,True,0.0045,1.5,,,,,False,
657136,Connor Wong,BOS,CWS,1,9.0,1.0,663436,Davis Martin,R,824731,7:10 PM ET,Fenway Park,1,1,0.2230347349177331,2026-08-04,824731,0.0,1,102.5,97.9,86.2,R,3,3,0,0,0,0,0,0,0,0,0,3,0,1,2,1,0,0.134,0.21566666666666667,0,0,0,0,0,0,0.1951219512195122,0.2978723404255319,0.6341463414634146,0.30612244897959184,0.28,0.0975609756097561,0.02040816326530612,0.02040816326530612,0.04878048780487805,0.8,1.0,0.35714285714285715,0.14285714285714285,0.6071428571428571,0.17857142857142858,0.0,0.3268333333333333,0.5529055555555557,0.15384615384615385,0.2857142857142857,0.3994,1.02115,0.17073170731707318,0.21951219512195122,0.3269230769230769,0.37209302325581395,0.5348837209302325,0.2,0.7387387387387387,0.28125,0.39487179487179486,0.10256410256410256,0.42073170731707316,0.2073170731707317,0.012195121951219513,9.45859872611465,0.6878980891719745,8.082802547770699,0.20614035087719298,0.49382377246530046,0.14485148892420954,0.49382377246530046,1.0,"{""bet365"": {""0.5"": {""over"": -220, ""under"": 160}}, ""betmgm"": {""0.5"": {""over"": -160}}}",0.5,over,betmgm,-160.0,0.6153846153846154,True,-0.1216,1.5,,,,,False,
680776,Jarren Duran,BOS,CWS,1,7.0,1.0,663436,Davis Martin,R,824731,7:10 PM ET,Fenway Park,0,1,0.2230347349177331,2026-08-04,824731,0.0,1,102.5,97.9,86.2,L,5,4,1,0,0,1,0,0,0,1,4,4,0,1,1,2,0,0.35700000000000004,1.1556666666666666,1,0,1,1,1,0,0.25,0.2631578947368421,0.7884615384615384,0.19298245614035087,0.29545454545454547,0.038461538461538464,0.0,0.0,0.019230769230769232,1.0,0.7333333333333333,0.4090909090909091,0.20454545454545456,0.5454545454545454,0.18181818181818182,0.0,0.32614444444444446,0.38053888888888887,0.2777777777777778,0.15789473684210525,0.40203333333333335,0.45709999999999995,0.18,0.22,0.2631578947368421,0.16666666666666666,0.23333333333333334,0.34328358208955223,0.7387387387387387,0.28125,0.39487179487179486,0.10256410256410256,0.42073170731707316,0.2073170731707317,0.012195121951219513,9.45859872611465,0.6878980891719745,8.082802547770699,0.20614035087719298,0.6167195123423681,0.2337435152224515,0.6167195123423681,0.7333333333333333,"{""bet365"": {""0.5"": {""over"": -260, ""under"": 190}}, ""betmgm"": {""0.5"": {""over"": -210}}}",0.5,over,betmgm,-210.0,0.6774193548387096,True,-0.0607,1.5,,,,,False,
807799,Masataka Yoshida,BOS,CWS,1,5.0,1.0,663436,Davis Martin,R,824731,7:10 PM ET,Fenway Park,0,1,0.2230347349177331,2026-08-04,824731,0.0,1,102.5,97.9,86.2,L,5,4,2,0,0,1,1,0,0,0,5,4,1,1,2,2,0,0.27225,0.6105,1,1,1,1,0,0,0.24444444444444444,0.30612244897959184,0.9111111111111111,0.08163265306122448,0.25,0.08888888888888889,0.02040816326530612,0.02040816326530612,0.044444444444444446,1.0,0.26666666666666666,0.3170731707317073,0.17073170731707318,0.5609756097560976,0.21951219512195122,0.024390243902439025,0.3045866666666666,0.40801999999999994,0.2857142857142857,0.14285714285714285,0.31912666666666667,0.41796,0.21951219512195122,0.3170731707317073,0.08888888888888889,0.23636363636363636,0.2727272727272727,0.078125,0.7387387387387387,0.28125,0.39487179487179486,0.10256410256410256,0.42073170731707316,0.2073170731707317,0.012195121951219513,9.45859872611465,0.6878980891719745,8.082802547770699,0.20614035087719298,0.4147200096397958,0.06642202225117351,0.4147200096397958,0.26666666666666666,"{""bet365"": {""0.5"": {""over"": 165, ""under"": -225}}, ""betmgm"": {""0.5"": {""over"": 165}}}",0.5,over,betmgm,165.0,0.37735849056603776,True,0.0374,1.5,,,,,False,
686765,Nick Sogard,BOS,CWS,1,1.0,1.0,663436,Davis Martin,R,824731,7:10 PM ET,Fenway Park,1,1,0.2230347349177331,2026-08-04,824731,0.0,1,102.5,97.9,86.2,R,1,1,0,0,0,0,0,0,0,1,0,0,0,0,0,0,0,0.1305,0.1465,0,0,0,0,1,0,0.1875,0.3157894736842105,0.8125,0.15384615384615385,0.23076923076923078,0.09375,0.0,0.02564102564102564,0.0625,0.6,0.4,0.14814814814814814,0.2222222222222222,0.48148148148148145,0.18518518518518517,0.0,0.22644871794871796,0.28334615384615386,0.16666666666666666,0.1875,0.23391666666666666,0.26612499999999994,0.23255813953488372,0.3488372093023256,0.16326530612244897,0.32653061224489793,0.3877551020408163,0.24528301886792453,0.7387387387387387,0.28125,0.39487179487179486,0.10256410256410256,0.42073170731707316,0.2073170731707317,0.012195121951219513,9.45859872611465,0.6878980891719745,8.082802547770699,0.20614035087719298,0.4516498034874967,0.1265850735581544,0.4516498034874967,0.4,,0.5,,,,,False,,1.5,,,,,False,
575929,Willson Contreras,BOS,CWS,1,4.0,1.0,663436,Davis Martin,R,824731,7:10 PM ET,Fenway Park,1,1,0.2230347349177331,2026-08-04,824731,0.0,1,102.5,97.9,86.2,R,5,5,0,0,0,0,0,0,0,2,0,3,0,0,2,0,1,0.10233333333333333,0.17400000000000002,0,0,0,0,1,1,0.2926829268292683,0.49122807017543857,0.6341463414634146,0.2631578947368421,0.391304347826087,0.2682926829268293,0.05263157894736842,0.03508771929824561,0.12195121951219512,1.5333333333333334,1.0,0.5,0.3076923076923077,0.19230769230769232,0.46153846153846156,0.07692307692307693,0.3611410256410256,0.7763589743589743,0.2727272727272727,0.2631578947368421,0.3340833333333332,0.5624999999999998,0.30952380952380953,0.6666666666666666,0.2830188679245283,0.3076923076923077,0.5961538461538461,0.13636363636363635,0.7387387387387387,0.28125,0.39487179487179486,0.10256410256410256,0.42073170731707316,0.2073170731707317,0.012195121951219513,9.45859872611465,0.6878980891719745,8.082802547770699,0.20614035087719298,0.6109855150165314,0.19858661387015109,0.6109855150165314,1.0,"{""bet365"": {""1.5"": {""over"": 200, ""under"": -275}}, ""betmgm"": {""0.5"": {""over"": -275}}}",0.5,over,betmgm,-275.0,0.7333333333333333,True,-0.1223,1.5,over,bet365,200.0,0.3333333333333333,True,-0.1347
677800,Wilyer Abreu,BOS,CWS,1,3.0,1.0,663436,Davis Martin,R,824731,7:10 PM ET,Fenway Park,0,1,0.2230347349177331,2026-08-04,824731,0.0,1,102.5,97.9,86.2,L,5,4,2,0,0,1,1,0,0,0,5,4,0,3,3,1,0,0.4325,1.3025,1,1,1,1,0,0,0.15517241379310345,0.234375,0.6896551724137931,0.28125,0.16216216216216217,0.1896551724137931,0.046875,0.03125,0.08620689655172414,1.3333333333333333,1.2,0.4,0.15,0.35,0.35,0.05,0.2756222222222222,0.5460333333333334,0.14285714285714285,0.3181818181818182,0.25925000000000004,0.4894,0.1864406779661017,0.4576271186440678,0.3230769230769231,0.19642857142857142,0.42857142857142855,0.1791044776119403,0.7387387387387387,0.28125,0.39487179487179486,0.10256410256410256,0.42073170731707316,0.2073170731707317,0.012195121951219513,9.45859872611465,0.6878980891719745,8.082802547770699,0.20614035087719298,0.6752922197779633,0.2616149616872879,0.6752922197779633,1.2,"{""bet365"": {""0.5"": {""over"": -260, ""under"": 190}}, ""betmgm"": {""0.5"": {""over"": -190}}}",0.5,over,betmgm,-190.0,0.6551724137931034,True,0.0201,1.5,,,,,False,
695731,Braden Montgomery,CWS,BOS,0,8.0,1.0,663776,Patrick Sandoval,L,824731,7:10 PM ET,Fenway Park,0,0,0.23909249563699825,2026-08-04,824731,0.0,1,102.5,97.9,86.2,L,2,2,1,0,0,0,0,0,0,1,1,1,0,1,0,0,1,0.957,1.178,1,0,1,0,1,0,0.25,0.3684210526315789,0.71875,0.23684210526315788,0.34782608695652173,0.0625,0.0,0.0,0.03125,0.6666666666666666,0.6,0.391304347826087,0.17391304347826086,0.5652173913043478,0.17391304347826086,0.0,0.34258333333333335,0.44335185185185183,0.13333333333333333,0.23529411764705882,0.3836458333333333,0.49224999999999997,0.25862068965517243,0.3793103448275862,0.15384615384615385,0.2,0.3333333333333333,0.3333333333333333,0.6744186046511628,0.2459016393442623,0.4368421052631579,0.1631578947368421,0.3931034482758621,0.22758620689655173,0.027586206896551724,8.715189873417723,1.0253164556962027,9.056962025316455,0.2345132743362832,0.5879885934475195,0.15901107358440622,0.5879885934475195,0.6,"{""bet365"": {""0.5"": {""over"": -260, ""under"": 190}}, ""betmgm"": {""0.5"": {""over"": -200}}}",0.5,over,betmgm,-200.0,0.6666666666666666,True,-0.0787,1.5,,,,,False,
686668,Brenton Doyle,CWS,BOS,0,7.0,1.0,663776,Patrick Sandoval,L,824731,7:10 PM ET,Fenway Park,1,0,0.23909249563699825,2026-08-04,824731,0.0,1,102.5,97.9,86.2,R,4,3,1,0,0,0,1,0,0,1,1,2,0,0,1,0,1,0.4885,0.556,1,0,1,0,1,0,0.20454545454545456,0.2857142857142857,0.6590909090909091,0.30612244897959184,0.3103448275862069,0.06818181818181818,0.0,0.061224489795918366,0.06818181818181818,0.8,1.0,0.3793103448275862,0.13793103448275862,0.7241379310344828,0.10344827586206896,0.0,0.25885714285714284,0.3289166666666667,0.3125,0.29411764705882354,0.32183333333333336,0.46929999999999994,0.21951219512195122,0.2682926829268293,0.35555555555555557,0.09523809523809523,0.11904761904761904,0.28888888888888886,0.6744186046511628,0.2459016393442623,0.4368421052631579,0.1631578947368421,0.3931034482758621,0.22758620689655173,0.027586206896551724,8.715189873417723,1.0253164556962027,9.056962025316455,0.2345132743362832,0.6814168707509047,0.3010333142276204,0.6814168707509047,1.0,"{""bet365"": {""0.5"": {""over"": -280, ""under"": 202}}, ""betmgm"": {""1.5"": {""over"": 190}}}",0.5,over,bet365,-280.0,0.7368421052631579,True,-0.0554,1.5,over,betmgm,190.0,0.3448275862068966,True,-0.0438
805367,Chase Meidroth,CWS,BOS,0,1.0,1.0,663776,Patrick Sandoval,L,824731,7:10 PM ET,Fenway Park,1,0,0.23909249563699825,2026-08-04,824731,0.0,1,102.5,97.9,86.2,R,4,3,2,0,0,0,1,0,0,0,2,3,0,0,0,1,1,0.25766666666666665,0.303,1,1,1,1,0,0,0.2549019607843137,0.3389830508474576,0.803921568627451,0.16666666666666666,0.275,0.17647058823529413,0.03333333333333333,0.05,0.09803921568627451,1.4666666666666666,0.6666666666666666,0.37209302325581395,0.23255813953488372,0.46511627906976744,0.23255813953488372,0.046511627906976744,0.26,0.43524999999999997,0.125,0.047619047619047616,0.19798333333333334,0.38425000000000004,0.3076923076923077,0.4807692307692308,0.1694915254237288,0.2033898305084746,0.2542372881355932,0.31746031746031744,0.6744186046511628,0.2459016393442623,0.4368421052631579,0.1631578947368421,0.3931034482758621,0.22758620689655173,0.027586206896551724,8.715189873417723,1.0253164556962027,9.056962025316455,0.2345132743362832,0.6342825018855782,0.26915469115023544,0.6342825018855782,0.6666666666666666,"{""bet365"": {""0.5"": {""over"": -200, ""under"": 150}}, ""betmgm"": {""0.5"": {""over"": -200}}}",0.5,over,bet365,-200.0,0.6666666666666666,True,-0.0324,1.5,,,,,False,
695657,Colson Montgomery,CWS,BOS,0,5.0,1.0,663776,Patrick Sandoval,L,824731,7:10 PM ET,Fenway Park,0,0,0.23909249563699825,2026-08-04,824731,0.0,1,102.5,97.9,86.2,L,5,5,1,1,0,0,0,0,0,4,2,1,0,1,0,1,0,0.294,0.321,1,0,1,1,1,1,0.17543859649122806,0.25,0.5789473684210527,0.375,0.25,0.12280701754385964,0.03125,0.015625,0.05263157894736842,1.1333333333333333,1.6,0.2647058823529412,0.14705882352941177,0.3235294117647059,0.23529411764705882,0.029411764705882353,0.2663141025641026,0.4942307692307692,0.05,0.42857142857142855,0.12693333333333331,0.38890000000000013,0.1694915254237288,0.3389830508474576,0.359375,0.32142857142857145,0.6964285714285714,0.22580645161290322,0.6744186046511628,0.2459016393442623,0.4368421052631579,0.1631578947368421,0.3931034482758621,0.22758620689655173,0.027586206896551724,8.715189873417723,1.0253164556962027,9.056962025316455,0.2345132743362832,0.6963289952394734,0.3450809196844971,0.6963289952394734,1.6,"{""bet365"": {""1.5"": {""over"": 125, ""under"": -165}}, ""betmgm"": {""1.5"": {""over"": 110}}}",0.5,,,,,False,,1.5,over,bet365,125.0,0.4444444444444444,True,-0.0994
663698,Joey Bart,CWS,BOS,0,6.0,1.0,663776,Patrick Sandoval,L,824731,7:10 PM ET,Fenway Park,1,0,0.23909249563699825,2026-08-04,824731,0.0,1,102.5,97.9,86.2,R,4,3,0,0,0,0,1,0,0,0,0,3,0,1,0,2,0,0.20966666666666667,0.2293333333333333,0,0,0,0,0,0,0.20588235294117646,0.35714285714285715,0.7058823529411765,0.23809523809523808,0.2608695652173913,0.17647058823529413,0.023809523809523808,0.07142857142857142,0.11764705882352941,0.8666666666666667,0.6666666666666666,0.3333333333333333,0.125,0.4166666666666667,0.375,0.041666666666666664,0.22661538461538464,0.3891025641025641,0.38461538461538464,0.26666666666666666,0.26766666666666666,0.32296666666666696,0.34146341463414637,0.5853658536585366,0.2222222222222222,0.175,0.3,0.2608695652173913,0.6744186046511628,0.2459016393442623,0.4368421052631579,0.1631578947368421,0.3931034482758621,0.22758620689655173,0.027586206896551724,8.715189873417723,1.0253164556962027,9.056962025316455,0.2345132743362832,0.6010253833994388,0.21422423704974505,0.6010253833994388,0.6666666666666666,"{""bet365"": {""1.5"": {""over"": 180, ""under"": -240}}}",0.5,,,,,False,,1.5,over,bet365,180.0,0.35714285714285715,True,-0.1429
682668,Luisangel Acuña,CWS,BOS,0,9.0,1.0,663776,Patrick Sandoval,L,824731,7:10 PM ET,Fenway Park,1,0,0.23909249563699825,2026-08-04,824731,0.0,1,102.5,97.9,86.2,R,3,3,0,0,0,0,0,0,0,0,0,3,0,1,0,3,0,0.131,0.14500000000000002,0,0,0,0,0,0,0.4,0.4,0.7666666666666667,0.22580645161290322,0.5217391304347826,0.03333333333333333,0.0,0.03225806451612903,0.03333333333333333,0.8666666666666667,0.4666666666666667,0.375,0.375,0.5833333333333334,0.041666666666666664,0.0,0.4230833333333333,0.5081944444444445,0.2,0.3,0.2803333333333333,0.3204444444444443,0.3055555555555556,0.3888888888888889,0.16216216216216217,0.3888888888888889,0.4444444444444444,0.2631578947368421,0.6744186046511628,0.2459016393442623,0.4368421052631579,0.1631578947368421,0.3931034482758621,0.22758620689655173,0.027586206896551724,8.715189873417723,1.0253164556962027,9.056962025316455,0.2345132743362832,0.4126017338479568,0.07391817840651857,0.4126017338479568,0.4666666666666667,"{""bet365"": {""0.5"": {""over"": -105, ""under"": -130}}, ""betmgm"": {""0.5"": {""over"": -105}}}",0.5,over,betmgm,-105.0,0.5121951219512195,True,-0.0996,1.5,,,,,False,
678246,Miguel Vargas,CWS,BOS,0,3.0,1.0,663776,Patrick Sandoval,L,824731,7:10 PM ET,Fenway Park,1,0,0.23909249563699825,2026-08-04,824731,0.0,1,102.5,97.9,86.2,R,5,5,1,0,0,1,0,0,0,1,4,4,0,1,2,1,0,0.26225,0.78025,1,0,1,1,1,0,0.19672131147540983,0.26865671641791045,0.7377049180327869,0.23880597014925373,0.23255813953488372,0.18032786885245902,0.029850746268656716,0.07462686567164178,0.11475409836065574,1.5333333333333334,1.0666666666666667,0.4888888888888889,0.3111111111111111,0.2,0.3111111111111111,0.044444444444444446,0.32932222222222224,0.5746277777777778,0.15789473684210525,0.22727272727272727,0.3812499999999999,0.70765,0.2982456140350877,0.5964912280701754,0.16417910447761194,0.13793103448275862,0.22413793103448276,0.23076923076923078,0.6744186046511628,0.2459016393442623,0.4368421052631579,0.1631578947368421,0.3931034482758621,0.22758620689655173,0.027586206896551724,8.715189873417723,1.0253164556962027,9.056962025316455,0.2345132743362832,0.6403746360673263,0.24465896912788024,0.6403746360673263,1.0666666666666667,"{""bet365"": {""0.5"": {""over"": -190, ""under"": 140}}, ""betmgm"": {""0.5"": {""over"": -165}}}",0.5,over,betmgm,-165.0,0.6226415094339622,True,0.0177,1.5,,,,,False,
808959,Munetaka Murakami,CWS,BOS,0,2.0,1.0,663776,Patrick Sandoval,L,824731,7:10 PM ET,Fenway Park,0,0,0.23909249563699825,2026-08-04,824731,0.0,1,102.5,97.9,86.2,L,5,5,1,1,0,0,0,0,0,2,2,3,0,0,0,2,1,0.16833333333333333,0.24766666666666667,1,0,1,1,1,1,0.2909090909090909,0.417910447761194,0.6363636363636364,0.29850746268656714,0.3870967741935484,0.2909090909090909,0.05970149253731343,0.05970149253731343,0.14545454545454545,2.1333333333333333,1.3333333333333333,0.6571428571428571,0.3142857142857143,0.2571428571428571,0.4,0.11428571428571428,0.4344345238095238,0.9001321428571428,0.3,0.4090909090909091,0.51525,1.13375,0.2727272727272727,0.5818181818181818,0.328125,0.17647058823529413,0.47058823529411764,0.3088235294117647,0.6744186046511628,0.2459016393442623,0.4368421052631579,0.1631578947368421,0.3931034482758621,0.22758620689655173,0.027586206896551724,8.715189873417723,1.0253164556962027,9.056962025316455,0.2345132743362832,0.7357057690271448,0.3652069873044765,0.7357057690271448,1.3333333333333333,"{""bet365"": {""1.5"": {""over"": -130, ""under"": -105}}, ""betmgm"": {""1.5"": {""over"": -145}}}",0.5,,,,,False,,1.5,over,bet365,-130.0,0.5652173913043478,True,-0.2
545341,Randal Grichuk,CWS,BOS,0,4.0,1.0,663776,Patrick Sandoval,L,824731,7:10 PM ET,Fenway Park,1,0,0.23909249563699825,2026-08-04,824731,0.0,1,102.5,97.9,86.2,R,2,2,1,0,0,0,0,0,0,1,1,1,0,0,1,0,0,0.9,0.977,1,0,1,0,1,0,0.21875,0.2647058823529412,0.71875,0.2647058823529412,0.30434782608695654,0.15625,0.0,0.08823529411764706,0.125,0.8,0.6,0.43478260869565216,0.13043478260869565,0.5652173913043478,0.13043478260869565,0.0,0.2346607142857143,0.27925,0.5,0.1111111111111111,0.1729,0.19060000000000019,0.2631578947368421,0.5789473684210527,0.20512820512820512,0.13333333333333333,0.23333333333333334,0.25806451612903225,0.6744186046511628,0.2459016393442623,0.4368421052631579,0.1631578947368421,0.3931034482758621,0.22758620689655173,0.027586206896551724,8.715189873417723,1.0253164556962027,9.056962025316455,0.2345132743362832,0.539883212309448,0.16390683615516638,0.539883212309448,0.6,"{""bet365"": {""0.5"": {""over"": -150, ""under"": 110}}, ""betmgm"": {""0.5"": {""over"": -190}}}",0.5,over,bet365,-150.0,0.6,True,-0.0601,1.5,,,,,False,
663586,Austin Riley,ATL,MIA,1,8.0,1.0,687473,Ryan Gusto,R,824888,7:15 PM ET,Truist Park,1,1,0.22043010752688172,2026-08-04,824888,0.0,0,100.6,98.4,97.1,R,3,3,1,1,0,0,0,0,0,1,2,2,0,1,0,1,1,0.4135,0.6145,1,0,1,1,1,0,0.26785714285714285,0.32786885245901637,0.5714285714285714,0.39344262295081966,0.41379310344827586,0.19642857142857142,0.04918032786885246,0.03278688524590164,0.08928571428571429,1.7333333333333334,1.6,0.59375,0.21875,0.4375,0.28125,0.03125,0.40153214285714284,0.7425297619047619,0.17647058823529413,0.5263157894736842,0.2698750000000001,0.38587499999999997,0.2413793103448276,0.4482758620689655,0.375,0.20754716981132076,0.2830188679245283,0.3050847457627119,0.708029197080292,0.21487603305785125,0.3709677419354839,0.13709677419354838,0.3711340206185567,0.26804123711340205,0.020618556701030927,11.647058823529413,1.852941176470588,6.352941176470589,0.147239263803681,0.7074860439339904,0.3632115294516332,0.7074860439339904,1.6,"{""bet365"": {""0.5"": {""over"": -290, ""under"": 205}}, ""betmgm"": {""1.5"": {""over"": 145}}}",0.5,over,bet365,-290.0,0.7435897435897436,True,-0.0361,1.5,over,betmgm,145.0,0.40816326530612246,True,-0.045
642086,Dominic Smith,ATL,MIA,1,7.0,1.0,687473,Ryan Gusto,R,824888,7:15 PM ET,Truist Park,0,1,0.22043010752688172,2026-08-04,824888,0.0,0,100.6,98.4,97.1,L,4,3,1,0,0,1,1,0,0,1,4,2,1,1,1,1,0,0.501,1.787,1,0,1,1,1,0,0.25,0.37209302325581395,0.8611111111111112,0.11627906976744186,0.26666666666666666,0.08333333333333333,0.023255813953488372,0.0,0.027777777777777776,0.8,0.3333333333333333,0.22580645161290322,0.25806451612903225,0.41935483870967744,0.22580645161290322,0.0,0.22522820512820513,0.3005448717948718,0.3333333333333333,0.0625,0.18070000000000006,0.31216666666666676,0.25,0.3333333333333333,0.11627906976744186,0.22,0.42,0.21666666666666667,0.708029197080292,0.21487603305785125,0.3709677419354839,0.13709677419354838,0.3711340206185567,0.26804123711340205,0.020618556701030927,11.647058823529413,1.852941176470588,6.352941176470589,0.147239263803681,0.4219445554123414,0.07815727762249514,0.4219445554123414,0.3333333333333333,,0.5,,,,,False,,1.5,,,,,False,
686948,Drake Baldwin,ATL,MIA,1,1.0,1.0,687473,Ryan Gusto,R,824888,7:15 PM ET,Truist Park,0,1,0.22043010752688172,2026-08-04,824888,0.0,0,100.6,98.4,97.1,L,4,3,0,0,0,0,1,0,0,0,0,3,0,2,1,2,0,0.4623333333333333,0.9553333333333334,0,0,0,0,0,0,0.3389830508474576,0.43478260869565216,0.8135593220338984,0.15942028985507245,0.36363636363636365,0.22033898305084745,0.057971014492753624,0.014492753623188406,0.0847457627118644,2.2,0.7333333333333333,0.4791666666666667,0.25,0.4791666666666667,0.25,0.041666666666666664,0.3296188888888889,0.5726855555555556,0.25,0.13636363636363635,0.33493333333333336,0.5792333333333335,0.41509433962264153,0.5849056603773585,0.10144927536231885,0.1875,0.34375,0.26865671641791045,0.708029197080292,0.21487603305785125,0.3709677419354839,0.13709677419354838,0.3711340206185567,0.26804123711340205,0.020618556701030927,11.647058823529413,1.852941176470588,6.352941176470589,0.147239263803681,0.5312830827094662,0.12832941171745582,0.5312830827094662,0.7333333333333333,"{""bet365"": {""0.5"": {""over"": -155, ""under"": 115}}, ""betmgm"": {""0.5"": {""over"": -125}}}",0.5,over,betmgm,-125.0,0.5555555555555556,True,-0.0243,1.5,,,,,False,
805347,Jim Jarvis,ATL,MIA,1,9.0,1.0,687473,Ryan Gusto,R,824888,7:15 PM ET,Truist Park,0,1,0.22043010752688172,2026-08-04,824888,0.0,0,100.6,98.4,97.1,L,3,3,0,0,0,0,0,0,0,1,0,2,0,1,0,2,0,0.199,0.23099999999999998,0,0,0,0,1,0,0.2553191489361702,0.3269230769230769,0.8723404255319149,0.1111111111111111,0.2926829268292683,0.10638297872340426,0.0,0.05555555555555555,0.0851063829787234,1.1333333333333333,0.4,0.4186046511627907,0.18604651162790697,0.627906976744186,0.18604651162790697,0.023255813953488372,0.2947111111111111,0.3604111111111111,0.3125,0.05555555555555555,0.2980333333333333,0.3561333333333333,0.2826086956521739,0.5,0.1346153846153846,0.1111111111111111,0.1111111111111111,0.1,0.708029197080292,0.21487603305785125,0.3709677419354839,0.13709677419354838,0.3711340206185567,0.26804123711340205,0.020618556701030927,11.647058823529413,1.852941176470588,6.352941176470589,0.147239263803681,0.3380733662044373,0.048006554393538146,0.3380733662044373,0.4,"{""bet365"": {""0.5"": {""over"": -105, ""under"": -130}}, ""betmgm"": {""0.5"": {""over"": 120}}}",0.5,over,betmgm,120.0,0.45454545454545453,True,-0.1165,1.5,,,,,False,
621566,Matt Olson,ATL,MIA,1,3.0,1.0,687473,Ryan Gusto,R,824888,7:15 PM ET,Truist Park,0,1,0.22043010752688172,2026-08-04,824888,0.0,0,100.6,98.4,97.1,L,4,4,2,0,0,1,0,0,0,0,5,4,1,1,1,1,1,0.39325,0.75075,1,1,1,1,0,0,0.22413793103448276,0.3181818181818182,0.6379310344827587,0.3181818181818182,0.2727272727272727,0.25862068965517243,0.06060606060606061,0.045454545454545456,0.1206896551724138,1.8666666666666667,1.4,0.40540540540540543,0.08108108108108109,0.3783783783783784,0.3783783783783784,0.02702702702702703,0.3318222222222222,0.7469777777777779,0.2631578947368421,0.35,0.3606666666666668,1.0077333333333331,0.2631578947368421,0.5789473684210527,0.24285714285714285,0.20689655172413793,0.3448275862068966,0.36507936507936506,0.708029197080292,0.21487603305785125,0.3709677419354839,0.13709677419354838,0.3711340206185567,0.26804123711340205,0.020618556701030927,11.647058823529413,1.852941176470588,6.352941176470589,0.147239263803681,0.7279828277585544,0.24252598224931232,0.7279828277585544,1.4,"{""bet365"": {""0.5"": {""over"": -245, ""under"": 182}}, ""betmgm"": {""0.5"": {""over"": -190}}}",0.5,over,betmgm,-190.0,0.6551724137931034,True,0.0728,1.5,,,,,False,
671739,Michael Harris II,ATL,MIA,1,4.0,1.0,687473,Ryan Gusto,R,824888,7:15 PM ET,Truist Park,0,1,0.22043010752688172,2026-08-04,824888,0.0,0,100.6,98.4,97.1,L,3,3,0,0,0,0,0,0,0,0,0,3,0,2,1,2,0,0.17900000000000002,0.21666666666666667,0,0,0,0,0,0,0.2459016393442623,0.25396825396825395,0.8524590163934426,0.140625,0.22448979591836735,0.2459016393442623,0.0625,0.046875,0.11475409836065574,2.0,0.6,0.37735849056603776,0.18867924528301888,0.4716981132075472,0.20754716981132076,0.018867924528301886,0.31588,0.4985111111111112,0.10526315789473684,0.15,0.2685333333333333,0.3923999999999999,0.2318840579710145,0.37681159420289856,0.19444444444444445,0.27586206896551724,0.5172413793103449,0.16129032258064516,0.708029197080292,0.21487603305785125,0.3709677419354839,0.13709677419354838,0.3711340206185567,0.26804123711340205,0.020618556701030927,11.647058823529413,1.852941176470588,6.352941176470589,0.147239263803681,0.48791651446732026,0.12720562594552295,0.48791651446732026,0.6,"{""bet365"": {""0.5"": {""over"": -150, ""under"": 110}}, ""betmgm"": {""0.5"": {""over"": -125}}}",0.5,over,betmgm,-125.0,0.5555555555555556,True,-0.0676,1.5,,,,,False,
573262,Mike Yastrzemski,ATL,MIA,1,6.0,1.0,687473,Ryan Gusto,R,824888,7:15 PM ET,Truist Park,0,1,0.22043010752688172,2026-08-04,824888,0.0,0,100.6,98.4,97.1,L,3,2,1,0,0,1,0,0,1,0,4,3,0,2,2,1,0,0.497,1.12,1,0,1,1,0,0,0.2564102564102564,0.30952380952380953,0.6923076923076923,0.2857142857142857,0.32,0.2564102564102564,0.047619047619047616,0.09523809523809523,0.15384615384615385,1.3333333333333333,0.8,0.48148148148148145,0.25925925925925924,0.2222222222222222,0.37037037037037035,0.07407407407407407,0.31675641025641027,0.6132435897435897,0.2727272727272727,0.3333333333333333,0.4239999999999998,0.8014583333333333,0.2564102564102564,0.5128205128205128,0.2857142857142857,0.22916666666666666,0.3541666666666667,0.22413793103448276,0.708029197080292,0.21487603305785125,0.3709677419354839,0.13709677419354838,0.3711340206185567,0.26804123711340205,0.020618556701030927,11.647058823529413,1.852941176470588,6.352941176470589,0.147239263803681,0.5290356336336888,0.1669955564929698,0.5290356336336888,0.8,"{""bet365"": {""0.5"": {""over"": -140, ""under"": 105}}, ""betmgm"": {""0.5"": {""over"": -140}}}",0.5,over,betmgm,-140.0,0.5833333333333334,True,-0.0543,1.5,,,,,False,
645277,Ozzie Albies,ATL,MIA,1,5.0,1.0,687473,Ryan Gusto,R,824888,7:15 PM ET,Truist Park,0,1,0.22043010752688172,2026-08-04,824888,0.0,0,100.6,98.4,97.1,L,3,3,1,0,0,0,0,0,0,0,1,3,0,0,1,2,0,0.10066666666666667,0.18133333333333335,1,0,1,0,0,0,0.24324324324324326,0.2631578947368421,0.8108108108108109,0.18421052631578946,0.25,0.16216216216216217,0.05263157894736842,0.0,0.05405405405405406,1.0,0.4666666666666667,0.43333333333333335,0.23333333333333334,0.26666666666666666,0.3333333333333333,0.03333333333333333,0.2924285714285714,0.4406785714285714,0.36363636363636365,0.09090909090909091,0.34376666666666666,0.4421000000000004,0.21875,0.34375,0.2898550724637681,0.25862068965517243,0.5517241379310345,0.13846153846153847,0.708029197080292,0.21487603305785125,0.3709677419354839,0.13709677419354838,0.3711340206185567,0.26804123711340205,0.020618556701030927,11.647058823529413,1.852941176470588,6.352941176470589,0.147239263803681,0.4019988377406303,0.09849302125445959,0.4019988377406303,0.4666666666666667,"{""bet365"": {""0.5"": {""over"": -135, ""under"": 100}}, ""betmgm"": {""0.5"": {""over"": 100}}}",0.5,over,betmgm,100.0,0.5,True,-0.098,1.5,,,,,False,
660670,Ronald Acuña Jr.,ATL,MIA,1,2.0,1.0,687473,Ryan Gusto,R,824888,7:15 PM ET,Truist Park,1,1,0.22043010752688172,2026-08-04,824888,0.0,0,100.6,98.4,97.1,R,4,4,1,0,0,0,0,0,0,2,1,2,0,2,0,2,0,0.4075,0.483,1,0,1,0,1,1,0.24074074074074073,0.359375,0.6851851851851852,0.265625,0.25,0.2962962962962963,0.078125,0.015625,0.1111111111111111,1.9333333333333333,1.1333333333333333,0.43243243243243246,0.21621621621621623,0.3783783783783784,0.2972972972972973,0.08108108108108109,0.3405277777777778,0.728611111111111,0.1111111111111111,0.22727272727272727,0.3659666666666667,0.8638999999999999,0.25925925925925924,0.5555555555555556,0.2153846153846154,0.21052631578947367,0.38596491228070173,0.3235294117647059,0.708029197080292,0.21487603305785125,0.3709677419354839,0.13709677419354838,0.3711340206185567,0.26804123711340205,0.020618556701030927,11.647058823529413,1.852941176470588,6.352941176470589,0.147239263803681,0.6812625386895053,0.24166872512814808,0.6812625386895053,1.1333333333333333,"{""bet365"": {""0.5"": {""over"": -245, ""under"": 182}}, ""betmgm"": {""0.5"": {""over"": -275}}}",0.5,over,bet365,-245.0,0.7101449275362319,True,-0.0289,1.5,,,,,False,
