batter,player_name,team_abbr,opp_team,is_home,bat_order,in_lineup,pitcher_id,pitcher_name,p_throws,game_id,game_time,stadium,stand_R,p_throws_R,opp_k_pct_15,game_date,game_pk,is_dome,wind_out,hit_factor,tb_factor,hr_factor,stand,pa,ab,h,doubles,triples,hr,bb,hbp,sf,k,tb,batted_balls,barrels,hard_hits,fly_balls,ground_balls,line_drives,avg_xba,avg_xslg,target_hit_1plus,target_hit_2plus,target_tb_1plus,target_tb_2plus,target_k_1plus,target_k_2plus,batting_avg_15,obp_15,contact_rate_15,k_rate_15,babip_15,iso_15,hr_rate_15,doubles_rate_15,extra_base_hit_rate_15,avg_total_bases_15,avg_k_per_game_15,hard_hit_pct_15,line_drive_pct_15,gb_pct_15,fly_ball_pct_15,barrel_pct_15,xba_15,xslg_15,batting_avg_last_5,k_rate_last_5,xba_last_5,xslg_last_5,batting_avg_vs_R_15,slg_vs_R_15,k_rate_vs_R_15,batting_avg_vs_L_15,slg_vs_L_15,k_rate_vs_L_15,p_contact_rate_allowed_10,p_babip_allowed_10,p_slg_allowed_10,p_iso_allowed_10,p_gb_pct_10,p_fb_pct_10,p_barrel_pct_allowed_10,p_hits_per9_10,p_hr_per9_10,p_k_per9_10,p_k_rate_10,p_k_1plus,p_k_2plus,adj_prob,pred_ks,book_markets,primary_line,primary_side,primary_best_book,primary_best_odds,primary_book_implied,primary_has_line,primary_edge,secondary_line,secondary_side,secondary_best_book,secondary_best_odds,secondary_book_implied,secondary_has_line,secondary_edge
805999,A.J. Ewing,NYM,SF,1,7.0,1.0,683627,Anthony Molina,R,823577,4:10 PM ET,Citi Field,0,1,0.22727272727272727,2026-09-05,823577,,0,96.9,97.2,97.5,L,5,5,1,0,0,0,0,0,0,1,1,4,0,1,0,3,0,0.22075,0.246,1,0,1,0,1,0,0.16071428571428573,0.22950819672131148,0.6428571428571429,0.3225806451612903,0.25,0.017857142857142856,0.0,0.016129032258064516,0.017857142857142856,0.6666666666666666,1.3333333333333333,0.2702702702702703,0.3783783783783784,0.43243243243243246,0.16216216216216217,0.0,0.29433333333333334,0.38499285714285714,0.17647058823529413,0.3,0.23839999999999995,0.34579999999999994,0.14035087719298245,0.17543859649122806,0.296875,0.2413793103448276,0.39655172413793105,0.3333333333333333,0.8255813953488372,0.2692307692307692,0.4,0.1125,0.5211267605633803,0.2535211267605634,0.028169014084507043,12.980769230769234,2.076923076923077,6.75,0.1625,0.6910015807313519,0.26769043671595816,0.6910015807313519,1.3333333333333333,,0.5,,,,,False,,1.5,,,,,False,
666182,Bo Bichette,NYM,SF,1,3.0,1.0,683627,Anthony Molina,R,823577,4:10 PM ET,Citi Field,1,1,0.22727272727272727,2026-09-05,823577,,0,96.9,97.2,97.5,R,4,3,2,0,0,1,1,0,0,0,5,3,0,2,1,0,2,0.5953333333333334,1.0553333333333332,1,1,1,1,0,0,0.2857142857142857,0.3442622950819672,0.8214285714285714,0.16393442622950818,0.3181818181818182,0.23214285714285715,0.03278688524590164,0.08196721311475409,0.14285714285714285,1.9333333333333333,0.6666666666666666,0.5,0.2826086956521739,0.41304347826086957,0.30434782608695654,0.043478260869565216,0.3253611111111111,0.5516944444444445,0.3157894736842105,0.14285714285714285,0.28851666666666664,0.4584999999999998,0.34545454545454546,0.6181818181818182,0.11290322580645161,0.3050847457627119,0.4745762711864407,0.26153846153846155,0.8255813953488372,0.2692307692307692,0.4,0.1125,0.5211267605633803,0.2535211267605634,0.028169014084507043,12.980769230769234,2.076923076923077,6.75,0.1625,0.5332031130185116,0.14041961384156657,0.5332031130185116,0.6666666666666666,,0.5,,,,,False,,1.5,,,,,False,
683146,Brett Baty,NYM,SF,1,9.0,1.0,683627,Anthony Molina,R,823577,4:10 PM ET,Citi Field,0,1,0.22727272727272727,2026-09-05,823577,,0,96.9,97.2,97.5,L,2,2,1,1,0,0,0,0,0,0,2,2,0,2,1,0,1,0.419,1.107,1,0,1,1,0,0,0.2857142857142857,0.375,0.6857142857142857,0.275,0.391304347826087,0.2,0.025,0.1,0.14285714285714285,1.1333333333333333,0.7333333333333333,0.5416666666666666,0.3333333333333333,0.375,0.2916666666666667,0.0,0.29643589743589743,0.5553205128205128,0.16666666666666666,0.5,0.21700000000000008,0.42425000000000024,0.21621621621621623,0.40540540540540543,0.34146341463414637,0.24,0.36,0.3392857142857143,0.8255813953488372,0.2692307692307692,0.4,0.1125,0.5211267605633803,0.2535211267605634,0.028169014084507043,12.980769230769234,2.076923076923077,6.75,0.1625,0.4838383877400856,0.1331991013851526,0.4838383877400856,0.7333333333333333,,0.5,,,,,False,,1.5,,,,,False,
701807,Carson Benge,NYM,SF,1,4.0,1.0,683627,Anthony Molina,R,823577,4:10 PM ET,Citi Field,0,1,0.22727272727272727,2026-09-05,823577,,0,96.9,97.2,97.5,L,4,4,1,0,0,0,0,0,0,0,1,4,0,1,1,2,1,0.3665,0.40575,1,0,1,0,0,0,0.3220338983050847,0.3548387096774194,0.7627118644067796,0.22580645161290322,0.3953488372093023,0.13559322033898305,0.03225806451612903,0.03225806451612903,0.06779661016949153,1.8,0.9333333333333333,0.2222222222222222,0.2222222222222222,0.35555555555555557,0.37777777777777777,0.0,0.3571066666666667,0.5120555555555556,0.2631578947368421,0.23809523809523808,0.3932666666666667,0.46240000000000003,0.3157894736842105,0.5263157894736842,0.19672131147540983,0.20967741935483872,0.3387096774193548,0.22727272727272727,0.8255813953488372,0.2692307692307692,0.4,0.1125,0.5211267605633803,0.2535211267605634,0.028169014084507043,12.980769230769234,2.076923076923077,6.75,0.1625,0.6051207750943767,0.2168654427587311,0.6051207750943767,0.9333333333333333,,0.5,,,,,False,,1.5,,,,,False,
682626,Francisco Alvarez,NYM,SF,1,8.0,1.0,683627,Anthony Molina,R,823577,4:10 PM ET,Citi Field,1,1,0.22727272727272727,2026-09-05,823577,,0,96.9,97.2,97.5,R,4,4,2,0,0,2,0,0,0,0,8,4,0,3,3,0,1,0.5385,1.846,1,1,1,1,0,0,0.09803921568627451,0.16363636363636364,0.43137254901960786,0.5272727272727272,0.22727272727272727,0.0392156862745098,0.0,0.03636363636363636,0.0392156862745098,0.4666666666666667,1.9333333333333333,0.5,0.13636363636363635,0.5454545454545454,0.2727272727272727,0.045454545454545456,0.3297083333333333,0.4674583333333333,0.16666666666666666,0.5,0.4276,0.6673000000000002,0.1509433962264151,0.24528301886792453,0.4067796610169492,0.23529411764705882,0.27450980392156865,0.3114754098360656,0.8255813953488372,0.2692307692307692,0.4,0.1125,0.5211267605633803,0.2535211267605634,0.028169014084507043,12.980769230769234,2.076923076923077,6.75,0.1625,0.7167455384124864,0.3566627978719101,0.7167455384124864,1.9333333333333333,,0.5,,,,,False,,1.5,,,,,False,
596019,Francisco Lindor,NYM,SF,1,1.0,1.0,683627,Anthony Molina,R,823577,4:10 PM ET,Citi Field,1,1,0.22727272727272727,2026-09-05,823577,,0,96.9,97.2,97.5,R,2,2,1,0,0,0,0,0,0,0,1,2,0,2,0,1,1,0.61,0.752,1,0,1,0,0,0,0.20512820512820512,0.2619047619047619,0.717948717948718,0.2619047619047619,0.16666666666666666,0.3333333333333333,0.09523809523809523,0.023809523809523808,0.1282051282051282,1.4,0.7333333333333333,0.5357142857142857,0.10714285714285714,0.35714285714285715,0.42857142857142855,0.0,0.28425,0.541423076923077,0.2,0.25,0.3557000000000001,0.6394999999999998,0.23333333333333334,0.43333333333333335,0.18181818181818182,0.25,0.6333333333333333,0.19117647058823528,0.8255813953488372,0.2692307692307692,0.4,0.1125,0.5211267605633803,0.2535211267605634,0.028169014084507043,12.980769230769234,2.076923076923077,6.75,0.1625,0.462735266709187,0.13022176838205982,0.462735266709187,0.7333333333333333,,0.5,,,,,False,,1.5,,,,,False,
676724,Jared Young,NYM,SF,1,5.0,1.0,683627,Anthony Molina,R,823577,4:10 PM ET,Citi Field,0,1,0.22727272727272727,2026-09-05,823577,,0,96.9,97.2,97.5,L,2,1,0,0,0,0,1,0,0,0,0,1,0,1,0,0,1,0.42,0.751,0,0,0,0,0,0,0.24074074074074073,0.2545454545454545,0.7592592592592593,0.23214285714285715,0.3170731707317073,0.1111111111111111,0.0,0.07142857142857142,0.09259259259259259,1.2666666666666666,0.8666666666666667,0.2926829268292683,0.1951219512195122,0.4878048780487805,0.2682926829268293,0.0,0.25948333333333334,0.37648333333333334,0.2631578947368421,0.35,0.33681666666666665,0.3925833333333331,0.2962962962962963,0.48148148148148145,0.25,0.22580645161290322,0.2903225806451613,0.15625,0.8255813953488372,0.2692307692307692,0.4,0.1125,0.5211267605633803,0.2535211267605634,0.028169014084507043,12.980769230769234,2.076923076923077,6.75,0.1625,0.5255807101909742,0.1486970558567549,0.5255807101909742,0.8666666666666667,,0.5,,,,,False,,1.5,,,,,False,
665742,Juan Soto,NYM,SF,1,2.0,1.0,683627,Anthony Molina,R,823577,4:10 PM ET,Citi Field,0,1,0.22727272727272727,2026-09-05,823577,,0,96.9,97.2,97.5,L,5,4,0,0,0,0,1,0,0,0,0,4,0,1,1,2,0,0.10675,0.11875000000000001,0,0,0,0,0,0,0.1956521739130435,0.3559322033898305,0.7608695652173914,0.1864406779661017,0.18181818181818182,0.1956521739130435,0.05084745762711865,0.0,0.06521739130434782,1.2,0.7333333333333333,0.5277777777777778,0.25,0.2222222222222222,0.3888888888888889,0.05555555555555555,0.3581846153846154,0.8192128205128205,0.23529411764705882,0.16666666666666666,0.3691249999999999,0.9267500000000004,0.22916666666666666,0.5416666666666666,0.15384615384615385,0.35294117647058826,0.5490196078431373,0.08064516129032258,0.8255813953488372,0.2692307692307692,0.4,0.1125,0.5211267605633803,0.2535211267605634,0.028169014084507043,12.980769230769234,2.076923076923077,6.75,0.1625,0.41173996735196416,0.0683516619784657,0.41173996735196416,0.7333333333333333,,0.5,,,,,False,,1.5,,,,,False,
543760,Marcus Semien,NYM,SF,1,6.0,1.0,683627,Anthony Molina,R,823577,4:10 PM ET,Citi Field,1,1,0.22727272727272727,2026-09-05,823577,,0,96.9,97.2,97.5,R,4,4,0,0,0,0,0,0,0,1,0,3,0,2,3,0,0,0.105,0.24866666666666667,0,0,0,0,1,0,0.2857142857142857,0.38596491228070173,0.8571428571428571,0.12280701754385964,0.3333333333333333,0.02040816326530612,0.0,0.017543859649122806,0.02040816326530612,1.0,0.4666666666666667,0.19047619047619047,0.16666666666666666,0.5238095238095238,0.2857142857142857,0.0,0.32640444444444444,0.37707333333333337,0.26666666666666666,0.05263157894736842,0.18433333333333338,0.23016666666666694,0.29411764705882354,0.3137254901960784,0.20689655172413793,0.19230769230769232,0.3076923076923077,0.15254237288135594,0.8255813953488372,0.2692307692307692,0.4,0.1125,0.5211267605633803,0.2535211267605634,0.028169014084507043,12.980769230769234,2.076923076923077,6.75,0.1625,0.46517787715336806,0.1145003365513717,0.46517787715336806,0.4666666666666667,,0.5,,,,,False,,1.5,,,,,False,
668800,Andrew Knizner,SF,NYM,0,6.0,1.0,804267,Zac Thornton,L,823577,4:10 PM ET,Citi Field,1,0,0.22743055555555555,2026-09-05,823577,,0,96.9,97.2,97.5,R,2,2,0,0,0,0,0,0,0,1,0,1,0,0,0,1,0,0.039,0.05,0,0,0,0,1,0,0.21052631578947367,0.2682926829268293,0.8157894736842105,0.17073170731707318,0.23333333333333334,0.13157894736842105,0.024390243902439025,0.04878048780487805,0.07894736842105263,0.8666666666666667,0.4666666666666667,0.3225806451612903,0.0967741935483871,0.3870967741935484,0.3548387096774194,0.03225806451612903,0.18960416666666668,0.30745833333333333,0.18181818181818182,0.18181818181818182,0.16009999999999996,0.30494999999999983,0.3157894736842105,0.5,0.11363636363636363,0.18421052631578946,0.23684210526315788,0.18181818181818182,0.7533632286995515,0.22,0.3592233009708738,0.11650485436893204,0.44047619047619047,0.27380952380952384,0.03571428571428571,,,,,0.42290323187039025,0.0849153172866025,0.42290323187039025,0.4666666666666667,,0.5,,,,,False,,1.5,,,,,False,
805811,Bryce Eldridge,SF,NYM,0,3.0,1.0,804267,Zac Thornton,L,823577,4:10 PM ET,Citi Field,0,0,0.22743055555555555,2026-09-05,823577,,0,96.9,97.2,97.5,L,5,3,1,1,0,0,2,0,0,2,2,1,0,0,0,0,1,0.223,0.304,1,0,1,1,1,1,0.3392857142857143,0.4411764705882353,0.6964285714285714,0.25,0.4473684210526316,0.16071428571428573,0.029411764705882353,0.04411764705882353,0.08928571428571429,1.8666666666666667,1.1333333333333333,0.575,0.4,0.375,0.2,0.0,0.44652444444444445,0.6811366666666667,0.23529411764705882,0.16666666666666666,0.38034,0.4946933333333332,0.2857142857142857,0.39285714285714285,0.208955223880597,0.30357142857142855,0.5714285714285714,0.29508196721311475,0.7533632286995515,0.22,0.3592233009708738,0.11650485436893204,0.44047619047619047,0.27380952380952384,0.03571428571428571,,,,,0.6544536951915967,0.2334824632447836,0.6544536951915967,1.1333333333333333,,0.5,,,,,False,,1.5,,,,,False,
683766,Christian Koss,SF,NYM,0,9.0,1.0,804267,Zac Thornton,L,823577,4:10 PM ET,Citi Field,1,0,0.22743055555555555,2026-09-05,823577,,0,96.9,97.2,97.5,R,4,3,1,0,0,0,1,0,0,1,1,2,0,0,0,1,1,0.5235,0.548,1,0,1,0,1,0,0.20833333333333334,0.2692307692307692,0.6875,0.26785714285714285,0.28125,0.08333333333333333,0.017857142857142856,0.017857142857142856,0.041666666666666664,0.9333333333333333,1.0,0.2972972972972973,0.1891891891891892,0.7027027027027027,0.02702702702702703,0.0,0.2521282051282051,0.34233974358974356,0.16666666666666666,0.2631578947368421,0.26341666666666663,0.3430625,0.2,0.22,0.3103448275862069,0.17647058823529413,0.23529411764705882,0.25,0.7533632286995515,0.22,0.3592233009708738,0.11650485436893204,0.44047619047619047,0.27380952380952384,0.03571428571428571,,,,,0.47080315096314096,0.1441538434477826,0.47080315096314096,1.0,,0.5,,,,,False,,1.5,,,,,False,
687529,Grant McCray,SF,NYM,0,8.0,1.0,804267,Zac Thornton,L,823577,4:10 PM ET,Citi Field,0,0,0.22743055555555555,2026-09-05,823577,,0,96.9,97.2,97.5,L,2,1,0,0,0,0,1,0,0,1,0,0,0,0,0,0,0,0.603,0.6603333333333333,0,0,0,0,1,0,0.11627906976744186,0.24,0.6511627906976745,0.29411764705882354,0.17857142857142858,0.06976744186046512,0.0,0.0196078431372549,0.046511627906976744,0.5333333333333333,1.0,0.2413793103448276,0.20689655172413793,0.4827586206896552,0.1724137931034483,0.034482758620689655,0.2826071428571429,0.4307261904761904,0.16666666666666666,0.3684210526315789,0.3439,0.5905333333333332,0.13953488372093023,0.27906976744186046,0.2653061224489796,0.17391304347826086,0.34782608695652173,0.46153846153846156,0.7533632286995515,0.22,0.3592233009708738,0.11650485436893204,0.44047619047619047,0.27380952380952384,0.03571428571428571,,,,,0.7077725760285101,0.2937455429734883,0.7077725760285101,1.0,,0.5,,,,,False,,1.5,,,,,False,
813841,Jonah Cox,SF,NYM,0,1.0,1.0,804267,Zac Thornton,L,823577,4:10 PM ET,Citi Field,1,0,0.22743055555555555,2026-09-05,823577,,0,96.9,97.2,97.5,R,2,2,2,0,0,0,0,0,0,0,2,2,0,1,0,1,1,0.5525,0.6295000000000001,1,1,1,1,0,0,0.2926829268292683,0.3695652173913043,0.5609756097560976,0.391304347826087,0.45,0.24390243902439024,0.06521739130434782,0.021739130434782608,0.0975609756097561,1.4666666666666666,1.2,0.43478260869565216,0.17391304347826086,0.43478260869565216,0.34782608695652173,0.08695652173913043,0.294275,0.5794666666666667,0.26666666666666666,0.29411764705882354,0.22085416666666666,0.3812083333333333,0.3333333333333333,0.6,0.35294117647058826,0.25,0.5,0.45454545454545453,0.7533632286995515,0.22,0.3592233009708738,0.11650485436893204,0.44047619047619047,0.27380952380952384,0.03571428571428571,,,,,0.7871807713534332,0.36647389244862955,0.7871807713534332,1.2,,0.5,,,,,False,,1.5,,,,,False,
678545,Osleivis Basabe,SF,NYM,0,4.0,1.0,804267,Zac Thornton,L,823577,4:10 PM ET,Citi Field,1,0,0.22743055555555555,2026-09-05,823577,,0,96.9,97.2,97.5,R,3,3,1,0,0,0,0,0,0,0,1,3,0,0,0,2,1,0.29033333333333333,0.33966666666666673,1,0,1,0,0,0,0.14285714285714285,0.23636363636363636,0.7959183673469388,0.17857142857142858,0.15789473684210525,0.08163265306122448,0.017857142857142856,0.017857142857142856,0.04081632653061224,0.7333333333333333,0.6666666666666666,0.4,0.225,0.475,0.275,0.025,0.2818630952380953,0.41133928571428574,0.14285714285714285,0.16666666666666666,0.29237500000000005,0.4261666666666667,0.20408163265306123,0.2857142857142857,0.2037037037037037,0.2037037037037037,0.3333333333333333,0.22033898305084745,0.7533632286995515,0.22,0.3592233009708738,0.11650485436893204,0.44047619047619047,0.27380952380952384,0.03571428571428571,,,,,0.5170177008324276,0.15668845426313063,0.5170177008324276,0.6666666666666666,,0.5,,,,,False,,1.5,,,,,False,
646240,Rafael Devers,SF,NYM,0,2.0,1.0,804267,Zac Thornton,L,823577,4:10 PM ET,Citi Field,0,0,0.22743055555555555,2026-09-05,823577,,0,96.9,97.2,97.5,L,5,4,3,2,0,1,1,0,0,1,8,3,0,3,1,0,2,0.5473333333333333,1.0786666666666667,1,1,1,1,1,0,0.32727272727272727,0.463768115942029,0.7636363636363637,0.18840579710144928,0.3142857142857143,0.4,0.10144927536231885,0.014492753623188406,0.14545454545454545,2.6666666666666665,0.8666666666666667,0.5238095238095238,0.16666666666666666,0.35714285714285715,0.42857142857142855,0.023809523809523808,0.3423722222222222,0.8501722222222222,0.3333333333333333,0.25,0.3767666666666668,1.1090666666666666,0.32727272727272727,0.7636363636363637,0.16176470588235295,0.21818181818181817,0.3090909090909091,0.234375,0.7533632286995515,0.22,0.3592233009708738,0.11650485436893204,0.44047619047619047,0.27380952380952384,0.03571428571428571,,,,,0.5727946834676185,0.19509560532221848,0.5727946834676185,0.8666666666666667,,0.5,,,,,False,,1.5,,,,,False,
694376,Shay Whitcomb,SF,NYM,0,7.0,1.0,804267,Zac Thornton,L,823577,4:10 PM ET,Citi Field,1,0,0.22743055555555555,2026-09-05,823577,,0,96.9,97.2,97.5,R,2,0,0,0,0,0,2,0,0,0,0,0,0,0,0,0,0,0.22333333333333336,0.307,0,0,0,0,0,0,0.13953488372093023,0.13953488372093023,0.6976744186046512,0.28888888888888886,0.14285714285714285,0.18604651162790697,0.044444444444444446,0.044444444444444446,0.09302325581395349,0.9333333333333333,0.8666666666666667,0.34375,0.1875,0.40625,0.28125,0.0625,0.2740666666666666,0.5332777777777777,0.125,0.29411764705882354,0.15030000000000002,0.2727666666666667,0.1,0.2,0.2857142857142857,0.1724137931034483,0.41379310344827586,0.2903225806451613,0.7533632286995515,0.22,0.3592233009708738,0.11650485436893204,0.44047619047619047,0.27380952380952384,0.03571428571428571,,,,,0.5948729245395706,0.2098834264646231,0.5948729245395706,0.8666666666666667,,0.5,,,,,False,,1.5,,,,,False,
806367,Turner Hill,SF,NYM,0,5.0,1.0,804267,Zac Thornton,L,823577,4:10 PM ET,Citi Field,0,0,0.22743055555555555,2026-09-05,823577,,0,96.9,97.2,97.5,L,5,4,2,0,0,0,1,0,0,0,2,4,0,0,0,2,2,0.33,0.40924999999999995,1,1,1,1,0,0,0.34146341463414637,0.4423076923076923,0.8536585365853658,0.11538461538461539,0.3783783783783784,0.12195121951219512,0.0,0.09615384615384616,0.12195121951219512,1.2666666666666666,0.4,0.3783783783783784,0.32432432432432434,0.4594594594594595,0.16216216216216217,0.0,0.3235654761904762,0.45013690476190477,0.375,0.09523809523809523,0.29608333333333337,0.37716666666666665,0.325,0.425,0.14,,,,0.7533632286995515,0.22,0.3592233009708738,0.11650485436893204,0.44047619047619047,0.27380952380952384,0.03571428571428571,,,,,0.47827970545162923,0.10914978289833725,0.47827970545162923,0.4,,0.5,,,,,False,,1.5,,,,,False,
688363,Graham Pauley,MIA,CHC,1,8.0,1.0,665871,Javier Assad,R,823823,4:10 PM ET,loanDepot Park,0,1,0.2338568935427574,2026-09-05,823823,1.0,0,99.1,96.1,86.7,L,4,4,0,0,0,0,0,0,0,0,0,4,0,0,2,1,1,0.18175,0.21825,0,0,0,0,0,0,0.2702702702702703,0.2631578947368421,0.7567567567567568,0.23684210526315788,0.32142857142857145,0.21621621621621623,0.02631578947368421,0.07894736842105263,0.13513513513513514,1.2,0.6,0.41379310344827586,0.27586206896551724,0.3448275862068966,0.27586206896551724,0.06896551724137931,0.3169880952380952,0.47510714285714284,0.3333333333333333,0.23076923076923078,0.34275000000000005,0.6073333333333333,0.2702702702702703,0.4864864864864865,0.23684210526315788,,,,0.72,0.1968503937007874,0.45588235294117646,0.20588235294117646,0.4444444444444444,0.32407407407407407,0.018518518518518517,7.260504201680672,1.5882352941176472,5.445378151260504,0.15384615384615385,0.5399582330967339,0.1480651170250614,0.5399582330967339,0.6,,0.5,,,,,False,,1.5,,,,,False,
665052,Griffin Conine,MIA,CHC,1,3.0,1.0,665871,Javier Assad,R,823823,4:10 PM ET,loanDepot Park,0,1,0.2338568935427574,2026-09-05,823823,1.0,0,99.1,96.1,86.7,L,4,4,2,0,0,0,0,0,0,0,2,4,0,4,0,2,2,0.43875,0.5547500000000001,1,1,1,1,0,0,0.16666666666666666,0.2857142857142857,0.5833333333333334,0.35714285714285715,0.25925925925925924,0.0625,0.017857142857142856,0.0,0.020833333333333332,0.7333333333333333,1.3333333333333333,0.32142857142857145,0.2857142857142857,0.39285714285714285,0.17857142857142858,0.0,0.27267857142857144,0.4114285714285714,0.25,0.3333333333333333,0.258875,0.37937499999999996,0.1951219512195122,0.2682926829268293,0.32,0.26666666666666666,0.4444444444444444,0.26,0.72,0.1968503937007874,0.45588235294117646,0.20588235294117646,0.4444444444444444,0.32407407407407407,0.018518518518518517,7.260504201680672,1.5882352941176472,5.445378151260504,0.15384615384615385,0.7049717844045107,0.2540332237731345,0.7049717844045107,1.3333333333333333,,0.5,,,,,False,,1.5,,,,,False,
681715,Heriberto Hernández,MIA,CHC,1,2.0,1.0,665871,Javier Assad,R,823823,4:10 PM ET,loanDepot Park,1,1,0.2338568935427574,2026-09-05,823823,1.0,0,99.1,96.1,86.7,R,4,4,0,0,0,0,0,0,0,2,0,2,0,1,1,1,0,0.447,1.641,0,0,0,0,1,1,0.2545454545454545,0.36923076923076925,0.7454545454545455,0.2153846153846154,0.25,0.32727272727272727,0.07692307692307693,0.046153846153846156,0.14545454545454545,2.1333333333333333,0.9333333333333333,0.3902439024390244,0.17073170731707318,0.34146341463414637,0.34146341463414637,0.0,0.34694777777777774,0.7355333333333334,0.17647058823529413,0.2727272727272727,0.26636666666666675,0.5431333333333335,0.24528301886792453,0.49056603773584906,0.328125,0.2542372881355932,0.6440677966101694,0.2463768115942029,0.72,0.1968503937007874,0.45588235294117646,0.20588235294117646,0.4444444444444444,0.32407407407407407,0.018518518518518517,7.260504201680672,1.5882352941176472,5.445378151260504,0.15384615384615385,0.663813964551866,0.3436001691342289,0.663813964551866,0.9333333333333333,,0.5,,,,,False,,1.5,,,,,False,
805300,Jakob Marsee,MIA,CHC,1,5.0,1.0,665871,Javier Assad,R,823823,4:10 PM ET,loanDepot Park,0,1,0.2338568935427574,2026-09-05,823823,1.0,0,99.1,96.1,86.7,L,1,0,0,0,0,0,1,0,0,0,0,0,0,0,0,0,0,0.253,0.431,0,0,0,0,0,0,0.2127659574468085,0.3728813559322034,0.7446808510638298,0.2033898305084746,0.24242424242424243,0.23404255319148937,0.03389830508474576,0.05084745762711865,0.1276595744680851,1.4,0.8,0.4,0.4,0.3142857142857143,0.22857142857142856,0.0,0.27361111111111114,0.40606111111111115,0.23529411764705882,0.14285714285714285,0.2500333333333334,0.4317666666666667,0.2549019607843137,0.5294117647058824,0.21311475409836064,0.20408163265306123,0.2653061224489796,0.2542372881355932,0.72,0.1968503937007874,0.45588235294117646,0.20588235294117646,0.4444444444444444,0.32407407407407407,0.018518518518518517,7.260504201680672,1.5882352941176472,5.445378151260504,0.15384615384615385,0.5873973320191023,0.1752078508861882,0.5873973320191023,0.8,,0.5,,,,,False,,1.5,,,,,False,
691594,Javier Sanoja,MIA,CHC,1,9.0,1.0,665871,Javier Assad,R,823823,4:10 PM ET,loanDepot Park,1,1,0.2338568935427574,2026-09-05,823823,1.0,0,99.1,96.1,86.7,R,4,4,1,1,0,0,0,0,0,0,2,4,0,1,2,1,1,0.2985,0.50325,1,0,1,1,0,0,0.375,0.4166666666666667,0.9107142857142857,0.08333333333333333,0.3877551020408163,0.14285714285714285,0.03333333333333333,0.03333333333333333,0.07142857142857142,1.9333333333333333,0.3333333333333333,0.27450980392156865,0.37254901960784315,0.4117647058823529,0.1568627450980392,0.0,0.3410055555555555,0.42693333333333333,0.4,0.09523809523809523,0.38453333333333334,0.47988333333333333,0.34615384615384615,0.5384615384615384,0.09090909090909091,0.25925925925925924,0.4074074074074074,0.14285714285714285,0.72,0.1968503937007874,0.45588235294117646,0.20588235294117646,0.4444444444444444,0.32407407407407407,0.018518518518518517,7.260504201680672,1.5882352941176472,5.445378151260504,0.15384615384615385,0.3525274666303404,0.054872580110493695,0.3525274666303404,0.3333333333333333,,0.5,,,,,False,,1.5,,,,,False,
691788,Joe Mack,MIA,CHC,1,7.0,1.0,665871,Javier Assad,R,823823,4:10 PM ET,loanDepot Park,0,1,0.2338568935427574,2026-09-05,823823,1.0,0,99.1,96.1,86.7,L,1,1,0,0,0,0,0,0,0,1,0,0,0,0,0,0,0,0.021,0.021,0,0,0,0,1,0,0.25,0.2916666666666667,0.7045454545454546,0.2708333333333333,0.3225806451612903,0.09090909090909091,0.020833333333333332,0.020833333333333332,0.045454545454545456,1.0,0.8666666666666667,0.28125,0.1875,0.46875,0.21875,0.0,0.23020833333333332,0.2943273809523809,0.3076923076923077,0.35714285714285715,0.2738333333333334,0.3047916666666667,0.21739130434782608,0.30434782608695654,0.3,0.13636363636363635,0.18181818181818182,0.2916666666666667,0.72,0.1968503937007874,0.45588235294117646,0.20588235294117646,0.4444444444444444,0.32407407407407407,0.018518518518518517,7.260504201680672,1.5882352941176472,5.445378151260504,0.15384615384615385,0.6561157090549802,0.20809182074829843,0.6561157090549802,0.8666666666666667,,0.5,,,,,False,,1.5,,,,,False,
669065,Kyle Stowers,MIA,CHC,1,1.0,1.0,665871,Javier Assad,R,823823,4:10 PM ET,loanDepot Park,0,1,0.2338568935427574,2026-09-05,823823,1.0,0,99.1,96.1,86.7,L,4,3,1,1,0,0,0,1,0,2,2,1,0,1,0,0,1,0.42,0.751,1,0,1,1,1,1,0.3269230769230769,0.4067796610169492,0.6346153846153846,0.3220338983050847,0.4838709677419355,0.21153846153846154,0.03389830508474576,0.05084745762711865,0.11538461538461539,1.8666666666666667,1.2666666666666666,0.6363636363636364,0.2727272727272727,0.2727272727272727,0.42424242424242425,0.030303030303030304,0.4021190476190476,0.8102619047619048,0.3333333333333333,0.42105263157894735,0.4740208333333334,1.254083333333333,0.32,0.64,0.29310344827586204,0.1320754716981132,0.20754716981132076,0.3333333333333333,0.72,0.1968503937007874,0.45588235294117646,0.20588235294117646,0.4444444444444444,0.32407407407407407,0.018518518518518517,7.260504201680672,1.5882352941176472,5.445378151260504,0.15384615384615385,0.7125339975243731,0.273619475353509,0.7125339975243731,1.2666666666666666,,0.5,,,,,False,,1.5,,,,,False,
672640,Otto Lopez,MIA,CHC,1,4.0,1.0,665871,Javier Assad,R,823823,4:10 PM ET,loanDepot Park,1,1,0.2338568935427574,2026-09-05,823823,1.0,0,99.1,96.1,86.7,R,4,4,0,0,0,0,0,0,0,0,0,4,0,1,1,3,0,0.22299999999999998,0.26049999999999995,0,0,0,0,0,0,0.2413793103448276,0.2923076923076923,0.8448275862068966,0.13846153846153847,0.26,0.10344827586206896,0.015384615384615385,0.015384615384615385,0.05172413793103448,1.3333333333333333,0.6,0.39215686274509803,0.19607843137254902,0.47058823529411764,0.23529411764705882,0.0,0.3051388888888889,0.4791611111111111,0.2,0.19047619047619047,0.2700000000000001,0.4564166666666667,0.23728813559322035,0.23728813559322035,0.11290322580645161,0.265625,0.4375,0.1891891891891892,0.72,0.1968503937007874,0.45588235294117646,0.20588235294117646,0.4444444444444444,0.32407407407407407,0.018518518518518517,7.260504201680672,1.5882352941176472,5.445378151260504,0.15384615384615385,0.5027102724286063,0.1054427209184607,0.5027102724286063,0.6,,0.5,,,,,False,,1.5,,,,,False,
683357,Owen Caissie,MIA,CHC,1,6.0,1.0,665871,Javier Assad,R,823823,4:10 PM ET,loanDepot Park,0,1,0.2338568935427574,2026-09-05,823823,1.0,0,99.1,96.1,86.7,L,1,0,0,0,0,0,1,0,0,0,0,0,0,0,0,0,0,0.27366666666666667,0.30433333333333334,0,0,0,0,0,0,0.2,0.2727272727272727,0.675,0.28888888888888886,0.2692307692307692,0.125,0.022222222222222223,0.044444444444444446,0.075,0.8666666666666667,0.8666666666666667,0.4074074074074074,0.2962962962962963,0.4074074074074074,0.18518518518518517,0.0,0.3177202380952381,0.5593690476190476,0.16666666666666666,0.21428571428571427,0.3575416666666667,0.4103958333333334,0.18604651162790697,0.3023255813953488,0.2916666666666667,0.2,0.2,0.3888888888888889,0.72,0.1968503937007874,0.45588235294117646,0.20588235294117646,0.4444444444444444,0.32407407407407407,0.018518518518518517,7.260504201680672,1.5882352941176472,5.445378151260504,0.15384615384615385,0.6276109209512768,0.23592203378493704,0.6276109209512768,0.8666666666666667,,0.5,,,,,False,,1.5,,,,,False,
608324,Alex Bregman,CHC,MIA,0,4.0,1.0,687473,Ryan Gusto,R,823823,4:10 PM ET,loanDepot Park,1,1,0.1915966386554622,2026-09-05,823823,1.0,0,99.1,96.1,86.7,R,5,4,2,0,0,0,1,0,0,0,2,4,0,1,1,1,2,0.45575,0.55575,1,1,1,1,0,0,0.296875,0.3333333333333333,0.859375,0.13043478260869565,0.22916666666666666,0.4375,0.11594202898550725,0.057971014492753624,0.1875,3.1333333333333333,0.6,0.39285714285714285,0.19642857142857142,0.3392857142857143,0.32142857142857145,0.07142857142857142,0.27911,0.5231333333333333,0.38095238095238093,0.09523809523809523,0.31598333333333334,0.5353999999999999,0.3064516129032258,0.5806451612903226,0.11764705882352941,0.17857142857142858,0.39285714285714285,0.13636363636363635,0.7515151515151515,0.21476510067114093,0.4025974025974026,0.16233766233766234,0.49193548387096775,0.20967741935483872,0.03225806451612903,11.647058823529413,1.852941176470588,6.352941176470589,0.147239263803681,0.4573300888823553,0.08045012708013316,0.4573300888823553,0.6,,0.5,,,,,False,,1.5,,,,,False,
664023,Ian Happ,CHC,MIA,0,5.0,1.0,687473,Ryan Gusto,R,823823,4:10 PM ET,loanDepot Park,0,1,0.1915966386554622,2026-09-05,823823,1.0,0,99.1,96.1,86.7,L,5,4,1,0,0,0,1,0,0,2,1,2,0,0,0,1,1,0.753,0.8865,1,0,1,0,1,1,0.2571428571428571,0.3333333333333333,0.7142857142857143,0.2564102564102564,0.30434782608695654,0.2,0.05128205128205128,0.02564102564102564,0.08571428571428572,1.0666666666666667,0.6666666666666666,0.32,0.32,0.4,0.2,0.04,0.27492222222222223,0.4663888888888888,0.1111111111111111,0.3333333333333333,0.21560000000000024,0.36140000000000044,0.26,0.48,0.26785714285714285,0.18181818181818182,0.4,0.3076923076923077,0.7515151515151515,0.21476510067114093,0.4025974025974026,0.16233766233766234,0.49193548387096775,0.20967741935483872,0.03225806451612903,11.647058823529413,1.852941176470588,6.352941176470589,0.147239263803681,0.5831809691243929,0.16069044430844728,0.5831809691243929,0.6666666666666666,,0.5,,,,,False,,1.5,,,,,False,
683737,Michael Busch,CHC,MIA,0,3.0,1.0,687473,Ryan Gusto,R,823823,4:10 PM ET,loanDepot Park,0,1,0.1915966386554622,2026-09-05,823823,1.0,0,99.1,96.1,86.7,L,5,4,1,0,0,1,1,0,0,1,4,3,0,2,1,2,0,0.40066666666666667,1.2596666666666667,1,0,1,1,1,0,0.17543859649122806,0.29850746268656714,0.6140350877192983,0.3283582089552239,0.21875,0.24561403508771928,0.04477611940298507,0.07462686567164178,0.14035087719298245,1.6,1.4666666666666666,0.5142857142857142,0.22857142857142856,0.3142857142857143,0.37142857142857144,0.08571428571428572,0.33939285714285716,0.6635178571428572,0.1,0.42857142857142855,0.21774999999999994,0.2897499999999999,0.17857142857142858,0.3392857142857143,0.27692307692307694,0.2727272727272727,0.5272727272727272,0.24193548387096775,0.7515151515151515,0.21476510067114093,0.4025974025974026,0.16233766233766234,0.49193548387096775,0.20967741935483872,0.03225806451612903,11.647058823529413,1.852941176470588,6.352941176470589,0.147239263803681,0.668537320208303,0.22551125586853116,0.668537320208303,1.4666666666666666,,0.5,,,,,False,,1.5,,,,,False,
624424,Michael Conforto,CHC,MIA,0,8.0,1.0,687473,Ryan Gusto,R,823823,4:10 PM ET,loanDepot Park,0,1,0.1915966386554622,2026-09-05,823823,1.0,0,99.1,96.1,86.7,L,4,2,1,0,0,0,2,0,0,0,1,2,0,2,0,2,0,0.193,0.20650000000000002,1,0,1,0,0,0,0.2222222222222222,0.3,0.7222222222222222,0.25,0.18181818181818182,0.3611111111111111,0.1,0.025,0.1388888888888889,1.4,0.6666666666666666,0.3076923076923077,0.19230769230769232,0.38461538461538464,0.3076923076923077,0.038461538461538464,0.3312820512820513,0.7386794871794872,0.2222222222222222,0.2222222222222222,0.39975,1.0976249999999999,0.2222222222222222,0.5833333333333334,0.25,0.25,0.38636363636363635,0.2641509433962264,0.7515151515151515,0.21476510067114093,0.4025974025974026,0.16233766233766234,0.49193548387096775,0.20967741935483872,0.03225806451612903,11.647058823529413,1.852941176470588,6.352941176470589,0.147239263803681,0.5555732829170151,0.1443930548072496,0.5555732829170151,0.6666666666666666,,0.5,,,,,False,,1.5,,,,,False,
665804,Miguel Amaya,CHC,MIA,0,9.0,1.0,687473,Ryan Gusto,R,823823,4:10 PM ET,loanDepot Park,1,1,0.1915966386554622,2026-09-05,823823,1.0,0,99.1,96.1,86.7,R,3,2,0,0,0,0,1,0,0,2,0,0,0,0,0,0,0,0.5155,0.5860000000000001,0,0,0,0,1,1,0.18181818181818182,0.2653061224489796,0.5909090909090909,0.3673469387755102,0.25,0.1590909090909091,0.04081632653061224,0.02040816326530612,0.06818181818181818,1.0,1.2,0.38461538461538464,0.19230769230769232,0.3076923076923077,0.38461538461538464,0.07692307692307693,0.3017179487179487,0.5345641025641026,0.13333333333333333,0.3333333333333333,0.33395833333333325,0.39795833333333336,0.22727272727272727,0.38636363636363635,0.32653061224489793,0.2413793103448276,0.2413793103448276,0.15789473684210525,0.7515151515151515,0.21476510067114093,0.4025974025974026,0.16233766233766234,0.49193548387096775,0.20967741935483872,0.03225806451612903,11.647058823529413,1.852941176470588,6.352941176470589,0.147239263803681,0.43807838618117384,0.153334703748809,0.43807838618117384,1.2,,0.5,,,,,False,,1.5,,,,,False,
663538,Nico Hoerner,CHC,MIA,0,6.0,1.0,687473,Ryan Gusto,R,823823,4:10 PM ET,loanDepot Park,1,1,0.1915966386554622,2026-09-05,823823,1.0,0,99.1,96.1,86.7,R,4,4,3,0,0,0,0,0,0,0,3,4,0,4,1,3,0,0.45775,0.6285000000000001,1,1,1,1,0,0,0.21052631578947367,0.22950819672131148,0.8771929824561403,0.11475409836065574,0.21568627450980393,0.07017543859649122,0.01639344262295082,0.01639344262295082,0.03508771929824561,1.0666666666666667,0.4666666666666667,0.2692307692307692,0.21153846153846154,0.5,0.23076923076923078,0.038461538461538464,0.29969555555555555,0.39637111111111106,0.23529411764705882,0.10526315789473684,0.30911666666666665,0.4321999999999999,0.2631578947368421,0.2807017543859649,0.08196721311475409,0.2,0.32727272727272727,0.08196721311475409,0.7515151515151515,0.21476510067114093,0.4025974025974026,0.16233766233766234,0.49193548387096775,0.20967741935483872,0.03225806451612903,11.647058823529413,1.852941176470588,6.352941176470589,0.147239263803681,0.40160876953640484,0.05587708567972002,0.40160876953640484,0.4666666666666667,,0.5,,,,,False,,1.5,,,,,False,
699393,Pedro Ramírez,CHC,MIA,0,7.0,1.0,687473,Ryan Gusto,R,823823,4:10 PM ET,loanDepot Park,0,1,0.1915966386554622,2026-09-05,823823,1.0,0,99.1,96.1,86.7,L,4,3,0,0,0,0,0,0,1,1,0,3,0,0,2,1,0,0.066,0.08499999999999999,0,0,0,0,1,0,0.2702702702702703,0.37209302325581395,0.8648648648648649,0.11627906976744186,0.26666666666666666,0.21621621621621623,0.046511627906976744,0.0,0.08108108108108109,1.2,0.3333333333333333,0.4375,0.1875,0.375,0.28125,0.0625,0.32490972222222225,0.48375000000000007,0.2222222222222222,0.16666666666666666,0.3133333333333333,0.35933333333333345,0.2545454545454545,0.41818181818181815,0.1774193548387097,0.2857142857142857,0.38095238095238093,0.18181818181818182,0.7515151515151515,0.21476510067114093,0.4025974025974026,0.16233766233766234,0.49193548387096775,0.20967741935483872,0.03225806451612903,11.647058823529413,1.852941176470588,6.352941176470589,0.147239263803681,0.43564659193685573,0.09970582136447707,0.43564659193685573,0.3333333333333333,,0.5,,,,,False,,1.5,,,,,False,
691718,Pete Crow-Armstrong,CHC,MIA,0,1.0,1.0,687473,Ryan Gusto,R,823823,4:10 PM ET,loanDepot Park,0,1,0.1915966386554622,2026-09-05,823823,1.0,0,99.1,96.1,86.7,L,5,4,1,1,0,0,1,0,0,1,2,3,0,2,0,0,2,0.5113333333333333,0.7106666666666667,1,0,1,1,1,0,0.2698412698412698,0.34285714285714286,0.7777777777777778,0.2,0.2,0.4603174603174603,0.12857142857142856,0.02857142857142857,0.1746031746031746,3.066666666666667,0.9333333333333333,0.46938775510204084,0.24489795918367346,0.2653061224489796,0.3673469387755102,0.061224489795918366,0.36806555555555553,0.7315166666666666,0.23809523809523808,0.30434782608695654,0.4012166666666667,0.8426999999999998,0.296875,0.875,0.19444444444444445,0.2711864406779661,0.5423728813559322,0.2714285714285714,0.7515151515151515,0.21476510067114093,0.4025974025974026,0.16233766233766234,0.49193548387096775,0.20967741935483872,0.03225806451612903,11.647058823529413,1.852941176470588,6.352941176470589,0.147239263803681,0.6145659809120649,0.178943239110102,0.6145659809120649,0.9333333333333333,,0.5,,,,,False,,1.5,,,,,False,
673548,Seiya Suzuki,CHC,MIA,0,2.0,1.0,687473,Ryan Gusto,R,823823,4:10 PM ET,loanDepot Park,1,1,0.1915966386554622,2026-09-05,823823,1.0,0,99.1,96.1,86.7,R,5,5,0,0,0,0,0,0,0,0,0,5,0,1,3,2,0,0.0748,0.08579999999999999,0,0,0,0,0,0,0.27586206896551724,0.4084507042253521,0.7586206896551724,0.19718309859154928,0.3333333333333333,0.1724137931034483,0.028169014084507043,0.056338028169014086,0.10344827586206896,1.7333333333333334,0.9333333333333333,0.3409090909090909,0.20454545454545456,0.36363636363636365,0.3409090909090909,0.045454545454545456,0.2696866666666667,0.4409344444444444,0.16666666666666666,0.13043478260869565,0.22692666666666664,0.4329366666666665,0.2786885245901639,0.5081967213114754,0.2465753424657534,0.2545454545454545,0.41818181818181815,0.20967741935483872,0.7515151515151515,0.21476510067114093,0.4025974025974026,0.16233766233766234,0.49193548387096775,0.20967741935483872,0.03225806451612903,11.647058823529413,1.852941176470588,6.352941176470589,0.147239263803681,0.6234800386529594,0.18779490117232997,0.6234800386529594,0.9333333333333333,,0.5,,,,,False,,1.5,,,,,False,
664761,Alec Bohm,PHI,ATL,1,5.0,1.0,527048,Martín Pérez,L,823419,6:05 PM ET,Citizens Bank Park,1,0,0.1616871704745167,2026-09-05,823419,,0,103.7,104.6,118.0,R,4,4,2,1,0,1,0,0,0,1,6,3,0,2,1,1,1,0.4963333333333333,1.4000000000000001,1,1,1,1,1,0,0.3620689655172414,0.4307692307692308,0.8448275862068966,0.13846153846153847,0.4166666666666667,0.1724137931034483,0.015384615384615385,0.07692307692307693,0.1206896551724138,2.066666666666667,0.6,0.4897959183673469,0.2653061224489796,0.40816326530612246,0.30612244897959184,0.04081632653061224,0.34288555555555555,0.59556,0.2777777777777778,0.13636363636363635,0.3612333333333333,0.6395000000000002,0.3090909090909091,0.43636363636363634,0.12903225806451613,0.3389830508474576,0.4576271186440678,0.12307692307692308,0.7365853658536585,0.20930232558139536,0.37640449438202245,0.1404494382022472,0.4768211920529801,0.1986754966887417,0.013245033112582781,7.534883720930233,1.0465116279069768,7.7441860465116275,0.20670391061452514,0.48004623422179454,0.15777141465107883,0.48004623422179454,0.6,,0.5,,,,,False,,1.5,,,,,False,
547180,Bryce Harper,PHI,ATL,1,3.0,1.0,527048,Martín Pérez,L,823419,6:05 PM ET,Citizens Bank Park,0,0,0.1616871704745167,2026-09-05,823419,,0,103.7,104.6,118.0,L,4,4,0,0,0,0,0,0,0,2,0,2,0,1,0,0,1,0.34550000000000003,0.615,0,0,0,0,1,1,0.4339622641509434,0.5454545454545454,0.7924528301886793,0.16666666666666666,0.525,0.20754716981132076,0.030303030303030304,0.07575757575757576,0.1320754716981132,2.2666666666666666,0.7333333333333333,0.42857142857142855,0.38095238095238093,0.38095238095238093,0.23809523809523808,0.047619047619047616,0.41058888888888895,0.7145277777777779,0.5294117647058824,0.13043478260869565,0.3309333333333333,0.4362166666666667,0.3541666666666667,0.5208333333333334,0.10606060606060606,0.3103448275862069,0.46551724137931033,0.29850746268656714,0.7365853658536585,0.20930232558139536,0.37640449438202245,0.1404494382022472,0.4768211920529801,0.1986754966887417,0.013245033112582781,7.534883720930233,1.0465116279069768,7.7441860465116275,0.20670391061452514,0.6004256809157367,0.21547933544333212,0.6004256809157367,0.7333333333333333,,0.5,,,,,False,,1.5,,,,,False,
681082,Bryson Stott,PHI,ATL,1,8.0,1.0,527048,Martín Pérez,L,823419,6:05 PM ET,Citizens Bank Park,0,0,0.1616871704745167,2026-09-05,823419,,0,103.7,104.6,118.0,L,3,3,0,0,0,0,0,0,0,0,0,3,0,0,0,2,1,0.24766666666666667,0.29666666666666663,0,0,0,0,0,0,0.18867924528301888,0.26666666666666666,0.8113207547169812,0.16666666666666666,0.20930232558139536,0.09433962264150944,0.016666666666666666,0.03333333333333333,0.05660377358490566,1.0,0.6666666666666666,0.25,0.22727272727272727,0.45454545454545453,0.2727272727272727,0.022727272727272728,0.26889555555555555,0.39825111111111106,0.1111111111111111,0.19047619047619047,0.23475000000000001,0.4869,0.21818181818181817,0.2909090909090909,0.18333333333333332,0.2641509433962264,0.41509433962264153,0.22033898305084745,0.7365853658536585,0.20930232558139536,0.37640449438202245,0.1404494382022472,0.4768211920529801,0.1986754966887417,0.013245033112582781,7.534883720930233,1.0465116279069768,7.7441860465116275,0.20670391061452514,0.5156518211472202,0.18630346525742583,0.5156518211472202,0.6666666666666666,,0.5,,,,,False,,1.5,,,,,False,
656537,Derek Hill,PHI,ATL,1,9.0,1.0,527048,Martín Pérez,L,823419,6:05 PM ET,Citizens Bank Park,1,0,0.1616871704745167,2026-09-05,823419,,0,103.7,104.6,118.0,R,2,2,0,0,0,0,0,0,0,0,0,2,0,2,1,0,1,0.177,0.396,0,0,0,0,0,0,0.2,0.23809523809523808,0.775,0.21428571428571427,0.23333333333333334,0.1,0.023809523809523808,0.023809523809523808,0.05,0.8,0.6,0.25806451612903225,0.12903225806451613,0.5483870967741935,0.2903225806451613,0.03225806451612903,0.2404222222222222,0.31574444444444444,0.3333333333333333,0.16666666666666666,0.25013333333333343,0.2800666666666667,0.21951219512195122,0.43902439024390244,0.38636363636363635,0.2857142857142857,0.5,0.29545454545454547,0.7365853658536585,0.20930232558139536,0.37640449438202245,0.1404494382022472,0.4768211920529801,0.1986754966887417,0.013245033112582781,7.534883720930233,1.0465116279069768,7.7441860465116275,0.20670391061452514,0.5088026020588359,0.1486892548720358,0.5088026020588359,0.6,,0.5,,,,,False,,1.5,,,,,False,
624641,Edmundo Sosa,PHI,ATL,1,6.0,1.0,527048,Martín Pérez,L,823419,6:05 PM ET,Citizens Bank Park,1,0,0.1616871704745167,2026-09-05,823419,,0,103.7,104.6,118.0,R,4,3,1,0,0,0,0,1,0,2,1,1,0,1,0,1,0,0.637,0.69,1,0,1,0,1,1,0.30434782608695654,0.3469387755102041,0.782608695652174,0.20408163265306123,0.35294117647058826,0.2391304347826087,0.04081632653061224,0.061224489795918366,0.13043478260869565,1.6666666666666667,0.6666666666666666,0.4166666666666667,0.2777777777777778,0.4444444444444444,0.25,0.0,0.43890555555555555,0.7926555555555556,0.4666666666666667,0.13333333333333333,0.5353166666666666,1.2890666666666668,0.22,0.4,0.2037037037037037,0.2558139534883721,0.4186046511627907,0.1702127659574468,0.7365853658536585,0.20930232558139536,0.37640449438202245,0.1404494382022472,0.4768211920529801,0.1986754966887417,0.013245033112582781,7.534883720930233,1.0465116279069768,7.7441860465116275,0.20670391061452514,0.5173817519886096,0.2134461991185527,0.5173817519886096,0.6666666666666666,,0.5,,,,,False,,1.5,,,,,False,
592663,J.T. Realmuto,PHI,ATL,1,7.0,1.0,527048,Martín Pérez,L,823419,6:05 PM ET,Citizens Bank Park,1,0,0.1616871704745167,2026-09-05,823419,,0,103.7,104.6,118.0,R,3,2,0,0,0,0,1,0,0,1,0,1,0,0,0,1,0,0.101,0.107,0,0,0,0,1,0,0.23529411764705882,0.3,0.8235294117647058,0.15,0.23255813953488372,0.17647058823529413,0.03333333333333333,0.05,0.09803921568627451,1.4,0.6,0.4,0.26666666666666666,0.3333333333333333,0.26666666666666666,0.06666666666666667,0.34753333333333336,0.5419333333333333,0.16666666666666666,0.1,0.3092833333333334,0.64835,0.21818181818181817,0.34545454545454546,0.18333333333333332,0.2037037037037037,0.35185185185185186,0.13559322033898305,0.7365853658536585,0.20930232558139536,0.37640449438202245,0.1404494382022472,0.4768211920529801,0.1986754966887417,0.013245033112582781,7.534883720930233,1.0465116279069768,7.7441860465116275,0.20670391061452514,0.43000252279117346,0.16220279694315123,0.43000252279117346,0.6,,0.5,,,,,False,,1.5,,,,,False,
656941,Kyle Schwarber,PHI,ATL,1,1.0,1.0,527048,Martín Pérez,L,823419,6:05 PM ET,Citizens Bank Park,0,0,0.1616871704745167,2026-09-05,823419,,0,103.7,104.6,118.0,L,4,4,0,0,0,0,0,0,0,1,0,3,0,1,1,1,1,0.20099999999999998,0.24233333333333332,0,0,0,0,1,0,0.18333333333333332,0.2571428571428571,0.7,0.2571428571428571,0.19047619047619047,0.18333333333333332,0.04285714285714286,0.02857142857142857,0.08333333333333333,1.4666666666666666,1.2,0.3333333333333333,0.26666666666666666,0.37777777777777777,0.24444444444444444,0.044444444444444446,0.3052333333333333,0.5465222222222222,0.10526315789473684,0.30434782608695654,0.2551333333333333,0.2964000000000001,0.19672131147540983,0.45901639344262296,0.2608695652173913,0.2641509433962264,0.4528301886792453,0.29411764705882354,0.7365853658536585,0.20930232558139536,0.37640449438202245,0.1404494382022472,0.4768211920529801,0.1986754966887417,0.013245033112582781,7.534883720930233,1.0465116279069768,7.7441860465116275,0.20670391061452514,0.7046041726737601,0.2885388096872004,0.7046041726737601,1.2,,0.5,,,,,False,,1.5,,,,,False,
650333,Luis Arraez,PHI,ATL,1,4.0,1.0,527048,Martín Pérez,L,823419,6:05 PM ET,Citizens Bank Park,0,0,0.1616871704745167,2026-09-05,823419,,0,103.7,104.6,118.0,L,4,4,2,1,0,0,0,0,0,0,3,4,0,2,0,2,2,0.2135,0.36349999999999993,1,1,1,1,0,0,0.3148148148148148,0.32142857142857145,0.9629629629629629,0.03571428571428571,0.3076923076923077,0.07407407407407407,0.017857142857142856,0.017857142857142856,0.037037037037037035,1.4,0.13333333333333333,0.11320754716981132,0.22641509433962265,0.37735849056603776,0.3584905660377358,0.03773584905660377,0.31825714285714285,0.4114261904761905,0.17647058823529413,0.05263157894736842,0.22284166666666672,0.2559083333333333,0.2982456140350877,0.40350877192982454,0.017241379310344827,0.4126984126984127,0.5238095238095238,0.05970149253731343,0.7365853658536585,0.20930232558139536,0.37640449438202245,0.1404494382022472,0.4768211920529801,0.1986754966887417,0.013245033112582781,7.534883720930233,1.0465116279069768,7.7441860465116275,0.20670391061452514,0.29343374398959543,0.056620960250806214,0.29343374398959543,0.13333333333333333,,0.5,,,,,False,,1.5,,,,,False,
607208,Trea Turner,PHI,ATL,1,2.0,1.0,527048,Martín Pérez,L,823419,6:05 PM ET,Citizens Bank Park,1,0,0.1616871704745167,2026-09-05,823419,,0,103.7,104.6,118.0,R,4,4,1,1,0,0,0,0,0,0,2,4,1,2,2,0,1,0.40925,0.8620000000000001,1,0,1,1,0,0,0.1746031746031746,0.2463768115942029,0.746031746031746,0.2318840579710145,0.23404255319148937,0.031746031746031744,0.0,0.028985507246376812,0.031746031746031744,0.8666666666666667,1.0666666666666667,0.3617021276595745,0.0851063829787234,0.46808510638297873,0.2765957446808511,0.06382978723404255,0.21278444444444444,0.31955888888888884,0.2,0.17391304347826086,0.17433,0.32388000000000006,0.14754098360655737,0.22950819672131148,0.2318840579710145,0.3333333333333333,0.4603174603174603,0.14492753623188406,0.7365853658536585,0.20930232558139536,0.37640449438202245,0.1404494382022472,0.4768211920529801,0.1986754966887417,0.013245033112582781,7.534883720930233,1.0465116279069768,7.7441860465116275,0.20670391061452514,0.5513818496779038,0.24694630453032085,0.5513818496779038,1.0666666666666667,,0.5,,,,,False,,1.5,,,,,False,
663586,Austin Riley,ATL,PHI,0,8.0,1.0,554430,Zack Wheeler,R,823419,6:05 PM ET,Citizens Bank Park,1,1,0.24144144144144145,2026-09-05,823419,,0,103.7,104.6,118.0,R,4,4,1,0,0,0,0,0,0,1,1,3,0,0,1,2,0,0.17300000000000001,0.19233333333333333,1,0,1,0,1,0,0.21153846153846154,0.27586206896551724,0.6153846153846154,0.3448275862068966,0.3333333333333333,0.038461538461538464,0.0,0.034482758620689655,0.038461538461538464,0.8666666666666667,1.3333333333333333,0.36363636363636365,0.24242424242424243,0.30303030303030304,0.3333333333333333,0.0,0.36759523809523814,0.5104166666666666,0.2777777777777778,0.15789473684210525,0.2509,0.3899000000000001,0.21153846153846154,0.2692307692307692,0.3620689655172414,0.17647058823529413,0.29411764705882354,0.3050847457627119,0.5627906976744186,0.2185792349726776,0.4793814432989691,0.21649484536082475,0.4049586776859504,0.256198347107438,0.01652892561983471,6.064171122994653,1.299465240641711,10.973262032085561,0.31932773109243695,0.7563232757766825,0.36269781347301344,0.7563232757766825,1.3333333333333333,,0.5,,,,,False,,1.5,,,,,False,
642086,Dominic Smith,ATL,PHI,0,7.0,1.0,554430,Zack Wheeler,R,823419,6:05 PM ET,Citizens Bank Park,0,1,0.24144144144144145,2026-09-05,823419,,0,103.7,104.6,118.0,L,1,1,0,0,0,0,0,0,0,0,0,1,0,0,1,0,0,0.06,0.111,0,0,0,0,0,0,0.25,0.3076923076923077,0.7222222222222222,0.2564102564102564,0.32,0.08333333333333333,0.02564102564102564,0.0,0.027777777777777776,0.8,0.6666666666666666,0.11538461538461539,0.23076923076923078,0.4230769230769231,0.3076923076923077,0.038461538461538464,0.24257999999999996,0.40916666666666657,0.16666666666666666,0.3333333333333333,0.15377777777777782,0.17750000000000019,0.25,0.3333333333333333,0.2564102564102564,0.17391304347826086,0.2826086956521739,0.12962962962962962,0.5627906976744186,0.2185792349726776,0.4793814432989691,0.21649484536082475,0.4049586776859504,0.256198347107438,0.01652892561983471,6.064171122994653,1.299465240641711,10.973262032085561,0.31932773109243695,0.5822070044762031,0.17906701485517063,0.5822070044762031,0.6666666666666666,,0.5,,,,,False,,1.5,,,,,False,
686948,Drake Baldwin,ATL,PHI,0,1.0,1.0,554430,Zack Wheeler,R,823419,6:05 PM ET,Citizens Bank Park,0,1,0.24144144144144145,2026-09-05,823419,,0,103.7,104.6,118.0,L,5,5,1,0,0,0,0,0,0,1,1,4,0,0,1,2,1,0.26675,0.33775,1,0,1,0,1,0,0.2786885245901639,0.3230769230769231,0.6885245901639344,0.2923076923076923,0.375,0.18032786885245902,0.03076923076923077,0.07692307692307693,0.11475409836065574,1.8666666666666667,1.2666666666666666,0.5238095238095238,0.2619047619047619,0.35714285714285715,0.35714285714285715,0.07142857142857142,0.3436388888888889,0.6303166666666667,0.2857142857142857,0.3181818181818182,0.362,0.5536333333333334,0.32786885245901637,0.5081967213114754,0.26153846153846155,0.25396825396825395,0.3492063492063492,0.19696969696969696,0.5627906976744186,0.2185792349726776,0.4793814432989691,0.21649484536082475,0.4049586776859504,0.256198347107438,0.01652892561983471,6.064171122994653,1.299465240641711,10.973262032085561,0.31932773109243695,0.7330310828976622,0.3570820771933789,0.7330310828976622,1.2666666666666666,,0.5,,,,,False,,1.5,,,,,False,
673490,Ha-Seong Kim,ATL,PHI,0,9.0,1.0,554430,Zack Wheeler,R,823419,6:05 PM ET,Citizens Bank Park,1,1,0.24144144144144145,2026-09-05,823419,,0,103.7,104.6,118.0,R,2,2,0,0,0,0,0,0,0,0,0,2,0,0,0,2,0,0.1425,0.152,0,0,0,0,0,0,0.15789473684210525,0.2558139534883721,0.6842105263157895,0.27906976744186046,0.23076923076923078,0.02631578947368421,0.0,0.023255813953488372,0.02631578947368421,0.4666666666666667,0.8,0.3076923076923077,0.2692307692307692,0.19230769230769232,0.34615384615384615,0.038461538461538464,0.22935714285714284,0.3063690476190476,0.3333333333333333,0.17647058823529413,0.26546666666666663,0.3050333333333336,0.16666666666666666,0.16666666666666666,0.25925925925925924,0.07142857142857142,0.09523809523809523,0.2826086956521739,0.5627906976744186,0.2185792349726776,0.4793814432989691,0.21649484536082475,0.4049586776859504,0.256198347107438,0.01652892561983471,6.064171122994653,1.299465240641711,10.973262032085561,0.31932773109243695,0.49890749024427095,0.13049392317392355,0.49890749024427095,0.8,,0.5,,,,,False,,1.5,,,,,False,
621566,Matt Olson,ATL,PHI,0,3.0,1.0,554430,Zack Wheeler,R,823419,6:05 PM ET,Citizens Bank Park,0,1,0.24144144144144145,2026-09-05,823419,,0,103.7,104.6,118.0,L,4,4,0,0,0,0,0,0,0,1,0,3,0,1,1,1,1,0.25266666666666665,0.35133333333333333,0,0,0,0,1,0,0.16666666666666666,0.21875,0.6833333333333333,0.296875,0.225,0.08333333333333333,0.015625,0.03125,0.05,1.0,1.2666666666666666,0.5365853658536586,0.24390243902439024,0.36585365853658536,0.36585365853658536,0.0,0.33409444444444447,0.5937222222222223,0.14285714285714285,0.36363636363636365,0.3213166666666668,0.49596666666666656,0.21428571428571427,0.375,0.20967741935483872,0.22580645161290322,0.4838709677419355,0.421875,0.5627906976744186,0.2185792349726776,0.4793814432989691,0.21649484536082475,0.4049586776859504,0.256198347107438,0.01652892561983471,6.064171122994653,1.299465240641711,10.973262032085561,0.31932773109243695,0.7505911008320623,0.35907753504622214,0.7505911008320623,1.2666666666666666,,0.5,,,,,False,,1.5,,,,,False,
643289,Mauricio Dubón,ATL,PHI,0,5.0,1.0,554430,Zack Wheeler,R,823419,6:05 PM ET,Citizens Bank Park,1,1,0.24144144144144145,2026-09-05,823419,,0,103.7,104.6,118.0,R,4,4,2,0,0,1,0,0,0,0,5,4,1,2,2,2,0,0.255,0.66475,1,1,1,1,0,0,0.2962962962962963,0.3333333333333333,0.9259259259259259,0.07017543859649122,0.32,0.018518518518518517,0.0,0.017543859649122806,0.018518518518518517,1.1333333333333333,0.26666666666666666,0.24,0.28,0.34,0.28,0.0,0.29287111111111114,0.3524022222222223,0.21052631578947367,0.1,0.30104999999999993,0.35235000000000005,0.27450980392156865,0.29411764705882354,0.05454545454545454,0.2982456140350877,0.42105263157894735,0.06557377049180328,0.5627906976744186,0.2185792349726776,0.4793814432989691,0.21649484536082475,0.4049586776859504,0.256198347107438,0.01652892561983471,6.064171122994653,1.299465240641711,10.973262032085561,0.31932773109243695,0.45350705976403943,0.11135188909931369,0.45350705976403943,0.26666666666666666,,0.5,,,,,False,,1.5,,,,,False,
671739,Michael Harris II,ATL,PHI,0,4.0,1.0,554430,Zack Wheeler,R,823419,6:05 PM ET,Citizens Bank Park,0,1,0.24144144144144145,2026-09-05,823419,,0,103.7,104.6,118.0,L,2,2,0,0,0,0,0,0,0,0,0,2,0,1,0,1,0,0.23950000000000002,0.2635,0,0,0,0,0,0,0.3508771929824561,0.3728813559322034,0.7719298245614035,0.20967741935483872,0.4,0.3333333333333333,0.06451612903225806,0.11290322580645161,0.19298245614035087,2.6,0.8666666666666667,0.45652173913043476,0.2826086956521739,0.4782608695652174,0.21739130434782608,0.043478260869565216,0.3839111111111111,0.6784999999999999,0.3157894736842105,0.3,0.4527,0.8766333333333332,0.35714285714285715,0.625,0.19672131147540983,0.27586206896551724,0.5517241379310345,0.16129032258064516,0.5627906976744186,0.2185792349726776,0.4793814432989691,0.21649484536082475,0.4049586776859504,0.256198347107438,0.01652892561983471,6.064171122994653,1.299465240641711,10.973262032085561,0.31932773109243695,0.7049717844045107,0.2627605286870024,0.7049717844045107,0.8666666666666667,,0.5,,,,,False,,1.5,,,,,False,
645277,Ozzie Albies,ATL,PHI,0,6.0,1.0,554430,Zack Wheeler,R,823419,6:05 PM ET,Citizens Bank Park,1,1,0.24144144144144145,2026-09-05,823419,,0,103.7,104.6,118.0,R,4,4,1,1,0,0,0,0,0,1,2,3,0,1,0,2,1,0.27066666666666667,0.30666666666666664,1,0,1,1,1,0,0.2647058823529412,0.3333333333333333,0.7941176470588235,0.1794871794871795,0.2962962962962963,0.08823529411764706,0.02564102564102564,0.0,0.029411764705882353,0.8,0.4666666666666667,0.2857142857142857,0.32142857142857145,0.35714285714285715,0.25,0.03571428571428571,0.3635055555555556,0.4756888888888889,0.2222222222222222,0.2,0.2632666666666667,0.3680666666666668,0.24528301886792453,0.32075471698113206,0.11666666666666667,0.23333333333333334,0.4,0.15384615384615385,0.5627906976744186,0.2185792349726776,0.4793814432989691,0.21649484536082475,0.4049586776859504,0.256198347107438,0.01652892561983471,6.064171122994653,1.299465240641711,10.973262032085561,0.31932773109243695,0.5103006252783975,0.12281941205748963,0.5103006252783975,0.4666666666666667,,0.5,,,,,False,,1.5,,,,,False,
660670,Ronald Acuña Jr.,ATL,PHI,0,2.0,1.0,554430,Zack Wheeler,R,823419,6:05 PM ET,Citizens Bank Park,1,1,0.24144144144144145,2026-09-05,823419,,0,103.7,104.6,118.0,R,5,5,3,1,0,0,0,0,0,0,4,5,0,3,0,2,2,0.36760000000000004,0.5322,1,1,1,1,0,0,0.23728813559322035,0.3181818181818182,0.6949152542372882,0.26865671641791045,0.325,0.06779661016949153,0.014925373134328358,0.014925373134328358,0.03389830508474576,1.2,1.2,0.43902439024390244,0.2682926829268293,0.5365853658536586,0.17073170731707318,0.0,0.3371222222222222,0.47944444444444445,0.3684210526315789,0.21739130434782608,0.26283333333333336,0.43678333333333325,0.1864406779661017,0.22033898305084745,0.34375,0.2727272727272727,0.4727272727272727,0.17647058823529413,0.5627906976744186,0.2185792349726776,0.4793814432989691,0.21649484536082475,0.4049586776859504,0.256198347107438,0.01652892561983471,6.064171122994653,1.299465240641711,10.973262032085561,0.31932773109243695,0.7292869058436072,0.3515997056087321,0.7292869058436072,1.2,,0.5,,,,,False,,1.5,,,,,False,
694197,Angel Genao,CLE,DET,1,6.0,1.0,664285,Framber Valdez,L,824389,6:10 PM ET,Progressive Field,1,0,0.18072289156626506,2026-09-05,824389,0.0,0,96.8,95.8,102.3,R,2,2,0,0,0,0,0,0,0,0,0,2,0,1,0,1,1,0.46699999999999997,0.6305000000000001,0,0,0,0,0,0,0.15384615384615385,0.21428571428571427,0.8076923076923077,0.17857142857142858,0.15,0.15384615384615385,0.03571428571428571,0.03571428571428571,0.07692307692307693,0.5333333333333333,0.3333333333333333,0.5238095238095238,0.09523809523809523,0.7142857142857143,0.19047619047619047,0.047619047619047616,0.3296071428571428,0.5599880952380952,0.18181818181818182,0.3333333333333333,0.4270416666666667,0.5027083333333333,0.20754716981132076,0.2830188679245283,0.17543859649122806,,,,0.7459677419354839,0.27102803738317754,0.410958904109589,0.1232876712328767,0.5945945945945946,0.11891891891891893,0.016216216216216217,8.947674418604652,0.9418604651162791,6.750000000000001,0.17338709677419356,0.3802076955529188,0.09179804735523016,0.3802076955529188,0.3333333333333333,,0.5,,,,,False,,1.5,,,,,False,
682657,Angel Martínez,CLE,DET,1,2.0,1.0,664285,Framber Valdez,L,824389,6:10 PM ET,Progressive Field,1,0,0.18072289156626506,2026-09-05,824389,0.0,0,96.8,95.8,102.3,R,2,2,0,0,0,0,0,0,0,2,0,0,0,0,0,0,0,0.003,0.003,0,0,0,0,1,1,0.3125,0.40540540540540543,0.84375,0.13513513513513514,0.32,0.21875,0.05405405405405406,0.02702702702702703,0.09375,1.1333333333333333,0.3333333333333333,0.37037037037037035,0.18518518518518517,0.4074074074074074,0.2962962962962963,0.037037037037037035,0.3838111111111111,0.5789500000000001,0.3333333333333333,0.2727272727272727,0.30329999999999996,0.7896000000000001,0.26785714285714285,0.44642857142857145,0.21311475409836064,0.25,0.46153846153846156,0.18518518518518517,0.7459677419354839,0.27102803738317754,0.410958904109589,0.1232876712328767,0.5945945945945946,0.11891891891891893,0.016216216216216217,8.947674418604652,0.9418604651162791,6.750000000000001,0.17338709677419356,0.3921871302431976,0.09246031956043126,0.3921871302431976,0.3333333333333333,,0.5,,,,,False,,1.5,,,,,False,
595978,Austin Hedges,CLE,DET,1,8.0,1.0,664285,Framber Valdez,L,824389,6:10 PM ET,Progressive Field,1,0,0.18072289156626506,2026-09-05,824389,0.0,0,96.8,95.8,102.3,R,3,3,0,0,0,0,0,0,0,2,0,1,0,0,1,0,0,0.149,0.288,0,0,0,0,1,1,0.18181818181818182,0.28,0.75,0.22,0.21875,0.06818181818181818,0.02,0.0,0.022727272727272728,0.7333333333333333,0.7333333333333333,0.3333333333333333,0.18181818181818182,0.5151515151515151,0.24242424242424243,0.030303030303030304,0.26555555555555554,0.3463333333333333,0.125,0.35294117647058826,0.21246666666666666,0.3535666666666666,0.24444444444444444,0.4444444444444444,0.18,0.20512820512820512,0.2564102564102564,0.13333333333333333,0.7459677419354839,0.27102803738317754,0.410958904109589,0.1232876712328767,0.5945945945945946,0.11891891891891893,0.016216216216216217,8.947674418604652,0.9418604651162791,6.750000000000001,0.17338709677419356,0.43543496704411844,0.08056512516892575,0.43543496704411844,0.7333333333333333,,0.5,,,,,False,,1.5,,,,,False,
677587,Brayan Rocchio,CLE,DET,1,9.0,1.0,664285,Framber Valdez,L,824389,6:10 PM ET,Progressive Field,1,0,0.18072289156626506,2026-09-05,824389,0.0,0,96.8,95.8,102.3,R,2,1,1,1,0,0,1,0,0,0,2,1,0,1,0,0,1,0.354,0.579,1,0,1,1,0,0,0.1724137931034483,0.2,0.8275862068965517,0.16666666666666666,0.20833333333333334,0.034482758620689655,0.0,0.03333333333333333,0.034482758620689655,0.4,0.3333333333333333,0.2916666666666667,0.3333333333333333,0.4166666666666667,0.25,0.0,0.24630555555555556,0.30365277777777777,0.0,0.125,0.11987500000000004,0.13212500000000002,0.18867924528301888,0.2830188679245283,0.14285714285714285,0.22807017543859648,0.3333333333333333,0.19672131147540983,0.7459677419354839,0.27102803738317754,0.410958904109589,0.1232876712328767,0.5945945945945946,0.11891891891891893,0.016216216216216217,8.947674418604652,0.9418604651162791,6.750000000000001,0.17338709677419356,0.35911248174639865,0.05706790569352845,0.35911248174639865,0.3333333333333333,,0.5,,,,,False,,1.5,,,,,False,
681807,David Fry,CLE,DET,1,5.0,1.0,664285,Framber Valdez,L,824389,6:10 PM ET,Progressive Field,1,0,0.18072289156626506,2026-09-05,824389,0.0,0,96.8,95.8,102.3,R,2,2,1,0,0,0,0,0,0,0,1,2,0,1,1,1,0,0.2485,0.28550000000000003,1,0,1,0,0,0,0.08695652173913043,0.27586206896551724,0.6086956521739131,0.3103448275862069,0.14285714285714285,0.043478260869565216,0.0,0.034482758620689655,0.043478260869565216,0.2,0.6,0.2857142857142857,0.07142857142857142,0.2857142857142857,0.35714285714285715,0.0,0.19672916666666665,0.24303124999999998,0.5,0.16666666666666666,0.36099999999999993,0.434333333333333,0.18181818181818182,0.24242424242424243,0.1388888888888889,0.15789473684210525,0.5263157894736842,0.36,0.7459677419354839,0.27102803738317754,0.410958904109589,0.1232876712328767,0.5945945945945946,0.11891891891891893,0.016216216216216217,8.947674418604652,0.9418604651162791,6.750000000000001,0.17338709677419356,0.6130995973354314,0.10429092015979152,0.6130995973354314,0.6,,0.5,,,,,False,,1.5,,,,,False,
666176,Jo Adell,CLE,DET,1,4.0,1.0,664285,Framber Valdez,L,824389,6:10 PM ET,Progressive Field,1,0,0.18072289156626506,2026-09-05,824389,0.0,0,96.8,95.8,102.3,R,4,4,0,0,0,0,0,0,0,0,0,4,0,0,1,1,0,0.0295,0.042499999999999996,0,0,0,0,0,0,0.29310344827586204,0.359375,0.7586206896551724,0.2153846153846154,0.35714285714285715,0.15517241379310345,0.03076923076923077,0.046153846153846156,0.08620689655172414,1.7333333333333334,0.9333333333333333,0.4318181818181818,0.25,0.4318181818181818,0.20454545454545456,0.045454545454545456,0.36971111111111116,0.6063333333333333,0.3333333333333333,0.047619047619047616,0.32623333333333343,0.4664833333333334,0.27586206896551724,0.41379310344827586,0.23076923076923078,0.2542372881355932,0.5423728813559322,0.23809523809523808,0.7459677419354839,0.27102803738317754,0.410958904109589,0.1232876712328767,0.5945945945945946,0.11891891891891893,0.016216216216216217,8.947674418604652,0.9418604651162791,6.750000000000001,0.17338709677419356,0.639383991558686,0.23562609987951214,0.639383991558686,0.9333333333333333,,0.5,,,,,False,,1.5,,,,,False,
608070,José Ramírez,CLE,DET,1,3.0,1.0,664285,Framber Valdez,L,824389,6:10 PM ET,Progressive Field,1,0,0.18072289156626506,2026-09-05,824389,0.0,0,96.8,95.8,102.3,R,3,2,0,0,0,0,0,1,0,0,0,2,0,0,2,0,0,0.004999999999999999,0.012,0,0,0,0,0,0,0.2857142857142857,0.3111111111111111,0.8095238095238095,0.17777777777777778,0.3235294117647059,0.16666666666666666,0.022222222222222223,0.08888888888888889,0.11904761904761904,1.2666666666666666,0.5333333333333333,0.37142857142857144,0.37142857142857144,0.34285714285714286,0.14285714285714285,0.0,0.3515833333333334,0.48055357142857147,0.26666666666666666,0.058823529411764705,0.39506666666666657,0.5282499999999998,0.26666666666666666,0.4,0.2,0.37254901960784315,0.5294117647058824,0.03225806451612903,0.7459677419354839,0.27102803738317754,0.410958904109589,0.1232876712328767,0.5945945945945946,0.11891891891891893,0.016216216216216217,8.947674418604652,0.9418604651162791,6.750000000000001,0.17338709677419356,0.3423941413245161,0.06935558294335488,0.3423941413245161,0.5333333333333333,,0.5,,,,,False,,1.5,,,,,False,
690984,Petey Halpin,CLE,DET,1,7.0,1.0,664285,Framber Valdez,L,824389,6:10 PM ET,Progressive Field,0,0,0.18072289156626506,2026-09-05,824389,0.0,0,96.8,95.8,102.3,L,1,1,0,0,0,0,0,0,0,0,0,1,0,0,0,0,0,0.011,0.021,0,0,0,0,0,0,0.2727272727272727,0.3191489361702128,0.7954545454545454,0.1875,0.3235294117647059,0.09090909090909091,0.020833333333333332,0.020833333333333332,0.045454545454545456,1.0666666666666667,0.6,0.2222222222222222,0.25,0.3611111111111111,0.2777777777777778,0.027777777777777776,0.37536309523809525,0.5048928571428571,0.25,0.13333333333333333,0.4384166666666667,0.5189166666666667,0.2653061224489796,0.3469387755102041,0.1509433962264151,0.10526315789473684,0.10526315789473684,0.23809523809523808,0.7459677419354839,0.27102803738317754,0.410958904109589,0.1232876712328767,0.5945945945945946,0.11891891891891893,0.016216216216216217,8.947674418604652,0.9418604651162791,6.750000000000001,0.17338709677419356,0.5059954195136841,0.10828583566932638,0.5059954195136841,0.6,,0.5,,,,,False,,1.5,,,,,False,
680757,Steven Kwan,CLE,DET,1,1.0,1.0,664285,Framber Valdez,L,824389,6:10 PM ET,Progressive Field,0,0,0.18072289156626506,2026-09-05,824389,0.0,0,96.8,95.8,102.3,L,4,4,0,0,0,0,0,0,0,2,0,2,0,0,0,2,0,0.276,0.315,0,0,0,0,1,1,0.3333333333333333,0.42857142857142855,0.9333333333333333,0.05714285714285714,0.35714285714285715,0.03333333333333333,0.0,0.02857142857142857,0.03333333333333333,1.4666666666666666,0.26666666666666666,0.125,0.32142857142857145,0.48214285714285715,0.17857142857142858,0.0,0.28818222222222223,0.36061777777777776,0.3333333333333333,0.0,0.31288333333333324,0.3923533333333332,0.32786885245901637,0.3770491803278688,0.043478260869565216,0.25,0.28846153846153844,0.15625,0.7459677419354839,0.27102803738317754,0.410958904109589,0.1232876712328767,0.5945945945945946,0.11891891891891893,0.016216216216216217,8.947674418604652,0.9418604651162791,6.750000000000001,0.17338709677419356,0.35405950752393983,0.05384066581716013,0.35405950752393983,0.26666666666666666,,0.5,,,,,False,,1.5,,,,,False,
701162,Ben Malgeri,DET,CLE,0,5.0,1.0,800048,Parker Messick,L,824389,6:10 PM ET,Progressive Field,1,0,0.24181818181818182,2026-09-05,824389,0.0,0,96.8,95.8,102.3,R,3,2,0,0,0,0,1,0,0,0,0,2,0,1,0,2,0,0.45199999999999996,0.511,0,0,0,0,0,0,0.19444444444444445,0.275,0.6111111111111112,0.35,0.25,0.16666666666666666,0.05,0.0,0.05555555555555555,0.8666666666666667,0.9333333333333333,0.5,0.45454545454545453,0.2727272727272727,0.22727272727272727,0.0,0.40252564102564103,0.5786923076923076,0.2857142857142857,0.5,0.557875,0.71025,0.375,0.6666666666666666,0.25,0.10344827586206896,0.20689655172413793,0.2631578947368421,0.7166666666666667,0.18636363636363637,0.3288888888888889,0.12444444444444444,0.47674418604651164,0.18023255813953487,0.011627906976744186,7.322033898305085,0.7627118644067796,8.847457627118644,0.23868312757201646,0.5670593850598727,0.22409316444768324,0.5670593850598727,0.9333333333333333,,0.5,,,,,False,,1.5,,,,,False,
693307,Dillon Dingler,DET,CLE,0,4.0,1.0,800048,Parker Messick,L,824389,6:10 PM ET,Progressive Field,1,0,0.24181818181818182,2026-09-05,824389,0.0,0,96.8,95.8,102.3,R,3,3,1,1,0,0,0,0,0,1,2,2,0,1,0,1,1,0.40199999999999997,0.5545,1,0,1,1,1,0,0.14814814814814814,0.22033898305084745,0.6851851851851852,0.288135593220339,0.21621621621621623,0.018518518518518517,0.0,0.01694915254237288,0.018518518518518517,0.6,1.1333333333333333,0.3783783783783784,0.2702702702702703,0.2972972972972973,0.32432432432432434,0.02702702702702703,0.32298214285714283,0.46485714285714286,0.1111111111111111,0.3157894736842105,0.2889,0.50885,0.15,0.23333333333333334,0.1791044776119403,0.18518518518518517,0.25925925925925924,0.3728813559322034,0.7166666666666667,0.18636363636363637,0.3288888888888889,0.12444444444444444,0.47674418604651164,0.18023255813953487,0.011627906976744186,7.322033898305085,0.7627118644067796,8.847457627118644,0.23868312757201646,0.7071242822812254,0.3432899503171398,0.7071242822812254,1.1333333333333333,,0.5,,,,,False,,1.5,,,,,False,
650402,Gleyber Torres,DET,CLE,0,1.0,1.0,800048,Parker Messick,L,824389,6:10 PM ET,Progressive Field,1,0,0.24181818181818182,2026-09-05,824389,0.0,0,96.8,95.8,102.3,R,5,5,2,0,0,0,0,0,0,2,2,3,0,3,0,2,1,0.6333333333333333,0.745,1,1,1,1,1,1,0.24074074074074073,0.32786885245901637,0.8148148148148148,0.16393442622950818,0.29545454545454547,0.037037037037037035,0.0,0.03278688524590164,0.037037037037037035,1.0,0.6666666666666666,0.3409090909090909,0.22727272727272727,0.4772727272727273,0.22727272727272727,0.022727272727272728,0.33696190476190474,0.4414654761904762,0.35714285714285715,0.11764705882352941,0.4471249999999998,0.5147916666666665,0.21311475409836064,0.22950819672131148,0.10606060606060606,0.26,0.4,0.2459016393442623,0.7166666666666667,0.18636363636363637,0.3288888888888889,0.12444444444444444,0.47674418604651164,0.18023255813953487,0.011627906976744186,7.322033898305085,0.7627118644067796,8.847457627118644,0.23868312757201646,0.5905960845817518,0.20978297569860946,0.5905960845817518,0.6666666666666666,,0.5,,,,,False,,1.5,,,,,False,
701678,Hao-Yu Lee,DET,CLE,0,2.0,1.0,800048,Parker Messick,L,824389,6:10 PM ET,Progressive Field,1,0,0.24181818181818182,2026-09-05,824389,0.0,0,96.8,95.8,102.3,R,4,4,0,0,0,0,0,0,0,1,0,3,0,2,1,2,0,0.18366666666666667,0.40599999999999997,0,0,0,0,1,0,0.25,0.3333333333333333,0.75,0.2222222222222222,0.29411764705882354,0.16666666666666666,0.037037037037037035,0.037037037037037035,0.08333333333333333,1.3333333333333333,0.8,0.5,0.2222222222222222,0.4166666666666667,0.25,0.1111111111111111,0.3297178571428572,0.6206011904761904,0.3125,0.3888888888888889,0.3732916666666667,0.8079583333333333,0.3333333333333333,0.6666666666666666,0.21818181818181817,0.2,0.22857142857142856,0.1794871794871795,0.7166666666666667,0.18636363636363637,0.3288888888888889,0.12444444444444444,0.47674418604651164,0.18023255813953487,0.011627906976744186,7.322033898305085,0.7627118644067796,8.847457627118644,0.23868312757201646,0.6034401244120124,0.23838182424647028,0.6034401244120124,0.8,,0.5,,,,,False,,1.5,,,,,False,
595879,Javier Báez,DET,CLE,0,9.0,1.0,800048,Parker Messick,L,824389,6:10 PM ET,Progressive Field,1,0,0.24181818181818182,2026-09-05,824389,0.0,0,96.8,95.8,102.3,R,3,3,0,0,0,0,0,0,0,0,0,3,0,1,1,2,0,0.15766666666666668,0.2293333333333333,0,0,0,0,0,0,0.17391304347826086,0.20833333333333334,0.7608695652173914,0.22916666666666666,0.22857142857142856,0.15217391304347827,0.0,0.10416666666666667,0.13043478260869565,1.0,0.7333333333333333,0.45714285714285713,0.17142857142857143,0.6571428571428571,0.11428571428571428,0.0,0.3023277777777778,0.41191666666666665,0.15384615384615385,0.21428571428571427,0.28230000000000005,0.4982666666666665,0.19607843137254902,0.2549019607843137,0.16666666666666666,0.2653061224489796,0.3469387755102041,0.18,0.7166666666666667,0.18636363636363637,0.3288888888888889,0.12444444444444444,0.47674418604651164,0.18023255813953487,0.011627906976744186,7.322033898305085,0.7627118644067796,8.847457627118644,0.23868312757201646,0.44173959023660386,0.08647106272244724,0.44173959023660386,0.7333333333333333,,0.5,,,,,False,,1.5,,,,,False,
807726,John Peck,DET,CLE,0,7.0,1.0,800048,Parker Messick,L,824389,6:10 PM ET,Progressive Field,1,0,0.24181818181818182,2026-09-05,824389,0.0,0,96.8,95.8,102.3,R,3,3,0,0,0,0,0,0,0,2,0,1,0,0,0,1,0,0.28,0.28,0,0,0,0,1,1,0.21428571428571427,0.26666666666666666,0.8571428571428571,0.13333333333333333,0.25,0.07142857142857142,0.0,0.06666666666666667,0.07142857142857142,0.6666666666666666,0.3333333333333333,0.5,0.25,0.5,0.25,0.0,,,0.23076923076923078,0.14285714285714285,0.35225,0.70275,0.1111111111111111,0.1111111111111111,0.1111111111111111,,,,0.7166666666666667,0.18636363636363637,0.3288888888888889,0.12444444444444444,0.47674418604651164,0.18023255813953487,0.011627906976744186,7.322033898305085,0.7627118644067796,8.847457627118644,0.23868312757201646,0.45259088824100596,0.1145003365513717,0.45259088824100596,0.3333333333333333,,0.5,,,,,False,,1.5,,,,,False,
682985,Riley Greene,DET,CLE,0,3.0,1.0,800048,Parker Messick,L,824389,6:10 PM ET,Progressive Field,0,0,0.24181818181818182,2026-09-05,824389,0.0,0,96.8,95.8,102.3,L,4,3,0,0,0,0,1,0,0,0,0,3,0,1,1,1,1,0.2973333333333333,0.535,0,0,0,0,0,0,0.14035087719298245,0.25757575757575757,0.631578947368421,0.3181818181818182,0.2,0.10526315789473684,0.015151515151515152,0.045454545454545456,0.07017543859649122,0.9333333333333333,1.4,0.19444444444444445,0.2222222222222222,0.4166666666666667,0.3333333333333333,0.0,0.295797619047619,0.4630059523809524,0.1111111111111111,0.55,0.30979166666666663,0.38183333333333347,0.2037037037037037,0.3333333333333333,0.29508196721311475,0.19607843137254902,0.27450980392156865,0.265625,0.7166666666666667,0.18636363636363637,0.3288888888888889,0.12444444444444444,0.47674418604651164,0.18023255813953487,0.011627906976744186,7.322033898305085,0.7627118644067796,8.847457627118644,0.23868312757201646,0.7215009140387639,0.34023050093626184,0.7215009140387639,1.4,,0.5,,,,,False,,1.5,,,,,False,
679529,Spencer Torkelson,DET,CLE,0,6.0,1.0,800048,Parker Messick,L,824389,6:10 PM ET,Progressive Field,1,0,0.24181818181818182,2026-09-05,824389,0.0,0,96.8,95.8,102.3,R,4,4,2,0,0,1,0,0,0,2,5,2,0,2,1,1,0,0.586,1.29,1,1,1,1,1,1,0.14634146341463414,0.2708333333333333,0.5365853658536586,0.3958333333333333,0.23809523809523808,0.14634146341463414,0.020833333333333332,0.0625,0.0975609756097561,0.8,1.2666666666666666,0.4090909090909091,0.36363636363636365,0.22727272727272727,0.2727272727272727,0.045454545454545456,0.20942307692307693,0.333974358974359,0.21428571428571427,0.17647058823529413,0.2504666666666665,0.48246666666666693,0.23404255319148937,0.3617021276595745,0.2982456140350877,0.24489795918367346,0.3673469387755102,0.24074074074074073,0.7166666666666667,0.18636363636363637,0.3288888888888889,0.12444444444444444,0.47674418604651164,0.18023255813953487,0.011627906976744186,7.322033898305085,0.7627118644067796,8.847457627118644,0.23868312757201646,0.7081513487100874,0.2842596116695608,0.7081513487100874,1.2666666666666666,,0.5,,,,,False,,1.5,,,,,False,
656716,Zach McKinstry,DET,CLE,0,8.0,1.0,800048,Parker Messick,L,824389,6:10 PM ET,Progressive Field,0,0,0.24181818181818182,2026-09-05,824389,0.0,0,96.8,95.8,102.3,L,4,4,1,0,0,0,0,0,0,1,1,3,0,0,0,1,1,0.38999999999999996,0.4506666666666666,1,0,1,0,1,0,0.16279069767441862,0.25,0.7441860465116279,0.22916666666666666,0.21875,0.046511627906976744,0.0,0.041666666666666664,0.046511627906976744,0.6,0.7333333333333333,0.125,0.28125,0.4375,0.28125,0.0,0.2024404761904762,0.26176190476190475,0.06666666666666667,0.1875,0.15619999999999995,0.18348333333333333,0.17073170731707318,0.21951219512195122,0.2391304347826087,0.19148936170212766,0.23404255319148937,0.15384615384615385,0.7166666666666667,0.18636363636363637,0.3288888888888889,0.12444444444444444,0.47674418604651164,0.18023255813953487,0.011627906976744186,7.322033898305085,0.7627118644067796,8.847457627118644,0.23868312757201646,0.5834949712091583,0.1694262461925772,0.5834949712091583,0.7333333333333333,,0.5,,,,,False,,1.5,,,,,False,
668804,Bryan Reynolds,PIT,LAA,1,3.0,1.0,579328,Yusei Kikuchi,L,823335,6:40 PM ET,PNC Park,0,0,0.2658662092624357,2026-09-05,823335,0.0,0,100.5,96.8,86.2,L,3,3,1,1,0,0,0,0,0,1,2,2,0,1,1,0,1,0.42,0.5834999999999999,1,0,1,1,1,0,0.2702702702702703,0.35714285714285715,0.8378378378378378,0.14285714285714285,0.3225806451612903,0.05405405405405406,0.0,0.047619047619047616,0.05405405405405406,0.8,0.4,0.6129032258064516,0.3225806451612903,0.25806451612903225,0.3548387096774194,0.0,0.4075576923076923,0.7239294871794872,0.23076923076923078,0.0,0.4409333333333336,0.8653833333333332,0.23333333333333334,0.3,0.13043478260869565,0.19642857142857142,0.25,0.2698412698412698,0.6732673267326733,0.22485207100591717,0.45454545454545453,0.19886363636363635,0.4338235294117647,0.25735294117647056,0.03676470588235294,9.251748251748252,0.944055944055944,8.307692307692307,0.20657276995305165,0.4472956153574043,0.10422949143947496,0.4472956153574043,0.4,,0.5,,,,,False,,1.5,,,,,False,
699013,Esmerlyn Valdez,PIT,LAA,1,2.0,1.0,579328,Yusei Kikuchi,L,823335,6:40 PM ET,PNC Park,1,0,0.2658662092624357,2026-09-05,823335,0.0,0,100.5,96.8,86.2,R,5,4,0,0,0,0,1,0,0,3,0,1,0,0,0,1,0,0.057,0.058,0,0,0,0,1,1,0.2413793103448276,0.296875,0.5344827586206896,0.421875,0.4,0.1724137931034483,0.03125,0.0625,0.10344827586206896,1.6,1.8,0.46875,0.25,0.4375,0.28125,0.0,0.3917371794871795,0.8288205128205128,0.2,0.42857142857142855,0.4339333333333334,1.1390333333333333,0.2,0.22,0.3492063492063492,0.17647058823529413,0.43137254901960786,0.4444444444444444,0.6732673267326733,0.22485207100591717,0.45454545454545453,0.19886363636363635,0.4338235294117647,0.25735294117647056,0.03676470588235294,9.251748251748252,0.944055944055944,8.307692307692307,0.20657276995305165,0.7350007778133433,0.36893020553982625,0.7350007778133433,1.8,,0.5,,,,,False,,1.5,,,,,False,
663968,Jake Mangum,PIT,LAA,1,8.0,1.0,579328,Yusei Kikuchi,L,823335,6:40 PM ET,PNC Park,0,0,0.2658662092624357,2026-09-05,823335,0.0,0,100.5,96.8,86.2,L,3,3,1,1,0,0,0,0,0,0,2,3,0,0,0,3,0,0.40700000000000003,0.4503333333333333,1,0,1,1,0,0,0.18181818181818182,0.2894736842105263,0.6060606060606061,0.3333333333333333,0.3,0.030303030303030304,0.0,0.02564102564102564,0.030303030303030304,0.4666666666666667,0.8666666666666667,0.23809523809523808,0.19047619047619047,0.7142857142857143,0.09523809523809523,0.0,0.23628571428571427,0.3057142857142857,0.3333333333333333,0.25,0.17375000000000002,0.22787500000000016,0.26666666666666666,0.4,0.25,0.2631578947368421,0.3508771929824561,0.20967741935483872,0.6732673267326733,0.22485207100591717,0.45454545454545453,0.19886363636363635,0.4338235294117647,0.25735294117647056,0.03676470588235294,9.251748251748252,0.944055944055944,8.307692307692307,0.20657276995305165,0.508291972447411,0.13232482109137486,0.508291972447411,0.8666666666666667,,0.5,,,,,False,,1.5,,,,,False,
669707,Jared Triolo,PIT,LAA,1,7.0,1.0,579328,Yusei Kikuchi,L,823335,6:40 PM ET,PNC Park,1,0,0.2658662092624357,2026-09-05,823335,0.0,0,100.5,96.8,86.2,R,4,3,0,0,0,0,0,0,1,2,0,2,0,0,0,1,1,0.051,0.054,0,0,0,0,1,1,0.25,0.3076923076923077,0.8958333333333334,0.09433962264150944,0.2619047619047619,0.0625,0.018867924528301886,0.0,0.020833333333333332,1.0,0.3333333333333333,0.22727272727272727,0.22727272727272727,0.5,0.18181818181818182,0.0,0.2889244444444445,0.3909544444444445,0.29411764705882354,0.2,0.30400000000000005,0.5485333333333333,0.21052631578947367,0.2894736842105263,0.15217391304347827,0.26666666666666666,0.26666666666666666,0.0851063829787234,0.6732673267326733,0.22485207100591717,0.45454545454545453,0.19886363636363635,0.4338235294117647,0.25735294117647056,0.03676470588235294,9.251748251748252,0.944055944055944,8.307692307692307,0.20657276995305165,0.3541970895667732,0.09171779994603181,0.3541970895667732,0.3333333333333333,,0.5,,,,,False,,1.5,,,,,False,
804606,Konnor Griffin,PIT,LAA,1,1.0,1.0,579328,Yusei Kikuchi,L,823335,6:40 PM ET,PNC Park,1,0,0.2658662092624357,2026-09-05,823335,0.0,0,100.5,96.8,86.2,R,3,3,0,0,0,0,0,0,0,1,0,2,0,0,0,1,1,0.1995,0.227,0,0,0,0,1,0,0.2698412698412698,0.3333333333333333,0.7142857142857143,0.2608695652173913,0.3488372093023256,0.12698412698412698,0.028985507246376812,0.028985507246376812,0.06349206349206349,1.6666666666666667,1.2,0.4444444444444444,0.26666666666666666,0.4888888888888889,0.2,0.044444444444444446,0.28902222222222224,0.46443888888888885,0.2727272727272727,0.2916666666666667,0.3626333333333333,0.45856666666666684,0.3230769230769231,0.4153846153846154,0.2537313432835821,0.25,0.425,0.3404255319148936,0.6732673267326733,0.22485207100591717,0.45454545454545453,0.19886363636363635,0.4338235294117647,0.25735294117647056,0.03676470588235294,9.251748251748252,0.944055944055944,8.307692307692307,0.20657276995305165,0.737455610888336,0.27806879551963254,0.737455610888336,1.2,,0.5,,,,,False,,1.5,,,,,False,
693304,Nick Gonzales,PIT,LAA,1,5.0,1.0,579328,Yusei Kikuchi,L,823335,6:40 PM ET,PNC Park,1,0,0.2658662092624357,2026-09-05,823335,0.0,0,100.5,96.8,86.2,R,4,3,0,0,0,0,0,1,0,1,0,2,0,0,1,0,1,0.267,0.3035,0,0,0,0,1,0,0.3333333333333333,0.4626865671641791,0.8703703703703703,0.1044776119402985,0.3829787234042553,0.037037037037037035,0.0,0.029850746268656716,0.037037037037037035,1.3333333333333333,0.4666666666666667,0.2765957446808511,0.2765957446808511,0.46808510638297873,0.2127659574468085,0.02127659574468085,0.3543455555555556,0.4806766666666667,0.42105263157894735,0.041666666666666664,0.44443,0.6637466666666667,0.3684210526315789,0.43859649122807015,0.10606060606060606,0.1896551724137931,0.2413793103448276,0.14285714285714285,0.6732673267326733,0.22485207100591717,0.45454545454545453,0.19886363636363635,0.4338235294117647,0.25735294117647056,0.03676470588235294,9.251748251748252,0.944055944055944,8.307692307692307,0.20657276995305165,0.4579504889325888,0.1049659218634054,0.4579504889325888,0.4666666666666667,,0.5,,,,,False,,1.5,,,,,False,
694377,Nick Yorke,PIT,LAA,1,9.0,1.0,579328,Yusei Kikuchi,L,823335,6:40 PM ET,PNC Park,1,0,0.2658662092624357,2026-09-05,823335,0.0,0,100.5,96.8,86.2,R,2,1,1,0,0,0,0,0,0,0,1,2,0,0,0,2,0,0.055,0.062,1,0,1,0,0,0,0.18421052631578946,0.20512820512820512,0.6842105263157895,0.3076923076923077,0.2692307692307692,0.02631578947368421,0.0,0.02564102564102564,0.02631578947368421,0.5333333333333333,0.8,0.2692307692307692,0.23076923076923078,0.5384615384615384,0.15384615384615385,0.0,0.2516025641025641,0.3118461538461538,0.08333333333333333,0.38461538461538464,0.2855,0.369625,0.19148936170212766,0.23404255319148937,0.21568627450980393,0.18181818181818182,0.2727272727272727,0.24,0.6732673267326733,0.22485207100591717,0.45454545454545453,0.19886363636363635,0.4338235294117647,0.25735294117647056,0.03676470588235294,9.251748251748252,0.944055944055944,8.307692307692307,0.20657276995305165,0.3895864062451769,0.08232769182114293,0.3895864062451769,0.8,,0.5,,,,,False,,1.5,,,,,False,
665833,Oneil Cruz,PIT,LAA,1,4.0,1.0,579328,Yusei Kikuchi,L,823335,6:40 PM ET,PNC Park,0,0,0.2658662092624357,2026-09-05,823335,0.0,0,100.5,96.8,86.2,L,4,3,0,0,0,0,1,0,0,2,0,1,0,0,0,1,0,0.066,0.081,0,0,0,0,1,1,0.29411764705882354,0.4375,0.5882352941176471,0.328125,0.4444444444444444,0.23529411764705882,0.046875,0.015625,0.09803921568627451,1.8,1.4,0.4,0.2,0.5333333333333333,0.23333333333333334,0.03333333333333333,0.42123055555555555,0.9678208333333332,0.4,0.24,0.29052500000000003,0.44746249999999993,0.3617021276595745,0.6170212765957447,0.2857142857142857,0.2711864406779661,0.423728813559322,0.3939393939393939,0.6732673267326733,0.22485207100591717,0.45454545454545453,0.19886363636363635,0.4338235294117647,0.25735294117647056,0.03676470588235294,9.251748251748252,0.944055944055944,8.307692307692307,0.20657276995305165,0.7317712361695551,0.32410734645061107,0.7317712361695551,1.4,,0.5,,,,,False,,1.5,,,,,False,
804668,Rafael Flores Jr.,PIT,LAA,1,6.0,1.0,579328,Yusei Kikuchi,L,823335,6:40 PM ET,PNC Park,1,0,0.2658662092624357,2026-09-05,823335,0.0,0,100.5,96.8,86.2,R,4,4,1,0,0,0,0,0,0,1,1,3,0,1,1,2,0,0.20933333333333334,0.25733333333333336,1,0,1,0,1,0,0.14285714285714285,0.2222222222222222,0.5918367346938775,0.37037037037037035,0.15384615384615385,0.22448979591836735,0.05555555555555555,0.037037037037037035,0.10204081632653061,1.2,1.3333333333333333,0.41379310344827586,0.13793103448275862,0.5862068965517241,0.27586206896551724,0.034482758620689655,0.3511111111111111,0.7085611111111112,0.058823529411764705,0.3684210526315789,0.4111999999999999,0.8028000000000002,0.16666666666666666,0.5,0.3076923076923077,0.23809523809523808,0.38095238095238093,0.375,0.6732673267326733,0.22485207100591717,0.45454545454545453,0.19886363636363635,0.4338235294117647,0.25735294117647056,0.03676470588235294,9.251748251748252,0.944055944055944,8.307692307692307,0.20657276995305165,0.7369243635102777,0.3501988527641575,0.7369243635102777,1.3333333333333333,,0.5,,,,,False,,1.5,,,,,False,
699115,Carlos Jorge,CIN,MIL,1,8.0,1.0,669160,Dustin May,R,824468,6:40 PM ET,Great American Ball Park,0,1,0.2421602787456446,2026-09-05,824468,0.0,0,97.3,101.4,113.2,L,1,1,0,0,0,0,0,0,0,0,0,1,0,0,1,0,0,0.009,0.009,0,0,0,0,0,0,,,,,,,,,,,,,,,,,,,0.3333333333333333,0.0,,,,,,,,,0.6428571428571429,0.2549019607843137,0.3419354838709677,0.07741935483870968,0.4017094017094017,0.24786324786324787,0.02564102564102564,6.878980891719745,0.6878980891719745,10.318471337579618,0.2803738317757009,0.49334640183204614,0.08217690436842905,0.49334640183204614,,,0.5,,,,,False,,1.5,,,,,False,
682829,Elly De La Cruz,CIN,MIL,1,2.0,1.0,669160,Dustin May,R,824468,6:40 PM ET,Great American Ball Park,1,1,0.2421602787456446,2026-09-05,824468,0.0,0,97.3,101.4,113.2,R,2,2,2,0,0,0,0,0,0,0,2,2,0,2,0,1,1,0.5215000000000001,0.8005,1,1,1,1,0,0,0.4482758620689655,0.5294117647058824,0.7241379310344828,0.23529411764705882,0.6190476190476191,0.06896551724137931,0.0,0.058823529411764705,0.06896551724137931,1.0,0.5333333333333333,0.5238095238095238,0.23809523809523808,0.5714285714285714,0.19047619047619047,0.047619047619047616,0.4590181818181818,0.7177181818181818,0.4,0.2727272727272727,0.50525,0.6293750000000002,0.2857142857142857,0.4107142857142857,0.2878787878787879,0.296875,0.53125,0.27941176470588236,0.6428571428571429,0.2549019607843137,0.3419354838709677,0.07741935483870968,0.4017094017094017,0.24786324786324787,0.02564102564102564,6.878980891719745,0.6878980891719745,10.318471337579618,0.2803738317757009,0.5377394602207272,0.2168837205709722,0.5377394602207272,0.5333333333333333,,0.5,,,,,False,,1.5,,,,,False,
553993,Eugenio Suárez,CIN,MIL,1,6.0,1.0,669160,Dustin May,R,824468,6:40 PM ET,Great American Ball Park,1,1,0.2421602787456446,2026-09-05,824468,0.0,0,97.3,101.4,113.2,R,4,3,1,0,0,1,1,0,0,0,4,3,1,2,2,0,0,0.3293333333333333,1.235,1,0,1,1,0,0,0.21739130434782608,0.3728813559322034,0.6086956521739131,0.3050847457627119,0.2962962962962963,0.15217391304347827,0.03389830508474576,0.01694915254237288,0.06521739130434782,1.1333333333333333,1.2,0.27586206896551724,0.27586206896551724,0.41379310344827586,0.27586206896551724,0.0,0.35140476190476194,0.5172142857142856,0.23529411764705882,0.38095238095238093,0.3013333333333332,0.6169333333333337,0.2916666666666667,0.6041666666666666,0.23728813559322035,0.1568627450980392,0.2549019607843137,0.45,0.6428571428571429,0.2549019607843137,0.3419354838709677,0.07741935483870968,0.4017094017094017,0.24786324786324787,0.02564102564102564,6.878980891719745,0.6878980891719745,10.318471337579618,0.2803738317757009,0.7496378422714552,0.3787768064008831,0.7496378422714552,1.2,,0.5,,,,,False,,1.5,,,,,False,
699302,Héctor Rodríguez,CIN,MIL,1,1.0,1.0,669160,Dustin May,R,824468,6:40 PM ET,Great American Ball Park,0,1,0.2421602787456446,2026-09-05,824468,0.0,0,97.3,101.4,113.2,L,4,3,0,0,0,0,1,0,0,3,0,0,0,0,0,0,0,0.10325000000000001,0.187,0,0,0,0,1,1,0.2807017543859649,0.32786885245901637,0.7543859649122807,0.22950819672131148,0.2894736842105263,0.2982456140350877,0.08196721311475409,0.03278688524590164,0.12280701754385964,2.2,0.9333333333333333,0.3488372093023256,0.11627906976744186,0.5348837209302325,0.32558139534883723,0.023255813953488372,0.28030357142857143,0.5067380952380952,0.22727272727272727,0.34782608695652173,0.28981666666666667,0.47623333333333334,0.2641509433962264,0.4716981132075472,0.25862068965517243,0.42857142857142855,1.0,0.42857142857142855,0.6428571428571429,0.2549019607843137,0.3419354838709677,0.07741935483870968,0.4017094017094017,0.24786324786324787,0.02564102564102564,6.878980891719745,0.6878980891719745,10.318471337579618,0.2803738317757009,0.7486698181232251,0.30539894328458034,0.7486698181232251,0.9333333333333333,,0.5,,,,,False,,1.5,,,,,False,
668709,JJ Bleday,CIN,MIL,1,4.0,1.0,669160,Dustin May,R,824468,6:40 PM ET,Great American Ball Park,0,1,0.2421602787456446,2026-09-05,824468,0.0,0,97.3,101.4,113.2,L,4,2,0,0,0,0,2,0,0,1,0,1,0,0,1,0,0,0.006,0.013,0,0,0,0,1,0,0.21818181818181817,0.3125,0.7454545454545455,0.21875,0.25,0.18181818181818182,0.03125,0.03125,0.09090909090909091,1.4666666666666666,0.9333333333333333,0.3333333333333333,0.3333333333333333,0.2857142857142857,0.2619047619047619,0.023809523809523808,0.3048455555555556,0.4856811111111111,0.29411764705882354,0.1,0.21059999999999998,0.48193333333333327,0.23529411764705882,0.37254901960784315,0.16393442622950818,0.24561403508771928,0.40350877192982454,0.2698412698412698,0.6428571428571429,0.2549019607843137,0.3419354838709677,0.07741935483870968,0.4017094017094017,0.24786324786324787,0.02564102564102564,6.878980891719745,0.6878980891719745,10.318471337579618,0.2803738317757009,0.6356856437816005,0.248384252580276,0.6356856437816005,0.9333333333333333,,0.5,,,,,False,,1.5,,,,,False,
624431,Jose Trevino,CIN,MIL,1,7.0,1.0,669160,Dustin May,R,824468,6:40 PM ET,Great American Ball Park,1,1,0.2421602787456446,2026-09-05,824468,0.0,0,97.3,101.4,113.2,R,4,4,1,0,0,0,0,0,0,1,1,3,0,2,0,1,2,0.43133333333333335,0.632,1,0,1,0,1,0,0.1702127659574468,0.16666666666666666,0.7659574468085106,0.22916666666666666,0.17142857142857143,0.1276595744680851,0.041666666666666664,0.0,0.0425531914893617,0.9333333333333333,0.7333333333333333,0.2972972972972973,0.13513513513513514,0.4864864864864865,0.2702702702702703,0.02702702702702703,0.22579444444444444,0.3254722222222222,0.17647058823529413,0.16666666666666666,0.2816166666666666,0.43115000000000003,0.26,0.52,0.23529411764705882,0.13333333333333333,0.13333333333333333,0.12244897959183673,0.6428571428571429,0.2549019607843137,0.3419354838709677,0.07741935483870968,0.4017094017094017,0.24786324786324787,0.02564102564102564,6.878980891719745,0.6878980891719745,10.318471337579618,0.2803738317757009,0.5962067173534822,0.22218005285868517,0.5962067173534822,0.7333333333333333,,0.5,,,,,False,,1.5,,,,,False,
680574,Matt McLain,CIN,MIL,1,9.0,1.0,669160,Dustin May,R,824468,6:40 PM ET,Great American Ball Park,1,1,0.2421602787456446,2026-09-05,824468,0.0,0,97.3,101.4,113.2,R,4,4,1,0,0,1,0,0,0,1,4,3,0,2,2,1,0,0.3193333333333333,1.007,1,0,1,1,1,0,0.1509433962264151,0.23333333333333334,0.7169811320754716,0.2459016393442623,0.16216216216216217,0.1320754716981132,0.03278688524590164,0.01639344262295082,0.05660377358490566,1.0,1.0,0.425,0.175,0.375,0.35,0.0,0.22285555555555556,0.39799444444444443,0.11764705882352941,0.3,0.1976,0.24090000000000006,0.1509433962264151,0.33962264150943394,0.2786885245901639,0.16279069767441862,0.2558139534883721,0.2765957446808511,0.6428571428571429,0.2549019607843137,0.3419354838709677,0.07741935483870968,0.4017094017094017,0.24786324786324787,0.02564102564102564,6.878980891719745,0.6878980891719745,10.318471337579618,0.2803738317757009,0.5233406529387081,0.15455133376575503,0.5233406529387081,1.0,,0.5,,,,,False,,1.5,,,,,False,
701398,Sal Stewart,CIN,MIL,1,3.0,1.0,669160,Dustin May,R,824468,6:40 PM ET,Great American Ball Park,1,1,0.2421602787456446,2026-09-05,824468,0.0,0,97.3,101.4,113.2,R,4,4,1,0,0,0,0,0,0,0,1,4,0,1,2,1,1,0.243,0.401,1,0,1,0,0,0,0.3225806451612903,0.3582089552238806,0.8225806451612904,0.16417910447761194,0.3191489361702128,0.25806451612903225,0.07462686567164178,0.014925373134328358,0.0967741935483871,2.4,0.7333333333333333,0.40384615384615385,0.23076923076923078,0.4230769230769231,0.3269230769230769,0.057692307692307696,0.3573822222222222,0.7302933333333333,0.3333333333333333,0.09523809523809523,0.3402,0.7731166666666669,0.3,0.48333333333333334,0.13846153846153847,0.24561403508771928,0.3684210526315789,0.234375,0.6428571428571429,0.2549019607843137,0.3419354838709677,0.07741935483870968,0.4017094017094017,0.24786324786324787,0.02564102564102564,6.878980891719745,0.6878980891719745,10.318471337579618,0.2803738317757009,0.6217993879705952,0.23338284716633853,0.6217993879705952,0.7333333333333333,,0.5,,,,,False,,1.5,,,,,False,
663886,Tyler Stephenson,CIN,MIL,1,5.0,1.0,669160,Dustin May,R,824468,6:40 PM ET,Great American Ball Park,1,1,0.2421602787456446,2026-09-05,824468,0.0,0,97.3,101.4,113.2,R,4,3,0,0,0,0,1,0,0,1,0,2,0,0,0,2,0,0.10500000000000001,0.11699999999999999,0,0,0,0,1,0,0.23529411764705882,0.3050847457627119,0.5490196078431373,0.3898305084745763,0.35714285714285715,0.17647058823529413,0.03389830508474576,0.05084745762711865,0.09803921568627451,1.4,1.5333333333333334,0.36666666666666664,0.4,0.23333333333333334,0.3333333333333333,0.03333333333333333,0.35313333333333335,0.542345238095238,0.3,0.3181818181818182,0.5042733333333334,0.7985666666666665,0.21739130434782608,0.32608695652173914,0.3888888888888889,0.24444444444444444,0.37777777777777777,0.2545454545454545,0.6428571428571429,0.2549019607843137,0.3419354838709677,0.07741935483870968,0.4017094017094017,0.24786324786324787,0.02564102564102564,6.878980891719745,0.6878980891719745,10.318471337579618,0.2803738317757009,0.7503892620097705,0.38748185675427976,0.7503892620097705,1.5333333333333334,,0.5,,,,,False,,1.5,,,,,False,
683734,Andrew Vaughn,MIL,CIN,0,4.0,1.0,671096,Andrew Abbott,L,824468,6:40 PM ET,Great American Ball Park,1,0,0.20477815699658702,2026-09-05,824468,0.0,0,97.3,101.4,113.2,R,4,4,1,0,0,1,0,0,0,0,4,4,0,3,1,3,0,0.27775000000000005,0.7822499999999999,1,0,1,1,0,0,0.40476190476190477,0.45652173913043476,0.8095238095238095,0.17391304347826086,0.5,0.023809523809523808,0.0,0.021739130434782608,0.023809523809523808,1.2,0.5333333333333333,0.5,0.17647058823529413,0.5,0.2647058823529412,0.0,0.34349444444444444,0.41503888888888885,0.4,0.2,0.24133333333333334,0.2740999999999999,0.2978723404255319,0.3617021276595745,0.2857142857142857,0.3,0.425,0.13953488372093023,0.7,0.22439024390243903,0.3701923076923077,0.1346153846153846,0.42857142857142855,0.25,0.005952380952380952,7.737804878048779,1.8109756097560974,7.902439024390243,0.20425531914893616,0.508291972447411,0.18707475729658551,0.508291972447411,0.5333333333333333,,0.5,,,,,False,,1.5,,,,,False,
806198,Cooper Pratt,MIL,CIN,0,7.0,1.0,671096,Andrew Abbott,L,824468,6:40 PM ET,Great American Ball Park,1,0,0.20477815699658702,2026-09-05,824468,0.0,0,97.3,101.4,113.2,R,5,4,1,0,1,0,1,0,0,1,3,3,0,1,0,2,1,0.3113333333333333,0.3546666666666667,1,0,1,1,1,0,0.25,0.25925925925925924,0.7916666666666666,0.18181818181818182,0.2682926829268293,0.08333333333333333,0.01818181818181818,0.01818181818181818,0.041666666666666664,1.0666666666666667,0.6666666666666666,0.23255813953488372,0.23255813953488372,0.4186046511627907,0.32558139534883723,0.023255813953488372,0.2873777777777778,0.3900777777777778,0.375,0.15,0.42065,0.5899000000000001,0.28,0.36,0.22807017543859648,0.20689655172413793,0.20689655172413793,0.2571428571428571,0.7,0.22439024390243903,0.3701923076923077,0.1346153846153846,0.42857142857142855,0.25,0.005952380952380952,7.737804878048779,1.8109756097560974,7.902439024390243,0.20425531914893616,0.5698702948859599,0.19601521682143577,0.5698702948859599,0.6666666666666666,,0.5,,,,,False,,1.5,,,,,False,
666152,David Hamilton,MIL,CIN,0,9.0,1.0,671096,Andrew Abbott,L,824468,6:40 PM ET,Great American Ball Park,0,0,0.20477815699658702,2026-09-05,824468,0.0,0,97.3,101.4,113.2,L,5,5,2,0,1,0,0,0,0,2,4,3,0,1,1,1,1,0.43933333333333335,0.5233333333333333,1,1,1,1,1,1,0.2978723404255319,0.32653061224489793,0.8723404255319149,0.12244897959183673,0.325,0.10638297872340426,0.02040816326530612,0.04081632653061224,0.06382978723404255,1.2666666666666666,0.4,0.36585365853658536,0.34146341463414637,0.4634146341463415,0.17073170731707318,0.024390243902439025,0.36143214285714287,0.4557833333333333,0.25,0.125,0.33925,0.41653333333333337,0.2708333333333333,0.375,0.1568627450980392,0.25,0.325,0.2391304347826087,0.7,0.22439024390243903,0.3701923076923077,0.1346153846153846,0.42857142857142855,0.25,0.005952380952380952,7.737804878048779,1.8109756097560974,7.902439024390243,0.20425531914893616,0.4228665294181089,0.08338516336354489,0.4228665294181089,0.4,,0.5,,,,,False,,1.5,,,,,False,
669003,Garrett Mitchell,MIL,CIN,0,5.0,1.0,671096,Andrew Abbott,L,824468,6:40 PM ET,Great American Ball Park,0,0,0.20477815699658702,2026-09-05,824468,0.0,0,97.3,101.4,113.2,L,2,2,1,1,0,0,0,0,0,0,2,2,0,1,1,0,1,0.5285,0.6745,1,0,1,1,0,0,0.32608695652173914,0.3673469387755102,0.6739130434782609,0.30612244897959184,0.4666666666666667,0.10869565217391304,0.02040816326530612,0.04081632653061224,0.06521739130434782,1.3333333333333333,1.0,0.5806451612903226,0.1935483870967742,0.6451612903225806,0.12903225806451613,0.0,0.4881742424242425,0.6682348484848485,0.1875,0.23529411764705882,0.5077000000000002,0.5948666666666668,0.3125,0.4166666666666667,0.35185185185185186,0.2553191489361702,0.3404255319148936,0.3076923076923077,0.7,0.22439024390243903,0.3701923076923077,0.1346153846153846,0.42857142857142855,0.25,0.005952380952380952,7.737804878048779,1.8109756097560974,7.902439024390243,0.20425531914893616,0.6921434834798891,0.29560026103608056,0.6921434834798891,1.0,,0.5,,,,,False,,1.5,,,,,False,
596142,Gary Sánchez,MIL,CIN,0,8.0,1.0,671096,Andrew Abbott,L,824468,6:40 PM ET,Great American Ball Park,1,0,0.20477815699658702,2026-09-05,824468,0.0,0,97.3,101.4,113.2,R,2,1,0,0,0,0,1,0,0,0,0,1,0,1,0,0,1,0.389,0.729,0,0,0,0,0,0,0.14285714285714285,0.23404255319148937,0.6190476190476191,0.3333333333333333,0.16666666666666666,0.21428571428571427,0.041666666666666664,0.0625,0.11904761904761904,1.0,1.0666666666666667,0.3076923076923077,0.19230769230769232,0.5384615384615384,0.11538461538461539,0.038461538461538464,0.3323757575757576,0.5769439393939394,0.07692307692307693,0.35714285714285715,0.3079333333333333,0.7114333333333329,0.2564102564102564,0.5384615384615384,0.22,0.11627906976744186,0.2558139534883721,0.22448979591836735,0.7,0.22439024390243903,0.3701923076923077,0.1346153846153846,0.42857142857142855,0.25,0.005952380952380952,7.737804878048779,1.8109756097560974,7.902439024390243,0.20425531914893616,0.5989658269011381,0.20087182818047977,0.5989658269011381,1.0666666666666667,,0.5,,,,,False,,1.5,,,,,False,
694192,Jackson Chourio,MIL,CIN,0,1.0,1.0,671096,Andrew Abbott,L,824468,6:40 PM ET,Great American Ball Park,1,0,0.20477815699658702,2026-09-05,824468,0.0,0,97.3,101.4,113.2,R,5,5,1,0,0,0,0,0,0,2,1,3,0,1,0,3,0,0.21599999999999997,0.22866666666666666,1,0,1,0,1,1,0.3384615384615385,0.37681159420289856,0.8,0.18840579710144928,0.375,0.2153846153846154,0.057971014492753624,0.028985507246376812,0.09230769230769231,2.4,0.8666666666666667,0.4807692307692308,0.15384615384615385,0.4807692307692308,0.36538461538461536,0.057692307692307696,0.33571666666666666,0.6107588888888889,0.34782608695652173,0.25,0.3013166666666667,0.49853333333333333,0.3114754098360656,0.4918032786885246,0.24242424242424243,0.2711864406779661,0.4915254237288136,0.1875,0.7,0.22439024390243903,0.3701923076923077,0.1346153846153846,0.42857142857142855,0.25,0.005952380952380952,7.737804878048779,1.8109756097560974,7.902439024390243,0.20425531914893616,0.606897240188405,0.20266494104256316,0.606897240188405,0.8666666666666667,,0.5,,,,,False,,1.5,,,,,False,
687401,Joey Ortiz,MIL,CIN,0,6.0,1.0,671096,Andrew Abbott,L,824468,6:40 PM ET,Great American Ball Park,1,0,0.20477815699658702,2026-09-05,824468,0.0,0,97.3,101.4,113.2,R,3,3,1,0,0,0,0,0,0,0,1,3,0,2,1,1,1,0.4126666666666667,0.6333333333333333,1,0,1,0,0,0,0.2962962962962963,0.3389830508474576,0.7777777777777778,0.2033898305084746,0.325,0.2222222222222222,0.05084745762711865,0.01694915254237288,0.09259259259259259,1.8666666666666667,0.8,0.4418604651162791,0.16279069767441862,0.5581395348837209,0.16279069767441862,0.0,0.2828452380952381,0.4150238095238095,0.35294117647058826,0.05555555555555555,0.24705,0.30508333333333326,0.3125,0.5833333333333334,0.16071428571428573,0.34,0.48,0.19607843137254902,0.7,0.22439024390243903,0.3701923076923077,0.1346153846153846,0.42857142857142855,0.25,0.005952380952380952,7.737804878048779,1.8109756097560974,7.902439024390243,0.20425531914893616,0.6147242662313787,0.1898239199077835,0.6147242662313787,0.8,,0.5,,,,,False,,1.5,,,,,False,
800325,Luis Lara,MIL,CIN,0,2.0,1.0,671096,Andrew Abbott,L,824468,6:40 PM ET,Great American Ball Park,0,0,0.20477815699658702,2026-09-05,824468,0.0,0,97.3,101.4,113.2,L,2,2,0,0,0,0,0,0,0,1,0,1,0,1,0,1,0,0.201,0.205,0,0,0,0,1,0,0.35714285714285715,0.4375,0.7142857142857143,0.25,0.5,0.10714285714285714,0.0,0.03125,0.07142857142857142,0.8666666666666667,0.5333333333333333,0.5,0.3,0.65,0.05,0.0,0.3704791666666667,0.4726458333333334,0.375,0.2,0.396625,0.533875,0.2777777777777778,0.37037037037037035,0.2413793103448276,0.2571428571428571,0.3142857142857143,0.21052631578947367,0.7,0.22439024390243903,0.3701923076923077,0.1346153846153846,0.42857142857142855,0.25,0.005952380952380952,7.737804878048779,1.8109756097560974,7.902439024390243,0.20425531914893616,0.41288747357691435,0.09180408724045859,0.41288747357691435,0.5333333333333333,,0.5,,,,,False,,1.5,,,,,False,
661388,William Contreras,MIL,CIN,0,3.0,1.0,671096,Andrew Abbott,L,824468,6:40 PM ET,Great American Ball Park,1,0,0.20477815699658702,2026-09-05,824468,0.0,0,97.3,101.4,113.2,R,5,4,1,1,0,0,1,0,0,1,2,3,0,2,1,1,1,0.244,0.37199999999999994,1,0,1,1,1,0,0.3770491803278688,0.42857142857142855,0.8360655737704918,0.14285714285714285,0.4230769230769231,0.16393442622950818,0.014285714285714285,0.1,0.13114754098360656,2.2,0.6666666666666666,0.4339622641509434,0.2641509433962264,0.39622641509433965,0.20754716981132076,0.05660377358490566,0.32279,0.57968,0.3684210526315789,0.23809523809523808,0.37694999999999995,0.7581499999999999,0.16363636363636364,0.3090909090909091,0.15151515151515152,0.34545454545454546,0.5272727272727272,0.09523809523809523,0.7,0.22439024390243903,0.3701923076923077,0.1346153846153846,0.42857142857142855,0.25,0.005952380952380952,7.737804878048779,1.8109756097560974,7.902439024390243,0.20425531914893616,0.4550482312487503,0.10939678622335645,0.4550482312487503,0.6666666666666666,,0.5,,,,,False,,1.5,,,,,False,
677942,Blaze Alexander,BAL,BOS,1,2.0,1.0,543243,Sonny Gray,R,824795,7:05 PM ET,Camden Yards,1,1,0.2526690391459075,2026-09-05,824795,0.0,0,102.7,105.0,101.5,R,4,4,3,0,0,0,0,0,0,0,3,4,0,3,0,3,1,0.4495,0.541,1,1,1,1,0,0,0.3333333333333333,0.3793103448275862,0.7962962962962963,0.1896551724137931,0.40476190476190477,0.09259259259259259,0.017241379310344827,0.0,0.037037037037037035,1.5333333333333334,0.7333333333333333,0.5348837209302325,0.37209302325581395,0.4418604651162791,0.18604651162790697,0.023255813953488372,0.45058809523809523,0.6651273809523809,0.29411764705882354,0.2222222222222222,0.3407833333333333,0.4276083333333334,0.3333333333333333,0.5,0.17857142857142858,0.2608695652173913,0.32608695652173914,0.23404255319148937,0.7,0.21428571428571427,0.3652173913043478,0.13043478260869565,0.46285714285714286,0.26285714285714284,0.011428571428571429,6.859459459459459,1.0216216216216216,9.778378378378378,0.2791666666666667,0.6400342684093387,0.2426672743512781,0.6400342684093387,0.7333333333333333,,0.5,,,,,False,,1.5,,,,,False,
687952,Christian Encarnacion-Strand,BAL,BOS,1,7.0,1.0,543243,Sonny Gray,R,824795,7:05 PM ET,Camden Yards,1,1,0.2526690391459075,2026-09-05,824795,0.0,0,102.7,105.0,101.5,R,4,4,1,0,0,0,0,0,0,0,1,4,0,1,2,1,1,0.5415,0.66,1,0,1,0,0,0,0.2653061224489796,0.32075471698113206,0.673469387755102,0.3018867924528302,0.3548387096774194,0.1836734693877551,0.03773584905660377,0.05660377358490566,0.10204081632653061,1.4666666666666666,1.0666666666666667,0.3939393939393939,0.30303030303030304,0.3939393939393939,0.30303030303030304,0.030303030303030304,0.29257142857142865,0.4975,0.23076923076923078,0.21428571428571427,0.14695000000000008,0.26054999999999995,0.3018867924528302,0.49056603773584906,0.26785714285714285,0.2708333333333333,0.6041666666666666,0.32075471698113206,0.7,0.21428571428571427,0.3652173913043478,0.13043478260869565,0.46285714285714286,0.26285714285714284,0.011428571428571429,6.859459459459459,1.0216216216216216,9.778378378378378,0.2791666666666667,0.7307604085172598,0.34025964728683683,0.7307604085172598,1.0666666666666667,,0.5,,,,,False,,1.5,,,,,False,
681297,Colton Cowser,BAL,BOS,1,9.0,1.0,543243,Sonny Gray,R,824795,7:05 PM ET,Camden Yards,0,1,0.2526690391459075,2026-09-05,824795,0.0,0,102.7,105.0,101.5,L,5,5,0,0,0,0,0,0,0,2,0,3,0,2,1,2,0,0.21866666666666665,0.25233333333333335,0,0,0,0,1,1,0.2553191489361702,0.28,0.6808510638297872,0.29411764705882354,0.27586206896551724,0.2978723404255319,0.0784313725490196,0.0392156862745098,0.1276595744680851,1.7333333333333334,1.0,0.5151515151515151,0.2727272727272727,0.36363636363636365,0.30303030303030304,0.030303030303030304,0.3913035714285715,0.7150773809523809,0.11764705882352941,0.3333333333333333,0.39149999999999996,0.6169500000000001,0.2727272727272727,0.5909090909090909,0.2708333333333333,0.17073170731707318,0.43902439024390244,0.38,0.7,0.21428571428571427,0.3652173913043478,0.13043478260869565,0.46285714285714286,0.26285714285714284,0.011428571428571429,6.859459459459459,1.0216216216216216,9.778378378378378,0.2791666666666667,0.5568134689363152,0.15419217325465998,0.5568134689363152,1.0,,0.5,,,,,False,,1.5,,,,,False,
687637,Dylan Beavers,BAL,BOS,1,8.0,1.0,543243,Sonny Gray,R,824795,7:05 PM ET,Camden Yards,0,1,0.2526690391459075,2026-09-05,824795,0.0,0,102.7,105.0,101.5,L,4,3,0,0,0,0,1,0,0,2,0,1,0,0,0,1,0,0.14,0.146,0,0,0,0,1,1,0.29545454545454547,0.38,0.7954545454545454,0.18,0.3125,0.3181818181818182,0.06,0.1,0.18181818181818182,1.8,0.6,0.34285714285714286,0.2857142857142857,0.2571428571428571,0.4,0.08571428571428572,0.31395000000000006,0.6803619047619048,0.23529411764705882,0.11764705882352941,0.29802666666666666,0.4317133333333333,0.2682926829268293,0.5853658536585366,0.26666666666666666,0.18518518518518517,0.3333333333333333,0.25,0.7,0.21428571428571427,0.3652173913043478,0.13043478260869565,0.46285714285714286,0.26285714285714284,0.011428571428571429,6.859459459459459,1.0216216216216216,9.778378378378378,0.2791666666666667,0.6807026329747768,0.22776038375472482,0.6807026329747768,0.6,,0.5,,,,,False,,1.5,,,,,False,
683002,Gunnar Henderson,BAL,BOS,1,3.0,1.0,543243,Sonny Gray,R,824795,7:05 PM ET,Camden Yards,0,1,0.2526690391459075,2026-09-05,824795,0.0,0,102.7,105.0,101.5,L,4,4,1,0,0,0,0,0,0,1,1,3,0,0,1,2,0,0.21633333333333335,0.24,1,0,1,0,1,0,0.21052631578947367,0.296875,0.8070175438596491,0.171875,0.22727272727272727,0.17543859649122806,0.03125,0.03125,0.08771929824561403,1.4666666666666666,0.7333333333333333,0.30434782608695654,0.2608695652173913,0.5217391304347826,0.13043478260869565,0.0,0.3244555555555556,0.42802222222222225,0.3,0.19047619047619047,0.34614999999999996,0.5468,0.23636363636363636,0.41818181818181815,0.09375,0.3,0.5833333333333334,0.21739130434782608,0.7,0.21428571428571427,0.3652173913043478,0.13043478260869565,0.46285714285714286,0.26285714285714284,0.011428571428571429,6.859459459459459,1.0216216216216216,9.778378378378378,0.2791666666666667,0.6150508440872942,0.20792545464837875,0.6150508440872942,0.7333333333333333,,0.5,,,,,False,,1.5,,,,,False,
677008,Heston Kjerstad,BAL,BOS,1,6.0,1.0,543243,Sonny Gray,R,824795,7:05 PM ET,Camden Yards,0,1,0.2526690391459075,2026-09-05,824795,0.0,0,102.7,105.0,101.5,L,1,1,0,0,0,0,0,0,0,0,0,1,0,0,1,0,0,0.014,0.031,0,0,0,0,0,0,0.13043478260869565,0.16666666666666666,0.6956521739130435,0.2916666666666667,0.1875,0.13043478260869565,0.0,0.041666666666666664,0.08695652173913043,0.8,0.9333333333333333,0.21875,0.34375,0.4375,0.1875,0.03125,0.31575000000000003,0.4502083333333333,0.0,0.4166666666666667,0.15883333333333333,0.25066666666666654,0.13043478260869565,0.2608695652173913,0.2916666666666667,0.25925925925925924,0.4074074074074074,0.35714285714285715,0.7,0.21428571428571427,0.3652173913043478,0.13043478260869565,0.46285714285714286,0.26285714285714284,0.011428571428571429,6.859459459459459,1.0216216216216216,9.778378378378378,0.2791666666666667,0.7257278432934523,0.3159118262750163,0.7257278432934523,0.9333333333333333,,0.5,,,,,False,,1.5,,,,,False,
702616,Jackson Holliday,BAL,BOS,1,1.0,1.0,543243,Sonny Gray,R,824795,7:05 PM ET,Camden Yards,0,1,0.2526690391459075,2026-09-05,824795,0.0,0,102.7,105.0,101.5,L,3,3,0,0,0,0,0,0,0,0,0,3,0,1,1,2,0,0.19333333333333333,0.443,0,0,0,0,0,0,0.203125,0.21212121212121213,0.78125,0.21212121212121213,0.24,0.078125,0.015151515151515152,0.030303030303030304,0.046875,1.2,0.9333333333333333,0.3137254901960784,0.2549019607843137,0.4117647058823529,0.2549019607843137,0.0392156862745098,0.29154047619047624,0.4324797619047619,0.2857142857142857,0.3333333333333333,0.3861458333333334,0.6812708333333334,0.23529411764705882,0.3235294117647059,0.16901408450704225,0.11538461538461539,0.1346153846153846,0.3387096774193548,0.7,0.21428571428571427,0.3652173913043478,0.13043478260869565,0.46285714285714286,0.26285714285714284,0.011428571428571429,6.859459459459459,1.0216216216216216,9.778378378378378,0.2791666666666667,0.714400219313655,0.3061775192616314,0.714400219313655,0.9333333333333333,,0.5,,,,,False,,1.5,,,,,False,
624413,Pete Alonso,BAL,BOS,1,4.0,1.0,543243,Sonny Gray,R,824795,7:05 PM ET,Camden Yards,1,1,0.2526690391459075,2026-09-05,824795,0.0,0,102.7,105.0,101.5,R,4,4,0,0,0,0,0,0,0,1,0,3,0,1,0,2,1,0.16933333333333334,0.20966666666666667,0,0,0,0,1,0,0.2857142857142857,0.359375,0.7142857142857143,0.25,0.3055555555555556,0.2857142857142857,0.078125,0.015625,0.10714285714285714,2.1333333333333333,1.0666666666666667,0.6585365853658537,0.1951219512195122,0.5365853658536586,0.24390243902439024,0.07317073170731707,0.42411309523809526,0.8368511904761905,0.26666666666666666,0.14285714285714285,0.39180000000000004,0.7346999999999998,0.3157894736842105,0.5964912280701754,0.27692307692307694,0.32786885245901637,0.5901639344262295,0.2647058823529412,0.7,0.21428571428571427,0.3652173913043478,0.13043478260869565,0.46285714285714286,0.26285714285714284,0.011428571428571429,6.859459459459459,1.0216216216216216,9.778378378378378,0.2791666666666667,0.7307604085172598,0.3145907475566773,0.7307604085172598,1.0666666666666667,,0.5,,,,,False,,1.5,,,,,False,
694212,Samuel Basallo,BAL,BOS,1,5.0,1.0,543243,Sonny Gray,R,824795,7:05 PM ET,Camden Yards,0,1,0.2526690391459075,2026-09-05,824795,0.0,0,102.7,105.0,101.5,L,1,1,0,0,0,0,0,0,0,0,0,1,0,0,1,0,0,0.02,0.038,0,0,0,0,0,0,0.13333333333333333,0.2641509433962264,0.6444444444444445,0.3018867924528302,0.17857142857142858,0.08888888888888889,0.018867924528301886,0.018867924528301886,0.044444444444444446,0.6666666666666666,1.0666666666666667,0.2413793103448276,0.13793103448275862,0.5517241379310345,0.27586206896551724,0.034482758620689655,0.21270238095238095,0.481172619047619,0.14285714285714285,0.1111111111111111,0.21969999999999995,0.3870499999999999,0.13636363636363635,0.22727272727272727,0.2692307692307692,0.16279069767441862,0.37209302325581395,0.26666666666666666,0.7,0.21428571428571427,0.3652173913043478,0.13043478260869565,0.46285714285714286,0.26285714285714284,0.011428571428571429,6.859459459459459,1.0216216216216216,9.778378378378378,0.2791666666666667,0.7249060412185092,0.300763615605381,0.7249060412185092,1.0666666666666667,,0.5,,,,,False,,1.5,,,,,False,
657136,Connor Wong,BOS,BAL,0,9.0,1.0,605135,Chris Bassitt,R,824795,7:05 PM ET,Camden Yards,1,1,0.1917808219178082,2026-09-05,824795,0.0,0,102.7,105.0,101.5,R,4,4,0,0,0,0,0,0,0,1,0,3,0,1,0,3,0,0.253,0.2786666666666667,0,0,0,0,1,0,0.19230769230769232,0.23636363636363636,0.75,0.23214285714285715,0.21621621621621623,0.15384615384615385,0.03571428571428571,0.03571428571428571,0.07692307692307693,1.2,0.8666666666666667,0.3076923076923077,0.10256410256410256,0.48717948717948717,0.3076923076923077,0.02564102564102564,0.31661666666666666,0.4872166666666667,0.10526315789473684,0.23809523809523808,0.20856666666666665,0.2861,0.17307692307692307,0.3269230769230769,0.24561403508771928,0.3170731707317073,0.4634146341463415,0.2127659574468085,0.7292576419213974,0.263681592039801,0.4077669902912621,0.1262135922330097,0.46706586826347307,0.2634730538922156,0.023952095808383235,10.653061224489797,0.9183673469387755,6.061224489795918,0.15,0.4104397241296671,0.09447032446014643,0.4104397241296671,0.8666666666666667,,0.5,,,,,False,,1.5,,,,,False,
642201,Eli White,BOS,BAL,0,8.0,1.0,605135,Chris Bassitt,R,824795,7:05 PM ET,Camden Yards,1,1,0.1917808219178082,2026-09-05,824795,0.0,0,102.7,105.0,101.5,R,4,4,1,0,0,0,0,0,0,1,1,3,0,0,2,0,1,0.253,0.303,1,0,1,0,1,0,0.2702702702702703,0.3076923076923077,0.7567567567567568,0.23076923076923078,0.35714285714285715,0.08108108108108109,0.0,0.07692307692307693,0.08108108108108109,0.8666666666666667,0.6,0.25,0.32142857142857145,0.39285714285714285,0.14285714285714285,0.0,0.31846153846153846,0.5206794871794872,0.2727272727272727,0.08333333333333333,0.46425,0.9275,0.3055555555555556,0.3888888888888889,0.1891891891891892,0.23333333333333334,0.4,0.30303030303030304,0.7292576419213974,0.263681592039801,0.4077669902912621,0.1262135922330097,0.46706586826347307,0.2634730538922156,0.023952095808383235,10.653061224489797,0.9183673469387755,6.061224489795918,0.15,0.5039979395021411,0.1351856007405933,0.5039979395021411,0.6,,0.5,,,,,False,,1.5,,,,,False,
643396,Isiah Kiner-Falefa,BOS,BAL,0,6.0,1.0,605135,Chris Bassitt,R,824795,7:05 PM ET,Camden Yards,1,1,0.1917808219178082,2026-09-05,824795,0.0,0,102.7,105.0,101.5,R,4,4,1,0,0,0,0,0,0,0,1,4,0,2,0,4,0,0.218,0.241,1,0,1,0,0,0,0.2127659574468085,0.27450980392156865,0.8936170212765957,0.09803921568627451,0.21951219512195122,0.10638297872340426,0.0196078431372549,0.0392156862745098,0.06382978723404255,1.0,0.3333333333333333,0.21428571428571427,0.21428571428571427,0.47619047619047616,0.14285714285714285,0.0,0.2845277777777778,0.3545222222222222,0.26666666666666666,0.11764705882352941,0.20125,0.23711666666666664,0.2549019607843137,0.35294117647058826,0.09090909090909091,0.15384615384615385,0.23076923076923078,0.20454545454545456,0.7292576419213974,0.263681592039801,0.4077669902912621,0.1262135922330097,0.46706586826347307,0.2634730538922156,0.023952095808383235,10.653061224489797,0.9183673469387755,6.061224489795918,0.15,0.40081869751286997,0.09711124552863508,0.40081869751286997,0.3333333333333333,,0.5,,,,,False,,1.5,,,,,False,
680776,Jarren Duran,BOS,BAL,0,7.0,1.0,605135,Chris Bassitt,R,824795,7:05 PM ET,Camden Yards,0,1,0.1917808219178082,2026-09-05,824795,0.0,0,102.7,105.0,101.5,L,4,4,1,0,0,0,0,0,0,1,1,3,0,1,1,2,0,0.20233333333333334,0.25066666666666665,1,0,1,0,1,0,0.21153846153846154,0.24074074074074073,0.8076923076923077,0.18518518518518517,0.20512820512820512,0.23076923076923078,0.05555555555555555,0.018518518518518517,0.09615384615384616,1.5333333333333334,0.6666666666666666,0.4523809523809524,0.23809523809523808,0.42857142857142855,0.21428571428571427,0.023809523809523808,0.3394119047619047,0.5765642857142856,0.10526315789473684,0.2,0.2591666666666667,0.48423333333333335,0.21153846153846154,0.4423076923076923,0.18518518518518517,0.23333333333333334,0.31666666666666665,0.3235294117647059,0.7292576419213974,0.263681592039801,0.4077669902912621,0.1262135922330097,0.46706586826347307,0.2634730538922156,0.023952095808383235,10.653061224489797,0.9183673469387755,6.061224489795918,0.15,0.5528499405784021,0.1669955564929698,0.5528499405784021,0.6666666666666666,,0.5,,,,,False,,1.5,,,,,False,
681508,Mickey Gasper,BOS,BAL,0,2.0,1.0,605135,Chris Bassitt,R,824795,7:05 PM ET,Camden Yards,0,1,0.1917808219178082,2026-09-05,824795,0.0,0,102.7,105.0,101.5,L,5,4,2,0,0,1,0,1,0,1,5,3,0,3,1,0,2,0.6666666666666666,1.5380000000000003,1,1,1,1,1,0,0.3548387096774194,0.5238095238095238,0.8387096774193549,0.11904761904761904,0.3181818181818182,0.5161290322580645,0.09523809523809523,0.09523809523809523,0.25806451612903225,1.8,0.3333333333333333,0.4230769230769231,0.19230769230769232,0.46153846153846156,0.3076923076923077,0.11538461538461539,0.40414743589743585,0.8105769230769231,0.26666666666666666,0.29411764705882354,0.34460416666666666,0.7980416666666668,0.36585365853658536,0.975609756097561,0.1111111111111111,0.10714285714285714,0.10714285714285714,0.3548387096774194,0.7292576419213974,0.263681592039801,0.4077669902912621,0.1262135922330097,0.46706586826347307,0.2634730538922156,0.023952095808383235,10.653061224489797,0.9183673469387755,6.061224489795918,0.15,0.4400667147621909,0.11223416375391791,0.4400667147621909,0.3333333333333333,,0.5,,,,,False,,1.5,,,,,False,
686765,Nick Sogard,BOS,BAL,0,5.0,1.0,605135,Chris Bassitt,R,824795,7:05 PM ET,Camden Yards,0,1,0.1917808219178082,2026-09-05,824795,0.0,0,102.7,105.0,101.5,L,3,3,0,0,0,0,0,0,0,0,0,3,0,1,2,0,0,0.09133333333333334,0.22333333333333336,0,0,0,0,0,0,0.24444444444444444,0.2765957446808511,0.7555555555555555,0.22448979591836735,0.25806451612903225,0.26666666666666666,0.061224489795918366,0.061224489795918366,0.13333333333333333,1.5333333333333334,0.7333333333333333,0.4,0.34285714285714286,0.2857142857142857,0.22857142857142856,0.02857142857142857,0.3529166666666667,0.622422619047619,0.2857142857142857,0.11764705882352941,0.3539333333333334,0.54695,0.2857142857142857,0.5535714285714286,0.208955223880597,0.3404255319148936,0.3829787234042553,0.18867924528301888,0.7292576419213974,0.263681592039801,0.4077669902912621,0.1262135922330097,0.46706586826347307,0.2634730538922156,0.023952095808383235,10.653061224489797,0.9183673469387755,6.061224489795918,0.15,0.5095557808376143,0.12803253008171042,0.5095557808376143,0.7333333333333333,,0.5,,,,,False,,1.5,,,,,False,
701350,Roman Anthony,BOS,BAL,0,1.0,1.0,605135,Chris Bassitt,R,824795,7:05 PM ET,Camden Yards,0,1,0.1917808219178082,2026-09-05,824795,0.0,0,102.7,105.0,101.5,L,5,4,0,0,0,0,1,0,0,1,0,3,1,2,1,2,0,0.4083333333333334,0.9899999999999999,0,0,0,0,1,0,0.32142857142857145,0.42424242424242425,0.7321428571428571,0.22727272727272727,0.41025641025641024,0.21428571428571427,0.030303030303030304,0.06060606060606061,0.125,2.0,1.0,0.5365853658536586,0.36585365853658536,0.43902439024390244,0.1951219512195122,0.04878048780487805,0.42308444444444443,0.6620066666666666,0.45454545454545453,0.20833333333333334,0.49834999999999996,0.9503999999999999,0.3275862068965517,0.5344827586206896,0.21739130434782608,0.3269230769230769,0.4230769230769231,0.3387096774193548,0.7292576419213974,0.263681592039801,0.4077669902912621,0.1262135922330097,0.46706586826347307,0.2634730538922156,0.023952095808383235,10.653061224489797,0.9183673469387755,6.061224489795918,0.15,0.638162815906881,0.20510087503126453,0.638162815906881,1.0,,0.5,,,,,False,,1.5,,,,,False,
596115,Trevor Story,BOS,BAL,0,4.0,1.0,605135,Chris Bassitt,R,824795,7:05 PM ET,Camden Yards,1,1,0.1917808219178082,2026-09-05,824795,0.0,0,102.7,105.0,101.5,R,4,4,1,0,0,0,0,0,0,2,1,2,0,0,0,0,1,0.4775,0.5774999999999999,1,0,1,0,1,1,0.288135593220339,0.3114754098360656,0.6440677966101694,0.3442622950819672,0.43243243243243246,0.13559322033898305,0.01639344262295082,0.08196721311475409,0.1016949152542373,1.6666666666666667,1.4,0.34210526315789475,0.15789473684210525,0.47368421052631576,0.18421052631578946,0.05263157894736842,0.31092777777777775,0.48615,0.35,0.3,0.25743333333333335,0.46785,0.3103448275862069,0.46551724137931033,0.3333333333333333,0.25862068965517243,0.41379310344827586,0.30158730158730157,0.7292576419213974,0.263681592039801,0.4077669902912621,0.1262135922330097,0.46706586826347307,0.2634730538922156,0.023952095808383235,10.653061224489797,0.9183673469387755,6.061224489795918,0.15,0.719139367072581,0.27806087440977056,0.719139367072581,1.4,,0.5,,,,,False,,1.5,,,,,False,
677800,Wilyer Abreu,BOS,BAL,0,3.0,1.0,605135,Chris Bassitt,R,824795,7:05 PM ET,Camden Yards,0,1,0.1917808219178082,2026-09-05,824795,0.0,0,102.7,105.0,101.5,L,4,2,0,0,0,0,2,0,0,1,0,1,0,0,1,0,0,0.001,0.001,0,0,0,0,1,0,0.26229508196721313,0.3283582089552239,0.7049180327868853,0.2647058823529412,0.35714285714285715,0.19672131147540983,0.014705882352941176,0.10294117647058823,0.14754098360655737,1.8666666666666667,1.2,0.4418604651162791,0.20930232558139536,0.4186046511627907,0.3023255813953488,0.023255813953488372,0.2684666666666667,0.4682111111111111,0.3333333333333333,0.22727272727272727,0.23115000000000005,0.39571666666666677,0.26666666666666666,0.4,0.2318840579710145,0.17857142857142858,0.4107142857142857,0.1791044776119403,0.7292576419213974,0.263681592039801,0.4077669902912621,0.1262135922330097,0.46706586826347307,0.2634730538922156,0.023952095808383235,10.653061224489797,0.9183673469387755,6.061224489795918,0.15,0.6051024366678334,0.1656183935647351,0.6051024366678334,1.2,,0.5,,,,,False,,1.5,,,,,False,
607043,Brandon Nimmo,TEX,TB,1,4.0,1.0,656876,Drew Rasmussen,R,822850,7:05 PM ET,Globe Life Field,0,1,0.20987654320987653,2026-09-05,822850,1.0,0,94.8,94.6,93.8,L,4,4,0,0,0,0,0,0,0,1,0,3,0,1,0,1,2,0.21066666666666667,0.2446666666666667,0,0,0,0,1,0,0.23214285714285715,0.3076923076923077,0.75,0.21212121212121213,0.27906976744186046,0.10714285714285714,0.015151515151515152,0.045454545454545456,0.07142857142857142,1.2666666666666666,0.9333333333333333,0.45454545454545453,0.1590909090909091,0.5,0.29545454545454547,0.022727272727272728,0.24596,0.39281555555555553,0.47058823529411764,0.19047619047619047,0.35258,0.5246800000000003,0.23636363636363636,0.34545454545454546,0.19047619047619047,0.3157894736842105,0.5087719298245614,0.1746031746031746,0.6834862385321101,0.20304568527918782,0.3333333333333333,0.11442786069651742,0.35570469798657717,0.2751677852348993,0.013422818791946308,6.265193370165746,0.7458563535911602,8.80110497237569,0.2554112554112554,0.637600989239136,0.23104373724600244,0.637600989239136,0.9333333333333333,,0.5,,,,,False,,1.5,,,,,False,
683227,Cody Freeman,TEX,TB,1,8.0,1.0,656876,Drew Rasmussen,R,822850,7:05 PM ET,Globe Life Field,1,1,0.20987654320987653,2026-09-05,822850,1.0,0,94.8,94.6,93.8,R,3,2,0,0,0,0,1,0,0,0,0,2,0,0,0,1,0,0.163,0.1795,0,0,0,0,0,0,0.2826086956521739,0.34,0.8913043478260869,0.09615384615384616,0.3,0.13043478260869565,0.019230769230769232,0.019230769230769232,0.06521739130434782,1.2666666666666666,0.3333333333333333,0.23255813953488372,0.18604651162790697,0.5116279069767442,0.23255813953488372,0.023255813953488372,0.21073333333333336,0.29129285714285713,0.3157894736842105,0.1,0.2059666666666667,0.26351666666666657,0.30434782608695654,0.391304347826087,0.17307692307692307,0.23404255319148937,0.2765957446808511,0.1568627450980392,0.6834862385321101,0.20304568527918782,0.3333333333333333,0.11442786069651742,0.35570469798657717,0.2751677852348993,0.013422818791946308,6.265193370165746,0.7458563535911602,8.80110497237569,0.2554112554112554,0.49310280363667536,0.1351856007405933,0.49310280363667536,0.3333333333333333,,0.5,,,,,False,,1.5,,,,,False,
608369,Corey Seager,TEX,TB,1,2.0,1.0,656876,Drew Rasmussen,R,822850,7:05 PM ET,Globe Life Field,0,1,0.20987654320987653,2026-09-05,822850,1.0,0,94.8,94.6,93.8,L,4,4,2,0,0,0,0,0,0,1,2,3,0,2,0,3,0,0.164,0.18033333333333335,1,1,1,1,1,0,0.2857142857142857,0.3787878787878788,0.7857142857142857,0.18181818181818182,0.32558139534883723,0.19642857142857142,0.030303030303030304,0.07575757575757576,0.125,1.8,0.8,0.6,0.28888888888888886,0.37777777777777777,0.28888888888888886,0.044444444444444446,0.4058777777777778,0.7420333333333333,0.23529411764705882,0.045454545454545456,0.43085000000000007,0.8400500000000003,0.2909090909090909,0.45454545454545453,0.14516129032258066,0.25,0.42857142857142855,0.25,0.6834862385321101,0.20304568527918782,0.3333333333333333,0.11442786069651742,0.35570469798657717,0.2751677852348993,0.013422818791946308,6.265193370165746,0.7458563535911602,8.80110497237569,0.2554112554112554,0.6501042395621696,0.21832678286502294,0.6501042395621696,0.8,,0.5,,,,,False,,1.5,,,,,False,
643376,Danny Jansen,TEX,TB,1,9.0,1.0,656876,Drew Rasmussen,R,822850,7:05 PM ET,Globe Life Field,1,1,0.20987654320987653,2026-09-05,822850,1.0,0,94.8,94.6,93.8,R,3,3,1,0,0,0,0,0,0,1,1,2,0,0,1,0,1,0.393,0.40950000000000003,1,0,1,0,1,0,0.125,0.19230769230769232,0.625,0.33962264150943394,0.1111111111111111,0.22916666666666666,0.05660377358490566,0.03773584905660377,0.10416666666666667,1.1333333333333333,1.2,0.25806451612903225,0.12903225806451613,0.3870967741935484,0.3548387096774194,0.0,0.2451309523809524,0.45348809523809525,0.1875,0.23529411764705882,0.24749999999999997,0.5692000000000002,0.15217391304347827,0.32608695652173914,0.2,0.15151515151515152,0.2727272727272727,0.3157894736842105,0.6834862385321101,0.20304568527918782,0.3333333333333333,0.11442786069651742,0.35570469798657717,0.2751677852348993,0.013422818791946308,6.265193370165746,0.7458563535911602,8.80110497237569,0.2554112554112554,0.5801400734121327,0.14435448104775725,0.5801400734121327,1.2,,0.5,,,,,False,,1.5,,,,,False,
694497,Evan Carter,TEX,TB,1,7.0,1.0,656876,Drew Rasmussen,R,822850,7:05 PM ET,Globe Life Field,0,1,0.20987654320987653,2026-09-05,822850,1.0,0,94.8,94.6,93.8,L,4,3,1,0,0,0,1,0,0,1,1,2,0,0,0,1,1,0.1575,0.224,1,0,1,0,1,0,0.19047619047619047,0.20930232558139536,0.7142857142857143,0.2727272727272727,0.26666666666666666,0.11904761904761904,0.0,0.06818181818181818,0.09523809523809523,0.8666666666666667,0.8,0.3225806451612903,0.1935483870967742,0.3870967741935484,0.3225806451612903,0.0,0.29723333333333335,0.4121666666666667,0.15384615384615385,0.21428571428571427,0.18730000000000002,0.20764999999999983,0.20454545454545456,0.3181818181818182,0.2608695652173913,0.17647058823529413,0.2549019607843137,0.3333333333333333,0.6834862385321101,0.20304568527918782,0.3333333333333333,0.11442786069651742,0.35570469798657717,0.2751677852348993,0.013422818791946308,6.265193370165746,0.7458563535911602,8.80110497237569,0.2554112554112554,0.6910015807313519,0.2642517540068128,0.6910015807313519,0.8,,0.5,,,,,False,,1.5,,,,,False,
677649,Ezequiel Duran,TEX,TB,1,5.0,1.0,656876,Drew Rasmussen,R,822850,7:05 PM ET,Globe Life Field,1,1,0.20987654320987653,2026-09-05,822850,1.0,0,94.8,94.6,93.8,R,4,4,1,0,0,1,0,0,0,0,4,4,1,3,1,3,0,0.442,1.02425,1,0,1,1,0,0,0.37037037037037035,0.46875,0.7777777777777778,0.1875,0.4358974358974359,0.25925925925925924,0.046875,0.046875,0.12962962962962962,2.2666666666666666,0.8,0.47619047619047616,0.23809523809523808,0.40476190476190477,0.30952380952380953,0.0,0.31242777777777775,0.5440688888888888,0.3888888888888889,0.09090909090909091,0.32264999999999994,0.5543500000000001,0.18518518518518517,0.2777777777777778,0.32786885245901637,0.3898305084745763,0.6271186440677966,0.16417910447761194,0.6834862385321101,0.20304568527918782,0.3333333333333333,0.11442786069651742,0.35570469798657717,0.2751677852348993,0.013422818791946308,6.265193370165746,0.7458563535911602,8.80110497237569,0.2554112554112554,0.7183255316644918,0.3182352216750422,0.7183255316644918,0.8,,0.5,,,,,False,,1.5,,,,,False,
669394,Jake Burger,TEX,TB,1,6.0,1.0,656876,Drew Rasmussen,R,822850,7:05 PM ET,Globe Life Field,1,1,0.20987654320987653,2026-09-05,822850,1.0,0,94.8,94.6,93.8,R,4,1,1,0,0,0,3,0,0,0,1,1,0,0,0,1,0,0.155,0.19,1,0,1,0,0,0,0.2,0.26785714285714285,0.68,0.2857142857142857,0.24242424242424243,0.18,0.03571428571428571,0.05357142857142857,0.1,1.2666666666666666,1.0666666666666667,0.5142857142857142,0.2,0.4,0.2857142857142857,0.0,0.37615476190476194,0.9225297619047618,0.21052631578947367,0.25,0.28559999999999997,0.5237,0.2391304347826087,0.391304347826087,0.2222222222222222,0.15789473684210525,0.3333333333333333,0.30158730158730157,0.6834862385321101,0.20304568527918782,0.3333333333333333,0.11442786069651742,0.35570469798657717,0.2751677852348993,0.013422818791946308,6.265193370165746,0.7458563535911602,8.80110497237569,0.2554112554112554,0.6817089192296769,0.2757457620922316,0.6817089192296769,1.0666666666666667,,0.5,,,,,False,,1.5,,,,,False,
592626,Joc Pederson,TEX,TB,1,1.0,1.0,656876,Drew Rasmussen,R,822850,7:05 PM ET,Globe Life Field,0,1,0.20987654320987653,2026-09-05,822850,1.0,0,94.8,94.6,93.8,L,3,3,0,0,0,0,0,0,0,1,0,2,0,0,1,1,0,0.126,0.15050000000000002,0,0,0,0,1,0,0.16129032258064516,0.2571428571428571,0.7096774193548387,0.2571428571428571,0.15,0.1935483870967742,0.05714285714285714,0.0,0.06451612903225806,0.7333333333333333,0.6,0.5454545454545454,0.045454545454545456,0.3181818181818182,0.45454545454545453,0.09090909090909091,0.20583333333333334,0.3754487179487179,0.3,0.2727272727272727,0.25089999999999996,0.48480000000000006,0.16129032258064516,0.3548387096774194,0.2571428571428571,0.18181818181818182,0.30303030303030304,0.27906976744186046,0.6834862385321101,0.20304568527918782,0.3333333333333333,0.11442786069651742,0.35570469798657717,0.2751677852348993,0.013422818791946308,6.265193370165746,0.7458563535911602,8.80110497237569,0.2554112554112554,0.5925061751899042,0.17408598586609547,0.5925061751899042,0.6,,0.5,,,,,False,,1.5,,,,,False,
694671,Wyatt Langford,TEX,TB,1,3.0,1.0,656876,Drew Rasmussen,R,822850,7:05 PM ET,Globe Life Field,1,1,0.20987654320987653,2026-09-05,822850,1.0,0,94.8,94.6,93.8,R,4,4,0,0,0,0,0,0,0,0,0,4,0,0,2,1,1,0.124,0.15825,0,0,0,0,0,0,0.22641509433962265,0.3880597014925373,0.8113207547169812,0.14925373134328357,0.2619047619047619,0.1320754716981132,0.014925373134328358,0.05970149253731343,0.09433962264150944,1.2666666666666666,0.6666666666666666,0.32558139534883723,0.23255813953488372,0.2558139534883721,0.3488372093023256,0.0,0.31205555555555553,0.4393722222222223,0.16666666666666666,0.13636363636363635,0.2684666666666667,0.43986666666666674,0.22641509433962265,0.37735849056603776,0.20967741935483872,0.20408163265306123,0.32653061224489793,0.1076923076923077,0.6834862385321101,0.20304568527918782,0.3333333333333333,0.11442786069651742,0.35570469798657717,0.2751677852348993,0.013422818791946308,6.265193370165746,0.7458563535911602,8.80110497237569,0.2554112554112554,0.556946730347074,0.1810826293645789,0.556946730347074,0.6666666666666666,,0.5,,,,,False,,1.5,,,,,False,
677951,Bobby Witt Jr.,KC,TOR,1,2.0,1.0,453286,Max Scherzer,R,824066,7:10 PM ET,Kauffman Stadium,1,1,0.17465753424657535,2026-09-05,824066,0.0,0,103.7,102.1,85.4,R,4,3,1,0,0,1,1,0,0,1,4,2,0,2,1,1,0,0.667,1.83,1,0,1,1,1,0,0.2413793103448276,0.34782608695652173,0.8448275862068966,0.13043478260869565,0.2653061224489796,0.08620689655172414,0.014492753623188406,0.028985507246376812,0.05172413793103448,1.2666666666666666,0.6,0.46,0.24,0.34,0.3,0.04,0.40086,0.6064411111111111,0.15789473684210525,0.045454545454545456,0.3497166666666667,0.5575699999999999,0.3157894736842105,0.47368421052631576,0.17391304347826086,0.1864406779661017,0.3050847457627119,0.15384615384615385,0.7216494845360825,0.22784810126582278,0.49404761904761907,0.22023809523809523,0.4,0.2785714285714286,0.02857142857142857,13.14159292035398,3.1061946902654864,7.407079646017698,0.17318435754189945,0.5245371370782491,0.12723621807643926,0.5245371370782491,0.6,,0.5,,,,,False,,1.5,,,,,False,
695600,Carter Jensen,KC,TOR,1,1.0,1.0,453286,Max Scherzer,R,824066,7:10 PM ET,Kauffman Stadium,0,1,0.17465753424657535,2026-09-05,824066,0.0,0,103.7,102.1,85.4,L,4,4,1,1,0,0,0,0,0,2,2,2,0,2,0,1,1,0.6745000000000001,0.874,1,0,1,1,1,1,0.32075471698113206,0.4393939393939394,0.7547169811320755,0.19696969696969696,0.3142857142857143,0.4339622641509434,0.09090909090909091,0.045454545454545456,0.18867924528301888,2.6666666666666665,0.8666666666666667,0.6097560975609756,0.14634146341463414,0.3170731707317073,0.5365853658536586,0.024390243902439025,0.41855555555555557,0.987611111111111,0.4,0.17391304347826086,0.4664999999999999,1.16435,0.3137254901960784,0.7647058823529411,0.19047619047619047,0.18181818181818182,0.2909090909090909,0.3064516129032258,0.7216494845360825,0.22784810126582278,0.49404761904761907,0.22023809523809523,0.4,0.2785714285714286,0.02857142857142857,13.14159292035398,3.1061946902654864,7.407079646017698,0.17318435754189945,0.6470457118917566,0.24180423660660813,0.6470457118917566,0.8666666666666667,,0.5,,,,,False,,1.5,,,,,False,
686555,Isaac Collins,KC,TOR,1,9.0,1.0,453286,Max Scherzer,R,824066,7:10 PM ET,Kauffman Stadium,0,1,0.17465753424657535,2026-09-05,824066,0.0,0,103.7,102.1,85.4,L,3,3,0,0,0,0,0,0,0,0,0,3,0,1,0,3,0,0.21066666666666667,0.23399999999999999,0,0,0,0,0,0,0.25,0.34146341463414637,0.7222222222222222,0.24390243902439024,0.34615384615384615,0.08333333333333333,0.0,0.07317073170731707,0.08333333333333333,0.8,0.6666666666666666,0.3076923076923077,0.19230769230769232,0.46153846153846156,0.23076923076923078,0.0,0.24621527777777777,0.29975,0.09090909090909091,0.25,0.14780000000000007,0.1795,0.2,0.26666666666666666,0.24074074074074073,0.19230769230769232,0.3269230769230769,0.26785714285714285,0.7216494845360825,0.22784810126582278,0.49404761904761907,0.22023809523809523,0.4,0.2785714285714286,0.02857142857142857,13.14159292035398,3.1061946902654864,7.407079646017698,0.17318435754189945,0.44419013317868733,0.090643953906838,0.44419013317868733,0.6666666666666666,,0.5,,,,,False,,1.5,,,,,False,
695506,Jac Caglianone,KC,TOR,1,3.0,1.0,453286,Max Scherzer,R,824066,7:10 PM ET,Kauffman Stadium,0,1,0.17465753424657535,2026-09-05,824066,0.0,0,103.7,102.1,85.4,L,4,4,0,0,0,0,0,0,0,0,0,4,0,2,0,3,1,0.306,0.36124999999999996,0,0,0,0,0,0,0.3559322033898305,0.3870967741935484,0.7288135593220338,0.25806451612903225,0.47619047619047616,0.15254237288135594,0.016129032258064516,0.0967741935483871,0.11864406779661017,2.0,1.0666666666666667,0.5116279069767442,0.3023255813953488,0.4186046511627907,0.27906976744186046,0.0,0.3530044444444444,0.6016800000000001,0.2857142857142857,0.22727272727272727,0.2707,0.3801666666666666,0.41935483870967744,0.7580645161290323,0.1875,0.27586206896551724,0.39655172413793105,0.26666666666666666,0.7216494845360825,0.22784810126582278,0.49404761904761907,0.22023809523809523,0.4,0.2785714285714286,0.02857142857142857,13.14159292035398,3.1061946902654864,7.407079646017698,0.17318435754189945,0.601854234767741,0.25476205654841794,0.601854234767741,1.0666666666666667,,0.5,,,,,False,,1.5,,,,,False,
670231,John Rave,KC,TOR,1,7.0,1.0,453286,Max Scherzer,R,824066,7:10 PM ET,Kauffman Stadium,0,1,0.17465753424657535,2026-09-05,824066,0.0,0,103.7,102.1,85.4,L,4,3,1,0,0,0,1,0,0,1,1,2,0,2,0,2,0,0.41900000000000004,0.45999999999999996,1,0,1,0,1,0,0.17777777777777778,0.24489795918367346,0.7555555555555555,0.22,0.21212121212121213,0.08888888888888889,0.02,0.02,0.044444444444444446,0.8,0.7333333333333333,0.2857142857142857,0.22857142857142856,0.42857142857142855,0.22857142857142856,0.0,0.26136666666666664,0.3771476190476191,0.2222222222222222,0.15,0.3019933333333333,0.37214666666666657,0.17073170731707318,0.24390243902439024,0.1276595744680851,0.16666666666666666,0.20833333333333334,0.28,0.7216494845360825,0.22784810126582278,0.49404761904761907,0.22023809523809523,0.4,0.2785714285714286,0.02857142857142857,13.14159292035398,3.1061946902654864,7.407079646017698,0.17318435754189945,0.586153572581416,0.1544971320537164,0.586153572581416,0.7333333333333333,,0.5,,,,,False,,1.5,,,,,False,
668942,Josh Rojas,KC,TOR,1,8.0,1.0,453286,Max Scherzer,R,824066,7:10 PM ET,Kauffman Stadium,0,1,0.17465753424657535,2026-09-05,824066,0.0,0,103.7,102.1,85.4,L,2,2,0,0,0,0,0,0,0,0,0,2,0,0,1,0,0,0.009999999999999998,0.0165,0,0,0,0,0,0,0.2826086956521739,0.32653061224489793,0.8695652173913043,0.11764705882352941,0.3076923076923077,0.10869565217391304,0.0196078431372549,0.0392156862745098,0.06521739130434782,1.2,0.4,0.2619047619047619,0.21428571428571427,0.35714285714285715,0.3333333333333333,0.0,0.24731111111111112,0.3187666666666667,0.35294117647058826,0.21052631578947367,0.3288333333333332,0.4648833333333336,0.2765957446808511,0.3191489361702128,0.11764705882352941,0.14583333333333334,0.2708333333333333,0.19607843137254902,0.7216494845360825,0.22784810126582278,0.49404761904761907,0.22023809523809523,0.4,0.2785714285714286,0.02857142857142857,13.14159292035398,3.1061946902654864,7.407079646017698,0.17318435754189945,0.4970348843514709,0.08866362396858264,0.4970348843514709,0.4,,0.5,,,,,False,,1.5,,,,,False,
686681,Michael Massey,KC,TOR,1,6.0,1.0,453286,Max Scherzer,R,824066,7:10 PM ET,Kauffman Stadium,0,1,0.17465753424657535,2026-09-05,824066,0.0,0,103.7,102.1,85.4,L,3,2,1,0,0,0,1,0,0,0,1,2,0,2,0,1,1,0.5675,0.6585000000000001,1,0,1,0,0,0,0.37254901960784315,0.4074074074074074,0.8235294117647058,0.16666666666666666,0.425,0.21568627450980393,0.037037037037037035,0.05555555555555555,0.11764705882352941,2.0,0.6,0.38095238095238093,0.3333333333333333,0.40476190476190477,0.21428571428571427,0.023809523809523808,0.3639404761904762,0.5624166666666667,0.23529411764705882,0.0,0.35259999999999997,0.5421333333333334,0.35294117647058826,0.5882352941176471,0.09259259259259259,0.22916666666666666,0.3958333333333333,0.3333333333333333,0.7216494845360825,0.22784810126582278,0.49404761904761907,0.22023809523809523,0.4,0.2785714285714286,0.02857142857142857,13.14159292035398,3.1061946902654864,7.407079646017698,0.17318435754189945,0.5095318140181301,0.12031958510068452,0.5095318140181301,0.6,,0.5,,,,,False,,1.5,,,,,False,
521692,Salvador Perez,KC,TOR,1,4.0,1.0,453286,Max Scherzer,R,824066,7:10 PM ET,Kauffman Stadium,1,1,0.17465753424657535,2026-09-05,824066,0.0,0,103.7,102.1,85.4,R,3,3,2,0,0,0,0,0,0,0,2,3,0,3,0,0,3,0.762,0.875,1,1,1,1,0,0,0.26666666666666666,0.30158730158730157,0.8166666666666667,0.16923076923076924,0.2978723404255319,0.18333333333333332,0.03076923076923077,0.07692307692307693,0.11666666666666667,1.8,0.7333333333333333,0.4489795918367347,0.24489795918367346,0.40816326530612246,0.30612244897959184,0.02040816326530612,0.33420777777777777,0.5731188888888888,0.23809523809523808,0.13636363636363635,0.3646999999999999,0.6514166666666664,0.22807017543859648,0.3684210526315789,0.1746031746031746,0.2807017543859649,0.43859649122807015,0.14285714285714285,0.7216494845360825,0.22784810126582278,0.49404761904761907,0.22023809523809523,0.4,0.2785714285714286,0.02857142857142857,13.14159292035398,3.1061946902654864,7.407079646017698,0.17318435754189945,0.47713058296703476,0.1431288443347197,0.47713058296703476,0.7333333333333333,,0.5,,,,,False,,1.5,,,,,False,
686469,Vinnie Pasquantino,KC,TOR,1,5.0,1.0,453286,Max Scherzer,R,824066,7:10 PM ET,Kauffman Stadium,0,1,0.17465753424657535,2026-09-05,824066,0.0,0,103.7,102.1,85.4,L,4,4,1,0,0,1,0,0,0,0,4,4,0,2,3,1,0,0.1825,0.42900000000000005,1,0,1,1,0,0,0.2857142857142857,0.38461538461538464,0.9285714285714286,0.06060606060606061,0.2653061224489796,0.25,0.045454545454545456,0.07575757575757576,0.14285714285714285,2.0,0.26666666666666666,0.4807692307692308,0.19230769230769232,0.28846153846153844,0.36538461538461536,0.0,0.26273555555555556,0.5175011111111111,0.16666666666666666,0.14285714285714285,0.17200666666666667,0.3056866666666669,0.26785714285714285,0.4642857142857143,0.06153846153846154,0.24561403508771928,0.3508771929824561,0.22727272727272727,0.7216494845360825,0.22784810126582278,0.49404761904761907,0.22023809523809523,0.4,0.2785714285714286,0.02857142857142857,13.14159292035398,3.1061946902654864,7.407079646017698,0.17318435754189945,0.4299680446951055,0.06096057752816525,0.4299680446951055,0.26666666666666666,,0.5,,,,,False,,1.5,,,,,False,
686797,Brooks Lee,MIN,CWS,0,7.0,1.0,641743,Anthony Kay,L,824553,7:10 PM ET,Rate Field,0,0,0.16230366492146597,2026-09-05,824553,0.0,0,95.5,94.6,96.9,L,3,3,0,0,0,0,0,0,0,0,0,3,0,2,1,0,1,0.27666666666666667,0.7363333333333334,0,0,0,0,0,0,0.2702702702702703,0.2631578947368421,0.8648648648648649,0.13157894736842105,0.25806451612903225,0.1891891891891892,0.05263157894736842,0.02631578947368421,0.08108108108108109,1.1333333333333333,0.3333333333333333,0.36363636363636365,0.18181818181818182,0.3333333333333333,0.3939393939393939,0.030303030303030304,0.2648666666666667,0.5008785714285714,0.3333333333333333,0.0625,0.28586000000000006,0.38195999999999997,0.2786885245901639,0.5409836065573771,0.14516129032258066,0.14285714285714285,0.21428571428571427,0.19672131147540983,0.6981981981981982,0.21390374331550802,0.39690721649484534,0.15463917525773196,0.4838709677419355,0.23225806451612904,0.025806451612903226,8.448979591836736,0.9183673469387755,7.7142857142857135,0.1926605504587156,0.44985747474047555,0.1049659218634054,0.44985747474047555,0.3333333333333333,,0.5,,,,,False,,1.5,,,,,False,
694224,Gabriel Gonzalez,MIN,CWS,0,8.0,1.0,641743,Anthony Kay,L,824553,7:10 PM ET,Rate Field,1,0,0.16230366492146597,2026-09-05,824553,0.0,0,95.5,94.6,96.9,R,2,2,0,0,0,0,0,0,0,1,0,1,0,0,0,1,0,0.109,0.117,0,0,0,0,1,0,0.25,0.4,0.75,0.2,0.2727272727272727,0.3125,0.05,0.1,0.1875,0.8181818181818182,0.36363636363636365,0.0,0.08333333333333333,0.5,0.25,0.0,,,0.25,0.08333333333333333,,,0.125,0.25,0.3333333333333333,0.3333333333333333,1.0,0.14285714285714285,0.6981981981981982,0.21390374331550802,0.39690721649484534,0.15463917525773196,0.4838709677419355,0.23225806451612904,0.025806451612903226,8.448979591836736,0.9183673469387755,7.7142857142857135,0.1926605504587156,0.3765297120452331,0.10538062157660154,0.3765297120452331,0.36363636363636365,,0.5,,,,,False,,1.5,,,,,False,
605137,Josh Bell,MIN,CWS,0,4.0,1.0,641743,Anthony Kay,L,824553,7:10 PM ET,Rate Field,1,0,0.16230366492146597,2026-09-05,824553,0.0,0,95.5,94.6,96.9,R,1,1,0,0,0,0,0,0,0,0,0,1,0,0,0,1,0,0.047,0.047,0,0,0,0,0,0,0.34375,0.39473684210526316,0.84375,0.13157894736842105,0.35714285714285715,0.125,0.02631578947368421,0.02631578947368421,0.0625,1.0,0.3333333333333333,0.4482758620689655,0.1724137931034483,0.4827586206896552,0.3103448275862069,0.06896551724137931,0.4396083333333334,0.6251305555555554,0.35714285714285715,0.17647058823529413,0.57836,0.95428,0.2631578947368421,0.3333333333333333,0.1875,0.35185185185185186,0.5555555555555556,0.06666666666666667,0.6981981981981982,0.21390374331550802,0.39690721649484534,0.15463917525773196,0.4838709677419355,0.23225806451612904,0.025806451612903226,8.448979591836736,0.9183673469387755,7.7142857142857135,0.1926605504587156,0.3126181536444365,0.07102234012089097,0.3126181536444365,0.3333333333333333,,0.5,,,,,False,,1.5,,,,,False,
701785,Kaelen Culpepper,MIN,CWS,0,2.0,1.0,641743,Anthony Kay,L,824553,7:10 PM ET,Rate Field,1,0,0.16230366492146597,2026-09-05,824553,0.0,0,95.5,94.6,96.9,R,4,3,1,0,0,0,1,0,0,0,1,3,0,0,0,1,1,0.34099999999999997,0.38566666666666666,1,0,1,0,0,0,0.32142857142857145,0.3559322033898305,0.8214285714285714,0.1694915254237288,0.36363636363636365,0.16071428571428573,0.03389830508474576,0.05084745762711865,0.08928571428571429,1.8,0.6666666666666666,0.2826086956521739,0.2391304347826087,0.391304347826087,0.30434782608695654,0.043478260869565216,0.3313877777777778,0.5395644444444444,0.2,0.19047619047619047,0.32822666666666667,0.40034000000000003,0.32727272727272727,0.4727272727272727,0.13559322033898305,0.23529411764705882,0.47058823529411764,0.38095238095238093,0.6981981981981982,0.21390374331550802,0.39690721649484534,0.15463917525773196,0.4838709677419355,0.23225806451612904,0.025806451612903226,8.448979591836736,0.9183673469387755,7.7142857142857135,0.1926605504587156,0.5874554274857221,0.16076234277116067,0.5874554274857221,0.6666666666666666,,0.5,,,,,False,,1.5,,,,,False,
665019,Kody Clemens,MIN,CWS,0,6.0,1.0,641743,Anthony Kay,L,824553,7:10 PM ET,Rate Field,0,0,0.16230366492146597,2026-09-05,824553,0.0,0,95.5,94.6,96.9,L,4,4,3,0,0,0,0,0,0,0,3,4,0,2,1,1,2,0.54175,0.67225,1,1,1,1,0,0,0.2830188679245283,0.36065573770491804,0.7735849056603774,0.19672131147540983,0.3076923076923077,0.22641509433962265,0.04918032786885246,0.01639344262295082,0.09433962264150944,1.8,0.8,0.5476190476190477,0.2857142857142857,0.3333333333333333,0.35714285714285715,0.07142857142857142,0.43448333333333333,1.0050666666666666,0.125,0.22727272727272727,0.4349333333333333,1.3794333333333333,0.2692307692307692,0.5576923076923077,0.19672131147540983,0.2459016393442623,0.45901639344262296,0.21311475409836064,0.6981981981981982,0.21390374331550802,0.39690721649484534,0.15463917525773196,0.4838709677419355,0.23225806451612904,0.025806451612903226,8.448979591836736,0.9183673469387755,7.7142857142857135,0.1926605504587156,0.5680630113064634,0.17416790543958496,0.5680630113064634,0.8,,0.5,,,,,False,,1.5,,,,,False,
807712,Luke Keaschall,MIN,CWS,0,1.0,1.0,641743,Anthony Kay,L,824553,7:10 PM ET,Rate Field,1,0,0.16230366492146597,2026-09-05,824553,0.0,0,95.5,94.6,96.9,R,5,5,0,0,0,0,0,0,0,0,0,5,0,0,1,3,0,0.10200000000000001,0.12279999999999999,0,0,0,0,0,0,0.3492063492063492,0.4142857142857143,0.873015873015873,0.11428571428571428,0.37735849056603776,0.19047619047619047,0.02857142857142857,0.08571428571428572,0.12698412698412698,2.2666666666666666,0.5333333333333333,0.32727272727272727,0.32727272727272727,0.23636363636363636,0.34545454545454546,0.01818181818181818,0.3169711111111111,0.5009688888888888,0.42105263157894735,0.08695652173913043,0.35317333333333334,0.5075066666666667,0.3448275862068966,0.5689655172413793,0.13432835820895522,0.2608695652173913,0.3695652173913043,0.24074074074074073,0.6981981981981982,0.21390374331550802,0.39690721649484534,0.15463917525773196,0.4838709677419355,0.23225806451612904,0.025806451612903226,8.448979591836736,0.9183673469387755,7.7142857142857135,0.1926605504587156,0.5495246535254391,0.12569355367490254,0.5495246535254391,0.5333333333333333,,0.5,,,,,False,,1.5,,,,,False,
668904,Royce Lewis,MIN,CWS,0,5.0,1.0,641743,Anthony Kay,L,824553,7:10 PM ET,Rate Field,1,0,0.16230366492146597,2026-09-05,824553,0.0,0,95.5,94.6,96.9,R,4,4,2,1,0,0,0,0,0,1,3,3,0,1,3,0,0,0.357,1.0486666666666666,1,1,1,1,1,0,0.1896551724137931,0.21311475409836064,0.8103448275862069,0.18032786885245902,0.2127659574468085,0.06896551724137931,0.01639344262295082,0.01639344262295082,0.034482758620689655,1.0,0.7333333333333333,0.3125,0.22916666666666666,0.3541666666666667,0.25,0.020833333333333332,0.3288477777777778,0.4467922222222222,0.25,0.22727272727272727,0.33691666666666664,0.5426333333333333,0.17543859649122806,0.2807017543859649,0.1935483870967742,0.2857142857142857,0.42857142857142855,0.26229508196721313,0.6981981981981982,0.21390374331550802,0.39690721649484534,0.15463917525773196,0.4838709677419355,0.23225806451612904,0.025806451612903226,8.448979591836736,0.9183673469387755,7.7142857142857135,0.1926605504587156,0.5295850692319497,0.1766798162612483,0.5295850692319497,0.7333333333333333,,0.5,,,,,False,,1.5,,,,,False,
680777,Ryan Jeffers,MIN,CWS,0,3.0,1.0,641743,Anthony Kay,L,824553,7:10 PM ET,Rate Field,1,0,0.16230366492146597,2026-09-05,824553,0.0,0,95.5,94.6,96.9,R,4,4,0,0,0,0,0,0,0,1,0,3,0,2,1,2,0,0.15033333333333335,0.16633333333333333,0,0,0,0,1,0,0.23529411764705882,0.3157894736842105,0.8235294117647058,0.15789473684210525,0.23076923076923078,0.3137254901960784,0.05263157894736842,0.08771929824561403,0.17647058823529413,1.8666666666666667,0.6,0.42857142857142855,0.30952380952380953,0.3333333333333333,0.2619047619047619,0.047619047619047616,0.2996602564102564,0.6191769230769231,0.35294117647058826,0.10526315789473684,0.3251566666666667,0.8119166666666665,0.26785714285714285,0.5535714285714286,0.18032786885245902,0.22448979591836735,0.3469387755102041,0.16393442622950818,0.6981981981981982,0.21390374331550802,0.39690721649484534,0.15463917525773196,0.4838709677419355,0.23225806451612904,0.025806451612903226,8.448979591836736,0.9183673469387755,7.7142857142857135,0.1926605504587156,0.520394226795703,0.15401845068324774,0.520394226795703,0.6,,0.5,,,,,False,,1.5,,,,,False,
668952,Ryan Kreidler,MIN,CWS,0,9.0,1.0,641743,Anthony Kay,L,824553,7:10 PM ET,Rate Field,1,0,0.16230366492146597,2026-09-05,824553,0.0,0,95.5,94.6,96.9,R,2,1,0,0,0,0,1,0,0,1,0,0,0,0,0,0,0,0.029,0.046,0,0,0,0,1,0,0.14285714285714285,0.2,0.7142857142857143,0.2608695652173913,0.1724137931034483,0.07142857142857142,0.021739130434782608,0.0,0.023809523809523808,0.6,0.8,0.3870967741935484,0.0967741935483871,0.41935483870967744,0.41935483870967744,0.03225806451612903,0.22339880952380953,0.4482023809523809,0.1111111111111111,0.18181818181818182,0.1725,0.43000000000000016,0.1956521739130435,0.32608695652173914,0.23404255319148937,0.14285714285714285,0.23809523809523808,0.25,0.6981981981981982,0.21390374331550802,0.39690721649484534,0.15463917525773196,0.4838709677419355,0.23225806451612904,0.025806451612903226,8.448979591836736,0.9183673469387755,7.7142857142857135,0.1926605504587156,0.4752827795527487,0.14541323316915902,0.4752827795527487,0.8,,0.5,,,,,False,,1.5,,,,,False,
682998,Corbin Carroll,AZ,HOU,0,5.0,1.0,814490,Ethan Pecko,R,824145,7:15 PM ET,Daikin Park,0,1,0.19012797074954296,2026-09-05,824145,1.0,0,97.4,100.1,118.7,L,4,4,0,0,0,0,0,0,0,2,0,2,0,0,0,0,0,0.0085,0.010499999999999999,0,0,0,0,1,1,0.18518518518518517,0.28125,0.7222222222222222,0.234375,0.225,0.12962962962962962,0.015625,0.03125,0.07407407407407407,1.1333333333333333,1.0,0.3902439024390244,0.21951219512195122,0.36585365853658536,0.2926829268292683,0.0,0.36275999999999997,0.6007777777777779,0.05263157894736842,0.23809523809523808,0.29824,0.34530666666666693,0.24528301886792453,0.5660377358490566,0.109375,0.29310344827586204,0.5689655172413793,0.25,,,,,,,,,,,,0.613639428072453,0.18218341690387532,0.613639428072453,1.0,,0.5,,,,,False,,1.5,,,,,False,
672515,Gabriel Moreno,AZ,HOU,0,3.0,1.0,814490,Ethan Pecko,R,824145,7:15 PM ET,Daikin Park,1,1,0.19012797074954296,2026-09-05,824145,1.0,0,97.4,100.1,118.7,R,4,2,1,0,0,1,2,0,0,1,4,1,0,1,0,0,1,0.774,2.221,1,0,1,1,1,0,0.23214285714285715,0.3125,0.8035714285714286,0.171875,0.23255813953488372,0.23214285714285715,0.046875,0.0625,0.125,1.7333333333333334,0.7333333333333333,0.45652173913043476,0.2826086956521739,0.391304347826087,0.2608695652173913,0.043478260869565216,0.2881177777777778,0.5320844444444445,0.2,0.23809523809523808,0.28728333333333333,0.3522833333333333,0.2903225806451613,0.532258064516129,0.15151515151515152,0.25,0.44642857142857145,0.18181818181818182,,,,,,,,,,,,0.48254615639328463,0.1413619371940222,0.48254615639328463,0.7333333333333333,,0.5,,,,,False,,1.5,,,,,False,
672695,Geraldo Perdomo,AZ,HOU,0,2.0,1.0,814490,Ethan Pecko,R,824145,7:15 PM ET,Daikin Park,0,1,0.19012797074954296,2026-09-05,824145,1.0,0,97.4,100.1,118.7,L,3,2,0,0,0,0,1,0,0,0,0,2,0,0,1,1,0,0.0735,0.09,0,0,0,0,0,0,0.34210526315789475,0.4318181818181818,0.868421052631579,0.11363636363636363,0.3939393939393939,0.0,0.0,0.0,0.0,0.8666666666666667,0.3333333333333333,0.3939393939393939,0.45454545454545453,0.45454545454545453,0.030303030303030304,0.0,0.45914102564102566,0.5418461538461539,0.21428571428571427,0.1875,0.3903333333333334,0.4665000000000001,0.24561403508771928,0.3333333333333333,0.15625,0.3620689655172414,0.46551724137931033,0.1044776119402985,,,,,,,,,,,,0.3850446601097368,0.07358618399921622,0.3850446601097368,0.3333333333333333,,0.5,,,,,False,,1.5,,,,,False,
606466,Ketel Marte,AZ,HOU,0,4.0,1.0,814490,Ethan Pecko,R,824145,7:15 PM ET,Daikin Park,0,1,0.19012797074954296,2026-09-05,824145,1.0,0,97.4,100.1,118.7,L,4,3,1,1,0,0,1,0,0,1,2,2,0,1,1,1,0,0.0955,0.10450000000000001,1,0,1,1,1,0,0.2903225806451613,0.45,0.8709677419354839,0.1,0.28,0.22580645161290322,0.05,0.025,0.0967741935483871,1.0666666666666667,0.26666666666666666,0.37037037037037035,0.25925925925925924,0.37037037037037035,0.25925925925925924,0.0,0.3166904761904762,0.4922916666666667,0.2222222222222222,0.08333333333333333,0.2911999999999999,0.3376,0.22641509433962265,0.37735849056603776,0.13846153846153847,0.26666666666666666,0.5333333333333333,0.15151515151515152,,,,,,,,,,,,0.37236234449165656,0.06817170643357745,0.37236234449165656,0.26666666666666666,,0.5,,,,,False,,1.5,,,,,False,
663457,Lars Nootbaar,AZ,HOU,0,1.0,1.0,814490,Ethan Pecko,R,824145,7:15 PM ET,Daikin Park,0,1,0.19012797074954296,2026-09-05,824145,1.0,0,97.4,100.1,118.7,L,4,3,0,0,0,0,1,0,0,1,0,2,0,1,0,0,1,0.4315,0.5125,0,0,0,0,1,0,0.2727272727272727,0.36,0.8409090909090909,0.14,0.2647058823529412,0.2727272727272727,0.06,0.06,0.13636363636363635,1.6,0.4666666666666667,0.5405405405405406,0.1891891891891892,0.35135135135135137,0.40540540540540543,0.10810810810810811,0.34464222222222224,0.7912755555555556,0.42857142857142855,0.25,0.4464666666666666,1.3151666666666668,0.2619047619047619,0.5476190476190477,0.1276595744680851,0.19607843137254902,0.37254901960784315,0.2,,,,,,,,,,,,0.4629952026590149,0.12752639827088047,0.4629952026590149,0.4666666666666667,,0.5,,,,,False,,1.5,,,,,False,
596146,Max Kepler,AZ,HOU,0,7.0,1.0,814490,Ethan Pecko,R,824145,7:15 PM ET,Daikin Park,0,1,0.19012797074954296,2026-09-05,824145,1.0,0,97.4,100.1,118.7,L,2,2,0,0,0,0,0,0,0,0,0,2,0,0,1,1,0,0.3425,0.384,0,0,0,0,0,0,0.18518518518518517,0.2413793103448276,0.7407407407407407,0.2413793103448276,0.25,0.018518518518518517,0.0,0.017241379310344827,0.018518518518518517,0.7333333333333333,0.9333333333333333,0.325,0.225,0.425,0.3,0.0,0.24962222222222225,0.3329388888888889,0.21052631578947367,0.15789473684210525,0.34696666666666665,0.4245333333333333,0.18518518518518517,0.2037037037037037,0.2413793103448276,0.15217391304347827,0.2608695652173913,0.3,,,,,,,,,,,,0.6278052991778925,0.17060418581575065,0.6278052991778925,0.9333333333333333,,0.5,,,,,False,,1.5,,,,,False,
571448,Nolan Arenado,AZ,HOU,0,6.0,1.0,814490,Ethan Pecko,R,824145,7:15 PM ET,Daikin Park,1,1,0.19012797074954296,2026-09-05,824145,1.0,0,97.4,100.1,118.7,R,4,3,0,0,0,0,1,0,0,1,0,2,0,0,0,2,0,0.052000000000000005,0.053500000000000006,0,0,0,0,1,0,0.19298245614035087,0.22033898305084745,0.8070175438596491,0.18333333333333332,0.18604651162790697,0.17543859649122806,0.05,0.016666666666666666,0.07017543859649122,1.4,0.7333333333333333,0.1956521739130435,0.15217391304347827,0.41304347826086957,0.2826086956521739,0.0,0.17258888888888888,0.2578555555555556,0.10526315789473684,0.10526315789473684,0.12363333333333322,0.1527833333333333,0.21818181818181817,0.5454545454545454,0.1,0.21818181818181817,0.36363636363636365,0.22950819672131148,,,,,,,,,,,,0.5495224274489076,0.09623176081137057,0.5495224274489076,0.7333333333333333,,0.5,,,,,False,,1.5,,,,,False,
814439,Ryan Waldschmidt,AZ,HOU,0,9.0,1.0,814490,Ethan Pecko,R,824145,7:15 PM ET,Daikin Park,1,1,0.19012797074954296,2026-09-05,824145,1.0,0,97.4,100.1,118.7,R,3,3,0,0,0,0,0,0,0,2,0,1,0,1,1,0,0,0.72,2.102,0,0,0,0,1,1,0.2619047619047619,0.36,0.7142857142857143,0.24,0.3333333333333333,0.11904761904761904,0.02,0.04,0.07142857142857142,1.0666666666666667,0.8,0.16129032258064516,0.2903225806451613,0.45161290322580644,0.22580645161290322,0.0,0.3381547619047619,0.536327380952381,0.25,0.23529411764705882,0.3253666666666667,0.3716833333333333,0.2608695652173913,0.41304347826086957,0.27450980392156865,0.3191489361702128,0.40425531914893614,0.21052631578947367,,,,,,,,,,,,0.38262828098689594,0.07426555088814803,0.38262828098689594,0.8,,0.5,,,,,False,,1.5,,,,,False,
694374,Tim Tawa,AZ,HOU,0,8.0,1.0,814490,Ethan Pecko,R,824145,7:15 PM ET,Daikin Park,1,1,0.19012797074954296,2026-09-05,824145,1.0,0,97.4,100.1,118.7,R,4,3,0,0,0,0,1,0,0,3,0,0,0,0,0,0,0,0.341,0.366,0,0,0,0,1,1,0.24074074074074073,0.31666666666666665,0.7037037037037037,0.26666666666666666,0.3055555555555556,0.14814814814814814,0.03333333333333333,0.03333333333333333,0.07407407407407407,1.4,1.0666666666666667,0.47368421052631576,0.34210526315789475,0.2894736842105263,0.3157894736842105,0.02631578947368421,0.3177611111111111,0.5788833333333334,0.16666666666666666,0.42105263157894735,0.28586666666666666,0.4426666666666666,0.23636363636363636,0.43636363636363634,0.3559322033898305,0.23255813953488372,0.3023255813953488,0.1836734693877551,,,,,,,,,,,,0.6542440985509783,0.1934999625594129,0.6542440985509783,1.0666666666666667,,0.5,,,,,False,,1.5,,,,,False,
665487,Fernando Tatis Jr.,SD,NYY,1,1.0,1.0,607074,Carlos Rodón,L,823257,7:15 PM ET,Petco Park,1,0,0.22377622377622378,2026-09-05,823257,0.0,0,95.4,94.6,96.5,R,4,4,0,0,0,0,0,0,0,0,0,4,0,2,1,1,2,0.55625,1.0707499999999999,0,0,0,0,0,0,0.3076923076923077,0.31343283582089554,0.8,0.19402985074626866,0.2978723404255319,0.3384615384615385,0.08955223880597014,0.05970149253731343,0.15384615384615385,2.8,0.8666666666666667,0.6226415094339622,0.3584905660377358,0.4528301886792453,0.18867924528301888,0.05660377358490566,0.40867111111111115,0.7218355555555557,0.2608695652173913,0.2608695652173913,0.29083,0.4723400000000001,0.2542372881355932,0.5084745762711864,0.15384615384615385,0.3448275862068966,0.8103448275862069,0.11940298507462686,0.6153846153846154,0.17142857142857143,0.31843575418994413,0.12849162011173185,0.3671875,0.28125,0.015625,6.4601226993865035,0.6625766871165645,9.773006134969327,0.2645739910313901,0.5942256373324747,0.21881474436187628,0.5942256373324747,0.8666666666666667,,0.5,,,,,False,,1.5,,,,,False,
666023,Freddy Fermin,SD,NYY,1,7.0,1.0,607074,Carlos Rodón,L,823257,7:15 PM ET,Petco Park,1,0,0.22377622377622378,2026-09-05,823257,0.0,0,95.4,94.6,96.5,R,3,2,0,0,0,0,0,0,0,0,0,2,1,2,2,0,0,0.2015,0.6495000000000001,0,0,0,0,0,0,0.28,0.29411764705882354,0.76,0.22641509433962265,0.35135135135135137,0.12,0.018867924528301886,0.05660377358490566,0.08,1.3333333333333333,0.8,0.358974358974359,0.41025641025641024,0.3333333333333333,0.20512820512820512,0.0,0.408102380952381,0.5730583333333333,0.26666666666666666,0.17647058823529413,0.4434166666666665,0.5989000000000001,0.38095238095238093,0.5476190476190477,0.17391304347826086,0.1875,0.2916666666666667,0.14,0.6153846153846154,0.17142857142857143,0.31843575418994413,0.12849162011173185,0.3671875,0.28125,0.015625,6.4601226993865035,0.6625766871165645,9.773006134969327,0.2645739910313901,0.5636786516577693,0.18429476087707633,0.5636786516577693,0.8,,0.5,,,,,False,,1.5,,,,,False,
701538,Jackson Merrill,SD,NYY,1,5.0,1.0,607074,Carlos Rodón,L,823257,7:15 PM ET,Petco Park,0,0,0.22377622377622378,2026-09-05,823257,0.0,0,95.4,94.6,96.5,L,4,3,0,0,0,0,0,0,0,0,0,4,0,2,1,3,0,0.2856666666666667,0.5866666666666667,0,0,0,0,0,0,0.21666666666666667,0.27692307692307694,0.7,0.27692307692307694,0.2564102564102564,0.21666666666666667,0.046153846153846156,0.03076923076923077,0.1,1.7333333333333334,1.2,0.4523809523809524,0.2857142857142857,0.2857142857142857,0.38095238095238093,0.07142857142857142,0.36642857142857144,0.6955666666666668,0.23809523809523808,0.21739130434782608,0.4082,0.6348666666666666,0.2413793103448276,0.5172413793103449,0.19696969696969696,0.3387096774193548,0.5645161290322581,0.296875,0.6153846153846154,0.17142857142857143,0.31843575418994413,0.12849162011173185,0.3671875,0.28125,0.015625,6.4601226993865035,0.6625766871165645,9.773006134969327,0.2645739910313901,0.7307604085172598,0.3132072302852204,0.7307604085172598,1.2,,0.5,,,,,False,,1.5,,,,,False,
630105,Jake Cronenworth,SD,NYY,1,8.0,1.0,607074,Carlos Rodón,L,823257,7:15 PM ET,Petco Park,0,0,0.22377622377622378,2026-09-05,823257,0.0,0,95.4,94.6,96.5,L,3,2,0,0,0,0,1,0,0,0,0,2,0,0,0,2,0,0.215,0.2365,0,0,0,0,0,0,0.18518518518518517,0.2786885245901639,0.6296296296296297,0.32786885245901637,0.29411764705882354,0.07407407407407407,0.0,0.06557377049180328,0.07407407407407407,0.9333333333333333,1.3333333333333333,0.20588235294117646,0.2647058823529412,0.35294117647058826,0.29411764705882354,0.0,0.26263095238095235,0.31732738095238094,0.05263157894736842,0.3,0.0746666666666668,0.11865000000000044,0.22580645161290322,0.3387096774193548,0.30303030303030304,0.20833333333333334,0.25,0.1724137931034483,0.6153846153846154,0.17142857142857143,0.31843575418994413,0.12849162011173185,0.3671875,0.28125,0.015625,6.4601226993865035,0.6625766871165645,9.773006134969327,0.2645739910313901,0.683936499582768,0.25594589138608137,0.683936499582768,1.3333333333333333,,0.5,,,,,False,,1.5,,,,,False,
669134,Luis Campusano,SD,NYY,1,6.0,1.0,607074,Carlos Rodón,L,823257,7:15 PM ET,Petco Park,1,0,0.22377622377622378,2026-09-05,823257,0.0,0,95.4,94.6,96.5,R,4,4,2,0,0,1,0,0,0,0,5,4,0,1,3,1,0,0.44125000000000003,1.136,1,1,1,1,0,0,0.20454545454545456,0.3137254901960784,0.7045454545454546,0.2549019607843137,0.26666666666666666,0.11363636363636363,0.0196078431372549,0.0392156862745098,0.06818181818181818,0.9333333333333333,0.8666666666666667,0.3225806451612903,0.1935483870967742,0.41935483870967744,0.1935483870967742,0.03225806451612903,0.24963095238095237,0.3526607142857142,0.13333333333333333,0.4375,0.11454166666666662,0.13299999999999998,0.1956521739130435,0.2608695652173913,0.22641509433962265,0.20588235294117646,0.3235294117647059,0.25,0.6153846153846154,0.17142857142857143,0.31843575418994413,0.12849162011173185,0.3671875,0.28125,0.015625,6.4601226993865035,0.6625766871165645,9.773006134969327,0.2645739910313901,0.6327940218260298,0.2671454205043418,0.6327940218260298,0.8666666666666667,,0.5,,,,,False,,1.5,,,,,False,
592518,Manny Machado,SD,NYY,1,3.0,1.0,607074,Carlos Rodón,L,823257,7:15 PM ET,Petco Park,1,0,0.22377622377622378,2026-09-05,823257,0.0,0,95.4,94.6,96.5,R,4,4,1,0,0,0,0,0,0,1,1,3,0,0,2,0,1,0.4446666666666667,0.508,1,0,1,0,1,0,0.2727272727272727,0.39705882352941174,0.7454545454545455,0.20588235294117646,0.34146341463414637,0.07272727272727272,0.014705882352941176,0.014705882352941176,0.03636363636363636,1.2666666666666666,0.9333333333333333,0.42857142857142855,0.30952380952380953,0.35714285714285715,0.21428571428571427,0.0,0.33417666666666673,0.4516966666666667,0.3684210526315789,0.21739130434782608,0.3602300000000001,0.43294,0.1724137931034483,0.1724137931034483,0.19117647058823528,0.2727272727272727,0.4,0.24615384615384617,0.6153846153846154,0.17142857142857143,0.31843575418994413,0.12849162011173185,0.3671875,0.28125,0.015625,6.4601226993865035,0.6625766871165645,9.773006134969327,0.2645739910313901,0.6721648059451107,0.28732362903859676,0.6721648059451107,0.9333333333333333,,0.5,,,,,False,,1.5,,,,,False,
669392,Samad Taylor,SD,NYY,1,9.0,1.0,607074,Carlos Rodón,L,823257,7:15 PM ET,Petco Park,1,0,0.22377622377622378,2026-09-05,823257,0.0,0,95.4,94.6,96.5,R,4,4,0,0,0,0,0,0,0,1,0,3,0,0,1,2,0,0.151,0.2703333333333333,0,0,0,0,1,0,0.32608695652173914,0.43636363636363634,0.6521739130434783,0.2857142857142857,0.5,0.08695652173913043,0.0,0.0,0.043478260869565216,1.2666666666666666,1.0666666666666667,0.22580645161290322,0.3870967741935484,0.45161290322580644,0.12903225806451613,0.03225806451612903,0.42643589743589744,0.5336794871794871,0.35714285714285715,0.29411764705882354,0.4176666666666667,0.5399,0.3157894736842105,0.38596491228070173,0.2923076923076923,0.34146341463414637,0.43902439024390244,0.22,0.6153846153846154,0.17142857142857143,0.31843575418994413,0.12849162011173185,0.3671875,0.28125,0.015625,6.4601226993865035,0.6625766871165645,9.773006134969327,0.2645739910313901,0.5183952129073163,0.16197792210889736,0.5183952129073163,1.0666666666666667,,0.5,,,,,False,,1.5,,,,,False,
664034,Ty France,SD,NYY,1,4.0,1.0,607074,Carlos Rodón,L,823257,7:15 PM ET,Petco Park,1,0,0.22377622377622378,2026-09-05,823257,0.0,0,95.4,94.6,96.5,R,4,3,2,2,0,0,1,0,0,1,4,2,0,2,0,1,1,0.68,0.7925,1,1,1,1,1,0,0.29411764705882354,0.42424242424242425,0.7843137254901961,0.16666666666666666,0.3076923076923077,0.19607843137254902,0.045454545454545456,0.015151515151515152,0.0784313725490196,1.6666666666666667,0.7333333333333333,0.40476190476190477,0.30952380952380953,0.30952380952380953,0.2857142857142857,0.047619047619047616,0.33660666666666667,0.604588888888889,0.4,0.17391304347826086,0.3609199999999999,0.49849999999999983,0.32727272727272727,0.4727272727272727,0.13432835820895522,0.23076923076923078,0.38461538461538464,0.27419354838709675,0.6153846153846154,0.17142857142857143,0.31843575418994413,0.12849162011173185,0.3671875,0.28125,0.015625,6.4601226993865035,0.6625766871165645,9.773006134969327,0.2645739910313901,0.5972157972964988,0.23751878650180033,0.5972157972964988,0.7333333333333333,,0.5,,,,,False,,1.5,,,,,False,
593428,Xander Bogaerts,SD,NYY,1,2.0,1.0,607074,Carlos Rodón,L,823257,7:15 PM ET,Petco Park,1,0,0.22377622377622378,2026-09-05,823257,0.0,0,95.4,94.6,96.5,R,4,4,1,0,0,0,0,0,0,2,1,2,0,0,1,1,0,0.3625,0.389,1,0,1,0,1,1,0.1875,0.3157894736842105,0.7916666666666666,0.17543859649122806,0.23684210526315788,0.0625,0.0,0.05263157894736842,0.0625,0.8,0.6666666666666666,0.5263157894736842,0.21052631578947367,0.47368421052631576,0.2631578947368421,0.0,0.29086904761904764,0.4653809523809524,0.26666666666666666,0.2631578947368421,0.3210416666666667,0.5262916666666668,0.2,0.4,0.17857142857142858,0.22,0.28,0.09836065573770492,0.6153846153846154,0.17142857142857143,0.31843575418994413,0.12849162011173185,0.3671875,0.28125,0.015625,6.4601226993865035,0.6625766871165645,9.773006134969327,0.2645739910313901,0.5167704890725995,0.1763618286462423,0.5167704890725995,0.6666666666666666,,0.5,,,,,False,,1.5,,,,,False,
691182,Adael Amador,COL,STL,1,8.0,1.0,669461,Matthew Liberatore,L,824310,8:10 PM ET,Coors Field,1,0,0.2516891891891892,2026-09-05,824310,0.0,0,117.3,118.0,105.2,R,1,1,1,0,0,0,0,0,0,0,1,1,0,1,0,0,1,0.8,0.917,1,0,1,0,0,0,0.25925925925925924,0.3548387096774194,0.8148148148148148,0.15625,0.25,0.2962962962962963,0.0625,0.0625,0.14814814814814814,1.0,0.3333333333333333,0.21739130434782608,0.21739130434782608,0.21739130434782608,0.4782608695652174,0.043478260869565216,0.213875,0.40658333333333335,0.4,0.0,0.18336666666666668,0.3295666666666667,0.2857142857142857,0.5238095238095238,0.14893617021276595,0.10526315789473684,0.10526315789473684,0.22727272727272727,0.6175115207373272,0.23404255319148937,0.3865979381443299,0.12886597938144329,0.373134328358209,0.30597014925373134,0.022388059701492536,10.83941605839416,1.773722627737226,10.445255474452553,0.25118483412322273,0.47063662801316797,0.11244081038929754,0.47063662801316797,0.3333333333333333,,0.5,,,,,False,,1.5,,,,,False,
694249,Cole Carrigg,COL,STL,1,5.0,1.0,669461,Matthew Liberatore,L,824310,8:10 PM ET,Coors Field,0,0,0.2516891891891892,2026-09-05,824310,0.0,0,117.3,118.0,105.2,L,5,5,2,0,1,1,0,0,0,1,7,4,1,1,1,2,1,0.47625,1.07475,1,1,1,1,1,0,0.21875,0.24242424242424243,0.78125,0.21212121212121213,0.25,0.15625,0.030303030303030304,0.06060606060606061,0.09375,0.8,0.4666666666666667,0.48,0.2,0.36,0.4,0.04,0.30357051282051284,0.6388205128205128,0.3,0.1,0.25433333333333336,0.5564,0.15517241379310345,0.22413793103448276,0.22388059701492538,0.23214285714285715,0.39285714285714285,0.3,0.6175115207373272,0.23404255319148937,0.3865979381443299,0.12886597938144329,0.373134328358209,0.30597014925373134,0.022388059701492536,10.83941605839416,1.773722627737226,10.445255474452553,0.25118483412322273,0.4966846832918262,0.1713745319911586,0.4966846832918262,0.4666666666666667,,0.5,,,,,False,,1.5,,,,,False,
681393,Connor Norby,COL,STL,1,2.0,1.0,669461,Matthew Liberatore,L,824310,8:10 PM ET,Coors Field,1,0,0.2516891891891892,2026-09-05,824310,0.0,0,117.3,118.0,105.2,R,4,4,2,0,0,0,0,0,0,0,2,4,0,0,1,1,2,0.44725000000000004,0.5095,1,1,1,1,0,0,0.2777777777777778,0.3389830508474576,0.6481481481481481,0.31666666666666665,0.3939393939393939,0.18518518518518517,0.03333333333333333,0.06666666666666667,0.1111111111111111,1.6666666666666667,1.2666666666666666,0.37142857142857144,0.2571428571428571,0.4,0.3142857142857143,0.05714285714285714,0.45478888888888885,0.6103333333333334,0.2,0.2857142857142857,0.4208833333333333,0.48693333333333333,0.2653061224489796,0.46938775510204084,0.2982456140350877,0.15789473684210525,0.18421052631578946,0.26666666666666666,0.6175115207373272,0.23404255319148937,0.3865979381443299,0.12886597938144329,0.373134328358209,0.30597014925373134,0.022388059701492536,10.83941605839416,1.773722627737226,10.445255474452553,0.25118483412322273,0.7215009140387639,0.361015386524892,0.7215009140387639,1.2666666666666666,,0.5,,,,,False,,1.5,,,,,False,
678662,Ezequiel Tovar,COL,STL,1,9.0,1.0,669461,Matthew Liberatore,L,824310,8:10 PM ET,Coors Field,1,0,0.2516891891891892,2026-09-05,824310,0.0,0,117.3,118.0,105.2,R,1,1,1,0,0,0,0,0,0,0,1,1,0,0,0,1,0,0.201,0.23,1,0,1,0,0,0,0.21621621621621623,0.2682926829268293,0.6756756756756757,0.2857142857142857,0.28,0.10810810810810811,0.023809523809523808,0.023809523809523808,0.05405405405405406,0.8,0.8,0.38461538461538464,0.19230769230769232,0.34615384615384615,0.4230769230769231,0.038461538461538464,0.34063095238095237,0.5210119047619047,0.16666666666666666,0.4166666666666667,0.25150000000000006,0.37750000000000017,0.35555555555555557,0.5333333333333333,0.26,0.125,0.25,0.1111111111111111,0.6175115207373272,0.23404255319148937,0.3865979381443299,0.12886597938144329,0.373134328358209,0.30597014925373134,0.022388059701492536,10.83941605839416,1.773722627737226,10.445255474452553,0.25118483412322273,0.3622791791577004,0.08706052970719143,0.3622791791577004,0.8,,0.5,,,,,False,,1.5,,,,,False,
696100,Hunter Goodman,COL,STL,1,3.0,1.0,669461,Matthew Liberatore,L,824310,8:10 PM ET,Coors Field,1,0,0.2516891891891892,2026-09-05,824310,0.0,0,117.3,118.0,105.2,R,5,3,0,0,0,0,1,0,1,0,0,4,0,0,1,1,2,0.37266666666666665,0.509,0,0,0,0,0,0,0.23214285714285715,0.2833333333333333,0.6964285714285714,0.2786885245901639,0.2777777777777778,0.23214285714285715,0.04918032786885246,0.03278688524590164,0.10714285714285714,1.7333333333333334,1.1333333333333333,0.48717948717948717,0.10256410256410256,0.48717948717948717,0.3076923076923077,0.02564102564102564,0.2838555555555555,0.5795555555555556,0.15789473684210525,0.42857142857142855,0.16970000000000005,0.2768666666666665,0.24561403508771928,0.49122807017543857,0.36065573770491804,0.21739130434782608,0.30434782608695654,0.2711864406779661,0.6175115207373272,0.23404255319148937,0.3865979381443299,0.12886597938144329,0.373134328358209,0.30597014925373134,0.022388059701492536,10.83941605839416,1.773722627737226,10.445255474452553,0.25118483412322273,0.7051628110185071,0.3498690556986022,0.7051628110185071,1.1333333333333333,,0.5,,,,,False,,1.5,,,,,False,
664983,Jake McCarthy,COL,STL,1,1.0,1.0,669461,Matthew Liberatore,L,824310,8:10 PM ET,Coors Field,0,0,0.2516891891891892,2026-09-05,824310,0.0,0,117.3,118.0,105.2,L,5,4,0,0,0,0,1,0,0,1,0,3,0,0,1,1,1,0.06466666666666666,0.09133333333333334,0,0,0,0,1,0,0.28125,0.3380281690140845,0.84375,0.14084507042253522,0.3148148148148148,0.140625,0.014084507042253521,0.056338028169014086,0.09375,1.8,0.6666666666666666,0.38181818181818183,0.36363636363636365,0.41818181818181815,0.2,0.03636363636363636,0.3426411111111111,0.48546888888888884,0.3181818181818182,0.08333333333333333,0.28903999999999996,0.49497333333333315,0.2903225806451613,0.4032258064516129,0.13043478260869565,0.2698412698412698,0.4444444444444444,0.15942028985507245,0.6175115207373272,0.23404255319148937,0.3865979381443299,0.12886597938144329,0.373134328358209,0.30597014925373134,0.022388059701492536,10.83941605839416,1.773722627737226,10.445255474452553,0.25118483412322273,0.57480212976288,0.17960998178345142,0.57480212976288,0.6666666666666666,,0.5,,,,,False,,1.5,,,,,False,
687597,Jordan Beck,COL,STL,1,6.0,1.0,669461,Matthew Liberatore,L,824310,8:10 PM ET,Coors Field,1,0,0.2516891891891892,2026-09-05,824310,0.0,0,117.3,118.0,105.2,R,3,3,0,0,0,0,0,0,0,2,0,1,0,0,0,1,0,0.248,0.279,0,0,0,0,1,1,0.21951219512195122,0.30434782608695654,0.5853658536585366,0.3695652173913043,0.375,0.024390243902439025,0.0,0.021739130434782608,0.024390243902439025,0.6666666666666666,1.1333333333333333,0.4166666666666667,0.2916666666666667,0.2916666666666667,0.2916666666666667,0.0,0.3554583333333333,0.4373214285714285,0.3076923076923077,0.46153846153846156,0.3684583333333334,0.41804166666666664,0.15555555555555556,0.24444444444444444,0.28,0.2558139534883721,0.37209302325581395,0.4,0.6175115207373272,0.23404255319148937,0.3865979381443299,0.12886597938144329,0.373134328358209,0.30597014925373134,0.022388059701492536,10.83941605839416,1.773722627737226,10.445255474452553,0.25118483412322273,0.7045762289503722,0.3370414057324334,0.7045762289503722,1.1333333333333333,,0.5,,,,,False,,1.5,,,,,False,
681198,TJ Rumfield,COL,STL,1,4.0,1.0,669461,Matthew Liberatore,L,824310,8:10 PM ET,Coors Field,0,0,0.2516891891891892,2026-09-05,824310,0.0,0,117.3,118.0,105.2,L,5,4,3,0,1,1,1,0,0,0,8,4,0,2,3,1,0,0.57475,1.47725,1,1,1,1,0,0,0.2916666666666667,0.47692307692307695,0.8541666666666666,0.1076923076923077,0.325,0.10416666666666667,0.015384615384615385,0.03076923076923077,0.0625,1.2666666666666666,0.4666666666666667,0.3902439024390244,0.17073170731707318,0.4146341463414634,0.3170731707317073,0.04878048780487805,0.32007777777777774,0.49998888888888887,0.3333333333333333,0.14285714285714285,0.3618833333333334,0.6833833333333332,0.22448979591836735,0.30612244897959184,0.12307692307692308,0.2857142857142857,0.32653061224489793,0.09836065573770492,0.6175115207373272,0.23404255319148937,0.3865979381443299,0.12886597938144329,0.373134328358209,0.30597014925373134,0.022388059701492536,10.83941605839416,1.773722627737226,10.445255474452553,0.25118483412322273,0.46499169762471704,0.13981357683458942,0.46499169762471704,0.4666666666666667,,0.5,,,,,False,,1.5,,,,,False,
687859,Troy Johnston,COL,STL,1,7.0,1.0,669461,Matthew Liberatore,L,824310,8:10 PM ET,Coors Field,0,0,0.2516891891891892,2026-09-05,824310,0.0,0,117.3,118.0,105.2,L,4,3,1,1,0,0,1,0,0,0,2,3,0,2,0,2,1,0.2936666666666667,0.36166666666666664,1,0,1,1,0,0,0.3333333333333333,0.43478260869565216,0.7948717948717948,0.17391304347826086,0.4,0.20512820512820512,0.021739130434782608,0.06521739130434782,0.1282051282051282,1.4,0.5333333333333333,0.3548387096774194,0.1935483870967742,0.45161290322580644,0.3548387096774194,0.03225806451612903,0.38869642857142855,0.5305595238095239,0.3333333333333333,0.4,0.409,0.4694999999999999,0.3157894736842105,0.5,0.18181818181818182,0.26666666666666666,0.4,0.1346153846153846,0.6175115207373272,0.23404255319148937,0.3865979381443299,0.12886597938144329,0.373134328358209,0.30597014925373134,0.022388059701492536,10.83941605839416,1.773722627737226,10.445255474452553,0.25118483412322273,0.40257399865860716,0.10062315536930085,0.40257399865860716,0.5333333333333333,,0.5,,,,,False,,1.5,,,,,False,
