player_name,team_abbr,stand,pitcher_name,p_throws,home_team,opp_team,is_home,lineup_source,adj_prob,fair_odds,has_line,best_book,best_odds,book_implied,edge,model_prob,k_pct,bb_pct,contact_rate,exp_pa,p_contact_game,hr_park_factor,temp_f,wind_speed,wind_favor,is_dome,humidity_pct,precip_pct,wind_description,game_time,stadium,season_hr,bat_order,recent_hr,days_since_hr,p_fip,barrel_pct_15,hardhit_pct_15,flyball_pct_15,avg_ev_15,xwoba_15,xslg_15,p_hr_per_bb_allowed_10,pitcher_era,pitcher_hr9,pitcher_hr_allowed,pitcher_ip,vs_pitcher_ab,vs_pitcher_h,vs_pitcher_hr,vs_pitcher_avg,hr_vs_r,hr_vs_l,game_date,game_id,batter,book_markets
Alec Bohm,PHI,R,Brandon Young,R,BAL,BAL,A,mlb_schedule,0.1685749329309906,493,1,novig,852.0,0.1050420168067226,0.0635,0.1405749329309906,0.1509433962264151,0.080188679245283,0.7688679245283019,4.0,0.9971460860362948,94.3,86.7,8.2,-8.180025212130557,0,86.0,5.0,8 MPH TOWARD HP,7:05 PM ET,Camden Yards,13.0,4.0,1,9.0,4.276,0.0,0.5,0.1666666666666666,92.0402222222222,0.3247455555555555,0.4825177777777777,0.0219780219780219,,,,,0,0,0,,7,6,2026-07-31,824809,664761,"{""novig"": {""odds"": 852}, ""bet365"": {""odds"": 850}, ""draftkings"": {""odds"": 730}, ""fanduel"": {""odds"": 700}}"
Trea Turner,PHI,R,Brandon Young,R,BAL,BAL,A,mlb_schedule,0.174307160102486,474,1,bet365,800.0,0.1111111111111111,0.0632,0.146307160102486,0.2260127931769723,0.0660980810234541,0.7078891257995735,4.3,0.9949666722004548,94.3,86.7,8.2,-8.180025212130557,0,86.0,5.0,8 MPH TOWARD HP,7:05 PM ET,Camden Yards,15.0,1.0,1,11.0,4.276,0.0217391304347826,0.5217391304347826,0.1956521739130435,90.1588888888889,0.4155888888888889,0.5800666666666666,0.0219780219780219,,,,,0,0,0,,12,3,2026-07-31,824809,607208,"{""novig"": {""odds"": 669}, ""bet365"": {""odds"": 800}, ""betmgm"": {""odds"": 475}, ""draftkings"": {""odds"": 599}, ""fanduel"": {""odds"": 540}}"
Hunter Feduccia,TB,L,Erick Fedde,R,TB,CWS,H,mlb_schedule,0.1509594779297526,562,1,novig,1011.0,0.09000900090009,0.061,0.1229594779297526,0.22,0.08,0.7000000000000001,3.4,0.98331937703468,99.8,86.1,0.0,0.0,1,96.0,27.0,DOME,7:10 PM ET,Tropicana Field,,9.0,0,24.0,6.1,0.0588235294117647,0.4117647058823529,0.3529411764705882,88.3711111111111,0.3545166666666667,0.5178111111111111,0.028169014084507,,,,,0,0,0,,2,0,2026-07-31,822945,676439,"{""novig"": {""odds"": 1011}, ""bet365"": {""odds"": 850}, ""fanduel"": {""odds"": 870}}"
Dansby Swanson,CHC,R,Will Warren,R,CHC,NYY,H,mlb_schedule,0.2185978104771095,357,1,novig,506.0,0.165016501650165,0.0536,0.1905978104771095,0.2326732673267326,0.1039603960396039,0.6633663366336634,3.5,0.97786643341596,105.5,79.8,17.0,10.466245080536192,0,89.0,55.0,10 MPH TOWARD OF,2:20 PM ET,Wrigley Field,,8.0,0,,3.246,0.0,0.4883720930232558,0.2325581395348837,90.47888888888887,0.3984944444444445,0.5870611111111111,0.0476190476190476,,,,,4,0,0,0.0,11,5,2026-07-31,824651,621020,"{""novig"": {""odds"": 506}, ""bet365"": {""odds"": 475}, ""pinnacle"": {""odds"": 490}, ""draftkings"": {""odds"": 432}, ""fanduel"": {""odds"": 460}}"
A.J. Ewing,NYM,L,Janson Junk,R,NYM,MIA,H,mlb_schedule,0.1523678508215474,556,1,novig,852.0,0.1050420168067226,0.0473,0.1243678508215474,0.22,0.08,0.7000000000000001,4.3,0.9943555530543188,95.0,84.0,11.5,11.358415916844084,0,95.0,8.0,11 MPH TOWARD OF,7:10 PM ET,Citi Field,,1.0,0,23.0,4.1,0.0,0.4285714285714285,0.238095238095238,91.9361111111111,0.3627222222222223,0.5162222222222222,0.0462427745664739,,,,,0,0,0,,5,2,2026-07-31,823593,805999,"{""novig"": {""odds"": 852}, ""bet365"": {""odds"": 650}, ""fanduel"": {""odds"": 630}}"
Michael Conforto,CHC,L,Will Warren,R,CHC,NYY,H,mlb_schedule,0.1720633631790567,481,1,bet365,700.0,0.125,0.0471,0.1440633631790567,0.22,0.08,0.7000000000000001,3.6,0.9868889788795844,102.5,79.8,17.0,10.466245080536192,0,89.0,55.0,10 MPH TOWARD OF,2:20 PM ET,Wrigley Field,,7.0,1,,3.246,0.0294117647058823,0.3823529411764705,0.4705882352941176,89.45444444444443,0.3906277777777777,0.6312722222222222,0.0476190476190476,,,,,0,0,0,,7,2,2026-07-31,824651,624424,"{""novig"": {""odds"": 525}, ""bet365"": {""odds"": 700}, ""draftkings"": {""odds"": 485}, ""fanduel"": {""odds"": 450}}"
Ryan Waldschmidt,AZ,R,Tanner Bibee,R,CLE,CLE,A,mlb_schedule,0.1334587485697855,649,1,betmgm,1000.0,0.0909090909090909,0.0425,0.1054587485697855,0.22,0.08,0.7000000000000001,3.4,0.98331937703468,95.7,84.5,8.9,-8.308865795825096,0,84.0,5.0,8 MPH TOWARD HP,7:10 PM ET,Progressive Field,,9.0,1,9.0,4.632,0.0588235294117647,0.2647058823529412,0.3823529411764705,88.32277777777777,0.37405,0.5845333333333333,0.0742857142857142,3.89,1.44,20.0,125.0,0,0,0,,1,0,2026-07-31,824407,814439,"{""novig"": {""odds"": 733}, ""bet365"": {""odds"": 900}, ""betmgm"": {""odds"": 1000}, ""fanduel"": {""odds"": 870}}"
J.T. Realmuto,PHI,R,Brandon Young,R,BAL,BAL,A,mlb_schedule,0.1422131071041069,603,1,bet365,900.0,0.1,0.0422,0.1142131071041069,0.22,0.08,0.7000000000000001,3.7,0.9883761862532516,94.3,86.7,8.2,-8.180025212130557,0,86.0,5.0,8 MPH TOWARD HP,7:05 PM ET,Camden Yards,,6.0,0,23.0,4.276,0.0,0.5,0.1470588235294117,91.62444444444444,0.3554333333333333,0.4721555555555555,0.0219780219780219,,,,,0,0,0,,6,1,2026-07-31,824809,592663,"{""novig"": {""odds"": 809}, ""bet365"": {""odds"": 900}, ""betmgm"": {""odds"": 550}, ""draftkings"": {""odds"": 790}, ""fanduel"": {""odds"": 750}}"
Joe Mack,MIA,L,Kodai Senga,R,NYM,NYM,A,mlb_schedule,0.1621043280738719,517,1,draftkings,730.0,0.1204819277108433,0.0416,0.134104328073872,0.22,0.08,0.7000000000000001,3.5,0.9852114909473604,95.0,84.0,11.5,11.358415916844084,0,95.0,8.0,11 MPH TOWARD OF,7:10 PM ET,Citi Field,,8.0,1,7.0,6.15,0.0555555555555555,0.3888888888888889,0.3888888888888889,89.19944444444445,0.5915166666666666,1.0169777777777778,0.1263157894736842,,,,,0,0,0,,9,1,2026-07-31,823593,691788,"{""novig"": {""odds"": 700}, ""bet365"": {""odds"": 600}, ""draftkings"": {""odds"": 730}, ""fanduel"": {""odds"": 600}}"
Fernando Tatis Jr.,SD,R,Carson Whisenhunt,L,SD,SF,H,mlb_schedule,0.2015768194083136,396,1,novig,525.0,0.16,0.0416,0.1735768194083136,0.1991614255765199,0.0985324947589098,0.7023060796645701,4.3,0.9945397710787449,101.7,81.0,7.4,-7.11333654994356,0,93.0,0.0,7 MPH TOWARD HP,9:45 PM ET,Petco Park,8.0,1.0,1,10.0,,0.0444444444444444,0.5555555555555556,0.1777777777777777,91.66777777777776,0.40171,0.5930722222222222,0.0659340659340659,,,,,0,0,0,,5,3,2026-07-31,823272,665487,"{""novig"": {""odds"": 525}, ""pinnacle"": {""odds"": 380}}"
Weston Wilson,SEA,R,Zebby Matthews,R,SEA,MIN,H,mlb_schedule,0.1524208672903608,556,1,bet365,800.0,0.1111111111111111,0.0413,0.1244208672903608,0.22,0.08,0.7000000000000001,3.6,0.9868889788795845,103.4,,,,0,,,CALM,10:10 PM ET,T-Mobile Park,,7.0,1,10.0,4.518,0.0,0.2916666666666667,0.4166666666666667,87.55666666666667,0.2540111111111111,0.3599333333333333,0.0782122905027933,,,,,0,0,0,,1,2,2026-07-31,823111,642215,"{""novig"": {""odds"": 700}, ""bet365"": {""odds"": 800}, ""betmgm"": {""odds"": 575}, ""pinnacle"": {""odds"": 560}, ""draftkings"": {""odds"": 578}, ""fanduel"": {""odds"": 560}}"
Carson Benge,NYM,L,Janson Junk,R,NYM,MIA,H,mlb_schedule,0.1650766588735248,506,1,bet365,700.0,0.125,0.0401,0.1370766588735248,0.224537037037037,0.0856481481481481,0.6898148148148149,4.0,0.990742702811054,95.0,84.0,11.5,11.358415916844084,0,95.0,8.0,11 MPH TOWARD OF,7:10 PM ET,Citi Field,11.0,4.0,0,25.0,4.1,0.024390243902439,0.3414634146341463,0.1707317073170731,88.19055555555556,0.3549388888888888,0.4671722222222222,0.0462427745664739,,,,,0,0,0,,8,3,2026-07-31,823593,701807,"{""bet365"": {""odds"": 700}, ""pinnacle"": {""odds"": 500}, ""fanduel"": {""odds"": 560}}"
David Hamilton,MIL,L,Ryan Johnson,R,LAA,LAA,A,mlb_schedule,0.1275773306738145,684,1,bet365,1000.0,0.09090909090909091,0.0367,0.0995773306738145,0.22,0.08,0.7000000000000001,3.5,0.9852114909473605,103.2,,,,0,,,CALM,9:38 PM ET,Angel Stadium,,8.0,0,55.0,,0.0,0.2424242424242424,0.1818181818181818,82.95166666666667,0.2804944444444444,0.3717111111111111,0.081967213114754,,,,,0,0,0,,3,0,2026-07-31,823999,666152,"{""novig"": {""odds"": 953}, ""bet365"": {""odds"": 1000}, ""betmgm"": {""odds"": 600}, ""draftkings"": {""odds"": 930}, ""fanduel"": {""odds"": 900}}"
Jacob Young,WSH,R,Bryce Elder,R,ATL,ATL,A,mlb_schedule,0.1132877328507748,783,1,bet365,1200.0,0.0769230769230769,0.0364,0.0852877328507748,0.22,0.08,0.7000000000000001,3.4,0.98331937703468,92.8,89.9,7.1,0.3715852893249021,0,91.0,0.0,CROSSWIND 7 MPH,7:15 PM ET,Truist Park,,9.0,1,11.0,3.454,0.0,0.2894736842105263,0.2631578947368421,82.33777777777777,0.3288333333333333,0.4516833333333333,0.074074074074074,3.96,1.4252199413489737,18.0,113.66666666666669,10,4,0,0.4,7,2,2026-07-31,824892,696285,"{""novig"": {""odds"": 1076}, ""bet365"": {""odds"": 1200}, ""betmgm"": {""odds"": 1200}, ""fanduel"": {""odds"": 1000}}"
Xander Bogaerts,SD,R,Carson Whisenhunt,L,SD,SF,H,mlb_schedule,0.1362032403086857,634,1,novig,900.0,0.1,0.0362,0.1082032403086857,0.1815980629539951,0.1234866828087167,0.6949152542372882,3.6,0.9860711976282387,101.7,81.0,7.4,-7.11333654994356,0,93.0,0.0,7 MPH TOWARD HP,9:45 PM ET,Petco Park,9.0,7.0,0,21.0,,0.024390243902439,0.3658536585365853,0.3414634146341463,88.4568888888889,0.3326522222222222,0.4845944444444444,0.0659340659340659,,,,,0,0,0,,9,1,2026-07-31,823272,593428,"{""novig"": {""odds"": 900}, ""bet365"": {""odds"": 750}, ""betmgm"": {""odds"": 775}, ""pinnacle"": {""odds"": 700}, ""fanduel"": {""odds"": 750}}"
Jim Jarvis,ATL,L,Foster Griffin,L,ATL,WSH,H,mlb_schedule,0.110257712681309,807,1,bet365,1250.0,0.074074074074074,0.0362,0.082257712681309,0.22,0.08,0.7000000000000001,3.4,0.98331937703468,98.1,89.9,7.1,0.3715852893249021,0,91.0,0.0,CROSSWIND 7 MPH,7:15 PM ET,Truist Park,,9.0,0,22.0,4.836,0.0476190476190476,0.4047619047619047,0.1666666666666666,88.80799999999999,0.3228788888888889,0.42578,0.0421686746987951,2.76,1.2338709677419355,17.0,124.0,0,0,0,,1,0,2026-07-31,824892,805347,"{""novig"": {""odds"": 1076}, ""bet365"": {""odds"": 1250}, ""fanduel"": {""odds"": 1060}}"
Matt McLain,CIN,R,Paul Skenes,R,CIN,PIT,H,mlb_schedule,0.1358676018838663,636,1,novig,900.0,0.1,0.0359,0.1078676018838663,0.22,0.08,0.7000000000000001,3.4,0.98331937703468,113.5,87.7,6.1,-1.0592538837682748,0,96.0,3.0,CROSSWIND 6 MPH,6:10 PM ET,Great American Ball Park,,9.0,0,54.0,2.6,0.0,0.3928571428571428,0.3214285714285714,89.97777777777779,0.3741222222222222,0.5173111111111112,0.0357142857142857,3.65,0.8204419889502763,11.0,120.66666666666669,18,4,0,0.222,5,4,2026-07-31,824486,680574,"{""novig"": {""odds"": 900}, ""bet365"": {""odds"": 750}, ""draftkings"": {""odds"": 860}, ""fanduel"": {""odds"": 800}}"
Nolan Arenado,AZ,R,Tanner Bibee,R,CLE,CLE,A,mlb_schedule,0.1846534359199522,442,1,pinnacle,571.0,0.1490312965722801,0.0356,0.1566534359199523,0.2141057934508816,0.105793450881612,0.6801007556675063,3.7,0.9852582550702278,95.7,84.5,8.9,-8.308865795825096,0,84.0,5.0,8 MPH TOWARD HP,7:10 PM ET,Progressive Field,14.0,6.0,1,9.0,4.632,0.0512820512820512,0.3846153846153846,0.282051282051282,86.59555555555556,0.41575,0.6359444444444445,0.0742857142857142,3.89,1.44,20.0,125.0,4,0,0,0.0,10,5,2026-07-31,824407,571448,"{""novig"": {""odds"": 567}, ""bet365"": {""odds"": 550}, ""betmgm"": {""odds"": 525}, ""pinnacle"": {""odds"": 571}, ""fanduel"": {""odds"": 560}}"
Matt Olson,ATL,L,Foster Griffin,L,ATL,WSH,H,mlb_schedule,0.2247457451553036,345,1,novig,426.0,0.1901140684410646,0.0346,0.1967457451553036,0.2484342379958246,0.1064718162839248,0.6450939457202505,4.1,0.9856957539251372,98.1,89.9,7.1,0.3715852893249021,0,91.0,0.0,CROSSWIND 7 MPH,7:15 PM ET,Truist Park,28.0,3.0,1,7.0,4.836,0.0512820512820512,0.4358974358974359,0.3333333333333333,91.58333333333331,0.4102277777777778,0.6579055555555555,0.0421686746987951,2.76,1.2338709677419355,17.0,124.0,12,2,0,0.167,20,10,2026-07-31,824892,621566,"{""novig"": {""odds"": 426}, ""bet365"": {""odds"": 320}, ""pinnacle"": {""odds"": 375}, ""draftkings"": {""odds"": 389}, ""fanduel"": {""odds"": 390}}"
Kyle Karros,COL,R,Michael Wacha,R,COL,KC,H,mlb_schedule,0.1944324403857829,414,1,bet365,525.0,0.16,0.0344,0.1664324403857829,0.2078651685393258,0.1376404494382022,0.654494382022472,3.9,0.9841519824845368,99.3,92.0,12.2,-6.997632523482762,0,66.0,13.0,7 MPH TOWARD HP,8:40 PM ET,Coors Field,9.0,5.0,0,20.0,3.964,0.0238095238095238,0.3333333333333333,0.3095238095238095,89.53377777777777,0.3275277777777778,0.5194066666666666,0.0406091370558375,3.6,1.08816120906801,16.0,132.33333333333334,0,0,0,,8,1,2026-07-31,824325,691720,"{""novig"": {""odds"": 525}, ""bet365"": {""odds"": 525}, ""fanduel"": {""odds"": 470}}"
Ty France,SD,R,Carson Whisenhunt,L,SD,SF,H,mlb_schedule,0.1940459958930514,415,1,novig,525.0,0.16,0.034,0.1660459958930514,0.22,0.08,0.7000000000000001,4.0,0.9919,101.7,81.0,7.4,-7.11333654994356,0,93.0,0.0,7 MPH TOWARD HP,9:45 PM ET,Petco Park,,4.0,1,8.0,,0.0425531914893617,0.5957446808510638,0.2978723404255319,96.06611111111113,0.4551999999999999,0.7059722222222222,0.0659340659340659,,,,,0,0,0,,15,3,2026-07-31,823272,664034,"{""novig"": {""odds"": 525}, ""bet365"": {""odds"": 450}, ""betmgm"": {""odds"": 425}, ""pinnacle"": {""odds"": 470}, ""draftkings"": {""odds"": 474}, ""fanduel"": {""odds"": 470}}"
Ketel Marte,AZ,R,Tanner Bibee,R,CLE,CLE,A,mlb_schedule,0.2071529093263653,383,1,bet365,475.0,0.1739130434782608,0.0332,0.1791529093263653,0.1453362255965292,0.0737527114967462,0.7809110629067245,4.0,0.9976960036137592,95.7,84.5,8.9,-8.308865795825096,0,84.0,5.0,8 MPH TOWARD HP,7:10 PM ET,Progressive Field,19.0,4.0,1,11.0,4.632,0.0,0.3,0.275,85.93277777777777,0.2995944444444444,0.4063777777777776,0.0742857142857142,3.89,1.44,20.0,125.0,6,0,0,0.0,11,8,2026-07-31,824407,606466,"{""novig"": {""odds"": 426}, ""bet365"": {""odds"": 475}, ""betmgm"": {""odds"": 340}, ""pinnacle"": {""odds"": 393}, ""fanduel"": {""odds"": 390}}"
Luke Keaschall,MIN,R,Bryce Miller,R,SEA,SEA,A,mlb_schedule,0.1095757220997069,813,1,bet365,1200.0,0.07692307692307693,0.0327,0.0815757220997069,0.1507537688442211,0.1306532663316583,0.7185929648241206,3.5,0.9881785070628741,103.4,,,,0,,,CALM,10:10 PM ET,T-Mobile Park,4.0,8.0,0,27.0,2.47,0.0,0.2702702702702703,0.2702702702702703,84.21,0.2863,0.4023722222222223,0.0583941605839416,,,,,0,0,0,,4,1,2026-07-31,823111,807712,"{""novig"": {""odds"": 1076}, ""bet365"": {""odds"": 1200}, ""betmgm"": {""odds"": 725}, ""draftkings"": {""odds"": 1140}, ""fanduel"": {""odds"": 1060}}"
Colton Cowser,BAL,L,Andrew Painter,R,BAL,PHI,H,mlb_schedule,0.170536803732097,486,1,bet365,625.0,0.1379310344827586,0.0326,0.142536803732097,0.22,0.08,0.7000000000000001,3.5,0.9852114909473604,115.6,86.7,8.2,-8.180025212130557,0,86.0,5.0,8 MPH TOWARD HP,7:05 PM ET,Camden Yards,,8.0,0,40.0,5.083,0.0,0.5517241379310345,0.3793103448275862,92.08555555555556,0.3380333333333333,0.4989499999999999,0.0714285714285714,,,,,0,0,0,,8,1,2026-07-31,824809,681297,"{""novig"": {""odds"": 614}, ""bet365"": {""odds"": 625}, ""fanduel"": {""odds"": 560}}"
Michael Harris II,ATL,L,Foster Griffin,L,ATL,WSH,H,mlb_schedule,0.1672172118464608,498,1,novig,641.0,0.1349527665317139,0.0323,0.1392172118464608,0.1956521739130435,0.0434782608695652,0.7608695652173914,3.9,0.9962270944913147,98.1,89.9,7.1,0.3715852893249021,0,91.0,0.0,CROSSWIND 7 MPH,7:15 PM ET,Truist Park,19.0,5.0,1,8.0,4.836,0.0175438596491228,0.4736842105263157,0.2631578947368421,87.5008888888889,0.3505133333333333,0.5174177777777778,0.0421686746987951,2.76,1.2338709677419355,17.0,124.0,6,2,0,0.333,13,6,2026-07-31,824892,671739,"{""novig"": {""odds"": 641}}"
Chase Meidroth,CWS,R,Nick Martinez,R,TB,TB,A,mlb_schedule,0.1032914059073205,868,1,bet365,1300.0,0.0714285714285714,0.0319,0.0752914059073205,0.2290249433106576,0.1020408163265306,0.6689342403628118,3.5,0.9791214693181046,110.5,86.1,0.0,0.0,1,96.0,27.0,DOME,7:10 PM ET,Tropicana Field,9.0,8.0,0,29.0,3.652,0.0238095238095238,0.4047619047619047,0.1666666666666666,85.42666666666668,0.3471888888888889,0.4633166666666666,0.0402010050251256,2.45,0.84375,11.0,117.33333333333331,0,0,0,,8,2,2026-07-31,822945,805367,"{""novig"": {""odds"": 1233}, ""bet365"": {""odds"": 1300}, ""fanduel"": {""odds"": 1100}}"
Sam Antonacci,CWS,L,Nick Martinez,R,TB,TB,A,mlb_schedule,0.1261155819257442,693,1,novig,953.0,0.0949667616334283,0.0311,0.0981155819257442,0.15625,0.125,0.71875,4.3,0.9957234073638044,99.8,86.1,0.0,0.0,1,96.0,27.0,DOME,7:10 PM ET,Tropicana Field,8.0,1.0,0,14.0,3.652,0.0,0.3260869565217391,0.2391304347826087,84.89399999999999,0.3331366666666667,0.4727566666666666,0.0402010050251256,2.45,0.84375,11.0,117.33333333333331,0,0,0,,8,0,2026-07-31,822945,803011,"{""novig"": {""odds"": 953}, ""bet365"": {""odds"": 750}, ""betmgm"": {""odds"": 800}, ""fanduel"": {""odds"": 800}}"
Josh Rojas,KC,L,Tomoyuki Sugano,R,COL,COL,A,mlb_schedule,0.1418314066808072,605,1,bet365,800.0,0.1111111111111111,0.0307,0.1138314066808072,0.22,0.08,0.7000000000000001,3.5,0.9852114909473604,113.9,92.0,12.2,-6.997632523482762,0,66.0,13.0,7 MPH TOWARD HP,8:40 PM ET,Coors Field,,8.0,0,37.0,5.168,0.0,0.3684210526315789,0.2894736842105263,86.335,0.3095535714285714,0.4584523809523809,0.0638297872340425,,,,,0,0,0,,1,0,2026-07-31,824325,668942,"{""novig"": {""odds"": 669}, ""bet365"": {""odds"": 800}, ""betmgm"": {""odds"": 725}, ""pinnacle"": {""odds"": 550}, ""fanduel"": {""odds"": 560}}"
Brandon Valenzuela,TOR,R,Kyle Leahy,R,TOR,STL,H,mlb_schedule,0.1402862501075049,613,1,bet365,800.0,0.1111111111111111,0.0292,0.1122862501075049,0.22,0.08,0.7000000000000001,3.5,0.9852114909473604,106.3,82.0,8.6,8.579050832234488,0,78.0,5.0,9 MPH TOWARD OF,7:07 PM ET,Rogers Centre,,8.0,1,14.0,4.693,0.0,0.36,0.32,87.66777777777777,0.3207222222222222,0.4696333333333333,0.0204081632653061,,,,,0,0,0,,6,2,2026-07-31,822782,678218,"{""bet365"": {""odds"": 800}, ""draftkings"": {""odds"": 700}, ""fanduel"": {""odds"": 600}}"
Miguel Rojas,LAD,R,Ranger Suarez,L,LAD,BOS,H,mlb_schedule,0.1080417929060228,826,1,novig,1150.0,0.08,0.028,0.0800417929060228,0.22,0.08,0.7000000000000001,4.1,0.9928187979804218,123.4,91.1,10.9,4.948496447161061,0,98.0,0.0,5 MPH TOWARD OF,10:10 PM ET,Dodger Stadium,,3.0,0,31.0,2.931,0.0,0.40625,0.15625,85.84333333333333,0.3265666666666666,0.4543166666666666,0.0136054421768707,,,,,40,12,0,0.3,1,3,2026-07-31,823922,500743,"{""novig"": {""odds"": 1150}, ""bet365"": {""odds"": 750}, ""draftkings"": {""odds"": 860}, ""fanduel"": {""odds"": 870}}"
Jackson Merrill,SD,L,Carson Whisenhunt,L,SD,SF,H,mlb_schedule,0.1679147640607985,496,1,novig,614.0,0.1400560224089636,0.0279,0.1399147640607985,0.2426966292134831,0.0674157303370786,0.6898876404494383,3.9,0.9896026085700037,87.8,81.0,7.4,-7.11333654994356,0,93.0,0.0,7 MPH TOWARD HP,9:45 PM ET,Petco Park,15.0,5.0,1,9.0,,0.1041666666666666,0.4583333333333333,0.3125,88.87155555555555,0.4403622222222222,0.6576633333333334,0.0659340659340659,,,,,0,0,0,,12,3,2026-07-31,823272,701538,"{""novig"": {""odds"": 614}, ""bet365"": {""odds"": 525}, ""pinnacle"": {""odds"": 500}, ""draftkings"": {""odds"": 541}, ""fanduel"": {""odds"": 540}}"
Jonathan Aranda,TB,L,Erick Fedde,R,TB,CWS,H,mlb_schedule,0.1678797914630172,496,1,novig,614.0,0.1400560224089636,0.0278,0.1398797914630172,0.2347826086956521,0.1347826086956521,0.6304347826086957,4.2,0.9847136930243316,99.8,86.1,0.0,0.0,1,96.0,27.0,DOME,7:10 PM ET,Tropicana Field,14.0,2.0,0,19.0,6.1,0.0238095238095238,0.4761904761904761,0.4047619047619047,92.95033333333332,0.3427699999999999,0.5532177777777778,0.028169014084507,,,,,0,0,0,,14,1,2026-07-31,822945,666018,"{""novig"": {""odds"": 614}, ""bet365"": {""odds"": 550}, ""draftkings"": {""odds"": 446}, ""fanduel"": {""odds"": 480}}"
Brandon Marsh,PHI,L,Brandon Young,R,BAL,BAL,A,mlb_schedule,0.1626405210486106,515,1,novig,641.0,0.1349527665317139,0.0277,0.1346405210486106,0.2689486552567237,0.0586797066014669,0.6723716381418092,3.9,0.9871178659994628,115.6,86.7,8.2,-8.180025212130557,0,86.0,5.0,8 MPH TOWARD HP,7:05 PM ET,Camden Yards,16.0,5.0,1,11.0,4.276,0.0,0.4324324324324324,0.3513513513513513,87.55999999999999,0.3274944444444445,0.4848666666666666,0.0219780219780219,,,,,0,0,0,,13,3,2026-07-31,824809,669016,"{""novig"": {""odds"": 641}, ""bet365"": {""odds"": 525}, ""betmgm"": {""odds"": 400}, ""draftkings"": {""odds"": 512}, ""fanduel"": {""odds"": 500}}"
Denzer Guzman,LAA,R,Shane Drohan,L,LAA,MIL,H,mlb_schedule,0.1216970389006653,722,1,draftkings,960.0,0.09433962264150944,0.0274,0.0936970389006653,0.22,0.08,0.7000000000000001,3.6,0.9868889788795845,100.9,,,,0,,,CALM,9:38 PM ET,Angel Stadium,,7.0,0,19.0,2.702,0.0,0.2432432432432432,0.1621621621621621,83.32300000000001,0.25327,0.31354,0.0347222222222222,,,,,0,0,0,,2,3,2026-07-31,823999,694203,"{""novig"": {""odds"": 900}, ""bet365"": {""odds"": 750}, ""draftkings"": {""odds"": 960}, ""fanduel"": {""odds"": 900}}"
Dylan Crews,WSH,R,Bryce Elder,R,ATL,ATL,A,mlb_schedule,0.170076709407245,488,1,fanduel,600.0,0.1428571428571428,0.0272,0.142076709407245,0.22,0.08,0.7000000000000001,4.1,0.9928187979804218,92.8,89.9,7.1,0.3715852893249021,0,91.0,0.0,CROSSWIND 7 MPH,7:15 PM ET,Truist Park,,3.0,1,7.0,3.454,0.025,0.325,0.35,88.65955555555556,0.3200655555555555,0.484321111111111,0.074074074074074,3.96,1.4252199413489737,18.0,113.66666666666669,16,4,0,0.25,5,4,2026-07-31,824892,686611,"{""novig"": {""odds"": 590}, ""bet365"": {""odds"": 550}, ""draftkings"": {""odds"": 567}, ""fanduel"": {""odds"": 600}}"
Heriberto Hernández,MIA,R,Kodai Senga,R,NYM,NYM,A,mlb_schedule,0.2083144130187706,380,1,bet365,450.0,0.1818181818181818,0.0265,0.1803144130187707,0.22,0.08,0.7000000000000001,3.7,0.9883761862532516,95.6,84.0,11.5,11.358415916844084,0,95.0,8.0,11 MPH TOWARD OF,7:10 PM ET,Citi Field,,6.0,1,7.0,6.15,0.088235294117647,0.6176470588235294,0.4411764705882353,94.46666666666668,0.6792888888888889,1.1443,0.1263157894736842,,,,,4,2,0,0.5,7,9,2026-07-31,823593,681715,"{""novig"": {""odds"": 400}, ""bet365"": {""odds"": 450}, ""betmgm"": {""odds"": 425}, ""pinnacle"": {""odds"": 350}, ""draftkings"": {""odds"": 423}, ""fanduel"": {""odds"": 350}}"
Mauricio Dubón,ATL,R,Foster Griffin,L,ATL,WSH,H,mlb_schedule,0.1209568276749351,727,1,novig,953.0,0.0949667616334283,0.026,0.0929568276749351,0.1348837209302325,0.0674418604651162,0.7976744186046512,3.7,0.997293625149442,92.8,89.9,7.1,0.3715852893249021,0,91.0,0.0,CROSSWIND 7 MPH,7:15 PM ET,Truist Park,10.0,6.0,0,20.0,4.836,0.0,0.320754716981132,0.1509433962264151,86.43433333333333,0.3207266666666666,0.4313877777777777,0.0421686746987951,2.76,1.2338709677419355,17.0,124.0,12,4,0,0.333,6,4,2026-07-31,824892,643289,"{""novig"": {""odds"": 953}, ""bet365"": {""odds"": 850}, ""betmgm"": {""odds"": 725}, ""draftkings"": {""odds"": 800}, ""fanduel"": {""odds"": 800}}"
Tim Tawa,AZ,R,Tanner Bibee,R,CLE,CLE,A,mlb_schedule,0.1448579339612056,590,1,novig,733.0,0.120048019207683,0.0248,0.1168579339612056,0.22,0.08,0.7000000000000001,3.5,0.9852114909473604,95.7,84.5,8.9,-8.308865795825096,0,84.0,5.0,8 MPH TOWARD HP,7:10 PM ET,Progressive Field,,8.0,0,14.0,4.632,0.0909090909090909,0.4772727272727273,0.3409090909090909,85.28722222222223,0.4055,0.6011277777777778,0.0742857142857142,3.89,1.44,20.0,125.0,0,0,0,,4,0,2026-07-31,824407,694374,"{""novig"": {""odds"": 733}, ""bet365"": {""odds"": 650}, ""fanduel"": {""odds"": 700}}"
Dane Myers,CIN,R,Paul Skenes,R,CIN,PIT,H,mlb_schedule,0.1190099786323556,740,1,novig,953.0,0.0949667616334283,0.024,0.0910099786323556,0.22,0.08,0.7000000000000001,3.6,0.9868889788795844,113.5,87.7,6.1,-1.0592538837682748,0,96.0,3.0,CROSSWIND 6 MPH,6:10 PM ET,Great American Ball Park,,7.0,0,76.0,2.6,0.0,0.4137931034482758,0.1724137931034483,88.42944444444444,0.3115222222222222,0.4155166666666666,0.0357142857142857,3.65,0.8204419889502763,11.0,120.66666666666669,0,0,0,,1,2,2026-07-31,824486,667472,"{""novig"": {""odds"": 953}, ""bet365"": {""odds"": 700}, ""fanduel"": {""odds"": 900}}"
Jase Bowen,SD,R,Carson Whisenhunt,L,SD,SF,H,mlb_schedule,0.1313575808678895,661,1,draftkings,820.0,0.10869565217391304,0.0227,0.1033575808678895,0.22,0.08,0.7000000000000001,3.4,0.9833193770346799,101.7,81.0,7.4,-7.11333654994356,0,93.0,0.0,7 MPH TOWARD HP,9:45 PM ET,Petco Park,,9.0,0,136.0,,0.0,0.2758620689655172,0.4137931034482758,82.825,0.3423777777777778,0.5041277777777778,0.0659340659340659,,,,,0,0,0,,1,0,2026-07-31,823272,687749,"{""novig"": {""odds"": 809}, ""bet365"": {""odds"": 800}, ""betmgm"": {""odds"": 725}, ""draftkings"": {""odds"": 820}, ""fanduel"": {""odds"": 800}}"
Nick Gonzales,PIT,R,Hunter Greene,R,CIN,CIN,A,mlb_schedule,0.1221998503947825,718,1,novig,900.0,0.1,0.0222,0.0941998503947825,0.1744186046511628,0.0790697674418604,0.7465116279069768,3.7,0.9937677515718404,113.5,87.7,6.1,-1.0592538837682748,0,96.0,3.0,CROSSWIND 6 MPH,6:10 PM ET,Great American Ball Park,6.0,6.0,1,9.0,,0.0208333333333333,0.3333333333333333,0.2083333333333333,86.292,0.3250544444444445,0.4498355555555555,0.0846153846153846,,,,,18,6,0,0.333,5,1,2026-07-31,824486,693304,"{""novig"": {""odds"": 900}, ""bet365"": {""odds"": 700}, ""betmgm"": {""odds"": 525}, ""fanduel"": {""odds"": 800}}"
Gabriel Moreno,AZ,R,Tanner Bibee,R,CLE,CLE,A,mlb_schedule,0.136737539181474,631,1,novig,770.0,0.1149425287356321,0.0218,0.108737539181474,0.22,0.08,0.7000000000000001,4.1,0.9928187979804218,95.7,84.5,8.9,-8.308865795825096,0,84.0,5.0,8 MPH TOWARD HP,7:10 PM ET,Progressive Field,,3.0,1,9.0,4.632,0.0,0.2941176470588235,0.2549019607843137,87.79966666666665,0.4610777777777778,0.6552777777777778,0.0742857142857142,3.89,1.44,20.0,125.0,6,0,0,0.0,7,3,2026-07-31,824407,672515,"{""novig"": {""odds"": 770}, ""bet365"": {""odds"": 750}, ""betmgm"": {""odds"": 650}, ""fanduel"": {""odds"": 750}}"
Trevor Larnach,MIN,L,Bryce Miller,R,SEA,SEA,A,mlb_schedule,0.1389871613561627,619,1,bet365,750.0,0.11764705882352941,0.0213,0.1109871613561627,0.22,0.08,0.7000000000000001,4.3,0.9943555530543188,99.6,,,,0,,,CALM,10:10 PM ET,T-Mobile Park,,1.0,1,9.0,2.47,0.024390243902439,0.4634146341463415,0.2439024390243902,89.55499999999999,0.4067944444444444,0.5669222222222223,0.0583941605839416,,,,,14,2,0,0.143,7,2,2026-07-31,823111,663616,"{""novig"": {""odds"": 590}, ""bet365"": {""odds"": 750}, ""betmgm"": {""odds"": 475}, ""pinnacle"": {""odds"": 600}, ""fanduel"": {""odds"": 600}}"
Chandler Simpson,TB,L,Erick Fedde,R,TB,CWS,H,mlb_schedule,0.0594690205299208,1582,1,bet365,2500.0,0.0384615384615384,0.021,0.0314690205299208,0.0922693266832917,0.0498753117206982,0.85785536159601,3.9,0.9995038089986216,99.8,86.1,0.0,0.0,1,96.0,27.0,DOME,7:10 PM ET,Tropicana Field,0.0,5.0,0,132.0,6.1,0.0,0.109090909090909,0.1818181818181818,79.88388888888888,0.2892311111111111,0.337651111111111,0.028169014084507,,,,,0,0,0,,1,0,2026-07-31,822945,802415,"{""novig"": {""odds"": 2400}, ""bet365"": {""odds"": 2500}, ""betmgm"": {""odds"": 2200}, ""draftkings"": {""odds"": 2400}, ""fanduel"": {""odds"": 2000}}"
Pedro Ramírez,CHC,R,Will Warren,R,CHC,NYY,H,mlb_schedule,0.1117494938281691,795,1,bet365,1000.0,0.0909090909090909,0.0208,0.0837494938281691,0.22,0.08,0.7000000000000001,4.2,0.9936333750066674,105.5,79.8,17.0,10.466245080536192,0,89.0,55.0,10 MPH TOWARD OF,2:20 PM ET,Wrigley Field,,2.0,0,,3.246,0.0,0.4,0.1666666666666666,87.865,0.2809944444444444,0.3632999999999999,0.0476190476190476,,,,,0,0,0,,0,1,2026-07-31,824651,699393,"{""novig"": {""odds"": 900}, ""bet365"": {""odds"": 1000}, ""betmgm"": {""odds"": 525}, ""fanduel"": {""odds"": 870}}"
Nico Hoerner,CHC,R,Will Warren,R,CHC,NYY,H,mlb_schedule,0.0907553568260034,1002,1,novig,1329.0,0.0699790062981105,0.0208,0.0627553568260034,0.0821052631578947,0.0884210526315789,0.8294736842105264,3.7,0.9985624326046072,105.5,79.8,17.0,10.466245080536192,0,89.0,55.0,10 MPH TOWARD OF,2:20 PM ET,Wrigley Field,,6.0,0,,3.246,0.0,0.2830188679245283,0.1698113207547169,89.432,0.3760666666666666,0.4839877777777778,0.0476190476190476,,,,,4,0,0,0.0,3,2,2026-07-31,824651,663538,"{""novig"": {""odds"": 1329}, ""bet365"": {""odds"": 1000}, ""betmgm"": {""odds"": 800}, ""fanduel"": {""odds"": 1300}}"
Drake Baldwin,ATL,L,Foster Griffin,L,ATL,WSH,H,mlb_schedule,0.1857466387700652,438,1,novig,506.0,0.165016501650165,0.0207,0.1577466387700652,0.2088772845953002,0.1279373368146214,0.6631853785900784,4.2,0.9896475788204788,98.1,89.9,7.1,0.3715852893249021,0,91.0,0.0,CROSSWIND 7 MPH,7:15 PM ET,Truist Park,20.0,2.0,1,7.0,4.836,0.0208333333333333,0.5833333333333334,0.3333333333333333,93.68511111111113,0.4448611111111111,0.6677744444444446,0.0421686746987951,2.76,1.2338709677419355,17.0,124.0,6,2,2,0.333,13,7,2026-07-31,824892,686948,"{""novig"": {""odds"": 506}, ""bet365"": {""odds"": 400}, ""betmgm"": {""odds"": 375}, ""pinnacle"": {""odds"": 440}, ""draftkings"": {""odds"": 456}, ""fanduel"": {""odds"": 430}}"
JJ Wetherholt,STL,L,Dylan Cease,R,TOR,TOR,A,mlb_schedule,0.1251330512700061,699,1,bet365,850.0,0.1052631578947368,0.0199,0.0971330512700061,0.1595744680851064,0.1297872340425531,0.7106382978723405,4.3,0.9951672256593108,108.2,82.0,8.6,8.579050832234488,0,78.0,5.0,9 MPH TOWARD OF,7:07 PM ET,Rogers Centre,16.0,1.0,1,9.0,2.584,0.0652173913043478,0.4565217391304347,0.2826086956521739,90.2431111111111,0.3107777777777778,0.4630299999999999,0.0504201680672268,2.46,0.5558823529411765,7.0,113.33333333333331,0,0,0,,11,5,2026-07-31,822782,802139,"{""novig"": {""odds"": 770}, ""bet365"": {""odds"": 850}, ""fanduel"": {""odds"": 630}}"
Joey Bart,ATL,R,Foster Griffin,L,ATL,WSH,H,mlb_schedule,0.137565772211545,627,1,bet365,750.0,0.1176470588235294,0.0199,0.109565772211545,0.22,0.08,0.7000000000000001,3.5,0.9852114909473604,92.8,89.9,7.1,0.3715852893249021,0,91.0,0.0,CROSSWIND 7 MPH,7:15 PM ET,Truist Park,,8.0,0,23.0,4.836,0.0588235294117647,0.2941176470588235,0.2941176470588235,83.75111111111111,0.3101755555555555,0.4798144444444444,0.0421686746987951,2.76,1.2338709677419355,17.0,124.0,4,0,0,0.0,3,1,2026-07-31,824892,663698,"{""novig"": {""odds"": 700}, ""bet365"": {""odds"": 750}, ""fanduel"": {""odds"": 630}}"
Evan Carter,TEX,L,Hunter Brown,R,HOU,HOU,A,mlb_schedule,0.108805772420824,819,1,draftkings,1020.0,0.0892857142857142,0.0195,0.0808057724208241,0.22,0.08,0.7000000000000001,3.7,0.9883761862532516,117.9,,,,0,,,CALM,8:15 PM ET,Daikin Park,,6.0,0,13.0,1.6,0.0,0.3823529411764705,0.2058823529411764,82.01666666666667,0.3123944444444444,0.4477,0.0390625,,,,,16,6,0,0.375,8,0,2026-07-31,824164,694497,"{""novig"": {""odds"": 900}, ""bet365"": {""odds"": 900}, ""draftkings"": {""odds"": 1020}, ""fanduel"": {""odds"": 900}}"
Cam Smith,HOU,R,Nathan Eovaldi,R,HOU,TEX,H,mlb_schedule,0.1393115215823042,618,1,novig,733.0,0.120048019207683,0.0193,0.1113115215823042,0.2443324937027707,0.0982367758186398,0.6574307304785895,3.4,0.973809453209198,117.9,,,,0,,,CALM,8:15 PM ET,Daikin Park,13.0,9.0,1,7.0,4.479,0.0227272727272727,0.4318181818181818,0.2272727272727272,89.79444444444445,0.3261888888888889,0.4154583333333333,0.0705882352941176,4.05,1.6185286103542236,22.0,122.33333333333331,18,2,0,0.111,9,4,2026-07-31,824164,701358,"{""novig"": {""odds"": 733}, ""bet365"": {""odds"": 700}, ""betmgm"": {""odds"": 600}, ""draftkings"": {""odds"": 640}, ""fanduel"": {""odds"": 560}}"
Pete Alonso,BAL,R,Andrew Painter,R,BAL,PHI,H,mlb_schedule,0.2241045781745108,346,1,novig,388.0,0.2049180327868852,0.0192,0.1961045781745108,0.2436974789915966,0.1302521008403361,0.6260504201680672,4.2,0.9839374383233914,94.3,86.7,8.2,-8.180025212130557,0,86.0,5.0,8 MPH TOWARD HP,7:05 PM ET,Camden Yards,22.0,2.0,0,20.0,5.083,0.0,0.6190476190476191,0.3095238095238095,93.17066666666666,0.4650811111111111,0.6688744444444445,0.0714285714285714,,,,,0,0,0,,17,5,2026-07-31,824809,624413,"{""novig"": {""odds"": 388}, ""bet365"": {""odds"": 350}, ""betmgm"": {""odds"": 270}, ""pinnacle"": {""odds"": 330}, ""fanduel"": {""odds"": 300}}"
Henry Bolte,ATH,R,Tyler Holton,L,ATH,DET,H,mlb_schedule,0.1187984369335333,742,1,novig,900.0,0.1,0.0188,0.0907984369335333,0.22,0.08,0.7000000000000001,3.6,0.9868889788795845,113.3,98.6,8.3,7.038799198098336,0,83.0,0.0,7 MPH TOWARD OF,9:40 PM ET,Sutter Health Park,,7.0,0,24.0,4.194,0.0285714285714285,0.4285714285714285,0.1428571428571428,89.07833333333333,0.3311277777777777,0.5076833333333334,0.027027027027027,,,,,0,0,0,,0,3,2026-07-31,824975,703607,"{""novig"": {""odds"": 900}, ""betmgm"": {""odds"": 625}, ""fanduel"": {""odds"": 750}}"
Freddie Freeman,LAD,L,Ranger Suarez,L,LAD,BOS,H,mlb_schedule,0.1589020551487807,529,1,novig,614.0,0.1400560224089636,0.0188,0.1309020551487807,0.1655773420479303,0.1154684095860566,0.7189542483660131,4.0,0.9937610989306768,107.0,91.1,10.9,4.948496447161061,0,98.0,0.0,5 MPH TOWARD OF,10:10 PM ET,Dodger Stadium,15.0,4.0,0,27.0,2.931,0.0,0.3478260869565217,0.2608695652173913,88.00777777777778,0.409228888888889,0.5517822222222222,0.0136054421768707,,,,,32,12,0,0.375,12,4,2026-07-31,823922,518692,"{""novig"": {""odds"": 614}, ""bet365"": {""odds"": 525}, ""pinnacle"": {""odds"": 510}, ""fanduel"": {""odds"": 500}}"
Cooper Pratt,MIL,R,Ryan Johnson,R,LAA,LAA,A,mlb_schedule,0.1095757220997069,813,1,betmgm,1000.0,0.09090909090909091,0.0187,0.0815757220997069,0.22,0.08,0.7000000000000001,3.4,0.9833193770346799,100.9,,,,0,,,CALM,9:38 PM ET,Angel Stadium,,9.0,1,6.0,,0.0,0.3488372093023256,0.3023255813953488,87.32333333333332,0.3385333333333333,0.4633722222222223,0.081967213114754,,,,,0,0,0,,2,0,2026-07-31,823999,806198,"{""novig"": {""odds"": 852}, ""bet365"": {""odds"": 850}, ""betmgm"": {""odds"": 1000}, ""draftkings"": {""odds"": 800}, ""fanduel"": {""odds"": 830}}"
Luis Campusano,SD,R,Carson Whisenhunt,L,SD,SF,H,mlb_schedule,0.1434278762238198,597,1,bet365,700.0,0.125,0.0184,0.1154278762238198,0.22,0.08,0.7000000000000001,3.7,0.9883761862532517,101.7,81.0,7.4,-7.11333654994356,0,93.0,0.0,7 MPH TOWARD HP,9:45 PM ET,Petco Park,,6.0,0,23.0,,0.0294117647058823,0.5,0.2352941176470588,89.71055555555556,0.3501166666666667,0.4919777777777778,0.0659340659340659,,,,,0,0,0,,4,0,2026-07-31,823272,669134,"{""novig"": {""odds"": 614}, ""bet365"": {""odds"": 700}, ""draftkings"": {""odds"": 536}, ""fanduel"": {""odds"": 560}}"
Masyn Winn,STL,R,Dylan Cease,R,TOR,TOR,A,mlb_schedule,0.0916033410082569,992,1,bet365,1250.0,0.074074074074074,0.0175,0.0636033410082569,0.1961259079903147,0.1041162227602905,0.6997578692493946,3.7,0.9883414364603252,106.3,82.0,8.6,8.579050832234488,0,78.0,5.0,9 MPH TOWARD OF,7:07 PM ET,Rogers Centre,4.0,6.0,0,28.0,2.584,0.0,0.4736842105263157,0.2894736842105263,90.525,0.3083444444444444,0.3930055555555556,0.0504201680672268,2.46,0.5558823529411765,7.0,113.33333333333331,8,2,0,0.25,4,0,2026-07-31,822782,691026,"{""novig"": {""odds"": 953}, ""bet365"": {""odds"": 1250}, ""fanduel"": {""odds"": 900}}"
Brady House,WSH,R,Bryce Elder,R,ATL,ATL,A,mlb_schedule,0.1422131071041069,603,1,bet365,700.0,0.125,0.0172,0.1142131071041069,0.22,0.08,0.7000000000000001,3.9,0.9908636465286554,92.8,89.9,7.1,0.3715852893249021,0,91.0,0.0,CROSSWIND 7 MPH,7:15 PM ET,Truist Park,,5.0,1,76.0,3.454,0.025,0.45,0.325,88.8888888888889,0.4737877777777778,0.6945477777777778,0.074074074074074,3.96,1.4252199413489737,18.0,113.66666666666669,6,2,0,0.333,5,2,2026-07-31,824892,691781,"{""novig"": {""odds"": 567}, ""bet365"": {""odds"": 700}, ""betmgm"": {""odds"": 550}, ""fanduel"": {""odds"": 480}}"
LaMonte Wade Jr.,HOU,L,Nathan Eovaldi,R,HOU,TEX,H,mlb_schedule,0.1220036818982414,720,1,novig,852.0,0.1050420168067226,0.017,0.0940036818982414,0.22,0.08,0.7000000000000001,3.5,0.9852114909473604,117.9,,,,0,,,CALM,8:15 PM ET,Daikin Park,,8.0,0,20.0,4.479,0.0,0.3225806451612903,0.1935483870967742,82.11777777777777,0.2516444444444444,0.3443333333333333,0.0705882352941176,4.05,1.6185286103542236,22.0,122.33333333333331,8,2,0,0.25,4,0,2026-07-31,824164,664774,"{""novig"": {""odds"": 852}}"
Freddy Fermin,SD,R,Carson Whisenhunt,L,SD,SF,H,mlb_schedule,0.1117916418749931,795,1,novig,953.0,0.0949667616334283,0.0168,0.0837916418749931,0.22,0.08,0.7000000000000001,3.5,0.9852114909473605,101.7,81.0,7.4,-7.11333654994356,0,93.0,0.0,7 MPH TOWARD HP,9:45 PM ET,Petco Park,,8.0,0,53.0,,0.0,0.2162162162162162,0.4054054054054054,81.83222222222221,0.2479155555555555,0.3583022222222222,0.0659340659340659,,,,,0,0,0,,1,2,2026-07-31,823272,666023,"{""novig"": {""odds"": 953}, ""bet365"": {""odds"": 950}, ""draftkings"": {""odds"": 820}, ""fanduel"": {""odds"": 750}}"
Xavier Edwards,MIA,R,Kodai Senga,R,NYM,NYM,A,mlb_schedule,0.0824384212274178,1113,1,draftkings,1420.0,0.0657894736842105,0.0166,0.0544384212274178,0.1360691144708423,0.1187904967602591,0.7451403887688984,4.2,0.9967903012846976,95.6,84.0,11.5,11.358415916844084,0,95.0,8.0,11 MPH TOWARD OF,7:10 PM ET,Citi Field,6.0,2.0,0,73.0,6.15,0.0,0.2916666666666667,0.1666666666666666,84.32111111111111,0.3119888888888889,0.3995444444444444,0.1263157894736842,,,,,26,8,0,0.308,2,4,2026-07-31,823593,669364,"{""novig"": {""odds"": 1329}, ""bet365"": {""odds"": 1250}, ""betmgm"": {""odds"": 1200}, ""draftkings"": {""odds"": 1420}, ""fanduel"": {""odds"": 1060}}"
Teoscar Hernández,LAD,R,Ranger Suarez,L,LAD,BOS,H,mlb_schedule,0.1503971447827479,565,1,novig,641.0,0.1349527665317139,0.0154,0.1223971447827479,0.22,0.08,0.7000000000000001,3.7,0.9883761862532517,123.4,91.1,10.9,4.948496447161061,0,98.0,0.0,5 MPH TOWARD OF,10:10 PM ET,Dodger Stadium,,6.0,0,28.0,2.931,0.048780487804878,0.3902439024390244,0.4634146341463415,87.70555555555556,0.2983788888888888,0.4411211111111111,0.0136054421768707,,,,,8,2,0,0.25,9,2,2026-07-31,823922,606192,"{""novig"": {""odds"": 641}, ""bet365"": {""odds"": 525}, ""pinnacle"": {""odds"": 530}, ""draftkings"": {""odds"": 566}, ""fanduel"": {""odds"": 470}}"
Francisco Alvarez,NYM,R,Janson Junk,R,NYM,MIA,H,mlb_schedule,0.1632434242471986,513,1,bet365,575.0,0.1481481481481481,0.0151,0.1352434242471986,0.22,0.08,0.7000000000000001,3.4,0.98331937703468,95.6,84.0,11.5,11.358415916844084,0,95.0,8.0,11 MPH TOWARD OF,7:10 PM ET,Citi Field,,9.0,1,7.0,4.1,0.0,0.4285714285714285,0.2571428571428571,87.92111111111112,0.4538277777777778,0.7153611111111111,0.0462427745664739,,,,,0,0,0,,10,2,2026-07-31,823593,682626,"{""bet365"": {""odds"": 575}, ""betmgm"": {""odds"": 425}, ""pinnacle"": {""odds"": 400}, ""draftkings"": {""odds"": 403}, ""fanduel"": {""odds"": 390}}"
Griffin Conine,MIA,L,Kodai Senga,R,NYM,NYM,A,mlb_schedule,0.1798700306299105,456,1,novig,506.0,0.165016501650165,0.0149,0.1518700306299105,0.22,0.08,0.7000000000000001,3.9,0.9908636465286554,95.0,84.0,11.5,11.358415916844084,0,95.0,8.0,11 MPH TOWARD OF,7:10 PM ET,Citi Field,,5.0,0,13.0,6.15,0.0344827586206896,0.5517241379310345,0.2758620689655172,93.19055555555556,0.6010666666666666,0.9833833333333334,0.1263157894736842,,,,,8,2,0,0.25,9,1,2026-07-31,823593,665052,"{""novig"": {""odds"": 506}, ""bet365"": {""odds"": 500}, ""betmgm"": {""odds"": 390}, ""pinnacle"": {""odds"": 450}, ""draftkings"": {""odds"": 458}, ""fanduel"": {""odds"": 470}}"
José Fermín,STL,R,Dylan Cease,R,TOR,TOR,A,mlb_schedule,0.0863474673635141,1058,1,bet365,1300.0,0.0714285714285714,0.0149,0.0583474673635141,0.22,0.08,0.7000000000000001,3.5,0.9852114909473604,106.3,82.0,8.6,8.579050832234488,0,78.0,5.0,9 MPH TOWARD OF,7:07 PM ET,Rogers Centre,,8.0,0,23.0,2.584,0.0,0.3076923076923077,0.3076923076923077,85.27444444444444,0.2527166666666667,0.3318888888888888,0.0504201680672268,2.46,0.5558823529411765,7.0,113.33333333333331,2,0,0,0.0,2,3,2026-07-31,822782,665877,"{""novig"": {""odds"": 1233}, ""bet365"": {""odds"": 1300}, ""betmgm"": {""odds"": 875}, ""draftkings"": {""odds"": 1180}, ""fanduel"": {""odds"": 1200}}"
Riley Greene,DET,L,Jeffrey Springs,L,ATH,ATH,A,mlb_schedule,0.2241045781745108,346,1,novig,376.0,0.21008403361344538,0.014,0.1961045781745108,0.2643171806167401,0.1299559471365639,0.605726872246696,4.0,0.9758348935557747,99.6,98.6,8.3,7.038799198098336,0,83.0,0.0,7 MPH TOWARD OF,9:40 PM ET,Sutter Health Park,15.0,4.0,0,11.0,5.193,0.054054054054054,0.5405405405405406,0.3783783783783784,90.5338888888889,0.5085333333333334,0.7796277777777778,0.1069182389937107,,,,,18,2,0,0.111,13,2,2026-07-31,824975,682985,"{""novig"": {""odds"": 376}, ""bet365"": {""odds"": 350}, ""betmgm"": {""odds"": 333}, ""pinnacle"": {""odds"": 335}, ""fanduel"": {""odds"": 350}}"
Tristan Peters,CWS,L,Nick Martinez,R,TB,TB,A,mlb_schedule,0.1087488262959806,820,1,novig,953.0,0.0949667616334283,0.0138,0.0807488262959807,0.22,0.08,0.7000000000000001,3.6,0.9868889788795844,99.8,86.1,0.0,0.0,1,96.0,27.0,DOME,7:10 PM ET,Tropicana Field,,7.0,0,21.0,3.652,0.05,0.4,0.375,87.25733333333332,0.3210333333333333,0.4479333333333333,0.0402010050251256,2.45,0.84375,11.0,117.33333333333331,0,0,0,,6,0,2026-07-31,822945,671976,"{""novig"": {""odds"": 953}, ""bet365"": {""odds"": 800}, ""betmgm"": {""odds"": 850}, ""fanduel"": {""odds"": 800}}"
Richie Palacios,TB,L,Erick Fedde,R,TB,CWS,H,mlb_schedule,0.0937301487958269,967,1,novig,1150.0,0.08,0.0137,0.0657301487958269,0.22,0.08,0.7000000000000001,3.6,0.9868889788795844,99.8,86.1,0.0,0.0,1,96.0,27.0,DOME,7:10 PM ET,Tropicana Field,,7.0,1,7.0,6.1,0.0,0.2352941176470588,0.3235294117647059,82.45777777777776,0.3249555555555555,0.4638388888888889,0.028169014084507,,,,,8,4,0,0.5,4,0,2026-07-31,822945,680700,"{""novig"": {""odds"": 1150}, ""bet365"": {""odds"": 1000}, ""betmgm"": {""odds"": 775}, ""draftkings"": {""odds"": 1040}, ""fanduel"": {""odds"": 1100}}"
Braden Montgomery,CWS,L,Nick Martinez,R,TB,TB,A,mlb_schedule,0.0985336022021046,915,1,novig,1076.0,0.0850340136054421,0.0135,0.0705336022021047,0.22,0.08,0.7000000000000001,3.7,0.9883761862532516,99.8,86.1,0.0,0.0,1,96.0,27.0,DOME,7:10 PM ET,Tropicana Field,,6.0,0,19.0,3.652,0.0,0.3888888888888889,0.1944444444444444,87.49444444444444,0.3128777777777778,0.4370222222222222,0.0402010050251256,2.45,0.84375,11.0,117.33333333333331,0,0,0,,3,0,2026-07-31,822945,695731,"{""novig"": {""odds"": 1076}, ""bet365"": {""odds"": 700}, ""fanduel"": {""odds"": 870}}"
Christian Yelich,MIL,L,Ryan Johnson,R,LAA,LAA,A,mlb_schedule,0.14290879381937321,600,1,novig,669.0,0.13003901170351106,0.0129,0.1149087938193732,0.22,0.08,0.7000000000000001,4.1,0.9928187979804218,103.2,,,,0,,,CALM,9:38 PM ET,Angel Stadium,,3.0,1,7.0,,0.0425531914893617,0.4468085106382978,0.2340425531914893,88.16888888888889,0.3693311111111111,0.5379733333333333,0.081967213114754,,,,,0,0,0,,6,2,2026-07-31,823999,592885,"{""novig"": {""odds"": 669}, ""bet365"": {""odds"": 525}, ""draftkings"": {""odds"": 539}, ""fanduel"": {""odds"": 560}}"
Alex Bregman,CHC,R,Will Warren,R,CHC,NYY,H,mlb_schedule,0.1424870662329867,602,1,novig,669.0,0.130039011703511,0.0124,0.1144870662329867,0.1601642710472279,0.1273100616016427,0.7125256673511293,4.0,0.9931703838112674,105.5,79.8,17.0,10.466245080536192,0,89.0,55.0,10 MPH TOWARD OF,2:20 PM ET,Wrigley Field,,4.0,0,,3.246,0.0,0.2765957446808511,0.4042553191489361,88.18,0.1958311111111111,0.2851677777777777,0.0476190476190476,,,,,8,2,0,0.25,11,3,2026-07-31,824651,608324,"{""novig"": {""odds"": 669}, ""bet365"": {""odds"": 550}, ""fanduel"": {""odds"": 540}}"
Endy Rodríguez,PIT,R,Hunter Greene,R,CIN,CIN,A,mlb_schedule,0.1803569500694926,454,1,pinnacle,495.0,0.1680672268907563,0.0123,0.1523569500694926,0.22,0.08,0.7000000000000001,3.6,0.9868889788795844,113.5,87.7,6.1,-1.0592538837682748,0,96.0,3.0,CROSSWIND 6 MPH,6:10 PM ET,Great American Ball Park,,7.0,1,29.0,,0.037037037037037,0.5555555555555556,0.3703703703703703,91.3488888888889,0.4268444444444444,0.6243555555555556,0.0846153846153846,,,,,6,0,0,0.0,5,0,2026-07-31,824486,682848,"{""novig"": {""odds"": 488}, ""bet365"": {""odds"": 475}, ""pinnacle"": {""odds"": 495}, ""draftkings"": {""odds"": 437}, ""fanduel"": {""odds"": 420}}"
Justin Crawford,PHI,L,Brandon Young,R,BAL,BAL,A,mlb_schedule,0.0835116480029205,1097,1,bet365,1300.0,0.0714285714285714,0.0121,0.0555116480029205,0.22,0.08,0.7000000000000001,3.4,0.98331937703468,115.6,86.7,8.2,-8.180025212130557,0,86.0,5.0,8 MPH TOWARD HP,7:05 PM ET,Camden Yards,,9.0,0,79.0,4.276,0.0,0.2857142857142857,0.1904761904761904,80.925,0.29715,0.3736611111111111,0.0219780219780219,,,,,0,0,0,,2,0,2026-07-31,824809,702222,"{""novig"": {""odds"": 1233}, ""bet365"": {""odds"": 1300}, ""draftkings"": {""odds"": 1000}, ""fanduel"": {""odds"": 1060}}"
Gabriel Rincones Jr.,PHI,L,Brandon Young,R,BAL,BAL,A,mlb_schedule,0.1418330957386535,605,1,novig,669.0,0.130039011703511,0.0118,0.1138330957386535,0.22,0.08,0.7000000000000001,3.5,0.9852114909473604,115.6,86.7,8.2,-8.180025212130557,0,86.0,5.0,8 MPH TOWARD HP,7:05 PM ET,Camden Yards,,8.0,0,27.0,4.276,0.0333333333333333,0.4,0.3666666666666666,94.29444444444444,0.3283777777777777,0.5345555555555556,0.0219780219780219,,,,,0,0,0,,2,0,2026-07-31,824809,687282,"{""novig"": {""odds"": 669}}"
Isaac Collins,KC,R,Tomoyuki Sugano,R,COL,COL,A,mlb_schedule,0.1360649721275917,635,1,bet365,700.0,0.125,0.0111,0.1080649721275917,0.2286501377410468,0.1349862258953168,0.6363636363636364,3.7,0.9763152375736632,99.3,92.0,12.2,-6.997632523482762,0,66.0,13.0,7 MPH TOWARD HP,8:40 PM ET,Coors Field,6.0,6.0,1,8.0,5.168,0.0357142857142857,0.3928571428571428,0.2857142857142857,83.32333333333332,0.3195333333333333,0.4485444444444444,0.0638297872340425,,,,,0,0,0,,4,2,2026-07-31,824325,686555,"{""novig"": {""odds"": 590}, ""bet365"": {""odds"": 700}, ""draftkings"": {""odds"": 475}, ""fanduel"": {""odds"": 500}}"
José Tena,WSH,L,Bryce Elder,R,ATL,ATL,A,mlb_schedule,0.1245439156873492,703,1,betmgm,775.0,0.1142857142857142,0.0103,0.0965439156873492,0.22,0.08,0.7000000000000001,3.5,0.9852114909473604,98.1,89.9,7.1,0.3715852893249021,0,91.0,0.0,CROSSWIND 7 MPH,7:15 PM ET,Truist Park,,8.0,0,24.0,3.454,0.0,0.53125,0.15625,93.20066666666666,0.3788111111111111,0.5358755555555555,0.074074074074074,3.96,1.4252199413489737,18.0,113.66666666666669,10,0,0,0.0,5,0,2026-07-31,824892,677588,"{""novig"": {""odds"": 641}, ""bet365"": {""odds"": 600}, ""betmgm"": {""odds"": 775}, ""fanduel"": {""odds"": 540}}"
Vaughn Grissom,LAA,R,Shane Drohan,L,LAA,MIL,H,mlb_schedule,0.11950488489788459,737,1,novig,809.0,0.11001100110011001,0.0095,0.0915048848978846,0.22,0.08,0.7000000000000001,3.9,0.9908636465286554,100.9,,,,0,,,CALM,9:38 PM ET,Angel Stadium,,5.0,1,7.0,2.702,0.0227272727272727,0.3863636363636363,0.1818181818181818,88.48622222222224,0.4029544444444444,0.56308,0.0347222222222222,,,,,0,0,0,,7,0,2026-07-31,823999,687093,"{""novig"": {""odds"": 809}, ""bet365"": {""odds"": 650}, ""fanduel"": {""odds"": 750}}"
Luis Rengifo,SD,L,Carson Whisenhunt,L,SD,SF,H,mlb_schedule,0.1191966630972176,739,1,draftkings,810.0,0.10989010989010989,0.0093,0.0911966630972176,0.22,0.08,0.7000000000000001,4.2,0.9936333750066674,87.8,81.0,7.4,-7.11333654994356,0,93.0,0.0,7 MPH TOWARD HP,9:45 PM ET,Petco Park,,2.0,1,7.0,,0.0344827586206896,0.5862068965517241,0.1724137931034483,94.93722222222222,0.3874944444444445,0.5682222222222222,0.0659340659340659,,,,,0,0,0,,3,1,2026-07-31,823272,650859,"{""novig"": {""odds"": 809}, ""bet365"": {""odds"": 625}, ""draftkings"": {""odds"": 810}, ""fanduel"": {""odds"": 800}}"
Miguel Amaya,CHC,R,Will Warren,R,CHC,NYY,H,mlb_schedule,0.1167953595183479,756,1,fanduel,830.0,0.1075268817204301,0.0093,0.088795359518348,0.22,0.08,0.7000000000000001,3.4,0.98331937703468,105.5,79.8,17.0,10.466245080536192,0,89.0,55.0,10 MPH TOWARD OF,2:20 PM ET,Wrigley Field,,9.0,0,,3.246,0.0,0.4848484848484848,0.2727272727272727,86.74777777777778,0.3548222222222222,0.4815222222222222,0.0476190476190476,,,,,0,0,0,,5,1,2026-07-31,824651,665804,"{""bet365"": {""odds"": 650}, ""fanduel"": {""odds"": 800}}"
Andrés Giménez,TOR,L,Kyle Leahy,R,TOR,STL,H,mlb_schedule,0.0854369142490339,1070,1,bet365,1200.0,0.0769230769230769,0.0085,0.0574369142490339,0.1907514450867052,0.0578034682080924,0.7514450867052024,3.4,0.9912009456890224,108.2,82.0,8.6,8.579050832234488,0,78.0,5.0,9 MPH TOWARD OF,7:07 PM ET,Rogers Centre,7.0,9.0,0,45.0,4.693,0.0,0.1891891891891892,0.2162162162162162,83.5411111111111,0.2863166666666667,0.3916428571428571,0.0204081632653061,,,,,2,0,0,0.0,6,2,2026-07-31,822782,665926,"{""novig"": {""odds"": 1011}, ""bet365"": {""odds"": 1200}, ""betmgm"": {""odds"": 825}, ""draftkings"": {""odds"": 1020}, ""fanduel"": {""odds"": 1000}}"
Manny Machado,SD,R,Carson Whisenhunt,L,SD,SF,H,mlb_schedule,0.21291555086032599,370,1,novig,388.0,0.20491803278688525,0.008,0.184915550860326,0.22,0.1111111111111111,0.6688888888888889,4.1,0.9892380147121025,101.7,81.0,7.4,-7.11333654994356,0,93.0,0.0,7 MPH TOWARD HP,9:45 PM ET,Petco Park,23.0,3.0,1,10.0,,0.0444444444444444,0.4888888888888889,0.3555555555555555,92.45944444444446,0.4307555555555555,0.65635,0.0659340659340659,,,,,0,0,0,,19,4,2026-07-31,823272,592518,"{""novig"": {""odds"": 388}, ""bet365"": {""odds"": 310}, ""pinnacle"": {""odds"": 302}, ""fanduel"": {""odds"": 330}}"
Bo Bichette,NYM,R,Janson Junk,R,NYM,MIA,H,mlb_schedule,0.137565772211545,627,1,novig,669.0,0.130039011703511,0.0075,0.109565772211545,0.1804670912951167,0.0658174097664543,0.7537154989384289,4.1,0.9968019000205172,95.6,84.0,11.5,11.358415916844084,0,95.0,8.0,11 MPH TOWARD OF,7:10 PM ET,Citi Field,10.0,3.0,0,37.0,4.1,0.0204081632653061,0.3061224489795918,0.1836734693877551,83.52844444444443,0.2731888888888889,0.3570866666666666,0.0462427745664739,,,,,8,6,0,0.75,6,5,2026-07-31,823593,666182,"{""novig"": {""odds"": 669}, ""bet365"": {""odds"": 650}, ""pinnacle"": {""odds"": 600}, ""fanduel"": {""odds"": 560}}"
Colt Emerson,SEA,L,Zebby Matthews,R,SEA,MIN,H,mlb_schedule,0.1162152164744231,760,1,draftkings,810.0,0.10989010989010989,0.0063,0.0882152164744231,0.22,0.08,0.7000000000000001,3.5,0.9852114909473605,99.6,,,,0,,,CALM,10:10 PM ET,T-Mobile Park,,8.0,0,35.0,4.518,0.0,0.2571428571428571,0.2285714285714285,82.49777777777778,0.3449111111111111,0.4874333333333333,0.0782122905027933,,,,,0,0,0,,6,2,2026-07-31,823111,806068,"{""novig"": {""odds"": 809}, ""bet365"": {""odds"": 700}, ""betmgm"": {""odds"": 550}, ""draftkings"": {""odds"": 810}, ""fanduel"": {""odds"": 800}}"
Nicky Lopez,TEX,L,Hunter Brown,R,HOU,HOU,A,mlb_schedule,0.0563429684931776,1675,1,draftkings,1900.0,0.05,0.0063,0.0283429684931776,0.22,0.08,0.7000000000000001,3.5,0.9852114909473604,117.9,,,,0,,,CALM,8:15 PM ET,Daikin Park,,8.0,0,63.0,1.6,0.0,0.2307692307692307,0.1282051282051282,78.27666666666667,0.2921249999999999,0.360047619047619,0.0390625,,,,,12,2,0,0.167,1,0,2026-07-31,824164,670032,"{""bet365"": {""odds"": 1650}, ""draftkings"": {""odds"": 1900}, ""fanduel"": {""odds"": 1500}}"
Taylor Walls,TB,R,Erick Fedde,R,TB,CWS,H,mlb_schedule,0.0753629221869108,1227,1,novig,1329.0,0.0699790062981105,0.0054,0.0473629221869108,0.22,0.08,0.7000000000000001,3.5,0.9852114909473604,110.5,86.1,0.0,0.0,1,96.0,27.0,DOME,7:10 PM ET,Tropicana Field,,8.0,0,369.0,6.1,0.0,0.25,0.2083333333333333,80.14888888888889,0.2055888888888888,0.2684888888888889,0.028169014084507,,,,,0,0,0,,0,0,2026-07-31,822945,670764,"{""novig"": {""odds"": 1329}, ""bet365"": {""odds"": 1300}, ""betmgm"": {""odds"": 1200}, ""fanduel"": {""odds"": 1060}}"
Drew Romo,CWS,L,Nick Martinez,R,TB,TB,A,mlb_schedule,0.0902301716373785,1008,1,novig,1076.0,0.0850340136054421,0.0052,0.0622301716373785,0.22,0.08,0.7000000000000001,3.4,0.98331937703468,99.8,86.1,0.0,0.0,1,96.0,27.0,DOME,7:10 PM ET,Tropicana Field,,9.0,0,67.0,3.652,0.0,0.2272727272727272,0.3181818181818182,83.42333333333333,0.2531,0.3428555555555555,0.0402010050251256,2.45,0.84375,11.0,117.33333333333331,0,0,0,,4,1,2026-07-31,822945,691011,"{""novig"": {""odds"": 1076}, ""bet365"": {""odds"": 900}, ""betmgm"": {""odds"": 800}, ""fanduel"": {""odds"": 870}}"
Jeff McNeil,ATH,L,Tyler Holton,L,ATH,DET,H,mlb_schedule,0.1051301051031705,851,1,bet365,900.0,0.1,0.0051,0.0771301051031705,0.22,0.08,0.7000000000000001,3.5,0.9852114909473605,99.6,98.6,8.3,7.038799198098336,0,83.0,0.0,7 MPH TOWARD OF,9:40 PM ET,Sutter Health Park,,8.0,1,9.0,4.194,0.0232558139534883,0.3488372093023256,0.3953488372093023,88.41311111111112,0.3270944444444444,0.4383133333333333,0.027027027027027,,,,,2,0,0,0.0,4,0,2026-07-31,824975,643446,"{""novig"": {""odds"": 733}, ""bet365"": {""odds"": 900}, ""betmgm"": {""odds"": 650}, ""draftkings"": {""odds"": 750}, ""fanduel"": {""odds"": 630}}"
Tyler Freeman,COL,R,Michael Wacha,R,COL,KC,H,mlb_schedule,0.1048296449299261,854,1,fanduel,900.0,0.1,0.0048,0.0768296449299262,0.22,0.08,0.7000000000000001,3.7,0.9883761862532516,99.3,92.0,12.2,-6.997632523482762,0,66.0,13.0,7 MPH TOWARD HP,8:40 PM ET,Coors Field,,6.0,0,58.0,3.964,0.0,0.4222222222222222,0.2666666666666666,87.38366666666667,0.3266966666666667,0.4437822222222222,0.0406091370558375,3.6,1.08816120906801,16.0,132.33333333333334,2,2,0,1.0,1,2,2026-07-31,824325,671289,"{""fanduel"": {""odds"": 900}}"
Jake Burger,TEX,R,Hunter Brown,R,HOU,HOU,A,mlb_schedule,0.1427754402511117,600,1,bet365,625.0,0.1379310344827586,0.0048,0.1147754402511117,0.2701421800947867,0.0805687203791469,0.6492890995260663,3.6,0.9769952587956872,117.9,,,,0,,,CALM,8:15 PM ET,Daikin Park,19.0,7.0,1,7.0,1.6,0.0454545454545454,0.4545454545454545,0.2727272727272727,88.01411111111112,0.34773,0.5449666666666666,0.0390625,,,,,26,10,4,0.385,15,5,2026-07-31,824164,669394,"{""novig"": {""odds"": 545}, ""bet365"": {""odds"": 625}, ""pinnacle"": {""odds"": 503}, ""fanduel"": {""odds"": 540}}"
Bryson Stott,PHI,L,Brandon Young,R,BAL,BAL,A,mlb_schedule,0.1379997408043497,625,1,bet365,650.0,0.1333333333333333,0.0047,0.1099997408043497,0.1884422110552764,0.0804020100502512,0.7311557788944724,3.6,0.9911650816504896,115.6,86.7,8.2,-8.180025212130557,0,86.0,5.0,8 MPH TOWARD HP,7:05 PM ET,Camden Yards,8.0,7.0,0,38.0,4.276,0.025,0.375,0.375,89.65499999999999,0.3940777777777778,0.5785111111111111,0.0219780219780219,,,,,0,0,0,,8,1,2026-07-31,824809,681082,"{""novig"": {""odds"": 614}, ""bet365"": {""odds"": 650}, ""fanduel"": {""odds"": 560}}"
Brett Baty,NYM,L,Janson Junk,R,NYM,MIA,H,mlb_schedule,0.1474612621107749,578,1,bet365,600.0,0.1428571428571428,0.0046,0.1194612621107749,0.2732394366197183,0.0957746478873239,0.6309859154929577,3.6,0.9723716726292452,95.0,84.0,11.5,11.358415916844084,0,95.0,8.0,11 MPH TOWARD OF,7:10 PM ET,Citi Field,6.0,7.0,1,9.0,4.1,0.0232558139534883,0.4651162790697674,0.3255813953488372,92.04155555555556,0.4376722222222222,0.6234033333333334,0.0462427745664739,,,,,0,0,0,,6,0,2026-07-31,823593,683146,"{""novig"": {""odds"": 590}, ""bet365"": {""odds"": 600}, ""fanduel"": {""odds"": 560}}"
Jackson Holliday,BAL,L,Andrew Painter,R,BAL,PHI,H,mlb_schedule,0.1220036818982414,720,1,bet365,750.0,0.1176470588235294,0.0044,0.0940036818982414,0.22,0.08,0.7000000000000001,3.7,0.9883761862532516,115.6,86.7,8.2,-8.180025212130557,0,86.0,5.0,8 MPH TOWARD HP,7:05 PM ET,Camden Yards,,6.0,0,33.0,5.083,0.0,0.2571428571428571,0.2,85.78055555555557,0.2800388888888889,0.3540277777777778,0.0714285714285714,,,,,0,0,0,,4,1,2026-07-31,824809,702616,"{""novig"": {""odds"": 641}, ""bet365"": {""odds"": 750}, ""draftkings"": {""odds"": 640}, ""fanduel"": {""odds"": 630}}"
Otto Lopez,MIA,R,Kodai Senga,R,NYM,NYM,A,mlb_schedule,0.1219911585562169,720,1,bet365,750.0,0.1176470588235294,0.0043,0.093991158556217,0.1372549019607843,0.0588235294117647,0.803921568627451,4.1,0.9987440791279666,95.6,84.0,11.5,11.358415916844084,0,95.0,8.0,11 MPH TOWARD OF,7:10 PM ET,Citi Field,9.0,3.0,0,26.0,6.15,0.037037037037037,0.3888888888888889,0.2037037037037037,84.03722222222223,0.3238011111111111,0.4366688888888888,0.1263157894736842,,,,,10,0,0,0.0,7,2,2026-07-31,823593,672640,"{""novig"": {""odds"": 700}, ""bet365"": {""odds"": 750}, ""draftkings"": {""odds"": 750}, ""fanduel"": {""odds"": 560}}"
Ryan O'Hearn,PIT,L,Hunter Greene,R,CIN,CIN,A,mlb_schedule,0.1640750341126715,509,1,novig,525.0,0.16,0.0041,0.1360750341126715,0.2188295165394402,0.089058524173028,0.6921119592875318,3.9,0.9898904459676708,123.1,87.7,6.1,-1.0592538837682748,0,96.0,3.0,CROSSWIND 6 MPH,6:10 PM ET,Great American Ball Park,17.0,5.0,0,24.0,,0.0952380952380952,0.5238095238095238,0.4047619047619047,92.07811111111111,0.3565277777777778,0.5318388888888889,0.0846153846153846,,,,,8,2,0,0.25,13,4,2026-07-31,824486,656811,"{""novig"": {""odds"": 525}, ""bet365"": {""odds"": 425}, ""betmgm"": {""odds"": 325}, ""pinnacle"": {""odds"": 465}, ""draftkings"": {""odds"": 462}, ""fanduel"": {""odds"": 440}}"
Nolan Schanuel,LAA,L,Shane Drohan,L,LAA,MIL,H,mlb_schedule,0.0835116480029205,1097,1,draftkings,1160.0,0.07936507936507936,0.0041,0.0555116480029205,0.137466307277628,0.105121293800539,0.7574123989218329,4.1,0.9969941918388575,103.2,,,,0,,,CALM,9:38 PM ET,Angel Stadium,6.0,3.0,0,38.0,2.702,0.0,0.2916666666666667,0.1458333333333333,87.11355555555556,0.3577122222222222,0.4594199999999999,0.0347222222222222,,,,,0,0,0,,4,2,2026-07-31,823999,694384,"{""novig"": {""odds"": 1150}, ""bet365"": {""odds"": 850}, ""betmgm"": {""odds"": 675}, ""draftkings"": {""odds"": 1160}, ""fanduel"": {""odds"": 1100}}"
Javier Sanoja,MIA,R,Kodai Senga,R,NYM,NYM,A,mlb_schedule,0.0808906879787593,1136,1,bet365,1200.0,0.0769230769230769,0.004,0.0528906879787593,0.22,0.08,0.7000000000000001,3.4,0.98331937703468,95.6,84.0,11.5,11.358415916844084,0,95.0,8.0,11 MPH TOWARD OF,7:10 PM ET,Citi Field,,9.0,0,31.0,6.15,0.0,0.2413793103448276,0.2413793103448276,85.07444444444444,0.2488333333333333,0.3108000000000001,0.1263157894736842,,,,,4,2,0,0.5,1,2,2026-07-31,823593,691594,"{""novig"": {""odds"": 1150}, ""bet365"": {""odds"": 1200}, ""fanduel"": {""odds"": 900}}"
Cole Young,SEA,L,Zebby Matthews,R,SEA,MIN,H,mlb_schedule,0.1372599273853663,629,1,bet365,650.0,0.13333333333333333,0.0039,0.1092599273853663,0.1685649202733485,0.082004555808656,0.7494305239179954,4.3,0.9973974977770494,99.6,,,,0,,,CALM,10:10 PM ET,T-Mobile Park,13.0,1.0,0,12.0,4.518,0.0222222222222222,0.4,0.2888888888888888,90.054,0.3569377777777777,0.5038722222222222,0.0782122905027933,,,,,0,0,0,,11,4,2026-07-31,823111,702284,"{""novig"": {""odds"": 641}, ""bet365"": {""odds"": 650}, ""betmgm"": {""odds"": 500}, ""pinnacle"": {""odds"": 520}, ""draftkings"": {""odds"": 524}, ""fanduel"": {""odds"": 500}}"
Jake Mangum,PIT,R,Hunter Greene,R,CIN,CIN,A,mlb_schedule,0.0907553568260034,1002,1,betmgm,1050.0,0.0869565217391304,0.0038,0.0627553568260034,0.22,0.08,0.7000000000000001,4.3,0.9943555530543188,113.5,87.7,6.1,-1.0592538837682748,0,96.0,3.0,CROSSWIND 6 MPH,6:10 PM ET,Great American Ball Park,,1.0,0,22.0,,0.0,0.2162162162162162,0.2432432432432432,85.17288888888888,0.3078944444444444,0.3969111111111111,0.0846153846153846,,,,,0,0,0,,2,0,2026-07-31,824486,663968,"{""novig"": {""odds"": 1011}, ""bet365"": {""odds"": 1000}, ""betmgm"": {""odds"": 1050}, ""fanduel"": {""odds"": 900}}"
Alan Roden,MIN,L,Bryce Miller,R,SEA,SEA,A,mlb_schedule,0.0937686036820421,966,1,novig,1011.0,0.09000900090009001,0.0038,0.0657686036820421,0.22,0.08,0.7000000000000001,3.7,0.9883761862532517,99.6,,,,0,,,CALM,10:10 PM ET,T-Mobile Park,,6.0,0,359.0,2.47,0.0,0.4705882352941176,0.3235294117647059,89.9188888888889,0.3330833333333333,0.4498333333333333,0.0583941605839416,,,,,0,0,0,,0,0,2026-07-31,823111,702176,"{""novig"": {""odds"": 1011}, ""bet365"": {""odds"": 950}, ""draftkings"": {""odds"": 990}, ""fanduel"": {""odds"": 900}}"
Liam Hicks,MIA,L,Kodai Senga,R,NYM,NYM,A,mlb_schedule,0.1089727685718959,818,1,bet365,850.0,0.1052631578947368,0.0037,0.0809727685718959,0.0959595959595959,0.1161616161616161,0.787878787878788,4.3,0.9987285138596126,95.0,84.0,11.5,11.358415916844084,0,95.0,8.0,11 MPH TOWARD OF,7:10 PM ET,Citi Field,14.0,1.0,1,11.0,6.15,0.02,0.34,0.26,82.75155555555556,0.28894,0.3890233333333333,0.1263157894736842,,,,,4,2,0,0.5,13,1,2026-07-31,823593,689414,"{""bet365"": {""odds"": 850}, ""betmgm"": {""odds"": 625}, ""draftkings"": {""odds"": 571}, ""fanduel"": {""odds"": 540}}"
Troy Johnston,COL,L,Michael Wacha,R,COL,KC,H,mlb_schedule,0.1148061602427081,771,1,fanduel,800.0,0.1111111111111111,0.0037,0.0868061602427082,0.1681159420289855,0.1014492753623188,0.7304347826086957,3.6,0.9910794861358522,113.9,92.0,12.2,-6.997632523482762,0,66.0,13.0,7 MPH TOWARD HP,8:40 PM ET,Coors Field,3.0,7.0,0,116.0,3.964,0.0,0.4594594594594595,0.2972972972972973,92.57777777777778,0.2628944444444444,0.3543333333333333,0.0406091370558375,3.6,1.08816120906801,16.0,132.33333333333334,0,0,0,,3,1,2026-07-31,824325,687859,"{""novig"": {""odds"": 770}, ""bet365"": {""odds"": 800}, ""draftkings"": {""odds"": 740}, ""fanduel"": {""odds"": 800}}"
Taylor Ward,BAL,R,Andrew Painter,R,BAL,PHI,H,mlb_schedule,0.1463718751342085,583,1,bet365,600.0,0.1428571428571428,0.0035,0.1183718751342085,0.2036290322580645,0.1814516129032258,0.6149193548387097,4.0,0.9780109350014684,94.3,86.7,8.2,-8.180025212130557,0,86.0,5.0,8 MPH TOWARD HP,7:05 PM ET,Camden Yards,7.0,4.0,0,14.0,5.083,0.0,0.3658536585365853,0.2195121951219512,89.97966666666666,0.3167566666666667,0.4548822222222222,0.0714285714285714,,,,,0,0,0,,3,4,2026-07-31,824809,621493,"{""novig"": {""odds"": 590}, ""bet365"": {""odds"": 600}, ""betmgm"": {""odds"": 475}, ""draftkings"": {""odds"": 548}, ""fanduel"": {""odds"": 520}}"
Yainer Diaz,HOU,R,Nathan Eovaldi,R,HOU,TEX,H,mlb_schedule,0.1100314772972756,809,1,draftkings,830.0,0.1075268817204301,0.0025,0.0820314772972756,0.22,0.08,0.7000000000000001,3.6,0.9868889788795844,117.9,,,,0,,,CALM,8:15 PM ET,Daikin Park,,7.0,0,21.0,4.479,0.0652173913043478,0.391304347826087,0.1956521739130435,89.07888888888888,0.3830833333333333,0.5532388888888888,0.0705882352941176,4.05,1.6185286103542236,22.0,122.33333333333331,22,8,0,0.364,7,0,2026-07-31,824164,673237,"{""bet365"": {""odds"": 700}, ""betmgm"": {""odds"": 525}, ""draftkings"": {""odds"": 830}, ""fanduel"": {""odds"": 800}}"
George Springer,TOR,R,Kyle Leahy,R,TOR,STL,H,mlb_schedule,0.1622391435909289,516,1,novig,525.0,0.16,0.0022,0.1342391435909289,0.1860465116279069,0.1075581395348837,0.7063953488372093,4.0,0.9925689236261804,106.3,82.0,8.6,8.579050832234488,0,78.0,5.0,9 MPH TOWARD OF,7:07 PM ET,Rogers Centre,12.0,4.0,1,6.0,4.693,0.0,0.4468085106382978,0.2553191489361702,87.46222222222222,0.3015222222222222,0.4267333333333333,0.0204081632653061,,,,,2,2,0,1.0,11,3,2026-07-31,822782,543807,"{""novig"": {""odds"": 525}, ""bet365"": {""odds"": 475}, ""betmgm"": {""odds"": 400}, ""pinnacle"": {""odds"": 450}, ""draftkings"": {""odds"": 486}, ""fanduel"": {""odds"": 480}}"
William Contreras,MIL,R,Ryan Johnson,R,LAA,LAA,A,mlb_schedule,0.1421942928036634,603,1,novig,614.0,0.1400560224089636,0.0021,0.1141942928036634,0.1398601398601398,0.0909090909090909,0.7692307692307692,4.0,0.9971639648471692,100.9,,,,0,,,CALM,9:38 PM ET,Angel Stadium,10.0,4.0,0,12.0,,0.0196078431372549,0.3137254901960784,0.196078431372549,88.51166666666667,0.3224755555555555,0.4971288888888889,0.081967213114754,,,,,0,0,0,,11,2,2026-07-31,823999,661388,"{""novig"": {""odds"": 614}, ""bet365"": {""odds"": 525}, ""betmgm"": {""odds"": 390}, ""draftkings"": {""odds"": 554}, ""fanduel"": {""odds"": 520}}"
Andy Pages,LAD,R,Ranger Suarez,L,LAD,BOS,H,mlb_schedule,0.1558757645776943,542,1,bet365,550.0,0.15384615384615385,0.002,0.1278757645776943,0.2,0.0946236559139784,0.7053763440860216,4.2,0.9940990222118041,123.4,91.1,10.9,4.948496447161061,0,98.0,0.0,5 MPH TOWARD OF,10:10 PM ET,Dodger Stadium,18.0,2.0,0,21.0,2.931,0.025,0.4,0.275,89.61666666666666,0.3748944444444444,0.5025277777777778,0.0136054421768707,,,,,6,4,0,0.667,13,5,2026-07-31,823922,681624,"{""novig"": {""odds"": 525}, ""bet365"": {""odds"": 550}, ""betmgm"": {""odds"": 425}, ""pinnacle"": {""odds"": 446}, ""fanduel"": {""odds"": 440}}"
Miguel Vargas,CWS,R,Nick Martinez,R,TB,TB,A,mlb_schedule,0.2057347350940325,386,1,betmgm,390.0,0.2040816326530612,0.0017,0.1777347350940325,0.173076923076923,0.141025641025641,0.6858974358974359,4.1,0.9913305194845924,110.5,86.1,0.0,0.0,1,96.0,27.0,DOME,7:10 PM ET,Tropicana Field,22.0,3.0,0,21.0,3.652,0.0208333333333333,0.4166666666666667,0.375,90.55855555555556,0.27937,0.3718611111111111,0.0402010050251256,2.45,0.84375,11.0,117.33333333333331,12,2,0,0.167,13,9,2026-07-31,822945,678246,"{""novig"": {""odds"": 376}, ""bet365"": {""odds"": 375}, ""betmgm"": {""odds"": 390}, ""pinnacle"": {""odds"": 360}, ""draftkings"": {""odds"": 311}, ""fanduel"": {""odds"": 300}}"
Cedric Mullins,TB,L,Erick Fedde,R,TB,CWS,H,mlb_schedule,0.1514899574230407,560,1,novig,567.0,0.1499250374812593,0.0016,0.1234899574230407,0.2071823204419889,0.0966850828729281,0.6961325966850829,4.0,0.9914741741289342,99.8,86.1,0.0,0.0,1,96.0,27.0,DOME,7:10 PM ET,Tropicana Field,13.0,4.0,1,11.0,6.1,0.0256410256410256,0.2564102564102564,0.2564102564102564,82.18322222222221,0.2524388888888889,0.3451988888888889,0.028169014084507,,,,,10,4,0,0.4,13,0,2026-07-31,822945,656775,"{""novig"": {""odds"": 567}, ""bet365"": {""odds"": 525}, ""fanduel"": {""odds"": 500}}"
Alika Williams,ATH,R,Tyler Holton,L,ATH,DET,H,mlb_schedule,0.091966145601064,987,1,fanduel,1000.0,0.09090909090909091,0.0011,0.063966145601064,0.22,0.08,0.7000000000000001,3.4,0.9833193770346799,113.3,98.6,8.3,7.038799198098336,0,83.0,0.0,7 MPH TOWARD OF,9:40 PM ET,Sutter Health Park,,9.0,0,30.0,4.194,0.0,0.2903225806451613,0.2258064516129032,82.39888888888889,0.3222777777777778,0.424095238095238,0.027027027027027,,,,,0,0,0,,1,1,2026-07-31,824975,675961,"{""novig"": {""odds"": 953}, ""draftkings"": {""odds"": 990}, ""fanduel"": {""odds"": 1000}}"
Jake McCarthy,COL,L,Michael Wacha,R,COL,KC,H,mlb_schedule,0.1260650584177112,693,1,bet365,700.0,0.125,0.0011,0.0980650584177112,0.1820728291316526,0.0616246498599439,0.7563025210084033,4.3,0.997690811122605,113.9,92.0,12.2,-6.997632523482762,0,66.0,13.0,7 MPH TOWARD HP,8:40 PM ET,Coors Field,10.0,1.0,0,19.0,3.964,0.0217391304347826,0.217391304347826,0.1521739130434782,78.18311111111112,0.2714288888888889,0.3619588888888889,0.0406091370558375,3.6,1.08816120906801,16.0,132.33333333333334,10,0,0,0.0,8,2,2026-07-31,824325,664983,"{""novig"": {""odds"": 700}, ""bet365"": {""odds"": 700}, ""betmgm"": {""odds"": 550}, ""pinnacle"": {""odds"": 600}, ""draftkings"": {""odds"": 650}, ""fanduel"": {""odds"": 680}}"
Coby Mayo,BAL,R,Andrew Painter,R,BAL,PHI,H,mlb_schedule,0.1859142610097291,438,1,novig,441.0,0.1848428835489833,0.0011,0.1579142610097291,0.22,0.08,0.7000000000000001,3.6,0.9868889788795844,94.3,86.7,8.2,-8.180025212130557,0,86.0,5.0,8 MPH TOWARD HP,7:05 PM ET,Camden Yards,,7.0,1,12.0,5.083,0.03125,0.5,0.375,95.77111111111113,0.4828111111111111,0.8300277777777778,0.0714285714285714,,,,,0,0,0,,4,11,2026-07-31,824809,691723,"{""novig"": {""odds"": 441}, ""bet365"": {""odds"": 400}, ""betmgm"": {""odds"": 425}, ""pinnacle"": {""odds"": 400}, ""fanduel"": {""odds"": 430}}"
Michael Busch,CHC,L,Will Warren,R,CHC,NYY,H,mlb_schedule,0.1675325977827817,497,1,bet365,500.0,0.1666666666666666,0.0009,0.1395325977827817,0.2295081967213114,0.1557377049180328,0.6147540983606556,4.1,0.9799771491752692,102.5,79.8,17.0,10.466245080536192,0,89.0,55.0,10 MPH TOWARD OF,2:20 PM ET,Wrigley Field,,3.0,1,,3.246,0.0238095238095238,0.3333333333333333,0.2619047619047619,89.83611111111112,0.3902055555555555,0.5805222222222223,0.0476190476190476,,,,,6,2,2,0.333,11,3,2026-07-31,824651,683737,"{""novig"": {""odds"": 456}, ""bet365"": {""odds"": 475}, ""betmgm"": {""odds"": 310}, ""fanduel"": {""odds"": 430}}"
Austin Wynns,TEX,R,Hunter Brown,R,HOU,HOU,A,mlb_schedule,0.0916033410082569,992,1,bet365,1000.0,0.0909090909090909,0.0007,0.0636033410082569,0.22,0.08,0.7000000000000001,3.4,0.98331937703468,117.9,,,,0,,,CALM,8:15 PM ET,Daikin Park,,9.0,0,383.0,1.6,0.0277777777777777,0.3055555555555556,0.2777777777777778,86.25555555555555,0.3053111111111111,0.4336555555555555,0.0390625,,,,,0,0,0,,0,1,2026-07-31,824164,642851,"{""bet365"": {""odds"": 1000}, ""fanduel"": {""odds"": 900}}"
Jimmy Crooks,STL,L,Dylan Cease,R,TOR,TOR,A,mlb_schedule,0.1055868254565089,847,1,novig,852.0,0.1050420168067226,0.0005,0.077586825456509,0.22,0.08,0.7000000000000001,3.4,0.98331937703468,108.2,82.0,8.6,8.579050832234488,0,78.0,5.0,9 MPH TOWARD OF,7:07 PM ET,Rogers Centre,,9.0,1,13.0,2.584,0.0434782608695652,0.6521739130434783,0.391304347826087,95.48555555555556,0.5159666666666667,0.8365777777777778,0.0504201680672268,2.46,0.5558823529411765,7.0,113.33333333333331,0,0,0,,2,1,2026-07-31,822782,699625,"{""novig"": {""odds"": 852}, ""bet365"": {""odds"": 850}, ""betmgm"": {""odds"": 675}, ""draftkings"": {""odds"": 850}, ""fanduel"": {""odds"": 800}}"
Daylen Lile,WSH,L,Bryce Elder,R,ATL,ATL,A,mlb_schedule,0.160220020141462,524,1,novig,525.0,0.16,0.0002,0.132220020141462,0.1836283185840708,0.0707964601769911,0.745575221238938,3.7,0.9936821428725814,98.1,89.9,7.1,0.3715852893249021,0,91.0,0.0,CROSSWIND 7 MPH,7:15 PM ET,Truist Park,13.0,6.0,0,14.0,3.454,0.0714285714285714,0.5,0.4047619047619047,92.8942222222222,0.4446255555555555,0.6714033333333334,0.074074074074074,3.96,1.4252199413489737,18.0,113.66666666666669,16,6,2,0.375,13,1,2026-07-31,824892,695734,"{""novig"": {""odds"": 525}, ""bet365"": {""odds"": 475}, ""pinnacle"": {""odds"": 470}, ""draftkings"": {""odds"": 524}, ""fanduel"": {""odds"": 500}}"
Noelvi Marte,CIN,R,Paul Skenes,R,CIN,PIT,H,mlb_schedule,0.1049542920685335,853,1,novig,852.0,0.1050420168067226,-0.0001,0.0769542920685335,0.22,0.08,0.7000000000000001,3.5,0.9852114909473604,113.5,87.7,6.1,-1.0592538837682748,0,96.0,3.0,CROSSWIND 6 MPH,6:10 PM ET,Great American Ball Park,,8.0,0,23.0,2.6,0.0,0.238095238095238,0.2142857142857142,84.95777777777776,0.2871388888888889,0.4352777777777777,0.0357142857142857,3.65,0.8204419889502763,11.0,120.66666666666669,14,0,0,0.0,4,4,2026-07-31,824486,682622,"{""novig"": {""odds"": 852}, ""bet365"": {""odds"": 700}, ""betmgm"": {""odds"": 525}, ""draftkings"": {""odds"": 830}, ""fanduel"": {""odds"": 750}}"
Spencer Jones,NYY,L,Shota Imanaga,L,CHC,CHC,A,mlb_schedule,0.1425694945408801,601,1,bet365,600.0,0.1428571428571428,-0.0003,0.1145694945408801,0.22,0.08,0.7000000000000001,3.6,0.9868889788795844,102.5,79.8,17.0,10.466245080536192,0,89.0,55.0,10 MPH TOWARD OF,2:20 PM ET,Wrigley Field,,7.0,0,,4.929,0.0344827586206896,0.5862068965517241,0.3448275862068966,93.90777777777778,0.3714055555555555,0.5554666666666667,0.0903614457831325,3.72,1.6363636363636365,22.0,121.0,0,0,0,,5,0,2026-07-31,824651,682987,"{""bet365"": {""odds"": 600}, ""fanduel"": {""odds"": 500}}"
Jeremy Peña,HOU,R,Nathan Eovaldi,R,HOU,TEX,H,mlb_schedule,0.1286602703288648,677,1,novig,669.0,0.130039011703511,-0.0014,0.1006602703288648,0.22,0.08,0.7000000000000001,4.3,0.9943555530543188,117.9,,,,0,,,CALM,8:15 PM ET,Daikin Park,,1.0,1,9.0,4.479,0.0212765957446808,0.4468085106382978,0.1489361702127659,89.87377777777778,0.4456577777777778,0.6056722222222223,0.0705882352941176,4.05,1.6185286103542236,22.0,122.33333333333331,32,10,4,0.312,11,1,2026-07-31,824164,665161,"{""novig"": {""odds"": 669}, ""bet365"": {""odds"": 575}, ""betmgm"": {""odds"": 425}, ""fanduel"": {""odds"": 630}}"
Yandy Díaz,TB,R,Erick Fedde,R,TB,CWS,H,mlb_schedule,0.1363798849992712,633,1,bet365,625.0,0.1379310344827586,-0.0016,0.1083798849992712,0.1444201312910284,0.111597374179431,0.7439824945295405,4.3,0.9971453061119356,110.5,86.1,0.0,0.0,1,96.0,27.0,DOME,7:10 PM ET,Tropicana Field,15.0,1.0,1,10.0,6.1,0.0175438596491228,0.4385964912280701,0.1578947368421052,89.36011111111111,0.3139077777777778,0.4519011111111111,0.028169014084507,,,,,14,2,0,0.143,9,6,2026-07-31,822945,650490,"{""novig"": {""odds"": 614}, ""bet365"": {""odds"": 625}, ""betmgm"": {""odds"": 525}, ""pinnacle"": {""odds"": 520}, ""fanduel"": {""odds"": 520}}"
Luis Lara,MIL,L,Ryan Johnson,R,LAA,LAA,A,mlb_schedule,0.1093851837106205,814,1,bet365,800.0,0.1111111111111111,-0.0017,0.0813851837106205,0.22,0.08,0.7000000000000001,3.6,0.9868889788795845,103.2,,,,0,,,CALM,9:38 PM ET,Angel Stadium,,7.0,0,,,0.03125,0.40625,0.21875,85.87333333333332,0.2839166666666667,0.37195,0.081967213114754,,,,,0,0,0,,0,0,2026-07-31,823999,800325,"{""novig"": {""odds"": 733}, ""bet365"": {""odds"": 800}, ""fanduel"": {""odds"": 800}}"
Ezequiel Duran,TEX,R,Hunter Brown,R,HOU,HOU,A,mlb_schedule,0.0923651544619462,983,1,draftkings,960.0,0.0943396226415094,-0.002,0.0643651544619462,0.2301587301587301,0.0793650793650793,0.6904761904761905,3.9,0.989679354962055,117.9,,,,0,,,CALM,8:15 PM ET,Daikin Park,12.0,5.0,0,20.0,1.6,0.054054054054054,0.3243243243243243,0.1891891891891892,85.10333333333332,0.3758555555555555,0.5637444444444444,0.0390625,,,,,20,4,0,0.2,11,2,2026-07-31,824164,677649,"{""novig"": {""odds"": 900}, ""bet365"": {""odds"": 950}, ""betmgm"": {""odds"": 625}, ""draftkings"": {""odds"": 960}, ""fanduel"": {""odds"": 900}}"
Victor Robles,SEA,R,Zebby Matthews,R,SEA,MIN,H,mlb_schedule,0.0809839900179006,1135,1,fanduel,1100.0,0.08333333333333333,-0.0023,0.0529839900179006,0.22,0.08,0.7000000000000001,3.4,0.9833193770346799,103.4,,,,0,,,CALM,10:10 PM ET,T-Mobile Park,,9.0,0,133.0,4.518,0.0,0.175,0.325,82.37055555555554,0.2999833333333334,0.3831166666666666,0.0782122905027933,,,,,0,0,0,,1,0,2026-07-31,823111,645302,"{""betmgm"": {""odds"": 1050}, ""fanduel"": {""odds"": 1100}}"
Eugenio Suárez,CIN,R,Paul Skenes,R,CIN,PIT,H,mlb_schedule,0.1626405210486106,515,1,novig,506.0,0.165016501650165,-0.0024,0.1346405210486106,0.22,0.08,0.7000000000000001,3.7,0.9883761862532516,113.5,87.7,6.1,-1.0592538837682748,0,96.0,3.0,CROSSWIND 6 MPH,6:10 PM ET,Great American Ball Park,,6.0,1,7.0,2.6,0.032258064516129,0.5161290322580645,0.4838709677419355,95.77055555555556,0.4978388888888888,0.823888888888889,0.0357142857142857,3.65,0.8204419889502763,11.0,120.66666666666669,16,2,0,0.125,10,4,2026-07-31,824486,553993,"{""novig"": {""odds"": 506}, ""bet365"": {""odds"": 425}, ""betmgm"": {""odds"": 350}, ""pinnacle"": {""odds"": 417}, ""fanduel"": {""odds"": 430}}"
Jose Altuve,HOU,R,Nathan Eovaldi,R,HOU,TEX,H,mlb_schedule,0.1151663320917818,768,1,fanduel,750.0,0.1176470588235294,-0.0025,0.0871663320917818,0.2136986301369863,0.0821917808219178,0.7041095890410959,3.9,0.991342141671642,117.9,,,,0,,,CALM,8:15 PM ET,Daikin Park,12.0,5.0,1,12.0,4.479,0.0,0.3829787234042553,0.3191489361702128,86.44977777777778,0.2780711111111111,0.4010188888888888,0.0705882352941176,4.05,1.6185286103542236,22.0,122.33333333333331,84,32,14,0.381,10,2,2026-07-31,824164,514888,"{""novig"": {""odds"": 733}, ""bet365"": {""odds"": 600}, ""betmgm"": {""odds"": 525}, ""draftkings"": {""odds"": 730}, ""fanduel"": {""odds"": 750}}"
Jakob Marsee,MIA,L,Kodai Senga,R,NYM,NYM,A,mlb_schedule,0.0923651544619462,983,1,novig,953.0,0.0949667616334283,-0.0026,0.0643651544619462,0.2235294117647059,0.1505882352941176,0.6258823529411766,3.6,0.9709711721842044,95.0,84.0,11.5,11.358415916844084,0,95.0,8.0,11 MPH TOWARD OF,7:10 PM ET,Citi Field,6.0,7.0,0,28.0,6.15,0.0,0.3055555555555556,0.2222222222222222,88.13611111111112,0.3329722222222223,0.4663888888888889,0.1263157894736842,,,,,4,2,0,0.5,5,1,2026-07-31,823593,805300,"{""novig"": {""odds"": 953}, ""bet365"": {""odds"": 850}, ""fanduel"": {""odds"": 800}}"
Nathan Lukes,TOR,L,Kyle Leahy,R,TOR,STL,H,mlb_schedule,0.0835116480029205,1097,1,fanduel,1060.0,0.0862068965517241,-0.0027,0.0555116480029205,0.22,0.08,0.7000000000000001,4.3,0.9943555530543188,108.2,82.0,8.6,8.579050832234488,0,78.0,5.0,9 MPH TOWARD OF,7:07 PM ET,Rogers Centre,,1.0,0,19.0,4.693,0.0,0.2765957446808511,0.3191489361702128,84.58111111111111,0.1912333333333333,0.2582666666666666,0.0204081632653061,,,,,0,0,0,,5,0,2026-07-31,822782,664770,"{""novig"": {""odds"": 1011}, ""bet365"": {""odds"": 900}, ""draftkings"": {""odds"": 990}, ""fanduel"": {""odds"": 1060}}"
Sal Stewart,CIN,R,Paul Skenes,R,CIN,PIT,H,mlb_schedule,0.1769310922385078,465,1,novig,456.0,0.1798561151079136,-0.0029,0.1489310922385078,0.22008547008547,0.1111111111111111,0.6688034188034189,4.2,0.9903537047744234,113.5,87.7,6.1,-1.0592538837682748,0,96.0,3.0,CROSSWIND 6 MPH,6:10 PM ET,Great American Ball Park,22.0,2.0,1,9.0,2.6,0.02,0.36,0.36,86.02055555555556,0.2823111111111111,0.4584222222222222,0.0357142857142857,3.65,0.8204419889502763,11.0,120.66666666666669,14,0,0,0.0,17,6,2026-07-31,824486,701398,"{""novig"": {""odds"": 456}, ""bet365"": {""odds"": 390}, ""betmgm"": {""odds"": 340}, ""pinnacle"": {""odds"": 400}, ""draftkings"": {""odds"": 397}, ""fanduel"": {""odds"": 400}}"
Randy Arozarena,SEA,R,Zebby Matthews,R,SEA,MIN,H,mlb_schedule,0.139989330836295,614,1,bet365,600.0,0.14285714285714285,-0.0029,0.111989330836295,0.2110091743119266,0.1330275229357798,0.6559633027522935,4.2,0.9886827728413496,103.4,,,,0,,,CALM,10:10 PM ET,T-Mobile Park,13.0,2.0,0,19.0,4.518,0.0454545454545454,0.3636363636363636,0.2045454545454545,87.93666666666667,0.3674777777777777,0.5117777777777778,0.0782122905027933,,,,,6,2,2,0.333,13,2,2026-07-31,823111,668227,"{""novig"": {""odds"": 567}, ""bet365"": {""odds"": 600}, ""pinnacle"": {""odds"": 450}, ""fanduel"": {""odds"": 440}}"
Austin Riley,ATL,R,Foster Griffin,L,ATL,WSH,H,mlb_schedule,0.1516542820395213,559,1,novig,545.0,0.1550387596899224,-0.0034,0.1236542820395213,0.3082191780821918,0.1004566210045662,0.591324200913242,3.6,0.960100806819405,92.8,89.9,7.1,0.3715852893249021,0,91.0,0.0,CROSSWIND 7 MPH,7:15 PM ET,Truist Park,12.0,7.0,0,12.0,4.836,0.0277777777777777,0.5,0.3333333333333333,90.253,0.461211111111111,0.6988277777777778,0.0421686746987951,2.76,1.2338709677419355,17.0,124.0,8,0,0,0.0,11,3,2026-07-31,824892,663586,"{""novig"": {""odds"": 545}, ""bet365"": {""odds"": 500}, ""pinnacle"": {""odds"": 536}, ""draftkings"": {""odds"": 513}, ""fanduel"": {""odds"": 520}}"
CJ Abrams,WSH,L,Bryce Elder,R,ATL,ATL,A,mlb_schedule,0.19994442296478,400,1,bet365,390.0,0.2040816326530612,-0.0041,0.17194442296478,0.2163355408388521,0.108167770419426,0.6754966887417219,4.0,0.9889114047611408,98.1,89.9,7.1,0.3715852893249021,0,91.0,0.0,CROSSWIND 7 MPH,7:15 PM ET,Truist Park,27.0,4.0,1,6.0,3.454,0.06,0.46,0.36,89.34988888888888,0.4843655555555555,0.7746055555555557,0.074074074074074,3.96,1.4252199413489737,18.0,113.66666666666669,38,12,0,0.316,22,5,2026-07-31,824892,682928,"{""novig"": {""odds"": 388}, ""bet365"": {""odds"": 390}, ""pinnacle"": {""odds"": 383}, ""fanduel"": {""odds"": 370}}"
Mookie Betts,LAD,R,Ranger Suarez,L,LAD,BOS,H,mlb_schedule,0.1308878833653412,664,1,novig,641.0,0.1349527665317139,-0.0041,0.1028878833653412,0.22,0.08,0.7000000000000001,3.9,0.9908636465286554,123.4,91.1,10.9,4.948496447161061,0,98.0,0.0,5 MPH TOWARD OF,10:10 PM ET,Dodger Stadium,,5.0,1,11.0,2.931,0.0652173913043478,0.3695652173913043,0.3695652173913043,89.65533333333335,0.2385644444444444,0.3438122222222222,0.0136054421768707,,,,,20,8,4,0.4,11,2,2026-07-31,823922,605141,"{""novig"": {""odds"": 641}, ""bet365"": {""odds"": 550}, ""pinnacle"": {""odds"": 500}, ""fanduel"": {""odds"": 520}}"
Julio Rodríguez,SEA,R,Zebby Matthews,R,SEA,MIN,H,mlb_schedule,0.1622391435909289,516,1,bet365,500.0,0.16666666666666666,-0.0044,0.1342391435909289,0.2009345794392523,0.0817757009345794,0.7172897196261683,4.0,0.9936119779697358,103.4,,,,0,,,CALM,10:10 PM ET,T-Mobile Park,16.0,4.0,1,10.0,4.518,0.0,0.4782608695652174,0.2391304347826087,91.583,0.48971,0.6923633333333333,0.0782122905027933,,,,,6,2,0,0.333,8,9,2026-07-31,823111,677594,"{""novig"": {""odds"": 488}, ""bet365"": {""odds"": 500}, ""pinnacle"": {""odds"": 420}, ""draftkings"": {""odds"": 446}, ""fanduel"": {""odds"": 390}}"
Dylan Beavers,BAL,L,Andrew Painter,R,BAL,PHI,H,mlb_schedule,0.1354500129420037,638,1,novig,614.0,0.1400560224089636,-0.0046,0.1074500129420037,0.22,0.08,0.7000000000000001,4.3,0.9943555530543188,115.6,86.7,8.2,-8.180025212130557,0,86.0,5.0,8 MPH TOWARD HP,7:05 PM ET,Camden Yards,,1.0,0,98.0,5.083,0.025,0.325,0.275,89.25722222222223,0.3387888888888888,0.4573555555555555,0.0714285714285714,,,,,0,0,0,,2,0,2026-07-31,824809,687637,"{""novig"": {""odds"": 614}, ""bet365"": {""odds"": 525}, ""fanduel"": {""odds"": 600}}"
Luis Arraez,SF,L,Bradgley Rodriguez,R,SD,SD,A,mlb_schedule,0.0551777060331235,1712,1,novig,1567.0,0.059988002399520096,-0.0048,0.0271777060331235,0.043859649122807,0.0635964912280701,0.8925438596491228,4.3,0.9999317198729307,87.8,81.0,7.4,-7.11333654994356,0,93.0,0.0,7 MPH TOWARD HP,9:45 PM ET,Petco Park,4.0,1.0,0,31.0,2.737,0.0,0.1034482758620689,0.2413793103448276,84.12233333333332,0.2926577777777777,0.366451111111111,0.0454545454545454,,,,,0,0,0,,3,1,2026-07-31,823272,650333,"{""novig"": {""odds"": 1567}, ""bet365"": {""odds"": 1100}, ""draftkings"": {""odds"": 1560}, ""fanduel"": {""odds"": 1500}}"
Jacob Wilson,ATH,R,Tyler Holton,L,ATH,DET,H,mlb_schedule,0.0849365704585886,1077,1,novig,1011.0,0.09000900090009001,-0.0051,0.0569365704585886,0.22,0.08,0.7000000000000001,4.2,0.9936333750066674,113.3,98.6,8.3,7.038799198098336,0,83.0,0.0,7 MPH TOWARD OF,9:40 PM ET,Sutter Health Park,,2.0,1,10.0,4.194,0.0,0.2692307692307692,0.2307692307692307,82.78677777777779,0.3553233333333334,0.4722311111111111,0.027027027027027,,,,,4,0,0,0.0,5,2,2026-07-31,824975,805779,"{""novig"": {""odds"": 1011}, ""bet365"": {""odds"": 850}, ""betmgm"": {""odds"": 475}, ""draftkings"": {""odds"": 840}, ""fanduel"": {""odds"": 900}}"
Tyler Stephenson,CIN,R,Paul Skenes,R,CIN,PIT,H,mlb_schedule,0.1348009384267243,642,1,novig,614.0,0.1400560224089636,-0.0053,0.1068009384267243,0.22,0.08,0.7000000000000001,4.0,0.9919,113.5,87.7,6.1,-1.0592538837682748,0,96.0,3.0,CROSSWIND 6 MPH,6:10 PM ET,Great American Ball Park,,4.0,1,12.0,2.6,0.0,0.4871794871794871,0.2307692307692307,92.97888888888887,0.5091333333333333,0.7357611111111112,0.0357142857142857,3.65,0.8204419889502763,11.0,120.66666666666669,22,10,0,0.455,8,1,2026-07-31,824486,663886,"{""novig"": {""odds"": 614}, ""bet365"": {""odds"": 475}, ""pinnacle"": {""odds"": 525}, ""draftkings"": {""odds"": 507}, ""fanduel"": {""odds"": 520}}"
Carlos Narváez,BOS,R,Edgardo Henriquez,R,LAD,LAD,A,mlb_schedule,0.0990720242948176,909,1,novig,852.0,0.10504201680672269,-0.006,0.0710720242948176,0.22,0.08,0.7000000000000001,3.4,0.9833193770346799,123.4,91.1,10.9,4.948496447161061,0,98.0,0.0,5 MPH TOWARD OF,10:10 PM ET,Dodger Stadium,,9.0,1,14.0,3.059,0.0,0.3939393939393939,0.3636363636363636,86.91499999999999,0.4063555555555556,0.6218111111111111,0.0,,,,,0,0,0,,3,0,2026-07-31,823922,665966,"{""novig"": {""odds"": 852}, ""bet365"": {""odds"": 800}, ""draftkings"": {""odds"": 800}, ""fanduel"": {""odds"": 750}}"
Luis Robert Jr.,NYM,R,Janson Junk,R,NYM,MIA,H,mlb_schedule,0.1538555506171857,550,1,novig,525.0,0.16,-0.0061,0.1258555506171857,0.22,0.08,0.7000000000000001,3.9,0.9908636465286554,95.6,84.0,11.5,11.358415916844084,0,95.0,8.0,11 MPH TOWARD OF,7:10 PM ET,Citi Field,,5.0,1,7.0,4.1,0.0208333333333333,0.4375,0.2708333333333333,90.56055555555557,0.31475,0.4401555555555555,0.0462427745664739,,,,,4,0,0,0.0,2,2,2026-07-31,823593,673357,"{""novig"": {""odds"": 525}, ""pinnacle"": {""odds"": 450}}"
Leody Taveras,BAL,L,Andrew Painter,R,BAL,PHI,H,mlb_schedule,0.1048296449299261,854,1,bet365,800.0,0.1111111111111111,-0.0063,0.0768296449299262,0.22,0.08,0.7000000000000001,3.9,0.9908636465286554,115.6,86.7,8.2,-8.180025212130557,0,86.0,5.0,8 MPH TOWARD HP,7:05 PM ET,Camden Yards,,5.0,0,19.0,5.083,0.04,0.24,0.16,80.16555555555556,0.3667555555555555,0.5426444444444444,0.0714285714285714,,,,,0,0,0,,5,1,2026-07-31,824809,665750,"{""novig"": {""odds"": 770}, ""bet365"": {""odds"": 800}, ""fanduel"": {""odds"": 630}}"
Iván Herrera,STL,R,Dylan Cease,R,TOR,TOR,A,mlb_schedule,0.0981969560347841,918,1,novig,852.0,0.1050420168067226,-0.0068,0.0701969560347842,0.1725571725571725,0.158004158004158,0.6694386694386694,4.0,0.988059893739789,106.3,82.0,8.6,8.579050832234488,0,78.0,5.0,9 MPH TOWARD OF,7:07 PM ET,Rogers Centre,12.0,4.0,0,24.0,2.584,0.0,0.1914893617021276,0.2127659574468085,83.69666666666666,0.1735111111111111,0.2297166666666666,0.0504201680672268,2.46,0.5558823529411765,7.0,113.33333333333331,14,8,0,0.571,7,6,2026-07-31,822782,671056,"{""novig"": {""odds"": 852}, ""bet365"": {""odds"": 850}, ""betmgm"": {""odds"": 625}, ""fanduel"": {""odds"": 700}}"
Geraldo Perdomo,AZ,R,Tanner Bibee,R,CLE,CLE,A,mlb_schedule,0.0960489580047933,941,1,fanduel,870.0,0.1030927835051546,-0.007,0.0680489580047933,0.1233480176211453,0.158590308370044,0.7180616740088106,4.2,0.9950949064967932,95.7,84.5,8.9,-8.308865795825096,0,84.0,5.0,8 MPH TOWARD HP,7:10 PM ET,Progressive Field,8.0,2.0,0,12.0,4.632,0.0,0.1379310344827586,0.5172413793103449,85.11111111111111,0.1324444444444444,0.1846277777777777,0.0742857142857142,3.89,1.44,20.0,125.0,10,4,0,0.4,7,1,2026-07-31,824407,672695,"{""novig"": {""odds"": 669}, ""bet365"": {""odds"": 750}, ""betmgm"": {""odds"": 625}, ""fanduel"": {""odds"": 870}}"
Elly De La Cruz,CIN,L,Paul Skenes,R,CIN,PIT,H,mlb_schedule,0.1724316135498156,480,1,novig,456.0,0.1798561151079136,-0.0074,0.1444316135498156,0.2725,0.1075,0.62,4.3,0.9844019802662012,123.1,87.7,6.1,-1.0592538837682748,0,96.0,3.0,CROSSWIND 6 MPH,6:10 PM ET,Great American Ball Park,18.0,1.0,1,10.0,2.6,0.0,0.5476190476190477,0.1904761904761904,94.58533333333334,0.4579677777777777,0.6792155555555557,0.0357142857142857,3.65,0.8204419889502763,11.0,120.66666666666669,30,8,0,0.267,10,9,2026-07-31,824486,682829,"{""novig"": {""odds"": 456}, ""bet365"": {""odds"": 450}, ""betmgm"": {""odds"": 425}, ""pinnacle"": {""odds"": 420}, ""draftkings"": {""odds"": 428}, ""fanduel"": {""odds"": 400}}"
Ali Sánchez,NYY,R,Shota Imanaga,L,CHC,CHC,A,mlb_schedule,0.0935411660196283,969,1,novig,890.0,0.101010101010101,-0.0075,0.0655411660196283,0.22,0.08,0.7000000000000001,3.5,0.9852114909473604,105.5,79.8,17.0,10.466245080536192,0,89.0,55.0,10 MPH TOWARD OF,2:20 PM ET,Wrigley Field,,8.0,0,,4.929,0.0,0.1379310344827586,0.2068965517241379,83.35722222222222,0.3294777777777778,0.4155555555555555,0.0903614457831325,3.72,1.6363636363636365,22.0,121.0,6,2,0,0.333,0,1,2026-07-31,824651,645305,"{""novig"": {""odds"": 890}, ""bet365"": {""odds"": 700}, ""betmgm"": {""odds"": 625}, ""draftkings"": {""odds"": 800}, ""fanduel"": {""odds"": 800}}"
Ian Happ,CHC,L,Will Warren,R,CHC,NYY,H,mlb_schedule,0.1660941575621382,502,1,bet365,475.0,0.1739130434782608,-0.0078,0.1380941575621382,0.3098901098901099,0.1428571428571428,0.5472527472527473,3.9,0.9545181928403804,102.5,79.8,17.0,10.466245080536192,0,89.0,55.0,10 MPH TOWARD OF,2:20 PM ET,Wrigley Field,,5.0,1,,3.246,0.0,0.3333333333333333,0.2916666666666667,86.77666666666667,0.3380444444444444,0.4706666666666667,0.0476190476190476,,,,,4,2,0,0.5,15,4,2026-07-31,824651,664023,"{""novig"": {""odds"": 456}, ""bet365"": {""odds"": 475}, ""pinnacle"": {""odds"": 425}, ""fanduel"": {""odds"": 420}}"
Junior Caminero,TB,R,Erick Fedde,R,TB,CWS,H,mlb_schedule,0.2469983790263022,305,1,novig,292.0,0.2551020408163265,-0.0081,0.2189983790263022,0.1804670912951167,0.1252653927813163,0.694267515923567,4.1,0.9922393070974358,110.5,86.1,0.0,0.0,1,96.0,27.0,DOME,7:10 PM ET,Tropicana Field,29.0,3.0,0,14.0,6.1,0.0425531914893617,0.5106382978723404,0.1489361702127659,91.42333333333336,0.4665666666666667,0.6592055555555556,0.028169014084507,,,,,0,0,0,,22,7,2026-07-31,822945,691406,"{""novig"": {""odds"": 292}, ""bet365"": {""odds"": 290}, ""pinnacle"": {""odds"": 260}, ""draftkings"": {""odds"": 272}, ""fanduel"": {""odds"": 280}}"
Steven Kwan,CLE,L,Mitch Bratt,L,CLE,AZ,H,mlb_schedule,0.0584873865167671,1610,1,fanduel,1400.0,0.0666666666666666,-0.0082,0.0304873865167671,0.1007371007371007,0.1351351351351351,0.7641277641277642,3.4,0.992636213287092,106.3,84.5,8.9,-8.308865795825096,0,84.0,5.0,8 MPH TOWARD HP,7:10 PM ET,Progressive Field,1.0,9.0,0,116.0,,0.0,0.0454545454545454,0.1136363636363636,83.05544444444445,0.3559255555555555,0.4431411111111111,,,,,,0,0,0,,1,0,2026-07-31,824407,680757,"{""betmgm"": {""odds"": 1050}, ""fanduel"": {""odds"": 1400}}"
Adrian Del Castillo,AZ,L,Tanner Bibee,R,CLE,CLE,A,mlb_schedule,0.1528867411334761,554,1,fanduel,520.0,0.1612903225806451,-0.0084,0.1248867411334761,0.22,0.08,0.7000000000000001,3.6,0.9868889788795844,106.3,84.5,8.9,-8.308865795825096,0,84.0,5.0,8 MPH TOWARD HP,7:10 PM ET,Progressive Field,,7.0,1,27.0,4.632,0.0,0.4054054054054054,0.2162162162162162,91.25,0.3947611111111111,0.5790555555555555,0.0742857142857142,3.89,1.44,20.0,125.0,0,0,0,,5,0,2026-07-31,824407,680728,"{""fanduel"": {""odds"": 520}}"
Trent Grisham,NYY,L,Shota Imanaga,L,CHC,CHC,A,mlb_schedule,0.1578948880271611,533,1,bet365,500.0,0.1666666666666666,-0.0088,0.1298948880271611,0.1629213483146067,0.1320224719101123,0.7050561797752808,3.9,0.9914496621714982,102.5,79.8,17.0,10.466245080536192,0,89.0,55.0,10 MPH TOWARD OF,2:20 PM ET,Wrigley Field,,5.0,1,,4.929,0.0444444444444444,0.4666666666666667,0.2666666666666666,92.19544444444443,0.3244644444444444,0.4968666666666666,0.0903614457831325,3.72,1.6363636363636365,22.0,121.0,0,0,0,,9,2,2026-07-31,824651,663757,"{""novig"": {""odds"": 413}, ""bet365"": {""odds"": 500}, ""betmgm"": {""odds"": 310}, ""draftkings"": {""odds"": 377}, ""fanduel"": {""odds"": 400}}"
Francisco Lindor,NYM,L,Janson Junk,R,NYM,MIA,H,mlb_schedule,0.1649758256693958,506,1,bet365,475.0,0.1739130434782608,-0.0089,0.1369758256693958,0.22,0.08,0.7000000000000001,4.2,0.9936333750066674,95.0,84.0,11.5,11.358415916844084,0,95.0,8.0,11 MPH TOWARD OF,7:10 PM ET,Citi Field,,2.0,0,12.0,4.1,0.025,0.5,0.35,91.81388888888888,0.3759611111111111,0.5726333333333334,0.0462427745664739,,,,,0,0,0,,5,3,2026-07-31,823593,596019,"{""novig"": {""odds"": 471}, ""bet365"": {""odds"": 475}, ""betmgm"": {""odds"": 340}, ""pinnacle"": {""odds"": 400}, ""fanduel"": {""odds"": 420}}"
Jordan Walker,STL,R,Dylan Cease,R,TOR,TOR,A,mlb_schedule,0.1391231144658239,619,1,bet365,575.0,0.1481481481481481,-0.009,0.1111231144658239,0.25,0.087719298245614,0.6622807017543859,4.2,0.9895302891326326,106.3,82.0,8.6,8.579050832234488,0,78.0,5.0,9 MPH TOWARD OF,7:07 PM ET,Rogers Centre,22.0,2.0,0,22.0,2.584,0.0217391304347826,0.4347826086956521,0.1304347826086956,92.20166666666668,0.4135944444444444,0.6087611111111111,0.0504201680672268,2.46,0.5558823529411765,7.0,113.33333333333331,10,2,0,0.2,17,6,2026-07-31,822782,691023,"{""novig"": {""odds"": 488}, ""bet365"": {""odds"": 575}, ""betmgm"": {""odds"": 425}, ""pinnacle"": {""odds"": 453}, ""draftkings"": {""odds"": 428}, ""fanduel"": {""odds"": 430}}"
Bryce Harper,PHI,L,Brandon Young,R,BAL,BAL,A,mlb_schedule,0.1958582522316672,411,1,novig,388.0,0.2049180327868852,-0.0091,0.1678582522316672,0.2135076252723311,0.1459694989106753,0.6405228758169935,4.1,0.9849251791183818,115.6,86.7,8.2,-8.180025212130557,0,86.0,5.0,8 MPH TOWARD HP,7:05 PM ET,Camden Yards,22.0,3.0,1,11.0,4.276,0.0,0.3421052631578947,0.3684210526315789,88.90611111111112,0.23345,0.3183555555555555,0.0219780219780219,,,,,0,0,0,,19,3,2026-07-31,824809,547180,"{""novig"": {""odds"": 388}, ""bet365"": {""odds"": 325}, ""pinnacle"": {""odds"": 320}, ""fanduel"": {""odds"": 310}}"
Vladimir Guerrero Jr.,TOR,R,Kyle Leahy,R,TOR,STL,H,mlb_schedule,0.125464681799117,697,1,novig,641.0,0.1349527665317139,-0.0095,0.097464681799117,0.1310344827586207,0.1126436781609195,0.7563218390804597,4.2,0.997341542297148,106.3,82.0,8.6,8.579050832234488,0,78.0,5.0,9 MPH TOWARD OF,7:07 PM ET,Rogers Centre,6.0,2.0,0,20.0,4.693,0.0,0.4,0.2444444444444444,90.10488888888888,0.3676633333333334,0.5109633333333333,0.0204081632653061,,,,,0,0,0,,5,2,2026-07-31,822782,665489,"{""novig"": {""odds"": 641}, ""pinnacle"": {""odds"": 599}}"
Jose Siri,LAA,R,Shane Drohan,L,LAA,MIL,H,mlb_schedule,0.1151663320917818,768,1,bet365,700.0,0.125,-0.0098,0.0871663320917818,0.22,0.08,0.7000000000000001,3.4,0.9833193770346799,100.9,,,,0,,,CALM,9:38 PM ET,Angel Stadium,,9.0,0,28.0,2.702,0.0588235294117647,0.3529411764705882,0.2647058823529412,88.66088888888888,0.4447044444444444,0.7326333333333334,0.0347222222222222,,,,,0,0,0,,1,4,2026-07-31,823999,642350,"{""novig"": {""odds"": 590}, ""bet365"": {""odds"": 700}, ""betmgm"": {""odds"": 450}, ""pinnacle"": {""odds"": 525}, ""fanduel"": {""odds"": 520}}"
Andrew Benintendi,CWS,L,Nick Martinez,R,TB,TB,A,mlb_schedule,0.1249655159405791,700,1,novig,641.0,0.1349527665317139,-0.01,0.0969655159405791,0.22,0.08,0.7000000000000001,3.9,0.9908636465286554,99.8,86.1,0.0,0.0,1,96.0,27.0,DOME,7:10 PM ET,Tropicana Field,,5.0,0,35.0,3.652,0.0,0.3421052631578947,0.2105263157894736,86.13577777777778,0.3045077777777777,0.3937866666666666,0.0402010050251256,2.45,0.84375,11.0,117.33333333333331,14,6,2,0.429,10,1,2026-07-31,822945,643217,"{""novig"": {""odds"": 641}, ""bet365"": {""odds"": 625}, ""betmgm"": {""odds"": 625}, ""fanduel"": {""odds"": 500}}"
Ezequiel Tovar,COL,R,Michael Wacha,R,COL,KC,H,mlb_schedule,0.1231647182014551,712,1,bet365,650.0,0.1333333333333333,-0.0102,0.0951647182014552,0.2574525745257452,0.062330623306233,0.6802168021680217,3.4,0.9792743013193288,99.3,92.0,12.2,-6.997632523482762,0,66.0,13.0,7 MPH TOWARD HP,8:40 PM ET,Coors Field,8.0,9.0,0,25.0,3.964,0.0476190476190476,0.2857142857142857,0.2142857142857142,83.07133333333333,0.2550377777777777,0.3825666666666666,0.0406091370558375,3.6,1.08816120906801,16.0,132.33333333333334,10,2,0,0.2,9,1,2026-07-31,824325,678662,"{""novig"": {""odds"": 590}, ""bet365"": {""odds"": 650}, ""betmgm"": {""odds"": 575}, ""fanduel"": {""odds"": 520}}"
Max Kepler,AZ,L,Tanner Bibee,R,CLE,CLE,A,mlb_schedule,0.149733821664757,568,1,novig,525.0,0.16,-0.0103,0.121733821664757,0.22,0.08,0.7000000000000001,3.9,0.9908636465286554,106.3,84.5,8.9,-8.308865795825096,0,84.0,5.0,8 MPH TOWARD HP,7:10 PM ET,Progressive Field,,5.0,1,10.0,4.632,0.0454545454545454,0.4318181818181818,0.3181818181818182,87.61522222222223,0.3191511111111111,0.4712277777777778,0.0742857142857142,3.89,1.44,20.0,125.0,38,8,0,0.211,2,0,2026-07-31,824407,596146,"{""novig"": {""odds"": 525}, ""bet365"": {""odds"": 500}, ""betmgm"": {""odds"": 500}, ""pinnacle"": {""odds"": 484}, ""fanduel"": {""odds"": 460}}"
Joc Pederson,TEX,L,Hunter Brown,R,HOU,HOU,A,mlb_schedule,0.1692353408739079,491,1,novig,456.0,0.1798561151079136,-0.0106,0.141235340873908,0.22,0.08,0.7000000000000001,4.3,0.9943555530543188,117.9,,,,0,,,CALM,8:15 PM ET,Daikin Park,,1.0,1,11.0,1.6,0.027027027027027,0.4864864864864865,0.3513513513513513,91.85277777777776,0.5662722222222222,0.9380388888888888,0.0390625,,,,,18,6,2,0.333,19,1,2026-07-31,824164,592626,"{""novig"": {""odds"": 456}, ""bet365"": {""odds"": 425}, ""pinnacle"": {""odds"": 400}, ""fanduel"": {""odds"": 420}}"
Jesús Sánchez,TOR,L,Kyle Leahy,R,TOR,STL,H,mlb_schedule,0.122563728200916,716,1,bet365,650.0,0.1333333333333333,-0.0108,0.094563728200916,0.22,0.08,0.7000000000000001,3.6,0.9868889788795844,108.2,82.0,8.6,8.579050832234488,0,78.0,5.0,9 MPH TOWARD OF,7:07 PM ET,Rogers Centre,,7.0,0,52.0,4.693,0.0285714285714285,0.5142857142857142,0.2,87.42444444444445,0.3167777777777777,0.4405777777777778,0.0204081632653061,,,,,2,0,0,0.0,8,0,2026-07-31,822782,660821,"{""novig"": {""odds"": 545}, ""bet365"": {""odds"": 650}, ""draftkings"": {""odds"": 540}, ""fanduel"": {""odds"": 460}}"
Jared Young,NYM,L,Janson Junk,R,NYM,MIA,H,mlb_schedule,0.131637755764461,660,1,bet365,600.0,0.1428571428571428,-0.0112,0.103637755764461,0.22,0.08,0.7000000000000001,3.7,0.9883761862532516,95.0,84.0,11.5,11.358415916844084,0,95.0,8.0,11 MPH TOWARD OF,7:10 PM ET,Citi Field,,6.0,1,10.0,4.1,0.0,0.4473684210526316,0.1842105263157894,86.92633333333333,0.3384166666666666,0.4476344444444444,0.0462427745664739,,,,,2,0,0,0.0,7,0,2026-07-31,823593,676724,"{""novig"": {""odds"": 525}, ""bet365"": {""odds"": 600}, ""betmgm"": {""odds"": 425}, ""pinnacle"": {""odds"": 425}, ""fanduel"": {""odds"": 520}}"
Andruw Monasterio,BOS,R,Edgardo Henriquez,R,LAD,LAD,A,mlb_schedule,0.09884578891078409,912,1,novig,809.0,0.11001100110011001,-0.0112,0.0708457889107841,0.22,0.08,0.7000000000000001,3.6,0.9868889788795845,123.4,91.1,10.9,4.948496447161061,0,98.0,0.0,5 MPH TOWARD OF,10:10 PM ET,Dodger Stadium,,7.0,0,20.0,3.059,0.119047619047619,0.4047619047619047,0.3571428571428571,89.12611111111111,0.4076555555555555,0.6200777777777778,0.0,,,,,0,0,0,,1,5,2026-07-31,823922,655316,"{""novig"": {""odds"": 809}, ""bet365"": {""odds"": 700}, ""draftkings"": {""odds"": 670}, ""fanduel"": {""odds"": 800}}"
Nathan Church,STL,L,Dylan Cease,R,TOR,TOR,A,mlb_schedule,0.0795797435142039,1157,1,fanduel,1000.0,0.0909090909090909,-0.0113,0.0515797435142039,0.22,0.08,0.7000000000000001,3.6,0.9868889788795844,108.2,82.0,8.6,8.579050832234488,0,78.0,5.0,9 MPH TOWARD OF,7:07 PM ET,Rogers Centre,,7.0,0,28.0,2.584,0.0,0.2857142857142857,0.1428571428571428,84.53999999999999,0.2461388888888889,0.30865,0.0504201680672268,2.46,0.5558823529411765,7.0,113.33333333333331,0,0,0,,6,2,2026-07-31,822782,701675,"{""novig"": {""odds"": 953}, ""bet365"": {""odds"": 950}, ""betmgm"": {""odds"": 725}, ""draftkings"": {""odds"": 890}, ""fanduel"": {""odds"": 1000}}"
Harry Ford,WSH,R,Bryce Elder,R,ATL,ATL,A,mlb_schedule,0.0835116480029205,1097,1,bet365,950.0,0.0952380952380952,-0.0117,0.0555116480029205,0.22,0.08,0.7000000000000001,3.6,0.9868889788795844,92.8,89.9,7.1,0.3715852893249021,0,91.0,0.0,CROSSWIND 7 MPH,7:15 PM ET,Truist Park,,7.0,0,,3.454,0.0,0.25,0.4166666666666667,78.14375,0.2663854166666666,0.5171,0.074074074074074,3.96,1.4252199413489737,18.0,113.66666666666669,0,0,0,,1,0,2026-07-31,824892,695670,"{""novig"": {""odds"": 852}, ""bet365"": {""odds"": 950}, ""betmgm"": {""odds"": 900}, ""draftkings"": {""odds"": 700}, ""fanduel"": {""odds"": 680}}"
Royce Lewis,MIN,R,Bryce Miller,R,SEA,SEA,A,mlb_schedule,0.13629219585926491,634,1,bet365,575.0,0.14814814814814814,-0.0119,0.1082921958592649,0.22,0.08,0.7000000000000001,3.9,0.9908636465286554,103.4,,,,0,,,CALM,10:10 PM ET,T-Mobile Park,,5.0,0,20.0,2.47,0.0,0.3953488372093023,0.3023255813953488,89.48722222222223,0.3190333333333333,0.4937611111111111,0.0583941605839416,,,,,0,0,0,,8,2,2026-07-31,823111,668904,"{""novig"": {""odds"": 471}, ""bet365"": {""odds"": 575}, ""betmgm"": {""odds"": 425}, ""pinnacle"": {""odds"": 430}, ""draftkings"": {""odds"": 449}, ""fanduel"": {""odds"": 400}}"
Brooks Lee,MIN,R,Bryce Miller,R,SEA,SEA,A,mlb_schedule,0.10482964492992619,854,1,fanduel,750.0,0.11764705882352941,-0.0128,0.0768296449299262,0.1615201900237529,0.0783847980997624,0.7600950118764845,3.6,0.9941367096548699,103.4,,,,0,,,CALM,10:10 PM ET,T-Mobile Park,15.0,7.0,1,9.0,2.47,0.0285714285714285,0.3428571428571428,0.1428571428571428,86.85777777777777,0.2937833333333334,0.4066333333333333,0.0583941605839416,,,,,4,0,0,0.0,12,4,2026-07-31,823111,686797,"{""novig"": {""odds"": 733}, ""bet365"": {""odds"": 700}, ""betmgm"": {""odds"": 500}, ""draftkings"": {""odds"": 700}, ""fanduel"": {""odds"": 750}}"
Jacob Gonzalez,PIT,L,Hunter Greene,R,CIN,CIN,A,mlb_schedule,0.1219911585562169,720,1,novig,641.0,0.1349527665317139,-0.013,0.093991158556217,0.22,0.08,0.7000000000000001,3.5,0.9852114909473604,123.1,87.7,6.1,-1.0592538837682748,0,96.0,3.0,CROSSWIND 6 MPH,6:10 PM ET,Great American Ball Park,,8.0,1,9.0,,0.0,0.5,0.225,85.7,0.3714111111111111,0.5213,0.0846153846153846,,,,,0,0,0,,4,0,2026-07-31,824486,694378,"{""novig"": {""odds"": 641}, ""bet365"": {""odds"": 575}, ""pinnacle"": {""odds"": 550}, ""draftkings"": {""odds"": 545}, ""fanduel"": {""odds"": 540}}"
Gunnar Henderson,BAL,L,Andrew Painter,R,BAL,PHI,H,mlb_schedule,0.1717109423396752,482,1,novig,441.0,0.1848428835489833,-0.0131,0.1437109423396752,0.2338709677419354,0.0927419354838709,0.6733870967741935,4.1,0.9898249468605772,115.6,86.7,8.2,-8.180025212130557,0,86.0,5.0,8 MPH TOWARD HP,7:05 PM ET,Camden Yards,18.0,3.0,1,6.0,5.083,0.0212765957446808,0.425531914893617,0.2340425531914893,88.87222222222222,0.3266788888888888,0.4300144444444444,0.0714285714285714,,,,,0,0,0,,12,7,2026-07-31,824809,683002,"{""novig"": {""odds"": 441}, ""bet365"": {""odds"": 375}, ""pinnacle"": {""odds"": 386}, ""draftkings"": {""odds"": 369}, ""fanduel"": {""odds"": 390}}"
Carter Jensen,KC,L,Tomoyuki Sugano,R,COL,COL,A,mlb_schedule,0.2167187494827636,361,1,novig,335.0,0.2298850574712643,-0.0132,0.1887187494827636,0.2960199004975124,0.0970149253731343,0.6069651741293534,4.3,0.9819676036046988,113.9,92.0,12.2,-6.997632523482762,0,66.0,13.0,7 MPH TOWARD HP,8:40 PM ET,Coors Field,14.0,1.0,1,10.0,5.168,0.0277777777777777,0.4166666666666667,0.4444444444444444,89.55244444444445,0.3042788888888889,0.4926088888888889,0.0638297872340425,,,,,0,0,0,,12,2,2026-07-31,824325,695600,"{""novig"": {""odds"": 335}, ""bet365"": {""odds"": 325}, ""betmgm"": {""odds"": 310}, ""pinnacle"": {""odds"": 314}, ""fanduel"": {""odds"": 300}}"
Brice Turang,MIL,L,Ryan Johnson,R,LAA,LAA,A,mlb_schedule,0.1418836735208993,605,1,novig,545.0,0.15503875968992248,-0.0132,0.1138836735208993,0.244060475161987,0.1274298056155507,0.6285097192224622,4.3,0.9858494258857814,103.2,,,,0,,,CALM,9:38 PM ET,Angel Stadium,15.0,1.0,1,7.0,,0.0416666666666666,0.4583333333333333,0.375,90.08755555555555,0.3666566666666667,0.5590077777777778,0.081967213114754,,,,,0,0,0,,15,1,2026-07-31,823999,668930,"{""novig"": {""odds"": 545}, ""bet365"": {""odds"": 425}, ""betmgm"": {""odds"": 375}, ""fanduel"": {""odds"": 470}}"
Jake Bauers,MIL,L,Ryan Johnson,R,LAA,LAA,A,mlb_schedule,0.1916062501239326,422,1,novig,388.0,0.20491803278688525,-0.0133,0.1636062501239326,0.2616580310880829,0.1424870466321243,0.5958549222797926,3.9,0.9707924287121944,103.2,,,,0,,,CALM,9:38 PM ET,Angel Stadium,18.0,5.0,0,20.0,,0.0,0.5555555555555556,0.3333333333333333,92.92777777777778,0.4691333333333333,0.7222722222222223,0.081967213114754,,,,,0,0,0,,19,3,2026-07-31,823999,641343,"{""novig"": {""odds"": 388}, ""bet365"": {""odds"": 325}, ""betmgm"": {""odds"": 310}, ""fanduel"": {""odds"": 310}}"
Brandon Lowe,PIT,L,Hunter Greene,R,CIN,CIN,A,mlb_schedule,0.2015861489648764,396,1,novig,365.0,0.2150537634408602,-0.0135,0.1735861489648764,0.2711111111111111,0.0955555555555555,0.6333333333333333,4.2,0.9852109591738796,123.1,87.7,6.1,-1.0592538837682748,0,96.0,3.0,CROSSWIND 6 MPH,6:10 PM ET,Great American Ball Park,23.0,2.0,0,26.0,,0.0,0.4390243902439024,0.2926829268292683,91.26,0.4195888888888889,0.5830166666666666,0.0846153846153846,,,,,10,2,0,0.2,19,4,2026-07-31,824486,664040,"{""novig"": {""odds"": 365}, ""bet365"": {""odds"": 325}, ""betmgm"": {""odds"": 250}, ""pinnacle"": {""odds"": 339}, ""draftkings"": {""odds"": 336}, ""fanduel"": {""odds"": 330}}"
Eliezer Alfonzo,LAD,L,Ranger Suarez,L,LAD,BOS,H,mlb_schedule,0.077439984846959,1191,1,bet365,1000.0,0.09090909090909091,-0.0135,0.049439984846959,0.22,0.08,0.7000000000000001,3.4,0.9833193770346799,107.0,91.1,10.9,4.948496447161061,0,98.0,0.0,5 MPH TOWARD OF,10:10 PM ET,Dodger Stadium,,9.0,0,,2.931,0.0,0.2352941176470588,0.3529411764705882,89.84444444444445,0.1991111111111111,0.2521666666666666,0.0136054421768707,,,,,0,0,0,,0,0,2026-07-31,823922,672613,"{""novig"": {""odds"": 900}, ""bet365"": {""odds"": 1000}, ""fanduel"": {""odds"": 900}}"
Ernie Clement,TOR,R,Kyle Leahy,R,TOR,STL,H,mlb_schedule,0.0753263505001278,1228,1,novig,1011.0,0.09000900090009,-0.0147,0.0473263505001278,0.0953488372093023,0.0372093023255813,0.8674418604651163,3.7,0.999433886279967,106.3,82.0,8.6,8.579050832234488,0,78.0,5.0,9 MPH TOWARD OF,7:07 PM ET,Rogers Centre,8.0,6.0,0,19.0,4.693,0.0175438596491228,0.1578947368421052,0.3333333333333333,83.07144444444445,0.2817166666666666,0.3625866666666667,0.0204081632653061,,,,,2,0,0,0.0,5,3,2026-07-31,822782,676391,"{""novig"": {""odds"": 1011}, ""bet365"": {""odds"": 950}, ""betmgm"": {""odds"": 825}, ""draftkings"": {""odds"": 970}, ""fanduel"": {""odds"": 900}}"
Taylor Trammell,HOU,L,Nathan Eovaldi,R,HOU,TEX,H,mlb_schedule,0.1220036818982414,720,1,bet365,625.0,0.1379310344827586,-0.0159,0.0940036818982414,0.22,0.08,0.7000000000000001,3.7,0.9883761862532516,117.9,,,,0,,,CALM,8:15 PM ET,Daikin Park,,6.0,0,32.0,4.479,0.0,0.3666666666666666,0.4333333333333333,86.5188888888889,0.351,0.5772111111111111,0.0705882352941176,4.05,1.6185286103542236,22.0,122.33333333333331,18,4,0,0.222,6,0,2026-07-31,824164,666211,"{""novig"": {""odds"": 590}, ""bet365"": {""odds"": 625}, ""draftkings"": {""odds"": 538}, ""fanduel"": {""odds"": 540}}"
Enrique Hernández,LAD,R,Ranger Suarez,L,LAD,BOS,H,mlb_schedule,0.1220036818982414,720,1,bet365,625.0,0.13793103448275862,-0.0159,0.0940036818982414,0.22,0.08,0.7000000000000001,3.5,0.9852114909473605,123.4,91.1,10.9,4.948496447161061,0,98.0,0.0,5 MPH TOWARD OF,10:10 PM ET,Dodger Stadium,,8.0,1,66.0,2.931,0.025,0.325,0.225,86.57133333333333,0.3597112852022529,0.5327188888888889,0.0136054421768707,,,,,2,0,0,0.0,0,1,2026-07-31,823922,571771,"{""bet365"": {""odds"": 625}, ""fanduel"": {""odds"": 560}}"
James Wood,WSH,L,Bryce Elder,R,ATL,ATL,A,mlb_schedule,0.232572918553609,330,1,novig,300.0,0.25,-0.0174,0.204572918553609,0.2857142857142857,0.1795366795366795,0.5347490347490348,4.3,0.962756085912502,98.1,89.9,7.1,0.3715852893249021,0,91.0,0.0,CROSSWIND 7 MPH,7:15 PM ET,Truist Park,30.0,1.0,0,19.0,3.454,0.0512820512820512,0.5128205128205128,0.2564102564102564,94.53266666666669,0.59854,1.0012833333333335,0.074074074074074,3.96,1.4252199413489737,18.0,113.66666666666669,22,4,2,0.182,21,9,2026-07-31,824892,695578,"{""novig"": {""odds"": 300}, ""bet365"": {""odds"": 280}, ""betmgm"": {""odds"": 250}, ""pinnacle"": {""odds"": 278}, ""draftkings"": {""odds"": 274}, ""fanduel"": {""odds"": 265}}"
Bryan Reynolds,PIT,R,Hunter Greene,R,CIN,CIN,A,mlb_schedule,0.1773837478822952,464,1,novig,413.0,0.1949317738791423,-0.0175,0.1493837478822952,0.2405857740585774,0.1569037656903765,0.602510460251046,4.1,0.9772366913120528,113.5,87.7,6.1,-1.0592538837682748,0,96.0,3.0,CROSSWIND 6 MPH,6:10 PM ET,Great American Ball Park,15.0,3.0,0,22.0,,0.04,0.44,0.28,90.12222222222222,0.4551444444444444,0.6730555555555555,0.0846153846153846,,,,,32,10,2,0.312,9,6,2026-07-31,824486,668804,"{""novig"": {""odds"": 413}, ""bet365"": {""odds"": 400}, ""pinnacle"": {""odds"": 400}, ""draftkings"": {""odds"": 387}, ""fanduel"": {""odds"": 370}}"
Jung Hoo Lee,SF,L,Bradgley Rodriguez,R,SD,SD,A,mlb_schedule,0.0623750004554114,1503,1,novig,1150.0,0.08,-0.0176,0.0343750004554114,0.100250626566416,0.0551378446115288,0.8446115288220551,3.9,0.999297682814084,87.8,81.0,7.4,-7.11333654994356,0,93.0,0.0,7 MPH TOWARD HP,9:45 PM ET,Petco Park,6.0,5.0,1,6.0,2.737,0.0,0.2291666666666666,0.1875,84.83788888888888,0.2801133333333333,0.34504,0.0454545454545454,,,,,6,0,0,0.0,5,2,2026-07-31,823272,808982,"{""novig"": {""odds"": 1150}, ""bet365"": {""odds"": 950}, ""betmgm"": {""odds"": 825}, ""draftkings"": {""odds"": 1120}, ""fanduel"": {""odds"": 1100}}"
Kyle Tucker,LAD,L,Ranger Suarez,L,LAD,BOS,H,mlb_schedule,0.1155701397575095,765,1,bet365,650.0,0.13333333333333333,-0.0178,0.0875701397575095,0.1929411764705882,0.1294117647058823,0.6776470588235295,3.6,0.9830178022560541,107.0,91.1,10.9,4.948496447161061,0,98.0,0.0,5 MPH TOWARD OF,10:10 PM ET,Dodger Stadium,9.0,7.0,1,6.0,2.931,0.0212765957446808,0.3191489361702128,0.3404255319148936,89.14133333333334,0.3534433333333334,0.5242511111111111,0.0136054421768707,,,,,4,2,2,0.5,7,2,2026-07-31,823922,663656,"{""novig"": {""odds"": 641}, ""bet365"": {""odds"": 650}, ""betmgm"": {""odds"": 525}, ""pinnacle"": {""odds"": 540}, ""fanduel"": {""odds"": 540}}"
Kyle Stowers,MIA,L,Kodai Senga,R,NYM,NYM,A,mlb_schedule,0.2020061869098612,395,1,novig,355.0,0.2197802197802197,-0.0178,0.1740061869098612,0.3213296398891966,0.113573407202216,0.5650969529085872,4.0,0.964225810595029,95.0,84.0,11.5,11.358415916844084,0,95.0,8.0,11 MPH TOWARD OF,7:10 PM ET,Citi Field,15.0,4.0,0,23.0,6.15,0.0256410256410256,0.5897435897435898,0.4102564102564102,93.05722222222222,0.3837022222222221,0.5477500000000001,0.1263157894736842,,,,,8,2,2,0.25,14,1,2026-07-31,823593,669065,"{""novig"": {""odds"": 355}, ""bet365"": {""odds"": 325}, ""pinnacle"": {""odds"": 347}, ""fanduel"": {""odds"": 300}}"
Lars Nootbaar,STL,L,Dylan Cease,R,TOR,TOR,A,mlb_schedule,0.1117916418749931,795,1,novig,669.0,0.130039011703511,-0.0182,0.0837916418749931,0.22,0.08,0.7000000000000001,3.9,0.9908636465286554,108.2,82.0,8.6,8.579050832234488,0,78.0,5.0,9 MPH TOWARD OF,7:07 PM ET,Rogers Centre,,5.0,0,20.0,2.584,0.0277777777777777,0.4166666666666667,0.3055555555555556,91.01222222222222,0.3118133333333333,0.485871111111111,0.0504201680672268,2.46,0.5558823529411765,7.0,113.33333333333331,12,4,0,0.333,2,1,2026-07-31,822782,663457,"{""novig"": {""odds"": 669}, ""bet365"": {""odds"": 600}, ""fanduel"": {""odds"": 600}}"
Dominic Canzone,SEA,L,Zebby Matthews,R,SEA,MIN,H,mlb_schedule,0.1481152326051082,575,1,bet365,500.0,0.16666666666666666,-0.0186,0.1201152326051082,0.22,0.08,0.7000000000000001,4.1,0.9928187979804218,99.6,,,,0,,,CALM,10:10 PM ET,T-Mobile Park,,3.0,0,22.0,4.518,0.0222222222222222,0.4,0.2222222222222222,88.30811111111112,0.2850355555555556,0.4303244444444444,0.0782122905027933,,,,,0,0,0,,15,4,2026-07-31,823111,686527,"{""novig"": {""odds"": 388}, ""bet365"": {""odds"": 500}, ""betmgm"": {""odds"": 325}, ""pinnacle"": {""odds"": 350}, ""draftkings"": {""odds"": 372}, ""fanduel"": {""odds"": 340}}"
Brandon Nimmo,TEX,L,Hunter Brown,R,HOU,HOU,A,mlb_schedule,0.1261682089639925,693,1,novig,590.0,0.144927536231884,-0.0188,0.0981682089639925,0.217391304347826,0.0938215102974828,0.6887871853546911,4.0,0.9906194158092364,117.9,,,,0,,,CALM,8:15 PM ET,Daikin Park,10.0,4.0,1,10.0,1.6,0.0,0.4523809523809524,0.1428571428571428,90.93222222222222,0.3798377777777778,0.5234922222222222,0.0390625,,,,,18,4,0,0.222,8,3,2026-07-31,824164,607043,"{""novig"": {""odds"": 590}, ""bet365"": {""odds"": 500}, ""pinnacle"": {""odds"": 525}, ""fanduel"": {""odds"": 480}}"
Zach Neto,LAA,R,Shane Drohan,L,LAA,MIL,H,mlb_schedule,0.1607823532884668,522,1,novig,456.0,0.17985611510791366,-0.0191,0.1327823532884668,0.3130252100840336,0.1197478991596638,0.5672268907563025,4.3,0.9727153020175204,100.9,,,,0,,,CALM,9:38 PM ET,Angel Stadium,19.0,1.0,0,26.0,2.702,0.05,0.425,0.25,87.94122222222222,0.3877933333333334,0.5874322222222222,0.0347222222222222,,,,,0,0,0,,14,5,2026-07-31,823999,687263,"{""novig"": {""odds"": 456}, ""bet365"": {""odds"": 375}, ""pinnacle"": {""odds"": 400}, ""draftkings"": {""odds"": 404}, ""fanduel"": {""odds"": 400}}"
Daulton Varsho,TOR,L,Kyle Leahy,R,TOR,STL,H,mlb_schedule,0.1187352048583276,742,1,bet365,625.0,0.1379310344827586,-0.0192,0.0907352048583276,0.1892655367231638,0.0819209039548022,0.728813559322034,3.9,0.9938376680791794,108.2,82.0,8.6,8.579050832234488,0,78.0,5.0,9 MPH TOWARD OF,7:07 PM ET,Rogers Centre,7.0,5.0,0,38.0,4.693,0.0,0.3043478260869565,0.3260869565217391,86.71333333333332,0.3014722222222222,0.4366944444444444,0.0204081632653061,,,,,0,0,0,,6,2,2026-07-31,822782,662139,"{""novig"": {""odds"": 590}, ""bet365"": {""odds"": 625}, ""pinnacle"": {""odds"": 500}, ""fanduel"": {""odds"": 540}}"
Victor Mesa Jr.,TB,L,Erick Fedde,R,TB,CWS,H,mlb_schedule,0.1305047267621214,666,1,novig,567.0,0.1499250374812593,-0.0194,0.1025047267621214,0.22,0.08,0.7000000000000001,3.7,0.9883761862532516,99.8,86.1,0.0,0.0,1,96.0,27.0,DOME,7:10 PM ET,Tropicana Field,,6.0,1,11.0,6.1,0.027027027027027,0.3513513513513513,0.3243243243243243,88.38222222222223,0.3245777777777778,0.4978555555555555,0.028169014084507,,,,,0,0,0,,7,1,2026-07-31,822945,683748,"{""novig"": {""odds"": 567}}"
JJ Bleday,CIN,L,Paul Skenes,R,CIN,PIT,H,mlb_schedule,0.1599021139760945,525,1,novig,456.0,0.1798561151079136,-0.02,0.1319021139760945,0.2113095238095238,0.1428571428571428,0.6458333333333333,4.1,0.9858175420557064,123.1,87.7,6.1,-1.0592538837682748,0,96.0,3.0,CROSSWIND 6 MPH,6:10 PM ET,Great American Ball Park,,3.0,1,9.0,2.6,0.025,0.35,0.4,88.51666666666667,0.4286666666666666,0.6564222222222222,0.0357142857142857,3.65,0.8204419889502763,11.0,120.66666666666669,4,0,0,0.0,13,6,2026-07-31,824486,668709,"{""novig"": {""odds"": 456}, ""bet365"": {""odds"": 390}, ""pinnacle"": {""odds"": 406}, ""fanduel"": {""odds"": 390}}"
Pete Crow-Armstrong,CHC,L,Will Warren,R,CHC,NYY,H,mlb_schedule,0.2197261651037226,355,1,novig,317.0,0.2398081534772182,-0.0201,0.1917261651037226,0.2666666666666666,0.1375,0.5958333333333334,4.3,0.9796665946728972,102.5,79.8,17.0,10.466245080536192,0,89.0,55.0,10 MPH TOWARD OF,2:20 PM ET,Wrigley Field,,1.0,1,,3.246,0.03125,0.28125,0.3125,82.22777777777777,0.4053888888888889,0.5869777777777777,0.0476190476190476,,,,,6,0,0,0.0,19,5,2026-07-31,824651,691718,"{""novig"": {""odds"": 317}, ""bet365"": {""odds"": 310}, ""betmgm"": {""odds"": 220}, ""draftkings"": {""odds"": 243}, ""fanduel"": {""odds"": 285}}"
Ryan Jeffers,MIN,R,Bryce Miller,R,SEA,SEA,A,mlb_schedule,0.1337095906178706,648,1,bet365,550.0,0.15384615384615385,-0.0201,0.1057095906178706,0.22,0.08,0.7000000000000001,4.2,0.9936333750066674,103.4,,,,0,,,CALM,10:10 PM ET,T-Mobile Park,,2.0,1,10.0,2.47,0.0465116279069767,0.4186046511627907,0.2093023255813953,89.12722222222222,0.3670222222222222,0.5621222222222222,0.0583941605839416,,,,,4,0,0,0.0,8,2,2026-07-31,823111,680777,"{""novig"": {""odds"": 488}, ""bet365"": {""odds"": 550}, ""pinnacle"": {""odds"": 440}, ""fanduel"": {""odds"": 440}}"
Jac Caglianone,KC,L,Tomoyuki Sugano,R,COL,COL,A,mlb_schedule,0.2247457451553036,345,1,novig,308.0,0.2450980392156862,-0.0204,0.1967457451553036,0.2794871794871795,0.0794871794871794,0.641025641025641,4.1,0.985011434936627,113.9,92.0,12.2,-6.997632523482762,0,66.0,13.0,7 MPH TOWARD HP,8:40 PM ET,Coors Field,17.0,3.0,1,12.0,5.168,0.0217391304347826,0.4347826086956521,0.217391304347826,91.43666666666668,0.3324388888888888,0.4669888888888889,0.0638297872340425,,,,,0,0,0,,12,5,2026-07-31,824325,695506,"{""novig"": {""odds"": 308}, ""bet365"": {""odds"": 265}, ""pinnacle"": {""odds"": 283}, ""fanduel"": {""odds"": 300}}"
Corbin Carroll,AZ,L,Tanner Bibee,R,CLE,CLE,A,mlb_schedule,0.1843387006426566,442,1,novig,388.0,0.2049180327868852,-0.0206,0.1563387006426566,0.2263736263736263,0.1274725274725274,0.6461538461538462,4.3,0.9885210474329336,106.3,84.5,8.9,-8.308865795825096,0,84.0,5.0,8 MPH TOWARD HP,7:10 PM ET,Progressive Field,15.0,1.0,1,9.0,4.632,0.048780487804878,0.4878048780487805,0.4390243902439024,89.69888888888889,0.3348333333333333,0.5205055555555556,0.0742857142857142,3.89,1.44,20.0,125.0,12,6,0,0.5,12,4,2026-07-31,824407,682998,"{""novig"": {""odds"": 388}, ""bet365"": {""odds"": 325}, ""betmgm"": {""odds"": 340}, ""pinnacle"": {""odds"": 340}, ""fanduel"": {""odds"": 330}}"
Wilyer Abreu,BOS,L,Edgardo Henriquez,R,LAD,LAD,A,mlb_schedule,0.1493363294635516,570,1,novig,488.0,0.17006802721088435,-0.0207,0.1213363294635516,0.2113289760348584,0.0980392156862745,0.690631808278867,4.1,0.9918538912935696,107.0,91.1,10.9,4.948496447161061,0,98.0,0.0,5 MPH TOWARD OF,10:10 PM ET,Dodger Stadium,16.0,3.0,0,13.0,3.059,0.0465116279069767,0.5116279069767442,0.3953488372093023,90.35944444444443,0.4736777777777778,0.7743333333333333,0.0,,,,,0,0,0,,12,5,2026-07-31,823922,677800,"{""novig"": {""odds"": 488}, ""bet365"": {""odds"": 390}, ""betmgm"": {""odds"": 375}, ""pinnacle"": {""odds"": 400}, ""draftkings"": {""odds"": 407}, ""fanduel"": {""odds"": 430}}"
Austin Hedges,CLE,R,Mitch Bratt,L,CLE,AZ,H,mlb_schedule,0.0742162661685904,1247,1,bet365,950.0,0.0952380952380952,-0.021,0.0462162661685904,0.22,0.08,0.7000000000000001,3.5,0.9852114909473604,95.7,84.5,8.9,-8.308865795825096,0,84.0,5.0,8 MPH TOWARD HP,7:10 PM ET,Progressive Field,,8.0,1,7.0,,0.027027027027027,0.2972972972972973,0.3243243243243243,85.00666666666667,0.3230666666666666,0.4547222222222222,,,,,,0,0,0,,3,1,2026-07-31,824407,595978,"{""novig"": {""odds"": 669}, ""bet365"": {""odds"": 950}, ""fanduel"": {""odds"": 870}}"
Alec Burleson,STL,L,Dylan Cease,R,TOR,TOR,A,mlb_schedule,0.1334916092287531,649,1,novig,545.0,0.1550387596899224,-0.0215,0.1054916092287531,0.1550218340611353,0.0873362445414847,0.75764192139738,4.1,0.9970058348359342,108.2,82.0,8.6,8.579050832234488,0,78.0,5.0,9 MPH TOWARD OF,7:07 PM ET,Rogers Centre,15.0,3.0,0,23.0,2.584,0.0212765957446808,0.4468085106382978,0.2127659574468085,90.8541111111111,0.3957455555555555,0.5852277777777778,0.0504201680672268,2.46,0.5558823529411765,7.0,113.33333333333331,10,2,0,0.2,13,2,2026-07-31,822782,676475,"{""novig"": {""odds"": 545}, ""bet365"": {""odds"": 525}, ""pinnacle"": {""odds"": 480}, ""draftkings"": {""odds"": 486}, ""fanduel"": {""odds"": 470}}"
Yohel Pozo,BAL,R,Andrew Painter,R,BAL,PHI,H,mlb_schedule,0.0721435681110264,1286,1,draftkings,960.0,0.0943396226415094,-0.0222,0.0441435681110264,0.22,0.08,0.7000000000000001,3.4,0.98331937703468,94.3,86.7,8.2,-8.180025212130557,0,86.0,5.0,8 MPH TOWARD HP,7:05 PM ET,Camden Yards,,9.0,0,348.0,5.083,0.0,0.2413793103448276,0.1034482758620689,83.765,0.242826923076923,0.2980448717948718,0.0714285714285714,,,,,0,0,0,,0,0,2026-07-31,824809,650968,"{""novig"": {""odds"": 953}, ""bet365"": {""odds"": 850}, ""draftkings"": {""odds"": 960}, ""fanduel"": {""odds"": 900}}"
Ben Rice,NYY,L,Shota Imanaga,L,CHC,CHC,A,mlb_schedule,0.202951648776714,393,1,novig,344.0,0.2252252252252252,-0.0223,0.174951648776714,0.2433035714285714,0.125,0.6316964285714286,4.2,0.9849316774902404,102.5,79.8,17.0,10.466245080536192,0,89.0,55.0,10 MPH TOWARD OF,2:20 PM ET,Wrigley Field,,2.0,1,,4.929,0.125,0.625,0.325,95.07722222222222,0.5700000000000001,0.9146944444444444,0.0903614457831325,3.72,1.6363636363636365,22.0,121.0,0,0,0,,23,9,2026-07-31,824651,700250,"{""novig"": {""odds"": 344}, ""bet365"": {""odds"": 280}, ""betmgm"": {""odds"": 200}, ""fanduel"": {""odds"": 300}}"
Luis García Jr.,WSH,L,Bryce Elder,R,ATL,ATL,A,mlb_schedule,0.1748311093171549,472,1,pinnacle,406.0,0.1976284584980237,-0.0228,0.1468311093171549,0.1607629427792915,0.0435967302452316,0.7956403269754768,4.2,0.9987304206895182,98.1,89.9,7.1,0.3715852893249021,0,91.0,0.0,CROSSWIND 7 MPH,7:15 PM ET,Truist Park,23.0,2.0,1,9.0,3.454,0.0227272727272727,0.3863636363636363,0.1818181818181818,88.90144444444444,0.4387344444444444,0.6593,0.074074074074074,3.96,1.4252199413489737,18.0,113.66666666666669,34,10,0,0.294,20,3,2026-07-31,824892,671277,"{""novig"": {""odds"": 388}, ""pinnacle"": {""odds"": 406}}"
Ronald Acuña Jr.,ATL,R,Foster Griffin,L,ATL,WSH,H,mlb_schedule,0.1671766417948776,498,1,novig,426.0,0.1901140684410646,-0.0229,0.1391766417948776,0.22,0.08,0.7000000000000001,4.3,0.9943555530543188,92.8,89.9,7.1,0.3715852893249021,0,91.0,0.0,CROSSWIND 7 MPH,7:15 PM ET,Truist Park,,1.0,0,61.0,4.836,0.075,0.5,0.375,91.6061111111111,0.4711333333333333,0.7875833333333333,0.0421686746987951,2.76,1.2338709677419355,17.0,124.0,10,0,0,0.0,7,1,2026-07-31,824892,660670,"{""novig"": {""odds"": 426}, ""pinnacle"": {""odds"": 390}}"
Christian Koss,SF,R,Bradgley Rodriguez,R,SD,SD,A,mlb_schedule,0.061205611792697706,1534,1,draftkings,1080.0,0.0847457627118644,-0.0235,0.0332056117926977,0.22,0.08,0.7000000000000001,3.4,0.9833193770346799,101.7,81.0,7.4,-7.11333654994356,0,93.0,0.0,7 MPH TOWARD HP,9:45 PM ET,Petco Park,,9.0,0,134.0,2.737,0.0,0.2,0.3142857142857143,79.13677777777777,0.1855577651515151,0.2500151515151514,0.0454545454545454,,,,,0,0,0,,1,0,2026-07-31,823272,683766,"{""novig"": {""odds"": 1076}, ""bet365"": {""odds"": 950}, ""draftkings"": {""odds"": 1080}, ""fanduel"": {""odds"": 1000}}"
Kody Clemens,MIN,L,Bryce Miller,R,SEA,SEA,A,mlb_schedule,0.1516231463612551,560,1,novig,471.0,0.17513134851138354,-0.0235,0.1236231463612551,0.225130890052356,0.0759162303664921,0.6989528795811519,4.1,0.9927154729972366,99.6,,,,0,,,CALM,10:10 PM ET,T-Mobile Park,19.0,3.0,0,13.0,2.47,0.024390243902439,0.4634146341463415,0.3414634146341463,91.656,0.3402922222222223,0.4937455555555556,0.0583941605839416,,,,,4,0,0,0.0,14,6,2026-07-31,823111,665019,"{""novig"": {""odds"": 471}, ""bet365"": {""odds"": 390}, ""pinnacle"": {""odds"": 408}, ""draftkings"": {""odds"": 422}, ""fanduel"": {""odds"": 400}}"
Brayan Rocchio,CLE,L,Mitch Bratt,L,CLE,AZ,H,mlb_schedule,0.0756761379431429,1221,1,bet365,900.0,0.1,-0.0243,0.0476761379431429,0.144578313253012,0.0843373493975903,0.7710843373493976,3.9,0.9968177486203158,106.3,84.5,8.9,-8.308865795825096,0,84.0,5.0,8 MPH TOWARD HP,7:10 PM ET,Progressive Field,9.0,5.0,0,11.0,,0.0303030303030303,0.3939393939393939,0.303030303030303,87.98888888888888,0.2849722222222222,0.3962833333333334,,,,,,0,0,0,,7,3,2026-07-31,824407,677587,"{""novig"": {""odds"": 852}, ""bet365"": {""odds"": 900}, ""betmgm"": {""odds"": 625}, ""fanduel"": {""odds"": 830}}"
John Rave,KC,L,Tomoyuki Sugano,R,COL,COL,A,mlb_schedule,0.1605405381272577,523,1,fanduel,440.0,0.1851851851851851,-0.0246,0.1325405381272577,0.22,0.08,0.7000000000000001,3.6,0.9868889788795844,113.9,92.0,12.2,-6.997632523482762,0,66.0,13.0,7 MPH TOWARD HP,8:40 PM ET,Coors Field,,7.0,0,44.0,5.168,0.0,0.4193548387096774,0.2903225806451613,84.05333333333333,0.4059009740259739,0.6365416666666667,0.0638297872340425,,,,,0,0,0,,1,0,2026-07-31,824325,670231,"{""fanduel"": {""odds"": 440}}"
Masataka Yoshida,BOS,L,Edgardo Henriquez,R,LAD,LAD,A,mlb_schedule,0.0749316157339105,1235,1,bet365,900.0,0.1,-0.0251,0.0469316157339105,0.22,0.08,0.7000000000000001,3.9,0.9908636465286554,107.0,91.1,10.9,4.948496447161061,0,98.0,0.0,5 MPH TOWARD OF,10:10 PM ET,Dodger Stadium,,5.0,0,14.0,3.059,0.0227272727272727,0.4772727272727273,0.2272727272727272,92.08866666666668,0.4349633333333333,0.5961722222222222,0.0,,,,,0,0,0,,4,0,2026-07-31,823922,807799,"{""novig"": {""odds"": 852}, ""bet365"": {""odds"": 900}, ""betmgm"": {""odds"": 725}, ""draftkings"": {""odds"": 740}, ""fanduel"": {""odds"": 680}}"
José Caballero,NYY,R,Shota Imanaga,L,CHC,CHC,A,mlb_schedule,0.0923657315898298,983,1,bet365,750.0,0.1176470588235294,-0.0253,0.0643657315898298,0.22,0.08,0.7000000000000001,3.4,0.98331937703468,105.5,79.8,17.0,10.466245080536192,0,89.0,55.0,10 MPH TOWARD OF,2:20 PM ET,Wrigley Field,,9.0,0,,4.929,0.0256410256410256,0.2307692307692307,0.2564102564102564,78.4538888888889,0.2549555555555555,0.3672222222222222,0.0903614457831325,3.72,1.6363636363636365,22.0,121.0,0,0,0,,6,4,2026-07-31,824651,676609,"{""novig"": {""odds"": 641}, ""bet365"": {""odds"": 650}, ""fanduel"": {""odds"": 700}}"
Andrew Velazquez,KC,L,Tomoyuki Sugano,R,COL,COL,A,mlb_schedule,0.0712662026863845,1303,1,draftkings,930.0,0.0970873786407767,-0.0258,0.0432662026863845,0.22,0.08,0.7000000000000001,3.4,0.98331937703468,113.9,92.0,12.2,-6.997632523482762,0,66.0,13.0,7 MPH TOWARD HP,8:40 PM ET,Coors Field,,9.0,0,1084.0,5.168,0.0,0.1428571428571428,0.1428571428571428,78.39333333333333,0.1935694444444444,0.2534722222222222,0.0638297872340425,,,,,0,0,0,,0,0,2026-07-31,824325,623205,"{""bet365"": {""odds"": 900}, ""draftkings"": {""odds"": 930}, ""fanduel"": {""odds"": 830}}"
Tommy White,ATH,R,Tyler Holton,L,ATH,DET,H,mlb_schedule,0.0790941729325339,1164,1,bet365,850.0,0.10526315789473684,-0.0262,0.0510941729325339,0.22,0.08,0.7000000000000001,3.9,0.9908636465286554,113.3,98.6,8.3,7.038799198098336,0,83.0,0.0,7 MPH TOWARD OF,9:40 PM ET,Sutter Health Park,,5.0,0,,4.194,0.0384615384615384,0.3076923076923077,0.1538461538461538,83.39562500000001,0.3104166666666667,0.4235138888888889,0.027027027027027,,,,,0,0,0,,0,0,2026-07-31,824975,695720,"{""novig"": {""odds"": 770}, ""bet365"": {""odds"": 850}, ""betmgm"": {""odds"": 675}, ""fanduel"": {""odds"": 800}}"
Tristan Gray,MIN,L,Bryce Miller,R,SEA,SEA,A,mlb_schedule,0.0907553568260034,1002,1,fanduel,750.0,0.11764705882352941,-0.0269,0.0627553568260034,0.22,0.08,0.7000000000000001,3.4,0.9833193770346799,99.6,,,,0,,,CALM,10:10 PM ET,T-Mobile Park,,9.0,0,60.0,2.47,0.0,0.2333333333333333,0.2666666666666666,82.78333333333333,0.2560222222222222,0.3344444444444444,0.0583941605839416,,,,,0,0,0,,3,1,2026-07-31,823111,656484,"{""betmgm"": {""odds"": 725}, ""fanduel"": {""odds"": 750}}"
Caleb Durbin,BOS,R,Edgardo Henriquez,R,LAD,LAD,A,mlb_schedule,0.0777992482267985,1185,1,novig,852.0,0.10504201680672269,-0.0272,0.0497992482267985,0.1390374331550802,0.088235294117647,0.7727272727272727,3.7,0.9958387376508254,123.4,91.1,10.9,4.948496447161061,0,98.0,0.0,5 MPH TOWARD OF,10:10 PM ET,Dodger Stadium,10.0,6.0,1,11.0,3.059,0.0,0.2291666666666666,0.2083333333333333,79.84288888888888,0.2498155555555555,0.3233411111111111,0.0,,,,,0,0,0,,7,3,2026-07-31,823922,702332,"{""novig"": {""odds"": 852}, ""bet365"": {""odds"": 650}, ""betmgm"": {""odds"": 525}, ""draftkings"": {""odds"": 830}, ""fanduel"": {""odds"": 750}}"
Josh Naylor,SEA,L,Zebby Matthews,R,SEA,MIN,H,mlb_schedule,0.097587197027399,925,1,bet365,700.0,0.125,-0.0274,0.069587197027399,0.1244343891402715,0.083710407239819,0.7918552036199095,3.9,0.9978040336738139,99.6,,,,0,,,CALM,10:10 PM ET,T-Mobile Park,8.0,5.0,0,49.0,4.518,0.0196078431372549,0.2745098039215686,0.196078431372549,86.16844444444445,0.3197822222222222,0.4126777777777778,0.0782122905027933,,,,,4,0,0,0.0,7,1,2026-07-31,823111,647304,"{""novig"": {""odds"": 669}, ""bet365"": {""odds"": 700}, ""betmgm"": {""odds"": 450}, ""pinnacle"": {""odds"": 520}, ""draftkings"": {""odds"": 532}, ""fanduel"": {""odds"": 540}}"
Ceddanne Rafaela,BOS,R,Edgardo Henriquez,R,LAD,LAD,A,mlb_schedule,0.0822114124565184,1116,1,novig,809.0,0.11001100110011001,-0.0278,0.0542114124565184,0.2037470725995316,0.0562060889929742,0.7400468384074942,4.2,0.9965121368563653,123.4,91.1,10.9,4.948496447161061,0,98.0,0.0,5 MPH TOWARD OF,10:10 PM ET,Dodger Stadium,11.0,2.0,1,7.0,3.059,0.0,0.3333333333333333,0.2962962962962963,86.76733333333333,0.3117655555555556,0.4329788888888889,0.0,,,,,0,0,0,,8,4,2026-07-31,823922,678882,"{""novig"": {""odds"": 809}, ""bet365"": {""odds"": 700}, ""betmgm"": {""odds"": 450}, ""fanduel"": {""odds"": 700}}"
Josh Bell,MIN,R,Bryce Miller,R,SEA,SEA,A,mlb_schedule,0.121301877162264,724,1,novig,567.0,0.14992503748125938,-0.0286,0.093301877162264,0.2211764705882353,0.0823529411764705,0.6964705882352941,4.0,0.9915120439726536,103.4,,,,0,,,CALM,10:10 PM ET,T-Mobile Park,13.0,4.0,0,27.0,2.47,0.0,0.3793103448275862,0.1034482758620689,90.9238888888889,0.2966166666666667,0.3784388888888889,0.0583941605839416,,,,,4,0,0,0.0,10,3,2026-07-31,823111,605137,"{""novig"": {""odds"": 567}, ""bet365"": {""odds"": 500}, ""pinnacle"": {""odds"": 475}, ""draftkings"": {""odds"": 542}, ""fanduel"": {""odds"": 500}}"
Jo Adell,LAA,R,Shane Drohan,L,LAA,MIL,H,mlb_schedule,0.1348708067146472,641,1,novig,506.0,0.16501650165016502,-0.0301,0.1068708067146472,0.2286995515695067,0.0650224215246636,0.7062780269058296,3.7,0.9892510803445919,100.9,,,,0,,,CALM,9:38 PM ET,Angel Stadium,16.0,6.0,1,10.0,2.702,0.0238095238095238,0.3333333333333333,0.2619047619047619,82.56888888888889,0.3845,0.5639444444444445,0.0347222222222222,,,,,0,0,0,,7,10,2026-07-31,823999,666176,"{""novig"": {""odds"": 506}, ""bet365"": {""odds"": 450}, ""betmgm"": {""odds"": 310}, ""fanduel"": {""odds"": 390}}"
Nick Sogard,BOS,R,Edgardo Henriquez,R,LAD,LAD,A,mlb_schedule,0.060492723183673006,1553,1,bet365,1000.0,0.09090909090909091,-0.0304,0.032492723183673,0.22,0.08,0.7000000000000001,4.3,0.9943555530543188,123.4,91.1,10.9,4.948496447161061,0,98.0,0.0,5 MPH TOWARD OF,10:10 PM ET,Dodger Stadium,,1.0,0,,3.059,0.0,0.1724137931034483,0.1379310344827586,77.4511111111111,0.3219523809523809,0.398845238095238,0.0,,,,,0,0,0,,0,0,2026-07-31,823922,686765,"{""bet365"": {""odds"": 1000}, ""draftkings"": {""odds"": 790}, ""fanduel"": {""odds"": 750}}"
Jackson Chourio,MIL,R,Ryan Johnson,R,LAA,LAA,A,mlb_schedule,0.1523262960293947,556,1,pinnacle,445.0,0.1834862385321101,-0.0312,0.1243262960293947,0.2373887240356083,0.0771513353115727,0.685459940652819,4.2,0.9922332549294522,100.9,,,,0,,,CALM,9:38 PM ET,Angel Stadium,13.0,2.0,0,27.0,,0.0,0.4054054054054054,0.2702702702702703,89.44055555555555,0.3244533333333333,0.4419177777777778,0.081967213114754,,,,,0,0,0,,10,4,2026-07-31,823999,694192,"{""novig"": {""odds"": 441}, ""bet365"": {""odds"": 350}, ""pinnacle"": {""odds"": 445}, ""draftkings"": {""odds"": 374}, ""fanduel"": {""odds"": 390}}"
Willson Contreras,BOS,R,Edgardo Henriquez,R,LAD,LAD,A,mlb_schedule,0.1535641400597244,551,1,novig,441.0,0.18484288354898337,-0.0313,0.1255641400597244,0.2494004796163069,0.1534772182254196,0.5971223021582734,4.0,0.9736553212558547,123.4,91.1,10.9,4.948496447161061,0,98.0,0.0,5 MPH TOWARD OF,10:10 PM ET,Dodger Stadium,23.0,4.0,1,12.0,3.059,0.1025641025641025,0.5384615384615384,0.4102564102564102,94.73522222222222,0.6232388888888889,1.0357044444444443,0.0,,,,,0,0,0,,16,7,2026-07-31,823922,575929,"{""novig"": {""odds"": 441}, ""bet365"": {""odds"": 390}, ""pinnacle"": {""odds"": 370}, ""draftkings"": {""odds"": 400}, ""fanduel"": {""odds"": 400}}"
Javier Báez,DET,R,Jeffrey Springs,L,ATH,ATH,A,mlb_schedule,0.1078155575219894,828,1,novig,614.0,0.1400560224089636,-0.0322,0.0798155575219894,0.22,0.08,0.7000000000000001,3.5,0.9852114909473605,113.3,98.6,8.3,7.038799198098336,0,83.0,0.0,7 MPH TOWARD OF,9:40 PM ET,Sutter Health Park,,8.0,1,98.0,5.193,0.0,0.3255813953488372,0.2325581395348837,86.54722222222222,0.3551055555555555,0.4837444444444445,0.1069182389937107,,,,,14,6,0,0.429,1,1,2026-07-31,824975,595879,"{""novig"": {""odds"": 614}, ""bet365"": {""odds"": 525}, ""betmgm"": {""odds"": 400}, ""fanduel"": {""odds"": 560}}"
Shohei Ohtani,LAD,L,Ranger Suarez,L,LAD,BOS,H,mlb_schedule,0.2116738984987057,372,1,betmgm,310.0,0.24390243902439024,-0.0322,0.1836738984987057,0.2280701754385964,0.1513157894736842,0.6206140350877193,4.3,0.9845100712541157,107.0,91.1,10.9,4.948496447161061,0,98.0,0.0,5 MPH TOWARD OF,10:10 PM ET,Dodger Stadium,23.0,1.0,0,19.0,2.931,0.0444444444444444,0.5777777777777777,0.4,92.76444444444444,0.50165,0.813238888888889,0.0136054421768707,,,,,4,2,0,0.5,14,9,2026-07-31,823922,660271,"{""novig"": {""odds"": 308}, ""bet365"": {""odds"": 290}, ""betmgm"": {""odds"": 310}, ""pinnacle"": {""odds"": 264}, ""draftkings"": {""odds"": 253}, ""fanduel"": {""odds"": 250}}"
Travis Bazzana,CLE,L,Mitch Bratt,L,CLE,AZ,H,mlb_schedule,0.0779577429508241,1183,1,fanduel,800.0,0.1111111111111111,-0.0332,0.0499577429508241,0.22,0.08,0.7000000000000001,3.6,0.9868889788795844,106.3,84.5,8.9,-8.308865795825096,0,84.0,5.0,8 MPH TOWARD HP,7:10 PM ET,Progressive Field,,7.0,0,11.0,,0.048780487804878,0.3170731707317073,0.2682926829268293,85.31455555555554,0.3067755555555556,0.4362522222222222,,,,,,0,0,0,,9,2,2026-07-31,824407,683953,"{""novig"": {""odds"": 614}, ""bet365"": {""odds"": 600}, ""draftkings"": {""odds"": 790}, ""fanduel"": {""odds"": 800}}"
Garrett Mitchell,MIL,L,Ryan Johnson,R,LAA,LAA,A,mlb_schedule,0.12976896109041142,671,1,novig,506.0,0.16501650165016502,-0.0352,0.1017689610904114,0.3192090395480226,0.1242937853107344,0.556497175141243,3.7,0.9506239158634633,103.2,,,,0,,,CALM,9:38 PM ET,Angel Stadium,8.0,6.0,0,28.0,,0.0,0.3684210526315789,0.1052631578947368,91.31666666666666,0.4160944444444444,0.5250388888888888,0.081967213114754,,,,,0,0,0,,8,0,2026-07-31,823999,669003,"{""novig"": {""odds"": 506}, ""bet365"": {""odds"": 475}, ""betmgm"": {""odds"": 425}, ""draftkings"": {""odds"": 451}, ""fanduel"": {""odds"": 470}}"
Esmerlyn Valdez,PIT,R,Hunter Greene,R,CIN,CIN,A,mlb_schedule,0.1751860271362716,471,1,bet365,375.0,0.2105263157894736,-0.0353,0.1471860271362716,0.22,0.08,0.7000000000000001,4.0,0.9919,113.5,87.7,6.1,-1.0592538837682748,0,96.0,3.0,CROSSWIND 6 MPH,6:10 PM ET,Great American Ball Park,,4.0,1,11.0,,0.1333333333333333,0.5333333333333333,0.4666666666666667,95.9888888888889,0.5298277777777778,0.924177777777778,0.0846153846153846,,,,,0,0,0,,7,7,2026-07-31,824486,699013,"{""novig"": {""odds"": 344}, ""bet365"": {""odds"": 375}, ""betmgm"": {""odds"": 240}, ""pinnacle"": {""odds"": 332}, ""fanduel"": {""odds"": 320}}"
Wyatt Langford,TEX,R,Hunter Brown,R,HOU,HOU,A,mlb_schedule,0.12469500175956,702,1,bet365,525.0,0.16,-0.0353,0.09669500175956,0.22,0.08,0.7000000000000001,4.2,0.9936333750066674,117.9,,,,0,,,CALM,8:15 PM ET,Daikin Park,,2.0,1,7.0,1.6,0.0408163265306122,0.4081632653061224,0.3673469387755102,88.84577777777778,0.4487688888888889,0.7196222222222223,0.0390625,,,,,30,2,0,0.067,9,4,2026-07-31,824164,694671,"{""novig"": {""odds"": 506}, ""bet365"": {""odds"": 525}, ""pinnacle"": {""odds"": 477}, ""fanduel"": {""odds"": 520}}"
Ozzie Albies,ATL,L,Foster Griffin,L,ATL,WSH,H,mlb_schedule,0.1074522380553315,831,1,fanduel,600.0,0.1428571428571428,-0.0354,0.0794522380553316,0.1458773784355179,0.0761099365750528,0.7780126849894292,4.0,0.9975716424447332,98.1,89.9,7.1,0.3715852893249021,0,91.0,0.0,CROSSWIND 7 MPH,7:15 PM ET,Truist Park,18.0,4.0,1,6.0,4.836,0.0,0.1818181818181818,0.4545454545454545,87.1378888888889,0.2825444444444444,0.3988222222222222,0.0421686746987951,2.76,1.2338709677419355,17.0,124.0,12,4,0,0.333,10,8,2026-07-31,824892,645277,"{""novig"": {""odds"": 567}, ""bet365"": {""odds"": 550}, ""draftkings"": {""odds"": 585}, ""fanduel"": {""odds"": 600}}"
Angel Martínez,CLE,L,Mitch Bratt,L,CLE,AZ,H,mlb_schedule,0.1021441925111073,879,1,bet365,625.0,0.1379310344827586,-0.0358,0.0741441925111073,0.22,0.08,0.7000000000000001,4.3,0.9943555530543188,106.3,84.5,8.9,-8.308865795825096,0,84.0,5.0,8 MPH TOWARD HP,7:10 PM ET,Progressive Field,,1.0,1,51.0,,0.0303030303030303,0.4242424242424242,0.2424242424242424,84.85555555555555,0.3722277777777777,0.5262111111111111,,,,,,0,0,0,,9,4,2026-07-31,824407,682657,"{""novig"": {""odds"": 525}, ""bet365"": {""odds"": 625}, ""draftkings"": {""odds"": 496}, ""fanduel"": {""odds"": 500}}"
Jorge Polanco,NYM,L,Janson Junk,R,NYM,MIA,H,mlb_schedule,0.1020190797158656,880,1,bet365,625.0,0.1379310344827586,-0.0359,0.0740190797158656,0.22,0.08,0.7000000000000001,3.5,0.9852114909473604,95.0,84.0,11.5,11.358415916844084,0,95.0,8.0,11 MPH TOWARD OF,7:10 PM ET,Citi Field,,8.0,0,111.0,4.1,0.027027027027027,0.2432432432432432,0.2702702702702703,84.67055555555557,0.2108111111111111,0.2801611111111111,0.0462427745664739,,,,,0,0,0,,1,0,2026-07-31,823593,593871,"{""novig"": {""odds"": 614}, ""bet365"": {""odds"": 625}, ""fanduel"": {""odds"": 520}}"
Anthony Volpe,NYY,R,Shota Imanaga,L,CHC,CHC,A,mlb_schedule,0.0973662364963248,927,1,bet365,650.0,0.1333333333333333,-0.036,0.0693662364963249,0.22,0.08,0.7000000000000001,3.7,0.9883761862532516,105.5,79.8,17.0,10.466245080536192,0,89.0,55.0,10 MPH TOWARD OF,2:20 PM ET,Wrigley Field,,6.0,0,,4.929,0.0,0.2903225806451613,0.1935483870967742,85.40333333333334,0.2635111111111111,0.3429333333333333,0.0903614457831325,3.72,1.6363636363636365,22.0,121.0,4,0,0,0.0,0,1,2026-07-31,824651,683011,"{""novig"": {""odds"": 567}, ""bet365"": {""odds"": 650}, ""draftkings"": {""odds"": 553}, ""fanduel"": {""odds"": 520}}"
Travis d'Arnaud,LAA,R,Shane Drohan,L,LAA,MIL,H,mlb_schedule,0.0935411660196283,969,1,novig,669.0,0.13003901170351106,-0.0365,0.0655411660196283,0.22,0.08,0.7000000000000001,3.5,0.9852114909473605,100.9,,,,0,,,CALM,9:38 PM ET,Angel Stadium,,8.0,1,86.0,2.702,0.0666666666666666,0.3,0.3,86.76333333333334,0.4127985829959514,0.6709935897435897,0.0347222222222222,,,,,0,0,0,,0,1,2026-07-31,823999,518595,"{""novig"": {""odds"": 669}, ""bet365"": {""odds"": 625}, ""fanduel"": {""odds"": 560}}"
Amed Rosario,NYY,R,Shota Imanaga,L,CHC,CHC,A,mlb_schedule,0.1233228583208395,711,1,bet365,525.0,0.16,-0.0367,0.0953228583208395,0.22,0.08,0.7000000000000001,4.1,0.9928187979804218,105.5,79.8,17.0,10.466245080536192,0,89.0,55.0,10 MPH TOWARD OF,2:20 PM ET,Wrigley Field,,3.0,1,,4.929,0.0,0.3611111111111111,0.2222222222222222,88.02722222222222,0.3497222222222221,0.4997222222222222,0.0903614457831325,3.72,1.6363636363636365,22.0,121.0,0,0,0,,5,4,2026-07-31,824651,642708,"{""novig"": {""odds"": 506}, ""bet365"": {""odds"": 525}, ""pinnacle"": {""odds"": 480}, ""draftkings"": {""odds"": 501}, ""fanduel"": {""odds"": 470}}"
Michael Massey,KC,L,Tomoyuki Sugano,R,COL,COL,A,mlb_schedule,0.1362921958592649,634,1,bet365,475.0,0.1739130434782608,-0.0376,0.1082921958592649,0.22,0.08,0.7000000000000001,3.9,0.9908636465286554,113.9,92.0,12.2,-6.997632523482762,0,66.0,13.0,7 MPH TOWARD HP,8:40 PM ET,Coors Field,,5.0,0,44.0,5.168,0.0,0.4615384615384615,0.2564102564102564,88.21277777777777,0.3373555555555556,0.4619166666666666,0.0638297872340425,,,,,10,0,0,0.0,6,2,2026-07-31,824325,686681,"{""novig"": {""odds"": 471}, ""bet365"": {""odds"": 475}, ""pinnacle"": {""odds"": 430}, ""fanduel"": {""odds"": 430}}"
Kazuma Okamoto,TOR,R,Kyle Leahy,R,TOR,STL,H,mlb_schedule,0.1602692694608568,524,1,novig,400.0,0.2,-0.0397,0.1322692694608568,0.3078703703703703,0.1018518518518518,0.5902777777777778,4.1,0.9742245040628108,106.3,82.0,8.6,8.579050832234488,0,78.0,5.0,9 MPH TOWARD OF,7:07 PM ET,Rogers Centre,24.0,3.0,1,7.0,4.693,0.025,0.325,0.475,89.60533333333333,0.2642844444444445,0.4442855555555555,0.0204081632653061,,,,,0,0,0,,19,5,2026-07-31,822782,672960,"{""novig"": {""odds"": 400}, ""bet365"": {""odds"": 375}, ""betmgm"": {""odds"": 310}, ""pinnacle"": {""odds"": 392}, ""fanduel"": {""odds"": 390}}"
Drew Cavanaugh,SF,L,Bradgley Rodriguez,R,SD,SD,A,mlb_schedule,0.060088850712603295,1564,1,fanduel,900.0,0.1,-0.0399,0.0320888507126033,0.22,0.08,0.7000000000000001,3.5,0.9852114909473605,87.8,81.0,7.4,-7.11333654994356,0,93.0,0.0,7 MPH TOWARD HP,9:45 PM ET,Petco Park,,8.0,0,,2.737,0.0,0.2142857142857142,0.1785714285714285,83.08076923076922,0.3331282051282051,0.4611666666666666,0.0454545454545454,,,,,0,0,0,,0,0,2026-07-31,823272,701852,"{""bet365"": {""odds"": 900}, ""fanduel"": {""odds"": 900}}"
Yordan Alvarez,HOU,L,Nathan Eovaldi,R,HOU,TEX,H,mlb_schedule,0.2263642274075695,342,1,bet365,275.0,0.2666666666666666,-0.0403,0.1983642274075695,0.1729957805907173,0.1666666666666666,0.6603375527426161,4.2,0.989274942127921,117.9,,,,0,,,CALM,8:15 PM ET,Daikin Park,35.0,2.0,1,9.0,4.479,0.0408163265306122,0.4897959183673469,0.4285714285714285,93.48111111111112,0.5257633333333334,0.8809222222222223,0.0705882352941176,4.05,1.6185286103542236,22.0,122.33333333333331,34,12,2,0.353,26,9,2026-07-31,824164,670541,"{""novig"": {""odds"": 257}, ""bet365"": {""odds"": 275}, ""betmgm"": {""odds"": 210}, ""pinnacle"": {""odds"": 231}, ""fanduel"": {""odds"": 230}}"
Nathaniel Lowe,CIN,L,Paul Skenes,R,CIN,PIT,H,mlb_schedule,0.1145753177750332,773,1,novig,545.0,0.1550387596899224,-0.0405,0.0865753177750332,0.22,0.08,0.7000000000000001,3.9,0.9908636465286554,123.1,87.7,6.1,-1.0592538837682748,0,96.0,3.0,CROSSWIND 6 MPH,6:10 PM ET,Great American Ball Park,,5.0,1,10.0,2.6,0.0606060606060606,0.4242424242424242,0.303030303030303,89.675,0.3806888888888889,0.5318611111111111,0.0357142857142857,3.65,0.8204419889502763,11.0,120.66666666666669,16,6,0,0.375,12,0,2026-07-31,824486,663993,"{""novig"": {""odds"": 545}, ""bet365"": {""odds"": 500}, ""betmgm"": {""odds"": 475}, ""pinnacle"": {""odds"": 440}, ""draftkings"": {""odds"": 454}, ""fanduel"": {""odds"": 460}}"
Brenton Doyle,COL,R,Michael Wacha,R,COL,KC,H,mlb_schedule,0.1016315981044091,884,1,fanduel,600.0,0.1428571428571428,-0.0412,0.0736315981044091,0.22,0.08,0.7000000000000001,3.5,0.9852114909473604,99.3,92.0,12.2,-6.997632523482762,0,66.0,13.0,7 MPH TOWARD HP,8:40 PM ET,Coors Field,,8.0,0,113.0,3.964,0.0,0.375,0.15625,84.20044444444444,0.2686688888888889,0.3474022222222223,0.0406091370558375,3.6,1.08816120906801,16.0,132.33333333333334,4,0,0,0.0,1,0,2026-07-31,824325,686668,"{""fanduel"": {""odds"": 600}}"
Jorge Soler,LAA,R,Shane Drohan,L,LAA,MIL,H,mlb_schedule,0.129749789508549,671,1,bet365,475.0,0.17391304347826086,-0.0442,0.101749789508549,0.3229461756373937,0.1161473087818696,0.5609065155807367,4.0,0.96282696923474,100.9,,,,0,,,CALM,9:38 PM ET,Angel Stadium,12.0,4.0,0,37.0,2.702,0.0,0.4545454545454545,0.2424242424242424,90.27166666666668,0.39165,0.5463055555555556,0.0347222222222222,,,,,0,0,0,,11,3,2026-07-31,823999,624585,"{""novig"": {""odds"": 426}, ""bet365"": {""odds"": 475}, ""pinnacle"": {""odds"": 381}, ""draftkings"": {""odds"": 381}, ""fanduel"": {""odds"": 340}}"
Jarren Duran,BOS,L,Edgardo Henriquez,R,LAD,LAD,A,mlb_schedule,0.0907553568260034,1002,1,novig,641.0,0.1349527665317139,-0.0442,0.0627553568260034,0.2913752913752914,0.0745920745920745,0.634032634032634,3.5,0.9703483912656793,107.0,91.1,10.9,4.948496447161061,0,98.0,0.0,5 MPH TOWARD OF,10:10 PM ET,Dodger Stadium,13.0,8.0,0,26.0,3.059,0.0465116279069767,0.4186046511627907,0.2325581395348837,88.96499999999999,0.4050277777777778,0.6163166666666666,0.0,,,,,0,0,0,,12,1,2026-07-31,823922,680776,"{""novig"": {""odds"": 641}, ""bet365"": {""odds"": 600}, ""betmgm"": {""odds"": 550}, ""pinnacle"": {""odds"": 500}, ""fanduel"": {""odds"": 520}}"
Jonah Heim,ATH,R,Tyler Holton,L,ATH,DET,H,mlb_schedule,0.1056656393213448,846,1,novig,567.0,0.14992503748125938,-0.0443,0.0776656393213448,0.22,0.08,0.7000000000000001,4.1,0.9928187979804218,113.3,98.6,8.3,7.038799198098336,0,83.0,0.0,7 MPH TOWARD OF,9:40 PM ET,Sutter Health Park,,3.0,0,26.0,4.194,0.0,0.3125,0.21875,87.56722222222223,0.3292111111111111,0.4048722222222222,0.027027027027027,,,,,4,0,0,0.0,2,9,2026-07-31,824975,641680,"{""novig"": {""odds"": 567}, ""bet365"": {""odds"": 525}, ""fanduel"": {""odds"": 440}}"
Henry Davis,PIT,R,Hunter Greene,R,CIN,CIN,A,mlb_schedule,0.1355677518089037,638,1,novig,456.0,0.1798561151079136,-0.0443,0.1075677518089037,0.22,0.08,0.7000000000000001,3.4,0.98331937703468,113.5,87.7,6.1,-1.0592538837682748,0,96.0,3.0,CROSSWIND 6 MPH,6:10 PM ET,Great American Ball Park,,9.0,0,19.0,,0.0,0.4571428571428571,0.2285714285714285,86.78888888888888,0.2931555555555555,0.4025888888888888,0.0846153846153846,,,,,8,0,0,0.0,7,2,2026-07-31,824486,680779,"{""novig"": {""odds"": 456}, ""bet365"": {""odds"": 450}, ""betmgm"": {""odds"": 450}, ""pinnacle"": {""odds"": 400}, ""draftkings"": {""odds"": 393}, ""fanduel"": {""odds"": 400}}"
Salvador Perez,KC,R,Tomoyuki Sugano,R,COL,COL,A,mlb_schedule,0.1778769310232311,462,1,fanduel,350.0,0.2222222222222222,-0.0443,0.1498769310232311,0.2116279069767442,0.0651162790697674,0.7232558139534884,4.0,0.9941343786608228,99.3,92.0,12.2,-6.997632523482762,0,66.0,13.0,7 MPH TOWARD HP,8:40 PM ET,Coors Field,15.0,4.0,1,6.0,5.168,0.048780487804878,0.5365853658536586,0.3170731707317073,89.52222222222221,0.4516777777777777,0.7558095238095238,0.0638297872340425,,,,,6,0,0,0.0,12,5,2026-07-31,824325,521692,"{""novig"": {""odds"": 344}, ""bet365"": {""odds"": 310}, ""pinnacle"": {""odds"": 320}, ""draftkings"": {""odds"": 333}, ""fanduel"": {""odds"": 350}}"
Jasson Domínguez,NYY,R,Shota Imanaga,L,CHC,CHC,A,mlb_schedule,0.1209084038164595,727,1,bet365,500.0,0.1666666666666666,-0.0458,0.0929084038164596,0.22,0.08,0.7000000000000001,4.0,0.9919,105.5,79.8,17.0,10.466245080536192,0,89.0,55.0,10 MPH TOWARD OF,2:20 PM ET,Wrigley Field,,4.0,1,,4.929,0.0,0.3703703703703703,0.2222222222222222,87.53222222222222,0.3183111111111111,0.4156444444444444,0.0903614457831325,3.72,1.6363636363636365,22.0,121.0,4,0,0,0.0,5,2,2026-07-31,824651,691176,"{""novig"": {""odds"": 471}, ""bet365"": {""odds"": 475}, ""pinnacle"": {""odds"": 435}, ""draftkings"": {""odds"": 433}, ""fanduel"": {""odds"": 430}}"
Chase DeLauter,CLE,L,Mitch Bratt,L,CLE,AZ,H,mlb_schedule,0.1055858603007392,847,1,fanduel,560.0,0.1515151515151515,-0.0459,0.0775858603007392,0.1402597402597402,0.1012987012987013,0.7584415584415584,4.1,0.997046131904317,106.3,84.5,8.9,-8.308865795825096,0,84.0,5.0,8 MPH TOWARD HP,7:10 PM ET,Progressive Field,11.0,3.0,0,19.0,,0.02,0.58,0.26,94.46122222222225,0.4120322222222222,0.6238322222222223,,,,,,0,0,0,,11,2,2026-07-31,824407,800050,"{""novig"": {""odds"": 545}, ""bet365"": {""odds"": 525}, ""betmgm"": {""odds"": 425}, ""fanduel"": {""odds"": 560}}"
TJ Rumfield,COL,L,Michael Wacha,R,COL,KC,H,mlb_schedule,0.0940255393927411,964,1,novig,614.0,0.1400560224089636,-0.046,0.0660255393927412,0.1471962616822429,0.1191588785046729,0.7336448598130841,4.0,0.994966798361707,113.9,92.0,12.2,-6.997632523482762,0,66.0,13.0,7 MPH TOWARD HP,8:40 PM ET,Coors Field,13.0,4.0,0,13.0,3.964,0.0,0.1860465116279069,0.2790697674418604,81.79222222222221,0.3143555555555555,0.4008611111111111,0.0406091370558375,3.6,1.08816120906801,16.0,132.33333333333334,0,0,0,,12,2,2026-07-31,824325,681198,"{""novig"": {""odds"": 614}, ""bet365"": {""odds"": 525}, ""betmgm"": {""odds"": 425}, ""draftkings"": {""odds"": 581}, ""fanduel"": {""odds"": 600}}"
Colson Montgomery,CWS,L,Nick Martinez,R,TB,TB,A,mlb_schedule,0.178847665128399,459,1,novig,344.0,0.2252252252252252,-0.0464,0.1508476651283991,0.317016317016317,0.1048951048951049,0.5780885780885782,4.0,0.9683127076480784,99.8,86.1,0.0,0.0,1,96.0,27.0,DOME,7:10 PM ET,Tropicana Field,24.0,4.0,1,12.0,3.652,0.0666666666666666,0.3555555555555555,0.3555555555555555,83.89655555555555,0.4245077777777777,0.6254533333333332,0.0402010050251256,2.45,0.84375,11.0,117.33333333333331,0,0,0,,16,8,2026-07-31,822945,695657,"{""novig"": {""odds"": 344}, ""bet365"": {""odds"": 325}, ""pinnacle"": {""odds"": 319}, ""draftkings"": {""odds"": 293}, ""fanduel"": {""odds"": 300}}"
Tyler Soderstrom,ATH,L,Tyler Holton,L,ATH,DET,H,mlb_schedule,0.143837513877451,595,1,bet365,425.0,0.19047619047619047,-0.0466,0.115837513877451,0.1890547263681592,0.126865671641791,0.6840796019900497,4.0,0.9900388226709326,99.6,98.6,8.3,7.038799198098336,0,83.0,0.0,7 MPH TOWARD OF,9:40 PM ET,Sutter Health Park,17.0,4.0,0,13.0,4.194,0.0232558139534883,0.4418604651162791,0.1627906976744186,93.26077777777778,0.4962677777777778,0.7404977777777778,0.027027027027027,,,,,2,0,0,0.0,11,7,2026-07-31,824975,691016,"{""novig"": {""odds"": 413}, ""bet365"": {""odds"": 425}, ""betmgm"": {""odds"": 340}, ""draftkings"": {""odds"": 327}, ""fanduel"": {""odds"": 340}}"
Ben Malgeri,DET,R,Jeffrey Springs,L,ATH,ATH,A,mlb_schedule,0.0961274926229258,940,1,fanduel,600.0,0.14285714285714285,-0.0467,0.0681274926229258,0.22,0.08,0.7000000000000001,3.4,0.9833193770346799,113.3,98.6,8.3,7.038799198098336,0,83.0,0.0,7 MPH TOWARD OF,9:40 PM ET,Sutter Health Park,,9.0,0,,5.193,0.0434782608695652,0.391304347826087,0.217391304347826,88.78083333333333,0.3066916666666667,0.4053425925925926,0.1069182389937107,,,,,4,0,0,0.0,0,0,2026-07-31,824975,701162,"{""fanduel"": {""odds"": 600}}"
Spencer Torkelson,DET,R,Jeffrey Springs,L,ATH,ATH,A,mlb_schedule,0.1929243010343748,418,1,novig,317.0,0.23980815347721823,-0.0469,0.1649243010343748,0.3151658767772511,0.1184834123222748,0.566350710900474,3.7,0.9545626532482331,113.3,98.6,8.3,7.038799198098336,0,83.0,0.0,7 MPH TOWARD OF,9:40 PM ET,Sutter Health Park,20.0,6.0,1,9.0,5.193,0.088235294117647,0.2352941176470588,0.4411764705882353,85.62333333333332,0.3417944444444444,0.5595388888888889,0.1069182389937107,,,,,12,4,4,0.333,17,3,2026-07-31,824975,679529,"{""novig"": {""odds"": 317}, ""bet365"": {""odds"": 280}, ""pinnacle"": {""odds"": 267}, ""draftkings"": {""odds"": 265}, ""fanduel"": {""odds"": 260}}"
Kevin McGonigle,DET,L,Jeffrey Springs,L,ATH,ATH,A,mlb_schedule,0.1314914994006863,661,1,novig,456.0,0.17985611510791366,-0.0484,0.1034914994006863,0.138592750533049,0.1449893390191897,0.7164179104477612,4.3,0.9955688257085075,99.6,98.6,8.3,7.038799198098336,0,83.0,0.0,7 MPH TOWARD OF,9:40 PM ET,Sutter Health Park,9.0,1.0,0,12.0,5.193,0.0,0.3958333333333333,0.4166666666666667,88.21833333333332,0.30825,0.4454333333333333,0.1069182389937107,,,,,4,2,0,0.5,7,2,2026-07-31,824975,805808,"{""novig"": {""odds"": 456}, ""bet365"": {""odds"": 450}, ""betmgm"": {""odds"": 450}, ""pinnacle"": {""odds"": 400}, ""fanduel"": {""odds"": 390}}"
Corey Seager,TEX,L,Hunter Brown,R,HOU,HOU,A,mlb_schedule,0.1331917591537906,651,1,bet365,450.0,0.1818181818181818,-0.0486,0.1051917591537906,0.22,0.08,0.7000000000000001,4.1,0.9928187979804218,117.9,,,,0,,,CALM,8:15 PM ET,Daikin Park,,3.0,1,34.0,1.6,0.05,0.375,0.35,91.67555555555556,0.3872777777777778,0.6331388888888889,0.0390625,,,,,32,8,2,0.25,9,1,2026-07-31,824164,608369,"{""novig"": {""odds"": 441}, ""bet365"": {""odds"": 450}, ""pinnacle"": {""odds"": 403}, ""draftkings"": {""odds"": 416}, ""fanduel"": {""odds"": 370}}"
Lawrence Butler,ATH,L,Tyler Holton,L,ATH,DET,H,mlb_schedule,0.0937686036820421,966,1,bet365,600.0,0.14285714285714285,-0.0491,0.0657686036820421,0.22,0.08,0.7000000000000001,3.7,0.9883761862532517,99.6,98.6,8.3,7.038799198098336,0,83.0,0.0,7 MPH TOWARD OF,9:40 PM ET,Sutter Health Park,,6.0,0,42.0,4.194,0.0294117647058823,0.4411764705882353,0.2352941176470588,90.49555555555555,0.2741555555555555,0.3536888888888889,0.027027027027027,,,,,6,0,0,0.0,6,1,2026-07-31,824975,671732,"{""novig"": {""odds"": 545}, ""bet365"": {""odds"": 600}, ""pinnacle"": {""odds"": 525}, ""draftkings"": {""odds"": 537}, ""fanduel"": {""odds"": 500}}"
Lane Thomas,KC,R,Tomoyuki Sugano,R,COL,COL,A,mlb_schedule,0.1370807123320728,629,1,novig,426.0,0.1901140684410646,-0.053,0.1090807123320728,0.22,0.08,0.7000000000000001,4.2,0.9936333750066674,99.3,92.0,12.2,-6.997632523482762,0,66.0,13.0,7 MPH TOWARD HP,8:40 PM ET,Coors Field,,2.0,0,13.0,5.168,0.0,0.625,0.2,95.68833333333332,0.44805,0.6782222222222222,0.0638297872340425,,,,,6,0,0,0.0,6,5,2026-07-31,824325,657041,"{""novig"": {""odds"": 426}, ""bet365"": {""odds"": 350}, ""pinnacle"": {""odds"": 406}, ""draftkings"": {""odds"": 385}, ""fanduel"": {""odds"": 390}}"
Mike Trout,LAA,R,Shane Drohan,L,LAA,MIL,H,mlb_schedule,0.1419061116956725,605,1,novig,413.0,0.1949317738791423,-0.053,0.1139061116956725,0.2444444444444444,0.1975308641975308,0.5580246913580247,4.2,0.9675905521154508,100.9,,,,0,,,CALM,9:38 PM ET,Angel Stadium,18.0,2.0,0,23.0,2.702,0.0512820512820512,0.358974358974359,0.2051282051282051,85.7,0.4157111111111111,0.58835,0.0347222222222222,,,,,0,0,0,,14,4,2026-07-31,823999,545361,"{""novig"": {""odds"": 413}, ""bet365"": {""odds"": 400}, ""fanduel"": {""odds"": 330}}"
Dillon Dingler,DET,R,Jeffrey Springs,L,ATH,ATH,A,mlb_schedule,0.1800463734839521,455,1,novig,326.0,0.2347417840375587,-0.0547,0.1520463734839521,0.21875,0.0913461538461538,0.6899038461538461,4.1,0.9917750142033916,113.3,98.6,8.3,7.038799198098336,0,83.0,0.0,7 MPH TOWARD OF,9:40 PM ET,Sutter Health Park,22.0,3.0,1,10.0,5.193,0.0232558139534883,0.3488372093023256,0.2093023255813953,83.666,0.3527533333333333,0.5031022222222222,0.1069182389937107,,,,,2,2,0,1.0,20,5,2026-07-31,824975,693307,"{""novig"": {""odds"": 326}, ""bet365"": {""odds"": 280}, ""pinnacle"": {""odds"": 318}, ""fanduel"": {""odds"": 310}}"
Isaac Paredes,HOU,R,Nathan Eovaldi,R,HOU,TEX,H,mlb_schedule,0.0973046610041531,928,1,bet365,550.0,0.1538461538461538,-0.0565,0.0693046610041532,0.1484018264840182,0.1278538812785388,0.723744292237443,4.1,0.9948787477799048,117.9,,,,0,,,CALM,8:15 PM ET,Daikin Park,14.0,3.0,1,9.0,4.479,0.0,0.3269230769230769,0.3269230769230769,85.52844444444445,0.3059633333333333,0.4444322222222222,0.0705882352941176,4.05,1.6185286103542236,22.0,122.33333333333331,40,6,2,0.15,14,0,2026-07-31,824164,670623,"{""novig"": {""odds"": 506}, ""bet365"": {""odds"": 550}, ""draftkings"": {""odds"": 485}, ""fanduel"": {""odds"": 480}}"
David Fry,CLE,R,Mitch Bratt,L,CLE,AZ,H,mlb_schedule,0.0842270355528031,1087,1,draftkings,610.0,0.1408450704225352,-0.0566,0.0562270355528031,0.22,0.08,0.7000000000000001,3.7,0.9883761862532516,95.7,84.5,8.9,-8.308865795825096,0,84.0,5.0,8 MPH TOWARD HP,7:10 PM ET,Progressive Field,,6.0,0,29.0,,0.0344827586206896,0.3103448275862069,0.4137931034482758,81.62388888888889,0.2688388888888889,0.4655055555555556,,,,,,0,0,0,,2,4,2026-07-31,824407,681807,"{""novig"": {""odds"": 590}, ""bet365"": {""odds"": 525}, ""pinnacle"": {""odds"": 590}, ""draftkings"": {""odds"": 610}, ""fanduel"": {""odds"": 600}}"
Christian Walker,HOU,R,Nathan Eovaldi,R,HOU,TEX,H,mlb_schedule,0.1132972738573799,783,1,novig,488.0,0.1700680272108843,-0.0568,0.0852972738573799,0.2431192660550458,0.1009174311926605,0.6559633027522935,4.0,0.9859906147225876,117.9,,,,0,,,CALM,8:15 PM ET,Daikin Park,21.0,4.0,0,26.0,4.479,0.0294117647058823,0.2941176470588235,0.2058823529411764,84.57911111111112,0.2949955555555555,0.4072722222222222,0.0705882352941176,4.05,1.6185286103542236,22.0,122.33333333333331,24,10,4,0.417,17,5,2026-07-31,824164,572233,"{""novig"": {""odds"": 488}, ""bet365"": {""odds"": 475}, ""pinnacle"": {""odds"": 445}, ""fanduel"": {""odds"": 430}}"
Munetaka Murakami,CWS,L,Nick Martinez,R,TB,TB,A,mlb_schedule,0.1879549065728282,432,1,novig,308.0,0.2450980392156862,-0.0571,0.1599549065728282,0.22,0.08,0.7000000000000001,4.2,0.9936333750066674,99.8,86.1,0.0,0.0,1,96.0,27.0,DOME,7:10 PM ET,Tropicana Field,,2.0,0,65.0,3.652,0.032258064516129,0.5806451612903226,0.3870967741935484,91.815,0.3977666666666666,0.6159,0.0402010050251256,2.45,0.84375,11.0,117.33333333333331,0,0,0,,20,4,2026-07-31,822945,808959,"{""novig"": {""odds"": 308}, ""bet365"": {""odds"": 265}, ""betmgm"": {""odds"": 220}, ""draftkings"": {""odds"": 275}, ""fanduel"": {""odds"": 285}}"
Rafael Devers,SF,L,Bradgley Rodriguez,R,SD,SD,A,mlb_schedule,0.1256268937152836,696,1,novig,441.0,0.18484288354898337,-0.0592,0.0976268937152836,0.271551724137931,0.0969827586206896,0.6314655172413793,4.0,0.9815535618787926,87.8,81.0,7.4,-7.11333654994356,0,93.0,0.0,7 MPH TOWARD HP,9:45 PM ET,Petco Park,22.0,4.0,1,6.0,2.737,0.0,0.5128205128205128,0.3846153846153846,93.83055555555556,0.3878,0.6103222222222223,0.0454545454545454,,,,,0,0,0,,18,4,2026-07-31,823272,646240,"{""novig"": {""odds"": 441}, ""bet365"": {""odds"": 350}, ""betmgm"": {""odds"": 280}, ""pinnacle"": {""odds"": 370}, ""draftkings"": {""odds"": 379}, ""fanduel"": {""odds"": 370}}"
Hao-Yu Lee,DET,R,Jeffrey Springs,L,ATH,ATH,A,mlb_schedule,0.1310284339146125,663,1,bet365,425.0,0.19047619047619047,-0.0594,0.1030284339146125,0.22,0.08,0.7000000000000001,3.9,0.9908636465286554,113.3,98.6,8.3,7.038799198098336,0,83.0,0.0,7 MPH TOWARD OF,9:40 PM ET,Sutter Health Park,,5.0,1,6.0,5.193,0.0,0.4761904761904761,0.1428571428571428,89.88811111111112,0.4005022222222222,0.5954755555555555,0.1069182389937107,,,,,4,0,0,0.0,4,2,2026-07-31,824975,701678,"{""bet365"": {""odds"": 425}, ""betmgm"": {""odds"": 350}, ""pinnacle"": {""odds"": 360}, ""fanduel"": {""odds"": 420}}"
Grant McCray,SF,L,Bradgley Rodriguez,R,SD,SD,A,mlb_schedule,0.0576474842228321,1635,1,bet365,750.0,0.11764705882352941,-0.06,0.0296474842228321,0.22,0.08,0.7000000000000001,3.6,0.9868889788795845,87.8,81.0,7.4,-7.11333654994356,0,93.0,0.0,7 MPH TOWARD HP,9:45 PM ET,Petco Park,,7.0,0,692.0,2.737,0.0,0.2608695652173913,0.2608695652173913,86.30055555555555,0.2909107142857143,0.4462243589743589,0.0454545454545454,,,,,0,0,0,,1,0,2026-07-31,823272,687529,"{""novig"": {""odds"": 641}, ""bet365"": {""odds"": 750}, ""fanduel"": {""odds"": 600}}"
Heliot Ramos,SF,R,Bradgley Rodriguez,R,SD,SD,A,mlb_schedule,0.0914563162632538,993,1,novig,545.0,0.15503875968992248,-0.0636,0.0634563162632538,0.22,0.08,0.7000000000000001,4.2,0.9936333750066674,101.7,81.0,7.4,-7.11333654994356,0,93.0,0.0,7 MPH TOWARD HP,9:45 PM ET,Petco Park,,2.0,1,11.0,2.737,0.073170731707317,0.5121951219512195,0.1951219512195122,93.02722222222222,0.4616944444444444,0.7166111111111112,0.0454545454545454,,,,,4,2,0,0.5,7,2,2026-07-31,823272,671218,"{""novig"": {""odds"": 545}, ""bet365"": {""odds"": 475}, ""betmgm"": {""odds"": 425}, ""pinnacle"": {""odds"": 455}, ""draftkings"": {""odds"": 453}, ""fanduel"": {""odds"": 420}}"
Mickey Moniak,COL,L,Michael Wacha,R,COL,KC,H,mlb_schedule,0.1378688515403392,625,1,novig,376.0,0.2100840336134453,-0.0722,0.1098688515403392,0.22,0.08,0.7000000000000001,4.2,0.9936333750066674,113.9,92.0,12.2,-6.997632523482762,0,66.0,13.0,7 MPH TOWARD HP,8:40 PM ET,Coors Field,,2.0,1,10.0,3.964,0.0425531914893617,0.5531914893617021,0.3191489361702128,89.76888888888888,0.3484,0.5002333333333334,0.0406091370558375,3.6,1.08816120906801,16.0,132.33333333333334,6,0,0,0.0,15,2,2026-07-31,824325,666160,"{""novig"": {""odds"": 376}, ""bet365"": {""odds"": 350}, ""betmgm"": {""odds"": 280}, ""pinnacle"": {""odds"": 350}, ""draftkings"": {""odds"": 367}, ""fanduel"": {""odds"": 370}}"
Gleyber Torres,DET,R,Jeffrey Springs,L,ATH,ATH,A,mlb_schedule,0.1065898095076437,838,1,novig,456.0,0.17985611510791366,-0.0733,0.0785898095076437,0.22,0.08,0.7000000000000001,4.2,0.9936333750066674,113.3,98.6,8.3,7.038799198098336,0,83.0,0.0,7 MPH TOWARD OF,9:40 PM ET,Sutter Health Park,,2.0,0,50.0,5.193,0.0952380952380952,0.4285714285714285,0.3095238095238095,88.527,0.4261988888888888,0.6124755555555554,0.1069182389937107,,,,,26,4,2,0.154,4,1,2026-07-31,824975,650402,"{""novig"": {""odds"": 456}, ""bet365"": {""odds"": 390}, ""betmgm"": {""odds"": 350}, ""pinnacle"": {""odds"": 364}, ""draftkings"": {""odds"": 422}, ""fanduel"": {""odds"": 440}}"
Kyle Schwarber,PHI,L,Brandon Young,R,BAL,BAL,A,mlb_schedule,0.2418511549772335,313,1,novig,217.0,0.3154574132492113,-0.0736,0.2138511549772336,0.3435448577680525,0.1531728665207877,0.5032822757111598,4.2,0.9470750373847546,115.6,86.7,8.2,-8.180025212130557,0,86.0,5.0,8 MPH TOWARD HP,7:05 PM ET,Camden Yards,33.0,2.0,0,13.0,4.276,0.0,0.4857142857142857,0.2857142857142857,92.91,0.4200166666666666,0.6389555555555556,0.0219780219780219,,,,,0,0,0,,21,13,2026-07-31,824809,656941,"{""novig"": {""odds"": 217}, ""bet365"": {""odds"": 180}, ""betmgm"": {""odds"": 180}, ""pinnacle"": {""odds"": 180}, ""fanduel"": {""odds"": 180}}"
Cal Raleigh,SEA,L,Zebby Matthews,R,SEA,MIN,H,mlb_schedule,0.1351738860434413,640,1,bet365,375.0,0.21052631578947367,-0.0754,0.1071738860434413,0.22,0.08,0.7000000000000001,3.7,0.9883761862532517,99.6,,,,0,,,CALM,10:10 PM ET,T-Mobile Park,,6.0,1,11.0,4.518,0.04,0.32,0.24,86.42555555555556,0.3260555555555555,0.4708555555555556,0.0782122905027933,,,,,6,2,2,0.333,8,3,2026-07-31,823111,663728,"{""novig"": {""odds"": 355}, ""bet365"": {""odds"": 375}, ""betmgm"": {""odds"": 290}, ""pinnacle"": {""odds"": 300}, ""fanduel"": {""odds"": 280}}"
Bryce Eldridge,SF,L,Bradgley Rodriguez,R,SD,SD,A,mlb_schedule,0.0791792177547065,1163,1,novig,545.0,0.15503875968992248,-0.0759,0.0511792177547065,0.22,0.08,0.7000000000000001,4.1,0.9928187979804218,87.8,81.0,7.4,-7.11333654994356,0,93.0,0.0,7 MPH TOWARD HP,9:45 PM ET,Petco Park,,3.0,1,12.0,2.737,0.0833333333333333,0.5277777777777778,0.4166666666666667,94.18888888888888,0.5770222222222223,0.9319055555555557,0.0454545454545454,,,,,0,0,0,,9,2,2026-07-31,823272,805811,"{""novig"": {""odds"": 545}, ""bet365"": {""odds"": 400}, ""betmgm"": {""odds"": 450}, ""pinnacle"": {""odds"": 450}, ""draftkings"": {""odds"": 409}, ""fanduel"": {""odds"": 440}}"
Paul Goldschmidt,NYY,R,Shota Imanaga,L,CHC,CHC,A,mlb_schedule,0.1310692068497646,663,1,novig,376.0,0.2100840336134453,-0.079,0.1030692068497646,0.22,0.08,0.7000000000000001,4.3,0.9943555530543188,105.5,79.8,17.0,10.466245080536192,0,89.0,55.0,10 MPH TOWARD OF,2:20 PM ET,Wrigley Field,,1.0,1,,4.929,0.0967741935483871,0.2903225806451613,0.3548387096774194,86.29333333333334,0.3158444444444444,0.4854722222222223,0.0903614457831325,3.72,1.6363636363636365,22.0,121.0,20,6,2,0.3,7,9,2026-07-31,824651,502671,"{""novig"": {""odds"": 376}, ""bet365"": {""odds"": 350}, ""pinnacle"": {""odds"": 350}, ""fanduel"": {""odds"": 340}}"
Willy Adames,SF,R,Bradgley Rodriguez,R,SD,SD,A,mlb_schedule,0.10079230018752999,892,1,novig,456.0,0.17985611510791366,-0.0791,0.07279230018753,0.2814645308924485,0.0709382151029748,0.6475972540045767,3.7,0.9789115164943016,101.7,81.0,7.4,-7.11333654994356,0,93.0,0.0,7 MPH TOWARD HP,9:45 PM ET,Petco Park,18.0,6.0,1,11.0,2.737,0.0294117647058823,0.3235294117647059,0.3529411764705882,83.05333333333334,0.4270888888888889,0.6190055555555555,0.0454545454545454,,,,,0,0,0,,15,3,2026-07-31,823272,642715,"{""novig"": {""odds"": 456}, ""bet365"": {""odds"": 450}, ""fanduel"": {""odds"": 390}}"
Nick Kurtz,ATH,L,Tyler Holton,L,ATH,DET,H,mlb_schedule,0.1974376693266345,406,1,novig,251.0,0.2849002849002849,-0.0875,0.1694376693266345,0.3225058004640371,0.1879350348027842,0.4895591647331787,4.3,0.9445163190348497,99.6,98.6,8.3,7.038799198098336,0,83.0,0.0,7 MPH TOWARD OF,9:40 PM ET,Sutter Health Park,21.0,1.0,0,28.0,4.194,0.0967741935483871,0.6451612903225806,0.2903225806451613,96.09222222222222,0.5065666666666667,0.7881333333333332,0.027027027027027,,,,,4,2,0,0.5,15,6,2026-07-31,824975,701762,"{""novig"": {""odds"": 251}, ""pinnacle"": {""odds"": 221}, ""fanduel"": {""odds"": 240}}"
José Ramírez,CLE,L,Mitch Bratt,L,CLE,AZ,H,mlb_schedule,0.0904279065784584,1006,1,novig,441.0,0.1848428835489833,-0.0944,0.0624279065784584,0.132564841498559,0.1268011527377521,0.7406340057636888,4.2,0.9965451058548354,106.3,84.5,8.9,-8.308865795825096,0,84.0,5.0,8 MPH TOWARD HP,7:10 PM ET,Progressive Field,10.0,2.0,0,55.0,,0.0303030303030303,0.2727272727272727,0.1818181818181818,87.77444444444444,0.3137433333333333,0.3974655555555555,,,,,,0,0,0,,7,6,2026-07-31,824407,608070,"{""novig"": {""odds"": 441}, ""bet365"": {""odds"": 350}, ""betmgm"": {""odds"": 360}, ""pinnacle"": {""odds"": 377}, ""draftkings"": {""odds"": 374}, ""fanduel"": {""odds"": 400}}"
Rhys Hoskins,CLE,R,Mitch Bratt,L,CLE,AZ,H,mlb_schedule,0.098224040112564,918,1,draftkings,402.0,0.199203187250996,-0.101,0.070224040112564,0.22,0.08,0.7000000000000001,4.0,0.9919,95.7,84.5,8.9,-8.308865795825096,0,84.0,5.0,8 MPH TOWARD HP,7:10 PM ET,Progressive Field,,4.0,1,11.0,,0.09375,0.34375,0.375,89.92000000000002,0.3694166666666666,0.5901666666666666,,,,,,0,0,0,,7,5,2026-07-31,824407,656555,"{""novig"": {""odds"": 376}, ""bet365"": {""odds"": 350}, ""pinnacle"": {""odds"": 368}, ""draftkings"": {""odds"": 402}}"
Hunter Goodman,COL,R,Michael Wacha,R,COL,KC,H,mlb_schedule,0.1482633425835402,574,1,novig,277.0,0.2652519893899204,-0.117,0.1202633425835402,0.3333333333333333,0.0983213429256594,0.5683453237410072,4.1,0.9680802526242446,99.3,92.0,12.2,-6.997632523482762,0,66.0,13.0,7 MPH TOWARD HP,8:40 PM ET,Coors Field,31.0,3.0,1,10.0,3.964,0.0555555555555555,0.4166666666666667,0.2222222222222222,87.08222222222223,0.4872722222222222,0.7193666666666668,0.0406091370558375,3.6,1.08816120906801,16.0,132.33333333333334,0,0,0,,24,8,2026-07-31,824325,696100,"{""novig"": {""odds"": 277}, ""bet365"": {""odds"": 240}, ""betmgm"": {""odds"": 200}, ""draftkings"": {""odds"": 241}, ""fanduel"": {""odds"": 240}}"
Max Clark,DET,L,Jeffrey Springs,L,ATH,ATH,A,mlb_schedule,0.0389422034108226,2468,0,,,,,0.0109422034108226,0.22,0.08,0.7000000000000001,3.6,0.9868889788795845,99.6,98.6,8.3,7.038799198098336,0,83.0,0.0,7 MPH TOWARD OF,9:40 PM ET,Sutter Health Park,,7.0,0,,5.193,,,,,,,0.1069182389937107,,,,,0,0,0,,0,0,2026-07-31,824975,703601,
