player_name,team_abbr,stand,pitcher_name,p_throws,home_team,opp_team,is_home,lineup_source,adj_prob,fair_odds,has_line,best_book,best_odds,book_implied,edge,model_prob,k_pct,bb_pct,contact_rate,exp_pa,p_contact_game,hr_park_factor,temp_f,wind_speed,wind_favor,is_dome,humidity_pct,precip_pct,wind_description,game_time,stadium,season_hr,bat_order,recent_hr,days_since_hr,p_fip,barrel_pct_15,hardhit_pct_15,flyball_pct_15,avg_ev_15,xwoba_15,xslg_15,p_hr_per_bb_allowed_10,pitcher_era,pitcher_hr9,pitcher_hr_allowed,pitcher_ip,vs_pitcher_ab,vs_pitcher_h,vs_pitcher_hr,vs_pitcher_avg,hr_vs_r,hr_vs_l,game_date,game_id,batter
Pete Alonso,BAL,R,Michael McGreevy,R,STL,STL,A,mlb_schedule,0.28938993974413924,246,0,,,,,0.2613899397441392,0.2364273204903677,0.1243432574430823,0.63922942206655,4.2,0.9861843707266792,88.4,93.4,10.1,-5.201884556591548,0,84.0,13.0,5 MPH TOWARD HP,7:45 PM ET,Busch Stadium,31.0,2.0,1,5.0,4.247,0.1276595744680851,0.6382978723404256,0.3404255319148936,95.16344444444444,0.6340366666666667,1.023851111111111,0.0404624277456647,3.54,1.1796116504854368,18.0,137.33333333333334,4,0,0,0.0,23,8,2026-08-26,823015,624413
Max Muncy,LAD,L,AJ Smith-Shawver,R,ATL,ATL,A,mlb_schedule,0.28938993974413924,246,0,,,,,0.2613899397441392,0.2532751091703056,0.1266375545851528,0.6200873362445416,4.0,0.9791678026500849,98.1,89.2,8.1,-3.294566808913982,0,85.0,12.0,3 MPH TOWARD HP,7:15 PM ET,Truist Park,26.0,4.0,1,5.0,,0.0,0.53125,0.34375,93.01944444444445,0.5118722222222222,0.8673388888888888,0.0285714285714285,,,,,0,0,0,,20,6,2026-08-26,824878,571970
Shohei Ohtani,LAD,L,AJ Smith-Shawver,R,ATL,ATL,A,mlb_schedule,0.2421655615245996,313,0,,,,,0.2141655615245996,0.2325581395348837,0.1449016100178891,0.6225402504472273,4.3,0.9848454242150575,98.1,89.2,8.1,-3.294566808913982,0,85.0,12.0,3 MPH TOWARD HP,7:15 PM ET,Truist Park,30.0,1.0,1,8.0,,0.024390243902439,0.5121951219512195,0.2439024390243902,92.61833333333333,0.40469,0.6335244444444444,0.0285714285714285,,,,,0,0,0,,18,12,2026-08-26,824878,660271
Matt Olson,ATL,L,Roki Sasaki,R,ATL,LAD,H,mlb_schedule,0.22298355133149209,348,0,,,,,0.1949835513314921,0.2543554006968641,0.102787456445993,0.6428571428571428,4.1,0.9853225005932178,98.1,89.2,8.1,-3.294566808913982,0,85.0,12.0,3 MPH TOWARD HP,7:15 PM ET,Truist Park,36.0,3.0,0,10.0,4.566,0.027027027027027,0.4594594594594595,0.4324324324324324,94.2061111111111,0.5168777777777778,0.8367833333333333,0.0728476821192053,,,,,2,0,0,0.0,24,14,2026-08-26,824878,621566
Jo Adell,CLE,R,Grayson Rodriguez,R,LAA,LAA,A,mlb_schedule,0.221900216700019,351,0,,,,,0.193900216700019,0.2462686567164179,0.0727611940298507,0.6809701492537314,4.0,0.9896408223039854,100.9,100.3,8.1,3.164922140763117,0,89.0,1.0,3 MPH TOWARD OF,4:07 PM ET,Angel Stadium,20.0,4.0,1,4.0,5.029,0.1025641025641025,0.5641025641025641,0.3076923076923077,94.49866666666668,0.5619955555555556,0.9345933333333334,0.0571428571428571,,,,,4,4,0,1.0,9,12,2026-08-26,823988,666176
Ben Rice,NYY,L,Peter Lambert,R,NYY,HOU,H,mlb_schedule,0.214896767745443,365,0,,,,,0.186896767745443,0.2513863216266174,0.1293900184842883,0.6192236598890942,4.2,0.9826693914807556,104.0,84.1,7.6,4.359180916267951,0,85.0,0.0,4 MPH TOWARD OF,7:05 PM ET,Yankee Stadium,34.0,2.0,1,7.0,3.732,0.027027027027027,0.5405405405405406,0.3783783783783784,93.17333333333332,0.3272944444444444,0.5133,0.0405405405405405,,,,,0,0,0,,25,10,2026-08-26,823506,700250
Miguel Vargas,CWS,R,MacKenzie Gore,L,CWS,TEX,H,mlb_schedule,0.2134462857834774,369,0,,,,,0.1854462857834774,0.1745200698080279,0.1518324607329843,0.6736474694589878,4.3,0.9918931146031639,91.0,85.1,11.2,8.323222045346816,0,90.0,14.0,8 MPH TOWARD OF,7:40 PM ET,Rate Field,29.0,1.0,1,5.0,3.615,0.0681818181818181,0.4545454545454545,0.3636363636363636,90.37822222222222,0.4158688888888889,0.6737799999999999,0.0632911392405063,4.26,1.1121281464530892,18.0,145.66666666666666,0,0,0,,17,12,2026-08-26,824555,678246
Wilyer Abreu,BOS,L,Ryan Gusto,R,MIA,MIA,A,mlb_schedule,0.2075649949185695,382,0,,,,,0.1795649949185695,0.2056737588652482,0.1099290780141844,0.6843971631205674,4.1,0.9911594826027484,91.5,90.5,0.0,0.0,1,91.0,23.0,DOME,6:40 PM ET,loanDepot Park,22.0,3.0,0,11.0,,0.0217391304347826,0.5869565217391305,0.2391304347826087,88.97555555555554,0.3738222222222222,0.5425555555555556,0.054054054054054,,,,,0,0,0,,18,5,2026-08-26,823825,677800
Drake Baldwin,ATL,L,Roki Sasaki,R,ATL,LAD,H,mlb_schedule,0.2064924312814502,384,0,,,,,0.1784924312814502,0.2074688796680498,0.1141078838174273,0.6784232365145227,4.3,0.9923910621339049,98.1,89.2,8.1,-3.294566808913982,0,85.0,12.0,3 MPH TOWARD HP,7:15 PM ET,Truist Park,21.0,1.0,0,8.0,4.566,0.0416666666666666,0.5625,0.2708333333333333,90.79777777777778,0.3314344444444445,0.4665455555555555,0.0728476821192053,,,,,0,0,0,,14,7,2026-08-26,824878,686948
Munetaka Murakami,CWS,L,MacKenzie Gore,L,CWS,TEX,H,mlb_schedule,0.2037927160949826,391,0,,,,,0.1757927160949826,0.3372641509433962,0.1745283018867924,0.4882075471698113,4.2,0.9399940543260829,103.4,85.1,11.2,8.323222045346816,0,90.0,14.0,8 MPH TOWARD OF,7:40 PM ET,Rate Field,29.0,2.0,0,8.0,3.615,0.0277777777777777,0.5833333333333334,0.3055555555555556,95.16044444444444,0.5813377777777777,0.9936533333333332,0.0632911392405063,4.26,1.1121281464530892,18.0,145.66666666666666,0,0,0,,24,6,2026-08-26,824555,808959
Austin Riley,ATL,R,Roki Sasaki,R,ATL,LAD,H,mlb_schedule,0.2013741854560911,397,0,,,,,0.1733741854560911,0.3193116634799235,0.0956022944550669,0.5850860420650095,3.5,0.9539899020915756,92.8,89.2,8.1,-3.294566808913982,0,85.0,12.0,3 MPH TOWARD HP,7:15 PM ET,Truist Park,15.0,8.0,0,14.0,4.566,0.0967741935483871,0.6129032258064516,0.3548387096774194,95.55277777777778,0.4804333333333332,0.7472555555555556,0.0728476821192053,,,,,4,2,0,0.5,13,4,2026-08-26,824878,663586
Jordan Walker,STL,R,Kyle Bradish,R,STL,BAL,H,mlb_schedule,0.1973130356177834,407,0,,,,,0.1693130356177834,0.2413793103448276,0.0834845735027223,0.6751361161524501,4.0,0.9888620380855905,88.4,93.4,10.1,-5.201884556591548,0,84.0,13.0,5 MPH TOWARD HP,7:45 PM ET,Busch Stadium,27.0,4.0,1,5.0,4.239,0.0425531914893617,0.4893617021276595,0.3617021276595745,90.32555555555555,0.4053166666666666,0.6425033333333334,0.0122699386503067,3.7,0.9735576923076924,15.0,138.66666666666666,0,0,0,,19,9,2026-08-26,823015,691023
Kody Clemens,MIN,L,J.T. Ginn,R,ATH,ATH,A,mlb_schedule,0.1935007332940672,417,0,,,,,0.1655007332940672,0.2307692307692307,0.0726495726495726,0.6965811965811965,3.9,0.9904508279963229,99.6,97.6,7.2,5.595450922490191,0,76.0,0.0,6 MPH TOWARD OF,9:05 PM ET,Sutter Health Park,21.0,5.0,0,10.0,4.075,0.0232558139534883,0.4651162790697674,0.3488372093023256,89.61666666666666,0.4355144444444444,0.6810144444444445,0.036144578313253,,,,,4,0,0,0.0,16,6,2026-08-26,824963,665019
CJ Abrams,WSH,L,Tanner Gordon,R,WSH,COL,H,mlb_schedule,0.1929243010343748,418,0,,,,,0.1649243010343748,0.2338858195211786,0.1086556169429097,0.6574585635359116,4.3,0.9900168776687795,93.0,86.3,9.3,5.46640284632,0,91.0,1.0,5 MPH TOWARD OF,6:45 PM ET,Nationals Park,29.0,1.0,0,15.0,4.091,0.025,0.375,0.1,87.68111111111111,0.3706666666666667,0.4897166666666666,0.06,,,,,6,0,0,0.0,23,6,2026-08-26,822692,682928
Kyle Schwarber,PHI,L,Bryan Woo,R,SEA,SEA,A,mlb_schedule,0.1922461142071456,420,0,,,,,0.1642461142071457,0.3327464788732394,0.1566901408450704,0.51056338028169,4.3,0.9536878675208972,99.6,76.4,6.7,4.56938901241874,0,89.0,1.0,5 MPH TOWARD OF,4:10 PM ET,T-Mobile Park,40.0,1.0,1,3.0,2.957,0.0681818181818181,0.4545454545454545,0.3636363636363636,89.86444444444444,0.4314166666666666,0.7314666666666666,0.0377358490566037,4.1,0.9759036144578312,15.0,138.33333333333334,6,2,0,0.333,27,13,2026-08-26,823096,656941
Mike Trout,LAA,R,Joey Cantillo,L,LAA,CLE,H,mlb_schedule,0.1918554224130985,421,0,,,,,0.1638554224130985,0.2534381139489194,0.1866404715127701,0.5599214145383105,4.2,0.9681707070648136,100.9,100.3,8.1,3.164922140763117,0,89.0,1.0,3 MPH TOWARD OF,4:07 PM ET,Angel Stadium,20.0,2.0,0,16.0,5.01,0.054054054054054,0.3513513513513513,0.3513513513513513,86.17477777777778,0.4071166666666667,0.6224577777777777,0.0350877192982456,,,,,8,2,0,0.25,15,5,2026-08-26,823988,545361
Abimelec Ortiz,WSH,L,Tanner Gordon,R,WSH,COL,H,mlb_schedule,0.1879461167441569,432,0,,,,,0.1599461167441569,0.22,0.08,0.7000000000000001,4.2,0.9936333750066674,93.0,86.3,9.3,5.46640284632,0,91.0,1.0,5 MPH TOWARD OF,6:45 PM ET,Nationals Park,,2.0,0,10.0,4.091,0.088235294117647,0.4705882352941176,0.4117647058823529,93.08166666666666,0.4874,0.7925666666666668,0.06,,,,,0,0,0,,5,0,2026-08-26,822692,694673
Corey Seager,TEX,L,Sean Burke,R,CWS,CWS,A,mlb_schedule,0.1879461167441569,432,0,,,,,0.1599461167441569,0.22,0.08,0.7000000000000001,4.2,0.9936333750066674,103.4,85.1,11.2,8.323222045346816,0,90.0,14.0,8 MPH TOWARD OF,7:40 PM ET,Rate Field,,2.0,1,6.0,3.689,0.0638297872340425,0.5319148936170213,0.3404255319148936,92.4387777777778,0.4442133333333333,0.7008177777777777,0.0419580419580419,3.27,1.047945205479452,17.0,146.0,0,0,0,,10,3,2026-08-26,824555,608369
Spencer Jones,NYY,L,Peter Lambert,R,NYY,HOU,H,mlb_schedule,0.1860504458227451,437,0,,,,,0.1580504458227451,0.22,0.08,0.7000000000000001,3.7,0.9883761862532516,104.0,84.1,7.6,4.359180916267951,0,85.0,0.0,4 MPH TOWARD OF,7:05 PM ET,Yankee Stadium,,6.0,1,5.0,3.732,0.0625,0.5,0.40625,93.76611111111112,0.4155666666666667,0.65705,0.0405405405405405,,,,,0,0,0,,7,2,2026-08-26,823506,682987
Bryce Harper,PHI,L,Bryan Woo,R,SEA,SEA,A,mlb_schedule,0.1855585391890526,439,0,,,,,0.1575585391890527,0.2081128747795414,0.1675485008818342,0.6243386243386244,4.1,0.9819421586709453,99.6,76.4,6.7,4.56938901241874,0,89.0,1.0,5 MPH TOWARD OF,4:10 PM ET,T-Mobile Park,27.0,3.0,1,4.0,2.957,0.025,0.4,0.3,89.69222222222221,0.3665166666666666,0.5592388888888888,0.0377358490566037,4.1,0.9759036144578312,15.0,138.33333333333334,6,0,0,0.0,22,4,2026-08-26,823096,547180
Dillon Dingler,DET,R,Freddy Peralta,R,DET,TB,H,mlb_schedule,0.1848458420936252,441,0,,,,,0.1568458420936253,0.2224371373307543,0.0889748549323017,0.688588007736944,3.9,0.989431635137532,104.4,83.3,13.2,11.544980134240022,0,94.0,43.0,12 MPH TOWARD OF,1:10 PM ET,Comerica Park,,5.0,0,,4.003,0.0392156862745098,0.3333333333333333,0.392156862745098,88.17355555555557,0.3463666666666666,0.5278277777777778,0.0657894736842105,5.33,1.4666666666666668,22.0,135.0,6,2,2,0.333,24,5,2026-08-26,824234,693307
Dylan Crews,WSH,R,Tanner Gordon,R,WSH,COL,H,mlb_schedule,0.1846534359199522,442,0,,,,,0.1566534359199523,0.22,0.08,0.7000000000000001,4.1,0.9928187979804218,92.4,86.3,9.3,5.46640284632,0,91.0,1.0,5 MPH TOWARD OF,6:45 PM ET,Nationals Park,,3.0,0,15.0,4.091,0.024390243902439,0.4390243902439024,0.2926829268292683,90.4488888888889,0.3882111111111111,0.5678,0.06,,,,,0,0,0,,5,5,2026-08-26,822692,686611
Gunnar Henderson,BAL,L,Michael McGreevy,R,STL,STL,A,mlb_schedule,0.1837705464701808,444,0,,,,,0.1557705464701808,0.2212837837837837,0.1081081081081081,0.6706081081081081,4.1,0.9894652821360279,81.1,93.4,10.1,-5.201884556591548,0,84.0,13.0,5 MPH TOWARD HP,7:45 PM ET,Busch Stadium,20.0,3.0,0,12.0,4.247,0.0,0.4666666666666667,0.2,91.72944444444444,0.4025222222222222,0.5689277777777779,0.0404624277456647,3.54,1.1796116504854368,18.0,137.33333333333334,0,0,0,,14,7,2026-08-26,823015,683002
Pete Crow-Armstrong,CHC,L,Eduardo Rodriguez,L,AZ,AZ,A,mlb_schedule,0.1826781562040455,447,0,,,,,0.1546781562040455,0.2613827993254637,0.1382799325463743,0.6003372681281618,4.3,0.9806231710118398,84.1,116.2,0.0,0.0,1,26.0,3.0,DOME,3:40 PM ET,Chase Field,,1.0,1,,3.837,0.0909090909090909,0.4318181818181818,0.4318181818181818,89.82111111111112,0.3512777777777778,0.5648055555555556,0.0253807106598984,2.61,0.8129032258064516,14.0,155.0,4,0,0,0.0,24,9,2026-08-26,825039,691718
Alec Burleson,STL,L,Kyle Bradish,R,STL,BAL,H,mlb_schedule,0.182562015574679,448,0,,,,,0.154562015574679,0.1672661870503597,0.0935251798561151,0.7392086330935252,4.1,0.9959560836479773,81.1,93.4,10.1,-5.201884556591548,0,84.0,13.0,5 MPH TOWARD HP,7:45 PM ET,Busch Stadium,21.0,3.0,0,10.0,4.239,0.024390243902439,0.5121951219512195,0.2195121951219512,94.09222222222223,0.4284944444444444,0.6411722222222223,0.0122699386503067,3.7,0.9735576923076924,15.0,138.66666666666666,4,2,0,0.5,18,3,2026-08-26,823015,676475
Kyle Stowers,MIA,L,Sonny Gray,R,MIA,BOS,H,mlb_schedule,0.1814581054106561,451,0,,,,,0.1534581054106561,0.22,0.08,0.7000000000000001,4.3,0.9943555530543188,91.5,90.5,0.0,0.0,1,91.0,23.0,DOME,6:40 PM ET,loanDepot Park,,1.0,0,26.0,3.934,0.0256410256410256,0.5641025641025641,0.4871794871794871,94.06222222222225,0.4064555555555555,0.6504222222222222,0.0290697674418604,2.79,0.9735576923076924,15.0,138.66666666666666,4,2,0,0.5,15,1,2026-08-26,823825,669065
Jazz Chisholm Jr.,NYY,L,Peter Lambert,R,NYY,HOU,H,mlb_schedule,0.1811810153141157,452,0,,,,,0.1531810153141157,0.301255230125523,0.102510460251046,0.5962343096234309,3.6,0.9617997781926622,104.0,84.1,7.6,4.359180916267951,0,85.0,0.0,4 MPH TOWARD OF,7:05 PM ET,Yankee Stadium,18.0,7.0,1,3.0,3.732,0.064516129032258,0.4193548387096774,0.4193548387096774,89.20277777777778,0.3193,0.4701888888888889,0.0405405405405405,,,,,4,2,0,0.5,13,5,2026-08-26,823506,665862
Lawrence Butler,ATH,L,Connor Prielipp,L,ATH,MIN,H,mlb_schedule,0.1807690356616967,453,0,,,,,0.1527690356616967,0.2560386473429952,0.1207729468599033,0.6231884057971014,4.1,0.9817143899214009,99.6,97.6,7.2,5.595450922490191,0,76.0,0.0,6 MPH TOWARD OF,9:05 PM ET,Sutter Health Park,11.0,3.0,0,10.0,3.421,0.0465116279069767,0.4186046511627907,0.3255813953488372,89.97222222222221,0.3931222222222222,0.5985722222222222,0.0526315789473684,,,,,0,0,0,,9,3,2026-08-26,824963,671732
Griffin Conine,MIA,L,Sonny Gray,R,MIA,BOS,H,mlb_schedule,0.1802821162221146,455,0,,,,,0.1522821162221146,0.22,0.08,0.7000000000000001,4.2,0.9936333750066674,91.5,90.5,0.0,0.0,1,91.0,23.0,DOME,6:40 PM ET,loanDepot Park,,2.0,1,8.0,3.934,0.032258064516129,0.5483870967741935,0.3548387096774194,95.51833333333332,0.4628666666666667,0.7606777777777778,0.0290697674418604,2.79,0.9735576923076924,15.0,138.66666666666666,0,0,0,,14,1,2026-08-26,823825,665052
JJ Wetherholt,STL,L,Kyle Bradish,R,STL,BAL,H,mlb_schedule,0.1798700306299104,456,0,,,,,0.1518700306299104,0.1623036649214659,0.1361256544502617,0.7015706806282722,4.3,0.9944815336305228,81.1,93.4,10.1,-5.201884556591548,0,84.0,13.0,5 MPH TOWARD HP,7:45 PM ET,Busch Stadium,17.0,1.0,1,4.0,4.239,0.0222222222222222,0.5333333333333333,0.4,93.06333333333332,0.4303666666666667,0.6879388888888889,0.0122699386503067,3.7,0.9735576923076924,15.0,138.66666666666666,0,0,0,,11,6,2026-08-26,823015,802139
Junior Caminero,TB,R,Troy Melton,R,DET,DET,A,mlb_schedule,0.1798700306299104,456,0,,,,,0.1518700306299104,0.1826086956521739,0.1217391304347826,0.6956521739130435,4.1,0.992382405748686,104.4,83.3,13.2,11.544980134240022,0,94.0,43.0,12 MPH TOWARD OF,1:10 PM ET,Comerica Park,,3.0,0,,3.729,0.0,0.4680851063829787,0.2127659574468085,92.26933333333334,0.2964911111111111,0.4130055555555555,0.0202702702702702,,,,,8,2,0,0.25,28,7,2026-08-26,824234,691406
Samuel Basallo,BAL,L,Michael McGreevy,R,STL,STL,A,mlb_schedule,0.17934322381581239,458,0,,,,,0.1513432238158124,0.22,0.08,0.7000000000000001,4.0,0.9919,81.1,93.4,10.1,-5.201884556591548,0,84.0,13.0,5 MPH TOWARD HP,7:45 PM ET,Busch Stadium,,4.0,1,4.0,4.247,0.054054054054054,0.5135135135135135,0.2972972972972973,90.36666666666666,0.4647,0.8009888888888888,0.0404624277456647,3.54,1.1796116504854368,18.0,137.33333333333334,0,0,0,,17,2,2026-08-26,823015,694212
Tim Tawa,AZ,R,Matthew Boyd,L,AZ,CHC,H,mlb_schedule,0.1792857217940966,458,0,,,,,0.1512857217940966,0.22,0.08,0.7000000000000001,3.9,0.9908636465286554,97.4,116.2,0.0,0.0,1,26.0,3.0,DOME,3:40 PM ET,Chase Field,,5.0,1,,2.35,0.025,0.55,0.25,91.65833333333332,0.5115166666666666,0.7474500000000001,0.0578947368421052,,,,,0,0,0,,8,0,2026-08-26,825039,694374
Corbin Carroll,AZ,L,Matthew Boyd,L,AZ,CHC,H,mlb_schedule,0.1785674823176185,460,0,,,,,0.1505674823176185,0.2160714285714285,0.1321428571428571,0.6517857142857143,4.2,0.9880942802811324,84.1,116.2,0.0,0.0,1,26.0,3.0,DOME,3:40 PM ET,Chase Field,,2.0,0,,2.35,0.0212765957446808,0.425531914893617,0.2553191489361702,89.72666666666667,0.31852,0.4537977777777778,0.0578947368421052,,,,,10,0,0,0.0,14,5,2026-08-26,825039,682998
Zach Neto,LAA,R,Joey Cantillo,L,LAA,CLE,H,mlb_schedule,0.1776925850660496,463,0,,,,,0.1496925850660496,0.3067590987868284,0.1039861351819757,0.5892547660311958,4.3,0.9782047481750172,100.9,100.3,8.1,3.164922140763117,0,89.0,1.0,3 MPH TOWARD OF,4:07 PM ET,Angel Stadium,22.0,1.0,1,3.0,5.01,0.0208333333333333,0.4375,0.3125,86.68422222222222,0.29863,0.4396244444444444,0.0350877192982456,,,,,6,0,0,0.0,16,6,2026-08-26,823988,687263
Luis García Jr.,NYY,L,Peter Lambert,R,NYY,HOU,H,mlb_schedule,0.1775985604192363,463,0,,,,,0.1495985604192363,0.1651785714285714,0.0491071428571428,0.7857142857142857,4.1,0.9981925254204144,104.0,84.1,7.6,4.359180916267951,0,85.0,0.0,4 MPH TOWARD OF,7:05 PM ET,Yankee Stadium,27.0,3.0,1,4.0,3.732,0.0212765957446808,0.5106382978723404,0.2765957446808511,92.6211111111111,0.3849111111111111,0.5913555555555555,0.0405405405405405,,,,,10,4,0,0.4,24,3,2026-08-26,823506,671277
Carson Benge,NYM,L,Dustin May,R,NYM,MIL,H,mlb_schedule,0.1747243729841699,472,0,,,,,0.1467243729841699,0.2111324376199616,0.0844529750479846,0.7044145873320538,4.0,0.9923663544590013,95.0,83.7,11.4,8.73290665155635,0,87.0,0.0,9 MPH TOWARD OF,7:10 PM ET,Citi Field,16.0,4.0,1,4.0,3.355,0.0,0.4468085106382978,0.3191489361702128,89.20044444444444,0.3945499999999999,0.5853622222222222,0.0305343511450381,,,,,6,0,0,0.0,11,5,2026-08-26,823584,701807
Dylan Beavers,BAL,L,Michael McGreevy,R,STL,STL,A,mlb_schedule,0.1740504970065073,475,0,,,,,0.1460504970065073,0.22,0.08,0.7000000000000001,3.7,0.9883761862532517,81.1,93.4,10.1,-5.201884556591548,0,84.0,13.0,5 MPH TOWARD HP,7:45 PM ET,Busch Stadium,,6.0,1,5.0,4.247,0.0689655172413793,0.5172413793103449,0.3793103448275862,91.36444444444444,0.5053555555555556,0.7993111111111111,0.0404624277456647,3.54,1.1796116504854368,18.0,137.33333333333334,0,0,0,,6,0,2026-08-26,823015,687637
Christian Encarnacion-Strand,BAL,R,Michael McGreevy,R,STL,STL,A,mlb_schedule,0.1740504970065073,475,0,,,,,0.1460504970065073,0.22,0.08,0.7000000000000001,3.9,0.9908636465286554,88.4,93.4,10.1,-5.201884556591548,0,84.0,13.0,5 MPH TOWARD HP,7:45 PM ET,Busch Stadium,,5.0,1,9.0,4.247,0.027027027027027,0.4054054054054054,0.3243243243243243,89.76722222222223,0.4220222222222222,0.6805277777777777,0.0404624277456647,3.54,1.1796116504854368,18.0,137.33333333333334,0,0,0,,2,5,2026-08-26,823015,687952
William Contreras,MIL,R,Robert Stock,R,NYM,NYM,A,mlb_schedule,0.1734082610104849,477,0,,,,,0.1454082610104849,0.1366223908918406,0.1005692599620493,0.7628083491461101,3.9,0.9963449977267791,95.6,83.7,11.4,8.73290665155635,0,87.0,0.0,9 MPH TOWARD OF,7:10 PM ET,Citi Field,12.0,5.0,0,11.0,,0.0816326530612244,0.5306122448979592,0.3265306122448979,93.12133333333334,0.4030022222222222,0.6570833333333332,0.0666666666666666,,,,,0,0,0,,12,3,2026-08-26,823584,661388
Trent Grisham,NYY,L,Peter Lambert,R,NYY,HOU,H,mlb_schedule,0.1734082610104849,477,0,,,,,0.1454082610104849,0.1785714285714285,0.1272321428571428,0.6941964285714286,4.3,0.9938708114926268,104.0,84.1,7.6,4.359180916267951,0,85.0,0.0,4 MPH TOWARD OF,7:05 PM ET,Yankee Stadium,18.0,1.0,1,3.0,3.732,0.05,0.525,0.35,89.87333333333335,0.4217722222222222,0.6593277777777778,0.0405405405405405,,,,,4,0,0,0.0,15,3,2026-08-26,823506,663757
Mickey Moniak,COL,L,Matt Waldron,R,WSH,WSH,A,mlb_schedule,0.1729961754182808,478,0,,,,,0.1449961754182808,0.22,0.08,0.7000000000000001,3.7,0.9883761862532516,93.0,86.3,9.3,5.46640284632,0,91.0,1.0,5 MPH TOWARD OF,6:45 PM ET,Nationals Park,,6.0,1,4.0,5.157,0.0277777777777777,0.4444444444444444,0.4444444444444444,90.45499999999998,0.3054777777777778,0.4507388888888889,0.0634920634920634,,,,,10,4,2,0.4,18,3,2026-08-26,822692,666160
Jose Siri,LAA,R,Joey Cantillo,L,LAA,CLE,H,mlb_schedule,0.1724267760450391,480,0,,,,,0.1444267760450391,0.22,0.08,0.7000000000000001,3.9,0.9908636465286554,100.9,100.3,8.1,3.164922140763117,0,89.0,1.0,3 MPH TOWARD OF,4:07 PM ET,Angel Stadium,,5.0,0,17.0,5.01,0.0416666666666666,0.5833333333333334,0.4166666666666667,97.08,0.6400666666666666,1.1065111111111112,0.0350877192982456,,,,,4,2,0,0.5,2,5,2026-08-26,823988,642350
Rafael Flores Jr.,PIT,R,Randy Vásquez,R,SD,SD,A,mlb_schedule,0.1717852159992209,482,0,,,,,0.1437852159992209,0.22,0.08,0.7000000000000001,3.5,0.9852114909473604,101.7,,,,0,,,CALM,4:10 PM ET,Petco Park,,8.0,1,7.0,4.441,0.064516129032258,0.5161290322580645,0.4838709677419355,90.96055555555556,0.4372388888888889,0.7015611111111111,0.0291970802919708,,,,,0,0,0,,3,3,2026-08-26,823255,804668
Julio Rodríguez,SEA,R,Jesús Luzardo,L,SEA,PHI,H,mlb_schedule,0.171207444885003,484,0,,,,,0.1432074448850031,0.220754716981132,0.0849056603773584,0.6943396226415094,4.1,0.9922468087981277,103.4,76.4,6.7,4.56938901241874,0,89.0,1.0,5 MPH TOWARD OF,4:10 PM ET,T-Mobile Park,20.0,3.0,0,14.0,3.401,0.05,0.475,0.275,91.58533333333334,0.4419344444444444,0.6079566666666667,0.0208333333333333,3.23,0.8076923076923077,14.0,156.0,14,6,2,0.429,12,9,2026-08-26,823096,677594
Seiya Suzuki,CHC,R,Eduardo Rodriguez,L,AZ,AZ,A,mlb_schedule,0.1696635274363599,489,0,,,,,0.14166352743636,0.2544378698224852,0.1282051282051282,0.6173570019723866,4.2,0.9823097554554036,97.4,116.2,0.0,0.0,1,26.0,3.0,DOME,3:40 PM ET,Chase Field,,2.0,0,,3.837,0.0232558139534883,0.2790697674418604,0.3720930232558139,81.66855555555554,0.3538444444444444,0.5484333333333333,0.0253807106598984,2.61,0.8129032258064516,14.0,155.0,6,4,2,0.667,15,7,2026-08-26,825039,673548
Alec Bohm,PHI,R,Bryan Woo,R,SEA,SEA,A,mlb_schedule,0.1683121719246419,494,0,,,,,0.1403121719246419,0.1373307543520309,0.081237911025145,0.7814313346228239,3.9,0.9973429923090374,103.4,76.4,6.7,4.56938901241874,0,89.0,1.0,5 MPH TOWARD OF,4:10 PM ET,T-Mobile Park,14.0,5.0,0,10.0,2.957,0.0363636363636363,0.4545454545454545,0.3090909090909091,89.39644444444444,0.4228744444444444,0.6481433333333334,0.0377358490566037,4.1,0.9759036144578312,15.0,138.33333333333334,6,2,0,0.333,8,6,2026-08-26,823096,664761
Francisco Lindor,NYM,R,Dustin May,R,NYM,MIL,H,mlb_schedule,0.1676562085000965,496,0,,,,,0.1396562085000965,0.22,0.08,0.7000000000000001,4.2,0.9936333750066674,95.6,83.7,11.4,8.73290665155635,0,87.0,0.0,9 MPH TOWARD OF,7:10 PM ET,Citi Field,,2.0,0,12.0,3.355,0.03125,0.40625,0.4375,87.435,0.2552388888888889,0.3953611111111111,0.0305343511450381,,,,,10,2,2,0.2,8,5,2026-08-26,823584,596019
Kyle Tucker,LAD,L,AJ Smith-Shawver,R,ATL,ATL,A,mlb_schedule,0.1672172118464608,498,0,,,,,0.1392172118464608,0.1843137254901961,0.1254901960784313,0.6901960784313725,3.7,0.9869075305205139,98.1,89.2,8.1,-3.294566808913982,0,85.0,12.0,3 MPH TOWARD HP,7:15 PM ET,Truist Park,11.0,6.0,0,18.0,,0.0,0.3404255319148936,0.3617021276595745,87.92455555555556,0.2323588888888889,0.3016633333333333,0.0285714285714285,,,,,0,0,0,,9,2,2026-08-26,824878,663656
Brandon Nimmo,TEX,L,Sean Burke,R,CWS,CWS,A,mlb_schedule,0.1671766417948776,498,0,,,,,0.1391766417948776,0.2156133828996282,0.0910780669144981,0.6933085501858736,4.0,0.9911527831092785,103.4,85.1,11.2,8.323222045346816,0,90.0,14.0,8 MPH TOWARD OF,7:40 PM ET,Rate Field,13.0,4.0,0,17.0,3.689,0.0,0.5111111111111111,0.3111111111111111,92.5761111111111,0.3200833333333333,0.4412388888888889,0.0419580419580419,3.27,1.047945205479452,17.0,146.0,0,0,0,,9,5,2026-08-26,824555,607043
Hunter Feduccia,LAD,L,AJ Smith-Shawver,R,ATL,ATL,A,mlb_schedule,0.166945323737559,499,0,,,,,0.138945323737559,0.22,0.08,0.7000000000000001,3.4,0.9833193770346799,98.1,89.2,8.1,-3.294566808913982,0,85.0,12.0,3 MPH TOWARD HP,7:15 PM ET,Truist Park,,9.0,0,14.0,,0.0,0.4375,0.40625,90.98,0.4227777777777778,0.5952333333333333,0.0285714285714285,,,,,0,0,0,,3,0,2026-08-26,824878,676439
Colton Cowser,BAL,L,Michael McGreevy,R,STL,STL,A,mlb_schedule,0.1663964210328994,501,0,,,,,0.1383964210328994,0.22,0.08,0.7000000000000001,3.5,0.9852114909473605,81.1,93.4,10.1,-5.201884556591548,0,84.0,13.0,5 MPH TOWARD HP,7:45 PM ET,Busch Stadium,,8.0,1,3.0,4.247,0.0357142857142857,0.5,0.3571428571428571,89.38222222222223,0.4381333333333333,0.6908333333333334,0.0404624277456647,3.54,1.1796116504854368,18.0,137.33333333333334,0,0,0,,11,2,2026-08-26,823015,681297
Randy Arozarena,SEA,R,Jesús Luzardo,L,SEA,PHI,H,mlb_schedule,0.1659121411436473,503,0,,,,,0.1379121411436474,0.2129629629629629,0.1351851851851851,0.6518518518518518,4.2,0.9881037748355544,103.4,76.4,6.7,4.56938901241874,0,89.0,1.0,5 MPH TOWARD OF,4:10 PM ET,T-Mobile Park,20.0,2.0,1,3.0,3.401,0.0454545454545454,0.4090909090909091,0.3181818181818182,88.82488888888889,0.4257588888888889,0.6138688888888889,0.0208333333333333,3.23,0.8076923076923077,14.0,156.0,20,4,0,0.2,16,6,2026-08-26,823096,668227
Hunter Goodman,COL,R,Matt Waldron,R,WSH,WSH,A,mlb_schedule,0.1650497362668068,506,0,,,,,0.1370497362668069,0.3297413793103448,0.0926724137931034,0.5775862068965518,4.1,0.970790362163783,92.4,86.3,9.3,5.46640284632,0,91.0,1.0,5 MPH TOWARD OF,6:45 PM ET,Nationals Park,35.0,3.0,1,17.0,5.157,0.0294117647058823,0.4411764705882353,0.5,88.83200000000001,0.3912888888888888,0.5555333333333333,0.0634920634920634,,,,,4,0,0,0.0,27,9,2026-08-26,822692,696100
Nolan Arenado,AZ,R,Matthew Boyd,L,AZ,CHC,H,mlb_schedule,0.1639689316066253,510,0,,,,,0.1359689316066253,0.2086776859504132,0.1033057851239669,0.6880165289256198,4.0,0.9905261535261222,97.4,116.2,0.0,0.0,1,26.0,3.0,DOME,3:40 PM ET,Chase Field,,4.0,1,,2.35,0.0222222222222222,0.2666666666666666,0.4222222222222222,84.25277777777777,0.2626611111111111,0.3961166666666667,0.0578947368421052,,,,,18,4,0,0.222,15,7,2026-08-26,825039,571448
Ronald Acuña Jr.,ATL,R,Roki Sasaki,R,ATL,LAD,H,mlb_schedule,0.1634035902836572,512,0,,,,,0.1354035902836572,0.22,0.08,0.7000000000000001,4.2,0.9936333750066674,92.8,89.2,8.1,-3.294566808913982,0,85.0,12.0,3 MPH TOWARD HP,7:15 PM ET,Truist Park,,2.0,0,11.0,4.566,0.0232558139534883,0.4186046511627907,0.2325581395348837,87.92644444444446,0.3843222222222222,0.53582,0.0728476821192053,,,,,0,0,0,,9,4,2026-08-26,824878,660670
Jac Caglianone,KC,L,Spencer Miles,R,TOR,TOR,A,mlb_schedule,0.1632028541956153,513,0,,,,,0.1352028541956153,0.2601279317697228,0.0724946695095948,0.6673773987206824,4.1,0.9890351625417004,108.2,75.2,10.1,-6.888183436631233,0,95.0,1.0,7 MPH TOWARD HP,7:07 PM ET,Rogers Centre,22.0,3.0,0,12.0,3.42,0.0,0.5319148936170213,0.2340425531914893,94.64133333333334,0.5073411111111111,0.7846877777777778,0.0,,,,,0,0,0,,15,7,2026-08-26,822772,695506
Andrés Chaparro,WSH,R,Tanner Gordon,R,WSH,COL,H,mlb_schedule,0.162570158680615,515,0,,,,,0.1345701586806151,0.22,0.08,0.7000000000000001,3.9,0.9908636465286554,92.4,86.3,9.3,5.46640284632,0,91.0,1.0,5 MPH TOWARD OF,6:45 PM ET,Nationals Park,,5.0,1,7.0,4.091,0.0333333333333333,0.4333333333333333,0.2333333333333333,88.56388888888888,0.3871888888888888,0.6035,0.06,,,,,4,2,0,0.5,3,5,2026-08-26,822692,665953
Fernando Tatis Jr.,SD,R,Bubba Chandler,R,SD,PIT,H,mlb_schedule,0.1622700530841051,516,0,,,,,0.1342700530841051,0.1833910034602076,0.102076124567474,0.7145328719723183,4.3,0.9954407725903502,101.7,,,,0,,,CALM,4:10 PM ET,Petco Park,17.0,1.0,1,3.0,4.752,0.037037037037037,0.5925925925925926,0.2962962962962963,95.86044444444444,0.5235855555555555,0.8160911111111112,0.0124223602484472,,,,,4,0,0,0.0,10,7,2026-08-26,823255,665487
Oneil Cruz,PIT,L,Randy Vásquez,R,SD,SD,A,mlb_schedule,0.1620637645986015,517,0,,,,,0.1340637645986016,0.22,0.08,0.7000000000000001,3.9,0.9908636465286554,87.8,,,,0,,,CALM,4:10 PM ET,Petco Park,,5.0,1,5.0,4.441,0.125,0.5,0.34375,94.9088888888889,0.6753666666666667,1.11965,0.0291970802919708,,,,,8,6,0,0.75,14,4,2026-08-26,823255,665833
Luis Robert Jr.,NYM,R,Dustin May,R,NYM,MIL,H,mlb_schedule,0.1619212374255613,518,0,,,,,0.1339212374255613,0.22,0.08,0.7000000000000001,3.7,0.9883761862532517,95.6,83.7,11.4,8.73290665155635,0,87.0,0.0,9 MPH TOWARD OF,7:10 PM ET,Citi Field,,6.0,1,4.0,3.355,0.0,0.3863636363636363,0.3181818181818182,91.1078888888889,0.4665722222222222,0.7166755555555555,0.0305343511450381,,,,,0,0,0,,6,4,2026-08-26,823584,673357
Daylen Lile,WSH,L,Tanner Gordon,R,WSH,COL,H,mlb_schedule,0.1617010777193609,518,0,,,,,0.1337010777193609,0.1934306569343065,0.0675182481751824,0.7390510948905109,4.0,0.9953631620750614,93.0,86.3,9.3,5.46640284632,0,91.0,1.0,5 MPH TOWARD OF,6:45 PM ET,Nationals Park,17.0,4.0,0,19.0,4.091,0.0666666666666666,0.4222222222222222,0.4666666666666667,88.35833333333333,0.4026944444444444,0.6287944444444444,0.06,,,,,0,0,0,,17,1,2026-08-26,822692,695734
Brett Baty,NYM,L,Dustin May,R,NYM,MIL,H,mlb_schedule,0.1613012436003955,520,0,,,,,0.1333012436003955,0.22,0.08,0.7000000000000001,3.6,0.9868889788795845,95.0,83.7,11.4,8.73290665155635,0,87.0,0.0,9 MPH TOWARD OF,7:10 PM ET,Citi Field,,7.0,0,16.0,3.355,0.0333333333333333,0.5666666666666667,0.4333333333333333,92.16222222222224,0.3686777777777778,0.5789888888888888,0.0305343511450381,,,,,14,4,0,0.286,8,0,2026-08-26,823584,683146
Willi Castro,COL,R,Matt Waldron,R,WSH,WSH,A,mlb_schedule,0.1609231698096017,521,0,,,,,0.1329231698096017,0.2711111111111111,0.0933333333333333,0.6355555555555555,3.9,0.9804852854226848,92.4,86.3,9.3,5.46640284632,0,91.0,1.0,5 MPH TOWARD OF,6:45 PM ET,Nationals Park,15.0,5.0,1,8.0,5.157,0.0,0.5483870967741935,0.2580645161290322,87.42722222222223,0.3703,0.5113,0.0634920634920634,,,,,6,4,0,0.667,12,4,2026-08-26,822692,650489
Jimmy Crooks,STL,L,Kyle Bradish,R,STL,BAL,H,mlb_schedule,0.1607823532884668,522,0,,,,,0.1327823532884668,0.22,0.08,0.7000000000000001,3.4,0.9833193770346799,81.1,93.4,10.1,-5.201884556591548,0,84.0,13.0,5 MPH TOWARD HP,7:45 PM ET,Busch Stadium,,9.0,0,23.0,4.239,0.0294117647058823,0.3823529411764705,0.4705882352941176,91.01,0.2935222222222222,0.4621666666666666,0.0122699386503067,3.7,0.9735576923076924,15.0,138.66666666666666,0,0,0,,3,1,2026-08-26,823015,699625
Spencer Torkelson,DET,R,Freddy Peralta,R,DET,TB,H,mlb_schedule,0.1607389104533908,522,0,,,,,0.1327389104533908,0.3099415204678362,0.1208576998050682,0.5692007797270956,3.6,0.9517619580502088,104.4,83.3,13.2,11.544980134240022,0,94.0,43.0,12 MPH TOWARD OF,1:10 PM ET,Comerica Park,,7.0,0,,4.003,0.03125,0.375,0.25,87.85833333333333,0.3201722222222222,0.4885888888888889,0.0657894736842105,5.33,1.4666666666666668,22.0,135.0,8,0,0,0.0,17,3,2026-08-26,824234,679529
Brice Turang,MIL,L,Robert Stock,R,NYM,NYM,A,mlb_schedule,0.1605405381272577,523,0,,,,,0.1325405381272577,0.2486486486486486,0.1261261261261261,0.6252252252252253,4.1,0.9821162560787079,95.0,83.7,11.4,8.73290665155635,0,87.0,0.0,9 MPH TOWARD OF,7:10 PM ET,Citi Field,16.0,3.0,0,26.0,,0.0,0.425,0.25,89.3488888888889,0.4240333333333333,0.5992944444444444,0.0666666666666666,,,,,0,0,0,,16,1,2026-08-26,823584,668930
Francisco Alvarez,NYM,R,Dustin May,R,NYM,MIL,H,mlb_schedule,0.160220020141462,524,0,,,,,0.132220020141462,0.22,0.08,0.7000000000000001,3.4,0.9833193770346799,95.6,83.7,11.4,8.73290665155635,0,87.0,0.0,9 MPH TOWARD OF,7:10 PM ET,Citi Field,,9.0,0,17.0,3.355,0.0333333333333333,0.4,0.2666666666666666,90.06166666666667,0.3778055555555556,0.5809055555555555,0.0305343511450381,,,,,8,4,0,0.5,11,2,2026-08-26,823584,682626
Jonathan Aranda,TB,L,Troy Melton,R,DET,DET,A,mlb_schedule,0.1595002615938791,527,0,,,,,0.1315002615938791,0.2352941176470588,0.1194295900178253,0.6452762923351159,4.2,0.987131174745444,97.2,83.3,13.2,11.544980134240022,0,94.0,43.0,12 MPH TOWARD OF,1:10 PM ET,Comerica Park,,2.0,0,,3.729,0.0434782608695652,0.4347826086956521,0.4347826086956521,91.43288888888888,0.3604688888888889,0.51764,0.0202702702702702,,,,,2,0,0,0.0,15,2,2026-08-26,824234,666018
Ty France,SD,R,Bubba Chandler,R,SD,PIT,H,mlb_schedule,0.159373980396672,527,0,,,,,0.131373980396672,0.22,0.08,0.7000000000000001,4.0,0.9919,101.7,,,,0,,,CALM,4:10 PM ET,Petco Park,,4.0,1,5.0,4.752,0.0222222222222222,0.4222222222222222,0.3333333333333333,91.39333333333332,0.35725,0.6724055555555555,0.0124223602484472,,,,,0,0,0,,16,4,2026-08-26,823255,664034
Andrew Vaughn,MIL,R,Robert Stock,R,NYM,NYM,A,mlb_schedule,0.159373980396672,527,0,,,,,0.131373980396672,0.22,0.08,0.7000000000000001,3.6,0.9868889788795845,95.6,83.7,11.4,8.73290665155635,0,87.0,0.0,9 MPH TOWARD OF,7:10 PM ET,Citi Field,,7.0,0,22.0,,0.0,0.4166666666666667,0.1666666666666666,86.59222222222223,0.3068833333333333,0.3910388888888889,0.0666666666666666,,,,,0,0,0,,3,3,2026-08-26,823584,683734
Rafael Devers,SF,L,Nick Lodolo,L,SF,CIN,H,mlb_schedule,0.1591104802290655,528,0,,,,,0.1311104802290655,0.259391771019678,0.1055456171735241,0.6350626118067978,4.2,0.9855016990619234,77.2,,,,0,,,CALM,3:45 PM ET,Oracle Park,29.0,2.0,1,5.0,6.498,0.0238095238095238,0.4761904761904761,0.4047619047619047,93.39155555555556,0.2859311111111111,0.4365011111111111,0.0451612903225806,,,,,10,0,0,0.0,24,4,2026-08-26,823180,646240
Joc Pederson,TEX,L,Sean Burke,R,CWS,CWS,A,mlb_schedule,0.1582480419036926,532,0,,,,,0.1302480419036926,0.22,0.08,0.7000000000000001,4.3,0.9943555530543188,103.4,85.1,11.2,8.323222045346816,0,90.0,14.0,8 MPH TOWARD OF,7:40 PM ET,Rate Field,,1.0,0,15.0,3.689,0.0689655172413793,0.6206896551724138,0.4137931034482758,95.27333333333333,0.3883,0.6251777777777777,0.0419580419580419,3.27,1.047945205479452,17.0,146.0,4,0,0,0.0,22,1,2026-08-26,824555,592626
Mookie Betts,LAD,R,AJ Smith-Shawver,R,ATL,ATL,A,mlb_schedule,0.1581998061809535,532,0,,,,,0.1301998061809535,0.22,0.08,0.7000000000000001,4.1,0.9928187979804218,92.8,89.2,8.1,-3.294566808913982,0,85.0,12.0,3 MPH TOWARD HP,7:15 PM ET,Truist Park,,3.0,1,7.0,,0.0408163265306122,0.3877551020408163,0.2857142857142857,88.21266666666666,0.3125888888888888,0.4501822222222222,0.0285714285714285,,,,,0,0,0,,12,4,2026-08-26,824878,605141
Brandon Marsh,PHI,L,Bryan Woo,R,SEA,SEA,A,mlb_schedule,0.1578948880271611,533,0,,,,,0.1298948880271611,0.249496981891348,0.0643863179074446,0.6861167002012073,3.6,0.9845700131963856,99.6,76.4,6.7,4.56938901241874,0,89.0,1.0,5 MPH TOWARD OF,4:10 PM ET,T-Mobile Park,17.0,7.0,0,13.0,2.957,0.0465116279069767,0.4883720930232558,0.2558139534883721,87.39711111111112,0.40061,0.5827233333333334,0.0377358490566037,4.1,0.9759036144578312,15.0,138.33333333333334,6,0,0,0.0,14,3,2026-08-26,823096,669016
Wyatt Langford,TEX,R,Sean Burke,R,CWS,CWS,A,mlb_schedule,0.157881900015586,533,0,,,,,0.129881900015586,0.22,0.08,0.7000000000000001,4.1,0.9928187979804218,91.0,85.1,11.2,8.323222045346816,0,90.0,14.0,8 MPH TOWARD OF,7:40 PM ET,Rate Field,,3.0,0,11.0,3.689,0.0,0.4285714285714285,0.1904761904761904,89.15611111111112,0.3158888888888889,0.4295944444444444,0.0419580419580419,3.27,1.047945205479452,17.0,146.0,6,2,0,0.333,12,4,2026-08-26,824555,694671
Ezequiel Duran,TEX,R,Sean Burke,R,CWS,CWS,A,mlb_schedule,0.1570137213380725,537,0,,,,,0.1290137213380725,0.2368972746331236,0.0838574423480083,0.6792452830188679,3.9,0.9881402672694591,91.0,85.1,11.2,8.323222045346816,0,90.0,14.0,8 MPH TOWARD OF,7:40 PM ET,Rate Field,14.0,5.0,1,3.0,3.689,0.0,0.4615384615384615,0.3076923076923077,89.30022222222222,0.2618944444444445,0.3542633333333333,0.0419580419580419,3.27,1.047945205479452,17.0,146.0,0,0,0,,12,3,2026-08-26,824555,677649
Michael Busch,CHC,L,Eduardo Rodriguez,L,AZ,AZ,A,mlb_schedule,0.1568248526820745,538,0,,,,,0.1288248526820745,0.227891156462585,0.1479591836734693,0.6241496598639455,4.0,0.980044629732379,84.1,116.2,0.0,0.0,1,26.0,3.0,DOME,3:40 PM ET,Chase Field,,4.0,1,,3.837,0.0652173913043478,0.3695652173913043,0.3478260869565217,87.5041111111111,0.3849755555555555,0.5807677777777778,0.0253807106598984,2.61,0.8129032258064516,14.0,155.0,0,0,0,,11,6,2026-08-26,825039,683737
Eugenio Suárez,CIN,R,Logan Webb,R,SF,SF,A,mlb_schedule,0.1552890849091071,544,0,,,,,0.1272890849091071,0.22,0.08,0.7000000000000001,3.9,0.9908636465286554,91.7,,,,0,,,CALM,3:45 PM ET,Oracle Park,,5.0,0,13.0,3.174,0.0277777777777777,0.4166666666666667,0.3888888888888889,87.16388888888888,0.3858111111111111,0.56225,0.0260416666666666,3.75,0.6352941176470588,10.0,141.66666666666666,30,6,0,0.2,14,4,2026-08-26,823180,553993
Hao-Yu Lee,DET,R,Freddy Peralta,R,DET,TB,H,mlb_schedule,0.1538555506171857,550,0,,,,,0.1258555506171857,0.22,0.08,0.7000000000000001,3.4,0.98331937703468,104.4,83.3,13.2,11.544980134240022,0,94.0,43.0,12 MPH TOWARD OF,1:10 PM ET,Comerica Park,,9.0,1,,4.003,0.0625,0.40625,0.21875,88.18599999999999,0.3269644444444444,0.4524690476190476,0.0657894736842105,5.33,1.4666666666666668,22.0,135.0,0,0,0,,5,2,2026-08-26,824234,701678
Josh Bell,MIN,R,J.T. Ginn,R,ATH,ATH,A,mlb_schedule,0.1526389683938129,555,0,,,,,0.1246389683938129,0.2050290135396518,0.0889748549323017,0.7059961315280464,4.1,0.9933892994674456,113.3,97.6,7.2,5.595450922490191,0,76.0,0.0,6 MPH TOWARD OF,9:05 PM ET,Sutter Health Park,17.0,3.0,1,8.0,4.075,0.0277777777777777,0.4166666666666667,0.25,89.71166666666666,0.3445888888888889,0.4892,0.036144578313253,,,,,0,0,0,,12,5,2026-08-26,824963,605137
Freddie Freeman,LAD,L,AJ Smith-Shawver,R,ATL,ATL,A,mlb_schedule,0.1525559474727652,555,0,,,,,0.1245559474727652,0.1654545454545454,0.1072727272727272,0.7272727272727272,4.2,0.9957336155069245,98.1,89.2,8.1,-3.294566808913982,0,85.0,12.0,3 MPH TOWARD HP,7:15 PM ET,Truist Park,15.0,2.0,0,53.0,,0.0,0.3043478260869565,0.3043478260869565,87.57533333333332,0.371881111111111,0.6068833333333333,0.0285714285714285,,,,,0,0,0,,12,4,2026-08-26,824878,518692
Kazuma Okamoto,TOR,R,Randy Dobnak,R,TOR,KC,H,mlb_schedule,0.1525559474727652,555,0,,,,,0.1245559474727652,0.3034351145038167,0.0954198473282442,0.601145038167939,3.7,0.9666561689491793,106.3,75.2,10.1,-6.888183436631233,0,95.0,1.0,7 MPH TOWARD HP,7:07 PM ET,Rogers Centre,26.0,6.0,1,6.0,,0.0465116279069767,0.3488372093023256,0.3488372093023256,88.62944444444445,0.4111166666666666,0.6241888888888888,0.0185185185185185,,,,,0,0,0,,19,7,2026-08-26,822772,672960
Alek Thomas,LAD,L,AJ Smith-Shawver,R,ATL,ATL,A,mlb_schedule,0.1523678508215474,556,0,,,,,0.1243678508215474,0.22,0.08,0.7000000000000001,3.6,0.9868889788795845,98.1,89.2,8.1,-3.294566808913982,0,85.0,12.0,3 MPH TOWARD HP,7:15 PM ET,Truist Park,,7.0,0,123.0,,0.0256410256410256,0.4358974358974359,0.2307692307692307,89.32,0.3674,0.5153222222222221,0.0285714285714285,,,,,0,0,0,,3,1,2026-08-26,824878,677950
Christian Yelich,MIL,L,Robert Stock,R,NYM,NYM,A,mlb_schedule,0.1497993714754701,568,0,,,,,0.1217993714754701,0.22,0.08,0.7000000000000001,4.0,0.9919,95.0,83.7,11.4,8.73290665155635,0,87.0,0.0,9 MPH TOWARD OF,7:10 PM ET,Citi Field,,4.0,1,8.0,,0.05,0.55,0.125,88.90477777777778,0.4333122222222222,0.5970322222222222,0.0666666666666666,,,,,2,0,0,0.0,8,2,2026-08-26,823584,592885
Christian Moore,LAA,R,Joey Cantillo,L,LAA,CLE,H,mlb_schedule,0.1497993714754701,568,0,,,,,0.1217993714754701,0.22,0.08,0.7000000000000001,4.0,0.9919,100.9,100.3,8.1,3.164922140763117,0,89.0,1.0,3 MPH TOWARD OF,4:07 PM ET,Angel Stadium,,4.0,0,341.0,5.01,0.0,0.5294117647058824,0.3529411764705882,91.92777777777778,0.3760666666666666,0.5607619047619047,0.0350877192982456,,,,,0,0,0,,1,0,2026-08-26,823988,695681
Jarren Duran,BOS,L,Ryan Gusto,R,MIA,MIA,A,mlb_schedule,0.149733821664757,568,0,,,,,0.121733821664757,0.2821497120921305,0.0748560460652591,0.6429942418426103,3.6,0.9754737700750864,91.5,90.5,0.0,0.0,1,91.0,23.0,DOME,6:40 PM ET,loanDepot Park,18.0,7.0,1,7.0,,0.025,0.525,0.25,90.88533333333334,0.3212933333333333,0.4354933333333333,0.054054054054054,,,,,0,0,0,,16,2,2026-08-26,823825,680776
Zack Gelof,ATH,R,Connor Prielipp,L,ATH,MIN,H,mlb_schedule,0.1496674280754354,568,0,,,,,0.1216674280754354,0.22,0.08,0.7000000000000001,4.2,0.9936333750066674,113.3,97.6,7.2,5.595450922490191,0,76.0,0.0,6 MPH TOWARD OF,9:05 PM ET,Sutter Health Park,,2.0,0,10.0,3.421,0.0833333333333333,0.3611111111111111,0.3333333333333333,86.3161111111111,0.3098977777777777,0.4890688888888889,0.0526315789473684,,,,,0,0,0,,11,3,2026-08-26,824963,680869
Heriberto Hernández,MIA,R,Sonny Gray,R,MIA,BOS,H,mlb_schedule,0.1496340680790128,568,0,,,,,0.1216340680790128,0.22,0.08,0.7000000000000001,4.1,0.9928187979804218,84.5,90.5,0.0,0.0,1,91.0,23.0,DOME,6:40 PM ET,loanDepot Park,,3.0,1,4.0,3.934,0.0,0.4545454545454545,0.1818181818181818,89.97111111111111,0.4455944444444444,0.6507944444444445,0.0290697674418604,2.79,0.9735576923076924,15.0,138.66666666666666,0,0,0,,10,10,2026-08-26,823825,681715
Teoscar Hernández,LAD,R,AJ Smith-Shawver,R,ATL,ATL,A,mlb_schedule,0.1492986488288627,570,0,,,,,0.1212986488288627,0.22,0.08,0.7000000000000001,3.5,0.9852114909473605,92.8,89.2,8.1,-3.294566808913982,0,85.0,12.0,3 MPH TOWARD HP,7:15 PM ET,Truist Park,,8.0,0,23.0,,0.0294117647058823,0.5294117647058824,0.1764705882352941,93.9961111111111,0.3792,0.5090666666666667,0.0285714285714285,,,,,0,0,0,,9,4,2026-08-26,824878,606192
Michael Harris II,ATL,L,Roki Sasaki,R,ATL,LAD,H,mlb_schedule,0.1481993847521877,575,0,,,,,0.1201993847521877,0.1964285714285714,0.0396825396825396,0.763888888888889,3.9,0.9964095072238255,98.1,89.2,8.1,-3.294566808913982,0,85.0,12.0,3 MPH TOWARD HP,7:15 PM ET,Truist Park,21.0,5.0,1,3.0,4.566,0.0,0.4523809523809524,0.119047619047619,87.32777777777778,0.3322722222222222,0.4349,0.0728476821192053,,,,,4,0,0,0.0,13,8,2026-08-26,824878,671739
Bo Bichette,NYM,R,Dustin May,R,NYM,MIL,H,mlb_schedule,0.1479801524227037,576,0,,,,,0.1199801524227037,0.1819787985865724,0.0671378091872791,0.7508833922261484,4.1,0.9966484091661356,95.6,83.7,11.4,8.73290665155635,0,87.0,0.0,9 MPH TOWARD OF,7:10 PM ET,Citi Field,14.0,3.0,1,4.0,3.355,0.0208333333333333,0.4375,0.25,90.20533333333331,0.3865144444444445,0.5356233333333333,0.0305343511450381,,,,,6,0,0,0.0,9,6,2026-08-26,823584,666182
Iván Herrera,STL,R,Kyle Bradish,R,STL,BAL,H,mlb_schedule,0.14763383874340422,577,0,,,,,0.1196338387434042,0.1830508474576271,0.1542372881355932,0.6627118644067796,4.2,0.989586314153303,88.4,93.4,10.1,-5.201884556591548,0,84.0,13.0,5 MPH TOWARD HP,7:45 PM ET,Busch Stadium,14.0,2.0,0,9.0,4.239,0.0444444444444444,0.4222222222222222,0.2444444444444444,87.86511111111112,0.3077511111111111,0.4527555555555555,0.0122699386503067,3.7,0.9735576923076924,15.0,138.66666666666666,4,0,0,0.0,9,6,2026-08-26,823015,671056
Owen Caissie,MIA,L,Sonny Gray,R,MIA,BOS,H,mlb_schedule,0.146944840098294,581,0,,,,,0.118944840098294,0.22,0.08,0.7000000000000001,3.6,0.9868889788795844,91.5,90.5,0.0,0.0,1,91.0,23.0,DOME,6:40 PM ET,loanDepot Park,,7.0,0,13.0,3.934,0.0,0.4285714285714285,0.3214285714285714,90.3488888888889,0.3680555555555555,0.6124722222222222,0.0290697674418604,2.79,0.9735576923076924,15.0,138.66666666666666,0,0,0,,13,0,2026-08-26,823825,683357
Sal Stewart,CIN,R,Logan Webb,R,SF,SF,A,mlb_schedule,0.1454202671082103,588,0,,,,,0.1174202671082103,0.21875,0.1024305555555555,0.6788194444444444,4.1,0.990501130866422,91.7,,,,0,,,CALM,3:45 PM ET,Oracle Park,28.0,3.0,1,7.0,3.174,0.0208333333333333,0.3125,0.2916666666666667,87.40511111111113,0.4572355555555555,0.67626,0.0260416666666666,3.75,0.6352941176470588,10.0,141.66666666666666,0,0,0,,22,7,2026-08-26,823180,701398
Ceddanne Rafaela,BOS,R,Ryan Gusto,R,MIA,MIA,A,mlb_schedule,0.1452589030220688,588,0,,,,,0.1172589030220688,0.2011173184357542,0.0540037243947858,0.74487895716946,4.2,0.9967764502134494,84.5,90.5,0.0,0.0,1,91.0,23.0,DOME,6:40 PM ET,loanDepot Park,16.0,2.0,0,15.0,,0.0178571428571428,0.2857142857142857,0.25,84.36433333333335,0.3337577777777777,0.4661588888888889,0.054054054054054,,,,,0,0,0,,12,5,2026-08-26,823825,678882
José Tena,WSH,L,Tanner Gordon,R,WSH,COL,H,mlb_schedule,0.1447394462633839,591,0,,,,,0.1167394462633839,0.22,0.08,0.7000000000000001,3.7,0.9883761862532516,93.0,86.3,9.3,5.46640284632,0,91.0,1.0,5 MPH TOWARD OF,6:45 PM ET,Nationals Park,,6.0,1,7.0,4.091,0.037037037037037,0.4074074074074074,0.1851851851851851,85.24888888888889,0.3439222222222222,0.5150611111111111,0.06,,,,,4,2,0,0.5,7,0,2026-08-26,822692,677588
Cal Raleigh,SEA,R,Jesús Luzardo,L,SEA,PHI,H,mlb_schedule,0.1430064025253257,599,0,,,,,0.1150064025253257,0.308252427184466,0.1432038834951456,0.5485436893203883,4.0,0.9584603423717314,103.4,76.4,6.7,4.56938901241874,0,89.0,1.0,5 MPH TOWARD OF,4:10 PM ET,T-Mobile Park,18.0,4.0,1,5.0,3.401,0.0,0.5,0.4090909090909091,93.35,0.2090222222222222,0.2894444444444444,0.0208333333333333,3.23,0.8076923076923077,14.0,156.0,6,0,0,0.0,12,6,2026-08-26,823096,663728
Chase Meidroth,CWS,R,MacKenzie Gore,L,CWS,TEX,H,mlb_schedule,0.14290879381937321,600,0,,,,,0.1149087938193732,0.2261682242990654,0.1009345794392523,0.6728971962616822,4.0,0.9885518037242118,91.0,85.1,11.2,8.323222045346816,0,90.0,14.0,8 MPH TOWARD OF,7:40 PM ET,Rate Field,12.0,4.0,0,14.0,3.615,0.0,0.3695652173913043,0.2608695652173913,86.72333333333333,0.3334733333333333,0.4609444444444444,0.0632911392405063,4.26,1.1121281464530892,18.0,145.66666666666666,0,0,0,,9,4,2026-08-26,824555,805367
Marcus Semien,NYM,R,Dustin May,R,NYM,MIL,H,mlb_schedule,0.1421942928036634,603,0,,,,,0.1141942928036634,0.217391304347826,0.0778032036613272,0.7048054919908467,3.5,0.9860241266418088,95.6,83.7,11.4,8.73290665155635,0,87.0,0.0,9 MPH TOWARD OF,7:10 PM ET,Citi Field,14.0,8.0,0,19.0,3.355,0.0227272727272727,0.25,0.2272727272727272,87.06622222222222,0.2937166666666667,0.3861788888888889,0.0305343511450381,,,,,10,0,0,0.0,11,3,2026-08-26,823584,543760
Brett Callahan,DET,L,Freddy Peralta,R,DET,TB,H,mlb_schedule,0.1416041829491341,606,0,,,,,0.1136041829491341,0.22,0.08,0.7000000000000001,4.3,0.9943555530543188,97.2,83.3,13.2,11.544980134240022,0,94.0,43.0,12 MPH TOWARD OF,1:10 PM ET,Comerica Park,,1.0,1,,4.003,0.1,0.4,0.2,82.9,0.427,0.6262333333333333,0.0657894736842105,5.33,1.4666666666666668,22.0,135.0,0,0,0,,1,0,2026-08-26,824234,814430
Mike Yastrzemski,ATL,L,Roki Sasaki,R,ATL,LAD,H,mlb_schedule,0.1414038655014598,607,0,,,,,0.1134038655014598,0.22,0.08,0.7000000000000001,3.6,0.9868889788795845,98.1,89.2,8.1,-3.294566808913982,0,85.0,12.0,3 MPH TOWARD HP,7:15 PM ET,Truist Park,,7.0,0,14.0,4.566,0.0344827586206896,0.4482758620689655,0.2413793103448276,91.99666666666666,0.3997222222222222,0.5825444444444444,0.0728476821192053,,,,,0,0,0,,11,0,2026-08-26,824878,573262
Jared Young,NYM,L,Dustin May,R,NYM,MIL,H,mlb_schedule,0.1405136783974379,612,0,,,,,0.1125136783974379,0.22,0.08,0.7000000000000001,3.9,0.9908636465286554,95.0,83.7,11.4,8.73290665155635,0,87.0,0.0,9 MPH TOWARD OF,7:10 PM ET,Citi Field,,5.0,0,12.0,3.355,0.0,0.425531914893617,0.2978723404255319,87.309,0.3300177777777777,0.4939944444444444,0.0305343511450381,,,,,12,0,0,0.0,8,0,2026-08-26,823584,676724
Nolan Gorman,STL,L,Kyle Bradish,R,STL,BAL,H,mlb_schedule,0.1405136783974379,612,0,,,,,0.1125136783974379,0.22,0.08,0.7000000000000001,3.6,0.9868889788795845,81.1,93.4,10.1,-5.201884556591548,0,84.0,13.0,5 MPH TOWARD HP,7:45 PM ET,Busch Stadium,,7.0,1,85.0,4.239,0.054054054054054,0.3513513513513513,0.4594594594594595,88.91444444444444,0.2605,0.3833833333333333,0.0122699386503067,3.7,0.9735576923076924,15.0,138.66666666666666,2,2,0,1.0,6,1,2026-08-26,823015,669357
Kaelen Culpepper,MIN,R,J.T. Ginn,R,ATH,ATH,A,mlb_schedule,0.1404100175361895,612,0,,,,,0.1124100175361895,0.22,0.08,0.7000000000000001,3.5,0.9852114909473605,113.3,97.6,7.2,5.595450922490191,0,76.0,0.0,6 MPH TOWARD OF,9:05 PM ET,Sutter Health Park,,8.0,1,4.0,4.075,0.0344827586206896,0.4137931034482758,0.2413793103448276,90.30227272727272,0.3732272727272727,0.576225,0.036144578313253,,,,,0,0,0,,1,1,2026-08-26,824963,701785
Nathaniel Lowe,CLE,L,Grayson Rodriguez,R,LAA,LAA,A,mlb_schedule,0.1401202201003055,614,0,,,,,0.1121202201003055,0.22,0.08,0.7000000000000001,3.9,0.9908636465286554,103.2,100.3,8.1,3.164922140763117,0,89.0,1.0,3 MPH TOWARD OF,4:07 PM ET,Angel Stadium,,5.0,0,12.0,5.029,0.0,0.4222222222222222,0.2666666666666666,87.03522222222223,0.32426,0.4650144444444444,0.0571428571428571,,,,,10,2,0,0.2,14,0,2026-08-26,823988,663993
Kevin McGonigle,DET,L,Freddy Peralta,R,DET,TB,H,mlb_schedule,0.1396307366499473,616,0,,,,,0.1116307366499473,0.1369150779896014,0.1421143847487001,0.7209705372616985,4.2,0.9953039764727132,97.2,83.3,13.2,11.544980134240022,0,94.0,43.0,12 MPH TOWARD OF,1:10 PM ET,Comerica Park,,2.0,1,,4.003,0.0192307692307692,0.3846153846153846,0.4038461538461538,89.69388888888889,0.3195611111111111,0.4850688888888889,0.0657894736842105,5.33,1.4666666666666668,22.0,135.0,4,2,0,0.5,11,3,2026-08-26,824234,805808
Esmerlyn Valdez,PIT,R,Randy Vásquez,R,SD,SD,A,mlb_schedule,0.1393115215823042,618,0,,,,,0.1113115215823042,0.22,0.08,0.7000000000000001,4.0,0.9919,101.7,,,,0,,,CALM,4:10 PM ET,Petco Park,,4.0,0,31.0,4.441,0.0,0.3658536585365853,0.4146341463414634,89.3111111111111,0.3044388888888888,0.4448166666666667,0.0291970802919708,,,,,0,0,0,,7,8,2026-08-26,823255,699013
Joe Mack,MIA,L,Sonny Gray,R,MIA,BOS,H,mlb_schedule,0.1382093475053296,624,0,,,,,0.1102093475053296,0.22,0.08,0.7000000000000001,3.5,0.9852114909473604,91.5,90.5,0.0,0.0,1,91.0,23.0,DOME,6:40 PM ET,loanDepot Park,,8.0,1,11.0,3.934,0.0294117647058823,0.3235294117647059,0.1470588235294117,87.10722222222222,0.26835,0.3894944444444445,0.0290697674418604,2.79,0.9735576923076924,15.0,138.66666666666666,0,0,0,,11,1,2026-08-26,823825,691788
Connor Norby,COL,R,Matt Waldron,R,WSH,WSH,A,mlb_schedule,0.1378999872186054,625,0,,,,,0.1098999872186054,0.22,0.08,0.7000000000000001,3.6,0.9868889788795844,92.4,86.3,9.3,5.46640284632,0,91.0,1.0,5 MPH TOWARD OF,6:45 PM ET,Nationals Park,,7.0,1,4.0,5.157,0.0,0.4333333333333333,0.4,88.88777777777777,0.3646833333333333,0.4856999999999999,0.0634920634920634,,,,,0,0,0,,4,2,2026-08-26,822692,681393
Alex Bregman,CHC,R,Eduardo Rodriguez,L,AZ,AZ,A,mlb_schedule,0.1377883415778102,626,0,,,,,0.1097883415778102,0.1579831932773109,0.1226890756302521,0.719327731092437,4.1,0.994534650089303,97.4,116.2,0.0,0.0,1,26.0,3.0,DOME,3:40 PM ET,Chase Field,,3.0,1,,3.837,0.04,0.48,0.46,91.057,0.4191955555555555,0.6510855555555555,0.0253807106598984,2.61,0.8129032258064516,14.0,155.0,54,18,6,0.333,18,4,2026-08-26,825039,608324
Jonah Heim,ATH,L,Connor Prielipp,L,ATH,MIN,H,mlb_schedule,0.13761161320048051,627,0,,,,,0.1096116132004805,0.22,0.08,0.7000000000000001,4.0,0.9919,99.6,97.6,7.2,5.595450922490191,0,76.0,0.0,6 MPH TOWARD OF,9:05 PM ET,Sutter Health Park,,4.0,0,28.0,3.421,0.0,0.3125,0.3125,89.61444444444444,0.2068888888888889,0.2864277777777778,0.0526315789473684,,,,,4,0,0,0.0,2,9,2026-08-26,824963,641680
Brandon Lowe,PIT,L,Randy Vásquez,R,SD,SD,A,mlb_schedule,0.1375912846106071,627,0,,,,,0.1095912846106071,0.296903460837887,0.0910746812386156,0.6120218579234973,4.2,0.9812504655903704,87.8,,,,0,,,CALM,4:10 PM ET,Petco Park,27.0,2.0,1,7.0,4.441,0.0571428571428571,0.6285714285714286,0.3714285714285714,95.80722222222222,0.4681277777777778,0.7215666666666666,0.0291970802919708,,,,,12,8,0,0.667,22,5,2026-08-26,823255,664040
Ezequiel Tovar,COL,R,Matt Waldron,R,WSH,WSH,A,mlb_schedule,0.1375690014653767,627,0,,,,,0.1095690014653767,0.2494172494172494,0.0652680652680652,0.6853146853146853,3.4,0.9803763396029144,92.4,86.3,9.3,5.46640284632,0,91.0,1.0,5 MPH TOWARD OF,6:45 PM ET,Nationals Park,10.0,9.0,0,23.0,5.157,0.032258064516129,0.3225806451612903,0.3548387096774194,85.8,0.3810944444444444,0.5400666666666666,0.0634920634920634,,,,,22,2,0,0.091,10,2,2026-08-26,822692,678662
Jackson Merrill,SD,L,Bubba Chandler,R,SD,PIT,H,mlb_schedule,0.1365213498510003,632,0,,,,,0.1085213498510003,0.2495412844036697,0.0660550458715596,0.6844036697247706,3.9,0.9888669391176717,87.8,,,,0,,,CALM,4:10 PM ET,Petco Park,21.0,5.0,1,3.0,4.752,0.075,0.525,0.45,94.53444444444445,0.4868611111111111,0.7665555555555557,0.0124223602484472,,,,,6,2,0,0.333,18,3,2026-08-26,823255,701538
Josh Lowe,LAA,L,Joey Cantillo,L,LAA,CLE,H,mlb_schedule,0.1364659411884549,633,0,,,,,0.1084659411884549,0.22,0.08,0.7000000000000001,3.7,0.9883761862532516,103.2,100.3,8.1,3.164922140763117,0,89.0,1.0,3 MPH TOWARD OF,4:07 PM ET,Angel Stadium,,6.0,1,8.0,5.01,0.0,0.4482758620689655,0.3448275862068966,91.63166666666666,0.4554555555555555,0.6198111111111112,0.0350877192982456,,,,,2,0,0,0.0,11,0,2026-08-26,823988,666139
Connor Wong,BOS,R,Ryan Gusto,R,MIA,MIA,A,mlb_schedule,0.135767848298122,637,0,,,,,0.107767848298122,0.22,0.08,0.7000000000000001,3.4,0.98331937703468,84.5,90.5,0.0,0.0,1,91.0,23.0,DOME,6:40 PM ET,loanDepot Park,,9.0,1,10.0,,0.03125,0.40625,0.3125,91.62555555555556,0.4893388888888889,0.7534555555555555,0.054054054054054,,,,,0,0,0,,1,3,2026-08-26,823825,657136
Brooks Lee,MIN,L,J.T. Ginn,R,ATH,ATH,A,mlb_schedule,0.1353330307759649,639,0,,,,,0.1073330307759649,0.1614173228346456,0.0708661417322834,0.767716535433071,4.2,0.9978259134008782,99.6,97.6,7.2,5.595450922490191,0,76.0,0.0,6 MPH TOWARD OF,9:05 PM ET,Sutter Health Park,20.0,2.0,1,3.0,4.075,0.0256410256410256,0.4358974358974359,0.358974358974359,91.12444444444444,0.3485833333333333,0.5018333333333334,0.036144578313253,,,,,6,4,0,0.667,17,4,2026-08-26,824963,686797
Elias Díaz,TEX,R,Sean Burke,R,CWS,CWS,A,mlb_schedule,0.1351738860434413,640,0,,,,,0.1071738860434413,0.22,0.08,0.7000000000000001,3.5,0.9852114909473605,91.0,85.1,11.2,8.323222045346816,0,90.0,14.0,8 MPH TOWARD OF,7:40 PM ET,Rate Field,,8.0,1,3.0,3.689,0.0,0.4571428571428571,0.2857142857142857,84.80055555555555,0.2735222222222221,0.4238111111111111,0.0419580419580419,3.27,1.047945205479452,17.0,146.0,2,0,0,0.0,1,5,2026-08-26,824555,553869
Yandy Díaz,TB,R,Troy Melton,R,DET,DET,A,mlb_schedule,0.135070225182193,640,0,,,,,0.107070225182193,0.1400709219858156,0.1028368794326241,0.7570921985815603,4.3,0.997722815119404,104.4,83.3,13.2,11.544980134240022,0,94.0,43.0,12 MPH TOWARD OF,1:10 PM ET,Comerica Park,,1.0,1,,3.729,0.0338983050847457,0.4576271186440678,0.1186440677966101,90.85155555555556,0.4128622222222222,0.6036277777777778,0.0202702702702702,,,,,6,2,0,0.333,12,7,2026-08-26,824234,650490
JJ Bleday,CIN,L,Logan Webb,R,SF,SF,A,mlb_schedule,0.1345162422739477,643,0,,,,,0.1065162422739477,0.2196796338672768,0.1418764302059496,0.6384439359267735,4.0,0.982911552836564,77.2,,,,0,,,CALM,3:45 PM ET,Oracle Park,21.0,4.0,1,4.0,3.174,0.0,0.4210526315789473,0.3684210526315789,87.77077777777778,0.2584333333333333,0.3675533333333333,0.0260416666666666,3.75,0.6352941176470588,10.0,141.66666666666666,14,4,0,0.286,16,6,2026-08-26,823180,668709
Austin Wells,NYY,L,Peter Lambert,R,NYY,HOU,H,mlb_schedule,0.1333589949840413,650,0,,,,,0.1053589949840413,0.22,0.08,0.7000000000000001,3.5,0.9852114909473604,104.0,84.1,7.6,4.359180916267951,0,85.0,0.0,4 MPH TOWARD OF,7:05 PM ET,Yankee Stadium,,8.0,0,23.0,3.732,0.0,0.2758620689655172,0.2413793103448276,87.01388888888889,0.2416388888888888,0.3196333333333332,0.0405405405405405,,,,,0,0,0,,6,2,2026-08-26,823506,669224
Trea Turner,PHI,R,Bryan Woo,R,SEA,SEA,A,mlb_schedule,0.1321160610730709,657,0,,,,,0.1041160610730709,0.2179261862917399,0.070298769771529,0.7117750439367311,4.2,0.9946188804220576,103.4,76.4,6.7,4.56938901241874,0,89.0,1.0,5 MPH TOWARD OF,4:10 PM ET,T-Mobile Park,17.0,2.0,0,18.0,2.957,0.02,0.3,0.28,86.49011111111112,0.2987477777777778,0.3770088888888889,0.0377358490566037,4.1,0.9759036144578312,15.0,138.33333333333334,6,0,0,0.0,14,3,2026-08-26,823096,607208
Matt McLain,CIN,R,Logan Webb,R,SF,SF,A,mlb_schedule,0.1319376058394236,658,0,,,,,0.1039376058394236,0.22,0.08,0.7000000000000001,3.6,0.9868889788795844,91.7,,,,0,,,CALM,3:45 PM ET,Oracle Park,,7.0,1,4.0,3.174,0.0285714285714285,0.4285714285714285,0.2857142857142857,85.03833333333334,0.41885,0.6338277777777778,0.0260416666666666,3.75,0.6352941176470588,10.0,141.66666666666666,12,2,2,0.167,9,5,2026-08-26,823180,680574
Ryan Jeffers,MIN,R,J.T. Ginn,R,ATH,ATH,A,mlb_schedule,0.13163775576446102,660,0,,,,,0.103637755764461,0.22,0.08,0.7000000000000001,4.0,0.9919,113.3,97.6,7.2,5.595450922490191,0,76.0,0.0,6 MPH TOWARD OF,9:05 PM ET,Sutter Health Park,,4.0,0,26.0,4.075,0.0208333333333333,0.3958333333333333,0.2916666666666667,87.61111111111111,0.3032444444444445,0.4281777777777777,0.036144578313253,,,,,2,0,0,0.0,9,2,2026-08-26,824963,680777
Jake McCarthy,COL,L,Matt Waldron,R,WSH,WSH,A,mlb_schedule,0.1310284339146125,663,0,,,,,0.1030284339146125,0.1691973969631236,0.0607375271149674,0.7700650759219089,4.3,0.9982015381014936,93.0,86.3,9.3,5.46640284632,0,91.0,1.0,5 MPH TOWARD OF,6:45 PM ET,Nationals Park,13.0,1.0,0,18.0,5.157,0.0377358490566037,0.3396226415094339,0.2075471698113207,82.84188888888889,0.3701355555555555,0.4992655555555555,0.0634920634920634,,,,,24,12,0,0.5,9,4,2026-08-26,822692,664983
Salvador Perez,KC,R,Spencer Miles,R,TOR,TOR,A,mlb_schedule,0.1310284339146125,663,0,,,,,0.1030284339146125,0.1949317738791423,0.0623781676413255,0.7426900584795322,4.0,0.9956164469742418,106.3,75.2,10.1,-6.888183436631233,0,95.0,1.0,7 MPH TOWARD HP,7:07 PM ET,Rogers Centre,17.0,4.0,1,4.0,3.42,0.0408163265306122,0.3673469387755102,0.3061224489795918,87.34388888888888,0.32569,0.4741077777777777,0.0,,,,,0,0,0,,14,5,2026-08-26,822772,521692
Justin Foscue,TEX,R,Sean Burke,R,CWS,CWS,A,mlb_schedule,0.1309524035052684,664,0,,,,,0.1029524035052684,0.22,0.08,0.7000000000000001,3.6,0.9868889788795845,91.0,85.1,11.2,8.323222045346816,0,90.0,14.0,8 MPH TOWARD OF,7:40 PM ET,Rate Field,,7.0,1,8.0,3.689,0.0769230769230769,0.3846153846153846,0.2692307692307692,88.25333333333333,0.3567555555555555,0.5583666666666667,0.0419580419580419,3.27,1.047945205479452,17.0,146.0,0,0,0,,3,6,2026-08-26,824555,679822
Colt Keith,DET,L,Freddy Peralta,R,DET,TB,H,mlb_schedule,0.1309524035052684,664,0,,,,,0.1029524035052684,0.22,0.08,0.7000000000000001,4.0,0.9919,97.2,83.3,13.2,11.544980134240022,0,94.0,43.0,12 MPH TOWARD OF,1:10 PM ET,Comerica Park,,4.0,0,,4.003,0.0,0.5135135135135135,0.1081081081081081,93.16055555555558,0.4127388888888889,0.5682111111111111,0.0657894736842105,5.33,1.4666666666666668,22.0,135.0,8,4,0,0.5,9,0,2026-08-26,824234,690993
J.T. Realmuto,PHI,R,Bryan Woo,R,SEA,SEA,A,mlb_schedule,0.1307921841167031,665,0,,,,,0.1027921841167031,0.22,0.08,0.7000000000000001,3.5,0.9852114909473604,103.4,76.4,6.7,4.56938901241874,0,89.0,1.0,5 MPH TOWARD OF,4:10 PM ET,T-Mobile Park,,8.0,0,26.0,2.957,0.0,0.3488372093023256,0.2093023255813953,88.90733333333334,0.3567055555555555,0.4902311111111111,0.0377358490566037,4.1,0.9759036144578312,15.0,138.33333333333334,6,2,0,0.333,8,1,2026-08-26,823096,592663
Randal Grichuk,CWS,R,MacKenzie Gore,L,CWS,TEX,H,mlb_schedule,0.1307637830728877,665,0,,,,,0.1027637830728877,0.22,0.08,0.7000000000000001,4.1,0.9928187979804218,91.0,85.1,11.2,8.323222045346816,0,90.0,14.0,8 MPH TOWARD OF,7:40 PM ET,Rate Field,,3.0,1,5.0,3.615,0.0,0.5,0.3333333333333333,91.94944444444444,0.4052055555555556,0.5667444444444444,0.0632911392405063,4.26,1.1121281464530892,18.0,145.66666666666666,18,10,2,0.556,3,9,2026-08-26,824555,545341
Patrick Wisdom,SEA,R,Jesús Luzardo,L,SEA,PHI,H,mlb_schedule,0.1307637830728877,665,0,,,,,0.1027637830728877,0.22,0.08,0.7000000000000001,3.9,0.9908636465286554,103.4,76.4,6.7,4.56938901241874,0,89.0,1.0,5 MPH TOWARD OF,4:10 PM ET,T-Mobile Park,,5.0,0,85.0,3.401,0.0,0.4411764705882353,0.3823529411764705,90.20611111111111,0.4326349206349207,0.6937261904761904,0.0208333333333333,3.23,0.8076923076923077,14.0,156.0,26,4,2,0.154,1,0,2026-08-26,823096,621550
Manny Machado,SD,R,Bubba Chandler,R,SD,PIT,H,mlb_schedule,0.1307637830728877,665,0,,,,,0.1027637830728877,0.2162162162162162,0.1153153153153153,0.6684684684684684,4.1,0.989181878779635,101.7,,,,0,,,CALM,4:10 PM ET,Petco Park,24.0,3.0,1,8.0,4.752,0.0222222222222222,0.4888888888888889,0.1777777777777777,91.66566666666668,0.3889911111111111,0.5119977777777778,0.0124223602484472,,,,,2,0,0,0.0,20,4,2026-08-26,823255,592518
Trevor Larnach,MIN,L,J.T. Ginn,R,ATH,ATH,A,mlb_schedule,0.1307076881812762,665,0,,,,,0.1027076881812762,0.22,0.08,0.7000000000000001,3.6,0.9868889788795845,99.6,97.6,7.2,5.595450922490191,0,76.0,0.0,6 MPH TOWARD OF,9:05 PM ET,Sutter Health Park,,7.0,0,24.0,4.075,0.025,0.525,0.2,90.38344444444444,0.317921111111111,0.4659522222222222,0.036144578313253,,,,,6,2,0,0.333,9,2,2026-08-26,824963,663616
George Springer,TOR,R,Randy Dobnak,R,TOR,KC,H,mlb_schedule,0.13029395310829311,667,0,,,,,0.1022939531082931,0.1833333333333333,0.1023809523809523,0.7142857142857143,4.0,0.9933361099541858,106.3,75.2,10.1,-6.888183436631233,0,95.0,1.0,7 MPH TOWARD HP,7:07 PM ET,Rogers Centre,12.0,4.0,0,29.0,,0.0,0.1904761904761904,0.1904761904761904,85.30911111111111,0.2412366666666666,0.3070690476190476,0.0185185185185185,,,,,0,0,0,,11,3,2026-08-26,822772,543807
Jorge Mateo,TB,R,Troy Melton,R,DET,DET,A,mlb_schedule,0.1301941995225489,668,0,,,,,0.1021941995225489,0.22,0.08,0.7000000000000001,3.5,0.9852114909473604,104.4,83.3,13.2,11.544980134240022,0,94.0,43.0,12 MPH TOWARD OF,1:10 PM ET,Comerica Park,,8.0,1,,3.729,0.0,0.3461538461538461,0.3461538461538461,85.56111111111112,0.4092888888888889,0.6360444444444444,0.0202702702702702,,,,,0,0,0,,3,2,2026-08-26,824234,622761
Bryan Reynolds,PIT,R,Randy Vásquez,R,SD,SD,A,mlb_schedule,0.129415768575933,673,0,,,,,0.101415768575933,0.2384219554030874,0.1475128644939965,0.6140651801029159,4.1,0.979829937230517,101.7,,,,0,,,CALM,4:10 PM ET,Petco Park,15.0,3.0,0,29.0,4.441,0.0,0.4444444444444444,0.2777777777777778,91.70388888888888,0.3727666666666666,0.5372555555555556,0.0291970802919708,,,,,12,2,0,0.167,9,6,2026-08-26,823255,668804
Vladimir Guerrero Jr.,TOR,R,Randy Dobnak,R,TOR,KC,H,mlb_schedule,0.1292426403425257,674,0,,,,,0.1012426403425257,0.1302605210420841,0.1022044088176352,0.7675350701402806,4.2,0.9978187709998748,106.3,75.2,10.1,-6.888183436631233,0,95.0,1.0,7 MPH TOWARD HP,7:07 PM ET,Rogers Centre,7.0,2.0,0,18.0,,0.0,0.4230769230769231,0.173076923076923,89.98577777777777,0.3175644444444445,0.4267999999999999,0.0185185185185185,,,,,0,0,0,,6,2,2026-08-26,822772,665489
Tommy Edman,LAD,L,AJ Smith-Shawver,R,ATL,ATL,A,mlb_schedule,0.1284729603029686,678,0,,,,,0.1004729603029686,0.22,0.08,0.7000000000000001,3.9,0.9908636465286554,98.1,89.2,8.1,-3.294566808913982,0,85.0,12.0,3 MPH TOWARD HP,7:15 PM ET,Truist Park,,5.0,0,12.0,,0.0,0.2903225806451613,0.2258064516129032,85.91777777777779,0.284911111111111,0.3768444444444444,0.0285714285714285,,,,,0,0,0,,1,3,2026-08-26,824878,669242
Braden Montgomery,CWS,L,MacKenzie Gore,L,CWS,TEX,H,mlb_schedule,0.1284690447670057,678,0,,,,,0.1004690447670057,0.22,0.08,0.7000000000000001,3.9,0.9908636465286554,103.4,85.1,11.2,8.323222045346816,0,90.0,14.0,8 MPH TOWARD OF,7:40 PM ET,Rate Field,,5.0,1,4.0,3.615,0.0344827586206896,0.4827586206896552,0.1724137931034483,88.79055555555556,0.3580055555555556,0.5287666666666666,0.0632911392405063,4.26,1.1121281464530892,18.0,145.66666666666666,0,0,0,,4,1,2026-08-26,824555,695731
Mickey Gasper,BOS,R,Ryan Gusto,R,MIA,MIA,A,mlb_schedule,0.1281518168747566,680,0,,,,,0.1001518168747566,0.22,0.08,0.7000000000000001,3.9,0.9908636465286554,84.5,90.5,0.0,0.0,1,91.0,23.0,DOME,6:40 PM ET,loanDepot Park,,5.0,1,7.0,,0.0512820512820512,0.282051282051282,0.282051282051282,87.54055555555556,0.3817277777777778,0.5688833333333333,0.054054054054054,,,,,0,0,0,,5,0,2026-08-26,823825,681508
George Lombard Jr.,NYY,R,Peter Lambert,R,NYY,HOU,H,mlb_schedule,0.1278634428566317,682,0,,,,,0.0998634428566317,0.22,0.08,0.7000000000000001,3.9,0.9908636465286554,100.0,84.1,7.6,4.359180916267951,0,85.0,0.0,4 MPH TOWARD OF,7:05 PM ET,Yankee Stadium,,5.0,0,18.0,3.732,0.0277777777777777,0.3333333333333333,0.2222222222222222,84.99555555555555,0.3686555555555555,0.4908333333333334,0.0405405405405405,,,,,0,0,0,,2,0,2026-08-26,823506,806146
José Ramírez,CLE,R,Grayson Rodriguez,R,LAA,LAA,A,mlb_schedule,0.1278634428566317,682,0,,,,,0.0998634428566317,0.1305361305361305,0.1305361305361305,0.7389277389277389,4.1,0.995938195700297,100.9,100.3,8.1,3.164922140763117,0,89.0,1.0,3 MPH TOWARD OF,4:07 PM ET,Angel Stadium,10.0,3.0,0,81.0,5.029,0.0,0.4,0.2,89.36722222222221,0.3243388888888889,0.4274666666666667,0.0571428571428571,,,,,10,4,0,0.4,7,6,2026-08-26,823988,608070
Elly De La Cruz,CIN,R,Logan Webb,R,SF,SF,A,mlb_schedule,0.1278519667997941,682,0,,,,,0.0998519667997941,0.2745098039215686,0.1098039215686274,0.615686274509804,4.2,0.9819830712913338,91.7,,,,0,,,CALM,3:45 PM ET,Oracle Park,21.0,2.0,1,4.0,3.174,0.0294117647058823,0.5294117647058824,0.2941176470588235,94.72644444444444,0.36988,0.5101555555555556,0.0260416666666666,3.75,0.6352941176470588,10.0,141.66666666666666,30,10,0,0.333,13,9,2026-08-26,823180,682829
Carlos Narváez,BAL,R,Michael McGreevy,R,STL,STL,A,mlb_schedule,0.1275428927197838,684,0,,,,,0.0995428927197838,0.22,0.08,0.7000000000000001,3.4,0.9833193770346799,88.4,93.4,10.1,-5.201884556591548,0,84.0,13.0,5 MPH TOWARD HP,7:45 PM ET,Busch Stadium,,9.0,0,40.0,4.247,0.0357142857142857,0.4285714285714285,0.3928571428571428,90.99555555555554,0.2412,0.3344523809523809,0.0404624277456647,3.54,1.1796116504854368,18.0,137.33333333333334,0,0,0,,3,0,2026-08-26,823015,665966
Royce Lewis,MIN,R,J.T. Ginn,R,ATH,ATH,A,mlb_schedule,0.12681658863332532,689,0,,,,,0.0988165886333253,0.22,0.08,0.7000000000000001,3.7,0.9883761862532517,113.3,97.6,7.2,5.595450922490191,0,76.0,0.0,6 MPH TOWARD OF,9:05 PM ET,Sutter Health Park,,6.0,0,20.0,4.075,0.0,0.3571428571428571,0.2142857142857142,86.8161111111111,0.4138555555555555,0.5623222222222223,0.036144578313253,,,,,0,0,0,,9,4,2026-08-26,824963,668904
Gleyber Torres,DET,R,Freddy Peralta,R,DET,TB,H,mlb_schedule,0.1266920428025548,689,0,,,,,0.0986920428025548,0.22,0.08,0.7000000000000001,4.1,0.9928187979804218,104.4,83.3,13.2,11.544980134240022,0,94.0,43.0,12 MPH TOWARD OF,1:10 PM ET,Comerica Park,,3.0,0,,4.003,0.0188679245283018,0.2830188679245283,0.2264150943396226,85.65655555555556,0.3177311111111111,0.4222588888888889,0.0657894736842105,5.33,1.4666666666666668,22.0,135.0,0,0,0,,6,2,2026-08-26,824234,650402
Bobby Witt Jr.,KC,R,Spencer Miles,R,TOR,TOR,A,mlb_schedule,0.1259653048319669,694,0,,,,,0.0979653048319669,0.1765873015873016,0.1111111111111111,0.7123015873015872,4.2,0.994660047962187,106.3,75.2,10.1,-6.888183436631233,0,95.0,1.0,7 MPH TOWARD HP,7:07 PM ET,Rogers Centre,16.0,2.0,1,6.0,3.42,0.0,0.4222222222222222,0.2888888888888888,89.955,0.3689777777777777,0.5126333333333334,0.0,,,,,0,0,0,,12,4,2026-08-26,822772,677951
Ozzie Albies,ATL,R,Roki Sasaki,R,ATL,LAD,H,mlb_schedule,0.1259575623456926,694,0,,,,,0.0979575623456926,0.1403197158081705,0.0799289520426287,0.7797513321492008,3.7,0.9962950771044867,92.8,89.2,8.1,-3.294566808913982,0,85.0,12.0,3 MPH TOWARD HP,7:15 PM ET,Truist Park,20.0,6.0,0,15.0,4.566,0.0,0.2682926829268293,0.4146341463414634,88.33,0.2552166666666666,0.3508452380952381,0.0728476821192053,,,,,6,4,2,0.667,12,8,2026-08-26,824878,645277
Jesús Sánchez,TOR,L,Randy Dobnak,R,TOR,KC,H,mlb_schedule,0.12573297827642121,695,0,,,,,0.0977329782764212,0.22,0.08,0.7000000000000001,3.9,0.9908636465286554,108.2,75.2,10.1,-6.888183436631233,0,95.0,1.0,7 MPH TOWARD HP,7:07 PM ET,Rogers Centre,,5.0,0,21.0,,0.0,0.4,0.48,91.50444444444446,0.3500666666666667,0.5328666666666667,0.0185185185185185,,,,,0,0,0,,9,0,2026-08-26,822772,660821
Jake Rogers,CWS,R,MacKenzie Gore,L,CWS,TEX,H,mlb_schedule,0.12546468179911702,697,0,,,,,0.097464681799117,0.22,0.08,0.7000000000000001,3.6,0.9868889788795845,91.0,85.1,11.2,8.323222045346816,0,90.0,14.0,8 MPH TOWARD OF,7:40 PM ET,Rate Field,,7.0,1,5.0,3.615,0.037037037037037,0.4444444444444444,0.2222222222222222,86.34222222222223,0.3858555555555555,0.5831190476190476,0.0632911392405063,4.26,1.1121281464530892,18.0,145.66666666666666,0,0,0,,2,2,2026-08-26,824555,668670
Spencer Horwitz,PIT,L,Randy Vásquez,R,SD,SD,A,mlb_schedule,0.1251330512700061,699,0,,,,,0.0971330512700061,0.22,0.08,0.7000000000000001,4.3,0.9943555530543188,87.8,,,,0,,,CALM,4:10 PM ET,Petco Park,,1.0,0,67.0,4.441,0.0,0.1904761904761904,0.2857142857142857,86.82855555555555,0.20631,0.2596144444444444,0.0291970802919708,,,,,4,2,0,0.5,10,1,2026-08-26,823255,687462
Brayan Rocchio,CLE,L,Grayson Rodriguez,R,LAA,LAA,A,mlb_schedule,0.125044095719427,700,0,,,,,0.097044095719427,0.1454545454545454,0.0828282828282828,0.7717171717171717,3.4,0.993411158938344,103.2,100.3,8.1,3.164922140763117,0,89.0,1.0,3 MPH TOWARD OF,4:07 PM ET,Angel Stadium,10.0,9.0,0,12.0,5.029,0.0,0.36,0.36,90.48333333333332,0.2684555555555555,0.3818777777777777,0.0571428571428571,,,,,6,0,0,0.0,8,3,2026-08-26,823988,677587
Bryson Stott,PHI,L,Bryan Woo,R,SEA,SEA,A,mlb_schedule,0.1249655159405791,700,0,,,,,0.0969655159405791,0.1706827309236948,0.1044176706827309,0.7248995983935743,3.7,0.9915643698519594,99.6,76.4,6.7,4.56938901241874,0,89.0,1.0,5 MPH TOWARD OF,4:10 PM ET,T-Mobile Park,9.0,6.0,0,11.0,2.957,0.0,0.2708333333333333,0.1458333333333333,84.99,0.3126955555555555,0.3912766666666666,0.0377358490566037,4.1,0.9759036144578312,15.0,138.33333333333334,6,0,0,0.0,8,2,2026-08-26,823096,681082
Xander Bogaerts,SD,R,Bubba Chandler,R,SD,PIT,H,mlb_schedule,0.1243220040310112,704,0,,,,,0.0963220040310112,0.1756487025948103,0.1317365269461078,0.6926147704590818,3.5,0.983897604759402,101.7,,,,0,,,CALM,4:10 PM ET,Petco Park,11.0,8.0,0,12.0,4.752,0.0512820512820512,0.5128205128205128,0.2051282051282051,93.77666666666669,0.3880388888888889,0.6496388888888889,0.0124223602484472,,,,,2,2,0,1.0,11,1,2026-08-26,823255,593428
Cody Bellinger,NYY,L,Peter Lambert,R,NYY,HOU,H,mlb_schedule,0.1238559312944165,707,0,,,,,0.0958559312944166,0.1625282167042889,0.1241534988713318,0.7133182844243792,4.0,0.9932453946613438,104.0,84.1,7.6,4.359180916267951,0,85.0,0.0,4 MPH TOWARD OF,7:05 PM ET,Yankee Stadium,12.0,4.0,0,70.0,3.732,0.0,0.3684210526315789,0.2368421052631578,90.9961111111111,0.3998222222222222,0.5165566666666667,0.0405405405405405,,,,,18,8,2,0.444,8,4,2026-08-26,823506,641355
Carter Jensen,KC,L,Spencer Miles,R,TOR,TOR,A,mlb_schedule,0.1229136311392165,714,0,,,,,0.0949136311392165,0.2889344262295082,0.1086065573770491,0.6024590163934427,4.3,0.9810616471396432,108.2,75.2,10.1,-6.888183436631233,0,95.0,1.0,7 MPH TOWARD HP,7:07 PM ET,Rogers Centre,17.0,1.0,1,5.0,3.42,0.0,0.4864864864864865,0.4864864864864865,94.03222222222222,0.3908722222222222,0.6176388888888888,0.0,,,,,0,0,0,,14,3,2026-08-26,822772,695600
Angel Martínez,CLE,L,Grayson Rodriguez,R,LAA,LAA,A,mlb_schedule,0.1221998503947825,718,0,,,,,0.0941998503947825,0.22,0.08,0.7000000000000001,3.7,0.9883761862532516,103.2,100.3,8.1,3.164922140763117,0,89.0,1.0,3 MPH TOWARD OF,4:07 PM ET,Angel Stadium,,6.0,0,19.0,5.029,0.0,0.34375,0.28125,82.08666666666667,0.4447222222222222,0.6009333333333333,0.0571428571428571,,,,,0,0,0,,10,4,2026-08-26,823988,682657
A.J. Ewing,NYM,L,Dustin May,R,NYM,MIL,H,mlb_schedule,0.1221998503947825,718,0,,,,,0.0941998503947825,0.22,0.08,0.7000000000000001,4.3,0.9943555530543188,95.0,83.7,11.4,8.73290665155635,0,87.0,0.0,9 MPH TOWARD OF,7:10 PM ET,Citi Field,,1.0,0,49.0,3.355,0.05,0.4,0.325,85.77600000000001,0.3640844444444445,0.5118155555555556,0.0305343511450381,,,,,4,4,0,1.0,5,2,2026-08-26,823584,805999
Leody Taveras,BAL,L,Michael McGreevy,R,STL,STL,A,mlb_schedule,0.12199115855621699,720,0,,,,,0.093991158556217,0.22,0.08,0.7000000000000001,3.6,0.9868889788795845,81.1,93.4,10.1,-5.201884556591548,0,84.0,13.0,5 MPH TOWARD HP,7:45 PM ET,Busch Stadium,,7.0,0,14.0,4.247,0.0,0.375,0.28125,86.36777777777777,0.2788833333333333,0.3796666666666667,0.0404624277456647,3.54,1.1796116504854368,18.0,137.33333333333334,0,0,0,,7,1,2026-08-26,823015,665750
Travis Bazzana,CLE,L,Grayson Rodriguez,R,LAA,LAA,A,mlb_schedule,0.12190000031982,720,0,,,,,0.09390000031982,0.2124105011933174,0.1241050119331742,0.6634844868735084,4.2,0.9896861365639984,103.2,100.3,8.1,3.164922140763117,0,89.0,1.0,3 MPH TOWARD OF,4:07 PM ET,Angel Stadium,9.0,2.0,0,37.0,5.029,0.0,0.3488372093023256,0.2093023255813953,86.23255555555555,0.31992,0.4377222222222222,0.0571428571428571,,,,,0,0,0,,9,2,2026-08-26,823988,683953
Henry Bolte,ATH,R,Connor Prielipp,L,ATH,MIN,H,mlb_schedule,0.1212903754722786,724,0,,,,,0.0932903754722786,0.22,0.08,0.7000000000000001,4.3,0.9943555530543188,113.3,97.6,7.2,5.595450922490191,0,76.0,0.0,6 MPH TOWARD OF,9:05 PM ET,Sutter Health Park,,1.0,0,11.0,3.421,0.0,0.4285714285714285,0.119047619047619,88.26922222222221,0.32936,0.4288255555555555,0.0526315789473684,,,,,4,0,0,0.0,1,5,2026-08-26,824963,703607
Garrett Mitchell,MIL,L,Robert Stock,R,NYM,NYM,A,mlb_schedule,0.1209568276749351,727,0,,,,,0.0929568276749351,0.3163972286374134,0.1316397228637413,0.5519630484988453,4.2,0.9656823057179938,95.0,83.7,11.4,8.73290665155635,0,87.0,0.0,9 MPH TOWARD OF,7:10 PM ET,Citi Field,9.0,2.0,1,6.0,,0.0,0.65,0.125,95.07722222222222,0.4132222222222222,0.5784611111111111,0.0666666666666666,,,,,0,0,0,,8,1,2026-08-26,823584,669003
Jacob Young,WSH,R,Tanner Gordon,R,WSH,COL,H,mlb_schedule,0.1209084038164595,727,0,,,,,0.0929084038164596,0.22,0.08,0.7000000000000001,3.4,0.98331937703468,92.4,86.3,9.3,5.46640284632,0,91.0,1.0,5 MPH TOWARD OF,6:45 PM ET,Nationals Park,,9.0,0,15.0,4.091,0.0238095238095238,0.2142857142857142,0.4285714285714285,85.71988888888889,0.3262522222222222,0.4560433333333333,0.06,,,,,2,0,0,0.0,7,3,2026-08-26,822692,696285
Dane Myers,CIN,R,Logan Webb,R,SF,SF,A,mlb_schedule,0.120069385814572,733,0,,,,,0.092069385814572,0.22,0.08,0.7000000000000001,3.7,0.9883761862532516,91.7,,,,0,,,CALM,3:45 PM ET,Oracle Park,,6.0,0,9.0,3.174,0.0,0.3953488372093023,0.2325581395348837,89.68277777777777,0.3089555555555555,0.4174166666666667,0.0260416666666666,3.75,0.6352941176470588,10.0,141.66666666666666,4,0,0,0.0,2,3,2026-08-26,823180,667472
Cooper Pratt,MIL,R,Robert Stock,R,NYM,NYM,A,mlb_schedule,0.11950488489788459,737,0,,,,,0.0915048848978846,0.22,0.08,0.7000000000000001,3.4,0.9833193770346799,95.6,83.7,11.4,8.73290665155635,0,87.0,0.0,9 MPH TOWARD OF,7:10 PM ET,Citi Field,,9.0,0,32.0,,0.0,0.2702702702702703,0.2702702702702703,85.78611111111111,0.2523166666666667,0.3510055555555556,0.0666666666666666,,,,,0,0,0,,2,0,2026-08-26,823584,806198
Ke'Bryan Hayes,CIN,R,Logan Webb,R,SF,SF,A,mlb_schedule,0.1193019234787299,738,0,,,,,0.0913019234787299,0.22,0.08,0.7000000000000001,3.4,0.98331937703468,91.7,,,,0,,,CALM,3:45 PM ET,Oracle Park,,9.0,0,11.0,3.174,0.064516129032258,0.3870967741935484,0.3870967741935484,89.27166666666668,0.3564555555555556,0.5420722222222222,0.0260416666666666,3.75,0.6352941176470588,10.0,141.66666666666666,0,0,0,,4,1,2026-08-26,823180,663647
Anthony Seigler,BOS,L,Ryan Gusto,R,MIA,MIA,A,mlb_schedule,0.1190350549332901,740,0,,,,,0.0910350549332901,0.22,0.08,0.7000000000000001,3.5,0.9852114909473604,91.5,90.5,0.0,0.0,1,91.0,23.0,DOME,6:40 PM ET,loanDepot Park,,8.0,0,33.0,,0.0606060606060606,0.2727272727272727,0.3939393939393939,85.00544444444445,0.2656,0.4027311111111111,0.054054054054054,,,,,0,0,0,,2,1,2026-08-26,823825,678011
Jakob Marsee,MIA,L,Sonny Gray,R,MIA,BOS,H,mlb_schedule,0.1187352048583276,742,0,,,,,0.0907352048583276,0.2118811881188118,0.1504950495049505,0.6376237623762376,3.9,0.980913650362373,91.5,90.5,0.0,0.0,1,91.0,23.0,DOME,6:40 PM ET,loanDepot Park,8.0,5.0,1,4.0,3.934,0.0232558139534883,0.4186046511627907,0.2325581395348837,84.92933333333332,0.3079266666666667,0.4096366666666667,0.0290697674418604,2.79,0.9735576923076924,15.0,138.66666666666666,0,0,0,,7,1,2026-08-26,823825,805300
Luke Keaschall,MIN,R,J.T. Ginn,R,ATH,ATH,A,mlb_schedule,0.1187352048583276,742,0,,,,,0.0907352048583276,0.1538461538461538,0.1295546558704453,0.7165991902834008,4.3,0.9955809931675779,113.3,97.6,7.2,5.595450922490191,0,76.0,0.0,6 MPH TOWARD OF,9:05 PM ET,Sutter Health Park,8.0,1.0,1,4.0,4.075,0.0217391304347826,0.3478260869565217,0.391304347826087,87.36066666666666,0.4100444444444445,0.5752788888888889,0.036144578313253,,,,,4,2,0,0.5,8,1,2026-08-26,824963,807712
Héctor Rodríguez,CIN,L,Logan Webb,R,SF,SF,A,mlb_schedule,0.117501125739606,751,0,,,,,0.089501125739606,0.22,0.08,0.7000000000000001,4.3,0.9943555530543188,77.2,,,,0,,,CALM,3:45 PM ET,Oracle Park,,1.0,1,4.0,3.174,0.0,0.3225806451612903,0.2580645161290322,90.47059523809524,0.2662030303030303,0.3624787878787879,0.0260416666666666,3.75,0.6352941176470588,10.0,141.66666666666666,0,0,0,,1,0,2026-08-26,823180,699302
Osleivis Basabe,SF,R,Nick Lodolo,L,SF,CIN,H,mlb_schedule,0.1164083801135359,759,0,,,,,0.0884083801135359,0.22,0.08,0.7000000000000001,4.1,0.9928187979804218,91.7,,,,0,,,CALM,3:45 PM ET,Oracle Park,,3.0,0,22.0,6.498,0.0238095238095238,0.3809523809523809,0.2857142857142857,87.50277777777777,0.2752333333333333,0.3660833333333333,0.0451612903225806,,,,,0,0,0,,3,0,2026-08-26,823180,678545
Luis Lara,MIL,R,Robert Stock,R,NYM,NYM,A,mlb_schedule,0.11639706177332519,759,0,,,,,0.0883970617733252,0.22,0.08,0.7000000000000001,3.7,0.9883761862532517,95.6,83.7,11.4,8.73290665155635,0,87.0,0.0,9 MPH TOWARD OF,7:10 PM ET,Citi Field,,6.0,0,8.0,,0.03125,0.46875,0.125,88.99277777777777,0.3588944444444444,0.4798555555555555,0.0666666666666666,,,,,0,0,0,,1,0,2026-08-26,823584,800325
Jacob Gonzalez,PIT,L,Randy Vásquez,R,SD,SD,A,mlb_schedule,0.1163400894363922,760,0,,,,,0.0883400894363922,0.22,0.08,0.7000000000000001,3.4,0.98331937703468,87.8,,,,0,,,CALM,4:10 PM ET,Petco Park,,9.0,0,13.0,4.441,0.0,0.282051282051282,0.2051282051282051,87.87911111111111,0.3190611111111111,0.4649833333333333,0.0291970802919708,,,,,0,0,0,,6,0,2026-08-26,823255,694378
José Fermín,STL,R,Kyle Bradish,R,STL,BAL,H,mlb_schedule,0.115548613395697,765,0,,,,,0.087548613395697,0.22,0.08,0.7000000000000001,3.7,0.9883761862532517,88.4,93.4,10.1,-5.201884556591548,0,84.0,13.0,5 MPH TOWARD HP,7:45 PM ET,Busch Stadium,,6.0,1,3.0,4.239,0.0,0.35,0.15,86.05144444444444,0.3522377777777778,0.4456133333333333,0.0122699386503067,3.7,0.9735576923076924,15.0,138.66666666666666,0,0,0,,2,4,2026-08-26,823015,665877
Tyrone Taylor,CHC,R,Eduardo Rodriguez,L,AZ,AZ,A,mlb_schedule,0.1154624844777875,766,0,,,,,0.0874624844777875,0.22,0.08,0.7000000000000001,3.7,0.9883761862532516,97.4,116.2,0.0,0.0,1,26.0,3.0,DOME,3:40 PM ET,Chase Field,,6.0,0,,3.837,0.0344827586206896,0.3448275862068966,0.3448275862068966,82.24833333333332,0.3641888888888889,0.5739642857142858,0.0253807106598984,2.61,0.8129032258064516,14.0,155.0,14,6,0,0.429,5,5,2026-08-26,825039,621438
Mauricio Dubón,ATL,R,Roki Sasaki,R,ATL,LAD,H,mlb_schedule,0.11487445091985189,771,0,,,,,0.0868744509198519,0.123015873015873,0.0634920634920634,0.8134920634920635,4.0,0.9987899891387879,92.8,89.2,8.1,-3.294566808913982,0,85.0,12.0,3 MPH TOWARD HP,7:15 PM ET,Truist Park,10.0,4.0,0,46.0,4.566,0.0,0.3269230769230769,0.2884615384615384,87.92366666666666,0.3082755555555555,0.4084288888888889,0.0728476821192053,,,,,0,0,0,,6,4,2026-08-26,824878,643289
Sean Murphy,ATL,R,Roki Sasaki,R,ATL,LAD,H,mlb_schedule,0.1145799248586747,773,0,,,,,0.0865799248586747,0.22,0.08,0.7000000000000001,3.4,0.9833193770346799,92.8,89.2,8.1,-3.294566808913982,0,85.0,12.0,3 MPH TOWARD HP,7:15 PM ET,Truist Park,,9.0,0,410.0,4.566,0.0,0.3548387096774194,0.1935483870967742,87.12777777777778,0.2610666666666666,0.3318444444444444,0.0728476821192053,,,,,6,0,0,0.0,0,0,2026-08-26,824878,669221
Alejandro Kirk,TOR,R,Randy Dobnak,R,TOR,KC,H,mlb_schedule,0.1141194778684755,776,0,,,,,0.0861194778684755,0.22,0.08,0.7000000000000001,4.1,0.9928187979804218,106.3,75.2,10.1,-6.888183436631233,0,95.0,1.0,7 MPH TOWARD HP,7:07 PM ET,Rogers Centre,,3.0,1,7.0,,0.0,0.3454545454545454,0.1636363636363636,89.16588888888889,0.2972311111111111,0.3943888888888889,0.0185185185185185,,,,,0,0,0,,7,1,2026-08-26,822772,672386
Otto Lopez,MIA,R,Sonny Gray,R,MIA,BOS,H,mlb_schedule,0.1138113382602319,779,0,,,,,0.0858113382602319,0.1265597147950089,0.0606060606060606,0.8128342245989304,3.7,0.9979712066161692,84.5,90.5,0.0,0.0,1,91.0,23.0,DOME,6:40 PM ET,loanDepot Park,9.0,6.0,0,52.0,3.934,0.0,0.3571428571428571,0.2678571428571428,87.21033333333334,0.2903311111111111,0.3820366666666667,0.0290697674418604,2.79,0.9735576923076924,15.0,138.66666666666666,10,4,0,0.4,7,2,2026-08-26,823825,672640
James McCann,AZ,R,Matthew Boyd,L,AZ,CHC,H,mlb_schedule,0.112825972756275,786,0,,,,,0.084825972756275,0.22,0.08,0.7000000000000001,3.6,0.9868889788795844,97.4,116.2,0.0,0.0,1,26.0,3.0,DOME,3:40 PM ET,Chase Field,,7.0,0,,2.35,0.0444444444444444,0.3555555555555555,0.2666666666666666,85.27977777777778,0.3803,0.5622733333333333,0.0578947368421052,,,,,22,8,0,0.364,4,0,2026-08-26,825039,543510
Gabriel Arias,CHC,R,Eduardo Rodriguez,L,AZ,AZ,A,mlb_schedule,0.1126266651171939,788,0,,,,,0.084626665117194,0.22,0.08,0.7000000000000001,3.4,0.98331937703468,97.4,116.2,0.0,0.0,1,26.0,3.0,DOME,3:40 PM ET,Chase Field,,9.0,0,,3.837,0.0344827586206896,0.3448275862068966,0.1724137931034483,85.16722222222224,0.3981555555555555,0.5612555555555556,0.0253807106598984,2.61,0.8129032258064516,14.0,155.0,22,4,0,0.182,5,0,2026-08-26,825039,672356
Cedric Mullins,TB,L,Troy Melton,R,DET,DET,A,mlb_schedule,0.1115412953457948,797,0,,,,,0.0835412953457949,0.2,0.1034482758620689,0.6965517241379311,3.4,0.9826584507973618,97.2,83.3,13.2,11.544980134240022,0,94.0,43.0,12 MPH TOWARD OF,1:10 PM ET,Comerica Park,,9.0,0,,3.729,0.0,0.3953488372093023,0.3488372093023256,85.38333333333334,0.2663988888888889,0.3867766666666667,0.0202702702702702,,,,,6,2,2,0.333,13,0,2026-08-26,824234,656775
Troy Johnston,COL,L,Matt Waldron,R,WSH,WSH,A,mlb_schedule,0.1112243536803729,799,0,,,,,0.0832243536803729,0.22,0.08,0.7000000000000001,3.5,0.9852114909473604,93.0,86.3,9.3,5.46640284632,0,91.0,1.0,5 MPH TOWARD OF,6:45 PM ET,Nationals Park,,8.0,0,142.0,5.157,0.024390243902439,0.2926829268292683,0.2682926829268293,88.85444444444445,0.3580888888888889,0.4899944444444444,0.0634920634920634,,,,,4,2,0,0.5,3,1,2026-08-26,822692,687859
Shay Whitcomb,SF,R,Nick Lodolo,L,SF,CIN,H,mlb_schedule,0.1104714281669548,805,0,,,,,0.0824714281669549,0.22,0.08,0.7000000000000001,3.4,0.98331937703468,91.7,,,,0,,,CALM,3:45 PM ET,Oracle Park,,9.0,1,77.0,6.498,0.0,0.2916666666666667,0.4166666666666667,83.68777777777777,0.2707424242424242,0.4010151515151515,0.0451612903225806,,,,,0,0,0,,1,1,2026-08-26,823180,694376
Freddy Fermin,SD,R,Bubba Chandler,R,SD,PIT,H,mlb_schedule,0.1099294013976953,810,0,,,,,0.0819294013976953,0.22,0.08,0.7000000000000001,3.4,0.98331937703468,101.7,,,,0,,,CALM,4:10 PM ET,Petco Park,,9.0,0,25.0,4.752,0.0,0.3333333333333333,0.2564102564102564,87.08055555555555,0.3606566666666666,0.4919322222222221,0.0124223602484472,,,,,4,0,0,0.0,2,2,2026-08-26,823255,666023
Max Clark,DET,L,Freddy Peralta,R,DET,TB,H,mlb_schedule,0.1095757220997069,813,0,,,,,0.0815757220997069,0.22,0.08,0.7000000000000001,3.5,0.9852114909473604,97.2,83.3,13.2,11.544980134240022,0,94.0,43.0,12 MPH TOWARD OF,1:10 PM ET,Comerica Park,,8.0,0,,4.003,0.0,0.3043478260869565,0.2391304347826087,85.30111111111111,0.3186166666666666,0.4036666666666667,0.0657894736842105,5.33,1.4666666666666668,22.0,135.0,0,0,0,,1,1,2026-08-26,824234,703601
Brenton Doyle,CWS,R,MacKenzie Gore,L,CWS,TEX,H,mlb_schedule,0.1095757220997069,813,0,,,,,0.0815757220997069,0.22,0.08,0.7000000000000001,3.7,0.9883761862532517,91.0,85.1,11.2,8.323222045346816,0,90.0,14.0,8 MPH TOWARD OF,7:40 PM ET,Rate Field,,6.0,0,15.0,3.615,0.0,0.3333333333333333,0.3055555555555556,87.74,0.2920622222222222,0.3977977777777778,0.0632911392405063,4.26,1.1121281464530892,18.0,145.66666666666666,0,0,0,,1,1,2026-08-26,824555,686668
Carson Kelly,CHC,R,Eduardo Rodriguez,L,AZ,AZ,A,mlb_schedule,0.1095715931931479,813,0,,,,,0.0815715931931479,0.22,0.08,0.7000000000000001,3.5,0.9852114909473604,97.4,116.2,0.0,0.0,1,26.0,3.0,DOME,3:40 PM ET,Chase Field,,8.0,0,,3.837,0.0,0.3333333333333333,0.2222222222222222,83.79533333333333,0.3921666666666666,0.5062099999999999,0.0253807106598984,2.61,0.8129032258064516,14.0,155.0,0,0,0,,4,5,2026-08-26,825039,608348
Jake Mangum,PIT,R,Randy Vásquez,R,SD,SD,A,mlb_schedule,0.109446383168469,814,0,,,,,0.081446383168469,0.22,0.08,0.7000000000000001,3.6,0.9868889788795844,101.7,,,,0,,,CALM,4:10 PM ET,Petco Park,,7.0,0,17.0,4.441,0.0571428571428571,0.3428571428571428,0.2571428571428571,84.555,0.3467833333333333,0.5156833333333334,0.0291970802919708,,,,,0,0,0,,3,1,2026-08-26,823255,663968
Sal Frelick,MIL,L,Robert Stock,R,NYM,NYM,A,mlb_schedule,0.1080417929060228,826,0,,,,,0.0800417929060228,0.22,0.08,0.7000000000000001,4.3,0.9943555530543188,95.0,83.7,11.4,8.73290665155635,0,87.0,0.0,9 MPH TOWARD OF,7:10 PM ET,Citi Field,,1.0,1,46.0,,0.0,0.3,0.325,86.90333333333334,0.2789055555555555,0.3690388888888888,0.0666666666666666,,,,,0,0,0,,3,1,2026-08-26,823584,686217
Denzer Guzman,LAA,R,Joey Cantillo,L,LAA,CLE,H,mlb_schedule,0.1073551105317902,831,0,,,,,0.0793551105317902,0.22,0.08,0.7000000000000001,3.6,0.9868889788795844,100.9,100.3,8.1,3.164922140763117,0,89.0,1.0,3 MPH TOWARD OF,4:07 PM ET,Angel Stadium,,7.0,1,6.0,5.01,0.0263157894736842,0.3157894736842105,0.2368421052631578,87.24,0.3491555555555555,0.5113888888888888,0.0350877192982456,,,,,0,0,0,,2,5,2026-08-26,823988,694203
Javier Sanoja,MIA,R,Sonny Gray,R,MIA,BOS,H,mlb_schedule,0.1072593112698633,832,0,,,,,0.0792593112698634,0.22,0.08,0.7000000000000001,3.4,0.98331937703468,84.5,90.5,0.0,0.0,1,91.0,23.0,DOME,6:40 PM ET,loanDepot Park,,9.0,1,7.0,3.934,0.024390243902439,0.2926829268292683,0.1707317073170731,84.09833333333334,0.2992999999999999,0.4023444444444444,0.0290697674418604,2.79,0.9735576923076924,15.0,138.66666666666666,4,2,0,0.5,3,3,2026-08-26,823825,691594
Jose Trevino,CIN,R,Logan Webb,R,SF,SF,A,mlb_schedule,0.1053920928474662,849,0,,,,,0.0773920928474662,0.22,0.08,0.7000000000000001,3.5,0.9852114909473604,91.7,,,,0,,,CALM,3:45 PM ET,Oracle Park,,8.0,0,25.0,3.174,0.027027027027027,0.2972972972972973,0.2702702702702703,85.83500000000001,0.2202333333333333,0.3009833333333332,0.0260416666666666,3.75,0.6352941176470588,10.0,141.66666666666666,10,2,0,0.2,5,0,2026-08-26,823180,624431
Harry Ford,WSH,R,Tanner Gordon,R,WSH,COL,H,mlb_schedule,0.1049542920685335,853,0,,,,,0.0769542920685335,0.22,0.08,0.7000000000000001,3.6,0.9868889788795844,92.4,86.3,9.3,5.46640284632,0,91.0,1.0,5 MPH TOWARD OF,6:45 PM ET,Nationals Park,,7.0,0,19.0,4.091,0.032258064516129,0.2903225806451613,0.3870967741935484,81.632,0.2516866666666666,0.3822777777777777,0.06,,,,,0,0,0,,2,0,2026-08-26,822692,695670
Weston Wilson,SEA,R,Jesús Luzardo,L,SEA,PHI,H,mlb_schedule,0.1048296449299261,854,0,,,,,0.0768296449299262,0.22,0.08,0.7000000000000001,3.6,0.9868889788795844,103.4,76.4,6.7,4.56938901241874,0,89.0,1.0,5 MPH TOWARD OF,4:10 PM ET,T-Mobile Park,,7.0,1,13.0,3.401,0.0,0.3928571428571428,0.2142857142857142,81.67444444444445,0.3318444444444444,0.4793,0.0208333333333333,3.23,0.8076923076923077,14.0,156.0,0,0,0,,1,3,2026-08-26,823096,642215
Nick Gonzales,PIT,R,Randy Vásquez,R,SD,SD,A,mlb_schedule,0.1048296449299261,854,0,,,,,0.0768296449299262,0.1663442940038684,0.0851063829787234,0.7485493230174082,3.7,0.9939511140778512,101.7,,,,0,,,CALM,4:10 PM ET,Petco Park,6.0,6.0,0,35.0,4.441,0.0,0.2727272727272727,0.1818181818181818,87.23111111111112,0.3243888888888889,0.4199333333333334,0.0291970802919708,,,,,0,0,0,,5,1,2026-08-26,823255,693304
Jonny DeLuca,TB,R,Troy Melton,R,DET,DET,A,mlb_schedule,0.1042859306350768,859,0,,,,,0.0762859306350768,0.22,0.08,0.7000000000000001,3.7,0.9883761862532516,104.4,83.3,13.2,11.544980134240022,0,94.0,43.0,12 MPH TOWARD OF,1:10 PM ET,Comerica Park,,6.0,0,,3.729,0.0476190476190476,0.3333333333333333,0.1428571428571428,88.4908888888889,0.3377322222222221,0.5094922222222221,0.0202702702702702,,,,,0,0,0,,6,2,2026-08-26,824234,676356
José Caballero,NYY,R,Peter Lambert,R,NYY,HOU,H,mlb_schedule,0.1042681725803724,859,0,,,,,0.0762681725803724,0.22,0.08,0.7000000000000001,3.4,0.98331937703468,100.0,84.1,7.6,4.359180916267951,0,85.0,0.0,4 MPH TOWARD OF,7:05 PM ET,Yankee Stadium,,9.0,0,23.0,3.732,0.088235294117647,0.2647058823529412,0.2647058823529412,81.35288888888888,0.5029711111111111,0.7641022222222222,0.0405405405405405,,,,,2,2,0,1.0,8,4,2026-08-26,823506,676609
Richie Palacios,TB,L,Troy Melton,R,DET,DET,A,mlb_schedule,0.1027383722932473,873,0,,,,,0.0747383722932473,0.22,0.08,0.7000000000000001,3.6,0.9868889788795844,97.2,83.3,13.2,11.544980134240022,0,94.0,43.0,12 MPH TOWARD OF,1:10 PM ET,Comerica Park,,7.0,0,,3.729,0.0,0.3611111111111111,0.25,85.33944444444445,0.320625,0.4243809523809524,0.0202702702702702,,,,,6,0,0,0.0,5,0,2026-08-26,824234,680700
Angel Genao,CLE,R,Grayson Rodriguez,R,LAA,LAA,A,mlb_schedule,0.1026696571091003,874,0,,,,,0.0746696571091004,0.22,0.08,0.7000000000000001,3.6,0.9868889788795844,100.9,100.3,8.1,3.164922140763117,0,89.0,1.0,3 MPH TOWARD OF,4:07 PM ET,Angel Stadium,,7.0,0,18.0,5.029,0.0,0.4571428571428571,0.0857142857142857,89.66055555555555,0.2665,0.3553666666666666,0.0571428571428571,,,,,0,0,0,,1,0,2026-08-26,823988,694197
David Hamilton,MIL,L,Robert Stock,R,NYM,NYM,A,mlb_schedule,0.102443421725067,876,0,,,,,0.074443421725067,0.22,0.08,0.7000000000000001,3.5,0.9852114909473605,95.0,83.7,11.4,8.73290665155635,0,87.0,0.0,9 MPH TOWARD OF,7:10 PM ET,Citi Field,,8.0,1,8.0,,0.024390243902439,0.2926829268292683,0.2195121951219512,79.85711111111112,0.3335477777777778,0.4350033333333333,0.0666666666666666,,,,,0,0,0,,3,1,2026-08-26,823584,666152
Ildemaro Vargas,AZ,R,Matthew Boyd,L,AZ,CHC,H,mlb_schedule,0.1020190797158656,880,0,,,,,0.0740190797158656,0.22,0.08,0.7000000000000001,4.3,0.9943555530543188,97.4,116.2,0.0,0.0,1,26.0,3.0,DOME,3:40 PM ET,Chase Field,,1.0,0,,2.35,0.0,0.375,0.34375,86.80222222222223,0.2617611111111111,0.3401444444444444,0.0578947368421052,,,,,12,0,0,0.0,4,6,2026-08-26,825039,545121
Tommy White,ATH,R,Connor Prielipp,L,ATH,MIN,H,mlb_schedule,0.1017125504666425,883,0,,,,,0.0737125504666425,0.22,0.08,0.7000000000000001,3.9,0.9908636465286554,113.3,97.6,7.2,5.595450922490191,0,76.0,0.0,6 MPH TOWARD OF,9:05 PM ET,Sutter Health Park,,5.0,0,9.0,3.421,0.0,0.2727272727272727,0.2045454545454545,83.81777777777779,0.2998555555555555,0.4280499999999999,0.0526315789473684,,,,,4,0,0,0.0,2,0,2026-08-26,824963,695720
Austin Hedges,CLE,R,Grayson Rodriguez,R,LAA,LAA,A,mlb_schedule,0.0998031599405794,902,0,,,,,0.0718031599405794,0.22,0.08,0.7000000000000001,3.5,0.9852114909473604,100.9,100.3,8.1,3.164922140763117,0,89.0,1.0,3 MPH TOWARD OF,4:07 PM ET,Angel Stadium,,8.0,0,33.0,5.029,0.0,0.2647058823529412,0.2352941176470588,83.8611111111111,0.2443333333333333,0.3130222222222222,0.0571428571428571,,,,,4,2,0,0.5,3,2,2026-08-26,823988,595978
Liam Hicks,TB,L,Troy Melton,R,DET,DET,A,mlb_schedule,0.0997524597011841,902,0,,,,,0.0717524597011841,0.0930232558139534,0.1268498942917547,0.7801268498942918,4.0,0.9976628381196976,97.2,83.3,13.2,11.544980134240022,0,94.0,43.0,12 MPH TOWARD OF,1:10 PM ET,Comerica Park,,4.0,1,,3.729,0.0476190476190476,0.1666666666666666,0.2857142857142857,80.14877777777777,0.2758233333333333,0.3717899999999999,0.0202702702702702,,,,,2,0,0,0.0,16,1,2026-08-26,824234,689414
Nick Sogard,BOS,R,Ryan Gusto,R,MIA,MIA,A,mlb_schedule,0.0997524597011841,902,0,,,,,0.0717524597011841,0.22,0.08,0.7000000000000001,4.3,0.9943555530543188,84.5,90.5,0.0,0.0,1,91.0,23.0,DOME,6:40 PM ET,loanDepot Park,,1.0,1,3.0,,0.0285714285714285,0.3428571428571428,0.2285714285714285,86.18166666666666,0.3454455555555555,0.4925888888888889,0.054054054054054,,,,,0,0,0,,1,1,2026-08-26,823825,686765
Tristan Peters,CWS,L,MacKenzie Gore,L,CWS,TEX,H,mlb_schedule,0.09823468356883129,918,0,,,,,0.0702346835688313,0.22,0.08,0.7000000000000001,3.5,0.9852114909473605,103.4,85.1,11.2,8.323222045346816,0,90.0,14.0,8 MPH TOWARD OF,7:40 PM ET,Rate Field,,8.0,1,3.0,3.615,0.0294117647058823,0.3529411764705882,0.1764705882352941,83.77777777777779,0.3261333333333333,0.4616788888888888,0.0632911392405063,4.26,1.1121281464530892,18.0,145.66666666666666,0,0,0,,11,0,2026-08-26,824555,671976
Gavin Sheets,SD,L,Bubba Chandler,R,SD,PIT,H,mlb_schedule,0.0980926518982727,919,0,,,,,0.0700926518982727,0.22,0.08,0.7000000000000001,3.6,0.9868889788795844,87.8,,,,0,,,CALM,4:10 PM ET,Petco Park,,7.0,1,10.0,4.752,0.0,0.4137931034482758,0.2413793103448276,85.10388888888889,0.3530611111111111,0.5128333333333334,0.0124223602484472,,,,,4,0,0,0.0,19,0,2026-08-26,823255,657757
Brian Serven,ATH,R,Connor Prielipp,L,ATH,MIN,H,mlb_schedule,0.097587197027399,925,0,,,,,0.069587197027399,0.22,0.08,0.7000000000000001,3.6,0.9868889788795845,113.3,97.6,7.2,5.595450922490191,0,76.0,0.0,6 MPH TOWARD OF,9:05 PM ET,Sutter Health Park,,7.0,1,3.0,3.421,0.0285714285714285,0.3428571428571428,0.2857142857142857,86.62611111111111,0.3883484848484848,0.5637575757575757,0.0526315789473684,,,,,0,0,0,,2,2,2026-08-26,824963,661531
Taylor Ward,SEA,R,Jesús Luzardo,L,SEA,PHI,H,mlb_schedule,0.0973662364963248,927,0,,,,,0.0693662364963249,0.2099644128113879,0.1779359430604982,0.6120996441281139,4.3,0.9829589337221888,103.4,76.4,6.7,4.56938901241874,0,89.0,1.0,5 MPH TOWARD OF,4:10 PM ET,T-Mobile Park,7.0,1.0,0,40.0,3.401,0.0512820512820512,0.358974358974359,0.3333333333333333,85.88855555555556,0.3153188888888889,0.4337744444444444,0.0208333333333333,3.23,0.8076923076923077,14.0,156.0,18,2,0,0.111,3,4,2026-08-26,823096,621493
Jordan Lawlar,AZ,R,Matthew Boyd,L,AZ,CHC,H,mlb_schedule,0.0970215216049857,931,0,,,,,0.0690215216049857,0.22,0.08,0.7000000000000001,3.5,0.9852114909473604,97.4,116.2,0.0,0.0,1,26.0,3.0,DOME,3:40 PM ET,Chase Field,,8.0,1,,2.35,0.0571428571428571,0.2285714285714285,0.4,83.23944444444444,0.4070055555555555,0.5935277777777778,0.0578947368421052,,,,,0,0,0,,1,1,2026-08-26,825039,691783
Brock Rodden,SEA,R,Jesús Luzardo,L,SEA,PHI,H,mlb_schedule,0.0968533124939968,932,0,,,,,0.0688533124939968,0.22,0.08,0.7000000000000001,3.4,0.98331937703468,103.4,76.4,6.7,4.56938901241874,0,89.0,1.0,5 MPH TOWARD OF,4:10 PM ET,T-Mobile Park,,9.0,0,887.0,3.401,0.0,0.5909090909090909,0.3636363636363636,94.38846153846154,0.3255238095238095,0.4669047619047619,0.0208333333333333,3.23,0.8076923076923077,14.0,156.0,0,0,0,,0,0,2026-08-26,823096,801126
Alika Williams,ATH,R,Connor Prielipp,L,ATH,MIN,H,mlb_schedule,0.0965962868174422,935,0,,,,,0.0685962868174422,0.22,0.08,0.7000000000000001,3.5,0.9852114909473605,113.3,97.6,7.2,5.595450922490191,0,76.0,0.0,6 MPH TOWARD OF,9:05 PM ET,Sutter Health Park,,8.0,0,56.0,3.421,0.0,0.2666666666666666,0.2,85.17944444444444,0.2725555555555555,0.3486055555555555,0.0526315789473684,,,,,4,0,0,0.0,1,1,2026-08-26,824963,675961
Xavier Edwards,MIA,R,Sonny Gray,R,MIA,BOS,H,mlb_schedule,0.0959273892244875,942,0,,,,,0.0679273892244875,0.1341681574239713,0.1144901610017889,0.7513416815742398,4.0,0.9961769324692809,84.5,90.5,0.0,0.0,1,91.0,23.0,DOME,6:40 PM ET,loanDepot Park,6.0,4.0,0,99.0,3.934,0.0,0.3448275862068966,0.3103448275862069,85.07944444444443,0.3048388888888889,0.4038111111111112,0.0290697674418604,2.79,0.9735576923076924,15.0,138.66666666666666,6,2,0,0.333,2,4,2026-08-26,823825,669364
Justin Crawford,PHI,L,Bryan Woo,R,SEA,SEA,A,mlb_schedule,0.0952790083259104,950,0,,,,,0.0672790083259105,0.22,0.08,0.7000000000000001,3.4,0.98331937703468,99.6,76.4,6.7,4.56938901241874,0,89.0,1.0,5 MPH TOWARD OF,4:10 PM ET,T-Mobile Park,,9.0,0,105.0,2.957,0.0,0.4358974358974359,0.2051282051282051,86.4838888888889,0.31635,0.3742,0.0377358490566037,4.1,0.9759036144578312,15.0,138.33333333333334,0,0,0,,2,0,2026-08-26,823096,702222
John Rave,KC,L,Spencer Miles,R,TOR,TOR,A,mlb_schedule,0.0952009738225398,950,0,,,,,0.0672009738225398,0.22,0.08,0.7000000000000001,3.6,0.9868889788795845,108.2,75.2,10.1,-6.888183436631233,0,95.0,1.0,7 MPH TOWARD HP,7:07 PM ET,Rogers Centre,,7.0,1,3.0,3.42,0.0,0.2162162162162162,0.2702702702702703,79.26722222222222,0.2606611111111111,0.36565,0.0,,,,,0,0,0,,2,1,2026-08-26,822772,670231
Jackson Holliday,BAL,L,Michael McGreevy,R,STL,STL,A,mlb_schedule,0.0952009738225398,950,0,,,,,0.0672009738225398,0.22,0.08,0.7000000000000001,4.3,0.9943555530543188,81.1,93.4,10.1,-5.201884556591548,0,84.0,13.0,5 MPH TOWARD HP,7:45 PM ET,Busch Stadium,,1.0,0,18.0,4.247,0.0192307692307692,0.2884615384615384,0.2115384615384615,84.643,0.3452588888888889,0.4965744444444445,0.0404624277456647,3.54,1.1796116504854368,18.0,137.33333333333334,0,0,0,,5,1,2026-08-26,823015,702616
Cole Carrigg,COL,R,Matt Waldron,R,WSH,WSH,A,mlb_schedule,0.0945304171357314,958,0,,,,,0.0665304171357314,0.22,0.08,0.7000000000000001,4.2,0.9936333750066674,92.4,86.3,9.3,5.46640284632,0,91.0,1.0,5 MPH TOWARD OF,6:45 PM ET,Nationals Park,,2.0,0,31.0,5.157,0.0,0.3333333333333333,0.1666666666666666,85.87555555555555,0.3179777777777778,0.3960888888888888,0.0634920634920634,,,,,0,0,0,,3,2,2026-08-26,822692,694249
Michael Stefanic,ATH,R,Connor Prielipp,L,ATH,MIN,H,mlb_schedule,0.09443102414365699,959,0,,,,,0.066431024143657,0.22,0.08,0.7000000000000001,3.7,0.9883761862532517,113.3,97.6,7.2,5.595450922490191,0,76.0,0.0,6 MPH TOWARD OF,9:05 PM ET,Sutter Health Park,,6.0,0,,3.421,0.0285714285714285,0.3428571428571428,0.2,88.98055555555557,0.2972786458333333,0.3825833333333333,0.0526315789473684,,,,,0,0,0,,0,0,2026-08-26,824963,683021
Jhonny Pereda,SEA,R,Jesús Luzardo,L,SEA,PHI,H,mlb_schedule,0.0944310241436569,959,0,,,,,0.066431024143657,0.22,0.08,0.7000000000000001,3.5,0.9852114909473604,103.4,76.4,6.7,4.56938901241874,0,89.0,1.0,5 MPH TOWARD OF,4:10 PM ET,T-Mobile Park,,8.0,0,85.0,3.401,0.0238095238095238,0.4285714285714285,0.0476190476190476,88.19666666666667,0.3452666666666666,0.4347611111111111,0.0208333333333333,3.23,0.8076923076923077,14.0,156.0,0,0,0,,1,1,2026-08-26,823096,640902
Ryan Waldschmidt,AZ,R,Matthew Boyd,L,AZ,CHC,H,mlb_schedule,0.0932137157720833,973,0,,,,,0.0652137157720833,0.22,0.08,0.7000000000000001,3.4,0.98331937703468,97.4,116.2,0.0,0.0,1,26.0,3.0,DOME,3:40 PM ET,Chase Field,,9.0,0,,2.35,0.0,0.2368421052631578,0.2105263157894736,83.21777777777778,0.3471111111111111,0.4682,0.0578947368421052,,,,,0,0,0,,3,0,2026-08-26,825039,814439
Jake Cronenworth,SD,L,Bubba Chandler,R,SD,PIT,H,mlb_schedule,0.0931793075649096,973,0,,,,,0.0651793075649097,0.22,0.08,0.7000000000000001,4.2,0.9936333750066674,87.8,,,,0,,,CALM,4:10 PM ET,Petco Park,,2.0,0,10.0,4.752,0.0,0.238095238095238,0.3333333333333333,83.62066666666668,0.2654966666666666,0.3402044444444445,0.0124223602484472,,,,,2,2,0,1.0,3,1,2026-08-26,823255,630105
Pedro Ramírez,CHC,R,Eduardo Rodriguez,L,AZ,AZ,A,mlb_schedule,0.093113167694389,974,0,,,,,0.065113167694389,0.22,0.08,0.7000000000000001,3.6,0.9868889788795844,97.4,116.2,0.0,0.0,1,26.0,3.0,DOME,3:40 PM ET,Chase Field,,7.0,1,,3.837,0.0333333333333333,0.3666666666666666,0.2333333333333333,86.04833333333333,0.3186333333333334,0.4150166666666666,0.0253807106598984,2.61,0.8129032258064516,14.0,155.0,0,0,0,,2,1,2026-08-26,825039,699393
Andrés Giménez,TOR,L,Randy Dobnak,R,TOR,KC,H,mlb_schedule,0.0929206194997886,976,0,,,,,0.0649206194997886,0.1905882352941176,0.0635294117647058,0.7458823529411766,3.4,0.9905132292368224,108.2,75.2,10.1,-6.888183436631233,0,95.0,1.0,7 MPH TOWARD HP,7:07 PM ET,Rogers Centre,8.0,9.0,0,19.0,,0.0,0.2558139534883721,0.2790697674418604,82.95844444444445,0.3280788888888889,0.4435822222222221,0.0185185185185185,,,,,2,0,0,0.0,7,2,2026-08-26,822772,665926
Vinnie Pasquantino,KC,L,Spencer Miles,R,TOR,TOR,A,mlb_schedule,0.0929206194997886,976,0,,,,,0.0649206194997886,0.22,0.08,0.7000000000000001,3.9,0.9908636465286554,108.2,75.2,10.1,-6.888183436631233,0,95.0,1.0,7 MPH TOWARD HP,7:07 PM ET,Rogers Centre,,5.0,1,5.0,3.42,0.0,0.5306122448979592,0.2857142857142857,92.67722222222224,0.3739555555555555,0.5459722222222222,0.0,,,,,0,0,0,,7,1,2026-08-26,822772,686469
Luis Rengifo,SD,L,Bubba Chandler,R,SD,PIT,H,mlb_schedule,0.0924093578860269,982,0,,,,,0.0644093578860269,0.22,0.08,0.7000000000000001,3.7,0.9883761862532516,87.8,,,,0,,,CALM,4:10 PM ET,Petco Park,,6.0,0,10.0,4.752,0.0,0.2285714285714285,0.2571428571428571,84.00222222222222,0.3594222222222222,0.4768222222222222,0.0124223602484472,,,,,0,0,0,,4,2,2026-08-26,823255,650859
Andruw Monasterio,BOS,R,Ryan Gusto,R,MIA,MIA,A,mlb_schedule,0.0923657315898298,983,0,,,,,0.0643657315898298,0.22,0.08,0.7000000000000001,3.7,0.9883761862532516,84.5,90.5,0.0,0.0,1,91.0,23.0,DOME,6:40 PM ET,loanDepot Park,,6.0,0,28.0,,0.0196078431372549,0.1176470588235294,0.3137254901960784,85.49499999999999,0.24924,0.3292588888888889,0.054054054054054,,,,,0,0,0,,1,5,2026-08-26,823825,655316
Andrew Knizner,SF,R,Nick Lodolo,L,SF,CIN,H,mlb_schedule,0.0916033410082569,992,0,,,,,0.0636033410082569,0.22,0.08,0.7000000000000001,3.7,0.9883761862532516,91.7,,,,0,,,CALM,3:45 PM ET,Oracle Park,,6.0,1,4.0,6.498,0.0,0.40625,0.21875,84.54444444444445,0.2774047619047619,0.3869375,0.0451612903225806,,,,,2,0,0,0.0,0,1,2026-08-26,823180,668800
Nico Hoerner,CHC,R,Eduardo Rodriguez,L,AZ,AZ,A,mlb_schedule,0.0911631063330743,997,0,,,,,0.0631631063330743,0.0859649122807017,0.0824561403508772,0.831578947368421,3.9,0.9990385075646404,97.4,116.2,0.0,0.0,1,26.0,3.0,DOME,3:40 PM ET,Chase Field,,5.0,0,,3.837,0.0,0.2545454545454545,0.1272727272727272,84.30133333333333,0.3366422222222222,0.4094822222222222,0.0253807106598984,2.61,0.8129032258064516,14.0,155.0,4,0,0,0.0,5,2,2026-08-26,825039,663538
Vaughn Grissom,LAA,R,Joey Cantillo,L,LAA,CLE,H,mlb_schedule,0.0907553568260034,1002,0,,,,,0.0627553568260034,0.22,0.08,0.7000000000000001,4.1,0.9928187979804218,100.9,100.3,8.1,3.164922140763117,0,89.0,1.0,3 MPH TOWARD OF,4:07 PM ET,Angel Stadium,,3.0,0,30.0,5.01,0.0,0.1951219512195122,0.2195121951219512,83.35,0.2904433333333333,0.3640388888888888,0.0350877192982456,,,,,6,0,0,0.0,8,1,2026-08-26,823988,687093
Nathan Church,STL,L,Kyle Bradish,R,STL,BAL,H,mlb_schedule,0.0895799223962049,1016,0,,,,,0.0615799223962049,0.22,0.08,0.7000000000000001,3.9,0.9908636465286554,81.1,93.4,10.1,-5.201884556591548,0,84.0,13.0,5 MPH TOWARD HP,7:45 PM ET,Busch Stadium,,5.0,0,23.0,4.239,0.0,0.2083333333333333,0.3541666666666667,83.59133333333334,0.3285966666666667,0.3892916666666667,0.0122699386503067,3.7,0.9735576923076924,15.0,138.66666666666666,0,0,0,,8,2,2026-08-26,823015,701675
Bryan Torres,STL,L,Kyle Bradish,R,STL,BAL,H,mlb_schedule,0.0891195348068627,1022,0,,,,,0.0611195348068627,0.22,0.08,0.7000000000000001,3.5,0.9852114909473605,81.1,93.4,10.1,-5.201884556591548,0,84.0,13.0,5 MPH TOWARD HP,7:45 PM ET,Busch Stadium,,8.0,0,54.0,4.239,0.0,0.15625,0.15625,86.83555555555556,0.2290944444444444,0.2951555555555555,0.0122699386503067,3.7,0.9735576923076924,15.0,138.66666666666666,0,0,0,,4,0,2026-08-26,823015,663494
J.P. Crawford,SEA,L,Jesús Luzardo,L,SEA,PHI,H,mlb_schedule,0.0881008660344871,1035,0,,,,,0.0601008660344871,0.22,0.08,0.7000000000000001,3.7,0.9883761862532516,99.6,76.4,6.7,4.56938901241874,0,89.0,1.0,5 MPH TOWARD OF,4:10 PM ET,T-Mobile Park,,6.0,0,84.0,3.401,0.0,0.3076923076923077,0.1025641025641025,87.98388888888888,0.29425,0.3745222222222222,0.0208333333333333,3.23,0.8076923076923077,14.0,156.0,18,2,0,0.111,9,1,2026-08-26,823096,641487
Buddy Kennedy,SF,R,Nick Lodolo,L,SF,CIN,H,mlb_schedule,0.0879195374654098,1037,0,,,,,0.0599195374654098,0.22,0.08,0.7000000000000001,4.0,0.9919,91.7,,,,0,,,CALM,3:45 PM ET,Oracle Park,,4.0,0,857.0,6.498,0.0,0.3214285714285714,0.3214285714285714,86.04333333333334,0.2419047619047618,0.3345833333333333,0.0451612903225806,,,,,0,0,0,,0,0,2026-08-26,823180,671083
Evan Carter,TEX,L,Sean Burke,R,CWS,CWS,A,mlb_schedule,0.0873227936634478,1045,0,,,,,0.0593227936634478,0.22,0.08,0.7000000000000001,3.7,0.9883761862532517,103.4,85.1,11.2,8.323222045346816,0,90.0,14.0,8 MPH TOWARD OF,7:40 PM ET,Rate Field,,6.0,0,39.0,3.689,0.0,0.3,0.3666666666666666,84.52777777777779,0.2461833333333333,0.3425833333333333,0.0419580419580419,3.27,1.047945205479452,17.0,146.0,0,0,0,,8,0,2026-08-26,824555,694497
Nathan Lukes,TOR,L,Randy Dobnak,R,TOR,KC,H,mlb_schedule,0.0871954515457676,1047,0,,,,,0.0591954515457676,0.22,0.08,0.7000000000000001,3.6,0.9868889788795845,108.2,75.2,10.1,-6.888183436631233,0,95.0,1.0,7 MPH TOWARD HP,7:07 PM ET,Rogers Centre,,7.0,1,4.0,,0.0204081632653061,0.2448979591836734,0.2244897959183673,83.91866666666667,0.3114833333333333,0.4200888888888889,0.0185185185185185,,,,,0,0,0,,7,1,2026-08-26,822772,664770
Luis Arraez,PHI,L,Bryan Woo,R,SEA,SEA,A,mlb_schedule,0.0871954515457676,1047,0,,,,,0.0591954515457676,0.0437158469945355,0.0564663023679417,0.8998178506375227,4.0,0.9998992694094282,99.6,76.4,6.7,4.56938901241874,0,89.0,1.0,5 MPH TOWARD OF,4:10 PM ET,T-Mobile Park,6.0,4.0,1,7.0,2.957,0.032258064516129,0.1612903225806451,0.4193548387096774,83.59233333333333,0.3391688888888889,0.4527166666666666,0.0377358490566037,4.1,0.9759036144578312,15.0,138.33333333333334,16,4,0,0.25,5,1,2026-08-26,823096,650333
Luisangel Acuña,CWS,R,MacKenzie Gore,L,CWS,TEX,H,mlb_schedule,0.0867441030356113,1053,0,,,,,0.0587441030356113,0.22,0.08,0.7000000000000001,3.4,0.9833193770346799,91.0,85.1,11.2,8.323222045346816,0,90.0,14.0,8 MPH TOWARD OF,7:40 PM ET,Rate Field,,9.0,0,66.0,3.615,0.0,0.3225806451612903,0.0967741935483871,85.34444444444445,0.3092444444444444,0.3831666666666666,0.0632911392405063,4.26,1.1121281464530892,18.0,145.66666666666666,0,0,0,,1,0,2026-08-26,824555,682668
Zach McKinstry,DET,L,Freddy Peralta,R,DET,TB,H,mlb_schedule,0.0863474673635141,1058,0,,,,,0.0583474673635141,0.22,0.08,0.7000000000000001,3.7,0.9883761862532516,97.2,83.3,13.2,11.544980134240022,0,94.0,43.0,12 MPH TOWARD OF,1:10 PM ET,Comerica Park,,6.0,0,,4.003,0.0,0.1388888888888889,0.25,84.73277777777777,0.2369333333333333,0.31365,0.0657894736842105,5.33,1.4666666666666668,22.0,135.0,18,0,0,0.0,4,0,2026-08-26,824234,656716
Geraldo Perdomo,AZ,R,Matthew Boyd,L,AZ,CHC,H,mlb_schedule,0.0844663087294562,1084,0,,,,,0.0564663087294562,0.1243243243243243,0.1459459459459459,0.7297297297297296,4.1,0.9953186303919118,97.4,116.2,0.0,0.0,1,26.0,3.0,DOME,3:40 PM ET,Chase Field,,3.0,0,,2.35,0.0,0.3157894736842105,0.2631578947368421,86.81222222222222,0.2817166666666667,0.3868833333333333,0.0578947368421052,,,,,10,4,0,0.4,8,1,2026-08-26,825039,672695
Grant McCray,SF,L,Nick Lodolo,L,SF,CIN,H,mlb_schedule,0.0841358403824105,1089,0,,,,,0.0561358403824105,0.22,0.08,0.7000000000000001,3.5,0.9852114909473604,77.2,,,,0,,,CALM,3:45 PM ET,Oracle Park,,8.0,0,30.0,6.498,0.074074074074074,0.1851851851851851,0.2222222222222222,75.67888888888889,0.2539940476190476,0.3796282051282051,0.0451612903225806,,,,,0,0,0,,1,0,2026-08-26,823180,687529
Christian Koss,SF,R,Nick Lodolo,L,SF,CIN,H,mlb_schedule,0.0835116480029205,1097,0,,,,,0.0555116480029205,0.22,0.08,0.7000000000000001,3.6,0.9868889788795844,91.7,,,,0,,,CALM,3:45 PM ET,Oracle Park,,7.0,0,160.0,6.498,0.0,0.3939393939393939,0.2121212121212121,88.295,0.3638722222222222,0.5142833333333333,0.0451612903225806,,,,,0,0,0,,1,0,2026-08-26,823180,683766
Darell Hernaiz,ATH,R,Connor Prielipp,L,ATH,MIN,H,mlb_schedule,0.0835116480029205,1097,0,,,,,0.0555116480029205,0.22,0.08,0.7000000000000001,3.4,0.9833193770346799,113.3,97.6,7.2,5.595450922490191,0,76.0,0.0,6 MPH TOWARD OF,9:05 PM ET,Sutter Health Park,,9.0,0,129.0,3.421,0.0,0.325,0.2,86.62666666666668,0.2718444444444444,0.3488444444444444,0.0526315789473684,,,,,0,0,0,,0,1,2026-08-26,824963,687231
TJ Rumfield,COL,L,Matt Waldron,R,WSH,WSH,A,mlb_schedule,0.0830516011230046,1104,0,,,,,0.0550516011230046,0.1436893203883495,0.1203883495145631,0.7359223300970874,4.0,0.9951367486354904,93.0,86.3,9.3,5.46640284632,0,91.0,1.0,5 MPH TOWARD OF,6:45 PM ET,Nationals Park,13.0,4.0,0,39.0,5.157,0.0,0.25,0.375,86.08955555555556,0.30665,0.4014011111111111,0.0634920634920634,,,,,4,4,0,1.0,12,2,2026-08-26,822692,681198
Jonah Cox,SF,R,Nick Lodolo,L,SF,CIN,H,mlb_schedule,0.082663027618142,1110,0,,,,,0.054663027618142,0.22,0.08,0.7000000000000001,4.3,0.9943555530543188,91.7,,,,0,,,CALM,3:45 PM ET,Oracle Park,,1.0,1,3.0,6.498,0.0952380952380952,0.3809523809523809,0.3809523809523809,74.93611111111112,0.4476136363636364,0.648030303030303,0.0451612903225806,,,,,0,0,0,,1,1,2026-08-26,823180,813841
Alan Roden,MIN,L,J.T. Ginn,R,ATH,ATH,A,mlb_schedule,0.0826010948884404,1111,0,,,,,0.0546010948884404,0.22,0.08,0.7000000000000001,3.4,0.9833193770346799,99.6,97.6,7.2,5.595450922490191,0,76.0,0.0,6 MPH TOWARD OF,9:05 PM ET,Sutter Health Park,,9.0,0,385.0,4.075,0.0277777777777777,0.3611111111111111,0.1944444444444444,83.43111111111111,0.3089777777777778,0.3724388888888889,0.036144578313253,,,,,0,0,0,,0,0,2026-08-26,824963,702176
Kyle Isbel,KC,L,Spencer Miles,R,TOR,TOR,A,mlb_schedule,0.0823015848836849,1115,0,,,,,0.0543015848836849,0.22,0.08,0.7000000000000001,3.4,0.9833193770346799,108.2,75.2,10.1,-6.888183436631233,0,95.0,1.0,7 MPH TOWARD HP,7:07 PM ET,Rogers Centre,,9.0,1,5.0,3.42,0.0,0.35,0.2,86.7238888888889,0.2589944444444444,0.3285833333333333,0.0,,,,,0,0,0,,5,1,2026-08-26,822772,664728
Tyler Tolbert,KC,R,Spencer Miles,R,TOR,TOR,A,mlb_schedule,0.0809839900179006,1135,0,,,,,0.0529839900179006,0.22,0.08,0.7000000000000001,3.5,0.9852114909473605,106.3,75.2,10.1,-6.888183436631233,0,95.0,1.0,7 MPH TOWARD HP,7:07 PM ET,Rogers Centre,,8.0,0,28.0,3.42,0.0,0.2222222222222222,0.3611111111111111,84.04944444444445,0.2847555555555556,0.3750666666666666,0.0,,,,,0,0,0,,2,1,2026-08-26,822772,686475
Nick Loftin,KC,R,Spencer Miles,R,TOR,TOR,A,mlb_schedule,0.0793686398557496,1160,0,,,,,0.0513686398557496,0.22,0.08,0.7000000000000001,3.7,0.9883761862532517,106.3,75.2,10.1,-6.888183436631233,0,95.0,1.0,7 MPH TOWARD HP,7:07 PM ET,Rogers Centre,,6.0,1,3.0,3.42,0.0,0.2222222222222222,0.2777777777777778,84.34644444444444,0.2505733333333333,0.3374466666666667,0.0,,,,,0,0,0,,5,1,2026-08-26,822772,679845
Caleb Durbin,BOS,R,Ryan Gusto,R,MIA,MIA,A,mlb_schedule,0.0743943673098869,1244,0,,,,,0.0463943673098869,0.1326315789473684,0.0947368421052631,0.7726315789473684,4.0,0.9973274823416026,84.5,90.5,0.0,0.0,1,91.0,23.0,DOME,6:40 PM ET,loanDepot Park,12.0,4.0,0,13.0,,0.0196078431372549,0.1568627450980392,0.2352941176470588,77.39322222222222,0.2682688888888889,0.3365666666666666,0.054054054054054,,,,,0,0,0,,9,3,2026-08-26,823825,702332
Ernie Clement,TOR,R,Randy Dobnak,R,TOR,KC,H,mlb_schedule,0.0724547849748962,1280,0,,,,,0.0444547849748962,0.0963391136801541,0.0385356454720616,0.8651252408477842,3.5,0.9990989323716023,106.3,75.2,10.1,-6.888183436631233,0,95.0,1.0,7 MPH TOWARD HP,7:07 PM ET,Rogers Centre,9.0,8.0,0,21.0,,0.0,0.14,0.18,80.13255555555556,0.28219,0.3490011111111111,0.0185185185185185,,,,,0,0,0,,5,4,2026-08-26,822772,676391
Cody Freeman,TEX,R,Sean Burke,R,CWS,CWS,A,mlb_schedule,0.0670211470643856,1392,0,,,,,0.0390211470643856,0.22,0.08,0.7000000000000001,3.4,0.9833193770346799,91.0,85.1,11.2,8.323222045346816,0,90.0,14.0,8 MPH TOWARD OF,7:40 PM ET,Rate Field,,9.0,0,344.0,3.689,0.0,0.125,0.125,78.1738888888889,0.2374388888888888,0.2862055555555555,0.0419580419580419,3.27,1.047945205479452,17.0,146.0,0,0,0,,0,0,2026-08-26,824555,683227
Jose Fernandez,AZ,R,Matthew Boyd,L,AZ,CHC,H,mlb_schedule,0.0632264265941939,1482,0,,,,,0.0352264265941939,0.22,0.08,0.7000000000000001,3.7,0.9883761862532516,97.4,116.2,0.0,0.0,1,26.0,3.0,DOME,3:40 PM ET,Chase Field,,6.0,0,,2.35,0.0,0.2857142857142857,0.0714285714285714,84.56211111111111,0.2503344444444444,0.3317133333333333,0.0578947368421052,,,,,4,0,0,0.0,3,0,2026-08-26,825039,699912
Jorbit Vivas,WSH,L,Tanner Gordon,R,WSH,COL,H,mlb_schedule,0.0623750004554114,1503,0,,,,,0.0343750004554114,0.22,0.08,0.7000000000000001,3.5,0.9852114909473604,93.0,86.3,9.3,5.46640284632,0,91.0,1.0,5 MPH TOWARD OF,6:45 PM ET,Nationals Park,,8.0,0,63.0,4.091,0.0,0.0303030303030303,0.2727272727272727,80.30611111111111,0.2525666666666666,0.318761111111111,0.06,,,,,4,0,0,0.0,3,0,2026-08-26,822692,678391
Bryce Teodosio,LAA,R,Joey Cantillo,L,LAA,CLE,H,mlb_schedule,0.0619665291092594,1514,0,,,,,0.0339665291092594,0.22,0.08,0.7000000000000001,3.4,0.98331937703468,100.9,100.3,8.1,3.164922140763117,0,89.0,1.0,3 MPH TOWARD OF,4:07 PM ET,Angel Stadium,,9.0,0,337.0,5.01,0.0,0.2592592592592592,0.2222222222222222,75.67333333333335,0.2575357142857143,0.351702380952381,0.0350877192982456,,,,,4,0,0,0.0,0,0,2026-08-26,823988,669326
Steven Kwan,CLE,L,Grayson Rodriguez,R,LAA,LAA,A,mlb_schedule,0.0557652069510937,1693,0,,,,,0.0277652069510937,0.0974658869395711,0.1442495126705653,0.7582846003898636,4.3,0.9977704943554248,103.2,100.3,8.1,3.164922140763117,0,89.0,1.0,3 MPH TOWARD OF,4:07 PM ET,Angel Stadium,2.0,1.0,0,19.0,5.029,0.0,0.1176470588235294,0.2352941176470588,82.90877777777779,0.24373,0.3098977777777777,0.0571428571428571,,,,,12,2,0,0.167,2,0,2026-08-26,823988,680757
Chandler Simpson,TB,L,Troy Melton,R,DET,DET,A,mlb_schedule,0.0531233375139587,1782,0,,,,,0.0251233375139587,0.0838323353293413,0.0459081836327345,0.8702594810379242,3.9,0.9996524678716808,97.2,83.3,13.2,11.544980134240022,0,94.0,43.0,12 MPH TOWARD OF,1:10 PM ET,Comerica Park,,5.0,0,,3.729,0.0,0.0806451612903225,0.1935483870967742,80.1181111111111,0.2404477777777778,0.2969433333333333,0.0202702702702702,,,,,8,0,0,0.0,1,0,2026-08-26,824234,802415
Turner Hill,SF,L,Nick Lodolo,L,SF,CIN,H,mlb_schedule,0.0426254446631246,2246,0,,,,,0.0146254446631246,0.22,0.08,0.7000000000000001,3.9,0.9908636465286554,77.2,,,,0,,,CALM,3:45 PM ET,Oracle Park,,5.0,0,,6.498,,,,,,,0.0451612903225806,,,,,0,0,0,,0,0,2026-08-26,823180,806367
Tyler Heineman,LAA,L,Joey Cantillo,L,LAA,CLE,H,mlb_schedule,0.0426254446631246,2246,0,,,,,0.0146254446631246,0.22,0.08,0.7000000000000001,3.5,0.9852114909473604,103.2,100.3,8.1,3.164922140763117,0,89.0,1.0,3 MPH TOWARD OF,4:07 PM ET,Angel Stadium,,8.0,0,95.0,5.01,0.0,0.1153846153846153,0.1538461538461538,71.15555555555557,0.2030333333333333,0.2492666666666666,0.0350877192982456,,,,,4,2,0,0.5,1,0,2026-08-26,823988,623168
Brett Bateman,TOR,L,Randy Dobnak,R,TOR,KC,H,mlb_schedule,0.0368991132634396,2610,0,,,,,0.0088991132634396,0.22,0.08,0.7000000000000001,4.3,0.9943555530543188,108.2,75.2,10.1,-6.888183436631233,0,95.0,1.0,7 MPH TOWARD HP,7:07 PM ET,Rogers Centre,,1.0,0,,,0.0,0.1555555555555555,0.0666666666666666,78.9551282051282,0.3002679487179487,0.3817076923076923,0.0185185185185185,,,,,0,0,0,,0,0,2026-08-26,822772,703520
