batter,player_name,team_abbr,opp_team,is_home,bat_order,in_lineup,pitcher_id,pitcher_name,p_throws,game_id,game_time,stadium,stand_R,p_throws_R,opp_k_pct_15,game_date,game_pk,is_dome,wind_out,hit_factor,tb_factor,hr_factor,stand,pa,ab,h,doubles,triples,hr,bb,hbp,sf,k,tb,batted_balls,barrels,hard_hits,fly_balls,ground_balls,line_drives,avg_xba,avg_xslg,target_hit_1plus,target_hit_2plus,target_tb_1plus,target_tb_2plus,target_k_1plus,target_k_2plus,batting_avg_15,obp_15,contact_rate_15,k_rate_15,babip_15,iso_15,hr_rate_15,doubles_rate_15,extra_base_hit_rate_15,avg_total_bases_15,avg_k_per_game_15,hard_hit_pct_15,line_drive_pct_15,gb_pct_15,fly_ball_pct_15,barrel_pct_15,xba_15,xslg_15,batting_avg_last_5,k_rate_last_5,xba_last_5,xslg_last_5,batting_avg_vs_R_15,slg_vs_R_15,k_rate_vs_R_15,batting_avg_vs_L_15,slg_vs_L_15,k_rate_vs_L_15,p_contact_rate_allowed_10,p_babip_allowed_10,p_slg_allowed_10,p_iso_allowed_10,p_gb_pct_10,p_fb_pct_10,p_barrel_pct_allowed_10,p_hits_per9_10,p_hr_per9_10,p_k_per9_10,p_k_rate_10,p_hit_1plus,p_hit_2plus,adj_prob,pred_hits,book_markets,primary_line,primary_side,primary_best_book,primary_best_odds,primary_book_implied,primary_has_line,primary_edge,secondary_line,secondary_side,secondary_best_book,secondary_best_odds,secondary_book_implied,secondary_has_line,secondary_edge
663586,Austin Riley,ATL,NYM,0,8.0,1.0,681035,Christian Scott,R,823598,7:10 PM ET,Citi Field,1,1,0.22487223168654175,2026-07-29,823598,,0,96.9,97.2,97.5,R,3,3,0,0,0,0,0,0,0,2,0,1,0,0,0,1,0,0.198,0.223,0,0,0,0,1,1,0.25,0.3225806451612903,0.625,0.3387096774193548,0.34375,0.17857142857142858,0.04838709677419355,0.016129032258064516,0.07142857142857142,1.6,1.4,0.5142857142857142,0.22857142857142856,0.37142857142857144,0.3142857142857143,0.02857142857142857,0.37760777777777776,0.6899833333333334,0.2857142857142857,0.45454545454545453,0.40285000000000004,0.5242500000000001,0.24561403508771928,0.42105263157894735,0.3709677419354839,0.2037037037037037,0.2777777777777778,0.2786885245901639,0.6146341463414634,0.1977401129943503,0.3770491803278688,0.15300546448087432,0.3412698412698413,0.29365079365079366,0.031746031746031744,7.741258741258741,1.3216783216783217,11.13986013986014,0.28921568627450983,0.50499230695966,0.15715345787520832,0.50499230695966,0.25,"{""novig"": {""0.5"": {""over"": -125, ""under"": -102}}, ""betmgm"": {""0.5"": {""over"": -130, ""under"": -105}}, ""draftkings"": {""0.5"": {""over"": -127, ""under"": -104}}, ""fanduel"": {""0.5"": {""over"": -160}}}",0.5,over,novig,-125.0,0.5555555555555556,True,-0.0506,1.5,,,,,False,
686948,Drake Baldwin,ATL,NYM,0,1.0,1.0,681035,Christian Scott,R,823598,7:10 PM ET,Citi Field,0,1,0.22487223168654175,2026-07-29,823598,,0,96.9,97.2,97.5,L,4,4,1,0,0,0,0,0,0,1,1,3,0,3,0,2,1,0.5133333333333333,0.62,1,0,1,0,1,0,0.38596491228070173,0.5,0.8245614035087719,0.14285714285714285,0.40476190476190477,0.2631578947368421,0.07142857142857142,0.0,0.08771929824561403,2.466666666666667,0.6666666666666666,0.5319148936170213,0.3191489361702128,0.3829787234042553,0.2553191489361702,0.02127659574468085,0.39401888888888886,0.6679577777777778,0.3684210526315789,0.20833333333333334,0.3315166666666666,0.6323833333333334,0.37037037037037035,0.5925925925925926,0.08955223880597014,0.20634920634920634,0.4444444444444444,0.26865671641791045,0.6146341463414634,0.1977401129943503,0.3770491803278688,0.15300546448087432,0.3412698412698413,0.29365079365079366,0.031746031746031744,7.741258741258741,1.3216783216783217,11.13986013986014,0.28921568627450983,0.5863902644480915,0.2150674909464508,0.5863902644480915,0.38596491228070173,"{""novig"": {""0.5"": {""over"": -217, ""under"": 170}}, ""betmgm"": {""0.5"": {""over"": -235, ""under"": 175}}, ""draftkings"": {""0.5"": {""over"": -223, ""under"": 165}}, ""fanduel"": {""0.5"": {""over"": -260}}}",0.5,over,novig,-217.0,0.6845425867507886,True,-0.0982,1.5,,,,,False,
805347,Jim Jarvis,ATL,NYM,0,9.0,1.0,681035,Christian Scott,R,823598,7:10 PM ET,Citi Field,0,1,0.22487223168654175,2026-07-29,823598,,0,96.9,97.2,97.5,L,3,3,0,0,0,0,0,0,0,0,0,3,0,1,0,1,2,0.2806666666666667,0.38466666666666666,0,0,0,0,0,0,0.2826086956521739,0.32653061224489793,0.8260869565217391,0.15384615384615385,0.32432432432432434,0.1956521739130435,0.019230769230769232,0.07692307692307693,0.13043478260869565,1.4666666666666666,0.5333333333333333,0.4146341463414634,0.1951219512195122,0.5853658536585366,0.17073170731707318,0.04878048780487805,0.3169571428571429,0.4265738095238095,0.15384615384615385,0.125,0.30203333333333326,0.34426666666666667,0.2857142857142857,0.46938775510204084,0.19230769230769232,0.25,0.25,0.1111111111111111,0.6146341463414634,0.1977401129943503,0.3770491803278688,0.15300546448087432,0.3412698412698413,0.29365079365079366,0.031746031746031744,7.741258741258741,1.3216783216783217,11.13986013986014,0.28921568627450983,0.3737894952670964,0.08765134399573789,0.3737894952670964,0.2826086956521739,"{""novig"": {""0.5"": {""over"": -115, ""under"": -106}}, ""betmgm"": {""0.5"": {""over"": -125, ""under"": -105}}, ""draftkings"": {""0.5"": {""over"": -121, ""under"": -110}}, ""fanduel"": {""0.5"": {""over"": -160}}}",0.5,over,novig,-115.0,0.5348837209302325,True,-0.1611,1.5,,,,,False,
621566,Matt Olson,ATL,NYM,0,3.0,1.0,681035,Christian Scott,R,823598,7:10 PM ET,Citi Field,0,1,0.22487223168654175,2026-07-29,823598,,0,96.9,97.2,97.5,L,4,3,0,0,0,0,1,0,0,2,0,1,0,0,0,1,0,0.337,0.374,0,0,0,0,1,1,0.22413793103448276,0.34782608695652173,0.6379310344827587,0.30434782608695654,0.29411764705882354,0.1896551724137931,0.043478260869565216,0.028985507246376812,0.08620689655172414,1.6,1.4,0.40540540540540543,0.10810810810810811,0.43243243243243246,0.32432432432432434,0.05405405405405406,0.3225,0.6847722222222222,0.25,0.25,0.3394666666666668,0.7631999999999998,0.2631578947368421,0.631578947368421,0.2318840579710145,0.2542372881355932,0.3389830508474576,0.3125,0.6146341463414634,0.1977401129943503,0.3770491803278688,0.15300546448087432,0.3412698412698413,0.29365079365079366,0.031746031746031744,7.741258741258741,1.3216783216783217,11.13986013986014,0.28921568627450983,0.5524104291731516,0.18797153419417145,0.5524104291731516,0.22413793103448276,"{""novig"": {""0.5"": {""over"": -182, ""under"": 147}}, ""betmgm"": {""0.5"": {""over"": -190, ""under"": 140}}, ""draftkings"": {""0.5"": {""over"": -185, ""under"": 138}}, ""fanduel"": {""0.5"": {""over"": -210}}}",0.5,over,novig,-182.0,0.6453900709219859,True,-0.093,1.5,,,,,False,
643289,Mauricio Dubón,ATL,NYM,0,6.0,1.0,681035,Christian Scott,R,823598,7:10 PM ET,Citi Field,1,1,0.22487223168654175,2026-07-29,823598,,0,96.9,97.2,97.5,R,3,3,0,0,0,0,0,0,0,0,0,3,0,1,2,0,0,0.15733333333333333,0.205,0,0,0,0,0,0,0.18333333333333332,0.20634920634920634,0.85,0.13636363636363635,0.19607843137254902,0.08333333333333333,0.015151515151515152,0.030303030303030304,0.05,1.0666666666666667,0.6,0.2830188679245283,0.22641509433962265,0.4528301886792453,0.20754716981132076,0.0,0.2644988888888889,0.3909944444444445,0.25,0.043478260869565216,0.3033499999999999,0.39293333333333336,0.2459016393442623,0.29508196721311475,0.13432835820895522,0.2631578947368421,0.543859649122807,0.12698412698412698,0.6146341463414634,0.1977401129943503,0.3770491803278688,0.15300546448087432,0.3412698412698413,0.29365079365079366,0.031746031746031744,7.741258741258741,1.3216783216783217,11.13986013986014,0.28921568627450983,0.6202076503601918,0.19759208331617586,0.6202076503601918,0.18333333333333332,"{""novig"": {""0.5"": {""over"": -170, ""under"": 133}}, ""betmgm"": {""0.5"": {""over"": -165, ""under"": 125}}, ""draftkings"": {""0.5"": {""over"": -175, ""under"": 131}}, ""fanduel"": {""0.5"": {""over"": -190}}}",0.5,over,betmgm,-165.0,0.6226415094339622,True,-0.0024,1.5,,,,,False,
671739,Michael Harris II,ATL,NYM,0,4.0,1.0,681035,Christian Scott,R,823598,7:10 PM ET,Citi Field,0,1,0.22487223168654175,2026-07-29,823598,,0,96.9,97.2,97.5,L,3,3,1,0,0,0,0,0,0,1,1,2,0,2,0,1,1,0.6065,0.7335,1,0,1,0,1,0,0.2537313432835821,0.2608695652173913,0.835820895522388,0.15714285714285714,0.25925925925925924,0.22388059701492538,0.04285714285714286,0.08571428571428572,0.13432835820895522,2.1333333333333333,0.7333333333333333,0.47368421052631576,0.22807017543859648,0.43859649122807015,0.24561403508771928,0.017543859649122806,0.29983111111111105,0.5080666666666667,0.2608695652173913,0.16666666666666666,0.3397233333333333,0.62625,0.29411764705882354,0.4852941176470588,0.20833333333333334,0.2982456140350877,0.6140350877192983,0.18333333333333332,0.6146341463414634,0.1977401129943503,0.3770491803278688,0.15300546448087432,0.3412698412698413,0.29365079365079366,0.031746031746031744,7.741258741258741,1.3216783216783217,11.13986013986014,0.28921568627450983,0.6007440161514594,0.2117164569753227,0.6007440161514594,0.2537313432835821,"{""novig"": {""0.5"": {""over"": -223, ""under"": 170}}, ""betmgm"": {""0.5"": {""over"": -235, ""under"": 175}}, ""draftkings"": {""0.5"": {""over"": -224, ""under"": 166}}, ""fanduel"": {""0.5"": {""over"": -230}}}",0.5,over,novig,-223.0,0.6904024767801857,True,-0.0897,1.5,,,,,False,
573262,Mike Yastrzemski,ATL,NYM,0,7.0,1.0,681035,Christian Scott,R,823598,7:10 PM ET,Citi Field,0,1,0.22487223168654175,2026-07-29,823598,,0,96.9,97.2,97.5,L,3,2,0,0,0,0,1,0,0,1,0,1,0,0,0,1,0,0.176,0.215,0,0,0,0,1,0,0.2564102564102564,0.34782608695652173,0.717948717948718,0.2391304347826087,0.2962962962962963,0.20512820512820512,0.043478260869565216,0.043478260869565216,0.10256410256410256,1.2,0.7333333333333333,0.4482758620689655,0.20689655172413793,0.27586206896551724,0.41379310344827586,0.034482758620689655,0.30815476190476193,0.6453571428571429,0.18181818181818182,0.45454545454545453,0.1607499999999999,0.21287499999999998,0.2564102564102564,0.46153846153846156,0.2391304347826087,0.2,0.35555555555555557,0.2545454545454545,0.6146341463414634,0.1977401129943503,0.3770491803278688,0.15300546448087432,0.3412698412698413,0.29365079365079366,0.031746031746031744,7.741258741258741,1.3216783216783217,11.13986013986014,0.28921568627450983,0.4956338991755856,0.14240013392451067,0.4956338991755856,0.2564102564102564,"{""novig"": {""0.5"": {""over"": -117, ""under"": -111}}, ""betmgm"": {""0.5"": {""over"": -115, ""under"": -115}}, ""draftkings"": {""0.5"": {""over"": -122, ""under"": -109}}, ""fanduel"": {""0.5"": {""over"": -130}}}",0.5,over,betmgm,-115.0,0.5348837209302325,True,-0.0392,1.5,,,,,False,
645277,Ozzie Albies,ATL,NYM,0,5.0,1.0,681035,Christian Scott,R,823598,7:10 PM ET,Citi Field,0,1,0.22487223168654175,2026-07-29,823598,,0,96.9,97.2,97.5,L,1,1,0,0,0,0,0,0,0,0,0,1,0,0,0,1,0,0.149,0.152,0,0,0,0,0,0,0.1875,0.23076923076923078,0.7083333333333334,0.2692307692307692,0.1875,0.1875,0.057692307692307696,0.0,0.0625,1.2,0.9333333333333333,0.2,0.17142857142857143,0.22857142857142856,0.45714285714285713,0.0,0.23974358974358978,0.3678974358974359,0.13333333333333333,0.3333333333333333,0.28708333333333336,0.3867083333333332,0.21875,0.453125,0.2898550724637681,0.2542372881355932,0.4915254237288136,0.15151515151515152,0.6146341463414634,0.1977401129943503,0.3770491803278688,0.15300546448087432,0.3412698412698413,0.29365079365079366,0.031746031746031744,7.741258741258741,1.3216783216783217,11.13986013986014,0.28921568627450983,0.5210665353581163,0.1431369796014332,0.5210665353581163,0.1875,"{""novig"": {""0.5"": {""over"": -178, ""under"": 138}}, ""betmgm"": {""0.5"": {""over"": -185, ""under"": 135}}, ""draftkings"": {""0.5"": {""over"": -181, ""under"": 136}}, ""fanduel"": {""0.5"": {""over"": -240}}}",0.5,over,novig,-178.0,0.6402877697841727,True,-0.1192,1.5,,,,,False,
660670,Ronald Acuña Jr.,ATL,NYM,0,2.0,1.0,681035,Christian Scott,R,823598,7:10 PM ET,Citi Field,1,1,0.22487223168654175,2026-07-29,823598,,0,96.9,97.2,97.5,R,4,4,1,0,0,0,0,0,0,2,1,2,0,1,0,1,1,0.5675,0.7464999999999999,1,0,1,0,1,1,0.24528301886792453,0.3939393939393939,0.6415094339622641,0.2878787878787879,0.27586206896551724,0.3018867924528302,0.07575757575757576,0.015151515151515152,0.11320754716981132,1.9333333333333333,1.2666666666666666,0.4117647058823529,0.17647058823529413,0.4117647058823529,0.3235294117647059,0.08823529411764706,0.3360297619047619,0.8026309523809524,0.2777777777777778,0.25,0.19825000000000004,0.24703333333333322,0.3090909090909091,0.5818181818181818,0.208955223880597,0.25,0.4642857142857143,0.29850746268656714,0.6146341463414634,0.1977401129943503,0.3770491803278688,0.15300546448087432,0.3412698412698413,0.29365079365079366,0.031746031746031744,7.741258741258741,1.3216783216783217,11.13986013986014,0.28921568627450983,0.5642207192190333,0.1864461059605695,0.5642207192190333,0.24528301886792453,"{""novig"": {""0.5"": {""over"": -167, ""under"": 153}}, ""betmgm"": {""0.5"": {""over"": -200, ""under"": 150}}, ""draftkings"": {""0.5"": {""over"": -187, ""under"": 140}}, ""fanduel"": {""0.5"": {""over"": -230}}}",0.5,over,novig,-167.0,0.6254681647940075,True,-0.0612,1.5,,,,,False,
805811,Bryce Eldridge,SF,MIL,1,2.0,1.0,623381,Thomas Pannone,L,823192,3:45 PM ET,Oracle Park,0,0,0.2328519855595668,2026-07-29,823192,0.0,1,100.6,96.8,86.1,L,4,4,1,0,0,1,0,0,0,2,4,2,1,2,1,1,0,0.5075000000000001,1.079,1,0,1,1,1,1,0.19607843137254902,0.3492063492063492,0.6078431372549019,0.31746031746031744,0.25,0.21568627450980393,0.047619047619047616,0.031746031746031744,0.09803921568627451,1.4,1.3333333333333333,0.5483870967741935,0.1935483870967742,0.3225806451612903,0.45161290322580644,0.06451612903225806,0.39200641025641025,0.889602564102564,0.0625,0.2857142857142857,0.2356666666666667,0.44170833333333326,0.20754716981132076,0.39622641509433965,0.296875,0.25,0.5,0.26666666666666666,,,,,,,,,,,,0.49348681034727554,0.14155261910618153,0.49348681034727554,0.19607843137254902,"{""bet365"": {""0.5"": {""over"": -180, ""under"": 135}}, ""betmgm"": {""0.5"": {""over"": -200, ""under"": 145}}, ""draftkings"": {""0.5"": {""over"": -171, ""under"": 128}}, ""fanduel"": {""0.5"": {""over"": 154}}}",0.5,over,fanduel,154.0,0.3937007874015748,True,0.0998,1.5,,,,,False,
683766,Christian Koss,SF,MIL,1,9.0,1.0,623381,Thomas Pannone,L,823192,3:45 PM ET,Oracle Park,1,0,0.2328519855595668,2026-07-29,823192,0.0,1,100.6,96.8,86.1,R,3,3,0,0,0,0,0,0,0,2,0,1,0,0,0,0,0,0.014,0.014,0,0,0,0,1,1,0.15151515151515152,0.2222222222222222,0.8484848484848485,0.1388888888888889,0.14814814814814814,0.12121212121212122,0.027777777777777776,0.027777777777777776,0.06060606060606061,0.6,0.3333333333333333,0.17857142857142858,0.07142857142857142,0.5,0.2857142857142857,0.0,0.17746666666666666,0.19766666666666666,0.2,0.08333333333333333,0.2544,0.27559999999999996,0.17647058823529413,0.29411764705882354,0.16216216216216217,0.2647058823529412,0.3235294117647059,0.3,,,,,,,,,,,,0.25507970657468076,0.028995154915113536,0.25507970657468076,0.15151515151515152,"{""bet365"": {""0.5"": {""over"": -140, ""under"": 105}}, ""betmgm"": {""0.5"": {""over"": -150, ""under"": 110}}, ""draftkings"": {""0.5"": {""over"": 110, ""under"": -145}}, ""fanduel"": {""0.5"": {""over"": 130}}}",0.5,over,fanduel,130.0,0.43478260869565216,True,-0.1797,1.5,,,,,False,
691740,Daniel Susac,SF,MIL,1,7.0,1.0,623381,Thomas Pannone,L,823192,3:45 PM ET,Oracle Park,1,0,0.2328519855595668,2026-07-29,823192,0.0,1,100.6,96.8,86.1,R,1,1,0,0,0,0,0,0,0,0,0,1,0,1,0,0,1,0.38,0.597,0,0,0,0,0,0,0.15555555555555556,0.2,0.7555555555555555,0.21568627450980393,0.19444444444444445,0.044444444444444446,0.0,0.0392156862745098,0.044444444444444446,0.6,0.7333333333333333,0.2702702702702703,0.24324324324324326,0.40540540540540543,0.2972972972972973,0.0,0.27880000000000005,0.35256666666666664,0.15384615384615385,0.2,0.4150666666666667,0.5535333333333334,0.1,0.14,0.27586206896551724,0.425,0.5,0.18604651162790697,,,,,,,,,,,,0.48732109724745704,0.13171920612960106,0.48732109724745704,0.15555555555555556,"{""draftkings"": {""1.5"": {""over"": -125, ""under"": -110}, ""0.5"": {""over"": -184, ""under"": 138}}, ""fanduel"": {""0.5"": {""over"": -175}}}",0.5,over,fanduel,-175.0,0.6363636363636364,True,-0.149,1.5,over,draftkings,-125.0,0.5555555555555556,True,-0.4238
687529,Grant McCray,SF,MIL,1,8.0,1.0,623381,Thomas Pannone,L,823192,3:45 PM ET,Oracle Park,0,0,0.2328519855595668,2026-07-29,823192,0.0,1,100.6,96.8,86.1,L,4,3,1,0,0,0,1,0,0,1,1,2,0,0,0,2,0,0.2505,0.26749999999999996,1,0,1,0,1,0,0.10714285714285714,0.21212121212121213,0.5714285714285714,0.3333333333333333,0.125,0.17857142857142858,0.027777777777777776,0.0,0.07142857142857142,0.5333333333333333,0.8,0.25,0.15,0.5,0.25,0.05,0.2606818181818182,0.5077575757575757,0.125,0.2727272727272727,0.2867777777777778,0.526222222222222,0.14285714285714285,0.32142857142857145,0.3888888888888889,0.23076923076923078,0.6153846153846154,0.39285714285714285,,,,,,,,,,,,0.4385635290337109,0.08176004184544294,0.4385635290337109,0.10714285714285714,"{""bet365"": {""0.5"": {""over"": -110, ""under"": -120}}, ""betmgm"": {""0.5"": {""over"": -110, ""under"": -120}}, ""draftkings"": {""0.5"": {""over"": -110, ""under"": -121}}, ""fanduel"": {""0.5"": {""over"": 134}}}",0.5,over,fanduel,134.0,0.42735042735042733,True,0.0112,1.5,,,,,False,
671218,Heliot Ramos,SF,MIL,1,3.0,1.0,623381,Thomas Pannone,L,823192,3:45 PM ET,Oracle Park,1,0,0.2328519855595668,2026-07-29,823192,0.0,1,100.6,96.8,86.1,R,4,4,1,0,0,0,0,0,0,0,1,4,0,0,1,2,0,0.07275,0.08549999999999999,1,0,1,0,0,0,0.19047619047619047,0.2153846153846154,0.6507936507936508,0.3384615384615385,0.275,0.047619047619047616,0.015384615384615385,0.0,0.015873015873015872,1.0,1.4666666666666666,0.4634146341463415,0.14634146341463414,0.6585365853658537,0.17073170731707318,0.024390243902439025,0.3580055555555556,0.6026944444444445,0.09090909090909091,0.34782608695652173,0.3046,0.4068500000000001,0.20634920634920634,0.25396825396825395,0.35384615384615387,0.3103448275862069,0.5344827586206896,0.26229508196721313,,,,,,,,,,,,0.5432997064481198,0.16867474934868387,0.5432997064481198,0.19047619047619047,"{""bet365"": {""0.5"": {""over"": -250, ""under"": 185}}, ""betmgm"": {""0.5"": {""over"": -160, ""under"": 120}}, ""draftkings"": {""0.5"": {""over"": -180, ""under"": 135}, ""1.5"": {""over"": 202, ""under"": -276}}, ""fanduel"": {""0.5"": {""over"": -260}}}",0.5,over,betmgm,-160.0,0.6153846153846154,True,-0.0721,1.5,over,draftkings,202.0,0.33112582781456956,True,-0.1625
808982,Jung Hoo Lee,SF,MIL,1,5.0,1.0,623381,Thomas Pannone,L,823192,3:45 PM ET,Oracle Park,0,0,0.2328519855595668,2026-07-29,823192,0.0,1,100.6,96.8,86.1,L,4,4,1,0,0,0,0,0,0,2,1,2,0,0,0,2,0,0.247,0.28,1,0,1,0,1,1,0.22641509433962265,0.2807017543859649,0.8490566037735849,0.14035087719298245,0.25,0.1320754716981132,0.017543859649122806,0.03508771929824561,0.07547169811320754,1.2666666666666666,0.5333333333333333,0.28888888888888886,0.2222222222222222,0.4888888888888889,0.2,0.0,0.3219388888888889,0.40643333333333337,0.2777777777777778,0.1,0.43804999999999994,0.5929499999999999,0.25925925925925924,0.3888888888888889,0.10344827586206896,0.24561403508771928,0.3333333333333333,0.15254237288135594,,,,,,,,,,,,0.544227531403981,0.1923715572308958,0.544227531403981,0.22641509433962265,"{""betmgm"": {""0.5"": {""over"": 105, ""under"": -140}}, ""draftkings"": {""0.5"": {""over"": -241, ""under"": 178}}, ""fanduel"": {""0.5"": {""over"": 120}}}",0.5,over,fanduel,120.0,0.45454545454545453,True,0.0897,1.5,,,,,False,
650333,Luis Arraez,SF,MIL,1,1.0,1.0,623381,Thomas Pannone,L,823192,3:45 PM ET,Oracle Park,0,0,0.2328519855595668,2026-07-29,823192,0.0,1,100.6,96.8,86.1,L,4,4,1,0,0,0,0,0,0,0,1,4,0,0,1,2,1,0.353,0.3985,1,0,1,0,0,0,0.32786885245901637,0.36363636363636365,0.9180327868852459,0.07575757575757576,0.3508771929824561,0.06557377049180328,0.0,0.06060606060606061,0.06557377049180328,1.6,0.3333333333333333,0.07017543859649122,0.3157894736842105,0.3508771929824561,0.2807017543859649,0.0,0.2761777777777778,0.3370977777777778,0.38095238095238093,0.09090909090909091,0.28690666666666675,0.3639866666666666,0.3114754098360656,0.3770491803278688,0.05970149253731343,0.3389830508474576,0.5423728813559322,0.07692307692307693,,,,,,,,,,,,0.5633142926160521,0.18434961457527865,0.5633142926160521,0.32786885245901637,"{""bet365"": {""1.5"": {""over"": 170, ""under"": -230}}, ""betmgm"": {""1.5"": {""over"": 155, ""under"": -210}}, ""draftkings"": {""1.5"": {""over"": 161, ""under"": -216}}, ""fanduel"": {""0.5"": {""over"": -330}}}",0.5,over,fanduel,-330.0,0.7674418604651163,True,-0.2041,1.5,over,bet365,170.0,0.37037037037037035,True,-0.186
646240,Rafael Devers,SF,MIL,1,4.0,1.0,623381,Thomas Pannone,L,823192,3:45 PM ET,Oracle Park,0,0,0.2328519855595668,2026-07-29,823192,0.0,1,100.6,96.8,86.1,L,4,4,1,0,0,0,0,0,0,1,1,3,0,2,0,2,1,0.578,0.759,1,0,1,0,1,0,0.24074074074074073,0.35384615384615387,0.7037037037037037,0.24615384615384617,0.2571428571428571,0.2777777777777778,0.06153846153846154,0.046153846153846156,0.12962962962962962,1.8666666666666667,1.0666666666666667,0.5128205128205128,0.1794871794871795,0.4358974358974359,0.3333333333333333,0.0,0.29308888888888884,0.48778333333333335,0.35294117647058826,0.09523809523809523,0.33390000000000014,0.6545666666666666,0.24528301886792453,0.5283018867924528,0.2153846153846154,0.19298245614035087,0.3684210526315789,0.25,,,,,,,,,,,,0.5568124140359719,0.17646367860074594,0.5568124140359719,0.24074074074074073,"{""bet365"": {""0.5"": {""over"": -180, ""under"": 135}}, ""betmgm"": {""0.5"": {""over"": -140, ""under"": 105}}, ""draftkings"": {""0.5"": {""over"": -172, ""under"": 129}}, ""fanduel"": {""0.5"": {""over"": 154}}}",0.5,over,fanduel,154.0,0.3937007874015748,True,0.1631,1.5,,,,,False,
642715,Willy Adames,SF,MIL,1,6.0,1.0,623381,Thomas Pannone,L,823192,3:45 PM ET,Oracle Park,1,0,0.2328519855595668,2026-07-29,823192,0.0,1,100.6,96.8,86.1,R,4,4,1,0,0,0,0,0,0,1,1,3,0,0,1,0,0,0.3256666666666667,0.3453333333333333,1,0,1,0,1,0,0.2,0.26666666666666666,0.6545454545454545,0.31666666666666665,0.21875,0.2727272727272727,0.06666666666666667,0.05,0.12727272727272726,1.7333333333333334,1.2666666666666666,0.25,0.08333333333333333,0.4722222222222222,0.3611111111111111,0.027777777777777776,0.32111666666666666,0.5346055555555557,0.25,0.3333333333333333,0.21939999999999998,0.30760000000000015,0.21818181818181817,0.4909090909090909,0.3333333333333333,0.2909090909090909,0.5818181818181818,0.2459016393442623,,,,,,,,,,,,0.5180977684813811,0.1491595137310249,0.5180977684813811,0.2,"{""betmgm"": {""0.5"": {""over"": -105, ""under"": -125}}, ""draftkings"": {""0.5"": {""over"": -143, ""under"": 108}}, ""fanduel"": {""0.5"": {""over"": 110}}}",0.5,over,fanduel,110.0,0.47619047619047616,True,0.0419,1.5,,,,,False,
668930,Brice Turang,MIL,SF,0,1.0,1.0,657277,Logan Webb,R,823192,3:45 PM ET,Oracle Park,0,1,0.22103386809269163,2026-07-29,823192,0.0,1,100.6,96.8,86.1,L,5,5,3,0,0,0,0,0,0,1,3,4,0,0,0,2,2,0.56725,0.65025,1,1,1,1,1,0,0.24561403508771928,0.3484848484848485,0.7719298245614035,0.19696969696969696,0.2682926829268293,0.24561403508771928,0.045454545454545456,0.07575757575757576,0.14035087719298245,1.8666666666666667,0.8666666666666667,0.45454545454545453,0.2727272727272727,0.36363636363636365,0.3409090909090909,0.045454545454545456,0.30385777777777784,0.5472577777777778,0.4117647058823529,0.2,0.39849999999999997,0.6280333333333333,0.3225806451612903,0.5967741935483871,0.19402985074626866,0.16393442622950818,0.2786885245901639,0.2608695652173913,0.7450199203187251,0.18061674008810572,0.31759656652360513,0.11587982832618025,0.46524064171123,0.25133689839572193,0.0213903743315508,7.673684210526317,0.7105263157894738,7.247368421052633,0.204,0.6689885847393428,0.27850591682805464,0.6689885847393428,0.24561403508771928,"{""bet365"": {""0.5"": {""over"": -275, ""under"": 200}}, ""betmgm"": {""1.5"": {""over"": -185, ""under"": 135}}, ""draftkings"": {""1.5"": {""over"": 194, ""under"": -264}}, ""fanduel"": {""0.5"": {""over"": -250}}}",0.5,over,fanduel,-250.0,0.7142857142857143,True,-0.0453,1.5,over,draftkings,194.0,0.3401360544217687,True,-0.0616
592885,Christian Yelich,MIL,SF,0,4.0,1.0,657277,Logan Webb,R,823192,3:45 PM ET,Oracle Park,0,1,0.22103386809269163,2026-07-29,823192,0.0,1,100.6,96.8,86.1,L,5,4,1,0,0,0,1,0,0,1,1,3,0,0,0,3,0,0.19533333333333333,0.22166666666666668,1,0,1,0,1,0,0.22580645161290322,0.30985915492957744,0.7258064516129032,0.23943661971830985,0.28888888888888886,0.1935483870967742,0.014084507042253521,0.09859154929577464,0.14516129032258066,1.7333333333333334,1.1333333333333333,0.5,0.1956521739130435,0.5869565217391305,0.1956521739130435,0.021739130434782608,0.31594222222222224,0.4789177777777777,0.21739130434782608,0.125,0.2558933333333332,0.5922333333333334,0.1935483870967742,0.4032258064516129,0.2676056338028169,0.23214285714285715,0.44642857142857145,0.22727272727272727,0.7450199203187251,0.18061674008810572,0.31759656652360513,0.11587982832618025,0.46524064171123,0.25133689839572193,0.0213903743315508,7.673684210526317,0.7105263157894738,7.247368421052633,0.204,0.6347195358526778,0.21074219609025321,0.6347195358526778,0.22580645161290322,"{""bet365"": {""0.5"": {""over"": -220, ""under"": 160}}, ""betmgm"": {""0.5"": {""over"": -210, ""under"": 155}}, ""draftkings"": {""0.5"": {""over"": -202, ""under"": 150}}, ""fanduel"": {""0.5"": {""over"": -195}}}",0.5,over,fanduel,-195.0,0.6610169491525424,True,-0.0263,1.5,,,,,False,
806198,Cooper Pratt,MIL,SF,0,9.0,1.0,657277,Logan Webb,R,823192,3:45 PM ET,Oracle Park,1,1,0.22103386809269163,2026-07-29,823192,0.0,1,100.6,96.8,86.1,R,5,4,1,0,0,0,1,0,0,0,1,4,0,0,2,1,1,0.37,0.48475,1,0,1,0,0,0,0.36538461538461536,0.4067796610169492,0.8269230769230769,0.15254237288135594,0.3953488372093023,0.21153846153846154,0.03389830508474576,0.05084745762711865,0.11538461538461539,2.0,0.6,0.37777777777777777,0.3333333333333333,0.35555555555555557,0.28888888888888886,0.0,0.33605555555555555,0.47952222222222224,0.375,0.16666666666666666,0.25023333333333336,0.4365833333333334,0.34615384615384615,0.5384615384615384,0.13333333333333333,0.2,0.2,0.16666666666666666,0.7450199203187251,0.18061674008810572,0.31759656652360513,0.11587982832618025,0.46524064171123,0.25133689839572193,0.0213903743315508,7.673684210526317,0.7105263157894738,7.247368421052633,0.204,0.5164624014378023,0.14571733067580336,0.5164624014378023,0.36538461538461536,"{""bet365"": {""0.5"": {""over"": -190, ""under"": 140}}, ""betmgm"": {""0.5"": {""over"": -155, ""under"": 115}}, ""draftkings"": {""0.5"": {""over"": -191, ""under"": 143}}, ""fanduel"": {""0.5"": {""over"": -195}}}",0.5,over,betmgm,-155.0,0.6078431372549019,True,-0.0914,1.5,,,,,False,
666152,David Hamilton,MIL,SF,0,8.0,1.0,657277,Logan Webb,R,823192,3:45 PM ET,Oracle Park,0,1,0.22103386809269163,2026-07-29,823192,0.0,1,100.6,96.8,86.1,L,4,2,1,1,0,0,1,0,0,0,2,3,0,0,0,3,0,0.4415,0.5035,1,0,1,1,0,0,0.28205128205128205,0.3170731707317073,0.6410256410256411,0.3181818181818182,0.44,0.10256410256410256,0.0,0.045454545454545456,0.07692307692307693,1.0,0.9333333333333333,0.32142857142857145,0.2857142857142857,0.5,0.17857142857142858,0.0,0.33068589743589744,0.463,0.26666666666666666,0.3125,0.3786333333333333,0.5059000000000001,0.28205128205128205,0.38461538461538464,0.3409090909090909,0.2702702702702703,0.2972972972972973,0.3170731707317073,0.7450199203187251,0.18061674008810572,0.31759656652360513,0.11587982832618025,0.46524064171123,0.25133689839572193,0.0213903743315508,7.673684210526317,0.7105263157894738,7.247368421052633,0.204,0.5525338558512868,0.14685809552603266,0.5525338558512868,0.28205128205128205,"{""bet365"": {""0.5"": {""over"": -115, ""under"": -115}}, ""draftkings"": {""0.5"": {""over"": -130, ""under"": -102}}, ""fanduel"": {""0.5"": {""over"": -135}}}",0.5,over,bet365,-115.0,0.5348837209302325,True,0.0177,1.5,,,,,False,
669003,Garrett Mitchell,MIL,SF,0,6.0,1.0,657277,Logan Webb,R,823192,3:45 PM ET,Oracle Park,0,1,0.22103386809269163,2026-07-29,823192,0.0,1,100.6,96.8,86.1,L,6,3,1,0,0,0,1,1,0,0,1,3,0,1,0,3,0,0.23,0.2663333333333333,1,0,1,0,0,0,0.25,0.3157894736842105,0.7115384615384616,0.2631578947368421,0.35135135135135137,0.09615384615384616,0.0,0.08771929824561403,0.09615384615384616,1.2,1.0,0.43243243243243246,0.32432432432432434,0.5675675675675675,0.10810810810810811,0.02702702702702703,0.4023888888888889,0.5422944444444444,0.0,0.2222222222222222,0.26473333333333343,0.4903333333333334,0.32075471698113206,0.4339622641509434,0.25862068965517243,0.23076923076923078,0.36538461538461536,0.3157894736842105,0.7450199203187251,0.18061674008810572,0.31759656652360513,0.11587982832618025,0.46524064171123,0.25133689839572193,0.0213903743315508,7.673684210526317,0.7105263157894738,7.247368421052633,0.204,0.6003921751045294,0.1601074882363146,0.6003921751045294,0.25,"{""bet365"": {""0.5"": {""over"": -175, ""under"": 132}}, ""betmgm"": {""0.5"": {""over"": -120, ""under"": -110}}, ""draftkings"": {""0.5"": {""over"": -176, ""under"": 132}}, ""fanduel"": {""0.5"": {""over"": -175}}}",0.5,over,betmgm,-120.0,0.5454545454545454,True,0.0549,1.5,,,,,False,
596142,Gary Sánchez,MIL,SF,0,5.0,1.0,657277,Logan Webb,R,823192,3:45 PM ET,Oracle Park,1,1,0.22103386809269163,2026-07-29,823192,0.0,1,100.6,96.8,86.1,R,4,3,1,1,0,0,1,0,0,0,2,3,0,1,0,1,1,0.3286666666666667,0.399,1,0,1,1,0,0,0.19444444444444445,0.3877551020408163,0.8055555555555556,0.14285714285714285,0.20689655172413793,0.1111111111111111,0.02040816326530612,0.02040816326530612,0.05555555555555555,0.7333333333333333,0.4666666666666667,0.36666666666666664,0.23333333333333334,0.36666666666666664,0.3333333333333333,0.03333333333333333,0.2709880952380952,0.390625,0.18181818181818182,0.13333333333333333,0.10745833333333338,0.13299999999999967,0.3125,0.625,0.12195121951219512,0.17142857142857143,0.2,0.1956521739130435,0.7450199203187251,0.18061674008810572,0.31759656652360513,0.11587982832618025,0.46524064171123,0.25133689839572193,0.0213903743315508,7.673684210526317,0.7105263157894738,7.247368421052633,0.204,0.5941028075924881,0.18594813075796682,0.5941028075924881,0.19444444444444445,"{""bet365"": {""0.5"": {""over"": -140, ""under"": 105}}, ""betmgm"": {""0.5"": {""over"": -110, ""under"": -120}}, ""draftkings"": {""0.5"": {""over"": -150, ""under"": 113}}, ""fanduel"": {""0.5"": {""over"": 152}}}",0.5,over,fanduel,152.0,0.3968253968253968,True,0.1973,1.5,,,,,False,
694192,Jackson Chourio,MIL,SF,0,2.0,1.0,657277,Logan Webb,R,823192,3:45 PM ET,Oracle Park,1,1,0.22103386809269163,2026-07-29,823192,0.0,1,100.6,96.8,86.1,R,5,5,2,0,0,0,0,0,0,0,2,5,0,1,0,3,2,0.33920000000000006,0.3726,1,1,1,1,0,0,0.23728813559322035,0.296875,0.6949152542372882,0.28125,0.34146341463414637,0.06779661016949153,0.0,0.0625,0.06779661016949153,1.2,1.2,0.36585365853658536,0.2682926829268293,0.4146341463414634,0.2682926829268293,0.024390243902439025,0.29989777777777776,0.4236122222222222,0.2727272727272727,0.18181818181818182,0.28189333333333333,0.4352033333333333,0.2222222222222222,0.30158730158730157,0.3142857142857143,0.24074074074074073,0.4444444444444444,0.1864406779661017,0.7450199203187251,0.18061674008810572,0.31759656652360513,0.11587982832618025,0.46524064171123,0.25133689839572193,0.0213903743315508,7.673684210526317,0.7105263157894738,7.247368421052633,0.204,0.6495784864636543,0.23578119522325158,0.6495784864636543,0.23728813559322035,"{""draftkings"": {""0.5"": {""over"": -180, ""under"": 135}, ""1.5"": {""over"": 177, ""under"": -239}}, ""fanduel"": {""0.5"": {""over"": -114}}}",0.5,over,fanduel,-114.0,0.5327102803738317,True,0.1169,1.5,over,draftkings,177.0,0.36101083032490977,True,-0.1252
641343,Jake Bauers,MIL,SF,0,3.0,1.0,657277,Logan Webb,R,823192,3:45 PM ET,Oracle Park,0,1,0.22103386809269163,2026-07-29,823192,0.0,1,100.6,96.8,86.1,L,2,2,1,0,0,0,0,0,0,0,1,2,0,1,0,1,1,0.3795,0.5650000000000001,1,0,1,0,0,0,0.2222222222222222,0.39655172413793105,0.5777777777777777,0.3275862068965517,0.3333333333333333,0.15555555555555556,0.034482758620689655,0.017241379310344827,0.06666666666666667,1.1333333333333333,1.2666666666666666,0.5384615384615384,0.19230769230769232,0.46153846153846156,0.3076923076923077,0.0,0.38533333333333336,0.7143472222222221,0.4,0.17647058823529413,0.3843333333333334,0.4948666666666665,0.19148936170212766,0.3191489361702128,0.3684210526315789,0.28,0.56,0.2413793103448276,0.7450199203187251,0.18061674008810572,0.31759656652360513,0.11587982832618025,0.46524064171123,0.25133689839572193,0.0213903743315508,7.673684210526317,0.7105263157894738,7.247368421052633,0.204,0.6468801676600694,0.20342332255770304,0.6468801676600694,0.2222222222222222,"{""bet365"": {""0.5"": {""over"": -190, ""under"": 140}}, ""betmgm"": {""1.5"": {""over"": 145, ""under"": -200}}, ""draftkings"": {""0.5"": {""over"": -185, ""under"": 138}}, ""fanduel"": {""0.5"": {""over"": -180}}}",0.5,over,fanduel,-180.0,0.6428571428571429,True,0.004,1.5,over,betmgm,145.0,0.40816326530612246,True,-0.2047
800325,Luis Lara,MIL,SF,0,7.0,1.0,657277,Logan Webb,R,823192,3:45 PM ET,Oracle Park,0,1,0.22103386809269163,2026-07-29,823192,0.0,1,100.6,96.8,86.1,L,5,4,1,0,1,0,1,0,0,1,3,3,0,2,0,2,1,0.3253333333333333,0.5773333333333334,1,0,1,1,1,0,0.29411764705882354,0.3902439024390244,0.8529411764705882,0.11904761904761904,0.3333333333333333,0.11764705882352941,0.0,0.09523809523809523,0.11764705882352941,0.9333333333333333,0.3333333333333333,0.4,0.3,0.4666666666666667,0.23333333333333334,0.03333333333333333,0.35603571428571434,0.4433928571428572,0.4444444444444444,0.09090909090909091,0.4401,0.5182,0.2682926829268293,0.3902439024390244,0.1836734693877551,0.3333333333333333,0.5555555555555556,0.0,0.7450199203187251,0.18061674008810572,0.31759656652360513,0.11587982832618025,0.46524064171123,0.25133689839572193,0.0213903743315508,7.673684210526317,0.7105263157894738,7.247368421052633,0.204,0.5746187525866054,0.1923538329665966,0.5746187525866054,0.29411764705882354,"{""bet365"": {""0.5"": {""over"": -170, ""under"": 130}}, ""betmgm"": {""0.5"": {""over"": -190, ""under"": 140}}, ""draftkings"": {""0.5"": {""over"": -165, ""under"": 124}}, ""fanduel"": {""0.5"": {""over"": -175}}}",0.5,over,draftkings,-165.0,0.6226415094339622,True,-0.048,1.5,,,,,False,
665487,Fernando Tatis Jr.,SD,COL,1,1.0,1.0,687312,Gabriel Hughes,R,823273,4:10 PM ET,Petco Park,1,1,0.18612521150592218,2026-07-29,823273,0.0,0,95.4,94.6,96.5,R,5,5,5,0,0,0,0,0,0,0,5,5,0,3,0,3,2,0.5818000000000001,0.7054,1,1,1,1,0,0,0.25,0.36619718309859156,0.7666666666666667,0.19718309859154928,0.27906976744186046,0.2,0.04225352112676056,0.014084507042253521,0.08333333333333333,1.8,0.9333333333333333,0.5869565217391305,0.1956521739130435,0.5434782608695652,0.1956521739130435,0.043478260869565216,0.3505611111111111,0.5886777777777776,0.1,0.24,0.31694999999999995,0.4245000000000001,0.25,0.4,0.20588235294117646,0.3387096774193548,0.5967741935483871,0.21428571428571427,0.6461538461538462,0.2,0.26666666666666666,0.06666666666666667,0.35714285714285715,0.30952380952380953,0.047619047619047616,,,,,0.6506224527986566,0.2118695481779569,0.6506224527986566,0.25,"{""novig"": {""0.5"": {""over"": -292, ""under"": 292}}, ""bet365"": {""1.5"": {""over"": 182, ""under"": -245}}, ""betmgm"": {""1.5"": {""over"": -185, ""under"": 135}}, ""draftkings"": {""1.5"": {""over"": 171, ""under"": -231}}, ""fanduel"": {""0.5"": {""over"": -330}}}",0.5,over,novig,-292.0,0.7448979591836735,True,-0.0943,1.5,over,bet365,182.0,0.3546099290780142,True,-0.1427
666023,Freddy Fermin,SD,COL,1,9.0,1.0,687312,Gabriel Hughes,R,823273,4:10 PM ET,Petco Park,1,1,0.18612521150592218,2026-07-29,823273,0.0,0,95.4,94.6,96.5,R,1,1,0,0,0,0,0,0,0,0,0,1,0,1,0,1,0,0.241,0.257,0,0,0,0,0,0,0.1794871794871795,0.28888888888888886,0.8205128205128205,0.15217391304347827,0.21875,0.07692307692307693,0.0,0.06521739130434782,0.07692307692307693,0.6666666666666666,0.4666666666666667,0.21212121212121213,0.18181818181818182,0.3333333333333333,0.3939393939393939,0.0,0.18635833333333335,0.26581785714285716,0.3076923076923077,0.21428571428571427,0.2413666666666666,0.3059666666666667,0.11764705882352941,0.2647058823529412,0.19047619047619047,0.2391304347826087,0.45652173913043476,0.16981132075471697,0.6461538461538462,0.2,0.26666666666666666,0.06666666666666667,0.35714285714285715,0.30952380952380953,0.047619047619047616,,,,,0.36405367808400463,0.07540687395404706,0.36405367808400463,0.1794871794871795,"{""novig"": {""0.5"": {""over"": 102, ""under"": -102}}, ""bet365"": {""0.5"": {""over"": -120, ""under"": -110}}, ""betmgm"": {""0.5"": {""over"": -150, ""under"": 110}}, ""draftkings"": {""0.5"": {""over"": -120, ""under"": -110}}, ""fanduel"": {""0.5"": {""over"": -125}}}",0.5,over,novig,102.0,0.49504950495049505,True,-0.131,1.5,,,,,False,
657757,Gavin Sheets,SD,COL,1,7.0,1.0,687312,Gabriel Hughes,R,823273,4:10 PM ET,Petco Park,0,1,0.18612521150592218,2026-07-29,823273,0.0,0,95.4,94.6,96.5,L,3,1,1,0,0,0,2,0,0,0,1,1,0,1,0,1,0,0.098,0.106,1,0,1,0,0,0,0.09302325581395349,0.24528301886792453,0.7906976744186046,0.16666666666666666,0.11428571428571428,0.0,0.0,0.0,0.0,0.26666666666666666,0.6,0.22857142857142856,0.11428571428571428,0.6,0.22857142857142856,0.0,0.19288333333333332,0.24249444444444446,0.1875,0.11764705882352941,0.11545000000000012,0.1329166666666667,0.1111111111111111,0.1111111111111111,0.1509433962264151,0.1956521739130435,0.21739130434782608,0.22807017543859648,0.6461538461538462,0.2,0.26666666666666666,0.06666666666666667,0.35714285714285715,0.30952380952380953,0.047619047619047616,,,,,0.4856866246386978,0.11406458469697821,0.4856866246386978,0.09302325581395349,"{""novig"": {""0.5"": {""under"": 138}}, ""bet365"": {""0.5"": {""over"": -165, ""under"": 125}}, ""betmgm"": {""0.5"": {""over"": -185, ""under"": 135}}, ""draftkings"": {""0.5"": {""over"": -185, ""under"": 135}}, ""fanduel"": {""0.5"": {""over"": -195}}}",0.5,over,bet365,-165.0,0.6226415094339622,True,-0.137,1.5,,,,,False,
701538,Jackson Merrill,SD,COL,1,5.0,1.0,687312,Gabriel Hughes,R,823273,4:10 PM ET,Petco Park,0,1,0.18612521150592218,2026-07-29,823273,0.0,0,95.4,94.6,96.5,L,6,5,3,0,0,0,0,0,0,1,3,4,0,2,0,3,1,0.52,0.5685,1,1,1,1,1,0,0.3,0.34375,0.8166666666666667,0.171875,0.29545454545454547,0.2833333333333333,0.078125,0.03125,0.11666666666666667,2.3333333333333335,0.7333333333333333,0.5306122448979592,0.30612244897959184,0.24489795918367346,0.3469387755102041,0.10204081632653061,0.39072111111111113,0.7436244444444444,0.4117647058823529,0.11764705882352941,0.3965833333333333,0.9721499999999998,0.25862068965517243,0.39655172413793105,0.1774193548387097,0.2786885245901639,0.4098360655737705,0.2153846153846154,0.6461538461538462,0.2,0.26666666666666666,0.06666666666666667,0.35714285714285715,0.30952380952380953,0.047619047619047616,,,,,0.566085829672691,0.188149637118413,0.566085829672691,0.3,"{""novig"": {""0.5"": {""over"": -228, ""under"": 178}}, ""bet365"": {""0.5"": {""over"": -260, ""under"": 190}}, ""betmgm"": {""0.5"": {""over"": -160, ""under"": 120}}, ""draftkings"": {""0.5"": {""over"": -246, ""under"": 182}}, ""fanduel"": {""0.5"": {""over"": -146}}}",0.5,over,fanduel,-146.0,0.5934959349593496,True,-0.0274,1.5,,,,,False,
630105,Jake Cronenworth,SD,COL,1,2.0,1.0,687312,Gabriel Hughes,R,823273,4:10 PM ET,Petco Park,0,1,0.18612521150592218,2026-07-29,823273,0.0,0,95.4,94.6,96.5,L,5,5,0,0,0,0,0,0,0,1,0,4,0,0,1,3,0,0.08174999999999999,0.0945,0,0,0,0,1,0,0.3076923076923077,0.4,0.7692307692307693,0.2,0.38461538461538464,0.11538461538461539,0.016666666666666666,0.05,0.07692307692307693,1.4666666666666666,0.8,0.425,0.275,0.525,0.15,0.0,0.4103273809523809,0.5582321428571428,0.4117647058823529,0.21739130434782608,0.54315,0.6382500000000004,0.29411764705882354,0.4117647058823529,0.2413793103448276,0.14583333333333334,0.14583333333333334,0.2037037037037037,0.6461538461538462,0.2,0.26666666666666666,0.06666666666666667,0.35714285714285715,0.30952380952380953,0.047619047619047616,,,,,0.6405623778673627,0.22194645291439485,0.6405623778673627,0.3076923076923077,"{""novig"": {""0.5"": {""over"": -186, ""under"": 186}}, ""bet365"": {""0.5"": {""over"": -220, ""under"": 160}}, ""betmgm"": {""0.5"": {""over"": -140, ""under"": 105}}, ""draftkings"": {""0.5"": {""over"": -165, ""under"": 125}}, ""fanduel"": {""0.5"": {""over"": -220}}}",0.5,over,betmgm,-140.0,0.5833333333333334,True,0.0572,1.5,,,,,False,
650859,Luis Rengifo,SD,COL,1,6.0,1.0,687312,Gabriel Hughes,R,823273,4:10 PM ET,Petco Park,1,1,0.18612521150592218,2026-07-29,823273,0.0,0,95.4,94.6,96.5,R,1,0,0,0,0,0,0,0,0,0,0,1,0,0,0,1,0,0.397,0.48200000000000004,0,0,0,0,0,0,0.41935483870967744,0.4857142857142857,0.8064516129032258,0.17142857142857143,0.4782608695652174,0.22580645161290322,0.05714285714285714,0.02857142857142857,0.0967741935483871,1.3333333333333333,0.4,0.6,0.2,0.56,0.2,0.04,0.40274358974358976,0.6003846153846154,0.3,0.08333333333333333,0.42974999999999997,0.5435833333333332,0.2608695652173913,0.43478260869565216,0.03636363636363636,0.2708333333333333,0.2708333333333333,0.2222222222222222,0.6461538461538462,0.2,0.26666666666666666,0.06666666666666667,0.35714285714285715,0.30952380952380953,0.047619047619047616,,,,,0.5647910799530259,0.14000005821037959,0.5647910799530259,0.41935483870967744,"{""novig"": {""0.5"": {""over"": -147, ""under"": 147}}, ""bet365"": {""0.5"": {""over"": -200, ""under"": 150}}, ""draftkings"": {""0.5"": {""over"": -188, ""under"": 141}}, ""fanduel"": {""0.5"": {""over"": -125}}}",0.5,over,fanduel,-125.0,0.5555555555555556,True,0.0092,1.5,,,,,False,
592518,Manny Machado,SD,COL,1,3.0,1.0,687312,Gabriel Hughes,R,823273,4:10 PM ET,Petco Park,1,1,0.18612521150592218,2026-07-29,823273,0.0,0,95.4,94.6,96.5,R,5,4,3,0,0,0,1,0,0,0,3,4,1,4,1,1,2,0.62725,1.04925,1,1,1,1,0,0,0.31666666666666665,0.373134328358209,0.8,0.1791044776119403,0.3181818181818182,0.2833333333333333,0.07462686567164178,0.029850746268656716,0.11666666666666667,2.4,0.8,0.4489795918367347,0.2857142857142857,0.3469387755102041,0.32653061224489793,0.04081632653061224,0.3536977777777777,0.6292300000000001,0.30434782608695654,0.25,0.3123100000000001,0.42574000000000006,0.31666666666666665,0.65,0.18181818181818182,0.17543859649122806,0.49122807017543857,0.2153846153846154,0.6461538461538462,0.2,0.26666666666666666,0.06666666666666667,0.35714285714285715,0.30952380952380953,0.047619047619047616,,,,,0.6067658655864271,0.2060080610685441,0.6067658655864271,0.31666666666666665,"{""novig"": {""1.5"": {""over"": 208}}, ""bet365"": {""0.5"": {""over"": -250, ""under"": 185}}, ""betmgm"": {""0.5"": {""over"": -160, ""under"": 120}}, ""draftkings"": {""0.5"": {""over"": -270, ""under"": 195}, ""1.5"": {""over"": 198, ""under"": -269}}, ""fanduel"": {""0.5"": {""over"": -250}}}",0.5,over,betmgm,-160.0,0.6153846153846154,True,-0.0086,1.5,over,novig,208.0,0.3246753246753247,True,-0.1187
664034,Ty France,SD,COL,1,4.0,1.0,687312,Gabriel Hughes,R,823273,4:10 PM ET,Petco Park,1,1,0.18612521150592218,2026-07-29,823273,0.0,0,95.4,94.6,96.5,R,5,5,1,0,0,0,0,0,0,1,1,4,0,1,2,1,1,0.31575,0.3725,1,0,1,0,1,0,0.3728813559322034,0.4,0.7966101694915254,0.18461538461538463,0.37209302325581395,0.3898305084745763,0.09230769230769231,0.07692307692307693,0.1864406779661017,3.0,0.8,0.6122448979591837,0.30612244897959184,0.3673469387755102,0.2857142857142857,0.04081632653061224,0.4183833333333333,0.7561,0.3333333333333333,0.23809523809523808,0.42913333333333326,0.7106666666666667,0.3508771929824561,0.5964912280701754,0.19047619047619047,0.30434782608695654,0.6086956521739131,0.16363636363636364,0.6461538461538462,0.2,0.26666666666666666,0.06666666666666667,0.35714285714285715,0.30952380952380953,0.047619047619047616,,,,,0.6657090159866553,0.22201404199210453,0.6657090159866553,0.3728813559322034,"{""novig"": {""0.5"": {""over"": -190, ""under"": 190}}, ""bet365"": {""0.5"": {""over"": -260, ""under"": 190}}, ""betmgm"": {""0.5"": {""over"": -160, ""under"": 120}}, ""draftkings"": {""0.5"": {""over"": -240, ""under"": 175}}, ""fanduel"": {""0.5"": {""over"": -154}}}",0.5,over,fanduel,-154.0,0.6062992125984252,True,0.0594,1.5,,,,,False,
593428,Xander Bogaerts,SD,COL,1,8.0,1.0,687312,Gabriel Hughes,R,823273,4:10 PM ET,Petco Park,1,1,0.18612521150592218,2026-07-29,823273,0.0,0,95.4,94.6,96.5,R,5,3,1,0,0,0,1,0,1,1,1,3,0,0,1,1,1,0.42300000000000004,0.494,1,0,1,0,1,0,0.14814814814814814,0.27692307692307694,0.7777777777777778,0.18181818181818182,0.16666666666666666,0.09259259259259259,0.015151515151515152,0.030303030303030304,0.05555555555555555,0.8666666666666667,0.8,0.3953488372093023,0.16279069767441862,0.4883720930232558,0.32558139534883723,0.023255813953488372,0.30110555555555557,0.4935111111111111,0.1875,0.1,0.36260000000000003,0.5111833333333333,0.16071428571428573,0.26785714285714285,0.234375,0.24074074074074073,0.35185185185185186,0.1111111111111111,0.6461538461538462,0.2,0.26666666666666666,0.06666666666666667,0.35714285714285715,0.30952380952380953,0.047619047619047616,,,,,0.5178235323003663,0.15711614034468466,0.5178235323003663,0.14814814814814814,"{""novig"": {""0.5"": {""over"": -199}}, ""bet365"": {""0.5"": {""over"": -210, ""under"": 155}}, ""betmgm"": {""0.5"": {""over"": -185, ""under"": 135}}, ""draftkings"": {""0.5"": {""over"": -240, ""under"": 175}}, ""fanduel"": {""0.5"": {""over"": -220}}}",0.5,over,betmgm,-185.0,0.6491228070175439,True,-0.1313,1.5,,,,,False,
664954,Brett Sullivan,COL,SD,0,9.0,1.0,606996,Kyle Hart,L,823273,4:10 PM ET,Petco Park,0,0,0.22603978300180833,2026-07-29,823273,0.0,0,95.4,94.6,96.5,L,2,2,0,0,0,0,0,0,0,0,0,2,0,0,0,1,0,0.034,0.037500000000000006,0,0,0,0,0,0,0.2,0.25,0.875,0.11363636363636363,0.2,0.175,0.022727272727272728,0.045454545454545456,0.1,1.0,0.3333333333333333,0.3611111111111111,0.25,0.2222222222222222,0.3611111111111111,0.0,0.21658076923076924,0.27419615384615387,0.23076923076923078,0.14285714285714285,0.16890000000000005,0.21130000000000004,0.2857142857142857,0.5952380952380952,0.10869565217391304,0.30434782608695654,0.43478260869565216,0.22448979591836735,0.6507936507936508,0.21153846153846154,0.5714285714285714,0.30357142857142855,0.34146341463414637,0.2926829268292683,0.04878048780487805,6.75,2.25,10.125,0.2727272727272727,0.403950435682142,0.15161933785689743,0.403950435682142,0.2,"{""novig"": {""0.5"": {""over"": -113, ""under"": -117}}, ""bet365"": {""0.5"": {""over"": -115, ""under"": -115}}, ""betmgm"": {""0.5"": {""over"": -120, ""under"": -110}}, ""draftkings"": {""0.5"": {""over"": -105, ""under"": -130}}, ""fanduel"": {""0.5"": {""over"": -140}}}",0.5,over,draftkings,-105.0,0.5121951219512195,True,-0.1082,1.5,,,,,False,
694249,Cole Carrigg,COL,SD,0,2.0,1.0,606996,Kyle Hart,L,823273,4:10 PM ET,Petco Park,0,0,0.22603978300180833,2026-07-29,823273,0.0,0,95.4,94.6,96.5,L,3,3,2,0,0,0,0,0,0,0,2,3,0,0,0,0,2,0.399,0.49000000000000005,1,1,1,1,0,0,0.29411764705882354,0.35135135135135137,0.8235294117647058,0.16216216216216217,0.3333333333333333,0.17647058823529413,0.02702702702702703,0.08108108108108109,0.11764705882352941,1.0666666666666667,0.4,0.42857142857142855,0.25,0.35714285714285715,0.35714285714285715,0.0,0.3296388888888889,0.47270138888888885,0.25,0.23076923076923078,0.2703333333333333,0.5214583333333334,0.28,0.46,0.16393442622950818,0.3333333333333333,0.5833333333333334,0.21818181818181817,0.6507936507936508,0.21153846153846154,0.5714285714285714,0.30357142857142855,0.34146341463414637,0.2926829268292683,0.04878048780487805,6.75,2.25,10.125,0.2727272727272727,0.6007440161514594,0.2415753984783635,0.6007440161514594,0.29411764705882354,"{""novig"": {""0.5"": {""over"": -160, ""under"": 160}}, ""bet365"": {""0.5"": {""over"": -210, ""under"": 155}}, ""betmgm"": {""0.5"": {""over"": -150, ""under"": 110}}, ""draftkings"": {""0.5"": {""over"": -190, ""under"": 142}}, ""fanduel"": {""0.5"": {""over"": 158}}}",0.5,over,fanduel,158.0,0.3875968992248062,True,0.2131,1.5,,,,,False,
678662,Ezequiel Tovar,COL,SD,0,8.0,1.0,606996,Kyle Hart,L,823273,4:10 PM ET,Petco Park,1,0,0.22603978300180833,2026-07-29,823273,0.0,0,95.4,94.6,96.5,R,4,3,1,1,0,0,1,0,0,1,2,2,0,1,0,1,0,0.212,0.2405,1,0,1,1,1,0,0.10869565217391304,0.17647058823529413,0.8260869565217391,0.15384615384615385,0.10526315789473684,0.08695652173913043,0.019230769230769232,0.019230769230769232,0.043478260869565216,0.6,0.5333333333333333,0.3,0.175,0.5,0.175,0.025,0.2389,0.3438666666666667,0.1875,0.2631578947368421,0.2461333333333334,0.3247666666666668,0.17777777777777778,0.35555555555555557,0.16,0.15384615384615385,0.25,0.25925925925925924,0.6507936507936508,0.21153846153846154,0.5714285714285714,0.30357142857142855,0.34146341463414637,0.2926829268292683,0.04878048780487805,6.75,2.25,10.125,0.2727272727272727,0.5542889681871763,0.14913357319903844,0.5542889681871763,0.10869565217391304,"{""novig"": {""0.5"": {""over"": -111, ""under"": 111}}, ""bet365"": {""0.5"": {""over"": -135, ""under"": 100}}, ""betmgm"": {""0.5"": {""over"": -135, ""under"": 100}}, ""draftkings"": {""0.5"": {""over"": -135, ""under"": 100}}, ""fanduel"": {""0.5"": {""over"": 114}}}",0.5,over,fanduel,114.0,0.4672897196261682,True,0.087,1.5,,,,,False,
696100,Hunter Goodman,COL,SD,0,3.0,1.0,606996,Kyle Hart,L,823273,4:10 PM ET,Petco Park,1,0,0.22603978300180833,2026-07-29,823273,0.0,0,95.4,94.6,96.5,R,5,5,0,0,0,0,0,0,0,4,0,1,0,0,1,0,0,0.117,0.323,0,0,0,0,1,1,0.3137254901960784,0.4166666666666667,0.6078431372549019,0.3333333333333333,0.4444444444444444,0.27450980392156865,0.06666666666666667,0.03333333333333333,0.11764705882352941,2.0,1.3333333333333333,0.3870967741935484,0.25806451612903225,0.41935483870967744,0.2903225806451613,0.06451612903225806,0.4143392857142857,0.7105952380952381,0.35294117647058826,0.35,0.45385,0.6260999999999998,0.36666666666666664,0.9333333333333333,0.3548387096774194,0.3191489361702128,0.46808510638297873,0.25,0.6507936507936508,0.21153846153846154,0.5714285714285714,0.30357142857142855,0.34146341463414637,0.2926829268292683,0.04878048780487805,6.75,2.25,10.125,0.2727272727272727,0.6202536761536,0.2456251498238375,0.6202536761536,0.3137254901960784,"{""novig"": {""0.5"": {""over"": -170}}, ""bet365"": {""0.5"": {""over"": -175, ""under"": 132}}, ""betmgm"": {""0.5"": {""over"": -125, ""under"": -105}}, ""draftkings"": {""0.5"": {""over"": -120, ""under"": -110}}, ""fanduel"": {""0.5"": {""over"": 140}}}",0.5,over,fanduel,140.0,0.4166666666666667,True,0.2036,1.5,,,,,False,
664983,Jake McCarthy,COL,SD,0,1.0,1.0,606996,Kyle Hart,L,823273,4:10 PM ET,Petco Park,0,0,0.22603978300180833,2026-07-29,823273,0.0,0,95.4,94.6,96.5,L,5,5,1,0,0,0,0,0,0,1,1,4,0,0,0,3,1,0.29274999999999995,0.3295,1,0,1,0,1,0,0.26666666666666666,0.3230769230769231,0.75,0.22727272727272727,0.3409090909090909,0.16666666666666666,0.015151515151515152,0.07575757575757576,0.11666666666666667,1.7333333333333334,1.0,0.2391304347826087,0.30434782608695654,0.5,0.15217391304347827,0.021739130434782608,0.2852077777777778,0.3817422222222222,0.20833333333333334,0.375,0.34236666666666665,0.4337333333333332,0.296875,0.609375,0.19402985074626866,0.27586206896551724,0.3620689655172414,0.21875,0.6507936507936508,0.21153846153846154,0.5714285714285714,0.30357142857142855,0.34146341463414637,0.2926829268292683,0.04878048780487805,6.75,2.25,10.125,0.2727272727272727,0.6332226754663927,0.26958451155265956,0.6332226754663927,0.26666666666666666,"{""novig"": {""0.5"": {""over"": -208, ""under"": 208}}, ""bet365"": {""0.5"": {""over"": -240, ""under"": 180}}, ""betmgm"": {""0.5"": {""over"": -160, ""under"": 120}}, ""draftkings"": {""0.5"": {""over"": -242, ""under"": 179}}, ""fanduel"": {""0.5"": {""over"": 104}}}",0.5,over,fanduel,104.0,0.49019607843137253,True,0.143,1.5,,,,,False,
666160,Mickey Moniak,COL,SD,0,7.0,1.0,606996,Kyle Hart,L,823273,4:10 PM ET,Petco Park,0,0,0.22603978300180833,2026-07-29,823273,0.0,0,95.4,94.6,96.5,L,5,5,2,1,0,1,0,0,0,3,6,2,0,1,2,0,0,0.9385,2.2824999999999998,1,1,1,1,1,1,0.25,0.2692307692307692,0.7083333333333334,0.2692307692307692,0.3142857142857143,0.0625,0.019230769230769232,0.0,0.020833333333333332,1.0,0.9333333333333333,0.4444444444444444,0.19444444444444445,0.3888888888888889,0.3333333333333333,0.0,0.24854861111111112,0.3131875,0.2777777777777778,0.2,0.20125000000000007,0.286,0.25,0.4230769230769231,0.2857142857142857,0.2916666666666667,0.4583333333333333,0.29411764705882354,0.6507936507936508,0.21153846153846154,0.5714285714285714,0.30357142857142855,0.34146341463414637,0.2926829268292683,0.04878048780487805,6.75,2.25,10.125,0.2727272727272727,0.5604059541239386,0.2171302138753155,0.5604059541239386,0.25,"{""novig"": {""0.5"": {""over"": -133, ""under"": 132}}, ""bet365"": {""0.5"": {""over"": -155, ""under"": 115}}, ""betmgm"": {""0.5"": {""over"": -155, ""under"": 115}}, ""draftkings"": {""0.5"": {""over"": -170, ""under"": 125}}, ""fanduel"": {""0.5"": {""over"": -122}}}",0.5,over,fanduel,-122.0,0.5495495495495496,True,0.0109,1.5,,,,,False,
681198,TJ Rumfield,COL,SD,0,4.0,1.0,606996,Kyle Hart,L,823273,4:10 PM ET,Petco Park,0,0,0.22603978300180833,2026-07-29,823273,0.0,0,95.4,94.6,96.5,L,5,5,0,0,0,0,0,0,0,1,0,4,0,1,1,2,1,0.16875,0.22825,0,0,0,0,1,0,0.30612244897959184,0.423728813559322,0.8163265306122449,0.15254237288135594,0.358974358974359,0.10204081632653061,0.01694915254237288,0.03389830508474576,0.061224489795918366,1.3333333333333333,0.6,0.175,0.225,0.375,0.25,0.0,0.3073388888888889,0.38837777777777777,0.3333333333333333,0.1111111111111111,0.35216666666666663,0.41686666666666666,0.34615384615384615,0.5,0.13793103448275862,0.30357142857142855,0.48214285714285715,0.15625,0.6507936507936508,0.21153846153846154,0.5714285714285714,0.30357142857142855,0.34146341463414637,0.2926829268292683,0.04878048780487805,6.75,2.25,10.125,0.2727272727272727,0.5872696506500152,0.23279044838672278,0.5872696506500152,0.30612244897959184,"{""novig"": {""0.5"": {""over"": -167, ""under"": 167}}, ""bet365"": {""0.5"": {""over"": -200, ""under"": 150}}, ""draftkings"": {""1.5"": {""over"": -120, ""under"": -115}, ""0.5"": {""over"": -177, ""under"": 133}}, ""fanduel"": {""0.5"": {""over"": -175}}}",0.5,over,novig,-167.0,0.6254681647940075,True,-0.0382,1.5,over,draftkings,-120.0,0.5454545454545454,True,-0.3127
671289,Tyler Freeman,COL,SD,0,6.0,1.0,606996,Kyle Hart,L,823273,4:10 PM ET,Petco Park,1,0,0.22603978300180833,2026-07-29,823273,0.0,0,95.4,94.6,96.5,R,1,1,0,0,0,0,0,0,0,0,0,1,0,0,0,1,0,0.234,0.249,0,0,0,0,0,0,0.17307692307692307,0.21818181818181817,0.9038461538461539,0.08928571428571429,0.19148936170212766,0.0,0.0,0.0,0.0,0.6,0.3333333333333333,0.4166666666666667,0.1875,0.5,0.25,0.0,0.2928044444444444,0.4218488888888889,0.1111111111111111,0.1111111111111111,0.33485,0.45835,0.21568627450980393,0.29411764705882354,0.08620689655172414,0.24528301886792453,0.2830188679245283,0.15254237288135594,0.6507936507936508,0.21153846153846154,0.5714285714285714,0.30357142857142855,0.34146341463414637,0.2926829268292683,0.04878048780487805,6.75,2.25,10.125,0.2727272727272727,0.6011094095765143,0.2338505367730579,0.6011094095765143,0.17307692307692307,"{""novig"": {""0.5"": {""over"": -170, ""under"": 133}}, ""bet365"": {""0.5"": {""over"": -175, ""under"": 132}}, ""betmgm"": {""0.5"": {""over"": -120, ""under"": -110}}, ""draftkings"": {""0.5"": {""over"": -180, ""under"": 130}}, ""fanduel"": {""0.5"": {""over"": -180}}}",0.5,over,betmgm,-120.0,0.5454545454545454,True,0.0557,1.5,,,,,False,
650489,Willi Castro,COL,SD,0,5.0,1.0,606996,Kyle Hart,L,823273,4:10 PM ET,Petco Park,0,0,0.22603978300180833,2026-07-29,823273,0.0,0,95.4,94.6,96.5,L,3,1,1,0,0,1,2,0,0,0,4,1,0,1,1,0,0,0.977,3.856,1,0,1,1,0,0,0.22857142857142856,0.2702702702702703,0.7428571428571429,0.24324324324324326,0.21739130434782608,0.3142857142857143,0.08108108108108109,0.05405405405405406,0.14285714285714285,1.2666666666666666,0.6,0.38461538461538464,0.11538461538461539,0.3076923076923077,0.46153846153846156,0.07692307692307693,0.2695416666666667,0.7150833333333333,0.2,0.2727272727272727,0.33245833333333347,0.9645833333333335,0.2,0.4909090909090909,0.2982456140350877,0.29310344827586204,0.41379310344827586,0.3384615384615385,0.6507936507936508,0.21153846153846154,0.5714285714285714,0.30357142857142855,0.34146341463414637,0.2926829268292683,0.04878048780487805,6.75,2.25,10.125,0.2727272727272727,0.5498217473742448,0.2130649640812221,0.5498217473742448,0.22857142857142856,"{""novig"": {""0.5"": {""over"": -156, ""under"": 127}}, ""bet365"": {""0.5"": {""over"": -165, ""under"": 125}}, ""betmgm"": {""0.5"": {""over"": -115, ""under"": -115}}, ""draftkings"": {""0.5"": {""over"": -165, ""under"": 124}}, ""fanduel"": {""0.5"": {""over"": -155}}}",0.5,over,betmgm,-115.0,0.5348837209302325,True,0.0149,1.5,,,,,False,
810938,Ben Williamson,TB,TEX,1,7.0,1.0,669022,MacKenzie Gore,L,822947,6:40 PM ET,Tropicana Field,1,0,0.19786096256684493,2026-07-29,822947,1.0,0,100.7,100.8,107.1,R,1,1,1,0,0,0,0,0,0,0,1,1,0,1,0,1,0,0.32,0.371,1,0,1,0,0,0,0.29411764705882354,0.3076923076923077,0.8235294117647058,0.17307692307692307,0.35714285714285715,0.0392156862745098,0.0,0.038461538461538464,0.0392156862745098,1.1333333333333333,0.6,0.23809523809523808,0.2857142857142857,0.5714285714285714,0.047619047619047616,0.0,0.30620555555555556,0.3695555555555555,0.13333333333333333,0.125,0.27091666666666664,0.31655,0.3404255319148936,0.425531914893617,0.19230769230769232,0.15217391304347827,0.2608695652173913,0.14583333333333334,0.6694214876033058,0.23696682464454977,0.4429223744292237,0.1780821917808219,0.4074074074074074,0.24691358024691357,0.0,9.169811320754716,0.8490566037735849,9.849056603773585,0.25327510917030566,0.612373033888164,0.2581397229308578,0.612373033888164,0.29411764705882354,"{""novig"": {""0.5"": {""over"": -150, ""under"": 127}}, ""bet365"": {""0.5"": {""over"": -210, ""under"": 155}}, ""betmgm"": {""0.5"": {""over"": -175, ""under"": 130}}, ""draftkings"": {""0.5"": {""over"": -165, ""under"": 124}}, ""fanduel"": {""0.5"": {""over"": -165}}}",0.5,over,novig,-150.0,0.6,True,0.0124,1.5,,,,,False,
802415,Chandler Simpson,TB,TEX,1,6.0,1.0,669022,MacKenzie Gore,L,822947,6:40 PM ET,Tropicana Field,0,0,0.19786096256684493,2026-07-29,822947,1.0,0,100.7,100.8,107.1,L,4,4,0,0,0,0,0,0,0,0,0,4,0,1,0,4,0,0.13275,0.14525,0,0,0,0,0,0,0.41818181818181815,0.423728813559322,0.9454545454545454,0.05,0.42592592592592593,0.12727272727272726,0.0,0.05,0.09090909090909091,2.0,0.2,0.1111111111111111,0.2777777777777778,0.5555555555555556,0.16666666666666666,0.0,0.3132677777777778,0.35776222222222226,0.4375,0.05263157894736842,0.33821666666666667,0.3862333333333333,0.38181818181818183,0.43636363636363634,0.01639344262295082,0.21818181818181817,0.34545454545454546,0.11475409836065574,0.6694214876033058,0.23696682464454977,0.4429223744292237,0.1780821917808219,0.4074074074074074,0.24691358024691357,0.0,9.169811320754716,0.8490566037735849,9.849056603773585,0.25327510917030566,0.6407939421828024,0.2833014598535552,0.6407939421828024,0.41818181818181815,"{""novig"": {""1.5"": {""over"": 233}}, ""bet365"": {""0.5"": {""over"": -280, ""under"": 202}}, ""betmgm"": {""0.5"": {""over"": -250, ""under"": 180}}, ""draftkings"": {""0.5"": {""over"": -239, ""under"": 177}}, ""fanduel"": {""0.5"": {""over"": -230}}}",0.5,over,fanduel,-230.0,0.696969696969697,True,-0.0562,1.5,over,novig,233.0,0.3003003003003003,True,-0.017
666018,Jonathan Aranda,TB,TEX,1,2.0,1.0,669022,MacKenzie Gore,L,822947,6:40 PM ET,Tropicana Field,0,0,0.19786096256684493,2026-07-29,822947,1.0,0,100.7,100.8,107.1,L,4,4,2,0,0,0,0,0,0,1,2,3,0,1,0,2,1,0.5883333333333333,0.6616666666666666,1,1,1,1,1,0,0.29310344827586204,0.34375,0.6896551724137931,0.28125,0.4,0.1206896551724138,0.015625,0.0625,0.08620689655172414,1.6,1.2,0.5121951219512195,0.24390243902439024,0.3170731707317073,0.4146341463414634,0.024390243902439025,0.3243555555555556,0.6297288888888889,0.18181818181818182,0.43478260869565216,0.3966166666666667,0.7386166666666666,0.2833333333333333,0.35,0.3125,0.2777777777777778,0.4074074074074074,0.1875,0.6694214876033058,0.23696682464454977,0.4429223744292237,0.1780821917808219,0.4074074074074074,0.24691358024691357,0.0,9.169811320754716,0.8490566037735849,9.849056603773585,0.25327510917030566,0.5951828736431307,0.2204599785757805,0.5951828736431307,0.29310344827586204,"{""novig"": {""0.5"": {""over"": -199, ""under"": 160}}, ""bet365"": {""0.5"": {""over"": -210, ""under"": 155}}, ""betmgm"": {""0.5"": {""over"": -220, ""under"": 160}}, ""draftkings"": {""0.5"": {""over"": -205, ""under"": 153}}, ""fanduel"": {""0.5"": {""over"": -220}}}",0.5,over,novig,-199.0,0.6655518394648829,True,-0.0704,1.5,,,,,False,
676356,Jonny DeLuca,TB,TEX,1,5.0,1.0,669022,MacKenzie Gore,L,822947,6:40 PM ET,Tropicana Field,1,0,0.19786096256684493,2026-07-29,822947,1.0,0,100.7,100.8,107.1,R,1,1,0,0,0,0,0,0,0,0,0,1,0,0,0,0,1,0.509,0.591,0,0,0,0,0,0,0.2641509433962264,0.3157894736842105,0.7735849056603774,0.21052631578947367,0.3076923076923077,0.1509433962264151,0.03508771929824561,0.03508771929824561,0.07547169811320754,1.4666666666666666,0.8,0.3170731707317073,0.3170731707317073,0.3902439024390244,0.17073170731707318,0.0,0.36793333333333333,0.4554230769230769,0.3333333333333333,0.18181818181818182,0.40505000000000013,0.5358166666666667,0.21818181818181817,0.34545454545454546,0.16666666666666666,0.26,0.52,0.24528301886792453,0.6694214876033058,0.23696682464454977,0.4429223744292237,0.1780821917808219,0.4074074074074074,0.24691358024691357,0.0,9.169811320754716,0.8490566037735849,9.849056603773585,0.25327510917030566,0.6271807103039247,0.2866362352519256,0.6271807103039247,0.2641509433962264,"{""novig"": {""0.5"": {""over"": -163, ""under"": 127}}, ""bet365"": {""0.5"": {""over"": -200, ""under"": 150}}, ""betmgm"": {""0.5"": {""over"": -165, ""under"": 125}}, ""draftkings"": {""0.5"": {""over"": -166, ""under"": 125}}, ""fanduel"": {""0.5"": {""over"": -180}}}",0.5,over,novig,-163.0,0.6197718631178707,True,0.0074,1.5,,,,,False,
691406,Junior Caminero,TB,TEX,1,3.0,1.0,669022,MacKenzie Gore,L,822947,6:40 PM ET,Tropicana Field,1,0,0.19786096256684493,2026-07-29,822947,1.0,0,100.7,100.8,107.1,R,4,4,2,1,1,0,0,0,0,0,5,4,0,2,2,1,1,0.33575,0.39799999999999996,1,1,1,1,0,0,0.3103448275862069,0.40298507462686567,0.8103448275862069,0.16417910447761194,0.3409090909090909,0.2413793103448276,0.04477611940298507,0.07462686567164178,0.13793103448275862,2.1333333333333333,0.7333333333333333,0.48936170212765956,0.2553191489361702,0.48936170212765956,0.2127659574468085,0.0425531914893617,0.4295880952380952,0.6871785714285714,0.19047619047619047,0.19047619047619047,0.31913,0.40638333333333343,0.27586206896551724,0.5172413793103449,0.20588235294117646,0.2641509433962264,0.41509433962264153,0.3064516129032258,0.6694214876033058,0.23696682464454977,0.4429223744292237,0.1780821917808219,0.4074074074074074,0.24691358024691357,0.0,9.169811320754716,0.8490566037735849,9.849056603773585,0.25327510917030566,0.6880919324592271,0.3235091141871859,0.6880919324592271,0.3103448275862069,"{""novig"": {""1.5"": {""over"": 208}}, ""bet365"": {""0.5"": {""over"": -260, ""under"": 190}}, ""betmgm"": {""0.5"": {""over"": -235, ""under"": 175}}, ""draftkings"": {""0.5"": {""over"": -247, ""under"": 183}}, ""fanduel"": {""0.5"": {""over"": -250}}}",0.5,over,betmgm,-235.0,0.7014925373134329,True,-0.0134,1.5,over,novig,208.0,0.3246753246753247,True,-0.0012
663743,Nick Fortes,TB,TEX,1,8.0,1.0,669022,MacKenzie Gore,L,822947,6:40 PM ET,Tropicana Field,1,0,0.19786096256684493,2026-07-29,822947,1.0,0,100.7,100.8,107.1,R,1,1,0,0,0,0,0,0,0,0,0,1,0,1,0,0,1,0.514,0.921,0,0,0,0,0,0,0.38636363636363635,0.41304347826086957,0.8636363636363636,0.13043478260869565,0.4,0.2727272727272727,0.06521739130434782,0.06521739130434782,0.13636363636363635,1.9333333333333333,0.4,0.34210526315789475,0.21052631578947367,0.5,0.21052631578947367,0.02631578947368421,0.27913214285714283,0.41811904761904767,0.6111111111111112,0.05555555555555555,0.36257,0.554,0.28,0.48,0.11764705882352941,0.38095238095238093,0.5,0.10204081632653061,0.6694214876033058,0.23696682464454977,0.4429223744292237,0.1780821917808219,0.4074074074074074,0.24691358024691357,0.0,9.169811320754716,0.8490566037735849,9.849056603773585,0.25327510917030566,0.6060002483040322,0.2245071338754739,0.6060002483040322,0.38636363636363635,"{""novig"": {""0.5"": {""over"": -144, ""under"": 115}}, ""bet365"": {""0.5"": {""over"": -160, ""under"": 120}}, ""betmgm"": {""0.5"": {""over"": -150, ""under"": 110}}, ""draftkings"": {""0.5"": {""over"": -152, ""under"": 114}}, ""fanduel"": {""0.5"": {""over"": -155}}}",0.5,over,novig,-144.0,0.5901639344262295,True,0.0158,1.5,,,,,False,
668723,Ryan Vilade,TB,TEX,1,4.0,1.0,669022,MacKenzie Gore,L,822947,6:40 PM ET,Tropicana Field,1,0,0.19786096256684493,2026-07-29,822947,1.0,0,100.7,100.8,107.1,R,2,2,0,0,0,0,0,0,0,1,0,1,0,0,0,0,0,0.006,0.006,0,0,0,0,1,0,0.1702127659574468,0.23529411764705882,0.7021276595744681,0.27450980392156865,0.13793103448275862,0.2978723404255319,0.0784313725490196,0.0392156862745098,0.1276595744680851,1.4666666666666666,0.9333333333333333,0.3939393939393939,0.18181818181818182,0.3939393939393939,0.2727272727272727,0.06060606060606061,0.31351190476190477,0.6186369047619047,0.25,0.2222222222222222,0.3463166666666667,0.4346,0.1794871794871795,0.38461538461538464,0.21739130434782608,0.17777777777777778,0.4666666666666667,0.24489795918367346,0.6694214876033058,0.23696682464454977,0.4429223744292237,0.1780821917808219,0.4074074074074074,0.24691358024691357,0.0,9.169811320754716,0.8490566037735849,9.849056603773585,0.25327510917030566,0.6373723641036734,0.2422600347137661,0.6373723641036734,0.1702127659574468,"{""novig"": {""0.5"": {""over"": -141, ""under"": 117}}, ""bet365"": {""0.5"": {""over"": -170, ""under"": 130}}, ""betmgm"": {""0.5"": {""over"": -165, ""under"": 125}}, ""draftkings"": {""0.5"": {""over"": -152, ""under"": 114}}, ""fanduel"": {""0.5"": {""over"": -150}}}",0.5,over,novig,-141.0,0.5850622406639004,True,0.0523,1.5,,,,,False,
670764,Taylor Walls,TB,TEX,1,9.0,1.0,669022,MacKenzie Gore,L,822947,6:40 PM ET,Tropicana Field,0,0,0.19786096256684493,2026-07-29,822947,1.0,0,100.7,100.8,107.1,L,2,2,0,0,0,0,0,0,0,2,0,0,0,0,0,0,0,0.281,0.282,0,0,0,0,1,1,0.22580645161290322,0.24242424242424243,0.6774193548387096,0.29411764705882354,0.3181818181818182,0.0967741935483871,0.0,0.08823529411764706,0.0967741935483871,0.6666666666666666,0.6666666666666666,0.21739130434782608,0.21739130434782608,0.5217391304347826,0.21739130434782608,0.0,0.19866666666666669,0.260452380952381,0.2,0.5,0.2155000000000002,0.2447500000000002,0.20408163265306123,0.2653061224489796,0.21052631578947367,0.28846153846153844,0.4230769230769231,0.27586206896551724,0.6694214876033058,0.23696682464454977,0.4429223744292237,0.1780821917808219,0.4074074074074074,0.24691358024691357,0.0,9.169811320754716,0.8490566037735849,9.849056603773585,0.25327510917030566,0.4552118741908408,0.13968837823050048,0.4552118741908408,0.22580645161290322,"{""novig"": {""0.5"": {""over"": -106, ""under"": -111}}, ""bet365"": {""0.5"": {""over"": -105, ""under"": -130}}, ""betmgm"": {""0.5"": {""over"": -110, ""under"": -120}}, ""draftkings"": {""0.5"": {""over"": -124, ""under"": -107}}, ""fanduel"": {""0.5"": {""over"": -120}}}",0.5,over,bet365,-105.0,0.5121951219512195,True,-0.057,1.5,,,,,False,
650490,Yandy Díaz,TB,TEX,1,1.0,1.0,669022,MacKenzie Gore,L,822947,6:40 PM ET,Tropicana Field,1,0,0.19786096256684493,2026-07-29,822947,1.0,0,100.7,100.8,107.1,R,4,3,0,0,0,0,1,0,0,1,0,2,0,1,1,1,0,0.0765,0.085,0,0,0,0,1,0,0.18181818181818182,0.21739130434782608,0.8181818181818182,0.17391304347826086,0.20754716981132076,0.07575757575757576,0.014492753623188406,0.028985507246376812,0.045454545454545456,1.1333333333333333,0.8,0.42592592592592593,0.2222222222222222,0.5370370370370371,0.12962962962962962,0.018518518518518517,0.29861,0.4679788888888889,0.14285714285714285,0.3181818181818182,0.2980166666666667,0.44303333333333317,0.26865671641791045,0.40298507462686567,0.208955223880597,0.288135593220339,0.4067796610169492,0.11428571428571428,0.6694214876033058,0.23696682464454977,0.4429223744292237,0.1780821917808219,0.4074074074074074,0.24691358024691357,0.0,9.169811320754716,0.8490566037735849,9.849056603773585,0.25327510917030566,0.6880919324592271,0.27707086738892595,0.6880919324592271,0.18181818181818182,"{""novig"": {""1.5"": {""over"": 182}}, ""bet365"": {""1.5"": {""over"": 170, ""under"": -230}}, ""betmgm"": {""1.5"": {""over"": 175, ""under"": -235}}, ""draftkings"": {""0.5"": {""over"": -263, ""under"": 194}}, ""fanduel"": {""0.5"": {""over"": -290}}}",0.5,over,draftkings,-263.0,0.7245179063360881,True,-0.0364,1.5,over,novig,182.0,0.3546099290780142,True,-0.0775
696030,Alejandro Osuna,TEX,TB,0,8.0,1.0,668984,Casey Legumina,R,822947,6:40 PM ET,Tropicana Field,0,1,0.24508050089445438,2026-07-29,822947,1.0,0,100.7,100.8,107.1,L,1,1,0,0,0,0,0,0,0,1,0,0,0,0,0,0,0,0.2783333333333333,0.46866666666666673,0,0,0,0,1,0,0.29545454545454547,0.3541666666666667,0.8636363636363636,0.125,0.32432432432432434,0.09090909090909091,0.020833333333333332,0.020833333333333332,0.045454545454545456,1.1333333333333333,0.4,0.18421052631578946,0.21052631578947367,0.4473684210526316,0.2631578947368421,0.0,0.21631309523809525,0.2902142857142857,0.35714285714285715,0.21428571428571427,0.2643333333333333,0.33320833333333333,0.2619047619047619,0.38095238095238093,0.12244897959183673,0.3157894736842105,0.3684210526315789,0.0975609756097561,0.723404255319149,0.1891891891891892,0.46153846153846156,0.23076923076923078,0.3235294117647059,0.35294117647058826,0.058823529411764705,6.394736842105263,0.7105263157894738,7.105263157894737,0.19607843137254902,0.5183397434176377,0.16390572854494034,0.5183397434176377,0.29545454545454547,"{""novig"": {""0.5"": {""over"": -115, ""under"": -111}}, ""bet365"": {""0.5"": {""over"": -130, ""under"": -105}}, ""betmgm"": {""0.5"": {""over"": -120, ""under"": -110}}, ""draftkings"": {""0.5"": {""over"": -114, ""under"": -117}}, ""fanduel"": {""0.5"": {""over"": -135}}}",0.5,over,draftkings,-114.0,0.5327102803738317,True,-0.0144,1.5,,,,,False,
607043,Brandon Nimmo,TEX,TB,0,3.0,1.0,668984,Casey Legumina,R,822947,6:40 PM ET,Tropicana Field,0,1,0.24508050089445438,2026-07-29,822947,1.0,0,100.7,100.8,107.1,L,4,4,0,0,0,0,0,0,0,2,0,2,0,1,0,2,0,0.2765,0.30600000000000005,0,0,0,0,1,1,0.36363636363636365,0.4067796610169492,0.7272727272727273,0.2542372881355932,0.47368421052631576,0.23636363636363636,0.03389830508474576,0.0847457627118644,0.14545454545454545,2.2,1.0,0.5,0.425,0.4,0.125,0.0,0.3792011904761905,0.513872619047619,0.3157894736842105,0.25,0.39993333333333336,0.5024666666666667,0.24074074074074073,0.35185185185185186,0.3,0.2830188679245283,0.49056603773584906,0.15254237288135594,0.723404255319149,0.1891891891891892,0.46153846153846156,0.23076923076923078,0.3235294117647059,0.35294117647058826,0.058823529411764705,6.394736842105263,0.7105263157894738,7.105263157894737,0.19607843137254902,0.6109757440201816,0.21026998298344235,0.6109757440201816,0.36363636363636365,"{""novig"": {""0.5"": {""over"": -174, ""under"": 144}}, ""bet365"": {""0.5"": {""over"": -235, ""under"": 175}}, ""betmgm"": {""0.5"": {""over"": -185, ""under"": 135}}, ""draftkings"": {""0.5"": {""over"": -181, ""under"": 135}}, ""fanduel"": {""0.5"": {""over"": -180}}}",0.5,over,novig,-174.0,0.635036496350365,True,-0.0241,1.5,,,,,False,
695508,Cam Cauley,TEX,TB,0,7.0,1.0,668984,Casey Legumina,R,822947,6:40 PM ET,Tropicana Field,1,1,0.24508050089445438,2026-07-29,822947,1.0,0,100.7,100.8,107.1,R,1,1,0,0,0,0,0,0,0,0,0,1,0,0,0,1,0,0.334,0.379,0,0,0,0,0,0,0.2571428571428571,0.35,0.8,0.175,0.2962962962962963,0.2,0.025,0.05,0.11428571428571428,1.0666666666666667,0.4666666666666667,0.21428571428571427,0.25,0.39285714285714285,0.17857142857142858,0.0,0.26295238095238094,0.3322738095238095,0.2727272727272727,0.21428571428571427,0.24158333333333334,0.35025,0.3333333333333333,0.3888888888888889,0.13636363636363635,0.2962962962962963,0.4074074074074074,0.23333333333333334,0.723404255319149,0.1891891891891892,0.46153846153846156,0.23076923076923078,0.3235294117647059,0.35294117647058826,0.058823529411764705,6.394736842105263,0.7105263157894738,7.105263157894737,0.19607843137254902,0.5606478080153746,0.18123093765891266,0.5606478080153746,0.2571428571428571,,0.5,,,,,False,,1.5,,,,,False,
553869,Elias Díaz,TEX,TB,0,9.0,1.0,668984,Casey Legumina,R,822947,6:40 PM ET,Tropicana Field,1,1,0.24508050089445438,2026-07-29,822947,1.0,0,100.7,100.8,107.1,R,4,3,0,0,0,0,0,1,0,2,0,1,0,0,1,0,0,0.011,0.025,0,0,0,0,1,1,0.22448979591836735,0.24,0.7959183673469388,0.19607843137254902,0.24324324324324326,0.16326530612244897,0.0392156862745098,0.0392156862745098,0.08163265306122448,1.2666666666666666,0.6666666666666666,0.4,0.25,0.375,0.275,0.025,0.30066111111111116,0.44552777777777774,0.16666666666666666,0.3157894736842105,0.2882500000000001,0.35923333333333324,0.21153846153846154,0.25,0.24528301886792453,0.2558139534883721,0.5813953488372093,0.15555555555555556,0.723404255319149,0.1891891891891892,0.46153846153846156,0.23076923076923078,0.3235294117647059,0.35294117647058826,0.058823529411764705,6.394736842105263,0.7105263157894738,7.105263157894737,0.19607843137254902,0.437752477960425,0.12215263271115488,0.437752477960425,0.22448979591836735,"{""novig"": {""0.5"": {""over"": -120, ""under"": -106}}, ""bet365"": {""0.5"": {""over"": -120, ""under"": -110}}, ""betmgm"": {""0.5"": {""over"": -140, ""under"": 105}}, ""draftkings"": {""0.5"": {""over"": -117, ""under"": -113}}, ""fanduel"": {""0.5"": {""over"": -130}}}",0.5,over,draftkings,-117.0,0.5391705069124424,True,-0.1014,1.5,,,,,False,
677649,Ezequiel Duran,TEX,TB,0,2.0,1.0,668984,Casey Legumina,R,822947,6:40 PM ET,Tropicana Field,1,1,0.24508050089445438,2026-07-29,822947,1.0,0,100.7,100.8,107.1,R,4,2,1,0,0,0,0,1,1,0,1,3,0,0,1,2,0,0.2535,0.275,1,0,1,0,0,0,0.2777777777777778,0.3333333333333333,0.6851851851851852,0.2833333333333333,0.30303030303030304,0.3888888888888889,0.08333333333333333,0.06666666666666667,0.18518518518518517,2.4,1.1333333333333333,0.3157894736842105,0.34210526315789475,0.3684210526315789,0.2894736842105263,0.10526315789473684,0.3398333333333333,0.6343833333333334,0.3684210526315789,0.15,0.4397666666666666,0.8227166666666665,0.3018867924528302,0.660377358490566,0.1864406779661017,0.29508196721311475,0.3770491803278688,0.30158730158730157,0.723404255319149,0.1891891891891892,0.46153846153846156,0.23076923076923078,0.3235294117647059,0.35294117647058826,0.058823529411764705,6.394736842105263,0.7105263157894738,7.105263157894737,0.19607843137254902,0.60993415139045,0.20991652692887852,0.60993415139045,0.2777777777777778,"{""novig"": {""0.5"": {""over"": -190, ""under"": 153}}, ""bet365"": {""0.5"": {""over"": -220, ""under"": 160}}, ""betmgm"": {""0.5"": {""over"": -200, ""under"": 150}}, ""draftkings"": {""0.5"": {""over"": -196, ""under"": 146}}, ""fanduel"": {""0.5"": {""over"": -195}}}",0.5,over,novig,-190.0,0.6551724137931034,True,-0.0452,1.5,,,,,False,
669394,Jake Burger,TEX,TB,0,4.0,1.0,668984,Casey Legumina,R,822947,6:40 PM ET,Tropicana Field,1,1,0.24508050089445438,2026-07-29,822947,1.0,0,100.7,100.8,107.1,R,4,4,1,0,0,0,0,0,0,1,1,3,0,1,2,1,0,0.13733333333333334,0.15733333333333333,1,0,1,0,1,0,0.19298245614035087,0.2459016393442623,0.6491228070175439,0.32786885245901637,0.21212121212121213,0.22807017543859648,0.06557377049180328,0.01639344262295082,0.08771929824561403,1.6,1.3333333333333333,0.43243243243243246,0.1891891891891892,0.43243243243243246,0.2702702702702703,0.02702702702702703,0.30910512820512825,0.5849551282051283,0.21052631578947367,0.38095238095238093,0.25581249999999994,0.5125000000000002,0.19642857142857142,0.4642857142857143,0.2833333333333333,0.2222222222222222,0.46296296296296297,0.3114754098360656,0.723404255319149,0.1891891891891892,0.46153846153846156,0.23076923076923078,0.3235294117647059,0.35294117647058826,0.058823529411764705,6.394736842105263,0.7105263157894738,7.105263157894737,0.19607843137254902,0.6149668935370746,0.23004589481949092,0.6149668935370746,0.19298245614035087,"{""novig"": {""0.5"": {""over"": -160, ""under"": 135}}, ""bet365"": {""0.5"": {""over"": -190, ""under"": 140}}, ""betmgm"": {""0.5"": {""over"": -175, ""under"": 130}}, ""draftkings"": {""0.5"": {""over"": -179, ""under"": 134}}, ""fanduel"": {""0.5"": {""over"": -200}}}",0.5,over,novig,-160.0,0.6153846153846154,True,-0.0004,1.5,,,,,False,
679822,Justin Foscue,TEX,TB,0,5.0,1.0,668984,Casey Legumina,R,822947,6:40 PM ET,Tropicana Field,1,1,0.24508050089445438,2026-07-29,822947,1.0,0,100.7,100.8,107.1,R,1,1,0,0,0,0,0,0,0,1,0,0,0,0,0,0,0,0.21233333333333335,0.23266666666666666,0,0,0,0,1,0,0.2571428571428571,0.3157894736842105,0.6857142857142857,0.2894736842105263,0.3181818181818182,0.2,0.05263157894736842,0.02631578947368421,0.08571428571428572,1.0666666666666667,0.7333333333333333,0.2916666666666667,0.20833333333333334,0.375,0.3333333333333333,0.0,0.253,0.4306333333333333,0.16666666666666666,0.4166666666666667,0.2526666666666667,0.3052083333333333,0.14634146341463414,0.24390243902439024,0.2608695652173913,0.2894736842105263,0.5263157894736842,0.23809523809523808,0.723404255319149,0.1891891891891892,0.46153846153846156,0.23076923076923078,0.3235294117647059,0.35294117647058826,0.058823529411764705,6.394736842105263,0.7105263157894738,7.105263157894737,0.19607843137254902,0.5644352264639828,0.1864461059605695,0.5644352264639828,0.2571428571428571,"{""novig"": {""0.5"": {""over"": -135, ""under"": 106}}, ""bet365"": {""0.5"": {""over"": -135, ""under"": 100}}, ""betmgm"": {""0.5"": {""over"": -160, ""under"": 120}}, ""draftkings"": {""0.5"": {""over"": -135, ""under"": 102}}, ""fanduel"": {""0.5"": {""over"": -160}}}",0.5,over,bet365,-135.0,0.574468085106383,True,-0.01,1.5,,,,,False,
670032,Nicky Lopez,TEX,TB,0,6.0,1.0,668984,Casey Legumina,R,822947,6:40 PM ET,Tropicana Field,0,1,0.24508050089445438,2026-07-29,822947,1.0,0,100.7,100.8,107.1,L,4,2,0,0,0,0,1,0,1,1,0,2,0,1,1,1,0,0.201,0.211,0,0,0,0,1,0,0.2857142857142857,0.3333333333333333,0.8095238095238095,0.16326530612244897,0.35294117647058826,0.023809523809523808,0.0,0.02040816326530612,0.023809523809523808,0.8666666666666667,0.5333333333333333,0.23684210526315788,0.23684210526315788,0.5789473684210527,0.13157894736842105,0.0,0.29776785714285714,0.34904761904761905,0.26666666666666666,0.21052631578947367,0.24250000000000002,0.2816666666666666,0.23076923076923078,0.2564102564102564,0.13043478260869565,0.43478260869565216,0.45652173913043476,0.12,0.723404255319149,0.1891891891891892,0.46153846153846156,0.23076923076923078,0.3235294117647059,0.35294117647058826,0.058823529411764705,6.394736842105263,0.7105263157894738,7.105263157894737,0.19607843137254902,0.6140250559253948,0.22493907239034674,0.6140250559253948,0.2857142857142857,"{""novig"": {""0.5"": {""over"": -138, ""under"": 115}}, ""bet365"": {""0.5"": {""over"": -165, ""under"": 125}}, ""betmgm"": {""0.5"": {""over"": -135, ""under"": 100}}, ""draftkings"": {""0.5"": {""over"": -144, ""under"": 108}}, ""fanduel"": {""0.5"": {""over"": -140}}}",0.5,over,betmgm,-135.0,0.574468085106383,True,0.0396,1.5,,,,,False,
694671,Wyatt Langford,TEX,TB,0,1.0,1.0,668984,Casey Legumina,R,822947,6:40 PM ET,Tropicana Field,1,1,0.24508050089445438,2026-07-29,822947,1.0,0,100.7,100.8,107.1,R,5,5,1,1,0,0,0,0,0,3,2,2,0,1,0,0,1,0.313,0.5139999999999999,1,0,1,1,1,1,0.32786885245901637,0.359375,0.8032786885245902,0.1875,0.35555555555555557,0.26229508196721313,0.0625,0.0625,0.13114754098360656,2.4,0.8,0.42857142857142855,0.32653061224489793,0.20408163265306123,0.32653061224489793,0.02040816326530612,0.35091888888888884,0.6600777777777778,0.2631578947368421,0.2,0.2989,0.5327666666666667,0.3225806451612903,0.6290322580645161,0.1791044776119403,0.23809523809523808,0.4603174603174603,0.24242424242424243,0.723404255319149,0.1891891891891892,0.46153846153846156,0.23076923076923078,0.3235294117647059,0.35294117647058826,0.058823529411764705,6.394736842105263,0.7105263157894738,7.105263157894737,0.19607843137254902,0.6442061146669024,0.271481436494617,0.6442061146669024,0.32786885245901637,"{""novig"": {""1.5"": {""over"": 251}}, ""bet365"": {""0.5"": {""over"": -235, ""under"": 175}}, ""betmgm"": {""0.5"": {""over"": -225, ""under"": 165}}, ""draftkings"": {""0.5"": {""over"": -193, ""under"": 144}}, ""fanduel"": {""0.5"": {""over"": -210}}}",0.5,over,draftkings,-193.0,0.658703071672355,True,-0.0145,1.5,over,novig,251.0,0.2849002849002849,True,-0.0134
667472,Dane Myers,CIN,CLE,1,3.0,1.0,676282,Joey Cantillo,L,824487,7:10 PM ET,Great American Ball Park,1,0,0.24821428571428572,2026-07-29,824487,0.0,0,97.3,101.4,113.2,R,4,4,2,0,0,0,0,0,0,1,2,3,0,1,0,2,1,0.4046666666666667,0.4756666666666667,1,1,1,1,1,0,0.275,0.3695652173913043,0.675,0.2826086956521739,0.4074074074074074,0.075,0.0,0.06521739130434782,0.075,0.9333333333333333,0.8666666666666667,0.4074074074074074,0.2222222222222222,0.5185185185185185,0.18518518518518517,0.0,0.3015576923076923,0.4256474358974359,0.25,0.35294117647058826,0.26644999999999996,0.32394999999999996,0.22727272727272727,0.2727272727272727,0.3148148148148148,0.375,0.5,0.23529411764705882,0.6053811659192825,0.24338624338624337,0.4205128205128205,0.15384615384615385,0.45925925925925926,0.26666666666666666,0.02962962962962963,8.171052631578947,1.2434210526315788,9.769736842105264,0.25,0.6174649897618417,0.2627947124035481,0.6174649897618417,0.275,"{""novig"": {""0.5"": {""over"": -153, ""under"": 125}}, ""bet365"": {""0.5"": {""over"": -160, ""under"": 120}}, ""betmgm"": {""0.5"": {""over"": -185, ""under"": 135}}, ""draftkings"": {""0.5"": {""over"": -166, ""under"": 125}}, ""fanduel"": {""0.5"": {""over"": -165}}}",0.5,over,novig,-153.0,0.6047430830039525,True,0.0127,1.5,,,,,False,
695490,Edwin Arroyo,CIN,CLE,1,8.0,1.0,676282,Joey Cantillo,L,824487,7:10 PM ET,Great American Ball Park,0,0,0.24821428571428572,2026-07-29,824487,0.0,0,97.3,101.4,113.2,L,4,4,1,0,0,0,0,0,0,2,1,2,0,1,1,1,0,0.241,0.2695,1,0,1,0,1,1,0.2564102564102564,0.2926829268292683,0.8205128205128205,0.16666666666666666,0.3125,0.05128205128205128,0.0,0.0,0.02564102564102564,0.8,0.4666666666666667,0.36363636363636365,0.3333333333333333,0.42424242424242425,0.24242424242424243,0.0,0.40445555555555557,0.52495,0.26666666666666666,0.17647058823529413,0.37625000000000003,0.47025000000000006,0.29545454545454547,0.36363636363636365,0.16326530612244897,0.16666666666666666,0.16666666666666666,0.23333333333333334,0.6053811659192825,0.24338624338624337,0.4205128205128205,0.15384615384615385,0.45925925925925926,0.26666666666666666,0.02962962962962963,8.171052631578947,1.2434210526315788,9.769736842105264,0.25,0.5787443617003764,0.24500702075072786,0.5787443617003764,0.2564102564102564,"{""novig"": {""0.5"": {""over"": -144, ""under"": 113}}, ""bet365"": {""0.5"": {""over"": -155, ""under"": 115}}, ""betmgm"": {""0.5"": {""over"": -140, ""under"": 105}}, ""draftkings"": {""0.5"": {""over"": -147, ""under"": 111}}, ""fanduel"": {""0.5"": {""over"": -155}}}",0.5,over,betmgm,-140.0,0.5833333333333334,True,-0.0046,1.5,,,,,False,
682829,Elly De La Cruz,CIN,CLE,1,1.0,1.0,676282,Joey Cantillo,L,824487,7:10 PM ET,Great American Ball Park,1,0,0.24821428571428572,2026-07-29,824487,0.0,0,97.3,101.4,113.2,R,1,1,1,0,0,0,0,0,0,0,1,1,0,1,0,1,0,0.079,0.087,1,0,1,0,0,0,0.28846153846153844,0.3728813559322034,0.75,0.22033898305084745,0.3333333333333333,0.21153846153846154,0.05084745762711865,0.0,0.07692307692307693,1.7333333333333334,0.8666666666666667,0.5641025641025641,0.3333333333333333,0.4358974358974359,0.20512820512820512,0.02564102564102564,0.42706923076923076,0.6944410256410257,0.25,0.4090909090909091,0.5468,0.9117666666666668,0.3103448275862069,0.5689655172413793,0.18840579710144928,0.36507936507936506,0.746031746031746,0.2571428571428571,0.6053811659192825,0.24338624338624337,0.4205128205128205,0.15384615384615385,0.45925925925925926,0.26666666666666666,0.02962962962962963,8.171052631578947,1.2434210526315788,9.769736842105264,0.25,0.6240629320633629,0.24174791689515915,0.6240629320633629,0.28846153846153844,"{""novig"": {""0.5"": {""over"": -160, ""under"": 144}}, ""bet365"": {""0.5"": {""over"": -220, ""under"": 160}}, ""betmgm"": {""0.5"": {""over"": -185, ""under"": 135}}, ""draftkings"": {""0.5"": {""over"": -196, ""under"": 146}}, ""fanduel"": {""0.5"": {""over"": -210}}}",0.5,over,novig,-160.0,0.6153846153846154,True,0.0087,1.5,,,,,False,
553993,Eugenio Suárez,CIN,CLE,1,4.0,1.0,676282,Joey Cantillo,L,824487,7:10 PM ET,Great American Ball Park,1,0,0.24821428571428572,2026-07-29,824487,0.0,0,97.3,101.4,113.2,R,4,4,0,0,0,0,0,0,0,2,0,2,0,1,1,0,0,0.021500000000000002,0.038,0,0,0,0,1,1,0.2,0.2786885245901639,0.4727272727272727,0.47540983606557374,0.25,0.34545454545454546,0.09836065573770492,0.01639344262295082,0.12727272727272726,2.0,1.9333333333333333,0.5384615384615384,0.19230769230769232,0.2692307692307692,0.5,0.038461538461538464,0.3655641025641026,0.8978717948717948,0.15789473684210525,0.3333333333333333,0.3142916666666665,0.7251250000000001,0.21428571428571427,0.5,0.3968253968253968,0.22641509433962265,0.37735849056603776,0.3898305084745763,0.6053811659192825,0.24338624338624337,0.4205128205128205,0.15384615384615385,0.45925925925925926,0.26666666666666666,0.02962962962962963,8.171052631578947,1.2434210526315788,9.769736842105264,0.25,0.5907574020023504,0.2504776271977594,0.5907574020023504,0.2,"{""novig"": {""0.5"": {""over"": -122, ""under"": -102}}, ""bet365"": {""0.5"": {""over"": -135, ""under"": 100}}, ""betmgm"": {""0.5"": {""over"": -135, ""under"": 100}}, ""draftkings"": {""0.5"": {""over"": -128, ""under"": -104}}, ""fanduel"": {""0.5"": {""over"": -135}}}",0.5,over,novig,-122.0,0.5495495495495496,True,0.0412,1.5,,,,,False,
671155,Ivan Johnson,CIN,CLE,1,7.0,1.0,676282,Joey Cantillo,L,824487,7:10 PM ET,Great American Ball Park,0,0,0.24821428571428572,2026-07-29,824487,0.0,0,97.3,101.4,113.2,L,3,2,1,0,0,0,1,0,0,1,1,1,0,0,1,0,0,0.563,0.615,1,0,1,0,1,0,0.2,0.2727272727272727,0.8,0.18181818181818182,0.25,0.1,0.0,0.09090909090909091,0.1,0.3333333333333333,0.2222222222222222,0.375,0.25,0.25,0.375,0.0,,,0.0,0.14285714285714285,0.14566666666666667,0.4295,0.0,0.0,0.3333333333333333,0.2857142857142857,0.42857142857142855,0.14285714285714285,0.6053811659192825,0.24338624338624337,0.4205128205128205,0.15384615384615385,0.45925925925925926,0.26666666666666666,0.02962962962962963,8.171052631578947,1.2434210526315788,9.769736842105264,0.25,0.4674004038708972,0.09856197325104314,0.4674004038708972,0.2,"{""novig"": {""0.5"": {""over"": -111, ""under"": -117}}, ""bet365"": {""0.5"": {""over"": -135, ""under"": 100}}, ""betmgm"": {""0.5"": {""over"": -135, ""under"": 100}}, ""draftkings"": {""0.5"": {""over"": -107, ""under"": -124}}, ""fanduel"": {""0.5"": {""over"": -115}}}",0.5,over,draftkings,-107.0,0.5169082125603864,True,-0.0495,1.5,,,,,False,
663647,Ke'Bryan Hayes,CIN,CLE,1,9.0,1.0,676282,Joey Cantillo,L,824487,7:10 PM ET,Great American Ball Park,1,0,0.24821428571428572,2026-07-29,824487,0.0,0,97.3,101.4,113.2,R,3,3,0,0,0,0,0,0,0,3,0,0,0,0,0,0,0,0.159,0.595,0,0,0,0,1,1,0.1702127659574468,0.22,0.8297872340425532,0.16,0.18421052631578946,0.0851063829787234,0.02,0.02,0.0425531914893617,0.8,0.5333333333333333,0.38461538461538464,0.3333333333333333,0.41025641025641024,0.23076923076923078,0.0,0.35585555555555554,0.46675555555555553,0.1875,0.17647058823529413,0.37025,0.5437,0.14285714285714285,0.2653061224489796,0.21568627450980393,0.19607843137254902,0.21568627450980393,0.16981132075471697,0.6053811659192825,0.24338624338624337,0.4205128205128205,0.15384615384615385,0.45925925925925926,0.26666666666666666,0.02962962962962963,8.171052631578947,1.2434210526315788,9.769736842105264,0.25,0.4037181093449343,0.15209995221757078,0.4037181093449343,0.1702127659574468,"{""novig"": {""0.5"": {""over"": -122, ""under"": -104}}, ""bet365"": {""0.5"": {""over"": -140, ""under"": 105}}, ""betmgm"": {""0.5"": {""over"": -120, ""under"": -110}}, ""draftkings"": {""0.5"": {""over"": -124, ""under"": -107}}, ""fanduel"": {""0.5"": {""over"": -140}}}",0.5,over,betmgm,-120.0,0.5454545454545454,True,-0.1417,1.5,,,,,False,
682622,Noelvi Marte,CIN,CLE,1,6.0,1.0,676282,Joey Cantillo,L,824487,7:10 PM ET,Great American Ball Park,1,0,0.24821428571428572,2026-07-29,824487,0.0,0,97.3,101.4,113.2,R,3,3,0,0,0,0,0,0,0,1,0,2,0,2,0,1,1,0.6665,0.791,0,0,0,0,1,0,0.19230769230769232,0.20754716981132076,0.8076923076923077,0.18867924528301888,0.2,0.15384615384615385,0.03773584905660377,0.03773584905660377,0.07692307692307693,1.2,0.6666666666666666,0.21428571428571427,0.14285714285714285,0.5476190476190477,0.21428571428571427,0.0,0.20693589743589744,0.28168589743589745,0.17647058823529413,0.058823529411764705,0.2515625,0.2961875000000001,0.16666666666666666,0.2777777777777778,0.22807017543859648,0.16216216216216217,0.32432432432432434,0.28205128205128205,0.6053811659192825,0.24338624338624337,0.4205128205128205,0.15384615384615385,0.45925925925925926,0.26666666666666666,0.02962962962962963,8.171052631578947,1.2434210526315788,9.769736842105264,0.25,0.5900410724281314,0.26992278034414174,0.5900410724281314,0.19230769230769232,"{""novig"": {""0.5"": {""over"": -150, ""under"": 120}}, ""bet365"": {""0.5"": {""over"": -175, ""under"": 132}}, ""betmgm"": {""0.5"": {""over"": -165, ""under"": 125}}, ""draftkings"": {""0.5"": {""over"": -155, ""under"": 117}}, ""fanduel"": {""0.5"": {""over"": -150}}}",0.5,over,novig,-150.0,0.6,True,-0.01,1.5,,,,,False,
701398,Sal Stewart,CIN,CLE,1,2.0,1.0,676282,Joey Cantillo,L,824487,7:10 PM ET,Great American Ball Park,1,0,0.24821428571428572,2026-07-29,824487,0.0,0,97.3,101.4,113.2,R,5,3,2,0,0,1,2,0,0,0,5,3,1,2,1,1,1,0.482,1.0476666666666665,1,1,1,1,0,0,0.23214285714285715,0.25806451612903225,0.7678571428571429,0.20967741935483872,0.21428571428571427,0.25,0.06451612903225806,0.03225806451612903,0.10714285714285714,1.8,0.8666666666666667,0.32608695652173914,0.1956521739130435,0.43478260869565216,0.34782608695652173,0.021739130434782608,0.2962202380952381,0.526952380952381,0.29411764705882354,0.29411764705882354,0.45666666666666667,0.6977500000000002,0.2413793103448276,0.5517241379310345,0.203125,0.18181818181818182,0.3090909090909091,0.2857142857142857,0.6053811659192825,0.24338624338624337,0.4205128205128205,0.15384615384615385,0.45925925925925926,0.26666666666666666,0.02962962962962963,8.171052631578947,1.2434210526315788,9.769736842105264,0.25,0.6354996287490434,0.26891758973117247,0.6354996287490434,0.23214285714285715,"{""novig"": {""0.5"": {""over"": -199, ""under"": 160}}, ""bet365"": {""0.5"": {""over"": -235, ""under"": 175}}, ""betmgm"": {""0.5"": {""over"": -220, ""under"": 160}}, ""draftkings"": {""0.5"": {""over"": -208, ""under"": 155}}, ""fanduel"": {""0.5"": {""over"": -210}}}",0.5,over,novig,-199.0,0.6655518394648829,True,-0.0301,1.5,,,,,False,
663886,Tyler Stephenson,CIN,CLE,1,5.0,1.0,676282,Joey Cantillo,L,824487,7:10 PM ET,Great American Ball Park,1,0,0.24821428571428572,2026-07-29,824487,0.0,0,97.3,101.4,113.2,R,4,4,2,1,0,0,0,0,0,1,3,3,0,2,1,0,2,0.457,0.6666666666666666,1,1,1,1,1,0,0.32,0.34615384615384615,0.74,0.25,0.4,0.2,0.038461538461538464,0.07692307692307693,0.12,1.7333333333333334,0.8666666666666667,0.40540540540540543,0.2972972972972973,0.4864864864864865,0.21621621621621623,0.0,0.44992261904761904,0.7151726190476191,0.2,0.3125,0.4589375,0.7658125,0.34,0.6,0.2692307692307692,0.26666666666666666,0.35555555555555557,0.21818181818181817,0.6053811659192825,0.24338624338624337,0.4205128205128205,0.15384615384615385,0.45925925925925926,0.26666666666666666,0.02962962962962963,8.171052631578947,1.2434210526315788,9.769736842105264,0.25,0.6204858290553735,0.24998139300347325,0.6204858290553735,0.32,"{""novig"": {""0.5"": {""over"": -147, ""under"": 120}}, ""bet365"": {""0.5"": {""over"": -200, ""under"": 150}}, ""betmgm"": {""0.5"": {""over"": -185, ""under"": 135}}, ""draftkings"": {""0.5"": {""over"": -152, ""under"": 114}}, ""fanduel"": {""0.5"": {""over"": -160}}}",0.5,over,novig,-147.0,0.5951417004048583,True,0.0253,1.5,,,,,False,
677587,Brayan Rocchio,CLE,CIN,0,5.0,1.0,663903,Brady Singer,R,824487,7:10 PM ET,Great American Ball Park,1,1,0.23623445825932504,2026-07-29,824487,0.0,0,97.3,101.4,113.2,R,1,1,0,0,0,0,0,0,0,0,0,1,0,0,1,0,0,0.003,0.003,0,0,0,0,0,0,0.20930232558139536,0.20930232558139536,0.7674418604651163,0.23255813953488372,0.25,0.11627906976744186,0.023255813953488372,0.046511627906976744,0.06976744186046512,0.9333333333333333,0.6666666666666666,0.3333333333333333,0.15151515151515152,0.5151515151515151,0.30303030303030304,0.030303030303030304,0.2129388888888889,0.30043333333333333,0.15384615384615385,0.23076923076923078,0.15953333333333344,0.20400000000000013,0.23333333333333334,0.4,0.20967741935483872,0.2857142857142857,0.42857142857142855,0.1694915254237288,0.6594827586206896,0.1836734693877551,0.4077669902912621,0.18446601941747573,0.45098039215686275,0.3137254901960784,0.0196078431372549,9.0,2.34,9.18,0.23076923076923078,0.603112970056924,0.2036705940105661,0.603112970056924,0.20930232558139536,"{""novig"": {""0.5"": {""over"": -194, ""under"": 156}}, ""bet365"": {""0.5"": {""over"": -225, ""under"": 165}}, ""betmgm"": {""0.5"": {""over"": -225, ""under"": 165}}, ""draftkings"": {""0.5"": {""over"": -205, ""under"": 153}}, ""fanduel"": {""0.5"": {""over"": -200}}}",0.5,over,novig,-194.0,0.6598639455782312,True,-0.0568,1.5,,,,,False,
800050,Chase DeLauter,CLE,CIN,0,3.0,1.0,663903,Brady Singer,R,824487,7:10 PM ET,Great American Ball Park,0,1,0.23623445825932504,2026-07-29,824487,0.0,0,97.3,101.4,113.2,L,4,4,0,0,0,0,0,0,0,1,0,3,0,0,0,1,0,0.038,0.04533333333333333,0,0,0,0,1,0,0.3333333333333333,0.42424242424242425,0.8245614035087719,0.15151515151515152,0.36363636363636365,0.24561403508771928,0.045454545454545456,0.07575757575757576,0.14035087719298245,2.2,0.6666666666666666,0.5957446808510638,0.2553191489361702,0.40425531914893614,0.2553191489361702,0.02127659574468085,0.3249607142857143,0.6257345238095237,0.2222222222222222,0.22727272727272727,0.28731666666666666,0.5251333333333333,0.31666666666666665,0.5666666666666667,0.1791044776119403,0.3389830508474576,0.423728813559322,0.15625,0.6594827586206896,0.1836734693877551,0.4077669902912621,0.18446601941747573,0.45098039215686275,0.3137254901960784,0.0196078431372549,9.0,2.34,9.18,0.23076923076923078,0.6243460036969718,0.2509098577556109,0.6243460036969718,0.3333333333333333,"{""novig"": {""1.5"": {""over"": 194}}, ""bet365"": {""1.5"": {""over"": 190, ""under"": -260}}, ""betmgm"": {""1.5"": {""over"": 180, ""under"": -250}}, ""draftkings"": {""0.5"": {""over"": -234, ""under"": 173}}, ""fanduel"": {""0.5"": {""over"": -260}}}",0.5,over,draftkings,-234.0,0.7005988023952096,True,-0.0763,1.5,over,novig,194.0,0.3401360544217687,True,-0.0892
672356,Gabriel Arias,CLE,CIN,0,7.0,1.0,663903,Brady Singer,R,824487,7:10 PM ET,Great American Ball Park,1,1,0.23623445825932504,2026-07-29,824487,0.0,0,97.3,101.4,113.2,R,4,4,1,0,0,0,0,0,0,1,1,3,0,1,1,2,0,0.25033333333333335,0.42766666666666664,1,0,1,0,1,0,0.325,0.37209302325581395,0.45,0.5116279069767442,0.6875,0.15,0.046511627906976744,0.0,0.05,1.2666666666666666,1.4666666666666666,0.3888888888888889,0.2777777777777778,0.6111111111111112,0.1111111111111111,0.0,0.4535,0.7834090909090908,0.42857142857142855,0.4666666666666667,0.44589999999999996,0.5445999999999998,0.29545454545454547,0.38636363636363635,0.4782608695652174,0.22448979591836735,0.3673469387755102,0.33962264150943394,0.6594827586206896,0.1836734693877551,0.4077669902912621,0.18446601941747573,0.45098039215686275,0.3137254901960784,0.0196078431372549,9.0,2.34,9.18,0.23076923076923078,0.5349732718699833,0.16304988890017505,0.5349732718699833,0.325,"{""novig"": {""0.5"": {""over"": -160, ""under"": 125}}, ""bet365"": {""0.5"": {""over"": -180, ""under"": 135}}, ""draftkings"": {""0.5"": {""over"": -167, ""under"": 125}}, ""fanduel"": {""0.5"": {""over"": -165}}}",0.5,over,novig,-160.0,0.6153846153846154,True,-0.0804,1.5,,,,,False,
608070,José Ramírez,CLE,CIN,0,2.0,1.0,663903,Brady Singer,R,824487,7:10 PM ET,Great American Ball Park,1,1,0.23623445825932504,2026-07-29,824487,0.0,0,97.3,101.4,113.2,R,1,1,0,0,0,0,0,0,0,0,0,1,0,0,0,1,0,0.044,0.045,0,0,0,0,0,0,0.22727272727272727,0.2608695652173913,0.8636363636363636,0.1276595744680851,0.2631578947368421,0.022727272727272728,0.0,0.02127659574468085,0.022727272727272728,0.7333333333333333,0.4,0.21052631578947367,0.2894736842105263,0.3684210526315789,0.23684210526315788,0.0,0.2878845238095238,0.3463023809523809,0.1875,0.125,0.34369999999999995,0.4360500000000001,0.25,0.4166666666666667,0.15151515151515152,0.3275862068965517,0.5689655172413793,0.09090909090909091,0.6594827586206896,0.1836734693877551,0.4077669902912621,0.18446601941747573,0.45098039215686275,0.3137254901960784,0.0196078431372549,9.0,2.34,9.18,0.23076923076923078,0.6087911578803342,0.25791740544199726,0.6087911578803342,0.22727272727272727,"{""novig"": {""1.5"": {""over"": 212, ""under"": -257}}, ""bet365"": {""1.5"": {""over"": 190, ""under"": -260}}, ""betmgm"": {""1.5"": {""over"": 185, ""under"": -250}}, ""draftkings"": {""0.5"": {""over"": -243, ""under"": 180}}, ""fanduel"": {""0.5"": {""over"": -250}}}",0.5,over,draftkings,-243.0,0.7084548104956269,True,-0.0997,1.5,over,novig,212.0,0.32051282051282054,True,-0.0626
700932,Kyle Manzardo,CLE,CIN,0,6.0,1.0,663903,Brady Singer,R,824487,7:10 PM ET,Great American Ball Park,0,1,0.23623445825932504,2026-07-29,824487,0.0,0,97.3,101.4,113.2,L,4,3,1,0,0,1,1,0,0,1,4,2,0,1,1,1,0,0.252,0.842,1,0,1,1,1,0,0.13333333333333333,0.20408163265306123,0.6444444444444445,0.32653061224489793,0.17857142857142858,0.1111111111111111,0.02040816326530612,0.04081632653061224,0.06666666666666667,0.7333333333333333,1.0666666666666667,0.41379310344827586,0.1724137931034483,0.3448275862068966,0.3793103448275862,0.06896551724137931,0.31162179487179487,0.505775641025641,0.2,0.4375,0.2833333333333334,0.49483333333333357,0.14893617021276595,0.2553191489361702,0.3333333333333333,0.17777777777777778,0.37777777777777777,0.4074074074074074,0.6594827586206896,0.1836734693877551,0.4077669902912621,0.18446601941747573,0.45098039215686275,0.3137254901960784,0.0196078431372549,9.0,2.34,9.18,0.23076923076923078,0.5459109022475014,0.1676254651611587,0.5459109022475014,0.13333333333333333,"{""novig"": {""0.5"": {""over"": -153, ""under"": 120}}, ""bet365"": {""0.5"": {""over"": -155, ""under"": 115}}, ""betmgm"": {""0.5"": {""over"": -155, ""under"": 115}}, ""draftkings"": {""0.5"": {""over"": -156, ""under"": 117}}, ""fanduel"": {""0.5"": {""over"": -170}}}",0.5,over,novig,-153.0,0.6047430830039525,True,-0.0588,1.5,,,,,False,
672275,Patrick Bailey,CLE,CIN,0,8.0,1.0,663903,Brady Singer,R,824487,7:10 PM ET,Great American Ball Park,0,1,0.23623445825932504,2026-07-29,824487,0.0,0,97.3,101.4,113.2,L,1,1,0,0,0,0,0,0,0,1,0,0,0,0,0,0,0,0.277,0.33175,0,0,0,0,1,0,0.3125,0.37142857142857144,0.78125,0.19444444444444445,0.3181818181818182,0.3125,0.08333333333333333,0.027777777777777776,0.125,1.3333333333333333,0.4666666666666667,0.5,0.15384615384615385,0.4230769230769231,0.2692307692307692,0.038461538461538464,0.39699242424242426,0.7285378787878788,0.42857142857142855,0.125,0.4485166666666666,0.7941833333333334,0.2553191489361702,0.48936170212765956,0.23076923076923078,0.16279069767441862,0.2558139534883721,0.32608695652173914,0.6594827586206896,0.1836734693877551,0.4077669902912621,0.18446601941747573,0.45098039215686275,0.3137254901960784,0.0196078431372549,9.0,2.34,9.18,0.23076923076923078,0.5631180626009805,0.20040314176845855,0.5631180626009805,0.3125,"{""novig"": {""0.5"": {""over"": -150, ""under"": 115}}, ""betmgm"": {""0.5"": {""over"": -160, ""under"": 120}}, ""draftkings"": {""0.5"": {""over"": -152, ""under"": 114}}, ""fanduel"": {""0.5"": {""over"": -160}}}",0.5,over,novig,-150.0,0.6,True,-0.0369,1.5,,,,,False,
690984,Petey Halpin,CLE,CIN,0,9.0,1.0,663903,Brady Singer,R,824487,7:10 PM ET,Great American Ball Park,0,1,0.23623445825932504,2026-07-29,824487,0.0,0,97.3,101.4,113.2,L,4,2,0,0,0,0,1,1,0,0,0,2,0,1,2,0,0,0.24300000000000002,0.906,0,0,0,0,0,0,0.20930232558139536,0.2391304347826087,0.8372093023255814,0.14893617021276595,0.2,0.18604651162790697,0.0425531914893617,0.0425531914893617,0.09302325581395349,1.1333333333333333,0.4666666666666667,0.2631578947368421,0.18421052631578946,0.39473684210526316,0.3157894736842105,0.02631578947368421,0.2798744444444444,0.3666988888888889,0.06666666666666667,0.0625,0.15545,0.17935,0.2619047619047619,0.5,0.17391304347826086,0.09523809523809523,0.09523809523809523,0.25,0.6594827586206896,0.1836734693877551,0.4077669902912621,0.18446601941747573,0.45098039215686275,0.3137254901960784,0.0196078431372549,9.0,2.34,9.18,0.23076923076923078,0.4809708985820304,0.10909247441006098,0.4809708985820304,0.20930232558139536,"{""novig"": {""0.5"": {""over"": -135, ""under"": 106}}, ""bet365"": {""0.5"": {""over"": -150, ""under"": 110}}, ""betmgm"": {""0.5"": {""over"": -165, ""under"": 125}}, ""draftkings"": {""0.5"": {""over"": -130, ""under"": -102}}, ""fanduel"": {""0.5"": {""over"": -155}}}",0.5,over,draftkings,-130.0,0.5652173913043478,True,-0.0842,1.5,,,,,False,
680757,Steven Kwan,CLE,CIN,0,1.0,1.0,663903,Brady Singer,R,824487,7:10 PM ET,Great American Ball Park,0,1,0.23623445825932504,2026-07-29,824487,0.0,0,97.3,101.4,113.2,L,5,5,1,0,0,0,0,0,0,2,1,3,0,0,1,1,1,0.5553333333333333,0.6056666666666667,1,0,1,0,1,1,0.4,0.4915254237288136,0.9,0.08333333333333333,0.4444444444444444,0.08,0.0,0.06666666666666667,0.08,1.6,0.3333333333333333,0.06666666666666667,0.4222222222222222,0.4,0.15555555555555556,0.0,0.3761744444444445,0.4646633333333333,0.35,0.13636363636363635,0.4058066666666666,0.4955733333333333,0.39215686274509803,0.49019607843137253,0.06896551724137931,0.2857142857142857,0.30952380952380953,0.10909090909090909,0.6594827586206896,0.1836734693877551,0.4077669902912621,0.18446601941747573,0.45098039215686275,0.3137254901960784,0.0196078431372549,9.0,2.34,9.18,0.23076923076923078,0.6599453169183417,0.2567491485775379,0.6599453169183417,0.4,"{""novig"": {""1.5"": {""over"": 194}}, ""bet365"": {""0.5"": {""over"": -260, ""under"": 190}}, ""betmgm"": {""1.5"": {""over"": 180, ""under"": -250}}, ""draftkings"": {""0.5"": {""over"": -245, ""under"": 181}}, ""fanduel"": {""0.5"": {""over"": -270}}}",0.5,over,draftkings,-245.0,0.7101449275362319,True,-0.0502,1.5,over,novig,194.0,0.3401360544217687,True,-0.0834
683953,Travis Bazzana,CLE,CIN,0,4.0,1.0,663903,Brady Singer,R,824487,7:10 PM ET,Great American Ball Park,0,1,0.23623445825932504,2026-07-29,824487,0.0,0,97.3,101.4,113.2,L,4,4,1,0,0,0,0,0,0,2,1,2,0,2,1,1,0,0.4545,0.836,1,0,1,0,1,1,0.21818181818181817,0.34328358208955223,0.7090909090909091,0.23880597014925373,0.2631578947368421,0.16363636363636364,0.029850746268656716,0.014925373134328358,0.07272727272727272,1.4,1.0666666666666667,0.275,0.175,0.35,0.325,0.05,0.27091,0.4233355555555555,0.1111111111111111,0.09523809523809523,0.18825,0.2931,0.2033898305084746,0.3728813559322034,0.26865671641791045,0.24074074074074073,0.2962962962962963,0.24615384615384617,0.6594827586206896,0.1836734693877551,0.4077669902912621,0.18446601941747573,0.45098039215686275,0.3137254901960784,0.0196078431372549,9.0,2.34,9.18,0.23076923076923078,0.541353279463941,0.1689774330088671,0.541353279463941,0.21818181818181817,"{""novig"": {""0.5"": {""over"": -194, ""under"": 153}}, ""bet365"": {""0.5"": {""over"": -220, ""under"": 160}}, ""betmgm"": {""0.5"": {""over"": -225, ""under"": 165}}, ""draftkings"": {""0.5"": {""over"": -194, ""under"": 145}}, ""fanduel"": {""0.5"": {""over"": -210}}}",0.5,over,draftkings,-194.0,0.6598639455782312,True,-0.1185,1.5,,,,,False,
702176,Alan Roden,MIN,KC,1,7.0,1.0,677976,Randy Dobnak,R,823677,7:40 PM ET,Target Field,0,1,0.20967741935483872,2026-07-29,823677,,0,102.9,101.6,95.4,L,2,2,0,0,0,0,0,0,0,0,0,2,0,1,0,1,1,0.19999999999999998,0.3375,0,0,0,0,0,0,0.19444444444444445,0.2682926829268293,0.8055555555555556,0.17073170731707318,0.23333333333333334,0.0,0.0,0.0,0.0,0.4666666666666667,0.4666666666666667,0.4666666666666667,0.23333333333333334,0.43333333333333335,0.3,0.0,0.31847222222222227,0.45122916666666674,0.23076923076923078,0.125,0.24679166666666666,0.29368749999999993,0.21621621621621623,0.21621621621621623,0.19047619047619047,0.0,0.0,0.1875,0.7659574468085106,0.21487603305785125,0.408,0.168,0.5185185185185185,0.19444444444444445,0.018518518518518517,9.818181818181817,1.3636363636363638,4.090909090909091,0.1056338028169014,0.6428997734834482,0.19631491337290394,0.6428997734834482,0.19444444444444445,"{""novig"": {""0.5"": {""over"": -167, ""under"": 141}}, ""bet365"": {""0.5"": {""over"": -200, ""under"": 150}}, ""betmgm"": {""0.5"": {""over"": -165, ""under"": 125}}, ""draftkings"": {""0.5"": {""over"": -178, ""under"": 133}}, ""fanduel"": {""0.5"": {""over"": -190}}}",0.5,over,betmgm,-165.0,0.6226415094339622,True,0.0203,1.5,,,,,False,
686797,Brooks Lee,MIN,KC,1,2.0,1.0,677976,Randy Dobnak,R,823677,7:40 PM ET,Target Field,0,1,0.20967741935483872,2026-07-29,823677,,0,102.9,101.6,95.4,L,3,2,0,0,0,0,1,0,0,0,0,2,0,1,2,0,0,0.006999999999999999,0.015,0,0,0,0,0,0,0.21052631578947367,0.25,0.8157894736842105,0.175,0.23333333333333334,0.13157894736842105,0.025,0.0,0.05263157894736842,0.8666666666666667,0.4666666666666667,0.2903225806451613,0.12903225806451613,0.5483870967741935,0.12903225806451613,0.03225806451612903,0.2524038461538462,0.35883333333333334,0.1,0.09090909090909091,0.1685208333333334,0.17658333333333315,0.25862068965517243,0.39655172413793105,0.1791044776119403,0.14285714285714285,0.26785714285714285,0.16129032258064516,0.7659574468085106,0.21487603305785125,0.408,0.168,0.5185185185185185,0.19444444444444445,0.018518518518518517,9.818181818181817,1.3636363636363638,4.090909090909091,0.1056338028169014,0.664094142969381,0.2312193464367377,0.664094142969381,0.21052631578947367,"{""novig"": {""1.5"": {""over"": 130}}, ""bet365"": {""1.5"": {""over"": 190, ""under"": -260}}, ""betmgm"": {""1.5"": {""over"": 180, ""under"": -250}}, ""draftkings"": {""0.5"": {""over"": -263, ""under"": 194}}, ""fanduel"": {""0.5"": {""over"": -320}}}",0.5,over,draftkings,-263.0,0.7245179063360881,True,-0.0604,1.5,over,bet365,190.0,0.3448275862068966,True,-0.1136
605137,Josh Bell,MIN,KC,1,4.0,1.0,677976,Randy Dobnak,R,823677,7:40 PM ET,Target Field,0,1,0.20967741935483872,2026-07-29,823677,,0,102.9,101.6,95.4,L,4,4,2,0,0,0,0,0,0,2,2,2,0,1,0,1,1,0.43,0.486,1,1,1,1,1,1,0.1935483870967742,0.2647058823529412,0.7096774193548387,0.2647058823529412,0.2727272727272727,0.06451612903225806,0.0,0.058823529411764705,0.06451612903225806,0.5333333333333333,0.6,0.3181818181818182,0.09090909090909091,0.6363636363636364,0.13636363636363635,0.0,0.22921527777777775,0.2894513888888888,0.0,0.2222222222222222,0.22012500000000004,0.25162499999999943,0.22950819672131148,0.47540983606557374,0.2727272727272727,0.24489795918367346,0.40816326530612246,0.18867924528301888,0.7659574468085106,0.21487603305785125,0.408,0.168,0.5185185185185185,0.19444444444444445,0.018518518518518517,9.818181818181817,1.3636363636363638,4.090909090909091,0.1056338028169014,0.5915343886049544,0.17410761092794932,0.5915343886049544,0.1935483870967742,"{""novig"": {""0.5"": {""over"": -251, ""under"": 194}}, ""betmgm"": {""0.5"": {""over"": -235, ""under"": 175}}, ""bet365"": {""1.5"": {""over"": 205, ""under"": -290}}, ""draftkings"": {""0.5"": {""over"": -261, ""under"": 192}}, ""fanduel"": {""0.5"": {""over"": -270}}}",0.5,over,betmgm,-235.0,0.7014925373134329,True,-0.11,1.5,over,bet365,205.0,0.32786885245901637,True,-0.1538
665019,Kody Clemens,MIN,KC,1,3.0,1.0,677976,Randy Dobnak,R,823677,7:40 PM ET,Target Field,0,1,0.20967741935483872,2026-07-29,823677,,0,102.9,101.6,95.4,L,4,3,1,1,0,0,0,1,0,0,2,3,1,2,1,2,0,0.359,0.7120000000000001,1,0,1,1,0,0,0.23333333333333334,0.265625,0.7,0.28125,0.2926829268292683,0.23333333333333334,0.03125,0.03125,0.11666666666666667,1.8666666666666667,1.2,0.4883720930232558,0.3023255813953488,0.27906976744186046,0.32558139534883723,0.0,0.2668066666666667,0.46323222222222227,0.3181818181818182,0.17391304347826086,0.2843866666666667,0.42657999999999996,0.20634920634920634,0.4603174603174603,0.2898550724637681,0.3,0.66,0.17307692307692307,0.7659574468085106,0.21487603305785125,0.408,0.168,0.5185185185185185,0.19444444444444445,0.018518518518518517,9.818181818181817,1.3636363636363638,4.090909090909091,0.1056338028169014,0.645952171066359,0.2480579259548081,0.645952171066359,0.23333333333333334,"{""novig"": {""1.5"": {""over"": 190, ""under"": -277}}, ""betmgm"": {""0.5"": {""over"": -250, ""under"": 180}}, ""bet365"": {""1.5"": {""over"": 175, ""under"": -235}}, ""draftkings"": {""1.5"": {""over"": 188, ""under"": -255}}, ""fanduel"": {""0.5"": {""over"": -300}}}",0.5,over,betmgm,-250.0,0.7142857142857143,True,-0.0683,1.5,over,novig,190.0,0.3448275862068966,True,-0.0968
807712,Luke Keaschall,MIN,KC,1,8.0,1.0,677976,Randy Dobnak,R,823677,7:40 PM ET,Target Field,1,1,0.20967741935483872,2026-07-29,823677,,0,102.9,101.6,95.4,R,4,4,1,0,0,0,0,0,0,0,1,4,0,2,0,2,2,0.3655,0.41175,1,0,1,0,0,0,0.3023255813953488,0.4406779661016949,0.7674418604651163,0.1694915254237288,0.3611111111111111,0.023255813953488372,0.0,0.01694915254237288,0.023255813953488372,0.9333333333333333,0.6666666666666666,0.2777777777777778,0.25,0.4166666666666667,0.2777777777777778,0.0,0.2909047619047619,0.3688869047619048,0.13333333333333333,0.22727272727272727,0.26193750000000005,0.36137499999999995,0.32558139534883723,0.5116279069767442,0.11864406779661017,0.23255813953488372,0.27906976744186046,0.19148936170212766,0.7659574468085106,0.21487603305785125,0.408,0.168,0.5185185185185185,0.19444444444444445,0.018518518518518517,9.818181818181817,1.3636363636363638,4.090909090909091,0.1056338028169014,0.568071504382733,0.1817294696370462,0.568071504382733,0.3023255813953488,"{""novig"": {""0.5"": {""over"": -194, ""under"": 150}}, ""bet365"": {""0.5"": {""over"": -220, ""under"": 160}}, ""betmgm"": {""0.5"": {""over"": -210, ""under"": 155}}, ""draftkings"": {""0.5"": {""over"": -199, ""under"": 149}}, ""fanduel"": {""0.5"": {""over"": -185}}}",0.5,over,fanduel,-185.0,0.6491228070175439,True,-0.0811,1.5,,,,,False,
668904,Royce Lewis,MIN,KC,1,5.0,1.0,677976,Randy Dobnak,R,823677,7:40 PM ET,Target Field,1,1,0.20967741935483872,2026-07-29,823677,,0,102.9,101.6,95.4,R,2,1,1,0,1,0,1,0,0,0,3,1,0,1,1,0,0,0.814,3.237,1,0,1,1,0,0,0.18867924528301888,0.30158730158730157,0.7924528301886793,0.1746031746031746,0.1951219512195122,0.16981132075471697,0.031746031746031744,0.047619047619047616,0.09433962264150944,1.2666666666666666,0.7333333333333333,0.3953488372093023,0.20930232558139536,0.27906976744186046,0.27906976744186046,0.0,0.26422333333333337,0.4710211111111111,0.15789473684210525,0.13043478260869565,0.14678666666666668,0.21196333333333323,0.22033898305084745,0.3898305084745763,0.19696969696969696,0.20754716981132076,0.3584905660377358,0.18333333333333332,0.7659574468085106,0.21487603305785125,0.408,0.168,0.5185185185185185,0.19444444444444445,0.018518518518518517,9.818181818181817,1.3636363636363638,4.090909090909091,0.1056338028169014,0.6498390656080123,0.21753295267086883,0.6498390656080123,0.18867924528301888,"{""novig"": {""0.5"": {""over"": -228, ""under"": 178}}, ""bet365"": {""0.5"": {""over"": -225, ""under"": 165}}, ""betmgm"": {""0.5"": {""over"": -225, ""under"": 165}}, ""draftkings"": {""0.5"": {""over"": -244, ""under"": 180}}, ""fanduel"": {""0.5"": {""over"": -220}}}",0.5,over,fanduel,-220.0,0.6875,True,-0.0377,1.5,,,,,False,
668952,Ryan Kreidler,MIN,KC,1,9.0,1.0,677976,Randy Dobnak,R,823677,7:40 PM ET,Target Field,1,1,0.20967741935483872,2026-07-29,823677,,0,102.9,101.6,95.4,R,4,4,1,0,0,0,0,0,0,2,1,2,0,0,0,2,0,0.1975,0.2015,1,0,1,0,1,1,0.18604651162790697,0.20454545454545456,0.7674418604651163,0.22727272727272727,0.24242424242424243,0.13953488372093023,0.0,0.09090909090909091,0.11627906976744186,0.9333333333333333,0.6666666666666666,0.48484848484848486,0.21212121212121213,0.5151515151515151,0.18181818181818182,0.0,0.3380059523809524,0.5052083333333334,0.26666666666666666,0.13333333333333333,0.4227666666666667,0.7271833333333334,0.2,0.36,0.25,0.1891891891891892,0.2972972972972973,0.1794871794871795,0.7659574468085106,0.21487603305785125,0.408,0.168,0.5185185185185185,0.19444444444444445,0.018518518518518517,9.818181818181817,1.3636363636363638,4.090909090909091,0.1056338028169014,0.48916231539778066,0.11829361018906089,0.48916231539778066,0.18604651162790697,"{""novig"": {""0.5"": {""over"": -150, ""under"": 120}}, ""bet365"": {""0.5"": {""over"": -150, ""under"": 110}}, ""betmgm"": {""0.5"": {""over"": -135, ""under"": 100}}, ""draftkings"": {""0.5"": {""over"": -162, ""under"": 122}}, ""fanduel"": {""0.5"": {""over"": -155}}}",0.5,over,betmgm,-135.0,0.574468085106383,True,-0.0853,1.5,,,,,False,
663616,Trevor Larnach,MIN,KC,1,1.0,1.0,677976,Randy Dobnak,R,823677,7:40 PM ET,Target Field,0,1,0.20967741935483872,2026-07-29,823677,,0,102.9,101.6,95.4,L,3,2,0,0,0,0,1,0,0,0,0,2,0,1,1,1,0,0.195,0.208,0,0,0,0,0,0,0.30612244897959184,0.38181818181818183,0.8163265306122449,0.16071428571428573,0.32432432432432434,0.24489795918367346,0.05357142857142857,0.05357142857142857,0.12244897959183673,1.8,0.6,0.375,0.3,0.425,0.2,0.025,0.3516333333333333,0.49487222222222216,0.4117647058823529,0.2222222222222222,0.34839999999999993,0.5141500000000001,0.3469387755102041,0.6122448979591837,0.15789473684210525,0.2916666666666667,0.4375,0.25,0.7659574468085106,0.21487603305785125,0.408,0.168,0.5185185185185185,0.19444444444444445,0.018518518518518517,9.818181818181817,1.3636363636363638,4.090909090909091,0.1056338028169014,0.6902916358185212,0.2929731145411165,0.6902916358185212,0.30612244897959184,"{""novig"": {""0.5"": {""over"": -277, ""under"": 203}}, ""bet365"": {""1.5"": {""over"": 202, ""under"": -280}}, ""betmgm"": {""1.5"": {""over"": 190, ""under"": -275}}, ""draftkings"": {""1.5"": {""over"": 198, ""under"": -270}}, ""fanduel"": {""0.5"": {""over"": -280}}}",0.5,over,novig,-277.0,0.7347480106100795,True,-0.0445,1.5,over,bet365,202.0,0.33112582781456956,True,-0.0382
605170,Victor Caratini,MIN,KC,1,6.0,1.0,677976,Randy Dobnak,R,823677,7:40 PM ET,Target Field,0,1,0.20967741935483872,2026-07-29,823677,,0,102.9,101.6,95.4,L,4,4,2,0,0,0,0,0,0,0,2,4,0,3,0,3,1,0.31575,0.4285,1,1,1,1,0,0,0.21428571428571427,0.2413793103448276,0.7857142857142857,0.20689655172413793,0.2727272727272727,0.07142857142857142,0.0,0.06896551724137931,0.07142857142857142,0.5333333333333333,0.4,0.36363636363636365,0.4090909090909091,0.36363636363636365,0.18181818181818182,0.0,0.3238214285714286,0.42654761904761906,0.2222222222222222,0.4444444444444444,0.25987499999999986,0.3388750000000001,0.30612244897959184,0.4489795918367347,0.21052631578947367,0.13333333333333333,0.2,0.21568627450980393,0.7659574468085106,0.21487603305785125,0.408,0.168,0.5185185185185185,0.19444444444444445,0.018518518518518517,9.818181818181817,1.3636363636363638,4.090909090909091,0.1056338028169014,0.631943574328799,0.20843397375789322,0.631943574328799,0.21428571428571427,"{""novig"": {""0.5"": {""over"": -213, ""under"": 160}}, ""draftkings"": {""0.5"": {""over"": -218, ""under"": 162}}, ""fanduel"": {""0.5"": {""over"": -210}}}",0.5,over,fanduel,-210.0,0.6774193548387096,True,-0.0455,1.5,,,,,False,
695600,Carter Jensen,KC,MIN,0,1.0,1.0,657746,Joe Ryan,R,823677,7:40 PM ET,Target Field,0,1,0.22,2026-07-29,823677,,0,102.9,101.6,95.4,L,4,4,0,0,0,0,0,0,0,3,0,1,0,1,0,1,0,0.571,0.654,0,0,0,0,1,1,0.2037037037037037,0.29508196721311475,0.6111111111111112,0.3387096774193548,0.3125,0.16666666666666666,0.016129032258064516,0.0967741935483871,0.12962962962962962,1.3333333333333333,1.4,0.45454545454545453,0.15151515151515152,0.3333333333333333,0.45454545454545453,0.030303030303030304,0.26029487179487176,0.5606641025641026,0.1875,0.3684210526315789,0.24716666666666665,0.4784166666666667,0.22413793103448276,0.3793103448275862,0.31343283582089554,0.23636363636363636,0.43636363636363634,0.26666666666666666,0.6370967741935484,0.2079646017699115,0.3648068669527897,0.13304721030042918,0.34177215189873417,0.27848101265822783,0.056962025316455694,7.843575418994414,1.0558659217877095,11.614525139664806,0.3168724279835391,0.5810983311026523,0.2009881087011706,0.5810983311026523,0.2037037037037037,"{""novig"": {""0.5"": {""over"": -170, ""under"": 135}}, ""bet365"": {""0.5"": {""over"": -210, ""under"": 155}}, ""betmgm"": {""0.5"": {""over"": -185, ""under"": 135}}, ""draftkings"": {""0.5"": {""over"": -175, ""under"": 131}}, ""fanduel"": {""0.5"": {""over"": -195}}}",0.5,over,novig,-170.0,0.6296296296296297,True,-0.0485,1.5,,,,,False,
686555,Isaac Collins,KC,MIN,0,7.0,1.0,657746,Joe Ryan,R,823677,7:40 PM ET,Target Field,1,1,0.22,2026-07-29,823677,,0,102.9,101.6,95.4,R,1,1,0,0,0,0,0,0,0,0,0,1,0,0,1,0,0,0.026,0.034,0,0,0,0,0,0,0.25,0.3076923076923077,0.6944444444444444,0.28205128205128205,0.3333333333333333,0.1388888888888889,0.02564102564102564,0.05128205128205128,0.08333333333333333,0.9333333333333333,0.7333333333333333,0.4,0.2,0.44,0.24,0.0,0.26589743589743586,0.38074358974358974,0.15384615384615385,0.35714285714285715,0.17375000000000013,0.20908333333333345,0.3404255319148936,0.5957446808510638,0.21153846153846154,0.20408163265306123,0.3469387755102041,0.2222222222222222,0.6370967741935484,0.2079646017699115,0.3648068669527897,0.13304721030042918,0.34177215189873417,0.27848101265822783,0.056962025316455694,7.843575418994414,1.0558659217877095,11.614525139664806,0.3168724279835391,0.5498217473742448,0.13372289415732083,0.5498217473742448,0.25,"{""novig"": {""0.5"": {""over"": -153, ""under"": 120}}, ""bet365"": {""0.5"": {""over"": -140, ""under"": 105}}, ""betmgm"": {""0.5"": {""over"": -165, ""under"": 125}}, ""draftkings"": {""0.5"": {""over"": -159, ""under"": 120}}, ""fanduel"": {""0.5"": {""over"": -165}}}",0.5,over,bet365,-140.0,0.5833333333333334,True,-0.0335,1.5,,,,,False,
695506,Jac Caglianone,KC,MIN,0,3.0,1.0,657746,Joe Ryan,R,823677,7:40 PM ET,Target Field,0,1,0.22,2026-07-29,823677,,0,102.9,101.6,95.4,L,4,2,0,0,0,0,2,0,0,1,0,1,0,1,0,0,1,0.551,1.075,0,0,0,0,1,0,0.21666666666666667,0.21666666666666667,0.7833333333333333,0.21666666666666667,0.24444444444444444,0.18333333333333332,0.03333333333333333,0.08333333333333333,0.11666666666666667,1.6,0.8666666666666667,0.44680851063829785,0.19148936170212766,0.5531914893617021,0.19148936170212766,0.02127659574468085,0.29970555555555556,0.46631666666666666,0.0,0.25,0.17698333333333333,0.20775000000000002,0.21428571428571427,0.39285714285714285,0.14035087719298245,0.3125,0.546875,0.3235294117647059,0.6370967741935484,0.2079646017699115,0.3648068669527897,0.13304721030042918,0.34177215189873417,0.27848101265822783,0.056962025316455694,7.843575418994414,1.0558659217877095,11.614525139664806,0.3168724279835391,0.5551225376501936,0.15321678556525875,0.5551225376501936,0.21666666666666667,"{""novig"": {""0.5"": {""over"": -213, ""under"": 167}}, ""bet365"": {""0.5"": {""over"": -250, ""under"": 185}}, ""betmgm"": {""0.5"": {""over"": -210, ""under"": 155}}, ""draftkings"": {""0.5"": {""over"": -217, ""under"": 161}}, ""fanduel"": {""0.5"": {""over"": -240}}}",0.5,over,betmgm,-210.0,0.6774193548387096,True,-0.1223,1.5,,,,,False,
668942,Josh Rojas,KC,MIN,0,8.0,1.0,657746,Joe Ryan,R,823677,7:40 PM ET,Target Field,0,1,0.22,2026-07-29,823677,,0,102.9,101.6,95.4,L,2,1,0,0,0,0,1,0,0,0,0,1,0,1,0,1,0,0.173,0.192,0,0,0,0,0,0,0.2564102564102564,0.275,0.7948717948717948,0.2,0.3225806451612903,0.05128205128205128,0.0,0.05,0.05128205128205128,0.8,0.5333333333333333,0.3225806451612903,0.1935483870967742,0.4838709677419355,0.25806451612903225,0.0,0.2852,0.3609833333333333,0.4,0.06666666666666667,0.4059374999999999,0.4966875000000004,0.3142857142857143,0.45714285714285713,0.19444444444444445,0.1875,0.3333333333333333,0.23529411764705882,0.6370967741935484,0.2079646017699115,0.3648068669527897,0.13304721030042918,0.34177215189873417,0.27848101265822783,0.056962025316455694,7.843575418994414,1.0558659217877095,11.614525139664806,0.3168724279835391,0.5469396398810229,0.1689774330088671,0.5469396398810229,0.2564102564102564,"{""novig"": {""0.5"": {""over"": -127, ""under"": 102}}, ""bet365"": {""0.5"": {""over"": -150, ""under"": 110}}, ""betmgm"": {""0.5"": {""over"": -140, ""under"": 105}}, ""draftkings"": {""0.5"": {""over"": -130, ""under"": -102}}, ""fanduel"": {""0.5"": {""over"": -145}}}",0.5,over,novig,-127.0,0.5594713656387665,True,-0.0125,1.5,,,,,False,
657041,Lane Thomas,KC,MIN,0,2.0,1.0,657746,Joe Ryan,R,823677,7:40 PM ET,Target Field,1,1,0.22,2026-07-29,823677,,0,102.9,101.6,95.4,R,4,4,1,0,0,0,0,0,0,3,1,1,0,1,0,1,0,0.426,0.453,1,0,1,0,1,1,0.22033898305084745,0.2698412698412698,0.6949152542372882,0.2857142857142857,0.24324324324324326,0.2542372881355932,0.06349206349206349,0.047619047619047616,0.11864406779661017,1.8666666666666667,1.2,0.5609756097560976,0.21951219512195122,0.43902439024390244,0.1951219512195122,0.0,0.33790555555555557,0.5925222222222222,0.1,0.3181818181818182,0.2464,0.3258500000000001,0.27586206896551724,0.5,0.265625,0.22641509433962265,0.4528301886792453,0.27586206896551724,0.6370967741935484,0.2079646017699115,0.3648068669527897,0.13304721030042918,0.34177215189873417,0.27848101265822783,0.056962025316455694,7.843575418994414,1.0558659217877095,11.614525139664806,0.3168724279835391,0.6149547293072586,0.23352824438775285,0.6149547293072586,0.22033898305084745,"{""novig"": {""0.5"": {""over"": -163, ""under"": 127}}, ""bet365"": {""0.5"": {""over"": -175, ""under"": 132}}, ""betmgm"": {""0.5"": {""over"": -165, ""under"": 125}}, ""draftkings"": {""0.5"": {""over"": -168, ""under"": 126}}, ""fanduel"": {""0.5"": {""over"": -190}}}",0.5,over,novig,-163.0,0.6197718631178707,True,-0.0048,1.5,,,,,False,
686681,Michael Massey,KC,MIN,0,5.0,1.0,657746,Joe Ryan,R,823677,7:40 PM ET,Target Field,0,1,0.22,2026-07-29,823677,,0,102.9,101.6,95.4,L,4,4,0,0,0,0,0,0,0,2,0,2,0,0,0,1,0,0.067,0.0695,0,0,0,0,1,1,0.3469387755102041,0.4,0.8163265306122449,0.16363636363636364,0.4,0.16326530612244897,0.01818181818181818,0.09090909090909091,0.12244897959183673,1.6666666666666667,0.6,0.43902439024390244,0.21951219512195122,0.4146341463414634,0.34146341463414637,0.0,0.2927666666666667,0.4525277777777778,0.4,0.29411764705882354,0.27449999999999997,0.4997,0.3469387755102041,0.40816326530612246,0.10526315789473684,0.2127659574468085,0.3617021276595745,0.27450980392156865,0.6370967741935484,0.2079646017699115,0.3648068669527897,0.13304721030042918,0.34177215189873417,0.27848101265822783,0.056962025316455694,7.843575418994414,1.0558659217877095,11.614525139664806,0.3168724279835391,0.605512860361064,0.1864461059605695,0.605512860361064,0.3469387755102041,"{""novig"": {""0.5"": {""over"": -170, ""under"": 135}}, ""bet365"": {""0.5"": {""over"": -210, ""under"": 155}}, ""draftkings"": {""0.5"": {""over"": -175, ""under"": 132}}, ""fanduel"": {""0.5"": {""over"": -190}}}",0.5,over,novig,-170.0,0.6296296296296297,True,-0.0241,1.5,,,,,False,
679845,Nick Loftin,KC,MIN,0,6.0,1.0,657746,Joe Ryan,R,823677,7:40 PM ET,Target Field,1,1,0.22,2026-07-29,823677,,0,102.9,101.6,95.4,R,4,2,1,0,0,0,2,0,0,0,1,2,0,1,0,1,1,0.5555,0.5965,1,0,1,0,0,0,0.3018867924528302,0.3392857142857143,0.8113207547169812,0.1724137931034483,0.34146341463414637,0.18867924528301888,0.034482758620689655,0.06896551724137931,0.11320754716981132,1.7333333333333334,0.6666666666666666,0.2727272727272727,0.20454545454545456,0.4318181818181818,0.29545454545454547,0.0,0.3119277777777778,0.4882333333333333,0.3125,0.2777777777777778,0.39659999999999995,0.7278,0.24,0.42,0.16981132075471697,0.35294117647058826,0.5490196078431373,0.11864406779661017,0.6370967741935484,0.2079646017699115,0.3648068669527897,0.13304721030042918,0.34177215189873417,0.27848101265822783,0.056962025316455694,7.843575418994414,1.0558659217877095,11.614525139664806,0.3168724279835391,0.5862407303881373,0.20345357042558865,0.5862407303881373,0.3018867924528302,"{""novig"": {""0.5"": {""over"": -170, ""under"": 133}}, ""bet365"": {""0.5"": {""over"": -165, ""under"": 125}}, ""betmgm"": {""0.5"": {""over"": -185, ""under"": 135}}, ""draftkings"": {""0.5"": {""over"": -168, ""under"": 126}}, ""fanduel"": {""0.5"": {""over"": -180}}}",0.5,over,bet365,-165.0,0.6226415094339622,True,-0.0364,1.5,,,,,False,
521692,Salvador Perez,KC,MIN,0,4.0,1.0,657746,Joe Ryan,R,823677,7:40 PM ET,Target Field,1,1,0.22,2026-07-29,823677,,0,102.9,101.6,95.4,R,4,4,2,0,0,0,0,0,0,0,2,4,0,2,2,2,0,0.15425,0.1845,1,1,1,1,0,0,0.18867924528301888,0.2903225806451613,0.7358490566037735,0.22580645161290322,0.16666666666666666,0.2641509433962264,0.06451612903225806,0.03225806451612903,0.11320754716981132,1.6,0.9333333333333333,0.475,0.2,0.45,0.275,0.05,0.332077380952381,0.7135416666666667,0.15789473684210525,0.18181818181818182,0.36284999999999995,0.8020333333333334,0.21818181818181817,0.4909090909090909,0.2698412698412698,0.27586206896551724,0.4482758620689655,0.15873015873015872,0.6370967741935484,0.2079646017699115,0.3648068669527897,0.13304721030042918,0.34177215189873417,0.27848101265822783,0.056962025316455694,7.843575418994414,1.0558659217877095,11.614525139664806,0.3168724279835391,0.597866995290932,0.23171591899117439,0.597866995290932,0.18867924528301888,"{""novig"": {""0.5"": {""over"": -186, ""under"": 144}}, ""bet365"": {""0.5"": {""over"": -175, ""under"": 132}}, ""betmgm"": {""0.5"": {""over"": -200, ""under"": 145}}, ""draftkings"": {""0.5"": {""over"": -189, ""under"": 141}}, ""fanduel"": {""0.5"": {""over"": -210}}}",0.5,over,bet365,-175.0,0.6363636363636364,True,-0.0385,1.5,,,,,False,
686475,Tyler Tolbert,KC,MIN,0,9.0,1.0,657746,Joe Ryan,R,823677,7:40 PM ET,Target Field,1,1,0.22,2026-07-29,823677,,0,102.9,101.6,95.4,R,1,1,0,0,0,0,0,0,0,1,0,0,0,0,0,0,0,0.313,0.325,0,0,0,0,1,0,0.37209302325581395,0.4,0.9534883720930233,0.04081632653061224,0.358974358974359,0.16279069767441862,0.04081632653061224,0.02040816326530612,0.06976744186046512,1.5333333333333334,0.13333333333333333,0.28888888888888886,0.2222222222222222,0.5111111111111111,0.17777777777777778,0.022222222222222223,0.2815595238095238,0.36291190476190477,0.0,0.0,0.18374999999999997,0.24420833333333336,0.28125,0.40625,0.1891891891891892,0.34210526315789475,0.4473684210526316,0.13953488372093023,0.6370967741935484,0.2079646017699115,0.3648068669527897,0.13304721030042918,0.34177215189873417,0.27848101265822783,0.056962025316455694,7.843575418994414,1.0558659217877095,11.614525139664806,0.3168724279835391,0.45852366943451073,0.068071064032479,0.45852366943451073,0.37209302325581395,"{""novig"": {""0.5"": {""over"": -111, ""under"": -115}}, ""betmgm"": {""0.5"": {""over"": -110, ""under"": -118}}, ""draftkings"": {""0.5"": {""over"": -114, ""under"": -116}}, ""fanduel"": {""0.5"": {""over"": -140}}}",0.5,over,betmgm,-110.0,0.5238095238095238,True,-0.0653,1.5,,,,,False,
643217,Andrew Benintendi,CWS,NYY,1,5.0,1.0,693645,Cam Schlittler,R,824567,7:40 PM ET,Rate Field,0,1,0.23297491039426524,2026-07-29,824567,0.0,0,95.5,94.6,96.9,L,4,4,1,0,0,0,0,0,0,1,1,3,0,0,1,2,0,0.285,0.31266666666666665,1,0,1,0,1,0,0.24390243902439024,0.3333333333333333,0.7804878048780488,0.1875,0.30303030303030304,0.0975609756097561,0.0,0.08333333333333333,0.0975609756097561,0.9333333333333333,0.6,0.24242424242424243,0.30303030303030304,0.3333333333333333,0.21212121212121213,0.0,0.2970628205128205,0.3678692307692307,0.21428571428571427,0.4666666666666667,0.28966666666666674,0.3307777777777774,0.24390243902439024,0.34146341463414637,0.1875,0.3103448275862069,0.5689655172413793,0.19672131147540983,0.6313559322033898,0.18932038834951456,0.4305555555555556,0.2037037037037037,0.3691275167785235,0.30201342281879195,0.040268456375838924,7.517045454545454,1.3806818181818181,11.045454545454545,0.3,0.5442424431519667,0.17758434837160045,0.5442424431519667,0.24390243902439024,"{""novig"": {""0.5"": {""over"": -120, ""under"": -104}}, ""bet365"": {""0.5"": {""over"": -130, ""under"": -105}}, ""betmgm"": {""0.5"": {""over"": -140, ""under"": 105}}, ""draftkings"": {""0.5"": {""over"": -122, ""under"": -109}}, ""fanduel"": {""0.5"": {""over"": -145}}}",0.5,over,novig,-120.0,0.5454545454545454,True,-0.0012,1.5,,,,,False,
695731,Braden Montgomery,CWS,NYY,1,6.0,1.0,693645,Cam Schlittler,R,824567,7:40 PM ET,Rate Field,0,1,0.23297491039426524,2026-07-29,824567,0.0,0,95.5,94.6,96.9,L,4,3,2,0,0,0,1,0,0,1,2,2,0,1,0,1,1,0.7929999999999999,0.9275,1,1,1,1,1,0,0.3103448275862069,0.4117647058823529,0.7931034482758621,0.17647058823529413,0.391304347826087,0.10344827586206896,0.0,0.029411764705882353,0.06896551724137931,0.8,0.4,0.4782608695652174,0.21739130434782608,0.4782608695652174,0.21739130434782608,0.0,0.31349074074074074,0.4595185185185185,0.16666666666666666,0.2222222222222222,0.27775,0.45824999999999994,0.2807017543859649,0.43859649122807015,0.13846153846153847,0.16129032258064516,0.22580645161290322,0.30303030303030304,0.6313559322033898,0.18932038834951456,0.4305555555555556,0.2037037037037037,0.3691275167785235,0.30201342281879195,0.040268456375838924,7.517045454545454,1.3806818181818181,11.045454545454545,0.3,0.5729908367559294,0.20940408645353883,0.5729908367559294,0.3103448275862069,"{""betmgm"": {""0.5"": {""over"": -155, ""under"": 115}}, ""draftkings"": {""0.5"": {""over"": -149, ""under"": 112}}, ""fanduel"": {""0.5"": {""over"": -170}}}",0.5,over,draftkings,-149.0,0.5983935742971888,True,-0.0254,1.5,,,,,False,
805367,Chase Meidroth,CWS,NYY,1,8.0,1.0,693645,Cam Schlittler,R,824567,7:40 PM ET,Rate Field,1,1,0.23297491039426524,2026-07-29,824567,0.0,0,95.5,94.6,96.9,R,4,4,1,0,0,1,0,0,0,0,4,4,0,2,1,3,0,0.24450000000000002,0.64875,1,0,1,1,0,0,0.3269230769230769,0.3898305084745763,0.75,0.22033898305084745,0.41025641025641024,0.1346153846153846,0.01694915254237288,0.06779661016949153,0.09615384615384616,1.6,0.8666666666666667,0.4,0.3,0.375,0.225,0.025,0.34235,0.49753333333333327,0.4117647058823529,0.2,0.3569333333333334,0.6472333333333332,0.28846153846153844,0.4423076923076923,0.2033898305084746,0.22807017543859648,0.2807017543859649,0.3,0.6313559322033898,0.18932038834951456,0.4305555555555556,0.2037037037037037,0.3691275167785235,0.30201342281879195,0.040268456375838924,7.517045454545454,1.3806818181818181,11.045454545454545,0.3,0.5469396398810229,0.19821532007600937,0.5469396398810229,0.3269230769230769,"{""bet365"": {""0.5"": {""over"": -155, ""under"": 115}}, ""betmgm"": {""0.5"": {""over"": -140, ""under"": 105}}, ""draftkings"": {""0.5"": {""over"": -149, ""under"": 112}}, ""fanduel"": {""0.5"": {""over"": -175}}}",0.5,over,betmgm,-140.0,0.5833333333333334,True,-0.0364,1.5,,,,,False,
695657,Colson Montgomery,CWS,NYY,1,4.0,1.0,693645,Cam Schlittler,R,824567,7:40 PM ET,Rate Field,0,1,0.23297491039426524,2026-07-29,824567,0.0,0,95.5,94.6,96.9,L,4,4,0,0,0,0,0,0,0,1,0,3,0,1,1,1,0,0.048666666666666664,0.057666666666666665,0,0,0,0,1,0,0.23728813559322035,0.2923076923076923,0.6610169491525424,0.3076923076923077,0.3157894736842105,0.11864406779661017,0.03076923076923077,0.015384615384615385,0.05084745762711865,1.4,1.3333333333333333,0.35,0.25,0.3,0.25,0.025,0.33935897435897433,0.5211538461538461,0.21052631578947367,0.18181818181818182,0.18865,0.21126666666666677,0.1935483870967742,0.3709677419354839,0.3484848484848485,0.2807017543859649,0.6491228070175439,0.24193548387096775,0.6313559322033898,0.18932038834951456,0.4305555555555556,0.2037037037037037,0.3691275167785235,0.30201342281879195,0.040268456375838924,7.517045454545454,1.3806818181818181,11.045454545454545,0.3,0.5367600970802482,0.17232133863599608,0.5367600970802482,0.23728813559322035,"{""novig"": {""0.5"": {""over"": -133, ""under"": 111}}, ""bet365"": {""0.5"": {""over"": -135, ""under"": 100}}, ""betmgm"": {""0.5"": {""over"": -135, ""under"": 100}}, ""draftkings"": {""0.5"": {""over"": -139, ""under"": 104}}, ""fanduel"": {""0.5"": {""over"": -160}}}",0.5,over,novig,-133.0,0.5708154506437768,True,-0.0341,1.5,,,,,False,
691011,Drew Romo,CWS,NYY,1,9.0,1.0,693645,Cam Schlittler,R,824567,7:40 PM ET,Rate Field,0,1,0.23297491039426524,2026-07-29,824567,0.0,0,95.5,94.6,96.9,L,3,3,1,0,0,0,0,0,0,1,1,2,0,0,2,0,0,0.014,0.0205,1,0,1,0,1,0,0.0967741935483871,0.2,0.7419354838709677,0.22857142857142856,0.13043478260869565,0.03225806451612903,0.0,0.02857142857142857,0.03225806451612903,0.26666666666666666,0.5333333333333333,0.13043478260869565,0.21739130434782608,0.2608695652173913,0.2608695652173913,0.0,0.2276923076923077,0.2657179487179487,0.2,0.08333333333333333,0.4044,0.4777999999999999,0.10416666666666667,0.14583333333333334,0.2222222222222222,0.0625,0.09375,0.32432432432432434,0.6313559322033898,0.18932038834951456,0.4305555555555556,0.2037037037037037,0.3691275167785235,0.30201342281879195,0.040268456375838924,7.517045454545454,1.3806818181818181,11.045454545454545,0.3,0.3400406999547556,0.07416132548066244,0.3400406999547556,0.0967741935483871,"{""novig"": {""0.5"": {""over"": 111, ""under"": -135}}, ""betmgm"": {""0.5"": {""over"": -105, ""under"": -125}}, ""draftkings"": {""0.5"": {""over"": 114, ""under"": -151}}, ""fanduel"": {""0.5"": {""over"": -105}}}",0.5,over,draftkings,114.0,0.4672897196261682,True,-0.1272,1.5,,,,,False,
678246,Miguel Vargas,CWS,NYY,1,3.0,1.0,693645,Cam Schlittler,R,824567,7:40 PM ET,Rate Field,1,1,0.23297491039426524,2026-07-29,824567,0.0,0,95.5,94.6,96.9,R,4,3,1,0,0,0,1,0,0,0,1,3,0,2,1,0,1,0.2763333333333334,0.39066666666666666,1,0,1,0,0,0,0.22580645161290322,0.25757575757575757,0.7903225806451613,0.19696969696969696,0.25,0.22580645161290322,0.030303030303030304,0.12121212121212122,0.16129032258064516,1.8666666666666667,0.8666666666666667,0.5,0.28,0.26,0.36,0.02,0.2959666666666667,0.5050055555555556,0.14285714285714285,0.2608695652173913,0.30573333333333325,0.5435999999999999,0.2833333333333333,0.5833333333333334,0.19117647058823528,0.14285714285714285,0.21428571428571427,0.23076923076923078,0.6313559322033898,0.18932038834951456,0.4305555555555556,0.2037037037037037,0.3691275167785235,0.30201342281879195,0.040268456375838924,7.517045454545454,1.3806818181818181,11.045454545454545,0.3,0.6227250414623278,0.2088818990742679,0.6227250414623278,0.22580645161290322,"{""novig"": {""0.5"": {""over"": -178, ""under"": 150}}, ""bet365"": {""0.5"": {""over"": -180, ""under"": 135}}, ""betmgm"": {""0.5"": {""over"": -160, ""under"": 120}}, ""draftkings"": {""0.5"": {""over"": -188, ""under"": 140}}, ""fanduel"": {""0.5"": {""over"": -230}}}",0.5,over,betmgm,-160.0,0.6153846153846154,True,0.0073,1.5,,,,,False,
808959,Munetaka Murakami,CWS,NYY,1,2.0,1.0,693645,Cam Schlittler,R,824567,7:40 PM ET,Rate Field,0,1,0.23297491039426524,2026-07-29,824567,0.0,0,95.5,94.6,96.9,L,4,4,1,1,0,0,0,0,0,2,2,2,0,1,0,1,1,0.5185,0.682,1,0,1,1,1,1,0.24,0.40625,0.6,0.3125,0.35714285714285715,0.22,0.03125,0.078125,0.14,1.5333333333333334,1.3333333333333333,0.6333333333333333,0.23333333333333334,0.4,0.3333333333333333,0.06666666666666667,0.3619523809523809,0.6196142857142857,0.3157894736842105,0.2608695652173913,0.48050000000000004,1.00865,0.24074074074074073,0.5555555555555556,0.296875,0.18,0.48,0.3230769230769231,0.6313559322033898,0.18932038834951456,0.4305555555555556,0.2037037037037037,0.3691275167785235,0.30201342281879195,0.040268456375838924,7.517045454545454,1.3806818181818181,11.045454545454545,0.3,0.5941028075924881,0.21383112014061814,0.5941028075924881,0.24,"{""novig"": {""0.5"": {""over"": -125, ""under"": 108}}, ""bet365"": {""0.5"": {""over"": -150, ""under"": 110}}, ""betmgm"": {""0.5"": {""over"": -135, ""under"": 100}}, ""draftkings"": {""0.5"": {""over"": -136, ""under"": 102}}, ""fanduel"": {""0.5"": {""over"": -150}}}",0.5,over,novig,-125.0,0.5555555555555556,True,0.0385,1.5,,,,,False,
803011,Sam Antonacci,CWS,NYY,1,1.0,1.0,693645,Cam Schlittler,R,824567,7:40 PM ET,Rate Field,0,1,0.23297491039426524,2026-07-29,824567,0.0,0,95.5,94.6,96.9,L,3,3,0,0,0,0,0,0,0,1,0,2,0,1,1,1,0,0.2985,0.3395,0,0,0,0,1,0,0.2692307692307692,0.3559322033898305,0.8269230769230769,0.15,0.2926829268292683,0.15384615384615385,0.03333333333333333,0.03333333333333333,0.07692307692307693,1.4666666666666666,0.6,0.3181818181818182,0.22727272727272727,0.6136363636363636,0.1590909090909091,0.0,0.3140544444444444,0.47432888888888886,0.26666666666666666,0.058823529411764705,0.30445,0.5078999999999999,0.25862068965517243,0.4827586206896552,0.15151515151515152,0.19148936170212766,0.2553191489361702,0.14545454545454545,0.6313559322033898,0.18932038834951456,0.4305555555555556,0.2037037037037037,0.3691275167785235,0.30201342281879195,0.040268456375838924,7.517045454545454,1.3806818181818181,11.045454545454545,0.3,0.6494042426189136,0.24049748995561962,0.6494042426189136,0.2692307692307692,"{""novig"": {""0.5"": {""over"": -182, ""under"": 150}}, ""bet365"": {""0.5"": {""over"": -200, ""under"": 150}}, ""betmgm"": {""0.5"": {""over"": -210, ""under"": 155}}, ""draftkings"": {""0.5"": {""over"": -195, ""under"": 146}}, ""fanduel"": {""0.5"": {""over"": -210}}}",0.5,over,novig,-182.0,0.6453900709219859,True,0.004,1.5,,,,,False,
671976,Tristan Peters,CWS,NYY,1,7.0,1.0,693645,Cam Schlittler,R,824567,7:40 PM ET,Rate Field,0,1,0.23297491039426524,2026-07-29,824567,0.0,0,95.5,94.6,96.9,L,4,4,0,0,0,0,0,0,0,2,0,2,0,0,1,0,0,0.0085,0.0115,0,0,0,0,1,1,0.22727272727272727,0.2857142857142857,0.8409090909090909,0.14285714285714285,0.24324324324324326,0.1590909090909091,0.02040816326530612,0.04081632653061224,0.09090909090909091,1.1333333333333333,0.4666666666666667,0.39473684210526316,0.13157894736842105,0.42105263157894735,0.39473684210526316,0.05263157894736842,0.26189285714285715,0.45114880952380954,0.13333333333333333,0.058823529411764705,0.27895000000000003,0.5126,0.2608695652173913,0.4782608695652174,0.12244897959183673,0.14814814814814814,0.2222222222222222,0.26666666666666666,0.6313559322033898,0.18932038834951456,0.4305555555555556,0.2037037037037037,0.3691275167785235,0.30201342281879195,0.040268456375838924,7.517045454545454,1.3806818181818181,11.045454545454545,0.3,0.5853461943827571,0.21164256332676026,0.5853461943827571,0.22727272727272727,"{""novig"": {""0.5"": {""over"": -127, ""under"": -102}}, ""bet365"": {""0.5"": {""over"": -150, ""under"": 110}}, ""betmgm"": {""0.5"": {""over"": -140, ""under"": 105}}, ""draftkings"": {""0.5"": {""over"": -124, ""under"": -107}}, ""fanduel"": {""0.5"": {""over"": -155}}}",0.5,over,draftkings,-124.0,0.5535714285714286,True,0.0318,1.5,,,,,False,
669224,Austin Wells,NYY,CWS,0,9.0,1.0,663436,Davis Martin,R,824567,7:40 PM ET,Rate Field,0,1,0.25411334552102377,2026-07-29,824567,0.0,0,95.5,94.6,96.9,L,4,4,0,0,0,0,0,0,0,1,0,3,0,0,1,0,1,0.141,0.16266666666666665,0,0,0,0,1,0,0.2222222222222222,0.3333333333333333,0.75,0.20930232558139536,0.20833333333333334,0.25,0.06976744186046512,0.0,0.08333333333333333,1.1333333333333333,0.6,0.42857142857142855,0.17857142857142858,0.35714285714285715,0.2857142857142857,0.07142857142857142,0.3693461538461538,0.7132307692307691,0.4,0.06666666666666667,0.497,0.8558749999999999,0.1891891891891892,0.35135135135135137,0.2558139534883721,0.12,0.2,0.3333333333333333,0.7244444444444444,0.27692307692307694,0.398989898989899,0.1111111111111111,0.44785276073619634,0.19631901840490798,0.012269938650306749,9.45859872611465,0.6878980891719745,8.082802547770699,0.20614035087719298,0.403950435682142,0.06438297872230496,0.403950435682142,0.2222222222222222,"{""novig"": {""0.5"": {""over"": -102, ""under"": -125}}, ""bet365"": {""0.5"": {""over"": -110, ""under"": -120}}, ""betmgm"": {""0.5"": {""over"": 100, ""under"": -135}}, ""draftkings"": {""0.5"": {""over"": -103, ""under"": -128}}, ""fanduel"": {""0.5"": {""over"": -120}}}",0.5,over,betmgm,100.0,0.5,True,-0.096,1.5,,,,,False,
700250,Ben Rice,NYY,CWS,0,2.0,1.0,663436,Davis Martin,R,824567,7:40 PM ET,Rate Field,0,1,0.25411334552102377,2026-07-29,824567,0.0,0,95.5,94.6,96.9,L,4,4,0,0,0,0,0,0,0,2,0,2,0,1,0,1,1,0.2535,0.2815,0,0,0,0,1,1,0.288135593220339,0.35384615384615387,0.6779661016949152,0.2923076923076923,0.34285714285714286,0.3389830508474576,0.07692307692307693,0.046153846153846156,0.15254237288135594,2.466666666666667,1.2666666666666666,0.55,0.225,0.45,0.3,0.15,0.4126166666666667,0.8296777777777778,0.19047619047619047,0.36363636363636365,0.3178833333333333,0.5462333333333333,0.2692307692307692,0.6346153846153846,0.2459016393442623,0.2222222222222222,0.42857142857142855,0.2878787878787879,0.7244444444444444,0.27692307692307694,0.398989898989899,0.1111111111111111,0.44785276073619634,0.19631901840490798,0.012269938650306749,9.45859872611465,0.6878980891719745,8.082802547770699,0.20614035087719298,0.6264885368576267,0.22498958560213447,0.6264885368576267,0.288135593220339,"{""novig"": {""0.5"": {""over"": -217, ""under"": 174}}, ""bet365"": {""0.5"": {""over"": -260, ""under"": 190}}, ""betmgm"": {""0.5"": {""over"": -225, ""under"": 165}}, ""draftkings"": {""0.5"": {""over"": -222, ""under"": 165}}, ""fanduel"": {""0.5"": {""over"": -260}}}",0.5,over,novig,-217.0,0.6845425867507886,True,-0.0581,1.5,,,,,False,
691176,Jasson Domínguez,NYY,CWS,0,3.0,1.0,663436,Davis Martin,R,824567,7:40 PM ET,Rate Field,1,1,0.25411334552102377,2026-07-29,824567,0.0,0,95.5,94.6,96.9,R,4,3,2,0,0,0,0,1,0,0,2,3,0,2,0,3,0,0.45966666666666667,0.5143333333333334,1,1,1,1,0,0,0.21621621621621623,0.23684210526315788,0.7837837837837838,0.20512820512820512,0.25,0.10810810810810811,0.02564102564102564,0.02564102564102564,0.05405405405405406,0.8,0.5333333333333333,0.3103448275862069,0.20689655172413793,0.27586206896551724,0.3103448275862069,0.034482758620689655,0.26073809523809527,0.4503630952380952,0.25,0.16666666666666666,0.2631250000000001,0.6463125000000003,0.18181818181818182,0.2727272727272727,0.22413793103448276,0.2833333333333333,0.4666666666666667,0.23809523809523808,0.7244444444444444,0.27692307692307694,0.398989898989899,0.1111111111111111,0.44785276073619634,0.19631901840490798,0.012269938650306749,9.45859872611465,0.6878980891719745,8.082802547770699,0.20614035087719298,0.5877340465649602,0.24721023754302485,0.5877340465649602,0.21621621621621623,"{""novig"": {""1.5"": {""over"": 203}}, ""bet365"": {""0.5"": {""over"": -260, ""under"": 190}}, ""betmgm"": {""0.5"": {""over"": -225, ""under"": 165}}, ""draftkings"": {""0.5"": {""over"": -227, ""under"": 168}}, ""fanduel"": {""0.5"": {""over"": -260}}}",0.5,over,betmgm,-225.0,0.6923076923076923,True,-0.1046,1.5,over,novig,203.0,0.33003300330033003,True,-0.0828
665862,Jazz Chisholm Jr.,NYY,CWS,0,6.0,1.0,663436,Davis Martin,R,824567,7:40 PM ET,Rate Field,0,1,0.25411334552102377,2026-07-29,824567,0.0,0,95.5,94.6,96.9,L,4,3,0,0,0,0,1,0,0,2,0,1,0,0,0,1,0,0.273,0.308,0,0,0,0,1,1,0.24074074074074073,0.2631578947368421,0.5925925925925926,0.38596491228070173,0.3103448275862069,0.2777777777777778,0.07017543859649122,0.05263157894736842,0.12962962962962962,1.8666666666666667,1.4666666666666666,0.5151515151515151,0.24242424242424243,0.3333333333333333,0.3333333333333333,0.030303030303030304,0.37425,0.8109807692307692,0.25,0.45,0.4112916666666667,1.0444583333333335,0.23404255319148937,0.5319148936170213,0.35294117647058826,0.21428571428571427,0.39285714285714285,0.3389830508474576,0.7244444444444444,0.27692307692307694,0.398989898989899,0.1111111111111111,0.44785276073619634,0.19631901840490798,0.012269938650306749,9.45859872611465,0.6878980891719745,8.082802547770699,0.20614035087719298,0.5671473349410248,0.18405673044473092,0.5671473349410248,0.24074074074074073,"{""novig"": {""0.5"": {""over"": -138, ""under"": 113}}, ""bet365"": {""0.5"": {""over"": -175, ""under"": 132}}, ""betmgm"": {""0.5"": {""over"": -165, ""under"": 125}}, ""draftkings"": {""0.5"": {""over"": -174, ""under"": 130}}, ""fanduel"": {""0.5"": {""over"": -170}}}",0.5,over,novig,-138.0,0.5798319327731093,True,-0.0127,1.5,,,,,False,
676609,José Caballero,NYY,CWS,0,8.0,1.0,663436,Davis Martin,R,824567,7:40 PM ET,Rate Field,1,1,0.25411334552102377,2026-07-29,824567,0.0,0,95.5,94.6,96.9,R,4,3,0,0,0,0,1,0,0,1,0,2,0,0,2,0,0,0.053,0.133,0,0,0,0,1,0,0.19607843137254902,0.20754716981132076,0.6470588235294118,0.3333333333333333,0.25,0.13725490196078433,0.037037037037037035,0.018518518518518517,0.058823529411764705,1.1333333333333333,1.2,0.22857142857142856,0.14285714285714285,0.45714285714285713,0.2857142857142857,0.02857142857142857,0.2663035714285714,0.3918214285714286,0.15789473684210525,0.42105263157894735,0.3282,0.3816999999999998,0.27450980392156865,0.4117647058823529,0.25,0.12244897959183673,0.1836734693877551,0.35185185185185186,0.7244444444444444,0.27692307692307694,0.398989898989899,0.1111111111111111,0.44785276073619634,0.19631901840490798,0.012269938650306749,9.45859872611465,0.6878980891719745,8.082802547770699,0.20614035087719298,0.5551225376501936,0.1622936166930332,0.5551225376501936,0.19607843137254902,"{""novig"": {""0.5"": {""over"": -144, ""under"": 113}}, ""bet365"": {""0.5"": {""over"": -160, ""under"": 120}}, ""betmgm"": {""0.5"": {""over"": -150, ""under"": 110}}, ""draftkings"": {""0.5"": {""over"": -155, ""under"": 116}}, ""fanduel"": {""0.5"": {""over"": -160}}}",0.5,over,novig,-144.0,0.5901639344262295,True,-0.035,1.5,,,,,False,
502671,Paul Goldschmidt,NYY,CWS,0,4.0,1.0,663436,Davis Martin,R,824567,7:40 PM ET,Rate Field,1,1,0.25411334552102377,2026-07-29,824567,0.0,0,95.5,94.6,96.9,R,5,3,0,0,0,0,2,0,0,1,0,2,0,1,1,0,1,0.5,0.6114999999999999,0,0,0,0,1,0,0.20754716981132076,0.2631578947368421,0.5849056603773585,0.38596491228070173,0.3103448275862069,0.1320754716981132,0.03508771929824561,0.017543859649122806,0.05660377358490566,1.2,1.4666666666666666,0.2903225806451613,0.16129032258064516,0.4838709677419355,0.3548387096774194,0.0967741935483871,0.2798511904761905,0.5141428571428571,0.2631578947368421,0.23809523809523808,0.2654000000000001,0.5069500000000001,0.21311475409836064,0.36065573770491804,0.31746031746031744,0.1875,0.4166666666666667,0.33962264150943394,0.7244444444444444,0.27692307692307694,0.398989898989899,0.1111111111111111,0.44785276073619634,0.19631901840490798,0.012269938650306749,9.45859872611465,0.6878980891719745,8.082802547770699,0.20614035087719298,0.6332226754663927,0.21940448648750535,0.6332226754663927,0.20754716981132076,"{""novig"": {""1.5"": {""over"": 239}}, ""betmgm"": {""0.5"": {""over"": -210, ""under"": 155}}, ""draftkings"": {""0.5"": {""over"": -202, ""under"": 150}}, ""fanduel"": {""0.5"": {""over"": -230}}}",0.5,over,draftkings,-202.0,0.6688741721854304,True,-0.0357,1.5,over,novig,239.0,0.2949852507374631,True,-0.0756
641857,Ryan McMahon,NYY,CWS,0,7.0,1.0,663436,Davis Martin,R,824567,7:40 PM ET,Rate Field,0,1,0.25411334552102377,2026-07-29,824567,0.0,0,95.5,94.6,96.9,L,1,1,0,0,0,0,0,0,0,1,0,0,0,0,0,0,0,0.056999999999999995,0.1375,0,0,0,0,1,0,0.20512820512820512,0.2619047619047619,0.6153846153846154,0.35714285714285715,0.30434782608695654,0.20512820512820512,0.023809523809523808,0.11904761904761904,0.15384615384615385,1.0666666666666667,1.0,0.5833333333333334,0.20833333333333334,0.375,0.3333333333333333,0.041666666666666664,0.4094848484848485,0.6519848484848485,0.14285714285714285,0.3333333333333333,0.33258333333333334,0.4431250000000002,0.225,0.45,0.3488372093023256,0.24324324324324326,0.4594594594594595,0.2857142857142857,0.7244444444444444,0.27692307692307694,0.398989898989899,0.1111111111111111,0.44785276073619634,0.19631901840490798,0.012269938650306749,9.45859872611465,0.6878980891719745,8.082802547770699,0.20614035087719298,0.5816131946401025,0.1896469154112809,0.5816131946401025,0.20512820512820512,"{""novig"": {""0.5"": {""over"": -138, ""under"": 108}}, ""bet365"": {""0.5"": {""over"": -130, ""under"": -105}}, ""betmgm"": {""0.5"": {""over"": -125, ""under"": -105}}, ""draftkings"": {""0.5"": {""over"": -151, ""under"": 114}}, ""fanduel"": {""0.5"": {""over"": -150}}}",0.5,over,betmgm,-125.0,0.5555555555555556,True,0.0261,1.5,,,,,False,
682987,Spencer Jones,NYY,CWS,0,5.0,1.0,663436,Davis Martin,R,824567,7:40 PM ET,Rate Field,0,1,0.25411334552102377,2026-07-29,824567,0.0,0,95.5,94.6,96.9,L,2,2,0,0,0,0,0,0,0,1,0,1,0,1,0,0,1,0.691,1.472,0,0,0,0,1,0,0.19444444444444445,0.30952380952380953,0.5555555555555556,0.37209302325581395,0.3157894736842105,0.16666666666666666,0.023255813953488372,0.06976744186046512,0.1111111111111111,0.8666666666666667,1.0666666666666667,0.45,0.3,0.2,0.4,0.05,0.264375,0.4512222222222222,0.1,0.25,0.254375,0.304125,0.21428571428571427,0.42857142857142855,0.4,0.09090909090909091,0.09090909090909091,0.36363636363636365,0.7244444444444444,0.27692307692307694,0.398989898989899,0.1111111111111111,0.44785276073619634,0.19631901840490798,0.012269938650306749,9.45859872611465,0.6878980891719745,8.082802547770699,0.20614035087719298,0.5931050669062774,0.15781408883022674,0.5931050669062774,0.19444444444444445,"{""novig"": {""0.5"": {""over"": -150, ""under"": 120}}, ""bet365"": {""0.5"": {""over"": -130, ""under"": -105}}, ""betmgm"": {""0.5"": {""over"": -135, ""under"": 100}}, ""draftkings"": {""0.5"": {""over"": -130, ""under"": -102}}, ""fanduel"": {""0.5"": {""over"": -165}}}",0.5,over,draftkings,-130.0,0.5652173913043478,True,0.0279,1.5,,,,,False,
663757,Trent Grisham,NYY,CWS,0,1.0,1.0,663436,Davis Martin,R,824567,7:40 PM ET,Rate Field,0,1,0.25411334552102377,2026-07-29,824567,0.0,0,95.5,94.6,96.9,L,4,3,1,0,0,0,1,0,0,0,1,3,0,1,1,1,1,0.25033333333333335,0.4266666666666667,1,0,1,0,0,0,0.13725490196078433,0.22807017543859648,0.8823529411764706,0.10526315789473684,0.11627906976744186,0.13725490196078433,0.03508771929824561,0.017543859649122806,0.058823529411764705,0.9333333333333333,0.4,0.4,0.15555555555555556,0.4888888888888889,0.2,0.044444444444444446,0.2461477777777778,0.43400555555555553,0.0,0.125,0.13701666666666665,0.15658333333333316,0.19230769230769232,0.40384615384615385,0.15254237288135594,0.29411764705882354,0.47058823529411764,0.2,0.7244444444444444,0.27692307692307694,0.398989898989899,0.1111111111111111,0.44785276073619634,0.19631901840490798,0.012269938650306749,9.45859872611465,0.6878980891719745,8.082802547770699,0.20614035087719298,0.6032288265259159,0.11589881798549169,0.6032288265259159,0.13725490196078433,"{""novig"": {""0.5"": {""over"": -194, ""under"": 153}}, ""bet365"": {""0.5"": {""over"": -200, ""under"": 150}}, ""betmgm"": {""0.5"": {""over"": -190, ""under"": 140}}, ""draftkings"": {""0.5"": {""over"": -207, ""under"": 154}}, ""fanduel"": {""0.5"": {""over"": -210}}}",0.5,over,betmgm,-190.0,0.6551724137931034,True,-0.0519,1.5,,,,,False,
676475,Alec Burleson,STL,CHC,1,4.0,1.0,571510,Matthew Boyd,L,823022,7:45 PM ET,Busch Stadium,0,0,0.21100917431192662,2026-07-29,823022,0.0,0,102.1,95.0,81.5,L,3,2,0,0,0,0,1,0,0,0,0,2,1,2,2,0,0,0.373,1.297,0,0,0,0,0,0,0.3389830508474576,0.38095238095238093,0.8135593220338984,0.1746031746031746,0.4166666666666667,0.0847457627118644,0.0,0.07936507936507936,0.0847457627118644,1.6666666666666667,0.7333333333333333,0.5,0.3333333333333333,0.4375,0.1875,0.020833333333333332,0.3841566666666667,0.6287222222222223,0.4090909090909091,0.22727272727272727,0.39716333333333326,0.6401433333333332,0.2807017543859649,0.38596491228070173,0.2033898305084746,0.3333333333333333,0.5333333333333333,0.1076923076923077,0.6820276497695853,0.22279792746113988,0.3869346733668342,0.1407035175879397,0.4189189189189189,0.22297297297297297,0.02702702702702703,9.1875,1.125,9.75,0.25120772946859904,0.6727913275066048,0.2908965183535863,0.6727913275066048,0.3389830508474576,"{""novig"": {""0.5"": {""over"": -199, ""under"": 167}}, ""bet365"": {""0.5"": {""over"": -225, ""under"": 165}}, ""betmgm"": {""0.5"": {""over"": -235, ""under"": 175}}, ""draftkings"": {""0.5"": {""over"": -222, ""under"": 165}}, ""fanduel"": {""0.5"": {""over"": -230}}}",0.5,over,novig,-199.0,0.6655518394648829,True,0.0072,1.5,,,,,False,
691458,Blaze Jordan,STL,CHC,1,7.0,1.0,571510,Matthew Boyd,L,823022,7:45 PM ET,Busch Stadium,1,0,0.21100917431192662,2026-07-29,823022,0.0,0,102.1,95.0,81.5,R,1,1,0,0,0,0,0,0,0,0,0,1,0,0,0,1,0,0.032,0.032,0,0,0,0,0,0,0.25,0.2777777777777778,0.8461538461538461,0.14814814814814814,0.29545454545454547,0.07692307692307693,0.0,0.037037037037037035,0.057692307692307696,1.1333333333333333,0.5333333333333333,0.5,0.4090909090909091,0.38636363636363635,0.13636363636363635,0.0,0.39495888888888886,0.6158266666666667,0.11764705882352941,0.0,0.25348333333333334,0.44526666666666675,0.26,0.36,0.18518518518518517,0.2222222222222222,0.4444444444444444,0.034482758620689655,0.6820276497695853,0.22279792746113988,0.3869346733668342,0.1407035175879397,0.4189189189189189,0.22297297297297297,0.02702702702702703,9.1875,1.125,9.75,0.25120772946859904,0.6080887740721311,0.2456484539731919,0.6080887740721311,0.25,"{""novig"": {""0.5"": {""over"": -174, ""under"": 138}}, ""bet365"": {""0.5"": {""over"": -200, ""under"": 150}}, ""betmgm"": {""0.5"": {""over"": -190, ""under"": 140}}, ""draftkings"": {""0.5"": {""over"": -181, ""under"": 136}}, ""fanduel"": {""0.5"": {""over"": -185}}}",0.5,over,novig,-174.0,0.635036496350365,True,-0.0269,1.5,,,,,False,
671056,Iván Herrera,STL,CHC,1,3.0,1.0,571510,Matthew Boyd,L,823022,7:45 PM ET,Busch Stadium,1,0,0.21100917431192662,2026-07-29,823022,0.0,0,102.1,95.0,81.5,R,4,4,0,0,0,0,0,0,0,1,0,3,0,1,0,1,2,0.23033333333333336,0.3416666666666666,0,0,0,0,1,0,0.1935483870967742,0.2153846153846154,0.7419354838709677,0.24615384615384617,0.2391304347826087,0.06451612903225806,0.015384615384615385,0.015384615384615385,0.03225806451612903,1.0666666666666667,1.0666666666666667,0.23404255319148937,0.23404255319148937,0.46808510638297873,0.19148936170212766,0.0,0.2448154761904762,0.33810119047619047,0.25,0.3333333333333333,0.3297833333333333,0.5216333333333334,0.15789473684210525,0.24561403508771928,0.2903225806451613,0.19298245614035087,0.24561403508771928,0.16923076923076924,0.6820276497695853,0.22279792746113988,0.3869346733668342,0.1407035175879397,0.4189189189189189,0.22297297297297297,0.02702702702702703,9.1875,1.125,9.75,0.25120772946859904,0.6452326595996603,0.24221863513288114,0.6452326595996603,0.1935483870967742,"{""novig"": {""0.5"": {""over"": -217, ""under"": 163}}, ""bet365"": {""0.5"": {""over"": -225, ""under"": 165}}, ""betmgm"": {""0.5"": {""over"": -225, ""under"": 165}}, ""draftkings"": {""0.5"": {""over"": -225, ""under"": 167}}, ""fanduel"": {""0.5"": {""over"": -250}}}",0.5,over,novig,-217.0,0.6845425867507886,True,-0.0393,1.5,,,,,False,
802139,JJ Wetherholt,STL,CHC,1,1.0,1.0,571510,Matthew Boyd,L,823022,7:45 PM ET,Busch Stadium,0,0,0.21100917431192662,2026-07-29,823022,0.0,0,102.1,95.0,81.5,L,3,2,1,0,0,0,1,0,0,0,1,2,0,2,0,2,0,0.27549999999999997,0.2965,1,0,1,0,0,0,0.1896551724137931,0.2878787878787879,0.7758620689655172,0.19696969696969696,0.20930232558139536,0.1206896551724138,0.030303030303030304,0.015151515151515152,0.05172413793103448,1.2,0.8666666666666667,0.4222222222222222,0.13333333333333333,0.6222222222222222,0.24444444444444444,0.044444444444444446,0.2857544444444445,0.4839966666666667,0.15789473684210525,0.22727272727272727,0.3384533333333333,0.49302,0.26785714285714285,0.3392857142857143,0.1875,0.25396825396825395,0.38095238095238093,0.15492957746478872,0.6820276497695853,0.22279792746113988,0.3869346733668342,0.1407035175879397,0.4189189189189189,0.22297297297297297,0.02702702702702703,9.1875,1.125,9.75,0.25120772946859904,0.6476016135051247,0.2385929561387021,0.6476016135051247,0.1896551724137931,"{""novig"": {""0.5"": {""over"": -213, ""under"": 167}}, ""bet365"": {""0.5"": {""over"": -210, ""under"": 155}}, ""betmgm"": {""0.5"": {""over"": -235, ""under"": 175}}, ""draftkings"": {""0.5"": {""over"": -213, ""under"": 159}}, ""fanduel"": {""0.5"": {""over"": -230}}}",0.5,over,bet365,-210.0,0.6774193548387096,True,-0.0298,1.5,,,,,False,
691023,Jordan Walker,STL,CHC,1,2.0,1.0,571510,Matthew Boyd,L,823022,7:45 PM ET,Busch Stadium,1,0,0.21100917431192662,2026-07-29,823022,0.0,0,102.1,95.0,81.5,R,3,3,0,0,0,0,0,0,0,0,0,3,0,1,2,0,1,0.238,0.2876666666666667,0,0,0,0,0,0,0.22807017543859648,0.30158730158730157,0.7543859649122807,0.2222222222222222,0.2857142857142857,0.12280701754385964,0.015873015873015872,0.06349206349206349,0.08771929824561403,1.3333333333333333,0.9333333333333333,0.3953488372093023,0.2558139534883721,0.5116279069767442,0.13953488372093023,0.046511627906976744,0.34308333333333335,0.5963499999999999,0.21052631578947367,0.19047619047619047,0.3673499999999999,0.6762833333333335,0.3148148148148148,0.5925925925925926,0.21666666666666667,0.2631578947368421,0.38596491228070173,0.22727272727272727,0.6820276497695853,0.22279792746113988,0.3869346733668342,0.1407035175879397,0.4189189189189189,0.22297297297297297,0.02702702702702703,9.1875,1.125,9.75,0.25120772946859904,0.6880919324592271,0.2866362352519256,0.6880919324592271,0.22807017543859648,"{""novig"": {""1.5"": {""over"": 223}}, ""betmgm"": {""0.5"": {""over"": -275, ""under"": 195}}, ""bet365"": {""1.5"": {""over"": 200, ""under"": -275}}, ""draftkings"": {""0.5"": {""over"": -244, ""under"": 180}}, ""fanduel"": {""0.5"": {""over"": -310}}}",0.5,over,draftkings,-244.0,0.7093023255813954,True,-0.0212,1.5,over,novig,223.0,0.30959752321981426,True,-0.023
665877,José Fermín,STL,CHC,1,6.0,1.0,571510,Matthew Boyd,L,823022,7:45 PM ET,Busch Stadium,1,0,0.21100917431192662,2026-07-29,823022,0.0,0,102.1,95.0,81.5,R,4,4,0,0,0,0,0,0,0,0,0,4,0,1,2,0,2,0.19825,0.27849999999999997,0,0,0,0,0,0,0.20930232558139536,0.3137254901960784,0.8604651162790697,0.11538461538461539,0.19444444444444445,0.13953488372093023,0.038461538461538464,0.0,0.046511627906976744,1.0,0.4,0.3157894736842105,0.15789473684210525,0.39473684210526316,0.34210526315789475,0.02631578947368421,0.23172777777777778,0.37197777777777774,0.15384615384615385,0.058823529411764705,0.24114999999999992,0.4577333333333334,0.2391304347826087,0.3695652173913043,0.1568627450980392,0.275,0.375,0.0625,0.6820276497695853,0.22279792746113988,0.3869346733668342,0.1407035175879397,0.4189189189189189,0.22297297297297297,0.02702702702702703,9.1875,1.125,9.75,0.25120772946859904,0.644979262636108,0.2528254426951567,0.644979262636108,0.20930232558139536,"{""novig"": {""0.5"": {""over"": -174, ""under"": 135}}, ""bet365"": {""0.5"": {""over"": -190, ""under"": 140}}, ""betmgm"": {""0.5"": {""over"": -175, ""under"": 130}}, ""draftkings"": {""0.5"": {""over"": -181, ""under"": 136}}, ""fanduel"": {""0.5"": {""over"": -170}}}",0.5,over,fanduel,-170.0,0.6296296296296297,True,0.0153,1.5,,,,,False,
691026,Masyn Winn,STL,CHC,1,5.0,1.0,571510,Matthew Boyd,L,823022,7:45 PM ET,Busch Stadium,1,0,0.21100917431192662,2026-07-29,823022,0.0,0,102.1,95.0,81.5,R,4,4,2,1,0,0,0,0,0,1,3,3,0,1,2,0,1,0.2983333333333333,0.4326666666666667,1,1,1,1,1,0,0.1836734693877551,0.29310344827586204,0.7755102040816326,0.1896551724137931,0.23076923076923078,0.0,0.0,0.0,0.0,0.6,0.7333333333333333,0.46153846153846156,0.2564102564102564,0.41025641025641024,0.28205128205128205,0.0,0.34442222222222224,0.43245555555555554,0.2631578947368421,0.14285714285714285,0.4022166666666666,0.5441166666666667,0.16326530612244897,0.16326530612244897,0.21052631578947367,0.29310344827586204,0.3793103448275862,0.24615384615384617,0.6820276497695853,0.22279792746113988,0.3869346733668342,0.1407035175879397,0.4189189189189189,0.22297297297297297,0.02702702702702703,9.1875,1.125,9.75,0.25120772946859904,0.6584535509030573,0.26305758279002417,0.6584535509030573,0.1836734693877551,"{""novig"": {""0.5"": {""over"": -186, ""under"": 150}}, ""bet365"": {""0.5"": {""over"": -210, ""under"": 155}}, ""betmgm"": {""0.5"": {""over"": -190, ""under"": 140}}, ""draftkings"": {""0.5"": {""over"": -194, ""under"": 145}}, ""fanduel"": {""0.5"": {""over"": -210}}}",0.5,over,novig,-186.0,0.6503496503496503,True,0.0081,1.5,,,,,False,
701675,Nathan Church,STL,CHC,1,8.0,1.0,571510,Matthew Boyd,L,823022,7:45 PM ET,Busch Stadium,0,0,0.21100917431192662,2026-07-29,823022,0.0,0,102.1,95.0,81.5,L,4,3,1,0,0,0,0,0,1,0,1,4,0,2,1,1,2,0.5466666666666667,0.6556666666666667,1,0,1,0,0,0,0.07142857142857142,0.09302325581395349,0.7857142857142857,0.20454545454545456,0.09090909090909091,0.0,0.0,0.0,0.0,0.2,0.6,0.29411764705882354,0.20588235294117646,0.5588235294117647,0.11764705882352941,0.0,0.25501111111111113,0.33355,0.09090909090909091,0.15384615384615385,0.2572333333333333,0.3645666666666666,0.09302325581395349,0.09302325581395349,0.17777777777777778,0.24,0.34,0.2,0.6820276497695853,0.22279792746113988,0.3869346733668342,0.1407035175879397,0.4189189189189189,0.22297297297297297,0.02702702702702703,9.1875,1.125,9.75,0.25120772946859904,0.5267058220699795,0.1520809884146199,0.5267058220699795,0.07142857142857142,"{""novig"": {""0.5"": {""over"": -144, ""under"": 111}}, ""draftkings"": {""0.5"": {""over"": -145, ""under"": 109}}, ""fanduel"": {""0.5"": {""over"": -160}}}",0.5,over,novig,-144.0,0.5901639344262295,True,-0.0635,1.5,,,,,False,
686780,Pedro Pagés,STL,CHC,1,9.0,1.0,571510,Matthew Boyd,L,823022,7:45 PM ET,Busch Stadium,1,0,0.21100917431192662,2026-07-29,823022,0.0,0,102.1,95.0,81.5,R,2,1,0,0,0,0,1,0,0,0,0,1,0,0,0,0,0,0.001,0.001,0,0,0,0,0,0,0.18181818181818182,0.2,0.6060606060606061,0.37142857142857144,0.2857142857142857,0.06060606060606061,0.0,0.05714285714285714,0.06060606060606061,0.5333333333333333,0.8666666666666667,0.42857142857142855,0.2857142857142857,0.42857142857142855,0.09523809523809523,0.0,0.2518666666666667,0.30628333333333335,0.1,0.6,0.25016666666666665,0.3018333333333337,0.1956521739130435,0.30434782608695654,0.32,0.13513513513513514,0.1891891891891892,0.2619047619047619,0.6820276497695853,0.22279792746113988,0.3869346733668342,0.1407035175879397,0.4189189189189189,0.22297297297297297,0.02702702702702703,9.1875,1.125,9.75,0.25120772946859904,0.49998632976301915,0.1397104837267709,0.49998632976301915,0.18181818181818182,"{""novig"": {""0.5"": {""over"": -104, ""under"": -125}}, ""draftkings"": {""0.5"": {""over"": -105, ""under"": -126}}, ""fanduel"": {""0.5"": {""over"": -135}}}",0.5,over,novig,-104.0,0.5098039215686274,True,-0.0098,1.5,,,,,False,
608324,Alex Bregman,CHC,STL,0,4.0,1.0,669160,Dustin May,R,823022,7:45 PM ET,Busch Stadium,1,1,0.24292845257903495,2026-07-29,823022,0.0,0,102.1,95.0,81.5,R,5,5,3,1,0,0,0,0,0,1,4,4,0,1,1,1,2,0.46725,0.63925,1,1,1,1,1,0,0.24193548387096775,0.3142857142857143,0.7903225806451613,0.18571428571428572,0.2391304347826087,0.25806451612903225,0.05714285714285714,0.05714285714285714,0.12903225806451613,2.066666666666667,0.8666666666666667,0.3,0.12,0.38,0.42,0.0,0.2004577777777778,0.3045122222222222,0.23809523809523808,0.16666666666666666,0.18861333333333333,0.24414999999999995,0.25806451612903225,0.4838709677419355,0.2028985507246377,0.20754716981132076,0.33962264150943394,0.13432835820895522,0.6124401913875598,0.2185792349726776,0.3225806451612903,0.0913978494623656,0.453125,0.2421875,0.0390625,6.878980891719745,0.6878980891719745,10.318471337579618,0.2803738317757009,0.6085646302775637,0.1923538329665966,0.6085646302775637,0.24193548387096775,"{""novig"": {""0.5"": {""over"": -194, ""under"": 150}}, ""bet365"": {""0.5"": {""over"": -210, ""under"": 155}}, ""betmgm"": {""0.5"": {""over"": -200, ""under"": 150}}, ""draftkings"": {""0.5"": {""over"": -200, ""under"": 149}}, ""fanduel"": {""0.5"": {""over"": -210}}}",0.5,over,novig,-194.0,0.6598639455782312,True,-0.0513,1.5,,,,,False,
621020,Dansby Swanson,CHC,STL,0,8.0,1.0,669160,Dustin May,R,823022,7:45 PM ET,Busch Stadium,1,1,0.24292845257903495,2026-07-29,823022,0.0,0,102.1,95.0,81.5,R,4,4,1,0,0,0,0,0,0,2,1,2,0,1,0,2,0,0.3155,0.34950000000000003,1,0,1,0,1,1,0.2857142857142857,0.3220338983050847,0.8035714285714286,0.1864406779661017,0.35555555555555557,0.08928571428571429,0.0,0.05084745762711865,0.07142857142857142,1.4,0.7333333333333333,0.4666666666666667,0.3333333333333333,0.4222222222222222,0.2,0.0,0.3841111111111111,0.5919944444444446,0.3888888888888889,0.15,0.4791666666666668,0.7766833333333334,0.3148148148148148,0.5740740740740741,0.15789473684210525,0.2545454545454545,0.5636363636363636,0.2413793103448276,0.6124401913875598,0.2185792349726776,0.3225806451612903,0.0913978494623656,0.453125,0.2421875,0.0390625,6.878980891719745,0.6878980891719745,10.318471337579618,0.2803738317757009,0.5627801973867659,0.2056413921180378,0.5627801973867659,0.2857142857142857,"{""novig"": {""0.5"": {""over"": -170, ""under"": 135}}, ""bet365"": {""0.5"": {""over"": -190, ""under"": 140}}, ""betmgm"": {""0.5"": {""over"": -160, ""under"": 120}}, ""draftkings"": {""0.5"": {""over"": -186, ""under"": 144}}, ""fanduel"": {""0.5"": {""over"": -190}}}",0.5,over,betmgm,-160.0,0.6153846153846154,True,-0.0526,1.5,,,,,False,
664023,Ian Happ,CHC,STL,0,5.0,1.0,669160,Dustin May,R,823022,7:45 PM ET,Busch Stadium,0,1,0.24292845257903495,2026-07-29,823022,0.0,0,102.1,95.0,81.5,L,4,3,2,2,0,0,1,0,0,0,4,3,0,2,1,1,1,0.5106666666666667,1.042,1,1,1,1,0,0,0.2,0.36363636363636365,0.6285714285714286,0.28888888888888886,0.2857142857142857,0.11428571428571428,0.022222222222222223,0.022222222222222223,0.05714285714285714,0.7333333333333333,0.8666666666666667,0.22727272727272727,0.18181818181818182,0.4090909090909091,0.36363636363636365,0.0,0.21946153846153843,0.3620641025641026,0.08333333333333333,0.42857142857142855,0.1670000000000003,0.215111111111112,0.17307692307692307,0.19230769230769232,0.3225806451612903,0.2037037037037037,0.4074074074074074,0.3448275862068966,0.6124401913875598,0.2185792349726776,0.3225806451612903,0.0913978494623656,0.453125,0.2421875,0.0390625,6.878980891719745,0.6878980891719745,10.318471337579618,0.2803738317757009,0.5177373867666503,0.12705339551022454,0.5177373867666503,0.2,"{""novig"": {""0.5"": {""over"": -141, ""under"": 117}}, ""bet365"": {""0.5"": {""over"": -165, ""under"": 125}}, ""betmgm"": {""0.5"": {""over"": -140, ""under"": 105}}, ""draftkings"": {""0.5"": {""over"": -156, ""under"": 117}}, ""fanduel"": {""0.5"": {""over"": -185}}}",0.5,over,betmgm,-140.0,0.5833333333333334,True,-0.0656,1.5,,,,,False,
683737,Michael Busch,CHC,STL,0,3.0,1.0,669160,Dustin May,R,823022,7:45 PM ET,Busch Stadium,0,1,0.24292845257903495,2026-07-29,823022,0.0,0,102.1,95.0,81.5,L,5,5,1,0,0,0,0,0,0,0,1,5,0,2,2,1,1,0.3106,0.6275999999999999,1,0,1,0,0,0,0.30303030303030304,0.34285714285714286,0.7121212121212122,0.2714285714285714,0.4,0.15151515151515152,0.02857142857142857,0.05714285714285714,0.09090909090909091,2.0,1.2666666666666666,0.3829787234042553,0.2978723404255319,0.44680851063829785,0.23404255319148937,0.0425531914893617,0.35914999999999997,0.6076055555555556,0.25,0.24,0.3184,0.4562166666666666,0.234375,0.34375,0.29577464788732394,0.3333333333333333,0.5882352941176471,0.26666666666666666,0.6124401913875598,0.2185792349726776,0.3225806451612903,0.0913978494623656,0.453125,0.2421875,0.0390625,6.878980891719745,0.6878980891719745,10.318471337579618,0.2803738317757009,0.5962783229796155,0.2097548850126614,0.5962783229796155,0.30303030303030304,"{""novig"": {""0.5"": {""over"": -178, ""under"": 138}}, ""bet365"": {""0.5"": {""over"": -190, ""under"": 140}}, ""betmgm"": {""0.5"": {""over"": -190, ""under"": 140}}, ""draftkings"": {""0.5"": {""over"": -187, ""under"": 139}}, ""fanduel"": {""0.5"": {""over"": -195}}}",0.5,over,novig,-178.0,0.6402877697841727,True,-0.044,1.5,,,,,False,
624424,Michael Conforto,CHC,STL,0,6.0,1.0,669160,Dustin May,R,823022,7:45 PM ET,Busch Stadium,0,1,0.24292845257903495,2026-07-29,823022,0.0,0,102.1,95.0,81.5,L,4,4,2,0,0,0,0,0,0,1,2,3,0,2,1,1,1,0.4653333333333333,0.6376666666666666,1,1,1,1,1,0,0.2564102564102564,0.32558139534883723,0.6923076923076923,0.2727272727272727,0.2608695652173913,0.3333333333333333,0.09090909090909091,0.022727272727272728,0.1282051282051282,1.5333333333333334,0.8,0.4074074074074074,0.2222222222222222,0.2962962962962963,0.4074074074074074,0.037037037037037035,0.23643055555555556,0.5063402777777778,0.2,0.25,0.21737499999999998,0.45795833333333325,0.2564102564102564,0.5897435897435898,0.2727272727272727,0.2765957446808511,0.425531914893617,0.2545454545454545,0.6124401913875598,0.2185792349726776,0.3225806451612903,0.0913978494623656,0.453125,0.2421875,0.0390625,6.878980891719745,0.6878980891719745,10.318471337579618,0.2803738317757009,0.5094213353402423,0.15185073873587837,0.5094213353402423,0.2564102564102564,"{""novig"": {""0.5"": {""over"": -153, ""under"": 113}}, ""fanduel"": {""0.5"": {""over"": -140}}}",0.5,over,fanduel,-140.0,0.5833333333333334,True,-0.0739,1.5,,,,,False,
665804,Miguel Amaya,CHC,STL,0,9.0,1.0,669160,Dustin May,R,823022,7:45 PM ET,Busch Stadium,1,1,0.24292845257903495,2026-07-29,823022,0.0,0,102.1,95.0,81.5,R,4,4,2,0,0,0,0,0,0,0,2,4,0,1,0,1,2,0.38349999999999995,0.48350000000000004,1,1,1,1,0,0,0.28,0.3684210526315789,0.68,0.2807017543859649,0.4117647058823529,0.1,0.0,0.08771929824561403,0.1,1.2666666666666666,1.0666666666666667,0.47058823529411764,0.35294117647058826,0.23529411764705882,0.2647058823529412,0.0,0.37516666666666665,0.5173555555555556,0.2777777777777778,0.2631578947368421,0.48566666666666664,0.5722,0.2391304347826087,0.34782608695652173,0.3090909090909091,0.19444444444444445,0.2222222222222222,0.16279069767441862,0.6124401913875598,0.2185792349726776,0.3225806451612903,0.0913978494623656,0.453125,0.2421875,0.0390625,6.878980891719745,0.6878980891719745,10.318471337579618,0.2803738317757009,0.34508153567865163,0.10529113325929203,0.34508153567865163,0.28,"{""novig"": {""0.5"": {""over"": -135, ""under"": -104}}, ""bet365"": {""0.5"": {""over"": -140, ""under"": 105}}, ""fanduel"": {""0.5"": {""over"": -130}}}",0.5,over,fanduel,-130.0,0.5652173913043478,True,-0.2201,1.5,,,,,False,
699393,Pedro Ramírez,CHC,STL,0,7.0,1.0,669160,Dustin May,R,823022,7:45 PM ET,Busch Stadium,0,1,0.24292845257903495,2026-07-29,823022,0.0,0,102.1,95.0,81.5,L,4,4,2,1,0,0,0,0,0,1,3,3,0,2,0,2,1,0.23500000000000001,0.37200000000000005,1,1,1,1,1,0,0.4,0.4411764705882353,0.8333333333333334,0.14705882352941177,0.46153846153846156,0.2,0.0,0.11764705882352941,0.16666666666666666,1.2,0.3333333333333333,0.4230769230769231,0.34615384615384615,0.34615384615384615,0.19230769230769232,0.0,0.32509615384615387,0.4169423076923077,0.46153846153846156,0.14285714285714285,0.4349166666666666,0.5615833333333333,0.3,0.45,0.22727272727272727,,,,0.6124401913875598,0.2185792349726776,0.3225806451612903,0.0913978494623656,0.453125,0.2421875,0.0390625,6.878980891719745,0.6878980891719745,10.318471337579618,0.2803738317757009,0.5604059541239386,0.17615923319498591,0.5604059541239386,0.4,"{""novig"": {""0.5"": {""over"": -199, ""under"": 156}}, ""bet365"": {""0.5"": {""over"": -200, ""under"": 150}}, ""betmgm"": {""0.5"": {""over"": -185, ""under"": 135}}, ""draftkings"": {""0.5"": {""over"": -208, ""under"": 155}}, ""fanduel"": {""0.5"": {""over"": -220}}}",0.5,over,betmgm,-185.0,0.6491228070175439,True,-0.0887,1.5,,,,,False,
691718,Pete Crow-Armstrong,CHC,STL,0,1.0,1.0,669160,Dustin May,R,823022,7:45 PM ET,Busch Stadium,0,1,0.24292845257903495,2026-07-29,823022,0.0,0,102.1,95.0,81.5,L,5,4,0,0,0,0,0,0,1,3,0,2,1,1,2,0,0,0.02,0.038,0,0,0,0,1,1,0.2545454545454545,0.4142857142857143,0.5818181818181818,0.32857142857142857,0.35714285714285715,0.38181818181818183,0.05714285714285714,0.07142857142857142,0.2,2.3333333333333335,1.5333333333333334,0.375,0.28125,0.21875,0.28125,0.03125,0.2980777777777777,0.5576777777777778,0.35,0.375,0.31385,0.6954666666666665,0.32142857142857145,0.75,0.29850746268656714,0.2727272727272727,0.45454545454545453,0.2537313432835821,0.6124401913875598,0.2185792349726776,0.3225806451612903,0.0913978494623656,0.453125,0.2421875,0.0390625,6.878980891719745,0.6878980891719745,10.318471337579618,0.2803738317757009,0.5518851911405532,0.16907046085245214,0.5518851911405532,0.2545454545454545,"{""novig"": {""0.5"": {""over"": -228, ""under"": 178}}, ""bet365"": {""0.5"": {""over"": -240, ""under"": 180}}, ""betmgm"": {""0.5"": {""over"": -225, ""under"": 165}}, ""draftkings"": {""0.5"": {""over"": -238, ""under"": 182}}, ""fanduel"": {""0.5"": {""over"": -230}}}",0.5,over,betmgm,-225.0,0.6923076923076923,True,-0.1404,1.5,,,,,False,
673548,Seiya Suzuki,CHC,STL,0,2.0,1.0,669160,Dustin May,R,823022,7:45 PM ET,Busch Stadium,1,1,0.24292845257903495,2026-07-29,823022,0.0,0,102.1,95.0,81.5,R,5,5,3,1,0,0,0,0,0,2,4,3,0,1,0,2,1,0.517,0.5626666666666666,1,1,1,1,1,1,0.2833333333333333,0.39436619718309857,0.7,0.2535211267605634,0.32432432432432434,0.3333333333333333,0.07042253521126761,0.07042253521126761,0.16666666666666666,2.466666666666667,1.2,0.3333333333333333,0.2619047619047619,0.3333333333333333,0.30952380952380953,0.0,0.40602111111111117,0.7690566666666666,0.17391304347826086,0.4,0.27113333333333334,0.7214999999999999,0.20689655172413793,0.4827586206896552,0.3188405797101449,0.22641509433962265,0.4339622641509434,0.23333333333333334,0.6124401913875598,0.2185792349726776,0.3225806451612903,0.0913978494623656,0.453125,0.2421875,0.0390625,6.878980891719745,0.6878980891719745,10.318471337579618,0.2803738317757009,0.5715884331961569,0.1925794465988082,0.5715884331961569,0.2833333333333333,"{""novig"": {""0.5"": {""over"": -213, ""under"": 167}}, ""bet365"": {""0.5"": {""over"": -235, ""under"": 175}}, ""betmgm"": {""0.5"": {""over"": -220, ""under"": 165}}, ""draftkings"": {""0.5"": {""over"": -213, ""under"": 159}}, ""fanduel"": {""0.5"": {""over"": -210}}}",0.5,over,fanduel,-210.0,0.6774193548387096,True,-0.1058,1.5,,,,,False,
