batter,player_name,team_abbr,opp_team,is_home,bat_order,in_lineup,pitcher_id,pitcher_name,p_throws,game_id,game_time,stadium,stand_R,p_throws_R,opp_k_pct_15,game_date,game_pk,is_dome,wind_out,hit_factor,tb_factor,hr_factor,stand,pa,ab,h,doubles,triples,hr,bb,hbp,sf,k,tb,batted_balls,barrels,hard_hits,fly_balls,ground_balls,line_drives,avg_xba,avg_xslg,target_hit_1plus,target_hit_2plus,target_tb_1plus,target_tb_2plus,target_k_1plus,target_k_2plus,batting_avg_15,obp_15,contact_rate_15,k_rate_15,babip_15,iso_15,hr_rate_15,doubles_rate_15,extra_base_hit_rate_15,avg_total_bases_15,avg_k_per_game_15,hard_hit_pct_15,line_drive_pct_15,gb_pct_15,fly_ball_pct_15,barrel_pct_15,xba_15,xslg_15,batting_avg_last_5,k_rate_last_5,xba_last_5,xslg_last_5,batting_avg_vs_R_15,slg_vs_R_15,k_rate_vs_R_15,batting_avg_vs_L_15,slg_vs_L_15,k_rate_vs_L_15,p_contact_rate_allowed_10,p_babip_allowed_10,p_slg_allowed_10,p_iso_allowed_10,p_gb_pct_10,p_fb_pct_10,p_barrel_pct_allowed_10,p_hits_per9_10,p_hr_per9_10,p_k_per9_10,p_k_rate_10,p_hit_1plus,p_hit_2plus,adj_prob,pred_hits,book_markets,primary_line,primary_side,primary_best_book,primary_best_odds,primary_book_implied,primary_has_line,primary_edge,secondary_line,secondary_side,secondary_best_book,secondary_best_odds,secondary_book_implied,secondary_has_line,secondary_edge
695731,Braden Montgomery,CWS,NYY,1,7.0,1.0,677960.0,Ryan Weathers,L,824568,2:10 PM ET,Rate Field,0,0,0.23801065719360567,2026-07-30,824568,0.0,0,95.5,94.6,96.9,L,5,4,0,0,0,0,1,0,0,2,0,2,0,0,0,1,0,0.153,0.153,0,0,0,0,1,1,0.32142857142857145,0.4411764705882353,0.7857142857142857,0.17647058823529413,0.4090909090909091,0.10714285714285714,0.0,0.029411764705882353,0.07142857142857142,0.8,0.4,0.4090909090909091,0.22727272727272727,0.5,0.18181818181818182,0.0,0.32349074074074075,0.4239074074074074,0.375,0.16666666666666666,0.4495,0.6146666666666666,0.3157894736842105,0.47368421052631576,0.140625,0.16129032258064516,0.22580645161290322,0.30303030303030304,0.6842105263157895,0.24120603015075376,0.4567307692307692,0.18269230769230768,0.4551282051282051,0.22435897435897437,0.03205128205128205,8.720496894409939,1.677018633540373,9.894409937888199,0.25877192982456143,0.5649953118051424,0.2116714655614561,0.5649953118051424,0.32142857142857145,"{""bet365"": {""0.5"": {""over"": -165, ""under"": 125}}, ""betmgm"": {""0.5"": {""over"": -165, ""under"": 125}}, ""fanduel"": {""0.5"": {""over"": -175}}}",0.5,over,bet365,-165.0,0.6226415094339622,True,-0.0576,1.5,,,,,False,
805367,Chase Meidroth,CWS,NYY,1,1.0,1.0,677960.0,Ryan Weathers,L,824568,2:10 PM ET,Rate Field,1,0,0.23801065719360567,2026-07-30,824568,0.0,0,95.5,94.6,96.9,R,5,4,1,1,0,0,0,0,0,0,2,5,1,2,1,3,0,0.20375000000000001,0.514,1,0,1,1,0,0,0.33962264150943394,0.3898305084745763,0.7547169811320755,0.22033898305084745,0.41025641025641024,0.18867924528301888,0.03389830508474576,0.06779661016949153,0.11320754716981132,1.8666666666666667,0.8666666666666667,0.4146341463414634,0.2926829268292683,0.4146341463414634,0.1951219512195122,0.024390243902439025,0.34027222222222225,0.5102055555555556,0.23529411764705882,0.2,0.26713333333333333,0.6140833333333333,0.3076923076923077,0.5192307692307693,0.1864406779661017,0.21052631578947367,0.24561403508771928,0.31666666666666665,0.6842105263157895,0.24120603015075376,0.4567307692307692,0.18269230769230768,0.4551282051282051,0.22435897435897437,0.03205128205128205,8.720496894409939,1.677018633540373,9.894409937888199,0.25877192982456143,0.6737617106225452,0.2866362352519256,0.6737617106225452,0.33962264150943394,"{""bet365"": {""0.5"": {""over"": -260, ""under"": 190}}, ""betmgm"": {""0.5"": {""over"": 110, ""under"": -150}}, ""draftkings"": {""0.5"": {""over"": -249, ""under"": 183}}, ""fanduel"": {""0.5"": {""over"": 280}}}",0.5,over,fanduel,280.0,0.2631578947368421,True,0.4106,1.5,,,,,False,
695657,Colson Montgomery,CWS,NYY,1,5.0,1.0,677960.0,Ryan Weathers,L,824568,2:10 PM ET,Rate Field,0,0,0.23801065719360567,2026-07-30,824568,0.0,0,95.5,94.6,96.9,L,4,3,0,0,0,0,1,0,0,2,0,1,0,0,0,0,0,0.003,0.003,0,0,0,0,1,1,0.20689655172413793,0.265625,0.6551724137931034,0.3125,0.2894736842105263,0.06896551724137931,0.015625,0.015625,0.034482758620689655,1.0666666666666667,1.3333333333333333,0.358974358974359,0.20512820512820512,0.3333333333333333,0.2564102564102564,0.02564102564102564,0.3067179487179487,0.45576282051282047,0.21052631578947367,0.13636363636363635,0.18018333333333333,0.20240000000000008,0.21311475409836064,0.3770491803278688,0.3076923076923077,0.25,0.625,0.25806451612903225,0.6842105263157895,0.24120603015075376,0.4567307692307692,0.18269230769230768,0.4551282051282051,0.22435897435897437,0.03205128205128205,8.720496894409939,1.677018633540373,9.894409937888199,0.25877192982456143,0.5631180626009805,0.22618280065914828,0.5631180626009805,0.20689655172413793,"{""bet365"": {""0.5"": {""over"": -160, ""under"": 120}}, ""draftkings"": {""0.5"": {""over"": -151, ""under"": 113}}, ""fanduel"": {""0.5"": {""over"": -155}}}",0.5,over,draftkings,-151.0,0.601593625498008,True,-0.0385,1.5,,,,,False,
700337,Edgar Quero,CWS,NYY,1,9.0,1.0,677960.0,Ryan Weathers,L,824568,2:10 PM ET,Rate Field,0,0,0.23801065719360567,2026-07-30,824568,0.0,0,95.5,94.6,96.9,L,1,1,0,0,0,0,0,0,0,0,0,1,0,0,0,0,0,0.006,0.006,0,0,0,0,0,0,0.16129032258064516,0.1875,0.9354838709677419,0.0625,0.1724137931034483,0.0,0.0,0.0,0.0,0.3333333333333333,0.13333333333333333,0.4482758620689655,0.1724137931034483,0.4827586206896552,0.27586206896551724,0.034482758620689655,0.28250000000000003,0.4524285714285714,0.1,0.0,0.21516666666666667,0.36566666666666675,0.21428571428571427,0.2857142857142857,0.2391304347826087,0.1951219512195122,0.2682926829268293,0.24444444444444444,0.6842105263157895,0.24120603015075376,0.4567307692307692,0.18269230769230768,0.4551282051282051,0.22435897435897437,0.03205128205128205,8.720496894409939,1.677018633540373,9.894409937888199,0.25877192982456143,0.4324592521772804,0.15555616747991854,0.4324592521772804,0.16129032258064516,"{""bet365"": {""0.5"": {""over"": -150, ""under"": 110}}, ""betmgm"": {""0.5"": {""over"": -140, ""under"": 105}}, ""draftkings"": {""0.5"": {""over"": -133, ""under"": 101}}, ""fanduel"": {""0.5"": {""over"": 320}}}",0.5,over,fanduel,320.0,0.23809523809523808,True,0.1944,1.5,,,,,False,
677592,Everson Pereira,CWS,NYY,1,6.0,1.0,677960.0,Ryan Weathers,L,824568,2:10 PM ET,Rate Field,1,0,0.23801065719360567,2026-07-30,824568,0.0,0,95.5,94.6,96.9,R,1,1,0,0,0,0,0,0,0,1,0,0,0,0,0,0,0,0.158,0.168,0,0,0,0,1,0,0.1875,0.25925925925925924,0.6666666666666666,0.2962962962962963,0.2727272727272727,0.0625,0.0,0.05555555555555555,0.0625,0.8,1.0666666666666667,0.36363636363636365,0.12121212121212122,0.5757575757575758,0.18181818181818182,0.030303030303030304,0.26207142857142857,0.42017261904761904,0.0,0.5,0.13725,0.2509999999999999,0.16981132075471697,0.3018867924528302,0.2807017543859649,0.29545454545454547,0.5909090909090909,0.3,0.6842105263157895,0.24120603015075376,0.4567307692307692,0.18269230769230768,0.4551282051282051,0.22435897435897437,0.03205128205128205,8.720496894409939,1.677018633540373,9.894409937888199,0.25877192982456143,0.5715137157985626,0.20212019858966424,0.5715137157985626,0.1875,"{""bet365"": {""0.5"": {""over"": -120, ""under"": -110}}, ""draftkings"": {""0.5"": {""over"": -137, ""under"": 103}}, ""fanduel"": {""0.5"": {""over"": -135}}}",0.5,over,bet365,-120.0,0.5454545454545454,True,0.0261,1.5,,,,,False,
682668,Luisangel Acuña,CWS,NYY,1,8.0,1.0,677960.0,Ryan Weathers,L,824568,2:10 PM ET,Rate Field,1,0,0.23801065719360567,2026-07-30,824568,0.0,0,95.5,94.6,96.9,R,1,1,0,0,0,0,0,0,0,0,0,1,0,1,0,1,0,0.238,0.275,0,0,0,0,0,0,0.375,0.375,0.71875,0.2727272727272727,0.5217391304347826,0.03125,0.0,0.030303030303030304,0.03125,0.8666666666666667,0.6,0.3333333333333333,0.375,0.5833333333333334,0.041666666666666664,0.0,0.4104166666666667,0.49311111111111106,0.25,0.3333333333333333,0.3336666666666666,0.37361111111111095,0.3333333333333333,0.4166666666666667,0.10526315789473684,0.34210526315789475,0.39473684210526316,0.275,0.6842105263157895,0.24120603015075376,0.4567307692307692,0.18269230769230768,0.4551282051282051,0.22435897435897437,0.03205128205128205,8.720496894409939,1.677018633540373,9.894409937888199,0.25877192982456143,0.6057417906611141,0.2326991391585939,0.6057417906611141,0.375,"{""bet365"": {""0.5"": {""over"": -155, ""under"": 115}}, ""betmgm"": {""0.5"": {""over"": -135, ""under"": 100}}, ""draftkings"": {""0.5"": {""over"": -132, ""under"": 100}}, ""fanduel"": {""0.5"": {""over"": -145}}}",0.5,over,draftkings,-132.0,0.5689655172413793,True,0.0368,1.5,,,,,False,
678246,Miguel Vargas,CWS,NYY,1,3.0,1.0,677960.0,Ryan Weathers,L,824568,2:10 PM ET,Rate Field,1,0,0.23801065719360567,2026-07-30,824568,0.0,0,95.5,94.6,96.9,R,5,4,1,0,0,0,0,1,0,0,1,4,0,1,1,2,1,0.32925,0.36474999999999996,1,0,1,0,0,0,0.2459016393442623,0.2878787878787879,0.7868852459016393,0.19696969696969696,0.2765957446808511,0.22950819672131148,0.030303030303030304,0.12121212121212122,0.16393442622950818,1.9333333333333333,0.8666666666666667,0.5102040816326531,0.2857142857142857,0.24489795918367346,0.3469387755102041,0.02040816326530612,0.29865555555555556,0.5028166666666667,0.2,0.21739130434782608,0.33833333333333326,0.5797333333333332,0.3103448275862069,0.6206896551724138,0.1791044776119403,0.14285714285714285,0.21428571428571427,0.23076923076923078,0.6842105263157895,0.24120603015075376,0.4567307692307692,0.18269230769230768,0.4551282051282051,0.22435897435897437,0.03205128205128205,8.720496894409939,1.677018633540373,9.894409937888199,0.25877192982456143,0.6347195358526778,0.25720528150923916,0.6347195358526778,0.2459016393442623,"{""bet365"": {""0.5"": {""over"": -235, ""under"": 175}}, ""betmgm"": {""0.5"": {""over"": 125, ""under"": -165}}, ""draftkings"": {""0.5"": {""over"": -224, ""under"": 166}}, ""fanduel"": {""0.5"": {""over"": -220}}}",0.5,over,betmgm,125.0,0.4444444444444444,True,0.1903,1.5,,,,,False,
808959,Munetaka Murakami,CWS,NYY,1,2.0,1.0,677960.0,Ryan Weathers,L,824568,2:10 PM ET,Rate Field,0,0,0.23801065719360567,2026-07-30,824568,0.0,0,95.5,94.6,96.9,L,5,4,1,0,0,1,1,0,0,2,4,2,1,2,2,0,0,0.4655,1.7765,1,0,1,1,1,1,0.23076923076923078,0.375,0.5961538461538461,0.328125,0.3448275862068966,0.21153846153846154,0.03125,0.078125,0.1346153846153846,1.5333333333333334,1.4,0.6451612903225806,0.25806451612903225,0.41935483870967744,0.2903225806451613,0.06451612903225806,0.3810595238095238,0.6458285714285715,0.35,0.21739130434782608,0.48810000000000003,0.9433199999999999,0.25925925925925924,0.5925925925925926,0.296875,0.18,0.48,0.3230769230769231,0.6842105263157895,0.24120603015075376,0.4567307692307692,0.18269230769230768,0.4551282051282051,0.22435897435897437,0.03205128205128205,8.720496894409939,1.677018633540373,9.894409937888199,0.25877192982456143,0.6307667999005825,0.2610263871059763,0.6307667999005825,0.23076923076923078,"{""bet365"": {""0.5"": {""over"": -170, ""under"": 130}}, ""draftkings"": {""0.5"": {""over"": -140, ""under"": 106}}, ""fanduel"": {""0.5"": {""over"": -150}}}",0.5,over,draftkings,-140.0,0.5833333333333334,True,0.0474,1.5,,,,,False,
545341,Randal Grichuk,CWS,NYY,1,4.0,1.0,677960.0,Ryan Weathers,L,824568,2:10 PM ET,Rate Field,1,0,0.23801065719360567,2026-07-30,824568,0.0,0,95.5,94.6,96.9,R,1,1,0,0,0,0,0,0,0,0,0,1,0,0,0,1,0,0.06,0.064,0,0,0,0,0,0,0.20588235294117646,0.22857142857142856,0.7352941176470589,0.2571428571428571,0.28,0.14705882352941177,0.0,0.08571428571428572,0.11764705882352941,0.8,0.6,0.4,0.16,0.44,0.24,0.0,0.2352678571428571,0.2913809523809524,0.25,0.25,0.09499999999999999,0.1073000000000002,0.19047619047619047,0.4523809523809524,0.17391304347826086,0.1875,0.34375,0.2727272727272727,0.6842105263157895,0.24120603015075376,0.4567307692307692,0.18269230769230768,0.4551282051282051,0.22435897435897437,0.03205128205128205,8.720496894409939,1.677018633540373,9.894409937888199,0.25877192982456143,0.5845162437748533,0.25403002563685695,0.5845162437748533,0.20588235294117646,"{""bet365"": {""0.5"": {""over"": -190, ""under"": 140}}, ""draftkings"": {""0.5"": {""over"": -172, ""under"": 129}}, ""fanduel"": {""0.5"": {""over"": -160}}}",0.5,over,fanduel,-160.0,0.6153846153846154,True,-0.0309,1.5,,,,,False,
683011,Anthony Volpe,NYY,CWS,0,7.0,1.0,680732.0,Sean Burke,R,824568,2:10 PM ET,Rate Field,1,1,0.25,2026-07-30,824568,0.0,0,95.5,94.6,96.9,R,1,0,0,0,0,0,0,0,1,0,0,1,0,0,0,0,1,0.2976666666666667,0.6523333333333333,0,0,0,0,0,0,0.2619047619047619,0.32608695652173914,0.7142857142857143,0.2608695652173913,0.36666666666666664,0.07142857142857142,0.0,0.06521739130434782,0.07142857142857142,0.9333333333333333,0.8,0.4,0.23333333333333334,0.5333333333333333,0.16666666666666666,0.03333333333333333,0.29541666666666666,0.3863809523809524,0.29411764705882354,0.2777777777777778,0.4447333333333333,0.6370333333333332,0.2608695652173913,0.2826086956521739,0.23529411764705882,0.24444444444444444,0.3333333333333333,0.2653061224489796,0.5822784810126582,0.17412935323383086,0.3684210526315789,0.16267942583732056,0.36231884057971014,0.34782608695652173,0.043478260869565216,8.067073170731707,1.1524390243902438,11.52439024390244,0.3017241379310345,0.5546061852596343,0.15298778801316607,0.5546061852596343,0.2619047619047619,"{""bet365"": {""0.5"": {""over"": -135, ""under"": 100}}, ""betmgm"": {""0.5"": {""over"": -140, ""under"": 105}}, ""draftkings"": {""0.5"": {""over"": -146, ""under"": 110}}, ""fanduel"": {""0.5"": {""over"": -150}}}",0.5,over,bet365,-135.0,0.574468085106383,True,-0.0199,1.5,,,,,False,
669224,Austin Wells,NYY,CWS,0,9.0,1.0,680732.0,Sean Burke,R,824568,2:10 PM ET,Rate Field,0,1,0.25,2026-07-30,824568,0.0,0,95.5,94.6,96.9,L,4,4,0,0,0,0,0,0,0,1,0,3,0,3,2,0,1,0.33433333333333337,0.604,0,0,0,0,1,0,0.21052631578947367,0.3181818181818182,0.7368421052631579,0.22727272727272727,0.2,0.23684210526315788,0.06818181818181818,0.0,0.07894736842105263,1.1333333333333333,0.6666666666666666,0.42857142857142855,0.21428571428571427,0.2857142857142857,0.2857142857142857,0.07142857142857142,0.377,0.7215512820512822,0.3333333333333333,0.13333333333333333,0.52675,0.8910416666666665,0.1891891891891892,0.35135135135135137,0.27906976744186046,0.10204081632653061,0.16326530612244897,0.34,0.5822784810126582,0.17412935323383086,0.3684210526315789,0.16267942583732056,0.36231884057971014,0.34782608695652173,0.043478260869565216,8.067073170731707,1.1524390243902438,11.52439024390244,0.3017241379310345,0.2869860312738753,0.05481513771442164,0.2869860312738753,0.21052631578947367,"{""bet365"": {""0.5"": {""over"": 105, ""under"": -140}}, ""draftkings"": {""0.5"": {""over"": 110, ""under"": -147}}, ""fanduel"": {""0.5"": {""over"": -105}}}",0.5,over,draftkings,110.0,0.47619047619047616,True,-0.1892,1.5,,,,,False,
700250,Ben Rice,NYY,CWS,0,2.0,1.0,680732.0,Sean Burke,R,824568,2:10 PM ET,Rate Field,0,1,0.25,2026-07-30,824568,0.0,0,95.5,94.6,96.9,L,6,5,1,1,0,0,1,0,0,2,2,3,0,2,1,2,0,0.5093333333333333,1.457,1,0,1,1,1,1,0.2711864406779661,0.3384615384615385,0.6610169491525424,0.3076923076923077,0.3235294117647059,0.3389830508474576,0.07692307692307693,0.046153846153846156,0.15254237288135594,2.4,1.3333333333333333,0.5641025641025641,0.2564102564102564,0.41025641025641024,0.3076923076923077,0.15384615384615385,0.41245000000000004,0.8289111111111112,0.19047619047619047,0.4090909090909091,0.3323166666666667,0.5620666666666667,0.2545454545454545,0.6,0.25,0.2222222222222222,0.42857142857142855,0.2878787878787879,0.5822784810126582,0.17412935323383086,0.3684210526315789,0.16267942583732056,0.36231884057971014,0.34782608695652173,0.043478260869565216,8.067073170731707,1.1524390243902438,11.52439024390244,0.3017241379310345,0.5990193105777002,0.19821532007600937,0.5990193105777002,0.2711864406779661,"{""bet365"": {""0.5"": {""over"": -210, ""under"": 155}}, ""betmgm"": {""0.5"": {""over"": 125, ""under"": -165}}, ""draftkings"": {""0.5"": {""over"": -186, ""under"": 139}}, ""fanduel"": {""0.5"": {""over"": -210}}}",0.5,over,betmgm,125.0,0.4444444444444444,True,0.1546,1.5,,,,,False,
691176,Jasson Domínguez,NYY,CWS,0,3.0,1.0,680732.0,Sean Burke,R,824568,2:10 PM ET,Rate Field,0,1,0.25,2026-07-30,824568,0.0,0,95.5,94.6,96.9,L,5,4,0,0,0,0,1,0,0,1,0,3,0,2,0,2,1,0.334,0.363,0,0,0,0,1,0,0.25,0.2894736842105263,0.8333333333333334,0.15384615384615385,0.27586206896551724,0.1111111111111111,0.02564102564102564,0.02564102564102564,0.05555555555555555,0.8666666666666667,0.4,0.3333333333333333,0.2,0.3333333333333333,0.3,0.03333333333333333,0.2587857142857143,0.4508154761904762,0.3076923076923077,0.14285714285714285,0.23129166666666678,0.2732708333333336,0.18518518518518517,0.2777777777777778,0.1724137931034483,0.2833333333333333,0.4666666666666667,0.23809523809523808,0.5822784810126582,0.17412935323383086,0.3684210526315789,0.16267942583732056,0.36231884057971014,0.34782608695652173,0.043478260869565216,8.067073170731707,1.1524390243902438,11.52439024390244,0.3017241379310345,0.5755267929191508,0.181080799297481,0.5755267929191508,0.25,"{""bet365"": {""0.5"": {""over"": -200, ""under"": 150}}, ""betmgm"": {""0.5"": {""over"": 120, ""under"": -160}}, ""fanduel"": {""0.5"": {""over"": -200}}}",0.5,over,betmgm,120.0,0.45454545454545453,True,0.121,1.5,,,,,False,
665862,Jazz Chisholm Jr.,NYY,CWS,0,6.0,1.0,680732.0,Sean Burke,R,824568,2:10 PM ET,Rate Field,0,1,0.25,2026-07-30,824568,0.0,0,95.5,94.6,96.9,L,5,5,1,0,0,0,0,0,0,2,1,3,0,1,0,1,2,0.6826666666666666,0.7949999999999999,1,0,1,0,1,1,0.21818181818181817,0.2542372881355932,0.5636363636363636,0.4067796610169492,0.2857142857142857,0.2727272727272727,0.06779661016949153,0.05084745762711865,0.12727272727272726,1.8,1.6,0.46875,0.21875,0.375,0.3125,0.03125,0.36240384615384613,0.7555192307692309,0.15789473684210525,0.45,0.27279166666666677,0.36683333333333334,0.19148936170212766,0.425531914893617,0.4117647058823529,0.21428571428571427,0.39285714285714285,0.3389830508474576,0.5822784810126582,0.17412935323383086,0.3684210526315789,0.16267942583732056,0.36231884057971014,0.34782608695652173,0.043478260869565216,8.067073170731707,1.1524390243902438,11.52439024390244,0.3017241379310345,0.5443598437241554,0.15711771924583096,0.5443598437241554,0.21818181818181817,"{""bet365"": {""0.5"": {""over"": -135, ""under"": 100}}, ""betmgm"": {""0.5"": {""over"": 170, ""under"": -235}}, ""draftkings"": {""0.5"": {""over"": -128, ""under"": -104}}}",0.5,over,betmgm,170.0,0.37037037037037035,True,0.174,1.5,,,,,False,
502671,Paul Goldschmidt,NYY,CWS,0,4.0,1.0,680732.0,Sean Burke,R,824568,2:10 PM ET,Rate Field,1,1,0.25,2026-07-30,824568,0.0,0,95.5,94.6,96.9,R,5,5,2,0,0,0,0,0,0,1,2,4,0,1,1,3,0,0.36625,0.4025,1,1,1,1,1,0,0.21153846153846154,0.29310344827586204,0.6153846153846154,0.3448275862068966,0.3,0.1346153846153846,0.034482758620689655,0.017241379310344827,0.057692307692307696,1.2,1.3333333333333333,0.28125,0.1875,0.4375,0.375,0.09375,0.2951369047619048,0.5341071428571429,0.2631578947368421,0.21739130434782608,0.34060000000000007,0.5730500000000001,0.22950819672131148,0.3770491803278688,0.3064516129032258,0.1875,0.4166666666666667,0.33962264150943394,0.5822784810126582,0.17412935323383086,0.3684210526315789,0.16267942583732056,0.36231884057971014,0.34782608695652173,0.043478260869565216,8.067073170731707,1.1524390243902438,11.52439024390244,0.3017241379310345,0.5656540187642017,0.19673099485565637,0.5656540187642017,0.21153846153846154,"{""bet365"": {""0.5"": {""over"": -190, ""under"": 140}}, ""draftkings"": {""0.5"": {""over"": -200, ""under"": 149}}, ""fanduel"": {""0.5"": {""over"": -200}}}",0.5,over,bet365,-190.0,0.6551724137931034,True,-0.0895,1.5,,,,,False,
641857,Ryan McMahon,NYY,CWS,0,8.0,1.0,680732.0,Sean Burke,R,824568,2:10 PM ET,Rate Field,0,1,0.25,2026-07-30,824568,0.0,0,95.5,94.6,96.9,L,5,5,1,0,0,0,0,0,0,0,1,5,0,2,2,2,1,0.297,0.3926,1,0,1,0,0,0,0.21621621621621623,0.2564102564102564,0.6216216216216216,0.358974358974359,0.3181818181818182,0.21621621621621623,0.02564102564102564,0.1282051282051282,0.16216216216216217,1.0666666666666667,0.9333333333333333,0.6086956521739131,0.21739130434782608,0.34782608695652173,0.34782608695652173,0.043478260869565216,0.4104333333333333,0.6734833333333333,0.09090909090909091,0.4166666666666667,0.29388888888888887,0.3555000000000003,0.23076923076923078,0.46153846153846156,0.35714285714285715,0.24324324324324326,0.4594594594594595,0.2857142857142857,0.5822784810126582,0.17412935323383086,0.3684210526315789,0.16267942583732056,0.36231884057971014,0.34782608695652173,0.043478260869565216,8.067073170731707,1.1524390243902438,11.52439024390244,0.3017241379310345,0.49371714784366105,0.12874576936455628,0.49371714784366105,0.21621621621621623,"{""bet365"": {""0.5"": {""over"": -105, ""under"": -130}}, ""betmgm"": {""0.5"": {""over"": -105, ""under"": -125}}, ""draftkings"": {""0.5"": {""over"": -102, ""under"": -131}}, ""fanduel"": {""0.5"": {""over"": -105}}}",0.5,over,draftkings,-102.0,0.504950495049505,True,-0.0112,1.5,,,,,False,
682987,Spencer Jones,NYY,CWS,0,5.0,1.0,680732.0,Sean Burke,R,824568,2:10 PM ET,Rate Field,0,1,0.25,2026-07-30,824568,0.0,0,95.5,94.6,96.9,L,4,4,2,0,0,1,0,0,0,2,5,2,0,2,1,0,1,0.7615000000000001,2.0175,1,1,1,1,1,1,0.1891891891891892,0.3023255813953488,0.5675675675675675,0.36363636363636365,0.3,0.16216216216216217,0.022727272727272728,0.06818181818181818,0.10810810810810811,0.8666666666666667,1.0666666666666667,0.47619047619047616,0.3333333333333333,0.19047619047619047,0.38095238095238093,0.047619047619047616,0.2971923076923077,0.5297435897435897,0.1111111111111111,0.18181818181818182,0.40112500000000006,0.645375,0.21052631578947367,0.4473684210526316,0.3617021276595745,0.09090909090909091,0.09090909090909091,0.36363636363636365,0.5822784810126582,0.17412935323383086,0.3684210526315789,0.16267942583732056,0.36231884057971014,0.34782608695652173,0.043478260869565216,8.067073170731707,1.1524390243902438,11.52439024390244,0.3017241379310345,0.5416247320145445,0.140330220007966,0.5416247320145445,0.1891891891891892,"{""bet365"": {""0.5"": {""over"": -105, ""under"": -130}}, ""betmgm"": {""1.5"": {""over"": 200, ""under"": -275}}, ""draftkings"": {""0.5"": {""over"": -130, ""under"": -102}}, ""fanduel"": {""0.5"": {""over"": -130}}}",0.5,over,bet365,-105.0,0.5121951219512195,True,0.0294,1.5,over,betmgm,200.0,0.3333333333333333,True,-0.193
663757,Trent Grisham,NYY,CWS,0,1.0,1.0,680732.0,Sean Burke,R,824568,2:10 PM ET,Rate Field,0,1,0.25,2026-07-30,824568,0.0,0,95.5,94.6,96.9,L,6,5,0,0,0,0,1,0,0,2,0,3,0,1,2,1,0,0.057,0.1725,0,0,0,0,1,1,0.1509433962264151,0.25,0.8867924528301887,0.1,0.13333333333333333,0.1320754716981132,0.03333333333333333,0.016666666666666666,0.05660377358490566,1.0,0.4,0.40425531914893614,0.1702127659574468,0.48936170212765956,0.19148936170212766,0.0425531914893617,0.26110333333333335,0.4597166666666667,0.06666666666666667,0.0625,0.18588333333333334,0.2405166666666665,0.17307692307692307,0.38461538461538464,0.15254237288135594,0.32075471698113206,0.5471698113207547,0.1896551724137931,0.5822784810126582,0.17412935323383086,0.3684210526315789,0.16267942583732056,0.36231884057971014,0.34782608695652173,0.043478260869565216,8.067073170731707,1.1524390243902438,11.52439024390244,0.3017241379310345,0.5959754868600866,0.19441909248398245,0.5959754868600866,0.1509433962264151,"{""bet365"": {""0.5"": {""over"": -175, ""under"": 132}}, ""betmgm"": {""0.5"": {""over"": 135, ""under"": -185}}, ""draftkings"": {""0.5"": {""over"": -179, ""under"": 134}}, ""fanduel"": {""0.5"": {""over"": -170}}}",0.5,over,betmgm,135.0,0.425531914893617,True,0.1704,1.5,,,,,False,
676475,Alec Burleson,STL,CHC,1,3.0,1.0,665871.0,Javier Assad,R,823023,2:15 PM ET,Busch Stadium,0,1,0.2018348623853211,2026-07-30,823023,0.0,0,102.1,95.0,81.5,L,4,4,1,0,0,0,0,0,0,2,1,2,0,0,0,1,1,0.383,0.441,1,0,1,0,1,1,0.3275862068965517,0.3709677419354839,0.8275862068965517,0.16129032258064516,0.3958333333333333,0.06896551724137931,0.0,0.06451612903225806,0.06896551724137931,1.5333333333333334,0.6666666666666666,0.5,0.3125,0.4166666666666667,0.22916666666666666,0.041666666666666664,0.3848566666666666,0.6664888888888889,0.3157894736842105,0.25,0.40108333333333335,0.8013833333333332,0.2807017543859649,0.38596491228070173,0.2033898305084746,0.3,0.48333333333333334,0.1076923076923077,0.7668711656441718,0.176056338028169,0.41721854304635764,0.19205298013245034,0.432,0.32,0.024,7.260504201680672,1.5882352941176472,5.445378151260504,0.15384615384615385,0.6737153169075855,0.27707086738892595,0.6737153169075855,0.3275862068965517,"{""bet365"": {""0.5"": {""over"": -270, ""under"": 195}}, ""draftkings"": {""0.5"": {""over"": -267, ""under"": 196}}, ""fanduel"": {""0.5"": {""over"": -260}}}",0.5,over,fanduel,-260.0,0.7222222222222222,True,-0.0485,1.5,,,,,False,
691458,Blaze Jordan,STL,CHC,1,8.0,1.0,665871.0,Javier Assad,R,823023,2:15 PM ET,Busch Stadium,1,1,0.2018348623853211,2026-07-30,823023,0.0,0,102.1,95.0,81.5,R,4,4,1,1,0,0,0,0,0,1,2,3,0,1,1,0,1,0.323,0.43166666666666664,1,0,1,1,1,0,0.20833333333333334,0.24,0.8541666666666666,0.14,0.24390243902439024,0.08333333333333333,0.0,0.04,0.0625,0.9333333333333333,0.4666666666666667,0.4878048780487805,0.36585365853658536,0.43902439024390244,0.12195121951219512,0.0,0.35985888888888884,0.5759933333333334,0.14285714285714285,0.0,0.23608333333333334,0.40986666666666666,0.26,0.36,0.18867924528301888,0.1875,0.375,0.02702702702702703,0.7668711656441718,0.176056338028169,0.41721854304635764,0.19205298013245034,0.432,0.32,0.024,7.260504201680672,1.5882352941176472,5.445378151260504,0.15384615384615385,0.575465019402638,0.22006407262949657,0.575465019402638,0.20833333333333334,"{""bet365"": {""0.5"": {""over"": -190, ""under"": 140}}, ""draftkings"": {""0.5"": {""over"": -199, ""under"": 149}}, ""fanduel"": {""0.5"": {""over"": -170}}}",0.5,over,fanduel,-170.0,0.6296296296296297,True,-0.0542,1.5,,,,,False,
663494,Bryan Torres,STL,CHC,1,7.0,1.0,665871.0,Javier Assad,R,823023,2:15 PM ET,Busch Stadium,0,1,0.2018348623853211,2026-07-30,823023,0.0,0,102.1,95.0,81.5,L,1,1,1,0,0,0,0,0,0,0,1,1,0,1,0,0,1,0.523,0.69,1,0,1,0,0,0,0.2,0.22580645161290322,0.7,0.2903225806451613,0.25,0.2,0.03225806451612903,0.03225806451612903,0.1,0.8,0.6,0.42857142857142855,0.3333333333333333,0.38095238095238093,0.23809523809523808,0.0,0.3825416666666667,0.7411041666666667,0.4444444444444444,0.1,0.45815,0.571,0.2,0.4,0.2903225806451613,0.5555555555555556,0.8888888888888888,0.0,0.7668711656441718,0.176056338028169,0.41721854304635764,0.19205298013245034,0.432,0.32,0.024,7.260504201680672,1.5882352941176472,5.445378151260504,0.15384615384615385,0.5004866107734678,0.15528918845533438,0.5004866107734678,0.2,"{""bet365"": {""0.5"": {""over"": -155, ""under"": 115}}, ""draftkings"": {""0.5"": {""over"": -189, ""under"": 141}}, ""fanduel"": {""0.5"": {""over"": -170}}}",0.5,over,bet365,-155.0,0.6078431372549019,True,-0.1074,1.5,,,,,False,
671056,Iván Herrera,STL,CHC,1,4.0,1.0,665871.0,Javier Assad,R,823023,2:15 PM ET,Busch Stadium,1,1,0.2018348623853211,2026-07-30,823023,0.0,0,102.1,95.0,81.5,R,5,5,3,2,0,0,0,0,0,1,5,4,0,2,1,1,2,0.59925,1.00275,1,1,1,1,1,0,0.1935483870967742,0.2153846153846154,0.7419354838709677,0.24615384615384617,0.2391304347826087,0.06451612903225806,0.015384615384615385,0.015384615384615385,0.03225806451612903,1.0666666666666667,1.0666666666666667,0.2553191489361702,0.2765957446808511,0.46808510638297873,0.1702127659574468,0.0,0.2542440476190476,0.35393452380952384,0.25,0.2857142857142857,0.35174999999999995,0.5592666666666667,0.15789473684210525,0.24561403508771928,0.2903225806451613,0.20689655172413793,0.25862068965517243,0.18461538461538463,0.7668711656441718,0.176056338028169,0.41721854304635764,0.19205298013245034,0.432,0.32,0.024,7.260504201680672,1.5882352941176472,5.445378151260504,0.15384615384615385,0.6225546337712089,0.2293947488293191,0.6225546337712089,0.1935483870967742,"{""bet365"": {""0.5"": {""over"": -220, ""under"": 160}}, ""draftkings"": {""0.5"": {""over"": -208, ""under"": 155}}, ""fanduel"": {""0.5"": {""over"": -230}}}",0.5,over,draftkings,-208.0,0.6753246753246753,True,-0.0528,1.5,,,,,False,
802139,JJ Wetherholt,STL,CHC,1,1.0,1.0,665871.0,Javier Assad,R,823023,2:15 PM ET,Busch Stadium,0,1,0.2018348623853211,2026-07-30,823023,0.0,0,102.1,95.0,81.5,L,5,4,0,0,0,0,1,0,0,0,0,4,0,1,0,4,0,0.21550000000000002,0.229,0,0,0,0,0,0,0.17543859649122806,0.27692307692307694,0.7719298245614035,0.2,0.19047619047619047,0.10526315789473684,0.03076923076923077,0.0,0.03508771929824561,1.0666666666666667,0.8666666666666667,0.4318181818181818,0.11363636363636363,0.6363636363636364,0.25,0.045454545454545456,0.27336555555555553,0.4667188888888889,0.125,0.25,0.3566333333333333,0.5114,0.27586206896551724,0.3448275862068966,0.16666666666666666,0.22580645161290322,0.3548387096774194,0.17391304347826086,0.7668711656441718,0.176056338028169,0.41721854304635764,0.19205298013245034,0.432,0.32,0.024,7.260504201680672,1.5882352941176472,5.445378151260504,0.15384615384615385,0.6306056837277638,0.1953103199041929,0.6306056837277638,0.17543859649122806,"{""bet365"": {""0.5"": {""over"": -225, ""under"": 165}}, ""draftkings"": {""0.5"": {""over"": -231, ""under"": 171}}, ""fanduel"": {""0.5"": {""over"": -230}}}",0.5,over,bet365,-225.0,0.6923076923076923,True,-0.0617,1.5,,,,,False,
691023,Jordan Walker,STL,CHC,1,2.0,1.0,665871.0,Javier Assad,R,823023,2:15 PM ET,Busch Stadium,1,1,0.2018348623853211,2026-07-30,823023,0.0,0,102.1,95.0,81.5,R,5,5,1,0,0,0,0,0,0,2,1,3,0,0,0,1,2,0.31,0.35566666666666674,1,0,1,0,1,1,0.21428571428571427,0.2903225806451613,0.7857142857142857,0.1935483870967742,0.2727272727272727,0.07142857142857142,0.0,0.06451612903225806,0.07142857142857142,1.0666666666666667,0.8,0.36363636363636365,0.2727272727272727,0.4772727272727273,0.1590909090909091,0.022727272727272728,0.32254999999999995,0.4850611111111111,0.1111111111111111,0.2,0.3224999999999999,0.6172666666666669,0.3090909090909091,0.6181818181818182,0.20967741935483872,0.26785714285714285,0.4107142857142857,0.2153846153846154,0.7668711656441718,0.176056338028169,0.41721854304635764,0.19205298013245034,0.432,0.32,0.024,7.260504201680672,1.5882352941176472,5.445378151260504,0.15384615384615385,0.6643133528331296,0.23219616214201255,0.6643133528331296,0.21428571428571427,"{""bet365"": {""0.5"": {""over"": -275, ""under"": 200}}, ""draftkings"": {""1.5"": {""over"": 161, ""under"": -216}}}",0.5,over,bet365,-275.0,0.7333333333333333,True,-0.069,1.5,over,draftkings,161.0,0.3831417624521073,True,-0.1509
663457,Lars Nootbaar,STL,CHC,1,5.0,1.0,665871.0,Javier Assad,R,823023,2:15 PM ET,Busch Stadium,0,1,0.2018348623853211,2026-07-30,823023,0.0,0,102.1,95.0,81.5,L,1,1,1,0,0,0,0,0,0,0,1,1,0,1,0,1,0,0.174,0.192,1,0,1,0,0,0,0.2,0.34545454545454546,0.7555555555555555,0.2,0.24242424242424243,0.08888888888888889,0.01818181818181818,0.01818181818181818,0.044444444444444446,0.8666666666666667,0.7333333333333333,0.5,0.20588235294117646,0.4117647058823529,0.3235294117647059,0.029411764705882353,0.26042888888888893,0.5037377777777777,0.14285714285714285,0.17647058823529413,0.18733333333333327,0.3426333333333333,0.1956521739130435,0.2826086956521739,0.16666666666666666,0.20833333333333334,0.3125,0.1724137931034483,0.7668711656441718,0.176056338028169,0.41721854304635764,0.19205298013245034,0.432,0.32,0.024,7.260504201680672,1.5882352941176472,5.445378151260504,0.15384615384615385,0.6111420495190315,0.2118089249791796,0.6111420495190315,0.2,"{""bet365"": {""0.5"": {""over"": -175, ""under"": 132}}, ""draftkings"": {""0.5"": {""over"": -173, ""under"": 130}}, ""fanduel"": {""0.5"": {""over"": -190}}}",0.5,over,draftkings,-173.0,0.6336996336996337,True,-0.0226,1.5,,,,,False,
691026,Masyn Winn,STL,CHC,1,6.0,1.0,665871.0,Javier Assad,R,823023,2:15 PM ET,Busch Stadium,1,1,0.2018348623853211,2026-07-30,823023,0.0,0,102.1,95.0,81.5,R,4,4,0,0,0,0,0,0,0,3,0,1,0,0,0,1,0,0.053,0.065,0,0,0,0,1,1,0.22448979591836735,0.3275862068965517,0.7551020408163265,0.20689655172413793,0.2894736842105263,0.02040816326530612,0.0,0.017241379310344827,0.02040816326530612,0.8,0.8,0.4473684210526316,0.2894736842105263,0.3684210526315789,0.3157894736842105,0.0,0.3554777777777778,0.4513,0.3684210526315789,0.2,0.3984333333333333,0.48505000000000004,0.1875,0.1875,0.17543859649122806,0.3050847457627119,0.3898305084745763,0.24615384615384617,0.7668711656441718,0.176056338028169,0.41721854304635764,0.19205298013245034,0.432,0.32,0.024,7.260504201680672,1.5882352941176472,5.445378151260504,0.15384615384615385,0.6513630445152591,0.21962052575908678,0.6513630445152591,0.22448979591836735,"{""bet365"": {""0.5"": {""over"": -180, ""under"": 135}}, ""draftkings"": {""0.5"": {""over"": -203, ""under"": 151}}, ""fanduel"": {""0.5"": {""over"": -190}}}",0.5,over,bet365,-180.0,0.6428571428571429,True,0.0085,1.5,,,,,False,
701675,Nathan Church,STL,CHC,1,9.0,1.0,665871.0,Javier Assad,R,823023,2:15 PM ET,Busch Stadium,0,1,0.2018348623853211,2026-07-30,823023,0.0,0,102.1,95.0,81.5,L,4,3,0,0,0,0,0,1,0,0,0,3,0,1,1,1,0,0.29133333333333333,0.583,0,0,0,0,0,0,0.09523809523809523,0.11363636363636363,0.8333333333333334,0.15555555555555556,0.1111111111111111,0.0,0.0,0.0,0.0,0.26666666666666666,0.4666666666666667,0.32432432432432434,0.21621621621621623,0.5405405405405406,0.13513513513513514,0.0,0.27565555555555554,0.3538611111111111,0.16666666666666666,0.13333333333333333,0.3116666666666667,0.4154999999999999,0.09302325581395349,0.09302325581395349,0.17777777777777778,0.2653061224489796,0.3673469387755102,0.2,0.7668711656441718,0.176056338028169,0.41721854304635764,0.19205298013245034,0.432,0.32,0.024,7.260504201680672,1.5882352941176472,5.445378151260504,0.15384615384615385,0.44128421816010066,0.09927334920136721,0.44128421816010066,0.09523809523809523,"{""bet365"": {""0.5"": {""over"": -140, ""under"": 105}}, ""betmgm"": {""0.5"": {""over"": -155, ""under"": 115}}, ""draftkings"": {""0.5"": {""over"": -142, ""under"": 107}}, ""fanduel"": {""0.5"": {""over"": -170}}}",0.5,over,bet365,-140.0,0.5833333333333334,True,-0.142,1.5,,,,,False,
608324,Alex Bregman,CHC,STL,0,4.0,1.0,669467.0,Andre Pallante,R,823023,2:15 PM ET,Busch Stadium,1,1,0.2471169686985173,2026-07-30,823023,0.0,0,102.1,95.0,81.5,R,4,4,1,1,0,0,0,0,0,1,2,3,0,2,2,1,0,0.2816666666666667,0.602,1,0,1,1,1,0,0.25806451612903225,0.32857142857142857,0.7741935483870968,0.2,0.26666666666666666,0.25806451612903225,0.05714285714285714,0.05714285714285714,0.12903225806451613,2.1333333333333333,0.9333333333333333,0.30612244897959184,0.12244897959183673,0.3673469387755102,0.42857142857142855,0.0,0.20947444444444444,0.32136888888888887,0.3181818181818182,0.20833333333333334,0.23886333333333334,0.32255,0.2698412698412698,0.49206349206349204,0.21428571428571427,0.20754716981132076,0.33962264150943394,0.13432835820895522,0.7844827586206896,0.23943661971830985,0.3686635944700461,0.1152073732718894,0.5714285714285714,0.14835164835164835,0.01098901098901099,8.427745664739884,0.6242774566473988,6.398843930635837,0.1759656652360515,0.6436651748024362,0.22442730904125208,0.6436651748024362,0.25806451612903225,"{""bet365"": {""0.5"": {""over"": -200, ""under"": 150}}, ""draftkings"": {""0.5"": {""over"": -200, ""under"": 149}}, ""fanduel"": {""0.5"": {""over"": -220}}}",0.5,over,bet365,-200.0,0.6666666666666666,True,-0.023,1.5,,,,,False,
608348,Carson Kelly,CHC,STL,0,8.0,1.0,669467.0,Andre Pallante,R,823023,2:15 PM ET,Busch Stadium,1,1,0.2471169686985173,2026-07-30,823023,0.0,0,102.1,95.0,81.5,R,5,4,1,0,0,0,1,0,0,0,1,4,0,2,2,2,0,0.197,0.26949999999999996,1,0,1,0,0,0,0.18,0.2807017543859649,0.74,0.22807017543859648,0.2,0.12,0.03508771929824561,0.0,0.04,1.0,0.8666666666666667,0.35135135135135137,0.10810810810810811,0.6216216216216216,0.1891891891891892,0.0,0.2649,0.4696555555555556,0.16666666666666666,0.25,0.15356666666666663,0.18163333333333334,0.16,0.26,0.1724137931034483,0.28888888888888886,0.4222222222222222,0.21568627450980393,0.7844827586206896,0.23943661971830985,0.3686635944700461,0.1152073732718894,0.5714285714285714,0.14835164835164835,0.01098901098901099,8.427745664739884,0.6242774566473988,6.398843930635837,0.1759656652360515,0.5799021690603503,0.18943271683019094,0.5799021690603503,0.18,"{""bet365"": {""0.5"": {""over"": -155, ""under"": 115}}, ""draftkings"": {""0.5"": {""over"": -151, ""under"": 113}}, ""fanduel"": {""0.5"": {""over"": -170}}}",0.5,over,draftkings,-151.0,0.601593625498008,True,-0.0217,1.5,,,,,False,
621020,Dansby Swanson,CHC,STL,0,9.0,1.0,669467.0,Andre Pallante,R,823023,2:15 PM ET,Busch Stadium,1,1,0.2471169686985173,2026-07-30,823023,0.0,0,102.1,95.0,81.5,R,4,4,0,0,0,0,0,0,0,1,0,3,0,0,1,2,0,0.07566666666666667,0.085,0,0,0,0,1,0,0.26785714285714285,0.3050847457627119,0.7678571428571429,0.22033898305084745,0.3488372093023256,0.08928571428571429,0.0,0.05084745762711865,0.07142857142857142,1.3333333333333333,0.8666666666666667,0.46511627906976744,0.3023255813953488,0.4418604651162791,0.20930232558139536,0.0,0.37204444444444446,0.5739944444444445,0.3157894736842105,0.25,0.4618000000000001,0.7559833333333332,0.3148148148148148,0.5555555555555556,0.14035087719298245,0.2545454545454545,0.5636363636363636,0.2413793103448276,0.7844827586206896,0.23943661971830985,0.3686635944700461,0.1152073732718894,0.5714285714285714,0.14835164835164835,0.01098901098901099,8.427745664739884,0.6242774566473988,6.398843930635837,0.1759656652360515,0.46858457008323356,0.112420315904255,0.46858457008323356,0.26785714285714285,"{""bet365"": {""0.5"": {""over"": -180, ""under"": 135}}, ""betmgm"": {""0.5"": {""over"": -165, ""under"": 125}}, ""draftkings"": {""0.5"": {""over"": -165, ""under"": 124}}, ""fanduel"": {""0.5"": {""over"": -175}}}",0.5,over,betmgm,-165.0,0.6226415094339622,True,-0.1541,1.5,,,,,False,
664023,Ian Happ,CHC,STL,0,5.0,1.0,669467.0,Andre Pallante,R,823023,2:15 PM ET,Busch Stadium,0,1,0.2471169686985173,2026-07-30,823023,0.0,0,102.1,95.0,81.5,L,4,4,0,0,0,0,0,0,0,2,0,2,0,1,1,1,0,0.189,0.47900000000000004,0,0,0,0,1,1,0.24242424242424243,0.3902439024390244,0.6363636363636364,0.2857142857142857,0.35,0.18181818181818182,0.023809523809523808,0.07142857142857142,0.12121212121212122,0.9333333333333333,0.8,0.23809523809523808,0.19047619047619047,0.38095238095238093,0.38095238095238093,0.0,0.22722222222222221,0.4149861111111112,0.2222222222222222,0.36363636363636365,0.2813333333333339,0.562000000000001,0.20754716981132076,0.2641509433962264,0.30158730158730157,0.20754716981132076,0.41509433962264153,0.3448275862068966,0.7844827586206896,0.23943661971830985,0.3686635944700461,0.1152073732718894,0.5714285714285714,0.14835164835164835,0.01098901098901099,8.427745664739884,0.6242774566473988,6.398843930635837,0.1759656652360515,0.6006301761572994,0.1809418177486453,0.6006301761572994,0.24242424242424243,"{""bet365"": {""0.5"": {""over"": -170, ""under"": 130}}, ""draftkings"": {""0.5"": {""over"": -164, ""under"": 123}}, ""fanduel"": {""0.5"": {""over"": -175}}}",0.5,over,draftkings,-164.0,0.6212121212121212,True,-0.0206,1.5,,,,,False,
683737,Michael Busch,CHC,STL,0,3.0,1.0,669467.0,Andre Pallante,R,823023,2:15 PM ET,Busch Stadium,0,1,0.2471169686985173,2026-07-30,823023,0.0,0,102.1,95.0,81.5,L,5,5,0,0,0,0,0,0,0,2,0,3,0,1,1,1,1,0.221,0.35666666666666663,0,0,0,0,1,1,0.29850746268656714,0.32857142857142857,0.7164179104477612,0.2714285714285714,0.391304347826087,0.14925373134328357,0.02857142857142857,0.05714285714285714,0.08955223880597014,2.0,1.2666666666666666,0.3958333333333333,0.2916666666666667,0.4166666666666667,0.25,0.041666666666666664,0.35900666666666664,0.6184788888888889,0.24,0.19230769230769232,0.30665333333333333,0.48626999999999987,0.23076923076923078,0.3384615384615385,0.2777777777777778,0.3333333333333333,0.5882352941176471,0.26666666666666666,0.7844827586206896,0.23943661971830985,0.3686635944700461,0.1152073732718894,0.5714285714285714,0.14835164835164835,0.01098901098901099,8.427745664739884,0.6242774566473988,6.398843930635837,0.1759656652360515,0.6787444062189177,0.21607472178704032,0.6787444062189177,0.29850746268656714,"{""bet365"": {""0.5"": {""over"": -230, ""under"": 170}}, ""draftkings"": {""0.5"": {""over"": -256, ""under"": 188}}, ""fanduel"": {""0.5"": {""over"": -230}}}",0.5,over,fanduel,-230.0,0.696969696969697,True,-0.0182,1.5,,,,,False,
624424,Michael Conforto,CHC,STL,0,7.0,1.0,669467.0,Andre Pallante,R,823023,2:15 PM ET,Busch Stadium,0,1,0.2471169686985173,2026-07-30,823023,0.0,0,102.1,95.0,81.5,L,4,1,0,0,0,0,2,1,0,0,0,1,0,0,0,1,0,0.054,0.067,0,0,0,0,0,0,0.23076923076923078,0.2857142857142857,0.6666666666666666,0.3023255813953488,0.2916666666666667,0.1794871794871795,0.046511627906976744,0.023255813953488372,0.07692307692307693,1.0666666666666667,0.8666666666666667,0.38461538461538464,0.23076923076923078,0.2692307692307692,0.4230769230769231,0.0,0.22987499999999997,0.4305833333333333,0.25,0.3076923076923077,0.23833333333333334,0.3049999999999999,0.23076923076923078,0.41025641025641024,0.3023255813953488,0.2608695652173913,0.41304347826086957,0.24074074074074073,0.7844827586206896,0.23943661971830985,0.3686635944700461,0.1152073732718894,0.5714285714285714,0.14835164835164835,0.01098901098901099,8.427745664739884,0.6242774566473988,6.398843930635837,0.1759656652360515,0.5778825329862084,0.18199400751586625,0.5778825329862084,0.23076923076923078,"{""bet365"": {""0.5"": {""over"": -165, ""under"": 125}}, ""betmgm"": {""0.5"": {""over"": -155, ""under"": 115}}, ""draftkings"": {""0.5"": {""over"": -144, ""under"": 109}}, ""fanduel"": {""0.5"": {""over"": -175}}}",0.5,over,draftkings,-144.0,0.5901639344262295,True,-0.0123,1.5,,,,,False,
663538,Nico Hoerner,CHC,STL,0,6.0,1.0,669467.0,Andre Pallante,R,823023,2:15 PM ET,Busch Stadium,1,1,0.2471169686985173,2026-07-30,823023,0.0,0,102.1,95.0,81.5,R,1,1,0,0,0,0,0,0,0,0,0,1,0,0,0,0,1,0.523,0.588,0,0,0,0,0,0,0.3333333333333333,0.34375,0.8888888888888888,0.1076923076923077,0.36363636363636365,0.09523809523809523,0.015384615384615385,0.015384615384615385,0.047619047619047616,1.8,0.4666666666666667,0.30357142857142855,0.39285714285714285,0.4642857142857143,0.08928571428571429,0.0,0.41272555555555557,0.4974233333333334,0.42857142857142855,0.13636363636363635,0.45786999999999994,0.5485399999999999,0.3548387096774194,0.43548387096774194,0.140625,0.19230769230769232,0.23076923076923078,0.08196721311475409,0.7844827586206896,0.23943661971830985,0.3686635944700461,0.1152073732718894,0.5714285714285714,0.14835164835164835,0.01098901098901099,8.427745664739884,0.6242774566473988,6.398843930635837,0.1759656652360515,0.6727601889517284,0.2687583804179024,0.6727601889517284,0.3333333333333333,"{""bet365"": {""1.5"": {""over"": 202, ""under"": -280}}, ""draftkings"": {""0.5"": {""over"": -266, ""under"": 196}}, ""fanduel"": {""0.5"": {""over"": -250}}}",0.5,over,fanduel,-250.0,0.7142857142857143,True,-0.0415,1.5,over,bet365,202.0,0.33112582781456956,True,-0.0624
691718,Pete Crow-Armstrong,CHC,STL,0,1.0,1.0,669467.0,Andre Pallante,R,823023,2:15 PM ET,Busch Stadium,0,1,0.2471169686985173,2026-07-30,823023,0.0,0,102.1,95.0,81.5,L,5,5,1,0,0,1,0,0,0,0,4,5,0,3,3,2,0,0.273,0.921,1,0,1,1,0,0,0.21818181818181817,0.37142857142857144,0.5636363636363636,0.34285714285714286,0.3333333333333333,0.2727272727272727,0.02857142857142857,0.07142857142857142,0.16363636363636364,1.8,1.6,0.375,0.28125,0.21875,0.28125,0.0625,0.2705777777777778,0.44764444444444446,0.3333333333333333,0.4,0.26205,0.6462666666666665,0.2857142857142857,0.6607142857142857,0.3235294117647059,0.2727272727272727,0.45454545454545453,0.2537313432835821,0.7844827586206896,0.23943661971830985,0.3686635944700461,0.1152073732718894,0.5714285714285714,0.14835164835164835,0.01098901098901099,8.427745664739884,0.6242774566473988,6.398843930635837,0.1759656652360515,0.5844869568049909,0.17920848179884538,0.5844869568049909,0.21818181818181817,"{""bet365"": {""0.5"": {""over"": -260, ""under"": 190}}, ""draftkings"": {""0.5"": {""over"": -263, ""under"": 193}}, ""fanduel"": {""0.5"": {""over"": -270}}}",0.5,over,bet365,-260.0,0.7222222222222222,True,-0.1377,1.5,,,,,False,
673548,Seiya Suzuki,CHC,STL,0,2.0,1.0,669467.0,Andre Pallante,R,823023,2:15 PM ET,Busch Stadium,1,1,0.2471169686985173,2026-07-30,823023,0.0,0,102.1,95.0,81.5,R,5,3,1,0,0,0,2,0,0,0,1,3,0,0,0,1,1,0.08333333333333333,0.11066666666666665,1,0,1,0,0,0,0.3114754098360656,0.4166666666666667,0.6721311475409836,0.2777777777777778,0.40540540540540543,0.29508196721311475,0.05555555555555555,0.08333333333333333,0.16393442622950818,2.466666666666667,1.3333333333333333,0.34146341463414637,0.2926829268292683,0.34146341463414637,0.2682926829268293,0.0,0.4239044444444444,0.7654677777777777,0.25,0.38461538461538464,0.2654333333333333,0.4445333333333331,0.25,0.5333333333333333,0.32857142857142857,0.22641509433962265,0.4339622641509434,0.25,0.7844827586206896,0.23943661971830985,0.3686635944700461,0.1152073732718894,0.5714285714285714,0.14835164835164835,0.01098901098901099,8.427745664739884,0.6242774566473988,6.398843930635837,0.1759656652360515,0.6407750359874606,0.22498958560213447,0.6407750359874606,0.3114754098360656,"{""bet365"": {""0.5"": {""over"": -245, ""under"": 182}}, ""fanduel"": {""0.5"": {""over"": -230}}}",0.5,over,fanduel,-230.0,0.696969696969697,True,-0.0562,1.5,,,,,False,
667472,Dane Myers,CIN,PIT,1,7.0,1.0,670990.0,Yohan Ramírez,R,824488,7:10 PM ET,Great American Ball Park,1,1,0.24727272727272728,2026-07-30,824488,0.0,0,97.3,101.4,113.2,R,4,2,1,0,0,0,1,1,0,0,1,2,0,1,1,0,1,0.2745,0.394,1,0,1,0,0,0,0.27906976744186046,0.3673469387755102,0.6744186046511628,0.2857142857142857,0.41379310344827586,0.046511627906976744,0.0,0.04081632653061224,0.046511627906976744,0.9333333333333333,0.9333333333333333,0.3793103448275862,0.2413793103448276,0.5517241379310345,0.13793103448275862,0.0,0.3045320512820513,0.393775641025641,0.3157894736842105,0.35,0.3381833333333333,0.40728333333333333,0.20454545454545456,0.25,0.3018867924528302,0.3548387096774194,0.4838709677419355,0.21212121212121213,0.5283018867924528,0.2926829268292683,0.34146341463414637,0.04878048780487805,0.5357142857142857,0.17857142857142858,0.03571428571428571,5.25,0.0,12.0,0.3018867924528302,0.5361769459549847,0.15209708656206836,0.5361769459549847,0.27906976744186046,"{""novig"": {""0.5"": {""over"": -141, ""under"": 111}}, ""bet365"": {""0.5"": {""over"": -180, ""under"": 135}}, ""betmgm"": {""0.5"": {""over"": -150, ""under"": 110}}, ""draftkings"": {""0.5"": {""over"": -144, ""under"": 108}}, ""fanduel"": {""0.5"": {""over"": -155}}}",0.5,over,novig,-141.0,0.5850622406639004,True,-0.0489,1.5,,,,,False,
682829,Elly De La Cruz,CIN,PIT,1,1.0,1.0,670990.0,Yohan Ramírez,R,824488,7:10 PM ET,Great American Ball Park,0,1,0.24727272727272728,2026-07-30,824488,0.0,0,97.3,101.4,113.2,L,3,2,0,0,0,0,1,0,0,0,0,2,0,1,1,1,0,0.21150000000000002,0.683,0,0,0,0,0,0,0.28,0.3684210526315789,0.74,0.22807017543859648,0.3235294117647059,0.22,0.05263157894736842,0.0,0.08,1.6666666666666667,0.8666666666666667,0.5675675675675675,0.32432432432432434,0.4594594594594595,0.1891891891891892,0.02702702702702703,0.3965307692307692,0.6359025641025642,0.29411764705882354,0.4444444444444444,0.41386666666666666,0.7600333333333333,0.29310344827586204,0.5517241379310345,0.23529411764705882,0.36507936507936506,0.746031746031746,0.2571428571428571,0.5283018867924528,0.2926829268292683,0.34146341463414637,0.04878048780487805,0.5357142857142857,0.17857142857142858,0.03571428571428571,5.25,0.0,12.0,0.3018867924528302,0.5762480128139175,0.23038207323146423,0.5762480128139175,0.28,"{""novig"": {""0.5"": {""over"": -223, ""under"": 170}}, ""betmgm"": {""0.5"": {""over"": -235, ""under"": 175}}, ""draftkings"": {""0.5"": {""over"": -227, ""under"": 169}}, ""fanduel"": {""0.5"": {""over"": -220}}}",0.5,over,fanduel,-220.0,0.6875,True,-0.1113,1.5,,,,,False,
553993,Eugenio Suárez,CIN,PIT,1,6.0,1.0,670990.0,Yohan Ramírez,R,824488,7:10 PM ET,Great American Ball Park,1,1,0.24727272727272728,2026-07-30,824488,0.0,0,97.3,101.4,113.2,R,4,4,1,0,0,0,0,0,0,3,1,1,0,1,0,1,0,0.637,0.707,1,0,1,0,1,1,0.19298245614035087,0.25806451612903225,0.47368421052631576,0.4838709677419355,0.23809523809523808,0.3333333333333333,0.0967741935483871,0.016129032258064516,0.12280701754385964,2.0,2.0,0.5185185185185185,0.18518518518518517,0.25925925925925924,0.48148148148148145,0.037037037037037035,0.36614102564102563,0.8988717948717948,0.15,0.4090909090909091,0.25349999999999984,0.6558750000000002,0.21428571428571427,0.5,0.3968253968253968,0.2222222222222222,0.37037037037037035,0.4067796610169492,0.5283018867924528,0.2926829268292683,0.34146341463414637,0.04878048780487805,0.5357142857142857,0.17857142857142858,0.03571428571428571,5.25,0.0,12.0,0.3018867924528302,0.5022571952500492,0.12311575576975538,0.5022571952500492,0.19298245614035087,"{""novig"": {""0.5"": {""over"": -147, ""under"": 115}}, ""bet365"": {""0.5"": {""over"": -150, ""under"": 110}}, ""betmgm"": {""0.5"": {""over"": -140, ""under"": 105}}, ""draftkings"": {""0.5"": {""over"": -153, ""under"": 115}}, ""fanduel"": {""0.5"": {""over"": -145}}}",0.5,over,betmgm,-140.0,0.5833333333333334,True,-0.0811,1.5,,,,,False,
668709,JJ Bleday,CIN,PIT,1,3.0,1.0,670990.0,Yohan Ramírez,R,824488,7:10 PM ET,Great American Ball Park,0,1,0.24727272727272728,2026-07-30,824488,0.0,0,97.3,101.4,113.2,L,1,0,0,0,0,0,1,0,0,0,0,0,0,0,0,0,0,0.467,1.659,0,0,0,0,0,0,0.2,0.2903225806451613,0.6909090909090909,0.27419354838709675,0.20588235294117646,0.21818181818181817,0.06451612903225806,0.0,0.07272727272727272,1.5333333333333334,1.1333333333333333,0.3684210526315789,0.2631578947368421,0.18421052631578946,0.5263157894736842,0.05263157894736842,0.37398888888888887,0.7603666666666666,0.15789473684210525,0.2727272727272727,0.37635,0.7779499999999999,0.17857142857142858,0.3392857142857143,0.2222222222222222,0.3103448275862069,0.6206896551724138,0.16666666666666666,0.5283018867924528,0.2926829268292683,0.34146341463414637,0.04878048780487805,0.5357142857142857,0.17857142857142858,0.03571428571428571,5.25,0.0,12.0,0.3018867924528302,0.5058778345311367,0.11191889268203696,0.5058778345311367,0.2,"{""novig"": {""0.5"": {""over"": -186, ""under"": 144}}, ""bet365"": {""0.5"": {""over"": -180, ""under"": 135}}, ""betmgm"": {""0.5"": {""over"": -165, ""under"": 125}}, ""draftkings"": {""0.5"": {""over"": -193, ""under"": 144}}, ""fanduel"": {""0.5"": {""over"": -180}}}",0.5,over,betmgm,-165.0,0.6226415094339622,True,-0.1168,1.5,,,,,False,
680574,Matt McLain,CIN,PIT,1,9.0,1.0,670990.0,Yohan Ramírez,R,824488,7:10 PM ET,Great American Ball Park,1,1,0.24727272727272728,2026-07-30,824488,0.0,0,97.3,101.4,113.2,R,2,2,0,0,0,0,0,0,0,1,0,1,0,0,0,1,0,0.061,0.067,0,0,0,0,1,0,0.10256410256410256,0.2391304347826087,0.5128205128205128,0.40425531914893614,0.2,0.02564102564102564,0.0,0.02127659574468085,0.02564102564102564,0.3333333333333333,1.2666666666666666,0.3333333333333333,0.3333333333333333,0.2857142857142857,0.2857142857142857,0.0,0.33098611111111115,0.41709722222222223,0.0,0.45454545454545453,0.13874999999999998,0.1690000000000001,0.15217391304347827,0.21739130434782608,0.375,0.17391304347826086,0.45652173913043476,0.23076923076923078,0.5283018867924528,0.2926829268292683,0.34146341463414637,0.04878048780487805,0.5357142857142857,0.17857142857142858,0.03571428571428571,5.25,0.0,12.0,0.3018867924528302,0.23904184077711074,0.02596425059100015,0.23904184077711074,0.10256410256410256,"{""novig"": {""0.5"": {""over"": -133, ""under"": 104}}, ""bet365"": {""0.5"": {""over"": -130, ""under"": -105}}, ""betmgm"": {""0.5"": {""over"": -120, ""under"": -110}}, ""draftkings"": {""0.5"": {""over"": -135, ""under"": 102}}, ""fanduel"": {""0.5"": {""over"": -140}}}",0.5,over,betmgm,-120.0,0.5454545454545454,True,-0.3064,1.5,,,,,False,
663993,Nathaniel Lowe,CIN,PIT,1,5.0,1.0,670990.0,Yohan Ramírez,R,824488,7:10 PM ET,Great American Ball Park,0,1,0.24727272727272728,2026-07-30,824488,0.0,0,97.3,101.4,113.2,L,1,1,0,0,0,0,0,0,0,1,0,0,0,0,0,0,0,0.2955,0.3365,0,0,0,0,1,0,0.2545454545454545,0.26785714285714285,0.6909090909090909,0.2982456140350877,0.3142857142857143,0.2,0.05263157894736842,0.03508771929824561,0.09090909090909091,1.6666666666666667,1.1333333333333333,0.34210526315789475,0.23684210526315788,0.3157894736842105,0.39473684210526316,0.05263157894736842,0.3782452380952381,0.5694404761904762,0.3333333333333333,0.19047619047619047,0.41400333333333317,0.49278333333333324,0.2545454545454545,0.45454545454545453,0.2982456140350877,0.19047619047619047,0.4523809523809524,0.15217391304347827,0.5283018867924528,0.2926829268292683,0.34146341463414637,0.04878048780487805,0.5357142857142857,0.17857142857142858,0.03571428571428571,5.25,0.0,12.0,0.3018867924528302,0.5416388496050741,0.18049529207079673,0.5416388496050741,0.2545454545454545,"{""novig"": {""0.5"": {""over"": -178, ""under"": 141}}, ""bet365"": {""0.5"": {""over"": -150, ""under"": 110}}, ""betmgm"": {""0.5"": {""over"": -175, ""under"": 130}}, ""draftkings"": {""0.5"": {""over"": -180, ""under"": 135}}, ""fanduel"": {""0.5"": {""over"": -190}}}",0.5,over,bet365,-150.0,0.6,True,-0.0584,1.5,,,,,False,
682622,Noelvi Marte,CIN,PIT,1,8.0,1.0,670990.0,Yohan Ramírez,R,824488,7:10 PM ET,Great American Ball Park,1,1,0.24727272727272728,2026-07-30,824488,0.0,0,97.3,101.4,113.2,R,4,4,1,0,0,0,0,0,0,1,1,3,1,2,2,1,0,0.221,0.5990000000000001,1,0,1,0,1,0,0.17307692307692307,0.18867924528301888,0.8076923076923077,0.18867924528301888,0.175,0.15384615384615385,0.03773584905660377,0.03773584905660377,0.07692307692307693,1.1333333333333333,0.6666666666666666,0.23809523809523808,0.16666666666666666,0.5476190476190477,0.21428571428571427,0.0,0.24208974358974356,0.32568589743589743,0.125,0.125,0.340875,0.4102500000000001,0.16666666666666666,0.2777777777777778,0.22807017543859648,0.175,0.325,0.2857142857142857,0.5283018867924528,0.2926829268292683,0.34146341463414637,0.04878048780487805,0.5357142857142857,0.17857142857142858,0.03571428571428571,5.25,0.0,12.0,0.3018867924528302,0.5144432392836528,0.16421550380828784,0.5144432392836528,0.17307692307692307,"{""novig"": {""0.5"": {""over"": -153, ""under"": 120}}, ""bet365"": {""0.5"": {""over"": -190, ""under"": 140}}, ""betmgm"": {""0.5"": {""over"": -155, ""under"": 115}}, ""draftkings"": {""0.5"": {""over"": -155, ""under"": 117}}, ""fanduel"": {""0.5"": {""over"": -170}}}",0.5,over,novig,-153.0,0.6047430830039525,True,-0.0903,1.5,,,,,False,
701398,Sal Stewart,CIN,PIT,1,2.0,1.0,670990.0,Yohan Ramírez,R,824488,7:10 PM ET,Great American Ball Park,1,1,0.24727272727272728,2026-07-30,824488,0.0,0,97.3,101.4,113.2,R,5,5,1,0,0,0,0,0,0,3,1,2,0,0,1,0,1,0.3655,0.4325,1,0,1,0,1,1,0.23636363636363636,0.27419354838709675,0.7636363636363637,0.20967741935483872,0.23809523809523808,0.2,0.04838709677419355,0.03225806451612903,0.09090909090909091,1.6,0.8666666666666667,0.3333333333333333,0.2222222222222222,0.4444444444444444,0.3111111111111111,0.044444444444444446,0.3183095238095238,0.5625535714285714,0.375,0.2777777777777778,0.5147916666666668,0.7433541666666669,0.25,0.5535714285714286,0.22580645161290322,0.18518518518518517,0.3148148148148148,0.2857142857142857,0.5283018867924528,0.2926829268292683,0.34146341463414637,0.04878048780487805,0.5357142857142857,0.17857142857142858,0.03571428571428571,5.25,0.0,12.0,0.3018867924528302,0.5688372113268031,0.19840637607276582,0.5688372113268031,0.23636363636363636,"{""novig"": {""1.5"": {""over"": 212}}, ""bet365"": {""0.5"": {""over"": -250, ""under"": 185}}, ""betmgm"": {""0.5"": {""over"": -210, ""under"": 155}}, ""draftkings"": {""0.5"": {""over"": -267, ""under"": 196}}}",0.5,over,betmgm,-210.0,0.6774193548387096,True,-0.1086,1.5,over,novig,212.0,0.32051282051282054,True,-0.1221
663886,Tyler Stephenson,CIN,PIT,1,4.0,1.0,670990.0,Yohan Ramírez,R,824488,7:10 PM ET,Great American Ball Park,1,1,0.24727272727272728,2026-07-30,824488,0.0,0,97.3,101.4,113.2,R,4,3,1,0,0,0,1,0,0,1,1,2,0,0,1,0,1,0.397,0.4885,1,0,1,0,1,0,0.32,0.34615384615384615,0.74,0.25,0.4,0.2,0.038461538461538464,0.07692307692307693,0.12,1.7333333333333334,0.8666666666666667,0.40540540540540543,0.32432432432432434,0.43243243243243246,0.24324324324324326,0.0,0.45832738095238096,0.7278154761904762,0.3125,0.29411764705882354,0.4830625,0.8008541666666666,0.35294117647058826,0.6274509803921569,0.2641509433962264,0.26666666666666666,0.35555555555555557,0.21818181818181817,0.5283018867924528,0.2926829268292683,0.34146341463414637,0.04878048780487805,0.5357142857142857,0.17857142857142858,0.03571428571428571,5.25,0.0,12.0,0.3018867924528302,0.5520251165912856,0.2171302138753155,0.5520251165912856,0.32,"{""novig"": {""0.5"": {""over"": -174, ""under"": 133}}, ""bet365"": {""0.5"": {""over"": -220, ""under"": 160}}, ""betmgm"": {""0.5"": {""over"": -185, ""under"": 135}}, ""draftkings"": {""0.5"": {""over"": -175, ""under"": 131}}, ""fanduel"": {""0.5"": {""over"": -190}}}",0.5,over,novig,-174.0,0.635036496350365,True,-0.083,1.5,,,,,False,
805999,A.J. Ewing,NYM,MIA,1,1.0,1.0,691587.0,Eury Pérez,R,823595,7:10 PM ET,Citi Field,0,1,0.2422145328719723,2026-07-30,823595,,0,96.9,97.2,97.5,L,4,2,1,0,0,0,1,0,1,0,1,3,0,2,0,2,1,0.365,0.4,1,0,1,0,0,0,0.25757575757575757,0.29577464788732394,0.6666666666666666,0.30985915492957744,0.36363636363636365,0.12121212121212122,0.014084507042253521,0.07042253521126761,0.09090909090909091,1.6666666666666667,1.4666666666666666,0.37777777777777777,0.2222222222222222,0.5333333333333333,0.2,0.0,0.3321111111111111,0.4381555555555555,0.2727272727272727,0.24,0.29885,0.38611666666666666,0.25396825396825395,0.4126984126984127,0.2608695652173913,0.18181818181818182,0.36363636363636365,0.36666666666666664,0.5674418604651162,0.13333333333333333,0.3155080213903743,0.1497326203208556,0.4016393442622951,0.2786885245901639,0.04918032786885246,5.534161490683229,1.5093167701863353,10.39751552795031,0.2938388625592417,0.5383054635413829,0.20052548820584973,0.5383054635413829,0.25757575757575757,"{""novig"": {""0.5"": {""over"": -163, ""under"": 133}}, ""betmgm"": {""0.5"": {""over"": -185, ""under"": 135}}, ""draftkings"": {""0.5"": {""over"": -156, ""under"": 118}}, ""fanduel"": {""0.5"": {""over"": -175}}}",0.5,over,draftkings,-156.0,0.609375,True,-0.0711,1.5,,,,,False,
666182,Bo Bichette,NYM,MIA,1,3.0,1.0,691587.0,Eury Pérez,R,823595,7:10 PM ET,Citi Field,1,1,0.2422145328719723,2026-07-30,823595,,0,96.9,97.2,97.5,R,4,4,0,0,0,0,0,0,0,0,0,4,0,0,0,1,2,0.3695,0.43,0,0,0,0,0,0,0.2727272727272727,0.3225806451612903,0.8,0.1774193548387097,0.32608695652173914,0.01818181818181818,0.0,0.016129032258064516,0.01818181818181818,1.0666666666666667,0.7333333333333333,0.2608695652173913,0.2608695652173913,0.5434782608695652,0.17391304347826086,0.0,0.2788130952380952,0.33366309523809523,0.36363636363636365,0.2608695652173913,0.26912,0.29294666666666647,0.2982456140350877,0.3333333333333333,0.1935483870967742,0.36363636363636365,0.5636363636363636,0.125,0.5674418604651162,0.13333333333333333,0.3155080213903743,0.1497326203208556,0.4016393442622951,0.2786885245901639,0.04918032786885246,5.534161490683229,1.5093167701863353,10.39751552795031,0.2938388625592417,0.5668202812751463,0.19673099485565637,0.5668202812751463,0.2727272727272727,"{""novig"": {""0.5"": {""over"": -233, ""under"": 170}}, ""bet365"": {""0.5"": {""over"": -250, ""under"": 185}}, ""betmgm"": {""0.5"": {""over"": -220, ""under"": 165}}, ""draftkings"": {""0.5"": {""over"": -240, ""under"": 177}}, ""fanduel"": {""0.5"": {""over"": -240}}}",0.5,over,betmgm,-220.0,0.6875,True,-0.1207,1.5,,,,,False,
683146,Brett Baty,NYM,MIA,1,6.0,1.0,691587.0,Eury Pérez,R,823595,7:10 PM ET,Citi Field,0,1,0.2422145328719723,2026-07-30,823595,,0,96.9,97.2,97.5,L,2,2,1,0,0,0,0,0,0,0,1,2,0,1,1,0,1,0.3385,0.387,1,0,1,0,0,0,0.26785714285714285,0.3,0.6785714285714286,0.3,0.3333333333333333,0.19642857142857142,0.05,0.03333333333333333,0.08928571428571429,1.7333333333333334,1.2,0.48717948717948717,0.28205128205128205,0.3333333333333333,0.3333333333333333,0.02564102564102564,0.3887188888888889,0.6265533333333334,0.17647058823529413,0.3888888888888889,0.31594000000000005,0.5588600000000002,0.2545454545454545,0.4727272727272727,0.22413793103448276,0.22448979591836735,0.30612244897959184,0.3392857142857143,0.5674418604651162,0.13333333333333333,0.3155080213903743,0.1497326203208556,0.4016393442622951,0.2786885245901639,0.04918032786885246,5.534161490683229,1.5093167701863353,10.39751552795031,0.2938388625592417,0.5179634315960842,0.16188232510873576,0.5179634315960842,0.26785714285714285,"{""novig"": {""0.5"": {""over"": -113, ""under"": -106}}, ""bet365"": {""0.5"": {""over"": -105, ""under"": -130}}, ""betmgm"": {""0.5"": {""over"": -125, ""under"": -105}}, ""draftkings"": {""0.5"": {""over"": -126, ""under"": -106}}, ""fanduel"": {""0.5"": {""over"": -115}}}",0.5,over,bet365,-105.0,0.5121951219512195,True,0.0058,1.5,,,,,False,
701807,Carson Benge,NYM,MIA,1,4.0,1.0,691587.0,Eury Pérez,R,823595,7:10 PM ET,Citi Field,0,1,0.2422145328719723,2026-07-30,823595,,0,96.9,97.2,97.5,L,3,3,1,0,0,0,0,0,0,1,1,2,0,1,1,1,0,0.4995,1.5665,1,0,1,0,1,0,0.2777777777777778,0.375,0.6851851851851852,0.265625,0.39473684210526316,0.037037037037037035,0.0,0.03125,0.037037037037037035,1.1333333333333333,1.1333333333333333,0.2894736842105263,0.15789473684210525,0.631578947368421,0.18421052631578946,0.0,0.30096666666666666,0.3681833333333333,0.2222222222222222,0.3333333333333333,0.23123333333333332,0.3221333333333334,0.32142857142857145,0.4107142857142857,0.19696969696969696,0.20967741935483872,0.3548387096774194,0.23529411764705882,0.5674418604651162,0.13333333333333333,0.3155080213903743,0.1497326203208556,0.4016393442622951,0.2786885245901639,0.04918032786885246,5.534161490683229,1.5093167701863353,10.39751552795031,0.2938388625592417,0.5197794972605022,0.17920753422270808,0.5197794972605022,0.2777777777777778,"{""novig"": {""0.5"": {""over"": -147, ""under"": 122}}, ""bet365"": {""0.5"": {""over"": -175, ""under"": 132}}, ""betmgm"": {""0.5"": {""over"": -150, ""under"": 110}}, ""draftkings"": {""0.5"": {""over"": -162, ""under"": 122}}, ""fanduel"": {""0.5"": {""over"": -170}}}",0.5,over,novig,-147.0,0.5951417004048583,True,-0.0754,1.5,,,,,False,
682626,Francisco Alvarez,NYM,MIA,1,9.0,1.0,691587.0,Eury Pérez,R,823595,7:10 PM ET,Citi Field,1,1,0.2422145328719723,2026-07-30,823595,,0,96.9,97.2,97.5,R,4,4,1,1,0,0,0,0,0,2,2,2,0,2,0,1,1,0.532,0.848,1,0,1,1,1,1,0.30612244897959184,0.43333333333333335,0.673469387755102,0.26666666666666666,0.4,0.1836734693877551,0.05,0.0,0.061224489795918366,1.6,1.0666666666666667,0.42424242424242425,0.24242424242424243,0.45454545454545453,0.21212121212121213,0.0,0.3658666666666666,0.6119166666666666,0.35714285714285715,0.3,0.5136999999999998,0.9098000000000003,0.29411764705882354,0.6078431372549019,0.2857142857142857,0.2857142857142857,0.3877551020408163,0.2711864406779661,0.5674418604651162,0.13333333333333333,0.3155080213903743,0.1497326203208556,0.4016393442622951,0.2786885245901639,0.04918032786885246,5.534161490683229,1.5093167701863353,10.39751552795031,0.2938388625592417,0.2860491147850037,0.040541871352462296,0.2860491147850037,0.30612244897959184,"{""novig"": {""0.5"": {""over"": -113, ""under"": -104}}, ""bet365"": {""0.5"": {""over"": -110, ""under"": -120}}, ""betmgm"": {""0.5"": {""over"": -120, ""under"": -110}}, ""draftkings"": {""0.5"": {""over"": -122, ""under"": -109}}, ""fanduel"": {""0.5"": {""over"": -135}}}",0.5,over,bet365,-110.0,0.5238095238095238,True,-0.2378,1.5,,,,,False,
596019,Francisco Lindor,NYM,MIA,1,2.0,1.0,691587.0,Eury Pérez,R,823595,7:10 PM ET,Citi Field,0,1,0.2422145328719723,2026-07-30,823595,,0,96.9,97.2,97.5,L,3,2,0,0,0,0,1,0,0,0,0,2,0,1,2,0,0,0.3315,1.2930000000000001,0,0,0,0,0,0,0.32432432432432434,0.4318181818181818,0.7297297297297297,0.22727272727272727,0.375,0.35135135135135137,0.06818181818181818,0.045454545454545456,0.16216216216216217,1.6666666666666667,0.6666666666666666,0.48148148148148145,0.37037037037037035,0.2222222222222222,0.3333333333333333,0.0,0.3188757575757576,0.5796606060606061,0.36363636363636365,0.07692307692307693,0.29860000000000025,0.6505333333333337,0.21311475409836064,0.3442622950819672,0.19402985074626866,0.25,0.5535714285714286,0.12307692307692308,0.5674418604651162,0.13333333333333333,0.3155080213903743,0.1497326203208556,0.4016393442622951,0.2786885245901639,0.04918032786885246,5.534161490683229,1.5093167701863353,10.39751552795031,0.2938388625592417,0.42646810765956983,0.09440550559998862,0.42646810765956983,0.32432432432432434,"{""novig"": {""0.5"": {""over"": -160, ""under"": 138}}, ""bet365"": {""0.5"": {""over"": -175, ""under"": 132}}, ""betmgm"": {""0.5"": {""over"": -190, ""under"": 140}}, ""draftkings"": {""0.5"": {""over"": -170, ""under"": 127}}, ""fanduel"": {""0.5"": {""over"": -185}}}",0.5,over,novig,-160.0,0.6153846153846154,True,-0.1889,1.5,,,,,False,
593871,Jorge Polanco,NYM,MIA,1,8.0,1.0,691587.0,Eury Pérez,R,823595,7:10 PM ET,Citi Field,0,1,0.2422145328719723,2026-07-30,823595,,0,96.9,97.2,97.5,L,3,2,0,0,0,0,0,0,0,2,0,1,0,0,0,1,0,0.08,0.092,0,0,0,0,1,1,0.0975609756097561,0.13953488372093023,0.7073170731707317,0.27906976744186046,0.13793103448275862,0.024390243902439025,0.0,0.023255813953488372,0.024390243902439025,0.3333333333333333,0.8,0.20689655172413793,0.1724137931034483,0.4827586206896552,0.20689655172413793,0.0,0.20628846153846153,0.259326923076923,0.0,0.36363636363636365,0.08950000000000002,0.12387500000000055,0.12962962962962962,0.16666666666666666,0.26785714285714285,0.2982456140350877,0.6666666666666666,0.13333333333333333,0.5674418604651162,0.13333333333333333,0.3155080213903743,0.1497326203208556,0.4016393442622951,0.2786885245901639,0.04918032786885246,5.534161490683229,1.5093167701863353,10.39751552795031,0.2938388625592417,0.5146061890538838,0.07515693954589613,0.5146061890538838,0.0975609756097561,"{""novig"": {""0.5"": {""over"": -111, ""under"": -115}}, ""bet365"": {""0.5"": {""over"": -110, ""under"": -120}}, ""betmgm"": {""0.5"": {""over"": -120, ""under"": -110}}, ""draftkings"": {""0.5"": {""over"": -108, ""under"": -122}}, ""fanduel"": {""0.5"": {""over"": -125}}}",0.5,over,draftkings,-108.0,0.5192307692307693,True,-0.0046,1.5,,,,,False,
673357,Luis Robert Jr.,NYM,MIA,1,5.0,1.0,691587.0,Eury Pérez,R,823595,7:10 PM ET,Citi Field,1,1,0.2422145328719723,2026-07-30,823595,,0,96.9,97.2,97.5,R,4,4,0,0,0,0,0,0,0,2,0,2,0,0,1,1,0,0.158,0.2005,0,0,0,0,1,1,0.15384615384615385,0.21428571428571427,0.7692307692307693,0.21428571428571427,0.15789473684210525,0.17307692307692307,0.03571428571428571,0.05357142857142857,0.09615384615384616,1.1333333333333333,0.8,0.4,0.225,0.375,0.225,0.025,0.2785128205128205,0.4298653846153846,0.16666666666666666,0.3333333333333333,0.17177777777777772,0.30966666666666726,0.22413793103448276,0.3793103448275862,0.1774193548387097,0.10204081632653061,0.16326530612244897,0.25,0.5674418604651162,0.13333333333333333,0.3155080213903743,0.1497326203208556,0.4016393442622951,0.2786885245901639,0.04918032786885246,5.534161490683229,1.5093167701863353,10.39751552795031,0.2938388625592417,0.5498217473742448,0.17093652362463943,0.5498217473742448,0.15384615384615385,"{""novig"": {""0.5"": {""over"": -141, ""under"": 113}}, ""bet365"": {""0.5"": {""over"": -160, ""under"": 120}}, ""betmgm"": {""0.5"": {""over"": -155, ""under"": 115}}, ""draftkings"": {""0.5"": {""over"": -143, ""under"": 108}}, ""fanduel"": {""0.5"": {""over"": -150}}}",0.5,over,novig,-141.0,0.5850622406639004,True,-0.0352,1.5,,,,,False,
543760,Marcus Semien,NYM,MIA,1,7.0,1.0,691587.0,Eury Pérez,R,823595,7:10 PM ET,Citi Field,1,1,0.2422145328719723,2026-07-30,823595,,0,96.9,97.2,97.5,R,2,2,0,0,0,0,0,0,0,1,0,1,0,0,0,0,1,0.443,0.534,0,0,0,0,1,0,0.2,0.2542372881355932,0.7454545454545455,0.23728813559322035,0.21052631578947367,0.2,0.05084745762711865,0.0,0.07272727272727272,1.4666666666666666,0.9333333333333333,0.3902439024390244,0.21951219512195122,0.36585365853658536,0.34146341463414637,0.0,0.25756666666666667,0.43143333333333334,0.3333333333333333,0.11764705882352941,0.2901166666666667,0.591816666666667,0.14285714285714285,0.2857142857142857,0.35,0.16981132075471697,0.2830188679245283,0.1746031746031746,0.5674418604651162,0.13333333333333333,0.3155080213903743,0.1497326203208556,0.4016393442622951,0.2786885245901639,0.04918032786885246,5.534161490683229,1.5093167701863353,10.39751552795031,0.2938388625592417,0.4903293063661047,0.16079523641375792,0.4903293063661047,0.2,"{""novig"": {""0.5"": {""over"": -122, ""under"": -104}}, ""bet365"": {""0.5"": {""over"": -135, ""under"": 100}}, ""betmgm"": {""0.5"": {""over"": -130, ""under"": -105}}, ""draftkings"": {""0.5"": {""over"": -125, ""under"": -106}}, ""fanduel"": {""0.5"": {""over"": -145}}}",0.5,over,novig,-122.0,0.5495495495495496,True,-0.0592,1.5,,,,,False,
688363,Graham Pauley,MIA,NYM,0,8.0,1.0,690997.0,Nolan McLean,R,823595,7:10 PM ET,Citi Field,0,1,0.23731884057971014,2026-07-30,823595,,0,96.9,97.2,97.5,L,2,2,0,0,0,0,0,0,0,1,0,1,0,1,0,0,1,0.714,0.822,0,0,0,0,1,0,0.13157894736842105,0.175,0.7894736842105263,0.2,0.13793103448275862,0.13157894736842105,0.025,0.05,0.07894736842105263,0.6666666666666666,0.5333333333333333,0.26666666666666666,0.2,0.23333333333333334,0.36666666666666664,0.03333333333333333,0.206,0.3047,0.21428571428571427,0.21428571428571427,0.31846666666666673,0.4756666666666667,0.13157894736842105,0.2631578947368421,0.2,0.2727272727272727,0.7272727272727273,0.21428571428571427,0.5805084745762712,0.1836734693877551,0.32,0.12,0.5255474452554745,0.21897810218978103,0.014598540145985401,7.553571428571429,1.125,9.803571428571427,0.24696356275303644,0.4771018725413789,0.14412436180096014,0.4771018725413789,0.13157894736842105,"{""novig"": {""0.5"": {""over"": 130, ""under"": -163}}, ""bet365"": {""0.5"": {""over"": 130, ""under"": -170}}, ""draftkings"": {""0.5"": {""over"": 121, ""under"": -161}}, ""fanduel"": {""0.5"": {""over"": -100}}}",0.5,over,novig,130.0,0.43478260869565216,True,0.0423,1.5,,,,,False,
665052,Griffin Conine,MIA,NYM,0,6.0,1.0,690997.0,Nolan McLean,R,823595,7:10 PM ET,Citi Field,0,1,0.23731884057971014,2026-07-30,823595,,0,96.9,97.2,97.5,L,1,1,1,0,0,1,0,0,0,0,4,1,0,1,1,0,0,0.869,3.428,1,0,1,1,0,0,0.32558139534883723,0.3695652173913043,0.7441860465116279,0.2391304347826087,0.3333333333333333,0.3953488372093023,0.10869565217391304,0.043478260869565216,0.16279069767441862,2.066666666666667,0.7333333333333333,0.59375,0.21875,0.40625,0.3125,0.03125,0.4156888888888889,0.9516166666666667,0.2857142857142857,0.1875,0.2563000000000001,0.3347333333333333,0.34146341463414637,0.7560975609756098,0.24444444444444444,0.3181818181818182,0.5227272727272727,0.22448979591836735,0.5805084745762712,0.1836734693877551,0.32,0.12,0.5255474452554745,0.21897810218978103,0.014598540145985401,7.553571428571429,1.125,9.803571428571427,0.24696356275303644,0.5629419102871598,0.18046927052133344,0.5629419102871598,0.32558139534883723,"{""novig"": {""0.5"": {""over"": -122, ""under"": -100}}, ""bet365"": {""0.5"": {""over"": -140, ""under"": 105}}, ""betmgm"": {""0.5"": {""over"": -120, ""under"": -110}}, ""draftkings"": {""0.5"": {""over"": -132, ""under"": -101}}, ""fanduel"": {""0.5"": {""over"": -135}}}",0.5,over,betmgm,-120.0,0.5454545454545454,True,0.0175,1.5,,,,,False,
681715,Heriberto Hernández,MIA,NYM,0,5.0,1.0,690997.0,Nolan McLean,R,823595,7:10 PM ET,Citi Field,1,1,0.23731884057971014,2026-07-30,823595,,0,96.9,97.2,97.5,R,4,4,1,0,0,1,0,0,0,0,4,4,0,1,1,2,0,0.229,0.76275,1,0,1,1,0,0,0.25,0.2857142857142857,0.6,0.38095238095238093,0.36363636363636365,0.23333333333333334,0.047619047619047616,0.07936507936507936,0.13333333333333333,1.9333333333333333,1.6,0.5277777777777778,0.19444444444444445,0.4166666666666667,0.3333333333333333,0.05555555555555555,0.3590777777777777,0.7048,0.19047619047619047,0.47619047619047616,0.37,0.6721333333333336,0.2711864406779661,0.576271186440678,0.3064516129032258,0.24444444444444444,0.6,0.25,0.5805084745762712,0.1836734693877551,0.32,0.12,0.5255474452554745,0.21897810218978103,0.014598540145985401,7.553571428571429,1.125,9.803571428571427,0.24696356275303644,0.5945117182489364,0.20258703957074528,0.5945117182489364,0.25,"{""novig"": {""0.5"": {""over"": -160, ""under"": 125}}, ""bet365"": {""0.5"": {""over"": -150, ""under"": 110}}, ""betmgm"": {""0.5"": {""over"": -175, ""under"": 130}}, ""draftkings"": {""0.5"": {""over"": -157, ""under"": 118}}, ""fanduel"": {""0.5"": {""over"": -170}}}",0.5,over,bet365,-150.0,0.6,True,-0.0055,1.5,,,,,False,
805300,Jakob Marsee,MIA,NYM,0,7.0,1.0,690997.0,Nolan McLean,R,823595,7:10 PM ET,Citi Field,0,1,0.23731884057971014,2026-07-30,823595,,0,96.9,97.2,97.5,L,4,2,0,0,0,0,1,0,0,1,0,2,0,0,1,1,0,0.037,0.079,0,0,0,0,1,0,0.23809523809523808,0.3469387755102041,0.8095238095238095,0.16,0.29411764705882354,0.023809523809523808,0.0,0.02,0.023809523809523808,0.7333333333333333,0.5333333333333333,0.2571428571428571,0.14285714285714285,0.5142857142857142,0.22857142857142856,0.0,0.24641666666666667,0.31512222222222225,0.36363636363636365,0.14285714285714285,0.28,0.3571000000000001,0.14285714285714285,0.20408163265306123,0.1724137931034483,0.24,0.36,0.2542372881355932,0.5805084745762712,0.1836734693877551,0.32,0.12,0.5255474452554745,0.21897810218978103,0.014598540145985401,7.553571428571429,1.125,9.803571428571427,0.24696356275303644,0.49789792897456103,0.15554213527279234,0.49789792897456103,0.23809523809523808,"{""novig"": {""0.5"": {""over"": -125, ""under"": -100}}, ""bet365"": {""0.5"": {""over"": -120, ""under"": -110}}, ""betmgm"": {""0.5"": {""over"": -135, ""under"": 100}}, ""draftkings"": {""0.5"": {""over"": -126, ""under"": -105}}, ""fanduel"": {""0.5"": {""over"": -120}}}",0.5,over,fanduel,-120.0,0.5454545454545454,True,-0.0476,1.5,,,,,False,
691788,Joe Mack,MIA,NYM,0,9.0,1.0,690997.0,Nolan McLean,R,823595,7:10 PM ET,Citi Field,0,1,0.23731884057971014,2026-07-30,823595,,0,96.9,97.2,97.5,L,3,2,1,0,0,0,1,0,0,0,1,2,0,2,0,1,1,0.503,0.6515,1,0,1,0,0,0,0.1875,0.22,0.6666666666666666,0.3018867924528302,0.17857142857142858,0.2708333333333333,0.07547169811320754,0.018867924528301886,0.10416666666666667,1.4666666666666666,1.0666666666666667,0.4411764705882353,0.17647058823529413,0.5588235294117647,0.2647058823529412,0.029411764705882353,0.39222023809523815,0.9349583333333333,0.15789473684210525,0.3333333333333333,0.40155,1.2345166666666667,0.22727272727272727,0.6590909090909091,0.2916666666666667,0.21212121212121213,0.3333333333333333,0.2702702702702703,0.5805084745762712,0.1836734693877551,0.32,0.12,0.5255474452554745,0.21897810218978103,0.014598540145985401,7.553571428571429,1.125,9.803571428571427,0.24696356275303644,0.32347684634403223,0.06081222937702222,0.32347684634403223,0.1875,"{""novig"": {""0.5"": {""over"": -108, ""under"": -115}}, ""bet365"": {""0.5"": {""over"": -105, ""under"": -130}}, ""betmgm"": {""0.5"": {""over"": -110, ""under"": -120}}, ""draftkings"": {""0.5"": {""over"": -115, ""under"": -116}}, ""fanduel"": {""0.5"": {""over"": -125}}}",0.5,over,bet365,-105.0,0.5121951219512195,True,-0.1887,1.5,,,,,False,
669065,Kyle Stowers,MIA,NYM,0,4.0,1.0,690997.0,Nolan McLean,R,823595,7:10 PM ET,Citi Field,0,1,0.23731884057971014,2026-07-30,823595,,0,96.9,97.2,97.5,L,4,3,0,0,0,0,1,0,0,2,0,1,0,1,1,0,0,0.029,0.094,0,0,0,0,1,1,0.19298245614035087,0.2698412698412698,0.5964912280701754,0.36507936507936506,0.28125,0.15789473684210525,0.031746031746031744,0.047619047619047616,0.08771929824561403,1.3333333333333333,1.5333333333333334,0.5294117647058824,0.14705882352941177,0.35294117647058826,0.4411764705882353,0.029411764705882353,0.29571428571428576,0.5563630952380952,0.3157894736842105,0.3181818181818182,0.34496666666666675,0.8217999999999996,0.2833333333333333,0.5833333333333334,0.36363636363636365,0.14,0.2,0.29310344827586204,0.5805084745762712,0.1836734693877551,0.32,0.12,0.5255474452554745,0.21897810218978103,0.014598540145985401,7.553571428571429,1.125,9.803571428571427,0.24696356275303644,0.511018091887476,0.1903628892480654,0.511018091887476,0.19298245614035087,"{""novig"": {""0.5"": {""over"": -135, ""under"": 113}}, ""bet365"": {""0.5"": {""over"": -160, ""under"": 120}}, ""betmgm"": {""0.5"": {""over"": -150, ""under"": 110}}, ""draftkings"": {""0.5"": {""over"": -148, ""under"": 112}}, ""fanduel"": {""0.5"": {""over"": -160}}}",0.5,over,novig,-135.0,0.574468085106383,True,-0.0634,1.5,,,,,False,
689414,Liam Hicks,MIA,NYM,0,1.0,1.0,690997.0,Nolan McLean,R,823595,7:10 PM ET,Citi Field,0,1,0.23731884057971014,2026-07-30,823595,,0,96.9,97.2,97.5,L,4,3,0,0,0,0,1,0,0,0,0,3,0,0,1,2,0,0.034999999999999996,0.043666666666666666,0,0,0,0,0,0,0.25,0.35,0.8461538461538461,0.13333333333333333,0.27906976744186046,0.07692307692307693,0.016666666666666666,0.016666666666666666,0.038461538461538464,1.1333333333333333,0.5333333333333333,0.3181818181818182,0.20454545454545456,0.45454545454545453,0.20454545454545456,0.022727272727272728,0.27414555555555553,0.3753,0.2222222222222222,0.14285714285714285,0.27165,0.31429999999999986,0.3064516129032258,0.3870967741935484,0.11940298507462686,0.18181818181818182,0.2909090909090909,0.13114754098360656,0.5805084745762712,0.1836734693877551,0.32,0.12,0.5255474452554745,0.21897810218978103,0.014598540145985401,7.553571428571429,1.125,9.803571428571427,0.24696356275303644,0.6137437884380674,0.24998139300347325,0.6137437884380674,0.25,"{""novig"": {""0.5"": {""over"": -194, ""under"": 163}}, ""bet365"": {""0.5"": {""over"": -200, ""under"": 150}}, ""betmgm"": {""0.5"": {""over"": -200, ""under"": 150}}, ""draftkings"": {""0.5"": {""over"": -191, ""under"": 142}}, ""fanduel"": {""0.5"": {""over"": -190}}}",0.5,over,fanduel,-190.0,0.6551724137931034,True,-0.0414,1.5,,,,,False,
672640,Otto Lopez,MIA,NYM,0,3.0,1.0,690997.0,Nolan McLean,R,823595,7:10 PM ET,Citi Field,1,1,0.23731884057971014,2026-07-30,823595,,0,96.9,97.2,97.5,R,5,5,2,0,0,0,0,0,0,0,2,5,0,2,0,3,2,0.564,0.6157999999999999,1,1,1,1,0,0,0.22033898305084745,0.2835820895522388,0.8135593220338984,0.16417910447761194,0.26,0.1016949152542373,0.0,0.029850746268656716,0.06779661016949153,1.2666666666666666,0.7333333333333333,0.32,0.22,0.56,0.14,0.02,0.24472888888888888,0.29807555555555554,0.25,0.09090909090909091,0.24719000000000002,0.29209,0.32786885245901637,0.5409836065573771,0.11764705882352941,0.4,0.5833333333333334,0.125,0.5805084745762712,0.1836734693877551,0.32,0.12,0.5255474452554745,0.21897810218978103,0.014598540145985401,7.553571428571429,1.125,9.803571428571427,0.24696356275303644,0.6202076503601918,0.22738834616849127,0.6202076503601918,0.22033898305084745,"{""novig"": {""0.5"": {""over"": -203, ""under"": 190}}, ""bet365"": {""0.5"": {""over"": -260, ""under"": 190}}, ""betmgm"": {""0.5"": {""over"": -275, ""under"": 195}}, ""draftkings"": {""0.5"": {""over"": -235, ""under"": 174}}, ""fanduel"": {""0.5"": {""over"": -240}}}",0.5,over,novig,-203.0,0.66996699669967,True,-0.0498,1.5,,,,,False,
669364,Xavier Edwards,MIA,NYM,0,2.0,1.0,690997.0,Nolan McLean,R,823595,7:10 PM ET,Citi Field,0,1,0.23731884057971014,2026-07-30,823595,,0,96.9,97.2,97.5,L,1,1,1,0,0,0,0,0,0,0,1,1,0,0,0,0,1,0.86,1.003,1,0,1,0,0,0,0.21212121212121213,0.2972972972972973,0.6666666666666666,0.2972972972972973,0.3181818181818182,0.030303030303030304,0.0,0.02702702702702703,0.030303030303030304,0.5333333333333333,0.7333333333333333,0.2727272727272727,0.2727272727272727,0.45454545454545453,0.22727272727272727,0.0,0.3579166666666667,0.44740476190476197,0.36363636363636365,0.15384615384615385,0.46706666666666663,0.5795333333333332,0.27586206896551724,0.3275862068965517,0.18571428571428572,0.2222222222222222,0.35185185185185186,0.17857142857142858,0.5805084745762712,0.1836734693877551,0.32,0.12,0.5255474452554745,0.21897810218978103,0.014598540145985401,7.553571428571429,1.125,9.803571428571427,0.24696356275303644,0.5180977684813811,0.18762351197507632,0.5180977684813811,0.21212121212121213,"{""novig"": {""0.5"": {""over"": -194, ""under"": 156}}, ""bet365"": {""0.5"": {""over"": -200, ""under"": 150}}, ""betmgm"": {""0.5"": {""over"": -235, ""under"": 175}}, ""draftkings"": {""0.5"": {""over"": -196, ""under"": 146}}, ""fanduel"": {""0.5"": {""over"": -200}}}",0.5,over,novig,-194.0,0.6598639455782312,True,-0.1418,1.5,,,,,False,
642086,Dominic Smith,ATL,WSH,1,7.0,1.0,663623.0,Jake Irvin,R,824894,7:15 PM ET,Truist Park,0,1,0.21843003412969283,2026-07-30,824894,,0,100.6,98.4,97.1,L,5,5,3,0,0,0,0,0,0,0,3,5,0,1,2,1,2,0.1848,0.277,1,1,1,1,0,0,0.16216216216216217,0.29545454545454547,0.7837837837837838,0.18181818181818182,0.17857142857142858,0.08108108108108109,0.022727272727272728,0.0,0.02702702702702703,0.6,0.5333333333333333,0.27586206896551724,0.1724137931034483,0.5862068965517241,0.1724137931034483,0.0,0.22126923076923077,0.3011858974358974,0.18181818181818182,0.16666666666666666,0.17020833333333338,0.27470833333333344,0.16216216216216217,0.24324324324324326,0.18181818181818182,0.28205128205128205,0.4358974358974359,0.18,0.6320754716981132,0.23163841807909605,0.42934782608695654,0.16847826086956522,0.40298507462686567,0.29850746268656714,0.04477611940298507,9.257142857142858,1.3499999999999999,9.835714285714287,0.24056603773584906,0.5364228601582086,0.14571733067580336,0.5364228601582086,0.16216216216216217,"{""novig"": {""0.5"": {""over"": -174, ""under"": 138}}, ""bet365"": {""0.5"": {""over"": -175, ""under"": 132}}, ""draftkings"": {""0.5"": {""over"": -186, ""under"": 139}}, ""fanduel"": {""0.5"": {""over"": -180}}}",0.5,over,novig,-174.0,0.635036496350365,True,-0.0986,1.5,,,,,False,
686948,Drake Baldwin,ATL,WSH,1,1.0,1.0,663623.0,Jake Irvin,R,824894,7:15 PM ET,Truist Park,0,1,0.21843003412969283,2026-07-30,824894,,0,100.6,98.4,97.1,L,4,4,2,1,0,0,0,0,0,0,3,4,1,2,1,2,1,0.4525,0.979,1,1,1,1,0,0,0.38596491228070173,0.5,0.8596491228070176,0.11428571428571428,0.38636363636363635,0.2631578947368421,0.07142857142857142,0.0,0.08771929824561403,2.466666666666667,0.5333333333333333,0.5510204081632653,0.30612244897959184,0.40816326530612246,0.24489795918367346,0.02040816326530612,0.36650777777777777,0.634491111111111,0.3,0.2608695652173913,0.35245000000000004,0.6368500000000001,0.41509433962264153,0.6415094339622641,0.08695652173913043,0.19047619047619047,0.38095238095238093,0.26865671641791045,0.6320754716981132,0.23163841807909605,0.42934782608695654,0.16847826086956522,0.40298507462686567,0.29850746268656714,0.04477611940298507,9.257142857142858,1.3499999999999999,9.835714285714287,0.24056603773584906,0.6580559646254983,0.2432554758928717,0.6580559646254983,0.38596491228070173,"{""novig"": {""1.5"": {""over"": 167}}, ""bet365"": {""1.5"": {""over"": 170, ""under"": -230}}, ""draftkings"": {""1.5"": {""over"": 177, ""under"": -239}}, ""fanduel"": {""0.5"": {""over"": -300}}}",0.5,over,fanduel,-300.0,0.75,True,-0.0919,1.5,over,draftkings,177.0,0.36101083032490977,True,-0.1178
805347,Jim Jarvis,ATL,WSH,1,9.0,1.0,663623.0,Jake Irvin,R,824894,7:15 PM ET,Truist Park,0,1,0.21843003412969283,2026-07-30,824894,,0,100.6,98.4,97.1,L,4,4,1,1,0,0,0,0,0,1,2,3,0,1,1,1,1,0.3953333333333333,0.4653333333333333,1,0,1,1,1,0,0.26666666666666666,0.3125,0.8444444444444444,0.13725490196078433,0.2972972972972973,0.2,0.0196078431372549,0.0784313725490196,0.13333333333333333,1.4,0.4666666666666667,0.43902439024390244,0.21951219512195122,0.5609756097560976,0.17073170731707318,0.04878048780487805,0.3039333333333333,0.419597619047619,0.0,0.13333333333333333,0.24136666666666667,0.28200000000000003,0.2708333333333333,0.4583333333333333,0.16666666666666666,0.25,0.25,0.1111111111111111,0.6320754716981132,0.23163841807909605,0.42934782608695654,0.16847826086956522,0.40298507462686567,0.29850746268656714,0.04477611940298507,9.257142857142858,1.3499999999999999,9.835714285714287,0.24056603773584906,0.39825726711736475,0.06816735001936661,0.39825726711736475,0.26666666666666666,"{""novig"": {""0.5"": {""over"": -160, ""under"": 125}}, ""bet365"": {""0.5"": {""over"": -180, ""under"": 135}}, ""betmgm"": {""0.5"": {""over"": -150, ""under"": 110}}, ""draftkings"": {""0.5"": {""over"": -170, ""under"": 128}}, ""fanduel"": {""0.5"": {""over"": -170}}}",0.5,over,betmgm,-150.0,0.6,True,-0.2017,1.5,,,,,False,
621566,Matt Olson,ATL,WSH,1,3.0,1.0,663623.0,Jake Irvin,R,824894,7:15 PM ET,Truist Park,0,1,0.21843003412969283,2026-07-30,824894,,0,100.6,98.4,97.1,L,4,4,1,0,0,1,0,0,0,2,4,2,0,2,1,1,0,0.419,1.4515,1,0,1,1,1,1,0.22807017543859648,0.36231884057971014,0.6491228070175439,0.2898550724637681,0.29411764705882354,0.19298245614035087,0.043478260869565216,0.028985507246376812,0.08771929824561403,1.6,1.3333333333333333,0.40540540540540543,0.10810810810810811,0.4594594594594595,0.2972972972972973,0.05405405405405406,0.3411666666666667,0.7019055555555556,0.15,0.34782608695652173,0.3432666666666668,0.7465999999999997,0.27586206896551724,0.6551724137931034,0.23943661971830985,0.23728813559322035,0.3220338983050847,0.328125,0.6320754716981132,0.23163841807909605,0.42934782608695654,0.16847826086956522,0.40298507462686567,0.29850746268656714,0.04477611940298507,9.257142857142858,1.3499999999999999,9.835714285714287,0.24056603773584906,0.5747522003330415,0.19240753909437627,0.5747522003330415,0.22807017543859648,"{""novig"": {""1.5"": {""over"": 212}}, ""bet365"": {""0.5"": {""over"": -245, ""under"": 182}}, ""betmgm"": {""0.5"": {""over"": -250, ""under"": 180}}, ""draftkings"": {""0.5"": {""over"": -243, ""under"": 179}}, ""fanduel"": {""0.5"": {""over"": -250}}}",0.5,over,draftkings,-243.0,0.7084548104956269,True,-0.1337,1.5,over,novig,212.0,0.32051282051282054,True,-0.1281
643289,Mauricio Dubón,ATL,WSH,1,6.0,1.0,663623.0,Jake Irvin,R,824894,7:15 PM ET,Truist Park,1,1,0.21843003412969283,2026-07-30,824894,,0,100.6,98.4,97.1,R,4,4,1,0,0,0,0,0,0,0,1,4,0,1,1,2,1,0.301,0.358,1,0,1,0,0,0,0.1864406779661017,0.20967741935483872,0.864406779661017,0.12307692307692308,0.19607843137254902,0.0847457627118644,0.015384615384615385,0.03076923076923077,0.05084745762711865,1.0666666666666667,0.5333333333333333,0.2830188679245283,0.22641509433962265,0.39622641509433965,0.24528301886792453,0.0,0.2603655555555556,0.38830555555555557,0.16666666666666666,0.0,0.25781666666666664,0.32758333333333334,0.20967741935483872,0.25806451612903225,0.11764705882352941,0.25,0.48214285714285715,0.12903225806451613,0.6320754716981132,0.23163841807909605,0.42934782608695654,0.16847826086956522,0.40298507462686567,0.29850746268656714,0.04477611940298507,9.257142857142858,1.3499999999999999,9.835714285714287,0.24056603773584906,0.5715884331961569,0.21688583686389942,0.5715884331961569,0.1864406779661017,"{""novig"": {""0.5"": {""over"": -223, ""under"": 174}}, ""bet365"": {""0.5"": {""over"": -245, ""under"": 182}}, ""betmgm"": {""0.5"": {""over"": -210, ""under"": 155}}, ""draftkings"": {""0.5"": {""over"": -237, ""under"": 175}}, ""fanduel"": {""0.5"": {""over"": -240}}}",0.5,over,betmgm,-210.0,0.6774193548387096,True,-0.1058,1.5,,,,,False,
671739,Michael Harris II,ATL,WSH,1,4.0,1.0,663623.0,Jake Irvin,R,824894,7:15 PM ET,Truist Park,0,1,0.21843003412969283,2026-07-30,824894,,0,100.6,98.4,97.1,L,4,4,0,0,0,0,0,0,0,1,0,3,0,1,0,2,0,0.2273333333333333,0.24666666666666667,0,0,0,0,1,0,0.25396825396825395,0.2727272727272727,0.8571428571428571,0.13432835820895522,0.25,0.2222222222222222,0.04477611940298507,0.07462686567164178,0.12698412698412698,2.0,0.6,0.4727272727272727,0.18181818181818182,0.45454545454545453,0.2727272727272727,0.01818181818181818,0.30824666666666667,0.5156666666666667,0.25,0.14285714285714285,0.3288733333333333,0.4524499999999999,0.3,0.4857142857142857,0.1917808219178082,0.288135593220339,0.576271186440678,0.1935483870967742,0.6320754716981132,0.23163841807909605,0.42934782608695654,0.16847826086956522,0.40298507462686567,0.29850746268656714,0.04477611940298507,9.257142857142858,1.3499999999999999,9.835714285714287,0.24056603773584906,0.631943574328799,0.21982616919056955,0.631943574328799,0.25396825396825395,"{""novig"": {""1.5"": {""over"": 170, ""under"": -223}}, ""bet365"": {""1.5"": {""over"": 170, ""under"": -230}}, ""draftkings"": {""1.5"": {""over"": 158, ""under"": -212}}, ""fanduel"": {""0.5"": {""over"": -340}}}",0.5,over,fanduel,-340.0,0.7727272727272727,True,-0.1408,1.5,over,novig,170.0,0.37037037037037035,True,-0.1505
573262,Mike Yastrzemski,ATL,WSH,1,8.0,1.0,663623.0,Jake Irvin,R,824894,7:15 PM ET,Truist Park,0,1,0.21843003412969283,2026-07-30,824894,,0,100.6,98.4,97.1,L,2,2,0,0,0,0,0,0,0,2,0,0,0,0,0,0,0,0.151,0.174,0,0,0,0,1,1,0.24324324324324326,0.3333333333333333,0.7027027027027027,0.2619047619047619,0.2916666666666667,0.21621621621621623,0.047619047619047616,0.047619047619047616,0.10810810810810811,1.1333333333333333,0.7333333333333333,0.38461538461538464,0.19230769230769232,0.2692307692307692,0.38461538461538464,0.038461538461538464,0.28191666666666665,0.5675952380952382,0.2222222222222222,0.4,0.22812499999999988,0.27975,0.24324324324324326,0.4594594594594595,0.2619047619047619,0.16666666666666666,0.3333333333333333,0.27450980392156865,0.6320754716981132,0.23163841807909605,0.42934782608695654,0.16847826086956522,0.40298507462686567,0.29850746268656714,0.04477611940298507,9.257142857142858,1.3499999999999999,9.835714285714287,0.24056603773584906,0.50499230695966,0.1579496441491873,0.50499230695966,0.24324324324324326,"{""novig"": {""0.5"": {""over"": -125, ""under"": -100}}, ""bet365"": {""0.5"": {""over"": -110, ""under"": -120}}, ""draftkings"": {""0.5"": {""over"": -126, ""under"": -105}}, ""fanduel"": {""0.5"": {""over"": -150}}}",0.5,over,bet365,-110.0,0.5238095238095238,True,-0.0188,1.5,,,,,False,
645277,Ozzie Albies,ATL,WSH,1,5.0,1.0,663623.0,Jake Irvin,R,824894,7:15 PM ET,Truist Park,0,1,0.21843003412969283,2026-07-30,824894,,0,100.6,98.4,97.1,L,4,3,1,0,0,0,1,0,0,1,1,2,0,1,0,0,1,0.2685,0.3005,1,0,1,0,1,0,0.225,0.24390243902439024,0.725,0.2682926829268293,0.2,0.3,0.0975609756097561,0.0,0.1,1.4,0.7333333333333333,0.3793103448275862,0.20689655172413793,0.20689655172413793,0.5172413793103449,0.034482758620689655,0.24843589743589745,0.4497820512820513,0.2222222222222222,0.0,0.2048666666666666,0.44013333333333327,0.21212121212121213,0.4393939393939394,0.29577464788732394,0.288135593220339,0.576271186440678,0.15151515151515152,0.6320754716981132,0.23163841807909605,0.42934782608695654,0.16847826086956522,0.40298507462686567,0.29850746268656714,0.04477611940298507,9.257142857142858,1.3499999999999999,9.835714285714287,0.24056603773584906,0.49767188414512725,0.1398435819120228,0.49767188414512725,0.225,"{""novig"": {""0.5"": {""over"": -228, ""under"": 174}}, ""bet365"": {""0.5"": {""over"": -225, ""under"": 165}}, ""betmgm"": {""0.5"": {""over"": -225, ""under"": 165}}, ""draftkings"": {""0.5"": {""over"": -238, ""under"": 176}}, ""fanduel"": {""0.5"": {""over"": -240}}}",0.5,over,bet365,-225.0,0.6923076923076923,True,-0.1946,1.5,,,,,False,
660670,Ronald Acuña Jr.,ATL,WSH,1,2.0,1.0,663623.0,Jake Irvin,R,824894,7:15 PM ET,Truist Park,1,1,0.21843003412969283,2026-07-30,824894,,0,100.6,98.4,97.1,R,4,4,0,0,0,0,0,0,0,1,0,3,0,1,1,0,1,0.18733333333333335,0.24933333333333332,0,0,0,0,1,0,0.2641509433962264,0.4,0.6792452830188679,0.26153846153846155,0.2903225806451613,0.3018867924528302,0.07692307692307693,0.015384615384615385,0.11320754716981132,2.0,1.1333333333333333,0.4166666666666667,0.2222222222222222,0.3888888888888889,0.3055555555555556,0.08333333333333333,0.34706111111111115,0.7732555555555556,0.17647058823529413,0.3684210526315789,0.29880000000000007,0.4337999999999999,0.2962962962962963,0.5185185185185185,0.23076923076923078,0.23214285714285715,0.4107142857142857,0.3181818181818182,0.6320754716981132,0.23163841807909605,0.42934782608695654,0.16847826086956522,0.40298507462686567,0.29850746268656714,0.04477611940298507,9.257142857142858,1.3499999999999999,9.835714285714287,0.24056603773584906,0.594345398501511,0.21695233118484578,0.594345398501511,0.2641509433962264,"{""novig"": {""1.5"": {""over"": 233, ""under"": -285}}, ""betmgm"": {""0.5"": {""over"": -275, ""under"": 195}}, ""bet365"": {""1.5"": {""over"": 190, ""under"": -260}}, ""draftkings"": {""1.5"": {""over"": 188, ""under"": -255}}, ""fanduel"": {""0.5"": {""over"": -240}}}",0.5,over,fanduel,-240.0,0.7058823529411765,True,-0.1115,1.5,over,novig,233.0,0.3003003003003003,True,-0.0833
682928,CJ Abrams,WSH,ATL,0,4.0,1.0,656550.0,Grant Holmes,R,824894,7:15 PM ET,Truist Park,0,1,0.20133111480865223,2026-07-30,824894,,0,100.6,98.4,97.1,L,4,3,0,0,0,0,1,0,0,1,0,2,0,0,0,2,0,0.313,0.34550000000000003,0,0,0,0,1,0,0.39344262295081966,0.43283582089552236,0.7540983606557377,0.22388059701492538,0.41025641025641024,0.47540983606557374,0.11940298507462686,0.07462686567164178,0.21311475409836064,3.533333333333333,1.0,0.48936170212765956,0.2127659574468085,0.2978723404255319,0.40425531914893614,0.10638297872340426,0.40743690476190475,0.8501845238095237,0.45,0.22727272727272727,0.3325208333333333,0.6816250000000001,0.26666666666666666,0.5333333333333333,0.2537313432835821,0.2962962962962963,0.6111111111111112,0.24615384615384617,0.6884422110552764,0.22289156626506024,0.4367816091954023,0.1781609195402299,0.39416058394160586,0.2846715328467153,0.0364963503649635,8.2,1.8,8.4,0.21428571428571427,0.6056170019052781,0.20859286979103894,0.6056170019052781,0.39344262295081966,"{""novig"": {""0.5"": {""over"": -264, ""under"": 182}}, ""bet365"": {""0.5"": {""over"": -240, ""under"": 180}}, ""draftkings"": {""0.5"": {""over"": -242, ""under"": 179}}, ""fanduel"": {""0.5"": {""over"": -240}}}",0.5,over,fanduel,-240.0,0.7058823529411765,True,-0.1003,1.5,,,,,False,
695734,Daylen Lile,WSH,ATL,0,5.0,1.0,656550.0,Grant Holmes,R,824894,7:15 PM ET,Truist Park,0,1,0.20133111480865223,2026-07-30,824894,,0,100.6,98.4,97.1,L,4,4,1,0,0,0,0,0,0,1,1,3,0,0,1,2,0,0.457,0.5093333333333333,1,0,1,0,1,0,0.21153846153846154,0.26785714285714285,0.7307692307692307,0.25,0.2702702702702703,0.17307692307692307,0.017857142857142856,0.03571428571428571,0.09615384615384616,1.3333333333333333,0.9333333333333333,0.42105263157894735,0.3157894736842105,0.2894736842105263,0.39473684210526316,0.05263157894736842,0.3293071428571429,0.5718666666666666,0.26666666666666666,0.25,0.2925,0.4277666666666667,0.2,0.28,0.25925925925925924,0.288135593220339,0.423728813559322,0.1875,0.6884422110552764,0.22289156626506024,0.4367816091954023,0.1781609195402299,0.39416058394160586,0.2846715328467153,0.0364963503649635,8.2,1.8,8.4,0.21428571428571427,0.5747522003330415,0.1943883033477248,0.5747522003330415,0.21153846153846154,"{""novig"": {""0.5"": {""over"": -223, ""under"": 174}}, ""bet365"": {""0.5"": {""over"": -260, ""under"": 190}}, ""betmgm"": {""0.5"": {""over"": -250, ""under"": 180}}, ""draftkings"": {""0.5"": {""over"": -222, ""under"": 165}}, ""fanduel"": {""0.5"": {""over"": -250}}}",0.5,over,draftkings,-222.0,0.6894409937888198,True,-0.1147,1.5,,,,,False,
686611,Dylan Crews,WSH,ATL,0,3.0,1.0,656550.0,Grant Holmes,R,824894,7:15 PM ET,Truist Park,1,1,0.20133111480865223,2026-07-30,824894,,0,100.6,98.4,97.1,R,5,4,1,0,0,1,1,0,0,2,4,2,1,2,2,0,0,0.397,1.4095000000000002,1,0,1,1,1,1,0.21568627450980393,0.36507936507936506,0.6862745098039216,0.25396825396825395,0.2727272727272727,0.17647058823529413,0.031746031746031744,0.047619047619047616,0.09803921568627451,1.3333333333333333,1.0666666666666667,0.42857142857142855,0.14285714285714285,0.34285714285714286,0.45714285714285713,0.02857142857142857,0.25663589743589743,0.5212320512820512,0.47058823529411764,0.22727272727272727,0.35323333333333334,0.710525,0.19298245614035087,0.24561403508771928,0.26153846153846155,0.30612244897959184,0.5918367346938775,0.26666666666666666,0.6884422110552764,0.22289156626506024,0.4367816091954023,0.1781609195402299,0.39416058394160586,0.2846715328467153,0.0364963503649635,8.2,1.8,8.4,0.21428571428571427,0.5691662704785635,0.21383112014061814,0.5691662704785635,0.21568627450980393,"{""novig"": {""1.5"": {""over"": 217}}, ""bet365"": {""0.5"": {""over"": -240, ""under"": 180}}, ""betmgm"": {""0.5"": {""over"": -210, ""under"": 155}}, ""draftkings"": {""0.5"": {""over"": -207, ""under"": 154}}, ""fanduel"": {""0.5"": {""over"": -230}}}",0.5,over,draftkings,-207.0,0.6742671009771987,True,-0.1051,1.5,over,novig,217.0,0.31545741324921134,True,-0.1016
695578,James Wood,WSH,ATL,0,1.0,1.0,656550.0,Grant Holmes,R,824894,7:15 PM ET,Truist Park,0,1,0.20133111480865223,2026-07-30,824894,,0,100.6,98.4,97.1,L,5,4,2,1,0,0,1,0,0,0,3,4,0,2,0,1,3,0.56075,0.7032499999999999,1,1,1,1,0,0,0.26229508196721313,0.3698630136986301,0.639344262295082,0.3013698630136986,0.3142857142857143,0.29508196721311475,0.0684931506849315,0.0410958904109589,0.13114754098360656,2.2666666666666666,1.4666666666666666,0.5,0.15,0.575,0.275,0.05,0.41131,0.825861111111111,0.25,0.2916666666666667,0.3515666666666667,0.7368666666666664,0.2692307692307692,0.6538461538461539,0.20833333333333334,0.23529411764705882,0.47058823529411764,0.3424657534246575,0.6884422110552764,0.22289156626506024,0.4367816091954023,0.1781609195402299,0.39416058394160586,0.2846715328467153,0.0364963503649635,8.2,1.8,8.4,0.21428571428571427,0.6251236097380339,0.2389577426413915,0.6251236097380339,0.26229508196721313,"{""novig"": {""1.5"": {""over"": 212, ""under"": -300}}, ""bet365"": {""0.5"": {""over"": -230, ""under"": 170}}, ""draftkings"": {""0.5"": {""over"": -223, ""under"": 166}}, ""fanduel"": {""0.5"": {""over"": -250}}}",0.5,over,draftkings,-223.0,0.6904024767801857,True,-0.0653,1.5,over,novig,212.0,0.32051282051282054,True,-0.0816
678391,Jorbit Vivas,WSH,ATL,0,8.0,1.0,656550.0,Grant Holmes,R,824894,7:15 PM ET,Truist Park,0,1,0.20133111480865223,2026-07-30,824894,,0,100.6,98.4,97.1,L,4,4,1,0,0,0,0,0,0,1,1,3,0,0,1,1,1,0.39766666666666667,0.44100000000000006,1,0,1,0,1,0,0.15789473684210525,0.2765957446808511,0.7368421052631579,0.20408163265306123,0.2,0.07894736842105263,0.0,0.02040816326530612,0.05263157894736842,0.6,0.6666666666666666,0.23333333333333334,0.26666666666666666,0.4,0.26666666666666666,0.0,0.2653787878787879,0.3516363636363637,0.25,0.4166666666666667,0.468,0.56625,0.21951219512195122,0.2926829268292683,0.17647058823529413,0.18518518518518517,0.2962962962962963,0.1,0.6884422110552764,0.22289156626506024,0.4367816091954023,0.1781609195402299,0.39416058394160586,0.2846715328467153,0.0364963503649635,8.2,1.8,8.4,0.21428571428571427,0.5197372481501787,0.17460932456223052,0.5197372481501787,0.15789473684210525,"{""novig"": {""0.5"": {""over"": -141, ""under"": 113}}, ""bet365"": {""0.5"": {""over"": -140, ""under"": 105}}, ""betmgm"": {""0.5"": {""over"": -150, ""under"": 110}}, ""draftkings"": {""0.5"": {""over"": -148, ""under"": 112}}, ""fanduel"": {""0.5"": {""over"": -155}}}",0.5,over,bet365,-140.0,0.5833333333333334,True,-0.0636,1.5,,,,,False,
677588,José Tena,WSH,ATL,0,7.0,1.0,656550.0,Grant Holmes,R,824894,7:15 PM ET,Truist Park,0,1,0.20133111480865223,2026-07-30,824894,,0,100.6,98.4,97.1,L,1,0,0,0,0,0,1,0,0,0,0,0,0,0,0,0,0,0.299,0.3,0,0,0,0,0,0,0.34285714285714286,0.425,0.8,0.175,0.38461538461538464,0.2,0.05,0.025,0.08571428571428572,1.2666666666666666,0.4666666666666667,0.5,0.25,0.5714285714285714,0.14285714285714285,0.0,0.3540547619047619,0.5456166666666666,0.2727272727272727,0.36363636363636365,0.21100000000000002,0.23270000000000007,0.3142857142857143,0.5142857142857142,0.2,0.19607843137254902,0.21568627450980393,0.3148148148148148,0.6884422110552764,0.22289156626506024,0.4367816091954023,0.1781609195402299,0.39416058394160586,0.2846715328467153,0.0364963503649635,8.2,1.8,8.4,0.21428571428571427,0.5786358649961205,0.2150674909464508,0.5786358649961205,0.34285714285714286,"{""novig"": {""0.5"": {""over"": -150, ""under"": 117}}, ""bet365"": {""0.5"": {""over"": -150, ""under"": 110}}, ""draftkings"": {""0.5"": {""over"": -168, ""under"": 126}}, ""fanduel"": {""0.5"": {""over"": -220}}}",0.5,over,novig,-150.0,0.6,True,-0.0214,1.5,,,,,False,
660688,Keibert Ruiz,WSH,ATL,0,6.0,1.0,656550.0,Grant Holmes,R,824894,7:15 PM ET,Truist Park,1,1,0.20133111480865223,2026-07-30,824894,,0,100.6,98.4,97.1,R,1,1,0,0,0,0,0,0,0,0,0,1,0,0,0,1,0,0.132,0.147,0,0,0,0,0,0,0.18421052631578946,0.21951219512195122,0.9210526315789473,0.07317073170731707,0.17142857142857143,0.15789473684210525,0.024390243902439025,0.07317073170731707,0.10526315789473684,0.8666666666666667,0.2,0.3055555555555556,0.25,0.3611111111111111,0.2777777777777778,0.027777777777777776,0.19399642857142857,0.2776702380952381,0.18181818181818182,0.08333333333333333,0.1412666666666667,0.15446666666666667,0.23529411764705882,0.3137254901960784,0.05454545454545454,0.2962962962962963,0.5370370370370371,0.10526315789473684,0.6884422110552764,0.22289156626506024,0.4367816091954023,0.1781609195402299,0.39416058394160586,0.2846715328467153,0.0364963503649635,8.2,1.8,8.4,0.21428571428571427,0.5778938354139763,0.2009881087011706,0.5778938354139763,0.18421052631578946,"{""novig"": {""0.5"": {""over"": -223, ""under"": 170}}, ""bet365"": {""0.5"": {""over"": -230, ""under"": 170}}, ""betmgm"": {""0.5"": {""over"": -220, ""under"": 160}}, ""fanduel"": {""0.5"": {""over"": -230}}}",0.5,over,betmgm,-220.0,0.6875,True,-0.1096,1.5,,,,,False,
671277,Luis García Jr.,WSH,ATL,0,2.0,1.0,656550.0,Grant Holmes,R,824894,7:15 PM ET,Truist Park,0,1,0.20133111480865223,2026-07-30,824894,,0,100.6,98.4,97.1,L,4,4,1,0,0,0,0,0,0,0,1,4,0,1,1,1,1,0.277,0.37275,1,0,1,0,0,0,0.2857142857142857,0.3220338983050847,0.7857142857142857,0.2033898305084746,0.3170731707317073,0.23214285714285715,0.05084745762711865,0.03389830508474576,0.10714285714285714,1.9333333333333333,0.8,0.36363636363636365,0.3181818181818182,0.4318181818181818,0.1590909090909091,0.022727272727272728,0.32535555555555556,0.5548666666666667,0.3157894736842105,0.15,0.26159999999999994,0.5542166666666667,0.3103448275862069,0.6896551724137931,0.22950819672131148,0.16,0.2,0.25,0.6884422110552764,0.22289156626506024,0.4367816091954023,0.1781609195402299,0.39416058394160586,0.2846715328467153,0.0364963503649635,8.2,1.8,8.4,0.21428571428571427,0.644455310680074,0.27154760612830803,0.644455310680074,0.2857142857142857,"{""novig"": {""1.5"": {""over"": 194, ""under"": -251}}, ""betmgm"": {""1.5"": {""over"": 170, ""under"": -235}}, ""draftkings"": {""1.5"": {""over"": 180, ""under"": -244}}, ""fanduel"": {""0.5"": {""over"": -270}}}",0.5,over,fanduel,-270.0,0.7297297297297297,True,-0.0853,1.5,over,novig,194.0,0.3401360544217687,True,-0.0686
683083,Nasim Nuñez,WSH,ATL,0,9.0,1.0,656550.0,Grant Holmes,R,824894,7:15 PM ET,Truist Park,0,1,0.20133111480865223,2026-07-30,824894,,0,100.6,98.4,97.1,L,4,4,0,0,0,0,0,0,0,1,0,3,0,2,1,2,0,0.245,0.27799999999999997,0,0,0,0,1,0,0.25806451612903225,0.3142857142857143,1.0,0.0,0.25,0.0,0.0,0.0,0.0,0.5333333333333333,0.0,0.21875,0.28125,0.53125,0.09375,0.0,0.2400952380952381,0.28038690476190475,0.25,0.0,0.23476666666666662,0.2588666666666667,0.36,0.36,0.2037037037037037,0.25,0.3333333333333333,0.19642857142857142,0.6884422110552764,0.22289156626506024,0.4367816091954023,0.1781609195402299,0.39416058394160586,0.2846715328467153,0.0364963503649635,8.2,1.8,8.4,0.21428571428571427,0.4640363564030124,0.13398467041136233,0.4640363564030124,0.25806451612903225,"{""novig"": {""0.5"": {""over"": -127, ""under"": 106}}, ""bet365"": {""0.5"": {""over"": -155, ""under"": 115}}, ""betmgm"": {""0.5"": {""over"": -140, ""under"": 105}}, ""draftkings"": {""0.5"": {""over"": -140, ""under"": 105}}, ""fanduel"": {""0.5"": {""over"": -135}}}",0.5,over,novig,-127.0,0.5594713656387665,True,-0.0954,1.5,,,,,False,
