batter,player_name,team_abbr,opp_team,is_home,bat_order,in_lineup,pitcher_id,pitcher_name,p_throws,game_id,game_time,stadium,stand_R,p_throws_R,opp_k_pct_15,game_date,game_pk,is_dome,wind_out,hit_factor,tb_factor,hr_factor,stand,pa,ab,h,doubles,triples,hr,bb,hbp,sf,k,tb,batted_balls,barrels,hard_hits,fly_balls,ground_balls,line_drives,avg_xba,avg_xslg,target_hit_1plus,target_hit_2plus,target_tb_1plus,target_tb_2plus,target_k_1plus,target_k_2plus,batting_avg_15,obp_15,contact_rate_15,k_rate_15,babip_15,iso_15,hr_rate_15,doubles_rate_15,extra_base_hit_rate_15,avg_total_bases_15,avg_k_per_game_15,hard_hit_pct_15,line_drive_pct_15,gb_pct_15,fly_ball_pct_15,barrel_pct_15,xba_15,xslg_15,batting_avg_last_5,k_rate_last_5,xba_last_5,xslg_last_5,batting_avg_vs_R_15,slg_vs_R_15,k_rate_vs_R_15,batting_avg_vs_L_15,slg_vs_L_15,k_rate_vs_L_15,p_contact_rate_allowed_10,p_babip_allowed_10,p_slg_allowed_10,p_iso_allowed_10,p_gb_pct_10,p_fb_pct_10,p_barrel_pct_allowed_10,p_hits_per9_10,p_hr_per9_10,p_k_per9_10,p_k_rate_10,p_hit_1plus,p_hit_2plus,adj_prob,pred_hits,book_markets,primary_line,primary_side,primary_best_book,primary_best_odds,primary_book_implied,primary_has_line,primary_edge,secondary_line,secondary_side,secondary_best_book,secondary_best_odds,secondary_book_implied,secondary_has_line,secondary_edge
655316,Andruw Monasterio,BOS,AZ,1,7.0,1,694297,Brandon Pfaadt,R,824722,4:10 PM ET,Fenway Park,1,1,0.18892508143322476,2026-08-19,824722,,0,102.5,97.9,86.2,R,4,4,2,0,0,0,0,0,0,1,2,3,0,0,0,2,0,0.264,0.29433333333333334,1,1,1,1,1,0,0.2692307692307692,0.3387096774193548,0.8461538461538461,0.12903225806451613,0.2978723404255319,0.057692307692307696,0.0,0.04838709677419355,0.057692307692307696,1.1333333333333333,0.5333333333333333,0.10638297872340426,0.2765957446808511,0.2978723404255319,0.3191489361702128,0.02127659574468085,0.28165,0.36969404761904767,0.15789473684210525,0.09523809523809523,0.19816666666666666,0.29213333333333347,0.2692307692307692,0.34615384615384615,0.11666666666666667,0.2608695652173913,0.5434782608695652,0.2037037037037037,0.8118811881188119,0.2275132275132275,0.3193717277486911,0.08376963350785341,0.47560975609756095,0.22560975609756098,0.012195121951219513,9.671641791044776,1.611940298507463,8.059701492537314,0.20202020202020202,0.5983973010994723,0.21843903254525499,0.5983973010994723,0.2692307692307692,,0.5,,,,,False,,1.5,,,,,False,
702332,Caleb Durbin,BOS,AZ,1,5.0,1,694297,Brandon Pfaadt,R,824722,4:10 PM ET,Fenway Park,1,1,0.18892508143322476,2026-08-19,824722,,0,102.5,97.9,86.2,R,5,3,1,0,0,0,0,1,1,0,1,4,0,1,1,0,2,0.602,0.6776666666666666,1,0,1,0,0,0,0.34545454545454546,0.4307692307692308,0.8363636363636363,0.13432835820895522,0.37777777777777777,0.14545454545454545,0.029850746268656716,0.029850746268656716,0.07272727272727272,1.8,0.6,0.23404255319148937,0.2765957446808511,0.425531914893617,0.19148936170212766,0.02127659574468085,0.3268785714285714,0.42441666666666666,0.42105263157894735,0.045454545454545456,0.34799333333333343,0.44025,0.3333333333333333,0.49122807017543857,0.13043478260869565,0.23076923076923078,0.36538461538461536,0.0967741935483871,0.8118811881188119,0.2275132275132275,0.3193717277486911,0.08376963350785341,0.47560975609756095,0.22560975609756098,0.012195121951219513,9.671641791044776,1.611940298507463,8.059701492537314,0.20202020202020202,0.6790149200611326,0.27248445745897515,0.6790149200611326,0.34545454545454546,,0.5,,,,,False,,1.5,,,,,False,
678882,Ceddanne Rafaela,BOS,AZ,1,2.0,1,694297,Brandon Pfaadt,R,824722,4:10 PM ET,Fenway Park,1,1,0.18892508143322476,2026-08-19,824722,,0,102.5,97.9,86.2,R,5,5,1,0,0,0,0,0,0,0,1,5,0,1,1,4,0,0.195,0.2244,1,0,1,0,0,0,0.30303030303030304,0.323943661971831,0.7878787878787878,0.19718309859154928,0.32,0.25757575757575757,0.056338028169014086,0.07042253521126761,0.13636363636363635,2.466666666666667,0.9333333333333333,0.3148148148148148,0.25925925925925924,0.35185185185185186,0.3148148148148148,0.018518518518518517,0.3438488888888889,0.5451155555555557,0.3181818181818182,0.30434782608695654,0.2971133333333333,0.5021600000000002,0.3230769230769231,0.6,0.18571428571428572,0.30303030303030304,0.48484848484848486,0.20588235294117646,0.8118811881188119,0.2275132275132275,0.3193717277486911,0.08376963350785341,0.47560975609756095,0.22560975609756098,0.012195121951219513,9.671641791044776,1.611940298507463,8.059701492537314,0.20202020202020202,0.6641437253222807,0.2724682430140966,0.6641437253222807,0.30303030303030304,,0.5,,,,,False,,1.5,,,,,False,
657136,Connor Wong,BOS,AZ,1,9.0,1,694297,Brandon Pfaadt,R,824722,4:10 PM ET,Fenway Park,1,1,0.18892508143322476,2026-08-19,824722,,0,102.5,97.9,86.2,R,3,3,2,0,0,1,0,0,0,0,5,3,1,1,1,0,1,0.5793333333333334,1.5123333333333333,1,1,1,1,0,0,0.15217391304347827,0.1875,0.6521739130434783,0.32653061224489793,0.17857142857142858,0.17391304347826086,0.04081632653061224,0.04081632653061224,0.08695652173913043,1.0,1.0666666666666667,0.4,0.16666666666666666,0.4666666666666667,0.26666666666666666,0.0,0.34981666666666666,0.6386666666666667,0.17647058823529413,0.3684210526315789,0.4021,0.6028666666666667,0.15217391304347827,0.2608695652173913,0.2962962962962963,0.35714285714285715,0.5238095238095238,0.1875,0.8118811881188119,0.2275132275132275,0.3193717277486911,0.08376963350785341,0.47560975609756095,0.22560975609756098,0.012195121951219513,9.671641791044776,1.611940298507463,8.059701492537314,0.20202020202020202,0.48716224435181665,0.13770874198069386,0.48716224435181665,0.15217391304347827,,0.5,,,,,False,,1.5,,,,,False,
680776,Jarren Duran,BOS,AZ,1,8.0,1,694297,Brandon Pfaadt,R,824722,4:10 PM ET,Fenway Park,0,1,0.18892508143322476,2026-08-19,824722,,0,102.5,97.9,86.2,L,5,5,1,0,0,0,0,0,0,0,1,5,0,2,0,3,1,0.4226,0.4704,1,0,1,0,0,0,0.23636363636363636,0.3,0.6909090909090909,0.27419354838709675,0.2857142857142857,0.21818181818181817,0.04838709677419355,0.04838709677419355,0.10909090909090909,1.6666666666666667,1.1333333333333333,0.5128205128205128,0.15384615384615385,0.46153846153846156,0.28205128205128205,0.02564102564102564,0.3035555555555555,0.5248444444444444,0.2222222222222222,0.4,0.21673333333333336,0.28659999999999997,0.25,0.44642857142857145,0.24193548387096775,0.21052631578947367,0.2982456140350877,0.2727272727272727,0.8118811881188119,0.2275132275132275,0.3193717277486911,0.08376963350785341,0.47560975609756095,0.22560975609756098,0.012195121951219513,9.671641791044776,1.611940298507463,8.059701492537314,0.20202020202020202,0.597057506978553,0.20076981071896485,0.597057506978553,0.23636363636363636,,0.5,,,,,False,,1.5,,,,,False,
681508,Mickey Gasper,BOS,AZ,1,6.0,1,694297,Brandon Pfaadt,R,824722,4:10 PM ET,Fenway Park,0,1,0.18892508143322476,2026-08-19,824722,,0,102.5,97.9,86.2,L,4,2,2,0,0,1,2,0,0,0,5,2,0,1,1,0,1,0.9185000000000001,2.177,1,1,1,1,0,0,0.15789473684210525,0.2558139534883721,0.9473684210526315,0.046511627906976744,0.14285714285714285,0.13157894736842105,0.023255813953488372,0.046511627906976744,0.07894736842105263,0.7333333333333333,0.13333333333333333,0.19444444444444445,0.1111111111111111,0.4722222222222222,0.3333333333333333,0.027777777777777776,0.22116666666666668,0.340025641025641,0.1,0.1,0.21579166666666663,0.39749999999999985,0.16,0.3,0.08928571428571429,0.10256410256410256,0.10256410256410256,0.2727272727272727,0.8118811881188119,0.2275132275132275,0.3193717277486911,0.08376963350785341,0.47560975609756095,0.22560975609756098,0.012195121951219513,9.671641791044776,1.611940298507463,8.059701492537314,0.20202020202020202,0.6332364049052435,0.20832689441119204,0.6332364049052435,0.15789473684210525,,0.5,,,,,False,,1.5,,,,,False,
686765,Nick Sogard,BOS,AZ,1,1.0,1,694297,Brandon Pfaadt,R,824722,4:10 PM ET,Fenway Park,0,1,0.18892508143322476,2026-08-19,824722,,0,102.5,97.9,86.2,L,5,3,2,0,0,0,1,0,0,0,2,4,0,1,1,1,2,0.4086666666666667,0.5713333333333334,1,1,1,1,0,0,0.2558139534883721,0.34,0.813953488372093,0.1568627450980392,0.3055555555555556,0.09302325581395349,0.0,0.0784313725490196,0.09302325581395349,1.0,0.5333333333333333,0.3333333333333333,0.3055555555555556,0.4166666666666667,0.2222222222222222,0.027777777777777776,0.3161190476190476,0.4824821428571429,0.16666666666666666,0.38461538461538464,0.2667083333333333,0.5294999999999999,0.19298245614035087,0.24561403508771928,0.16901408450704225,0.32608695652173914,0.3695652173913043,0.24,0.8118811881188119,0.2275132275132275,0.3193717277486911,0.08376963350785341,0.47560975609756095,0.22560975609756098,0.012195121951219513,9.671641791044776,1.611940298507463,8.059701492537314,0.20202020202020202,0.6471588178666114,0.2593086011162692,0.6471588178666114,0.2558139534883721,,0.5,,,,,False,,1.5,,,,,False,
575929,Willson Contreras,BOS,AZ,1,4.0,1,694297,Brandon Pfaadt,R,824722,4:10 PM ET,Fenway Park,1,1,0.18892508143322476,2026-08-19,824722,,0,102.5,97.9,86.2,R,5,4,2,1,0,0,1,0,0,2,3,2,0,1,0,0,1,0.4365,0.7025,1,1,1,1,1,1,0.25,0.4,0.6666666666666666,0.26229508196721313,0.3103448275862069,0.22916666666666666,0.04918032786885246,0.03278688524590164,0.10416666666666667,1.5333333333333334,1.0666666666666667,0.36363636363636365,0.24242424242424243,0.2727272727272727,0.3939393939393939,0.030303030303030304,0.3189047619047619,0.617297619047619,0.29411764705882354,0.18181818181818182,0.2430666666666666,0.5750666666666666,0.2222222222222222,0.4666666666666667,0.22033898305084745,0.3018867924528302,0.5849056603773585,0.16417910447761194,0.8118811881188119,0.2275132275132275,0.3193717277486911,0.08376963350785341,0.47560975609756095,0.22560975609756098,0.012195121951219513,9.671641791044776,1.611940298507463,8.059701492537314,0.20202020202020202,0.6116001989453994,0.25117783322738496,0.6116001989453994,0.25,,0.5,,,,,False,,1.5,,,,,False,
677800,Wilyer Abreu,BOS,AZ,1,3.0,1,694297,Brandon Pfaadt,R,824722,4:10 PM ET,Fenway Park,0,1,0.18892508143322476,2026-08-19,824722,,0,102.5,97.9,86.2,L,5,4,0,0,0,0,1,0,0,0,0,4,0,1,2,1,0,0.0975,0.17225,0,0,0,0,0,0,0.34615384615384615,0.45454545454545453,0.8846153846153846,0.09090909090909091,0.2857142857142857,0.4423076923076923,0.09090909090909091,0.07575757575757576,0.21153846153846154,2.7333333333333334,0.4,0.625,0.25,0.2916666666666667,0.3333333333333333,0.041666666666666664,0.3758222222222222,0.7986888888888888,0.3888888888888889,0.045454545454545456,0.3705333333333334,0.7199000000000002,0.32075471698113206,0.7547169811320755,0.10606060606060606,0.21818181818181817,0.509090909090909,0.16417910447761194,0.8118811881188119,0.2275132275132275,0.3193717277486911,0.08376963350785341,0.47560975609756095,0.22560975609756098,0.012195121951219513,9.671641791044776,1.611940298507463,8.059701492537314,0.20202020202020202,0.6622782623363301,0.23797701210534736,0.6622782623363301,0.34615384615384615,,0.5,,,,,False,,1.5,,,,,False,
682998,Corbin Carroll,AZ,BOS,0,2.0,1,801139,Payton Tolle,L,824722,4:10 PM ET,Fenway Park,0,0,0.2024432809773124,2026-08-19,824722,,0,102.5,97.9,86.2,L,4,2,0,0,0,0,1,1,0,0,0,2,0,0,1,0,0,0.0135,0.0185,0,0,0,0,0,0,0.23636363636363636,0.34375,0.8,0.171875,0.2619047619047619,0.2909090909090909,0.03125,0.0625,0.16363636363636364,1.9333333333333333,0.7333333333333333,0.4318181818181818,0.29545454545454547,0.3181818181818182,0.29545454545454547,0.022727272727272728,0.29288690476190476,0.4579821428571429,0.4117647058823529,0.09090909090909091,0.30988333333333334,0.5371333333333337,0.24561403508771928,0.5263157894736842,0.13432835820895522,0.32786885245901637,0.6721311475409836,0.20588235294117646,0.6063348416289592,0.19170984455958548,0.43349753694581283,0.2019704433497537,0.39552238805970147,0.30597014925373134,0.029850746268656716,7.6473988439306355,0.9364161849710981,8.271676300578035,0.2217573221757322,0.6000294845526631,0.23578119522325158,0.6000294845526631,0.23636363636363636,,0.5,,,,,False,,1.5,,,,,False,
672515,Gabriel Moreno,AZ,BOS,0,3.0,1,801139,Payton Tolle,L,824722,4:10 PM ET,Fenway Park,1,0,0.2024432809773124,2026-08-19,824722,,0,102.5,97.9,86.2,R,4,3,1,0,0,1,1,0,0,1,4,2,0,1,1,1,0,0.4305,1.548,1,0,1,1,1,0,0.3064516129032258,0.35294117647058826,0.8225806451612904,0.16176470588235295,0.35294117647058826,0.1935483870967742,0.014705882352941176,0.10294117647058823,0.14516129032258066,2.066666666666667,0.7333333333333333,0.38461538461538464,0.3269230769230769,0.3269230769230769,0.2692307692307692,0.0,0.3495214285714286,0.5048714285714285,0.36363636363636365,0.21739130434782608,0.3852166666666667,0.5919833333333333,0.3559322033898305,0.559322033898305,0.14285714285714285,0.2413793103448276,0.41379310344827586,0.15384615384615385,0.6063348416289592,0.19170984455958548,0.43349753694581283,0.2019704433497537,0.39552238805970147,0.30597014925373134,0.029850746268656716,7.6473988439306355,0.9364161849710981,8.271676300578035,0.2217573221757322,0.6623082626909597,0.28104680435761664,0.6623082626909597,0.3064516129032258,,0.5,,,,,False,,1.5,,,,,False,
672695,Geraldo Perdomo,AZ,BOS,0,4.0,1,801139,Payton Tolle,L,824722,4:10 PM ET,Fenway Park,1,0,0.2024432809773124,2026-08-19,824722,,0,102.5,97.9,86.2,R,4,3,1,1,0,0,1,0,0,0,2,3,0,2,2,1,0,0.17433333333333334,0.37333333333333335,1,0,1,1,0,0,0.25806451612903225,0.3142857142857143,0.8387096774193549,0.14285714285714285,0.2962962962962963,0.0967741935483871,0.0,0.02857142857142857,0.06451612903225806,0.7333333333333333,0.3333333333333333,0.3333333333333333,0.25925925925925924,0.48148148148148145,0.2222222222222222,0.0,0.2525555555555556,0.3268888888888889,0.0,0.3333333333333333,0.25300000000000034,0.33049999999999996,0.234375,0.34375,0.19117647058823528,0.3492063492063492,0.4603174603174603,0.11594202898550725,0.6063348416289592,0.19170984455958548,0.43349753694581283,0.2019704433497537,0.39552238805970147,0.30597014925373134,0.029850746268656716,7.6473988439306355,0.9364161849710981,8.271676300578035,0.2217573221757322,0.6071140275642376,0.21738460412788094,0.6071140275642376,0.25806451612903225,,0.5,,,,,False,,1.5,,,,,False,
545121,Ildemaro Vargas,AZ,BOS,0,1.0,1,801139,Payton Tolle,L,824722,4:10 PM ET,Fenway Park,1,0,0.2024432809773124,2026-08-19,824722,,0,102.5,97.9,86.2,R,3,3,1,0,0,0,0,0,0,1,1,2,0,0,2,0,0,0.413,0.4645,1,0,1,0,1,0,0.14814814814814814,0.20689655172413793,0.9259259259259259,0.06896551724137931,0.08695652173913043,0.2222222222222222,0.06896551724137931,0.0,0.07407407407407407,0.6666666666666666,0.13333333333333333,0.36,0.16,0.44,0.32,0.0,0.21712820512820513,0.32360256410256416,0.2,0.0,0.2205666666666668,0.3887,0.3023255813953488,0.46511627906976744,0.06382978723404255,0.2608695652173913,0.391304347826087,0.10204081632653061,0.6063348416289592,0.19170984455958548,0.43349753694581283,0.2019704433497537,0.39552238805970147,0.30597014925373134,0.029850746268656716,7.6473988439306355,0.9364161849710981,8.271676300578035,0.2217573221757322,0.6171894519450237,0.27557290780495863,0.6171894519450237,0.14814814814814814,,0.5,,,,,False,,1.5,,,,,False,
691783,Jordan Lawlar,AZ,BOS,0,7.0,1,801139,Payton Tolle,L,824722,4:10 PM ET,Fenway Park,1,0,0.2024432809773124,2026-08-19,824722,,0,102.5,97.9,86.2,R,4,4,0,0,0,0,0,0,0,2,0,2,0,0,0,1,0,0.1705,0.17600000000000002,0,0,0,0,1,1,0.28888888888888886,0.38461538461538464,0.6888888888888889,0.2692307692307692,0.4,0.1111111111111111,0.019230769230769232,0.038461538461538464,0.06666666666666667,1.2,0.9333333333333333,0.2903225806451613,0.22580645161290322,0.3870967741935484,0.3870967741935484,0.03225806451612903,0.3794679487179487,0.6358012820512821,0.23529411764705882,0.3157894736842105,0.31385,0.36141666666666666,0.2857142857142857,0.42857142857142855,0.25,0.3333333333333333,0.41025641025641024,0.22727272727272727,0.6063348416289592,0.19170984455958548,0.43349753694581283,0.2019704433497537,0.39552238805970147,0.30597014925373134,0.029850746268656716,7.6473988439306355,0.9364161849710981,8.271676300578035,0.2217573221757322,0.5822764123231777,0.2450082016200693,0.5822764123231777,0.28888888888888886,,0.5,,,,,False,,1.5,,,,,False,
699912,Jose Fernandez,AZ,BOS,0,8.0,1,801139,Payton Tolle,L,824722,4:10 PM ET,Fenway Park,1,0,0.2024432809773124,2026-08-19,824722,,0,102.5,97.9,86.2,R,4,4,1,0,0,0,0,0,0,1,1,3,0,0,0,3,0,0.15766666666666665,0.16166666666666665,1,0,1,0,1,0,0.17073170731707318,0.20930232558139536,0.8292682926829268,0.15555555555555556,0.20588235294117646,0.07317073170731707,0.0,0.06666666666666667,0.07317073170731707,0.6666666666666666,0.4666666666666667,0.3055555555555556,0.16666666666666666,0.5833333333333334,0.1111111111111111,0.0,0.2088871794871795,0.319925641025641,0.23076923076923078,0.2857142857142857,0.2796666666666667,0.405625,0.2127659574468085,0.2978723404255319,0.17307692307692307,0.23076923076923078,0.2564102564102564,0.26666666666666666,0.6063348416289592,0.19170984455958548,0.43349753694581283,0.2019704433497537,0.39552238805970147,0.30597014925373134,0.029850746268656716,7.6473988439306355,0.9364161849710981,8.271676300578035,0.2217573221757322,0.6260965181682849,0.26852587713412707,0.6260965181682849,0.17073170731707318,,0.5,,,,,False,,1.5,,,,,False,
571448,Nolan Arenado,AZ,BOS,0,5.0,1,801139,Payton Tolle,L,824722,4:10 PM ET,Fenway Park,1,0,0.2024432809773124,2026-08-19,824722,,0,102.5,97.9,86.2,R,2,2,0,0,0,0,0,0,0,0,0,2,0,0,1,1,0,0.21,0.273,0,0,0,0,0,0,0.21428571428571427,0.30158730158730157,0.8214285714285714,0.15873015873015872,0.15,0.35714285714285715,0.09523809523809523,0.0,0.125,2.1333333333333333,0.6666666666666666,0.32608695652173914,0.043478260869565216,0.34782608695652173,0.34782608695652173,0.021739130434782608,0.20255000000000004,0.3749833333333334,0.3,0.13636363636363635,0.2362499999999999,0.4477499999999998,0.22807017543859648,0.543859649122807,0.140625,0.19607843137254902,0.4117647058823529,0.1896551724137931,0.6063348416289592,0.19170984455958548,0.43349753694581283,0.2019704433497537,0.39552238805970147,0.30597014925373134,0.029850746268656716,7.6473988439306355,0.9364161849710981,8.271676300578035,0.2217573221757322,0.603880067077705,0.20553732792400384,0.603880067077705,0.21428571428571427,,0.5,,,,,False,,1.5,,,,,False,
814439,Ryan Waldschmidt,AZ,BOS,0,9.0,1,801139,Payton Tolle,L,824722,4:10 PM ET,Fenway Park,1,0,0.2024432809773124,2026-08-19,824722,,0,102.5,97.9,86.2,R,3,3,1,0,0,0,0,0,0,0,1,3,0,1,1,1,1,0.48900000000000005,0.522,1,0,1,0,0,0,0.2608695652173913,0.37037037037037035,0.782608695652174,0.17857142857142858,0.3142857142857143,0.06521739130434782,0.017857142857142856,0.0,0.021739130434782608,1.0,0.6666666666666666,0.23684210526315788,0.3157894736842105,0.42105263157894735,0.2631578947368421,0.0,0.3166777777777777,0.44325555555555557,0.06666666666666667,0.2,0.21976666666666667,0.2725666666666667,0.3125,0.5208333333333334,0.25,0.37254901960784315,0.49019607843137253,0.22033898305084745,0.6063348416289592,0.19170984455958548,0.43349753694581283,0.2019704433497537,0.39552238805970147,0.30597014925373134,0.029850746268656716,7.6473988439306355,0.9364161849710981,8.271676300578035,0.2217573221757322,0.43953971407100334,0.13586492616976711,0.43953971407100334,0.2608695652173913,,0.5,,,,,False,,1.5,,,,,False,
694374,Tim Tawa,AZ,BOS,0,6.0,1,801139,Payton Tolle,L,824722,4:10 PM ET,Fenway Park,1,0,0.2024432809773124,2026-08-19,824722,,0,102.5,97.9,86.2,R,4,4,1,0,0,0,0,0,0,1,1,3,0,1,0,2,1,0.288,0.32266666666666666,1,0,1,0,1,0,0.3157894736842105,0.3442622950819672,0.6842105263157895,0.2903225806451613,0.40540540540540543,0.17543859649122806,0.04838709677419355,0.016129032258064516,0.07017543859649122,1.8666666666666667,1.2,0.5853658536585366,0.1951219512195122,0.5365853658536586,0.21951219512195122,0.024390243902439025,0.4386388888888889,0.7187277777777777,0.2777777777777778,0.3,0.43950000000000006,0.9327166666666666,0.19642857142857142,0.25,0.2786885245901639,0.21428571428571427,0.40476190476190477,0.20833333333333334,0.6063348416289592,0.19170984455958548,0.43349753694581283,0.2019704433497537,0.39552238805970147,0.30597014925373134,0.029850746268656716,7.6473988439306355,0.9364161849710981,8.271676300578035,0.2217573221757322,0.6120473016179147,0.28581159670132533,0.6120473016179147,0.3157894736842105,,0.5,,,,,False,,1.5,,,,,False,
664761,Alec Bohm,PHI,MIA,1,5.0,1,645261,Sandy Alcantara,R,823424,6:05 PM ET,Citizens Bank Park,1,1,0.15166666666666667,2026-08-19,823424,0.0,0,103.7,104.6,118.0,R,4,4,2,1,0,0,0,0,0,0,3,4,0,3,1,1,2,0.396,0.56475,1,1,1,1,0,0,0.3684210526315789,0.421875,0.9298245614035088,0.0625,0.37735849056603776,0.14035087719298245,0.015625,0.078125,0.10526315789473684,1.9333333333333333,0.26666666666666666,0.42592592592592593,0.25925925925925924,0.4444444444444444,0.2777777777777778,0.018518518518518517,0.33223,0.5957333333333334,0.5238095238095238,0.13636363636363635,0.43250666666666665,0.8961500000000001,0.2857142857142857,0.375,0.07936507936507936,0.2909090909090909,0.45454545454545453,0.13559322033898305,0.7121771217712177,0.2024793388429752,0.31983805668016196,0.10121457489878542,0.42487046632124353,0.21761658031088082,0.010362694300518135,9.409090909090908,1.0909090909090908,7.227272727272727,0.19272727272727272,0.6778283479913504,0.20859286979103894,0.6778283479913504,0.3684210526315789,,0.5,,,,,False,,1.5,,,,,False,
669016,Brandon Marsh,PHI,MIA,1,7.0,1,645261,Sandy Alcantara,R,823424,6:05 PM ET,Citizens Bank Park,0,1,0.15166666666666667,2026-08-19,823424,0.0,0,103.7,104.6,118.0,L,4,4,1,0,0,0,0,0,0,1,1,3,0,1,1,1,1,0.4733333333333334,0.948,1,0,1,0,1,0,0.23529411764705882,0.3220338983050847,0.8235294117647058,0.15,0.2619047619047619,0.09803921568627451,0.016666666666666666,0.03333333333333333,0.058823529411764705,1.1333333333333333,0.6,0.4772727272727273,0.3409090909090909,0.38636363636363635,0.22727272727272727,0.022727272727272728,0.3130455555555555,0.4609566666666666,0.21428571428571427,0.1111111111111111,0.24341666666666661,0.3908833333333336,0.23529411764705882,0.3333333333333333,0.15,0.2033898305084746,0.3728813559322034,0.3387096774193548,0.7121771217712177,0.2024793388429752,0.31983805668016196,0.10121457489878542,0.42487046632124353,0.21761658031088082,0.010362694300518135,9.409090909090908,1.0909090909090908,7.227272727272727,0.19272727272727272,0.622511132013901,0.23517103026838537,0.622511132013901,0.23529411764705882,,0.5,,,,,False,,1.5,,,,,False,
547180,Bryce Harper,PHI,MIA,1,3.0,1,645261,Sandy Alcantara,R,823424,6:05 PM ET,Citizens Bank Park,0,1,0.15166666666666667,2026-08-19,823424,0.0,0,103.7,104.6,118.0,L,4,2,0,0,0,0,2,0,0,0,0,2,0,1,2,0,0,0.193,0.46,0,0,0,0,0,0,0.30612244897959184,0.5142857142857142,0.7346938775510204,0.18571428571428572,0.36363636363636365,0.22448979591836735,0.04285714285714286,0.02857142857142857,0.10204081632653061,1.7333333333333334,0.8666666666666667,0.4444444444444444,0.16666666666666666,0.5277777777777778,0.2777777777777778,0.027777777777777776,0.3367797619047619,0.6451130952380952,0.4444444444444444,0.16666666666666666,0.3167833333333333,0.4784833333333333,0.30612244897959184,0.4897959183673469,0.17142857142857143,0.24561403508771928,0.40350877192982454,0.3125,0.7121771217712177,0.2024793388429752,0.31983805668016196,0.10121457489878542,0.42487046632124353,0.21761658031088082,0.010362694300518135,9.409090909090908,1.0909090909090908,7.227272727272727,0.19272727272727272,0.6205703854419556,0.2148830044218267,0.6205703854419556,0.30612244897959184,,0.5,,,,,False,,1.5,,,,,False,
681082,Bryson Stott,PHI,MIA,1,6.0,1,645261,Sandy Alcantara,R,823424,6:05 PM ET,Citizens Bank Park,0,1,0.15166666666666667,2026-08-19,823424,0.0,0,103.7,104.6,118.0,L,4,3,1,0,0,0,1,0,0,0,1,3,0,0,2,1,0,0.17466666666666666,0.19999999999999998,1,0,1,0,0,0,0.36,0.5151515151515151,0.92,0.05970149253731343,0.37777777777777777,0.14,0.014925373134328358,0.05970149253731343,0.1,1.6666666666666667,0.26666666666666666,0.40425531914893614,0.40425531914893614,0.425531914893617,0.10638297872340426,0.0,0.40048777777777783,0.48456,0.25,0.041666666666666664,0.2627466666666667,0.33314666666666665,0.34,0.42,0.06060606060606061,0.3076923076923077,0.4423076923076923,0.20689655172413793,0.7121771217712177,0.2024793388429752,0.31983805668016196,0.10121457489878542,0.42487046632124353,0.21761658031088082,0.010362694300518135,9.409090909090908,1.0909090909090908,7.227272727272727,0.19272727272727272,0.5921935419017594,0.19181627591563224,0.5921935419017594,0.36,,0.5,,,,,False,,1.5,,,,,False,
596117,Garrett Stubbs,PHI,MIA,1,9.0,1,645261,Sandy Alcantara,R,823424,6:05 PM ET,Citizens Bank Park,0,1,0.15166666666666667,2026-08-19,823424,0.0,0,103.7,104.6,118.0,L,4,3,0,0,0,0,1,0,0,1,0,2,0,0,1,1,0,0.0345,0.051000000000000004,0,0,0,0,1,0,0.1282051282051282,0.18604651162790697,0.7435897435897436,0.23255813953488372,0.16666666666666666,0.0,0.0,0.0,0.0,0.3333333333333333,0.6666666666666666,0.3333333333333333,0.2,0.4666666666666667,0.23333333333333334,0.0,0.2952361111111111,0.35452083333333334,0.07142857142857142,0.2857142857142857,0.3253999999999999,0.3888333333333333,0.13513513513513514,0.13513513513513514,0.20454545454545456,0.21739130434782608,0.21739130434782608,0.17857142857142858,0.7121771217712177,0.2024793388429752,0.31983805668016196,0.10121457489878542,0.42487046632124353,0.21761658031088082,0.010362694300518135,9.409090909090908,1.0909090909090908,7.227272727272727,0.19272727272727272,0.4951628172649502,0.13753122514755875,0.4951628172649502,0.1282051282051282,,0.5,,,,,False,,1.5,,,,,False,
702222,Justin Crawford,PHI,MIA,1,8.0,1,645261,Sandy Alcantara,R,823424,6:05 PM ET,Citizens Bank Park,0,1,0.15166666666666667,2026-08-19,823424,0.0,0,103.7,104.6,118.0,L,4,4,2,0,0,0,0,0,0,1,2,3,0,0,0,3,0,0.103,0.109,1,1,1,1,1,0,0.34146341463414637,0.37777777777777777,0.9024390243902439,0.0851063829787234,0.3684210526315789,0.17073170731707318,0.0,0.10638297872340426,0.14634146341463414,1.4,0.26666666666666666,0.475,0.15,0.625,0.225,0.025,0.29517777777777776,0.3714166666666667,0.36363636363636365,0.08333333333333333,0.25220000000000004,0.30989999999999995,0.3409090909090909,0.5,0.08,0.2571428571428571,0.34285714285714286,0.23684210526315788,0.7121771217712177,0.2024793388429752,0.31983805668016196,0.10121457489878542,0.42487046632124353,0.21761658031088082,0.010362694300518135,9.409090909090908,1.0909090909090908,7.227272727272727,0.19272727272727272,0.6162244038135558,0.20643321521187685,0.6162244038135558,0.34146341463414637,,0.5,,,,,False,,1.5,,,,,False,
656941,Kyle Schwarber,PHI,MIA,1,1.0,1,645261,Sandy Alcantara,R,823424,6:05 PM ET,Citizens Bank Park,0,1,0.15166666666666667,2026-08-19,823424,0.0,0,103.7,104.6,118.0,L,5,5,1,0,0,0,0,0,0,2,1,3,0,0,1,0,1,0.10133333333333333,0.12133333333333333,1,0,1,0,1,1,0.24074074074074073,0.37681159420289856,0.6111111111111112,0.3,0.2903225806451613,0.2777777777777778,0.05714285714285714,0.04285714285714286,0.12962962962962962,1.8666666666666667,1.4,0.5428571428571428,0.17142857142857143,0.45714285714285713,0.3142857142857143,0.05714285714285714,0.34372222222222226,0.7205763888888889,0.18181818181818182,0.3333333333333333,0.28119999999999995,0.6148666666666668,0.24528301886792453,0.5283018867924528,0.3,0.24528301886792453,0.4339622641509434,0.3125,0.7121771217712177,0.2024793388429752,0.31983805668016196,0.10121457489878542,0.42487046632124353,0.21761658031088082,0.010362694300518135,9.409090909090908,1.0909090909090908,7.227272727272727,0.19272727272727272,0.645148890146957,0.22528418638959144,0.645148890146957,0.24074074074074073,,0.5,,,,,False,,1.5,,,,,False,
650333,Luis Arraez,PHI,MIA,1,4.0,1,645261,Sandy Alcantara,R,823424,6:05 PM ET,Citizens Bank Park,0,1,0.15166666666666667,2026-08-19,823424,0.0,0,103.7,104.6,118.0,L,4,4,3,0,0,0,0,0,0,1,3,3,0,0,2,0,1,0.6503333333333333,0.6963333333333334,1,1,1,1,1,0,0.22727272727272727,0.2463768115942029,0.9545454545454546,0.04285714285714286,0.2222222222222222,0.10606060606060606,0.014285714285714285,0.05714285714285714,0.07575757575757576,1.4666666666666666,0.2,0.171875,0.234375,0.3125,0.40625,0.015625,0.3095688888888889,0.44485444444444444,0.3181818181818182,0.0,0.35409,0.44565,0.24615384615384617,0.35384615384615387,0.058823529411764705,0.3870967741935484,0.5483870967741935,0.07246376811594203,0.7121771217712177,0.2024793388429752,0.31983805668016196,0.10121457489878542,0.42487046632124353,0.21761658031088082,0.010362694300518135,9.409090909090908,1.0909090909090908,7.227272727272727,0.19272727272727272,0.6150960358563772,0.22031800109182056,0.6150960358563772,0.22727272727272727,,0.5,,,,,False,,1.5,,,,,False,
607208,Trea Turner,PHI,MIA,1,2.0,1,645261,Sandy Alcantara,R,823424,6:05 PM ET,Citizens Bank Park,1,1,0.15166666666666667,2026-08-19,823424,0.0,0,103.7,104.6,118.0,R,5,4,0,0,0,0,0,1,0,2,0,2,0,1,0,1,0,0.068,0.078,0,0,0,0,1,1,0.2786885245901639,0.34782608695652173,0.8524590163934426,0.13043478260869565,0.29411764705882354,0.14754098360655737,0.028985507246376812,0.043478260869565216,0.08196721311475409,1.7333333333333334,0.6,0.2830188679245283,0.20754716981132076,0.4339622641509434,0.22641509433962265,0.018867924528301886,0.35535333333333335,0.45385444444444445,0.23529411764705882,0.13636363636363635,0.38115,0.4562999999999999,0.2857142857142857,0.47619047619047616,0.1,0.2982456140350877,0.43859649122807015,0.19047619047619047,0.7121771217712177,0.2024793388429752,0.31983805668016196,0.10121457489878542,0.42487046632124353,0.21761658031088082,0.010362694300518135,9.409090909090908,1.0909090909090908,7.227272727272727,0.19272727272727272,0.6689574461844664,0.2961489850756256,0.6689574461844664,0.2786885245901639,,0.5,,,,,False,,1.5,,,,,False,
665923,Esteury Ruiz,MIA,PHI,0,7.0,1,605400,Aaron Nola,R,823424,6:05 PM ET,Citizens Bank Park,1,1,0.21043478260869566,2026-08-19,823424,0.0,0,103.7,104.6,118.0,R,1,1,0,0,0,0,0,0,0,0,0,1,0,0,0,1,0,0.235,0.264,0,0,0,0,0,0,0.3055555555555556,0.4318181818181818,0.5833333333333334,0.3333333333333333,0.5,0.1388888888888889,0.022222222222222223,0.044444444444444446,0.08333333333333333,1.0666666666666667,1.0,0.2727272727272727,0.2727272727272727,0.5,0.09090909090909091,0.0,0.3173484848484848,0.5084848484848485,0.2,0.35294117647058826,0.3218333333333333,0.37545833333333334,0.2777777777777778,0.4166666666666667,0.22448979591836735,0.26666666666666666,0.4,0.4411764705882353,0.6680851063829787,0.2131979695431472,0.5446009389671361,0.27230046948356806,0.36942675159235666,0.3248407643312102,0.025477707006369428,10.44,2.16,9.0,0.22522522522522523,0.5235567794229012,0.15549732802319058,0.5235567794229012,0.3055555555555556,,0.5,,,,,False,,1.5,,,,,False,
665052,Griffin Conine,MIA,PHI,0,4.0,1,605400,Aaron Nola,R,823424,6:05 PM ET,Citizens Bank Park,0,1,0.21043478260869566,2026-08-19,823424,0.0,0,103.7,104.6,118.0,L,4,4,2,0,0,1,0,0,0,0,5,4,0,2,0,2,1,0.45000000000000007,0.989,1,1,1,1,0,0,0.2826086956521739,0.4,0.6521739130434783,0.2909090909090909,0.34615384615384615,0.2826086956521739,0.07272727272727272,0.01818181818181818,0.10869565217391304,1.7333333333333334,1.0666666666666667,0.5,0.3,0.16666666666666666,0.4,0.03333333333333333,0.40013095238095236,0.8721904761904763,0.23076923076923078,0.3333333333333333,0.34841666666666676,0.47100000000000003,0.25,0.5454545454545454,0.33962264150943394,0.3023255813953488,0.5581395348837209,0.2653061224489796,0.6680851063829787,0.2131979695431472,0.5446009389671361,0.27230046948356806,0.36942675159235666,0.3248407643312102,0.025477707006369428,10.44,2.16,9.0,0.22522522522522523,0.5644352264639828,0.1307655339854839,0.5644352264639828,0.2826086956521739,,0.5,,,,,False,,1.5,,,,,False,
681715,Heriberto Hernández,MIA,PHI,0,5.0,1,605400,Aaron Nola,R,823424,6:05 PM ET,Citizens Bank Park,1,1,0.21043478260869566,2026-08-19,823424,0.0,0,103.7,104.6,118.0,R,4,4,1,0,0,0,0,0,0,2,1,2,0,1,0,1,1,0.4575,0.5445,1,0,1,0,1,1,0.16666666666666666,0.296875,0.5740740740740741,0.359375,0.2413793103448276,0.12962962962962962,0.03125,0.015625,0.05555555555555555,1.0666666666666667,1.5333333333333334,0.3870967741935484,0.22580645161290322,0.5161290322580645,0.1935483870967742,0.0,0.3566611111111111,0.5969833333333333,0.29411764705882354,0.30434782608695654,0.5409666666666667,1.0567000000000002,0.2037037037037037,0.3888888888888889,0.3870967741935484,0.20754716981132076,0.5094339622641509,0.2833333333333333,0.6680851063829787,0.2131979695431472,0.5446009389671361,0.27230046948356806,0.36942675159235666,0.3248407643312102,0.025477707006369428,10.44,2.16,9.0,0.22522522522522523,0.6111420495190315,0.19944689151722397,0.6111420495190315,0.16666666666666666,,0.5,,,,,False,,1.5,,,,,False,
805300,Jakob Marsee,MIA,PHI,0,1.0,1,605400,Aaron Nola,R,823424,6:05 PM ET,Citizens Bank Park,0,1,0.21043478260869566,2026-08-19,823424,0.0,0,103.7,104.6,118.0,L,4,2,0,0,0,0,2,0,0,0,0,2,0,0,0,0,1,0.109,0.1285,0,0,0,0,0,0,0.28846153846153844,0.3508771929824561,0.8076923076923077,0.1694915254237288,0.325,0.19230769230769232,0.03389830508474576,0.03389830508474576,0.09615384615384616,1.6666666666666667,0.6666666666666666,0.42857142857142855,0.30952380952380953,0.38095238095238093,0.2619047619047619,0.023809523809523808,0.3002455555555556,0.4372422222222222,0.2777777777777778,0.23809523809523808,0.26586666666666675,0.38225000000000003,0.28846153846153844,0.4807692307692308,0.1694915254237288,0.24,0.36,0.23728813559322035,0.6680851063829787,0.2131979695431472,0.5446009389671361,0.27230046948356806,0.36942675159235666,0.3248407643312102,0.025477707006369428,10.44,2.16,9.0,0.22522522522522523,0.6515458170678723,0.2590908349690853,0.6515458170678723,0.28846153846153844,,0.5,,,,,False,,1.5,,,,,False,
691594,Javier Sanoja,MIA,PHI,0,9.0,1,605400,Aaron Nola,R,823424,6:05 PM ET,Citizens Bank Park,1,1,0.21043478260869566,2026-08-19,823424,0.0,0,103.7,104.6,118.0,R,4,4,1,0,0,0,0,0,0,1,1,3,0,1,1,0,1,0.30666666666666664,0.3706666666666667,1,0,1,0,1,0,0.3125,0.35294117647058826,0.8958333333333334,0.09615384615384616,0.3170731707317073,0.22916666666666666,0.038461538461538464,0.09615384615384616,0.14583333333333334,1.7333333333333334,0.3333333333333333,0.27906976744186046,0.27906976744186046,0.37209302325581395,0.2558139534883721,0.023255813953488372,0.3168044444444444,0.4456666666666667,0.1875,0.11764705882352941,0.18717333333333333,0.2825666666666667,0.2619047619047619,0.40476190476190477,0.08695652173913043,0.25,0.36538461538461536,0.10909090909090909,0.6680851063829787,0.2131979695431472,0.5446009389671361,0.27230046948356806,0.36942675159235666,0.3248407643312102,0.025477707006369428,10.44,2.16,9.0,0.22522522522522523,0.4843966539831643,0.16780967212996412,0.4843966539831643,0.3125,,0.5,,,,,False,,1.5,,,,,False,
691788,Joe Mack,MIA,PHI,0,8.0,1,605400,Aaron Nola,R,823424,6:05 PM ET,Citizens Bank Park,0,1,0.21043478260869566,2026-08-19,823424,0.0,0,103.7,104.6,118.0,L,5,5,3,0,0,1,0,0,0,1,6,4,0,1,1,2,1,0.33025,0.63825,1,1,1,1,1,0,0.18604651162790697,0.2553191489361702,0.7209302325581395,0.24489795918367346,0.20689655172413793,0.16279069767441862,0.04081632653061224,0.02040816326530612,0.06976744186046512,1.0,0.8,0.46875,0.1875,0.59375,0.15625,0.03125,0.2800333333333333,0.4920666666666667,0.16666666666666666,0.26666666666666666,0.2309000000000001,0.3128,0.20930232558139536,0.37209302325581395,0.22448979591836735,0.23333333333333334,0.36666666666666664,0.30303030303030304,0.6680851063829787,0.2131979695431472,0.5446009389671361,0.27230046948356806,0.36942675159235666,0.3248407643312102,0.025477707006369428,10.44,2.16,9.0,0.22522522522522523,0.5691662704785635,0.2066312978283776,0.5691662704785635,0.18604651162790697,,0.5,,,,,False,,1.5,,,,,False,
672640,Otto Lopez,MIA,PHI,0,2.0,1,605400,Aaron Nola,R,823424,6:05 PM ET,Citizens Bank Park,1,1,0.21043478260869566,2026-08-19,823424,0.0,0,103.7,104.6,118.0,R,4,3,0,0,0,0,1,0,0,0,0,3,0,1,1,2,0,0.13099999999999998,0.14466666666666664,0,0,0,0,0,0,0.2222222222222222,0.2537313432835821,0.9047619047619048,0.08955223880597014,0.2413793103448276,0.031746031746031744,0.0,0.029850746268656716,0.031746031746031744,1.0666666666666667,0.4,0.3793103448275862,0.20689655172413793,0.5172413793103449,0.2413793103448276,0.0,0.2848133333333333,0.3513422222222223,0.2,0.13636363636363635,0.33976666666666666,0.4557333333333333,0.19047619047619047,0.23809523809523808,0.07692307692307693,0.359375,0.53125,0.11428571428571428,0.6680851063829787,0.2131979695431472,0.5446009389671361,0.27230046948356806,0.36942675159235666,0.3248407643312102,0.025477707006369428,10.44,2.16,9.0,0.22522522522522523,0.6679464680895428,0.25554360306819496,0.6679464680895428,0.2222222222222222,,0.5,,,,,False,,1.5,,,,,False,
683357,Owen Caissie,MIA,PHI,0,6.0,1,605400,Aaron Nola,R,823424,6:05 PM ET,Citizens Bank Park,0,1,0.21043478260869566,2026-08-19,823424,0.0,0,103.7,104.6,118.0,L,3,3,0,0,0,0,0,0,0,2,0,1,0,0,0,0,0,0.001,0.001,0,0,0,0,1,1,0.16666666666666666,0.2653061224489796,0.5952380952380952,0.3333333333333333,0.17391304347826086,0.23809523809523808,0.058823529411764705,0.0196078431372549,0.09523809523809523,1.1333333333333333,1.1333333333333333,0.38461538461538464,0.2692307692307692,0.2692307692307692,0.38461538461538464,0.0,0.2806488095238095,0.6791964285714285,0.16666666666666666,0.42857142857142855,0.2871,0.8218,0.16666666666666666,0.40476190476190477,0.3333333333333333,0.2222222222222222,0.2777777777777778,0.30434782608695654,0.6680851063829787,0.2131979695431472,0.5446009389671361,0.27230046948356806,0.36942675159235666,0.3248407643312102,0.025477707006369428,10.44,2.16,9.0,0.22522522522522523,0.5631180626009805,0.16444528206637396,0.5631180626009805,0.16666666666666666,,0.5,,,,,False,,1.5,,,,,False,
669364,Xavier Edwards,MIA,PHI,0,3.0,1,605400,Aaron Nola,R,823424,6:05 PM ET,Citizens Bank Park,0,1,0.21043478260869566,2026-08-19,823424,0.0,0,103.7,104.6,118.0,L,4,3,1,0,0,0,1,0,0,2,1,1,0,1,0,0,1,0.691,0.936,1,0,1,0,1,1,0.2564102564102564,0.3181818181818182,0.8461538461538461,0.13333333333333333,0.29411764705882354,0.02564102564102564,0.0,0.022222222222222223,0.02564102564102564,0.7333333333333333,0.4,0.2857142857142857,0.17142857142857143,0.5428571428571428,0.22857142857142856,0.0,0.2548214285714286,0.32200595238095236,0.3333333333333333,0.09090909090909091,0.20929999999999996,0.2432,0.26785714285714285,0.2857142857142857,0.12307692307692308,0.21428571428571427,0.30357142857142855,0.13333333333333333,0.6680851063829787,0.2131979695431472,0.5446009389671361,0.27230046948356806,0.36942675159235666,0.3248407643312102,0.025477707006369428,10.44,2.16,9.0,0.22522522522522523,0.6459732513162626,0.22261573567775775,0.6459732513162626,0.2564102564102564,,0.5,,,,,False,,1.5,,,,,False,
665966,Carlos Narváez,BAL,NYY,1,9.0,1,701542,Will Warren,R,824801,6:35 PM ET,Camden Yards,1,1,0.2545454545454545,2026-08-19,824801,0.0,1,102.7,105.0,101.5,R,2,2,0,0,0,0,0,0,0,1,0,1,0,1,0,1,0,0.471,0.533,0,0,0,0,1,0,0.07692307692307693,0.2127659574468085,0.5641025641025641,0.3617021276595745,0.13043478260869565,0.0,0.0,0.0,0.0,0.2,1.1333333333333333,0.34782608695652173,0.2608695652173913,0.2608695652173913,0.391304347826087,0.043478260869565216,0.21604545454545454,0.3344848484848485,0.07142857142857142,0.1875,0.22156666666666663,0.31339999999999996,0.15789473684210525,0.23684210526315788,0.3409090909090909,0.18181818181818182,0.2727272727272727,0.34,0.7219512195121951,0.28,0.5628415300546448,0.25136612021857924,0.44594594594594594,0.16216216216216217,0.02702702702702703,10.103225806451613,1.2193548387096773,7.1419354838709666,0.17372881355932204,0.4182969770555549,0.08256521466257284,0.4182969770555549,0.07692307692307693,,0.5,,,,,False,,1.5,,,,,False,
691723,Coby Mayo,BAL,NYY,1,5.0,1,701542,Will Warren,R,824801,6:35 PM ET,Camden Yards,1,1,0.2545454545454545,2026-08-19,824801,0.0,1,102.7,105.0,101.5,R,4,3,1,0,0,1,1,0,0,0,4,3,1,3,3,0,0,0.35333333333333333,1.3030000000000002,1,0,1,1,0,0,0.2857142857142857,0.33962264150943394,0.7142857142857143,0.2641509433962264,0.36363636363636365,0.2857142857142857,0.03773584905660377,0.03773584905660377,0.14285714285714285,1.8666666666666667,0.9333333333333333,0.45714285714285713,0.37142857142857144,0.2,0.34285714285714286,0.05714285714285714,0.34363461538461537,0.733697435897436,0.1875,0.29411764705882354,0.4022083333333334,0.8341458333333331,0.24489795918367346,0.46938775510204084,0.35294117647058826,0.2631578947368421,0.6842105263157895,0.35714285714285715,0.7219512195121951,0.28,0.5628415300546448,0.25136612021857924,0.44594594594594594,0.16216216216216217,0.02702702702702703,10.103225806451613,1.2193548387096773,7.1419354838709666,0.17372881355932204,0.6268968359583936,0.2117516507083541,0.6268968359583936,0.2857142857142857,,0.5,,,,,False,,1.5,,,,,False,
681297,Colton Cowser,BAL,NYY,1,8.0,1,701542,Will Warren,R,824801,6:35 PM ET,Camden Yards,0,1,0.2545454545454545,2026-08-19,824801,0.0,1,102.7,105.0,101.5,L,1,1,0,0,0,0,0,0,0,1,0,0,0,0,0,0,0,0.1785,0.189,0,0,0,0,1,0,0.2631578947368421,0.3170731707317073,0.631578947368421,0.3333333333333333,0.3333333333333333,0.2631578947368421,0.07142857142857142,0.023809523809523808,0.10526315789473684,1.3333333333333333,0.9333333333333333,0.5,0.2916666666666667,0.2916666666666667,0.375,0.041666666666666664,0.35988095238095236,0.7118095238095238,0.2857142857142857,0.26666666666666666,0.3916333333333332,0.9410666666666667,0.2777777777777778,0.5555555555555556,0.34146341463414637,0.17073170731707318,0.4634146341463415,0.44,0.7219512195121951,0.28,0.5628415300546448,0.25136612021857924,0.44594594594594594,0.16216216216216217,0.02702702702702703,10.103225806451613,1.2193548387096773,7.1419354838709666,0.17372881355932204,0.5762455165098644,0.19928548549861183,0.5762455165098644,0.2631578947368421,,0.5,,,,,False,,1.5,,,,,False,
687637,Dylan Beavers,BAL,NYY,1,6.0,1,701542,Will Warren,R,824801,6:35 PM ET,Camden Yards,0,1,0.2545454545454545,2026-08-19,824801,0.0,1,102.7,105.0,101.5,L,1,1,0,0,0,0,0,0,0,1,0,0,0,0,0,0,0,0.06933333333333334,0.14333333333333334,0,0,0,0,1,0,0.21428571428571427,0.26666666666666666,0.5714285714285714,0.4,0.34782608695652173,0.09523809523809523,0.022222222222222223,0.022222222222222223,0.047619047619047616,0.8666666666666667,1.2,0.4583333333333333,0.20833333333333334,0.375,0.2916666666666667,0.0,0.37314583333333334,0.5530138888888889,0.2,0.6,0.2774444444444444,0.6719444444444443,0.18604651162790697,0.27906976744186046,0.34782608695652173,0.12903225806451613,0.3225806451612903,0.18421052631578946,0.7219512195121951,0.28,0.5628415300546448,0.25136612021857924,0.44594594594594594,0.16216216216216217,0.02702702702702703,10.103225806451613,1.2193548387096773,7.1419354838709666,0.17372881355932204,0.5786358649961205,0.21504473205708363,0.5786358649961205,0.21428571428571427,,0.5,,,,,False,,1.5,,,,,False,
683002,Gunnar Henderson,BAL,NYY,1,3.0,1,701542,Will Warren,R,824801,6:35 PM ET,Camden Yards,0,1,0.2545454545454545,2026-08-19,824801,0.0,1,102.7,105.0,101.5,L,4,4,0,0,0,0,0,0,0,0,0,4,0,1,1,1,2,0.28725,0.33825,0,0,0,0,0,0,0.24489795918367346,0.4126984126984127,0.8367346938775511,0.12698412698412698,0.2564102564102564,0.1836734693877551,0.031746031746031744,0.047619047619047616,0.10204081632653061,1.4,0.5333333333333333,0.5121951219512195,0.3902439024390244,0.34146341463414637,0.24390243902439024,0.024390243902439025,0.36402777777777773,0.6355333333333334,0.3684210526315789,0.08695652173913043,0.34498333333333325,0.5622999999999999,0.19642857142857142,0.42857142857142855,0.21875,0.2545454545454545,0.41818181818181815,0.15714285714285714,0.7219512195121951,0.28,0.5628415300546448,0.25136612021857924,0.44594594594594594,0.16216216216216217,0.02702702702702703,10.103225806451613,1.2193548387096773,7.1419354838709666,0.17372881355932204,0.6513931494724108,0.21238198865329658,0.6513931494724108,0.24489795918367346,,0.5,,,,,False,,1.5,,,,,False,
702616,Jackson Holliday,BAL,NYY,1,1.0,1,701542,Will Warren,R,824801,6:35 PM ET,Camden Yards,0,1,0.2545454545454545,2026-08-19,824801,0.0,1,102.7,105.0,101.5,L,4,4,0,0,0,0,0,0,0,1,0,3,0,0,1,0,1,0.22166666666666668,0.3036666666666667,0,0,0,0,1,0,0.19642857142857142,0.26229508196721313,0.7142857142857143,0.25806451612903225,0.2564102564102564,0.125,0.016129032258064516,0.06451612903225806,0.08928571428571429,1.2,1.0666666666666667,0.2926829268292683,0.21951219512195122,0.4878048780487805,0.1951219512195122,0.024390243902439025,0.28364761904761904,0.440175,0.22727272727272727,0.20833333333333334,0.3872833333333334,0.4818833333333334,0.32727272727272727,0.45454545454545453,0.16393442622950818,0.20833333333333334,0.25,0.27586206896551724,0.7219512195121951,0.28,0.5628415300546448,0.25136612021857924,0.44594594594594594,0.16216216216216217,0.02702702702702703,10.103225806451613,1.2193548387096773,7.1419354838709666,0.17372881355932204,0.6452541350744193,0.24912486976002665,0.6452541350744193,0.19642857142857142,,0.5,,,,,False,,1.5,,,,,False,
665750,Leody Taveras,BAL,NYY,1,7.0,1,701542,Will Warren,R,824801,6:35 PM ET,Camden Yards,0,1,0.2545454545454545,2026-08-19,824801,0.0,1,102.7,105.0,101.5,L,1,1,0,0,0,0,0,0,0,1,0,0,0,0,0,0,0,0.329,0.37799999999999995,0,0,0,0,1,0,0.2571428571428571,0.2972972972972973,0.7714285714285715,0.21621621621621623,0.3076923076923077,0.2,0.02702702702702703,0.05405405405405406,0.11428571428571428,1.0666666666666667,0.5333333333333333,0.37037037037037035,0.25925925925925924,0.3333333333333333,0.3333333333333333,0.0,0.23668589743589746,0.3325641025641026,0.3,0.18181818181818182,0.36081250000000015,0.4137499999999997,0.17647058823529413,0.43137254901960786,0.21428571428571427,0.19148936170212766,0.2765957446808511,0.2692307692307692,0.7219512195121951,0.28,0.5628415300546448,0.25136612021857924,0.44594594594594594,0.16216216216216217,0.02702702702702703,10.103225806451613,1.2193548387096773,7.1419354838709666,0.17372881355932204,0.5861182906648134,0.2066312978283776,0.5861182906648134,0.2571428571428571,,0.5,,,,,False,,1.5,,,,,False,
624413,Pete Alonso,BAL,NYY,1,2.0,1,701542,Will Warren,R,824801,6:35 PM ET,Camden Yards,1,1,0.2545454545454545,2026-08-19,824801,0.0,1,102.7,105.0,101.5,R,4,4,1,0,0,0,0,0,0,1,1,3,0,1,1,1,1,0.3933333333333333,0.5343333333333333,1,0,1,0,1,0,0.38181818181818183,0.4603174603174603,0.7636363636363637,0.20634920634920634,0.43243243243243246,0.3090909090909091,0.07936507936507936,0.031746031746031744,0.12727272727272726,2.533333333333333,0.8666666666666667,0.6666666666666666,0.2619047619047619,0.3333333333333333,0.38095238095238093,0.09523809523809523,0.47602,0.9837288888888889,0.5263157894736842,0.13043478260869565,0.50781,0.7777699999999997,0.43137254901960786,0.7843137254901961,0.14516129032258066,0.22413793103448276,0.43103448275862066,0.34328358208955223,0.7219512195121951,0.28,0.5628415300546448,0.25136612021857924,0.44594594594594594,0.16216216216216217,0.02702702702702703,10.103225806451613,1.2193548387096773,7.1419354838709666,0.17372881355932204,0.7219019081332606,0.2944442067650715,0.7219019081332606,0.38181818181818183,,0.5,,,,,False,,1.5,,,,,False,
694212,Samuel Basallo,BAL,NYY,1,4.0,1,701542,Will Warren,R,824801,6:35 PM ET,Camden Yards,0,1,0.2545454545454545,2026-08-19,824801,0.0,1,102.7,105.0,101.5,L,1,1,0,0,0,0,0,0,0,0,0,1,0,0,0,1,0,0.073,0.073,0,0,0,0,0,0,0.1836734693877551,0.2727272727272727,0.673469387755102,0.2909090909090909,0.1724137931034483,0.24489795918367346,0.07272727272727272,0.0,0.08163265306122448,1.4,1.0666666666666667,0.48484848484848486,0.12121212121212122,0.5757575757575758,0.2727272727272727,0.06060606060606061,0.2975555555555555,0.670138888888889,0.15789473684210525,0.3333333333333333,0.35637499999999994,0.756625,0.22448979591836735,0.5918367346938775,0.26785714285714285,0.23636363636363636,0.4727272727272727,0.2711864406779661,0.7219512195121951,0.28,0.5628415300546448,0.25136612021857924,0.44594594594594594,0.16216216216216217,0.02702702702702703,10.103225806451613,1.2193548387096773,7.1419354838709666,0.17372881355932204,0.6461047531188396,0.2154182895055734,0.6461047531188396,0.1836734693877551,,0.5,,,,,False,,1.5,,,,,False,
669224,Austin Wells,NYY,BAL,0,9.0,1,605135,Chris Bassitt,R,824801,6:35 PM ET,Camden Yards,0,1,0.2617702448210923,2026-08-19,824801,0.0,1,102.7,105.0,101.5,L,2,2,0,0,0,0,0,0,0,0,0,2,0,1,1,0,0,0.009000000000000001,0.0145,0,0,0,0,0,0,0.2777777777777778,0.35,0.75,0.21951219512195122,0.34615384615384615,0.19444444444444445,0.024390243902439025,0.0975609756097561,0.1388888888888889,1.1333333333333333,0.6,0.4074074074074074,0.2222222222222222,0.4074074074074074,0.3333333333333333,0.037037037037037035,0.29360714285714284,0.5023333333333333,0.25,0.14285714285714285,0.2101,0.24649999999999994,0.2571428571428571,0.42857142857142855,0.23076923076923078,0.11320754716981132,0.18867924528301888,0.3333333333333333,0.7443946188340808,0.27319587628865977,0.4271356783919598,0.135678391959799,0.4759036144578313,0.21686746987951808,0.006024096385542169,10.653061224489797,0.9183673469387755,6.061224489795918,0.15,0.5069995179351277,0.09692521865886262,0.5069995179351277,0.2777777777777778,,0.5,,,,,False,,1.5,,,,,False,
700250,Ben Rice,NYY,BAL,0,2.0,1,605135,Chris Bassitt,R,824801,6:35 PM ET,Camden Yards,0,1,0.2617702448210923,2026-08-19,824801,0.0,1,102.7,105.0,101.5,L,4,3,0,0,0,0,0,1,0,1,0,2,0,0,0,1,0,0.042,0.05,0,0,0,0,1,0,0.11320754716981132,0.22950819672131148,0.6415094339622641,0.3114754098360656,0.125,0.1320754716981132,0.03278688524590164,0.01639344262295082,0.05660377358490566,0.8666666666666667,1.2666666666666666,0.5,0.20588235294117646,0.35294117647058826,0.4117647058823529,0.029411764705882353,0.24359444444444442,0.4299944444444444,0.15,0.22727272727272727,0.35919999999999996,0.6476333333333334,0.09433962264150944,0.18867924528301888,0.265625,0.24193548387096775,0.5,0.296875,0.7443946188340808,0.27319587628865977,0.4271356783919598,0.135678391959799,0.4759036144578313,0.21686746987951808,0.006024096385542169,10.653061224489797,0.9183673469387755,6.061224489795918,0.15,0.6220448795959131,0.19770990016919823,0.6220448795959131,0.11320754716981132,,0.5,,,,,False,,1.5,,,,,False,
806146,George Lombard Jr.,NYY,BAL,0,8.0,1,605135,Chris Bassitt,R,824801,6:35 PM ET,Camden Yards,1,1,0.2617702448210923,2026-08-19,824801,0.0,1,102.7,105.0,101.5,R,4,4,2,0,0,0,0,0,0,1,2,3,0,1,0,3,0,0.24766666666666667,0.26733333333333337,1,1,1,1,1,0,0.24390243902439024,0.3404255319148936,0.6829268292682927,0.2765957446808511,0.3076923076923077,0.17073170731707318,0.0425531914893617,0.02127659574468085,0.07317073170731707,1.2142857142857142,0.9285714285714286,0.32142857142857145,0.2857142857142857,0.42857142857142855,0.21428571428571427,0.03571428571428571,0.38122727272727275,0.5786515151515151,0.25,0.16666666666666666,0.34829999999999994,0.49610000000000004,0.2222222222222222,0.3333333333333333,0.25,,,,0.7443946188340808,0.27319587628865977,0.4271356783919598,0.135678391959799,0.4759036144578313,0.21686746987951808,0.006024096385542169,10.653061224489797,0.9183673469387755,6.061224489795918,0.15,0.5718718464227271,0.19821532007600937,0.5718718464227271,0.24390243902439024,,0.5,,,,,False,,1.5,,,,,False,
671218,Heliot Ramos,NYY,BAL,0,4.0,1,605135,Chris Bassitt,R,824801,6:35 PM ET,Camden Yards,1,1,0.2617702448210923,2026-08-19,824801,0.0,1,102.7,105.0,101.5,R,4,3,0,0,0,0,1,0,0,2,0,1,0,1,0,1,0,0.21,0.231,0,0,0,0,1,1,0.11764705882352941,0.23728813559322035,0.6666666666666666,0.288135593220339,0.17647058823529413,0.058823529411764705,0.0,0.05084745762711865,0.058823529411764705,0.6,1.1333333333333333,0.47058823529411764,0.20588235294117646,0.5588235294117647,0.17647058823529413,0.0,0.2977611111111111,0.4371388888888889,0.06666666666666667,0.11764705882352941,0.25395,0.4102500000000001,0.18181818181818182,0.23636363636363636,0.25,0.2542372881355932,0.4067796610169492,0.24193548387096775,0.7443946188340808,0.27319587628865977,0.4271356783919598,0.135678391959799,0.4759036144578313,0.21686746987951808,0.006024096385542169,10.653061224489797,0.9183673469387755,6.061224489795918,0.15,0.6398674777734751,0.23311845181946453,0.6398674777734751,0.11764705882352941,,0.5,,,,,False,,1.5,,,,,False,
665862,Jazz Chisholm Jr.,NYY,BAL,0,5.0,1,605135,Chris Bassitt,R,824801,6:35 PM ET,Camden Yards,0,1,0.2617702448210923,2026-08-19,824801,0.0,1,102.7,105.0,101.5,L,4,4,0,0,0,0,0,0,0,2,0,2,1,1,2,0,0,0.2545,0.8065,0,0,0,0,1,1,0.16326530612244897,0.26785714285714285,0.6122448979591837,0.3392857142857143,0.2413793103448276,0.061224489795918366,0.017857142857142856,0.0,0.02040816326530612,0.7333333333333333,1.2666666666666666,0.43333333333333335,0.16666666666666666,0.5,0.26666666666666666,0.03333333333333333,0.30914444444444444,0.46755555555555556,0.2,0.3125,0.17920000000000003,0.27724999999999983,0.16326530612244897,0.22448979591836735,0.35714285714285715,0.2,0.34545454545454546,0.3620689655172414,0.7443946188340808,0.27319587628865977,0.4271356783919598,0.135678391959799,0.4759036144578313,0.21686746987951808,0.006024096385542169,10.653061224489797,0.9183673469387755,6.061224489795918,0.15,0.6326147087025028,0.18016242827952134,0.6326147087025028,0.16326530612244897,,0.5,,,,,False,,1.5,,,,,False,
671277,Luis García Jr.,NYY,BAL,0,3.0,1,605135,Chris Bassitt,R,824801,6:35 PM ET,Camden Yards,0,1,0.2617702448210923,2026-08-19,824801,0.0,1,102.7,105.0,101.5,L,4,4,0,0,0,0,0,0,0,2,0,2,0,0,2,0,0,0.020999999999999998,0.056999999999999995,0,0,0,0,1,1,0.25862068965517243,0.2903225806451613,0.8275862068965517,0.16129032258064516,0.2765957446808511,0.22413793103448276,0.03225806451612903,0.08064516129032258,0.13793103448275862,1.8666666666666667,0.6666666666666666,0.5102040816326531,0.22448979591836735,0.40816326530612246,0.2857142857142857,0.02040816326530612,0.30677777777777776,0.5003944444444445,0.21052631578947367,0.2857142857142857,0.2958333333333333,0.4372,0.2711864406779661,0.5254237288135594,0.15873015873015872,0.17647058823529413,0.23529411764705882,0.20754716981132076,0.7443946188340808,0.27319587628865977,0.4271356783919598,0.135678391959799,0.4759036144578313,0.21686746987951808,0.006024096385542169,10.653061224489797,0.9183673469387755,6.061224489795918,0.15,0.6692334176454976,0.25365804960834876,0.6692334176454976,0.25862068965517243,,0.5,,,,,False,,1.5,,,,,False,
641857,Ryan McMahon,NYY,BAL,0,7.0,1,605135,Chris Bassitt,R,824801,6:35 PM ET,Camden Yards,0,1,0.2617702448210923,2026-08-19,824801,0.0,1,102.7,105.0,101.5,L,2,1,0,0,0,0,1,0,0,1,0,0,0,0,0,0,0,0.4215,0.9264999999999999,0,0,0,0,1,0,0.24390243902439024,0.3333333333333333,0.6829268292682927,0.2708333333333333,0.32142857142857145,0.12195121951219512,0.020833333333333332,0.041666666666666664,0.07317073170731707,1.0,0.8666666666666667,0.41379310344827586,0.3103448275862069,0.27586206896551724,0.3793103448275862,0.0,0.3246538461538462,0.5008782051282051,0.21428571428571427,0.26666666666666666,0.2866249999999999,0.47168750000000015,0.24444444444444444,0.35555555555555557,0.27450980392156865,0.21621621621621623,0.43243243243243246,0.2558139534883721,0.7443946188340808,0.27319587628865977,0.4271356783919598,0.135678391959799,0.4759036144578313,0.21686746987951808,0.006024096385542169,10.653061224489797,0.9183673469387755,6.061224489795918,0.15,0.5865048908703813,0.16815361491632927,0.5865048908703813,0.24390243902439024,,0.5,,,,,False,,1.5,,,,,False,
682987,Spencer Jones,NYY,BAL,0,6.0,1,605135,Chris Bassitt,R,824801,6:35 PM ET,Camden Yards,0,1,0.2617702448210923,2026-08-19,824801,0.0,1,102.7,105.0,101.5,L,4,4,1,0,0,0,0,0,0,2,1,2,0,2,1,0,1,0.4575,0.623,1,0,1,0,1,1,0.17647058823529413,0.2631578947368421,0.6470588235294118,0.3157894736842105,0.22580645161290322,0.21568627450980393,0.03508771929824561,0.05263157894736842,0.11764705882352941,1.3333333333333333,1.2,0.48484848484848486,0.21212121212121213,0.3333333333333333,0.36363636363636365,0.030303030303030304,0.33766666666666667,0.7404555555555556,0.2222222222222222,0.42105263157894735,0.33,0.6734,0.13725490196078433,0.2549019607843137,0.34545454545454546,0.23529411764705882,0.5882352941176471,0.3333333333333333,0.7443946188340808,0.27319587628865977,0.4271356783919598,0.135678391959799,0.4759036144578313,0.21686746987951808,0.006024096385542169,10.653061224489797,0.9183673469387755,6.061224489795918,0.15,0.6179877328306065,0.18579780328231685,0.6179877328306065,0.17647058823529413,,0.5,,,,,False,,1.5,,,,,False,
663757,Trent Grisham,NYY,BAL,0,1.0,1,605135,Chris Bassitt,R,824801,6:35 PM ET,Camden Yards,0,1,0.2617702448210923,2026-08-19,824801,0.0,1,102.7,105.0,101.5,L,4,4,2,0,0,1,0,0,0,1,5,3,1,3,2,0,1,0.556,1.2316666666666667,1,1,1,1,1,0,0.24561403508771928,0.2711864406779661,0.7543859649122807,0.23728813559322035,0.23684210526315788,0.3508771929824561,0.0847457627118644,0.0847457627118644,0.17543859649122806,2.2666666666666666,0.9333333333333333,0.5348837209302325,0.3488372093023256,0.2558139534883721,0.3023255813953488,0.023255813953488372,0.33365476190476195,0.6192261904761905,0.3,0.2857142857142857,0.3435166666666667,0.5294499999999999,0.2542372881355932,0.576271186440678,0.22580645161290322,0.2830188679245283,0.4716981132075472,0.19298245614035087,0.7443946188340808,0.27319587628865977,0.4271356783919598,0.135678391959799,0.4759036144578313,0.21686746987951808,0.006024096385542169,10.653061224489797,0.9183673469387755,6.061224489795918,0.15,0.6471588178666114,0.23311845181946453,0.6471588178666114,0.24561403508771928,,0.5,,,,,False,,1.5,,,,,False,
694197,Angel Genao,CLE,SF,1,6.0,1,683363,Matt Wilkinson,R,824394,6:40 PM ET,Progressive Field,0,1,0.1864406779661017,2026-08-19,824394,0.0,0,96.8,95.8,102.3,L,1,1,0,0,0,0,0,0,0,0,0,1,0,0,0,1,0,0.104,0.117,0,0,0,0,0,0,0.20689655172413793,0.30303030303030304,0.896551724137931,0.09090909090909091,0.2,0.13793103448275862,0.030303030303030304,0.030303030303030304,0.06896551724137931,0.6666666666666666,0.2,0.46153846153846156,0.19230769230769232,0.6153846153846154,0.19230769230769232,0.0,0.24057692307692308,0.42265384615384616,0.2,0.09090909090909091,0.26118749999999996,0.39068749999999997,0.35,0.35,0.047619047619047616,0.2727272727272727,0.6363636363636364,0.07692307692307693,,,,,,,,,,,,0.5478587898234006,0.13300961660923485,0.5478587898234006,0.20689655172413793,,0.5,,,,,False,,1.5,,,,,False,
682657,Angel Martínez,CLE,SF,1,4.0,1,683363,Matt Wilkinson,R,824394,6:40 PM ET,Progressive Field,1,1,0.1864406779661017,2026-08-19,824394,0.0,0,96.8,95.8,102.3,R,4,4,1,1,0,0,0,0,0,0,2,4,0,3,1,1,2,0.40650000000000003,0.53825,1,0,1,1,0,0,0.3333333333333333,0.35135135135135137,0.6944444444444444,0.2894736842105263,0.4583333333333333,0.19444444444444445,0.02631578947368421,0.10526315789473684,0.1388888888888889,1.2666666666666666,0.7333333333333333,0.2692307692307692,0.38461538461538464,0.34615384615384615,0.19230769230769232,0.0,0.49126923076923074,0.7873461538461538,0.1111111111111111,0.3333333333333333,0.293625,0.3183750000000001,0.2222222222222222,0.36507936507936506,0.3181818181818182,0.24528301886792453,0.4339622641509434,0.21818181818181817,,,,,,,,,,,,0.49767188414512725,0.08451872349374678,0.49767188414512725,0.3333333333333333,,0.5,,,,,False,,1.5,,,,,False,
595978,Austin Hedges,CLE,SF,1,8.0,1,683363,Matt Wilkinson,R,824394,6:40 PM ET,Progressive Field,1,1,0.1864406779661017,2026-08-19,824394,0.0,0,96.8,95.8,102.3,R,3,3,0,0,0,0,0,0,0,1,0,2,0,0,0,0,2,0.273,0.3225,0,0,0,0,1,0,0.23076923076923078,0.3404255319148936,0.8205128205128205,0.14893617021276595,0.25,0.07692307692307693,0.02127659574468085,0.0,0.02564102564102564,0.8,0.4666666666666667,0.3333333333333333,0.15151515151515152,0.45454545454545453,0.24242424242424243,0.0,0.26834523809523814,0.3336071428571429,0.16666666666666666,0.0,0.23169999999999996,0.2562333333333332,0.32558139534883723,0.4186046511627907,0.12,0.2619047619047619,0.4523809523809524,0.15217391304347827,,,,,,,,,,,,0.48231179241852606,0.08808746819522721,0.48231179241852606,0.23076923076923078,,0.5,,,,,False,,1.5,,,,,False,
677587,Brayan Rocchio,CLE,SF,1,9.0,1,683363,Matt Wilkinson,R,824394,6:40 PM ET,Progressive Field,1,1,0.1864406779661017,2026-08-19,824394,0.0,0,96.8,95.8,102.3,R,3,3,1,0,0,0,0,0,0,1,1,2,0,0,1,0,1,0.3275,0.432,1,0,1,0,1,0,0.1935483870967742,0.21875,0.8387096774193549,0.15625,0.2,0.12903225806451613,0.03125,0.03125,0.06451612903225806,0.6666666666666666,0.3333333333333333,0.34615384615384615,0.3076923076923077,0.3076923076923077,0.38461538461538464,0.07692307692307693,0.2718154761904762,0.4577023809523809,0.2857142857142857,0.125,0.21008333333333334,0.3235833333333332,0.14754098360655737,0.29508196721311475,0.203125,0.23636363636363636,0.3090909090909091,0.15,,,,,,,,,,,,0.24624295792808634,0.024577506411995093,0.24624295792808634,0.1935483870967742,,0.5,,,,,False,,1.5,,,,,False,
608070,José Ramírez,CLE,SF,1,2.0,1,683363,Matt Wilkinson,R,824394,6:40 PM ET,Progressive Field,0,1,0.1864406779661017,2026-08-19,824394,0.0,0,96.8,95.8,102.3,L,1,1,1,0,0,0,0,0,0,0,1,1,0,0,0,0,1,0.363,0.44,1,0,1,0,0,0,0.2692307692307692,0.43243243243243246,0.9230769230769231,0.05405405405405406,0.2692307692307692,0.038461538461538464,0.0,0.02702702702702703,0.038461538461538464,0.5333333333333333,0.13333333333333333,0.4230769230769231,0.38461538461538464,0.3076923076923077,0.23076923076923078,0.0,0.39623809523809517,0.48127380952380955,0.3333333333333333,0.08333333333333333,0.4774999999999999,0.6423333333333334,0.18333333333333332,0.2,0.07352941176470588,0.3333333333333333,0.4791666666666667,0.03278688524590164,,,,,,,,,,,,0.3973029563731651,0.07562090729965167,0.3973029563731651,0.2692307692307692,,0.5,,,,,False,,1.5,,,,,False,
663993,Nathaniel Lowe,CLE,SF,1,3.0,1,683363,Matt Wilkinson,R,824394,6:40 PM ET,Progressive Field,0,1,0.1864406779661017,2026-08-19,824394,0.0,0,96.8,95.8,102.3,L,4,4,1,1,0,0,0,0,0,1,2,3,0,1,0,1,2,0.24733333333333332,0.32966666666666666,1,0,1,1,1,0,0.3076923076923077,0.3392857142857143,0.7884615384615384,0.19642857142857142,0.35,0.21153846153846154,0.03571428571428571,0.08928571428571429,0.1346153846153846,1.8,0.7333333333333333,0.5238095238095238,0.38095238095238093,0.35714285714285715,0.21428571428571427,0.0,0.3193440476190476,0.5049738095238095,0.29411764705882354,0.11764705882352941,0.2625833333333332,0.3983,0.36363636363636365,0.5636363636363636,0.19298245614035087,0.2222222222222222,0.4666666666666667,0.14285714285714285,,,,,,,,,,,,0.5612872741967717,0.11263780422675838,0.5612872741967717,0.3076923076923077,,0.5,,,,,False,,1.5,,,,,False,
690984,Petey Halpin,CLE,SF,1,7.0,1,683363,Matt Wilkinson,R,824394,6:40 PM ET,Progressive Field,0,1,0.1864406779661017,2026-08-19,824394,0.0,0,96.8,95.8,102.3,L,1,1,0,0,0,0,0,0,0,0,0,1,0,0,0,1,0,0.36,0.394,0,0,0,0,0,0,0.23404255319148937,0.28,0.8936170212765957,0.1,0.2619047619047619,0.02127659574468085,0.0,0.02,0.02127659574468085,0.8,0.3333333333333333,0.23809523809523808,0.09523809523809523,0.42857142857142855,0.35714285714285715,0.023809523809523808,0.28074333333333334,0.4174411111111111,0.3125,0.25,0.3846666666666666,0.5676666666666668,0.2708333333333333,0.4375,0.0784313725490196,0.09523809523809523,0.09523809523809523,0.25,,,,,,,,,,,,0.5004866107734678,0.09078608411307136,0.5004866107734678,0.23404255319148937,,0.5,,,,,False,,1.5,,,,,False,
680757,Steven Kwan,CLE,SF,1,1.0,1,683363,Matt Wilkinson,R,824394,6:40 PM ET,Progressive Field,0,1,0.1864406779661017,2026-08-19,824394,0.0,0,96.8,95.8,102.3,L,5,3,1,0,0,0,2,0,0,2,1,1,0,0,0,0,1,0.143,0.216,1,0,1,0,1,1,0.36666666666666664,0.4507042253521127,0.9,0.08450704225352113,0.3888888888888889,0.08333333333333333,0.014084507042253521,0.028169014084507043,0.05,1.8,0.4,0.05454545454545454,0.3090909090909091,0.41818181818181815,0.21818181818181817,0.0,0.31242222222222227,0.38647444444444445,0.2222222222222222,0.0,0.20626666666666654,0.27649999999999986,0.3333333333333333,0.4166666666666667,0.1,0.3137254901960784,0.35294117647058826,0.13333333333333333,,,,,,,,,,,,0.602469407995561,0.1411509250359154,0.602469407995561,0.36666666666666664,,0.5,,,,,False,,1.5,,,,,False,
683953,Travis Bazzana,CLE,SF,1,5.0,1,683363,Matt Wilkinson,R,824394,6:40 PM ET,Progressive Field,0,1,0.1864406779661017,2026-08-19,824394,0.0,0,96.8,95.8,102.3,L,4,4,0,0,0,0,0,0,0,1,0,3,0,1,1,0,1,0.26266666666666666,0.6813333333333333,0,0,0,0,1,0,0.21153846153846154,0.31666666666666665,0.7115384615384616,0.25,0.2972972972972973,0.019230769230769232,0.0,0.016666666666666666,0.019230769230769232,0.8,1.0,0.3783783783783784,0.2972972972972973,0.43243243243243246,0.16216216216216217,0.0,0.3217833333333333,0.4390388888888889,0.11764705882352941,0.21052631578947367,0.2908833333333333,0.33955,0.22641509433962265,0.24528301886792453,0.22580645161290322,0.18518518518518517,0.24074074074074073,0.24615384615384617,,,,,,,,,,,,0.5392512119308052,0.11339284738999124,0.5392512119308052,0.21153846153846154,,0.5,,,,,False,,1.5,,,,,False,
805811,Bryce Eldridge,SF,CLE,0,4.0,1,800048,Parker Messick,L,824394,6:40 PM ET,Progressive Field,0,0,0.20772058823529413,2026-08-19,824394,0.0,0,96.8,95.8,102.3,L,4,4,2,0,0,1,0,0,0,2,5,2,0,2,1,0,1,0.7330000000000001,1.686,1,1,1,1,1,1,0.23214285714285715,0.29508196721311475,0.7142857142857143,0.26229508196721313,0.2894736842105263,0.125,0.03278688524590164,0.01639344262295082,0.05357142857142857,1.3333333333333333,1.0666666666666667,0.4,0.225,0.4,0.35,0.025,0.32389444444444443,0.5218611111111111,0.2222222222222222,0.23809523809523808,0.3773666666666667,0.7284333333333333,0.17857142857142858,0.32142857142857145,0.2903225806451613,0.21818181818181817,0.41818181818181815,0.24193548387096775,0.7004048582995951,0.18468468468468469,0.3436123348017621,0.14096916299559473,0.48554913294797686,0.17341040462427745,0.017341040462427744,7.322033898305085,0.7627118644067796,8.847457627118644,0.23868312757201646,0.5862806527564346,0.2312141516839503,0.5862806527564346,0.23214285714285715,,0.5,,,,,False,,1.5,,,,,False,
683766,Christian Koss,SF,CLE,0,9.0,1,800048,Parker Messick,L,824394,6:40 PM ET,Progressive Field,1,0,0.20772058823529413,2026-08-19,824394,0.0,0,96.8,95.8,102.3,R,3,3,1,1,0,0,0,0,0,1,2,2,0,1,1,1,0,0.463,1.75,1,0,1,1,1,0,0.22,0.22,0.7,0.3,0.3142857142857143,0.04,0.0,0.04,0.04,0.8666666666666667,1.0,0.4,0.3142857142857143,0.45714285714285713,0.17142857142857143,0.0,0.36884523809523806,0.49463690476190475,0.3157894736842105,0.3157894736842105,0.4761,0.6878,0.22448979591836735,0.24489795918367346,0.2549019607843137,0.22857142857142856,0.2857142857142857,0.20512820512820512,0.7004048582995951,0.18468468468468469,0.3436123348017621,0.14096916299559473,0.48554913294797686,0.17341040462427745,0.017341040462427744,7.322033898305085,0.7627118644067796,8.847457627118644,0.23868312757201646,0.5469396398810229,0.18469743583452702,0.5469396398810229,0.22,,0.5,,,,,False,,1.5,,,,,False,
701852,Drew Cavanaugh,SF,CLE,0,8.0,1,800048,Parker Messick,L,824394,6:40 PM ET,Progressive Field,0,0,0.20772058823529413,2026-08-19,824394,0.0,0,96.8,95.8,102.3,L,5,5,2,0,0,0,0,0,0,0,2,5,0,0,0,3,2,0.4354,0.4878,1,1,1,1,0,0,0.23529411764705882,0.35,0.7941176470588235,0.17073170731707318,0.2962962962962963,0.029411764705882353,0.0,0.024390243902439025,0.029411764705882353,0.6,0.4666666666666667,0.35714285714285715,0.2857142857142857,0.42857142857142855,0.25,0.0,0.3006136363636363,0.4126363636363637,0.2,0.17647058823529413,0.4043125,0.6222500000000001,0.25,0.25,0.1951219512195122,,,,0.7004048582995951,0.18468468468468469,0.3436123348017621,0.14096916299559473,0.48554913294797686,0.17341040462427745,0.017341040462427744,7.322033898305085,0.7627118644067796,8.847457627118644,0.23868312757201646,0.5551225376501936,0.20950513583410144,0.5551225376501936,0.23529411764705882,,0.5,,,,,False,,1.5,,,,,False,
813841,Jonah Cox,SF,CLE,0,1.0,1,800048,Parker Messick,L,824394,6:40 PM ET,Progressive Field,1,0,0.20772058823529413,2026-08-19,824394,0.0,0,96.8,95.8,102.3,R,4,4,2,0,0,0,0,0,0,1,2,3,0,0,1,2,0,0.07866666666666668,0.11233333333333333,1,1,1,1,1,0,0.23333333333333334,0.23333333333333334,0.4666666666666667,0.48484848484848486,0.46153846153846156,0.23333333333333334,0.030303030303030304,0.0,0.1,0.9333333333333333,1.0666666666666667,0.4117647058823529,0.11764705882352941,0.4117647058823529,0.4117647058823529,0.11764705882352941,0.38740740740740737,0.6657777777777778,0.1111111111111111,0.4,0.2895,0.5745,0.4444444444444444,0.8888888888888888,0.4,0.19047619047619047,0.38095238095238093,0.4782608695652174,0.7004048582995951,0.18468468468468469,0.3436123348017621,0.14096916299559473,0.48554913294797686,0.17341040462427745,0.017341040462427744,7.322033898305085,0.7627118644067796,8.847457627118644,0.23868312757201646,0.6378491114205319,0.20924297604405726,0.6378491114205319,0.23333333333333334,,0.5,,,,,False,,1.5,,,,,False,
808982,Jung Hoo Lee,SF,CLE,0,6.0,1,800048,Parker Messick,L,824394,6:40 PM ET,Progressive Field,0,0,0.20772058823529413,2026-08-19,824394,0.0,0,96.8,95.8,102.3,L,5,5,1,0,0,0,0,0,0,0,1,5,0,1,4,0,0,0.4144,0.545,1,0,1,0,0,0,0.23728813559322035,0.2923076923076923,0.8983050847457628,0.09230769230769231,0.21568627450980393,0.2033898305084746,0.046153846153846156,0.046153846153846156,0.1016949152542373,1.7333333333333334,0.4,0.35185185185185186,0.18518518518518517,0.48148148148148145,0.2222222222222222,0.018518518518518517,0.28325,0.4261433333333333,0.19047619047619047,0.045454545454545456,0.3064066666666666,0.45501666666666657,0.27586206896551724,0.5517241379310345,0.15873015873015872,0.26666666666666666,0.45,0.09230769230769231,0.7004048582995951,0.18468468468468469,0.3436123348017621,0.14096916299559473,0.48554913294797686,0.17341040462427745,0.017341040462427744,7.322033898305085,0.7627118644067796,8.847457627118644,0.23868312757201646,0.6113466099303388,0.24227395740319949,0.6113466099303388,0.23728813559322035,,0.5,,,,,False,,1.5,,,,,False,
678545,Osleivis Basabe,SF,CLE,0,7.0,1,800048,Parker Messick,L,824394,6:40 PM ET,Progressive Field,1,0,0.20772058823529413,2026-08-19,824394,0.0,0,96.8,95.8,102.3,R,4,3,0,0,0,0,1,0,0,0,0,3,0,1,1,2,0,0.244,0.28099999999999997,0,0,0,0,0,0,0.28846153846153844,0.3090909090909091,0.8461538461538461,0.14545454545454545,0.2857142857142857,0.21153846153846154,0.05454545454545454,0.03636363636363636,0.09615384615384616,1.7333333333333334,0.5333333333333333,0.35555555555555557,0.1111111111111111,0.4888888888888889,0.35555555555555557,0.044444444444444446,0.27243333333333336,0.4414122222222222,0.3333333333333333,0.15789473684210525,0.23059999999999997,0.3051666666666667,0.26666666666666666,0.4222222222222222,0.19148936170212766,0.28205128205128205,0.48717948717948717,0.23809523809523808,0.7004048582995951,0.18468468468468469,0.3436123348017621,0.14096916299559473,0.48554913294797686,0.17341040462427745,0.017341040462427744,7.322033898305085,0.7627118644067796,8.847457627118644,0.23868312757201646,0.5853461943827571,0.2122779244592626,0.5853461943827571,0.28846153846153844,,0.5,,,,,False,,1.5,,,,,False,
646240,Rafael Devers,SF,CLE,0,2.0,1,800048,Parker Messick,L,824394,6:40 PM ET,Progressive Field,0,0,0.20772058823529413,2026-08-19,824394,0.0,0,96.8,95.8,102.3,L,4,4,0,0,0,0,0,0,0,3,0,1,0,0,0,0,0,0.014,0.023,0,0,0,0,1,1,0.22641509433962265,0.32786885245901637,0.7924528301886793,0.18032786885245902,0.23076923076923078,0.22641509433962265,0.04918032786885246,0.04918032786885246,0.11320754716981132,1.6,0.7333333333333333,0.5714285714285714,0.07142857142857142,0.47619047619047616,0.38095238095238093,0.023809523809523808,0.25375,0.4167566666666667,0.21052631578947367,0.13636363636363635,0.21636666666666676,0.3960199999999999,0.24074074074074073,0.46296296296296297,0.16129032258064516,0.2222222222222222,0.35185185185185186,0.24193548387096775,0.7004048582995951,0.18468468468468469,0.3436123348017621,0.14096916299559473,0.48554913294797686,0.17341040462427745,0.017341040462427744,7.322033898305085,0.7627118644067796,8.847457627118644,0.23868312757201646,0.6060002483040322,0.22809023999699532,0.6060002483040322,0.22641509433962265,,0.5,,,,,False,,1.5,,,,,False,
682674,Victor Bericoto,SF,CLE,0,5.0,1,800048,Parker Messick,L,824394,6:40 PM ET,Progressive Field,1,0,0.20772058823529413,2026-08-19,824394,0.0,0,96.8,95.8,102.3,R,4,4,0,0,0,0,0,0,0,1,0,3,0,1,1,1,1,0.22433333333333336,0.5259999999999999,0,0,0,0,1,0,0.3018867924528302,0.3148148148148148,0.7358490566037735,0.25925925925925924,0.3611111111111111,0.22641509433962265,0.05555555555555555,0.05555555555555555,0.11320754716981132,1.8666666666666667,0.9333333333333333,0.48717948717948717,0.23076923076923078,0.4358974358974359,0.3333333333333333,0.07692307692307693,0.3143833333333334,0.6433888888888889,0.15789473684210525,0.3684210526315789,0.27475000000000005,0.45,0.21951219512195122,0.3170731707317073,0.21428571428571427,0.3333333333333333,0.717948717948718,0.358974358974359,0.7004048582995951,0.18468468468468469,0.3436123348017621,0.14096916299559473,0.48554913294797686,0.17341040462427745,0.017341040462427744,7.322033898305085,0.7627118644067796,8.847457627118644,0.23868312757201646,0.6258507422734428,0.2509049626029433,0.6258507422734428,0.3018867924528302,,0.5,,,,,False,,1.5,,,,,False,
642715,Willy Adames,SF,CLE,0,3.0,1,800048,Parker Messick,L,824394,6:40 PM ET,Progressive Field,1,0,0.20772058823529413,2026-08-19,824394,0.0,0,96.8,95.8,102.3,R,4,3,1,0,0,0,1,0,0,0,1,3,0,1,0,0,1,0.222,0.317,1,0,1,0,0,0,0.21153846153846154,0.32786885245901637,0.7884615384615384,0.18032786885245902,0.25,0.07692307692307693,0.01639344262295082,0.01639344262295082,0.038461538461538464,1.0,0.7333333333333333,0.2926829268292683,0.12195121951219512,0.36585365853658536,0.3170731707317073,0.0,0.26459222222222223,0.3780677777777778,0.29411764705882354,0.21052631578947367,0.25444999999999995,0.4185833333333334,0.18,0.3,0.2542372881355932,0.2413793103448276,0.46551724137931033,0.2857142857142857,0.7004048582995951,0.18468468468468469,0.3436123348017621,0.14096916299559473,0.48554913294797686,0.17341040462427745,0.017341040462427744,7.322033898305085,0.7627118644067796,8.847457627118644,0.23868312757201646,0.6053200864376176,0.23783879631879867,0.6053200864376176,0.21153846153846154,,0.5,,,,,False,,1.5,,,,,False,
667472,Dane Myers,CIN,STL,1,3.0,1,669461,Matthew Liberatore,L,824476,6:40 PM ET,Great American Ball Park,1,0,0.2684310018903592,2026-08-19,824476,0.0,0,97.3,101.4,113.2,R,3,3,1,0,0,0,0,0,0,0,1,3,0,2,0,3,0,0.28,0.3176666666666667,1,0,1,0,0,0,0.22448979591836735,0.2909090909090909,0.7142857142857143,0.2545454545454545,0.2647058823529412,0.14285714285714285,0.03636363636363636,0.01818181818181818,0.061224489795918366,1.2,0.9333333333333333,0.3611111111111111,0.2777777777777778,0.4166666666666667,0.2222222222222222,0.0,0.2379551282051282,0.3888397435897436,0.3125,0.1111111111111111,0.34081666666666666,0.6509500000000001,0.21153846153846154,0.28846153846153844,0.3103448275862069,0.375,0.46875,0.11428571428571428,0.6635071090047393,0.2640449438202247,0.5187165775401069,0.2192513368983957,0.35714285714285715,0.2714285714285714,0.02857142857142857,10.83941605839416,1.773722627737226,10.445255474452553,0.25118483412322273,0.6281795754194394,0.24105446425798852,0.6281795754194394,0.22448979591836735,,0.5,,,,,False,,1.5,,,,,False,
682829,Elly De La Cruz,CIN,STL,1,1.0,1,669461,Matthew Liberatore,L,824476,6:40 PM ET,Great American Ball Park,0,0,0.2684310018903592,2026-08-19,824476,0.0,0,97.3,101.4,113.2,L,4,4,0,0,0,0,0,0,0,2,0,2,0,1,0,1,0,0.27,0.286,0,0,0,0,1,1,0.10526315789473684,0.18604651162790697,0.631578947368421,0.32558139534883723,0.16,0.02631578947368421,0.0,0.023255813953488372,0.02631578947368421,0.3333333333333333,0.9333333333333333,0.48,0.16,0.56,0.24,0.04,0.3399722222222222,0.45576388888888886,0.18181818181818182,0.46153846153846156,0.5181666666666668,0.8653333333333336,0.16363636363636364,0.32727272727272727,0.22388059701492538,0.3114754098360656,0.6065573770491803,0.2835820895522388,0.6635071090047393,0.2640449438202247,0.5187165775401069,0.2192513368983957,0.35714285714285715,0.2714285714285714,0.02857142857142857,10.83941605839416,1.773722627737226,10.445255474452553,0.25118483412322273,0.5884215545687054,0.18163904100775663,0.5884215545687054,0.10526315789473684,,0.5,,,,,False,,1.5,,,,,False,
553993,Eugenio Suárez,CIN,STL,1,4.0,1,669461,Matthew Liberatore,L,824476,6:40 PM ET,Great American Ball Park,1,0,0.2684310018903592,2026-08-19,824476,0.0,0,97.3,101.4,113.2,R,4,3,0,0,0,0,1,0,0,2,0,1,0,1,1,0,0,0.103,0.372,0,0,0,0,1,1,0.2653061224489796,0.3559322033898305,0.6326530612244898,0.3050847457627119,0.3103448275862069,0.3469387755102041,0.06779661016949153,0.0847457627118644,0.1836734693877551,2.0,1.2,0.48484848484848486,0.2727272727272727,0.30303030303030304,0.3333333333333333,0.06060606060606061,0.3455,0.687375,0.29411764705882354,0.25,0.3477333333333332,0.42790000000000017,0.24489795918367346,0.5306122448979592,0.2833333333333333,0.22641509433962265,0.37735849056603776,0.423728813559322,0.6635071090047393,0.2640449438202247,0.5187165775401069,0.2192513368983957,0.35714285714285715,0.2714285714285714,0.02857142857142857,10.83941605839416,1.773722627737226,10.445255474452553,0.25118483412322273,0.6022459320574461,0.23906615339553494,0.6022459320574461,0.2653061224489796,,0.5,,,,,False,,1.5,,,,,False,
668709,JJ Bleday,CIN,STL,1,7.0,1,669461,Matthew Liberatore,L,824476,6:40 PM ET,Great American Ball Park,0,0,0.2684310018903592,2026-08-19,824476,0.0,0,97.3,101.4,113.2,L,4,4,0,0,0,0,0,0,0,2,0,2,0,1,1,0,0,0.0125,0.0185,0,0,0,0,1,1,0.20408163265306123,0.3275862068965517,0.7551020408163265,0.20689655172413793,0.25,0.10204081632653061,0.017241379310344827,0.034482758620689655,0.061224489795918366,1.0,0.8,0.3783783783783784,0.1891891891891892,0.21621621621621623,0.40540540540540543,0.0,0.22525555555555557,0.40984444444444446,0.3333333333333333,0.11764705882352941,0.21693333333333334,0.2998666666666666,0.2222222222222222,0.37777777777777777,0.17543859649122806,0.25,0.42857142857142855,0.20634920634920634,0.6635071090047393,0.2640449438202247,0.5187165775401069,0.2192513368983957,0.35714285714285715,0.2714285714285714,0.02857142857142857,10.83941605839416,1.773722627737226,10.445255474452553,0.25118483412322273,0.5146692841130865,0.18801337490346914,0.5146692841130865,0.20408163265306123,,0.5,,,,,False,,1.5,,,,,False,
624431,Jose Trevino,CIN,STL,1,8.0,1,669461,Matthew Liberatore,L,824476,6:40 PM ET,Great American Ball Park,1,0,0.2684310018903592,2026-08-19,824476,0.0,0,97.3,101.4,113.2,R,3,3,0,0,0,0,0,0,0,0,0,3,0,0,0,2,1,0.078,0.10466666666666667,0,0,0,0,0,0,0.3137254901960784,0.3137254901960784,0.7450980392156863,0.2549019607843137,0.35294117647058826,0.27450980392156865,0.0784313725490196,0.0392156862745098,0.11764705882352941,2.0,0.8666666666666667,0.39473684210526316,0.13157894736842105,0.5,0.2894736842105263,0.02631578947368421,0.23583888888888888,0.35107222222222223,0.26666666666666666,0.3333333333333333,0.2893333333333333,0.37893333333333334,0.3541666666666667,0.6458333333333334,0.22916666666666666,0.1702127659574468,0.19148936170212766,0.11764705882352941,0.6635071090047393,0.2640449438202247,0.5187165775401069,0.2192513368983957,0.35714285714285715,0.2714285714285714,0.02857142857142857,10.83941605839416,1.773722627737226,10.445255474452553,0.25118483412322273,0.6105946052539019,0.20947575072816282,0.6105946052539019,0.3137254901960784,,0.5,,,,,False,,1.5,,,,,False,
680574,Matt McLain,CIN,STL,1,9.0,1,669461,Matthew Liberatore,L,824476,6:40 PM ET,Great American Ball Park,1,0,0.2684310018903592,2026-08-19,824476,0.0,0,97.3,101.4,113.2,R,3,3,0,0,0,0,0,0,0,0,0,3,0,3,2,1,0,0.37066666666666664,0.8119999999999999,0,0,0,0,0,0,0.2127659574468085,0.2962962962962963,0.6382978723404256,0.3148148148148148,0.25,0.2553191489361702,0.05555555555555555,0.05555555555555555,0.1276595744680851,1.4666666666666666,1.1333333333333333,0.3225806451612903,0.1935483870967742,0.3548387096774194,0.3548387096774194,0.0967741935483871,0.3510388888888889,0.6670111111111111,0.25,0.3888888888888889,0.32953333333333334,0.4012000000000001,0.20833333333333334,0.3958333333333333,0.33962264150943394,0.16279069767441862,0.3953488372093023,0.2653061224489796,0.6635071090047393,0.2640449438202247,0.5187165775401069,0.2192513368983957,0.35714285714285715,0.2714285714285714,0.02857142857142857,10.83941605839416,1.773722627737226,10.445255474452553,0.25118483412322273,0.4677556721726037,0.14476180249839418,0.4677556721726037,0.2127659574468085,,0.5,,,,,False,,1.5,,,,,False,
669911,Michael Toglia,CIN,STL,1,6.0,1,669461,Matthew Liberatore,L,824476,6:40 PM ET,Great American Ball Park,1,0,0.2684310018903592,2026-08-19,824476,0.0,0,97.3,101.4,113.2,R,2,1,0,0,0,0,1,0,0,1,0,0,0,0,0,0,0,0.766,0.864,0,0,0,0,1,0,0.14285714285714285,0.2,0.5,0.4666666666666667,0.2857142857142857,0.07142857142857142,0.0,0.06666666666666667,0.07142857142857142,0.4,0.9333333333333333,0.5,0.42857142857142855,0.21428571428571427,0.35714285714285715,0.0,0.3948888888888889,0.4874999999999998,0.15384615384615385,0.2857142857142857,0.45695833333333324,0.5466249999999999,0.05263157894736842,0.10526315789473684,0.5121951219512195,0.2641509433962264,0.5471698113207547,0.43636363636363634,0.6635071090047393,0.2640449438202247,0.5187165775401069,0.2192513368983957,0.35714285714285715,0.2714285714285714,0.02857142857142857,10.83941605839416,1.773722627737226,10.445255474452553,0.25118483412322273,0.5706967027259596,0.15298778801316607,0.5706967027259596,0.14285714285714285,,0.5,,,,,False,,1.5,,,,,False,
701398,Sal Stewart,CIN,STL,1,2.0,1,669461,Matthew Liberatore,L,824476,6:40 PM ET,Great American Ball Park,1,0,0.2684310018903592,2026-08-19,824476,0.0,0,97.3,101.4,113.2,R,4,4,1,0,0,0,0,0,0,0,1,4,0,1,0,3,1,0.38775,0.45875,1,0,1,0,0,0,0.288135593220339,0.31746031746031744,0.7627118644067796,0.2222222222222222,0.32558139534883723,0.1694915254237288,0.047619047619047616,0.015873015873015872,0.06779661016949153,1.8,0.9333333333333333,0.2608695652173913,0.21739130434782608,0.45652173913043476,0.32608695652173914,0.021739130434782608,0.3455222222222222,0.6066888888888889,0.25,0.2,0.3464,0.44480000000000003,0.288135593220339,0.4915254237288136,0.24615384615384617,0.2,0.21818181818181817,0.265625,0.6635071090047393,0.2640449438202247,0.5187165775401069,0.2192513368983957,0.35714285714285715,0.2714285714285714,0.02857142857142857,10.83941605839416,1.773722627737226,10.445255474452553,0.25118483412322273,0.6265537811298025,0.3004092681772863,0.6265537811298025,0.288135593220339,,0.5,,,,,False,,1.5,,,,,False,
663886,Tyler Stephenson,CIN,STL,1,5.0,1,669461,Matthew Liberatore,L,824476,6:40 PM ET,Great American Ball Park,1,0,0.2684310018903592,2026-08-19,824476,0.0,0,97.3,101.4,113.2,R,3,3,0,0,0,0,0,0,0,3,0,0,0,0,0,0,0,0.023,0.071,0,0,0,0,1,1,0.2391304347826087,0.36363636363636365,0.6739130434782609,0.2727272727272727,0.25925925925925924,0.30434782608695654,0.07272727272727272,0.03636363636363636,0.13043478260869565,1.6666666666666667,1.0,0.5161290322580645,0.22580645161290322,0.2903225806451613,0.41935483870967744,0.06451612903225806,0.35611309523809526,0.7394464285714285,0.15384615384615385,0.2857142857142857,0.24380000000000007,0.4937499999999999,0.2708333333333333,0.5833333333333334,0.25925925925925924,0.2558139534883721,0.32558139534883723,0.18518518518518517,0.6635071090047393,0.2640449438202247,0.5187165775401069,0.2192513368983957,0.35714285714285715,0.2714285714285714,0.02857142857142857,10.83941605839416,1.773722627737226,10.445255474452553,0.25118483412322273,0.5708209321662516,0.19978382064296088,0.5708209321662516,0.2391304347826087,,0.5,,,,,False,,1.5,,,,,False,
676475,Alec Burleson,STL,CIN,0,3.0,1,695505,Chase Burns,R,824476,6:40 PM ET,Great American Ball Park,0,1,0.2045060658578856,2026-08-19,824476,0.0,0,97.3,101.4,113.2,L,4,4,1,1,0,0,0,0,0,2,2,2,0,1,1,1,0,0.3225,0.9785,1,0,1,1,1,1,0.32727272727272727,0.4126984126984127,0.7454545454545455,0.2222222222222222,0.34285714285714286,0.41818181818181815,0.09523809523809523,0.07936507936507936,0.2,2.7333333333333334,0.9333333333333333,0.5853658536585366,0.2926829268292683,0.34146341463414637,0.2682926829268293,0.04878048780487805,0.41941071428571425,0.7943749999999999,0.3333333333333333,0.13636363636363635,0.4911,0.8713,0.37735849056603776,0.7547169811320755,0.15873015873015872,0.3275862068965517,0.5172413793103449,0.22580645161290322,0.6157205240174672,0.2182741116751269,0.3681592039800995,0.13432835820895522,0.3120567375886525,0.28368794326241137,0.014184397163120567,7.147058823529411,1.1117647058823528,11.117647058823527,0.3056768558951965,0.6401093290516742,0.22729087172550907,0.6401093290516742,0.32727272727272727,,0.5,,,,,False,,1.5,,,,,False,
691458,Blaze Jordan,STL,CIN,0,8.0,1,695505,Chase Burns,R,824476,6:40 PM ET,Great American Ball Park,1,1,0.2045060658578856,2026-08-19,824476,0.0,0,97.3,101.4,113.2,R,4,4,0,0,0,0,0,0,0,0,0,4,0,1,0,3,0,0.09175,0.097,0,0,0,0,0,0,0.30612244897959184,0.3333333333333333,0.7959183673469388,0.19607843137254902,0.3684210526315789,0.1836734693877551,0.0196078431372549,0.0392156862745098,0.10204081632653061,1.6,0.6666666666666666,0.4358974358974359,0.23076923076923078,0.46153846153846156,0.20512820512820512,0.0,0.41979761904761903,0.7166904761904762,0.2777777777777778,0.2631578947368421,0.49555,0.7918499999999999,0.3076923076923077,0.4230769230769231,0.19230769230769232,0.16279069767441862,0.3023255813953488,0.08,0.6157205240174672,0.2182741116751269,0.3681592039800995,0.13432835820895522,0.3120567375886525,0.28368794326241137,0.014184397163120567,7.147058823529411,1.1117647058823528,11.117647058823527,0.3056768558951965,0.5551225376501936,0.23522511807726523,0.5551225376501936,0.30612244897959184,,0.5,,,,,False,,1.5,,,,,False,
663494,Bryan Torres,STL,CIN,0,7.0,1,695505,Chase Burns,R,824476,6:40 PM ET,Great American Ball Park,0,1,0.2045060658578856,2026-08-19,824476,0.0,0,97.3,101.4,113.2,L,4,3,1,0,0,0,1,0,0,0,1,3,0,1,0,2,1,0.2383333333333333,0.31033333333333335,1,0,1,0,0,0,0.25,0.3,0.75,0.225,0.32142857142857145,0.027777777777777776,0.0,0.025,0.027777777777777776,0.6666666666666666,0.6,0.21428571428571427,0.2857142857142857,0.5357142857142857,0.17857142857142858,0.0,0.2643611111111111,0.33697777777777776,0.18181818181818182,0.23076923076923078,0.1841,0.21280000000000002,0.2857142857142857,0.3142857142857143,0.21052631578947367,,,,0.6157205240174672,0.2182741116751269,0.3681592039800995,0.13432835820895522,0.3120567375886525,0.28368794326241137,0.014184397163120567,7.147058823529411,1.1117647058823528,11.117647058823527,0.3056768558951965,0.49767188414512725,0.17287504103629325,0.49767188414512725,0.25,,0.5,,,,,False,,1.5,,,,,False,
671056,Iván Herrera,STL,CIN,0,2.0,1,695505,Chase Burns,R,824476,6:40 PM ET,Great American Ball Park,1,1,0.2045060658578856,2026-08-19,824476,0.0,0,97.3,101.4,113.2,R,4,4,0,0,0,0,0,0,0,2,0,2,0,0,0,1,1,0.2985,0.3465,0,0,0,0,1,1,0.27586206896551724,0.38571428571428573,0.7758620689655172,0.18571428571428572,0.3181818181818182,0.1896551724137931,0.02857142857142857,0.07142857142857142,0.1206896551724138,1.8,0.8666666666666667,0.5869565217391305,0.2826086956521739,0.43478260869565216,0.17391304347826086,0.043478260869565216,0.3437455555555555,0.5506555555555557,0.2,0.125,0.25704999999999995,0.44460000000000005,0.25,0.38333333333333336,0.18181818181818182,0.23214285714285715,0.35714285714285715,0.1875,0.6157205240174672,0.2182741116751269,0.3681592039800995,0.13432835820895522,0.3120567375886525,0.28368794326241137,0.014184397163120567,7.147058823529411,1.1117647058823528,11.117647058823527,0.3056768558951965,0.6146959620002203,0.2620949137717996,0.6146959620002203,0.27586206896551724,,0.5,,,,,False,,1.5,,,,,False,
802139,JJ Wetherholt,STL,CIN,0,1.0,1,695505,Chase Burns,R,824476,6:40 PM ET,Great American Ball Park,0,1,0.2045060658578856,2026-08-19,824476,0.0,0,97.3,101.4,113.2,L,5,5,0,0,0,0,0,0,0,2,0,3,0,1,2,1,0,0.077,0.12233333333333334,0,0,0,0,1,1,0.18518518518518517,0.35294117647058826,0.8333333333333334,0.1323529411764706,0.2222222222222222,0.05555555555555555,0.0,0.04411764705882353,0.05555555555555555,0.8666666666666667,0.6,0.35555555555555557,0.1111111111111111,0.5555555555555556,0.3111111111111111,0.022222222222222223,0.26010555555555553,0.4569388888888889,0.21052631578947367,0.14285714285714285,0.23721666666666663,0.36371666666666663,0.23529411764705882,0.35294117647058826,0.1323529411764706,0.13559322033898305,0.2542372881355932,0.15151515151515152,0.6157205240174672,0.2182741116751269,0.3681592039800995,0.13432835820895522,0.3120567375886525,0.28368794326241137,0.014184397163120567,7.147058823529411,1.1117647058823528,11.117647058823527,0.3056768558951965,0.627846611706247,0.1885961711112443,0.627846611706247,0.18518518518518517,,0.5,,,,,False,,1.5,,,,,False,
699625,Jimmy Crooks,STL,CIN,0,9.0,1,695505,Chase Burns,R,824476,6:40 PM ET,Great American Ball Park,0,1,0.2045060658578856,2026-08-19,824476,0.0,0,97.3,101.4,113.2,L,1,1,0,0,0,0,0,0,0,1,0,0,0,0,0,0,0,0.35366666666666663,0.5773333333333334,0,0,0,0,1,0,0.1956521739130435,0.22448979591836735,0.6956521739130435,0.2857142857142857,0.25,0.13043478260869565,0.02040816326530612,0.061224489795918366,0.08695652173913043,1.0,0.9333333333333333,0.36363636363636365,0.12121212121212122,0.3333333333333333,0.42424242424242425,0.030303030303030304,0.21874404761904762,0.40585714285714286,0.16666666666666666,0.23809523809523808,0.1363,0.1915666666666668,0.21739130434782608,0.41304347826086957,0.2857142857142857,0.25,0.875,0.4444444444444444,0.6157205240174672,0.2182741116751269,0.3681592039800995,0.13432835820895522,0.3120567375886525,0.28368794326241137,0.014184397163120567,7.147058823529411,1.1117647058823528,11.117647058823527,0.3056768558951965,0.3278576385578999,0.0848323616279087,0.3278576385578999,0.1956521739130435,,0.5,,,,,False,,1.5,,,,,False,
691023,Jordan Walker,STL,CIN,0,4.0,1,695505,Chase Burns,R,824476,6:40 PM ET,Great American Ball Park,1,1,0.2045060658578856,2026-08-19,824476,0.0,0,97.3,101.4,113.2,R,4,4,1,0,0,0,0,0,0,0,1,4,0,3,2,1,1,0.334,0.6577500000000001,1,0,1,0,0,0,0.3442622950819672,0.38461538461538464,0.819672131147541,0.16923076923076924,0.3958333333333333,0.18032786885245902,0.03076923076923077,0.07692307692307693,0.11475409836065574,2.1333333333333333,0.7333333333333333,0.38,0.16,0.42,0.3,0.04,0.31093111111111116,0.4992988888888889,0.4,0.13636363636363635,0.30909999999999993,0.5332833333333336,0.32786885245901637,0.45901639344262296,0.21875,0.2037037037037037,0.3148148148148148,0.1774193548387097,0.6157205240174672,0.2182741116751269,0.3681592039800995,0.13432835820895522,0.3120567375886525,0.28368794326241137,0.014184397163120567,7.147058823529411,1.1117647058823528,11.117647058823527,0.3056768558951965,0.6240079924001859,0.22855660303295058,0.6240079924001859,0.3442622950819672,,0.5,,,,,False,,1.5,,,,,False,
691026,Masyn Winn,STL,CIN,0,6.0,1,695505,Chase Burns,R,824476,6:40 PM ET,Great American Ball Park,1,1,0.2045060658578856,2026-08-19,824476,0.0,0,97.3,101.4,113.2,R,4,4,3,2,0,1,0,0,0,0,8,4,0,2,2,1,1,0.42375,1.011,1,1,1,1,0,0,0.18867924528301888,0.2542372881355932,0.6415094339622641,0.3220338983050847,0.2857142857142857,0.05660377358490566,0.0,0.05084745762711865,0.05660377358490566,0.8666666666666667,1.2666666666666666,0.2857142857142857,0.2571428571428571,0.42857142857142855,0.22857142857142856,0.0,0.3227777777777778,0.4432666666666666,0.10526315789473684,0.42857142857142855,0.3082666666666667,0.4542666666666667,0.2,0.3,0.2807017543859649,0.2857142857142857,0.35714285714285715,0.22950819672131148,0.6157205240174672,0.2182741116751269,0.3681592039800995,0.13432835820895522,0.3120567375886525,0.28368794326241137,0.014184397163120567,7.147058823529411,1.1117647058823528,11.117647058823527,0.3056768558951965,0.5518851911405532,0.1800875912246914,0.5518851911405532,0.18867924528301888,,0.5,,,,,False,,1.5,,,,,False,
701675,Nathan Church,STL,CIN,0,5.0,1,695505,Chase Burns,R,824476,6:40 PM ET,Great American Ball Park,0,1,0.2045060658578856,2026-08-19,824476,0.0,0,97.3,101.4,113.2,L,3,3,1,0,0,0,0,0,0,0,1,3,0,1,2,0,1,0.235,0.2816666666666667,1,0,1,0,0,0,0.2641509433962264,0.32786885245901637,0.8490566037735849,0.13114754098360656,0.2826086956521739,0.07547169811320754,0.01639344262295082,0.01639344262295082,0.03773584905660377,1.2,0.5333333333333333,0.2127659574468085,0.23404255319148937,0.3191489361702128,0.3404255319148936,0.0,0.31836025641025645,0.4117371794871794,0.21052631578947367,0.047619047619047616,0.2246166666666667,0.2821666666666667,0.2708333333333333,0.3541666666666667,0.13793103448275862,0.21818181818181817,0.2909090909090909,0.16666666666666666,0.6157205240174672,0.2182741116751269,0.3681592039800995,0.13432835820895522,0.3120567375886525,0.28368794326241137,0.014184397163120567,7.147058823529411,1.1117647058823528,11.117647058823527,0.3056768558951965,0.5762480128139175,0.19840637607276582,0.5762480128139175,0.2641509433962264,,0.5,,,,,False,,1.5,,,,,False,
656775,Cedric Mullins,TB,TOR,1,6.0,1,453286,Max Scherzer,R,822937,6:40 PM ET,Tropicana Field,0,1,0.15894039735099338,2026-08-19,822937,1.0,0,100.7,100.8,107.1,L,4,3,1,0,0,0,0,0,1,0,1,4,0,2,3,1,0,0.4613333333333333,1.1616666666666666,1,0,1,0,0,0,0.25,0.30357142857142855,0.7884615384615384,0.1896551724137931,0.3,0.15384615384615385,0.017241379310344827,0.05172413793103448,0.09615384615384616,1.4,0.7333333333333333,0.32558139534883723,0.18604651162790697,0.3953488372093023,0.2558139534883721,0.0,0.2126688888888889,0.2738877777777778,0.23809523809523808,0.23809523809523808,0.3156566666666667,0.3773299999999999,0.2549019607843137,0.4117647058823529,0.18333333333333332,0.25,0.4375,0.15254237288135594,0.7333333333333333,0.20666666666666667,0.4906832298136646,0.22981366459627328,0.36363636363636365,0.2878787878787879,0.045454545454545456,13.14159292035398,3.1061946902654864,7.407079646017698,0.17318435754189945,0.621729380614026,0.20185227325578015,0.621729380614026,0.25,,0.5,,,,,False,,1.5,,,,,False,
802415,Chandler Simpson,TB,TOR,1,1.0,1,453286,Max Scherzer,R,822937,6:40 PM ET,Tropicana Field,0,1,0.15894039735099338,2026-08-19,822937,1.0,0,100.7,100.8,107.1,L,5,5,2,0,0,0,0,0,0,0,2,5,0,1,1,4,0,0.1454,0.1702,1,1,1,1,0,0,0.41935483870967744,0.4153846153846154,0.9516129032258065,0.04477611940298507,0.4262295081967213,0.03225806451612903,0.0,0.029850746268656716,0.03225806451612903,1.8666666666666667,0.2,0.1111111111111111,0.2857142857142857,0.5555555555555556,0.15873015873015872,0.0,0.3042422222222222,0.3553666666666667,0.38095238095238093,0.043478260869565216,0.35,0.3984533333333333,0.4098360655737705,0.4262295081967213,0.05970149253731343,0.34615384615384615,0.46153846153846156,0.05172413793103448,0.7333333333333333,0.20666666666666667,0.4906832298136646,0.22981366459627328,0.36363636363636365,0.2878787878787879,0.045454545454545456,13.14159292035398,3.1061946902654864,7.407079646017698,0.17318435754189945,1.0,0.3105838445655584,1.0,0.41935483870967744,,0.5,,,,,False,,1.5,,,,,False,
666018,Jonathan Aranda,TB,TOR,1,3.0,1,453286,Max Scherzer,R,822937,6:40 PM ET,Tropicana Field,0,1,0.15894039735099338,2026-08-19,822937,1.0,0,100.7,100.8,107.1,L,5,5,1,0,0,0,0,0,0,2,1,3,0,2,1,1,1,0.39033333333333337,0.5833333333333333,1,0,1,0,1,1,0.29850746268656714,0.3380281690140845,0.7910447761194029,0.19718309859154928,0.36538461538461536,0.07462686567164178,0.014084507042253521,0.028169014084507043,0.04477611940298507,1.6666666666666667,0.9333333333333333,0.49056603773584906,0.2641509433962264,0.32075471698113206,0.3584905660377358,0.03773584905660377,0.3308577777777778,0.5467833333333334,0.30434782608695654,0.2916666666666667,0.32008000000000003,0.5915199999999998,0.30303030303030304,0.3787878787878788,0.2318840579710145,0.2545454545454545,0.34545454545454546,0.21875,0.7333333333333333,0.20666666666666667,0.4906832298136646,0.22981366459627328,0.36363636363636365,0.2878787878787879,0.045454545454545456,13.14159292035398,3.1061946902654864,7.407079646017698,0.17318435754189945,0.6539706740478677,0.2348128155669276,0.6539706740478677,0.29850746268656714,,0.5,,,,,False,,1.5,,,,,False,
691406,Junior Caminero,TB,TOR,1,2.0,1,453286,Max Scherzer,R,822937,6:40 PM ET,Tropicana Field,1,1,0.15894039735099338,2026-08-19,822937,1.0,0,100.7,100.8,107.1,R,5,5,2,0,0,0,0,0,0,0,2,5,0,3,2,2,1,0.2096,0.2582,1,1,1,1,0,0,0.21666666666666667,0.29850746268656714,0.7333333333333333,0.23880597014925373,0.20512820512820512,0.25,0.07462686567164178,0.0,0.08333333333333333,1.8666666666666667,1.0666666666666667,0.4772727272727273,0.09090909090909091,0.6363636363636364,0.25,0.0,0.25536666666666663,0.4881922222222223,0.19047619047619047,0.2727272727272727,0.2579733333333333,0.2792,0.22950819672131148,0.4918032786885246,0.19117647058823528,0.22641509433962265,0.4716981132075472,0.25,0.7333333333333333,0.20666666666666667,0.4906832298136646,0.22981366459627328,0.36363636363636365,0.2878787878787879,0.045454545454545456,13.14159292035398,3.1061946902654864,7.407079646017698,0.17318435754189945,0.6202536761536,0.19436410851033506,0.6202536761536,0.21666666666666667,,0.5,,,,,False,,1.5,,,,,False,
689414,Liam Hicks,TB,TOR,1,5.0,1,453286,Max Scherzer,R,822937,6:40 PM ET,Tropicana Field,0,1,0.15894039735099338,2026-08-19,822937,1.0,0,100.7,100.8,107.1,L,4,4,1,0,0,0,0,0,0,0,1,4,0,1,1,2,1,0.27075,0.33325,1,0,1,0,0,0,0.2978723404255319,0.45,0.8936170212765957,0.08333333333333333,0.3,0.19148936170212766,0.03333333333333333,0.05,0.10638297872340426,1.5333333333333334,0.3333333333333333,0.14285714285714285,0.2857142857142857,0.2857142857142857,0.3333333333333333,0.047619047619047616,0.2613607142857143,0.3353940476190476,0.26666666666666666,0.14285714285714285,0.26942,0.35973999999999984,0.3148148148148148,0.48148148148148145,0.07692307692307693,0.14893617021276595,0.14893617021276595,0.10344827586206896,0.7333333333333333,0.20666666666666667,0.4906832298136646,0.22981366459627328,0.36363636363636365,0.2878787878787879,0.045454545454545456,13.14159292035398,3.1061946902654864,7.407079646017698,0.17318435754189945,0.628405944758724,0.28251422472805293,0.628405944758724,0.2978723404255319,,0.5,,,,,False,,1.5,,,,,False,
680700,Richie Palacios,TB,TOR,1,8.0,1,453286,Max Scherzer,R,822937,6:40 PM ET,Tropicana Field,0,1,0.15894039735099338,2026-08-19,822937,1.0,0,100.7,100.8,107.1,L,4,3,1,0,0,0,0,0,1,0,1,4,0,1,1,2,0,0.24133333333333332,0.26533333333333337,1,0,1,0,0,0,0.3157894736842105,0.44680851063829785,0.7368421052631579,0.20833333333333334,0.4074074074074074,0.15789473684210525,0.020833333333333332,0.0625,0.10526315789473684,1.2,0.6666666666666666,0.41379310344827586,0.4482758620689655,0.20689655172413793,0.27586206896551724,0.0,0.35438888888888886,0.505625,0.3333333333333333,0.16666666666666666,0.4065416666666667,0.5285416666666666,0.3076923076923077,0.46153846153846156,0.24489795918367346,0.3076923076923077,0.41025641025641024,0.10869565217391304,0.7333333333333333,0.20666666666666667,0.4906832298136646,0.22981366459627328,0.36363636363636365,0.2878787878787879,0.045454545454545456,13.14159292035398,3.1061946902654864,7.407079646017698,0.17318435754189945,0.5384151261574651,0.17799245172044442,0.5384151261574651,0.3157894736842105,,0.5,,,,,False,,1.5,,,,,False,
668723,Ryan Vilade,TB,TOR,1,7.0,1,453286,Max Scherzer,R,822937,6:40 PM ET,Tropicana Field,1,1,0.15894039735099338,2026-08-19,822937,1.0,0,100.7,100.8,107.1,R,3,3,2,0,0,0,0,0,0,0,2,3,0,1,0,1,1,0.4573333333333333,0.517,1,1,1,1,0,0,0.2631578947368421,0.3333333333333333,0.6578947368421053,0.30952380952380953,0.2857142857142857,0.3684210526315789,0.09523809523809523,0.047619047619047616,0.15789473684210525,1.6,0.8666666666666667,0.44,0.12,0.36,0.4,0.04,0.3417307692307692,0.7160576923076923,0.3333333333333333,0.2,0.4171,0.9904,0.16279069767441862,0.3953488372093023,0.19230769230769232,0.2,0.45,0.3023255813953488,0.7333333333333333,0.20666666666666667,0.4906832298136646,0.22981366459627328,0.36363636363636365,0.2878787878787879,0.045454545454545456,13.14159292035398,3.1061946902654864,7.407079646017698,0.17318435754189945,0.5680210612590275,0.1792345033483087,0.5680210612590275,0.2631578947368421,,0.5,,,,,False,,1.5,,,,,False,
670764,Taylor Walls,TB,TOR,1,9.0,1,453286,Max Scherzer,R,822937,6:40 PM ET,Tropicana Field,0,1,0.15894039735099338,2026-08-19,822937,1.0,0,100.7,100.8,107.1,L,4,4,1,0,0,0,0,0,0,1,1,3,0,1,1,2,0,0.15966666666666665,0.24166666666666667,1,0,1,0,1,0,0.2777777777777778,0.35,0.8055555555555556,0.16666666666666666,0.2962962962962963,0.16666666666666666,0.047619047619047616,0.0,0.05555555555555555,1.0666666666666667,0.4666666666666667,0.16129032258064516,0.22580645161290322,0.3870967741935484,0.25806451612903225,0.0,0.28907738095238095,0.37739880952380955,0.3333333333333333,0.0,0.2953666666666668,0.34446666666666687,0.2553191489361702,0.40425531914893614,0.24074074074074073,0.23404255319148937,0.2978723404255319,0.29411764705882354,0.7333333333333333,0.20666666666666667,0.4906832298136646,0.22981366459627328,0.36363636363636365,0.2878787878787879,0.045454545454545456,13.14159292035398,3.1061946902654864,7.407079646017698,0.17318435754189945,0.42824407154872257,0.10316529092115223,0.42824407154872257,0.2777777777777778,,0.5,,,,,False,,1.5,,,,,False,
650490,Yandy Díaz,TB,TOR,1,4.0,1,453286,Max Scherzer,R,822937,6:40 PM ET,Tropicana Field,1,1,0.15894039735099338,2026-08-19,822937,1.0,0,100.7,100.8,107.1,R,4,4,2,0,0,0,0,0,0,0,2,4,0,2,0,3,1,0.26775,0.29925,1,1,1,1,0,0,0.31343283582089554,0.3424657534246575,0.8507462686567164,0.136986301369863,0.32142857142857145,0.1791044776119403,0.0410958904109589,0.0410958904109589,0.08955223880597014,2.2,0.6666666666666666,0.5254237288135594,0.288135593220339,0.4915254237288136,0.13559322033898305,0.03389830508474576,0.3967233333333333,0.6499811111111111,0.36363636363636365,0.12,0.43118000000000006,0.7023199999999997,0.2727272727272727,0.4090909090909091,0.18055555555555555,0.288135593220339,0.423728813559322,0.13636363636363635,0.7333333333333333,0.20666666666666667,0.4906832298136646,0.22981366459627328,0.36363636363636365,0.2878787878787879,0.045454545454545456,13.14159292035398,3.1061946902654864,7.407079646017698,0.17318435754189945,0.6843719498541366,0.2929731145411165,0.6843719498541366,0.31343283582089554,,0.5,,,,,False,,1.5,,,,,False,
672386,Alejandro Kirk,TOR,TB,0,3.0,1,656876,Drew Rasmussen,R,822937,6:40 PM ET,Tropicana Field,1,1,0.2130281690140845,2026-08-19,822937,1.0,0,100.7,100.8,107.1,R,6,6,3,1,0,1,0,0,0,0,7,6,0,3,1,4,1,0.37666666666666665,0.5511666666666667,1,1,1,1,0,0,0.38,0.45,0.88,0.1,0.38636363636363635,0.14,0.03333333333333333,0.016666666666666666,0.06,1.7333333333333334,0.4,0.30434782608695654,0.2391304347826087,0.5217391304347826,0.15217391304347827,0.0,0.31058571428571424,0.40427380952380954,0.4375,0.047619047619047616,0.3384,0.4513333333333332,0.2777777777777778,0.48148148148148145,0.04838709677419355,0.3488372093023256,0.37209302325581395,0.17307692307692307,0.6431718061674009,0.18269230769230768,0.3018867924528302,0.10377358490566038,0.3698630136986301,0.2671232876712329,0.02054794520547945,6.265193370165746,0.7458563535911602,8.80110497237569,0.2554112554112554,0.6641437253222807,0.24273096882596853,0.6641437253222807,0.38,,0.5,,,,,False,,1.5,,,,,False,
665926,Andrés Giménez,TOR,TB,0,5.0,1,656876,Drew Rasmussen,R,822937,6:40 PM ET,Tropicana Field,0,1,0.2130281690140845,2026-08-19,822937,1.0,0,100.7,100.8,107.1,L,5,5,1,0,0,0,0,0,0,0,1,5,0,0,1,2,1,0.2012,0.2424,1,0,1,0,0,0,0.3018867924528302,0.3559322033898305,0.7358490566037735,0.23728813559322035,0.38461538461538464,0.11320754716981132,0.01694915254237288,0.05084745762711865,0.07547169811320754,1.4666666666666666,0.9333333333333333,0.275,0.3,0.3,0.325,0.0,0.3230333333333333,0.45537777777777777,0.29411764705882354,0.21052631578947367,0.26596666666666674,0.34563333333333335,0.2916666666666667,0.4375,0.18867924528301888,0.3018867924528302,0.4339622641509434,0.2542372881355932,0.6431718061674009,0.18269230769230768,0.3018867924528302,0.10377358490566038,0.3698630136986301,0.2671232876712329,0.02054794520547945,6.265193370165746,0.7458563535911602,8.80110497237569,0.2554112554112554,0.5293284821731098,0.1741358297587813,0.5293284821731098,0.3018867924528302,,0.5,,,,,False,,1.5,,,,,False,
678218,Brandon Valenzuela,TOR,TB,0,8.0,1,656876,Drew Rasmussen,R,822937,6:40 PM ET,Tropicana Field,0,1,0.2130281690140845,2026-08-19,822937,1.0,0,100.7,100.8,107.1,L,2,2,0,0,0,0,0,0,0,2,0,0,0,0,0,0,0,0.469,0.543,0,0,0,0,1,1,0.16129032258064516,0.21212121212121213,0.6774193548387096,0.30303030303030304,0.23809523809523808,0.03225806451612903,0.0,0.030303030303030304,0.03225806451612903,0.4,0.6666666666666666,0.42857142857142855,0.2857142857142857,0.42857142857142855,0.14285714285714285,0.0,0.3265641025641025,0.4205384615384615,0.1,0.2727272727272727,0.16308333333333339,0.1857083333333333,0.21818181818181817,0.23636363636363636,0.35,0.16666666666666666,0.3333333333333333,0.2826086956521739,0.6431718061674009,0.18269230769230768,0.3018867924528302,0.10377358490566038,0.3698630136986301,0.2671232876712329,0.02054794520547945,6.265193370165746,0.7458563535911602,8.80110497237569,0.2554112554112554,0.500212374592453,0.16505960766838268,0.500212374592453,0.16129032258064516,,0.5,,,,,False,,1.5,,,,,False,
703520,Brett Bateman,TOR,TB,0,1.0,1,656876,Drew Rasmussen,R,822937,6:40 PM ET,Tropicana Field,0,1,0.2130281690140845,2026-08-19,822937,1.0,0,100.7,100.8,107.1,L,6,6,2,0,0,0,0,0,0,1,2,5,0,0,0,3,2,0.4446,0.5072,1,1,1,1,1,0,0.275,0.32558139534883723,0.775,0.20930232558139536,0.3548387096774194,0.05,0.0,0.046511627906976744,0.05,1.4444444444444444,1.0,0.16129032258064516,0.25806451612903225,0.6129032258064516,0.0967741935483871,0.0,0.28945370370370366,0.3698148148148148,0.3181818181818182,0.17391304347826086,0.2738,0.3107333333333333,0.3076923076923077,0.34615384615384615,0.20689655172413793,,,,0.6431718061674009,0.18269230769230768,0.3018867924528302,0.10377358490566038,0.3698630136986301,0.2671232876712329,0.02054794520547945,6.265193370165746,0.7458563535911602,8.80110497237569,0.2554112554112554,0.6562160988001698,0.22778574373632185,0.6562160988001698,0.275,,0.5,,,,,False,,1.5,,,,,False,
807727,Charles McAdoo,TOR,TB,0,9.0,1,656876,Drew Rasmussen,R,822937,6:40 PM ET,Tropicana Field,1,1,0.2130281690140845,2026-08-19,822937,1.0,0,100.7,100.8,107.1,R,3,3,2,0,0,0,0,0,0,0,2,3,0,1,0,2,0,0.20099999999999998,0.211,1,1,1,1,0,0,0.21428571428571427,0.2608695652173913,0.7142857142857143,0.2608695652173913,0.2413793103448276,0.16666666666666666,0.043478260869565216,0.021739130434782608,0.07142857142857142,1.0666666666666667,0.8,0.2903225806451613,0.3548387096774194,0.25806451612903225,0.25806451612903225,0.06451612903225806,0.3081527777777778,0.5024236111111111,0.2857142857142857,0.35294117647058826,0.4360833333333334,0.6493333333333333,0.16666666666666666,0.3333333333333333,0.10526315789473684,0.2608695652173913,0.43478260869565216,0.34615384615384615,0.6431718061674009,0.18269230769230768,0.3018867924528302,0.10377358490566038,0.3698630136986301,0.2671232876712329,0.02054794520547945,6.265193370165746,0.7458563535911602,8.80110497237569,0.2554112554112554,0.3695460678239683,0.10225435669262144,0.3695460678239683,0.21428571428571427,,0.5,,,,,False,,1.5,,,,,False,
660821,Jesús Sánchez,TOR,TB,0,6.0,1,656876,Drew Rasmussen,R,822937,6:40 PM ET,Tropicana Field,0,1,0.2130281690140845,2026-08-19,822937,1.0,0,100.7,100.8,107.1,L,4,3,1,1,0,0,1,0,0,1,2,2,0,1,1,1,0,0.13,0.26549999999999996,1,0,1,1,1,0,0.14705882352941177,0.2926829268292683,0.6470588235294118,0.2926829268292683,0.19047619047619047,0.11764705882352941,0.024390243902439025,0.024390243902439025,0.058823529411764705,0.6,0.8,0.4090909090909091,0.09090909090909091,0.4090909090909091,0.5,0.0,0.2787435897435897,0.5411923076923078,0.0,0.3076923076923077,0.18450000000000005,0.21925,0.15151515151515152,0.2727272727272727,0.2682926829268293,0.22,0.36,0.25862068965517243,0.6431718061674009,0.18269230769230768,0.3018867924528302,0.10377358490566038,0.3698630136986301,0.2671232876712329,0.02054794520547945,6.265193370165746,0.7458563535911602,8.80110497237569,0.2554112554112554,0.4798418215372838,0.11256522140570646,0.4798418215372838,0.14705882352941177,,0.5,,,,,False,,1.5,,,,,False,
669701,Josh Smith,TOR,TB,0,7.0,1,656876,Drew Rasmussen,R,822937,6:40 PM ET,Tropicana Field,0,1,0.2130281690140845,2026-08-19,822937,1.0,0,100.7,100.8,107.1,L,5,4,2,0,0,1,0,0,0,1,5,4,0,1,0,2,2,0.582,1.0586666666666666,1,1,1,1,1,0,0.14285714285714285,0.23076923076923078,0.6285714285714286,0.325,0.19047619047619047,0.08571428571428572,0.025,0.0,0.02857142857142857,0.5333333333333333,0.8666666666666667,0.2608695652173913,0.13043478260869565,0.6086956521739131,0.2608695652173913,0.0,0.2273974358974359,0.3661666666666666,0.1,0.5,0.24150000000000002,0.27425,0.175,0.25,0.3333333333333333,0.20930232558139536,0.23255813953488372,0.25,0.6431718061674009,0.18269230769230768,0.3018867924528302,0.10377358490566038,0.3698630136986301,0.2671232876712329,0.02054794520547945,6.265193370165746,0.7458563535911602,8.80110497237569,0.2554112554112554,0.4818197376187581,0.11916992885601319,0.4818197376187581,0.14285714285714285,,0.5,,,,,False,,1.5,,,,,False,
672960,Kazuma Okamoto,TOR,TB,0,4.0,1,656876,Drew Rasmussen,R,822937,6:40 PM ET,Tropicana Field,1,1,0.2130281690140845,2026-08-19,822937,1.0,0,100.7,100.8,107.1,R,5,5,1,0,0,1,0,0,0,1,4,4,1,1,2,1,0,0.249,0.9522499999999999,1,0,1,1,1,0,0.20689655172413793,0.2459016393442623,0.6724137931034483,0.3114754098360656,0.3076923076923077,0.05172413793103448,0.0,0.04918032786885246,0.05172413793103448,1.0,1.2666666666666666,0.3333333333333333,0.3076923076923077,0.1794871794871795,0.3076923076923077,0.0,0.30526666666666663,0.4356333333333333,0.29411764705882354,0.2222222222222222,0.37429999999999997,0.6459333333333335,0.19642857142857142,0.2857142857142857,0.3157894736842105,0.2,0.4,0.3064516129032258,0.6431718061674009,0.18269230769230768,0.3018867924528302,0.10377358490566038,0.3698630136986301,0.2671232876712329,0.02054794520547945,6.265193370165746,0.7458563535911602,8.80110497237569,0.2554112554112554,0.5600680889097239,0.14525760208247698,0.5600680889097239,0.20689655172413793,,0.5,,,,,False,,1.5,,,,,False,
664770,Nathan Lukes,TOR,TB,0,2.0,1,656876,Drew Rasmussen,R,822937,6:40 PM ET,Tropicana Field,0,1,0.2130281690140845,2026-08-19,822937,1.0,0,100.7,100.8,107.1,L,6,5,1,0,0,0,1,0,0,2,1,3,1,1,1,1,1,0.4526666666666667,0.8856666666666667,1,0,1,0,1,1,0.19230769230769232,0.20754716981132076,0.8846153846153846,0.10714285714285714,0.2,0.057692307692307696,0.017857142857142856,0.0,0.019230769230769232,0.8666666666666667,0.4,0.20408163265306123,0.22448979591836735,0.5714285714285714,0.14285714285714285,0.0,0.29002222222222224,0.34833333333333333,0.21428571428571427,0.05555555555555555,0.41466666666666663,0.4849,0.2,0.26,0.08928571428571429,0.2222222222222222,0.2222222222222222,0.2037037037037037,0.6431718061674009,0.18269230769230768,0.3018867924528302,0.10377358490566038,0.3698630136986301,0.2671232876712329,0.02054794520547945,6.265193370165746,0.7458563535911602,8.80110497237569,0.2554112554112554,0.577899035248502,0.2107923561356101,0.577899035248502,0.19230769230769232,,0.5,,,,,False,,1.5,,,,,False,
677951,Bobby Witt Jr.,KC,ATH,1,2.0,1,605488,Jeffrey Springs,L,824076,7:40 PM ET,Kauffman Stadium,1,0,0.20037105751391465,2026-08-19,824076,0.0,0,103.7,102.1,85.4,R,5,3,1,0,0,0,1,1,0,1,1,2,0,1,1,0,1,0.7845,1.0525,1,0,1,0,1,0,0.3090909090909091,0.3968253968253968,0.7818181818181819,0.19047619047619047,0.36585365853658536,0.18181818181818182,0.031746031746031744,0.06349206349206349,0.10909090909090909,1.8,0.8,0.46511627906976744,0.23255813953488372,0.3953488372093023,0.3023255813953488,0.023255813953488372,0.27823809523809523,0.47402380952380957,0.35,0.21739130434782608,0.2714333333333333,0.4478833333333333,0.29310344827586204,0.4827586206896552,0.2153846153846154,0.2631578947368421,0.38596491228070173,0.2222222222222222,0.7268292682926829,0.25748502994011974,0.6721311475409836,0.34972677595628415,0.3221476510067114,0.35570469798657717,0.040268456375838924,10.58108108108108,3.1013513513513513,7.479729729729729,0.18141592920353983,0.6886253505945316,0.3067987655057769,0.6886253505945316,0.3090909090909091,,0.5,,,,,False,,1.5,,,,,False,
695600,Carter Jensen,KC,ATH,1,7.0,1,605488,Jeffrey Springs,L,824076,7:40 PM ET,Kauffman Stadium,0,0,0.20037105751391465,2026-08-19,824076,0.0,0,103.7,102.1,85.4,L,4,2,1,0,0,0,2,0,0,0,1,2,0,1,0,1,1,0.581,0.66,1,0,1,0,0,0,0.11320754716981132,0.24193548387096775,0.6792452830188679,0.27419354838709675,0.11764705882352941,0.16981132075471697,0.03225806451612903,0.016129032258064516,0.07547169811320754,1.0,1.1333333333333333,0.3888888888888889,0.1388888888888889,0.3333333333333333,0.4166666666666667,0.027777777777777776,0.229702380952381,0.4843154761904761,0.1111111111111111,0.25,0.15658333333333327,0.30466666666666664,0.1568627450980392,0.3333333333333333,0.32786885245901637,0.1864406779661017,0.3050847457627119,0.296875,0.7268292682926829,0.25748502994011974,0.6721311475409836,0.34972677595628415,0.3221476510067114,0.35570469798657717,0.040268456375838924,10.58108108108108,3.1013513513513513,7.479729729729729,0.18141592920353983,0.5524104291731516,0.1864461059605695,0.5524104291731516,0.11320754716981132,,0.5,,,,,False,,1.5,,,,,False,
695506,Jac Caglianone,KC,ATH,1,3.0,1,605488,Jeffrey Springs,L,824076,7:40 PM ET,Kauffman Stadium,0,0,0.20037105751391465,2026-08-19,824076,0.0,0,103.7,102.1,85.4,L,4,4,2,1,0,0,0,0,0,1,3,3,0,2,0,1,2,0.4156666666666667,0.608,1,1,1,1,1,0,0.423728813559322,0.4426229508196721,0.8813559322033898,0.11475409836065574,0.425531914893617,0.3220338983050847,0.08196721311475409,0.06557377049180328,0.15254237288135594,2.933333333333333,0.4666666666666667,0.5384615384615384,0.2692307692307692,0.5,0.21153846153846154,0.0,0.4183077777777778,0.7473044444444444,0.42105263157894735,0.1,0.39024000000000003,0.7428299999999999,0.2830188679245283,0.5660377358490566,0.14285714285714285,0.3064516129032258,0.5806451612903226,0.234375,0.7268292682926829,0.25748502994011974,0.6721311475409836,0.34972677595628415,0.3221476510067114,0.35570469798657717,0.040268456375838924,10.58108108108108,3.1013513513513513,7.479729729729729,0.18141592920353983,0.6915419025122383,0.3299542901933521,0.6915419025122383,0.423728813559322,,0.5,,,,,False,,1.5,,,,,False,
664728,Kyle Isbel,KC,ATH,1,9.0,1,605488,Jeffrey Springs,L,824076,7:40 PM ET,Kauffman Stadium,0,0,0.20037105751391465,2026-08-19,824076,0.0,0,103.7,102.1,85.4,L,3,3,0,0,0,0,0,0,0,1,0,2,0,0,1,1,0,0.041,0.0505,0,0,0,0,1,0,0.2127659574468085,0.2692307692307692,0.7659574468085106,0.2037037037037037,0.25,0.06382978723404255,0.018518518518518517,0.0,0.02127659574468085,0.8666666666666667,0.7333333333333333,0.38461538461538464,0.07692307692307693,0.6666666666666666,0.15384615384615385,0.0,0.2764285714285714,0.31926785714285716,0.2222222222222222,0.3,0.2975,0.3618833333333331,0.2,0.225,0.15217391304347827,0.14893617021276595,0.2553191489361702,0.27450980392156865,0.7268292682926829,0.25748502994011974,0.6721311475409836,0.34972677595628415,0.3221476510067114,0.35570469798657717,0.040268456375838924,10.58108108108108,3.1013513513513513,7.479729729729729,0.18141592920353983,0.4769006926710415,0.18054164389979988,0.4769006926710415,0.2127659574468085,,0.5,,,,,False,,1.5,,,,,False,
672580,Maikel Garcia,KC,ATH,1,4.0,1,605488,Jeffrey Springs,L,824076,7:40 PM ET,Kauffman Stadium,1,0,0.20037105751391465,2026-08-19,824076,0.0,0,103.7,102.1,85.4,R,4,4,1,0,0,0,0,0,0,1,1,3,0,2,0,2,1,0.34400000000000003,0.4586666666666666,1,0,1,0,1,0,0.24528301886792453,0.2982456140350877,0.7924528301886793,0.19298245614035087,0.30952380952380953,0.07547169811320754,0.0,0.03508771929824561,0.05660377358490566,1.1333333333333333,0.7333333333333333,0.38095238095238093,0.16666666666666666,0.5,0.2619047619047619,0.047619047619047616,0.27801785714285715,0.4400833333333333,0.21052631578947367,0.15,0.2348333333333333,0.27898333333333325,0.2545454545454545,0.34545454545454546,0.19298245614035087,0.2727272727272727,0.41818181818181815,0.1746031746031746,0.7268292682926829,0.25748502994011974,0.6721311475409836,0.34972677595628415,0.3221476510067114,0.35570469798657717,0.040268456375838924,10.58108108108108,3.1013513513513513,7.479729729729729,0.18141592920353983,0.679722280070337,0.3054765384879126,0.679722280070337,0.24528301886792453,,0.5,,,,,False,,1.5,,,,,False,
679845,Nick Loftin,KC,ATH,1,1.0,1,605488,Jeffrey Springs,L,824076,7:40 PM ET,Kauffman Stadium,1,0,0.20037105751391465,2026-08-19,824076,0.0,0,103.7,102.1,85.4,R,3,3,0,0,0,0,0,0,0,2,0,1,0,0,1,0,0,0.029,0.063,0,0,0,0,1,1,0.15217391304347827,0.2777777777777778,0.717391304347826,0.23636363636363636,0.21212121212121213,0.06521739130434782,0.0,0.05454545454545454,0.06521739130434782,0.6666666666666666,0.8666666666666667,0.17647058823529413,0.2647058823529412,0.38235294117647056,0.3235294117647059,0.0,0.2613358974358974,0.34681666666666666,0.05263157894736842,0.2727272727272727,0.23834,0.33324000000000004,0.29545454545454547,0.4318181818181818,0.1509433962264151,0.22,0.32,0.1896551724137931,0.7268292682926829,0.25748502994011974,0.6721311475409836,0.34972677595628415,0.3221476510067114,0.35570469798657717,0.040268456375838924,10.58108108108108,3.1013513513513513,7.479729729729729,0.18141592920353983,0.6704964971922952,0.2866362352519256,0.6704964971922952,0.15217391304347827,,0.5,,,,,False,,1.5,,,,,False,
521692,Salvador Perez,KC,ATH,1,6.0,1,605488,Jeffrey Springs,L,824076,7:40 PM ET,Kauffman Stadium,1,0,0.20037105751391465,2026-08-19,824076,0.0,0,103.7,102.1,85.4,R,4,3,0,0,0,0,0,0,0,0,0,3,0,2,2,1,0,0.05933333333333334,0.17566666666666667,0,0,0,0,0,0,0.22641509433962265,0.24561403508771928,0.8490566037735849,0.13793103448275862,0.2391304347826087,0.09433962264150944,0.017241379310344827,0.034482758620689655,0.05660377358490566,1.1333333333333333,0.5333333333333333,0.3404255319148936,0.23404255319148937,0.40425531914893614,0.3617021276595745,0.02127659574468085,0.3026111111111111,0.47060555555555555,0.25,0.15789473684210525,0.38339999999999996,0.5180499999999999,0.25,0.5178571428571429,0.18032786885245902,0.23214285714285715,0.35714285714285715,0.16393442622950818,0.7268292682926829,0.25748502994011974,0.6721311475409836,0.34972677595628415,0.3221476510067114,0.35570469798657717,0.040268456375838924,10.58108108108108,3.1013513513513513,7.479729729729729,0.18141592920353983,0.6544251955659187,0.2845500660072877,0.6544251955659187,0.22641509433962265,,0.5,,,,,False,,1.5,,,,,False,
686475,Tyler Tolbert,KC,ATH,1,8.0,1,605488,Jeffrey Springs,L,824076,7:40 PM ET,Kauffman Stadium,1,0,0.20037105751391465,2026-08-19,824076,0.0,0,103.7,102.1,85.4,R,1,1,1,0,0,0,0,0,0,0,1,1,0,0,0,1,0,0.273,0.319,1,0,1,0,0,0,0.21052631578947367,0.3023255813953488,0.7894736842105263,0.17391304347826086,0.2413793103448276,0.18421052631578946,0.021739130434782608,0.08695652173913043,0.13157894736842105,1.0,0.5333333333333333,0.24242424242424243,0.18181818181818182,0.45454545454545453,0.30303030303030304,0.0,0.2897777777777778,0.3922361111111112,0.16666666666666666,0.26666666666666666,0.3031666666666667,0.34508333333333335,0.3142857142857143,0.42857142857142855,0.2,0.3170731707317073,0.5365853658536586,0.10416666666666667,0.7268292682926829,0.25748502994011974,0.6721311475409836,0.34972677595628415,0.3221476510067114,0.35570469798657717,0.040268456375838924,10.58108108108108,3.1013513513513513,7.479729729729729,0.18141592920353983,0.6296560081496073,0.2579400029872136,0.6296560081496073,0.21052631578947367,,0.5,,,,,False,,1.5,,,,,False,
686469,Vinnie Pasquantino,KC,ATH,1,5.0,1,605488,Jeffrey Springs,L,824076,7:40 PM ET,Kauffman Stadium,0,0,0.20037105751391465,2026-08-19,824076,0.0,0,103.7,102.1,85.4,L,4,4,2,1,0,0,0,0,0,0,3,4,0,3,2,0,2,0.43624999999999997,0.608,1,1,1,1,0,0,0.2830188679245283,0.36666666666666664,0.7924528301886793,0.18032786885245902,0.35714285714285715,0.03773584905660377,0.0,0.03278688524590164,0.03773584905660377,1.1333333333333333,0.7333333333333333,0.42857142857142855,0.19047619047619047,0.42857142857142855,0.23809523809523808,0.0,0.31270238095238095,0.4299047619047619,0.3157894736842105,0.23809523809523808,0.2855,0.3955625000000002,0.3148148148148148,0.35185185185185186,0.11475409836065574,0.1896551724137931,0.2413793103448276,0.3076923076923077,0.7268292682926829,0.25748502994011974,0.6721311475409836,0.34972677595628415,0.3221476510067114,0.35570469798657717,0.040268456375838924,10.58108108108108,3.1013513513513513,7.479729729729729,0.18141592920353983,0.6733767146625494,0.28505722753165935,0.6733767146625494,0.2830188679245283,,0.5,,,,,False,,1.5,,,,,False,
666126,Carlos Cortes,ATH,KC,0,6.0,1,607625,Seth Lugo,R,824076,7:40 PM ET,Kauffman Stadium,0,1,0.21052631578947367,2026-08-19,824076,0.0,0,103.7,102.1,85.4,L,1,1,0,0,0,0,0,0,0,0,0,1,0,0,0,1,0,0.039,0.039,0,0,0,0,0,0,0.13513513513513514,0.20930232558139536,0.7297297297297297,0.23255813953488372,0.1724137931034483,0.08108108108108109,0.0,0.06976744186046512,0.08108108108108109,0.5333333333333333,0.6666666666666666,0.2413793103448276,0.2413793103448276,0.5517241379310345,0.20689655172413793,0.0,0.23782638888888888,0.33568749999999997,0.23529411764705882,0.15789473684210525,0.21755,0.3467833333333333,0.13513513513513514,0.21621621621621623,0.23255813953488372,0.2857142857142857,0.2857142857142857,0.3333333333333333,0.7310924369747899,0.24120603015075376,0.4807692307692308,0.20673076923076922,0.47126436781609193,0.2988505747126437,0.017241379310344827,10.867924528301886,2.207547169811321,6.452830188679245,0.16170212765957448,0.6057417906611141,0.2122779244592626,0.6057417906611141,0.13513513513513514,,0.5,,,,,False,,1.5,,,,,False,
622268,Donovan Walton,ATH,KC,0,8.0,1,607625,Seth Lugo,R,824076,7:40 PM ET,Kauffman Stadium,0,1,0.21052631578947367,2026-08-19,824076,0.0,0,103.7,102.1,85.4,L,2,2,0,0,0,0,0,0,0,1,0,1,0,0,1,0,0,0.043,0.133,0,0,0,0,1,0,0.20588235294117646,0.325,0.8529411764705882,0.12195121951219512,0.2413793103448276,0.058823529411764705,0.0,0.04878048780487805,0.058823529411764705,0.6,0.3333333333333333,0.2,0.16666666666666666,0.5,0.3,0.03333333333333333,0.2720444444444444,0.36606666666666665,0.21428571428571427,0.1111111111111111,0.2739333333333333,0.3904999999999999,0.22580645161290322,0.2903225806451613,0.10256410256410256,0.175,0.5,0.13636363636363635,0.7310924369747899,0.24120603015075376,0.4807692307692308,0.20673076923076922,0.47126436781609193,0.2988505747126437,0.017241379310344827,10.867924528301886,2.207547169811321,6.452830188679245,0.16170212765957448,0.5800458585498587,0.21876164176795287,0.5800458585498587,0.20588235294117646,,0.5,,,,,False,,1.5,,,,,False,
703607,Henry Bolte,ATH,KC,0,1.0,1,607625,Seth Lugo,R,824076,7:40 PM ET,Kauffman Stadium,1,1,0.21052631578947367,2026-08-19,824076,0.0,0,103.7,102.1,85.4,R,4,4,1,0,0,0,0,0,0,0,1,4,0,2,1,3,0,0.245,0.28775,1,0,1,0,0,0,0.3389830508474576,0.38095238095238093,0.7288135593220338,0.25396825396825395,0.425,0.2033898305084746,0.047619047619047616,0.047619047619047616,0.1016949152542373,2.1333333333333333,1.0666666666666667,0.5116279069767442,0.27906976744186046,0.5581395348837209,0.16279069767441862,0.023255813953488372,0.4240266666666666,0.5973033333333333,0.35,0.13636363636363635,0.40991333333333335,0.48939333333333324,0.2,0.24,0.3090909090909091,0.28846153846153844,0.5,0.2631578947368421,0.7310924369747899,0.24120603015075376,0.4807692307692308,0.20673076923076922,0.47126436781609193,0.2988505747126437,0.017241379310344827,10.867924528301886,2.207547169811321,6.452830188679245,0.16170212765957448,0.7002352109781395,0.28430305065720024,0.7002352109781395,0.3389830508474576,,0.5,,,,,False,,1.5,,,,,False,
643446,Jeff McNeil,ATH,KC,0,2.0,1,607625,Seth Lugo,R,824076,7:40 PM ET,Kauffman Stadium,0,1,0.21052631578947367,2026-08-19,824076,0.0,0,103.7,102.1,85.4,L,4,4,2,0,0,0,0,0,0,0,2,4,0,1,0,2,2,0.537,0.6244999999999999,1,1,1,1,0,0,0.34,0.3584905660377358,0.86,0.12962962962962962,0.35714285714285715,0.16,0.037037037037037035,0.037037037037037035,0.08,1.6666666666666667,0.4666666666666667,0.29545454545454547,0.25,0.4090909090909091,0.25,0.06818181818181818,0.28620555555555555,0.4233333333333333,0.35294117647058826,0.05555555555555555,0.30740000000000006,0.5371333333333332,0.375,0.575,0.08695652173913043,0.2545454545454545,0.3090909090909091,0.08928571428571429,0.7310924369747899,0.24120603015075376,0.4807692307692308,0.20673076923076922,0.47126436781609193,0.2988505747126437,0.017241379310344827,10.867924528301886,2.207547169811321,6.452830188679245,0.16170212765957448,0.6861609525695874,0.2707244150426273,0.6861609525695874,0.34,,0.5,,,,,False,,1.5,,,,,False,
641680,Jonah Heim,ATH,KC,0,7.0,1,607625,Seth Lugo,R,824076,7:40 PM ET,Kauffman Stadium,0,1,0.21052631578947367,2026-08-19,824076,0.0,0,103.7,102.1,85.4,L,2,2,0,0,0,0,0,0,0,0,0,2,0,0,0,1,0,0.12300000000000001,0.1385,0,0,0,0,0,0,0.125,0.24324324324324326,0.75,0.21621621621621623,0.16666666666666666,0.0625,0.0,0.05405405405405406,0.0625,0.4,0.5333333333333333,0.2916666666666667,0.16666666666666666,0.4166666666666667,0.375,0.0,0.20221212121212123,0.298969696969697,0.16666666666666666,0.1111111111111111,0.1573750000000002,0.24150000000000024,0.23728813559322035,0.4067796610169492,0.1746031746031746,0.16071428571428573,0.25,0.24193548387096775,0.7310924369747899,0.24120603015075376,0.4807692307692308,0.20673076923076922,0.47126436781609193,0.2988505747126437,0.017241379310344827,10.867924528301886,2.207547169811321,6.452830188679245,0.16170212765957448,0.6022459320574461,0.2215268590590785,0.6022459320574461,0.125,,0.5,,,,,False,,1.5,,,,,False,
671732,Lawrence Butler,ATH,KC,0,4.0,1,607625,Seth Lugo,R,824076,7:40 PM ET,Kauffman Stadium,0,1,0.21052631578947367,2026-08-19,824076,0.0,0,103.7,102.1,85.4,L,4,3,1,0,0,0,1,0,0,1,1,2,0,1,0,2,0,0.275,0.3065,1,0,1,0,1,0,0.22807017543859648,0.2786885245901639,0.8070175438596491,0.18032786885245902,0.1951219512195122,0.2631578947368421,0.08196721311475409,0.0,0.08771929824561403,1.8666666666666667,0.7333333333333333,0.45652173913043476,0.15217391304347827,0.41304347826086957,0.34782608695652173,0.06521739130434782,0.3201277777777778,0.6557944444444445,0.2631578947368421,0.19047619047619047,0.37888333333333335,1.0228000000000002,0.2765957446808511,0.5957446808510638,0.21153846153846154,0.1702127659574468,0.3617021276595745,0.21052631578947367,0.7310924369747899,0.24120603015075376,0.4807692307692308,0.20673076923076922,0.47126436781609193,0.2988505747126437,0.017241379310344827,10.867924528301886,2.207547169811321,6.452830188679245,0.16170212765957448,0.6620527212122503,0.28245965419013547,0.6620527212122503,0.22807017543859648,,0.5,,,,,False,,1.5,,,,,False,
691777,Max Muncy,ATH,KC,0,9.0,1,607625,Seth Lugo,R,824076,7:40 PM ET,Kauffman Stadium,1,1,0.21052631578947367,2026-08-19,824076,0.0,0,103.7,102.1,85.4,R,3,2,0,0,0,0,1,0,0,0,0,2,0,2,1,0,0,0.0615,0.199,0,0,0,0,0,0,0.13513513513513514,0.21951219512195122,0.5945945945945946,0.36585365853658536,0.22727272727272727,0.05405405405405406,0.0,0.04878048780487805,0.05405405405405406,0.4666666666666667,1.0,0.22727272727272727,0.3181818181818182,0.22727272727272727,0.18181818181818182,0.0,0.332675,0.46679999999999994,0.15384615384615385,0.21428571428571427,0.40710416666666666,0.5249583333333333,0.18604651162790697,0.4186046511627907,0.29411764705882354,0.16666666666666666,0.21428571428571427,0.4,0.7310924369747899,0.24120603015075376,0.4807692307692308,0.20673076923076922,0.47126436781609193,0.2988505747126437,0.017241379310344827,10.867924528301886,2.207547169811321,6.452830188679245,0.16170212765957448,0.4809708985820304,0.13285244641111785,0.4809708985820304,0.13513513513513514,,0.5,,,,,False,,1.5,,,,,False,
695720,Tommy White,ATH,KC,0,5.0,1,607625,Seth Lugo,R,824076,7:40 PM ET,Kauffman Stadium,1,1,0.21052631578947367,2026-08-19,824076,0.0,0,103.7,102.1,85.4,R,4,4,1,0,0,0,0,0,0,1,1,3,0,1,0,3,0,0.22566666666666668,0.2353333333333333,1,0,1,0,1,0,0.24528301886792453,0.2727272727272727,0.8113207547169812,0.18181818181818182,0.2682926829268293,0.11320754716981132,0.03636363636363636,0.0,0.03773584905660377,1.2666666666666666,0.6666666666666666,0.27906976744186046,0.18604651162790697,0.4883720930232558,0.27906976744186046,0.0,0.27797777777777777,0.44938333333333336,0.4,0.11764705882352941,0.33035,0.67035,0.11538461538461539,0.15384615384615385,0.14814814814814814,0.39622641509433965,0.4528301886792453,0.17543859649122806,0.7310924369747899,0.24120603015075376,0.4807692307692308,0.20673076923076922,0.47126436781609193,0.2988505747126437,0.017241379310344827,10.867924528301886,2.207547169811321,6.452830188679245,0.16170212765957448,0.645952171066359,0.1741421653163789,0.645952171066359,0.24528301886792453,,0.5,,,,,False,,1.5,,,,,False,
680869,Zack Gelof,ATH,KC,0,3.0,1,607625,Seth Lugo,R,824076,7:40 PM ET,Kauffman Stadium,1,1,0.21052631578947367,2026-08-19,824076,0.0,0,103.7,102.1,85.4,R,4,2,0,0,0,0,2,0,0,0,0,2,0,0,2,0,0,0.02,0.028499999999999998,0,0,0,0,0,0,0.2545454545454545,0.32786885245901637,0.7272727272727273,0.2459016393442623,0.2972972972972973,0.21818181818181817,0.04918032786885246,0.04918032786885246,0.10909090909090909,1.7333333333333334,1.0,0.375,0.25,0.4,0.275,0.075,0.3038611111111111,0.5508866666666667,0.2631578947368421,0.18181818181818182,0.3182699999999999,0.6433733333333335,0.3157894736842105,0.631578947368421,0.22727272727272727,0.32142857142857145,0.6785714285714286,0.1694915254237288,0.7310924369747899,0.24120603015075376,0.4807692307692308,0.20673076923076922,0.47126436781609193,0.2988505747126437,0.017241379310344827,10.867924528301886,2.207547169811321,6.452830188679245,0.16170212765957448,0.6577047643186061,0.26799402013170237,0.6577047643186061,0.2545454545454545,,0.5,,,,,False,,1.5,,,,,False,
683734,Andrew Vaughn,MIL,SEA,1,6.0,1,669302,Logan Gilbert,R,823748,7:40 PM ET,American Family Field,1,1,0.2759226713532513,2026-08-19,823748,0.0,0,96.2,95.7,110.9,R,2,2,1,0,0,0,0,0,0,0,1,2,0,1,0,2,0,0.32699999999999996,0.381,1,0,1,0,0,0,0.2708333333333333,0.36363636363636365,0.6875,0.26785714285714285,0.375,0.08333333333333333,0.017857142857142856,0.017857142857142856,0.041666666666666664,1.1333333333333333,1.0,0.3939393939393939,0.18181818181818182,0.6060606060606061,0.18181818181818182,0.0,0.36718888888888895,0.6015277777777778,0.29411764705882354,0.15,0.31166666666666665,0.3784833333333332,0.3023255813953488,0.3953488372093023,0.21818181818181817,0.20588235294117646,0.38235294117647056,0.175,0.6653386454183267,0.16517857142857142,0.32608695652173914,0.1391304347826087,0.4251497005988024,0.281437125748503,0.029940119760479042,4.689473684210527,0.8526315789473684,10.089473684210528,0.3034188034188034,0.5747522003330415,0.17867810305916834,0.5747522003330415,0.2708333333333333,,0.5,,,,,False,,1.5,,,,,False,
668930,Brice Turang,MIL,SEA,1,1.0,1,669302,Logan Gilbert,R,823748,7:40 PM ET,American Family Field,0,1,0.2759226713532513,2026-08-19,823748,0.0,0,96.2,95.7,110.9,L,4,2,0,0,0,0,2,0,0,0,0,2,0,0,2,0,0,0.0175,0.053,0,0,0,0,0,0,0.2903225806451613,0.36231884057971014,0.6612903225806451,0.3,0.425,0.0967741935483871,0.014285714285714285,0.04285714285714286,0.06451612903225806,1.6,1.4,0.40476190476190477,0.3333333333333333,0.42857142857142855,0.21428571428571427,0.0,0.43683333333333335,0.6792999999999999,0.2727272727272727,0.4166666666666667,0.4550166666666667,0.7227166666666666,0.3333333333333333,0.5,0.30303030303030304,0.1774193548387097,0.2903225806451613,0.2112676056338028,0.6653386454183267,0.16517857142857142,0.32608695652173914,0.1391304347826087,0.4251497005988024,0.281437125748503,0.029940119760479042,4.689473684210527,0.8526315789473684,10.089473684210528,0.3034188034188034,0.5785525423730357,0.2147433861836807,0.5785525423730357,0.2903225806451613,,0.5,,,,,False,,1.5,,,,,False,
592885,Christian Yelich,MIL,SEA,1,5.0,1,669302,Logan Gilbert,R,823748,7:40 PM ET,American Family Field,0,1,0.2759226713532513,2026-08-19,823748,0.0,0,96.2,95.7,110.9,L,6,5,2,0,0,1,0,0,1,1,5,5,1,4,2,2,1,0.48275,0.9830000000000001,1,1,1,1,1,0,0.16071428571428573,0.22950819672131148,0.6964285714285714,0.27419354838709675,0.21052631578947367,0.07142857142857142,0.016129032258064516,0.016129032258064516,0.03571428571428571,0.8666666666666667,1.1333333333333333,0.46153846153846156,0.15384615384615385,0.6666666666666666,0.1282051282051282,0.05128205128205128,0.37209222222222227,0.5807655555555555,0.1111111111111111,0.3,0.4908599999999999,0.8762800000000001,0.17857142857142858,0.26785714285714285,0.2698412698412698,0.23728813559322035,0.5084745762711864,0.23529411764705882,0.6653386454183267,0.16517857142857142,0.32608695652173914,0.1391304347826087,0.4251497005988024,0.281437125748503,0.029940119760479042,4.689473684210527,0.8526315789473684,10.089473684210528,0.3034188034188034,0.5820301300025363,0.16390572854494034,0.5820301300025363,0.16071428571428573,,0.5,,,,,False,,1.5,,,,,False,
806198,Cooper Pratt,MIL,SEA,1,9.0,1,669302,Logan Gilbert,R,823748,7:40 PM ET,American Family Field,1,1,0.2759226713532513,2026-08-19,823748,0.0,0,96.2,95.7,110.9,R,4,4,0,0,0,0,0,0,0,3,0,1,0,0,1,0,0,0.097,0.149,0,0,0,0,1,1,0.30434782608695654,0.37037037037037035,0.7391304347826086,0.2222222222222222,0.37142857142857144,0.10869565217391304,0.018518518518518517,0.037037037037037035,0.06521739130434782,1.2666666666666666,0.8,0.2777777777777778,0.25,0.4444444444444444,0.2777777777777778,0.0,0.24788690476190475,0.3559583333333333,0.2,0.1875,0.2494375,0.3295625000000001,0.30612244897959184,0.4489795918367347,0.21052631578947367,0.25925925925925924,0.2962962962962963,0.15625,0.6653386454183267,0.16517857142857142,0.32608695652173914,0.1391304347826087,0.4251497005988024,0.281437125748503,0.029940119760479042,4.689473684210527,0.8526315789473684,10.089473684210528,0.3034188034188034,0.29334238027169923,0.05935057714557342,0.29334238027169923,0.30434782608695654,,0.5,,,,,False,,1.5,,,,,False,
694192,Jackson Chourio,MIL,SEA,1,2.0,1,669302,Logan Gilbert,R,823748,7:40 PM ET,American Family Field,1,1,0.2759226713532513,2026-08-19,823748,0.0,0,96.2,95.7,110.9,R,4,4,1,0,0,0,0,0,0,1,1,3,1,1,1,1,1,0.414,1.0146666666666666,1,0,1,0,1,0,0.2909090909090909,0.4,0.6909090909090909,0.26153846153846155,0.35294117647058826,0.2545454545454545,0.06153846153846154,0.03076923076923077,0.10909090909090909,2.0,1.1333333333333333,0.6052631578947368,0.15789473684210525,0.42105263157894735,0.39473684210526316,0.13157894736842105,0.3746611111111111,0.7124944444444444,0.22727272727272727,0.3333333333333333,0.29816666666666664,0.3894,0.24561403508771928,0.42105263157894735,0.26153846153846155,0.23214285714285715,0.4107142857142857,0.1935483870967742,0.6653386454183267,0.16517857142857142,0.32608695652173914,0.1391304347826087,0.4251497005988024,0.281437125748503,0.029940119760479042,4.689473684210527,0.8526315789473684,10.089473684210528,0.3034188034188034,0.5679781681897373,0.2174476912032295,0.5679781681897373,0.2909090909090909,,0.5,,,,,False,,1.5,,,,,False,
641343,Jake Bauers,MIL,SEA,1,3.0,1,669302,Logan Gilbert,R,823748,7:40 PM ET,American Family Field,0,1,0.2759226713532513,2026-08-19,823748,0.0,0,96.2,95.7,110.9,L,4,3,2,1,0,1,1,0,0,1,6,2,1,2,1,0,1,0.857,2.0345,1,1,1,1,1,0,0.33962264150943394,0.4626865671641791,0.8113207547169812,0.14925373134328357,0.36585365853658536,0.24528301886792453,0.04477611940298507,0.029850746268656716,0.11320754716981132,2.066666666666667,0.6666666666666666,0.5,0.25,0.3409090909090909,0.38636363636363635,0.045454545454545456,0.35934111111111106,0.7013033333333334,0.4117647058823529,0.08695652173913043,0.27520000000000006,0.43999999999999984,0.3076923076923077,0.4807692307692308,0.19047619047619047,0.3076923076923077,0.6538461538461539,0.19047619047619047,0.6653386454183267,0.16517857142857142,0.32608695652173914,0.1391304347826087,0.4251497005988024,0.281437125748503,0.029940119760479042,4.689473684210527,0.8526315789473684,10.089473684210528,0.3034188034188034,0.5691662704785635,0.18728224043505862,0.5691662704785635,0.33962264150943394,,0.5,,,,,False,,1.5,,,,,False,
687401,Joey Ortiz,MIL,SEA,1,8.0,1,669302,Logan Gilbert,R,823748,7:40 PM ET,American Family Field,1,1,0.2759226713532513,2026-08-19,823748,0.0,0,96.2,95.7,110.9,R,5,4,2,0,0,0,1,0,0,0,2,4,0,1,0,2,2,0.4935,0.5742499999999999,1,1,1,1,0,0,0.3125,0.37037037037037035,0.7083333333333334,0.25925925925925924,0.3939393939393939,0.2708333333333333,0.037037037037037035,0.05555555555555555,0.14583333333333334,1.8666666666666667,0.9333333333333333,0.45714285714285713,0.2571428571428571,0.5142857142857142,0.17142857142857143,0.02857142857142857,0.32672435897435903,0.47477564102564107,0.29411764705882354,0.2857142857142857,0.2385,0.4109999999999999,0.3404255319148936,0.574468085106383,0.16363636363636364,0.3125,0.5208333333333334,0.16666666666666666,0.6653386454183267,0.16517857142857142,0.32608695652173914,0.1391304347826087,0.4251497005988024,0.281437125748503,0.029940119760479042,4.689473684210527,0.8526315789473684,10.089473684210528,0.3034188034188034,0.5256601662321704,0.15313943903447966,0.5256601662321704,0.3125,,0.5,,,,,False,,1.5,,,,,False,
800325,Luis Lara,MIL,SEA,1,7.0,1,669302,Logan Gilbert,R,823748,7:40 PM ET,American Family Field,0,1,0.2759226713532513,2026-08-19,823748,0.0,0,96.2,95.7,110.9,L,4,4,2,0,0,0,0,0,0,0,2,4,0,2,2,1,1,0.43875,0.63625,1,1,1,1,0,0,0.2,0.25,0.7,0.28125,0.2857142857142857,0.03333333333333333,0.0,0.03125,0.03333333333333333,0.4666666666666667,0.6,0.5238095238095238,0.38095238095238093,0.5238095238095238,0.09523809523809523,0.0,0.35265277777777776,0.45226388888888885,0.16666666666666666,0.15384615384615385,0.35246666666666665,0.4394333333333334,0.23404255319148937,0.3404255319148936,0.23214285714285715,0.17647058823529413,0.29411764705882354,0.16666666666666666,0.6653386454183267,0.16517857142857142,0.32608695652173914,0.1391304347826087,0.4251497005988024,0.281437125748503,0.029940119760479042,4.689473684210527,0.8526315789473684,10.089473684210528,0.3034188034188034,0.5223883892379925,0.1528061030183371,0.5223883892379925,0.2,,0.5,,,,,False,,1.5,,,,,False,
661388,William Contreras,MIL,SEA,1,4.0,1,669302,Logan Gilbert,R,823748,7:40 PM ET,American Family Field,1,1,0.2759226713532513,2026-08-19,823748,0.0,0,96.2,95.7,110.9,R,6,4,2,1,0,0,1,0,1,2,3,3,1,2,1,0,2,0.5515,1.5855,1,1,1,1,1,1,0.14814814814814814,0.28125,0.8518518518518519,0.125,0.13636363636363635,0.12962962962962962,0.03125,0.015625,0.05555555555555555,1.0,0.5333333333333333,0.45652173913043476,0.1956521739130435,0.3695652173913043,0.32608695652173914,0.06521739130434782,0.2622666666666667,0.5369499999999999,0.16666666666666666,0.09090909090909091,0.2954,0.5967833333333333,0.14545454545454545,0.2545454545454545,0.19047619047619047,0.15384615384615385,0.25,0.15254237288135594,0.6653386454183267,0.16517857142857142,0.32608695652173914,0.1391304347826087,0.4251497005988024,0.281437125748503,0.029940119760479042,4.689473684210527,0.8526315789473684,10.089473684210528,0.3034188034188034,0.562146403791001,0.19181627591563224,0.562146403791001,0.14814814814814814,,0.5,,,,,False,,1.5,,,,,False,
680977,Brendan Donovan,SEA,MIL,0,1.0,1,669160,Dustin May,R,823748,7:40 PM ET,American Family Field,0,1,0.22459893048128343,2026-08-19,823748,0.0,0,96.2,95.7,110.9,L,4,3,1,1,0,0,0,0,0,2,2,1,0,1,0,0,1,0.477,1.142,1,0,1,1,1,1,0.23214285714285715,0.2833333333333333,0.875,0.11666666666666667,0.2653061224489796,0.07142857142857142,0.0,0.03333333333333333,0.05357142857142857,1.1333333333333333,0.4666666666666667,0.2653061224489796,0.22448979591836735,0.5102040816326531,0.24489795918367346,0.0,0.24967142857142857,0.3398238095238096,0.22727272727272727,0.08695652173913043,0.23911333333333337,0.2845033333333333,0.23636363636363636,0.2909090909090909,0.11290322580645161,0.2413793103448276,0.29310344827586204,0.14754098360655737,0.6403940886699507,0.2159090909090909,0.3128491620111732,0.08379888268156424,0.38461538461538464,0.27692307692307694,0.038461538461538464,6.878980891719745,0.6878980891719745,10.318471337579618,0.2803738317757009,0.6176248555494099,0.23920159610456118,0.6176248555494099,0.23214285714285715,,0.5,,,,,False,,1.5,,,,,False,
801126,Brock Rodden,SEA,MIL,0,9.0,1,669160,Dustin May,R,823748,7:40 PM ET,American Family Field,1,1,0.22459893048128343,2026-08-19,823748,0.0,0,96.2,95.7,110.9,R,3,3,1,0,0,0,0,0,0,0,1,3,0,1,0,2,1,0.34833333333333333,0.3873333333333333,1,0,1,0,0,0,0.3076923076923077,0.42424242424242425,0.6153846153846154,0.29411764705882354,0.4375,0.19230769230769232,0.029411764705882353,0.058823529411764705,0.11538461538461539,0.9285714285714286,0.7142857142857143,0.5882352941176471,0.35294117647058826,0.23529411764705882,0.35294117647058826,0.0,,,0.3,0.42857142857142855,0.209,0.5710000000000001,0.3,0.5,0.24,,,,0.6403940886699507,0.2159090909090909,0.3128491620111732,0.08379888268156424,0.38461538461538464,0.27692307692307694,0.038461538461538464,6.878980891719745,0.6878980891719745,10.318471337579618,0.2803738317757009,0.35388672235396906,0.06580334982552663,0.35388672235396906,0.3076923076923077,,0.5,,,,,False,,1.5,,,,,False,
663728,Cal Raleigh,SEA,MIL,0,7.0,1,669160,Dustin May,R,823748,7:40 PM ET,American Family Field,1,1,0.22459893048128343,2026-08-19,823748,0.0,0,96.2,95.7,110.9,R,3,1,0,0,0,0,2,0,0,1,0,0,0,0,0,0,0,0.026,0.077,0,0,0,0,1,0,0.11538461538461539,0.28125,0.6538461538461539,0.28125,0.125,0.11538461538461539,0.03125,0.0,0.038461538461538464,0.4,0.6,0.47058823529411764,0.11764705882352941,0.17647058823529413,0.5882352941176471,0.0,0.17949999999999997,0.2526969696969697,0.1111111111111111,0.3,0.016166666666666555,0.03449999999999939,0.11764705882352941,0.19607843137254902,0.29508196721311475,0.13725490196078433,0.2549019607843137,0.36666666666666664,0.6403940886699507,0.2159090909090909,0.3128491620111732,0.08379888268156424,0.38461538461538464,0.27692307692307694,0.038461538461538464,6.878980891719745,0.6878980891719745,10.318471337579618,0.2803738317757009,0.4050278298879275,0.0975343575710728,0.4050278298879275,0.11538461538461539,,0.5,,,,,False,,1.5,,,,,False,
702284,Cole Young,SEA,MIL,0,6.0,1,669160,Dustin May,R,823748,7:40 PM ET,American Family Field,0,1,0.22459893048128343,2026-08-19,823748,0.0,0,96.2,95.7,110.9,L,4,4,0,0,0,0,0,0,0,2,0,2,0,0,1,1,0,0.1395,0.17049999999999998,0,0,0,0,1,1,0.25862068965517243,0.3064516129032258,0.8620689655172413,0.12903225806451613,0.2708333333333333,0.1206896551724138,0.03225806451612903,0.016129032258064516,0.05172413793103448,1.4666666666666666,0.5333333333333333,0.4,0.12,0.56,0.22,0.0,0.26521,0.33336888888888894,0.21052631578947367,0.15,0.18326,0.24549000000000004,0.26229508196721313,0.4262295081967213,0.125,0.26785714285714285,0.3392857142857143,0.09836065573770492,0.6403940886699507,0.2159090909090909,0.3128491620111732,0.08379888268156424,0.38461538461538464,0.27692307692307694,0.038461538461538464,6.878980891719745,0.6878980891719745,10.318471337579618,0.2803738317757009,0.5406199091592748,0.18453701455982877,0.5406199091592748,0.25862068965517243,,0.5,,,,,False,,1.5,,,,,False,
686527,Dominic Canzone,SEA,MIL,0,3.0,1,669160,Dustin May,R,823748,7:40 PM ET,American Family Field,0,1,0.22459893048128343,2026-08-19,823748,0.0,0,96.2,95.7,110.9,L,4,4,1,1,0,0,0,0,0,0,2,4,0,1,1,2,1,0.1685,0.347,1,0,1,1,0,0,0.2542372881355932,0.3333333333333333,0.7627118644067796,0.21212121212121213,0.3181818181818182,0.1016949152542373,0.015151515151515152,0.045454545454545456,0.06779661016949153,1.4,0.9333333333333333,0.37777777777777777,0.2222222222222222,0.4444444444444444,0.2,0.022222222222222223,0.36433111111111116,0.47732777777777774,0.38095238095238093,0.25,0.4585333333333333,0.6212933333333334,0.22950819672131148,0.3770491803278688,0.208955223880597,0.2830188679245283,0.5471698113207547,0.203125,0.6403940886699507,0.2159090909090909,0.3128491620111732,0.08379888268156424,0.38461538461538464,0.27692307692307694,0.038461538461538464,6.878980891719745,0.6878980891719745,10.318471337579618,0.2803738317757009,0.5671473349410248,0.19673099485565637,0.5671473349410248,0.2542372881355932,,0.5,,,,,False,,1.5,,,,,False,
647304,Josh Naylor,SEA,MIL,0,5.0,1,669160,Dustin May,R,823748,7:40 PM ET,American Family Field,0,1,0.22459893048128343,2026-08-19,823748,0.0,0,96.2,95.7,110.9,L,4,4,1,0,0,0,0,0,0,1,1,3,0,2,0,3,0,0.213,0.22466666666666668,1,0,1,0,1,0,0.3090909090909091,0.38095238095238093,0.8363636363636363,0.14285714285714285,0.3333333333333333,0.18181818181818182,0.031746031746031744,0.06349206349206349,0.10909090909090909,1.8,0.6,0.3829787234042553,0.3191489361702128,0.40425531914893614,0.2127659574468085,0.02127659574468085,0.3690555555555556,0.5061677777777778,0.35,0.17391304347826086,0.4873,0.5791866666666665,0.3333333333333333,0.4074074074074074,0.15873015873015872,0.25,0.4107142857142857,0.15,0.6403940886699507,0.2159090909090909,0.3128491620111732,0.08379888268156424,0.38461538461538464,0.27692307692307694,0.038461538461538464,6.878980891719745,0.6878980891719745,10.318471337579618,0.2803738317757009,0.5735334080328224,0.1908695077462436,0.5735334080328224,0.3090909090909091,,0.5,,,,,False,,1.5,,,,,False,
677594,Julio Rodríguez,SEA,MIL,0,4.0,1,669160,Dustin May,R,823748,7:40 PM ET,American Family Field,1,1,0.22459893048128343,2026-08-19,823748,0.0,0,96.2,95.7,110.9,R,4,4,0,0,0,0,0,0,0,2,0,2,0,0,0,1,1,0.3285,0.367,0,0,0,0,1,1,0.30357142857142855,0.4090909090909091,0.6964285714285714,0.25757575757575757,0.3888888888888889,0.19642857142857142,0.045454545454545456,0.030303030303030304,0.08928571428571429,1.8666666666666667,1.1333333333333333,0.46153846153846156,0.28205128205128205,0.38461538461538464,0.28205128205128205,0.02564102564102564,0.45095111111111114,0.7257066666666667,0.2857142857142857,0.25,0.3448866666666667,0.7065200000000001,0.30357142857142855,0.5535714285714286,0.1875,0.21428571428571427,0.32142857142857145,0.20634920634920634,0.6403940886699507,0.2159090909090909,0.3128491620111732,0.08379888268156424,0.38461538461538464,0.27692307692307694,0.038461538461538464,6.878980891719745,0.6878980891719745,10.318471337579618,0.2803738317757009,0.5950458134782227,0.22214086507550568,0.5950458134782227,0.30357142857142855,,0.5,,,,,False,,1.5,,,,,False,
668227,Randy Arozarena,SEA,MIL,0,2.0,1,669160,Dustin May,R,823748,7:40 PM ET,American Family Field,1,1,0.22459893048128343,2026-08-19,823748,0.0,0,96.2,95.7,110.9,R,4,4,0,0,0,0,0,0,0,1,0,3,0,1,1,1,0,0.09899999999999999,0.105,0,0,0,0,1,0,0.23728813559322035,0.3181818181818182,0.7627118644067796,0.21212121212121213,0.24390243902439024,0.2711864406779661,0.06060606060606061,0.06060606060606061,0.13559322033898305,2.0,0.9333333333333333,0.4666666666666667,0.24444444444444444,0.37777777777777777,0.3111111111111111,0.0,0.33384,0.4940744444444444,0.2857142857142857,0.2916666666666667,0.33722,0.4472733333333333,0.26666666666666666,0.4666666666666667,0.19402985074626866,0.25,0.4642857142857143,0.18461538461538463,0.6403940886699507,0.2159090909090909,0.3128491620111732,0.08379888268156424,0.38461538461538464,0.27692307692307694,0.038461538461538464,6.878980891719745,0.6878980891719745,10.318471337579618,0.2803738317757009,0.6109821837314632,0.2431070427069094,0.6109821837314632,0.23728813559322035,,0.5,,,,,False,,1.5,,,,,False,
621493,Taylor Ward,SEA,MIL,0,8.0,1,669160,Dustin May,R,823748,7:40 PM ET,American Family Field,1,1,0.22459893048128343,2026-08-19,823748,0.0,0,96.2,95.7,110.9,R,5,5,1,0,0,0,0,0,0,0,1,5,0,3,1,3,1,0.3552,0.396,1,0,1,0,0,0,0.16981132075471697,0.26666666666666666,0.7358490566037735,0.23333333333333334,0.23076923076923078,0.03773584905660377,0.0,0.0,0.018867924528301886,0.7333333333333333,0.9333333333333333,0.3333333333333333,0.15384615384615385,0.48717948717948717,0.28205128205128205,0.05128205128205128,0.30871,0.45614666666666664,0.14285714285714285,0.19047619047619047,0.22673000000000001,0.37888999999999956,0.16666666666666666,0.22916666666666666,0.15873015873015872,0.2631578947368421,0.38596491228070173,0.22727272727272727,0.6403940886699507,0.2159090909090909,0.3128491620111732,0.08379888268156424,0.38461538461538464,0.27692307692307694,0.038461538461538464,6.878980891719745,0.6878980891719745,10.318471337579618,0.2803738317757009,0.5411688052742613,0.16119287534261842,0.5411688052742613,0.16981132075471697,,0.5,,,,,False,,1.5,,,,,False,
607043,Brandon Nimmo,TEX,WSH,1,4.0,1,676917,Cade Cavalli,R,822860,8:05 PM ET,Globe Life Field,0,1,0.24587155963302754,2026-08-19,822860,1.0,0,94.8,94.6,93.8,L,4,4,2,0,0,0,0,0,0,0,2,4,0,2,0,3,0,0.26625000000000004,0.283,1,1,1,1,0,0,0.32142857142857145,0.3770491803278688,0.7857142857142857,0.19672131147540983,0.36585365853658536,0.19642857142857142,0.04918032786885246,0.03278688524590164,0.08928571428571429,1.9333333333333333,0.8,0.4772727272727273,0.25,0.38636363636363635,0.29545454545454547,0.022727272727272728,0.37784999999999996,0.6004277777777778,0.10526315789473684,0.2,0.25005,0.3116166666666668,0.21428571428571427,0.2857142857142857,0.2833333333333333,0.38596491228070173,0.7368421052631579,0.15873015873015872,0.6575342465753424,0.20618556701030927,0.4187192118226601,0.17733990147783252,0.5763888888888888,0.22916666666666666,0.034722222222222224,8.770700636942676,1.2038216560509556,10.490445859872613,0.2747747747747748,0.5459858248132883,0.1685139025301897,0.5459858248132883,0.32142857142857145,,0.5,,,,,False,,1.5,,,,,False,
608369,Corey Seager,TEX,WSH,1,2.0,1,676917,Cade Cavalli,R,822860,8:05 PM ET,Globe Life Field,0,1,0.24587155963302754,2026-08-19,822860,1.0,0,94.8,94.6,93.8,L,4,4,2,1,0,0,0,0,0,0,3,4,0,3,1,2,1,0.33625,0.4365,1,1,1,1,0,0,0.2692307692307692,0.36666666666666664,0.7692307692307693,0.2,0.3157894736842105,0.15384615384615385,0.03333333333333333,0.03333333333333333,0.07692307692307693,1.4666666666666666,0.8,0.55,0.15,0.4,0.425,0.05,0.3027088888888889,0.6004622222222221,0.3125,0.21052631578947367,0.32661666666666667,0.784566666666667,0.2830188679245283,0.5471698113207547,0.20634920634920634,0.17307692307692307,0.34615384615384615,0.19672131147540983,0.6575342465753424,0.20618556701030927,0.4187192118226601,0.17733990147783252,0.5763888888888888,0.22916666666666666,0.034722222222222224,8.770700636942676,1.2038216560509556,10.490445859872613,0.2747747747747748,0.6370884897581423,0.2393028380833259,0.6370884897581423,0.2692307692307692,,0.5,,,,,False,,1.5,,,,,False,
553869,Elias Díaz,TEX,WSH,1,8.0,1,676917,Cade Cavalli,R,822860,8:05 PM ET,Globe Life Field,1,1,0.24587155963302754,2026-08-19,822860,1.0,0,94.8,94.6,93.8,R,4,4,0,0,0,0,0,0,0,2,0,2,0,1,1,1,0,0.4375,1.4795,0,0,0,0,1,1,0.175,0.23255813953488372,0.675,0.29545454545454547,0.23076923076923078,0.125,0.022727272727272728,0.045454545454545456,0.075,0.8,0.8666666666666667,0.42857142857142855,0.10714285714285714,0.39285714285714285,0.32142857142857145,0.0,0.198375,0.36451388888888897,0.2,0.26666666666666666,0.2994583333333335,0.45516666666666655,0.14893617021276595,0.2127659574468085,0.3137254901960784,0.2619047619047619,0.5,0.18181818181818182,0.6575342465753424,0.20618556701030927,0.4187192118226601,0.17733990147783252,0.5763888888888888,0.22916666666666666,0.034722222222222224,8.770700636942676,1.2038216560509556,10.490445859872613,0.2747747747747748,0.5338341783593019,0.15372664887024437,0.5338341783593019,0.175,,0.5,,,,,False,,1.5,,,,,False,
694497,Evan Carter,TEX,WSH,1,6.0,1,676917,Cade Cavalli,R,822860,8:05 PM ET,Globe Life Field,0,1,0.24587155963302754,2026-08-19,822860,1.0,0,94.8,94.6,93.8,L,4,4,0,0,0,0,0,0,0,1,0,3,0,1,2,0,1,0.16733333333333333,0.37033333333333335,0,0,0,0,1,0,0.13333333333333333,0.1875,0.6888888888888889,0.28,0.1935483870967742,0.044444444444444446,0.0,0.04,0.044444444444444446,0.5333333333333333,0.9333333333333333,0.2727272727272727,0.21212121212121213,0.36363636363636365,0.30303030303030304,0.030303030303030304,0.1866388888888889,0.3111111111111111,0.29411764705882354,0.29411764705882354,0.3163,0.5106166666666665,0.21428571428571427,0.23809523809523808,0.2,0.16326530612244897,0.1836734693877551,0.25,0.6575342465753424,0.20618556701030927,0.4187192118226601,0.17733990147783252,0.5763888888888888,0.22916666666666666,0.034722222222222224,8.770700636942676,1.2038216560509556,10.490445859872613,0.2747747747747748,0.5169760850773901,0.1308716117026961,0.5169760850773901,0.13333333333333333,,0.5,,,,,False,,1.5,,,,,False,
677649,Ezequiel Duran,TEX,WSH,1,5.0,1,676917,Cade Cavalli,R,822860,8:05 PM ET,Globe Life Field,1,1,0.24587155963302754,2026-08-19,822860,1.0,0,94.8,94.6,93.8,R,4,3,1,0,0,0,1,0,0,2,1,1,0,1,0,0,1,0.709,0.837,1,0,1,0,1,1,0.22807017543859648,0.2786885245901639,0.6842105263157895,0.29508196721311475,0.3157894736842105,0.12280701754385964,0.01639344262295082,0.06557377049180328,0.08771929824561403,1.3333333333333333,1.2,0.38461538461538464,0.1282051282051282,0.5128205128205128,0.3076923076923077,0.0,0.2439285714285714,0.38316071428571424,0.1,0.35,0.17669999999999994,0.30895000000000006,0.3148148148148148,0.5740740740740741,0.23333333333333334,0.23333333333333334,0.3333333333333333,0.25,0.6575342465753424,0.20618556701030927,0.4187192118226601,0.17733990147783252,0.5763888888888888,0.22916666666666666,0.034722222222222224,8.770700636942676,1.2038216560509556,10.490445859872613,0.2747747747747748,0.5966002440170354,0.14888221151994463,0.5966002440170354,0.22807017543859648,,0.5,,,,,False,,1.5,,,,,False,
672284,Jarred Kelenic,TEX,WSH,1,7.0,1,676917,Cade Cavalli,R,822860,8:05 PM ET,Globe Life Field,0,1,0.24587155963302754,2026-08-19,822860,1.0,0,94.8,94.6,93.8,L,1,1,0,0,0,0,0,0,0,1,0,0,0,0,0,0,0,0.626,0.748,0,0,0,0,1,0,0.2222222222222222,0.28205128205128205,0.4722222222222222,0.48717948717948717,0.4375,0.1111111111111111,0.02564102564102564,0.02564102564102564,0.05555555555555555,0.8,1.2666666666666666,0.35294117647058826,0.17647058823529413,0.4117647058823529,0.4117647058823529,0.17647058823529413,0.38684615384615384,0.7448076923076923,0.375,0.3333333333333333,0.3727500000000001,0.4325000000000001,0.2,0.325,0.5,0.32653061224489793,0.5102040816326531,0.3137254901960784,0.6575342465753424,0.20618556701030927,0.4187192118226601,0.17733990147783252,0.5763888888888888,0.22916666666666666,0.034722222222222224,8.770700636942676,1.2038216560509556,10.490445859872613,0.2747747747747748,0.5524104291731516,0.11789747934984836,0.5524104291731516,0.2222222222222222,,0.5,,,,,False,,1.5,,,,,False,
592626,Joc Pederson,TEX,WSH,1,1.0,1,676917,Cade Cavalli,R,822860,8:05 PM ET,Globe Life Field,0,1,0.24587155963302754,2026-08-19,822860,1.0,0,94.8,94.6,93.8,L,2,2,0,0,0,0,0,0,0,0,0,2,0,0,1,0,0,0.0045000000000000005,0.008,0,0,0,0,0,0,0.18421052631578946,0.32608695652173914,0.6578947368421053,0.2826086956521739,0.18181818181818182,0.23684210526315788,0.06521739130434782,0.0,0.07894736842105263,1.0666666666666667,0.8666666666666667,0.68,0.04,0.52,0.44,0.08,0.38624358974358974,0.8843333333333333,0.07692307692307693,0.4,0.27938888888888885,0.34988888888888897,0.18421052631578946,0.42105263157894735,0.2826086956521739,0.15789473684210525,0.34210526315789475,0.2916666666666667,0.6575342465753424,0.20618556701030927,0.4187192118226601,0.17733990147783252,0.5763888888888888,0.22916666666666666,0.034722222222222224,8.770700636942676,1.2038216560509556,10.490445859872613,0.2747747747747748,0.6126198783557472,0.17331349188467796,0.6126198783557472,0.18421052631578946,,0.5,,,,,False,,1.5,,,,,False,
670032,Nicky Lopez,TEX,WSH,1,9.0,1,676917,Cade Cavalli,R,822860,8:05 PM ET,Globe Life Field,0,1,0.24587155963302754,2026-08-19,822860,1.0,0,94.8,94.6,93.8,L,4,4,1,0,0,0,0,0,0,0,1,4,0,0,1,3,0,0.184,0.2595,1,0,1,0,0,0,0.1282051282051282,0.17073170731707318,0.717948717948718,0.2619047619047619,0.17857142857142858,0.05128205128205128,0.0,0.0,0.02564102564102564,0.4666666666666667,0.7333333333333333,0.1724137931034483,0.20689655172413793,0.6551724137931034,0.13793103448275862,0.0,0.22154166666666666,0.2817797619047619,0.09090909090909091,0.3333333333333333,0.09430000000000002,0.10519999999999999,0.125,0.175,0.3333333333333333,0.43137254901960786,0.45098039215686275,0.06896551724137931,0.6575342465753424,0.20618556701030927,0.4187192118226601,0.17733990147783252,0.5763888888888888,0.22916666666666666,0.034722222222222224,8.770700636942676,1.2038216560509556,10.490445859872613,0.2747747747747748,0.34257201652916747,0.04864171397911623,0.34257201652916747,0.1282051282051282,,0.5,,,,,False,,1.5,,,,,False,
694671,Wyatt Langford,TEX,WSH,1,3.0,1,676917,Cade Cavalli,R,822860,8:05 PM ET,Globe Life Field,1,1,0.24587155963302754,2026-08-19,822860,1.0,0,94.8,94.6,93.8,R,5,4,2,0,0,0,1,0,0,0,2,4,0,3,1,2,1,0.5297499999999999,0.7235,1,1,1,1,0,0,0.14285714285714285,0.3114754098360656,0.7142857142857143,0.22950819672131148,0.15151515151515152,0.14285714285714285,0.03278688524590164,0.01639344262295082,0.061224489795918366,0.9333333333333333,0.9333333333333333,0.34285714285714286,0.2,0.5428571428571428,0.17142857142857143,0.0,0.2485357142857143,0.3574345238095238,0.23529411764705882,0.15789473684210525,0.35001666666666675,0.5113333333333335,0.16363636363636364,0.32727272727272727,0.3,0.26785714285714285,0.48214285714285715,0.21212121212121213,0.6575342465753424,0.20618556701030927,0.4187192118226601,0.17733990147783252,0.5763888888888888,0.22916666666666666,0.034722222222222224,8.770700636942676,1.2038216560509556,10.490445859872613,0.2747747747747748,0.5729908367559294,0.1589983505351401,0.5729908367559294,0.14285714285714285,,0.5,,,,,False,,1.5,,,,,False,
694673,Abimelec Ortiz,WSH,TEX,0,2.0,1,677958,Kumar Rocker,R,822860,8:05 PM ET,Globe Life Field,0,1,0.24647887323943662,2026-08-19,822860,1.0,0,94.8,94.6,93.8,L,3,3,0,0,0,0,0,0,0,0,0,3,0,1,0,2,0,0.07766666666666666,0.081,0,0,0,0,0,0,0.2926829268292683,0.30952380952380953,0.7560975609756098,0.23255813953488372,0.2692307692307692,0.3902439024390244,0.11627906976744186,0.023255813953488372,0.14634146341463414,1.8666666666666667,0.6666666666666666,0.5161290322580645,0.22580645161290322,0.3548387096774194,0.41935483870967744,0.0967741935483871,0.40072619047619046,0.8978809523809524,0.3125,0.3125,0.44416666666666665,1.0838,0.2926829268292683,0.6829268292682927,0.23255813953488372,,,,0.6727272727272727,0.24210526315789474,0.51,0.23,0.36486486486486486,0.23648648648648649,0.02027027027027027,7.788461538461538,0.8653846153846154,8.134615384615385,0.21658986175115208,0.6299176752519255,0.23664485210234273,0.6299176752519255,0.2926829268292683,,0.5,,,,,False,,1.5,,,,,False,
665953,Andrés Chaparro,WSH,TEX,0,5.0,1,677958,Kumar Rocker,R,822860,8:05 PM ET,Globe Life Field,1,1,0.24647887323943662,2026-08-19,822860,1.0,0,94.8,94.6,93.8,R,1,1,1,1,0,0,0,0,0,0,2,1,0,1,0,0,1,0.886,2.246,1,0,1,1,0,0,0.22857142857142856,0.35714285714285715,0.7142857142857143,0.23809523809523808,0.2608695652173913,0.2571428571428571,0.047619047619047616,0.07142857142857142,0.14285714285714285,1.1333333333333333,0.6666666666666666,0.36,0.08,0.48,0.28,0.08,0.23260714285714285,0.44083333333333335,0.15384615384615385,0.25,0.2406,0.5984,0.25806451612903225,0.5806451612903226,0.20588235294117646,0.16666666666666666,0.4166666666666667,0.20930232558139536,0.6727272727272727,0.24210526315789474,0.51,0.23,0.36486486486486486,0.23648648648648649,0.02027027027027027,7.788461538461538,0.8653846153846154,8.134615384615385,0.21658986175115208,0.5718783789556056,0.1844594692402843,0.5718783789556056,0.22857142857142856,,0.5,,,,,False,,1.5,,,,,False,
682928,CJ Abrams,WSH,TEX,0,1.0,1,677958,Kumar Rocker,R,822860,8:05 PM ET,Globe Life Field,0,1,0.24647887323943662,2026-08-19,822860,1.0,0,94.8,94.6,93.8,L,4,4,2,1,0,0,0,0,0,2,3,2,0,1,0,1,1,0.533,1.0515,1,1,1,1,1,1,0.19672131147540983,0.26865671641791045,0.6229508196721312,0.3382352941176471,0.2972972972972973,0.11475409836065574,0.014705882352941176,0.029411764705882353,0.06557377049180328,1.2666666666666666,1.5333333333333334,0.3684210526315789,0.21052631578947367,0.5789473684210527,0.10526315789473684,0.02631578947368421,0.3536428571428571,0.4495892857142857,0.058823529411764705,0.2727272727272727,0.14024999999999993,0.1583541666666668,0.2807017543859649,0.5087719298245614,0.2753623188405797,0.32786885245901637,0.7213114754098361,0.2835820895522388,0.6727272727272727,0.24210526315789474,0.51,0.23,0.36486486486486486,0.23648648648648649,0.02027027027027027,7.788461538461538,0.8653846153846154,8.134615384615385,0.21658986175115208,0.6134909606961085,0.2061816030663949,0.6134909606961085,0.19672131147540983,,0.5,,,,,False,,1.5,,,,,False,
695734,Daylen Lile,WSH,TEX,0,4.0,1,677958,Kumar Rocker,R,822860,8:05 PM ET,Globe Life Field,0,1,0.24647887323943662,2026-08-19,822860,1.0,0,94.8,94.6,93.8,L,4,4,1,0,0,0,0,0,0,1,1,3,0,0,1,1,1,0.367,0.4656666666666667,1,0,1,0,1,0,0.22641509433962265,0.26785714285714285,0.7735849056603774,0.21428571428571427,0.2564102564102564,0.1320754716981132,0.03571428571428571,0.017857142857142856,0.05660377358490566,1.2666666666666666,0.8,0.5609756097560976,0.21951219512195122,0.21951219512195122,0.5121951219512195,0.04878048780487805,0.29767777777777776,0.5532,0.2631578947368421,0.15,0.32611666666666667,0.51285,0.2641509433962264,0.39622641509433965,0.22807017543859648,0.27586206896551724,0.4482758620689655,0.16666666666666666,0.6727272727272727,0.24210526315789474,0.51,0.23,0.36486486486486486,0.23648648648648649,0.02027027027027027,7.788461538461538,0.8653846153846154,8.134615384615385,0.21658986175115208,0.5998580798752431,0.19550067213778574,0.5998580798752431,0.22641509433962265,,0.5,,,,,False,,1.5,,,,,False,
696285,Jacob Young,WSH,TEX,0,7.0,1,677958,Kumar Rocker,R,822860,8:05 PM ET,Globe Life Field,1,1,0.24647887323943662,2026-08-19,822860,1.0,0,94.8,94.6,93.8,R,3,3,0,0,0,0,0,0,0,1,0,2,0,0,1,1,0,0.16,0.1905,0,0,0,0,1,0,0.35555555555555557,0.4339622641509434,0.8666666666666667,0.1111111111111111,0.38461538461538464,0.17777777777777778,0.018518518518518517,0.05555555555555555,0.1111111111111111,1.6,0.4,0.21951219512195122,0.24390243902439024,0.36585365853658536,0.3902439024390244,0.0,0.3592855555555555,0.46601,0.42105263157894735,0.10526315789473684,0.4730899999999999,0.6922633333333333,0.21951219512195122,0.2682926829268293,0.1320754716981132,0.375,0.6458333333333334,0.10714285714285714,0.6727272727272727,0.24210526315789474,0.51,0.23,0.36486486486486486,0.23648648648648649,0.02027027027027027,7.788461538461538,0.8653846153846154,8.134615384615385,0.21658986175115208,0.5551225376501936,0.16672035523127657,0.5551225376501936,0.35555555555555557,,0.5,,,,,False,,1.5,,,,,False,
678391,Jorbit Vivas,WSH,TEX,0,8.0,1,677958,Kumar Rocker,R,822860,8:05 PM ET,Globe Life Field,0,1,0.24647887323943662,2026-08-19,822860,1.0,0,94.8,94.6,93.8,L,3,3,0,0,0,0,0,0,0,0,0,3,0,0,2,0,1,0.13999999999999999,0.25466666666666665,0,0,0,0,0,0,0.24324324324324326,0.37777777777777777,0.7567567567567568,0.1956521739130435,0.32142857142857145,0.0,0.0,0.0,0.0,0.6,0.6,0.03571428571428571,0.25,0.4642857142857143,0.17857142857142858,0.0,0.30263690476190475,0.35186904761904764,0.4,0.17647058823529413,0.40315,0.46976666666666667,0.2571428571428571,0.2571428571428571,0.22727272727272727,0.20833333333333334,0.3333333333333333,0.11538461538461539,0.6727272727272727,0.24210526315789474,0.51,0.23,0.36486486486486486,0.23648648648648649,0.02027027027027027,7.788461538461538,0.8653846153846154,8.134615384615385,0.21658986175115208,0.5058619218438015,0.13675435805966582,0.5058619218438015,0.24324324324324326,,0.5,,,,,False,,1.5,,,,,False,
677588,José Tena,WSH,TEX,0,3.0,1,677958,Kumar Rocker,R,822860,8:05 PM ET,Globe Life Field,0,1,0.24647887323943662,2026-08-19,822860,1.0,0,94.8,94.6,93.8,L,1,1,0,0,0,0,0,0,0,1,0,0,0,0,0,0,0,0.686,2.396,0,0,0,0,1,0,0.1935483870967742,0.32432432432432434,0.6451612903225806,0.2972972972972973,0.2631578947368421,0.12903225806451613,0.02702702702702703,0.02702702702702703,0.06451612903225806,0.6666666666666666,0.7333333333333333,0.4,0.15,0.5,0.2,0.05,0.2941818181818182,0.5301287878787879,0.125,0.45454545454545453,0.2833333333333334,0.8546666666666667,0.14814814814814814,0.25925925925925924,0.29411764705882354,0.22,0.24,0.3018867924528302,0.6727272727272727,0.24210526315789474,0.51,0.23,0.36486486486486486,0.23648648648648649,0.02027027027027027,7.788461538461538,0.8653846153846154,8.134615384615385,0.21658986175115208,0.5604059541239386,0.17920753422270808,0.5604059541239386,0.1935483870967742,,0.5,,,,,False,,1.5,,,,,False,
660688,Keibert Ruiz,WSH,TEX,0,6.0,1,677958,Kumar Rocker,R,822860,8:05 PM ET,Globe Life Field,0,1,0.24647887323943662,2026-08-19,822860,1.0,0,94.8,94.6,93.8,L,3,3,2,0,0,0,0,0,0,1,2,2,0,1,0,0,2,0.8214999999999999,0.921,1,1,1,1,1,0,0.29411764705882354,0.3684210526315789,0.8823529411764706,0.10526315789473684,0.3333333333333333,0.029411764705882353,0.0,0.02631578947368421,0.029411764705882353,0.7333333333333333,0.26666666666666666,0.36666666666666664,0.4,0.26666666666666666,0.2,0.03333333333333333,0.360375,0.5042261904761905,0.26666666666666666,0.0625,0.36301666666666654,0.6037333333333333,0.23529411764705882,0.29411764705882354,0.08928571428571429,0.2777777777777778,0.4074074074074074,0.10526315789473684,0.6727272727272727,0.24210526315789474,0.51,0.23,0.36486486486486486,0.23648648648648649,0.02027027027027027,7.788461538461538,0.8653846153846154,8.134615384615385,0.21658986175115208,0.5718783789556056,0.17538268069528853,0.5718783789556056,0.29411764705882354,,0.5,,,,,False,,1.5,,,,,False,
683083,Nasim Nuñez,WSH,TEX,0,9.0,1,677958,Kumar Rocker,R,822860,8:05 PM ET,Globe Life Field,0,1,0.24647887323943662,2026-08-19,822860,1.0,0,94.8,94.6,93.8,L,2,2,0,0,0,0,0,0,0,0,0,2,0,0,1,1,0,0.14100000000000001,0.153,0,0,0,0,0,0,0.14285714285714285,0.2682926829268293,0.8,0.17073170731707318,0.17857142857142858,0.0,0.0,0.0,0.0,0.3333333333333333,0.4666666666666667,0.35714285714285715,0.17857142857142858,0.5357142857142857,0.25,0.0,0.29942857142857143,0.3442559523809524,0.14285714285714285,0.26666666666666666,0.27293333333333336,0.3116666666666666,0.16326530612244897,0.16326530612244897,0.14285714285714285,0.2,0.26,0.14035087719298245,0.6727272727272727,0.24210526315789474,0.51,0.23,0.36486486486486486,0.23648648648648649,0.02027027027027027,7.788461538461538,0.8653846153846154,8.134615384615385,0.21658986175115208,0.4396000538654648,0.09819661060082907,0.4396000538654648,0.14285714285714285,,0.5,,,,,False,,1.5,,,,,False,
701358,Cam Smith,HOU,LAA,1,6.0,1,700712,Walbert Ureña,R,824155,8:10 PM ET,Daikin Park,1,1,0.18041237113402062,2026-08-19,824155,1.0,0,97.4,100.1,118.7,R,3,3,1,0,0,1,0,0,0,0,4,3,0,2,2,1,0,0.43133333333333335,1.4076666666666666,1,0,1,1,0,0,0.3050847457627119,0.3387096774193548,0.711864406779661,0.2698412698412698,0.38461538461538464,0.2542372881355932,0.047619047619047616,0.031746031746031744,0.11864406779661017,2.2,1.1333333333333333,0.47619047619047616,0.21428571428571427,0.42857142857142855,0.30952380952380953,0.0,0.3292321428571428,0.530702380952381,0.2631578947368421,0.21052631578947367,0.31126666666666664,0.5211333333333334,0.25862068965517243,0.46551724137931033,0.25,0.2,0.52,0.2857142857142857,0.6210045662100456,0.1912568306010929,0.2594594594594595,0.05945945945945946,0.5661764705882353,0.22058823529411764,0.014705882352941176,6.709090909090909,0.6545454545454545,8.672727272727272,0.2245762711864407,0.5907574020023504,0.21499930993576744,0.5907574020023504,0.3050847457627119,,0.5,,,,,False,,1.5,,,,,False,
543877,Christian Vázquez,HOU,LAA,1,9.0,1,700712,Walbert Ureña,R,824155,8:10 PM ET,Daikin Park,1,1,0.18041237113402062,2026-08-19,824155,1.0,0,97.4,100.1,118.7,R,2,2,1,0,0,1,0,0,0,1,4,1,0,1,0,0,1,0.843,2.734,1,0,1,1,1,0,0.1951219512195122,0.24444444444444444,0.7317073170731707,0.23404255319148937,0.23333333333333334,0.0975609756097561,0.02127659574468085,0.02127659574468085,0.04878048780487805,0.8,0.7333333333333333,0.24242424242424243,0.3333333333333333,0.2727272727272727,0.24242424242424243,0.0,0.29542261904761896,0.3692619047619048,0.16666666666666666,0.14285714285714285,0.1402,0.1993000000000001,0.19047619047619047,0.2857142857142857,0.2608695652173913,0.14893617021276595,0.2765957446808511,0.1875,0.6210045662100456,0.1912568306010929,0.2594594594594595,0.05945945945945946,0.5661764705882353,0.22058823529411764,0.014705882352941176,6.709090909090909,0.6545454545454545,8.672727272727272,0.2245762711864407,0.38509028809959317,0.09630063420745878,0.38509028809959317,0.1951219512195122,,0.5,,,,,False,,1.5,,,,,False,
572233,Christian Walker,HOU,LAA,1,7.0,1,700712,Walbert Ureña,R,824155,8:10 PM ET,Daikin Park,1,1,0.18041237113402062,2026-08-19,824155,1.0,0,97.4,100.1,118.7,R,4,4,0,0,0,0,0,0,0,2,0,2,0,1,1,0,0,0.013000000000000001,0.028,0,0,0,0,1,1,0.22413793103448276,0.3181818181818182,0.7758620689655172,0.19696969696969696,0.2558139534883721,0.1724137931034483,0.030303030303030304,0.06060606060606061,0.10344827586206896,1.5333333333333334,0.8666666666666667,0.4,0.2,0.4888888888888889,0.26666666666666666,0.044444444444444446,0.3372233333333334,0.5168588888888889,0.1,0.23809523809523808,0.21549666666666667,0.3634000000000003,0.22807017543859648,0.40350877192982454,0.26153846153846155,0.3,0.56,0.15517241379310345,0.6210045662100456,0.1912568306010929,0.2594594594594595,0.05945945945945946,0.5661764705882353,0.22058823529411764,0.014705882352941176,6.709090909090909,0.6545454545454545,8.672727272727272,0.2245762711864407,0.5756787209955998,0.19058301228820426,0.5756787209955998,0.22413793103448276,,0.5,,,,,False,,1.5,,,,,False,
670623,Isaac Paredes,HOU,LAA,1,3.0,1,700712,Walbert Ureña,R,824155,8:10 PM ET,Daikin Park,1,1,0.18041237113402062,2026-08-19,824155,1.0,0,97.4,100.1,118.7,R,4,2,0,0,0,0,2,0,0,0,0,2,0,1,1,0,1,0.28,0.435,0,0,0,0,0,0,0.30357142857142855,0.38095238095238093,0.9285714285714286,0.0625,0.3,0.16071428571428573,0.03125,0.046875,0.08928571428571429,1.7333333333333334,0.26666666666666666,0.23076923076923078,0.34615384615384615,0.2692307692307692,0.23076923076923078,0.019230769230769232,0.27517555555555556,0.3950544444444445,0.4,0.0,0.26207,0.4130633333333332,0.23214285714285715,0.375,0.07692307692307693,0.27419354838709675,0.3387096774193548,0.1791044776119403,0.6210045662100456,0.1912568306010929,0.2594594594594595,0.05945945945945946,0.5661764705882353,0.22058823529411764,0.014705882352941176,6.709090909090909,0.6545454545454545,8.672727272727272,0.2245762711864407,0.5525338558512868,0.1967183384436204,0.5525338558512868,0.30357142857142855,,0.5,,,,,False,,1.5,,,,,False,
665161,Jeremy Peña,HOU,LAA,1,1.0,1,700712,Walbert Ureña,R,824155,8:10 PM ET,Daikin Park,1,1,0.18041237113402062,2026-08-19,824155,1.0,0,97.4,100.1,118.7,R,4,4,0,0,0,0,0,0,0,1,0,3,0,1,1,2,0,0.21533333333333335,0.24233333333333332,0,0,0,0,1,0,0.2,0.2676056338028169,0.7076923076923077,0.2676056338028169,0.25,0.18461538461538463,0.028169014084507043,0.056338028169014086,0.1076923076923077,1.6666666666666667,1.2666666666666666,0.3695652173913043,0.21739130434782608,0.5,0.1956521739130435,0.021739130434782608,0.3149611111111111,0.4459722222222222,0.18181818181818182,0.18181818181818182,0.21818333333333334,0.3439333333333333,0.22727272727272727,0.4696969696969697,0.29577464788732394,0.22580645161290322,0.25806451612903225,0.25757575757575757,0.6210045662100456,0.1912568306010929,0.2594594594594595,0.05945945945945946,0.5661764705882353,0.22058823529411764,0.014705882352941176,6.709090909090909,0.6545454545454545,8.672727272727272,0.2245762711864407,0.6210987436586303,0.24634767441459582,0.6210987436586303,0.2,,0.5,,,,,False,,1.5,,,,,False,
514888,Jose Altuve,HOU,LAA,1,4.0,1,700712,Walbert Ureña,R,824155,8:10 PM ET,Daikin Park,1,1,0.18041237113402062,2026-08-19,824155,1.0,0,97.4,100.1,118.7,R,4,3,1,0,0,0,1,0,0,1,1,2,0,0,0,1,1,0.3245,0.36250000000000004,1,0,1,0,1,0,0.32727272727272727,0.3870967741935484,0.8727272727272727,0.11290322580645161,0.3541666666666667,0.10909090909090909,0.016129032258064516,0.016129032258064516,0.05454545454545454,1.6,0.4666666666666667,0.24489795918367346,0.22448979591836735,0.5510204081632653,0.14285714285714285,0.02040816326530612,0.24895595238095236,0.33608095238095237,0.3125,0.21052631578947367,0.1971458333333333,0.238166666666667,0.2786885245901639,0.36065573770491804,0.15384615384615385,0.22950819672131148,0.4262295081967213,0.23076923076923078,0.6210045662100456,0.1912568306010929,0.2594594594594595,0.05945945945945946,0.5661764705882353,0.22058823529411764,0.014705882352941176,6.709090909090909,0.6545454545454545,8.672727272727272,0.2245762711864407,0.6021999062640381,0.25150600307529103,0.6021999062640381,0.32727272727272727,,0.5,,,,,False,,1.5,,,,,False,
664774,LaMonte Wade Jr.,HOU,LAA,1,5.0,1,700712,Walbert Ureña,R,824155,8:10 PM ET,Daikin Park,0,1,0.18041237113402062,2026-08-19,824155,1.0,0,97.4,100.1,118.7,L,4,3,1,0,0,0,1,0,0,1,1,2,0,2,0,1,1,0.6345000000000001,0.7155,1,0,1,0,1,0,0.2903225806451613,0.40540540540540543,0.8064516129032258,0.16216216216216217,0.36,0.06451612903225806,0.0,0.05405405405405406,0.06451612903225806,0.7333333333333333,0.4,0.32,0.2,0.56,0.2,0.0,0.2365,0.29023076923076924,0.14285714285714285,0.125,0.32841666666666647,0.3747499999999999,0.2727272727272727,0.3333333333333333,0.1891891891891892,0.1702127659574468,0.23404255319148937,0.19298245614035087,0.6210045662100456,0.1912568306010929,0.2594594594594595,0.05945945945945946,0.5661764705882353,0.22058823529411764,0.014705882352941176,6.709090909090909,0.6545454545454545,8.672727272727272,0.2245762711864407,0.5887629668268383,0.22788020146988527,0.5887629668268383,0.2903225806451613,,0.5,,,,,False,,1.5,,,,,False,
666211,Taylor Trammell,HOU,LAA,1,8.0,1,700712,Walbert Ureña,R,824155,8:10 PM ET,Daikin Park,0,1,0.18041237113402062,2026-08-19,824155,1.0,0,97.4,100.1,118.7,L,3,3,0,0,0,0,0,0,0,3,0,0,0,0,0,0,0,0.003,0.005,0,0,0,0,1,1,0.1702127659574468,0.30357142857142855,0.6808510638297872,0.26785714285714285,0.2,0.19148936170212766,0.03571428571428571,0.017857142857142856,0.0851063829787234,1.1333333333333333,1.0,0.375,0.125,0.5625,0.21875,0.03125,0.29354761904761906,0.7076071428571428,0.06666666666666667,0.4444444444444444,0.2800833333333334,0.8213333333333335,0.1956521739130435,0.45652173913043476,0.25862068965517243,0.2571428571428571,0.45714285714285713,0.3076923076923077,0.6210045662100456,0.1912568306010929,0.2594594594594595,0.05945945945945946,0.5661764705882353,0.22058823529411764,0.014705882352941176,6.709090909090909,0.6545454545454545,8.672727272727272,0.2245762711864407,0.5644352264639828,0.14222806098810237,0.5644352264639828,0.1702127659574468,,0.5,,,,,False,,1.5,,,,,False,
670541,Yordan Alvarez,HOU,LAA,1,2.0,1,700712,Walbert Ureña,R,824155,8:10 PM ET,Daikin Park,0,1,0.18041237113402062,2026-08-19,824155,1.0,0,97.4,100.1,118.7,L,4,4,0,0,0,0,0,0,0,2,0,2,0,1,0,1,1,0.514,0.6935,0,0,0,0,1,1,0.3148148148148148,0.4492753623188406,0.8148148148148148,0.14492753623188406,0.36363636363636365,0.14814814814814814,0.014492753623188406,0.07246376811594203,0.1111111111111111,1.6666666666666667,0.6666666666666666,0.5111111111111111,0.35555555555555557,0.26666666666666666,0.3333333333333333,0.0,0.3396733333333333,0.5406911111111111,0.26666666666666666,0.09523809523809523,0.2522,0.5145166666666668,0.2909090909090909,0.43636363636363634,0.17142857142857143,0.26785714285714285,0.39285714285714285,0.16417910447761194,0.6210045662100456,0.1912568306010929,0.2594594594594595,0.05945945945945946,0.5661764705882353,0.22058823529411764,0.014705882352941176,6.709090909090909,0.6545454545454545,8.672727272727272,0.2245762711864407,0.597057506978553,0.2222129968822044,0.597057506978553,0.3148148148148148,,0.5,,,,,False,,1.5,,,,,False,
694203,Denzer Guzman,LAA,HOU,0,8.0,1,814490,Ethan Pecko,R,824155,8:10 PM ET,Daikin Park,1,1,0.2665406427221172,2026-08-19,824155,1.0,0,97.4,100.1,118.7,R,4,4,1,0,0,0,0,0,0,2,1,2,0,1,0,1,1,0.6765,0.8029999999999999,1,0,1,0,1,1,0.2127659574468085,0.26,0.7872340425531915,0.19607843137254902,0.25,0.0851063829787234,0.0196078431372549,0.0196078431372549,0.0425531914893617,0.9333333333333333,0.6666666666666666,0.23684210526315788,0.23684210526315788,0.4473684210526316,0.23684210526315788,0.02631578947368421,0.26192261904761904,0.38475,0.29411764705882354,0.16666666666666666,0.2876666666666667,0.43658333333333327,0.23076923076923078,0.3076923076923077,0.2857142857142857,0.2692307692307692,0.5769230769230769,0.1896551724137931,,,,,,,,,,,,0.43441856309999594,0.11704408651787339,0.43441856309999594,0.2127659574468085,,0.5,,,,,False,,1.5,,,,,False,
666139,Josh Lowe,LAA,HOU,0,7.0,1,814490,Ethan Pecko,R,824155,8:10 PM ET,Daikin Park,0,1,0.2665406427221172,2026-08-19,824155,1.0,0,97.4,100.1,118.7,L,4,4,1,0,0,1,0,0,0,1,4,3,0,1,2,1,0,0.159,0.2893333333333334,1,0,1,1,1,0,0.19444444444444445,0.2926829268292683,0.5833333333333334,0.36585365853658536,0.3,0.1388888888888889,0.024390243902439025,0.04878048780487805,0.08333333333333333,0.8,1.0,0.5238095238095238,0.3333333333333333,0.19047619047619047,0.38095238095238093,0.047619047619047616,0.4334230769230769,0.7432179487179488,0.1875,0.375,0.3556,0.6427666666666665,0.20588235294117646,0.35294117647058826,0.35,0.09090909090909091,0.14545454545454545,0.3333333333333333,,,,,,,,,,,,0.5327901660204847,0.04466998670943858,0.5327901660204847,0.19444444444444445,,0.5,,,,,False,,1.5,,,,,False,
545361,Mike Trout,LAA,HOU,0,2.0,1,814490,Ethan Pecko,R,824155,8:10 PM ET,Daikin Park,1,1,0.2665406427221172,2026-08-19,824155,1.0,0,97.4,100.1,118.7,R,4,3,0,0,0,0,1,0,0,0,0,3,0,0,2,1,0,0.15833333333333333,0.19999999999999998,0,0,0,0,0,0,0.24561403508771928,0.3384615384615385,0.6140350877192983,0.3384615384615385,0.36363636363636365,0.12280701754385964,0.03076923076923077,0.015384615384615385,0.05263157894736842,1.4,1.4666666666666666,0.42857142857142855,0.2857142857142857,0.3142857142857143,0.3142857142857143,0.02857142857142857,0.3983177777777778,0.6548688888888888,0.34782608695652173,0.2608695652173913,0.3197533333333333,0.3971066666666666,0.22413793103448276,0.3103448275862069,0.2878787878787879,0.3333333333333333,0.47058823529411764,0.25,,,,,,,,,,,,0.5586981211758537,0.14571733067580336,0.5586981211758537,0.24561403508771928,,0.5,,,,,False,,1.5,,,,,False,
694208,Moisés Ballesteros,LAA,HOU,0,5.0,1,814490,Ethan Pecko,R,824155,8:10 PM ET,Daikin Park,0,1,0.2665406427221172,2026-08-19,824155,1.0,0,97.4,100.1,118.7,L,4,4,0,0,0,0,0,0,0,1,0,3,0,1,1,1,0,0.12566666666666668,0.13699999999999998,0,0,0,0,1,0,0.14285714285714285,0.2222222222222222,0.7551020408163265,0.2222222222222222,0.1891891891891892,0.02040816326530612,0.0,0.018518518518518517,0.02040816326530612,0.5333333333333333,0.8,0.5135135135135135,0.1891891891891892,0.5135135135135135,0.24324324324324326,0.0,0.3452333333333334,0.5355277777777778,0.11764705882352941,0.15,0.29383333333333334,0.4243666666666666,0.1702127659574468,0.19148936170212766,0.19230769230769232,0.15789473684210525,0.15789473684210525,0.23809523809523808,,,,,,,,,,,,0.5691662704785635,0.11336111187230198,0.5691662704785635,0.14285714285714285,,0.5,,,,,False,,1.5,,,,,False,
694384,Nolan Schanuel,LAA,HOU,0,3.0,1,814490,Ethan Pecko,R,824155,8:10 PM ET,Daikin Park,0,1,0.2665406427221172,2026-08-19,824155,1.0,0,97.4,100.1,118.7,L,4,4,2,0,0,0,0,0,0,0,2,4,0,2,1,1,2,0.3925,0.42000000000000004,1,1,1,1,0,0,0.27450980392156865,0.3709677419354839,0.8823529411764706,0.09523809523809523,0.2826086956521739,0.11764705882352941,0.015873015873015872,0.047619047619047616,0.0784313725490196,1.3333333333333333,0.4,0.375,0.2708333333333333,0.3958333333333333,0.2916666666666667,0.020833333333333332,0.33622777777777774,0.48737222222222226,0.5,0.05,0.4801166666666667,0.62305,0.3076923076923077,0.4230769230769231,0.046153846153846156,0.22641509433962265,0.32075471698113206,0.09523809523809523,,,,,,,,,,,,0.6153679316043948,0.08512920189971367,0.6153679316043948,0.27450980392156865,,0.5,,,,,False,,1.5,,,,,False,
672724,Oswald Peraza,LAA,HOU,0,9.0,1,814490,Ethan Pecko,R,824155,8:10 PM ET,Daikin Park,1,1,0.2665406427221172,2026-08-19,824155,1.0,0,97.4,100.1,118.7,R,3,2,0,0,0,0,1,0,0,1,0,1,0,0,1,0,0,0.003,0.003,0,0,0,0,1,0,0.13953488372093023,0.20833333333333334,0.627906976744186,0.3333333333333333,0.21428571428571427,0.0,0.0,0.0,0.0,0.4,1.0666666666666667,0.39285714285714285,0.10714285714285714,0.5357142857142857,0.2857142857142857,0.0,0.22891666666666668,0.273125,0.15384615384615385,0.21428571428571427,0.25525000000000003,0.299875,0.1276595744680851,0.1276595744680851,0.40816326530612246,0.24489795918367346,0.32653061224489793,0.27450980392156865,,,,,,,,,,,,0.23275845158271494,0.020194711129336507,0.23275845158271494,0.13953488372093023,,0.5,,,,,False,,1.5,,,,,False,
687093,Vaughn Grissom,LAA,HOU,0,6.0,1,814490,Ethan Pecko,R,824155,8:10 PM ET,Daikin Park,1,1,0.2665406427221172,2026-08-19,824155,1.0,0,97.4,100.1,118.7,R,4,4,1,0,0,0,0,0,0,1,1,3,0,2,1,2,0,0.21466666666666667,0.24566666666666667,1,0,1,0,1,0,0.19298245614035087,0.20689655172413793,0.7017543859649122,0.29310344827586204,0.275,0.07017543859649122,0.0,0.06896551724137931,0.07017543859649122,1.0,1.1333333333333333,0.225,0.15,0.55,0.225,0.0,0.30815000000000003,0.3742388888888889,0.15789473684210525,0.2631578947368421,0.35714999999999997,0.4466166666666667,0.2711864406779661,0.4406779661016949,0.26229508196721313,0.2830188679245283,0.33962264150943394,0.20689655172413793,,,,,,,,,,,,0.5416158463725054,0.10661149892054382,0.5416158463725054,0.19298245614035087,,0.5,,,,,False,,1.5,,,,,False,
685133,Wade Meckler,LAA,HOU,0,1.0,1,814490,Ethan Pecko,R,824155,8:10 PM ET,Daikin Park,0,1,0.2665406427221172,2026-08-19,824155,1.0,0,97.4,100.1,118.7,L,4,4,1,0,0,0,0,0,0,1,1,3,0,0,0,2,0,0.25266666666666665,0.284,1,0,1,0,1,0,0.27450980392156865,0.3392857142857143,0.7647058823529411,0.21052631578947367,0.34210526315789475,0.0784313725490196,0.017543859649122806,0.017543859649122806,0.0392156862745098,1.2,0.8,0.35,0.175,0.675,0.15,0.0,0.31667999999999996,0.3921533333333333,0.15789473684210525,0.2727272727272727,0.33730000000000004,0.3939666666666667,0.2553191489361702,0.3617021276595745,0.25,0.2727272727272727,0.3181818181818182,0.18518518518518517,,,,,,,,,,,,0.5642947296061419,0.14327676737405518,0.5642947296061419,0.27450980392156865,,0.5,,,,,False,,1.5,,,,,False,
687263,Zach Neto,LAA,HOU,0,4.0,1,814490,Ethan Pecko,R,824155,8:10 PM ET,Daikin Park,1,1,0.2665406427221172,2026-08-19,824155,1.0,0,97.4,100.1,118.7,R,4,4,2,1,0,0,0,0,0,1,3,3,0,1,1,1,1,0.41,0.549,1,1,1,1,1,0,0.14754098360655737,0.1875,0.639344262295082,0.34375,0.21052631578947367,0.08196721311475409,0.015625,0.03125,0.04918032786885246,0.9333333333333333,1.4666666666666666,0.38461538461538464,0.20512820512820512,0.2564102564102564,0.358974358974359,0.02564102564102564,0.23845555555555553,0.3564888888888889,0.17647058823529413,0.25,0.21216666666666661,0.3084166666666667,0.1864406779661017,0.3050847457627119,0.3283582089552239,0.25,0.4166666666666667,0.3548387096774194,,,,,,,,,,,,0.4683180676130174,0.0899312162976435,0.4683180676130174,0.14754098360655737,,0.5,,,,,False,,1.5,,,,,False,
691182,Adael Amador,COL,LAD,1,7.0,1,808963,Roki Sasaki,R,824318,8:40 PM ET,Coors Field,0,1,0.19377162629757785,2026-08-19,824318,0.0,0,117.3,118.0,105.2,L,1,1,0,0,0,0,0,0,0,1,0,0,0,0,0,0,0,0.232,0.263,0,0,0,0,1,0,0.3103448275862069,0.4117647058823529,0.8620689655172413,0.11428571428571428,0.3333333333333333,0.20689655172413793,0.02857142857142857,0.08571428571428572,0.13793103448275862,1.0,0.26666666666666666,0.3076923076923077,0.19230769230769232,0.5,0.23076923076923078,0.0,0.23234615384615387,0.369551282051282,0.25,0.18181818181818182,0.25333333333333335,0.6026666666666665,0.24390243902439024,0.3902439024390244,0.125,0.1,0.15,0.18181818181818182,0.6517857142857143,0.1736842105263158,0.47761194029850745,0.25870646766169153,0.4178082191780822,0.2602739726027397,0.0410958904109589,7.738853503184712,1.7197452229299361,9.114649681528663,0.2398190045248869,0.6568322751796553,0.233301419308754,0.6568322751796553,0.3103448275862069,,0.5,,,,,False,,1.5,,,,,False,
664954,Brett Sullivan,COL,LAD,1,8.0,1,808963,Roki Sasaki,R,824318,8:40 PM ET,Coors Field,0,1,0.19377162629757785,2026-08-19,824318,0.0,0,117.3,118.0,105.2,L,1,1,0,0,0,0,0,0,0,0,0,1,0,0,0,1,0,0.168,0.193,0,0,0,0,0,0,0.3111111111111111,0.3469387755102041,0.8222222222222222,0.16326530612244897,0.3142857142857143,0.3333333333333333,0.061224489795918366,0.08163265306122448,0.17777777777777778,1.9333333333333333,0.5333333333333333,0.3157894736842105,0.23684210526315788,0.3157894736842105,0.2894736842105263,0.07894736842105263,0.26406666666666667,0.48512777777777777,0.29411764705882354,0.15,0.36416666666666675,0.7610500000000001,0.3023255813953488,0.6046511627906976,0.17391304347826086,0.3023255813953488,0.4186046511627907,0.25,0.6517857142857143,0.1736842105263158,0.47761194029850745,0.25870646766169153,0.4178082191780822,0.2602739726027397,0.0410958904109589,7.738853503184712,1.7197452229299361,9.114649681528663,0.2398190045248869,0.6268388935872418,0.21003251146824986,0.6268388935872418,0.3111111111111111,,0.5,,,,,False,,1.5,,,,,False,
694249,Cole Carrigg,COL,LAD,1,3.0,1,808963,Roki Sasaki,R,824318,8:40 PM ET,Coors Field,0,1,0.19377162629757785,2026-08-19,824318,0.0,0,117.3,118.0,105.2,L,1,1,0,0,0,0,0,0,0,0,0,1,0,1,1,0,0,0.017,0.026,0,0,0,0,0,0,0.24242424242424243,0.32432432432432434,0.7575757575757576,0.21052631578947367,0.32,0.12121212121212122,0.0,0.10526315789473684,0.12121212121212122,0.8,0.5333333333333333,0.24,0.2,0.48,0.2,0.0,0.33887179487179486,0.4222051282051282,0.18181818181818182,0.21428571428571427,0.29339999999999994,0.33403333333333335,0.2807017543859649,0.3684210526315789,0.15151515151515152,0.3148148148148148,0.5370370370370371,0.23728813559322035,0.6517857142857143,0.1736842105263158,0.47761194029850745,0.25870646766169153,0.4178082191780822,0.2602739726027397,0.0410958904109589,7.738853503184712,1.7197452229299361,9.114649681528663,0.2398190045248869,0.647153629483659,0.20717392681486937,0.647153629483659,0.24242424242424243,,0.5,,,,,False,,1.5,,,,,False,
681393,Connor Norby,COL,LAD,1,6.0,1,808963,Roki Sasaki,R,824318,8:40 PM ET,Coors Field,1,1,0.19377162629757785,2026-08-19,824318,0.0,0,117.3,118.0,105.2,R,3,3,1,1,0,0,0,0,0,1,2,2,0,1,1,1,0,0.29150000000000004,0.35000000000000003,1,0,1,1,1,0,0.2,0.3333333333333333,0.625,0.3125,0.32,0.075,0.0,0.0625,0.075,0.7333333333333333,1.0,0.4,0.24,0.36,0.4,0.0,0.3227013888888889,0.4764166666666667,0.21428571428571427,0.11764705882352941,0.41421666666666673,0.5401999999999999,0.18181818181818182,0.25,0.32075471698113206,0.10256410256410256,0.15384615384615385,0.2608695652173913,0.6517857142857143,0.1736842105263158,0.47761194029850745,0.25870646766169153,0.4178082191780822,0.2602739726027397,0.0410958904109589,7.738853503184712,1.7197452229299361,9.114649681528663,0.2398190045248869,0.6585385636741375,0.2272873110268415,0.6585385636741375,0.2,,0.5,,,,,False,,1.5,,,,,False,
678662,Ezequiel Tovar,COL,LAD,1,9.0,1,808963,Roki Sasaki,R,824318,8:40 PM ET,Coors Field,1,1,0.19377162629757785,2026-08-19,824318,0.0,0,117.3,118.0,105.2,R,2,2,0,0,0,0,0,0,0,1,0,1,0,0,1,0,0,0.001,0.001,0,0,0,0,1,0,0.2857142857142857,0.3333333333333333,0.7857142857142857,0.1875,0.3235294117647059,0.11904761904761904,0.020833333333333332,0.041666666666666664,0.07142857142857142,1.1333333333333333,0.6,0.34285714285714286,0.17142857142857143,0.3142857142857143,0.34285714285714286,0.02857142857142857,0.31293333333333334,0.5138999999999999,0.3,0.15384615384615385,0.38600000000000007,0.7655000000000003,0.1590909090909091,0.20454545454545456,0.26,0.2391304347826087,0.41304347826086957,0.1320754716981132,0.6517857142857143,0.1736842105263158,0.47761194029850745,0.25870646766169153,0.4178082191780822,0.2602739726027397,0.0410958904109589,7.738853503184712,1.7197452229299361,9.114649681528663,0.2398190045248869,0.4660458424113207,0.1496972559792581,0.4660458424113207,0.2857142857142857,,0.5,,,,,False,,1.5,,,,,False,
664983,Jake McCarthy,COL,LAD,1,1.0,1,808963,Roki Sasaki,R,824318,8:40 PM ET,Coors Field,0,1,0.19377162629757785,2026-08-19,824318,0.0,0,117.3,118.0,105.2,L,5,5,2,1,0,0,0,0,0,1,3,4,0,2,1,0,2,0.46175,0.6247499999999999,1,1,1,1,1,0,0.31746031746031744,0.34328358208955223,0.9047619047619048,0.08823529411764706,0.3090909090909091,0.20634920634920634,0.04411764705882353,0.058823529411764705,0.1111111111111111,2.2,0.4,0.3275862068965517,0.29310344827586204,0.3793103448275862,0.25862068965517243,0.034482758620689655,0.37346555555555555,0.519158888888889,0.10526315789473684,0.13636363636363635,0.23126666666666668,0.26216666666666655,0.26865671641791045,0.3880597014925373,0.18840579710144928,0.26666666666666666,0.4666666666666667,0.15151515151515152,0.6517857142857143,0.1736842105263158,0.47761194029850745,0.25870646766169153,0.4178082191780822,0.2602739726027397,0.0410958904109589,7.738853503184712,1.7197452229299361,9.114649681528663,0.2398190045248869,0.6999466257489898,0.25949734043027567,0.6999466257489898,0.31746031746031744,,0.5,,,,,False,,1.5,,,,,False,
666160,Mickey Moniak,COL,LAD,1,2.0,1,808963,Roki Sasaki,R,824318,8:40 PM ET,Coors Field,0,1,0.19377162629757785,2026-08-19,824318,0.0,0,117.3,118.0,105.2,L,4,4,0,0,0,0,0,0,0,1,0,3,0,0,2,0,0,0.005999999999999999,0.008666666666666666,0,0,0,0,1,0,0.19607843137254902,0.23728813559322035,0.6862745098039216,0.2711864406779661,0.21621621621621623,0.19607843137254902,0.03389830508474576,0.03389830508474576,0.09803921568627451,1.3333333333333333,1.0666666666666667,0.3333333333333333,0.20512820512820512,0.358974358974359,0.38461538461538464,0.05128205128205128,0.2742611111111111,0.4997666666666667,0.1111111111111111,0.3333333333333333,0.24936666666666674,0.38183333333333336,0.20754716981132076,0.37735849056603776,0.3103448275862069,0.2692307692307692,0.5,0.2807017543859649,0.6517857142857143,0.1736842105263158,0.47761194029850745,0.25870646766169153,0.4178082191780822,0.2602739726027397,0.0410958904109589,7.738853503184712,1.7197452229299361,9.114649681528663,0.2398190045248869,0.6221015849555204,0.21935129858831748,0.6221015849555204,0.19607843137254902,,0.5,,,,,False,,1.5,,,,,False,
681198,TJ Rumfield,COL,LAD,1,4.0,1,808963,Roki Sasaki,R,824318,8:40 PM ET,Coors Field,0,1,0.19377162629757785,2026-08-19,824318,0.0,0,117.3,118.0,105.2,L,5,5,2,1,0,0,0,0,0,1,3,4,0,1,4,0,0,0.45099999999999996,0.973,1,1,1,1,1,0,0.2777777777777778,0.3389830508474576,0.8703703703703703,0.11864406779661017,0.3191489361702128,0.037037037037037035,0.0,0.03389830508474576,0.037037037037037035,1.1333333333333333,0.4666666666666667,0.19148936170212766,0.2765957446808511,0.40425531914893614,0.2765957446808511,0.0,0.2855655555555556,0.3467788888888889,0.2,0.15789473684210525,0.22903333333333334,0.2597666666666667,0.2830188679245283,0.33962264150943394,0.15789473684210525,0.2777777777777778,0.3148148148148148,0.14285714285714285,0.6517857142857143,0.1736842105263158,0.47761194029850745,0.25870646766169153,0.4178082191780822,0.2602739726027397,0.0410958904109589,7.738853503184712,1.7197452229299361,9.114649681528663,0.2398190045248869,0.640681606019919,0.24843950087852526,0.640681606019919,0.2777777777777778,,0.5,,,,,False,,1.5,,,,,False,
691728,Zac Veen,COL,LAD,1,5.0,1,808963,Roki Sasaki,R,824318,8:40 PM ET,Coors Field,0,1,0.19377162629757785,2026-08-19,824318,0.0,0,117.3,118.0,105.2,L,1,1,1,0,0,0,0,0,0,0,1,1,0,0,0,0,1,0.494,0.521,1,0,1,0,0,0,0.16666666666666666,0.23076923076923078,0.6041666666666666,0.36538461538461536,0.19230769230769232,0.22916666666666666,0.057692307692307696,0.038461538461538464,0.10416666666666667,1.2666666666666666,1.2666666666666666,0.3448275862068966,0.10344827586206896,0.41379310344827586,0.41379310344827586,0.06896551724137931,0.3091,0.6581142857142857,0.2857142857142857,0.3333333333333333,0.45133333333333336,1.0558,0.15217391304347827,0.391304347826087,0.38,0.1111111111111111,0.1111111111111111,0.36363636363636365,0.6517857142857143,0.1736842105263158,0.47761194029850745,0.25870646766169153,0.4178082191780822,0.2602739726027397,0.0410958904109589,7.738853503184712,1.7197452229299361,9.114649681528663,0.2398190045248869,0.6361920617096237,0.19234943377928002,0.6361920617096237,0.16666666666666666,,0.5,,,,,False,,1.5,,,,,False,
681624,Andy Pages,LAD,COL,0,2.0,1,607536,Kyle Freeland,L,824318,8:40 PM ET,Coors Field,1,0,0.19337016574585636,2026-08-19,824318,0.0,0,117.3,118.0,105.2,R,5,5,1,0,0,0,0,0,0,0,1,5,0,1,1,1,3,0.4686,0.525,1,0,1,0,0,0,0.3103448275862069,0.375,0.8275862068965517,0.15384615384615385,0.3333333333333333,0.20689655172413793,0.046153846153846156,0.046153846153846156,0.10344827586206896,2.0,0.6666666666666666,0.3541666666666667,0.20833333333333334,0.4791666666666667,0.25,0.020833333333333332,0.34485000000000005,0.59405,0.3684210526315789,0.047619047619047616,0.34009999999999996,0.5859,0.3,0.4666666666666667,0.16417910447761194,0.25,0.375,0.23076923076923078,0.7587548638132295,0.25738396624472576,0.5061224489795918,0.22448979591836735,0.4205128205128205,0.3128205128205128,0.03076923076923077,13.5,1.7307692307692308,7.269230769230769,0.17355371900826447,0.7382326687906335,0.30997463604028597,0.7382326687906335,0.3103448275862069,,0.5,,,,,False,,1.5,,,,,False,
666163,Ben Rortvedt,LAD,COL,0,9.0,1,607536,Kyle Freeland,L,824318,8:40 PM ET,Coors Field,0,0,0.19337016574585636,2026-08-19,824318,0.0,0,117.3,118.0,105.2,L,1,1,0,0,0,0,0,0,0,1,0,0,0,0,0,0,0,0.216,0.241,0,0,0,0,1,0,0.23333333333333334,0.2727272727272727,0.6666666666666666,0.2857142857142857,0.3333333333333333,0.03333333333333333,0.0,0.02857142857142857,0.03333333333333333,0.5333333333333333,0.6666666666666666,0.13043478260869565,0.21739130434782608,0.5652173913043478,0.21739130434782608,0.0,0.3447291666666667,0.39175000000000004,0.2,0.4,0.3132499999999999,0.35975000000000007,0.16666666666666666,0.2777777777777778,0.21428571428571427,0.30303030303030304,0.30303030303030304,0.24324324324324326,0.7587548638132295,0.25738396624472576,0.5061224489795918,0.22448979591836735,0.4205128205128205,0.3128205128205128,0.03076923076923077,13.5,1.7307692307692308,7.269230769230769,0.17355371900826447,0.44392454881495974,0.12354276042629819,0.44392454881495974,0.23333333333333334,,0.5,,,,,False,,1.5,,,,,False,
571771,Enrique Hernández,LAD,COL,0,8.0,1,607536,Kyle Freeland,L,824318,8:40 PM ET,Coors Field,1,0,0.19337016574585636,2026-08-19,824318,0.0,0,117.3,118.0,105.2,R,1,1,0,0,0,0,0,0,0,0,0,1,0,0,1,0,0,0.014,0.031,0,0,0,0,0,0,0.28205128205128205,0.3,0.7692307692307693,0.225,0.3448275862068966,0.1794871794871795,0.025,0.1,0.1282051282051282,1.2,0.6,0.36666666666666664,0.23333333333333334,0.5333333333333333,0.13333333333333333,0.0,0.3057714285714286,0.46751428571428566,0.09090909090909091,0.4166666666666667,0.2345,0.26887500000000025,0.26,0.42,0.2692307692307692,0.19444444444444445,0.4166666666666667,0.225,0.7587548638132295,0.25738396624472576,0.5061224489795918,0.22448979591836735,0.4205128205128205,0.3128205128205128,0.03076923076923077,13.5,1.7307692307692308,7.269230769230769,0.17355371900826447,0.6643133528331296,0.3004092681772863,0.6643133528331296,0.28205128205128205,,0.5,,,,,False,,1.5,,,,,False,
518692,Freddie Freeman,LAD,COL,0,4.0,1,607536,Kyle Freeland,L,824318,8:40 PM ET,Coors Field,0,0,0.19337016574585636,2026-08-19,824318,0.0,0,117.3,118.0,105.2,L,5,3,2,0,0,0,1,0,1,0,2,4,0,1,2,0,2,0.5723333333333334,0.63,1,1,1,1,0,0,0.2727272727272727,0.3220338983050847,0.8545454545454545,0.13559322033898305,0.3191489361702128,0.03636363636363636,0.0,0.03389830508474576,0.03636363636363636,1.1333333333333333,0.5333333333333333,0.2978723404255319,0.2553191489361702,0.5531914893617021,0.14893617021276595,0.0,0.33295555555555556,0.4402777777777778,0.2222222222222222,0.15,0.30546666666666666,0.42746666666666655,0.3050847457627119,0.3898305084745763,0.15873015873015872,0.36363636363636365,0.43636363636363634,0.10344827586206896,0.7587548638132295,0.25738396624472576,0.5061224489795918,0.22448979591836735,0.4205128205128205,0.3128205128205128,0.03076923076923077,13.5,1.7307692307692308,7.269230769230769,0.17355371900826447,0.7052643002894717,0.31346757602699543,0.7052643002894717,0.2727272727272727,,0.5,,,,,False,,1.5,,,,,False,
663656,Kyle Tucker,LAD,COL,0,7.0,1,607536,Kyle Freeland,L,824318,8:40 PM ET,Coors Field,0,0,0.19337016574585636,2026-08-19,824318,0.0,0,117.3,118.0,105.2,L,4,4,1,1,0,0,0,0,0,2,2,2,0,1,0,2,0,0.32699999999999996,0.366,1,0,1,1,1,1,0.1836734693877551,0.2727272727272727,0.8775510204081632,0.10909090909090909,0.17073170731707318,0.16326530612244897,0.03636363636363636,0.0,0.061224489795918366,1.1333333333333333,0.4,0.32558139534883723,0.13953488372093023,0.3953488372093023,0.4186046511627907,0.0,0.2633,0.3668633333333334,0.0,0.2,0.14188666666666666,0.18546,0.13043478260869565,0.32608695652173914,0.10909090909090909,0.26785714285714285,0.375,0.16129032258064516,0.7587548638132295,0.25738396624472576,0.5061224489795918,0.22448979591836735,0.4205128205128205,0.3128205128205128,0.03076923076923077,13.5,1.7307692307692308,7.269230769230769,0.17355371900826447,0.6359034764804743,0.2548635951176917,0.6359034764804743,0.1836734693877551,,0.5,,,,,False,,1.5,,,,,False,
500743,Miguel Rojas,LAD,COL,0,6.0,1,607536,Kyle Freeland,L,824318,8:40 PM ET,Coors Field,1,0,0.19337016574585636,2026-08-19,824318,0.0,0,117.3,118.0,105.2,R,1,1,0,0,0,0,0,0,0,0,0,1,0,0,1,0,0,0.026,0.056,0,0,0,0,0,0,0.29411764705882354,0.34210526315789475,0.9117647058823529,0.07894736842105263,0.3125,0.11764705882352941,0.0,0.10526315789473684,0.11764705882352941,0.9333333333333333,0.2,0.34375,0.3125,0.34375,0.1875,0.0,0.3271,0.39340555555555556,0.25,0.0,0.27883333333333327,0.3382333333333333,0.20512820512820512,0.23076923076923078,0.06521739130434782,0.2647058823529412,0.35294117647058826,0.10526315789473684,0.7587548638132295,0.25738396624472576,0.5061224489795918,0.22448979591836735,0.4205128205128205,0.3128205128205128,0.03076923076923077,13.5,1.7307692307692308,7.269230769230769,0.17355371900826447,0.6461653354579703,0.24600503074067337,0.6461653354579703,0.29411764705882354,,0.5,,,,,False,,1.5,,,,,False,
605141,Mookie Betts,LAD,COL,0,5.0,1,607536,Kyle Freeland,L,824318,8:40 PM ET,Coors Field,1,0,0.19337016574585636,2026-08-19,824318,0.0,0,117.3,118.0,105.2,R,5,5,0,0,0,0,0,0,0,0,0,5,0,0,1,3,0,0.0838,0.092,0,0,0,0,0,0,0.2545454545454545,0.29310344827586204,0.9090909090909091,0.08620689655172414,0.25,0.16363636363636364,0.034482758620689655,0.05172413793103448,0.09090909090909091,1.5333333333333334,0.3333333333333333,0.4,0.28,0.36,0.3,0.04,0.3122644444444445,0.48793111111111115,0.16666666666666666,0.16666666666666666,0.2523066666666667,0.38513333333333344,0.23636363636363636,0.4,0.10344827586206896,0.27586206896551724,0.43103448275862066,0.06666666666666667,0.7587548638132295,0.25738396624472576,0.5061224489795918,0.22448979591836735,0.4205128205128205,0.3128205128205128,0.03076923076923077,13.5,1.7307692307692308,7.269230769230769,0.17355371900826447,0.6808432780291055,0.30116363734695223,0.6808432780291055,0.2545454545454545,,0.5,,,,,False,,1.5,,,,,False,
660271,Shohei Ohtani,LAD,COL,0,1.0,1,607536,Kyle Freeland,L,824318,8:40 PM ET,Coors Field,0,0,0.19337016574585636,2026-08-19,824318,0.0,0,117.3,118.0,105.2,L,5,5,1,0,0,1,0,0,0,1,4,4,0,2,1,3,0,0.37775000000000003,0.99,1,0,1,1,1,0,0.31666666666666665,0.36923076923076925,0.7333333333333333,0.24615384615384617,0.358974358974359,0.31666666666666665,0.07692307692307693,0.03076923076923077,0.13333333333333333,2.533333333333333,1.0666666666666667,0.4318181818181818,0.29545454545454547,0.36363636363636365,0.29545454545454547,0.022727272727272728,0.3834611111111111,0.7157133333333333,0.35,0.23809523809523808,0.3716666666666666,0.8311400000000004,0.27419354838709675,0.5161290322580645,0.20588235294117646,0.38333333333333336,0.8166666666666667,0.25757575757575757,0.7587548638132295,0.25738396624472576,0.5061224489795918,0.22448979591836735,0.4205128205128205,0.3128205128205128,0.03076923076923077,13.5,1.7307692307692308,7.269230769230769,0.17355371900826447,0.7385891750294927,0.4061317699215354,0.7385891750294927,0.31666666666666665,,0.5,,,,,False,,1.5,,,,,False,
606192,Teoscar Hernández,LAD,COL,0,3.0,1,607536,Kyle Freeland,L,824318,8:40 PM ET,Coors Field,1,0,0.19337016574585636,2026-08-19,824318,0.0,0,117.3,118.0,105.2,R,4,4,2,1,1,0,0,0,0,0,5,4,1,3,2,1,1,0.5145,1.5997499999999998,1,1,1,1,0,0,0.1956521739130435,0.2127659574468085,0.6956521739130435,0.2978723404255319,0.25806451612903225,0.08695652173913043,0.02127659574468085,0.02127659574468085,0.043478260869565216,0.8666666666666667,0.9333333333333333,0.5,0.09375,0.59375,0.21875,0.0,0.34381410256410255,0.47388461538461546,0.23529411764705882,0.3333333333333333,0.37946666666666673,0.4550000000000004,0.22916666666666666,0.3541666666666667,0.29411764705882354,0.2727272727272727,0.4,0.1896551724137931,0.7587548638132295,0.25738396624472576,0.5061224489795918,0.22448979591836735,0.4205128205128205,0.3128205128205128,0.03076923076923077,13.5,1.7307692307692308,7.269230769230769,0.17355371900826447,0.7406232901295828,0.41857901878053455,0.7406232901295828,0.1956521739130435,,0.5,,,,,False,,1.5,,,,,False,
