batter,player_name,team_abbr,opp_team,is_home,bat_order,in_lineup,pitcher_id,pitcher_name,p_throws,game_id,game_time,stadium,stand_R,p_throws_R,opp_k_pct_15,game_date,game_pk,is_dome,wind_out,hit_factor,tb_factor,hr_factor,stand,pa,ab,h,doubles,triples,hr,bb,hbp,sf,k,tb,batted_balls,barrels,hard_hits,fly_balls,ground_balls,line_drives,avg_xba,avg_xslg,target_hit_1plus,target_hit_2plus,target_tb_1plus,target_tb_2plus,target_k_1plus,target_k_2plus,batting_avg_15,obp_15,contact_rate_15,k_rate_15,babip_15,iso_15,hr_rate_15,doubles_rate_15,extra_base_hit_rate_15,avg_total_bases_15,avg_k_per_game_15,hard_hit_pct_15,line_drive_pct_15,gb_pct_15,fly_ball_pct_15,barrel_pct_15,xba_15,xslg_15,batting_avg_last_5,k_rate_last_5,xba_last_5,xslg_last_5,batting_avg_vs_R_15,slg_vs_R_15,k_rate_vs_R_15,batting_avg_vs_L_15,slg_vs_L_15,k_rate_vs_L_15,p_contact_rate_allowed_10,p_babip_allowed_10,p_slg_allowed_10,p_iso_allowed_10,p_gb_pct_10,p_fb_pct_10,p_barrel_pct_allowed_10,p_hits_per9_10,p_hr_per9_10,p_k_per9_10,p_k_rate_10,p_hit_1plus,p_hit_2plus,adj_prob,pred_hits,book_markets,primary_line,primary_side,primary_best_book,primary_best_odds,primary_book_implied,primary_has_line,primary_edge,secondary_line,secondary_side,secondary_best_book,secondary_best_odds,secondary_book_implied,secondary_has_line,secondary_edge
695490,Edwin Arroyo,CIN,SD,1,9.0,1,681190,Randy Vásquez,R,824472,6:40 PM ET,Great American Ball Park,1,1,0.25704225352112675,2026-09-01,824472,0.0,0,97.3,101.4,113.2,R,2,2,0,0,0,0,0,0,0,2,0,0,0,0,0,0,0,0.0765,0.1415,0,0,0,0,1,1,0.21052631578947367,0.25,0.6842105263157895,0.2926829268292683,0.3076923076923077,0.0,0.0,0.0,0.0,0.5333333333333333,0.8,0.3333333333333333,0.25925925925925924,0.4074074074074074,0.3333333333333333,0.0,0.3687371794871795,0.5629038461538461,0.1,0.6,0.32083333333333336,0.6625000000000002,0.2826086956521739,0.34782608695652173,0.19607843137254902,0.16666666666666666,0.16666666666666666,0.2619047619047619,0.8536585365853658,0.23648648648648649,0.40131578947368424,0.14473684210526316,0.4714285714285714,0.25,0.014285714285714285,12.169014084507042,1.9014084507042253,4.943661971830985,0.12037037037037036,0.45278217332813714,0.08994648731200172,0.45278217332813714,0.21052631578947367,,0.5,,,,,False,,1.5,,,,,False,
682829,Elly De La Cruz,CIN,SD,1,2.0,1,681190,Randy Vásquez,R,824472,6:40 PM ET,Great American Ball Park,1,1,0.25704225352112675,2026-09-01,824472,0.0,0,97.3,101.4,113.2,R,1,0,0,0,0,0,1,0,0,0,0,0,0,0,0,0,0,0.614,2.252,0,0,0,0,0,0,0.42105263157894735,0.4634146341463415,0.7105263157894737,0.2682926829268293,0.5769230769230769,0.21052631578947367,0.024390243902439025,0.12195121951219512,0.15789473684210525,1.6,0.7333333333333333,0.48148148148148145,0.2962962962962963,0.5185185185185185,0.18518518518518517,0.037037037037037035,0.504930303030303,0.8192484848484848,0.375,0.36363636363636365,0.4585000000000001,1.0978333333333332,0.2631578947368421,0.43859649122807015,0.20588235294117646,0.2698412698412698,0.4603174603174603,0.34328358208955223,0.8536585365853658,0.23648648648648649,0.40131578947368424,0.14473684210526316,0.4714285714285714,0.25,0.014285714285714285,12.169014084507042,1.9014084507042253,4.943661971830985,0.12037037037037036,0.6150709147192053,0.22113822360978075,0.6150709147192053,0.42105263157894735,,0.5,,,,,False,,1.5,,,,,False,
699302,Héctor Rodríguez,CIN,SD,1,1.0,1,681190,Randy Vásquez,R,824472,6:40 PM ET,Great American Ball Park,0,1,0.25704225352112675,2026-09-01,824472,0.0,0,97.3,101.4,113.2,L,5,5,1,0,0,0,0,0,0,2,1,3,0,0,1,1,0,0.20266666666666666,0.242,1,0,1,0,1,1,0.23529411764705882,0.30357142857142855,0.7450980392156863,0.23214285714285715,0.23529411764705882,0.2549019607843137,0.07142857142857142,0.017857142857142856,0.09803921568627451,1.6666666666666667,0.8666666666666667,0.3157894736842105,0.07894736842105263,0.631578947368421,0.2894736842105263,0.02631578947368421,0.2556025641025641,0.47792307692307695,0.35,0.22727272727272727,0.3277933333333333,0.6772133333333332,0.20833333333333334,0.4166666666666667,0.22641509433962265,0.5,0.7,0.18181818181818182,0.8536585365853658,0.23648648648648649,0.40131578947368424,0.14473684210526316,0.4714285714285714,0.25,0.014285714285714285,12.169014084507042,1.9014084507042253,4.943661971830985,0.12037037037037036,0.6282738125651324,0.24015278315462527,0.6282738125651324,0.23529411764705882,,0.5,,,,,False,,1.5,,,,,False,
668709,JJ Bleday,CIN,SD,1,4.0,1,681190,Randy Vásquez,R,824472,6:40 PM ET,Great American Ball Park,0,1,0.25704225352112675,2026-09-01,824472,0.0,0,97.3,101.4,113.2,L,4,3,0,0,0,0,1,0,0,0,0,3,0,1,2,1,0,0.167,0.40199999999999997,0,0,0,0,0,0,0.21153846153846154,0.3114754098360656,0.7307692307692307,0.22950819672131148,0.2631578947368421,0.11538461538461539,0.01639344262295082,0.01639344262295082,0.057692307692307696,1.1333333333333333,0.9333333333333333,0.3076923076923077,0.358974358974359,0.23076923076923078,0.2564102564102564,0.0,0.2901566666666667,0.39434777777777774,0.17647058823529413,0.09090909090909091,0.34255,0.40684999999999993,0.21568627450980393,0.35294117647058826,0.16129032258064516,0.16363636363636364,0.2909090909090909,0.3114754098360656,0.8536585365853658,0.23648648648648649,0.40131578947368424,0.14473684210526316,0.4714285714285714,0.25,0.014285714285714285,12.169014084507042,1.9014084507042253,4.943661971830985,0.12037037037037036,0.6014716158992717,0.16684808477157334,0.6014716158992717,0.21153846153846154,,0.5,,,,,False,,1.5,,,,,False,
624431,Jose Trevino,CIN,SD,1,6.0,1,681190,Randy Vásquez,R,824472,6:40 PM ET,Great American Ball Park,1,1,0.25704225352112675,2026-09-01,824472,0.0,0,97.3,101.4,113.2,R,4,4,0,0,0,0,0,0,0,1,0,3,0,2,0,2,1,0.341,0.3853333333333333,0,0,0,0,1,0,0.19148936170212766,0.1875,0.7659574468085106,0.22916666666666666,0.2,0.1276595744680851,0.041666666666666664,0.0,0.0425531914893617,1.0,0.7333333333333333,0.24324324324324326,0.10810810810810811,0.5135135135135135,0.2702702702702703,0.02702702702702703,0.20923888888888886,0.3065611111111111,0.1875,0.11764705882352941,0.23281666666666662,0.38321666666666665,0.32,0.64,0.21568627450980393,0.15555555555555556,0.15555555555555556,0.14583333333333334,0.8536585365853658,0.23648648648648649,0.40131578947368424,0.14473684210526316,0.4714285714285714,0.25,0.014285714285714285,12.169014084507042,1.9014084507042253,4.943661971830985,0.12037037037037036,0.6335754833155807,0.17795683929926828,0.6335754833155807,0.19148936170212766,,0.5,,,,,False,,1.5,,,,,False,
682877,Juan Brito,CIN,SD,1,7.0,1,681190,Randy Vásquez,R,824472,6:40 PM ET,Great American Ball Park,0,1,0.25704225352112675,2026-09-01,824472,0.0,0,97.3,101.4,113.2,L,2,2,0,0,0,0,0,0,0,1,0,1,0,0,0,1,0,0.249,0.262,0,0,0,0,1,0,0.08823529411764706,0.20512820512820512,0.5882352941176471,0.358974358974359,0.15,0.058823529411764705,0.0,0.05128205128205128,0.058823529411764705,0.3333333333333333,0.9333333333333333,0.3,0.2,0.5,0.1,0.05,0.2961111111111111,0.5024027777777778,0.15384615384615385,0.3333333333333333,0.3285,0.8989166666666666,0.10344827586206896,0.13793103448275862,0.25806451612903225,0.2222222222222222,0.3333333333333333,0.35,0.8536585365853658,0.23648648648648649,0.40131578947368424,0.14473684210526316,0.4714285714285714,0.25,0.014285714285714285,12.169014084507042,1.9014084507042253,4.943661971830985,0.12037037037037036,0.5181342398191626,0.11886141629546465,0.5181342398191626,0.08823529411764706,,0.5,,,,,False,,1.5,,,,,False,
680574,Matt McLain,CIN,SD,1,5.0,1,681190,Randy Vásquez,R,824472,6:40 PM ET,Great American Ball Park,1,1,0.25704225352112675,2026-09-01,824472,0.0,0,97.3,101.4,113.2,R,4,3,1,0,0,0,0,1,0,0,1,3,0,2,1,1,1,0.26933333333333337,0.371,1,0,1,0,0,0,0.14814814814814814,0.22033898305084745,0.6851851851851852,0.2833333333333333,0.17142857142857143,0.12962962962962962,0.03333333333333333,0.016666666666666666,0.05555555555555555,1.0,1.1333333333333333,0.34210526315789475,0.18421052631578946,0.42105263157894735,0.3157894736842105,0.0,0.2521,0.4240944444444444,0.10526315789473684,0.2857142857142857,0.1661,0.23956666666666676,0.14545454545454545,0.32727272727272727,0.2786885245901639,0.1794871794871795,0.358974358974359,0.2608695652173913,0.8536585365853658,0.23648648648648649,0.40131578947368424,0.14473684210526316,0.4714285714285714,0.25,0.014285714285714285,12.169014084507042,1.9014084507042253,4.943661971830985,0.12037037037037036,0.6046728813516332,0.18355587075726013,0.6046728813516332,0.14814814814814814,,0.5,,,,,False,,1.5,,,,,False,
701398,Sal Stewart,CIN,SD,1,3.0,1,681190,Randy Vásquez,R,824472,6:40 PM ET,Great American Ball Park,1,1,0.25704225352112675,2026-09-01,824472,0.0,0,97.3,101.4,113.2,R,4,4,1,1,0,0,0,0,0,0,2,4,0,1,1,2,1,0.27975,0.698,1,0,1,1,0,0,0.3064516129032258,0.34328358208955223,0.7741935483870968,0.208955223880597,0.3181818181818182,0.25806451612903225,0.07462686567164178,0.014925373134328358,0.0967741935483871,2.3333333333333335,0.9333333333333333,0.3877551020408163,0.2653061224489796,0.3673469387755102,0.3673469387755102,0.061224489795918366,0.3730655555555556,0.7147988888888889,0.35,0.17391304347826086,0.33866666666666667,0.8845000000000003,0.29508196721311475,0.4426229508196721,0.19696969696969696,0.27586206896551724,0.41379310344827586,0.25,0.8536585365853658,0.23648648648648649,0.40131578947368424,0.14473684210526316,0.4714285714285714,0.25,0.014285714285714285,12.169014084507042,1.9014084507042253,4.943661971830985,0.12037037037037036,0.6861609525695874,0.2389577426413915,0.6861609525695874,0.3064516129032258,,0.5,,,,,False,,1.5,,,,,False,
670770,TJ Friedl,CIN,SD,1,8.0,1,681190,Randy Vásquez,R,824472,6:40 PM ET,Great American Ball Park,0,1,0.25704225352112675,2026-09-01,824472,0.0,0,97.3,101.4,113.2,L,3,3,0,0,0,0,0,0,0,0,0,3,0,2,0,2,1,0.3213333333333333,0.4466666666666667,0,0,0,0,0,0,0.1111111111111111,0.2,0.7777777777777778,0.2,0.1111111111111111,0.08333333333333333,0.025,0.0,0.027777777777777776,0.4666666666666667,0.5333333333333333,0.25,0.17857142857142858,0.32142857142857145,0.39285714285714285,0.03571428571428571,0.2605654761904762,0.5017142857142857,0.36363636363636365,0.25,0.5838750000000001,1.3175416666666664,0.1282051282051282,0.20512820512820512,0.18604651162790697,0.16326530612244897,0.2653061224489796,0.23214285714285715,0.8536585365853658,0.23648648648648649,0.40131578947368424,0.14473684210526316,0.4714285714285714,0.25,0.014285714285714285,12.169014084507042,1.9014084507042253,4.943661971830985,0.12037037037037036,0.4704328450939143,0.10363878392663539,0.4704328450939143,0.1111111111111111,,0.5,,,,,False,,1.5,,,,,False,
669720,Austin Hays,SD,CIN,0,7.0,1,666157,Nick Lodolo,L,824472,6:40 PM ET,Great American Ball Park,1,0,0.21441124780316345,2026-09-01,824472,0.0,0,97.3,101.4,113.2,R,4,4,0,0,0,0,0,0,0,0,0,4,0,1,1,3,0,0.19649999999999998,0.22675,0,0,0,0,0,0,0.275,0.30952380952380953,0.8,0.19047619047619047,0.3225806451612903,0.075,0.023809523809523808,0.0,0.025,0.9333333333333333,0.5333333333333333,0.34375,0.3125,0.5,0.1875,0.03125,0.3432142857142857,0.4937119047619048,0.2222222222222222,0.36363636363636365,0.2776249999999999,0.3642499999999998,0.18,0.3,0.2549019607843137,0.32608695652173914,0.41304347826086957,0.2765957446808511,0.7247706422018348,0.2810810810810811,0.450261780104712,0.14659685863874344,0.43670886075949367,0.22784810126582278,0.012658227848101266,9.45859872611465,1.031847133757962,7.56687898089172,0.1864406779661017,0.6202076503601918,0.2427488280054516,0.6202076503601918,0.275,,0.5,,,,,False,,1.5,,,,,False,
665487,Fernando Tatis Jr.,SD,CIN,0,1.0,1,666157,Nick Lodolo,L,824472,6:40 PM ET,Great American Ball Park,1,0,0.21441124780316345,2026-09-01,824472,0.0,0,97.3,101.4,113.2,R,5,5,1,1,0,0,0,0,0,0,2,5,0,3,0,4,1,0.2604,0.4422,1,0,1,1,0,0,0.2903225806451613,0.3283582089552239,0.8225806451612904,0.16417910447761194,0.2765957446808511,0.2903225806451613,0.07462686567164178,0.04477611940298507,0.12903225806451613,2.4,0.7333333333333333,0.5961538461538461,0.34615384615384615,0.4423076923076923,0.21153846153846154,0.038461538461538464,0.40517777777777775,0.7138022222222222,0.14285714285714285,0.23809523809523808,0.38209999999999994,0.5213500000000002,0.2542372881355932,0.5084745762711864,0.15384615384615385,0.3103448275862069,0.7758620689655172,0.1323529411764706,0.7247706422018348,0.2810810810810811,0.450261780104712,0.14659685863874344,0.43670886075949367,0.22784810126582278,0.012658227848101266,9.45859872611465,1.031847133757962,7.56687898089172,0.1864406779661017,0.7047599007225909,0.32516386469988473,0.7047599007225909,0.2903225806451613,,0.5,,,,,False,,1.5,,,,,False,
666023,Freddy Fermin,SD,CIN,0,8.0,1,666157,Nick Lodolo,L,824472,6:40 PM ET,Great American Ball Park,1,0,0.21441124780316345,2026-09-01,824472,0.0,0,97.3,101.4,113.2,R,4,4,0,0,0,0,0,0,0,3,0,1,0,0,0,0,1,0.16,0.301,0,0,0,0,1,1,0.3,0.3137254901960784,0.8,0.18867924528301888,0.358974358974359,0.12,0.018867924528301886,0.05660377358490566,0.08,1.4,0.6666666666666666,0.36585365853658536,0.36585365853658536,0.36585365853658536,0.21951219512195122,0.0,0.4199357142857143,0.6009869047619046,0.2857142857142857,0.0625,0.4388166666666666,0.5793,0.39473684210526316,0.5789473684210527,0.16279069767441862,0.24489795918367346,0.42857142857142855,0.17307692307692307,0.7247706422018348,0.2810810810810811,0.450261780104712,0.14659685863874344,0.43670886075949367,0.22784810126582278,0.012658227848101266,9.45859872611465,1.031847133757962,7.56687898089172,0.1864406779661017,0.6438985291232394,0.25685266417901376,0.6438985291232394,0.3,,0.5,,,,,False,,1.5,,,,,False,
701538,Jackson Merrill,SD,CIN,0,5.0,1,666157,Nick Lodolo,L,824472,6:40 PM ET,Great American Ball Park,0,0,0.21441124780316345,2026-09-01,824472,0.0,0,97.3,101.4,113.2,L,5,4,2,0,0,0,0,1,0,2,2,2,0,2,0,1,1,0.6265,0.7965,1,1,1,1,1,1,0.17543859649122806,0.265625,0.6666666666666666,0.296875,0.2,0.21052631578947367,0.046875,0.015625,0.08771929824561403,1.4666666666666666,1.2666666666666666,0.3684210526315789,0.2631578947368421,0.2631578947368421,0.42105263157894735,0.05263157894736842,0.3406845238095238,0.6179297619047619,0.2631578947368421,0.18181818181818182,0.39048333333333335,0.6663499999999999,0.22413793103448276,0.5517241379310345,0.18461538461538463,0.3125,0.46875,0.2923076923076923,0.7247706422018348,0.2810810810810811,0.450261780104712,0.14659685863874344,0.43670886075949367,0.22784810126582278,0.012658227848101266,9.45859872611465,1.031847133757962,7.56687898089172,0.1864406779661017,0.5741494877371003,0.21778455830554164,0.5741494877371003,0.17543859649122806,,0.5,,,,,False,,1.5,,,,,False,
687749,Jase Bowen,SD,CIN,0,9.0,1,666157,Nick Lodolo,L,824472,6:40 PM ET,Great American Ball Park,1,0,0.21441124780316345,2026-09-01,824472,0.0,0,97.3,101.4,113.2,R,1,1,0,0,0,0,0,0,0,1,0,0,0,0,0,0,0,0.234,0.888,0,0,0,0,1,0,0.2222222222222222,0.25,0.6666666666666666,0.32142857142857145,0.25,0.2222222222222222,0.07142857142857142,0.0,0.07407407407407407,0.8,0.6,0.5555555555555556,0.3333333333333333,0.3888888888888889,0.2222222222222222,0.0,0.39943589743589747,0.6895128205128205,0.4,0.0,0.2572,0.5568000000000001,0.10714285714285714,0.10714285714285714,0.32142857142857145,0.2,0.34285714285714286,0.39473684210526316,0.7247706422018348,0.2810810810810811,0.450261780104712,0.14659685863874344,0.43670886075949367,0.22784810126582278,0.012658227848101266,9.45859872611465,1.031847133757962,7.56687898089172,0.1864406779661017,0.38459183629213683,0.09727452337695601,0.38459183629213683,0.2222222222222222,,0.5,,,,,False,,1.5,,,,,False,
592518,Manny Machado,SD,CIN,0,3.0,1,666157,Nick Lodolo,L,824472,6:40 PM ET,Great American Ball Park,1,0,0.21441124780316345,2026-09-01,824472,0.0,0,97.3,101.4,113.2,R,5,5,4,1,0,0,0,0,0,0,5,5,0,2,1,0,4,0.6784000000000001,0.8192,1,1,1,1,0,0,0.22807017543859648,0.35294117647058826,0.7543859649122807,0.20588235294117646,0.2857142857142857,0.05263157894736842,0.014705882352941176,0.0,0.017543859649122806,1.0666666666666667,0.9333333333333333,0.4186046511627907,0.20930232558139536,0.4883720930232558,0.16279069767441862,0.0,0.3218966666666667,0.4338122222222222,0.2,0.2727272727272727,0.3040833333333334,0.36036666666666667,0.1724137931034483,0.1724137931034483,0.19117647058823528,0.3275862068965517,0.5862068965517241,0.19696969696969696,0.7247706422018348,0.2810810810810811,0.450261780104712,0.14659685863874344,0.43670886075949367,0.22784810126582278,0.012658227848101266,9.45859872611465,1.031847133757962,7.56687898089172,0.1864406779661017,0.6495057178204495,0.2864464430013776,0.6495057178204495,0.22807017543859648,,0.5,,,,,False,,1.5,,,,,False,
669392,Samad Taylor,SD,CIN,0,2.0,1,666157,Nick Lodolo,L,824472,6:40 PM ET,Great American Ball Park,1,0,0.21441124780316345,2026-09-01,824472,0.0,0,97.3,101.4,113.2,R,2,1,1,0,0,0,0,0,0,0,1,2,0,0,0,2,0,0.388,0.391,1,0,1,0,0,0,0.2916666666666667,0.39285714285714285,0.625,0.3157894736842105,0.4666666666666667,0.041666666666666664,0.0,0.0,0.020833333333333332,1.0666666666666667,1.2,0.25806451612903225,0.3548387096774194,0.5161290322580645,0.12903225806451613,0.03225806451612903,0.4258333333333333,0.5381025641025641,0.3333333333333333,0.3076923076923077,0.5435416666666667,0.7528333333333335,0.3090909090909091,0.36363636363636365,0.2903225806451613,0.2857142857142857,0.3333333333333333,0.2857142857142857,0.7247706422018348,0.2810810810810811,0.450261780104712,0.14659685863874344,0.43670886075949367,0.22784810126582278,0.012658227848101266,9.45859872611465,1.031847133757962,7.56687898089172,0.1864406779661017,0.6476016135051247,0.24418238703301107,0.6476016135051247,0.2916666666666667,,0.5,,,,,False,,1.5,,,,,False,
664034,Ty France,SD,CIN,0,4.0,1,666157,Nick Lodolo,L,824472,6:40 PM ET,Great American Ball Park,1,0,0.21441124780316345,2026-09-01,824472,0.0,0,97.3,101.4,113.2,R,5,5,3,0,0,0,0,0,0,0,3,5,0,3,0,3,2,0.40659999999999996,0.462,1,1,1,1,0,0,0.24,0.3939393939393939,0.74,0.19696969696969696,0.2702702702702703,0.16,0.030303030303030304,0.030303030303030304,0.08,1.3333333333333333,0.8666666666666667,0.4358974358974359,0.23076923076923078,0.3076923076923077,0.3333333333333333,0.05128205128205128,0.31831666666666675,0.5940722222222222,0.25,0.22727272727272727,0.24569999999999995,0.3469999999999999,0.28846153846153844,0.4423076923076923,0.13636363636363635,0.3018867924528302,0.5660377358490566,0.21875,0.7247706422018348,0.2810810810810811,0.450261780104712,0.14659685863874344,0.43670886075949367,0.22784810126582278,0.012658227848101266,9.45859872611465,1.031847133757962,7.56687898089172,0.1864406779661017,0.645952171066359,0.271231576566999,0.645952171066359,0.24,,0.5,,,,,False,,1.5,,,,,False,
593428,Xander Bogaerts,SD,CIN,0,6.0,1,666157,Nick Lodolo,L,824472,6:40 PM ET,Great American Ball Park,1,0,0.21441124780316345,2026-09-01,824472,0.0,0,97.3,101.4,113.2,R,5,5,1,1,0,0,0,0,0,3,2,2,0,1,1,0,1,0.346,0.4905,1,0,1,1,1,1,0.18181818181818182,0.32727272727272727,0.8409090909090909,0.12727272727272726,0.1891891891891892,0.11363636363636363,0.01818181818181818,0.03636363636363636,0.06818181818181818,0.8666666666666667,0.4666666666666667,0.5263157894736842,0.18421052631578946,0.5,0.2631578947368421,0.02631578947368421,0.31270238095238095,0.6270714285714286,0.2,0.125,0.23622916666666674,0.4199999999999999,0.20930232558139536,0.3953488372093023,0.14814814814814814,0.19607843137254902,0.23529411764705882,0.1,0.7247706422018348,0.2810810810810811,0.450261780104712,0.14659685863874344,0.43670886075949367,0.22784810126582278,0.012658227848101266,9.45859872611465,1.031847133757962,7.56687898089172,0.1864406779661017,0.6299255218613492,0.24331411708454762,0.6299255218613492,0.18181818181818182,,0.5,,,,,False,,1.5,,,,,False,
664040,Brandon Lowe,PIT,SF,1,2.0,1,657277,Logan Webb,R,823340,6:40 PM ET,PNC Park,0,1,0.26902654867256637,2026-09-01,823340,,0,100.5,96.8,86.2,L,4,4,2,1,0,0,0,0,0,1,3,3,0,2,1,0,1,0.49133333333333334,0.9620000000000001,1,1,1,1,1,0,0.23214285714285715,0.31746031746031744,0.5535714285714286,0.3968253968253968,0.35714285714285715,0.17857142857142858,0.047619047619047616,0.015873015873015872,0.07142857142857142,1.5333333333333334,1.6666666666666667,0.5161290322580645,0.16129032258064516,0.5161290322580645,0.3225806451612903,0.03225806451612903,0.2713809523809524,0.4324642857142857,0.06666666666666667,0.5789473684210527,0.09800000000000011,0.158,0.2413793103448276,0.43103448275862066,0.4444444444444444,0.16666666666666666,0.2222222222222222,0.3770491803278688,0.7468879668049793,0.2037037037037037,0.3438914027149321,0.12217194570135746,0.5,0.21666666666666667,0.022222222222222223,7.673684210526317,0.7105263157894738,7.247368421052633,0.204,0.645145933296834,0.19838186596166185,0.645145933296834,0.23214285714285715,,0.5,,,,,False,,1.5,,,,,False,
668804,Bryan Reynolds,PIT,SF,1,3.0,1,657277,Logan Webb,R,823340,6:40 PM ET,PNC Park,1,1,0.26902654867256637,2026-09-01,823340,,0,100.5,96.8,86.2,R,3,3,1,0,0,0,0,0,0,2,1,1,0,1,0,0,1,0.477,0.87,1,0,1,0,1,1,0.2727272727272727,0.3684210526315789,0.7878787878787878,0.18421052631578946,0.34615384615384615,0.06060606060606061,0.0,0.05263157894736842,0.06060606060606061,0.7333333333333333,0.4666666666666667,0.5,0.3076923076923077,0.3076923076923077,0.3076923076923077,0.0,0.34715972222222224,0.5810555555555555,0.2222222222222222,0.2727272727272727,0.3326666666666669,0.5459999999999999,0.22413793103448276,0.25862068965517243,0.2153846153846154,0.20689655172413793,0.27586206896551724,0.26153846153846155,0.7468879668049793,0.2037037037037037,0.3438914027149321,0.12217194570135746,0.5,0.21666666666666667,0.022222222222222223,7.673684210526317,0.7105263157894738,7.247368421052633,0.204,0.6401093290516742,0.2451840879490843,0.6401093290516742,0.2727272727272727,,0.5,,,,,False,,1.5,,,,,False,
699013,Esmerlyn Valdez,PIT,SF,1,6.0,1,657277,Logan Webb,R,823340,6:40 PM ET,PNC Park,1,1,0.26902654867256637,2026-09-01,823340,,0,100.5,96.8,86.2,R,4,4,1,0,0,1,0,0,0,1,4,3,0,2,1,1,1,0.3336666666666667,0.559,1,0,1,1,1,0,0.23214285714285715,0.2903225806451613,0.5178571428571429,0.43548387096774194,0.41379310344827586,0.125,0.016129032258064516,0.06451612903225806,0.08928571428571429,1.3333333333333333,1.8,0.43333333333333335,0.3,0.4,0.26666666666666666,0.0,0.4017986111111111,0.8602361111111111,0.23529411764705882,0.45,0.548375,1.6149166666666666,0.22448979591836735,0.32653061224489793,0.3387096774193548,0.16,0.36,0.41935483870967744,0.7468879668049793,0.2037037037037037,0.3438914027149321,0.12217194570135746,0.5,0.21666666666666667,0.022222222222222223,7.673684210526317,0.7105263157894738,7.247368421052633,0.204,0.5899186327048075,0.18289982973024466,0.5899186327048075,0.23214285714285715,,0.5,,,,,False,,1.5,,,,,False,
680779,Henry Davis,PIT,SF,1,9.0,1,657277,Logan Webb,R,823340,6:40 PM ET,PNC Park,1,1,0.26902654867256637,2026-09-01,823340,,0,100.5,96.8,86.2,R,2,2,0,0,0,0,0,0,0,1,0,1,0,0,0,1,0,0.079,0.086,0,0,0,0,1,0,0.15,0.2553191489361702,0.75,0.20408163265306123,0.1935483870967742,0.0,0.0,0.0,0.0,0.4,0.6666666666666666,0.3125,0.25,0.3125,0.1875,0.0,0.25139285714285714,0.36105357142857136,0.125,0.25,0.28974999999999995,0.3377499999999999,0.1794871794871795,0.1794871794871795,0.22916666666666666,0.18604651162790697,0.2558139534883721,0.22448979591836735,0.7468879668049793,0.2037037037037037,0.3438914027149321,0.12217194570135746,0.5,0.21666666666666667,0.022222222222222223,7.673684210526317,0.7105263157894738,7.247368421052633,0.204,0.4592769733937721,0.12874576936455628,0.4592769733937721,0.15,,0.5,,,,,False,,1.5,,,,,False,
694378,Jacob Gonzalez,PIT,SF,1,7.0,1,657277,Logan Webb,R,823340,6:40 PM ET,PNC Park,0,1,0.26902654867256637,2026-09-01,823340,,0,100.5,96.8,86.2,L,4,4,1,0,0,0,0,0,0,1,1,3,0,0,0,2,1,0.33099999999999996,0.3466666666666667,1,0,1,0,1,0,0.11428571428571428,0.16216216216216217,0.8285714285714286,0.16216216216216217,0.10714285714285714,0.11428571428571428,0.02702702702702703,0.02702702702702703,0.05714285714285714,0.5333333333333333,0.4,0.27586206896551724,0.20689655172413793,0.5517241379310345,0.13793103448275862,0.0,0.30600641025641023,0.44780128205128206,0.0,0.4,0.295625,0.345,0.12195121951219512,0.1951219512195122,0.16666666666666666,0.23076923076923078,0.38461538461538464,0.25,0.7468879668049793,0.2037037037037037,0.3438914027149321,0.12217194570135746,0.5,0.21666666666666667,0.022222222222222223,7.673684210526317,0.7105263157894738,7.247368421052633,0.204,0.6100620223538514,0.06936361099705164,0.6100620223538514,0.11428571428571428,,0.5,,,,,False,,1.5,,,,,False,
669707,Jared Triolo,PIT,SF,1,8.0,1,657277,Logan Webb,R,823340,6:40 PM ET,PNC Park,1,1,0.26902654867256637,2026-09-01,823340,,0,100.5,96.8,86.2,R,5,4,1,0,0,1,1,0,0,2,4,2,0,1,1,1,0,0.40800000000000003,1.399,1,0,1,1,1,1,0.2708333333333333,0.3269230769230769,0.8958333333333334,0.09615384615384616,0.2857142857142857,0.0625,0.019230769230769232,0.0,0.020833333333333332,1.0666666666666667,0.3333333333333333,0.32558139534883723,0.3023255813953488,0.4418604651162791,0.16279069767441862,0.0,0.30665777777777775,0.39439888888888885,0.4375,0.11764705882352941,0.33263333333333334,0.38525000000000004,0.2777777777777778,0.3888888888888889,0.13953488372093023,0.2553191489361702,0.2553191489361702,0.12244897959183673,0.7468879668049793,0.2037037037037037,0.3438914027149321,0.12217194570135746,0.5,0.21666666666666667,0.022222222222222223,7.673684210526317,0.7105263157894738,7.247368421052633,0.204,0.5872696506500152,0.19336491231911238,0.5872696506500152,0.2708333333333333,,0.5,,,,,False,,1.5,,,,,False,
693304,Nick Gonzales,PIT,SF,1,4.0,1,657277,Logan Webb,R,823340,6:40 PM ET,PNC Park,1,1,0.26902654867256637,2026-09-01,823340,,0,100.5,96.8,86.2,R,5,4,2,1,0,0,1,0,0,1,3,3,0,3,1,0,2,0.48666666666666664,0.8856666666666667,1,1,1,1,1,0,0.2641509433962264,0.38095238095238093,0.8301886792452831,0.14285714285714285,0.3181818181818182,0.05660377358490566,0.0,0.047619047619047616,0.05660377358490566,1.1333333333333333,0.6,0.20454545454545456,0.2727272727272727,0.5,0.18181818181818182,0.0,0.3259411111111111,0.4118555555555556,0.2222222222222222,0.13636363636363635,0.2869066666666667,0.34873333333333334,0.3050847457627119,0.3559322033898305,0.15384615384615385,0.2413793103448276,0.3103448275862069,0.12698412698412698,0.7468879668049793,0.2037037037037037,0.3438914027149321,0.12217194570135746,0.5,0.21666666666666667,0.022222222222222223,7.673684210526317,0.7105263157894738,7.247368421052633,0.204,0.6359954769267603,0.23649228091697347,0.6359954769267603,0.2641509433962264,,0.5,,,,,False,,1.5,,,,,False,
665833,Oneil Cruz,PIT,SF,1,5.0,1,657277,Logan Webb,R,823340,6:40 PM ET,PNC Park,0,1,0.26902654867256637,2026-09-01,823340,,0,100.5,96.8,86.2,L,5,4,1,1,0,0,1,0,0,1,2,3,0,1,1,1,1,0.306,0.828,1,0,1,1,1,0,0.3,0.43548387096774194,0.56,0.3548387096774194,0.4583333333333333,0.28,0.06451612903225806,0.0,0.1,1.9333333333333333,1.4666666666666666,0.42857142857142855,0.2857142857142857,0.39285714285714285,0.25,0.03571428571428571,0.505628205128205,1.0539807692307692,0.23809523809523808,0.34782608695652173,0.3546333333333333,0.68855,0.27906976744186046,0.6976744186046512,0.2833333333333333,0.2413793103448276,0.3448275862068966,0.4307692307692308,0.7468879668049793,0.2037037037037037,0.3438914027149321,0.12217194570135746,0.5,0.21666666666666667,0.022222222222222223,7.673684210526317,0.7105263157894738,7.247368421052633,0.204,0.5879992677319001,0.19358145084071068,0.5879992677319001,0.3,,0.5,,,,,False,,1.5,,,,,False,
687462,Spencer Horwitz,PIT,SF,1,1.0,1,657277,Logan Webb,R,823340,6:40 PM ET,PNC Park,0,1,0.26902654867256637,2026-09-01,823340,,0,100.5,96.8,86.2,L,4,3,0,0,0,0,1,0,0,1,0,2,0,0,1,1,0,0.101,0.17099999999999999,0,0,0,0,1,0,0.15254237288135594,0.23076923076923078,0.7966101694915254,0.18461538461538463,0.19148936170212766,0.0,0.0,0.0,0.0,0.6,0.8,0.23404255319148937,0.2127659574468085,0.44680851063829785,0.2978723404255319,0.0,0.27026333333333336,0.3368422222222222,0.2,0.25,0.35278333333333334,0.41345,0.14814814814814814,0.16666666666666666,0.18333333333333332,0.3111111111111111,0.4444444444444444,0.16363636363636364,0.7468879668049793,0.2037037037037037,0.3438914027149321,0.12217194570135746,0.5,0.21666666666666667,0.022222222222222223,7.673684210526317,0.7105263157894738,7.247368421052633,0.204,0.5974147673836873,0.19759208331617586,0.5974147673836873,0.15254237288135594,,0.5,,,,,False,,1.5,,,,,False,
805811,Bryce Eldridge,SF,PIT,0,3.0,1,694973,Paul Skenes,R,823340,6:40 PM ET,PNC Park,0,1,0.2504472271914132,2026-09-01,823340,,0,100.5,96.8,86.2,L,5,5,2,0,0,0,0,0,0,0,2,5,0,3,0,3,2,0.37920000000000004,0.5018,1,1,1,1,0,0,0.32142857142857145,0.40625,0.6785714285714286,0.28125,0.4117647058823529,0.25,0.0625,0.03125,0.10714285714285714,2.1333333333333333,1.2,0.5789473684210527,0.34210526315789475,0.3684210526315789,0.2894736842105263,0.0,0.40850000000000003,0.7169833333333333,0.45,0.3181818181818182,0.44623333333333337,0.7625166666666665,0.26785714285714285,0.4107142857142857,0.2698412698412698,0.2807017543859649,0.47368421052631576,0.25806451612903225,0.59375,0.25925925925925924,0.4381443298969072,0.15979381443298968,0.3684210526315789,0.2706766917293233,0.03759398496240601,10.018867924528301,1.1886792452830188,11.377358490566037,0.2851063829787234,0.5747522003330415,0.18170344808758288,0.5747522003330415,0.32142857142857145,,0.5,,,,,False,,1.5,,,,,False,
683766,Christian Koss,SF,PIT,0,9.0,1,694973,Paul Skenes,R,823340,6:40 PM ET,PNC Park,1,1,0.2504472271914132,2026-09-01,823340,,0,100.5,96.8,86.2,R,4,3,0,0,0,0,0,0,0,1,0,3,0,1,0,2,1,0.176,0.3305,0,0,0,0,1,0,0.2127659574468085,0.27450980392156865,0.574468085106383,0.37037037037037035,0.34615384615384615,0.10638297872340426,0.018518518518518517,0.037037037037037035,0.06382978723404255,1.0,1.3333333333333333,0.3333333333333333,0.1,0.7666666666666667,0.06666666666666667,0.0,0.2918846153846154,0.4667051282051282,0.13333333333333333,0.5,0.3426666666666666,0.5888333333333334,0.22448979591836735,0.2653061224489796,0.35714285714285715,0.15384615384615385,0.20512820512820512,0.275,0.59375,0.25925925925925924,0.4381443298969072,0.15979381443298968,0.3684210526315789,0.2706766917293233,0.03759398496240601,10.018867924528301,1.1886792452830188,11.377358490566037,0.2851063829787234,0.2879410639381639,0.04581491528361461,0.2879410639381639,0.2127659574468085,,0.5,,,,,False,,1.5,,,,,False,
701852,Drew Cavanaugh,SF,PIT,0,7.0,1,694973,Paul Skenes,R,823340,6:40 PM ET,PNC Park,0,1,0.2504472271914132,2026-09-01,823340,,0,100.5,96.8,86.2,L,2,2,0,0,0,0,0,0,0,2,0,0,0,0,0,0,0,0.359,0.3985,0,0,0,0,1,1,0.21951219512195122,0.30434782608695654,0.6829268292682927,0.2826086956521739,0.32142857142857145,0.0,0.0,0.0,0.0,0.6,0.8666666666666667,0.5,0.35714285714285715,0.2857142857142857,0.2857142857142857,0.03571428571428571,0.3547257575757576,0.5853909090909091,0.3076923076923077,0.3333333333333333,0.5291111111111111,1.0305,0.225,0.225,0.28888888888888886,,,,0.59375,0.25925925925925924,0.4381443298969072,0.15979381443298968,0.3684210526315789,0.2706766917293233,0.03759398496240601,10.018867924528301,1.1886792452830188,11.377358490566037,0.2851063829787234,0.49789792897456103,0.17458330301276717,0.49789792897456103,0.21951219512195122,,0.5,,,,,False,,1.5,,,,,False,
813841,Jonah Cox,SF,PIT,0,4.0,1,694973,Paul Skenes,R,823340,6:40 PM ET,PNC Park,1,1,0.2504472271914132,2026-09-01,823340,,0,100.5,96.8,86.2,R,5,5,2,0,0,1,0,0,0,1,5,4,1,2,2,2,0,0.28825,0.8544999999999999,1,1,1,1,1,0,0.2647058823529412,0.32432432432432434,0.5294117647058824,0.42105263157894735,0.4375,0.23529411764705882,0.05263157894736842,0.0,0.08823529411764706,1.1333333333333333,1.0666666666666667,0.47368421052631576,0.15789473684210525,0.42105263157894735,0.42105263157894735,0.10526315789473684,0.3297916666666667,0.6773541666666667,0.4,0.23076923076923078,0.35683333333333334,0.7314583333333333,0.42857142857142855,0.7142857142857143,0.375,0.21951219512195122,0.4634146341463415,0.5,0.59375,0.25925925925925924,0.4381443298969072,0.15979381443298968,0.3684210526315789,0.2706766917293233,0.03759398496240601,10.018867924528301,1.1886792452830188,11.377358490566037,0.2851063829787234,0.5748728347642129,0.1581432161493562,0.5748728347642129,0.2647058823529412,,0.5,,,,,False,,1.5,,,,,False,
808982,Jung Hoo Lee,SF,PIT,0,5.0,1,694973,Paul Skenes,R,823340,6:40 PM ET,PNC Park,0,1,0.2504472271914132,2026-09-01,823340,,0,100.5,96.8,86.2,L,5,4,0,0,0,0,1,0,0,1,0,3,0,2,0,2,1,0.453,0.5419999999999999,0,0,0,0,1,0,0.24528301886792453,0.3333333333333333,0.9433962264150944,0.05,0.26,0.018867924528301886,0.0,0.016666666666666666,0.018867924528301886,0.9333333333333333,0.2,0.4,0.24,0.38,0.28,0.02,0.3419345238095238,0.456147619047619,0.38461538461538464,0.0,0.4648958333333333,0.6641458333333332,0.28846153846153844,0.46153846153846156,0.08333333333333333,0.18032786885245902,0.29508196721311475,0.09375,0.59375,0.25925925925925924,0.4381443298969072,0.15979381443298968,0.3684210526315789,0.2706766917293233,0.03759398496240601,10.018867924528301,1.1886792452830188,11.377358490566037,0.2851063829787234,0.5968757619940478,0.17125185518518563,0.5968757619940478,0.24528301886792453,,0.5,,,,,False,,1.5,,,,,False,
678545,Osleivis Basabe,SF,PIT,0,6.0,1,694973,Paul Skenes,R,823340,6:40 PM ET,PNC Park,1,1,0.2504472271914132,2026-09-01,823340,,0,100.5,96.8,86.2,R,4,4,1,0,0,1,0,0,0,1,4,3,0,3,1,1,1,0.5876666666666667,1.0286666666666666,1,0,1,1,1,0,0.16981132075471697,0.22807017543859648,0.8113207547169812,0.17543859649122806,0.20930232558139536,0.018867924528301886,0.0,0.017543859649122806,0.018867924528301886,0.6666666666666666,0.6666666666666666,0.32558139534883723,0.18604651162790697,0.4883720930232558,0.27906976744186046,0.023255813953488372,0.25451111111111113,0.36117777777777776,0.0625,0.1111111111111111,0.2248666666666667,0.3045333333333333,0.22,0.32,0.16981132075471697,0.19230769230769232,0.38461538461538464,0.20689655172413793,0.59375,0.25925925925925924,0.4381443298969072,0.15979381443298968,0.3684210526315789,0.2706766917293233,0.03759398496240601,10.018867924528301,1.1886792452830188,11.377358490566037,0.2851063829787234,0.6065519561380003,0.21171408083526652,0.6065519561380003,0.16981132075471697,,0.5,,,,,False,,1.5,,,,,False,
646240,Rafael Devers,SF,PIT,0,2.0,1,694973,Paul Skenes,R,823340,6:40 PM ET,PNC Park,0,1,0.2504472271914132,2026-09-01,823340,,0,100.5,96.8,86.2,L,5,3,1,0,0,1,2,0,0,1,4,2,0,1,2,0,0,0.4635,1.8199999999999998,1,0,1,1,1,0,0.3050847457627119,0.3880597014925373,0.7966101694915254,0.1791044776119403,0.30952380952380953,0.3220338983050847,0.07462686567164178,0.05970149253731343,0.15254237288135594,2.466666666666667,0.8,0.46808510638297873,0.1702127659574468,0.3191489361702128,0.40425531914893614,0.02127659574468085,0.2995166666666667,0.6747455555555555,0.42857142857142855,0.17391304347826086,0.3921333333333335,0.7263166666666665,0.30357142857142855,0.625,0.1746031746031746,0.20754716981132076,0.3584905660377358,0.2222222222222222,0.59375,0.25925925925925924,0.4381443298969072,0.15979381443298968,0.3684210526315789,0.2706766917293233,0.03759398496240601,10.018867924528301,1.1886792452830188,11.377358490566037,0.2851063829787234,0.5671473349410248,0.2066312978283776,0.5671473349410248,0.3050847457627119,,0.5,,,,,False,,1.5,,,,,False,
694376,Shay Whitcomb,SF,PIT,0,8.0,1,694973,Paul Skenes,R,823340,6:40 PM ET,PNC Park,1,1,0.2504472271914132,2026-09-01,823340,,0,100.5,96.8,86.2,R,1,1,0,0,0,0,0,0,0,0,0,1,0,0,1,0,0,0.011,0.019,0,0,0,0,0,0,0.10526315789473684,0.10526315789473684,0.631578947368421,0.358974358974359,0.09090909090909091,0.18421052631578946,0.05128205128205128,0.02564102564102564,0.07894736842105263,0.7333333333333333,0.9333333333333333,0.4,0.2,0.36,0.36,0.08,0.28515384615384615,0.5760641025641026,0.10526315789473684,0.4,0.2774333333333333,0.6765666666666668,0.07407407407407407,0.18518518518518517,0.41379310344827586,0.14705882352941177,0.4411764705882353,0.29411764705882354,0.59375,0.25925925925925924,0.4381443298969072,0.15979381443298968,0.3684210526315789,0.2706766917293233,0.03759398496240601,10.018867924528301,1.1886792452830188,11.377358490566037,0.2851063829787234,0.47899298250055605,0.10661149892054382,0.47899298250055605,0.10526315789473684,,0.5,,,,,False,,1.5,,,,,False,
806367,Turner Hill,SF,PIT,0,1.0,1,694973,Paul Skenes,R,823340,6:40 PM ET,PNC Park,0,1,0.2504472271914132,2026-09-01,823340,,0,100.5,96.8,86.2,L,2,2,1,1,0,0,0,0,0,0,2,2,0,1,0,1,1,0.319,0.4625,1,0,1,1,0,0,0.25,0.35,0.84375,0.125,0.27586206896551724,0.125,0.0,0.1,0.125,0.9230769230769231,0.38461538461538464,0.3793103448275862,0.2413793103448276,0.41379310344827586,0.3103448275862069,0.0,0.31233333333333335,0.4699015151515152,0.25,0.05,0.27503333333333335,0.42161666666666664,0.3076923076923077,0.46153846153846156,0.16129032258064516,,,,0.59375,0.25925925925925924,0.4381443298969072,0.15979381443298968,0.3684210526315789,0.2706766917293233,0.03759398496240601,10.018867924528301,1.1886792452830188,11.377358490566037,0.2851063829787234,0.6314374687964663,0.2565062720864195,0.6314374687964663,0.25,,0.5,,,,,False,,1.5,,,,,False,
802415,Chandler Simpson,TB,NYM,1,6.0,1,640455,Sean Manaea,L,822929,6:40 PM ET,Tropicana Field,0,0,0.16518650088809947,2026-09-01,822929,1.0,0,100.7,100.8,107.1,L,4,4,2,0,0,0,0,0,0,0,2,4,0,0,2,0,1,0.36575,0.4025,1,1,1,1,0,0,0.3448275862068966,0.3770491803278688,0.9655172413793104,0.03125,0.35714285714285715,0.034482758620689655,0.0,0.03125,0.034482758620689655,1.4666666666666666,0.13333333333333333,0.10344827586206896,0.13793103448275862,0.7241379310344828,0.10344827586206896,0.0,0.24932666666666667,0.2817977777777777,0.29411764705882354,0.0,0.2734,0.30456666666666665,0.3770491803278688,0.4098360655737705,0.03076923076923077,0.38181818181818183,0.509090909090909,0.05084745762711865,0.6613545816733067,0.19230769230769232,0.4841628959276018,0.24434389140271492,0.37349397590361444,0.3795180722891566,0.04216867469879518,8.059701492537314,1.0074626865671643,8.46268656716418,0.2198952879581152,0.5957956914906337,0.1876371966430733,0.5957956914906337,0.3448275862068966,,0.5,,,,,False,,1.5,,,,,False,
676356,Jonny DeLuca,TB,NYM,1,4.0,1,640455,Sean Manaea,L,822929,6:40 PM ET,Tropicana Field,1,0,0.16518650088809947,2026-09-01,822929,1.0,0,100.7,100.8,107.1,R,4,3,1,0,0,0,1,0,0,2,1,1,0,1,0,0,1,0.609,0.702,1,0,1,0,1,1,0.23529411764705882,0.2641509433962264,0.803921568627451,0.18867924528301888,0.275,0.11764705882352941,0.018867924528301886,0.05660377358490566,0.0784313725490196,1.2,0.6666666666666666,0.24390243902439024,0.14634146341463414,0.4634146341463415,0.24390243902439024,0.0,0.2023388888888889,0.27167777777777774,0.2,0.2857142857142857,0.1421000000000001,0.17816666666666658,0.2777777777777778,0.48148148148148145,0.21052631578947367,0.30612244897959184,0.46938775510204084,0.14285714285714285,0.6613545816733067,0.19230769230769232,0.4841628959276018,0.24434389140271492,0.37349397590361444,0.3795180722891566,0.04216867469879518,8.059701492537314,1.0074626865671643,8.46268656716418,0.2198952879581152,0.6246947744087321,0.2389577426413915,0.6246947744087321,0.23529411764705882,,0.5,,,,,False,,1.5,,,,,False,
622761,Jorge Mateo,TB,NYM,1,5.0,1,640455,Sean Manaea,L,822929,6:40 PM ET,Tropicana Field,1,0,0.16518650088809947,2026-09-01,822929,1.0,0,100.7,100.8,107.1,R,5,4,1,0,0,0,1,0,0,1,1,3,0,1,0,1,1,0.3773333333333333,0.4443333333333333,1,0,1,0,1,0,0.16666666666666666,0.225,0.7222222222222222,0.25,0.19230769230769232,0.1388888888888889,0.025,0.05,0.08333333333333333,0.7333333333333333,0.6666666666666666,0.25925925925925924,0.2962962962962963,0.4074074074074074,0.2222222222222222,0.0,0.33689743589743587,0.5664487179487179,0.15384615384615385,0.1875,0.33225000000000005,0.43233333333333335,0.125,0.25,0.29411764705882354,0.225,0.375,0.22727272727272727,0.6613545816733067,0.19230769230769232,0.4841628959276018,0.24434389140271492,0.37349397590361444,0.3795180722891566,0.04216867469879518,8.059701492537314,1.0074626865671643,8.46268656716418,0.2198952879581152,0.5959754868600866,0.2578455338623617,0.5959754868600866,0.16666666666666666,,0.5,,,,,False,,1.5,,,,,False,
691406,Junior Caminero,TB,NYM,1,3.0,1,640455,Sean Manaea,L,822929,6:40 PM ET,Tropicana Field,1,0,0.16518650088809947,2026-09-01,822929,1.0,0,100.7,100.8,107.1,R,4,4,1,0,0,0,0,0,0,1,1,3,0,2,1,1,0,0.07833333333333332,0.09433333333333334,1,0,1,0,1,0,0.3275862068965517,0.38095238095238093,0.8103448275862069,0.1746031746031746,0.37777777777777777,0.13793103448275862,0.031746031746031744,0.031746031746031744,0.06896551724137931,1.8,0.7333333333333333,0.48936170212765956,0.19148936170212766,0.5531914893617021,0.19148936170212766,0.0,0.35950111111111116,0.53013,0.42105263157894735,0.13636363636363635,0.47281666666666666,0.8593,0.25,0.36666666666666664,0.18181818181818182,0.2727272727272727,0.509090909090909,0.18333333333333332,0.6613545816733067,0.19230769230769232,0.4841628959276018,0.24434389140271492,0.37349397590361444,0.3795180722891566,0.04216867469879518,8.059701492537314,1.0074626865671643,8.46268656716418,0.2198952879581152,0.6768081120384905,0.26474502476251177,0.6768081120384905,0.3275862068965517,,0.5,,,,,False,,1.5,,,,,False,
663743,Nick Fortes,TB,NYM,1,7.0,1,640455,Sean Manaea,L,822929,6:40 PM ET,Tropicana Field,1,0,0.16518650088809947,2026-09-01,822929,1.0,0,100.7,100.8,107.1,R,3,3,0,0,0,0,0,0,0,1,0,2,0,0,2,0,0,0.05,0.0995,0,0,0,0,1,0,0.2857142857142857,0.3333333333333333,0.9047619047619048,0.08333333333333333,0.2972972972972973,0.14285714285714285,0.020833333333333332,0.0625,0.09523809523809523,1.2,0.26666666666666666,0.275,0.35,0.4,0.075,0.0,0.2992344444444444,0.38256666666666667,0.07142857142857142,0.1111111111111111,0.2501333333333334,0.28370000000000006,0.3333333333333333,0.5714285714285714,0.11627906976744186,0.2619047619047619,0.3333333333333333,0.1,0.6613545816733067,0.19230769230769232,0.4841628959276018,0.24434389140271492,0.37349397590361444,0.3795180722891566,0.04216867469879518,8.059701492537314,1.0074626865671643,8.46268656716418,0.2198952879581152,0.5887629668268383,0.22585711491086233,0.5887629668268383,0.2857142857142857,,0.5,,,,,False,,1.5,,,,,False,
668723,Ryan Vilade,TB,NYM,1,2.0,1,640455,Sean Manaea,L,822929,6:40 PM ET,Tropicana Field,1,0,0.16518650088809947,2026-09-01,822929,1.0,0,100.7,100.8,107.1,R,3,2,0,0,0,0,1,0,0,0,0,2,0,1,1,0,0,0.3645,1.3949999999999998,0,0,0,0,0,0,0.3055555555555556,0.358974358974359,0.7777777777777778,0.20512820512820512,0.34615384615384615,0.19444444444444445,0.05128205128205128,0.02564102564102564,0.08333333333333333,1.2,0.5333333333333333,0.5,0.17857142857142858,0.4642857142857143,0.2857142857142857,0.03571428571428571,0.3842820512820513,0.7391346153846154,0.3,0.3,0.4554444444444445,0.9203333333333333,0.20930232558139536,0.4418604651162791,0.1568627450980392,0.2972972972972973,0.5675675675675675,0.358974358974359,0.6613545816733067,0.19230769230769232,0.4841628959276018,0.24434389140271492,0.37349397590361444,0.3795180722891566,0.04216867469879518,8.059701492537314,1.0074626865671643,8.46268656716418,0.2198952879581152,0.6562160988001698,0.2866362352519256,0.6562160988001698,0.3055555555555556,,0.5,,,,,False,,1.5,,,,,False,
670764,Taylor Walls,TB,NYM,1,9.0,1,640455,Sean Manaea,L,822929,6:40 PM ET,Tropicana Field,0,0,0.16518650088809947,2026-09-01,822929,1.0,0,100.7,100.8,107.1,L,4,4,1,0,0,0,0,0,0,0,1,4,0,1,2,0,1,0.3065,0.47025,1,0,1,0,0,0,0.20588235294117646,0.2894736842105263,0.7058823529411765,0.25,0.2916666666666667,0.0,0.0,0.0,0.0,0.4666666666666667,0.6666666666666666,0.28,0.12,0.6,0.2,0.0,0.23908333333333331,0.3387857142857142,0.3076923076923077,0.26666666666666666,0.27156666666666673,0.41343333333333343,0.28888888888888886,0.4222222222222222,0.16981132075471697,0.14583333333333334,0.1875,0.34,0.6613545816733067,0.19230769230769232,0.4841628959276018,0.24434389140271492,0.37349397590361444,0.3795180722891566,0.04216867469879518,8.059701492537314,1.0074626865671643,8.46268656716418,0.2198952879581152,0.45903458339836933,0.1491595137310249,0.45903458339836933,0.20588235294117646,,0.5,,,,,False,,1.5,,,,,False,
683748,Victor Mesa Jr.,TB,NYM,1,8.0,1,640455,Sean Manaea,L,822929,6:40 PM ET,Tropicana Field,0,0,0.16518650088809947,2026-09-01,822929,1.0,0,100.7,100.8,107.1,L,1,0,0,0,0,0,0,1,0,0,0,0,0,0,0,0,0,0.149,0.288,0,0,0,0,0,0,0.19230769230769232,0.2222222222222222,0.7884615384615384,0.2,0.20512820512820512,0.21153846153846154,0.03636363636363636,0.01818181818181818,0.09615384615384616,1.4,0.7333333333333333,0.42857142857142855,0.16666666666666666,0.2619047619047619,0.5,0.07142857142857142,0.2655088888888889,0.51665,0.16666666666666666,0.10526315789473684,0.21305000000000002,0.4065,0.21568627450980393,0.43137254901960786,0.18181818181818182,0.3448275862068966,0.6896551724137931,0.1875,0.6613545816733067,0.19230769230769232,0.4841628959276018,0.24434389140271492,0.37349397590361444,0.3795180722891566,0.04216867469879518,8.059701492537314,1.0074626865671643,8.46268656716418,0.2198952879581152,0.5545972996175953,0.2206477496332325,0.5545972996175953,0.19230769230769232,,0.5,,,,,False,,1.5,,,,,False,
650490,Yandy Díaz,TB,NYM,1,1.0,1,640455,Sean Manaea,L,822929,6:40 PM ET,Tropicana Field,1,0,0.16518650088809947,2026-09-01,822929,1.0,0,100.7,100.8,107.1,R,5,5,0,0,0,0,0,0,0,3,0,2,0,1,1,1,0,0.2155,0.316,0,0,0,0,1,1,0.31666666666666665,0.3880597014925373,0.8666666666666667,0.11940298507462686,0.32653061224489793,0.16666666666666666,0.04477611940298507,0.014925373134328358,0.06666666666666667,1.9333333333333333,0.5333333333333333,0.4807692307692308,0.17307692307692307,0.6346153846153846,0.1346153846153846,0.057692307692307696,0.3449666666666667,0.5904466666666667,0.25,0.13636363636363635,0.33035000000000003,0.5955666666666665,0.38095238095238093,0.5873015873015873,0.10294117647058823,0.26666666666666666,0.38333333333333336,0.11940298507462686,0.6613545816733067,0.19230769230769232,0.4841628959276018,0.24434389140271492,0.37349397590361444,0.3795180722891566,0.04216867469879518,8.059701492537314,1.0074626865671643,8.46268656716418,0.2198952879581152,0.7002352109781395,0.30968346322252555,0.7002352109781395,0.31666666666666665,,0.5,,,,,False,,1.5,,,,,False,
805999,A.J. Ewing,NYM,TB,0,8.0,1,642547,Freddy Peralta,R,822929,6:40 PM ET,Tropicana Field,0,1,0.23290203327171904,2026-09-01,822929,1.0,0,100.7,100.8,107.1,L,4,4,2,0,0,0,0,0,0,1,2,3,0,0,1,0,2,0.4373333333333333,0.4923333333333333,1,1,1,1,1,0,0.12280701754385964,0.1935483870967742,0.6666666666666666,0.30158730158730157,0.18421052631578946,0.017543859649122806,0.0,0.015873015873015872,0.017543859649122806,0.5333333333333333,1.2666666666666666,0.358974358974359,0.3333333333333333,0.41025641025641024,0.23076923076923078,0.05128205128205128,0.32026190476190475,0.5035880952380952,0.10526315789473684,0.23809523809523808,0.33359999999999995,0.4613333333333333,0.15517241379310345,0.1896551724137931,0.26865671641791045,0.2413793103448276,0.41379310344827586,0.31746031746031744,0.6933333333333334,0.25263157894736843,0.515,0.225,0.358974358974359,0.3141025641025641,0.03205128205128205,11.013157894736842,1.5986842105263157,8.526315789473685,0.20425531914893616,0.5194731999172385,0.13983458431883364,0.5194731999172385,0.12280701754385964,,0.5,,,,,False,,1.5,,,,,False,
666182,Bo Bichette,NYM,TB,0,3.0,1,642547,Freddy Peralta,R,822929,6:40 PM ET,Tropicana Field,1,1,0.23290203327171904,2026-09-01,822929,1.0,0,100.7,100.8,107.1,R,4,4,1,1,0,0,0,0,0,1,2,3,0,0,0,3,0,0.2906666666666667,0.334,1,0,1,1,1,0,0.26785714285714285,0.31666666666666665,0.8035714285714286,0.18333333333333332,0.2857142857142857,0.25,0.05,0.05,0.125,1.9333333333333333,0.7333333333333333,0.5555555555555556,0.3111111111111111,0.37777777777777777,0.3111111111111111,0.044444444444444446,0.34868333333333335,0.5789666666666666,0.17647058823529413,0.15789473684210525,0.2485,0.39548333333333313,0.27586206896551724,0.5,0.15873015873015872,0.27586206896551724,0.3793103448275862,0.25757575757575757,0.6933333333333334,0.25263157894736843,0.515,0.225,0.358974358974359,0.3141025641025641,0.03205128205128205,11.013157894736842,1.5986842105263157,8.526315789473685,0.20425531914893616,0.6322286867862381,0.2578455338623617,0.6322286867862381,0.26785714285714285,,0.5,,,,,False,,1.5,,,,,False,
683146,Brett Baty,NYM,TB,0,6.0,1,642547,Freddy Peralta,R,822929,6:40 PM ET,Tropicana Field,0,1,0.23290203327171904,2026-09-01,822929,1.0,0,100.7,100.8,107.1,L,1,1,0,0,0,0,0,0,0,1,0,0,0,0,0,0,0,0.5055000000000001,1.0525,0,0,0,0,1,0,0.25,0.3333333333333333,0.65,0.3111111111111111,0.36,0.175,0.022222222222222223,0.08888888888888889,0.125,1.1333333333333333,0.9333333333333333,0.5384615384615384,0.34615384615384615,0.34615384615384615,0.3076923076923077,0.0,0.3069047619047619,0.5965119047619047,0.38461538461538464,0.2857142857142857,0.3945333333333334,0.6470000000000001,0.23809523809523808,0.47619047619047616,0.3409090909090909,0.19148936170212766,0.2553191489361702,0.3392857142857143,0.6933333333333334,0.25263157894736843,0.515,0.225,0.358974358974359,0.3141025641025641,0.03205128205128205,11.013157894736842,1.5986842105263157,8.526315789473685,0.20425531914893616,0.5656540187642017,0.16740265686596115,0.5656540187642017,0.25,,0.5,,,,,False,,1.5,,,,,False,
701807,Carson Benge,NYM,TB,0,4.0,1,642547,Freddy Peralta,R,822929,6:40 PM ET,Tropicana Field,0,1,0.23290203327171904,2026-09-01,822929,1.0,0,100.7,100.8,107.1,L,4,4,1,0,0,0,0,0,0,3,1,1,0,0,0,0,1,0.723,0.883,1,0,1,0,1,1,0.2982456140350877,0.3442622950819672,0.7719298245614035,0.21311475409836064,0.34146341463414637,0.19298245614035087,0.04918032786885246,0.03278688524590164,0.08771929824561403,1.8666666666666667,0.8666666666666667,0.3181818181818182,0.13636363636363635,0.38636363636363635,0.4318181818181818,0.0,0.31639,0.5325944444444445,0.15789473684210525,0.3,0.2877166666666667,0.4140833333333333,0.35,0.5833333333333334,0.21875,0.2413793103448276,0.41379310344827586,0.24193548387096775,0.6933333333333334,0.25263157894736843,0.515,0.225,0.358974358974359,0.3141025641025641,0.03205128205128205,11.013157894736842,1.5986842105263157,8.526315789473685,0.20425531914893616,0.6255974435591882,0.22509063498269707,0.6255974435591882,0.2982456140350877,,0.5,,,,,False,,1.5,,,,,False,
682626,Francisco Alvarez,NYM,TB,0,7.0,1,642547,Freddy Peralta,R,822929,6:40 PM ET,Tropicana Field,1,1,0.23290203327171904,2026-09-01,822929,1.0,0,100.7,100.8,107.1,R,3,3,1,0,0,0,0,0,0,2,1,1,0,1,0,0,1,0.803,0.992,1,0,1,0,1,1,0.13725490196078433,0.22807017543859648,0.47058823529411764,0.47368421052631576,0.2608695652173913,0.09803921568627451,0.017543859649122806,0.03508771929824561,0.058823529411764705,0.8,1.8,0.4583333333333333,0.125,0.5833333333333334,0.25,0.041666666666666664,0.31485416666666666,0.5402708333333334,0.17647058823529413,0.5,0.3218749999999999,0.5276250000000003,0.14285714285714285,0.24489795918367346,0.3448275862068966,0.1836734693877551,0.2857142857142857,0.43333333333333335,0.6933333333333334,0.25263157894736843,0.515,0.225,0.358974358974359,0.3141025641025641,0.03205128205128205,11.013157894736842,1.5986842105263157,8.526315789473685,0.20425531914893616,0.5566560106820019,0.19314361561208263,0.5566560106820019,0.13725490196078433,,0.5,,,,,False,,1.5,,,,,False,
596019,Francisco Lindor,NYM,TB,0,1.0,1,642547,Freddy Peralta,R,822929,6:40 PM ET,Tropicana Field,1,1,0.23290203327171904,2026-09-01,822929,1.0,0,100.7,100.8,107.1,R,3,3,0,0,0,0,0,0,0,1,0,2,0,0,1,0,0,0.0115,0.0165,0,0,0,0,1,0,0.1891891891891892,0.23076923076923078,0.8108108108108109,0.1794871794871795,0.17857142857142858,0.21621621621621623,0.05128205128205128,0.05128205128205128,0.10810810810810811,1.0,0.4666666666666667,0.4,0.06666666666666667,0.3333333333333333,0.43333333333333335,0.0,0.23192307692307693,0.48135256410256405,0.23076923076923078,0.21428571428571427,0.2640625000000001,0.4686250000000006,0.21052631578947367,0.2982456140350877,0.24242424242424243,0.26229508196721313,0.6229508196721312,0.19117647058823528,0.6933333333333334,0.25263157894736843,0.515,0.225,0.358974358974359,0.3141025641025641,0.03205128205128205,11.013157894736842,1.5986842105263157,8.526315789473685,0.20425531914893616,0.584733694486794,0.1995700565015547,0.584733694486794,0.1891891891891892,,0.5,,,,,False,,1.5,,,,,False,
676724,Jared Young,NYM,TB,0,5.0,1,642547,Freddy Peralta,R,822929,6:40 PM ET,Tropicana Field,0,1,0.23290203327171904,2026-09-01,822929,1.0,0,100.7,100.8,107.1,L,4,4,1,1,0,0,0,0,0,1,2,3,0,3,0,2,1,0.29633333333333334,0.4206666666666667,1,0,1,1,1,0,0.2962962962962963,0.2962962962962963,0.7962962962962963,0.2,0.35714285714285715,0.18518518518518517,0.01818181818181818,0.09090909090909091,0.12962962962962962,1.7333333333333334,0.7333333333333333,0.27906976744186046,0.16279069767441862,0.4418604651162791,0.32558139534883723,0.0,0.25787777777777776,0.4372833333333333,0.2777777777777778,0.2222222222222222,0.26938333333333336,0.33994999999999986,0.34545454545454546,0.4909090909090909,0.12280701754385964,0.2894736842105263,0.5263157894736842,0.1794871794871795,0.6933333333333334,0.25263157894736843,0.515,0.225,0.358974358974359,0.3141025641025641,0.03205128205128205,11.013157894736842,1.5986842105263157,8.526315789473685,0.20425531914893616,0.6053200864376176,0.20802081061374844,0.6053200864376176,0.2962962962962963,,0.5,,,,,False,,1.5,,,,,False,
665742,Juan Soto,NYM,TB,0,2.0,1,642547,Freddy Peralta,R,822929,6:40 PM ET,Tropicana Field,0,1,0.23290203327171904,2026-09-01,822929,1.0,0,100.7,100.8,107.1,L,1,1,0,0,0,0,0,0,0,1,0,0,0,0,0,0,0,0.4875,1.73,0,0,0,0,1,0,0.1956521739130435,0.40625,0.7608695652173914,0.171875,0.15625,0.2608695652173913,0.0625,0.0,0.08695652173913043,1.4,0.7333333333333333,0.4444444444444444,0.19444444444444445,0.19444444444444445,0.4722222222222222,0.05555555555555555,0.34233214285714286,0.8656083333333333,0.14285714285714285,0.21052631578947367,0.3192708333333333,0.6771458333333338,0.24444444444444444,0.5333333333333333,0.13846153846153847,0.3148148148148148,0.5,0.1111111111111111,0.6933333333333334,0.25263157894736843,0.515,0.225,0.358974358974359,0.3141025641025641,0.03205128205128205,11.013157894736842,1.5986842105263157,8.526315789473685,0.20425531914893616,0.5786358649961205,0.14223705858129154,0.5786358649961205,0.1956521739130435,,0.5,,,,,False,,1.5,,,,,False,
703492,Nick Morabito,NYM,TB,0,9.0,1,642547,Freddy Peralta,R,822929,6:40 PM ET,Tropicana Field,1,1,0.23290203327171904,2026-09-01,822929,1.0,0,100.7,100.8,107.1,R,4,4,0,0,0,0,0,0,0,3,0,1,0,1,0,0,1,0.431,0.693,0,0,0,0,1,1,,,,,,,,,,,,,,,,,,,0.0,0.6666666666666666,,,,,,,,,0.6933333333333334,0.25263157894736843,0.515,0.225,0.358974358974359,0.3141025641025641,0.03205128205128205,11.013157894736842,1.5986842105263157,8.526315789473685,0.20425531914893616,0.0691609977324263,0.005537561184042362,0.0691609977324263,,,0.5,,,,,False,,1.5,,,,,False,
682657,Angel Martínez,CLE,TOR,1,6.0,1,693686,Spencer Miles,R,824391,6:40 PM ET,Progressive Field,0,1,0.18006993006993008,2026-09-01,824391,0.0,0,96.8,95.8,102.3,L,2,2,1,0,0,0,0,0,0,0,1,2,0,0,1,0,1,0.504,0.5595,1,0,1,0,0,0,0.2222222222222222,0.28205128205128205,0.8333333333333334,0.15384615384615385,0.26666666666666666,0.05555555555555555,0.0,0.05128205128205128,0.05555555555555555,0.6666666666666666,0.4,0.3333333333333333,0.16666666666666666,0.4666666666666667,0.26666666666666666,0.0,0.3398333333333334,0.3883571428571428,0.16666666666666666,0.07142857142857142,0.36863333333333326,0.42150000000000015,0.24561403508771928,0.3333333333333333,0.25,0.25,0.46153846153846156,0.18518518518518517,0.8571428571428571,0.275,0.4,0.125,0.4444444444444444,0.2222222222222222,0.0,7.662162162162161,0.7297297297297296,8.756756756756756,0.23529411764705882,0.5545599139216449,0.13398467041136233,0.5545599139216449,0.2222222222222222,,0.5,,,,,False,,1.5,,,,,False,
677587,Brayan Rocchio,CLE,TOR,1,9.0,1,693686,Spencer Miles,R,824391,6:40 PM ET,Progressive Field,0,1,0.18006993006993008,2026-09-01,824391,0.0,0,96.8,95.8,102.3,L,3,3,1,0,0,0,0,0,0,0,1,3,0,2,0,1,2,0.541,0.6846666666666668,1,0,1,0,0,0,0.18181818181818182,0.17647058823529413,0.8181818181818182,0.17647058823529413,0.21428571428571427,0.030303030303030304,0.0,0.029411764705882353,0.030303030303030304,0.4666666666666667,0.4,0.32142857142857145,0.35714285714285715,0.2857142857142857,0.2857142857142857,0.0,0.26575,0.33725,0.3,0.2,0.23695833333333335,0.27966666666666673,0.18181818181818182,0.2909090909090909,0.15254237288135594,0.21428571428571427,0.30357142857142855,0.2,0.8571428571428571,0.275,0.4,0.125,0.4444444444444444,0.2222222222222222,0.0,7.662162162162161,0.7297297297297296,8.756756756756756,0.23529411764705882,0.3045306175308355,0.049215831223410535,0.3045306175308355,0.18181818181818182,,0.5,,,,,False,,1.5,,,,,False,
800050,Chase DeLauter,CLE,TOR,1,2.0,1,693686,Spencer Miles,R,824391,6:40 PM ET,Progressive Field,0,1,0.18006993006993008,2026-09-01,824391,0.0,0,96.8,95.8,102.3,L,4,4,4,2,0,0,0,0,0,0,6,4,0,4,0,1,3,0.6214999999999999,0.7685000000000001,1,1,1,1,0,0,0.3269230769230769,0.38596491228070173,0.7884615384615384,0.19298245614035087,0.4,0.15384615384615385,0.017543859649122806,0.017543859649122806,0.07692307692307693,1.6666666666666667,0.7333333333333333,0.4146341463414634,0.14634146341463414,0.5365853658536586,0.21951219512195122,0.024390243902439025,0.25228333333333336,0.33581071428571424,0.35714285714285715,0.3333333333333333,0.25175,0.30674999999999997,0.38461538461538464,0.5384615384615384,0.1896551724137931,0.3050847457627119,0.3898305084745763,0.16666666666666666,0.8571428571428571,0.275,0.4,0.125,0.4444444444444444,0.2222222222222222,0.0,7.662162162162161,0.7297297297297296,8.756756756756756,0.23529411764705882,0.5943656516118081,0.2193505447732738,0.5943656516118081,0.3269230769230769,,0.5,,,,,False,,1.5,,,,,False,
666176,Jo Adell,CLE,TOR,1,4.0,1,693686,Spencer Miles,R,824391,6:40 PM ET,Progressive Field,1,1,0.18006993006993008,2026-09-01,824391,0.0,0,96.8,95.8,102.3,R,5,4,3,1,0,0,1,0,0,0,4,4,0,0,1,0,3,0.54425,0.6597500000000001,1,1,1,1,0,0,0.24561403508771928,0.29508196721311475,0.7192982456140351,0.25806451612903225,0.2894736842105263,0.21052631578947367,0.04838709677419355,0.04838709677419355,0.10526315789473684,1.7333333333333334,1.0666666666666667,0.5121951219512195,0.1951219512195122,0.4878048780487805,0.24390243902439024,0.04878048780487805,0.39821904761904764,0.7172845238095239,0.10526315789473684,0.21739130434782608,0.24608333333333343,0.34763333333333335,0.20754716981132076,0.37735849056603776,0.31746031746031744,0.2982456140350877,0.6491228070175439,0.2459016393442623,0.8571428571428571,0.275,0.4,0.125,0.4444444444444444,0.2222222222222222,0.0,7.662162162162161,0.7297297297297296,8.756756756756756,0.23529411764705882,0.5843355488055512,0.17836460256778153,0.5843355488055512,0.24561403508771928,,0.5,,,,,False,,1.5,,,,,False,
608070,José Ramírez,CLE,TOR,1,3.0,1,693686,Spencer Miles,R,824391,6:40 PM ET,Progressive Field,0,1,0.18006993006993008,2026-09-01,824391,0.0,0,96.8,95.8,102.3,L,4,2,1,0,0,1,1,0,1,0,4,3,0,2,1,1,1,0.1795,0.5635,1,0,1,1,0,0,0.2558139534883721,0.2727272727272727,0.7441860465116279,0.25,0.34375,0.11627906976744186,0.0,0.11363636363636363,0.11627906976744186,1.0666666666666667,0.7333333333333333,0.4375,0.34375,0.3125,0.21875,0.0,0.3233095238095238,0.43441666666666673,0.2857142857142857,0.2,0.26676666666666665,0.3627333333333337,0.23728813559322035,0.3050847457627119,0.19696969696969696,0.3673469387755102,0.5306122448979592,0.03225806451612903,0.8571428571428571,0.275,0.4,0.125,0.4444444444444444,0.2222222222222222,0.0,7.662162162162161,0.7297297297297296,8.756756756756756,0.23529411764705882,0.5507025962250668,0.19679763412613574,0.5507025962250668,0.2558139534883721,,0.5,,,,,False,,1.5,,,,,False,
663993,Nathaniel Lowe,CLE,TOR,1,5.0,1,693686,Spencer Miles,R,824391,6:40 PM ET,Progressive Field,0,1,0.18006993006993008,2026-09-01,824391,0.0,0,96.8,95.8,102.3,L,5,4,1,0,0,1,0,0,1,0,4,5,1,1,3,2,0,0.1775,0.5802499999999999,1,0,1,1,0,0,0.21818181818181817,0.25,0.7818181818181819,0.2,0.25,0.10909090909090909,0.016666666666666666,0.05,0.07272727272727272,1.2,0.8,0.35555555555555557,0.2,0.4444444444444444,0.26666666666666666,0.0,0.3010788888888889,0.3765966666666667,0.16666666666666666,0.35,0.3837999999999998,0.4429,0.21818181818181817,0.32727272727272727,0.2,0.17391304347826086,0.43478260869565216,0.16,0.8571428571428571,0.275,0.4,0.125,0.4444444444444444,0.2222222222222222,0.0,7.662162162162161,0.7297297297297296,8.756756756756756,0.23529411764705882,0.6042072791652887,0.1947024946218888,0.6042072791652887,0.21818181818181817,,0.5,,,,,False,,1.5,,,,,False,
672275,Patrick Bailey,CLE,TOR,1,8.0,1,693686,Spencer Miles,R,824391,6:40 PM ET,Progressive Field,0,1,0.18006993006993008,2026-09-01,824391,0.0,0,96.8,95.8,102.3,L,3,3,2,0,0,0,0,0,0,0,2,3,0,1,0,1,2,0.6996666666666668,0.8543333333333333,1,1,1,1,0,0,0.2,0.38461538461538464,0.7,0.23076923076923078,0.25,0.16666666666666666,0.02564102564102564,0.05128205128205128,0.1,0.7333333333333333,0.6,0.5238095238095238,0.3333333333333333,0.38095238095238093,0.2857142857142857,0.0,0.47076666666666667,0.7990166666666665,0.3333333333333333,0.21428571428571427,0.501,1.341833333333333,0.1956521739130435,0.3695652173913043,0.25,0.14634146341463414,0.17073170731707318,0.2826086956521739,0.8571428571428571,0.275,0.4,0.125,0.4444444444444444,0.2222222222222222,0.0,7.662162162162161,0.7297297297297296,8.756756756756756,0.23529411764705882,0.4726148288394662,0.1156298477609032,0.4726148288394662,0.2,,0.5,,,,,False,,1.5,,,,,False,
680757,Steven Kwan,CLE,TOR,1,1.0,1,693686,Spencer Miles,R,824391,6:40 PM ET,Progressive Field,0,1,0.18006993006993008,2026-09-01,824391,0.0,0,96.8,95.8,102.3,L,4,3,2,1,0,0,1,0,0,0,3,3,0,0,1,1,1,0.11333333333333334,0.157,1,1,1,1,0,0,0.3,0.4084507042253521,0.9,0.08450704225352113,0.3333333333333333,0.03333333333333333,0.0,0.028169014084507043,0.03333333333333333,1.3333333333333333,0.4,0.12962962962962962,0.2222222222222222,0.5370370370370371,0.2222222222222222,0.0,0.2524433333333333,0.3192222222222222,0.43478260869565216,0.125,0.30103333333333326,0.39729999999999993,0.31746031746031744,0.38095238095238093,0.06756756756756757,0.32727272727272727,0.38181818181818183,0.15625,0.8571428571428571,0.275,0.4,0.125,0.4444444444444444,0.2222222222222222,0.0,7.662162162162161,0.7297297297297296,8.756756756756756,0.23529411764705882,0.6209243450494839,0.22923024755616686,0.6209243450494839,0.3,,0.5,,,,,False,,1.5,,,,,False,
683953,Travis Bazzana,CLE,TOR,1,7.0,1,693686,Spencer Miles,R,824391,6:40 PM ET,Progressive Field,0,1,0.18006993006993008,2026-09-01,824391,0.0,0,96.8,95.8,102.3,L,4,4,0,0,0,0,0,0,0,1,0,3,0,1,1,2,0,0.18933333333333335,0.208,0,0,0,0,1,0,0.2222222222222222,0.2903225806451613,0.8333333333333334,0.14516129032258066,0.2553191489361702,0.037037037037037035,0.0,0.03225806451612903,0.037037037037037035,0.9333333333333333,0.6,0.3191489361702128,0.2553191489361702,0.425531914893617,0.2127659574468085,0.0,0.27392444444444447,0.36789444444444447,0.2222222222222222,0.17391304347826086,0.21598333333333333,0.2612333333333333,0.24074074074074073,0.2777777777777778,0.16129032258064516,0.18867924528301888,0.24528301886792453,0.21875,0.8571428571428571,0.275,0.4,0.125,0.4444444444444444,0.2222222222222222,0.0,7.662162162162161,0.7297297297297296,8.756756756756756,0.23529411764705882,0.5654323794601207,0.14899884629321195,0.5654323794601207,0.2222222222222222,,0.5,,,,,False,,1.5,,,,,False,
672386,Alejandro Kirk,TOR,CLE,0,2.0,1,668909,Gavin Williams,R,824391,6:40 PM ET,Progressive Field,1,1,0.1711229946524064,2026-09-01,824391,0.0,0,96.8,95.8,102.3,R,4,4,2,0,0,1,0,0,0,0,5,4,1,2,3,1,0,0.24175000000000002,0.57325,1,1,1,1,0,0,0.32727272727272727,0.421875,0.9090909090909091,0.078125,0.3191489361702128,0.2,0.046875,0.03125,0.09090909090909091,1.9333333333333333,0.3333333333333333,0.48,0.34,0.5,0.14,0.0,0.34373444444444445,0.47038888888888886,0.16666666666666666,0.16666666666666666,0.4112,0.5548999999999998,0.32142857142857145,0.625,0.0625,0.35294117647058826,0.35294117647058826,0.11864406779661017,0.5344827586206896,0.15270935960591134,0.3474178403755869,0.15492957746478872,0.3951612903225806,0.29838709677419356,0.04032258064516129,9.0,1.263157894736842,9.947368421052632,0.2669491525423729,0.6558159750505103,0.2190390695741843,0.6558159750505103,0.32727272727272727,,0.5,,,,,False,,1.5,,,,,False,
665926,Andrés Giménez,TOR,CLE,0,7.0,1,668909,Gavin Williams,R,824391,6:40 PM ET,Progressive Field,0,1,0.1711229946524064,2026-09-01,824391,0.0,0,96.8,95.8,102.3,L,4,4,1,0,0,0,0,0,0,1,1,3,0,1,1,1,1,0.23066666666666666,0.318,1,0,1,0,1,0,0.2777777777777778,0.3220338983050847,0.7777777777777778,0.2033898305084746,0.3488372093023256,0.05555555555555555,0.0,0.05084745762711865,0.05555555555555555,1.2,0.8,0.3023255813953488,0.18604651162790697,0.4418604651162791,0.27906976744186046,0.023255813953488372,0.31078000000000006,0.4551044444444444,0.25,0.058823529411764705,0.22363333333333335,0.4079,0.2830188679245283,0.41509433962264153,0.13793103448275862,0.32075471698113206,0.4339622641509434,0.23728813559322035,0.5344827586206896,0.15270935960591134,0.3474178403755869,0.15492957746478872,0.3951612903225806,0.29838709677419356,0.04032258064516129,9.0,1.263157894736842,9.947368421052632,0.2669491525423729,0.5711482666626063,0.17296600097489298,0.5711482666626063,0.2777777777777778,,0.5,,,,,False,,1.5,,,,,False,
703520,Brett Bateman,TOR,CLE,0,1.0,1,668909,Gavin Williams,R,824391,6:40 PM ET,Progressive Field,0,1,0.1711229946524064,2026-09-01,824391,0.0,0,96.8,95.8,102.3,L,5,2,1,1,0,0,2,0,0,1,2,2,0,0,0,1,1,0.883,1.024,1,0,1,1,1,0,0.3548387096774194,0.3787878787878788,0.7741935483870968,0.208955223880597,0.4489795918367347,0.06451612903225806,0.0,0.029850746268656716,0.04838709677419355,1.7333333333333334,0.9333333333333333,0.18,0.22,0.7,0.06,0.0,0.29084,0.3392411111111111,0.35,0.3181818181818182,0.2545166666666666,0.29568333333333335,0.38,0.46,0.18181818181818182,0.21739130434782608,0.2608695652173913,0.2916666666666667,0.5344827586206896,0.15270935960591134,0.3474178403755869,0.15492957746478872,0.3951612903225806,0.29838709677419356,0.04032258064516129,9.0,1.263157894736842,9.947368421052632,0.2669491525423729,0.6001681742588492,0.1822158885629226,0.6001681742588492,0.3548387096774194,,0.5,,,,,False,,1.5,,,,,False,
676391,Ernie Clement,TOR,CLE,0,8.0,1,668909,Gavin Williams,R,824391,6:40 PM ET,Progressive Field,1,1,0.1711229946524064,2026-09-01,824391,0.0,0,96.8,95.8,102.3,R,1,1,0,0,0,0,0,0,0,0,0,1,0,0,0,1,0,0.04,0.044,0,0,0,0,0,0,0.24074074074074073,0.27586206896551724,0.8888888888888888,0.10344827586206896,0.2653061224489796,0.018518518518518517,0.0,0.017241379310344827,0.018518518518518517,0.9333333333333333,0.4,0.14285714285714285,0.2857142857142857,0.42857142857142855,0.1836734693877551,0.0,0.30616888888888893,0.3624177777777778,0.10526315789473684,0.21052631578947367,0.23899999999999996,0.2938333333333333,0.22413793103448276,0.25862068965517243,0.15,0.18518518518518517,0.2777777777777778,0.05084745762711865,0.5344827586206896,0.15270935960591134,0.3474178403755869,0.15492957746478872,0.3951612903225806,0.29838709677419356,0.04032258064516129,9.0,1.263157894736842,9.947368421052632,0.2669491525423729,0.5009135131157985,0.2051308861509744,0.5009135131157985,0.24074074074074073,,0.5,,,,,False,,1.5,,,,,False,
543807,George Springer,TOR,CLE,0,4.0,1,668909,Gavin Williams,R,824391,6:40 PM ET,Progressive Field,1,1,0.1711229946524064,2026-09-01,824391,0.0,0,96.8,95.8,102.3,R,4,4,2,1,0,0,0,0,0,2,3,2,0,0,0,1,1,0.524,0.6145,1,1,1,1,1,1,0.3695652173913043,0.4,0.8260869565217391,0.16,0.40540540540540543,0.21739130434782608,0.04,0.08,0.13043478260869565,1.8,0.5333333333333333,0.28205128205128205,0.28205128205128205,0.48717948717948717,0.1794871794871795,0.05128205128205128,0.2922910256410256,0.41284871794871797,0.5333333333333333,0.058823529411764705,0.2867666666666667,0.5192666666666668,0.36363636363636365,0.5636363636363636,0.1774193548387097,0.24489795918367346,0.3877551020408163,0.11320754716981132,0.5344827586206896,0.15270935960591134,0.3474178403755869,0.15492957746478872,0.3951612903225806,0.29838709677419356,0.04032258064516129,9.0,1.263157894736842,9.947368421052632,0.2669491525423729,0.5984915178941946,0.19458137784454888,0.5984915178941946,0.3695652173913043,,0.5,,,,,False,,1.5,,,,,False,
672960,Kazuma Okamoto,TOR,CLE,0,6.0,1,668909,Gavin Williams,R,824391,6:40 PM ET,Progressive Field,1,1,0.1711229946524064,2026-09-01,824391,0.0,0,96.8,95.8,102.3,R,4,3,1,0,0,1,1,0,0,0,4,3,0,2,1,2,0,0.32,1.055,1,0,1,1,0,0,0.24528301886792453,0.31666666666666665,0.7735849056603774,0.2,0.2564102564102564,0.2641509433962264,0.05,0.08333333333333333,0.1509433962264151,1.8,0.8,0.38095238095238093,0.23809523809523808,0.23809523809523808,0.38095238095238093,0.09523809523809523,0.31424444444444444,0.6601944444444444,0.21428571428571427,0.15789473684210525,0.15036666666666662,0.3642500000000001,0.22807017543859648,0.43859649122807015,0.27419354838709675,0.18181818181818182,0.41818181818181815,0.2903225806451613,0.5344827586206896,0.15270935960591134,0.3474178403755869,0.15492957746478872,0.3951612903225806,0.29838709677419356,0.04032258064516129,9.0,1.263157894736842,9.947368421052632,0.2669491525423729,0.49648273821231337,0.1809005832632908,0.49648273821231337,0.24528301886792453,,0.5,,,,,False,,1.5,,,,,False,
664702,Myles Straw,TOR,CLE,0,9.0,1,668909,Gavin Williams,R,824391,6:40 PM ET,Progressive Field,1,1,0.1711229946524064,2026-09-01,824391,0.0,0,96.8,95.8,102.3,R,4,3,1,0,0,0,1,0,0,0,1,3,0,0,2,0,1,0.33866666666666667,0.37400000000000005,1,0,1,0,0,0,0.28205128205128205,0.36363636363636365,0.8461538461538461,0.13636363636363635,0.3333333333333333,0.15384615384615385,0.0,0.13636363636363635,0.15384615384615385,1.1333333333333333,0.4,0.30303030303030304,0.21212121212121213,0.42424242424242425,0.18181818181818182,0.030303030303030304,0.2415111111111111,0.3482444444444444,0.5,0.14285714285714285,0.34586666666666666,0.5064,0.22857142857142856,0.4,0.10256410256410256,0.23404255319148937,0.3829787234042553,0.18,0.5344827586206896,0.15270935960591134,0.3474178403755869,0.15492957746478872,0.3951612903225806,0.29838709677419356,0.04032258064516129,9.0,1.263157894736842,9.947368421052632,0.2669491525423729,0.32322989859776596,0.07842597985288725,0.32322989859776596,0.28205128205128205,,0.5,,,,,False,,1.5,,,,,False,
664770,Nathan Lukes,TOR,CLE,0,5.0,1,668909,Gavin Williams,R,824391,6:40 PM ET,Progressive Field,0,1,0.1711229946524064,2026-09-01,824391,0.0,0,96.8,95.8,102.3,L,4,3,1,0,0,0,0,1,0,1,1,2,0,1,0,2,0,0.193,0.217,1,0,1,0,1,0,0.25,0.3018867924528302,0.8125,0.16071428571428573,0.2222222222222222,0.25,0.07142857142857142,0.0,0.08333333333333333,1.6,0.6,0.27906976744186046,0.23255813953488372,0.5116279069767442,0.2558139534883721,0.046511627906976744,0.3357111111111111,0.5694666666666667,0.3333333333333333,0.058823529411764705,0.30060000000000003,0.5342333333333333,0.2692307692307692,0.5,0.13559322033898305,0.2127659574468085,0.2765957446808511,0.21818181818181817,0.5344827586206896,0.15270935960591134,0.3474178403755869,0.15492957746478872,0.3951612903225806,0.29838709677419356,0.04032258064516129,9.0,1.263157894736842,9.947368421052632,0.2669491525423729,0.6172577639836242,0.17922121889070505,0.6172577639836242,0.25,,0.5,,,,,False,,1.5,,,,,False,
665489,Vladimir Guerrero Jr.,TOR,CLE,0,3.0,1,668909,Gavin Williams,R,824391,6:40 PM ET,Progressive Field,1,1,0.1711229946524064,2026-09-01,824391,0.0,0,96.8,95.8,102.3,R,5,5,1,1,0,0,0,0,0,0,2,5,0,2,0,2,0,0.1382,0.14479999999999998,1,0,1,1,0,0,0.23728813559322035,0.2857142857142857,0.9322033898305084,0.06349206349206349,0.24074074074074073,0.1016949152542373,0.015873015873015872,0.047619047619047616,0.06779661016949153,1.3333333333333333,0.26666666666666666,0.36363636363636365,0.23636363636363636,0.4727272727272727,0.23636363636363636,0.0,0.28724222222222223,0.3946266666666666,0.16666666666666666,0.05,0.28074999999999994,0.36410000000000026,0.2631578947368421,0.38596491228070173,0.06666666666666667,0.22580645161290322,0.25806451612903225,0.203125,0.5344827586206896,0.15270935960591134,0.3474178403755869,0.15492957746478872,0.3951612903225806,0.29838709677419356,0.04032258064516129,9.0,1.263157894736842,9.947368421052632,0.2669491525423729,0.6392282473909419,0.21417331015227284,0.6392282473909419,0.23728813559322035,,0.5,,,,,False,,1.5,,,,,False,
702332,Caleb Durbin,BOS,SEA,1,6.0,1,693433,Bryan Woo,R,824716,6:45 PM ET,Fenway Park,1,1,0.18588640275387264,2026-09-01,824716,,0,102.5,97.9,86.2,R,5,2,1,0,0,0,2,0,0,0,1,3,0,0,0,2,1,0.4455,0.496,1,0,1,0,0,0,0.2549019607843137,0.3389830508474576,0.8431372549019608,0.13559322033898305,0.29545454545454547,0.0,0.0,0.0,0.0,0.8666666666666667,0.5333333333333333,0.20454545454545456,0.22727272727272727,0.38636363636363635,0.29545454545454547,0.0,0.30498888888888886,0.35597222222222225,0.1875,0.2631578947368421,0.4203,0.49905,0.2909090909090909,0.34545454545454546,0.1111111111111111,0.22,0.3,0.1724137931034483,0.6723404255319149,0.215311004784689,0.39069767441860465,0.15348837209302327,0.3987341772151899,0.25949367088607594,0.02531645569620253,6.942857142857142,0.46285714285714286,10.491428571428571,0.2918454935622318,0.6095421327011082,0.26517778382699625,0.6095421327011082,0.2549019607843137,,0.5,,,,,False,,1.5,,,,,False,
678882,Ceddanne Rafaela,BOS,SEA,1,3.0,1,693433,Bryan Woo,R,824716,6:45 PM ET,Fenway Park,1,1,0.18588640275387264,2026-09-01,824716,,0,102.5,97.9,86.2,R,5,4,2,0,0,0,0,0,1,1,2,4,0,1,1,3,0,0.302,0.34299999999999997,1,1,1,1,1,0,0.23880597014925373,0.2608695652173913,0.7761194029850746,0.21739130434782608,0.3076923076923077,0.05970149253731343,0.0,0.057971014492753624,0.05970149253731343,1.3333333333333333,1.0,0.2692307692307692,0.15384615384615385,0.5384615384615384,0.28846153846153844,0.0,0.31247777777777774,0.4100322222222223,0.14285714285714285,0.19047619047619047,0.28126999999999996,0.32190666666666673,0.24242424242424243,0.3484848484848485,0.24285714285714285,0.3283582089552239,0.5074626865671642,0.22058823529411764,0.6723404255319149,0.215311004784689,0.39069767441860465,0.15348837209302327,0.3987341772151899,0.25949367088607594,0.02531645569620253,6.942857142857142,0.46285714285714286,10.491428571428571,0.2918454935622318,0.6429313317728272,0.2592843566054472,0.6429313317728272,0.23880597014925373,,0.5,,,,,False,,1.5,,,,,False,
657136,Connor Wong,BOS,SEA,1,9.0,1,693433,Bryan Woo,R,824716,6:45 PM ET,Fenway Park,1,1,0.18588640275387264,2026-09-01,824716,,0,102.5,97.9,86.2,R,4,4,1,0,0,0,0,0,0,1,1,3,0,0,0,2,0,0.08633333333333333,0.09266666666666667,1,0,1,0,1,0,0.18,0.22641509433962265,0.74,0.24074074074074073,0.2,0.16,0.037037037037037035,0.037037037037037035,0.08,1.1333333333333333,0.8666666666666667,0.35135135135135137,0.13513513513513514,0.4594594594594595,0.2972972972972973,0.02702702702702703,0.31886111111111115,0.5013055555555556,0.2222222222222222,0.21052631578947367,0.3133666666666667,0.4088,0.16,0.32,0.2962962962962963,0.34146341463414637,0.5121951219512195,0.2127659574468085,0.6723404255319149,0.215311004784689,0.39069767441860465,0.15348837209302327,0.3987341772151899,0.25949367088607594,0.02531645569620253,6.942857142857142,0.46285714285714286,10.491428571428571,0.2918454935622318,0.44589546299854294,0.13753122514755875,0.44589546299854294,0.18,,0.5,,,,,False,,1.5,,,,,False,
680776,Jarren Duran,BOS,SEA,1,7.0,1,693433,Bryan Woo,R,824716,6:45 PM ET,Fenway Park,0,1,0.18588640275387264,2026-09-01,824716,,0,102.5,97.9,86.2,L,5,4,1,0,0,1,1,0,0,0,4,4,1,1,2,1,0,0.327,1.0875,1,0,1,1,0,0,0.24,0.2830188679245283,0.74,0.24528301886792453,0.2857142857142857,0.18,0.03773584905660377,0.018867924528301886,0.08,1.4,0.8666666666666667,0.5135135135135135,0.21621621621621623,0.43243243243243246,0.24324324324324326,0.0,0.3399238095238096,0.5234333333333333,0.125,0.1875,0.34466666666666673,0.696,0.24,0.42,0.24528301886792453,0.1864406779661017,0.2542372881355932,0.29850746268656714,0.6723404255319149,0.215311004784689,0.39069767441860465,0.15348837209302327,0.3987341772151899,0.25949367088607594,0.02531645569620253,6.942857142857142,0.46285714285714286,10.491428571428571,0.2918454935622318,0.6059481702289375,0.23967791255237314,0.6059481702289375,0.24,,0.5,,,,,False,,1.5,,,,,False,
681508,Mickey Gasper,BOS,SEA,1,2.0,1,693433,Bryan Woo,R,824716,6:45 PM ET,Fenway Park,0,1,0.18588640275387264,2026-09-01,824716,,0,102.5,97.9,86.2,L,4,4,1,0,0,1,0,0,0,1,4,3,0,1,2,0,0,0.26866666666666666,0.7416666666666666,1,0,1,1,1,0,0.3793103448275862,0.55,0.9655172413793104,0.025,0.2608695652173913,0.6206896551724138,0.125,0.075,0.27586206896551724,1.9333333333333333,0.06666666666666667,0.39285714285714285,0.17857142857142858,0.5,0.32142857142857145,0.10714285714285714,0.42258333333333337,0.8659880952380952,0.42857142857142855,0.0,0.4695416666666667,1.0232916666666667,0.3333333333333333,0.8333333333333334,0.04081632653061224,0.13157894736842105,0.13157894736842105,0.23255813953488372,0.6723404255319149,0.215311004784689,0.39069767441860465,0.15348837209302327,0.3987341772151899,0.25949367088607594,0.02531645569620253,6.942857142857142,0.46285714285714286,10.491428571428571,0.2918454935622318,0.568047069284341,0.16254974412639198,0.568047069284341,0.3793103448275862,,0.5,,,,,False,,1.5,,,,,False,
686765,Nick Sogard,BOS,SEA,1,5.0,1,693433,Bryan Woo,R,824716,6:45 PM ET,Fenway Park,0,1,0.18588640275387264,2026-09-01,824716,,0,102.5,97.9,86.2,L,6,4,2,1,0,0,0,0,0,0,3,5,0,2,1,1,3,0.567,0.72375,1,1,1,1,0,0,0.2564102564102564,0.3409090909090909,0.717948717948718,0.25,0.3076923076923077,0.23076923076923078,0.045454545454545456,0.06818181818181818,0.1282051282051282,1.2666666666666666,0.7333333333333333,0.35714285714285715,0.21428571428571427,0.42857142857142855,0.21428571428571427,0.03571428571428571,0.34458333333333335,0.5942261904761905,0.3333333333333333,0.3333333333333333,0.45587500000000003,0.69575,0.27586206896551724,0.5,0.25,0.34,0.44,0.26785714285714285,0.6723404255319149,0.215311004784689,0.39069767441860465,0.15348837209302327,0.3987341772151899,0.25949367088607594,0.02531645569620253,6.942857142857142,0.46285714285714286,10.491428571428571,0.2918454935622318,0.5752862955623278,0.20317593039361978,0.5752862955623278,0.2564102564102564,,0.5,,,,,False,,1.5,,,,,False,
701350,Roman Anthony,BOS,SEA,1,1.0,1,693433,Bryan Woo,R,824716,6:45 PM ET,Fenway Park,0,1,0.18588640275387264,2026-09-01,824716,,0,102.5,97.9,86.2,L,5,4,2,1,1,0,1,0,0,0,5,4,0,3,0,2,2,0.5369999999999999,0.68175,1,1,1,1,0,0,0.25,0.38095238095238093,0.7307692307692307,0.2222222222222222,0.34210526315789475,0.057692307692307696,0.0,0.047619047619047616,0.057692307692307696,1.0666666666666667,0.9333333333333333,0.5,0.3157894736842105,0.5,0.18421052631578946,0.02631578947368421,0.3648344444444445,0.4948066666666667,0.4117647058823529,0.05263157894736842,0.35527,0.5914200000000001,0.2727272727272727,0.36363636363636365,0.19117647058823528,0.3269230769230769,0.4230769230769231,0.3387096774193548,0.6723404255319149,0.215311004784689,0.39069767441860465,0.15348837209302327,0.3987341772151899,0.25949367088607594,0.02531645569620253,6.942857142857142,0.46285714285714286,10.491428571428571,0.2918454935622318,0.644455310680074,0.24869817830793065,0.644455310680074,0.25,,0.5,,,,,False,,1.5,,,,,False,
596115,Trevor Story,BOS,SEA,1,8.0,1,693433,Bryan Woo,R,824716,6:45 PM ET,Fenway Park,1,1,0.18588640275387264,2026-09-01,824716,,0,102.5,97.9,86.2,R,5,5,2,1,0,0,0,0,0,1,3,4,0,1,2,0,1,0.1565,0.32725,1,1,1,1,1,0,0.24561403508771928,0.2833333333333333,0.631578947368421,0.35,0.37142857142857144,0.10526315789473684,0.016666666666666666,0.05,0.07017543859649122,1.3333333333333333,1.4,0.3611111111111111,0.16666666666666666,0.4722222222222222,0.19444444444444445,0.027777777777777776,0.27978333333333333,0.42283333333333334,0.35294117647058826,0.3333333333333333,0.2802666666666667,0.5965999999999999,0.25862068965517243,0.3448275862068966,0.3333333333333333,0.2631578947368421,0.3333333333333333,0.3064516129032258,0.6723404255319149,0.215311004784689,0.39069767441860465,0.15348837209302327,0.3987341772151899,0.25949367088607594,0.02531645569620253,6.942857142857142,0.46285714285714286,10.491428571428571,0.2918454935622318,0.5469485255230621,0.18046927052133344,0.5469485255230621,0.24561403508771928,,0.5,,,,,False,,1.5,,,,,False,
677800,Wilyer Abreu,BOS,SEA,1,4.0,1,693433,Bryan Woo,R,824716,6:45 PM ET,Fenway Park,0,1,0.18588640275387264,2026-09-01,824716,,0,102.5,97.9,86.2,L,5,5,0,0,0,0,0,0,0,2,0,3,0,1,1,1,0,0.065,0.07633333333333332,0,0,0,0,1,1,0.27586206896551724,0.373134328358209,0.7586206896551724,0.20588235294117646,0.3333333333333333,0.2413793103448276,0.029411764705882353,0.08823529411764706,0.15517241379310345,2.0,0.9333333333333333,0.45454545454545453,0.22727272727272727,0.4090909090909091,0.2727272727272727,0.022727272727272728,0.31281666666666663,0.5667888888888889,0.35294117647058826,0.09523809523809523,0.3138000000000001,0.4543500000000001,0.3157894736842105,0.5789473684210527,0.17647058823529413,0.18518518518518517,0.3888888888888889,0.18181818181818182,0.6723404255319149,0.215311004784689,0.39069767441860465,0.15348837209302327,0.3987341772151899,0.25949367088607594,0.02531645569620253,6.942857142857142,0.46285714285714286,10.491428571428571,0.2918454935622318,0.6566626476688062,0.26520657967949496,0.6566626476688062,0.27586206896551724,,0.5,,,,,False,,1.5,,,,,False,
801126,Brock Rodden,SEA,BOS,0,9.0,1,699151,Jedixson Paez,R,824716,6:45 PM ET,Fenway Park,0,1,0.2674825174825175,2026-09-01,824716,,0,102.5,97.9,86.2,L,2,2,0,0,0,0,0,0,0,0,0,2,0,1,2,0,0,0.0125,0.0295,0,0,0,0,0,0,0.14705882352941177,0.2564102564102564,0.6470588235294118,0.3076923076923077,0.22727272727272727,0.08823529411764706,0.0,0.02564102564102564,0.058823529411764705,0.5333333333333333,0.8,0.36363636363636365,0.09090909090909091,0.45454545454545453,0.4090909090909091,0.0,0.21108333333333337,0.3620555555555555,0.0,0.25,0.10716666666666666,0.13586666666666666,0.18421052631578946,0.2894736842105263,0.32608695652173914,0.2,0.2,0.2,0.7419354838709677,0.2,0.4230769230769231,0.19230769230769232,0.34782608695652173,0.30434782608695654,0.0,,,,,0.46602220101146213,0.03811230996837057,0.46602220101146213,0.14705882352941177,,0.5,,,,,False,,1.5,,,,,False,
663728,Cal Raleigh,SEA,BOS,0,4.0,1,699151,Jedixson Paez,R,824716,6:45 PM ET,Fenway Park,1,1,0.2674825174825175,2026-09-01,824716,,0,102.5,97.9,86.2,R,5,5,1,0,0,1,0,0,0,1,4,4,0,2,2,1,1,0.22625,0.34875,1,0,1,1,1,0,0.3448275862068966,0.45714285714285713,0.6551724137931034,0.2857142857142857,0.3076923076923077,0.6551724137931034,0.17142857142857143,0.02857142857142857,0.2413793103448276,1.9333333333333333,0.6666666666666666,0.6842105263157895,0.15789473684210525,0.3157894736842105,0.42105263157894735,0.10526315789473684,0.4477727272727272,1.2273636363636364,0.3333333333333333,0.36363636363636365,0.5406666666666666,1.626166666666667,0.23404255319148937,0.7021276595744681,0.26666666666666666,0.13043478260869565,0.2608695652173913,0.36363636363636365,0.7419354838709677,0.2,0.4230769230769231,0.19230769230769232,0.34782608695652173,0.30434782608695654,0.0,,,,,0.5473566470664138,0.18204399008547936,0.5473566470664138,0.3448275862068966,,0.5,,,,,False,,1.5,,,,,False,
702284,Cole Young,SEA,BOS,0,6.0,1,699151,Jedixson Paez,R,824716,6:45 PM ET,Fenway Park,0,1,0.2674825174825175,2026-09-01,824716,,0,102.5,97.9,86.2,L,5,4,0,0,0,0,0,1,0,1,0,3,0,0,0,3,0,0.09566666666666668,0.114,0,0,0,0,1,0,0.1111111111111111,0.2,0.7592592592592593,0.21666666666666667,0.10256410256410256,0.12962962962962962,0.03333333333333333,0.016666666666666666,0.05555555555555555,0.8666666666666667,0.8666666666666667,0.24390243902439024,0.12195121951219512,0.4878048780487805,0.21951219512195122,0.0,0.1829422222222222,0.24576333333333336,0.11764705882352941,0.10526315789473684,0.1518,0.22271666666666662,0.21052631578947367,0.3333333333333333,0.14516129032258066,0.25,0.32142857142857145,0.12903225806451613,0.7419354838709677,0.2,0.4230769230769231,0.19230769230769232,0.34782608695652173,0.30434782608695654,0.0,,,,,0.49398104875042675,0.11029447356611521,0.49398104875042675,0.1111111111111111,,0.5,,,,,False,,1.5,,,,,False,
686527,Dominic Canzone,SEA,BOS,0,2.0,1,699151,Jedixson Paez,R,824716,6:45 PM ET,Fenway Park,0,1,0.2674825174825175,2026-09-01,824716,,0,102.5,97.9,86.2,L,5,5,2,1,1,0,0,0,0,1,5,4,0,2,1,2,1,0.241,0.4545,1,1,1,1,1,0,0.25,0.3181818181818182,0.6666666666666666,0.29850746268656714,0.358974358974359,0.11666666666666667,0.014925373134328358,0.05970149253731343,0.08333333333333333,1.4666666666666666,1.3333333333333333,0.375,0.275,0.425,0.225,0.0,0.3786555555555556,0.5694444444444444,0.2,0.36363636363636365,0.46229999999999993,0.8297000000000001,0.27419354838709675,0.43548387096774194,0.20588235294117646,0.23214285714285715,0.44642857142857145,0.2222222222222222,0.7419354838709677,0.2,0.4230769230769231,0.19230769230769232,0.34782608695652173,0.30434782608695654,0.0,,,,,0.6227250414623278,0.17213096461103164,0.6227250414623278,0.25,,0.5,,,,,False,,1.5,,,,,False,
641487,J.P. Crawford,SEA,BOS,0,8.0,1,699151,Jedixson Paez,R,824716,6:45 PM ET,Fenway Park,0,1,0.2674825174825175,2026-09-01,824716,,0,102.5,97.9,86.2,L,4,2,1,0,0,0,1,1,0,1,1,1,0,0,0,1,0,0.306,0.306,1,0,1,0,1,0,0.19607843137254902,0.288135593220339,0.7450980392156863,0.22033898305084745,0.2564102564102564,0.0784313725490196,0.0,0.06779661016949153,0.0784313725490196,0.9333333333333333,0.8666666666666667,0.3333333333333333,0.1794871794871795,0.5128205128205128,0.1794871794871795,0.0,0.27735000000000004,0.35281111111111113,0.125,0.4117647058823529,0.21103333333333335,0.2823666666666669,0.17307692307692307,0.23076923076923078,0.29508196721311475,0.21568627450980393,0.2549019607843137,0.19672131147540983,0.7419354838709677,0.2,0.4230769230769231,0.19230769230769232,0.34782608695652173,0.30434782608695654,0.0,,,,,0.5522230563547679,0.142774110887023,0.5522230563547679,0.19607843137254902,,0.5,,,,,False,,1.5,,,,,False,
647304,Josh Naylor,SEA,BOS,0,5.0,1,699151,Jedixson Paez,R,824716,6:45 PM ET,Fenway Park,0,1,0.2674825174825175,2026-09-01,824716,,0,102.5,97.9,86.2,L,5,4,0,0,0,0,1,0,0,1,0,3,0,0,0,3,0,0.10733333333333334,0.10733333333333334,0,0,0,0,1,0,0.3064516129032258,0.3125,0.8225806451612904,0.171875,0.36538461538461536,0.016129032258064516,0.0,0.015625,0.016129032258064516,1.3333333333333333,0.7333333333333333,0.3269230769230769,0.2692307692307692,0.5769230769230769,0.09615384615384616,0.0,0.29256,0.35338555555555556,0.3157894736842105,0.21052631578947367,0.2092500000000001,0.27176666666666655,0.3448275862068966,0.39655172413793105,0.13846153846153847,0.29310344827586204,0.43103448275862066,0.11475409836065574,0.7419354838709677,0.2,0.4230769230769231,0.19230769230769232,0.34782608695652173,0.30434782608695654,0.0,,,,,0.6241005831729031,0.18684954475467241,0.6241005831729031,0.3064516129032258,,0.5,,,,,False,,1.5,,,,,False,
677594,Julio Rodríguez,SEA,BOS,0,3.0,1,699151,Jedixson Paez,R,824716,6:45 PM ET,Fenway Park,1,1,0.2674825174825175,2026-09-01,824716,,0,102.5,97.9,86.2,R,5,5,1,1,0,0,0,0,0,2,2,3,0,2,1,1,1,0.333,0.377,1,0,1,1,1,1,0.15625,0.1791044776119403,0.625,0.3582089552238806,0.225,0.078125,0.014925373134328358,0.029850746268656716,0.046875,1.0,1.6,0.4634146341463415,0.1951219512195122,0.43902439024390244,0.2926829268292683,0.07317073170731707,0.2831677777777778,0.5396122222222223,0.10526315789473684,0.35,0.2577166666666667,0.5283000000000002,0.3050847457627119,0.5423728813559322,0.2537313432835821,0.15254237288135594,0.2033898305084746,0.30158730158730157,0.7419354838709677,0.2,0.4230769230769231,0.19230769230769232,0.34782608695652173,0.30434782608695654,0.0,,,,,0.6408912325254045,0.1972280401280229,0.6408912325254045,0.15625,,0.5,,,,,False,,1.5,,,,,False,
703155,Lazaro Montes,SEA,BOS,0,7.0,1,699151,Jedixson Paez,R,824716,6:45 PM ET,Fenway Park,0,1,0.2674825174825175,2026-09-01,824716,,0,102.5,97.9,86.2,L,3,2,0,0,0,0,1,0,0,0,0,2,0,0,1,1,0,,,0,0,0,0,0,0,,,,,,,,,,,,,,,,,,,0.0,0.6666666666666666,,,,,,,,,0.7419354838709677,0.2,0.4230769230769231,0.19230769230769232,0.34782608695652173,0.30434782608695654,0.0,,,,,0.17752095135110735,0.01041799190447383,0.17752095135110735,,,0.5,,,,,False,,1.5,,,,,False,
668227,Randy Arozarena,SEA,BOS,0,1.0,1,699151,Jedixson Paez,R,824716,6:45 PM ET,Fenway Park,1,1,0.2674825174825175,2026-09-01,824716,,0,102.5,97.9,86.2,R,5,5,4,1,0,1,0,0,0,0,8,5,0,2,2,2,1,0.4166,0.865,1,1,1,1,0,0,0.21052631578947367,0.34782608695652173,0.6842105263157895,0.2608695652173913,0.22857142857142856,0.24561403508771928,0.057971014492753624,0.028985507246376812,0.10526315789473684,1.7333333333333334,1.2,0.3076923076923077,0.1794871794871795,0.38461538461538464,0.3076923076923077,0.05128205128205128,0.2643844444444444,0.43578,0.11764705882352941,0.3,0.15456666666666669,0.1952999999999999,0.19298245614035087,0.40350877192982454,0.23529411764705882,0.24561403508771928,0.47368421052631576,0.16923076923076924,0.7419354838709677,0.2,0.4230769230769231,0.19230769230769232,0.34782608695652173,0.30434782608695654,0.0,,,,,0.5762455165098644,0.18199400751586625,0.5762455165098644,0.21052631578947367,,0.5,,,,,False,,1.5,,,,,False,
694673,Abimelec Ortiz,WSH,ATL,1,6.0,1,700363,AJ Smith-Shawver,R,822687,6:45 PM ET,Nationals Park,0,1,0.2158273381294964,2026-09-01,822687,0.0,1,104.8,103.6,97.1,L,4,3,0,0,0,0,1,0,0,1,0,2,0,0,1,0,0,0.059,0.12,0,0,0,0,1,0,0.16666666666666666,0.21052631578947367,0.7222222222222222,0.2631578947368421,0.21052631578947367,0.09259259259259259,0.017543859649122806,0.03508771929824561,0.05555555555555555,0.9333333333333333,1.0,0.3333333333333333,0.23076923076923078,0.46153846153846156,0.2564102564102564,0.0,0.2989966666666667,0.4358822222222222,0.2777777777777778,0.2222222222222222,0.30417333333333335,0.39524666666666664,0.16666666666666666,0.25925925925925924,0.2631578947368421,,,,0.6729857819905213,0.2265193370165746,0.35135135135135137,0.10810810810810811,0.352112676056338,0.3028169014084507,0.04225352112676056,7.6107382550335565,0.5436241610738255,8.516778523489931,0.22169811320754718,0.5846249744879904,0.20354259934412608,0.5846249744879904,0.16666666666666666,,0.5,,,,,False,,1.5,,,,,False,
691781,Brady House,WSH,ATL,1,3.0,1,700363,AJ Smith-Shawver,R,822687,6:45 PM ET,Nationals Park,1,1,0.2158273381294964,2026-09-01,822687,0.0,1,104.8,103.6,97.1,R,4,4,2,0,0,0,0,0,0,1,2,3,0,2,1,1,1,0.5203333333333333,0.741,1,1,1,1,1,0,0.24444444444444444,0.35185185185185186,0.7333333333333333,0.2222222222222222,0.28125,0.17777777777777778,0.037037037037037035,0.037037037037037035,0.08888888888888889,1.2666666666666666,0.8,0.5294117647058824,0.17647058823529413,0.4117647058823529,0.29411764705882354,0.029411764705882353,0.33547619047619043,0.6188869047619047,0.26666666666666666,0.2222222222222222,0.4389375000000001,0.9452916666666666,0.2222222222222222,0.26666666666666666,0.2222222222222222,0.3076923076923077,0.5961538461538461,0.3148148148148148,0.6729857819905213,0.2265193370165746,0.35135135135135137,0.10810810810810811,0.352112676056338,0.3028169014084507,0.04225352112676056,7.6107382550335565,0.5436241610738255,8.516778523489931,0.22169811320754718,0.6546839250250742,0.25188972431077694,0.6546839250250742,0.24444444444444444,,0.5,,,,,False,,1.5,,,,,False,
682928,CJ Abrams,WSH,ATL,1,1.0,1,700363,AJ Smith-Shawver,R,822687,6:45 PM ET,Nationals Park,0,1,0.2158273381294964,2026-09-01,822687,0.0,1,104.8,103.6,97.1,L,4,4,0,0,0,0,0,0,0,3,0,1,0,0,1,0,0,0.051,0.105,0,0,0,0,1,1,0.13333333333333333,0.23529411764705882,0.6666666666666666,0.29411764705882354,0.1794871794871795,0.1,0.014705882352941176,0.04411764705882353,0.06666666666666667,0.9333333333333333,1.3333333333333333,0.275,0.15,0.4,0.3,0.0,0.21182738095238096,0.318952380952381,0.05,0.36363636363636365,0.11694999999999996,0.22355000000000014,0.22950819672131148,0.3770491803278688,0.28169014084507044,0.2698412698412698,0.6190476190476191,0.3181818181818182,0.6729857819905213,0.2265193370165746,0.35135135135135137,0.10810810810810811,0.352112676056338,0.3028169014084507,0.04225352112676056,7.6107382550335565,0.5436241610738255,8.516778523489931,0.22169811320754718,0.6227250414623278,0.16421550380828784,0.6227250414623278,0.13333333333333333,,0.5,,,,,False,,1.5,,,,,False,
695734,Daylen Lile,WSH,ATL,1,4.0,1,700363,AJ Smith-Shawver,R,822687,6:45 PM ET,Nationals Park,0,1,0.2158273381294964,2026-09-01,822687,0.0,1,104.8,103.6,97.1,L,5,3,3,0,0,2,1,0,0,0,9,3,2,3,2,1,0,0.7323333333333334,2.263666666666667,1,1,1,1,0,0,0.2807017543859649,0.35384615384615387,0.7543859649122807,0.21212121212121213,0.3170731707317073,0.24561403508771928,0.045454545454545456,0.045454545454545456,0.12280701754385964,2.0,0.9333333333333333,0.4090909090909091,0.36363636363636365,0.22727272727272727,0.3409090909090909,0.022727272727272728,0.3724595238095238,0.6831619047619046,0.375,0.09523809523809523,0.32363333333333333,0.55135,0.3050847457627119,0.4576271186440678,0.16666666666666666,0.25,0.5166666666666667,0.22950819672131148,0.6729857819905213,0.2265193370165746,0.35135135135135137,0.10810810810810811,0.352112676056338,0.3028169014084507,0.04225352112676056,7.6107382550335565,0.5436241610738255,8.516778523489931,0.22169811320754718,0.5666110677052894,0.16817434471852297,0.5666110677052894,0.2807017543859649,,0.5,,,,,False,,1.5,,,,,False,
686611,Dylan Crews,WSH,ATL,1,2.0,1,700363,AJ Smith-Shawver,R,822687,6:45 PM ET,Nationals Park,1,1,0.2158273381294964,2026-09-01,822687,0.0,1,104.8,103.6,97.1,R,4,4,0,0,0,0,0,0,0,1,0,3,0,0,1,2,0,0.06366666666666666,0.07966666666666668,0,0,0,0,1,0,0.25,0.30357142857142855,0.7115384615384616,0.26785714285714285,0.35135135135135137,0.09615384615384616,0.0,0.05357142857142857,0.07692307692307693,1.2,1.0,0.3783783783783784,0.2972972972972973,0.40540540540540543,0.21621621621621623,0.0,0.30397619047619046,0.4435238095238095,0.36363636363636365,0.36363636363636365,0.37506666666666666,0.4320333333333332,0.2727272727272727,0.38181818181818183,0.288135593220339,0.19642857142857142,0.4107142857142857,0.265625,0.6729857819905213,0.2265193370165746,0.35135135135135137,0.10810810810810811,0.352112676056338,0.3028169014084507,0.04225352112676056,7.6107382550335565,0.5436241610738255,8.516778523489931,0.22169811320754718,0.645145933296834,0.2511548225305613,0.645145933296834,0.25,,0.5,,,,,False,,1.5,,,,,False,
695670,Harry Ford,WSH,ATL,1,7.0,1,700363,AJ Smith-Shawver,R,822687,6:45 PM ET,Nationals Park,1,1,0.2158273381294964,2026-09-01,822687,0.0,1,104.8,103.6,97.1,R,4,3,0,0,0,0,1,0,0,0,0,3,0,1,0,3,0,0.21266666666666667,0.22666666666666666,0,0,0,0,0,0,0.20930232558139536,0.2916666666666667,0.6976744186046512,0.2653061224489796,0.25,0.23255813953488372,0.04081632653061224,0.08163265306122448,0.13953488372093023,1.2666666666666666,0.8666666666666667,0.3333333333333333,0.13333333333333333,0.5,0.36666666666666664,0.03333333333333333,0.26877179487179487,0.489025641025641,0.14285714285714285,0.11764705882352941,0.28245833333333337,0.5264166666666666,0.1,0.2,0.23684210526315788,0.23809523809523808,0.42857142857142855,0.32653061224489793,0.6729857819905213,0.2265193370165746,0.35135135135135137,0.10810810810810811,0.352112676056338,0.3028169014084507,0.04225352112676056,7.6107382550335565,0.5436241610738255,8.516778523489931,0.22169811320754718,0.5800458585498587,0.2014083991438128,0.5800458585498587,0.20930232558139536,,0.5,,,,,False,,1.5,,,,,False,
696285,Jacob Young,WSH,ATL,1,9.0,1,700363,AJ Smith-Shawver,R,822687,6:45 PM ET,Nationals Park,1,1,0.2158273381294964,2026-09-01,822687,0.0,1,104.8,103.6,97.1,R,4,3,0,0,0,0,1,0,0,1,0,2,0,0,1,1,0,0.068,0.0985,0,0,0,0,1,0,0.2653061224489796,0.3333333333333333,0.8367346938775511,0.14545454545454545,0.3170731707317073,0.061224489795918366,0.0,0.05454545454545454,0.061224489795918366,1.0666666666666667,0.5333333333333333,0.21428571428571427,0.2857142857142857,0.2857142857142857,0.3333333333333333,0.023809523809523808,0.28923,0.4265377777777778,0.2857142857142857,0.0625,0.2943666666666666,0.36523333333333335,0.2391304347826087,0.30434782608695654,0.1509433962264151,0.40816326530612246,0.673469387755102,0.08771929824561403,0.6729857819905213,0.2265193370165746,0.35135135135135137,0.10810810810810811,0.352112676056338,0.3028169014084507,0.04225352112676056,7.6107382550335565,0.5436241610738255,8.516778523489931,0.22169811320754718,0.48916231539778066,0.1294162083404892,0.48916231539778066,0.2653061224489796,,0.5,,,,,False,,1.5,,,,,False,
678391,Jorbit Vivas,WSH,ATL,1,8.0,1,700363,AJ Smith-Shawver,R,822687,6:45 PM ET,Nationals Park,0,1,0.2158273381294964,2026-09-01,822687,0.0,1,104.8,103.6,97.1,L,2,2,0,0,0,0,0,0,0,0,0,2,0,0,0,0,1,0.223,0.273,0,0,0,0,0,0,0.24444444444444444,0.3584905660377358,0.8666666666666667,0.1111111111111111,0.28205128205128205,0.06666666666666667,0.0,0.05555555555555555,0.06666666666666667,0.9333333333333333,0.4,0.15,0.25,0.425,0.275,0.025,0.27714999999999995,0.37556111111111107,0.3076923076923077,0.05,0.24963333333333332,0.39191666666666664,0.2619047619047619,0.3333333333333333,0.11764705882352941,0.18518518518518517,0.2962962962962963,0.10344827586206896,0.6729857819905213,0.2265193370165746,0.35135135135135137,0.10810810810810811,0.352112676056338,0.3028169014084507,0.04225352112676056,7.6107382550335565,0.5436241610738255,8.516778523489931,0.22169811320754718,0.5747522003330415,0.21876164176795287,0.5747522003330415,0.24444444444444444,,0.5,,,,,False,,1.5,,,,,False,
691002,Yohandy Morales,WSH,ATL,1,5.0,1,700363,AJ Smith-Shawver,R,822687,6:45 PM ET,Nationals Park,1,1,0.2158273381294964,2026-09-01,822687,0.0,1,104.8,103.6,97.1,R,2,2,0,0,0,0,0,0,0,1,0,1,0,0,0,0,1,,,0,0,0,0,1,0,,,,,,,,,,,,,,,,,,,,,,,,,,,,,0.6729857819905213,0.2265193370165746,0.35135135135135137,0.10810810810810811,0.352112676056338,0.3028169014084507,0.04225352112676056,7.6107382550335565,0.5436241610738255,8.516778523489931,0.22169811320754718,0.20768767051294934,0.01479476350001864,0.20768767051294934,,,0.5,,,,,False,,1.5,,,,,False,
663586,Austin Riley,ATL,WSH,0,7.0,1,663623,Jake Irvin,R,822687,6:45 PM ET,Nationals Park,1,1,0.22752293577981653,2026-09-01,822687,0.0,1,104.8,103.6,97.1,R,4,4,2,0,0,0,0,0,0,0,2,4,0,1,0,1,2,0.3845,0.42474999999999996,1,1,1,1,0,0,0.18,0.25,0.56,0.39285714285714285,0.3103448275862069,0.06,0.0,0.05357142857142857,0.06,0.8,1.4666666666666666,0.4482758620689655,0.2413793103448276,0.3103448275862069,0.41379310344827586,0.0,0.3842857142857143,0.5730595238095239,0.13333333333333333,0.3888888888888889,0.4026250000000001,0.6060000000000001,0.19607843137254902,0.3333333333333333,0.35714285714285715,0.16,0.28,0.3508771929824561,0.6761904761904762,0.2222222222222222,0.49171270718232046,0.2265193370165746,0.38028169014084506,0.29577464788732394,0.056338028169014086,9.257142857142858,1.3499999999999999,9.835714285714287,0.24056603773584906,0.5851502337006136,0.22308762607446964,0.5851502337006136,0.18,,0.5,,,,,False,,1.5,,,,,False,
676551,Brewer Hicklen,ATL,WSH,0,8.0,1,663623,Jake Irvin,R,822687,6:45 PM ET,Nationals Park,1,1,0.22752293577981653,2026-09-01,822687,0.0,1,104.8,103.6,97.1,R,1,0,0,0,0,0,1,0,0,0,0,0,0,0,0,0,0,0.5466666666666667,1.1740000000000002,0,0,0,0,0,0,0.2777777777777778,0.38095238095238093,0.4722222222222222,0.4523809523809524,0.5882352941176471,0.1111111111111111,0.0,0.09523809523809523,0.1111111111111111,0.9333333333333333,1.2666666666666666,0.4117647058823529,0.35294117647058826,0.47058823529411764,0.17647058823529413,0.058823529411764705,0.39999999999999997,0.6403055555555556,0.3333333333333333,0.3888888888888889,0.44116666666666665,0.738,0.3333333333333333,0.45454545454545453,0.35,0.14285714285714285,0.42857142857142855,0.7142857142857143,0.6761904761904762,0.2222222222222222,0.49171270718232046,0.2265193370165746,0.38028169014084506,0.29577464788732394,0.056338028169014086,9.257142857142858,1.3499999999999999,9.835714285714287,0.24056603773584906,0.5169264855879029,0.17279462812295612,0.5169264855879029,0.2777777777777778,,0.5,,,,,False,,1.5,,,,,False,
686948,Drake Baldwin,ATL,WSH,0,1.0,1,663623,Jake Irvin,R,822687,6:45 PM ET,Nationals Park,0,1,0.22752293577981653,2026-09-01,822687,0.0,1,104.8,103.6,97.1,L,4,4,2,1,0,0,0,0,0,2,3,2,0,0,2,0,0,0.29,0.4085,1,1,1,1,1,1,0.29508196721311475,0.3384615384615385,0.7540983606557377,0.23076923076923078,0.36363636363636365,0.18032786885245902,0.03076923076923077,0.07692307692307693,0.11475409836065574,1.9333333333333333,1.0,0.5434782608695652,0.30434782608695654,0.32608695652173914,0.32608695652173914,0.06521739130434782,0.35499888888888886,0.6456955555555555,0.4090909090909091,0.30434782608695654,0.4727,0.9442500000000003,0.3114754098360656,0.47540983606557374,0.24242424242424243,0.25396825396825395,0.38095238095238093,0.18181818181818182,0.6761904761904762,0.2222222222222222,0.49171270718232046,0.2265193370165746,0.38028169014084506,0.29577464788732394,0.056338028169014086,9.257142857142858,1.3499999999999999,9.835714285714287,0.24056603773584906,0.6453561887528226,0.23515527858917343,0.6453561887528226,0.29508196721311475,,0.5,,,,,False,,1.5,,,,,False,
673490,Ha-Seong Kim,ATL,WSH,0,9.0,1,663623,Jake Irvin,R,822687,6:45 PM ET,Nationals Park,1,1,0.22752293577981653,2026-09-01,822687,0.0,1,104.8,103.6,97.1,R,3,3,0,0,0,0,0,0,0,1,0,2,0,0,2,0,0,0.09000000000000001,0.1165,0,0,0,0,1,0,0.07894736842105263,0.18604651162790697,0.7105263157894737,0.2558139534883721,0.1111111111111111,0.0,0.0,0.0,0.0,0.2,0.7333333333333333,0.18518518518518517,0.14814814814814814,0.2962962962962963,0.37037037037037035,0.037037037037037035,0.20220238095238097,0.27292857142857146,0.2,0.2727272727272727,0.3442666666666666,0.4160666666666669,0.061224489795918366,0.061224489795918366,0.25,0.044444444444444446,0.044444444444444446,0.2857142857142857,0.6761904761904762,0.2222222222222222,0.49171270718232046,0.2265193370165746,0.38028169014084506,0.29577464788732394,0.056338028169014086,9.257142857142858,1.3499999999999999,9.835714285714287,0.24056603773584906,0.37247635113919514,0.056454859697250614,0.37247635113919514,0.07894736842105263,,0.5,,,,,False,,1.5,,,,,False,
621566,Matt Olson,ATL,WSH,0,3.0,1,663623,Jake Irvin,R,822687,6:45 PM ET,Nationals Park,0,1,0.22752293577981653,2026-09-01,822687,0.0,1,104.8,103.6,97.1,L,4,4,0,0,0,0,0,0,0,1,0,3,0,1,1,2,0,0.15766666666666668,0.18166666666666664,0,0,0,0,1,0,0.22807017543859648,0.30158730158730157,0.7368421052631579,0.23809523809523808,0.275,0.15789473684210525,0.031746031746031744,0.047619047619047616,0.08771929824561403,1.4666666666666666,1.0,0.5238095238095238,0.19047619047619047,0.35714285714285715,0.42857142857142855,0.0,0.38145555555555555,0.7700166666666668,0.21052631578947367,0.18181818181818182,0.4196666666666668,0.8554999999999998,0.22807017543859648,0.47368421052631576,0.25396825396825395,0.2033898305084746,0.4576271186440678,0.38095238095238093,0.6761904761904762,0.2222222222222222,0.49171270718232046,0.2265193370165746,0.38028169014084506,0.29577464788732394,0.056338028169014086,9.257142857142858,1.3499999999999999,9.835714285714287,0.24056603773584906,0.6257690253909279,0.23174601825404215,0.6257690253909279,0.22807017543859648,,0.5,,,,,False,,1.5,,,,,False,
643289,Mauricio Dubón,ATL,WSH,0,5.0,1,663623,Jake Irvin,R,822687,6:45 PM ET,Nationals Park,1,1,0.22752293577981653,2026-09-01,822687,0.0,1,104.8,103.6,97.1,R,4,4,0,0,0,0,0,0,0,1,0,3,0,0,0,2,1,0.25466666666666665,0.27266666666666667,0,0,0,0,1,0,0.32075471698113206,0.35714285714285715,0.9622641509433962,0.03571428571428571,0.3333333333333333,0.018867924528301886,0.0,0.017857142857142856,0.018867924528301886,1.2,0.13333333333333333,0.2549019607843137,0.29411764705882354,0.3333333333333333,0.29411764705882354,0.0,0.3059322222222222,0.37253555555555556,0.3157894736842105,0.0,0.3170633333333333,0.3730566666666667,0.28846153846153844,0.3269230769230769,0.05357142857142857,0.2631578947368421,0.42105263157894735,0.08196721311475409,0.6761904761904762,0.2222222222222222,0.49171270718232046,0.2265193370165746,0.38028169014084506,0.29577464788732394,0.056338028169014086,9.257142857142858,1.3499999999999999,9.835714285714287,0.24056603773584906,0.5945117182489364,0.2150674909464508,0.5945117182489364,0.32075471698113206,,0.5,,,,,False,,1.5,,,,,False,
671739,Michael Harris II,ATL,WSH,0,4.0,1,663623,Jake Irvin,R,822687,6:45 PM ET,Nationals Park,0,1,0.22752293577981653,2026-09-01,822687,0.0,1,104.8,103.6,97.1,L,4,4,2,0,0,1,0,0,0,2,5,2,1,2,1,1,0,0.627,1.7854999999999999,1,1,1,1,1,1,0.3333333333333333,0.3448275862068966,0.7894736842105263,0.19672131147540983,0.3953488372093023,0.22807017543859648,0.03278688524590164,0.11475409836065574,0.15789473684210525,2.1333333333333333,0.8,0.3829787234042553,0.2765957446808511,0.5106382978723404,0.19148936170212766,0.02127659574468085,0.32558888888888887,0.49586111111111114,0.35294117647058826,0.2,0.33833333333333326,0.5524666666666666,0.375,0.5535714285714286,0.19672131147540983,0.25862068965517243,0.5517241379310345,0.16129032258064516,0.6761904761904762,0.2222222222222222,0.49171270718232046,0.2265193370165746,0.38028169014084506,0.29577464788732394,0.056338028169014086,9.257142857142858,1.3499999999999999,9.835714285714287,0.24056603773584906,0.6569412978753483,0.22371733893473023,0.6569412978753483,0.3333333333333333,,0.5,,,,,False,,1.5,,,,,False,
645277,Ozzie Albies,ATL,WSH,0,6.0,1,663623,Jake Irvin,R,822687,6:45 PM ET,Nationals Park,0,1,0.22752293577981653,2026-09-01,822687,0.0,1,104.8,103.6,97.1,L,4,4,1,0,0,0,0,0,0,0,1,4,0,1,1,1,2,0.32625000000000004,0.4335,1,0,1,0,0,0,0.2972972972972973,0.3488372093023256,0.7567567567567568,0.20930232558139536,0.36666666666666664,0.0,0.0,0.0,0.0,0.7333333333333333,0.6,0.16666666666666666,0.3333333333333333,0.3,0.26666666666666666,0.0,0.36440476190476195,0.4585714285714286,0.21428571428571427,0.25,0.23209999999999997,0.3163999999999999,0.21568627450980393,0.29411764705882354,0.13114754098360656,0.21666666666666667,0.38333333333333336,0.1875,0.6761904761904762,0.2222222222222222,0.49171270718232046,0.2265193370165746,0.38028169014084506,0.29577464788732394,0.056338028169014086,9.257142857142858,1.3499999999999999,9.835714285714287,0.24056603773584906,0.5644352264639828,0.16627205311037122,0.5644352264639828,0.2972972972972973,,0.5,,,,,False,,1.5,,,,,False,
660670,Ronald Acuña Jr.,ATL,WSH,0,2.0,1,663623,Jake Irvin,R,822687,6:45 PM ET,Nationals Park,1,1,0.22752293577981653,2026-09-01,822687,0.0,1,104.8,103.6,97.1,R,4,4,1,0,0,0,0,0,0,1,1,3,0,1,1,2,0,0.05833333333333333,0.074,1,0,1,0,1,0,0.22413793103448276,0.3076923076923077,0.6551724137931034,0.3076923076923077,0.32432432432432434,0.08620689655172414,0.015384615384615385,0.03076923076923077,0.05172413793103448,1.2,1.3333333333333333,0.39473684210526316,0.3157894736842105,0.5,0.13157894736842105,0.02631578947368421,0.4011166666666667,0.5770277777777778,0.3888888888888889,0.18181818181818182,0.4413333333333334,0.7178,0.1864406779661017,0.22033898305084745,0.3230769230769231,0.25,0.44642857142857145,0.22388059701492538,0.6761904761904762,0.2222222222222222,0.49171270718232046,0.2265193370165746,0.38028169014084506,0.29577464788732394,0.056338028169014086,9.257142857142858,1.3499999999999999,9.835714285714287,0.24056603773584906,0.6294917218382373,0.2407432980963616,0.6294917218382373,0.22413793103448276,,0.5,,,,,False,,1.5,,,,,False,
686797,Brooks Lee,MIN,DET,1,2.0,1,675512,Troy Melton,R,823661,7:40 PM ET,Target Field,0,1,0.18727272727272729,2026-09-01,823661,,0,102.9,101.6,95.4,L,5,5,1,0,0,0,0,0,0,0,1,5,0,1,1,3,1,0.38180000000000003,0.5648,1,0,1,0,0,0,0.3225806451612903,0.3225806451612903,0.8387096774193549,0.16129032258064516,0.2727272727272727,0.41935483870967744,0.12903225806451613,0.03225806451612903,0.16129032258064516,1.5333333333333334,0.3333333333333333,0.5,0.11538461538461539,0.34615384615384615,0.46153846153846156,0.07692307692307693,0.2745641025641026,0.5916282051282051,0.2222222222222222,0.2222222222222222,0.30933333333333346,0.4673749999999999,0.2833333333333333,0.55,0.13333333333333333,0.2,0.34545454545454546,0.2,0.6695652173913044,0.18357487922705315,0.3175355450236967,0.11848341232227488,0.42857142857142855,0.2077922077922078,0.006493506493506494,5.151315789473685,1.4210526315789476,6.039473684210526,0.17525773195876287,0.5999605561133038,0.25297247598349276,0.5999605561133038,0.3225806451612903,,0.5,,,,,False,,1.5,,,,,False,
605137,Josh Bell,MIN,DET,1,5.0,1,675512,Troy Melton,R,823661,7:40 PM ET,Target Field,0,1,0.18727272727272729,2026-09-01,823661,,0,102.9,101.6,95.4,L,5,5,0,0,0,0,0,0,0,0,0,5,0,1,2,2,0,0.0778,0.0974,0,0,0,0,0,0,0.21875,0.2894736842105263,0.84375,0.13157894736842105,0.2413793103448276,0.0625,0.0,0.05263157894736842,0.0625,0.6,0.3333333333333333,0.3448275862068966,0.06896551724137931,0.6206896551724138,0.27586206896551724,0.034482758620689655,0.285125,0.32575,0.375,0.2222222222222222,0.4432777777777778,0.46494444444444377,0.2807017543859649,0.42105263157894735,0.15384615384615385,0.3137254901960784,0.49019607843137253,0.06666666666666667,0.6695652173913044,0.18357487922705315,0.3175355450236967,0.11848341232227488,0.42857142857142855,0.2077922077922078,0.006493506493506494,5.151315789473685,1.4210526315789476,6.039473684210526,0.17525773195876287,0.5752906518703226,0.1794670508468975,0.5752906518703226,0.21875,,0.5,,,,,False,,1.5,,,,,False,
701785,Kaelen Culpepper,MIN,DET,1,8.0,1,675512,Troy Melton,R,823661,7:40 PM ET,Target Field,1,1,0.18727272727272729,2026-09-01,823661,,0,102.9,101.6,95.4,R,4,3,1,1,0,0,1,0,0,0,2,3,0,1,0,1,0,0.251,0.2753333333333333,1,0,1,1,0,0,0.35185185185185186,0.38596491228070173,0.7962962962962963,0.19298245614035087,0.4146341463414634,0.14814814814814814,0.03508771929824561,0.03508771929824561,0.07407407407407407,1.8,0.7333333333333333,0.3023255813953488,0.3023255813953488,0.37209302325581395,0.27906976744186046,0.046511627906976744,0.3653677777777778,0.5824622222222222,0.23529411764705882,0.21052631578947367,0.34463333333333335,0.6134000000000001,0.4,0.4857142857142857,0.16216216216216217,0.25,0.5357142857142857,0.30303030303030304,0.6695652173913044,0.18357487922705315,0.3175355450236967,0.11848341232227488,0.42857142857142855,0.2077922077922078,0.006493506493506494,5.151315789473685,1.4210526315789476,6.039473684210526,0.17525773195876287,0.6100159965604433,0.253831988507855,0.6100159965604433,0.35185185185185186,,0.5,,,,,False,,1.5,,,,,False,
665019,Kody Clemens,MIN,DET,1,3.0,1,675512,Troy Melton,R,823661,7:40 PM ET,Target Field,0,1,0.18727272727272729,2026-09-01,823661,,0,102.9,101.6,95.4,L,4,2,1,0,0,1,1,0,1,1,4,2,0,2,2,0,0,0.586,2.254,1,0,1,1,1,0,0.2857142857142857,0.3333333333333333,0.75,0.23333333333333334,0.35,0.16071428571428573,0.03333333333333333,0.016666666666666666,0.07142857142857142,1.6666666666666667,0.9333333333333333,0.5476190476190477,0.2857142857142857,0.30952380952380953,0.38095238095238093,0.07142857142857142,0.4058611111111111,0.8198,0.16666666666666666,0.25,0.36216666666666664,0.8852499999999999,0.21818181818181817,0.41818181818181815,0.21666666666666667,0.2542372881355932,0.4576271186440678,0.26666666666666666,0.6695652173913044,0.18357487922705315,0.3175355450236967,0.11848341232227488,0.42857142857142855,0.2077922077922078,0.006493506493506494,5.151315789473685,1.4210526315789476,6.039473684210526,0.17525773195876287,0.618756815767315,0.25931315245794584,0.618756815767315,0.2857142857142857,,0.5,,,,,False,,1.5,,,,,False,
807712,Luke Keaschall,MIN,DET,1,1.0,1,675512,Troy Melton,R,823661,7:40 PM ET,Target Field,1,1,0.18727272727272729,2026-09-01,823661,,0,102.9,101.6,95.4,R,4,3,2,1,0,0,1,0,0,0,3,3,0,1,0,1,2,0.47666666666666674,0.7253333333333334,1,1,1,1,0,0,0.3442622950819672,0.40298507462686567,0.819672131147541,0.16417910447761194,0.3829787234042553,0.2459016393442623,0.04477611940298507,0.08955223880597014,0.14754098360655737,2.4,0.7333333333333333,0.34,0.34,0.18,0.38,0.02,0.3139244444444445,0.5371,0.2631578947368421,0.13636363636363635,0.21253333333333332,0.32178333333333325,0.3090909090909091,0.509090909090909,0.12307692307692308,0.30612244897959184,0.40816326530612246,0.21052631578947367,0.6695652173913044,0.18357487922705315,0.3175355450236967,0.11848341232227488,0.42857142857142855,0.2077922077922078,0.006493506493506494,5.151315789473685,1.4210526315789476,6.039473684210526,0.17525773195876287,0.6285648160556382,0.21176713639072453,0.6285648160556382,0.3442622950819672,,0.5,,,,,False,,1.5,,,,,False,
668904,Royce Lewis,MIN,DET,1,7.0,1,675512,Troy Melton,R,823661,7:40 PM ET,Target Field,1,1,0.18727272727272729,2026-09-01,823661,,0,102.9,101.6,95.4,R,4,3,0,0,0,0,1,0,0,1,0,2,0,0,2,0,0,0.42,0.461,0,0,0,0,1,0,0.16363636363636364,0.1896551724137931,0.8,0.1896551724137931,0.2,0.01818181818181818,0.0,0.017241379310344827,0.01818181818181818,0.6666666666666666,0.7333333333333333,0.26666666666666666,0.28888888888888886,0.3333333333333333,0.2,0.0,0.33779777777777775,0.4434144444444445,0.2222222222222222,0.21052631578947367,0.31961666666666666,0.39069999999999994,0.21052631578947367,0.3157894736842105,0.19672131147540983,0.2909090909090909,0.36363636363636365,0.2459016393442623,0.6695652173913044,0.18357487922705315,0.3175355450236967,0.11848341232227488,0.42857142857142855,0.2077922077922078,0.006493506493506494,5.151315789473685,1.4210526315789476,6.039473684210526,0.17525773195876287,0.567681430170311,0.23554557979909796,0.567681430170311,0.16363636363636364,,0.5,,,,,False,,1.5,,,,,False,
680777,Ryan Jeffers,MIN,DET,1,4.0,1,675512,Troy Melton,R,823661,7:40 PM ET,Target Field,1,1,0.18727272727272729,2026-09-01,823661,,0,102.9,101.6,95.4,R,4,3,2,0,0,2,1,0,0,1,8,2,1,2,2,0,0,0.5785,2.144,1,1,1,1,1,0,0.22,0.3157894736842105,0.8,0.17543859649122806,0.275,0.1,0.0,0.08771929824561403,0.1,1.0666666666666667,0.6666666666666666,0.35,0.25,0.4,0.25,0.025,0.26456153846153846,0.4278948717948718,0.11764705882352941,0.2777777777777778,0.23186666666666672,0.38483333333333325,0.24074074074074073,0.37037037037037035,0.15254237288135594,0.22448979591836735,0.3469387755102041,0.16393442622950818,0.6695652173913044,0.18357487922705315,0.3175355450236967,0.11848341232227488,0.42857142857142855,0.2077922077922078,0.006493506493506494,5.151315789473685,1.4210526315789476,6.039473684210526,0.17525773195876287,0.6325425135999782,0.2649025833522548,0.6325425135999782,0.22,,0.5,,,,,False,,1.5,,,,,False,
663616,Trevor Larnach,MIN,DET,1,6.0,1,675512,Troy Melton,R,823661,7:40 PM ET,Target Field,0,1,0.18727272727272729,2026-09-01,823661,,0,102.9,101.6,95.4,L,4,4,1,0,0,0,0,0,0,2,1,2,0,0,1,1,0,0.065,0.0825,1,0,1,0,1,1,0.17647058823529413,0.20754716981132076,0.8627450980392157,0.1320754716981132,0.18604651162790697,0.09803921568627451,0.018867924528301886,0.03773584905660377,0.058823529411764705,0.9333333333333333,0.4666666666666667,0.4318181818181818,0.36363636363636365,0.3181818181818182,0.20454545454545456,0.022727272727272728,0.32391888888888887,0.4289688888888889,0.3333333333333333,0.0625,0.43516666666666665,0.5433,0.18,0.26,0.1346153846153846,0.2830188679245283,0.41509433962264153,0.2631578947368421,0.6695652173913044,0.18357487922705315,0.3175355450236967,0.11848341232227488,0.42857142857142855,0.2077922077922078,0.006493506493506494,5.151315789473685,1.4210526315789476,6.039473684210526,0.17525773195876287,0.5311220698822599,0.17570696855394666,0.5311220698822599,0.17647058823529413,,0.5,,,,,False,,1.5,,,,,False,
805805,Walker Jenkins,MIN,DET,1,9.0,1,675512,Troy Melton,R,823661,7:40 PM ET,Target Field,0,1,0.18727272727272729,2026-09-01,823661,,0,102.9,101.6,95.4,L,4,3,1,0,0,1,1,0,0,0,4,3,0,1,2,0,0,0.05766666666666667,0.21233333333333335,1,0,1,1,0,0,,,,,,,,,,,,,,,,,,,0.2222222222222222,0.1,0.26722222222222225,0.488,,,,,,,0.6695652173913044,0.18357487922705315,0.3175355450236967,0.11848341232227488,0.42857142857142855,0.2077922077922078,0.006493506493506494,5.151315789473685,1.4210526315789476,6.039473684210526,0.17525773195876287,0.0691609977324263,0.0029585798816568047,0.0691609977324263,,,0.5,,,,,False,,1.5,,,,,False,
693307,Dillon Dingler,DET,MIN,0,3.0,1,702193,Andrew Morris,R,823661,7:40 PM ET,Target Field,1,1,0.22365988909426987,2026-09-01,823661,,0,102.9,101.6,95.4,R,4,4,0,0,0,0,0,0,0,1,0,3,0,1,0,2,0,0.16233333333333333,0.17600000000000002,0,0,0,0,1,0,0.12727272727272726,0.2,0.6909090909090909,0.2833333333333333,0.18421052631578946,0.01818181818181818,0.0,0.016666666666666666,0.01818181818181818,0.5333333333333333,1.1333333333333333,0.2894736842105263,0.23684210526315788,0.23684210526315788,0.3684210526315789,0.0,0.29125595238095237,0.41143928571428573,0.17647058823529413,0.3333333333333333,0.26746666666666663,0.45133333333333336,0.1864406779661017,0.3220338983050847,0.1791044776119403,0.20754716981132076,0.33962264150943394,0.3448275862068966,0.7391304347826086,0.325,0.475,0.15,0.4117647058823529,0.23529411764705882,0.0,3.1764705882352944,0.0,7.941176470588236,0.2631578947368421,0.5448451387137929,0.13675435805966582,0.5448451387137929,0.12727272727272726,,0.5,,,,,False,,1.5,,,,,False,
650402,Gleyber Torres,DET,MIN,0,2.0,1,702193,Andrew Morris,R,823661,7:40 PM ET,Target Field,1,1,0.22365988909426987,2026-09-01,823661,,0,102.9,101.6,95.4,R,4,4,1,0,0,0,0,0,0,1,1,3,0,2,0,2,1,0.5459999999999999,0.6586666666666666,1,0,1,0,1,0,0.26666666666666666,0.3333333333333333,0.85,0.13636363636363635,0.3137254901960784,0.06666666666666667,0.0,0.06060606060606061,0.06666666666666667,1.3333333333333333,0.6,0.3333333333333333,0.27450980392156865,0.39215686274509803,0.27450980392156865,0.0196078431372549,0.3226644444444444,0.4327533333333333,0.2631578947368421,0.25,0.2732999999999998,0.4258499999999999,0.21666666666666667,0.23333333333333334,0.10606060606060606,0.25,0.42857142857142855,0.208955223880597,0.7391304347826086,0.325,0.475,0.15,0.4117647058823529,0.23529411764705882,0.0,3.1764705882352944,0.0,7.941176470588236,0.2631578947368421,0.5644352264639828,0.1681739142809571,0.5644352264639828,0.26666666666666666,,0.5,,,,,False,,1.5,,,,,False,
701678,Hao-Yu Lee,DET,MIN,0,5.0,1,702193,Andrew Morris,R,823661,7:40 PM ET,Target Field,1,1,0.22365988909426987,2026-09-01,823661,,0,102.9,101.6,95.4,R,3,3,2,0,0,1,0,0,0,1,5,2,1,1,1,1,0,0.578,2.0615,1,1,1,1,1,0,0.2558139534883721,0.36,0.813953488372093,0.16,0.29411764705882354,0.09302325581395349,0.02,0.02,0.046511627906976744,1.0,0.5333333333333333,0.45714285714285713,0.2,0.45714285714285713,0.22857142857142856,0.08571428571428572,0.3085630952380952,0.49744642857142857,0.125,0.21052631578947367,0.29718750000000005,0.4456875,0.32608695652173914,0.5869565217391305,0.16666666666666666,0.23529411764705882,0.29411764705882354,0.1891891891891892,0.7391304347826086,0.325,0.475,0.15,0.4117647058823529,0.23529411764705882,0.0,3.1764705882352944,0.0,7.941176470588236,0.2631578947368421,0.6095421327011082,0.16729480485511108,0.6095421327011082,0.2558139534883721,,0.5,,,,,False,,1.5,,,,,False,
595879,Javier Báez,DET,MIN,0,8.0,1,702193,Andrew Morris,R,823661,7:40 PM ET,Target Field,1,1,0.22365988909426987,2026-09-01,823661,,0,102.9,101.6,95.4,R,3,3,0,0,0,0,0,0,0,0,0,3,0,0,0,2,0,0.050666666666666665,0.05433333333333334,0,0,0,0,0,0,0.20408163265306123,0.25,0.7755102040816326,0.21153846153846154,0.2631578947368421,0.12244897959183673,0.0,0.07692307692307693,0.10204081632653061,1.0666666666666667,0.7333333333333333,0.4473684210526316,0.15789473684210525,0.631578947368421,0.18421052631578946,0.0,0.3006111111111111,0.4201111111111111,0.3076923076923077,0.2857142857142857,0.3473,0.6002333333333333,0.22641509433962265,0.2641509433962264,0.16071428571428573,0.27450980392156865,0.43137254901960786,0.19607843137254902,0.7391304347826086,0.325,0.475,0.15,0.4117647058823529,0.23529411764705882,0.0,3.1764705882352944,0.0,7.941176470588236,0.2631578947368421,0.5695041356927782,0.1653308437215549,0.5695041356927782,0.20408163265306123,,0.5,,,,,False,,1.5,,,,,False,
807726,John Peck,DET,MIN,0,9.0,1,702193,Andrew Morris,R,823661,7:40 PM ET,Target Field,1,1,0.22365988909426987,2026-09-01,823661,,0,102.9,101.6,95.4,R,2,2,1,0,0,0,0,0,0,0,1,2,0,1,0,2,0,,,1,0,1,0,0,0,,,,,,,,,,,,,,,,,,,0.0,0.3333333333333333,,,0.0,0.0,0.3333333333333333,,,,0.7391304347826086,0.325,0.475,0.15,0.4117647058823529,0.23529411764705882,0.0,3.1764705882352944,0.0,7.941176470588236,0.2631578947368421,0.013605442176870748,0.0,0.013605442176870748,,,0.5,,,,,False,,1.5,,,,,False,
805808,Kevin McGonigle,DET,MIN,0,1.0,1,702193,Andrew Morris,R,823661,7:40 PM ET,Target Field,0,1,0.22365988909426987,2026-09-01,823661,,0,102.9,101.6,95.4,L,4,4,0,0,0,0,0,0,0,0,0,4,0,3,1,1,2,0.399,0.5527500000000001,0,0,0,0,0,0,0.2033898305084746,0.2727272727272727,0.847457627118644,0.13636363636363635,0.20408163265306123,0.15254237288135594,0.030303030303030304,0.045454545454545456,0.0847457627118644,1.4,0.6,0.37254901960784315,0.21568627450980393,0.3333333333333333,0.4117647058823529,0.0392156862745098,0.29943777777777775,0.6381577777777777,0.10526315789473684,0.14285714285714285,0.26683333333333337,0.54095,0.28125,0.4375,0.13043478260869565,0.14035087719298245,0.21052631578947367,0.19402985074626866,0.7391304347826086,0.325,0.475,0.15,0.4117647058823529,0.23529411764705882,0.0,3.1764705882352944,0.0,7.941176470588236,0.2631578947368421,0.6326817356019266,0.17180020420364142,0.6326817356019266,0.2033898305084746,,0.5,,,,,False,,1.5,,,,,False,
703601,Max Clark,DET,MIN,0,7.0,1,702193,Andrew Morris,R,823661,7:40 PM ET,Target Field,0,1,0.22365988909426987,2026-09-01,823661,,0,102.9,101.6,95.4,L,3,3,0,0,0,0,0,0,0,1,0,2,0,1,0,2,0,0.404,0.44,0,0,0,0,1,0,0.21739130434782608,0.2653061224489796,0.8260869565217391,0.1568627450980392,0.24324324324324326,0.1956521739130435,0.0196078431372549,0.0392156862745098,0.10869565217391304,1.2666666666666666,0.5333333333333333,0.45,0.35,0.325,0.225,0.0,0.3678944444444444,0.49011666666666664,0.23076923076923078,0.1875,0.3616666666666667,0.5219333333333334,0.2037037037037037,0.2962962962962963,0.2545454545454545,0.3225806451612903,0.5483870967741935,0.08108108108108109,0.7391304347826086,0.325,0.475,0.15,0.4117647058823529,0.23529411764705882,0.0,3.1764705882352944,0.0,7.941176470588236,0.2631578947368421,0.5720400918559995,0.14412436180096014,0.5720400918559995,0.21739130434782608,,0.5,,,,,False,,1.5,,,,,False,
682985,Riley Greene,DET,MIN,0,4.0,1,702193,Andrew Morris,R,823661,7:40 PM ET,Target Field,0,1,0.22365988909426987,2026-09-01,823661,,0,102.9,101.6,95.4,L,1,0,0,0,0,0,0,1,0,0,0,0,0,0,0,0,0,0.201,0.201,0,0,0,0,0,0,0.17543859649122806,0.2835820895522388,0.7017543859649122,0.2537313432835821,0.225,0.10526315789473684,0.014925373134328358,0.04477611940298507,0.07017543859649122,1.0666666666666667,1.1333333333333333,0.34146341463414637,0.21951219512195122,0.3902439024390244,0.3902439024390244,0.024390243902439025,0.3446111111111111,0.6253944444444444,0.15789473684210525,0.4090909090909091,0.3093,0.3814000000000001,0.22807017543859648,0.43859649122807015,0.27692307692307694,0.16981132075471697,0.2641509433962264,0.24193548387096775,0.7391304347826086,0.325,0.475,0.15,0.4117647058823529,0.23529411764705882,0.0,3.1764705882352944,0.0,7.941176470588236,0.2631578947368421,0.5644352264639828,0.1556828173228523,0.5644352264639828,0.17543859649122806,,0.5,,,,,False,,1.5,,,,,False,
679529,Spencer Torkelson,DET,MIN,0,6.0,1,702193,Andrew Morris,R,823661,7:40 PM ET,Target Field,1,1,0.22365988909426987,2026-09-01,823661,,0,102.9,101.6,95.4,R,3,1,0,0,0,0,1,1,0,0,0,1,0,0,0,1,0,0.21,0.21,0,0,0,0,0,0,0.13953488372093023,0.24489795918367346,0.5116279069767442,0.42857142857142855,0.2727272727272727,0.046511627906976744,0.0,0.04081632653061224,0.046511627906976744,0.5333333333333333,1.4,0.3181818181818182,0.22727272727272727,0.3181818181818182,0.2727272727272727,0.045454545454545456,0.1898076923076923,0.27816666666666656,0.2,0.5333333333333333,0.2612916666666666,0.3048333333333335,0.26785714285714285,0.30357142857142855,0.3064516129032258,0.2553191489361702,0.3829787234042553,0.25,0.7391304347826086,0.325,0.475,0.15,0.4117647058823529,0.23529411764705882,0.0,3.1764705882352944,0.0,7.941176470588236,0.2631578947368421,0.4097682985474256,0.14242943133797245,0.4097682985474256,0.13953488372093023,,0.5,,,,,False,,1.5,,,,,False,
677951,Bobby Witt Jr.,KC,MIA,1,2.0,1,663969,Tyler Phillips,R,824070,7:40 PM ET,Kauffman Stadium,1,1,0.1944922547332186,2026-09-01,824070,0.0,1,103.7,102.1,85.4,R,4,4,0,0,0,0,0,0,0,0,0,4,0,2,1,1,2,0.2325,0.5645,0,0,0,0,0,0,0.288135593220339,0.4,0.7966101694915254,0.17142857142857143,0.3181818181818182,0.2033898305084746,0.04285714285714286,0.04285714285714286,0.1016949152542373,1.9333333333333333,0.8,0.46808510638297873,0.2127659574468085,0.3617021276595745,0.2765957446808511,0.0425531914893617,0.38461555555555554,0.6001022222222222,0.23809523809523808,0.125,0.29517999999999994,0.53494,0.3684210526315789,0.543859649122807,0.16176470588235295,0.22807017543859648,0.40350877192982454,0.15873015873015872,0.7540983606557377,0.2422360248447205,0.42857142857142855,0.15476190476190477,0.45652173913043476,0.2826086956521739,0.014492753623188406,9.0,1.3404255319148937,5.74468085106383,0.1485148514851485,0.7137493996272202,0.3256413890523917,0.7137493996272202,0.288135593220339,,0.5,,,,,False,,1.5,,,,,False,
695600,Carter Jensen,KC,MIA,1,1.0,1,663969,Tyler Phillips,R,824070,7:40 PM ET,Kauffman Stadium,0,1,0.1944922547332186,2026-09-01,824070,0.0,1,103.7,102.1,85.4,L,5,4,1,0,0,0,1,0,0,2,1,2,0,1,0,2,0,0.32349999999999995,0.3565,1,0,1,0,1,1,0.2,0.3492063492063492,0.72,0.2222222222222222,0.20588235294117646,0.2,0.047619047619047616,0.015873015873015872,0.08,1.3333333333333333,0.9333333333333333,0.4594594594594595,0.13513513513513514,0.32432432432432434,0.5135135135135135,0.0,0.3258452380952381,0.6999583333333333,0.2777777777777778,0.24,0.36539999999999995,0.9572,0.1836734693877551,0.3877551020408163,0.25806451612903225,0.16981132075471697,0.3018867924528302,0.3114754098360656,0.7540983606557377,0.2422360248447205,0.42857142857142855,0.15476190476190477,0.45652173913043476,0.2826086956521739,0.014492753623188406,9.0,1.3404255319148937,5.74468085106383,0.1485148514851485,0.6689885847393428,0.25422789742589696,0.6689885847393428,0.2,,0.5,,,,,False,,1.5,,,,,False,
686555,Isaac Collins,KC,MIA,1,8.0,1,663969,Tyler Phillips,R,824070,7:40 PM ET,Kauffman Stadium,0,1,0.1944922547332186,2026-09-01,824070,0.0,1,103.7,102.1,85.4,L,1,1,0,0,0,0,0,0,0,0,0,1,0,0,0,1,0,0.052,0.053,0,0,0,0,0,0,0.2727272727272727,0.375,0.7272727272727273,0.225,0.36,0.09090909090909091,0.0,0.075,0.09090909090909091,0.8,0.6,0.48,0.28,0.48,0.2,0.0,0.29941666666666666,0.3694545454545455,0.2857142857142857,0.3333333333333333,0.29670833333333335,0.3580000000000001,0.21739130434782608,0.30434782608695654,0.2037037037037037,0.20408163265306123,0.32653061224489793,0.18518518518518517,0.7540983606557377,0.2422360248447205,0.42857142857142855,0.15476190476190477,0.45652173913043476,0.2826086956521739,0.014492753623188406,9.0,1.3404255319148937,5.74468085106383,0.1485148514851485,0.5785525423730357,0.20890884436014534,0.5785525423730357,0.2727272727272727,,0.5,,,,,False,,1.5,,,,,False,
695506,Jac Caglianone,KC,MIA,1,3.0,1,663969,Tyler Phillips,R,824070,7:40 PM ET,Kauffman Stadium,0,1,0.1944922547332186,2026-09-01,824070,0.0,1,103.7,102.1,85.4,L,4,4,1,1,0,0,0,0,0,1,2,3,0,2,1,1,1,0.373,0.6466666666666666,1,0,1,1,1,0,0.423728813559322,0.45161290322580644,0.7627118644067796,0.22580645161290322,0.5238095238095238,0.2033898305084746,0.04838709677419355,0.04838709677419355,0.1016949152542373,2.466666666666667,0.9333333333333333,0.5111111111111111,0.3111111111111111,0.4444444444444444,0.24444444444444444,0.0,0.3952488888888889,0.67338,0.43478260869565216,0.30434782608695654,0.38154,0.5438433333333333,0.39344262295081966,0.7213114754098361,0.171875,0.31666666666666665,0.4666666666666667,0.25806451612903225,0.7540983606557377,0.2422360248447205,0.42857142857142855,0.15476190476190477,0.45652173913043476,0.2826086956521739,0.014492753623188406,9.0,1.3404255319148937,5.74468085106383,0.1485148514851485,0.6899636953368495,0.2996372476659857,0.6899636953368495,0.423728813559322,,0.5,,,,,False,,1.5,,,,,False,
668942,Josh Rojas,KC,MIA,1,7.0,1,663969,Tyler Phillips,R,824070,7:40 PM ET,Kauffman Stadium,0,1,0.1944922547332186,2026-09-01,824070,0.0,1,103.7,102.1,85.4,L,2,2,2,0,0,1,0,0,0,0,5,2,0,0,1,0,1,0.5015,0.575,1,1,1,1,0,0,0.25,0.29411764705882354,0.875,0.11320754716981132,0.2857142857142857,0.041666666666666664,0.0,0.03773584905660377,0.041666666666666664,0.9333333333333333,0.4,0.3181818181818182,0.20454545454545456,0.38636363636363635,0.29545454545454547,0.0,0.2324611111111111,0.30834999999999996,0.21052631578947367,0.2857142857142857,0.25136666666666657,0.37243333333333356,0.2708333333333333,0.3125,0.13725490196078433,0.16326530612244897,0.24489795918367346,0.21153846153846154,0.7540983606557377,0.2422360248447205,0.42857142857142855,0.15476190476190477,0.45652173913043476,0.2826086956521739,0.014492753623188406,9.0,1.3404255319148937,5.74468085106383,0.1485148514851485,0.618756815767315,0.261871142804078,0.618756815767315,0.25,,0.5,,,,,False,,1.5,,,,,False,
664728,Kyle Isbel,KC,MIA,1,9.0,1,663969,Tyler Phillips,R,824070,7:40 PM ET,Kauffman Stadium,0,1,0.1944922547332186,2026-09-01,824070,0.0,1,103.7,102.1,85.4,L,4,3,1,0,0,0,1,0,0,1,1,2,0,0,0,2,0,0.219,0.22999999999999998,1,0,1,0,1,0,0.23076923076923078,0.2727272727272727,0.7307692307692307,0.24561403508771928,0.2571428571428571,0.21153846153846154,0.05263157894736842,0.03508771929824561,0.09615384615384616,1.5333333333333334,0.9333333333333333,0.325,0.2,0.425,0.3,0.0,0.2785944444444445,0.35630555555555554,0.2222222222222222,0.25,0.24991666666666665,0.29218333333333313,0.2,0.37777777777777777,0.19230769230769232,0.17647058823529413,0.27450980392156865,0.3090909090909091,0.7540983606557377,0.2422360248447205,0.42857142857142855,0.15476190476190477,0.45652173913043476,0.2826086956521739,0.014492753623188406,9.0,1.3404255319148937,5.74468085106383,0.1485148514851485,0.4792190273299899,0.15078269958213253,0.4792190273299899,0.23076923076923078,,0.5,,,,,False,,1.5,,,,,False,
679845,Nick Loftin,KC,MIA,1,6.0,1,663969,Tyler Phillips,R,824070,7:40 PM ET,Kauffman Stadium,1,1,0.1944922547332186,2026-09-01,824070,0.0,1,103.7,102.1,85.4,R,4,4,1,1,0,0,0,0,0,1,2,3,0,1,1,1,1,0.11733333333333333,0.15966666666666665,1,0,1,1,1,0,0.18181818181818182,0.2857142857142857,0.7454545454545455,0.2222222222222222,0.225,0.12727272727272726,0.015873015873015872,0.031746031746031744,0.07272727272727272,1.1333333333333333,0.9333333333333333,0.24390243902439024,0.21951219512195122,0.36585365853658536,0.3902439024390244,0.0,0.23059666666666664,0.3395066666666667,0.3181818181818182,0.17391304347826086,0.23174999999999998,0.3668133333333333,0.22916666666666666,0.3541666666666667,0.19642857142857142,0.23076923076923078,0.3269230769230769,0.21311475409836064,0.7540983606557377,0.2422360248447205,0.42857142857142855,0.15476190476190477,0.45652173913043476,0.2826086956521739,0.014492753623188406,9.0,1.3404255319148937,5.74468085106383,0.1485148514851485,0.6344986165404752,0.24480208573294945,0.6344986165404752,0.18181818181818182,,0.5,,,,,False,,1.5,,,,,False,
521692,Salvador Perez,KC,MIA,1,4.0,1,663969,Tyler Phillips,R,824070,7:40 PM ET,Kauffman Stadium,1,1,0.1944922547332186,2026-09-01,824070,0.0,1,103.7,102.1,85.4,R,4,4,1,0,0,0,0,0,0,0,1,4,0,2,2,2,0,0.44475,0.497,1,0,1,0,0,0,0.2857142857142857,0.3220338983050847,0.7857142857142857,0.1935483870967742,0.3488372093023256,0.125,0.016129032258064516,0.06451612903225806,0.08928571428571429,1.5333333333333334,0.8,0.4318181818181818,0.29545454545454547,0.38636363636363635,0.2727272727272727,0.045454545454545456,0.35967444444444446,0.5708633333333334,0.22727272727272727,0.30434782608695654,0.3571,0.5644833333333331,0.25,0.39285714285714285,0.18032786885245902,0.26785714285714285,0.42857142857142855,0.12698412698412698,0.7540983606557377,0.2422360248447205,0.42857142857142855,0.15476190476190477,0.45652173913043476,0.2826086956521739,0.014492753623188406,9.0,1.3404255319148937,5.74468085106383,0.1485148514851485,0.6692334176454976,0.28581159670132533,0.6692334176454976,0.2857142857142857,,0.5,,,,,False,,1.5,,,,,False,
686469,Vinnie Pasquantino,KC,MIA,1,5.0,1,663969,Tyler Phillips,R,824070,7:40 PM ET,Kauffman Stadium,0,1,0.1944922547332186,2026-09-01,824070,0.0,1,103.7,102.1,85.4,L,4,4,1,0,0,0,0,0,0,1,1,3,0,1,1,0,1,0.15133333333333335,0.23866666666666667,1,0,1,0,1,0,0.34545454545454546,0.4375,0.8909090909090909,0.09230769230769231,0.34782608695652173,0.23636363636363636,0.046153846153846156,0.06153846153846154,0.12727272727272726,2.1333333333333333,0.4,0.5102040816326531,0.1836734693877551,0.3673469387755102,0.32653061224489793,0.0,0.309125,0.5654880952380953,0.2777777777777778,0.041666666666666664,0.2653166666666667,0.5144833333333335,0.3090909090909091,0.4909090909090909,0.06153846153846154,0.26785714285714285,0.375,0.22727272727272727,0.7540983606557377,0.2422360248447205,0.42857142857142855,0.15476190476190477,0.45652173913043476,0.2826086956521739,0.014492753623188406,9.0,1.3404255319148937,5.74468085106383,0.1485148514851485,0.6006350664778471,0.22663313598428547,0.6006350664778471,0.34545454545454546,,0.5,,,,,False,,1.5,,,,,False,
688363,Graham Pauley,MIA,KC,0,8.0,1,677976,Randy Dobnak,R,824070,7:40 PM ET,Kauffman Stadium,0,1,0.22866894197952217,2026-09-01,824070,0.0,1,103.7,102.1,85.4,L,1,1,0,0,0,0,0,0,0,0,0,1,0,0,0,1,0,0.19,0.221,0,0,0,0,0,0,0.21621621621621623,0.23076923076923078,0.7837837837837838,0.20512820512820512,0.26666666666666666,0.08108108108108109,0.0,0.07692307692307693,0.08108108108108109,0.7333333333333333,0.5333333333333333,0.3333333333333333,0.26666666666666666,0.3333333333333333,0.3,0.03333333333333333,0.29222619047619053,0.4258333333333333,0.3333333333333333,0.23076923076923078,0.42550000000000004,0.6384166666666666,0.21621621621621623,0.2972972972972973,0.20512820512820512,0.2222222222222222,0.4444444444444444,0.25,0.75,0.24864864864864866,0.3422459893048128,0.0855614973262032,0.5471698113207547,0.1949685534591195,0.006289308176100629,9.818181818181817,1.3636363636363638,4.090909090909091,0.1056338028169014,0.5695041356927782,0.18666531189806,0.5695041356927782,0.21621621621621623,,0.5,,,,,False,,1.5,,,,,False,
665052,Griffin Conine,MIA,KC,0,2.0,1,677976,Randy Dobnak,R,824070,7:40 PM ET,Kauffman Stadium,0,1,0.22866894197952217,2026-09-01,824070,0.0,1,103.7,102.1,85.4,L,2,2,1,0,0,0,0,0,0,0,1,2,0,0,0,0,1,0.117,0.1575,1,0,1,0,0,0,0.15555555555555556,0.2962962962962963,0.5777777777777777,0.35185185185185186,0.24,0.06666666666666667,0.018518518518518517,0.0,0.022222222222222223,0.6666666666666666,1.2666666666666666,0.34615384615384615,0.2692307692307692,0.38461538461538464,0.23076923076923078,0.0,0.29892307692307696,0.445474358974359,0.06666666666666667,0.3157894736842105,0.20308333333333337,0.23266666666666663,0.23809523809523808,0.5476190476190477,0.2909090909090909,0.2727272727272727,0.4318181818181818,0.3,0.75,0.24864864864864866,0.3422459893048128,0.0855614973262032,0.5471698113207547,0.1949685534591195,0.006289308176100629,9.818181818181817,1.3636363636363638,4.090909090909091,0.1056338028169014,0.6445524977332456,0.19673099485565637,0.6445524977332456,0.15555555555555556,,0.5,,,,,False,,1.5,,,,,False,
681715,Heriberto Hernández,MIA,KC,0,3.0,1,677976,Randy Dobnak,R,824070,7:40 PM ET,Kauffman Stadium,1,1,0.22866894197952217,2026-09-01,824070,0.0,1,103.7,102.1,85.4,R,4,2,0,0,0,0,2,0,0,0,0,2,0,0,0,1,1,0.1135,0.1635,0,0,0,0,0,0,0.26785714285714285,0.3787878787878788,0.6964285714285714,0.25757575757575757,0.29411764705882354,0.2857142857142857,0.07575757575757576,0.015151515151515152,0.10714285714285714,2.066666666666667,1.1333333333333333,0.38461538461538464,0.20512820512820512,0.38461538461538464,0.28205128205128205,0.0,0.4049477777777778,0.7765555555555556,0.23809523809523808,0.2608695652173913,0.30089333333333335,0.7243333333333335,0.23636363636363636,0.4727272727272727,0.3225806451612903,0.2413793103448276,0.6206896551724138,0.23880597014925373,0.75,0.24864864864864866,0.3422459893048128,0.0855614973262032,0.5471698113207547,0.1949685534591195,0.006289308176100629,9.818181818181817,1.3636363636363638,4.090909090909091,0.1056338028169014,0.6689574461844664,0.24246747903956134,0.6689574461844664,0.26785714285714285,,0.5,,,,,False,,1.5,,,,,False,
805300,Jakob Marsee,MIA,KC,0,4.0,1,677976,Randy Dobnak,R,824070,7:40 PM ET,Kauffman Stadium,0,1,0.22866894197952217,2026-09-01,824070,0.0,1,103.7,102.1,85.4,L,4,4,2,1,0,0,0,0,0,1,3,3,0,1,1,2,0,0.27899999999999997,0.5236666666666666,1,1,1,1,1,0,0.22916666666666666,0.3728813559322034,0.7291666666666666,0.21311475409836064,0.2727272727272727,0.1875,0.03278688524590164,0.01639344262295082,0.08333333333333333,1.3333333333333333,0.8666666666666667,0.45714285714285713,0.4,0.34285714285714286,0.2,0.02857142857142857,0.28138888888888886,0.39472222222222225,0.125,0.2857142857142857,0.2725000000000001,0.3732666666666667,0.2692307692307692,0.4807692307692308,0.14516129032258066,0.24444444444444444,0.37777777777777777,0.21052631578947367,0.75,0.24864864864864866,0.3422459893048128,0.0855614973262032,0.5471698113207547,0.1949685534591195,0.006289308176100629,9.818181818181817,1.3636363636363638,4.090909090909091,0.1056338028169014,0.6293543540264926,0.20940408645353883,0.6293543540264926,0.22916666666666666,,0.5,,,,,False,,1.5,,,,,False,
691594,Javier Sanoja,MIA,KC,0,9.0,1,677976,Randy Dobnak,R,824070,7:40 PM ET,Kauffman Stadium,1,1,0.22866894197952217,2026-09-01,824070,0.0,1,103.7,102.1,85.4,R,4,4,2,0,0,0,0,0,0,0,2,4,0,2,0,2,2,0.61575,0.722,1,1,1,1,0,0,0.3018867924528302,0.3508771929824561,0.8867924528301887,0.10526315789473684,0.3111111111111111,0.16981132075471697,0.03508771929824561,0.05263157894736842,0.09433962264150944,1.6666666666666667,0.4,0.2553191489361702,0.2553191489361702,0.48936170212765956,0.19148936170212766,0.02127659574468085,0.2685077777777778,0.34387222222222225,0.3157894736842105,0.09523809523809523,0.35791666666666666,0.42155000000000004,0.36363636363636365,0.5681818181818182,0.10204081632653061,0.25,0.35714285714285715,0.0847457627118644,0.75,0.24864864864864866,0.3422459893048128,0.0855614973262032,0.5471698113207547,0.1949685534591195,0.006289308176100629,9.818181818181817,1.3636363636363638,4.090909090909091,0.1056338028169014,0.4883134763610529,0.10086353855902357,0.4883134763610529,0.3018867924528302,,0.5,,,,,False,,1.5,,,,,False,
691788,Joe Mack,MIA,KC,0,7.0,1,677976,Randy Dobnak,R,824070,7:40 PM ET,Kauffman Stadium,0,1,0.22866894197952217,2026-09-01,824070,0.0,1,103.7,102.1,85.4,L,1,0,0,0,0,0,0,0,1,0,0,1,0,1,1,0,0,0.317,0.334,0,0,0,0,0,0,0.2,0.2653061224489796,0.7111111111111111,0.2653061224489796,0.25806451612903225,0.08888888888888889,0.02040816326530612,0.02040816326530612,0.044444444444444446,0.8666666666666667,0.8666666666666667,0.28125,0.125,0.59375,0.1875,0.0,0.2075611111111111,0.26579444444444444,0.23076923076923078,0.2857142857142857,0.24070000000000005,0.25673333333333337,0.20454545454545456,0.36363636363636365,0.2708333333333333,0.18604651162790697,0.27906976744186046,0.2553191489361702,0.75,0.24864864864864866,0.3422459893048128,0.0855614973262032,0.5471698113207547,0.1949685534591195,0.006289308176100629,9.818181818181817,1.3636363636363638,4.090909090909091,0.1056338028169014,0.6113031656918501,0.17220529906710366,0.6113031656918501,0.2,,0.5,,,,,False,,1.5,,,,,False,
669065,Kyle Stowers,MIA,KC,0,1.0,1,677976,Randy Dobnak,R,824070,7:40 PM ET,Kauffman Stadium,0,1,0.22866894197952217,2026-09-01,824070,0.0,1,103.7,102.1,85.4,L,4,4,2,0,0,0,0,0,0,1,2,3,0,2,0,2,1,0.39433333333333337,0.41933333333333334,1,1,1,1,1,0,0.29411764705882354,0.3898305084745763,0.6470588235294118,0.3050847457627119,0.4375,0.17647058823529413,0.01694915254237288,0.06779661016949153,0.11764705882352941,1.6,1.2,0.6060606060606061,0.30303030303030304,0.18181818181818182,0.45454545454545453,0.0,0.3713095238095238,0.6892023809523808,0.23076923076923078,0.4375,0.41941666666666666,1.0402499999999997,0.3148148148148148,0.6481481481481481,0.30158730158730157,0.14545454545454545,0.23636363636363636,0.3709677419354839,0.75,0.24864864864864866,0.3422459893048128,0.0855614973262032,0.5471698113207547,0.1949685534591195,0.006289308176100629,9.818181818181817,1.3636363636363638,4.090909090909091,0.1056338028169014,0.6400434316350155,0.1836910415997075,0.6400434316350155,0.29411764705882354,,0.5,,,,,False,,1.5,,,,,False,
672640,Otto Lopez,MIA,KC,0,6.0,1,677976,Randy Dobnak,R,824070,7:40 PM ET,Kauffman Stadium,1,1,0.22866894197952217,2026-09-01,824070,0.0,1,103.7,102.1,85.4,R,4,4,1,0,0,0,0,0,0,1,1,3,0,2,0,3,0,0.3006666666666667,0.3353333333333333,1,0,1,0,1,0,0.25,0.3088235294117647,0.8666666666666667,0.11764705882352941,0.2641509433962264,0.06666666666666667,0.014705882352941176,0.014705882352941176,0.03333333333333333,1.2666666666666666,0.5333333333333333,0.3888888888888889,0.24074074074074073,0.4444444444444444,0.25925925925925924,0.0,0.3419611111111111,0.52625,0.2608695652173913,0.2608695652173913,0.35459999999999997,0.59935,0.19672131147540983,0.19672131147540983,0.09375,0.2857142857142857,0.4444444444444444,0.1506849315068493,0.75,0.24864864864864866,0.3422459893048128,0.0855614973262032,0.5471698113207547,0.1949685534591195,0.006289308176100629,9.818181818181817,1.3636363636363638,4.090909090909091,0.1056338028169014,0.6714239661409961,0.2688968736119512,0.6714239661409961,0.25,,0.5,,,,,False,,1.5,,,,,False,
683357,Owen Caissie,MIA,KC,0,5.0,1,677976,Randy Dobnak,R,824070,7:40 PM ET,Kauffman Stadium,0,1,0.22866894197952217,2026-09-01,824070,0.0,1,103.7,102.1,85.4,L,2,2,0,0,0,0,0,0,0,1,0,1,0,0,0,1,0,0.281,0.282,0,0,0,0,1,0,0.2,0.28888888888888886,0.675,0.2826086956521739,0.2692307692307692,0.125,0.021739130434782608,0.043478260869565216,0.075,0.8666666666666667,0.8666666666666667,0.4074074074074074,0.3333333333333333,0.3333333333333333,0.2222222222222222,0.0,0.3144821428571429,0.5745595238095238,0.2727272727272727,0.16666666666666666,0.42787500000000006,0.5230625000000001,0.2,0.325,0.2826086956521739,0.22727272727272727,0.3181818181818182,0.3333333333333333,0.75,0.24864864864864866,0.3422459893048128,0.0855614973262032,0.5471698113207547,0.1949685534591195,0.006289308176100629,9.818181818181817,1.3636363636363638,4.090909090909091,0.1056338028169014,0.6016614904356722,0.18013037033962076,0.6016614904356722,0.2,,0.5,,,,,False,,1.5,,,,,False,
608324,Alex Bregman,CHC,MIL,1,3.0,1,688107,Robert Gasser,L,824633,7:40 PM ET,Wrigley Field,1,0,0.19561551433389546,2026-09-01,824633,0.0,1,98.5,100.5,105.7,R,6,6,3,0,0,3,0,0,0,0,12,6,2,4,3,2,0,0.33349999999999996,0.8326666666666666,1,1,1,1,0,0,0.26229508196721313,0.3333333333333333,0.8524590163934426,0.13043478260869565,0.24489795918367346,0.26229508196721313,0.057971014492753624,0.057971014492753624,0.13114754098360656,2.1333333333333333,0.6,0.3018867924528302,0.22641509433962265,0.32075471698113206,0.33962264150943394,0.03773584905660377,0.27916555555555556,0.4701944444444444,0.23809523809523808,0.13043478260869565,0.24045333333333332,0.35107666666666665,0.3492063492063492,0.7301587301587301,0.125,0.16981132075471697,0.4528301886792453,0.12307692307692308,0.7168141592920354,0.235,0.4251207729468599,0.1642512077294686,0.37037037037037035,0.2716049382716049,0.006172839506172839,7.7142857142857135,1.653061224489796,8.26530612244898,0.21226415094339623,0.6721328801322773,0.2860614566289433,0.6721328801322773,0.26229508196721313,,0.5,,,,,False,,1.5,,,,,False,
681230,BJ Murray Jr.,CHC,MIL,1,8.0,1,688107,Robert Gasser,L,824633,7:40 PM ET,Wrigley Field,0,0,0.19561551433389546,2026-09-01,824633,0.0,1,98.5,100.5,105.7,L,3,3,1,0,0,0,0,0,0,0,1,3,0,1,2,1,0,,,1,0,1,0,0,0,0.09090909090909091,0.3333333333333333,0.45454545454545453,0.4,0.2,0.09090909090909091,0.0,0.06666666666666667,0.09090909090909091,0.25,0.75,0.2,0.2,0.2,0.6,0.0,,,0.0,0.375,,,0.1,0.2,0.35714285714285715,,,,0.7168141592920354,0.235,0.4251207729468599,0.1642512077294686,0.37037037037037035,0.2716049382716049,0.006172839506172839,7.7142857142857135,1.653061224489796,8.26530612244898,0.21226415094339623,0.47046457083830867,0.13339613364394395,0.47046457083830867,0.09090909090909091,,0.5,,,,,False,,1.5,,,,,False,
608348,Carson Kelly,CHC,MIL,1,7.0,1,688107,Robert Gasser,L,824633,7:40 PM ET,Wrigley Field,1,0,0.19561551433389546,2026-09-01,824633,0.0,1,98.5,100.5,105.7,R,6,5,3,0,0,1,1,0,0,0,6,5,0,1,3,1,1,0.2532,0.32599999999999996,1,1,1,1,0,0,0.23076923076923078,0.2857142857142857,0.8076923076923077,0.17857142857142858,0.25,0.17307692307692307,0.03571428571428571,0.05357142857142857,0.09615384615384616,1.4,0.6666666666666666,0.30952380952380953,0.19047619047619047,0.47619047619047616,0.23809523809523808,0.0,0.35935111111111107,0.4777988888888889,0.2222222222222222,0.09523809523809523,0.2688933333333333,0.4803866666666667,0.23636363636363636,0.32727272727272727,0.11864406779661017,0.32653061224489793,0.4897959183673469,0.2037037037037037,0.7168141592920354,0.235,0.4251207729468599,0.1642512077294686,0.37037037037037035,0.2716049382716049,0.006172839506172839,7.7142857142857135,1.653061224489796,8.26530612244898,0.21226415094339623,0.6373520173342242,0.2579400029872136,0.6373520173342242,0.23076923076923078,,0.5,,,,,False,,1.5,,,,,False,
807713,Matt Shaw,CHC,MIL,1,9.0,1,688107,Robert Gasser,L,824633,7:40 PM ET,Wrigley Field,1,0,0.19561551433389546,2026-09-01,824633,0.0,1,98.5,100.5,105.7,R,5,4,1,0,0,1,1,0,0,0,4,4,0,2,2,2,0,0.2785,0.797,1,0,1,1,0,0,0.2702702702702703,0.41304347826086957,0.7567567567567568,0.1956521739130435,0.3333333333333333,0.21621621621621623,0.021739130434782608,0.021739130434782608,0.10810810810810811,1.2,0.6,0.35714285714285715,0.14285714285714285,0.42857142857142855,0.35714285714285715,0.0,0.24622435897435896,0.34058974358974353,0.3333333333333333,0.1111111111111111,0.0965,0.1225,0.21951219512195122,0.43902439024390244,0.16666666666666666,0.3,0.4,0.2,0.7168141592920354,0.235,0.4251207729468599,0.1642512077294686,0.37037037037037035,0.2716049382716049,0.006172839506172839,7.7142857142857135,1.653061224489796,8.26530612244898,0.21226415094339623,0.4775589488234076,0.15372664887024437,0.4775589488234076,0.2702702702702703,,0.5,,,,,False,,1.5,,,,,False,
683737,Michael Busch,CHC,MIL,1,6.0,1,688107,Robert Gasser,L,824633,7:40 PM ET,Wrigley Field,0,0,0.19561551433389546,2026-09-01,824633,0.0,1,98.5,100.5,105.7,L,6,5,1,1,0,0,1,0,0,1,2,4,0,1,1,1,2,0.28650000000000003,0.38149999999999995,1,0,1,1,1,0,0.19642857142857142,0.3181818181818182,0.6428571428571429,0.30303030303030304,0.24242424242424243,0.21428571428571427,0.045454545454545456,0.045454545454545456,0.10714285714285714,1.5333333333333334,1.3333333333333333,0.4722222222222222,0.19444444444444445,0.2777777777777778,0.4166666666666667,0.08333333333333333,0.33348809523809525,0.6496083333333333,0.15,0.30434782608695654,0.29124999999999995,0.5914374999999998,0.27586206896551724,0.4482758620689655,0.19117647058823528,0.30357142857142855,0.6071428571428571,0.1875,0.7168141592920354,0.235,0.4251207729468599,0.1642512077294686,0.37037037037037035,0.2716049382716049,0.006172839506172839,7.7142857142857135,1.653061224489796,8.26530612244898,0.21226415094339623,0.5767381695360071,0.18999039832039757,0.5767381695360071,0.19642857142857142,,0.5,,,,,False,,1.5,,,,,False,
663538,Nico Hoerner,CHC,MIL,1,5.0,1,688107,Robert Gasser,L,824633,7:40 PM ET,Wrigley Field,1,0,0.19561551433389546,2026-09-01,824633,0.0,1,98.5,100.5,105.7,R,4,3,1,0,0,1,1,0,0,0,4,3,1,1,1,2,0,0.19599999999999998,0.537,1,0,1,1,0,0,0.2711864406779661,0.2857142857142857,0.8983050847457628,0.09523809523809523,0.2909090909090909,0.01694915254237288,0.0,0.015873015873015872,0.01694915254237288,1.1333333333333333,0.4,0.2545454545454545,0.2909090909090909,0.4727272727272727,0.18181818181818182,0.01818181818181818,0.35381222222222225,0.4296933333333333,0.2857142857142857,0.13636363636363635,0.40922666666666674,0.5342866666666666,0.2833333333333333,0.31666666666666665,0.06153846153846154,0.20689655172413793,0.3448275862068966,0.125,0.7168141592920354,0.235,0.4251207729468599,0.1642512077294686,0.37037037037037035,0.2716049382716049,0.006172839506172839,7.7142857142857135,1.653061224489796,8.26530612244898,0.21226415094339623,0.6686439728285465,0.3161286392286917,0.6686439728285465,0.2711864406779661,,0.5,,,,,False,,1.5,,,,,False,
691718,Pete Crow-Armstrong,CHC,MIL,1,1.0,1,688107,Robert Gasser,L,824633,7:40 PM ET,Wrigley Field,0,0,0.19561551433389546,2026-09-01,824633,0.0,1,98.5,100.5,105.7,L,5,5,1,0,0,0,0,0,0,1,1,4,0,1,1,1,2,0.6066666666666666,0.689,1,0,1,0,1,0,0.2923076923076923,0.352112676056338,0.8153846153846154,0.16901408450704225,0.19047619047619047,0.5538461538461539,0.15492957746478872,0.04225352112676056,0.2153846153846154,3.6666666666666665,0.8,0.5094339622641509,0.22641509433962265,0.22641509433962265,0.41509433962264153,0.07547169811320754,0.37499333333333335,0.8217333333333332,0.391304347826087,0.20833333333333334,0.5510833333333334,1.1026333333333331,0.22580645161290322,0.5967741935483871,0.2328767123287671,0.31666666666666665,0.7333333333333333,0.2535211267605634,0.7168141592920354,0.235,0.4251207729468599,0.1642512077294686,0.37037037037037035,0.2716049382716049,0.006172839506172839,7.7142857142857135,1.653061224489796,8.26530612244898,0.21226415094339623,0.5293197791909651,0.17082496856508622,0.5293197791909651,0.2923076923076923,,0.5,,,,,False,,1.5,,,,,False,
673548,Seiya Suzuki,CHC,MIL,1,2.0,1,688107,Robert Gasser,L,824633,7:40 PM ET,Wrigley Field,1,0,0.19561551433389546,2026-09-01,824633,0.0,1,98.5,100.5,105.7,R,6,5,3,0,0,1,1,0,0,0,6,5,1,3,2,1,2,0.5578000000000001,1.0585999999999998,1,1,1,1,0,0,0.29508196721311475,0.39436619718309857,0.7213114754098361,0.23943661971830985,0.36585365853658536,0.26229508196721313,0.04225352112676056,0.09859154929577464,0.16393442622950818,2.2666666666666666,1.1333333333333333,0.3409090909090909,0.18181818181818182,0.4318181818181818,0.3181818181818182,0.022727272727272728,0.29760000000000003,0.5561388888888888,0.38095238095238093,0.125,0.33664999999999995,0.6002999999999998,0.3064516129032258,0.5645161290322581,0.2676056338028169,0.3090909090909091,0.6,0.13636363636363635,0.7168141592920354,0.235,0.4251207729468599,0.1642512077294686,0.37037037037037035,0.2716049382716049,0.006172839506172839,7.7142857142857135,1.653061224489796,8.26530612244898,0.21226415094339623,0.660018841567432,0.30046188621658604,0.660018841567432,0.29508196721311475,,0.5,,,,,False,,1.5,,,,,False,
621438,Tyrone Taylor,CHC,MIL,1,4.0,1,688107,Robert Gasser,L,824633,7:40 PM ET,Wrigley Field,1,0,0.19561551433389546,2026-09-01,824633,0.0,1,98.5,100.5,105.7,R,6,6,4,0,0,1,0,0,0,0,7,6,0,2,2,2,2,0.4905,0.8143333333333332,1,1,1,1,0,0,0.3684210526315789,0.4318181818181818,0.8421052631578947,0.13636363636363635,0.42424242424242425,0.07894736842105263,0.0,0.06818181818181818,0.07894736842105263,1.1333333333333333,0.4,0.2727272727272727,0.2727272727272727,0.36363636363636365,0.30303030303030304,0.0,0.33019642857142856,0.4042428571428572,0.5,0.1111111111111111,0.3142000000000001,0.4192466666666668,0.3888888888888889,0.6388888888888888,0.18604651162790697,0.3157894736842105,0.7105263157894737,0.2,0.7168141592920354,0.235,0.4251207729468599,0.1642512077294686,0.37037037037037035,0.2716049382716049,0.006172839506172839,7.7142857142857135,1.653061224489796,8.26530612244898,0.21226415094339623,0.6999466257489898,0.29165088752325224,0.6999466257489898,0.3684210526315789,,0.5,,,,,False,,1.5,,,,,False,
683734,Andrew Vaughn,MIL,CHC,0,5.0,1,571510,Matthew Boyd,L,824633,7:40 PM ET,Wrigley Field,1,0,0.21008403361344538,2026-09-01,824633,0.0,1,98.5,100.5,105.7,R,1,1,1,0,0,0,0,0,0,0,1,1,0,1,0,1,0,0.523,0.584,1,0,1,0,0,0,0.3333333333333333,0.4230769230769231,0.8,0.17307692307692307,0.4166666666666667,0.0,0.0,0.0,0.0,1.0,0.6,0.4722222222222222,0.16666666666666666,0.5,0.25,0.0,0.3189055555555555,0.3896833333333334,0.2857142857142857,0.25,0.22695000000000004,0.25869999999999993,0.3125,0.3958333333333333,0.2807017543859649,0.2682926829268293,0.36585365853658536,0.17777777777777778,0.7653846153846153,0.19730941704035873,0.4127659574468085,0.17446808510638298,0.41708542713567837,0.271356783919598,0.01507537688442211,9.1875,1.125,9.75,0.25120772946859904,0.6467340745400892,0.27846224147495086,0.6467340745400892,0.3333333333333333,,0.5,,,,,False,,1.5,,,,,False,
668930,Brice Turang,MIL,CHC,0,2.0,1,571510,Matthew Boyd,L,824633,7:40 PM ET,Wrigley Field,0,0,0.21008403361344538,2026-09-01,824633,0.0,1,98.5,100.5,105.7,L,4,4,0,0,0,0,0,0,0,2,0,2,0,0,0,2,0,0.1255,0.14350000000000002,0,0,0,0,1,1,0.14516129032258066,0.2535211267605634,0.6774193548387096,0.28169014084507044,0.1951219512195122,0.08064516129032258,0.014084507042253521,0.028169014084507043,0.04838709677419355,0.9333333333333333,1.3333333333333333,0.30952380952380953,0.23809523809523808,0.5,0.21428571428571427,0.0,0.3077111111111111,0.47231111111111107,0.14285714285714285,0.25,0.21973333333333328,0.4053833333333333,0.20689655172413793,0.3275862068965517,0.2608695652173913,0.16666666666666666,0.23333333333333334,0.22058823529411764,0.7653846153846153,0.19730941704035873,0.4127659574468085,0.17446808510638298,0.41708542713567837,0.271356783919598,0.01507537688442211,9.1875,1.125,9.75,0.25120772946859904,0.6106136913023569,0.228577267738321,0.6106136913023569,0.14516129032258066,,0.5,,,,,False,,1.5,,,,,False,
592885,Christian Yelich,MIL,CHC,0,6.0,1,571510,Matthew Boyd,L,824633,7:40 PM ET,Wrigley Field,0,0,0.21008403361344538,2026-09-01,824633,0.0,1,98.5,100.5,105.7,L,3,3,0,0,0,0,0,0,0,2,0,1,0,1,0,1,0,0.384,0.432,0,0,0,0,1,1,0.2830188679245283,0.35,0.7924528301886793,0.18032786885245902,0.3170731707317073,0.18867924528301888,0.03278688524590164,0.06557377049180328,0.11320754716981132,1.6666666666666667,0.7333333333333333,0.4883720930232558,0.3023255813953488,0.5116279069767442,0.16279069767441862,0.046511627906976744,0.4296888888888889,0.7099111111111112,0.4117647058823529,0.10526315789473684,0.4209066666666666,0.6974366666666667,0.3137254901960784,0.5098039215686274,0.2033898305084746,0.23333333333333334,0.4166666666666667,0.20588235294117646,0.7653846153846153,0.19730941704035873,0.4127659574468085,0.17446808510638298,0.41708542713567837,0.271356783919598,0.01507537688442211,9.1875,1.125,9.75,0.25120772946859904,0.637622053021173,0.26735244760703897,0.637622053021173,0.2830188679245283,,0.5,,,,,False,,1.5,,,,,False,
806198,Cooper Pratt,MIL,CHC,0,9.0,1,571510,Matthew Boyd,L,824633,7:40 PM ET,Wrigley Field,1,0,0.21008403361344538,2026-09-01,824633,0.0,1,98.5,100.5,105.7,R,4,4,2,0,0,1,0,0,0,0,5,4,1,2,1,1,2,0.51325,1.1575,1,1,1,1,0,0,0.20454545454545456,0.22,0.7045454545454546,0.2549019607843137,0.2571428571428571,0.022727272727272728,0.0,0.0196078431372549,0.022727272727272728,0.6666666666666666,0.8666666666666667,0.25,0.16666666666666666,0.5277777777777778,0.2777777777777778,0.0,0.23949404761904766,0.29908333333333337,0.3333333333333333,0.058823529411764705,0.2702,0.30475,0.25,0.3333333333333333,0.19642857142857142,0.23076923076923078,0.2564102564102564,0.23404255319148937,0.7653846153846153,0.19730941704035873,0.4127659574468085,0.17446808510638298,0.41708542713567837,0.271356783919598,0.01507537688442211,9.1875,1.125,9.75,0.25120772946859904,0.5693125155038242,0.19696342888379018,0.5693125155038242,0.20454545454545456,,0.5,,,,,False,,1.5,,,,,False,
694192,Jackson Chourio,MIL,CHC,0,1.0,1,571510,Matthew Boyd,L,824633,7:40 PM ET,Wrigley Field,1,0,0.21008403361344538,2026-09-01,824633,0.0,1,98.5,100.5,105.7,R,4,4,1,1,0,0,0,0,0,2,2,2,0,1,0,2,0,0.2045,0.2165,1,0,1,1,1,1,0.31746031746031744,0.36764705882352944,0.7777777777777778,0.20588235294117646,0.3695652173913043,0.1746031746031746,0.04411764705882353,0.029411764705882353,0.07936507936507936,2.066666666666667,0.9333333333333333,0.4897959183673469,0.16326530612244897,0.42857142857142855,0.40816326530612246,0.061224489795918366,0.3426222222222222,0.5913588888888889,0.30434782608695654,0.16666666666666666,0.3262266666666666,0.6727066666666666,0.32142857142857145,0.5357142857142857,0.20634920634920634,0.2459016393442623,0.47540983606557374,0.21212121212121213,0.7653846153846153,0.19730941704035873,0.4127659574468085,0.17446808510638298,0.41708542713567837,0.271356783919598,0.01507537688442211,9.1875,1.125,9.75,0.25120772946859904,0.6940269397846054,0.3024858643648165,0.6940269397846054,0.31746031746031744,,0.5,,,,,False,,1.5,,,,,False,
641343,Jake Bauers,MIL,CHC,0,4.0,1,571510,Matthew Boyd,L,824633,7:40 PM ET,Wrigley Field,0,0,0.21008403361344538,2026-09-01,824633,0.0,1,98.5,100.5,105.7,L,3,2,1,0,0,0,1,0,0,0,1,2,0,1,0,2,0,0.392,0.44799999999999995,1,0,1,0,0,0,0.30612244897959184,0.47692307692307695,0.6326530612244898,0.27692307692307694,0.4482758620689655,0.16326530612244897,0.03076923076923077,0.03076923076923077,0.08163265306122448,1.5333333333333334,1.2,0.5161290322580645,0.2903225806451613,0.3870967741935484,0.3225806451612903,0.06451612903225806,0.44208333333333333,0.7459166666666668,0.26666666666666666,0.3333333333333333,0.3770416666666667,0.4628333333333331,0.24489795918367346,0.40816326530612246,0.31746031746031744,0.36,0.72,0.18461538461538463,0.7653846153846153,0.19730941704035873,0.4127659574468085,0.17446808510638298,0.41708542713567837,0.271356783919598,0.01507537688442211,9.1875,1.125,9.75,0.25120772946859904,0.6218597336773213,0.18797153419417145,0.6218597336773213,0.30612244897959184,,0.5,,,,,False,,1.5,,,,,False,
687401,Joey Ortiz,MIL,CHC,0,8.0,1,571510,Matthew Boyd,L,824633,7:40 PM ET,Wrigley Field,1,0,0.21008403361344538,2026-09-01,824633,0.0,1,98.5,100.5,105.7,R,1,1,0,0,0,0,0,0,0,0,0,1,0,0,0,1,0,0.216,0.219,0,0,0,0,0,0,0.3148148148148148,0.3709677419354839,0.7592592592592593,0.20967741935483872,0.36585365853658536,0.18518518518518517,0.03225806451612903,0.03225806451612903,0.09259259259259259,1.8,0.8666666666666667,0.46511627906976744,0.20930232558139536,0.5348837209302325,0.16279069767441862,0.023255813953488372,0.2874523809523809,0.4413511904761904,0.3157894736842105,0.09523809523809523,0.25501666666666667,0.3963333333333332,0.30434782608695654,0.5869565217391305,0.22807017543859648,0.3018867924528302,0.49056603773584906,0.2037037037037037,0.7653846153846153,0.19730941704035873,0.4127659574468085,0.17446808510638298,0.41708542713567837,0.271356783919598,0.01507537688442211,9.1875,1.125,9.75,0.25120772946859904,0.6202536761536,0.2724682430140966,0.6202536761536,0.3148148148148148,,0.5,,,,,False,,1.5,,,,,False,
800325,Luis Lara,MIL,CHC,0,7.0,1,571510,Matthew Boyd,L,824633,7:40 PM ET,Wrigley Field,1,0,0.21008403361344538,2026-09-01,824633,0.0,1,98.5,100.5,105.7,R,1,1,1,1,0,0,0,0,0,0,2,1,0,1,0,0,1,0.666,0.924,1,0,1,1,0,0,0.34285714285714286,0.3783783783783784,0.7428571428571429,0.24324324324324326,0.46153846153846156,0.05714285714285714,0.0,0.0,0.02857142857142857,0.9333333333333333,0.6,0.5,0.34615384615384615,0.5769230769230769,0.038461538461538464,0.0,0.3539615384615385,0.4396282051282051,0.3,0.36363636363636365,0.40149999999999997,0.451125,0.25,0.375,0.20967741935483872,0.2564102564102564,0.358974358974359,0.19047619047619047,0.7653846153846153,0.19730941704035873,0.4127659574468085,0.17446808510638298,0.41708542713567837,0.271356783919598,0.01507537688442211,9.1875,1.125,9.75,0.25120772946859904,0.6062350171192142,0.23810204999678683,0.6062350171192142,0.34285714285714286,,0.5,,,,,False,,1.5,,,,,False,
661388,William Contreras,MIL,CHC,0,3.0,1,571510,Matthew Boyd,L,824633,7:40 PM ET,Wrigley Field,1,0,0.21008403361344538,2026-09-01,824633,0.0,1,98.5,100.5,105.7,R,3,2,1,1,0,0,1,0,0,0,2,2,0,0,0,0,2,0.4015,0.486,1,0,1,1,0,0,0.3389830508474576,0.4142857142857143,0.864406779661017,0.11428571428571428,0.35294117647058826,0.1694915254237288,0.02857142857142857,0.05714285714285714,0.1016949152542373,2.0,0.5333333333333333,0.5094339622641509,0.2641509433962264,0.39622641509433965,0.2641509433962264,0.05660377358490566,0.3411233333333333,0.6523744444444444,0.35,0.16666666666666666,0.35600999999999994,0.6473399999999999,0.17543859649122806,0.2982456140350877,0.14925373134328357,0.2727272727272727,0.41818181818181815,0.09375,0.7653846153846153,0.19730941704035873,0.4127659574468085,0.17446808510638298,0.41708542713567837,0.271356783919598,0.01507537688442211,9.1875,1.125,9.75,0.25120772946859904,0.6536418083752743,0.25290841890838495,0.6536418083752743,0.3389830508474576,,0.5,,,,,False,,1.5,,,,,False,
607043,Brandon Nimmo,TEX,ATH,1,4.0,1,669620,Brady Basso,L,822854,8:05 PM ET,Globe Life Field,0,0,0.22438162544169613,2026-09-01,822854,1.0,0,94.8,94.6,93.8,L,4,3,2,0,0,0,0,0,1,0,2,4,0,3,2,1,1,0.541,1.191,1,1,1,1,0,0,0.16666666666666666,0.22727272727272727,0.75,0.22388059701492538,0.2,0.1,0.014925373134328358,0.04477611940298507,0.06666666666666667,1.0666666666666667,1.0,0.45652173913043476,0.10869565217391304,0.5217391304347826,0.32608695652173914,0.021739130434782608,0.23320000000000002,0.3448722222222222,0.3,0.2608695652173913,0.2622666666666666,0.4852666666666668,0.17543859649122806,0.2807017543859649,0.20967741935483872,0.35714285714285715,0.5892857142857143,0.171875,0.8412698412698413,0.2542372881355932,0.4098360655737705,0.13114754098360656,0.32075471698113206,0.3584905660377358,0.0,13.000000000000002,1.0000000000000002,3.000000000000001,0.061224489795918366,0.6093848467274795,0.21512471191236796,0.6093848467274795,0.16666666666666666,,0.5,,,,,False,,1.5,,,,,False,
683227,Cody Freeman,TEX,ATH,1,7.0,1,669620,Brady Basso,L,822854,8:05 PM ET,Globe Life Field,1,0,0.22438162544169613,2026-09-01,822854,1.0,0,94.8,94.6,93.8,R,4,4,2,0,0,0,0,0,0,0,2,4,0,3,1,0,3,0.5685,0.69425,1,1,1,1,0,0,0.3,0.391304347826087,0.875,0.10416666666666667,0.3235294117647059,0.15,0.020833333333333332,0.020833333333333332,0.075,1.2,0.3333333333333333,0.1891891891891892,0.10810810810810811,0.5405405405405406,0.24324324324324326,0.02702702702702703,0.1866261904761905,0.25864404761904763,0.25,0.0,0.11043333333333334,0.2363833333333333,0.25,0.3181818181818182,0.1875,0.2619047619047619,0.38095238095238093,0.22,0.8412698412698413,0.2542372881355932,0.4098360655737705,0.13114754098360656,0.32075471698113206,0.3584905660377358,0.0,13.000000000000002,1.0000000000000002,3.000000000000001,0.061224489795918366,0.5962630386030405,0.16165261607397785,0.5962630386030405,0.3,,0.5,,,,,False,,1.5,,,,,False,
608369,Corey Seager,TEX,ATH,1,2.0,1,669620,Brady Basso,L,822854,8:05 PM ET,Globe Life Field,0,0,0.22438162544169613,2026-09-01,822854,1.0,0,94.8,94.6,93.8,L,4,2,0,0,0,0,2,0,0,0,0,2,0,2,0,1,1,0.3695,0.727,0,0,0,0,0,0,0.3090909090909091,0.40625,0.7454545454545455,0.21875,0.4,0.12727272727272726,0.015625,0.0625,0.09090909090909091,1.6,0.9333333333333333,0.5609756097560976,0.3170731707317073,0.4146341463414634,0.24390243902439024,0.04878048780487805,0.3752777777777778,0.6607833333333333,0.1,0.30434782608695654,0.3099,0.49856666666666705,0.2962962962962963,0.46296296296296297,0.19672131147540983,0.24561403508771928,0.38596491228070173,0.2222222222222222,0.8412698412698413,0.2542372881355932,0.4098360655737705,0.13114754098360656,0.32075471698113206,0.3584905660377358,0.0,13.000000000000002,1.0000000000000002,3.000000000000001,0.061224489795918366,0.611483039078547,0.24105446425798852,0.611483039078547,0.3090909090909091,,0.5,,,,,False,,1.5,,,,,False,
553869,Elias Díaz,TEX,ATH,1,9.0,1,669620,Brady Basso,L,822854,8:05 PM ET,Globe Life Field,1,0,0.22438162544169613,2026-09-01,822854,1.0,0,94.8,94.6,93.8,R,2,2,0,0,0,0,0,0,0,0,0,2,0,1,0,1,1,0.4485,1.0370000000000001,0,0,0,0,0,0,0.19047619047619047,0.2553191489361702,0.7142857142857143,0.2553191489361702,0.23333333333333334,0.11904761904761904,0.02127659574468085,0.0425531914893617,0.07142857142857142,0.8666666666666667,0.8,0.45161290322580644,0.22580645161290322,0.3548387096774194,0.25806451612903225,0.03225806451612903,0.26869444444444446,0.5717222222222222,0.18181818181818182,0.26666666666666666,0.1425555555555558,0.3257777777777776,0.14893617021276595,0.23404255319148937,0.2830188679245283,0.2,0.34285714285714286,0.2631578947368421,0.8412698412698413,0.2542372881355932,0.4098360655737705,0.13114754098360656,0.32075471698113206,0.3584905660377358,0.0,13.000000000000002,1.0000000000000002,3.000000000000001,0.061224489795918366,0.3685783539646869,0.09097149617369998,0.3685783539646869,0.19047619047619047,,0.5,,,,,False,,1.5,,,,,False,
694497,Evan Carter,TEX,ATH,1,8.0,1,669620,Brady Basso,L,822854,8:05 PM ET,Globe Life Field,0,0,0.22438162544169613,2026-09-01,822854,1.0,0,94.8,94.6,93.8,L,2,2,0,0,0,0,0,0,0,1,0,1,0,0,0,1,0,0.31,0.353,0,0,0,0,1,0,0.20833333333333334,0.22448979591836735,0.7291666666666666,0.2653061224489796,0.2857142857142857,0.08333333333333333,0.0,0.08163265306122448,0.08333333333333333,0.9333333333333333,0.8666666666666667,0.34285714285714286,0.3142857142857143,0.2571428571428571,0.37142857142857144,0.0,0.3366,0.49917222222222224,0.13333333333333333,0.1875,0.35120000000000007,0.5323999999999999,0.14285714285714285,0.19047619047619047,0.29545454545454547,0.11627906976744186,0.13953488372093023,0.28,0.8412698412698413,0.2542372881355932,0.4098360655737705,0.13114754098360656,0.32075471698113206,0.3584905660377358,0.0,13.000000000000002,1.0000000000000002,3.000000000000001,0.061224489795918366,0.5604059541239386,0.1555329157037484,0.5604059541239386,0.20833333333333334,,0.5,,,,,False,,1.5,,,,,False,
677649,Ezequiel Duran,TEX,ATH,1,5.0,1,669620,Brady Basso,L,822854,8:05 PM ET,Globe Life Field,1,0,0.22438162544169613,2026-09-01,822854,1.0,0,94.8,94.6,93.8,R,5,4,1,0,0,0,1,0,0,0,1,4,0,2,1,1,2,0.46125,0.68875,1,0,1,0,0,0,0.32142857142857145,0.3968253968253968,0.6964285714285714,0.2698412698412698,0.43243243243243246,0.21428571428571427,0.031746031746031744,0.06349206349206349,0.125,2.0,1.1333333333333333,0.48717948717948717,0.2564102564102564,0.41025641025641024,0.3076923076923077,0.0,0.3165277777777778,0.5184355555555555,0.3,0.2727272727272727,0.29123333333333334,0.49928333333333336,0.2545454545454545,0.38181818181818183,0.3333333333333333,0.2857142857142857,0.44642857142857145,0.25,0.8412698412698413,0.2542372881355932,0.4098360655737705,0.13114754098360656,0.32075471698113206,0.3584905660377358,0.0,13.000000000000002,1.0000000000000002,3.000000000000001,0.061224489795918366,0.6265832025216199,0.24978459030899058,0.6265832025216199,0.32142857142857145,,0.5,,,,,False,,1.5,,,,,False,
669394,Jake Burger,TEX,ATH,1,6.0,1,669620,Brady Basso,L,822854,8:05 PM ET,Globe Life Field,1,0,0.22438162544169613,2026-09-01,822854,1.0,0,94.8,94.6,93.8,R,4,4,2,1,0,0,0,0,0,0,3,4,0,2,1,1,2,0.36225,0.59775,1,1,1,1,0,0,0.24,0.3333333333333333,0.72,0.24561403508771928,0.25,0.3,0.07017543859649122,0.05263157894736842,0.14,1.8,0.9333333333333333,0.5277777777777778,0.1388888888888889,0.4722222222222222,0.2777777777777778,0.027777777777777776,0.40990476190476194,1.0307619047619048,0.2222222222222222,0.21052631578947367,0.41084999999999994,1.4038,0.2,0.35555555555555557,0.34,0.21818181818181817,0.41818181818181815,0.22950819672131148,0.8412698412698413,0.2542372881355932,0.4098360655737705,0.13114754098360656,0.32075471698113206,0.3584905660377358,0.0,13.000000000000002,1.0000000000000002,3.000000000000001,0.061224489795918366,0.5778938354139763,0.24483374783952958,0.5778938354139763,0.24,,0.5,,,,,False,,1.5,,,,,False,
679822,Justin Foscue,TEX,ATH,1,1.0,1,669620,Brady Basso,L,822854,8:05 PM ET,Globe Life Field,1,0,0.22438162544169613,2026-09-01,822854,1.0,0,94.8,94.6,93.8,R,2,2,1,0,0,1,0,0,0,0,4,2,0,1,2,0,0,0.4655,1.714,1,0,1,1,0,0,0.2682926829268293,0.34782608695652173,0.8048780487804879,0.17391304347826086,0.2903225806451613,0.21951219512195122,0.043478260869565216,0.06521739130434782,0.12195121951219512,1.3333333333333333,0.5333333333333333,0.3939393939393939,0.21212121212121213,0.2727272727272727,0.3939393939393939,0.09090909090909091,0.3524,0.6810611111111111,0.3125,0.16666666666666666,0.2750666666666667,0.49158333333333337,0.16666666666666666,0.43333333333333335,0.25806451612903225,0.3333333333333333,0.6111111111111112,0.21951219512195122,0.8412698412698413,0.2542372881355932,0.4098360655737705,0.13114754098360656,0.32075471698113206,0.3584905660377358,0.0,13.000000000000002,1.0000000000000002,3.000000000000001,0.061224489795918366,0.6510469220486833,0.4973839162598442,0.6510469220486833,0.2682926829268293,,0.5,,,,,False,,1.5,,,,,False,
694671,Wyatt Langford,TEX,ATH,1,3.0,1,669620,Brady Basso,L,822854,8:05 PM ET,Globe Life Field,1,0,0.22438162544169613,2026-09-01,822854,1.0,0,94.8,94.6,93.8,R,4,3,0,0,0,0,1,0,0,1,0,2,0,1,1,1,0,0.26749999999999996,0.6545,0,0,0,0,1,0,0.25925925925925924,0.4117647058823529,0.8703703703703703,0.10294117647058823,0.26666666666666666,0.14814814814814814,0.029411764705882353,0.029411764705882353,0.07407407407407407,1.4666666666666666,0.4666666666666667,0.40425531914893614,0.23404255319148937,0.3829787234042553,0.2765957446808511,0.0,0.33082222222222224,0.4571611111111111,0.26666666666666666,0.08695652173913043,0.26370000000000005,0.3081666666666668,0.16981132075471697,0.33962264150943394,0.27419354838709675,0.24,0.38,0.12121212121212122,0.8412698412698413,0.2542372881355932,0.4098360655737705,0.13114754098360656,0.32075471698113206,0.3584905660377358,0.0,13.000000000000002,1.0000000000000002,3.000000000000001,0.061224489795918366,0.6347195358526778,0.24457596938819914,0.6347195358526778,0.25925925925925924,,0.5,,,,,False,,1.5,,,,,False,
675961,Alika Williams,ATH,TEX,0,8.0,1,669022,MacKenzie Gore,L,822854,8:05 PM ET,Globe Life Field,1,0,0.19964664310954064,2026-09-01,822854,1.0,0,94.8,94.6,93.8,R,3,3,1,0,0,0,0,0,0,1,1,2,0,1,0,1,1,0.484,0.601,1,0,1,0,1,0,0.2571428571428571,0.3157894736842105,0.8285714285714286,0.15384615384615385,0.3103448275862069,0.17142857142857143,0.0,0.10256410256410256,0.14285714285714285,1.0,0.4,0.36666666666666664,0.16666666666666666,0.4666666666666667,0.26666666666666666,0.0,0.26495512820512823,0.3785705128205129,0.25,0.15384615384615385,0.1905,0.37925000000000003,0.16216216216216217,0.24324324324324326,0.23076923076923078,0.25806451612903225,0.3225806451612903,0.19444444444444445,0.6468085106382979,0.20098039215686275,0.42990654205607476,0.19158878504672897,0.39473684210526316,0.26973684210526316,0.02631578947368421,9.169811320754716,0.8490566037735849,9.849056603773585,0.25327510917030566,0.5528556686420077,0.2009881087011706,0.5528556686420077,0.2571428571428571,,0.5,,,,,False,,1.5,,,,,False,
672016,Denzel Clarke,ATH,TEX,0,9.0,1,669022,MacKenzie Gore,L,822854,8:05 PM ET,Globe Life Field,1,0,0.19964664310954064,2026-09-01,822854,1.0,0,94.8,94.6,93.8,R,2,2,0,0,0,0,0,0,0,2,0,0,0,0,0,0,0,0.058,0.07,0,0,0,0,1,1,0.1891891891891892,0.25,0.5945945945945946,0.3488372093023256,0.3181818181818182,0.02702702702702703,0.0,0.023255813953488372,0.02702702702702703,0.5333333333333333,1.0,0.44,0.12,0.76,0.04,0.0,0.29980555555555555,0.3524305555555555,0.2727272727272727,0.35714285714285715,0.30169999999999997,0.3338,0.1590909090909091,0.20454545454545456,0.425531914893617,0.275,0.475,0.23255813953488372,0.6468085106382979,0.20098039215686275,0.42990654205607476,0.19158878504672897,0.39473684210526316,0.26973684210526316,0.02631578947368421,9.169811320754716,0.8490566037735849,9.849056603773585,0.25327510917030566,0.39311871567857776,0.09490981607386091,0.39311871567857776,0.1891891891891892,,0.5,,,,,False,,1.5,,,,,False,
703607,Henry Bolte,ATH,TEX,0,1.0,1,669022,MacKenzie Gore,L,822854,8:05 PM ET,Globe Life Field,1,0,0.19964664310954064,2026-09-01,822854,1.0,0,94.8,94.6,93.8,R,4,4,0,0,0,0,0,0,0,1,0,3,0,2,0,3,0,0.34600000000000003,0.3753333333333333,0,0,0,0,1,0,0.3492063492063492,0.4142857142857143,0.7301587301587301,0.24285714285714285,0.4666666666666667,0.12698412698412698,0.014285714285714285,0.04285714285714286,0.07936507936507936,2.0,1.1333333333333333,0.4782608695652174,0.2826086956521739,0.6086956521739131,0.06521739130434782,0.0,0.3765555555555556,0.46389777777777774,0.22727272727272727,0.34782608695652173,0.43622000000000005,0.5727499999999999,0.3050847457627119,0.3728813559322034,0.2835820895522388,0.2830188679245283,0.49056603773584906,0.2542372881355932,0.6468085106382979,0.20098039215686275,0.42990654205607476,0.19158878504672897,0.39473684210526316,0.26973684210526316,0.02631578947368421,9.169811320754716,0.8490566037735849,9.849056603773585,0.25327510917030566,0.6692334176454976,0.2798207567912289,0.6692334176454976,0.3492063492063492,,0.5,,,,,False,,1.5,,,,,False,
643446,Jeff McNeil,ATH,TEX,0,6.0,1,669022,MacKenzie Gore,L,822854,8:05 PM ET,Globe Life Field,0,0,0.19964664310954064,2026-09-01,822854,1.0,0,94.8,94.6,93.8,L,4,4,0,0,0,0,0,0,0,2,0,2,0,0,0,1,1,0.553,0.62,0,0,0,0,1,1,0.32786885245901637,0.3387096774193548,0.9508196721311475,0.047619047619047616,0.32142857142857145,0.19672131147540983,0.031746031746031744,0.09523809523809523,0.13114754098360656,2.1333333333333333,0.2,0.25862068965517243,0.3275862068965517,0.41379310344827586,0.1896551724137931,0.05172413793103448,0.32253777777777776,0.44598666666666664,0.25,0.09523809523809523,0.24648333333333344,0.30187999999999987,0.3559322033898305,0.559322033898305,0.047619047619047616,0.2545454545454545,0.2909090909090909,0.08928571428571429,0.6468085106382979,0.20098039215686275,0.42990654205607476,0.19158878504672897,0.39473684210526316,0.26973684210526316,0.02631578947368421,9.169811320754716,0.8490566037735849,9.849056603773585,0.25327510917030566,0.6007900419448676,0.22432399688030227,0.6007900419448676,0.32786885245901637,,0.5,,,,,False,,1.5,,,,,False,
641680,Jonah Heim,ATH,TEX,0,4.0,1,669022,MacKenzie Gore,L,822854,8:05 PM ET,Globe Life Field,0,0,0.19964664310954064,2026-09-01,822854,1.0,0,94.8,94.6,93.8,L,3,3,1,1,0,0,0,0,0,0,2,3,0,1,2,0,1,0.13433333333333333,0.3526666666666667,1,0,1,1,0,0,0.16666666666666666,0.2857142857142857,0.8333333333333334,0.14285714285714285,0.1724137931034483,0.1111111111111111,0.023809523809523808,0.023809523809523808,0.05555555555555555,0.6666666666666666,0.4,0.36666666666666664,0.2,0.43333333333333335,0.2,0.03333333333333333,0.23125595238095237,0.3532678571428571,0.3125,0.17647058823529413,0.37340000000000007,0.574133333333333,0.10204081632653061,0.20408163265306123,0.16666666666666666,0.15789473684210525,0.24561403508771928,0.22580645161290322,0.6468085106382979,0.20098039215686275,0.42990654205607476,0.19158878504672897,0.39473684210526316,0.26973684210526316,0.02631578947368421,9.169811320754716,0.8490566037735849,9.849056603773585,0.25327510917030566,0.5849586391157028,0.17947453714996223,0.5849586391157028,0.16666666666666666,,0.5,,,,,False,,1.5,,,,,False,
671732,Lawrence Butler,ATH,TEX,0,3.0,1,669022,MacKenzie Gore,L,822854,8:05 PM ET,Globe Life Field,0,0,0.19964664310954064,2026-09-01,822854,1.0,0,94.8,94.6,93.8,L,3,3,1,0,0,0,0,0,0,2,1,1,0,1,0,1,0,0.297,0.31,1,0,1,0,1,1,0.37254901960784315,0.5,0.6862745098039216,0.25,0.5151515151515151,0.17647058823529413,0.03125,0.046875,0.09803921568627451,1.8666666666666667,1.0666666666666667,0.4857142857142857,0.22857142857142856,0.5714285714285714,0.11428571428571428,0.05714285714285714,0.4233777777777778,0.6006333333333332,0.35294117647058826,0.2727272727272727,0.5672666666666666,0.8439666666666668,0.36363636363636365,0.5818181818181818,0.2923076923076923,0.1875,0.375,0.20689655172413793,0.6468085106382979,0.20098039215686275,0.42990654205607476,0.19158878504672897,0.39473684210526316,0.26973684210526316,0.02631578947368421,9.169811320754716,0.8490566037735849,9.849056603773585,0.25327510917030566,0.6082288788627688,0.2546207186265733,0.6082288788627688,0.37254901960784315,,0.5,,,,,False,,1.5,,,,,False,
691777,Max Muncy,ATH,TEX,0,7.0,1,669022,MacKenzie Gore,L,822854,8:05 PM ET,Globe Life Field,1,0,0.19964664310954064,2026-09-01,822854,1.0,0,94.8,94.6,93.8,R,3,3,0,0,0,0,0,0,0,2,0,1,0,0,0,1,0,0.062,0.063,0,0,0,0,1,1,0.22727272727272727,0.30612244897959184,0.7272727272727273,0.24489795918367346,0.26666666666666666,0.1590909090909091,0.04081632653061224,0.02040816326530612,0.06818181818181818,1.1333333333333333,0.8,0.3125,0.3125,0.1875,0.15625,0.0,0.3396607142857143,0.5752321428571429,0.3125,0.29411764705882354,0.4536999999999999,0.83295,0.20454545454545456,0.3409090909090909,0.28,0.20930232558139536,0.27906976744186046,0.375,0.6468085106382979,0.20098039215686275,0.42990654205607476,0.19158878504672897,0.39473684210526316,0.26973684210526316,0.02631578947368421,9.169811320754716,0.8490566037735849,9.849056603773585,0.25327510917030566,0.5109636311698919,0.13753122514755875,0.5109636311698919,0.22727272727272727,,0.5,,,,,False,,1.5,,,,,False,
695720,Tommy White,ATH,TEX,0,5.0,1,669022,MacKenzie Gore,L,822854,8:05 PM ET,Globe Life Field,1,0,0.19964664310954064,2026-09-01,822854,1.0,0,94.8,94.6,93.8,R,3,3,0,0,0,0,0,0,0,1,0,2,0,1,0,2,0,0.10650000000000001,0.109,0,0,0,0,1,0,0.2857142857142857,0.3050847457627119,0.8214285714285714,0.1694915254237288,0.3111111111111111,0.16071428571428573,0.03389830508474576,0.05084745762711865,0.08928571428571429,1.6666666666666667,0.6666666666666666,0.3404255319148936,0.23404255319148937,0.3829787234042553,0.3191489361702128,0.0425531914893617,0.3248744444444444,0.5431066666666666,0.3,0.2,0.3646333333333333,0.5308666666666666,0.1694915254237288,0.2711864406779661,0.16393442622950818,0.3684210526315789,0.42105263157894735,0.20689655172413793,0.6468085106382979,0.20098039215686275,0.42990654205607476,0.19158878504672897,0.39473684210526316,0.26973684210526316,0.02631578947368421,9.169811320754716,0.8490566037735849,9.849056603773585,0.25327510917030566,0.6015197443976233,0.23450548547836256,0.6015197443976233,0.2857142857142857,,0.5,,,,,False,,1.5,,,,,False,
680869,Zack Gelof,ATH,TEX,0,2.0,1,669022,MacKenzie Gore,L,822854,8:05 PM ET,Globe Life Field,1,0,0.19964664310954064,2026-09-01,822854,1.0,0,94.8,94.6,93.8,R,3,3,0,0,0,0,0,0,0,1,0,2,0,0,2,0,0,0.006999999999999999,0.0075,0,0,0,0,1,0,0.15789473684210525,0.26153846153846155,0.7192982456140351,0.24242424242424243,0.2,0.07017543859649122,0.015151515151515152,0.015151515151515152,0.03508771929824561,0.8666666666666667,1.0666666666666667,0.42857142857142855,0.14285714285714285,0.47619047619047616,0.3333333333333333,0.023809523809523808,0.2920455555555555,0.5437466666666667,0.16666666666666666,0.22727272727272727,0.3195999999999999,0.39295,0.24561403508771928,0.43859649122807015,0.2835820895522388,0.2909090909090909,0.5454545454545454,0.1864406779661017,0.6468085106382979,0.20098039215686275,0.42990654205607476,0.19158878504672897,0.39473684210526316,0.26973684210526316,0.02631578947368421,9.169811320754716,0.8490566037735849,9.849056603773585,0.25327510917030566,0.6528599049015441,0.2647306135676037,0.6528599049015441,0.15789473684210525,,0.5,,,,,False,,1.5,,,,,False,
701358,Cam Smith,HOU,CWS,1,9.0,1,680732,Sean Burke,R,824148,8:10 PM ET,Daikin Park,1,1,0.24193548387096775,2026-09-01,824148,1.0,0,97.4,100.1,118.7,R,4,4,2,1,1,0,0,0,0,1,5,3,0,1,0,1,2,0.4993333333333334,0.6036666666666667,1,1,1,1,1,0,0.08888888888888889,0.10416666666666667,0.7111111111111111,0.2708333333333333,0.09090909090909091,0.15555555555555556,0.020833333333333332,0.0,0.06666666666666667,0.7333333333333333,0.8666666666666667,0.38235294117647056,0.20588235294117646,0.4411764705882353,0.29411764705882354,0.0,0.28455357142857146,0.4689345238095238,0.08333333333333333,0.25,0.3807499999999999,0.51955,0.19148936170212766,0.40425531914893614,0.2692307692307692,0.15384615384615385,0.4423076923076923,0.2909090909090909,0.6266094420600858,0.18181818181818182,0.3395348837209302,0.13488372093023257,0.363013698630137,0.3013698630136986,0.0136986301369863,8.067073170731707,1.1524390243902438,11.52439024390244,0.3017241379310345,0.337623888958156,0.07947878040123073,0.337623888958156,0.08888888888888889,,0.5,,,,,False,,1.5,,,,,False,
572233,Christian Walker,HOU,CWS,1,6.0,1,680732,Sean Burke,R,824148,8:10 PM ET,Daikin Park,1,1,0.24193548387096775,2026-09-01,824148,1.0,0,97.4,100.1,118.7,R,4,3,0,0,0,0,1,0,0,0,0,3,0,0,1,1,0,0.09666666666666666,0.11666666666666665,0,0,0,0,0,0,0.1694915254237288,0.1935483870967742,0.7457627118644068,0.24193548387096775,0.18604651162790697,0.11864406779661017,0.03225806451612903,0.016129032258064516,0.05084745762711865,1.1333333333333333,1.0,0.37777777777777777,0.2,0.5555555555555556,0.15555555555555556,0.022222222222222223,0.28913222222222223,0.4518611111111111,0.21052631578947367,0.15,0.3304,0.5481500000000002,0.19298245614035087,0.3333333333333333,0.2459016393442623,0.2978723404255319,0.5106382978723404,0.15789473684210525,0.6266094420600858,0.18181818181818182,0.3395348837209302,0.13488372093023257,0.363013698630137,0.3013698630136986,0.0136986301369863,8.067073170731707,1.1524390243902438,11.52439024390244,0.3017241379310345,0.5900410724281314,0.18011361277415472,0.5900410724281314,0.1694915254237288,,0.5,,,,,False,,1.5,,,,,False,
670623,Isaac Paredes,HOU,CWS,1,3.0,1,680732,Sean Burke,R,824148,8:10 PM ET,Daikin Park,1,1,0.24193548387096775,2026-09-01,824148,1.0,0,97.4,100.1,118.7,R,4,4,1,0,0,0,0,0,0,0,1,4,0,1,2,0,0,0.01325,0.030749999999999996,1,0,1,0,0,0,0.28,0.4307692307692308,0.92,0.05970149253731343,0.26666666666666666,0.16,0.029850746268656716,0.029850746268656716,0.08,1.4666666666666666,0.26666666666666666,0.2127659574468085,0.2553191489361702,0.2978723404255319,0.2978723404255319,0.02127659574468085,0.2370788888888889,0.3256322222222222,0.125,0.13636363636363635,0.19169999999999998,0.23979999999999987,0.34,0.54,0.030303030303030304,0.22580645161290322,0.2903225806451613,0.19117647058823528,0.6266094420600858,0.18181818181818182,0.3395348837209302,0.13488372093023257,0.363013698630137,0.3013698630136986,0.0136986301369863,8.067073170731707,1.1524390243902438,11.52439024390244,0.3017241379310345,0.5417211883799394,0.15555616747991854,0.5417211883799394,0.28,,0.5,,,,,False,,1.5,,,,,False,
665161,Jeremy Peña,HOU,CWS,1,1.0,1,680732,Sean Burke,R,824148,8:10 PM ET,Daikin Park,1,1,0.24193548387096775,2026-09-01,824148,1.0,0,97.4,100.1,118.7,R,4,4,1,0,0,0,0,0,0,1,1,3,0,1,1,1,1,0.333,0.412,1,0,1,0,1,0,0.22950819672131148,0.25396825396825395,0.6721311475409836,0.31746031746031744,0.2702702702702703,0.26229508196721313,0.06349206349206349,0.06349206349206349,0.13114754098360656,2.0,1.3333333333333333,0.2682926829268293,0.12195121951219512,0.5365853658536586,0.2926829268292683,0.04878048780487805,0.34282142857142855,0.5819940476190476,0.25,0.36363636363636365,0.39909999999999995,0.7354166666666666,0.18032786885245902,0.3770491803278688,0.3492063492063492,0.20967741935483872,0.2903225806451613,0.30303030303030304,0.6266094420600858,0.18181818181818182,0.3395348837209302,0.13488372093023257,0.363013698630137,0.3013698630136986,0.0136986301369863,8.067073170731707,1.1524390243902438,11.52439024390244,0.3017241379310345,0.6042072791652887,0.20584392370232704,0.6042072791652887,0.22950819672131148,,0.5,,,,,False,,1.5,,,,,False,
514888,Jose Altuve,HOU,CWS,1,4.0,1,680732,Sean Burke,R,824148,8:10 PM ET,Daikin Park,1,1,0.24193548387096775,2026-09-01,824148,1.0,0,97.4,100.1,118.7,R,5,5,2,0,0,0,0,0,0,2,2,3,0,1,0,2,1,0.4346666666666667,0.5126666666666666,1,1,1,1,1,1,0.28846153846153844,0.3620689655172414,0.7692307692307693,0.20689655172413793,0.358974358974359,0.15384615384615385,0.017241379310344827,0.05172413793103448,0.09615384615384616,1.5333333333333334,0.8,0.4,0.3,0.425,0.175,0.025,0.28130357142857143,0.3818630952380952,0.2631578947368421,0.09523809523809523,0.25536666666666663,0.39856666666666696,0.2727272727272727,0.4,0.18032786885245902,0.22807017543859648,0.42105263157894735,0.2459016393442623,0.6266094420600858,0.18181818181818182,0.3395348837209302,0.13488372093023257,0.363013698630137,0.3013698630136986,0.0136986301369863,8.067073170731707,1.1524390243902438,11.52439024390244,0.3017241379310345,0.5953788343252744,0.2222129968822044,0.5953788343252744,0.28846153846153844,,0.5,,,,,False,,1.5,,,,,False,
664774,LaMonte Wade Jr.,HOU,CWS,1,5.0,1,680732,Sean Burke,R,824148,8:10 PM ET,Daikin Park,0,1,0.24193548387096775,2026-09-01,824148,1.0,0,97.4,100.1,118.7,L,2,2,1,0,0,1,0,0,0,1,4,1,1,1,1,0,0,0.846,3.09,1,0,1,1,1,0,0.21875,0.3055555555555556,0.6875,0.2777777777777778,0.3181818181818182,0.0625,0.0,0.05555555555555555,0.0625,0.6,0.6666666666666666,0.45454545454545453,0.2727272727272727,0.4090909090909091,0.2727272727272727,0.0,0.32878787878787874,0.459060606060606,0.09090909090909091,0.3333333333333333,0.23916666666666642,0.524222222222222,0.23333333333333334,0.26666666666666666,0.2647058823529412,0.16,0.22,0.22413793103448276,0.6266094420600858,0.18181818181818182,0.3395348837209302,0.13488372093023257,0.363013698630137,0.3013698630136986,0.0136986301369863,8.067073170731707,1.1524390243902438,11.52439024390244,0.3017241379310345,0.5483355537302411,0.1800866436485541,0.5483355537302411,0.21875,,0.5,,,,,False,,1.5,,,,,False,
666211,Taylor Trammell,HOU,CWS,1,8.0,1,680732,Sean Burke,R,824148,8:10 PM ET,Daikin Park,0,1,0.24193548387096775,2026-09-01,824148,1.0,0,97.4,100.1,118.7,L,1,1,0,0,0,0,0,0,0,0,0,1,0,0,0,0,0,0.001,0.001,0,0,0,0,0,0,0.07142857142857142,0.15217391304347827,0.6190476190476191,0.34782608695652173,0.11538461538461539,0.047619047619047616,0.0,0.0,0.023809523809523808,0.3333333333333333,1.0666666666666667,0.46153846153846156,0.19230769230769232,0.3076923076923077,0.3076923076923077,0.0,0.24545512820512821,0.5458141025641026,0.06666666666666667,0.125,0.17961666666666676,0.35535000000000017,0.07142857142857142,0.11904761904761904,0.34782608695652173,0.2571428571428571,0.45714285714285713,0.3076923076923077,0.6266094420600858,0.18181818181818182,0.3395348837209302,0.13488372093023257,0.363013698630137,0.3013698630136986,0.0136986301369863,8.067073170731707,1.1524390243902438,11.52439024390244,0.3017241379310345,0.5218731299768062,0.1596158798534859,0.5218731299768062,0.07142857142857142,,0.5,,,,,False,,1.5,,,,,False,
673237,Yainer Diaz,HOU,CWS,1,7.0,1,680732,Sean Burke,R,824148,8:10 PM ET,Daikin Park,1,1,0.24193548387096775,2026-09-01,824148,1.0,0,97.4,100.1,118.7,R,4,3,1,1,0,0,0,1,0,1,2,2,0,0,0,1,1,0.1935,0.2515,1,0,1,1,1,0,0.2391304347826087,0.2857142857142857,0.8478260869565217,0.14,0.24324324324324326,0.15217391304347827,0.04,0.02,0.06521739130434782,1.2,0.4666666666666667,0.41025641025641024,0.10256410256410256,0.5897435897435898,0.1794871794871795,0.0,0.3106071428571428,0.4337321428571429,0.35294117647058826,0.2222222222222222,0.321375,0.6509999999999999,0.38181818181818183,0.6181818181818182,0.14035087719298245,0.2222222222222222,0.2777777777777778,0.19298245614035087,0.6266094420600858,0.18181818181818182,0.3395348837209302,0.13488372093023257,0.363013698630137,0.3013698630136986,0.0136986301369863,8.067073170731707,1.1524390243902438,11.52439024390244,0.3017241379310345,0.5579356995383326,0.16436051461412873,0.5579356995383326,0.2391304347826087,,0.5,,,,,False,,1.5,,,,,False,
670541,Yordan Alvarez,HOU,CWS,1,2.0,1,680732,Sean Burke,R,824148,8:10 PM ET,Daikin Park,0,1,0.24193548387096775,2026-09-01,824148,1.0,0,97.4,100.1,118.7,L,4,3,1,0,0,0,1,0,0,0,1,3,0,1,0,3,0,0.249,0.26166666666666666,1,0,1,0,0,0,0.27450980392156865,0.3968253968253968,0.7647058823529411,0.19047619047619047,0.3157894736842105,0.21568627450980393,0.031746031746031744,0.047619047619047616,0.11764705882352941,1.6666666666666667,0.8,0.55,0.3,0.275,0.375,0.0,0.34850555555555557,0.5703722222222223,0.16666666666666666,0.2727272727272727,0.30495,0.5468000000000004,0.2641509433962264,0.4339622641509434,0.20634920634920634,0.23214285714285715,0.30357142857142855,0.13432835820895522,0.6266094420600858,0.18181818181818182,0.3395348837209302,0.13488372093023257,0.363013698630137,0.3013698630136986,0.0136986301369863,8.067073170731707,1.1524390243902438,11.52439024390244,0.3017241379310345,0.5862806527564346,0.19858781100367717,0.5862806527564346,0.27450980392156865,,0.5,,,,,False,,1.5,,,,,False,
643217,Andrew Benintendi,CWS,HOU,0,4.0,1,669854,Ronel Blanco,R,824148,8:10 PM ET,Daikin Park,0,1,0.2326388888888889,2026-09-01,824148,1.0,0,97.4,100.1,118.7,L,3,3,0,0,0,0,0,0,0,2,0,1,0,0,1,0,0,0.003,0.003,0,0,0,0,1,1,0.2916666666666667,0.33962264150943394,0.7916666666666666,0.18867924528301888,0.32432432432432434,0.1875,0.03773584905660377,0.05660377358490566,0.10416666666666667,1.5333333333333334,0.6666666666666666,0.38461538461538464,0.23076923076923078,0.41025641025641024,0.3076923076923077,0.05128205128205128,0.3444888888888889,0.5846722222222223,0.3333333333333333,0.10526315789473684,0.2536,0.5442166666666665,0.2916666666666667,0.4791666666666667,0.18867924528301888,0.3448275862068966,0.6206896551724138,0.19672131147540983,0.6740088105726872,0.14361702127659576,0.42,0.225,0.3790849673202614,0.37254901960784315,0.032679738562091505,6.75,1.1812500000000001,9.28125,0.2534562211981567,0.6167117917565239,0.2066312978283776,0.6167117917565239,0.2916666666666667,,0.5,,,,,False,,1.5,,,,,False,
805367,Chase Meidroth,CWS,HOU,0,8.0,1,669854,Ronel Blanco,R,824148,8:10 PM ET,Daikin Park,1,1,0.2326388888888889,2026-09-01,824148,1.0,0,97.4,100.1,118.7,R,5,3,1,0,0,0,2,0,0,0,1,3,0,0,1,1,1,0.35866666666666663,0.38966666666666666,1,0,1,0,0,0,0.21311475409836064,0.25,0.8032786885245902,0.1875,0.2653061224489796,0.04918032786885246,0.0,0.046875,0.04918032786885246,1.0666666666666667,0.8,0.3469387755102041,0.20408163265306123,0.5306122448979592,0.22448979591836735,0.0,0.31150333333333335,0.42251666666666665,0.3,0.18181818181818182,0.37495,0.47053333333333336,0.23728813559322035,0.3220338983050847,0.18032786885245902,0.21428571428571427,0.4107142857142857,0.23880597014925373,0.6740088105726872,0.14361702127659576,0.42,0.225,0.3790849673202614,0.37254901960784315,0.032679738562091505,6.75,1.1812500000000001,9.28125,0.2534562211981567,0.5950230078555624,0.20192083961915253,0.5950230078555624,0.21311475409836064,,0.5,,,,,False,,1.5,,,,,False,
695657,Colson Montgomery,CWS,HOU,0,5.0,1,669854,Ronel Blanco,R,824148,8:10 PM ET,Daikin Park,0,1,0.2326388888888889,2026-09-01,824148,1.0,0,97.4,100.1,118.7,L,5,3,2,1,0,1,2,0,0,1,6,2,0,2,0,0,2,0.726,1.797,1,1,1,1,1,0,0.1864406779661017,0.23809523809523808,0.559322033898305,0.4126984126984127,0.2903225806451613,0.13559322033898305,0.031746031746031744,0.031746031746031744,0.06779661016949153,1.2666666666666666,1.7333333333333334,0.45454545454545453,0.21212121212121213,0.30303030303030304,0.3333333333333333,0.030303030303030304,0.32331785714285716,0.6046523809523808,0.15789473684210525,0.42857142857142855,0.2856666666666667,0.41273333333333334,0.21052631578947367,0.3508771929824561,0.45161290322580644,0.2,0.26666666666666666,0.3333333333333333,0.6740088105726872,0.14361702127659576,0.42,0.225,0.3790849673202614,0.37254901960784315,0.032679738562091505,6.75,1.1812500000000001,9.28125,0.2534562211981567,0.6004292477100998,0.17614029814319188,0.6004292477100998,0.1864406779661017,,0.5,,,,,False,,1.5,,,,,False,
691011,Drew Romo,CWS,HOU,0,9.0,1,669854,Ronel Blanco,R,824148,8:10 PM ET,Daikin Park,0,1,0.2326388888888889,2026-09-01,824148,1.0,0,97.4,100.1,118.7,L,3,3,1,0,0,0,0,0,0,0,1,3,0,1,0,2,1,0.5786666666666667,0.6326666666666667,1,0,1,0,0,0,0.21428571428571427,0.3333333333333333,0.8571428571428571,0.11764705882352941,0.18181818181818182,0.21428571428571427,0.058823529411764705,0.0,0.07142857142857142,0.8,0.26666666666666666,0.32,0.24,0.4,0.2,0.08,0.27814102564102566,0.4209294871794872,0.0,0.3,0.10200000000000001,0.17824999999999977,0.15217391304347827,0.2826086956521739,0.21153846153846154,0.08823529411764706,0.11764705882352941,0.2926829268292683,0.6740088105726872,0.14361702127659576,0.42,0.225,0.3790849673202614,0.37254901960784315,0.032679738562091505,6.75,1.1812500000000001,9.28125,0.2534562211981567,0.38059436847686706,0.03585271373027971,0.38059436847686706,0.21428571428571427,,0.5,,,,,False,,1.5,,,,,False,
678246,Miguel Vargas,CWS,HOU,0,3.0,1,669854,Ronel Blanco,R,824148,8:10 PM ET,Daikin Park,1,1,0.2326388888888889,2026-09-01,824148,1.0,0,97.4,100.1,118.7,R,5,4,1,0,0,0,1,0,0,1,1,3,0,0,1,0,2,0.5506666666666667,0.604,1,0,1,0,1,0,0.34,0.5147058823529411,0.78,0.16176470588235295,0.40540540540540543,0.18,0.029411764705882353,0.04411764705882353,0.1,1.7333333333333334,0.7333333333333333,0.4358974358974359,0.38461538461538464,0.358974358974359,0.20512820512820512,0.05128205128205128,0.40602222222222223,0.6816777777777777,0.3333333333333333,0.21739130434782608,0.42859999999999987,0.5692999999999999,0.34615384615384615,0.5961538461538461,0.11764705882352941,0.0847457627118644,0.22033898305084745,0.27941176470588236,0.6740088105726872,0.14361702127659576,0.42,0.225,0.3790849673202614,0.37254901960784315,0.032679738562091505,6.75,1.1812500000000001,9.28125,0.2534562211981567,0.6292699395142974,0.1913711543413095,0.6292699395142974,0.34,,0.5,,,,,False,,1.5,,,,,False,
808959,Munetaka Murakami,CWS,HOU,0,2.0,1,669854,Ronel Blanco,R,824148,8:10 PM ET,Daikin Park,0,1,0.2326388888888889,2026-09-01,824148,1.0,0,97.4,100.1,118.7,L,5,2,0,0,0,0,3,0,0,1,0,1,0,1,1,0,0,0.026,0.057,0,0,0,0,1,0,0.125,0.2898550724637681,0.5535714285714286,0.36231884057971014,0.1724137931034483,0.14285714285714285,0.028985507246376812,0.028985507246376812,0.07142857142857142,1.0,1.6666666666666667,0.41935483870967744,0.0967741935483871,0.5806451612903226,0.22580645161290322,0.0,0.3930377777777778,0.7393422222222221,0.11764705882352941,0.30434782608695654,0.3070666666666667,0.43789999999999996,0.14545454545454545,0.34545454545454546,0.35384615384615387,0.15384615384615385,0.3076923076923077,0.32857142857142857,0.6740088105726872,0.14361702127659576,0.42,0.225,0.3790849673202614,0.37254901960784315,0.032679738562091505,6.75,1.1812500000000001,9.28125,0.2534562211981567,0.5566185356753304,0.1959162191790175,0.5566185356753304,0.125,,0.5,,,,,False,,1.5,,,,,False,
545341,Randal Grichuk,CWS,HOU,0,6.0,1,669854,Ronel Blanco,R,824148,8:10 PM ET,Daikin Park,1,1,0.2326388888888889,2026-09-01,824148,1.0,0,97.4,100.1,118.7,R,2,2,0,0,0,0,0,0,0,1,0,1,0,0,1,0,0,0.001,0.001,0,0,0,0,1,0,0.3548387096774194,0.3548387096774194,0.7741935483870968,0.22580645161290322,0.4090909090909091,0.41935483870967744,0.06451612903225806,0.22580645161290322,0.2903225806451613,1.6,0.4666666666666667,0.4583333333333333,0.4166666666666667,0.16666666666666666,0.375,0.0,0.3203717948717949,0.5198974358974359,0.25,0.25,0.36033333333333334,0.5210833333333336,0.3611111111111111,0.6666666666666666,0.1891891891891892,0.36363636363636365,0.7272727272727273,0.17647058823529413,0.6740088105726872,0.14361702127659576,0.42,0.225,0.3790849673202614,0.37254901960784315,0.032679738562091505,6.75,1.1812500000000001,9.28125,0.2534562211981567,0.5718783789556056,0.14073428336312055,0.5718783789556056,0.3548387096774194,,0.5,,,,,False,,1.5,,,,,False,
803011,Sam Antonacci,CWS,HOU,0,1.0,1,669854,Ronel Blanco,R,824148,8:10 PM ET,Daikin Park,0,1,0.2326388888888889,2026-09-01,824148,1.0,0,97.4,100.1,118.7,L,5,4,1,0,0,0,1,0,0,1,1,3,0,0,0,2,1,0.41733333333333333,0.4936666666666667,1,0,1,0,1,0,0.20408163265306123,0.35,0.7959183673469388,0.16666666666666666,0.2564102564102564,0.10204081632653061,0.0,0.05,0.08163265306122448,1.0,0.6666666666666666,0.10256410256410256,0.20512820512820512,0.5384615384615384,0.2564102564102564,0.0,0.23944444444444443,0.29465,0.35294117647058826,0.1,0.28646666666666665,0.35908333333333325,0.20833333333333334,0.3125,0.1694915254237288,0.2553191489361702,0.3829787234042553,0.1896551724137931,0.6740088105726872,0.14361702127659576,0.42,0.225,0.3790849673202614,0.37254901960784315,0.032679738562091505,6.75,1.1812500000000001,9.28125,0.2534562211981567,0.6045430998350135,0.19449541476243146,0.6045430998350135,0.20408163265306123,,0.5,,,,,False,,1.5,,,,,False,
671976,Tristan Peters,CWS,HOU,0,7.0,1,669854,Ronel Blanco,R,824148,8:10 PM ET,Daikin Park,0,1,0.2326388888888889,2026-09-01,824148,1.0,0,97.4,100.1,118.7,L,3,2,0,0,0,0,0,1,0,1,0,1,0,0,1,0,0,0.026,0.033,0,0,0,0,1,0,0.3617021276595745,0.4339622641509434,0.851063829787234,0.1320754716981132,0.34285714285714286,0.40425531914893614,0.09433962264150944,0.07547169811320754,0.19148936170212766,2.4,0.4666666666666667,0.45,0.3,0.275,0.425,0.075,0.33590555555555557,0.6112777777777778,0.47058823529411764,0.1,0.34109999999999996,0.6454166666666666,0.3695652173913043,0.717391304347826,0.16981132075471697,0.11764705882352941,0.23529411764705882,0.2564102564102564,0.6740088105726872,0.14361702127659576,0.42,0.225,0.3790849673202614,0.37254901960784315,0.032679738562091505,6.75,1.1812500000000001,9.28125,0.2534562211981567,0.6118755920284921,0.18266072543622788,0.6118755920284921,0.3617021276595745,,0.5,,,,,False,,1.5,,,,,False,
691182,Adael Amador,COL,BAL,1,8.0,1,680694,Kyle Bradish,R,824313,8:40 PM ET,Coors Field,0,1,0.23769100169779286,2026-09-01,824313,0.0,0,117.3,118.0,105.2,L,3,3,1,1,0,0,0,0,0,1,2,2,0,0,0,1,1,0.113,0.1595,1,0,1,1,1,0,0.3,0.38235294117647056,0.8333333333333334,0.14285714285714285,0.3333333333333333,0.2,0.02857142857142857,0.08571428571428572,0.13333333333333333,1.0,0.3333333333333333,0.3076923076923077,0.19230769230769232,0.5,0.23076923076923078,0.0,0.23234615384615387,0.369551282051282,0.3333333333333333,0.3333333333333333,0.22999999999999998,0.6043333333333331,0.25,0.4,0.13043478260869565,0.13636363636363635,0.18181818181818182,0.16666666666666666,0.7245762711864406,0.2222222222222222,0.35071090047393366,0.11374407582938388,0.43859649122807015,0.2573099415204678,0.029239766081871343,7.089385474860334,1.0558659217877093,8.446927374301675,0.22950819672131148,0.5950458134782227,0.2150674909464508,0.5950458134782227,0.3,,0.5,,,,,False,,1.5,,,,,False,
664954,Brett Sullivan,COL,BAL,1,7.0,1,680694,Kyle Bradish,R,824313,8:40 PM ET,Coors Field,0,1,0.23769100169779286,2026-09-01,824313,0.0,0,117.3,118.0,105.2,L,4,4,1,0,0,0,0,0,0,1,1,3,0,0,0,1,2,0.486,0.539,1,0,1,0,1,0,0.2391304347826087,0.3076923076923077,0.8260869565217391,0.15384615384615385,0.2222222222222222,0.2826086956521739,0.057692307692307696,0.07692307692307693,0.15217391304347827,1.6,0.5333333333333333,0.38461538461538464,0.28205128205128205,0.3076923076923077,0.3333333333333333,0.07692307692307693,0.2644444444444444,0.49818333333333337,0.11764705882352941,0.15789473684210525,0.20123333333333338,0.2835666666666667,0.25,0.5,0.17307692307692307,0.3111111111111111,0.4222222222222222,0.2,0.7245762711864406,0.2222222222222222,0.35071090047393366,0.11374407582938388,0.43859649122807015,0.2573099415204678,0.029239766081871343,7.089385474860334,1.0558659217877093,8.446927374301675,0.22950819672131148,0.6016435048058005,0.20052431664188064,0.6016435048058005,0.2391304347826087,,0.5,,,,,False,,1.5,,,,,False,
694249,Cole Carrigg,COL,BAL,1,5.0,1,680694,Kyle Bradish,R,824313,8:40 PM ET,Coors Field,0,1,0.23769100169779286,2026-09-01,824313,0.0,0,117.3,118.0,105.2,L,1,1,0,0,0,0,0,0,0,0,0,1,0,0,1,0,0,0.001,0.001,0,0,0,0,0,0,0.14285714285714285,0.21052631578947367,0.6571428571428571,0.3157894736842105,0.18181818181818182,0.14285714285714285,0.02631578947368421,0.05263157894736842,0.08571428571428572,0.6666666666666666,0.8,0.5217391304347826,0.13043478260869565,0.391304347826087,0.391304347826087,0.0,0.28989583333333335,0.5684444444444444,0.18181818181818182,0.18181818181818182,0.2559375,0.41547916666666673,0.2033898305084746,0.288135593220339,0.23529411764705882,0.21428571428571427,0.35714285714285715,0.3225806451612903,0.7245762711864406,0.2222222222222222,0.35071090047393366,0.11374407582938388,0.43859649122807015,0.2573099415204678,0.029239766081871343,7.089385474860334,1.0558659217877093,8.446927374301675,0.22950819672131148,0.5809330327736879,0.19496214409691792,0.5809330327736879,0.14285714285714285,,0.5,,,,,False,,1.5,,,,,False,
681393,Connor Norby,COL,BAL,1,6.0,1,680694,Kyle Bradish,R,824313,8:40 PM ET,Coors Field,1,1,0.23769100169779286,2026-09-01,824313,0.0,0,117.3,118.0,105.2,R,4,4,1,0,0,0,0,0,0,0,1,4,0,0,2,2,0,0.22025,0.247,1,0,1,0,0,0,0.34,0.4,0.66,0.30357142857142855,0.4838709677419355,0.22,0.03571428571428571,0.08928571428571429,0.14,1.8666666666666667,1.1333333333333333,0.42424242424242425,0.3333333333333333,0.36363636363636365,0.30303030303030304,0.06060606060606061,0.5149111111111111,0.6866222222222222,0.3157894736842105,0.2608695652173913,0.5056833333333334,0.6563000000000001,0.25,0.4375,0.3333333333333333,0.1951219512195122,0.2682926829268293,0.3125,0.7245762711864406,0.2222222222222222,0.35071090047393366,0.11374407582938388,0.43859649122807015,0.2573099415204678,0.029239766081871343,7.089385474860334,1.0558659217877093,8.446927374301675,0.22950819672131148,0.6132658831514203,0.22708420305388696,0.6132658831514203,0.34,,0.5,,,,,False,,1.5,,,,,False,
696100,Hunter Goodman,COL,BAL,1,3.0,1,680694,Kyle Bradish,R,824313,8:40 PM ET,Coors Field,1,1,0.23769100169779286,2026-09-01,824313,0.0,0,117.3,118.0,105.2,R,4,3,1,1,0,0,1,0,0,1,2,2,0,1,0,1,0,0.2775,0.306,1,0,1,1,1,0,0.2222222222222222,0.25862068965517243,0.7222222222222222,0.2542372881355932,0.24324324324324326,0.2037037037037037,0.05084745762711865,0.0,0.07407407407407407,1.5333333333333334,1.0,0.425,0.075,0.45,0.375,0.025,0.2768630952380952,0.5784880952380952,0.3157894736842105,0.19047619047619047,0.20115000000000008,0.4088666666666665,0.3157894736842105,0.7543859649122807,0.3387096774193548,0.2127659574468085,0.3191489361702128,0.2542372881355932,0.7245762711864406,0.2222222222222222,0.35071090047393366,0.11374407582938388,0.43859649122807015,0.2573099415204678,0.029239766081871343,7.089385474860334,1.0558659217877093,8.446927374301675,0.22950819672131148,0.6513931494724108,0.22976279095984373,0.6513931494724108,0.2222222222222222,,0.5,,,,,False,,1.5,,,,,False,
664983,Jake McCarthy,COL,BAL,1,1.0,1,680694,Kyle Bradish,R,824313,8:40 PM ET,Coors Field,0,1,0.23769100169779286,2026-09-01,824313,0.0,0,117.3,118.0,105.2,L,5,5,1,0,0,0,0,0,0,0,1,5,1,2,3,1,1,0.3246,0.8314,1,0,1,0,0,0,0.25,0.3235294117647059,0.8166666666666667,0.16176470588235295,0.2857142857142857,0.08333333333333333,0.014705882352941176,0.029411764705882353,0.05,1.3333333333333333,0.7333333333333333,0.32,0.36,0.44,0.16,0.02,0.3391277777777778,0.4425222222222222,0.23809523809523808,0.125,0.3218333333333333,0.42253333333333315,0.3064516129032258,0.3548387096774194,0.13043478260869565,0.26666666666666666,0.45,0.17647058823529413,0.7245762711864406,0.2222222222222222,0.35071090047393366,0.11374407582938388,0.43859649122807015,0.2573099415204678,0.029239766081871343,7.089385474860334,1.0558659217877093,8.446927374301675,0.22950819672131148,0.6891707105408192,0.25940699682865737,0.6891707105408192,0.25,,0.5,,,,,False,,1.5,,,,,False,
666160,Mickey Moniak,COL,BAL,1,2.0,1,680694,Kyle Bradish,R,824313,8:40 PM ET,Coors Field,0,1,0.23769100169779286,2026-09-01,824313,0.0,0,117.3,118.0,105.2,L,4,4,1,0,0,0,0,0,0,0,1,4,0,0,1,2,1,0.28950000000000004,0.33299999999999996,1,0,1,0,0,0,0.16666666666666666,0.203125,0.65,0.328125,0.21052631578947367,0.13333333333333333,0.03125,0.03125,0.06666666666666667,1.2,1.4,0.45,0.25,0.3,0.375,0.025,0.27274444444444446,0.40143888888888896,0.14285714285714285,0.36363636363636365,0.2664333333333334,0.35333333333333333,0.2037037037037037,0.4074074074074074,0.3,0.23214285714285715,0.4107142857142857,0.3064516129032258,0.7245762711864406,0.2222222222222222,0.35071090047393366,0.11374407582938388,0.43859649122807015,0.2573099415204678,0.029239766081871343,7.089385474860334,1.0558659217877093,8.446927374301675,0.22950819672131148,0.6250939953677923,0.2346891255094052,0.6250939953677923,0.16666666666666666,,0.5,,,,,False,,1.5,,,,,False,
681198,TJ Rumfield,COL,BAL,1,4.0,1,680694,Kyle Bradish,R,824313,8:40 PM ET,Coors Field,0,1,0.23769100169779286,2026-09-01,824313,0.0,0,117.3,118.0,105.2,L,4,2,1,0,0,0,2,0,0,0,1,2,0,1,0,2,0,0.2945,0.3405,1,0,1,0,0,0,0.25,0.4461538461538462,0.8541666666666666,0.1076923076923077,0.2926829268292683,0.041666666666666664,0.0,0.03076923076923077,0.041666666666666664,0.9333333333333333,0.4666666666666667,0.2926829268292683,0.17073170731707318,0.43902439024390244,0.2926829268292683,0.0,0.2843111111111111,0.37578333333333336,0.375,0.041666666666666664,0.36479999999999996,0.4837166666666667,0.24,0.26,0.12698412698412698,0.26,0.3,0.09523809523809523,0.7245762711864406,0.2222222222222222,0.35071090047393366,0.11374407582938388,0.43859649122807015,0.2573099415204678,0.029239766081871343,7.089385474860334,1.0558659217877093,8.446927374301675,0.22950819672131148,0.6062525937694296,0.21452709682895654,0.6062525937694296,0.25,,0.5,,,,,False,,1.5,,,,,False,
691728,Zac Veen,COL,BAL,1,9.0,1,680694,Kyle Bradish,R,824313,8:40 PM ET,Coors Field,0,1,0.23769100169779286,2026-09-01,824313,0.0,0,117.3,118.0,105.2,L,1,1,0,0,0,0,0,0,0,1,0,0,0,0,0,0,0,0.026,0.035,0,0,0,0,1,0,0.23333333333333334,0.3235294117647059,0.5666666666666667,0.38235294117647056,0.3333333333333333,0.23333333333333334,0.058823529411764705,0.029411764705882353,0.1,0.9333333333333333,0.8666666666666667,0.4117647058823529,0.11764705882352941,0.4117647058823529,0.47058823529411764,0.058823529411764705,0.32148484848484854,0.6173030303030304,0.3333333333333333,0.1111111111111111,0.1048888888888889,0.16144444444444445,0.23333333333333334,0.4666666666666667,0.38235294117647056,0.14285714285714285,0.14285714285714285,0.29411764705882354,0.7245762711864406,0.2222222222222222,0.35071090047393366,0.11374407582938388,0.43859649122807015,0.2573099415204678,0.029239766081871343,7.089385474860334,1.0558659217877093,8.446927374301675,0.22950819672131148,0.4182969770555549,0.08138398337641334,0.4182969770555549,0.23333333333333334,,0.5,,,,,False,,1.5,,,,,False,
665966,Carlos Narváez,BAL,COL,0,9.0,1,687312,Gabriel Hughes,R,824313,8:40 PM ET,Coors Field,1,1,0.2600349040139616,2026-09-01,824313,0.0,0,117.3,118.0,105.2,R,4,4,0,0,0,0,0,0,0,2,0,2,0,1,1,1,0,0.0465,0.054000000000000006,0,0,0,0,1,1,0.07692307692307693,0.18181818181818182,0.6153846153846154,0.3333333333333333,0.125,0.02564102564102564,0.0,0.022222222222222223,0.02564102564102564,0.26666666666666666,1.0,0.52,0.24,0.4,0.28,0.04,0.2638333333333333,0.3962692307692308,0.08333333333333333,0.3333333333333333,0.28425,0.392375,0.11428571428571428,0.14285714285714285,0.325,0.14285714285714285,0.21428571428571427,0.34,0.711340206185567,0.23529411764705882,0.39655172413793105,0.14367816091954022,0.42028985507246375,0.2536231884057971,0.028985507246376812,,,,,0.36786681242112373,0.08079225421617264,0.36786681242112373,0.07692307692307693,,0.5,,,,,False,,1.5,,,,,False,
687952,Christian Encarnacion-Strand,BAL,COL,0,4.0,1,687312,Gabriel Hughes,R,824313,8:40 PM ET,Coors Field,1,1,0.2600349040139616,2026-09-01,824313,0.0,0,117.3,118.0,105.2,R,1,1,0,0,0,0,0,0,0,0,0,1,0,0,1,0,0,0.009,0.024,0,0,0,0,0,0,0.27586206896551724,0.3064516129032258,0.6379310344827587,0.3387096774193548,0.37142857142857144,0.22413793103448276,0.04838709677419355,0.06451612903225806,0.1206896551724138,1.9333333333333333,1.4,0.42105263157894735,0.2631578947368421,0.39473684210526316,0.3157894736842105,0.05263157894736842,0.3357202380952381,0.6152142857142857,0.4,0.3181818181818182,0.35300000000000004,0.5654999999999999,0.2978723404255319,0.5106382978723404,0.2708333333333333,0.21818181818181817,0.4727272727272727,0.3114754098360656,0.711340206185567,0.23529411764705882,0.39655172413793105,0.14367816091954022,0.42028985507246375,0.2536231884057971,0.028985507246376812,,,,,0.63300425200347,0.19671297389032985,0.63300425200347,0.27586206896551724,,0.5,,,,,False,,1.5,,,,,False,
681297,Colton Cowser,BAL,COL,0,8.0,1,687312,Gabriel Hughes,R,824313,8:40 PM ET,Coors Field,0,1,0.2600349040139616,2026-09-01,824313,0.0,0,117.3,118.0,105.2,L,4,4,0,0,0,0,0,0,0,2,0,2,0,0,0,2,0,0.348,0.36550000000000005,0,0,0,0,1,1,0.29545454545454547,0.3191489361702128,0.7272727272727273,0.25,0.3103448275862069,0.3181818181818182,0.08333333333333333,0.041666666666666664,0.13636363636363635,1.8,0.8,0.5151515151515151,0.2727272727272727,0.30303030303030304,0.36363636363636365,0.030303030303030304,0.383625,0.7020535714285714,0.3125,0.15789473684210525,0.48904999999999993,0.6976500000000001,0.3409090909090909,0.75,0.25,0.20512820512820512,0.5128205128205128,0.4,0.711340206185567,0.23529411764705882,0.39655172413793105,0.14367816091954022,0.42028985507246375,0.2536231884057971,0.028985507246376812,,,,,0.5551225376501936,0.1857377104619872,0.5551225376501936,0.29545454545454547,,0.5,,,,,False,,1.5,,,,,False,
687637,Dylan Beavers,BAL,COL,0,5.0,1,687312,Gabriel Hughes,R,824313,8:40 PM ET,Coors Field,0,1,0.2600349040139616,2026-09-01,824313,0.0,0,117.3,118.0,105.2,L,3,3,1,1,0,0,0,0,0,0,2,3,0,1,1,1,1,0.21533333333333335,0.3606666666666667,1,0,1,1,0,0,0.2926829268292683,0.3829787234042553,0.6829268292682927,0.2765957446808511,0.36,0.2926829268292683,0.06382978723404255,0.06382978723404255,0.14634146341463414,1.6,0.8666666666666667,0.39285714285714285,0.25,0.32142857142857145,0.35714285714285715,0.10714285714285714,0.3133846153846154,0.6773717948717949,0.2857142857142857,0.16666666666666666,0.30006666666666665,0.3998333333333332,0.2619047619047619,0.5952380952380952,0.37777777777777777,0.16666666666666666,0.3333333333333333,0.21153846153846154,0.711340206185567,0.23529411764705882,0.39655172413793105,0.14367816091954022,0.42028985507246375,0.2536231884057971,0.028985507246376812,,,,,0.5837047742249161,0.19649073929423136,0.5837047742249161,0.2926829268292683,,0.5,,,,,False,,1.5,,,,,False,
683002,Gunnar Henderson,BAL,COL,0,3.0,1,687312,Gabriel Hughes,R,824313,8:40 PM ET,Coors Field,0,1,0.2600349040139616,2026-09-01,824313,0.0,0,117.3,118.0,105.2,L,4,4,1,0,0,0,0,0,0,0,1,4,0,1,1,3,0,0.1995,0.2195,1,0,1,0,0,0,0.2982456140350877,0.38461538461538464,0.8421052631578947,0.13846153846153847,0.3111111111111111,0.2631578947368421,0.046153846153846156,0.06153846153846154,0.14035087719298245,2.1333333333333333,0.6,0.375,0.3333333333333333,0.4375,0.16666666666666666,0.0,0.3592055555555556,0.52525,0.3,0.08695652173913043,0.25231666666666663,0.4623333333333333,0.26,0.46,0.1111111111111111,0.2833333333333333,0.5666666666666667,0.18840579710144928,0.711340206185567,0.23529411764705882,0.39655172413793105,0.14367816091954022,0.42028985507246375,0.2536231884057971,0.028985507246376812,,,,,0.6257326887565219,0.20607089170805948,0.6257326887565219,0.2982456140350877,,0.5,,,,,False,,1.5,,,,,False,
702616,Jackson Holliday,BAL,COL,0,1.0,1,687312,Gabriel Hughes,R,824313,8:40 PM ET,Coors Field,0,1,0.2600349040139616,2026-09-01,824313,0.0,0,117.3,118.0,105.2,L,4,4,0,0,0,0,0,0,0,1,0,3,1,1,2,1,0,0.20299999999999999,0.6593333333333333,0,0,0,0,1,0,0.19696969696969696,0.21739130434782608,0.803030303030303,0.18571428571428572,0.24074074074074073,0.06060606060606061,0.0,0.05714285714285714,0.06060606060606061,1.1333333333333333,0.8666666666666667,0.2727272727272727,0.23636363636363636,0.4727272727272727,0.21818181818181817,0.0,0.2897377777777778,0.3821588888888889,0.24,0.24,0.31608,0.4027933333333335,0.2222222222222222,0.3492063492063492,0.14705882352941177,0.17647058823529413,0.19607843137254902,0.26666666666666666,0.711340206185567,0.23529411764705882,0.39655172413793105,0.14367816091954022,0.42028985507246375,0.2536231884057971,0.028985507246376812,,,,,0.6240079924001859,0.210968866170436,0.6240079924001859,0.19696969696969696,,0.5,,,,,False,,1.5,,,,,False,
665750,Leody Taveras,BAL,COL,0,7.0,1,687312,Gabriel Hughes,R,824313,8:40 PM ET,Coors Field,0,1,0.2600349040139616,2026-09-01,824313,0.0,0,117.3,118.0,105.2,L,3,1,0,0,0,0,2,0,0,0,0,1,0,0,0,1,0,0.54,0.63,0,0,0,0,0,0,0.17142857142857143,0.21621621621621623,0.6857142857142857,0.2972972972972973,0.21739130434782608,0.14285714285714285,0.02702702702702703,0.05405405405405406,0.08571428571428572,0.7333333333333333,0.7333333333333333,0.4583333333333333,0.20833333333333334,0.4166666666666667,0.2916666666666667,0.0,0.24733095238095237,0.35446666666666665,0.2222222222222222,0.36363636363636365,0.24337499999999992,0.40262499999999946,0.2037037037037037,0.42592592592592593,0.21428571428571427,0.21568627450980393,0.29411764705882354,0.2909090909090909,0.711340206185567,0.23529411764705882,0.39655172413793105,0.14367816091954022,0.42028985507246375,0.2536231884057971,0.028985507246376812,,,,,0.5900410724281314,0.18211004708475867,0.5900410724281314,0.17142857142857143,,0.5,,,,,False,,1.5,,,,,False,
624413,Pete Alonso,BAL,COL,0,2.0,1,687312,Gabriel Hughes,R,824313,8:40 PM ET,Coors Field,1,1,0.2600349040139616,2026-09-01,824313,0.0,0,117.3,118.0,105.2,R,4,3,0,0,0,0,1,0,0,1,0,2,0,0,0,2,0,0.163,0.19,0,0,0,0,1,0,0.3448275862068966,0.4153846153846154,0.7413793103448276,0.23076923076923078,0.3783783783783784,0.3448275862068966,0.09230769230769231,0.03076923076923077,0.13793103448275862,2.6666666666666665,1.0,0.627906976744186,0.2558139534883721,0.4418604651162791,0.27906976744186046,0.11627906976744186,0.4811404761904762,0.8806142857142858,0.10526315789473684,0.391304347826087,0.414375,0.6346666666666665,0.375,0.7321428571428571,0.2,0.3220338983050847,0.576271186440678,0.2727272727272727,0.711340206185567,0.23529411764705882,0.39655172413793105,0.14367816091954022,0.42028985507246375,0.2536231884057971,0.028985507246376812,,,,,0.6495576868410897,0.23773559496750765,0.6495576868410897,0.3448275862068966,,0.5,,,,,False,,1.5,,,,,False,
694212,Samuel Basallo,BAL,COL,0,6.0,1,687312,Gabriel Hughes,R,824313,8:40 PM ET,Coors Field,0,1,0.2600349040139616,2026-09-01,824313,0.0,0,117.3,118.0,105.2,L,4,3,1,1,0,0,1,0,0,1,2,2,1,1,1,0,0,0.267,0.943,1,0,1,1,1,0,0.13725490196078433,0.2,0.6470588235294118,0.32727272727272727,0.13333333333333333,0.17647058823529413,0.05454545454545454,0.0,0.058823529411764705,1.0666666666666667,1.2,0.36363636363636365,0.12121212121212122,0.6666666666666666,0.21212121212121213,0.0,0.2397559523809524,0.5629940476190477,0.1,0.38095238095238093,0.10931666666666662,0.12204999999999991,0.1702127659574468,0.48936170212765956,0.2830188679245283,0.23214285714285715,0.4642857142857143,0.3,0.711340206185567,0.23529411764705882,0.39655172413793105,0.14367816091954022,0.42028985507246375,0.2536231884057971,0.028985507246376812,,,,,0.5735359043368754,0.12992425091413953,0.5735359043368754,0.13725490196078433,,0.5,,,,,False,,1.5,,,,,False,
695681,Christian Moore,LAA,NYY,1,6.0,1,543037,Gerrit Cole,R,823984,9:38 PM ET,Angel Stadium,1,1,0.24377224199288255,2026-09-01,823984,0.0,0,95.9,96.6,99.3,R,5,5,2,1,0,0,0,0,0,1,3,4,0,1,2,1,1,0.363,0.4495,1,1,1,1,1,0,0.15384615384615385,0.23728813559322035,0.5961538461538461,0.3559322033898305,0.22580645161290322,0.07692307692307693,0.01694915254237288,0.01694915254237288,0.038461538461538464,0.8,1.4,0.34375,0.21875,0.375,0.28125,0.0625,0.340224358974359,0.503474358974359,0.1875,0.14285714285714285,0.3379833333333333,0.4844666666666667,0.2692307692307692,0.5192307692307693,0.3050847457627119,0.16326530612244897,0.22448979591836735,0.41818181818181815,0.6583333333333333,0.19369369369369369,0.36681222707423583,0.14847161572052403,0.37341772151898733,0.27848101265822783,0.0189873417721519,6.942857142857143,1.2342857142857144,8.177142857142858,0.22844827586206898,0.5469485255230621,0.18123093765891266,0.5469485255230621,0.15384615384615385,,0.5,,,,,False,,1.5,,,,,False,
666139,Josh Lowe,LAA,NYY,1,7.0,1,543037,Gerrit Cole,R,823984,9:38 PM ET,Angel Stadium,0,1,0.24377224199288255,2026-09-01,823984,0.0,0,95.9,96.6,99.3,L,5,4,1,0,0,0,1,0,0,1,1,3,0,0,0,2,1,0.38433333333333336,0.4446666666666667,1,0,1,0,1,0,0.2553191489361702,0.3076923076923077,0.6808510638297872,0.28846153846153844,0.3225806451612903,0.1702127659574468,0.038461538461538464,0.038461538461538464,0.0851063829787234,1.3333333333333333,1.0,0.30303030303030304,0.24242424242424243,0.30303030303030304,0.36363636363636365,0.0,0.2915357142857143,0.43172619047619054,0.2857142857142857,0.17647058823529413,0.182,0.2199999999999999,0.27906976744186046,0.46511627906976744,0.2916666666666667,0.09803921568627451,0.09803921568627451,0.2962962962962963,0.6583333333333333,0.19369369369369369,0.36681222707423583,0.14847161572052403,0.37341772151898733,0.27848101265822783,0.0189873417721519,6.942857142857143,1.2342857142857144,8.177142857142858,0.22844827586206898,0.5448451387137929,0.14571733067580336,0.5448451387137929,0.2553191489361702,,0.5,,,,,False,,1.5,,,,,False,
545361,Mike Trout,LAA,NYY,1,2.0,1,543037,Gerrit Cole,R,823984,9:38 PM ET,Angel Stadium,1,1,0.24377224199288255,2026-09-01,823984,0.0,0,95.9,96.6,99.3,R,5,5,2,0,0,0,0,0,0,1,2,4,0,2,1,1,1,0.3755,0.52925,1,1,1,1,1,0,0.2,0.3076923076923077,0.6909090909090909,0.25757575757575757,0.28205128205128205,0.09090909090909091,0.0,0.07575757575757576,0.09090909090909091,1.0666666666666667,1.1333333333333333,0.3076923076923077,0.2564102564102564,0.28205128205128205,0.38461538461538464,0.05128205128205128,0.27095555555555556,0.4894611111111111,0.2222222222222222,0.21739130434782608,0.2704,0.60595,0.2542372881355932,0.3728813559322034,0.2647058823529412,0.3,0.4,0.2459016393442623,0.6583333333333333,0.19369369369369369,0.36681222707423583,0.14847161572052403,0.37341772151898733,0.27848101265822783,0.0189873417721519,6.942857142857143,1.2342857142857144,8.177142857142858,0.22844827586206898,0.5644352264639828,0.1979645742438437,0.5644352264639828,0.2,,0.5,,,,,False,,1.5,,,,,False,
694208,Moisés Ballesteros,LAA,NYY,1,5.0,1,543037,Gerrit Cole,R,823984,9:38 PM ET,Angel Stadium,0,1,0.24377224199288255,2026-09-01,823984,0.0,0,95.9,96.6,99.3,L,5,5,0,0,0,0,0,0,0,3,0,2,0,0,0,2,0,0.07250000000000001,0.078,0,0,0,0,1,1,0.1896551724137931,0.25396825396825395,0.7068965517241379,0.265625,0.2682926829268293,0.05172413793103448,0.0,0.046875,0.05172413793103448,0.9333333333333333,1.1333333333333333,0.4146341463414634,0.17073170731707318,0.5121951219512195,0.2682926829268293,0.024390243902439025,0.26515,0.37805,0.16666666666666666,0.42105263157894735,0.24686666666666665,0.27603333333333324,0.17543859649122806,0.21052631578947367,0.265625,0.16666666666666666,0.2,0.1875,0.6583333333333333,0.19369369369369369,0.36681222707423583,0.14847161572052403,0.37341772151898733,0.27848101265822783,0.0189873417721519,6.942857142857143,1.2342857142857144,8.177142857142858,0.22844827586206898,0.5747522003330415,0.18274863550960663,0.5747522003330415,0.1896551724137931,,0.5,,,,,False,,1.5,,,,,False,
672724,Oswald Peraza,LAA,NYY,1,8.0,1,543037,Gerrit Cole,R,823984,9:38 PM ET,Angel Stadium,1,1,0.24377224199288255,2026-09-01,823984,0.0,0,95.9,96.6,99.3,R,5,3,0,0,0,0,0,2,0,1,0,2,0,0,1,1,0,0.165,0.20099999999999998,0,0,0,0,1,0,0.13513513513513514,0.2558139534883721,0.6216216216216216,0.32558139534883723,0.21739130434782608,0.02702702702702703,0.0,0.023255813953488372,0.02702702702702703,0.4,0.9333333333333333,0.2608695652173913,0.21739130434782608,0.4782608695652174,0.21739130434782608,0.0,0.2932692307692308,0.33711538461538465,0.2727272727272727,0.38461538461538464,0.4587,0.5044000000000001,0.18181818181818182,0.18181818181818182,0.375,0.1951219512195122,0.2682926829268293,0.32608695652173914,0.6583333333333333,0.19369369369369369,0.36681222707423583,0.14847161572052403,0.37341772151898733,0.27848101265822783,0.0189873417721519,6.942857142857143,1.2342857142857144,8.177142857142858,0.22844827586206898,0.47915593227078707,0.1491595137310249,0.47915593227078707,0.13513513513513514,,0.5,,,,,False,,1.5,,,,,False,
623168,Tyler Heineman,LAA,NYY,1,9.0,1,543037,Gerrit Cole,R,823984,9:38 PM ET,Angel Stadium,0,1,0.24377224199288255,2026-09-01,823984,0.0,0,95.9,96.6,99.3,L,4,3,1,1,0,0,0,1,0,0,2,3,0,1,1,1,1,0.21566666666666667,0.32166666666666666,1,0,1,1,0,0,0.1724137931034483,0.2,0.9310344827586207,0.058823529411764705,0.18518518518518517,0.0,0.0,0.0,0.0,0.3333333333333333,0.13333333333333333,0.0967741935483871,0.22580645161290322,0.4838709677419355,0.1935483870967742,0.0,0.21473333333333333,0.2505777777777778,0.09090909090909091,0.09090909090909091,0.11200000000000003,0.12733333333333324,0.175,0.225,0.06382978723404255,0.15789473684210525,0.18421052631578946,0.19047619047619047,0.6583333333333333,0.19369369369369369,0.36681222707423583,0.14847161572052403,0.37341772151898733,0.27848101265822783,0.0189873417721519,6.942857142857143,1.2342857142857144,8.177142857142858,0.22844827586206898,0.40061773088087316,0.07759290586980086,0.40061773088087316,0.1724137931034483,,0.5,,,,,False,,1.5,,,,,False,
687093,Vaughn Grissom,LAA,NYY,1,4.0,1,543037,Gerrit Cole,R,823984,9:38 PM ET,Angel Stadium,1,1,0.24377224199288255,2026-09-01,823984,0.0,0,95.9,96.6,99.3,R,5,5,3,2,0,0,0,0,0,0,5,5,1,4,1,2,2,0.5997999999999999,1.2532,1,1,1,1,0,0,0.21052631578947367,0.2857142857142857,0.7368421052631579,0.234375,0.25,0.14035087719298245,0.03125,0.03125,0.07017543859649122,1.3333333333333333,1.0,0.3023255813953488,0.2558139534883721,0.5116279069767442,0.23255813953488372,0.0,0.28435357142857143,0.4158630952380952,0.21052631578947367,0.13636363636363635,0.22069999999999998,0.48355,0.22033898305084745,0.288135593220339,0.25396825396825395,0.2222222222222222,0.37037037037037035,0.21666666666666667,0.6583333333333333,0.19369369369369369,0.36681222707423583,0.14847161572052403,0.37341772151898733,0.27848101265822783,0.0189873417721519,6.942857142857143,1.2342857142857144,8.177142857142858,0.22844827586206898,0.5859303983387844,0.21452443933351537,0.5859303983387844,0.21052631578947367,,0.5,,,,,False,,1.5,,,,,False,
685133,Wade Meckler,LAA,NYY,1,3.0,1,543037,Gerrit Cole,R,823984,9:38 PM ET,Angel Stadium,0,1,0.24377224199288255,2026-09-01,823984,0.0,0,95.9,96.6,99.3,L,5,3,2,0,0,0,2,0,0,1,2,2,0,1,1,1,0,0.7275,0.7825,1,1,1,1,1,0,0.25,0.35,0.75,0.20967741935483872,0.3333333333333333,0.038461538461538464,0.0,0.03225806451612903,0.038461538461538464,1.0,0.8666666666666667,0.34146341463414637,0.1951219512195122,0.6341463414634146,0.14634146341463414,0.0,0.27944444444444444,0.35242222222222225,0.26666666666666666,0.1,0.25010000000000004,0.35786666666666667,0.2777777777777778,0.37037037037037035,0.20967741935483872,0.24,0.28,0.16666666666666666,0.6583333333333333,0.19369369369369369,0.36681222707423583,0.14847161572052403,0.37341772151898733,0.27848101265822783,0.0189873417721519,6.942857142857143,1.2342857142857144,8.177142857142858,0.22844827586206898,0.5861182906648134,0.1963875119465397,0.5861182906648134,0.25,,0.5,,,,,False,,1.5,,,,,False,
687263,Zach Neto,LAA,NYY,1,1.0,1,543037,Gerrit Cole,R,823984,9:38 PM ET,Angel Stadium,1,1,0.24377224199288255,2026-09-01,823984,0.0,0,95.9,96.6,99.3,R,5,4,1,0,0,0,1,0,0,2,1,2,0,1,1,1,0,0.3285,0.373,1,0,1,0,1,1,0.31666666666666665,0.3787878787878788,0.7833333333333333,0.19696969696969696,0.36363636363636365,0.25,0.045454545454545456,0.06060606060606061,0.13333333333333333,2.2666666666666666,0.8666666666666667,0.46808510638297873,0.2978723404255319,0.2553191489361702,0.3191489361702128,0.02127659574468085,0.31218888888888885,0.5820077777777777,0.21052631578947367,0.22727272727272727,0.29114999999999996,0.5951000000000001,0.26229508196721313,0.45901639344262296,0.26865671641791045,0.19672131147540983,0.2786885245901639,0.25396825396825395,0.6583333333333333,0.19369369369369369,0.36681222707423583,0.14847161572052403,0.37341772151898733,0.27848101265822783,0.0189873417721519,6.942857142857143,1.2342857142857144,8.177142857142858,0.22844827586206898,0.6235236006386257,0.23500252818616252,0.6235236006386257,0.31666666666666665,,0.5,,,,,False,,1.5,,,,,False,
669224,Austin Wells,NYY,LAA,0,9.0,1,680570,Grayson Rodriguez,R,823984,9:38 PM ET,Angel Stadium,0,1,0.25314183123877915,2026-09-01,823984,0.0,0,95.9,96.6,99.3,L,3,3,0,0,0,0,0,0,0,1,0,2,0,1,1,0,0,0.07250000000000001,0.249,0,0,0,0,1,0,0.21951219512195122,0.2826086956521739,0.5853658536585366,0.3695652173913043,0.30434782608695654,0.17073170731707318,0.043478260869565216,0.021739130434782608,0.07317073170731707,1.0666666666666667,1.1333333333333333,0.4,0.24,0.32,0.32,0.0,0.33779166666666666,0.5025208333333333,0.23076923076923078,0.5,0.306875,0.7728749999999998,0.225,0.4,0.30434782608695654,0.1346153846153846,0.23076923076923078,0.35185185185185186,0.676056338028169,0.2346368715083799,0.4594594594594595,0.2,0.3888888888888889,0.2361111111111111,0.020833333333333332,10.573426573426573,1.6993006993006994,9.251748251748252,0.22477064220183487,0.3810743108380022,0.08543250288639337,0.3810743108380022,0.21951219512195122,,0.5,,,,,False,,1.5,,,,,False,
700250,Ben Rice,NYY,LAA,0,1.0,1,680570,Grayson Rodriguez,R,823984,9:38 PM ET,Angel Stadium,0,1,0.25314183123877915,2026-09-01,823984,0.0,0,95.9,96.6,99.3,L,4,4,0,0,0,0,0,0,0,0,0,4,0,2,1,2,1,0.158,0.2645,0,0,0,0,0,0,0.2413793103448276,0.34328358208955223,0.7241379310344828,0.23880597014925373,0.28205128205128205,0.1896551724137931,0.04477611940298507,0.029850746268656716,0.08620689655172414,1.6666666666666667,1.0666666666666667,0.5,0.19047619047619047,0.3333333333333333,0.42857142857142855,0.023809523809523808,0.35638333333333333,0.7155555555555556,0.3684210526315789,0.22727272727272727,0.5092999999999999,1.07745,0.22413793103448276,0.41379310344827586,0.23529411764705882,0.2542372881355932,0.5423728813559322,0.3492063492063492,0.676056338028169,0.2346368715083799,0.4594594594594595,0.2,0.3888888888888889,0.2361111111111111,0.020833333333333332,10.573426573426573,1.6993006993006994,9.251748251748252,0.22477064220183487,0.6016435048058005,0.19821532007600937,0.6016435048058005,0.2413793103448276,,0.5,,,,,False,,1.5,,,,,False,
641355,Cody Bellinger,NYY,LAA,0,2.0,1,680570,Grayson Rodriguez,R,823984,9:38 PM ET,Angel Stadium,0,1,0.25314183123877915,2026-09-01,823984,0.0,0,95.9,96.6,99.3,L,4,4,2,0,0,0,0,0,0,0,2,4,0,0,0,1,3,0.42100000000000004,0.52025,1,1,1,1,0,0,0.2777777777777778,0.3333333333333333,0.7777777777777778,0.2,0.3333333333333333,0.1111111111111111,0.016666666666666666,0.05,0.07407407407407407,1.4,0.8,0.3488372093023256,0.3023255813953488,0.27906976744186046,0.27906976744186046,0.023255813953488372,0.36104444444444445,0.4978611111111111,0.23529411764705882,0.10526315789473684,0.29181,0.37360000000000004,0.25,0.32142857142857145,0.25806451612903225,0.22641509433962265,0.33962264150943394,0.15517241379310345,0.676056338028169,0.2346368715083799,0.4594594594594595,0.2,0.3888888888888889,0.2361111111111111,0.020833333333333332,10.573426573426573,1.6993006993006994,9.251748251748252,0.22477064220183487,0.5952189685377061,0.2140119988581756,0.5952189685377061,0.2777777777777778,,0.5,,,,,False,,1.5,,,,,False,
665862,Jazz Chisholm Jr.,NYY,LAA,0,5.0,1,680570,Grayson Rodriguez,R,823984,9:38 PM ET,Angel Stadium,0,1,0.25314183123877915,2026-09-01,823984,0.0,0,95.9,96.6,99.3,L,3,3,1,0,0,0,0,0,0,1,1,2,0,1,0,2,0,0.3705,0.4175,1,0,1,0,1,0,0.32608695652173914,0.4074074074074074,0.8043478260869565,0.16363636363636364,0.3783783783783784,0.15217391304347827,0.01818181818181818,0.03636363636363636,0.08695652173913043,1.4666666666666666,0.6,0.42105263157894735,0.2894736842105263,0.2631578947368421,0.39473684210526316,0.05263157894736842,0.3373611111111111,0.5199111111111111,0.42857142857142855,0.21052631578947367,0.39613333333333334,0.5838666666666665,0.3191489361702128,0.46808510638297873,0.2,0.1346153846153846,0.21153846153846154,0.41818181818181815,0.676056338028169,0.2346368715083799,0.4594594594594595,0.2,0.3888888888888889,0.2361111111111111,0.020833333333333332,10.573426573426573,1.6993006993006994,9.251748251748252,0.22477064220183487,0.5864468936786335,0.17516690944651145,0.5864468936786335,0.32608695652173914,,0.5,,,,,False,,1.5,,,,,False,
676609,José Caballero,NYY,LAA,0,8.0,1,680570,Grayson Rodriguez,R,823984,9:38 PM ET,Angel Stadium,1,1,0.25314183123877915,2026-09-01,823984,0.0,0,95.9,96.6,99.3,R,3,3,0,0,0,0,0,0,0,2,0,1,0,0,0,0,0,0.006,0.006,0,0,0,0,1,1,0.23255813953488372,0.2916666666666667,0.7906976744186046,0.1836734693877551,0.2647058823529412,0.06976744186046512,0.02040816326530612,0.0,0.023255813953488372,0.8666666666666667,0.6,0.3333333333333333,0.25,0.3055555555555556,0.25,0.027777777777777776,0.37566410256410254,0.5443025641025641,0.4117647058823529,0.058823529411764705,0.38426,0.5500866666666665,0.21951219512195122,0.3902439024390244,0.22916666666666666,0.1276595744680851,0.1276595744680851,0.38,0.676056338028169,0.2346368715083799,0.4594594594594595,0.2,0.3888888888888889,0.2361111111111111,0.020833333333333332,10.573426573426573,1.6993006993006994,9.251748251748252,0.22477064220183487,0.5022571952500492,0.1644924753786714,0.5022571952500492,0.23255813953488372,,0.5,,,,,False,,1.5,,,,,False,
671277,Luis García Jr.,NYY,LAA,0,3.0,1,680570,Grayson Rodriguez,R,823984,9:38 PM ET,Angel Stadium,0,1,0.25314183123877915,2026-09-01,823984,0.0,0,95.9,96.6,99.3,L,4,4,0,0,0,0,0,0,0,2,0,2,0,1,1,1,0,0.16999999999999998,0.20650000000000002,0,0,0,0,1,1,0.3333333333333333,0.38333333333333336,0.7592592592592593,0.21666666666666667,0.3684210526315789,0.24074074074074073,0.06666666666666667,0.016666666666666666,0.09259259259259259,2.066666666666667,0.8666666666666667,0.5238095238095238,0.2857142857142857,0.42857142857142855,0.2619047619047619,0.0,0.39089880952380945,0.7417071428571428,0.3888888888888889,0.15789473684210525,0.3767266666666666,0.7216233333333333,0.2962962962962963,0.5555555555555556,0.23728813559322035,0.24528301886792453,0.32075471698113206,0.23636363636363636,0.676056338028169,0.2346368715083799,0.4594594594594595,0.2,0.3888888888888889,0.2361111111111111,0.020833333333333332,10.573426573426573,1.6993006993006994,9.251748251748252,0.22477064220183487,0.6322286867862381,0.22214086507550568,0.6322286867862381,0.3333333333333333,,0.5,,,,,False,,1.5,,,,,False,
641857,Ryan McMahon,NYY,LAA,0,7.0,1,680570,Grayson Rodriguez,R,823984,9:38 PM ET,Angel Stadium,0,1,0.25314183123877915,2026-09-01,823984,0.0,0,95.9,96.6,99.3,L,3,3,1,0,0,0,0,0,0,1,1,2,0,0,0,1,1,0.44,0.525,1,0,1,0,1,0,0.2564102564102564,0.34782608695652173,0.6666666666666666,0.2826086956521739,0.34615384615384615,0.1282051282051282,0.021739130434782608,0.043478260869565216,0.07692307692307693,1.0,0.8666666666666667,0.4074074074074074,0.2962962962962963,0.2962962962962963,0.37037037037037035,0.0,0.3302916666666667,0.5084930555555556,0.09090909090909091,0.38461538461538464,0.26933333333333326,0.47150000000000025,0.2558139534883721,0.37209302325581395,0.26,0.2,0.34285714285714286,0.24390243902439024,0.676056338028169,0.2346368715083799,0.4594594594594595,0.2,0.3888888888888889,0.2361111111111111,0.020833333333333332,10.573426573426573,1.6993006993006994,9.251748251748252,0.22477064220183487,0.5155090866824743,0.14571733067580336,0.5155090866824743,0.2564102564102564,,0.5,,,,,False,,1.5,,,,,False,
682987,Spencer Jones,NYY,LAA,0,4.0,1,680570,Grayson Rodriguez,R,823984,9:38 PM ET,Angel Stadium,0,1,0.25314183123877915,2026-09-01,823984,0.0,0,95.9,96.6,99.3,L,3,3,1,0,0,1,0,0,0,1,4,2,0,2,1,0,1,0.7555000000000001,1.9755,1,0,1,1,1,0,0.2978723404255319,0.32,0.6170212765957447,0.36,0.42857142857142855,0.1702127659574468,0.04,0.04,0.0851063829787234,1.4666666666666666,1.2,0.4666666666666667,0.43333333333333335,0.23333333333333334,0.3,0.03333333333333333,0.43847619047619046,0.7133452380952381,0.2727272727272727,0.25,0.4992916666666667,0.6632083333333334,0.26,0.44,0.37735849056603776,0.30434782608695654,0.6521739130434783,0.28,0.676056338028169,0.2346368715083799,0.4594594594594595,0.2,0.3888888888888889,0.2361111111111111,0.020833333333333332,10.573426573426573,1.6993006993006994,9.251748251748252,0.22477064220183487,0.5549351648318099,0.160162872037901,0.5549351648318099,0.2978723404255319,,0.5,,,,,False,,1.5,,,,,False,
663757,Trent Grisham,NYY,LAA,0,6.0,1,680570,Grayson Rodriguez,R,823984,9:38 PM ET,Angel Stadium,0,1,0.25314183123877915,2026-09-01,823984,0.0,0,95.9,96.6,99.3,L,4,4,0,0,0,0,0,0,0,2,0,2,0,1,0,2,0,0.105,0.1105,0,0,0,0,1,1,0.11538461538461539,0.27692307692307694,0.6923076923076923,0.24242424242424243,0.11428571428571428,0.11538461538461539,0.030303030303030304,0.0,0.038461538461538464,0.8,1.0666666666666667,0.40540540540540543,0.1891891891891892,0.3783783783783784,0.3783783783783784,0.05405405405405406,0.27295555555555556,0.49927777777777776,0.0,0.2,0.1889,0.30876666666666647,0.24561403508771928,0.543859649122807,0.24615384615384617,0.21153846153846154,0.3076923076923077,0.2033898305084746,0.676056338028169,0.2346368715083799,0.4594594594594595,0.2,0.3888888888888889,0.2361111111111111,0.020833333333333332,10.573426573426573,1.6993006993006994,9.251748251748252,0.22477064220183487,0.533905580497039,0.12439035485320316,0.533905580497039,0.11538461538461539,,0.5,,,,,False,,1.5,,,,,False,
682998,Corbin Carroll,AZ,PHI,1,2.0,1,666200,Jesús Luzardo,L,825038,9:40 PM ET,Chase Field,0,0,0.18571428571428572,2026-09-01,825038,1.0,0,105.5,106.3,89.5,L,5,5,1,0,0,0,0,0,0,0,1,5,0,0,3,1,0,0.031200000000000006,0.0422,1,0,1,0,0,0,0.23529411764705882,0.359375,0.7450980392156863,0.203125,0.28205128205128205,0.19607843137254902,0.015625,0.046875,0.11764705882352941,1.4666666666666666,0.8666666666666667,0.475,0.3,0.375,0.225,0.0,0.36694666666666664,0.614808888888889,0.058823529411764705,0.2857142857142857,0.38606666666666667,0.600966666666667,0.24528301886792453,0.5849056603773585,0.125,0.2982456140350877,0.5789473684210527,0.23529411764705882,0.5826771653543307,0.16517857142857142,0.30131004366812225,0.11790393013100436,0.49324324324324326,0.24324324324324326,0.006756756756756757,7.391061452513966,0.6033519553072626,10.256983240223462,0.27530364372469635,0.6560477146076978,0.3004092681772863,0.6560477146076978,0.23529411764705882,,0.5,,,,,False,,1.5,,,,,False,
672515,Gabriel Moreno,AZ,PHI,1,3.0,1,666200,Jesús Luzardo,L,825038,9:40 PM ET,Chase Field,1,0,0.18571428571428572,2026-09-01,825038,1.0,0,105.5,106.3,89.5,R,5,5,2,1,0,0,0,0,0,1,3,4,0,1,0,2,1,0.14275000000000002,0.15975,1,1,1,1,1,0,0.29310344827586204,0.373134328358209,0.8103448275862069,0.16417910447761194,0.3111111111111111,0.25862068965517243,0.04477611940298507,0.08955223880597014,0.15517241379310345,2.1333333333333333,0.7333333333333333,0.4791666666666667,0.2916666666666667,0.4166666666666667,0.2708333333333333,0.041666666666666664,0.3168566666666667,0.5827955555555556,0.2222222222222222,0.09523809523809523,0.24848333333333333,0.40483333333333327,0.3,0.55,0.16417910447761194,0.23214285714285715,0.39285714285714285,0.16923076923076924,0.5826771653543307,0.16517857142857142,0.30131004366812225,0.11790393013100436,0.49324324324324326,0.24324324324324326,0.006756756756756757,7.391061452513966,0.6033519553072626,10.256983240223462,0.27530364372469635,0.6490354023669224,0.2414567540100252,0.6490354023669224,0.29310344827586204,,0.5,,,,,False,,1.5,,,,,False,
672695,Geraldo Perdomo,AZ,PHI,1,1.0,1,666200,Jesús Luzardo,L,825038,9:40 PM ET,Chase Field,0,0,0.18571428571428572,2026-09-01,825038,1.0,0,105.5,106.3,89.5,L,5,4,1,0,0,0,1,0,0,2,1,2,0,2,0,1,1,0.59,0.659,1,0,1,0,1,1,0.35,0.43478260869565216,0.9,0.0851063829787234,0.3888888888888889,0.025,0.0,0.02127659574468085,0.025,1.0,0.26666666666666666,0.35135135135135137,0.4864864864864865,0.40540540540540543,0.10810810810810811,0.0,0.4518154761904762,0.5474464285714286,0.375,0.05263157894736842,0.4639333333333334,0.5742666666666667,0.22033898305084745,0.3050847457627119,0.18461538461538463,0.3333333333333333,0.43333333333333335,0.11594202898550725,0.5826771653543307,0.16517857142857142,0.30131004366812225,0.11790393013100436,0.49324324324324326,0.24324324324324326,0.006756756756756757,7.391061452513966,0.6033519553072626,10.256983240223462,0.27530364372469635,0.5649678047743272,0.18539882445725445,0.5649678047743272,0.35,,0.5,,,,,False,,1.5,,,,,False,
545121,Ildemaro Vargas,AZ,PHI,1,6.0,1,666200,Jesús Luzardo,L,825038,9:40 PM ET,Chase Field,0,0,0.18571428571428572,2026-09-01,825038,1.0,0,105.5,106.3,89.5,L,4,4,1,0,0,0,0,0,0,1,1,3,0,2,1,0,2,0.496,0.6443333333333333,1,0,1,0,1,0,0.1590909090909091,0.17391304347826086,0.8636363636363636,0.1276595744680851,0.1794871794871795,0.06818181818181818,0.0,0.02127659574468085,0.045454545454545456,0.6666666666666666,0.4,0.358974358974359,0.2564102564102564,0.38461538461538464,0.28205128205128205,0.0,0.24813095238095237,0.2990059523809524,0.15,0.15,0.18760000000000007,0.2361833333333334,0.18604651162790697,0.3488372093023256,0.13043478260869565,0.25,0.39285714285714285,0.11666666666666667,0.5826771653543307,0.16517857142857142,0.30131004366812225,0.11790393013100436,0.49324324324324326,0.24324324324324326,0.006756756756756757,7.391061452513966,0.6033519553072626,10.256983240223462,0.27530364372469635,0.6452326595996603,0.26216390986442095,0.6452326595996603,0.1590909090909091,,0.5,,,,,False,,1.5,,,,,False,
691783,Jordan Lawlar,AZ,PHI,1,8.0,1,666200,Jesús Luzardo,L,825038,9:40 PM ET,Chase Field,1,0,0.18571428571428572,2026-09-01,825038,1.0,0,105.5,106.3,89.5,R,1,0,0,0,0,0,1,0,0,0,0,0,0,0,0,0,0,0.09733333333333333,0.13733333333333334,0,0,0,0,0,0,0.22916666666666666,0.28846153846153844,0.7083333333333334,0.2641509433962264,0.28125,0.14583333333333334,0.03773584905660377,0.018867924528301886,0.0625,1.2,0.9333333333333333,0.14285714285714285,0.22857142857142856,0.4,0.34285714285714286,0.05714285714285714,0.3100722222222222,0.4402611111111111,0.21428571428571427,0.26666666666666666,0.2933,0.5244666666666666,0.23809523809523808,0.38095238095238093,0.3137254901960784,0.32,0.46,0.2222222222222222,0.5826771653543307,0.16517857142857142,0.30131004366812225,0.11790393013100436,0.49324324324324326,0.24324324324324326,0.006756756756756757,7.391061452513966,0.6033519553072626,10.256983240223462,0.27530364372469635,0.5262806662505516,0.22252642108440188,0.5262806662505516,0.22916666666666666,,0.5,,,,,False,,1.5,,,,,False,
606466,Ketel Marte,AZ,PHI,1,4.0,1,666200,Jesús Luzardo,L,825038,9:40 PM ET,Chase Field,1,0,0.18571428571428572,2026-09-01,825038,1.0,0,105.5,106.3,89.5,R,1,1,1,0,0,0,0,0,0,0,1,1,0,1,0,1,0,0.477,0.568,1,0,1,0,0,0,0.23529411764705882,0.3953488372093023,0.8235294117647058,0.13953488372093023,0.23076923076923078,0.20588235294117646,0.046511627906976744,0.023255813953488372,0.08823529411764706,1.0,0.4,0.32142857142857145,0.2857142857142857,0.25,0.35714285714285715,0.0,0.3102564102564103,0.49687820512820513,0.2222222222222222,0.07692307692307693,0.47909999999999986,0.6044999999999998,0.21818181818181817,0.36363636363636365,0.14925373134328357,0.2698412698412698,0.5714285714285714,0.15942028985507245,0.5826771653543307,0.16517857142857142,0.30131004366812225,0.11790393013100436,0.49324324324324326,0.24324324324324326,0.006756756756756757,7.391061452513966,0.6033519553072626,10.256983240223462,0.27530364372469635,0.5156178264674297,0.19931040702652555,0.5156178264674297,0.23529411764705882,,0.5,,,,,False,,1.5,,,,,False,
571448,Nolan Arenado,AZ,PHI,1,5.0,1,666200,Jesús Luzardo,L,825038,9:40 PM ET,Chase Field,1,0,0.18571428571428572,2026-09-01,825038,1.0,0,105.5,106.3,89.5,R,4,4,1,0,0,0,0,0,0,1,1,3,0,0,0,2,0,0.09500000000000001,0.09500000000000001,1,0,1,0,1,0,0.20689655172413793,0.2459016393442623,0.7931034482758621,0.1935483870967742,0.20930232558139536,0.20689655172413793,0.04838709677419355,0.016129032258064516,0.08620689655172414,1.6,0.8,0.2391304347826087,0.15217391304347827,0.43478260869565216,0.2391304347826087,0.0,0.1816611111111111,0.27791111111111116,0.2,0.1,0.1732833333333332,0.19424999999999995,0.23214285714285715,0.6071428571428571,0.11475409836065574,0.2222222222222222,0.42592592592592593,0.26666666666666666,0.5826771653543307,0.16517857142857142,0.30131004366812225,0.11790393013100436,0.49324324324324326,0.24324324324324326,0.006756756756756757,7.391061452513966,0.6033519553072626,10.256983240223462,0.27530364372469635,0.5752862955623278,0.2647306135676037,0.5752862955623278,0.20689655172413793,,0.5,,,,,False,,1.5,,,,,False,
814439,Ryan Waldschmidt,AZ,PHI,1,9.0,1,666200,Jesús Luzardo,L,825038,9:40 PM ET,Chase Field,1,0,0.18571428571428572,2026-09-01,825038,1.0,0,105.5,106.3,89.5,R,4,4,2,0,0,0,0,0,0,1,2,3,0,0,0,3,0,0.14233333333333334,0.15666666666666665,1,1,1,1,1,0,0.19047619047619047,0.3137254901960784,0.7380952380952381,0.21153846153846154,0.22580645161290322,0.11904761904761904,0.019230769230769232,0.038461538461538464,0.07142857142857142,0.8666666666666667,0.7333333333333333,0.21212121212121213,0.30303030303030304,0.42424242424242425,0.24242424242424243,0.0,0.3009880952380953,0.5004345238095238,0.16666666666666666,0.14285714285714285,0.26830000000000004,0.72375,0.2222222222222222,0.37777777777777777,0.2653061224489796,0.29545454545454547,0.3409090909090909,0.19642857142857142,0.5826771653543307,0.16517857142857142,0.30131004366812225,0.11790393013100436,0.49324324324324326,0.24324324324324326,0.006756756756756757,7.391061452513966,0.6033519553072626,10.256983240223462,0.27530364372469635,0.3856917382509509,0.13376622091533427,0.3856917382509509,0.19047619047619047,,0.5,,,,,False,,1.5,,,,,False,
694374,Tim Tawa,AZ,PHI,1,7.0,1,666200,Jesús Luzardo,L,825038,9:40 PM ET,Chase Field,1,0,0.18571428571428572,2026-09-01,825038,1.0,0,105.5,106.3,89.5,R,4,4,0,0,0,0,0,0,0,3,0,1,0,0,0,1,0,0.225,0.229,0,0,0,0,1,1,0.2909090909090909,0.3709677419354839,0.7454545454545455,0.22580645161290322,0.358974358974359,0.16363636363636364,0.03225806451612903,0.04838709677419355,0.09090909090909091,1.6666666666666667,0.9333333333333333,0.4878048780487805,0.34146341463414637,0.2682926829268293,0.36585365853658536,0.024390243902439025,0.3535055555555555,0.6599666666666667,0.23529411764705882,0.4,0.2332,0.5548,0.2727272727272727,0.4727272727272727,0.3114754098360656,0.26666666666666666,0.37777777777777777,0.1836734693877551,0.5826771653543307,0.16517857142857142,0.30131004366812225,0.11790393013100436,0.49324324324324326,0.24324324324324326,0.006756756756756757,7.391061452513966,0.6033519553072626,10.256983240223462,0.27530364372469635,0.5924870516923412,0.23124104838892226,0.5924870516923412,0.2909090909090909,,0.5,,,,,False,,1.5,,,,,False,
664761,Alec Bohm,PHI,AZ,0,5.0,1,593958,Eduardo Rodriguez,L,825038,9:40 PM ET,Chase Field,1,0,0.1643835616438356,2026-09-01,825038,1.0,0,105.5,106.3,89.5,R,4,3,0,0,0,0,1,0,0,0,0,3,0,1,1,2,0,0.12000000000000001,0.13633333333333333,0,0,0,0,0,0,0.3728813559322034,0.421875,0.847457627118644,0.140625,0.42857142857142855,0.1694915254237288,0.015625,0.078125,0.11864406779661017,2.1333333333333333,0.6,0.48,0.3,0.38,0.3,0.04,0.34894111111111115,0.5877266666666666,0.23529411764705882,0.23809523809523808,0.2957333333333333,0.3661333333333334,0.3090909090909091,0.43636363636363634,0.12903225806451613,0.3728813559322034,0.559322033898305,0.09523809523809523,0.7903225806451613,0.24561403508771928,0.3905579399141631,0.12875536480686695,0.413265306122449,0.3163265306122449,0.025510204081632654,7.6499999999999995,0.9,6.15,0.1729957805907173,0.6883394441108927,0.26852587713412707,0.6883394441108927,0.3728813559322034,,0.5,,,,,False,,1.5,,,,,False,
547180,Bryce Harper,PHI,AZ,0,3.0,1,593958,Eduardo Rodriguez,L,825038,9:40 PM ET,Chase Field,0,0,0.1643835616438356,2026-09-01,825038,1.0,0,105.5,106.3,89.5,L,4,4,2,1,0,0,0,0,0,0,3,4,0,1,1,1,2,0.42474999999999996,0.782,1,1,1,1,0,0,0.36363636363636365,0.4852941176470588,0.7636363636363637,0.19117647058823528,0.45,0.18181818181818182,0.029411764705882353,0.058823529411764705,0.10909090909090909,2.0,0.8666666666666667,0.42857142857142855,0.35714285714285715,0.40476190476190477,0.23809523809523808,0.047619047619047616,0.397,0.6862722222222222,0.35,0.21739130434782608,0.36241666666666666,0.5757333333333332,0.32608695652173914,0.4782608695652174,0.1323529411764706,0.22413793103448276,0.3620689655172414,0.3333333333333333,0.7903225806451613,0.24561403508771928,0.3905579399141631,0.12875536480686695,0.413265306122449,0.3163265306122449,0.025510204081632654,7.6499999999999995,0.9,6.15,0.1729957805907173,0.6523149711196097,0.26891758973117247,0.6523149711196097,0.36363636363636365,,0.5,,,,,False,,1.5,,,,,False,
681082,Bryson Stott,PHI,AZ,0,7.0,1,593958,Eduardo Rodriguez,L,825038,9:40 PM ET,Chase Field,0,0,0.1643835616438356,2026-09-01,825038,1.0,0,105.5,106.3,89.5,L,4,4,1,0,0,1,0,0,0,0,4,4,1,1,2,1,1,0.40975,1.1905,1,0,1,1,0,0,0.2037037037037037,0.29508196721311475,0.8148148148148148,0.16393442622950818,0.23255813953488372,0.09259259259259259,0.01639344262295082,0.03278688524590164,0.05555555555555555,1.0666666666666667,0.6666666666666666,0.20454545454545456,0.22727272727272727,0.4772727272727273,0.25,0.0,0.24965444444444446,0.33311555555555555,0.2631578947368421,0.35,0.2853833333333334,0.39364999999999994,0.23636363636363636,0.2545454545454545,0.19672131147540983,0.2692307692307692,0.46153846153846156,0.21666666666666667,0.7903225806451613,0.24561403508771928,0.3905579399141631,0.12875536480686695,0.413265306122449,0.3163265306122449,0.025510204081632654,7.6499999999999995,0.9,6.15,0.1729957805907173,0.6045307375977208,0.2187188389383121,0.6045307375977208,0.2037037037037037,,0.5,,,,,False,,1.5,,,,,False,
656537,Derek Hill,PHI,AZ,0,9.0,1,593958,Eduardo Rodriguez,L,825038,9:40 PM ET,Chase Field,1,0,0.1643835616438356,2026-09-01,825038,1.0,0,105.5,106.3,89.5,R,4,4,1,0,0,0,0,0,0,1,1,3,0,0,0,2,1,0.22866666666666666,0.25133333333333335,1,0,1,0,1,0,0.18421052631578946,0.24390243902439024,0.7105263157894737,0.2682926829268293,0.2,0.18421052631578946,0.04878048780487805,0.024390243902439025,0.07894736842105263,0.9333333333333333,0.7333333333333333,0.3333333333333333,0.1111111111111111,0.5185185185185185,0.3333333333333333,0.07407407407407407,0.28922619047619047,0.5547380952380953,0.36363636363636365,0.16666666666666666,0.2820333333333334,0.31943333333333335,0.2727272727272727,0.5454545454545454,0.25,0.23255813953488372,0.4418604651162791,0.4444444444444444,0.7903225806451613,0.24561403508771928,0.3905579399141631,0.12875536480686695,0.413265306122449,0.3163265306122449,0.025510204081632654,7.6499999999999995,0.9,6.15,0.1729957805907173,0.5217636620981855,0.18103341181794275,0.5217636620981855,0.18421052631578946,,0.5,,,,,False,,1.5,,,,,False,
624641,Edmundo Sosa,PHI,AZ,0,6.0,1,593958,Eduardo Rodriguez,L,825038,9:40 PM ET,Chase Field,1,0,0.1643835616438356,2026-09-01,825038,1.0,0,105.5,106.3,89.5,R,3,3,1,0,0,1,0,0,0,1,4,2,0,2,1,0,1,0.6499999999999999,1.6245,1,0,1,1,1,0,0.26666666666666666,0.3125,0.7777777777777778,0.20833333333333334,0.3235294117647059,0.17777777777777778,0.020833333333333332,0.0625,0.1111111111111111,1.3333333333333333,0.6666666666666666,0.37142857142857144,0.22857142857142856,0.4857142857142857,0.22857142857142856,0.0,0.39015,0.6768666666666666,0.4117647058823529,0.16666666666666666,0.4575499999999999,1.0212833333333335,0.2127659574468085,0.3617021276595745,0.22,0.20930232558139536,0.3023255813953488,0.16326530612244897,0.7903225806451613,0.24561403508771928,0.3905579399141631,0.12875536480686695,0.413265306122449,0.3163265306122449,0.025510204081632654,7.6499999999999995,0.9,6.15,0.1729957805907173,0.6332364049052435,0.2846216615384643,0.6332364049052435,0.26666666666666666,,0.5,,,,,False,,1.5,,,,,False,
592663,J.T. Realmuto,PHI,AZ,0,8.0,1,593958,Eduardo Rodriguez,L,825038,9:40 PM ET,Chase Field,1,0,0.1643835616438356,2026-09-01,825038,1.0,0,105.5,106.3,89.5,R,4,3,2,0,0,1,1,0,0,0,5,3,1,3,1,1,1,0.6739999999999999,1.4186666666666667,1,1,1,1,0,0,0.18867924528301888,0.2459016393442623,0.7735849056603774,0.19672131147540983,0.20930232558139536,0.11320754716981132,0.01639344262295082,0.04918032786885246,0.07547169811320754,1.0666666666666667,0.8,0.36363636363636365,0.2727272727272727,0.38636363636363635,0.25,0.022727272727272728,0.3236788888888889,0.44400333333333336,0.16666666666666666,0.10526315789473684,0.2907500000000001,0.4344833333333333,0.2,0.3090909090909091,0.16666666666666666,0.29411764705882354,0.4117647058823529,0.16666666666666666,0.7903225806451613,0.24561403508771928,0.3905579399141631,0.12875536480686695,0.413265306122449,0.3163265306122449,0.025510204081632654,7.6499999999999995,0.9,6.15,0.1729957805907173,0.6280064774938153,0.27483400995736645,0.6280064774938153,0.18867924528301888,,0.5,,,,,False,,1.5,,,,,False,
656941,Kyle Schwarber,PHI,AZ,0,1.0,1,593958,Eduardo Rodriguez,L,825038,9:40 PM ET,Chase Field,0,0,0.1643835616438356,2026-09-01,825038,1.0,0,105.5,106.3,89.5,L,4,3,0,0,0,0,1,0,0,0,0,3,0,0,1,2,0,0.08066666666666668,0.08866666666666667,0,0,0,0,0,0,0.21875,0.2777777777777778,0.71875,0.25,0.20930232558139536,0.28125,0.06944444444444445,0.041666666666666664,0.125,2.1333333333333333,1.2,0.4166666666666667,0.20833333333333334,0.3333333333333333,0.3333333333333333,0.0625,0.31222222222222223,0.6422,0.2727272727272727,0.2916666666666667,0.3252333333333333,0.5793666666666667,0.22950819672131148,0.5901639344262295,0.2535211267605634,0.2641509433962264,0.4528301886792453,0.2878787878787879,0.7903225806451613,0.24561403508771928,0.3905579399141631,0.12875536480686695,0.413265306122449,0.3163265306122449,0.025510204081632654,7.6499999999999995,0.9,6.15,0.1729957805907173,0.6523149711196097,0.2450292846368661,0.6523149711196097,0.21875,,0.5,,,,,False,,1.5,,,,,False,
650333,Luis Arraez,PHI,AZ,0,4.0,1,593958,Eduardo Rodriguez,L,825038,9:40 PM ET,Chase Field,0,0,0.1643835616438356,2026-09-01,825038,1.0,0,105.5,106.3,89.5,L,4,4,1,0,0,0,0,0,0,0,1,4,0,0,3,0,1,0.3555,0.40974999999999995,1,0,1,0,0,0,0.34545454545454546,0.3508771929824561,0.9818181818181818,0.017543859649122806,0.3333333333333333,0.09090909090909091,0.017543859649122806,0.03508771929824561,0.05454545454545454,1.6,0.06666666666666667,0.12727272727272726,0.2909090909090909,0.34545454545454546,0.3090909090909091,0.03636363636363636,0.3436630952380952,0.4405166666666667,0.17647058823529413,0.0,0.31167500000000004,0.3697,0.27586206896551724,0.3793103448275862,0.01694915254237288,0.38333333333333336,0.5,0.07462686567164178,0.7903225806451613,0.24561403508771928,0.3905579399141631,0.12875536480686695,0.413265306122449,0.3163265306122449,0.025510204081632654,7.6499999999999995,0.9,6.15,0.1729957805907173,0.6128203410901673,0.16713813584743184,0.6128203410901673,0.34545454545454546,,0.5,,,,,False,,1.5,,,,,False,
607208,Trea Turner,PHI,AZ,0,2.0,1,593958,Eduardo Rodriguez,L,825038,9:40 PM ET,Chase Field,1,0,0.1643835616438356,2026-09-01,825038,1.0,0,105.5,106.3,89.5,R,4,3,0,0,0,0,1,0,0,1,0,2,0,0,1,1,0,0.038,0.05,0,0,0,0,1,0,0.1935483870967742,0.2753623188405797,0.7741935483870968,0.2028985507246377,0.25,0.03225806451612903,0.0,0.028985507246376812,0.03225806451612903,0.9333333333333333,0.9333333333333333,0.2916666666666667,0.10416666666666667,0.4166666666666667,0.2916666666666667,0.041666666666666664,0.2389911111111111,0.3291322222222222,0.22727272727272727,0.16666666666666666,0.2386833333333333,0.38655000000000006,0.14516129032258066,0.22580645161290322,0.22857142857142856,0.3333333333333333,0.4603174603174603,0.19117647058823528,0.7903225806451613,0.24561403508771928,0.3905579399141631,0.12875536480686695,0.413265306122449,0.3163265306122449,0.025510204081632654,7.6499999999999995,0.9,6.15,0.1729957805907173,0.6235236006386257,0.22821511206964815,0.6235236006386257,0.1935483870967742,,0.5,,,,,False,,1.5,,,,,False,
690976,Alex Freeland,LAD,STL,1,9.0,1,700241,Michael McGreevy,R,823908,10:10 PM ET,Dodger Stadium,0,1,0.21391304347826087,2026-09-01,823908,0.0,1,96.8,101.9,115.2,L,1,1,0,0,0,0,0,0,0,1,0,0,0,0,0,0,0,0.124,0.126,0,0,0,0,1,0,0.23076923076923078,0.25925925925925924,0.5,0.48148148148148145,0.46153846153846156,0.0,0.0,0.0,0.0,0.4,0.8666666666666667,0.15384615384615385,0.38461538461538464,0.3076923076923077,0.23076923076923078,0.0,0.2801666666666667,0.3369000000000001,0.36363636363636365,0.5454545454545454,0.3775555555555556,0.4256666666666666,0.23684210526315788,0.2631578947368421,0.34146341463414637,0.11764705882352941,0.20588235294117646,0.41025641025641024,0.7422222222222222,0.24120603015075376,0.424390243902439,0.16097560975609757,0.41916167664670656,0.2994011976047904,0.03592814371257485,9.0,1.2857142857142856,5.7857142857142865,0.1565217391304348,0.37358703837218615,0.06310250187842457,0.37358703837218615,0.23076923076923078,,0.5,,,,,False,,1.5,,,,,False,
518692,Freddie Freeman,LAD,STL,1,2.0,1,700241,Michael McGreevy,R,823908,10:10 PM ET,Dodger Stadium,0,1,0.21391304347826087,2026-09-01,823908,0.0,1,96.8,101.9,115.2,L,4,2,2,1,0,0,2,0,0,0,3,2,0,1,0,0,2,0.7345,0.9259999999999999,1,1,1,1,0,0,0.27586206896551724,0.3333333333333333,0.7931034482758621,0.18181818181818182,0.3333333333333333,0.06896551724137931,0.0,0.06060606060606061,0.06896551724137931,1.3333333333333333,0.8,0.3541666666666667,0.375,0.2708333333333333,0.3125,0.0,0.40346666666666664,0.6469722222222223,0.2857142857142857,0.13043478260869565,0.3998499999999999,0.5277999999999998,0.2413793103448276,0.29310344827586204,0.19696969696969696,0.36363636363636365,0.4,0.13559322033898305,0.7422222222222222,0.24120603015075376,0.424390243902439,0.16097560975609757,0.41916167664670656,0.2994011976047904,0.03592814371257485,9.0,1.2857142857142856,5.7857142857142865,0.1565217391304348,0.5981320799325324,0.22487836039611123,0.5981320799325324,0.27586206896551724,,0.5,,,,,False,,1.5,,,,,False,
663656,Kyle Tucker,LAD,STL,1,6.0,1,700241,Michael McGreevy,R,823908,10:10 PM ET,Dodger Stadium,0,1,0.21391304347826087,2026-09-01,823908,0.0,1,96.8,101.9,115.2,L,4,3,0,0,0,0,1,0,0,1,0,2,0,0,1,1,0,0.14850000000000002,0.181,0,0,0,0,1,0,0.13793103448275862,0.23076923076923078,0.8448275862068966,0.13846153846153847,0.16326530612244897,0.034482758620689655,0.0,0.03076923076923077,0.034482758620689655,0.6666666666666666,0.6,0.2857142857142857,0.1836734693877551,0.42857142857142855,0.2857142857142857,0.0,0.23899,0.29944222222222217,0.2222222222222222,0.09090909090909091,0.29883333333333334,0.38616666666666666,0.1568627450980392,0.29411764705882354,0.10526315789473684,0.26785714285714285,0.39285714285714285,0.14754098360655737,0.7422222222222222,0.24120603015075376,0.424390243902439,0.16097560975609757,0.41916167664670656,0.2994011976047904,0.03592814371257485,9.0,1.2857142857142856,5.7857142857142865,0.1565217391304348,0.5922264203816542,0.16698099869826313,0.5922264203816542,0.13793103448275862,,0.5,,,,,False,,1.5,,,,,False,
571970,Max Muncy,LAD,STL,1,4.0,1,700241,Michael McGreevy,R,823908,10:10 PM ET,Dodger Stadium,0,1,0.21391304347826087,2026-09-01,823908,0.0,1,96.8,101.9,115.2,L,1,1,1,0,0,0,0,0,0,0,1,1,0,0,0,0,1,0.303,0.303,1,0,1,0,0,0,0.23404255319148937,0.3508771929824561,0.7446808510638298,0.21052631578947367,0.21875,0.3191489361702128,0.07017543859649122,0.05263157894736842,0.14893617021276595,1.7333333333333334,0.8,0.5,0.2222222222222222,0.3055555555555556,0.3888888888888889,0.0,0.3597444444444445,0.7914222222222222,0.05555555555555555,0.17391304347826086,0.31659999999999994,0.36869999999999975,0.26666666666666666,0.5777777777777777,0.2,0.28846153846153844,0.5769230769230769,0.3157894736842105,0.7422222222222222,0.24120603015075376,0.424390243902439,0.16097560975609757,0.41916167664670656,0.2994011976047904,0.03592814371257485,9.0,1.2857142857142856,5.7857142857142865,0.1565217391304348,0.6210987436586303,0.2009881087011706,0.6210987436586303,0.23404255319148937,,0.5,,,,,False,,1.5,,,,,False,
605141,Mookie Betts,LAD,STL,1,3.0,1,700241,Michael McGreevy,R,823908,10:10 PM ET,Dodger Stadium,1,1,0.21391304347826087,2026-09-01,823908,0.0,1,96.8,101.9,115.2,R,5,5,1,1,0,0,0,0,0,0,2,5,0,2,0,2,2,0.4024,0.5232,1,0,1,1,0,0,0.2413793103448276,0.3125,0.896551724137931,0.09375,0.2549019607843137,0.08620689655172414,0.015625,0.03125,0.05172413793103448,1.2666666666666666,0.4,0.2692307692307692,0.23076923076923078,0.38461538461538464,0.3269230769230769,0.019230769230769232,0.24725,0.3468677777777778,0.3,0.08695652173913043,0.2642,0.3417900000000001,0.23636363636363636,0.38181818181818183,0.07936507936507936,0.3103448275862069,0.5,0.0847457627118644,0.7422222222222222,0.24120603015075376,0.424390243902439,0.16097560975609757,0.41916167664670656,0.2994011976047904,0.03592814371257485,9.0,1.2857142857142856,5.7857142857142865,0.1565217391304348,0.651532672026108,0.25113107894769365,0.651532672026108,0.2413793103448276,,0.5,,,,,False,,1.5,,,,,False,
660271,Shohei Ohtani,LAD,STL,1,1.0,1,700241,Michael McGreevy,R,823908,10:10 PM ET,Dodger Stadium,0,1,0.21391304347826087,2026-09-01,823908,0.0,1,96.8,101.9,115.2,L,5,5,0,0,0,0,0,0,0,2,0,3,0,2,0,2,1,0.4693333333333333,0.5263333333333333,0,0,0,0,1,1,0.21666666666666667,0.3088235294117647,0.6833333333333333,0.27941176470588236,0.2631578947368421,0.25,0.04411764705882353,0.029411764705882353,0.11666666666666667,1.8666666666666667,1.2666666666666666,0.4878048780487805,0.1951219512195122,0.5121951219512195,0.2682926829268293,0.04878048780487805,0.34501666666666664,0.6052355555555555,0.18181818181818182,0.30434782608695654,0.3600333333333333,0.512066666666667,0.2459016393442623,0.5245901639344263,0.2463768115942029,0.288135593220339,0.576271186440678,0.2878787878787879,0.7422222222222222,0.24120603015075376,0.424390243902439,0.16097560975609757,0.41916167664670656,0.2994011976047904,0.03592814371257485,9.0,1.2857142857142856,5.7857142857142865,0.1565217391304348,0.649772462182276,0.23783879631879867,0.649772462182276,0.21666666666666667,,0.5,,,,,False,,1.5,,,,,False,
606192,Teoscar Hernández,LAD,STL,1,8.0,1,700241,Michael McGreevy,R,823908,10:10 PM ET,Dodger Stadium,1,1,0.21391304347826087,2026-09-01,823908,0.0,1,96.8,101.9,115.2,R,4,3,2,0,0,1,0,1,0,1,5,2,1,2,1,1,0,0.6735,2.082,1,1,1,1,1,0,0.21818181818181817,0.2711864406779661,0.6181818181818182,0.3559322033898305,0.35294117647058826,0.05454545454545454,0.0,0.01694915254237288,0.03636363636363636,1.0,1.4,0.47058823529411764,0.20588235294117646,0.5,0.23529411764705882,0.029411764705882353,0.3644777777777778,0.52655,0.21052631578947367,0.38095238095238093,0.29300000000000004,0.4356000000000003,0.22,0.3,0.3269230769230769,0.2222222222222222,0.35185185185185186,0.2033898305084746,0.7422222222222222,0.24120603015075376,0.424390243902439,0.16097560975609757,0.41916167664670656,0.2994011976047904,0.03592814371257485,9.0,1.2857142857142856,5.7857142857142865,0.1565217391304348,0.5864644935680706,0.17922121889070505,0.5864644935680706,0.21818181818181817,,0.5,,,,,False,,1.5,,,,,False,
669242,Tommy Edman,LAD,STL,1,7.0,1,700241,Michael McGreevy,R,823908,10:10 PM ET,Dodger Stadium,1,1,0.21391304347826087,2026-09-01,823908,0.0,1,96.8,101.9,115.2,R,3,3,0,0,0,0,0,0,0,0,0,3,0,1,0,3,0,0.331,0.371,0,0,0,0,0,0,0.2564102564102564,0.3829787234042553,0.717948717948718,0.23404255319148937,0.3333333333333333,0.15384615384615385,0.02127659574468085,0.06382978723404255,0.10256410256410256,1.0666666666666667,0.7333333333333333,0.32142857142857145,0.32142857142857145,0.25,0.39285714285714285,0.0,0.34736111111111106,0.48299305555555555,0.2,0.09090909090909091,0.2597083333333334,0.3433750000000004,0.21568627450980393,0.3333333333333333,0.1694915254237288,0.16666666666666666,0.2777777777777778,0.3,0.7422222222222222,0.24120603015075376,0.424390243902439,0.16097560975609757,0.41916167664670656,0.2994011976047904,0.03592814371257485,9.0,1.2857142857142856,5.7857142857142865,0.1565217391304348,0.5443509580821162,0.16390572854494034,0.5443509580821162,0.2564102564102564,,0.5,,,,,False,,1.5,,,,,False,
669257,Will Smith,LAD,STL,1,5.0,1,700241,Michael McGreevy,R,823908,10:10 PM ET,Dodger Stadium,1,1,0.21391304347826087,2026-09-01,823908,0.0,1,96.8,101.9,115.2,R,3,2,0,0,0,0,1,0,0,2,0,0,0,0,0,0,0,0.417,0.48600000000000004,0,0,0,0,1,1,0.24,0.3709677419354839,0.82,0.14516129032258066,0.23076923076923078,0.22,0.04838709677419355,0.03225806451612903,0.1,1.5333333333333334,0.6,0.42857142857142855,0.23809523809523808,0.2857142857142857,0.4523809523809524,0.023809523809523808,0.41673888888888894,0.8779611111111111,0.23529411764705882,0.2,0.47026666666666667,1.1453833333333336,0.24489795918367346,0.4489795918367347,0.13114754098360656,0.18181818181818182,0.25,0.23529411764705882,0.7422222222222222,0.24120603015075376,0.424390243902439,0.16097560975609757,0.41916167664670656,0.2994011976047904,0.03592814371257485,9.0,1.2857142857142856,5.7857142857142865,0.1565217391304348,0.6359954769267603,0.224962804288512,0.6359954769267603,0.24,,0.5,,,,,False,,1.5,,,,,False,
676475,Alec Burleson,STL,LAD,0,4.0,1,641778,Eric Lauer,L,823908,10:10 PM ET,Dodger Stadium,0,0,0.23247863247863249,2026-09-01,823908,0.0,1,96.8,101.9,115.2,L,5,4,1,0,0,0,1,0,0,0,1,4,0,4,1,3,0,0.35000000000000003,0.52925,1,0,1,0,0,0,0.3157894736842105,0.36065573770491804,0.7894736842105263,0.19672131147540983,0.37209302325581395,0.15789473684210525,0.03278688524590164,0.04918032786885246,0.08771929824561403,1.8,0.8,0.4888888888888889,0.2,0.4888888888888889,0.2222222222222222,0.022222222222222223,0.33342777777777777,0.5596277777777777,0.21052631578947367,0.15,0.2781333333333333,0.3926333333333333,0.26785714285714285,0.42857142857142855,0.1746031746031746,0.3275862068965517,0.5172413793103449,0.24193548387096775,0.7606837606837606,0.19704433497536947,0.4272300469483568,0.19248826291079812,0.34831460674157305,0.3651685393258427,0.033707865168539325,8.320754716981131,2.207547169811321,4.754716981132075,0.12727272727272726,0.6429872348473581,0.23664485210234273,0.6429872348473581,0.3157894736842105,,0.5,,,,,False,,1.5,,,,,False,
671056,Iván Herrera,STL,LAD,0,2.0,1,641778,Eric Lauer,L,823908,10:10 PM ET,Dodger Stadium,1,0,0.23247863247863249,2026-09-01,823908,0.0,1,96.8,101.9,115.2,R,5,5,2,1,0,0,0,0,0,0,3,5,0,2,1,2,1,0.23040000000000002,0.2996,1,1,1,1,0,0,0.17307692307692307,0.35294117647058826,0.6730769230769231,0.25,0.22857142857142856,0.057692307692307696,0.014705882352941176,0.0,0.019230769230769232,0.8,1.1333333333333333,0.3055555555555556,0.2222222222222222,0.3611111111111111,0.3055555555555556,0.027777777777777776,0.23929444444444445,0.33979444444444445,0.2222222222222222,0.23809523809523808,0.34075,0.4390833333333333,0.2833333333333333,0.43333333333333335,0.2,0.25,0.36666666666666664,0.25,0.7606837606837606,0.19704433497536947,0.4272300469483568,0.19248826291079812,0.34831460674157305,0.3651685393258427,0.033707865168539325,8.320754716981131,2.207547169811321,4.754716981132075,0.12727272727272726,0.60825918176325,0.22546896510939285,0.60825918176325,0.17307692307692307,,0.5,,,,,False,,1.5,,,,,False,
691023,Jordan Walker,STL,LAD,0,3.0,1,641778,Eric Lauer,L,823908,10:10 PM ET,Dodger Stadium,1,0,0.23247863247863249,2026-09-01,823908,0.0,1,96.8,101.9,115.2,R,4,4,0,0,0,0,0,0,0,2,0,2,0,1,0,1,0,0.1765,0.185,0,0,0,0,1,1,0.3442622950819672,0.38461538461538464,0.7704918032786885,0.2153846153846154,0.3953488372093023,0.2786885245901639,0.06153846153846154,0.07692307692307693,0.14754098360655737,2.533333333333333,0.9333333333333333,0.5319148936170213,0.19148936170212766,0.3617021276595745,0.3617021276595745,0.06382978723404255,0.3640555555555556,0.6976,0.3157894736842105,0.25,0.39659999999999995,0.5886000000000002,0.3220338983050847,0.559322033898305,0.23076923076923078,0.23333333333333334,0.38333333333333336,0.18461538461538463,0.7606837606837606,0.19704433497536947,0.4272300469483568,0.19248826291079812,0.34831460674157305,0.3651685393258427,0.033707865168539325,8.320754716981131,2.207547169811321,4.754716981132075,0.12727272727272726,0.6940269397846054,0.271481436494617,0.6940269397846054,0.3442622950819672,,0.5,,,,,False,,1.5,,,,,False,
665877,José Fermín,STL,LAD,0,1.0,1,641778,Eric Lauer,L,823908,10:10 PM ET,Dodger Stadium,1,0,0.23247863247863249,2026-09-01,823908,0.0,1,96.8,101.9,115.2,R,4,4,1,0,0,0,0,0,0,1,1,3,0,0,1,0,1,0.243,0.2833333333333333,1,0,1,0,1,0,0.22448979591836735,0.2692307692307692,0.8163265306122449,0.17307692307692307,0.2564102564102564,0.12244897959183673,0.019230769230769232,0.057692307692307696,0.08163265306122448,1.1333333333333333,0.6,0.275,0.2,0.375,0.275,0.025,0.29650444444444446,0.38306888888888885,0.15,0.25,0.21926666666666655,0.27323333333333333,0.20833333333333334,0.25,0.16666666666666666,0.29545454545454547,0.5227272727272727,0.07272727272727272,0.7606837606837606,0.19704433497536947,0.4272300469483568,0.19248826291079812,0.34831460674157305,0.3651685393258427,0.033707865168539325,8.320754716981131,2.207547169811321,4.754716981132075,0.12727272727272726,0.646180721053408,0.2961489850756256,0.646180721053408,0.22448979591836735,,0.5,,,,,False,,1.5,,,,,False,
695491,Joshua Báez,STL,LAD,0,5.0,1,641778,Eric Lauer,L,823908,10:10 PM ET,Dodger Stadium,1,0,0.23247863247863249,2026-09-01,823908,0.0,1,96.8,101.9,115.2,R,1,1,0,0,0,0,0,0,0,0,0,1,0,1,0,1,0,0.398,0.457,0,0,0,0,0,0,0.16981132075471697,0.22413793103448276,0.5849056603773585,0.3793103448275862,0.14814814814814814,0.32075471698113206,0.08620689655172414,0.034482758620689655,0.1320754716981132,1.7333333333333334,1.4666666666666666,0.53125,0.21875,0.25,0.4375,0.0,0.31889880952380956,0.7100833333333334,0.23529411764705882,0.47058823529411764,0.26095833333333335,0.509125,0.1111111111111111,0.14814814814814814,0.3548387096774194,0.21739130434782608,0.782608695652174,0.4,0.7606837606837606,0.19704433497536947,0.4272300469483568,0.19248826291079812,0.34831460674157305,0.3651685393258427,0.033707865168539325,8.320754716981131,2.207547169811321,4.754716981132075,0.12727272727272726,0.6374755464873866,0.18813595245041603,0.6374755464873866,0.16981132075471697,,0.5,,,,,False,,1.5,,,,,False,
699024,Leo Bernal,STL,LAD,0,6.0,1,641778,Eric Lauer,L,823908,10:10 PM ET,Dodger Stadium,0,0,0.23247863247863249,2026-09-01,823908,0.0,1,96.8,101.9,115.2,L,1,1,1,0,0,1,0,0,0,0,4,1,1,1,1,0,0,,,1,0,1,1,0,0,,,,,,,,,,,,,,,,,,,,,,,,,,,,,0.7606837606837606,0.19704433497536947,0.4272300469483568,0.19248826291079812,0.34831460674157305,0.3651685393258427,0.033707865168539325,8.320754716981131,2.207547169811321,4.754716981132075,0.12727272727272726,0.16097395041213244,0.010968183952641585,0.16097395041213244,,,0.5,,,,,False,,1.5,,,,,False,
701675,Nathan Church,STL,LAD,0,9.0,1,641778,Eric Lauer,L,823908,10:10 PM ET,Dodger Stadium,0,0,0.23247863247863249,2026-09-01,823908,0.0,1,96.8,101.9,115.2,L,4,4,0,0,0,0,0,0,0,1,0,3,0,1,1,1,1,0.239,0.389,0,0,0,0,1,0,0.2777777777777778,0.3050847457627119,0.9259259259259259,0.06779661016949153,0.27450980392156865,0.12962962962962962,0.01694915254237288,0.03389830508474576,0.07407407407407407,1.4666666666666666,0.26666666666666666,0.19230769230769232,0.15384615384615385,0.38461538461538464,0.36538461538461536,0.019230769230769232,0.24135111111111113,0.3385666666666667,0.29411764705882354,0.05,0.2152166666666667,0.37229999999999996,0.28846153846153844,0.4230769230769231,0.10344827586206896,0.21818181818181817,0.2909090909090909,0.16666666666666666,0.7606837606837606,0.19704433497536947,0.4272300469483568,0.19248826291079812,0.34831460674157305,0.3651685393258427,0.033707865168539325,8.320754716981131,2.207547169811321,4.754716981132075,0.12727272727272726,0.5127739749728635,0.16869135716456243,0.5127739749728635,0.2777777777777778,,0.5,,,,,False,,1.5,,,,,False,
602104,Ramón Urías,STL,LAD,0,7.0,1,641778,Eric Lauer,L,823908,10:10 PM ET,Dodger Stadium,1,0,0.23247863247863249,2026-09-01,823908,0.0,1,96.8,101.9,115.2,R,4,3,0,0,0,0,1,0,0,2,0,1,0,1,0,1,0,0.15,0.161,0,0,0,0,1,1,0.10526315789473684,0.2222222222222222,0.868421052631579,0.1111111111111111,0.09090909090909091,0.07894736842105263,0.022222222222222223,0.0,0.02631578947368421,0.4666666666666667,0.3333333333333333,0.29411764705882354,0.058823529411764705,0.35294117647058826,0.47058823529411764,0.029411764705882353,0.15695512820512822,0.3318974358974359,0.15384615384615385,0.07142857142857142,0.21604166666666672,0.5245208333333334,0.14583333333333334,0.3125,0.16363636363636364,0.16129032258064516,0.3870967741935484,0.1282051282051282,0.7606837606837606,0.19704433497536947,0.4272300469483568,0.19248826291079812,0.34831460674157305,0.3651685393258427,0.033707865168539325,8.320754716981131,2.207547169811321,4.754716981132075,0.12727272727272726,0.48662652901983944,0.13944558306451924,0.48662652901983944,0.10526315789473684,,0.5,,,,,False,,1.5,,,,,False,
695336,Thomas Saggese,STL,LAD,0,8.0,1,641778,Eric Lauer,L,823908,10:10 PM ET,Dodger Stadium,1,0,0.23247863247863249,2026-09-01,823908,0.0,1,96.8,101.9,115.2,R,4,4,3,0,0,0,0,0,0,0,3,4,0,1,0,1,3,0.6799999999999999,0.795,1,1,1,1,0,0,0.13157894736842105,0.175,0.5789473684210527,0.4,0.19047619047619047,0.13157894736842105,0.025,0.0,0.05263157894736842,0.6666666666666666,1.0666666666666667,0.45454545454545453,0.3181818181818182,0.45454545454545453,0.18181818181818182,0.0,0.31583333333333335,0.6723787878787878,0.3333333333333333,0.4,0.2771666666666667,0.8274999999999998,0.1590909090909091,0.20454545454545456,0.2765957446808511,0.22916666666666666,0.4166666666666667,0.3137254901960784,0.7606837606837606,0.19704433497536947,0.4272300469483568,0.19248826291079812,0.34831460674157305,0.3651685393258427,0.033707865168539325,8.320754716981131,2.207547169811321,4.754716981132075,0.12727272727272726,0.5621661326494128,0.17374682147392317,0.5621661326494128,0.13157894736842105,,0.5,,,,,False,,1.5,,,,,False,
