batter,player_name,team_abbr,opp_team,is_home,bat_order,in_lineup,pitcher_id,pitcher_name,p_throws,game_id,game_time,stadium,stand_R,p_throws_R,opp_k_pct_15,game_date,game_pk,is_dome,wind_out,hit_factor,tb_factor,hr_factor,stand,pa,ab,h,doubles,triples,hr,bb,hbp,sf,k,tb,batted_balls,barrels,hard_hits,fly_balls,ground_balls,line_drives,avg_xba,avg_xslg,target_hit_1plus,target_hit_2plus,target_tb_1plus,target_tb_2plus,target_k_1plus,target_k_2plus,batting_avg_15,obp_15,contact_rate_15,k_rate_15,babip_15,iso_15,hr_rate_15,doubles_rate_15,extra_base_hit_rate_15,avg_total_bases_15,avg_k_per_game_15,hard_hit_pct_15,line_drive_pct_15,gb_pct_15,fly_ball_pct_15,barrel_pct_15,xba_15,xslg_15,batting_avg_last_5,k_rate_last_5,xba_last_5,xslg_last_5,batting_avg_vs_R_15,slg_vs_R_15,k_rate_vs_R_15,batting_avg_vs_L_15,slg_vs_L_15,k_rate_vs_L_15,p_contact_rate_allowed_10,p_babip_allowed_10,p_slg_allowed_10,p_iso_allowed_10,p_gb_pct_10,p_fb_pct_10,p_barrel_pct_allowed_10,p_hits_per9_10,p_hr_per9_10,p_k_per9_10,p_k_rate_10,p_hit_1plus,p_hit_2plus,adj_prob,pred_hits,book_markets,primary_line,primary_side,primary_best_book,primary_best_odds,primary_book_implied,primary_has_line,primary_edge,secondary_line,secondary_side,secondary_best_book,secondary_best_odds,secondary_book_implied,secondary_has_line,secondary_edge
664040,Brandon Lowe,PIT,NYM,1,2.0,1,804267,Zac Thornton,L,823349,6:40 PM ET,PNC Park,0,0,0.25846702317290554,2026-08-07,823349,0.0,0,100.5,96.8,86.2,L,4,3,1,0,0,1,1,0,0,2,4,1,0,1,1,0,0,0.72,2.291,1,0,1,1,1,1,0.2903225806451613,0.3333333333333333,0.6451612903225806,0.3333333333333333,0.42105263157894735,0.16129032258064516,0.030303030303030304,0.06060606060606061,0.0967741935483871,1.8666666666666667,1.4666666666666666,0.425,0.3,0.4,0.275,0.025,0.37077777777777776,0.6132866666666666,0.2,0.38095238095238093,0.33896666666666675,0.5742,0.36363636363636365,0.5606060606060606,0.2898550724637681,0.18181818181818182,0.2909090909090909,0.3333333333333333,0.7363636363636363,0.18,0.29411764705882354,0.09803921568627451,0.4074074074074074,0.32098765432098764,0.04938271604938271,,,,,0.5917996097718944,0.19683079074335222,0.5917996097718944,0.2903225806451613,"{""novig"": {""0.5"": {""over"": -208, ""under"": 178}}, ""bet365"": {""0.5"": {""over"": -210, ""under"": 155}}, ""betmgm"": {""0.5"": {""over"": -210, ""under"": 155}}, ""draftkings"": {""0.5"": {""over"": -222, ""under"": 165}}, ""fanduel"": {""0.5"": {""over"": -230}}}",0.5,over,novig,-208.0,0.6753246753246753,True,-0.0835,1.5,,,,,False,
668804,Bryan Reynolds,PIT,NYM,1,3.0,1,804267,Zac Thornton,L,823349,6:40 PM ET,PNC Park,0,0,0.25846702317290554,2026-08-07,823349,0.0,0,100.5,96.8,86.2,L,3,2,0,0,0,0,1,0,0,2,0,0,0,0,0,0,0,0.911,1.132,0,0,0,0,1,1,0.25,0.32653061224489793,0.7045454545454546,0.2653061224489796,0.3333333333333333,0.11363636363636363,0.02040816326530612,0.04081632653061224,0.06818181818181818,1.0666666666666667,0.8666666666666667,0.5161290322580645,0.25806451612903225,0.41935483870967744,0.3225806451612903,0.0,0.33807051282051287,0.5635384615384615,0.23076923076923078,0.38461538461538464,0.42018750000000005,0.5603124999999999,0.22033898305084745,0.423728813559322,0.2835820895522388,0.21052631578947367,0.3333333333333333,0.328125,0.7363636363636363,0.18,0.29411764705882354,0.09803921568627451,0.4074074074074074,0.32098765432098764,0.04938271604938271,,,,,0.5767796117391507,0.2104784660291503,0.5767796117391507,0.25,"{""novig"": {""0.5"": {""over"": -228, ""under"": 167}}, ""bet365"": {""0.5"": {""over"": -270, ""under"": 195}}, ""betmgm"": {""0.5"": {""over"": -235, ""under"": 175}}, ""draftkings"": {""0.5"": {""over"": -240, ""under"": 177}}, ""fanduel"": {""0.5"": {""over"": -250}}}",0.5,over,novig,-228.0,0.6951219512195121,True,-0.1183,1.5,,,,,False,
699013,Esmerlyn Valdez,PIT,NYM,1,4.0,1,804267,Zac Thornton,L,823349,6:40 PM ET,PNC Park,1,0,0.25846702317290554,2026-08-07,823349,0.0,0,100.5,96.8,86.2,R,4,3,0,0,0,0,1,0,0,3,0,0,0,0,0,0,0,0.0945,0.2505,0,0,0,0,1,1,0.13333333333333333,0.3548387096774194,0.5333333333333333,0.3387096774193548,0.17391304347826086,0.17777777777777778,0.03225806451612903,0.03225806451612903,0.08888888888888889,0.9333333333333333,1.4,0.4,0.24,0.24,0.48,0.08,0.42980303030303024,0.9764924242424243,0.0,0.42857142857142855,0.08025000000000002,0.22199999999999998,0.20754716981132076,0.5283018867924528,0.38461538461538464,0.27906976744186046,0.6976744186046512,0.3090909090909091,0.7363636363636363,0.18,0.29411764705882354,0.09803921568627451,0.4074074074074074,0.32098765432098764,0.04938271604938271,,,,,0.5714143760274895,0.12420357916517899,0.5714143760274895,0.13333333333333333,"{""novig"": {""0.5"": {""over"": -170, ""under"": 150}}, ""bet365"": {""0.5"": {""over"": -200, ""under"": 150}}, ""betmgm"": {""0.5"": {""over"": -185, ""under"": 135}}, ""draftkings"": {""0.5"": {""over"": -178, ""under"": 133}}, ""fanduel"": {""0.5"": {""over"": -190}}}",0.5,over,novig,-170.0,0.6296296296296297,True,-0.0582,1.5,,,,,False,
663968,Jake Mangum,PIT,NYM,1,1.0,1,804267,Zac Thornton,L,823349,6:40 PM ET,PNC Park,0,0,0.25846702317290554,2026-08-07,823349,0.0,0,100.5,96.8,86.2,L,3,2,0,0,0,0,1,0,0,0,0,2,0,1,0,1,1,0.3355,0.373,0,0,0,0,0,0,0.26666666666666666,0.34,0.7111111111111111,0.26,0.3548387096774194,0.08888888888888889,0.02,0.02,0.044444444444444446,1.0666666666666667,0.8666666666666667,0.34375,0.3125,0.5,0.1875,0.0,0.32256818181818186,0.4446954545454545,0.14285714285714285,0.35294117647058826,0.33975,0.47400000000000003,0.27419354838709675,0.4032258064516129,0.21739130434782608,0.30357142857142855,0.375,0.22413793103448276,0.7363636363636363,0.18,0.29411764705882354,0.09803921568627451,0.4074074074074074,0.32098765432098764,0.04938271604938271,,,,,0.5862781564523817,0.21741107639045043,0.5862781564523817,0.26666666666666666,"{""novig"": {""1.5"": {""over"": 182, ""under"": -257}}, ""bet365"": {""1.5"": {""over"": 150, ""under"": -200}}, ""betmgm"": {""1.5"": {""over"": 155, ""under"": -210}}, ""draftkings"": {""1.5"": {""over"": 175, ""under"": -236}}, ""fanduel"": {""0.5"": {""over"": -330}}}",0.5,over,fanduel,-330.0,0.7674418604651163,True,-0.1812,1.5,over,novig,182.0,0.3546099290780142,True,-0.1372
669707,Jared Triolo,PIT,NYM,1,8.0,1,804267,Zac Thornton,L,823349,6:40 PM ET,PNC Park,1,0,0.25846702317290554,2026-08-07,823349,0.0,0,100.5,96.8,86.2,R,1,1,0,0,0,0,0,0,0,0,0,1,0,0,0,0,1,0.334,0.412,0,0,0,0,0,0,0.2727272727272727,0.4,0.7878787878787878,0.175,0.34615384615384615,0.030303030303030304,0.0,0.025,0.030303030303030304,0.6666666666666666,0.4666666666666667,0.2692307692307692,0.23076923076923078,0.5,0.23076923076923078,0.038461538461538464,0.32341666666666663,0.42978571428571427,0.125,0.18181818181818182,0.3685,0.39675000000000005,0.2608695652173913,0.391304347826087,0.1568627450980392,0.2682926829268293,0.34146341463414637,0.1702127659574468,0.7363636363636363,0.18,0.29411764705882354,0.09803921568627451,0.4074074074074074,0.32098765432098764,0.04938271604938271,,,,,0.5364228601582086,0.16988947745796854,0.5364228601582086,0.2727272727272727,"{""novig"": {""0.5"": {""over"": -144, ""under"": 127}}, ""bet365"": {""0.5"": {""over"": -170, ""under"": 130}}, ""betmgm"": {""0.5"": {""over"": -175, ""under"": 130}}, ""draftkings"": {""0.5"": {""over"": -159, ""under"": 119}}, ""fanduel"": {""0.5"": {""over"": -165}}}",0.5,over,novig,-144.0,0.5901639344262295,True,-0.0537,1.5,,,,,False,
693304,Nick Gonzales,PIT,NYM,1,6.0,1,804267,Zac Thornton,L,823349,6:40 PM ET,PNC Park,1,0,0.25846702317290554,2026-08-07,823349,0.0,0,100.5,96.8,86.2,R,4,3,2,0,0,0,0,1,0,0,2,3,0,1,1,0,2,0.615,0.7273333333333333,1,1,1,1,0,0,0.2903225806451613,0.30158730158730157,0.8709677419354839,0.12698412698412698,0.32075471698113206,0.06451612903225806,0.015873015873015872,0.015873015873015872,0.03225806451612903,1.4666666666666666,0.5333333333333333,0.3333333333333333,0.24074074074074073,0.48148148148148145,0.25925925925925924,0.018518518518518517,0.31845333333333337,0.4654166666666667,0.05263157894736842,0.21052631578947367,0.21046666666666666,0.25985,0.3220338983050847,0.4576271186440678,0.16923076923076924,0.22580645161290322,0.3064516129032258,0.1774193548387097,0.7363636363636363,0.18,0.29411764705882354,0.09803921568627451,0.4074074074074074,0.32098765432098764,0.04938271604938271,,,,,0.5971894029708907,0.21445651398240784,0.5971894029708907,0.2903225806451613,"{""novig"": {""0.5"": {""over"": -245, ""under"": 174}}, ""betmgm"": {""0.5"": {""over"": -250, ""under"": 180}}, ""bet365"": {""1.5"": {""over"": 200, ""under"": -275}}, ""draftkings"": {""0.5"": {""over"": -260, ""under"": 192}}, ""fanduel"": {""0.5"": {""over"": -260}}}",0.5,over,novig,-245.0,0.7101449275362319,True,-0.113,1.5,over,bet365,200.0,0.3333333333333333,True,-0.1189
804668,Rafael Flores Jr.,PIT,NYM,1,9.0,1,804267,Zac Thornton,L,823349,6:40 PM ET,PNC Park,1,0,0.25846702317290554,2026-08-07,823349,0.0,0,100.5,96.8,86.2,R,2,1,0,0,0,0,1,0,0,1,0,0,0,0,0,0,0,0.051666666666666666,0.11566666666666665,0,0,0,0,1,0,0.1891891891891892,0.3181818181818182,0.7027027027027027,0.25,0.24,0.16216216216216217,0.022727272727272728,0.06818181818181818,0.10810810810810811,0.8666666666666667,0.7333333333333333,0.46153846153846156,0.11538461538461539,0.4230769230769231,0.46153846153846156,0.07692307692307693,0.3764393939393939,0.7268181818181818,0.125,0.16666666666666666,0.2713333333333333,0.4230666666666666,0.25,0.3333333333333333,0.2857142857142857,0.17391304347826086,0.391304347826087,0.25,0.7363636363636363,0.18,0.29411764705882354,0.09803921568627451,0.4074074074074074,0.32098765432098764,0.04938271604938271,,,,,0.49062792197894484,0.16509421672049704,0.49062792197894484,0.1891891891891892,"{""novig"": {""0.5"": {""over"": -127, ""under"": 108}}, ""bet365"": {""0.5"": {""over"": -135, ""under"": 100}}, ""betmgm"": {""0.5"": {""over"": -150, ""under"": 110}}, ""draftkings"": {""0.5"": {""over"": -129, ""under"": -103}}, ""fanduel"": {""0.5"": {""over"": -155}}}",0.5,over,novig,-127.0,0.5594713656387665,True,-0.0688,1.5,,,,,False,
682927,Ronny Simon,PIT,NYM,1,7.0,1,804267,Zac Thornton,L,823349,6:40 PM ET,PNC Park,0,0,0.25846702317290554,2026-08-07,823349,0.0,0,100.5,96.8,86.2,L,3,3,0,0,0,0,0,0,0,0,0,3,0,0,0,1,2,0.429,0.5316666666666666,0,0,0,0,0,0,0.2702702702702703,0.3333333333333333,0.7567567567567568,0.20930232558139536,0.3448275862068966,0.02702702702702703,0.0,0.023255813953488372,0.02702702702702703,0.7333333333333333,0.6,0.43333333333333335,0.13333333333333333,0.6,0.16666666666666666,0.0,0.2617564102564103,0.4116666666666667,0.2857142857142857,0.26666666666666666,0.24276666666666666,0.2757666666666666,0.24,0.26,0.1864406779661017,0.15384615384615385,0.15384615384615385,0.14285714285714285,0.7363636363636363,0.18,0.29411764705882354,0.09803921568627451,0.4074074074074074,0.32098765432098764,0.04938271604938271,,,,,0.5729908367559294,0.1947024946218888,0.5729908367559294,0.2702702702702703,"{""novig"": {""0.5"": {""over"": -160, ""under"": 144}}, ""bet365"": {""0.5"": {""over"": -200, ""under"": 150}}, ""betmgm"": {""0.5"": {""over"": -160, ""under"": 120}}, ""draftkings"": {""0.5"": {""over"": -172, ""under"": 129}}, ""fanduel"": {""0.5"": {""over"": -180}}}",0.5,over,betmgm,-160.0,0.6153846153846154,True,-0.0424,1.5,,,,,False,
687462,Spencer Horwitz,PIT,NYM,1,5.0,1,804267,Zac Thornton,L,823349,6:40 PM ET,PNC Park,0,0,0.25846702317290554,2026-08-07,823349,0.0,0,100.5,96.8,86.2,L,4,3,1,0,0,0,1,0,0,0,1,3,0,0,1,0,2,0.5673333333333334,0.6509999999999999,1,0,1,0,0,0,0.18867924528301888,0.31746031746031744,0.7547169811320755,0.20634920634920634,0.23076923076923078,0.1320754716981132,0.015873015873015872,0.06349206349206349,0.09433962264150944,1.1333333333333333,0.8666666666666667,0.3,0.225,0.325,0.325,0.025,0.2652797619047619,0.4219702380952381,0.07142857142857142,0.3333333333333333,0.17666666666666667,0.20106666666666667,0.21818181818181817,0.4,0.21875,0.35714285714285715,0.5,0.16,0.7363636363636363,0.18,0.29411764705882354,0.09803921568627451,0.4074074074074074,0.32098765432098764,0.04938271604938271,,,,,0.530838250494264,0.19395695273762845,0.530838250494264,0.18867924528301888,"{""novig"": {""0.5"": {""over"": -186, ""under"": 167}}, ""bet365"": {""0.5"": {""over"": -210, ""under"": 155}}, ""betmgm"": {""0.5"": {""over"": -210, ""under"": 155}}, ""draftkings"": {""0.5"": {""over"": -210, ""under"": 156}}, ""fanduel"": {""0.5"": {""over"": -185}}}",0.5,over,fanduel,-185.0,0.6491228070175439,True,-0.1183,1.5,,,,,False,
805999,A.J. Ewing,NYM,PIT,0,1.0,1,669387,Carmen Mlodzinski,R,823349,6:40 PM ET,PNC Park,0,1,0.275,2026-08-07,823349,0.0,0,100.5,96.8,86.2,L,3,2,0,0,0,0,0,0,0,1,0,2,0,0,0,2,0,0.056,0.064,0,0,0,0,1,0,0.23076923076923078,0.2777777777777778,0.7384615384615385,0.2361111111111111,0.3,0.06153846153846154,0.0,0.05555555555555555,0.06153846153846154,1.2666666666666666,1.1333333333333333,0.44,0.24,0.52,0.18,0.0,0.30846666666666667,0.45686,0.21739130434782608,0.13043478260869565,0.3982166666666666,0.7207133333333334,0.203125,0.265625,0.24285714285714285,0.22807017543859648,0.40350877192982454,0.3387096774193548,0.7669902912621359,0.20833333333333334,0.28865979381443296,0.07216494845360824,0.31645569620253167,0.3037974683544304,0.02531645569620253,8.26530612244898,1.1020408163265307,5.234693877551021,0.1386861313868613,0.6414344713865421,0.22884554406293534,0.6414344713865421,0.23076923076923078,"{""novig"": {""1.5"": {""over"": 199, ""under"": -285}}, ""bet365"": {""0.5"": {""over"": -275, ""under"": 200}}, ""betmgm"": {""0.5"": {""over"": -275, ""under"": 190}}, ""draftkings"": {""0.5"": {""over"": -249, ""under"": 184}}, ""fanduel"": {""0.5"": {""over"": -260}}}",0.5,over,draftkings,-249.0,0.7134670487106017,True,-0.072,1.5,over,novig,199.0,0.33444816053511706,True,-0.1056
666182,Bo Bichette,NYM,PIT,0,3.0,1,669387,Carmen Mlodzinski,R,823349,6:40 PM ET,PNC Park,1,1,0.275,2026-08-07,823349,0.0,0,100.5,96.8,86.2,R,6,5,2,1,0,0,1,0,0,2,3,3,0,0,1,1,1,0.3433333333333333,0.38466666666666666,1,1,1,1,1,1,0.27419354838709675,0.2923076923076923,0.7419354838709677,0.24615384615384617,0.34782608695652173,0.08064516129032258,0.015384615384615385,0.03076923076923077,0.04838709677419355,1.4666666666666666,1.0666666666666667,0.2765957446808511,0.2978723404255319,0.48936170212765956,0.1702127659574468,0.02127659574468085,0.3046622222222222,0.4212822222222222,0.19047619047619047,0.2857142857142857,0.34141666666666665,0.5937833333333332,0.24074074074074073,0.2777777777777778,0.22413793103448276,0.35714285714285715,0.5,0.171875,0.7669902912621359,0.20833333333333334,0.28865979381443296,0.07216494845360824,0.31645569620253167,0.3037974683544304,0.02531645569620253,8.26530612244898,1.1020408163265307,5.234693877551021,0.1386861313868613,0.6347195358526778,0.26305758279002417,0.6347195358526778,0.27419354838709675,"{""novig"": {""0.5"": {""over"": -251}}, ""bet365"": {""1.5"": {""over"": 190, ""under"": -260}}, ""betmgm"": {""1.5"": {""over"": 195, ""under"": -275}}, ""draftkings"": {""0.5"": {""over"": -265, ""under"": 195}}, ""fanduel"": {""0.5"": {""over"": -300}}}",0.5,over,novig,-251.0,0.7150997150997151,True,-0.0804,1.5,over,betmgm,195.0,0.3389830508474576,True,-0.0759
683146,Brett Baty,NYM,PIT,0,7.0,1,669387,Carmen Mlodzinski,R,823349,6:40 PM ET,PNC Park,0,1,0.275,2026-08-07,823349,0.0,0,100.5,96.8,86.2,L,3,3,1,0,0,1,0,0,0,0,4,3,1,3,2,0,1,0.5006666666666667,1.6913333333333334,1,0,1,1,0,0,0.22,0.25,0.7,0.28846153846153844,0.25,0.18,0.057692307692307696,0.0,0.06,1.3333333333333333,1.0,0.4,0.2,0.37142857142857144,0.34285714285714286,0.02857142857142857,0.3109077777777778,0.4807477777777777,0.07692307692307693,0.35714285714285715,0.25710000000000005,0.2994000000000002,0.23529411764705882,0.43137254901960786,0.24528301886792453,0.22448979591836735,0.30612244897959184,0.3392857142857143,0.7669902912621359,0.20833333333333334,0.28865979381443296,0.07216494845360824,0.31645569620253167,0.3037974683544304,0.02531645569620253,8.26530612244898,1.1020408163265307,5.234693877551021,0.1386861313868613,0.5762480128139175,0.18642008441110622,0.5762480128139175,0.22,"{""novig"": {""0.5"": {""over"": -127, ""under"": 117}}, ""bet365"": {""0.5"": {""over"": -120, ""under"": -110}}, ""betmgm"": {""0.5"": {""over"": -140, ""under"": 105}}, ""draftkings"": {""0.5"": {""over"": -132, ""under"": 100}}, ""fanduel"": {""0.5"": {""over"": -150}}}",0.5,over,bet365,-120.0,0.5454545454545454,True,0.0308,1.5,,,,,False,
701807,Carson Benge,NYM,PIT,0,4.0,1,669387,Carmen Mlodzinski,R,823349,6:40 PM ET,PNC Park,0,1,0.275,2026-08-07,823349,0.0,0,100.5,96.8,86.2,L,6,6,3,0,1,0,0,0,0,1,5,5,0,2,2,1,2,0.5546,1.0126,1,1,1,1,1,0,0.2631578947368421,0.31746031746031744,0.7017543859649122,0.2698412698412698,0.3333333333333333,0.15789473684210525,0.031746031746031744,0.047619047619047616,0.08771929824561403,1.6,1.1333333333333333,0.36585365853658536,0.1951219512195122,0.5365853658536586,0.24390243902439024,0.024390243902439025,0.3000666666666667,0.48894444444444446,0.3,0.14285714285714285,0.35391666666666666,0.5854,0.2982456140350877,0.40350877192982454,0.21875,0.18333333333333332,0.3333333333333333,0.24242424242424243,0.7669902912621359,0.20833333333333334,0.28865979381443296,0.07216494845360824,0.31645569620253167,0.3037974683544304,0.02531645569620253,8.26530612244898,1.1020408163265307,5.234693877551021,0.1386861313868613,0.6390655174810775,0.20802081061374844,0.6390655174810775,0.2631578947368421,"{""novig"": {""1.5"": {""over"": 245, ""under"": -245}}, ""bet365"": {""0.5"": {""over"": -250, ""under"": 185}}, ""betmgm"": {""0.5"": {""over"": -190, ""under"": 140}}, ""draftkings"": {""0.5"": {""over"": -225, ""under"": 167}}, ""fanduel"": {""0.5"": {""over"": -230}}}",0.5,over,betmgm,-190.0,0.6551724137931034,True,-0.0161,1.5,over,novig,245.0,0.2898550724637681,True,-0.0818
596019,Francisco Lindor,NYM,PIT,0,2.0,1,669387,Carmen Mlodzinski,R,823349,6:40 PM ET,PNC Park,1,1,0.275,2026-08-07,823349,0.0,0,100.5,96.8,86.2,R,4,4,1,0,0,0,0,0,0,2,1,2,0,1,1,0,1,0.4245,0.5680000000000001,1,0,1,0,1,1,0.2558139534883721,0.3191489361702128,0.6976744186046512,0.2765957446808511,0.2692307692307692,0.3488372093023256,0.0851063829787234,0.02127659574468085,0.13953488372093023,1.7333333333333334,0.8666666666666667,0.4666666666666667,0.26666666666666666,0.16666666666666666,0.4,0.03333333333333333,0.30618472222222226,0.6600847222222223,0.125,0.4375,0.1503958333333335,0.3076041666666669,0.30357142857142855,0.4642857142857143,0.1875,0.23728813559322035,0.5254237288135594,0.15384615384615385,0.7669902912621359,0.20833333333333334,0.28865979381443296,0.07216494845360824,0.31645569620253167,0.3037974683544304,0.02531645569620253,8.26530612244898,1.1020408163265307,5.234693877551021,0.1386861313868613,0.5998580798752431,0.1890267094284441,0.5998580798752431,0.2558139534883721,"{""novig"": {""1.5"": {""over"": 236}}, ""bet365"": {""0.5"": {""over"": -220, ""under"": 160}}, ""betmgm"": {""0.5"": {""over"": -235, ""under"": 175}}, ""draftkings"": {""0.5"": {""over"": -248, ""under"": 183}}, ""fanduel"": {""0.5"": {""over"": -250}}}",0.5,over,bet365,-220.0,0.6875,True,-0.0876,1.5,over,novig,236.0,0.2976190476190476,True,-0.1086
676724,Jared Young,NYM,PIT,0,5.0,1,669387,Carmen Mlodzinski,R,823349,6:40 PM ET,PNC Park,0,1,0.275,2026-08-07,823349,0.0,0,100.5,96.8,86.2,L,3,2,1,0,0,0,1,0,0,0,1,2,0,0,0,1,0,0.1115,0.1255,1,0,1,0,0,0,0.2727272727272727,0.38461538461538464,0.7954545454545454,0.17307692307692307,0.3235294117647059,0.18181818181818182,0.019230769230769232,0.057692307692307696,0.11363636363636363,1.3333333333333333,0.6,0.6,0.2857142857142857,0.5142857142857142,0.17142857142857143,0.0,0.36841666666666667,0.5393214285714285,0.2222222222222222,0.19047619047619047,0.3552,0.5408999999999997,0.3111111111111111,0.5555555555555556,0.16666666666666666,0.2692307692307692,0.34615384615384615,0.19230769230769232,0.7669902912621359,0.20833333333333334,0.28865979381443296,0.07216494845360824,0.31645569620253167,0.3037974683544304,0.02531645569620253,8.26530612244898,1.1020408163265307,5.234693877551021,0.1386861313868613,0.6295647079931661,0.20364364872468865,0.6295647079931661,0.2727272727272727,"{""novig"": {""0.5"": {""over"": -147, ""under"": 130}}, ""bet365"": {""0.5"": {""over"": -155, ""under"": 115}}, ""betmgm"": {""0.5"": {""over"": -160, ""under"": 120}}, ""draftkings"": {""0.5"": {""over"": -154, ""under"": 116}}, ""fanduel"": {""0.5"": {""over"": -180}}}",0.5,over,novig,-147.0,0.5951417004048583,True,0.0344,1.5,,,,,False,
593871,Jorge Polanco,NYM,PIT,0,8.0,1,669387,Carmen Mlodzinski,R,823349,6:40 PM ET,PNC Park,0,1,0.275,2026-08-07,823349,0.0,0,100.5,96.8,86.2,L,4,4,2,1,0,1,0,0,0,1,6,3,1,2,1,0,2,0.43333333333333335,1.396,1,1,1,1,1,0,0.05128205128205128,0.0975609756097561,0.5641025641025641,0.40476190476190477,0.09090909090909091,0.0,0.0,0.0,0.0,0.13333333333333333,1.1333333333333333,0.2608695652173913,0.21739130434782608,0.4782608695652174,0.13043478260869565,0.0,0.20013636363636367,0.2594848484848485,0.0,0.4666666666666667,0.1778333333333333,0.26027777777777805,0.058823529411764705,0.0784313725490196,0.34545454545454546,0.2982456140350877,0.6666666666666666,0.13333333333333333,0.7669902912621359,0.20833333333333334,0.28865979381443296,0.07216494845360824,0.31645569620253167,0.3037974683544304,0.02531645569620253,8.26530612244898,1.1020408163265307,5.234693877551021,0.1386861313868613,0.5197811393249014,0.11243030476548828,0.5197811393249014,0.05128205128205128,"{""bet365"": {""0.5"": {""over"": -150, ""under"": 110}}, ""betmgm"": {""0.5"": {""over"": -155, ""under"": 115}}, ""draftkings"": {""0.5"": {""over"": -150, ""under"": 113}}, ""fanduel"": {""0.5"": {""over"": -165}}}",0.5,over,draftkings,-150.0,0.6,True,-0.0802,1.5,,,,,False,
620443,Luis Torrens,NYM,PIT,0,9.0,1,669387,Carmen Mlodzinski,R,823349,6:40 PM ET,PNC Park,1,1,0.275,2026-08-07,823349,0.0,0,100.5,96.8,86.2,R,5,4,2,0,0,1,1,0,0,1,5,3,0,1,3,0,0,0.12466666666666666,0.387,1,1,1,1,1,0,0.2708333333333333,0.35185185185185186,0.8333333333333334,0.14814814814814814,0.2894736842105263,0.1875,0.037037037037037035,0.05555555555555555,0.10416666666666667,1.4666666666666666,0.5333333333333333,0.475,0.3,0.5,0.175,0.025,0.36023333333333335,0.5266833333333333,0.23529411764705882,0.15789473684210525,0.32051666666666667,0.5047833333333334,0.24489795918367346,0.3469387755102041,0.20754716981132076,0.20930232558139536,0.32558139534883723,0.20408163265306123,0.7669902912621359,0.20833333333333334,0.28865979381443296,0.07216494845360824,0.31645569620253167,0.3037974683544304,0.02531645569620253,8.26530612244898,1.1020408163265307,5.234693877551021,0.1386861313868613,0.4541474693778153,0.11339284738999124,0.4541474693778153,0.2708333333333333,"{""novig"": {""0.5"": {""over"": -190, ""under"": 141}}, ""bet365"": {""0.5"": {""over"": -140, ""under"": 105}}, ""fanduel"": {""0.5"": {""over"": -190}}}",0.5,over,bet365,-140.0,0.5833333333333334,True,-0.1292,1.5,,,,,False,
543760,Marcus Semien,NYM,PIT,0,6.0,1,669387,Carmen Mlodzinski,R,823349,6:40 PM ET,PNC Park,1,1,0.275,2026-08-07,823349,0.0,0,100.5,96.8,86.2,R,6,4,3,1,0,1,1,0,1,0,7,5,0,3,3,1,1,0.35,0.47300000000000003,1,1,1,1,0,0,0.19148936170212766,0.2692307692307692,0.7021276595744681,0.2692307692307692,0.2,0.19148936170212766,0.057692307692307696,0.0,0.06382978723404255,1.2,0.9333333333333333,0.42424242424242425,0.21212121212121213,0.3939393939393939,0.36363636363636365,0.0,0.2710576923076923,0.45603205128205127,0.13333333333333333,0.16666666666666666,0.22195833333333337,0.26091666666666696,0.18,0.34,0.24074074074074073,0.16981132075471697,0.2830188679245283,0.23333333333333334,0.7669902912621359,0.20833333333333334,0.28865979381443296,0.07216494845360824,0.31645569620253167,0.3037974683544304,0.02531645569620253,8.26530612244898,1.1020408163265307,5.234693877551021,0.1386861313868613,0.5850210520342771,0.19230759306998227,0.5850210520342771,0.19148936170212766,"{""novig"": {""0.5"": {""over"": -156, ""under"": 133}}, ""bet365"": {""0.5"": {""over"": -175, ""under"": 132}}, ""betmgm"": {""0.5"": {""over"": -165, ""under"": 125}}, ""draftkings"": {""0.5"": {""over"": -164, ""under"": 123}}, ""fanduel"": {""0.5"": {""over"": -190}}}",0.5,over,novig,-156.0,0.609375,True,-0.0244,1.5,,,,,False,
664761,Alec Bohm,PHI,TOR,1,5.0,1,667755,José Soriano,R,823428,6:40 PM ET,Citizens Bank Park,1,1,0.20985401459854014,2026-08-07,823428,0.0,1,103.7,104.6,118.0,R,4,4,1,1,0,0,0,0,0,0,2,4,0,1,0,2,2,0.20600000000000002,0.37675000000000003,1,0,1,1,0,0,0.27586206896551724,0.31746031746031744,0.8793103448275862,0.1111111111111111,0.29411764705882354,0.08620689655172414,0.015873015873015872,0.031746031746031744,0.05172413793103448,1.4,0.4666666666666667,0.4423076923076923,0.19230769230769232,0.5384615384615384,0.2692307692307692,0.0,0.35257777777777777,0.5173611111111112,0.3,0.045454545454545456,0.30174999999999996,0.45948333333333335,0.15517241379310345,0.1724137931034483,0.1875,0.2962962962962963,0.46296296296296297,0.13559322033898305,0.6548672566371682,0.22872340425531915,0.39487179487179486,0.13846153846153847,0.527027027027027,0.16216216216216217,0.02027027027027027,8.361290322580645,1.2193548387096775,9.406451612903226,0.23376623376623376,0.6689885847393428,0.2548635951176917,0.6689885847393428,0.27586206896551724,"{""novig"": {""1.5"": {""over"": 217}}, ""bet365"": {""0.5"": {""over"": -240, ""under"": 180}}, ""betmgm"": {""0.5"": {""over"": -210, ""under"": 155}}, ""draftkings"": {""0.5"": {""over"": -258, ""under"": 190}}, ""fanduel"": {""0.5"": {""over"": -240}}}",0.5,over,betmgm,-210.0,0.6774193548387096,True,-0.0084,1.5,over,novig,217.0,0.31545741324921134,True,-0.0606
669016,Brandon Marsh,PHI,TOR,1,6.0,1,667755,José Soriano,R,823428,6:40 PM ET,Citizens Bank Park,0,1,0.20985401459854014,2026-08-07,823428,0.0,1,103.7,104.6,118.0,L,4,4,2,1,0,0,0,0,0,0,3,4,0,2,0,1,3,0.62175,0.991,1,1,1,1,0,0,0.17307692307692307,0.2037037037037037,0.7884615384615384,0.2037037037037037,0.2,0.07692307692307693,0.018518518518518517,0.018518518518518517,0.038461538461538464,0.8666666666666667,0.7333333333333333,0.4146341463414634,0.1951219512195122,0.43902439024390244,0.3170731707317073,0.0,0.28525666666666666,0.42988444444444446,0.29411764705882354,0.058823529411764705,0.29101999999999995,0.39142000000000027,0.15384615384615385,0.23076923076923078,0.18867924528301888,0.1724137931034483,0.27586206896551724,0.3548387096774194,0.6548672566371682,0.22872340425531915,0.39487179487179486,0.13846153846153847,0.527027027027027,0.16216216216216217,0.02027027027027027,8.361290322580645,1.2193548387096775,9.406451612903226,0.23376623376623376,0.6131361767340228,0.20555410578603084,0.6131361767340228,0.17307692307692307,"{""novig"": {""0.5"": {""over"": -182, ""under"": 144}}, ""bet365"": {""0.5"": {""over"": -225, ""under"": 165}}, ""betmgm"": {""0.5"": {""over"": -235, ""under"": 175}}, ""draftkings"": {""0.5"": {""over"": -204, ""under"": 152}}, ""fanduel"": {""0.5"": {""over"": -210}}}",0.5,over,novig,-182.0,0.6453900709219859,True,-0.0323,1.5,,,,,False,
547180,Bryce Harper,PHI,TOR,1,3.0,1,667755,José Soriano,R,823428,6:40 PM ET,Citizens Bank Park,0,1,0.20985401459854014,2026-08-07,823428,0.0,1,103.7,104.6,118.0,L,4,3,2,1,0,0,1,0,0,0,3,3,0,1,0,1,2,0.417,0.4856666666666667,1,1,1,1,0,0,0.21153846153846154,0.34375,0.6923076923076923,0.25,0.21212121212121213,0.3269230769230769,0.0625,0.046875,0.15384615384615385,1.8666666666666667,1.0666666666666667,0.3783783783783784,0.2972972972972973,0.35135135135135137,0.2702702702702703,0.02702702702702703,0.4042142857142857,0.8145833333333333,0.25,0.18181818181818182,0.4154999999999999,0.9807333333333332,0.21153846153846154,0.4807692307692308,0.23809523809523808,0.23214285714285715,0.3392857142857143,0.28125,0.6548672566371682,0.22872340425531915,0.39487179487179486,0.13846153846153847,0.527027027027027,0.16216216216216217,0.02027027027027027,8.361290322580645,1.2193548387096775,9.406451612903226,0.23376623376623376,0.6123270080947557,0.2002226730695881,0.6123270080947557,0.21153846153846154,"{""novig"": {""1.5"": {""over"": 228, ""under"": -335}}, ""bet365"": {""0.5"": {""over"": -245, ""under"": 182}}, ""betmgm"": {""0.5"": {""over"": -210, ""under"": 155}}, ""draftkings"": {""0.5"": {""over"": -250, ""under"": 185}}, ""fanduel"": {""0.5"": {""over"": -220}}}",0.5,over,betmgm,-210.0,0.6774193548387096,True,-0.0651,1.5,over,novig,228.0,0.3048780487804878,True,-0.1047
681082,Bryson Stott,PHI,TOR,1,8.0,1,667755,José Soriano,R,823428,6:40 PM ET,Citizens Bank Park,0,1,0.20985401459854014,2026-08-07,823428,0.0,1,103.7,104.6,118.0,L,4,3,2,2,0,0,1,0,0,0,4,3,0,2,0,1,2,0.6213333333333333,0.75,1,1,1,1,0,0,0.3191489361702128,0.43859649122807015,0.7872340425531915,0.17543859649122806,0.3888888888888889,0.2127659574468085,0.017543859649122806,0.08771929824561403,0.14893617021276595,1.6666666666666667,0.6666666666666666,0.5405405405405406,0.35135135135135137,0.40540540540540543,0.1891891891891892,0.0,0.38817222222222225,0.5402777777777777,0.38461538461538464,0.0,0.39855,0.4876333333333333,0.2765957446808511,0.44680851063829785,0.1896551724137931,0.2830188679245283,0.41509433962264153,0.22413793103448276,0.6548672566371682,0.22872340425531915,0.39487179487179486,0.13846153846153847,0.527027027027027,0.16216216216216217,0.02027027027027027,8.361290322580645,1.2193548387096775,9.406451612903226,0.23376623376623376,0.5633142926160521,0.19208779510425167,0.5633142926160521,0.3191489361702128,"{""novig"": {""0.5"": {""over"": -160, ""under"": 144}}, ""bet365"": {""0.5"": {""over"": -165, ""under"": 125}}, ""betmgm"": {""0.5"": {""over"": -175, ""under"": 130}}, ""draftkings"": {""0.5"": {""over"": -170, ""under"": 127}}, ""fanduel"": {""0.5"": {""over"": -175}}}",0.5,over,novig,-160.0,0.6153846153846154,True,-0.0521,1.5,,,,,False,
592663,J.T. Realmuto,PHI,TOR,1,7.0,1,667755,José Soriano,R,823428,6:40 PM ET,Citizens Bank Park,1,1,0.20985401459854014,2026-08-07,823428,0.0,1,103.7,104.6,118.0,R,4,4,2,1,0,0,0,0,0,0,3,4,0,2,0,2,2,0.50225,0.5755,1,1,1,1,0,0,0.2916666666666667,0.36363636363636365,0.7083333333333334,0.25,0.38235294117647056,0.10416666666666667,0.017857142857142856,0.03571428571428571,0.0625,1.2666666666666666,0.9333333333333333,0.6,0.2857142857142857,0.4857142857142857,0.22857142857142856,0.02857142857142857,0.4614333333333334,0.7153333333333334,0.17647058823529413,0.3,0.4306000000000001,0.9849666666666668,0.2553191489361702,0.3829787234042553,0.24074074074074073,0.19607843137254902,0.29411764705882354,0.1694915254237288,0.6548672566371682,0.22872340425531915,0.39487179487179486,0.13846153846153847,0.527027027027027,0.16216216216216217,0.02027027027027027,8.361290322580645,1.2193548387096775,9.406451612903226,0.23376623376623376,0.6046020641160496,0.2502408798124908,0.6046020641160496,0.2916666666666667,"{""novig"": {""0.5"": {""over"": -170, ""under"": 150}}, ""bet365"": {""0.5"": {""over"": -190, ""under"": 140}}, ""betmgm"": {""0.5"": {""over"": -175, ""under"": 130}}, ""draftkings"": {""0.5"": {""over"": -185, ""under"": 139}}, ""fanduel"": {""0.5"": {""over"": -175}}}",0.5,over,novig,-170.0,0.6296296296296297,True,-0.025,1.5,,,,,False,
702222,Justin Crawford,PHI,TOR,1,9.0,1,667755,José Soriano,R,823428,6:40 PM ET,Citizens Bank Park,0,1,0.20985401459854014,2026-08-07,823428,0.0,1,103.7,104.6,118.0,L,4,3,1,0,0,0,0,0,0,1,1,3,0,1,0,3,0,0.137,0.1495,1,0,1,0,1,0,0.2619047619047619,0.2826086956521739,0.8809523809523809,0.10869565217391304,0.28205128205128205,0.023809523809523808,0.0,0.021739130434782608,0.023809523809523808,0.8,0.3333333333333333,0.3333333333333333,0.15384615384615385,0.5897435897435898,0.20512820512820512,0.02564102564102564,0.26717222222222226,0.31074444444444443,0.375,0.058823529411764705,0.25715,0.32975,0.2619047619047619,0.2857142857142857,0.1111111111111111,0.2,0.2571428571428571,0.3333333333333333,0.6548672566371682,0.22872340425531915,0.39487179487179486,0.13846153846153847,0.527027027027027,0.16216216216216217,0.02027027027027027,8.361290322580645,1.2193548387096775,9.406451612903226,0.23376623376623376,0.5120992363797555,0.12245643264907256,0.5120992363797555,0.2619047619047619,"{""novig"": {""0.5"": {""over"": -170, ""under"": 160}}, ""bet365"": {""0.5"": {""over"": -175, ""under"": 132}}, ""betmgm"": {""0.5"": {""over"": -190, ""under"": 140}}, ""draftkings"": {""0.5"": {""over"": -186, ""under"": 139}}, ""fanduel"": {""0.5"": {""over"": -185}}}",0.5,over,novig,-170.0,0.6296296296296297,True,-0.1175,1.5,,,,,False,
656941,Kyle Schwarber,PHI,TOR,1,1.0,1,667755,José Soriano,R,823428,6:40 PM ET,Citizens Bank Park,0,1,0.20985401459854014,2026-08-07,823428,0.0,1,103.7,104.6,118.0,L,5,5,2,0,0,0,0,0,0,2,2,3,0,1,0,2,1,0.5256666666666666,0.6523333333333333,1,1,1,1,1,1,0.14583333333333334,0.3384615384615385,0.5208333333333334,0.35384615384615387,0.23076923076923078,0.10416666666666667,0.015384615384615385,0.03076923076923077,0.0625,0.8,1.5333333333333334,0.4444444444444444,0.4074074074074074,0.25925925925925924,0.2222222222222222,0.0,0.36571212121212116,0.5338863636363637,0.0,0.45454545454545453,0.381,0.6403750000000001,0.17307692307692307,0.2692307692307692,0.36923076923076925,0.2857142857142857,0.4642857142857143,0.30303030303030304,0.6548672566371682,0.22872340425531915,0.39487179487179486,0.13846153846153847,0.527027027027027,0.16216216216216217,0.02027027027027027,8.361290322580645,1.2193548387096775,9.406451612903226,0.23376623376623376,0.5373240071238967,0.11495869807497516,0.5373240071238967,0.14583333333333334,"{""bet365"": {""0.5"": {""over"": -170, ""under"": 130}}, ""betmgm"": {""0.5"": {""over"": -155, ""under"": 115}}, ""draftkings"": {""0.5"": {""over"": -191, ""under"": 143}}, ""fanduel"": {""0.5"": {""over"": -175}}}",0.5,over,betmgm,-155.0,0.6078431372549019,True,-0.0705,1.5,,,,,False,
650333,Luis Arraez,PHI,TOR,1,4.0,1,667755,José Soriano,R,823428,6:40 PM ET,Citizens Bank Park,0,1,0.20985401459854014,2026-08-07,823428,0.0,1,103.7,104.6,118.0,L,4,4,2,1,0,0,0,0,0,0,3,4,0,1,2,0,2,0.3285,0.50825,1,1,1,1,0,0,0.30158730158730157,0.3181818181818182,0.9206349206349206,0.07462686567164178,0.3103448275862069,0.09523809523809523,0.014925373134328358,0.04477611940298507,0.06349206349206349,1.6666666666666667,0.3333333333333333,0.11864406779661017,0.2711864406779661,0.3559322033898305,0.3389830508474576,0.01694915254237288,0.3214955555555556,0.44883222222222224,0.19047619047619047,0.043478260869565216,0.32269000000000003,0.56585,0.3114754098360656,0.4098360655737705,0.07575757575757576,0.4098360655737705,0.5901639344262295,0.07352941176470588,0.6548672566371682,0.22872340425531915,0.39487179487179486,0.13846153846153847,0.527027027027027,0.16216216216216217,0.02027027027027027,8.361290322580645,1.2193548387096775,9.406451612903226,0.23376623376623376,0.6078683496695765,0.20282323248064618,0.6078683496695765,0.30158730158730157,"{""bet365"": {""1.5"": {""over"": 160, ""under"": -220}}, ""betmgm"": {""1.5"": {""over"": 155, ""under"": -210}}, ""draftkings"": {""1.5"": {""over"": 143, ""under"": -191}}, ""fanduel"": {""0.5"": {""over"": -330}}}",0.5,over,fanduel,-330.0,0.7674418604651163,True,-0.1596,1.5,over,bet365,160.0,0.38461538461538464,True,-0.1818
607208,Trea Turner,PHI,TOR,1,2.0,1,667755,José Soriano,R,823428,6:40 PM ET,Citizens Bank Park,1,1,0.20985401459854014,2026-08-07,823428,0.0,1,103.7,104.6,118.0,R,5,5,2,1,0,0,0,0,0,0,3,5,0,3,1,3,1,0.29960000000000003,0.40279999999999994,1,1,1,1,0,0,0.30158730158730157,0.3283582089552239,0.7936507936507936,0.19402985074626866,0.3191489361702128,0.25396825396825395,0.05970149253731343,0.029850746268656716,0.1111111111111111,2.3333333333333335,0.8666666666666667,0.43137254901960786,0.29411764705882354,0.49019607843137253,0.1568627450980392,0.0196078431372549,0.3797988888888889,0.5385511111111111,0.3,0.09090909090909091,0.39092000000000005,0.4527000000000002,0.288135593220339,0.5932203389830508,0.18461538461538463,0.3050847457627119,0.4406779661016949,0.2,0.6548672566371682,0.22872340425531915,0.39487179487179486,0.13846153846153847,0.527027027027027,0.16216216216216217,0.02027027027027027,8.361290322580645,1.2193548387096775,9.406451612903226,0.23376623376623376,0.6586231784139063,0.266825763267243,0.6586231784139063,0.30158730158730157,"{""novig"": {""1.5"": {""over"": 208}}, ""betmgm"": {""0.5"": {""over"": -275, ""under"": 195}}, ""bet365"": {""1.5"": {""over"": 195, ""under"": -270}}, ""draftkings"": {""1.5"": {""over"": 191, ""under"": -259}}, ""fanduel"": {""0.5"": {""over"": -260}}}",0.5,over,fanduel,-260.0,0.7222222222222222,True,-0.0636,1.5,over,novig,208.0,0.3246753246753247,True,-0.0578
672386,Alejandro Kirk,TOR,PHI,0,2.0,1,554430,Zack Wheeler,R,823428,6:40 PM ET,Citizens Bank Park,1,1,0.19669117647058823,2026-08-07,823428,0.0,1,103.7,104.6,118.0,R,5,5,4,0,0,0,0,0,0,0,4,5,0,1,0,3,2,0.4734,0.5698000000000001,1,1,1,1,0,0,0.2978723404255319,0.3888888888888889,0.8297872340425532,0.14814814814814814,0.32432432432432434,0.1276595744680851,0.037037037037037035,0.0,0.0425531914893617,1.3333333333333333,0.5333333333333333,0.48717948717948717,0.1794871794871795,0.5641025641025641,0.23076923076923078,0.02564102564102564,0.339,0.4800944444444444,0.26666666666666666,0.17647058823529413,0.3156,0.4182333333333331,0.25,0.4423076923076923,0.10526315789473684,0.29545454545454547,0.3409090909090909,0.17307692307692307,0.5775862068965517,0.1722488038277512,0.35023041474654376,0.14746543778801843,0.4552238805970149,0.23880597014925373,0.029850746268656716,6.064171122994653,1.299465240641711,10.973262032085561,0.31932773109243695,0.6429872348473581,0.23626348241717557,0.6429872348473581,0.2978723404255319,"{""novig"": {""0.5"": {""over"": -194, ""under"": 167}}, ""bet365"": {""0.5"": {""over"": -210, ""under"": 155}}, ""betmgm"": {""0.5"": {""over"": -200, ""under"": 150}}, ""draftkings"": {""0.5"": {""over"": -193, ""under"": 144}}, ""fanduel"": {""0.5"": {""over"": -200}}}",0.5,over,draftkings,-193.0,0.658703071672355,True,-0.0157,1.5,,,,,False,
665926,Andrés Giménez,TOR,PHI,0,6.0,1,554430,Zack Wheeler,R,823428,6:40 PM ET,Citizens Bank Park,0,1,0.19669117647058823,2026-08-07,823428,0.0,1,103.7,104.6,118.0,L,5,4,3,1,0,0,1,0,0,0,4,4,0,3,1,1,2,0.44899999999999995,0.725,1,1,1,1,0,0,0.20454545454545456,0.25,0.7954545454545454,0.1875,0.25,0.022727272727272728,0.0,0.020833333333333332,0.022727272727272728,0.6666666666666666,0.6,0.19444444444444445,0.16666666666666666,0.4444444444444444,0.2777777777777778,0.0,0.31323076923076926,0.4158012820512821,0.15384615384615385,0.2,0.17995833333333336,0.2250833333333333,0.18181818181818182,0.20454545454545456,0.1276595744680851,0.3137254901960784,0.47058823529411764,0.2,0.5775862068965517,0.1722488038277512,0.35023041474654376,0.14746543778801843,0.4552238805970149,0.23880597014925373,0.029850746268656716,6.064171122994653,1.299465240641711,10.973262032085561,0.31932773109243695,0.5636521578302668,0.162446043991367,0.5636521578302668,0.20454545454545456,"{""novig"": {""0.5"": {""over"": -138, ""under"": 113}}, ""bet365"": {""0.5"": {""over"": -120, ""under"": -110}}, ""betmgm"": {""0.5"": {""over"": -140, ""under"": 105}}, ""draftkings"": {""0.5"": {""over"": -144, ""under"": 108}}, ""fanduel"": {""0.5"": {""over"": -160}}}",0.5,over,bet365,-120.0,0.5454545454545454,True,0.0182,1.5,,,,,False,
676391,Ernie Clement,TOR,PHI,0,7.0,1,554430,Zack Wheeler,R,823428,6:40 PM ET,Citizens Bank Park,1,1,0.19669117647058823,2026-08-07,823428,0.0,1,103.7,104.6,118.0,R,5,5,2,0,0,0,0,0,0,0,2,5,0,0,1,1,3,0.5304,0.626,1,1,1,1,0,0,0.20689655172413793,0.22950819672131148,0.896551724137931,0.0967741935483871,0.21153846153846154,0.1206896551724138,0.016129032258064516,0.06451612903225806,0.08620689655172414,1.2666666666666666,0.4,0.1509433962264151,0.18867924528301888,0.3584905660377358,0.37735849056603776,0.0,0.22184777777777778,0.31370111111111115,0.11764705882352941,0.05555555555555555,0.21674999999999994,0.35813333333333325,0.2542372881355932,0.3559322033898305,0.09375,0.24561403508771928,0.3333333333333333,0.11475409836065574,0.5775862068965517,0.1722488038277512,0.35023041474654376,0.14746543778801843,0.4552238805970149,0.23880597014925373,0.029850746268656716,6.064171122994653,1.299465240641711,10.973262032085561,0.31932773109243695,0.5925709716769911,0.20215932350433566,0.5925709716769911,0.20689655172413793,"{""novig"": {""0.5"": {""over"": -182, ""under"": 150}}, ""bet365"": {""0.5"": {""over"": -200, ""under"": 150}}, ""betmgm"": {""0.5"": {""over"": -190, ""under"": 140}}, ""draftkings"": {""0.5"": {""over"": -179, ""under"": 134}}, ""fanduel"": {""0.5"": {""over"": -180}}}",0.5,over,draftkings,-179.0,0.6415770609318996,True,-0.049,1.5,,,,,False,
543807,George Springer,TOR,PHI,0,4.0,1,554430,Zack Wheeler,R,823428,6:40 PM ET,Citizens Bank Park,1,1,0.19669117647058823,2026-08-07,823428,0.0,1,103.7,104.6,118.0,R,5,5,0,0,0,0,0,0,0,0,0,5,0,0,1,4,0,0.11040000000000001,0.1306,0,0,0,0,0,0,0.30357142857142855,0.38095238095238093,0.8571428571428571,0.12698412698412698,0.32608695652173914,0.19642857142857142,0.031746031746031744,0.047619047619047616,0.10714285714285714,1.8666666666666667,0.5333333333333333,0.3958333333333333,0.22916666666666666,0.3958333333333333,0.2916666666666667,0.020833333333333332,0.2974333333333333,0.48111666666666664,0.2777777777777778,0.2,0.21605000000000002,0.37215000000000015,0.27586206896551724,0.4482758620689655,0.2,0.2777777777777778,0.5555555555555556,0.171875,0.5775862068965517,0.1722488038277512,0.35023041474654376,0.14746543778801843,0.4552238805970149,0.23880597014925373,0.029850746268656716,6.064171122994653,1.299465240641711,10.973262032085561,0.31932773109243695,0.6202536761536,0.23920159610456118,0.6202536761536,0.30357142857142855,"{""novig"": {""0.5"": {""over"": -174, ""under"": 150}}, ""bet365"": {""0.5"": {""over"": -175, ""under"": 132}}, ""betmgm"": {""0.5"": {""over"": -175, ""under"": 130}}, ""draftkings"": {""0.5"": {""over"": -181, ""under"": 136}}, ""fanduel"": {""0.5"": {""over"": -190}}}",0.5,over,novig,-174.0,0.635036496350365,True,-0.0148,1.5,,,,,False,
660821,Jesús Sánchez,TOR,PHI,0,3.0,1,554430,Zack Wheeler,R,823428,6:40 PM ET,Citizens Bank Park,0,1,0.19669117647058823,2026-08-07,823428,0.0,1,103.7,104.6,118.0,L,2,2,0,0,0,0,0,0,0,0,0,2,0,1,1,1,0,0.2455,0.8420000000000001,0,0,0,0,0,0,0.19047619047619047,0.2765957446808511,0.6666666666666666,0.2978723404255319,0.23076923076923078,0.19047619047619047,0.0425531914893617,0.0425531914893617,0.09523809523809523,1.0666666666666667,0.9333333333333333,0.39285714285714285,0.14285714285714285,0.4642857142857143,0.2857142857142857,0.03571428571428571,0.27210119047619047,0.4751845238095238,0.15384615384615385,0.2857142857142857,0.2872666666666667,0.6900000000000001,0.20930232558139536,0.3953488372093023,0.3125,0.20408163265306123,0.32653061224489793,0.2631578947368421,0.5775862068965517,0.1722488038277512,0.35023041474654376,0.14746543778801843,0.4552238805970149,0.23880597014925373,0.029850746268656716,6.064171122994653,1.299465240641711,10.973262032085561,0.31932773109243695,0.5719066441095633,0.16701612953563283,0.5719066441095633,0.19047619047619047,"{""novig"": {""0.5"": {""over"": -135, ""under"": 120}}, ""bet365"": {""0.5"": {""over"": -115, ""under"": -115}}, ""betmgm"": {""0.5"": {""over"": -150, ""under"": 110}}, ""draftkings"": {""0.5"": {""over"": -137, ""under"": 104}}, ""fanduel"": {""0.5"": {""over"": -165}}}",0.5,over,bet365,-115.0,0.5348837209302325,True,0.037,1.5,,,,,False,
669701,Josh Smith,TOR,PHI,0,8.0,1,554430,Zack Wheeler,R,823428,6:40 PM ET,Citizens Bank Park,0,1,0.19669117647058823,2026-08-07,823428,0.0,1,103.7,104.6,118.0,L,3,3,0,0,0,0,0,0,0,2,0,1,0,1,1,0,0,0.377,1.231,0,0,0,0,1,1,0.1956521739130435,0.22916666666666666,0.8043478260869565,0.1875,0.2222222222222222,0.13043478260869565,0.020833333333333332,0.020833333333333332,0.06521739130434782,1.0,0.6,0.16216216216216217,0.13513513513513514,0.5675675675675675,0.2702702702702703,0.02702702702702703,0.1769444444444445,0.29593333333333327,0.09090909090909091,0.15384615384615385,0.1012,0.12066666666666667,0.20408163265306123,0.2653061224489796,0.17647058823529413,0.25,0.3409090909090909,0.25,0.5775862068965517,0.1722488038277512,0.35023041474654376,0.14746543778801843,0.4552238805970149,0.23880597014925373,0.029850746268656716,6.064171122994653,1.299465240641711,10.973262032085561,0.31932773109243695,0.5411688052742613,0.11272169770406322,0.5411688052742613,0.1956521739130435,"{""novig"": {""0.5"": {""over"": 102, ""under"": -117}}, ""bet365"": {""0.5"": {""over"": -110, ""under"": -120}}, ""betmgm"": {""0.5"": {""over"": -125, ""under"": -105}}, ""draftkings"": {""0.5"": {""over"": -105, ""under"": -127}}, ""fanduel"": {""0.5"": {""over"": -145}}}",0.5,over,novig,102.0,0.49504950495049505,True,0.0461,1.5,,,,,False,
672960,Kazuma Okamoto,TOR,PHI,0,5.0,1,554430,Zack Wheeler,R,823428,6:40 PM ET,Citizens Bank Park,1,1,0.19669117647058823,2026-08-07,823428,0.0,1,103.7,104.6,118.0,R,5,4,1,0,0,0,1,0,0,2,1,2,0,0,1,1,0,0.0625,0.08399999999999999,1,0,1,0,1,1,0.22413793103448276,0.22413793103448276,0.6379310344827587,0.3620689655172414,0.3142857142857143,0.15517241379310345,0.034482758620689655,0.05172413793103448,0.08620689655172414,1.4666666666666666,1.4,0.35135135135135137,0.21621621621621623,0.32432432432432434,0.2972972972972973,0.05405405405405406,0.2914047619047619,0.47393571428571424,0.19047619047619047,0.38095238095238093,0.3781999999999999,0.46946666666666675,0.22807017543859648,0.38596491228070173,0.26666666666666666,0.14814814814814814,0.3888888888888889,0.3387096774193548,0.5775862068965517,0.1722488038277512,0.35023041474654376,0.14746543778801843,0.4552238805970149,0.23880597014925373,0.029850746268656716,6.064171122994653,1.299465240641711,10.973262032085561,0.31932773109243695,0.5720400918559995,0.19710348578332418,0.5720400918559995,0.22413793103448276,"{""novig"": {""0.5"": {""over"": -122, ""under"": 104}}, ""bet365"": {""0.5"": {""over"": -130, ""under"": -105}}, ""betmgm"": {""0.5"": {""over"": -135, ""under"": 100}}, ""draftkings"": {""0.5"": {""over"": -127, ""under"": -105}}, ""fanduel"": {""0.5"": {""over"": -150}}}",0.5,over,novig,-122.0,0.5495495495495496,True,0.0225,1.5,,,,,False,
664770,Nathan Lukes,TOR,PHI,0,1.0,1,554430,Zack Wheeler,R,823428,6:40 PM ET,Citizens Bank Park,0,1,0.19669117647058823,2026-08-07,823428,0.0,1,103.7,104.6,118.0,L,5,5,0,0,0,0,0,0,0,1,0,4,0,0,2,1,1,0.28575,0.37325,0,0,0,0,1,0,0.18,0.2545454545454545,0.84,0.14545454545454545,0.21428571428571427,0.06,0.0,0.05454545454545454,0.06,0.8,0.5333333333333333,0.21428571428571427,0.11904761904761904,0.5952380952380952,0.23809523809523808,0.0,0.21799444444444444,0.2613666666666667,0.0625,0.1875,0.1895,0.21710000000000002,0.22448979591836735,0.3469387755102041,0.09433962264150944,0.2222222222222222,0.2222222222222222,0.24528301886792453,0.5775862068965517,0.1722488038277512,0.35023041474654376,0.14746543778801843,0.4552238805970149,0.23880597014925373,0.029850746268656716,6.064171122994653,1.299465240641711,10.973262032085561,0.31932773109243695,0.6112657396276057,0.1653308437215549,0.6112657396276057,0.18,"{""bet365"": {""0.5"": {""over"": -190, ""under"": 140}}, ""betmgm"": {""0.5"": {""over"": -200, ""under"": 145}}, ""draftkings"": {""0.5"": {""over"": -178, ""under"": 133}}, ""fanduel"": {""0.5"": {""over"": -200}}}",0.5,over,draftkings,-178.0,0.6402877697841727,True,-0.029,1.5,,,,,False,
694673,Abimelec Ortiz,WSH,CIN,1,2.0,1,695534,Chase Petty,R,822699,6:45 PM ET,Nationals Park,0,1,0.20477815699658702,2026-08-07,822699,0.0,1,104.8,103.6,97.1,L,1,1,0,0,0,0,0,0,0,0,0,1,0,0,1,0,0,0.063,0.105,0,0,0,0,0,0,0.23076923076923078,0.23076923076923078,0.7692307692307693,0.23076923076923078,0.2222222222222222,0.3076923076923077,0.07692307692307693,0.07692307692307693,0.15384615384615385,1.1666666666666667,0.5,0.5,0.2,0.3,0.5,0.0,,,0.25,0.16666666666666666,0.3070833333333333,0.6065416666666666,0.25,0.5833333333333334,0.16666666666666666,,,,0.7692307692307693,0.20689655172413793,0.3050847457627119,0.0847457627118644,0.46,0.28,0.02,7.147058823529411,1.588235294117647,3.5735294117647056,0.09375,0.6628874664657947,0.26666001618039165,0.6628874664657947,0.23076923076923078,"{""novig"": {""0.5"": {""over"": -160, ""under"": 150}}, ""bet365"": {""0.5"": {""over"": -190, ""under"": 140}}, ""betmgm"": {""0.5"": {""over"": -190, ""under"": 140}}, ""draftkings"": {""0.5"": {""over"": -186, ""under"": 139}}, ""fanduel"": {""0.5"": {""over"": -190}}}",0.5,over,novig,-160.0,0.6153846153846154,True,0.0475,1.5,,,,,False,
691781,Brady House,WSH,CIN,1,3.0,1,695534,Chase Petty,R,822699,6:45 PM ET,Nationals Park,1,1,0.20477815699658702,2026-08-07,822699,0.0,1,104.8,103.6,97.1,R,4,3,0,0,0,0,1,0,0,2,0,1,0,1,0,1,0,0.422,0.451,0,0,0,0,1,1,0.25,0.27450980392156865,0.6875,0.29411764705882354,0.3125,0.20833333333333334,0.0392156862745098,0.0784313725490196,0.125,1.4666666666666666,1.0,0.5882352941176471,0.23529411764705882,0.4117647058823529,0.3235294117647059,0.029411764705882353,0.45664285714285713,0.835077380952381,0.21428571428571427,0.4666666666666667,0.5016250000000001,0.8612500000000001,0.19607843137254902,0.37254901960784315,0.23214285714285715,0.2777777777777778,0.5,0.2982456140350877,0.7692307692307693,0.20689655172413793,0.3050847457627119,0.0847457627118644,0.46,0.28,0.02,7.147058823529411,1.588235294117647,3.5735294117647056,0.09375,0.6880607939043507,0.2407432980963616,0.6880607939043507,0.25,"{""novig"": {""0.5"": {""over"": -186, ""under"": 160}}, ""bet365"": {""0.5"": {""over"": -190, ""under"": 140}}, ""betmgm"": {""0.5"": {""over"": -210, ""under"": 155}}, ""draftkings"": {""0.5"": {""over"": -188, ""under"": 140}}, ""fanduel"": {""0.5"": {""over"": -210}}}",0.5,over,novig,-186.0,0.6503496503496503,True,0.0377,1.5,,,,,False,
682928,CJ Abrams,WSH,CIN,1,1.0,1,695534,Chase Petty,R,822699,6:45 PM ET,Nationals Park,0,1,0.20477815699658702,2026-08-07,822699,0.0,1,104.8,103.6,97.1,L,4,4,0,0,0,0,0,0,0,2,0,2,0,0,0,1,0,0.1885,0.202,0,0,0,0,1,1,0.3793103448275862,0.45454545454545453,0.6896551724137931,0.2727272727272727,0.47058823529411764,0.39655172413793105,0.09090909090909091,0.045454545454545456,0.1724137931034483,3.0,1.2,0.45,0.15,0.475,0.275,0.075,0.35469047619047617,0.6181666666666666,0.2857142857142857,0.45454545454545453,0.41611666666666663,0.5527166666666667,0.2857142857142857,0.5714285714285714,0.22727272727272727,0.3389830508474576,0.6949152542372882,0.2923076923076923,0.7692307692307693,0.20689655172413793,0.3050847457627119,0.0847457627118644,0.46,0.28,0.02,7.147058823529411,1.588235294117647,3.5735294117647056,0.09375,0.6397398222397589,0.23559233407878932,0.6397398222397589,0.3793103448275862,"{""novig"": {""1.5"": {""over"": 212, ""under"": -270}}, ""bet365"": {""0.5"": {""over"": -245, ""under"": 182}}, ""betmgm"": {""0.5"": {""over"": -250, ""under"": 180}}, ""draftkings"": {""1.5"": {""over"": 186, ""under"": -253}}, ""fanduel"": {""0.5"": {""over"": -250}}}",0.5,over,bet365,-245.0,0.7101449275362319,True,-0.0704,1.5,over,novig,212.0,0.32051282051282054,True,-0.0849
695734,Daylen Lile,WSH,CIN,1,4.0,1,695534,Chase Petty,R,822699,6:45 PM ET,Nationals Park,0,1,0.20477815699658702,2026-08-07,822699,0.0,1,104.8,103.6,97.1,L,2,2,0,0,0,0,0,0,0,1,0,1,0,0,1,0,0,0.011,0.018,0,0,0,0,1,0,0.21568627450980393,0.2727272727272727,0.7647058823529411,0.21818181818181817,0.2222222222222222,0.23529411764705882,0.05454545454545454,0.01818181818181818,0.09803921568627451,1.5333333333333334,0.8,0.358974358974359,0.1282051282051282,0.3333333333333333,0.46153846153846156,0.05128205128205128,0.2548666666666667,0.4005611111111111,0.125,0.2222222222222222,0.21678333333333333,0.29895,0.23529411764705882,0.4117647058823529,0.23214285714285715,0.3103448275862069,0.5172413793103449,0.16129032258064516,0.7692307692307693,0.20689655172413793,0.3050847457627119,0.0847457627118644,0.46,0.28,0.02,7.147058823529411,1.588235294117647,3.5735294117647056,0.09375,0.6110739822146848,0.20185227325578015,0.6110739822146848,0.21568627450980393,"{""bet365"": {""0.5"": {""over"": -245, ""under"": 182}}, ""betmgm"": {""0.5"": {""over"": -225, ""under"": 165}}, ""draftkings"": {""0.5"": {""over"": -221, ""under"": 164}}, ""fanduel"": {""0.5"": {""over"": -240}}}",0.5,over,draftkings,-221.0,0.6884735202492211,True,-0.0774,1.5,,,,,False,
686611,Dylan Crews,WSH,CIN,1,5.0,1,695534,Chase Petty,R,822699,6:45 PM ET,Nationals Park,1,1,0.20477815699658702,2026-08-07,822699,0.0,1,104.8,103.6,97.1,R,5,5,1,0,0,0,0,0,0,4,1,1,0,0,0,0,1,0.789,0.924,1,0,1,0,1,1,0.2545454545454545,0.3880597014925373,0.7454545454545455,0.208955223880597,0.2894736842105263,0.21818181818181817,0.04477611940298507,0.04477611940298507,0.10909090909090909,1.7333333333333334,0.9333333333333333,0.4878048780487805,0.1951219512195122,0.3170731707317073,0.4146341463414634,0.04878048780487805,0.3017095238095238,0.6255726190476191,0.19047619047619047,0.13043478260869565,0.3343,0.5454833333333332,0.20689655172413793,0.29310344827586204,0.26865671641791045,0.28,0.52,0.2,0.7692307692307693,0.20689655172413793,0.3050847457627119,0.0847457627118644,0.46,0.28,0.02,7.147058823529411,1.588235294117647,3.5735294117647056,0.09375,0.610967235567272,0.19963999979524152,0.610967235567272,0.2545454545454545,"{""bet365"": {""0.5"": {""over"": -220, ""under"": 160}}, ""betmgm"": {""0.5"": {""over"": -190, ""under"": 140}}, ""draftkings"": {""0.5"": {""over"": -192, ""under"": 143}}, ""fanduel"": {""0.5"": {""over"": -200}}}",0.5,over,betmgm,-190.0,0.6551724137931034,True,-0.0442,1.5,,,,,False,
695670,Harry Ford,WSH,CIN,1,6.0,1,695534,Chase Petty,R,822699,6:45 PM ET,Nationals Park,1,1,0.20477815699658702,2026-08-07,822699,0.0,1,104.8,103.6,97.1,R,4,4,1,1,0,0,0,0,0,1,2,3,0,0,1,1,1,0.09700000000000002,0.17566666666666667,1,0,1,1,1,0,0.17647058823529413,0.32558139534883723,0.6764705882352942,0.2558139534883721,0.21739130434782608,0.14705882352941177,0.023255813953488372,0.046511627906976744,0.08823529411764706,0.7333333333333333,0.7333333333333333,0.2916666666666667,0.041666666666666664,0.4583333333333333,0.4583333333333333,0.0,0.1784861111111111,0.35262499999999997,0.09090909090909091,0.06666666666666667,0.14936666666666665,0.2843,0.15384615384615385,0.38461538461538464,0.2222222222222222,0.18181818181818182,0.2727272727272727,0.32142857142857145,0.7692307692307693,0.20689655172413793,0.3050847457627119,0.0847457627118644,0.46,0.28,0.02,7.147058823529411,1.588235294117647,3.5735294117647056,0.09375,0.5353148309198121,0.13339613364394395,0.5353148309198121,0.17647058823529413,"{""bet365"": {""0.5"": {""over"": -135, ""under"": 100}}, ""betmgm"": {""0.5"": {""over"": -155, ""under"": 115}}, ""draftkings"": {""0.5"": {""over"": -156, ""under"": 117}}, ""fanduel"": {""0.5"": {""over"": -160}}}",0.5,over,bet365,-135.0,0.574468085106383,True,-0.0392,1.5,,,,,False,
696285,Jacob Young,WSH,CIN,1,9.0,1,695534,Chase Petty,R,822699,6:45 PM ET,Nationals Park,1,1,0.20477815699658702,2026-08-07,822699,0.0,1,104.8,103.6,97.1,R,3,2,2,0,1,0,0,1,0,0,4,2,0,1,0,1,1,0.246,0.35450000000000004,1,1,1,1,0,0,0.3181818181818182,0.44642857142857145,0.8636363636363636,0.10344827586206896,0.34210526315789475,0.1590909090909091,0.017241379310344827,0.06896551724137931,0.11363636363636363,1.4,0.4,0.2682926829268293,0.36585365853658536,0.3902439024390244,0.24390243902439024,0.0,0.3878452380952381,0.5028452380952382,0.23076923076923078,0.17647058823529413,0.3565999999999999,0.40809999999999996,0.16279069767441862,0.23255813953488372,0.19230769230769232,0.2978723404255319,0.46808510638297873,0.14814814814814814,0.7692307692307693,0.20689655172413793,0.3050847457627119,0.0847457627118644,0.46,0.28,0.02,7.147058823529411,1.588235294117647,3.5735294117647056,0.09375,0.4037181093449343,0.10363878392663539,0.4037181093449343,0.3181818181818182,"{""bet365"": {""0.5"": {""over"": -140, ""under"": 105}}, ""betmgm"": {""0.5"": {""over"": -135, ""under"": 100}}, ""draftkings"": {""0.5"": {""over"": -152, ""under"": 115}}, ""fanduel"": {""0.5"": {""over"": -160}}}",0.5,over,betmgm,-135.0,0.574468085106383,True,-0.1707,1.5,,,,,False,
677588,José Tena,WSH,CIN,1,8.0,1,695534,Chase Petty,R,822699,6:45 PM ET,Nationals Park,0,1,0.20477815699658702,2026-08-07,822699,0.0,1,104.8,103.6,97.1,L,1,1,0,0,0,0,0,0,0,1,0,0,0,0,0,0,0,0.1965,0.202,0,0,0,0,1,0,0.21212121212121213,0.2972972972972973,0.7272727272727273,0.24324324324324326,0.2916666666666667,0.030303030303030304,0.0,0.02702702702702703,0.030303030303030304,0.5333333333333333,0.6,0.375,0.16666666666666666,0.5833333333333334,0.16666666666666666,0.0,0.2396923076923077,0.33137820512820515,0.0,0.25,0.14587500000000003,0.18933333333333346,0.1935483870967742,0.22580645161290322,0.25,0.19148936170212766,0.2127659574468085,0.3,0.7692307692307693,0.20689655172413793,0.3050847457627119,0.0847457627118644,0.46,0.28,0.02,7.147058823529411,1.588235294117647,3.5735294117647056,0.09375,0.5677280410328147,0.12877344266273455,0.5677280410328147,0.21212121212121213,"{""novig"": {""0.5"": {""over"": -141, ""under"": 104}}, ""bet365"": {""0.5"": {""over"": -150, ""under"": 110}}, ""betmgm"": {""0.5"": {""over"": -135, ""under"": 100}}, ""draftkings"": {""0.5"": {""over"": -153, ""under"": 115}}, ""fanduel"": {""0.5"": {""over"": -155}}}",0.5,over,betmgm,-135.0,0.574468085106383,True,-0.0067,1.5,,,,,False,
683083,Nasim Nuñez,WSH,CIN,1,7.0,1,695534,Chase Petty,R,822699,6:45 PM ET,Nationals Park,1,1,0.20477815699658702,2026-08-07,822699,0.0,1,104.8,103.6,97.1,R,2,2,0,0,0,0,0,0,0,0,0,2,0,1,0,2,0,0.1065,0.11599999999999999,0,0,0,0,0,0,0.11428571428571428,0.2,0.8285714285714286,0.15,0.13333333333333333,0.0,0.0,0.0,0.0,0.26666666666666666,0.4,0.26666666666666666,0.23333333333333334,0.6,0.13333333333333333,0.0,0.2793452380952381,0.32275595238095234,0.1111111111111111,0.08333333333333333,0.277875,0.30731250000000015,0.2857142857142857,0.2857142857142857,0.16666666666666666,0.2,0.26666666666666666,0.16666666666666666,0.7692307692307693,0.20689655172413793,0.3050847457627119,0.0847457627118644,0.46,0.28,0.02,7.147058823529411,1.588235294117647,3.5735294117647056,0.09375,0.5978513285084782,0.17414951442677828,0.5978513285084782,0.11428571428571428,"{""novig"": {""0.5"": {""over"": -138, ""under"": 102}}, ""bet365"": {""0.5"": {""over"": -170, ""under"": 130}}, ""betmgm"": {""0.5"": {""over"": -135, ""under"": 100}}, ""draftkings"": {""0.5"": {""over"": -150, ""under"": 113}}, ""fanduel"": {""0.5"": {""over"": -155}}}",0.5,over,betmgm,-135.0,0.574468085106383,True,0.0234,1.5,,,,,False,
682829,Elly De La Cruz,CIN,WSH,0,1.0,1,676917,Cade Cavalli,R,822699,6:45 PM ET,Nationals Park,1,1,0.28623853211009176,2026-08-07,822699,0.0,1,104.8,103.6,97.1,R,1,1,0,0,0,0,0,0,0,0,0,1,0,0,0,1,0,0.093,0.104,0,0,0,0,0,0,0.2631578947368421,0.37777777777777777,0.6842105263157895,0.26666666666666666,0.36,0.21052631578947367,0.022222222222222223,0.06666666666666667,0.13157894736842105,1.2,0.8,0.46153846153846156,0.34615384615384615,0.38461538461538464,0.23076923076923078,0.0,0.30317857142857146,0.5160238095238096,0.3,0.25,0.32141666666666674,0.5200833333333337,0.21052631578947367,0.38596491228070173,0.23529411764705882,0.3709677419354839,0.7096774193548387,0.2647058823529412,0.6698113207547169,0.21052631578947367,0.3756345177664975,0.13705583756345177,0.528169014084507,0.2323943661971831,0.02112676056338028,8.770700636942676,1.2038216560509556,10.490445859872613,0.2747747747747748,0.5907113762089423,0.21695233118484578,0.5907113762089423,0.2631578947368421,"{""betmgm"": {""0.5"": {""over"": -250, ""under"": 180}}, ""bet365"": {""1.5"": {""over"": 190, ""under"": -260}}, ""draftkings"": {""0.5"": {""over"": -248, ""under"": 183}}, ""fanduel"": {""0.5"": {""over"": -260}}}",0.5,over,draftkings,-248.0,0.7126436781609196,True,-0.1219,1.5,over,bet365,190.0,0.3448275862068966,True,-0.1279
553993,Eugenio Suárez,CIN,WSH,0,5.0,1,676917,Cade Cavalli,R,822699,6:45 PM ET,Nationals Park,1,1,0.28623853211009176,2026-08-07,822699,0.0,1,104.8,103.6,97.1,R,4,2,1,1,0,0,2,0,0,1,2,1,1,1,1,0,0,0.451,1.437,1,0,1,1,1,0,0.16363636363636364,0.23333333333333334,0.5272727272727272,0.43333333333333335,0.23076923076923078,0.2,0.05,0.03333333333333333,0.09090909090909091,1.3333333333333333,1.7333333333333334,0.5172413793103449,0.1724137931034483,0.3793103448275862,0.3793103448275862,0.034482758620689655,0.3098076923076923,0.5984999999999999,0.125,0.47368421052631576,0.3385416666666665,0.6047916666666672,0.18181818181818182,0.43636363636363634,0.3870967741935484,0.22641509433962265,0.37735849056603776,0.43103448275862066,0.6698113207547169,0.21052631578947367,0.3756345177664975,0.13705583756345177,0.528169014084507,0.2323943661971831,0.02112676056338028,8.770700636942676,1.2038216560509556,10.490445859872613,0.2747747747747748,0.5917896011292765,0.1805170515682576,0.5917896011292765,0.16363636363636364,"{""novig"": {""0.5"": {""over"": -156, ""under"": 150}}, ""bet365"": {""0.5"": {""over"": -165, ""under"": 125}}, ""betmgm"": {""0.5"": {""over"": -160, ""under"": 120}}, ""draftkings"": {""0.5"": {""over"": -190, ""under"": 142}}, ""fanduel"": {""0.5"": {""over"": -175}}}",0.5,over,novig,-156.0,0.609375,True,-0.0176,1.5,,,,,False,
699302,Héctor Rodríguez,CIN,WSH,0,6.0,1,676917,Cade Cavalli,R,822699,6:45 PM ET,Nationals Park,0,1,0.28623853211009176,2026-08-07,822699,0.0,1,104.8,103.6,97.1,L,4,3,0,0,0,0,1,0,0,2,0,1,0,1,0,1,0,0.171,0.198,0,0,0,0,1,1,0.2857142857142857,0.375,0.7142857142857143,0.25,0.4,0.14285714285714285,0.0,0.125,0.14285714285714285,0.5,0.3333333333333333,0.4,0.4,0.4,0.2,0.0,,,0.16666666666666666,0.2857142857142857,,,0.0,0.0,0.2,,,,0.6698113207547169,0.21052631578947367,0.3756345177664975,0.13705583756345177,0.528169014084507,0.2323943661971831,0.02112676056338028,8.770700636942676,1.2038216560509556,10.490445859872613,0.2747747747747748,0.5023865871536636,0.1149752207670307,0.5023865871536636,0.2857142857142857,"{""novig"": {""0.5"": {""over"": -174, ""under"": 156}}, ""bet365"": {""0.5"": {""over"": -200, ""under"": 150}}, ""betmgm"": {""0.5"": {""over"": -190, ""under"": 140}}, ""draftkings"": {""0.5"": {""over"": -188, ""under"": 141}}, ""fanduel"": {""0.5"": {""over"": -180}}}",0.5,over,novig,-174.0,0.635036496350365,True,-0.1326,1.5,,,,,False,
668709,JJ Bleday,CIN,WSH,0,3.0,1,676917,Cade Cavalli,R,822699,6:45 PM ET,Nationals Park,0,1,0.28623853211009176,2026-08-07,822699,0.0,1,104.8,103.6,97.1,L,4,3,2,0,0,1,1,0,0,1,5,2,0,1,1,1,0,0.623,1.699,1,1,1,1,1,0,0.14,0.2833333333333333,0.66,0.2833333333333333,0.13333333333333333,0.18,0.05,0.0,0.06,1.0666666666666667,1.1333333333333333,0.3939393939393939,0.18181818181818182,0.30303030303030304,0.42424242424242425,0.030303030303030304,0.3066726190476191,0.6827083333333334,0.1875,0.23809523809523808,0.2846,0.5889333333333333,0.17647058823529413,0.35294117647058826,0.2459016393442623,0.29310344827586204,0.5689655172413793,0.2,0.6698113207547169,0.21052631578947367,0.3756345177664975,0.13705583756345177,0.528169014084507,0.2323943661971831,0.02112676056338028,8.770700636942676,1.2038216560509556,10.490445859872613,0.2747747747747748,0.5416388496050741,0.1690395329718374,0.5416388496050741,0.14,"{""bet365"": {""0.5"": {""over"": -210, ""under"": 155}}, ""betmgm"": {""0.5"": {""over"": -175, ""under"": 130}}, ""draftkings"": {""0.5"": {""over"": -208, ""under"": 155}}, ""fanduel"": {""0.5"": {""over"": -220}}}",0.5,over,betmgm,-175.0,0.6363636363636364,True,-0.0947,1.5,,,,,False,
663647,Ke'Bryan Hayes,CIN,WSH,0,8.0,1,676917,Cade Cavalli,R,822699,6:45 PM ET,Nationals Park,1,1,0.28623853211009176,2026-08-07,822699,0.0,1,104.8,103.6,97.1,R,3,3,0,0,0,0,0,0,0,1,0,2,0,0,1,1,0,0.0875,0.1095,0,0,0,0,1,0,0.11363636363636363,0.1875,0.7272727272727273,0.25,0.1,0.13636363636363635,0.041666666666666664,0.0,0.045454545454545456,0.7333333333333333,0.8,0.40625,0.28125,0.375,0.28125,0.03125,0.37532692307692306,0.6083397435897436,0.07692307692307693,0.5,0.4978333333333334,1.1095,0.14893617021276595,0.3404255319148936,0.26,0.2127659574468085,0.23404255319148937,0.14,0.6698113207547169,0.21052631578947367,0.3756345177664975,0.13705583756345177,0.528169014084507,0.2323943661971831,0.02112676056338028,8.770700636942676,1.2038216560509556,10.490445859872613,0.2747747747747748,0.5192629556680862,0.14659319486378097,0.5192629556680862,0.11363636363636363,"{""novig"": {""0.5"": {""over"": -141, ""under"": 125}}, ""bet365"": {""0.5"": {""over"": -155, ""under"": 115}}, ""betmgm"": {""0.5"": {""over"": -135, ""under"": 100}}, ""draftkings"": {""0.5"": {""over"": -157, ""under"": 118}}, ""fanduel"": {""0.5"": {""over"": -175}}}",0.5,over,betmgm,-135.0,0.574468085106383,True,-0.0552,1.5,,,,,False,
680574,Matt McLain,CIN,WSH,0,9.0,1,676917,Cade Cavalli,R,822699,6:45 PM ET,Nationals Park,1,1,0.28623853211009176,2026-08-07,822699,0.0,1,104.8,103.6,97.1,R,4,3,0,0,0,0,0,1,0,2,0,1,0,0,1,0,0,0.223,0.246,0,0,0,0,1,1,0.1282051282051282,0.18604651162790697,0.6410256410256411,0.3181818181818182,0.16,0.10256410256410256,0.022727272727272728,0.022727272727272728,0.05128205128205128,0.6,0.9333333333333333,0.2222222222222222,0.2962962962962963,0.2962962962962963,0.2962962962962963,0.037037037037037035,0.2851309523809524,0.37273809523809526,0.2,0.23529411764705882,0.31266666666666665,0.42906666666666676,0.11904761904761904,0.16666666666666666,0.37254901960784315,0.1590909090909091,0.3181818181818182,0.2653061224489796,0.6698113207547169,0.21052631578947367,0.3756345177664975,0.13705583756345177,0.528169014084507,0.2323943661971831,0.02112676056338028,8.770700636942676,1.2038216560509556,10.490445859872613,0.2747747747747748,0.3862450021164314,0.0968057924672312,0.3862450021164314,0.1282051282051282,"{""novig"": {""0.5"": {""over"": -135, ""under"": 120}}, ""bet365"": {""0.5"": {""over"": -120, ""under"": -110}}, ""betmgm"": {""0.5"": {""over"": -130, ""under"": -105}}, ""draftkings"": {""0.5"": {""over"": -143, ""under"": 108}}, ""fanduel"": {""0.5"": {""over"": -150}}}",0.5,over,bet365,-120.0,0.5454545454545454,True,-0.1592,1.5,,,,,False,
682622,Noelvi Marte,CIN,WSH,0,7.0,1,676917,Cade Cavalli,R,822699,6:45 PM ET,Nationals Park,1,1,0.28623853211009176,2026-08-07,822699,0.0,1,104.8,103.6,97.1,R,4,4,1,0,0,0,0,0,0,0,1,4,0,1,2,2,0,0.1815,0.22499999999999998,1,0,1,0,0,0,0.1836734693877551,0.19607843137254902,0.7551020408163265,0.23529411764705882,0.23684210526315788,0.04081632653061224,0.0,0.0392156862745098,0.04081632653061224,0.7333333333333333,0.8,0.3157894736842105,0.10526315789473684,0.5263157894736842,0.21052631578947367,0.02631578947368421,0.23475000000000001,0.31925,0.23529411764705882,0.3684210526315789,0.16419999999999998,0.23836666666666678,0.2037037037037037,0.3148148148148148,0.23214285714285715,0.16666666666666666,0.30952380952380953,0.29545454545454547,0.6698113207547169,0.21052631578947367,0.3756345177664975,0.13705583756345177,0.528169014084507,0.2323943661971831,0.02112676056338028,8.770700636942676,1.2038216560509556,10.490445859872613,0.2747747747747748,0.5858893603647634,0.16171044187752112,0.5858893603647634,0.1836734693877551,"{""novig"": {""0.5"": {""over"": -178, ""under"": 150}}, ""bet365"": {""0.5"": {""over"": -200, ""under"": 150}}, ""betmgm"": {""0.5"": {""over"": -165, ""under"": 125}}, ""draftkings"": {""0.5"": {""over"": -201, ""under"": 150}}, ""fanduel"": {""0.5"": {""over"": -190}}}",0.5,over,betmgm,-165.0,0.6226415094339622,True,-0.0368,1.5,,,,,False,
701398,Sal Stewart,CIN,WSH,0,2.0,1,676917,Cade Cavalli,R,822699,6:45 PM ET,Nationals Park,1,1,0.28623853211009176,2026-08-07,822699,0.0,1,104.8,103.6,97.1,R,4,4,2,0,0,1,0,0,0,1,5,3,0,2,2,1,0,0.5306666666666666,1.433,1,1,1,1,1,0,0.2641509433962264,0.3387096774193548,0.660377358490566,0.2903225806451613,0.30303030303030304,0.22641509433962265,0.06451612903225806,0.0,0.07547169811320754,1.7333333333333334,1.2,0.2972972972972973,0.2702702702702703,0.40540540540540543,0.2972972972972973,0.08108108108108109,0.3481551282051282,0.5766858974358974,0.2777777777777778,0.22727272727272727,0.3163375,0.6403125000000002,0.2545454545454545,0.5272727272727272,0.27419354838709675,0.2,0.34545454545454546,0.265625,0.6698113207547169,0.21052631578947367,0.3756345177664975,0.13705583756345177,0.528169014084507,0.2323943661971831,0.02112676056338028,8.770700636942676,1.2038216560509556,10.490445859872613,0.2747747747747748,0.6150960358563772,0.22173812627995226,0.6150960358563772,0.2641509433962264,"{""novig"": {""1.5"": {""over"": 194, ""under"": -257}}, ""betmgm"": {""0.5"": {""over"": -225, ""under"": 165}}, ""bet365"": {""1.5"": {""over"": 195, ""under"": -270}}, ""draftkings"": {""1.5"": {""over"": 171, ""under"": -231}}, ""fanduel"": {""0.5"": {""over"": -270}}}",0.5,over,betmgm,-225.0,0.6923076923076923,True,-0.0772,1.5,over,bet365,195.0,0.3389830508474576,True,-0.1172
663886,Tyler Stephenson,CIN,WSH,0,4.0,1,676917,Cade Cavalli,R,822699,6:45 PM ET,Nationals Park,1,1,0.28623853211009176,2026-08-07,822699,0.0,1,104.8,103.6,97.1,R,4,4,1,0,0,1,0,0,0,2,4,2,1,1,1,1,0,0.646,1.7905000000000002,1,0,1,1,1,1,0.3125,0.4107142857142857,0.7083333333333334,0.25,0.3870967741935484,0.3125,0.05357142857142857,0.10714285714285714,0.1875,2.0,0.9333333333333333,0.5,0.29411764705882354,0.3235294117647059,0.38235294117647056,0.0,0.45739285714285716,0.8025238095238095,0.3125,0.21739130434782608,0.34345000000000003,0.6187333333333332,0.36538461538461536,0.6730769230769231,0.2631578947368421,0.2391304347826087,0.32608695652173914,0.19642857142857142,0.6698113207547169,0.21052631578947367,0.3756345177664975,0.13705583756345177,0.528169014084507,0.2323943661971831,0.02112676056338028,8.770700636942676,1.2038216560509556,10.490445859872613,0.2747747747747748,0.645952171066359,0.22776218162909356,0.645952171066359,0.3125,"{""novig"": {""0.5"": {""over"": -178, ""under"": 150}}, ""bet365"": {""0.5"": {""over"": -230, ""under"": 170}}, ""betmgm"": {""0.5"": {""over"": -190, ""under"": 140}}, ""draftkings"": {""0.5"": {""over"": -183, ""under"": 137}}, ""fanduel"": {""0.5"": {""over"": -210}}}",0.5,over,novig,-178.0,0.6402877697841727,True,0.0057,1.5,,,,,False,
669224,Austin Wells,NYY,ATL,1,9.0,1,641816,Tyler Mahle,R,823515,7:05 PM ET,Yankee Stadium,0,1,0.26220614828209765,2026-08-07,823515,0.0,1,94.4,100.1,100.3,L,2,2,1,0,0,0,0,0,0,0,1,2,0,1,0,1,1,0.375,0.525,1,0,1,0,0,0,0.24242424242424243,0.375,0.7878787878787878,0.175,0.25,0.21212121212121213,0.05,0.025,0.09090909090909091,1.0,0.4666666666666667,0.5384615384615384,0.23076923076923078,0.2692307692307692,0.34615384615384615,0.07692307692307693,0.38243589743589745,0.7240256410256409,0.3333333333333333,0.2727272727272727,0.3705833333333334,0.8919166666666666,0.2571428571428571,0.5428571428571428,0.21428571428571427,0.11764705882352941,0.19607843137254902,0.34615384615384615,0.7072072072072072,0.24083769633507854,0.4393939393939394,0.1717171717171717,0.4012738853503185,0.29936305732484075,0.0,9.114649681528663,1.0318471337579618,8.254777070063694,0.21818181818181817,0.4403782762524244,0.10522707168652985,0.4403782762524244,0.24242424242424243,"{""novig"": {""0.5"": {""over"": 111, ""under"": -144}}, ""bet365"": {""0.5"": {""over"": 115, ""under"": -155}}, ""betmgm"": {""0.5"": {""over"": 105, ""under"": -140}}, ""draftkings"": {""0.5"": {""over"": 105, ""under"": -139}}, ""fanduel"": {""0.5"": {""over"": -120}}}",0.5,over,bet365,115.0,0.46511627906976744,True,-0.0247,1.5,,,,,False,
700250,Ben Rice,NYY,ATL,1,2.0,1,641816,Tyler Mahle,R,823515,7:05 PM ET,Yankee Stadium,0,1,0.26220614828209765,2026-08-07,823515,0.0,1,94.4,100.1,100.3,L,5,2,0,0,0,0,3,0,0,1,0,1,0,0,0,0,0,0.029,0.039,0,0,0,0,1,0,0.14285714285714285,0.23809523809523808,0.6071428571428571,0.3492063492063492,0.1875,0.14285714285714285,0.031746031746031744,0.031746031746031744,0.07142857142857142,1.0666666666666667,1.4666666666666666,0.47058823529411764,0.2647058823529412,0.4117647058823529,0.3235294117647059,0.058823529411764705,0.3132,0.5790611111111111,0.06666666666666667,0.35294117647058826,0.18175,0.21245000000000003,0.22641509433962265,0.5471698113207547,0.27419354838709675,0.20634920634920634,0.4126984126984127,0.3076923076923077,0.7072072072072072,0.24083769633507854,0.4393939393939394,0.1717171717171717,0.4012738853503185,0.29936305732484075,0.0,9.114649681528663,1.0318471337579618,8.254777070063694,0.21818181818181817,0.6062501192670873,0.16213108078673752,0.6062501192670873,0.14285714285714285,"{""novig"": {""1.5"": {""over"": 264, ""under"": -400}}, ""bet365"": {""0.5"": {""over"": -200, ""under"": 150}}, ""betmgm"": {""0.5"": {""over"": -200, ""under"": 150}}, ""draftkings"": {""0.5"": {""over"": -191, ""under"": 143}}, ""fanduel"": {""0.5"": {""over"": -220}}}",0.5,over,draftkings,-191.0,0.6563573883161512,True,-0.0501,1.5,over,novig,264.0,0.27472527472527475,True,-0.1126
806146,George Lombard Jr.,NYY,ATL,1,7.0,1,641816,Tyler Mahle,R,823515,7:05 PM ET,Yankee Stadium,1,1,0.26220614828209765,2026-08-07,823515,0.0,1,94.4,100.1,100.3,R,4,4,1,0,0,0,0,0,0,2,1,2,0,1,0,1,1,0.5045000000000001,0.6475,1,0,1,0,1,1,,,,,,,,,,,,,,,,,,,0.16666666666666666,0.5,,,0.25,1.0,0.4,,,,0.7072072072072072,0.24083769633507854,0.4393939393939394,0.1717171717171717,0.4012738853503185,0.29936305732484075,0.0,9.114649681528663,1.0318471337579618,8.254777070063694,0.21818181818181817,0.2835106693976865,0.01540319448538959,0.2835106693976865,,"{""novig"": {""0.5"": {""over"": -144, ""under"": 122}}, ""bet365"": {""0.5"": {""over"": -150, ""under"": 110}}, ""betmgm"": {""0.5"": {""over"": -165, ""under"": 125}}, ""draftkings"": {""0.5"": {""over"": -143, ""under"": 107}}, ""fanduel"": {""0.5"": {""over"": -165}}}",0.5,over,draftkings,-143.0,0.588477366255144,True,-0.305,1.5,,,,,False,
671218,Heliot Ramos,NYY,ATL,1,3.0,1,641816,Tyler Mahle,R,823515,7:05 PM ET,Yankee Stadium,1,1,0.26220614828209765,2026-08-07,823515,0.0,1,94.4,100.1,100.3,R,4,3,1,1,0,0,0,1,0,1,2,2,0,1,0,0,2,0.6375,0.7135,1,0,1,1,1,0,0.19672131147540983,0.25757575757575757,0.6885245901639344,0.2878787878787879,0.2682926829268293,0.04918032786885246,0.015151515151515152,0.0,0.01639344262295082,1.0,1.2666666666666666,0.40476190476190477,0.11904761904761904,0.6666666666666666,0.14285714285714285,0.023809523809523808,0.2885988888888889,0.4410988888888889,0.15789473684210525,0.3333333333333333,0.17363333333333336,0.20306666666666678,0.20967741935483872,0.25806451612903225,0.30303030303030304,0.2807017543859649,0.43859649122807015,0.25,0.7072072072072072,0.24083769633507854,0.4393939393939394,0.1717171717171717,0.4012738853503185,0.29936305732484075,0.0,9.114649681528663,1.0318471337579618,8.254777070063694,0.21818181818181817,0.6152559016439455,0.2199195844582863,0.6152559016439455,0.19672131147540983,"{""novig"": {""1.5"": {""over"": 233, ""under"": -545}}, ""bet365"": {""0.5"": {""over"": -245, ""under"": 182}}, ""betmgm"": {""0.5"": {""over"": -235, ""under"": 175}}, ""draftkings"": {""0.5"": {""over"": -207, ""under"": 154}}, ""fanduel"": {""0.5"": {""over"": -230}}}",0.5,over,draftkings,-207.0,0.6742671009771987,True,-0.059,1.5,over,novig,233.0,0.3003003003003003,True,-0.0804
665862,Jazz Chisholm Jr.,NYY,ATL,1,5.0,1,641816,Tyler Mahle,R,823515,7:05 PM ET,Yankee Stadium,0,1,0.26220614828209765,2026-08-07,823515,0.0,1,94.4,100.1,100.3,L,4,2,0,0,0,0,2,0,0,1,0,1,0,1,0,1,0,0.196,0.213,0,0,0,0,1,0,0.19298245614035087,0.23333333333333334,0.5614035087719298,0.4166666666666667,0.25,0.24561403508771928,0.06666666666666667,0.03333333333333333,0.10526315789473684,1.6666666666666667,1.6666666666666667,0.53125,0.15625,0.46875,0.28125,0.03125,0.3998095238095238,0.8245654761904762,0.1111111111111111,0.35,0.3879,0.6792166666666665,0.18867924528301888,0.49056603773584906,0.3275862068965517,0.2,0.32727272727272727,0.3559322033898305,0.7072072072072072,0.24083769633507854,0.4393939393939394,0.1717171717171717,0.4012738853503185,0.29936305732484075,0.0,9.114649681528663,1.0318471337579618,8.254777070063694,0.21818181818181817,0.5715884331961569,0.16746171276296876,0.5715884331961569,0.19298245614035087,"{""novig"": {""0.5"": {""over"": -141, ""under"": 106}}, ""bet365"": {""0.5"": {""over"": -135, ""under"": 100}}, ""betmgm"": {""0.5"": {""over"": -155, ""under"": 115}}, ""draftkings"": {""0.5"": {""over"": -144, ""under"": 109}}, ""fanduel"": {""0.5"": {""over"": -155}}}",0.5,over,bet365,-135.0,0.574468085106383,True,-0.0029,1.5,,,,,False,
671277,Luis García Jr.,NYY,ATL,1,4.0,1,641816,Tyler Mahle,R,823515,7:05 PM ET,Yankee Stadium,0,1,0.26220614828209765,2026-08-07,823515,0.0,1,94.4,100.1,100.3,L,4,3,0,0,0,0,1,0,0,0,0,3,0,1,0,3,0,0.214,0.223,0,0,0,0,0,0,0.3103448275862069,0.3220338983050847,0.8275862068965517,0.1694915254237288,0.3181818181818182,0.3448275862068966,0.06779661016949153,0.06779661016949153,0.1724137931034483,2.533333333333333,0.6666666666666666,0.375,0.2916666666666667,0.3333333333333333,0.25,0.020833333333333332,0.32639444444444443,0.6134111111111111,0.35,0.15,0.3527833333333333,0.6965000000000001,0.3103448275862069,0.6724137931034483,0.2,0.17307692307692307,0.23076923076923078,0.2222222222222222,0.7072072072072072,0.24083769633507854,0.4393939393939394,0.1717171717171717,0.4012738853503185,0.29936305732484075,0.0,9.114649681528663,1.0318471337579618,8.254777070063694,0.21818181818181817,0.6326817356019266,0.20950513583410144,0.6326817356019266,0.3103448275862069,"{""betmgm"": {""0.5"": {""over"": -235, ""under"": 175}}, ""draftkings"": {""0.5"": {""over"": -196, ""under"": 146}}, ""fanduel"": {""0.5"": {""over"": -230}}}",0.5,over,draftkings,-196.0,0.6621621621621622,True,-0.0295,1.5,,,,,False,
641857,Ryan McMahon,NYY,ATL,1,8.0,1,641816,Tyler Mahle,R,823515,7:05 PM ET,Yankee Stadium,0,1,0.26220614828209765,2026-08-07,823515,0.0,1,94.4,100.1,100.3,L,4,2,0,0,0,0,2,0,0,1,0,1,0,0,0,1,0,0.034,0.037,0,0,0,0,1,0,0.21428571428571427,0.25,0.7857142857142857,0.20454545454545456,0.25,0.14285714285714285,0.022727272727272728,0.06818181818181818,0.09523809523809523,1.0,0.6,0.5151515151515151,0.21212121212121213,0.36363636363636365,0.36363636363636365,0.0,0.34112820512820513,0.5627641025641026,0.26666666666666666,0.1875,0.38419999999999993,0.6544333333333336,0.2608695652173913,0.5,0.2553191489361702,0.21052631578947367,0.42105263157894735,0.29545454545454547,0.7072072072072072,0.24083769633507854,0.4393939393939394,0.1717171717171717,0.4012738853503185,0.29936305732484075,0.0,9.114649681528663,1.0318471337579618,8.254777070063694,0.21818181818181817,0.549828869907064,0.17920848179884538,0.549828869907064,0.21428571428571427,"{""novig"": {""0.5"": {""over"": -104, ""under"": -125}}, ""bet365"": {""0.5"": {""over"": -110, ""under"": -120}}, ""betmgm"": {""0.5"": {""over"": -125, ""under"": -105}}, ""draftkings"": {""0.5"": {""over"": -105, ""under"": -127}}, ""fanduel"": {""0.5"": {""over"": -135}}}",0.5,over,novig,-104.0,0.5098039215686274,True,0.04,1.5,,,,,False,
682987,Spencer Jones,NYY,ATL,1,6.0,1,641816,Tyler Mahle,R,823515,7:05 PM ET,Yankee Stadium,0,1,0.26220614828209765,2026-08-07,823515,0.0,1,94.4,100.1,100.3,L,4,4,0,0,0,0,0,0,0,2,0,2,0,1,0,1,1,0.6715,0.7835000000000001,0,0,0,0,1,1,0.21428571428571427,0.26666666666666666,0.6666666666666666,0.3111111111111111,0.24,0.2619047619047619,0.06666666666666667,0.044444444444444446,0.11904761904761904,1.3333333333333333,0.9333333333333333,0.5357142857142857,0.2857142857142857,0.2857142857142857,0.32142857142857145,0.0,0.4087692307692308,0.8418076923076924,0.17647058823529413,0.2777777777777778,0.33906666666666674,0.9051666666666666,0.17073170731707318,0.2926829268292683,0.35555555555555557,0.15384615384615385,0.38461538461538464,0.35714285714285715,0.7072072072072072,0.24083769633507854,0.4393939393939394,0.1717171717171717,0.4012738853503185,0.29936305732484075,0.0,9.114649681528663,1.0318471337579618,8.254777070063694,0.21818181818181817,0.5847848402755588,0.16701612953563283,0.5847848402755588,0.21428571428571427,"{""novig"": {""0.5"": {""over"": -117, ""under"": 106}}, ""bet365"": {""0.5"": {""over"": -115, ""under"": -115}}, ""betmgm"": {""0.5"": {""over"": -135, ""under"": 100}}, ""draftkings"": {""0.5"": {""over"": -117, ""under"": -113}}, ""fanduel"": {""0.5"": {""over"": -150}}}",0.5,over,bet365,-115.0,0.5348837209302325,True,0.0499,1.5,,,,,False,
663757,Trent Grisham,NYY,ATL,1,1.0,1,641816,Tyler Mahle,R,823515,7:05 PM ET,Yankee Stadium,0,1,0.26220614828209765,2026-08-07,823515,0.0,1,94.4,100.1,100.3,L,5,5,0,0,0,0,0,0,0,1,0,4,0,0,1,2,0,0.095,0.10575,0,0,0,0,1,0,0.1346153846153846,0.21052631578947367,0.8461538461538461,0.13793103448275862,0.13953488372093023,0.07692307692307693,0.017241379310344827,0.017241379310344827,0.038461538461538464,0.7333333333333333,0.5333333333333333,0.3181818181818182,0.2727272727272727,0.4318181818181818,0.20454545454545456,0.0,0.2290952380952381,0.3175595238095238,0.17647058823529413,0.1111111111111111,0.30052083333333335,0.45347916666666643,0.16363636363636364,0.34545454545454546,0.14285714285714285,0.3076923076923077,0.4807692307692308,0.17543859649122806,0.7072072072072072,0.24083769633507854,0.4393939393939394,0.1717171717171717,0.4012738853503185,0.29936305732484075,0.0,9.114649681528663,1.0318471337579618,8.254777070063694,0.21818181818181817,0.6109141164271165,0.17925324044293248,0.6109141164271165,0.1346153846153846,"{""novig"": {""0.5"": {""over"": -178, ""under"": 120}}, ""bet365"": {""0.5"": {""over"": -170, ""under"": 130}}, ""betmgm"": {""0.5"": {""over"": -185, ""under"": 135}}, ""draftkings"": {""0.5"": {""over"": -194, ""under"": 145}}, ""fanduel"": {""0.5"": {""over"": -185}}}",0.5,over,bet365,-170.0,0.6296296296296297,True,-0.0187,1.5,,,,,False,
663586,Austin Riley,ATL,NYY,0,7.0,1,608331,Max Fried,L,823515,7:05 PM ET,Yankee Stadium,1,0,0.21715328467153286,2026-08-07,823515,0.0,1,94.4,100.1,100.3,R,4,3,0,0,0,0,0,0,1,1,0,3,0,0,0,1,1,0.0245,0.026500000000000003,0,0,0,0,1,0,0.25925925925925924,0.3103448275862069,0.5185185185185185,0.4482758620689655,0.48148148148148145,0.12962962962962962,0.017241379310344827,0.06896551724137931,0.09259259259259259,1.4,1.7333333333333334,0.6071428571428571,0.21428571428571427,0.5357142857142857,0.17857142857142858,0.03571428571428571,0.4291964285714286,0.7711964285714287,0.47058823529411764,0.3333333333333333,0.5747,1.0484000000000002,0.2982456140350877,0.5789473684210527,0.3870967741935484,0.18518518518518517,0.25925925925925924,0.3389830508474576,0.6816143497757847,0.21717171717171718,0.2964824120603015,0.07537688442211055,0.5197368421052632,0.2236842105263158,0.006578947368421052,5.756345177664974,0.13705583756345177,7.538071065989847,0.21653543307086615,0.5888944987624825,0.14571733067580336,0.5888944987624825,0.25925925925925924,"{""novig"": {""0.5"": {""over"": -147, ""under"": 113}}, ""bet365"": {""0.5"": {""over"": -170, ""under"": 130}}, ""betmgm"": {""0.5"": {""over"": -155, ""under"": 115}}, ""draftkings"": {""0.5"": {""over"": -156, ""under"": 118}}, ""fanduel"": {""0.5"": {""over"": -175}}}",0.5,over,novig,-147.0,0.5951417004048583,True,-0.0062,1.5,,,,,False,
686948,Drake Baldwin,ATL,NYY,0,2.0,1,608331,Max Fried,L,823515,7:05 PM ET,Yankee Stadium,0,0,0.21715328467153286,2026-08-07,823515,0.0,1,94.4,100.1,100.3,L,5,5,1,0,0,0,0,0,0,0,1,5,0,3,0,5,0,0.23800000000000004,0.2624,1,0,1,0,0,0,0.26785714285714285,0.3880597014925373,0.7678571428571429,0.19402985074626866,0.3170731707317073,0.125,0.029850746268656716,0.014925373134328358,0.05357142857142857,1.4666666666666666,0.8666666666666667,0.5116279069767442,0.20930232558139536,0.4883720930232558,0.27906976744186046,0.023255813953488372,0.34169444444444447,0.5719611111111111,0.15,0.2727272727272727,0.3679,0.5145000000000002,0.37037037037037035,0.5925925925925926,0.11764705882352941,0.20634920634920634,0.36507936507936506,0.26865671641791045,0.6816143497757847,0.21717171717171718,0.2964824120603015,0.07537688442211055,0.5197368421052632,0.2236842105263158,0.006578947368421052,5.756345177664974,0.13705583756345177,7.538071065989847,0.21653543307086615,0.6405623778673627,0.2571939100271279,0.6405623778673627,0.26785714285714285,"{""novig"": {""0.5"": {""over"": -194, ""under"": 141}}, ""bet365"": {""0.5"": {""over"": -260, ""under"": 190}}, ""betmgm"": {""0.5"": {""over"": -190, ""under"": 140}}, ""draftkings"": {""0.5"": {""over"": -217, ""under"": 161}}, ""fanduel"": {""0.5"": {""over"": -230}}}",0.5,over,betmgm,-190.0,0.6551724137931034,True,-0.0146,1.5,,,,,False,
673490,Ha-Seong Kim,ATL,NYY,0,9.0,1,608331,Max Fried,L,823515,7:05 PM ET,Yankee Stadium,1,0,0.21715328467153286,2026-08-07,823515,0.0,1,94.4,100.1,100.3,R,3,2,0,0,0,0,1,0,0,0,0,2,0,1,2,0,0,0.052,0.1955,0,0,0,0,0,0,0.0625,0.1509433962264151,0.6458333333333334,0.32075471698113206,0.0967741935483871,0.0,0.0,0.0,0.0,0.2,1.1333333333333333,0.12903225806451613,0.12903225806451613,0.3548387096774194,0.41935483870967744,0.06451612903225806,0.22354761904761905,0.3198809523809524,0.0,0.47058823529411764,0.14904166666666657,0.25637500000000046,0.09615384615384616,0.15384615384615385,0.18333333333333332,0.09803921568627451,0.11764705882352941,0.2727272727272727,0.6816143497757847,0.21717171717171718,0.2964824120603015,0.07537688442211055,0.5197368421052632,0.2236842105263158,0.006578947368421052,5.756345177664974,0.13705583756345177,7.538071065989847,0.21653543307086615,0.36496656920520415,0.08515578734367894,0.36496656920520415,0.0625,"{""novig"": {""0.5"": {""over"": -111, ""under"": -125}}, ""bet365"": {""0.5"": {""over"": -110, ""under"": -120}}, ""betmgm"": {""0.5"": {""over"": -120, ""under"": -110}}, ""draftkings"": {""0.5"": {""over"": -115, ""under"": -115}}, ""fanduel"": {""0.5"": {""over"": -145}}}",0.5,over,bet365,-110.0,0.5238095238095238,True,-0.1588,1.5,,,,,False,
657041,Lane Thomas,ATL,NYY,0,6.0,1,608331,Max Fried,L,823515,7:05 PM ET,Yankee Stadium,1,0,0.21715328467153286,2026-08-07,823515,0.0,1,94.4,100.1,100.3,R,3,3,1,1,0,0,0,0,0,1,2,2,0,1,1,0,1,0.4155,0.6695,1,0,1,1,1,0,0.16,0.23636363636363636,0.64,0.32727272727272727,0.22580645161290322,0.06,0.01818181818181818,0.0,0.02,0.7333333333333333,1.2,0.375,0.1875,0.375,0.15625,0.0,0.24943452380952383,0.3093809523809524,0.2,0.16666666666666666,0.24558333333333335,0.31758333333333344,0.2545454545454545,0.4,0.2833333333333333,0.21568627450980393,0.5098039215686274,0.2545454545454545,0.6816143497757847,0.21717171717171718,0.2964824120603015,0.07537688442211055,0.5197368421052632,0.2236842105263158,0.006578947368421052,5.756345177664974,0.13705583756345177,7.538071065989847,0.21653543307086615,0.5643413536502048,0.19963999979524152,0.5643413536502048,0.16,"{""novig"": {""0.5"": {""over"": -147, ""under"": 122}}, ""bet365"": {""0.5"": {""over"": -140, ""under"": 105}}, ""betmgm"": {""0.5"": {""over"": -160, ""under"": 120}}, ""draftkings"": {""0.5"": {""over"": -147, ""under"": 111}}, ""fanduel"": {""0.5"": {""over"": -160}}}",0.5,over,bet365,-140.0,0.5833333333333334,True,-0.019,1.5,,,,,False,
621566,Matt Olson,ATL,NYY,0,4.0,1,608331,Max Fried,L,823515,7:05 PM ET,Yankee Stadium,0,0,0.21715328467153286,2026-08-07,823515,0.0,1,94.4,100.1,100.3,L,5,3,2,1,0,1,2,0,0,0,6,3,0,3,1,0,2,0.7456666666666667,2.1326666666666667,1,1,1,1,0,0,0.2631578947368421,0.35384615384615387,0.6842105263157895,0.27692307692307694,0.29411764705882354,0.3157894736842105,0.07692307692307693,0.046153846153846156,0.14035087719298245,2.2,1.2,0.4358974358974359,0.10256410256410256,0.3333333333333333,0.38461538461538464,0.05128205128205128,0.3366055555555556,0.7341055555555556,0.3888888888888889,0.2,0.4155166666666668,0.9536833333333332,0.2909090909090909,0.5636363636363636,0.20588235294117646,0.25,0.38333333333333336,0.359375,0.6816143497757847,0.21717171717171718,0.2964824120603015,0.07537688442211055,0.5197368421052632,0.2236842105263158,0.006578947368421052,5.756345177664974,0.13705583756345177,7.538071065989847,0.21653543307086615,0.5687696998654647,0.2088818990742679,0.5687696998654647,0.2631578947368421,"{""novig"": {""0.5"": {""over"": -178, ""under"": 133}}, ""bet365"": {""0.5"": {""over"": -180, ""under"": 135}}, ""betmgm"": {""0.5"": {""over"": -185, ""under"": 135}}, ""draftkings"": {""0.5"": {""over"": -192, ""under"": 143}}, ""fanduel"": {""0.5"": {""over"": -190}}}",0.5,over,novig,-178.0,0.6402877697841727,True,-0.0715,1.5,,,,,False,
643289,Mauricio Dubón,ATL,NYY,0,5.0,1,608331,Max Fried,L,823515,7:05 PM ET,Yankee Stadium,1,0,0.21715328467153286,2026-08-07,823515,0.0,1,94.4,100.1,100.3,R,5,4,4,1,0,0,1,0,0,0,5,4,0,3,0,2,2,0.48825,0.6757500000000001,1,1,1,1,0,0,0.23076923076923078,0.2545454545454545,0.9423076923076923,0.05263157894736842,0.24,0.019230769230769232,0.0,0.017543859649122806,0.019230769230769232,0.8666666666666667,0.2,0.3,0.28,0.38,0.26,0.0,0.2718722222222222,0.34185,0.3125,0.0625,0.30004999999999993,0.35101666666666675,0.18333333333333332,0.2,0.078125,0.2807017543859649,0.5087719298245614,0.0967741935483871,0.6816143497757847,0.21717171717171718,0.2964824120603015,0.07537688442211055,0.5197368421052632,0.2236842105263158,0.006578947368421052,5.756345177664974,0.13705583756345177,7.538071065989847,0.21653543307086615,0.5983973010994723,0.22019569607465592,0.5983973010994723,0.23076923076923078,"{""novig"": {""0.5"": {""over"": -194, ""under"": 144}}, ""bet365"": {""0.5"": {""over"": -210, ""under"": 155}}, ""betmgm"": {""0.5"": {""over"": -200, ""under"": 150}}, ""draftkings"": {""0.5"": {""over"": -208, ""under"": 155}}, ""fanduel"": {""0.5"": {""over"": -230}}}",0.5,over,novig,-194.0,0.6598639455782312,True,-0.0615,1.5,,,,,False,
645277,Ozzie Albies,ATL,NYY,0,3.0,1,608331,Max Fried,L,823515,7:05 PM ET,Yankee Stadium,1,0,0.21715328467153286,2026-08-07,823515,0.0,1,94.4,100.1,100.3,R,1,0,0,0,0,0,1,0,0,0,0,0,0,0,0,0,0,0.088,0.089,0,0,0,0,0,0,0.2727272727272727,0.3142857142857143,0.9090909090909091,0.08571428571428572,0.25,0.18181818181818182,0.05714285714285714,0.0,0.06060606060606061,1.0,0.2,0.43333333333333335,0.2,0.3333333333333333,0.3,0.03333333333333333,0.2487111111111111,0.39855555555555555,0.18181818181818182,0.08333333333333333,0.15700000000000006,0.2711333333333334,0.22950819672131148,0.4098360655737705,0.24242424242424243,0.25862068965517243,0.5,0.13846153846153847,0.6816143497757847,0.21717171717171718,0.2964824120603015,0.07537688442211055,0.5197368421052632,0.2236842105263158,0.006578947368421052,5.756345177664974,0.13705583756345177,7.538071065989847,0.21653543307086615,0.5733044777327724,0.2385837996983368,0.5733044777327724,0.2727272727272727,"{""novig"": {""0.5"": {""over"": -228, ""under"": 245}}, ""bet365"": {""0.5"": {""over"": -235, ""under"": 175}}, ""betmgm"": {""1.5"": {""over"": 185, ""under"": -250}}, ""draftkings"": {""0.5"": {""over"": -233, ""under"": 172}}, ""fanduel"": {""0.5"": {""over"": -260}}}",0.5,over,novig,-228.0,0.6951219512195121,True,-0.1218,1.5,over,betmgm,185.0,0.3508771929824561,True,-0.1123
660670,Ronald Acuña Jr.,ATL,NYY,0,1.0,1,608331,Max Fried,L,823515,7:05 PM ET,Yankee Stadium,1,0,0.21715328467153286,2026-08-07,823515,0.0,1,94.4,100.1,100.3,R,5,5,2,0,0,2,0,0,0,0,8,5,0,4,3,1,1,0.313,0.8400000000000001,1,1,1,1,0,0,0.21428571428571427,0.2903225806451613,0.6785714285714286,0.2903225806451613,0.2777777777777778,0.125,0.03225806451612903,0.016129032258064516,0.05357142857142857,1.2666666666666666,1.2,0.42105263157894735,0.2894736842105263,0.39473684210526316,0.21052631578947367,0.02631578947368421,0.3603333333333333,0.5873611111111111,0.2,0.3181818181818182,0.49095000000000005,0.7177833333333332,0.23636363636363636,0.509090909090909,0.265625,0.21818181818181817,0.36363636363636365,0.30303030303030304,0.6816143497757847,0.21717171717171718,0.2964824120603015,0.07537688442211055,0.5197368421052632,0.2236842105263158,0.006578947368421052,5.756345177664974,0.13705583756345177,7.538071065989847,0.21653543307086615,0.6460900317824316,0.2429423496418134,0.6460900317824316,0.21428571428571427,"{""novig"": {""1.5"": {""over"": 245, ""under"": -365}}, ""bet365"": {""0.5"": {""over"": -210, ""under"": 155}}, ""betmgm"": {""0.5"": {""over"": -210, ""under"": 155}}, ""draftkings"": {""0.5"": {""over"": -200, ""under"": 149}}, ""fanduel"": {""0.5"": {""over"": -210}}}",0.5,over,draftkings,-200.0,0.6666666666666666,True,-0.0206,1.5,over,novig,245.0,0.2898550724637681,True,-0.0469
669221,Sean Murphy,ATL,NYY,0,8.0,1,608331,Max Fried,L,823515,7:05 PM ET,Yankee Stadium,1,0,0.21715328467153286,2026-08-07,823515,0.0,1,94.4,100.1,100.3,R,4,4,1,0,0,0,0,0,0,2,1,2,0,1,1,1,0,0.212,0.2595,1,0,1,0,1,1,0.08888888888888889,0.14583333333333334,0.5777777777777777,0.3958333333333333,0.15384615384615385,0.022222222222222223,0.0,0.020833333333333332,0.022222222222222223,0.3333333333333333,1.2666666666666666,0.4230769230769231,0.15384615384615385,0.5769230769230769,0.23076923076923078,0.0,0.3067692307692308,0.4998461538461538,0.05555555555555555,0.4444444444444444,0.3246000000000001,0.3698,0.044444444444444446,0.06666666666666667,0.39215686274509803,0.1794871794871795,0.23076923076923078,0.2978723404255319,0.6816143497757847,0.21717171717171718,0.2964824120603015,0.07537688442211055,0.5197368421052632,0.2236842105263158,0.006578947368421052,5.756345177664974,0.13705583756345177,7.538071065989847,0.21653543307086615,0.5372140689727951,0.1556828173228523,0.5372140689727951,0.08888888888888889,"{""bet365"": {""0.5"": {""over"": -105, ""under"": -130}}, ""betmgm"": {""0.5"": {""over"": -105, ""under"": -130}}, ""draftkings"": {""0.5"": {""over"": 103, ""under"": -136}}, ""fanduel"": {""0.5"": {""over"": -130}}}",0.5,over,draftkings,103.0,0.49261083743842365,True,0.0446,1.5,,,,,False,
655316,Andruw Monasterio,BOS,ATH,1,6.0,1,678022,Jack Perkins,R,824727,7:10 PM ET,Fenway Park,1,1,0.22142857142857142,2026-08-07,824727,0.0,1,102.5,97.9,86.2,R,6,6,2,2,0,0,0,0,0,1,4,5,0,1,0,2,2,0.4526,0.6848000000000001,1,1,1,1,1,0,0.38,0.4406779661016949,0.78,0.1864406779661017,0.45,0.2,0.01694915254237288,0.11864406779661017,0.16,1.9333333333333333,0.7333333333333333,0.36585365853658536,0.4146341463414634,0.2682926829268293,0.24390243902439024,0.0,0.34757777777777776,0.5539777777777778,0.3333333333333333,0.15,0.2888,0.40613333333333346,0.32558139534883723,0.5116279069767442,0.16326530612244897,0.2826086956521739,0.5869565217391305,0.18518518518518517,0.6329787234042553,0.18831168831168832,0.4817073170731707,0.24390243902439024,0.2857142857142857,0.40336134453781514,0.008403361344537815,9.841121495327103,2.018691588785047,12.112149532710282,0.2909090909090909,0.5921824818744575,0.17614097582105792,0.5921824818744575,0.38,"{""novig"": {""0.5"": {""over"": -174, ""under"": 160}}, ""bet365"": {""0.5"": {""over"": -250, ""under"": 185}}, ""betmgm"": {""0.5"": {""over"": -250, ""under"": 180}}, ""draftkings"": {""0.5"": {""over"": -225, ""under"": 167}}, ""fanduel"": {""0.5"": {""over"": -230}}}",0.5,over,novig,-174.0,0.635036496350365,True,-0.0429,1.5,,,,,False,
678011,Anthony Seigler,BOS,ATH,1,8.0,1,678022,Jack Perkins,R,824727,7:10 PM ET,Fenway Park,0,1,0.22142857142857142,2026-08-07,824727,0.0,1,102.5,97.9,86.2,L,5,3,2,1,0,0,1,0,1,0,3,4,0,2,2,0,2,0.6453333333333333,0.7843333333333332,1,1,1,1,0,0,0.16216216216216217,0.20512820512820512,0.7567567567567568,0.23076923076923078,0.18518518518518517,0.13513513513513514,0.02564102564102564,0.05128205128205128,0.08108108108108109,0.7333333333333333,0.6,0.32142857142857145,0.14285714285714285,0.5,0.32142857142857145,0.07142857142857142,0.23779027777777775,0.3950736111111111,0.0,0.36363636363636365,0.12345833333333334,0.15199999999999989,0.22641509433962265,0.39622641509433965,0.14285714285714285,0.18604651162790697,0.23255813953488372,0.1320754716981132,0.6329787234042553,0.18831168831168832,0.4817073170731707,0.24390243902439024,0.2857142857142857,0.40336134453781514,0.008403361344537815,9.841121495327103,2.018691588785047,12.112149532710282,0.2909090909090909,0.5623355201483513,0.14682538489717264,0.5623355201483513,0.16216216216216217,"{""novig"": {""0.5"": {""over"": -141, ""under"": 113}}, ""bet365"": {""0.5"": {""over"": -180, ""under"": 135}}, ""betmgm"": {""0.5"": {""over"": -160, ""under"": 120}}, ""draftkings"": {""0.5"": {""over"": -184, ""under"": 138}}, ""fanduel"": {""0.5"": {""over"": -200}}}",0.5,over,novig,-141.0,0.5850622406639004,True,-0.0227,1.5,,,,,False,
702332,Caleb Durbin,BOS,ATH,1,4.0,1,678022,Jack Perkins,R,824727,7:10 PM ET,Fenway Park,1,1,0.22142857142857142,2026-08-07,824727,0.0,1,102.5,97.9,86.2,R,9,6,3,1,0,0,1,0,0,2,4,4,0,2,0,2,1,0.41875,0.47375,1,1,1,1,1,1,0.3137254901960784,0.4166666666666667,0.8823529411764706,0.09523809523809523,0.32558139534883723,0.1568627450980392,0.031746031746031744,0.031746031746031744,0.0784313725490196,1.6,0.4,0.1702127659574468,0.23404255319148937,0.44680851063829785,0.19148936170212766,0.0,0.2574111111111111,0.33636666666666665,0.3333333333333333,0.0,0.28005,0.4298833333333333,0.3269230769230769,0.46153846153846156,0.09523809523809523,0.21818181818181817,0.34545454545454546,0.07936507936507936,0.6329787234042553,0.18831168831168832,0.4817073170731707,0.24390243902439024,0.2857142857142857,0.40336134453781514,0.008403361344537815,9.841121495327103,2.018691588785047,12.112149532710282,0.2909090909090909,0.6210581060236183,0.18599917148078035,0.6210581060236183,0.3137254901960784,"{""novig"": {""1.5"": {""over"": 242}}, ""bet365"": {""0.5"": {""over"": -280, ""under"": 202}}, ""betmgm"": {""0.5"": {""over"": -250, ""under"": 180}}, ""draftkings"": {""0.5"": {""over"": -230, ""under"": 170}}, ""fanduel"": {""0.5"": {""over"": -250}}}",0.5,over,draftkings,-230.0,0.696969696969697,True,-0.0759,1.5,over,novig,242.0,0.29239766081871343,True,-0.1064
678882,Ceddanne Rafaela,BOS,ATH,1,2.0,1,678022,Jack Perkins,R,824727,7:10 PM ET,Fenway Park,1,1,0.22142857142857142,2026-08-07,824727,0.0,1,102.5,97.9,86.2,R,7,7,2,0,0,0,0,0,0,2,2,5,0,1,1,2,1,0.256,0.30179999999999996,1,1,1,1,1,1,0.3225806451612903,0.34375,0.7419354838709677,0.25,0.3333333333333333,0.3870967741935484,0.109375,0.046875,0.16129032258064516,2.933333333333333,1.0666666666666667,0.41304347826086957,0.21739130434782608,0.3695652173913043,0.3695652173913043,0.021739130434782608,0.3632,0.5645611111111111,0.4,0.18181818181818182,0.43000000000000005,0.8079000000000001,0.27419354838709675,0.6451612903225806,0.21875,0.27692307692307694,0.4153846153846154,0.22388059701492538,0.6329787234042553,0.18831168831168832,0.4817073170731707,0.24390243902439024,0.2857142857142857,0.40336134453781514,0.008403361344537815,9.841121495327103,2.018691588785047,12.112149532710282,0.2909090909090909,0.6202587160046474,0.1914747235407506,0.6202587160046474,0.3225806451612903,"{""novig"": {""1.5"": {""over"": 163, ""under"": -233}}, ""bet365"": {""1.5"": {""over"": 155, ""under"": -210}}, ""betmgm"": {""1.5"": {""over"": 140, ""under"": -190}}, ""draftkings"": {""1.5"": {""over"": 154, ""under"": -206}}, ""fanduel"": {""0.5"": {""over"": -330}}}",0.5,over,fanduel,-330.0,0.7674418604651163,True,-0.1472,1.5,over,novig,163.0,0.38022813688212925,True,-0.1888
668670,Jake Rogers,BOS,ATH,1,9.0,1,678022,Jack Perkins,R,824727,7:10 PM ET,Fenway Park,1,1,0.22142857142857142,2026-08-07,824727,0.0,1,102.5,97.9,86.2,R,2,0,0,0,0,0,1,0,1,0,0,1,0,0,1,0,0,0.66,0.751,0,0,0,0,0,0,0.1891891891891892,0.3333333333333333,0.7027027027027027,0.24444444444444444,0.20833333333333334,0.16216216216216217,0.044444444444444446,0.0,0.05405405405405406,0.8666666666666667,0.7333333333333333,0.46153846153846156,0.15384615384615385,0.5,0.3076923076923077,0.0,0.2654222222222222,0.4271888888888889,0.09090909090909091,0.23076923076923078,0.39463333333333334,0.4394333333333334,0.14285714285714285,0.2857142857142857,0.2692307692307692,0.20588235294117646,0.47058823529411764,0.375,0.6329787234042553,0.18831168831168832,0.4817073170731707,0.24390243902439024,0.2857142857142857,0.40336134453781514,0.008403361344537815,9.841121495327103,2.018691588785047,12.112149532710282,0.2909090909090909,0.29978635153843497,0.06448056601692655,0.29978635153843497,0.1891891891891892,"{""novig"": {""0.5"": {""over"": -117, ""under"": -122}}, ""bet365"": {""0.5"": {""over"": -140, ""under"": 105}}, ""betmgm"": {""0.5"": {""over"": -140, ""under"": 105}}, ""draftkings"": {""0.5"": {""over"": -126, ""under"": -105}}, ""fanduel"": {""0.5"": {""over"": -115}}}",0.5,over,fanduel,-115.0,0.5348837209302325,True,-0.2351,1.5,,,,,False,
680776,Jarren Duran,BOS,ATH,1,7.0,1,678022,Jack Perkins,R,824727,7:10 PM ET,Fenway Park,0,1,0.22142857142857142,2026-08-07,824727,0.0,1,102.5,97.9,86.2,L,6,5,0,0,0,0,1,0,0,2,0,3,0,2,1,1,1,0.25633333333333336,0.2803333333333333,0,0,0,0,1,1,0.3148148148148148,0.3157894736842105,0.7962962962962963,0.1864406779661017,0.3488372093023256,0.16666666666666666,0.03389830508474576,0.01694915254237288,0.07407407407407407,1.7333333333333334,0.7333333333333333,0.41304347826086957,0.1956521739130435,0.5434782608695652,0.1956521739130435,0.0,0.37997777777777775,0.5544611111111112,0.4444444444444444,0.09523809523809523,0.44200000000000006,0.8505,0.2222222222222222,0.37037037037037035,0.21666666666666667,0.1864406779661017,0.2542372881355932,0.29850746268656714,0.6329787234042553,0.18831168831168832,0.4817073170731707,0.24390243902439024,0.2857142857142857,0.40336134453781514,0.008403361344537815,9.841121495327103,2.018691588785047,12.112149532710282,0.2909090909090909,0.5866435498774366,0.16605830212608738,0.5866435498774366,0.3148148148148148,"{""novig"": {""0.5"": {""over"": -199, ""under"": 138}}, ""bet365"": {""0.5"": {""over"": -225, ""under"": 165}}, ""betmgm"": {""0.5"": {""over"": -190, ""under"": 140}}, ""draftkings"": {""0.5"": {""over"": -239, ""under"": 177}}, ""fanduel"": {""0.5"": {""over"": -220}}}",0.5,over,betmgm,-190.0,0.6551724137931034,True,-0.0685,1.5,,,,,False,
807799,Masataka Yoshida,BOS,ATH,1,5.0,1,678022,Jack Perkins,R,824727,7:10 PM ET,Fenway Park,0,1,0.22142857142857142,2026-08-07,824727,0.0,1,102.5,97.9,86.2,L,5,4,2,1,0,0,1,0,0,1,3,3,0,1,1,2,0,0.08166666666666667,0.11333333333333333,1,1,1,1,1,0,0.2553191489361702,0.3269230769230769,0.9361702127659575,0.057692307692307696,0.2558139534883721,0.0851063829787234,0.019230769230769232,0.019230769230769232,0.0425531914893617,1.0666666666666667,0.2,0.38636363636363635,0.20454545454545456,0.5,0.22727272727272727,0.045454545454545456,0.32295888888888885,0.4298255555555555,0.3157894736842105,0.05,0.28530999999999995,0.4990766666666667,0.23255813953488372,0.32558139534883723,0.0625,0.25,0.36538461538461536,0.05172413793103448,0.6329787234042553,0.18831168831168832,0.4817073170731707,0.24390243902439024,0.2857142857142857,0.40336134453781514,0.008403361344537815,9.841121495327103,2.018691588785047,12.112149532710282,0.2909090909090909,0.6383501790074652,0.17846345779744646,0.6383501790074652,0.2553191489361702,"{""novig"": {""0.5"": {""over"": -228, ""under"": 170}}, ""bet365"": {""0.5"": {""over"": -260, ""under"": 190}}, ""betmgm"": {""0.5"": {""over"": -250, ""under"": 180}}, ""draftkings"": {""0.5"": {""over"": -246, ""under"": 181}}, ""fanduel"": {""0.5"": {""over"": -260}}}",0.5,over,novig,-228.0,0.6951219512195121,True,-0.0568,1.5,,,,,False,
686765,Nick Sogard,BOS,ATH,1,1.0,1,678022,Jack Perkins,R,824727,7:10 PM ET,Fenway Park,1,1,0.22142857142857142,2026-08-07,824727,0.0,1,102.5,97.9,86.2,R,2,2,0,0,0,0,0,0,0,1,0,1,0,0,1,0,0,0.026,0.033,0,0,0,0,1,0,0.21621621621621623,0.3409090909090909,0.7567567567567568,0.1956521739130435,0.2857142857142857,0.05405405405405406,0.0,0.043478260869565216,0.05405405405405406,0.6666666666666666,0.6,0.13333333333333333,0.16666666666666666,0.5,0.2,0.0,0.2629230769230769,0.32111538461538464,0.21428571428571427,0.21052631578947367,0.2894583333333334,0.34324999999999994,0.22448979591836735,0.3469387755102041,0.18333333333333332,0.29545454545454547,0.36363636363636365,0.2553191489361702,0.6329787234042553,0.18831168831168832,0.4817073170731707,0.24390243902439024,0.2857142857142857,0.40336134453781514,0.008403361344537815,9.841121495327103,2.018691588785047,12.112149532710282,0.2909090909090909,0.6204858290553735,0.20853635343247753,0.6204858290553735,0.21621621621621623,"{""novig"": {""0.5"": {""over"": -213, ""under"": 160}}, ""bet365"": {""0.5"": {""over"": -270, ""under"": 195}}, ""betmgm"": {""0.5"": {""over"": -235, ""under"": 170}}, ""draftkings"": {""0.5"": {""over"": -242, ""under"": 179}}, ""fanduel"": {""0.5"": {""over"": -220}}}",0.5,over,novig,-213.0,0.6805111821086262,True,-0.06,1.5,,,,,False,
677800,Wilyer Abreu,BOS,ATH,1,3.0,1,678022,Jack Perkins,R,824727,7:10 PM ET,Fenway Park,0,1,0.22142857142857142,2026-08-07,824727,0.0,1,102.5,97.9,86.2,L,7,5,1,0,0,0,1,0,1,2,1,4,0,4,2,2,0,0.32566666666666666,0.36366666666666664,1,0,1,0,1,1,0.2033898305084746,0.27692307692307694,0.7288135593220338,0.24615384615384617,0.18421052631578946,0.288135593220339,0.07692307692307693,0.03076923076923077,0.11864406779661017,1.9333333333333333,1.0666666666666667,0.4186046511627907,0.13953488372093023,0.32558139534883723,0.37209302325581395,0.046511627906976744,0.3088277777777778,0.6419833333333334,0.3684210526315789,0.13043478260869565,0.4652833333333334,1.09985,0.2413793103448276,0.6551724137931034,0.24615384615384617,0.19642857142857142,0.42857142857142855,0.19117647058823528,0.6329787234042553,0.18831168831168832,0.4817073170731707,0.24390243902439024,0.2857142857142857,0.40336134453781514,0.008403361344537815,9.841121495327103,2.018691588785047,12.112149532710282,0.2909090909090909,0.6097308540301921,0.1735951704526096,0.6097308540301921,0.2033898305084746,"{""novig"": {""1.5"": {""over"": 228, ""under"": -190}}, ""bet365"": {""0.5"": {""over"": -260, ""under"": 190}}, ""betmgm"": {""0.5"": {""over"": -250, ""under"": 180}}, ""draftkings"": {""1.5"": {""over"": 182, ""under"": -246}}, ""fanduel"": {""0.5"": {""over"": -250}}}",0.5,over,fanduel,-250.0,0.7142857142857143,True,-0.1046,1.5,over,novig,228.0,0.3048780487804878,True,-0.1313
661531,Brian Serven,ATH,BOS,0,6.0,1,801139,Payton Tolle,L,824727,7:10 PM ET,Fenway Park,1,0,0.21723518850987433,2026-08-07,824727,0.0,1,102.5,97.9,86.2,R,4,4,1,0,0,1,0,0,0,0,4,4,0,2,2,1,1,0.30175,0.94675,1,0,1,1,0,0,0.12903225806451613,0.18181818181818182,0.6774193548387096,0.29411764705882354,0.15,0.12903225806451613,0.029411764705882353,0.029411764705882353,0.06451612903225806,0.5333333333333333,0.6666666666666666,0.36363636363636365,0.045454545454545456,0.5909090909090909,0.2727272727272727,0.045454545454545456,0.284962962962963,0.4645185185185185,0.25,0.15384615384615385,0.38613333333333333,0.5992333333333332,0.1891891891891892,0.2702702702702703,0.2682926829268293,0.13513513513513514,0.24324324324324326,0.2619047619047619,0.6681222707423581,0.21890547263681592,0.4354066985645933,0.18660287081339713,0.38562091503267976,0.27450980392156865,0.0196078431372549,7.6473988439306355,0.9364161849710981,8.271676300578035,0.2217573221757322,0.6007887047797125,0.21106885363929193,0.6007887047797125,0.12903225806451613,"{""novig"": {""0.5"": {""over"": -120, ""under"": -117}}, ""bet365"": {""0.5"": {""over"": -150, ""under"": 110}}, ""betmgm"": {""0.5"": {""over"": -135, ""under"": 100}}, ""draftkings"": {""0.5"": {""over"": -132, ""under"": 100}}, ""fanduel"": {""0.5"": {""over"": -125}}}",0.5,over,novig,-120.0,0.5454545454545454,True,0.0553,1.5,,,,,False,
703607,Henry Bolte,ATH,BOS,0,1.0,1,801139,Payton Tolle,L,824727,7:10 PM ET,Fenway Park,1,0,0.21723518850987433,2026-08-07,824727,0.0,1,102.5,97.9,86.2,R,4,4,1,0,0,0,0,0,0,1,1,3,0,1,1,0,2,0.664,0.9823333333333334,1,0,1,0,1,0,0.25,0.34,0.7045454545454546,0.25,0.3333333333333333,0.09090909090909091,0.019230769230769232,0.019230769230769232,0.045454545454545456,1.0,0.8666666666666667,0.5625,0.21875,0.5625,0.15625,0.0625,0.3034,0.5044944444444445,0.4375,0.21052631578947367,0.3849,0.56695,0.2549019607843137,0.29411764705882354,0.22413793103448276,0.21739130434782608,0.3695652173913043,0.2641509433962264,0.6681222707423581,0.21890547263681592,0.4354066985645933,0.18660287081339713,0.38562091503267976,0.27450980392156865,0.0196078431372549,7.6473988439306355,0.9364161849710981,8.271676300578035,0.2217573221757322,0.6943155250137548,0.2960118108643773,0.6943155250137548,0.25,"{""novig"": {""0.5"": {""over"": -186, ""under"": 144}}, ""bet365"": {""0.5"": {""over"": -225, ""under"": 165}}, ""betmgm"": {""0.5"": {""over"": -200, ""under"": 145}}, ""draftkings"": {""0.5"": {""over"": -205, ""under"": 153}}, ""fanduel"": {""0.5"": {""over"": -220}}}",0.5,over,novig,-186.0,0.6503496503496503,True,0.044,1.5,,,,,False,
805779,Jacob Wilson,ATH,BOS,0,2.0,1,801139,Payton Tolle,L,824727,7:10 PM ET,Fenway Park,1,0,0.21723518850987433,2026-08-07,824727,0.0,1,102.5,97.9,86.2,R,4,4,0,0,0,0,0,0,0,0,0,4,0,1,1,2,0,0.19874999999999998,0.50475,0,0,0,0,0,0,0.24615384615384617,0.27941176470588236,0.8923076923076924,0.10294117647058823,0.23636363636363636,0.18461538461538463,0.04411764705882353,0.04411764705882353,0.09230769230769231,1.8666666666666667,0.4666666666666667,0.25862068965517243,0.22413793103448276,0.5344827586206896,0.22413793103448276,0.0,0.2983677777777778,0.4167366666666667,0.2857142857142857,0.18181818181818182,0.4075166666666667,0.47988333333333333,0.30357142857142855,0.4642857142857143,0.13333333333333333,0.22950819672131148,0.3770491803278688,0.07692307692307693,0.6681222707423581,0.21890547263681592,0.4354066985645933,0.18660287081339713,0.38562091503267976,0.27450980392156865,0.0196078431372549,7.6473988439306355,0.9364161849710981,8.271676300578035,0.2217573221757322,0.6940116184236116,0.2996372476659857,0.6940116184236116,0.24615384615384617,"{""novig"": {""1.5"": {""over"": 223, ""under"": -270}}, ""bet365"": {""1.5"": {""over"": 202, ""under"": -280}}, ""betmgm"": {""1.5"": {""over"": 195, ""under"": -275}}, ""draftkings"": {""0.5"": {""over"": -242, ""under"": 179}}, ""fanduel"": {""0.5"": {""over"": -270}}}",0.5,over,draftkings,-242.0,0.7076023391812866,True,-0.0136,1.5,over,novig,223.0,0.30959752321981426,True,-0.01
641680,Jonah Heim,ATH,BOS,0,3.0,1,801139,Payton Tolle,L,824727,7:10 PM ET,Fenway Park,1,0,0.21723518850987433,2026-08-07,824727,0.0,1,102.5,97.9,86.2,R,3,2,1,0,0,0,1,0,0,0,1,2,0,0,0,2,0,0.2845,0.29500000000000004,1,0,1,0,0,0,0.24324324324324326,0.3,0.8108108108108109,0.175,0.25,0.24324324324324326,0.05,0.075,0.13513513513513514,1.2,0.4666666666666667,0.43333333333333335,0.23333333333333334,0.3333333333333333,0.3333333333333333,0.1,0.3503589743589744,0.7361858974358975,0.125,0.23529411764705882,0.30900000000000016,0.5358333333333333,0.25,0.44642857142857145,0.21666666666666667,0.1864406779661017,0.3050847457627119,0.20634920634920634,0.6681222707423581,0.21890547263681592,0.4354066985645933,0.18660287081339713,0.38562091503267976,0.27450980392156865,0.0196078431372549,7.6473988439306355,0.9364161849710981,8.271676300578035,0.2217573221757322,0.6692334176454976,0.3054765384879126,0.6692334176454976,0.24324324324324326,"{""novig"": {""0.5"": {""over"": -160, ""under"": 133}}, ""bet365"": {""0.5"": {""over"": -180, ""under"": 135}}, ""betmgm"": {""0.5"": {""over"": -175, ""under"": 130}}, ""draftkings"": {""0.5"": {""over"": -151, ""under"": 114}}, ""fanduel"": {""0.5"": {""over"": -185}}}",0.5,over,draftkings,-151.0,0.601593625498008,True,0.0676,1.5,,,,,False,
680716,Jonathan Ornelas,ATH,BOS,0,9.0,1,801139,Payton Tolle,L,824727,7:10 PM ET,Fenway Park,1,0,0.21723518850987433,2026-08-07,824727,0.0,1,102.5,97.9,86.2,R,4,3,1,0,0,0,1,0,0,2,1,1,0,1,0,1,0,0.606,0.68,1,0,1,0,1,1,0.25,0.3,0.6071428571428571,0.36666666666666664,0.4117647058823529,0.0,0.0,0.0,0.0,0.4666666666666667,0.7333333333333333,0.35294117647058826,0.058823529411764705,0.8235294117647058,0.0,0.0,0.22075,0.24769444444444444,0.3,0.2,0.10256250000000003,0.11543750000000005,0.20689655172413793,0.27586206896551724,0.3125,0.11538461538461539,0.11538461538461539,0.42857142857142855,0.6681222707423581,0.21890547263681592,0.4354066985645933,0.18660287081339713,0.38562091503267976,0.27450980392156865,0.0196078431372549,7.6473988439306355,0.9364161849710981,8.271676300578035,0.2217573221757322,0.4042450587619028,0.08994648731200172,0.4042450587619028,0.25,"{""novig"": {""0.5"": {""over"": 133, ""under"": -147}}, ""bet365"": {""0.5"": {""over"": 100, ""under"": -135}}, ""betmgm"": {""0.5"": {""over"": 115, ""under"": -155}}, ""draftkings"": {""0.5"": {""over"": 104, ""under"": -138}}, ""fanduel"": {""0.5"": {""over"": 105}}}",0.5,over,novig,133.0,0.4291845493562232,True,-0.0249,1.5,,,,,False,
671732,Lawrence Butler,ATH,BOS,0,7.0,1,801139,Payton Tolle,L,824727,7:10 PM ET,Fenway Park,0,0,0.21723518850987433,2026-08-07,824727,0.0,1,102.5,97.9,86.2,L,4,4,1,0,0,0,0,0,0,0,1,4,0,0,0,3,0,0.095,0.101,1,0,1,0,0,0,0.29545454545454547,0.37254901960784315,0.7272727272727273,0.23076923076923078,0.3548387096774194,0.2727272727272727,0.038461538461538464,0.07692307692307693,0.1590909090909091,1.6666666666666667,0.8,0.5588235294117647,0.23529411764705882,0.4117647058823529,0.35294117647058826,0.08823529411764706,0.35173809523809524,0.6403452380952382,0.2,0.3333333333333333,0.3495,0.5831000000000002,0.2558139534883721,0.37209302325581395,0.22448979591836735,0.1951219512195122,0.34146341463414637,0.28846153846153844,0.6681222707423581,0.21890547263681592,0.4354066985645933,0.18660287081339713,0.38562091503267976,0.27450980392156865,0.0196078431372549,7.6473988439306355,0.9364161849710981,8.271676300578035,0.2217573221757322,0.6373520173342242,0.250876288294495,0.6373520173342242,0.29545454545454547,"{""novig"": {""0.5"": {""over"": -127, ""under"": 104}}, ""bet365"": {""0.5"": {""over"": -115, ""under"": -115}}, ""betmgm"": {""0.5"": {""over"": -135, ""under"": 100}}, ""draftkings"": {""0.5"": {""over"": -122, ""under"": -109}}, ""fanduel"": {""0.5"": {""over"": -150}}}",0.5,over,bet365,-115.0,0.5348837209302325,True,0.1025,1.5,,,,,False,
691777,Max Muncy,ATH,BOS,0,8.0,1,801139,Payton Tolle,L,824727,7:10 PM ET,Fenway Park,1,0,0.21723518850987433,2026-08-07,824727,0.0,1,102.5,97.9,86.2,R,4,4,1,0,0,0,0,0,0,1,1,3,0,0,1,0,1,0.24033333333333332,0.2816666666666667,1,0,1,0,1,0,0.19047619047619047,0.2916666666666667,0.5476190476190477,0.3958333333333333,0.3181818181818182,0.09523809523809523,0.020833333333333332,0.020833333333333332,0.047619047619047616,0.8,1.2666666666666666,0.34782608695652173,0.2608695652173913,0.4782608695652174,0.17391304347826086,0.043478260869565216,0.40171969696969695,0.7341590909090908,0.0,0.5,0.40625,0.6065,0.23404255319148937,0.48936170212765956,0.2982456140350877,0.11627906976744186,0.13953488372093023,0.3469387755102041,0.6681222707423581,0.21890547263681592,0.4354066985645933,0.18660287081339713,0.38562091503267976,0.27450980392156865,0.0196078431372549,7.6473988439306355,0.9364161849710981,8.271676300578035,0.2217573221757322,0.5624066300062357,0.19928548549861183,0.5624066300062357,0.19047619047619047,"{""bet365"": {""0.5"": {""over"": -120, ""under"": -110}}, ""betmgm"": {""0.5"": {""over"": -190, ""under"": 140}}, ""novig"": {""0.5"": {""over"": -178, ""under"": 155}}, ""draftkings"": {""0.5"": {""over"": -106, ""under"": -125}}, ""fanduel"": {""0.5"": {""over"": -115}}}",0.5,over,draftkings,-106.0,0.5145631067961165,True,0.0478,1.5,,,,,False,
695720,Tommy White,ATH,BOS,0,5.0,1,801139,Payton Tolle,L,824727,7:10 PM ET,Fenway Park,1,0,0.21723518850987433,2026-08-07,824727,0.0,1,102.5,97.9,86.2,R,4,4,2,0,0,0,0,0,0,0,2,4,0,3,0,4,0,0.45775,0.51125,1,1,1,1,0,0,0.27419354838709675,0.2857142857142857,0.8064516129032258,0.19047619047619047,0.34,0.016129032258064516,0.0,0.015873015873015872,0.016129032258064516,1.2,0.8,0.32,0.32,0.5,0.18,0.02,0.3423633333333333,0.44747777777777775,0.2,0.25,0.32543333333333335,0.4311,0.12121212121212122,0.18181818181818182,0.14285714285714285,0.3684210526315789,0.3684210526315789,0.1951219512195122,0.6681222707423581,0.21890547263681592,0.4354066985645933,0.18660287081339713,0.38562091503267976,0.27450980392156865,0.0196078431372549,7.6473988439306355,0.9364161849710981,8.271676300578035,0.2217573221757322,0.61259793963161,0.2511548225305613,0.61259793963161,0.27419354838709675,"{""novig"": {""0.5"": {""over"": -170, ""under"": 127}}, ""bet365"": {""0.5"": {""over"": -210, ""under"": 155}}, ""betmgm"": {""0.5"": {""over"": -200, ""under"": 145}}, ""draftkings"": {""0.5"": {""over"": -172, ""under"": 129}}, ""fanduel"": {""0.5"": {""over"": -170}}}",0.5,over,fanduel,-170.0,0.6296296296296297,True,-0.017,1.5,,,,,False,
691016,Tyler Soderstrom,ATH,BOS,0,4.0,1,801139,Payton Tolle,L,824727,7:10 PM ET,Fenway Park,0,0,0.21723518850987433,2026-08-07,824727,0.0,1,102.5,97.9,86.2,L,4,4,1,0,0,0,0,0,0,1,1,3,0,3,1,2,0,0.249,0.3333333333333333,1,0,1,0,1,0,0.24561403508771928,0.31746031746031744,0.7368421052631579,0.23809523809523808,0.3170731707317073,0.12280701754385964,0.015873015873015872,0.06349206349206349,0.08771929824561403,1.4,1.0,0.4523809523809524,0.21428571428571427,0.5238095238095238,0.21428571428571427,0.023809523809523808,0.3041588888888889,0.4107755555555555,0.2777777777777778,0.19047619047619047,0.4084499999999999,0.5985333333333336,0.30612244897959184,0.6326530612244898,0.17543859649122806,0.22807017543859648,0.3157894736842105,0.24193548387096775,0.6681222707423581,0.21890547263681592,0.4354066985645933,0.18660287081339713,0.38562091503267976,0.27450980392156865,0.0196078431372549,7.6473988439306355,0.9364161849710981,8.271676300578035,0.2217573221757322,0.6770867622450325,0.27707086738892595,0.6770867622450325,0.24561403508771928,"{""novig"": {""0.5"": {""over"": -174, ""under"": 144}}, ""bet365"": {""0.5"": {""over"": -180, ""under"": 135}}, ""betmgm"": {""0.5"": {""over"": -200, ""under"": 150}}, ""draftkings"": {""0.5"": {""over"": -166, ""under"": 124}}, ""fanduel"": {""0.5"": {""over"": -220}}}",0.5,over,draftkings,-166.0,0.6240601503759399,True,0.053,1.5,,,,,False,
665923,Esteury Ruiz,MIA,LAA,1,9.0,1,691946,George Klassen,R,823836,7:10 PM ET,loanDepot Park,1,1,0.22,2026-08-07,823836,,0,99.1,96.1,86.7,R,1,1,0,0,0,0,0,0,0,1,0,0,0,0,0,0,0,0.0485,0.1135,0,0,0,0,1,0,0.30303030303030304,0.41025641025641024,0.5757575757575758,0.35,0.5,0.12121212121212122,0.025,0.025,0.06060606060606061,0.9333333333333333,0.9333333333333333,0.3,0.2,0.35,0.3,0.05,0.30506060606060603,0.5198484848484848,0.3076923076923077,0.375,0.31312499999999993,0.48649999999999993,0.34210526315789475,0.4473684210526316,0.24444444444444444,0.21428571428571427,0.35714285714285715,0.4117647058823529,,,,,,,,,,,,0.23449976240487638,0.02028966330191319,0.23449976240487638,0.30303030303030304,"{""novig"": {""0.5"": {""over"": -113, ""under"": -100}}, ""bet365"": {""0.5"": {""over"": -110, ""under"": -120}}, ""betmgm"": {""0.5"": {""over"": -120, ""under"": -110}}, ""draftkings"": {""0.5"": {""over"": -118, ""under"": -112}}, ""fanduel"": {""0.5"": {""over"": -155}}}",0.5,over,bet365,-110.0,0.5238095238095238,True,-0.2893,1.5,,,,,False,
665052,Griffin Conine,MIA,LAA,1,3.0,1,691946,George Klassen,R,823836,7:10 PM ET,loanDepot Park,0,1,0.22,2026-08-07,823836,,0,99.1,96.1,86.7,L,3,3,1,0,0,0,0,0,0,1,1,2,0,1,0,1,1,0.4215,0.4785,1,0,1,0,1,0,0.21739130434782608,0.3076923076923077,0.6739130434782609,0.28846153846153844,0.25,0.21739130434782608,0.057692307692307696,0.019230769230769232,0.08695652173913043,1.3333333333333333,1.0,0.5806451612903226,0.22580645161290322,0.3225806451612903,0.3225806451612903,0.0,0.36911111111111106,0.7761333333333333,0.17647058823529413,0.3,0.32096666666666673,0.6174,0.2558139534883721,0.627906976744186,0.2708333333333333,0.2727272727272727,0.5227272727272727,0.26,,,,,,,,,,,,0.5462956343131576,0.1366836307206538,0.5462956343131576,0.21739130434782608,"{""novig"": {""0.5"": {""over"": -150, ""under"": 108}}, ""bet365"": {""0.5"": {""over"": -165, ""under"": 125}}, ""betmgm"": {""0.5"": {""over"": -165, ""under"": 125}}, ""draftkings"": {""0.5"": {""over"": -164, ""under"": 123}}, ""fanduel"": {""0.5"": {""over"": -145}}}",0.5,over,fanduel,-145.0,0.5918367346938775,True,-0.0455,1.5,,,,,False,
805300,Jakob Marsee,MIA,LAA,1,7.0,1,691946,George Klassen,R,823836,7:10 PM ET,loanDepot Park,0,1,0.22,2026-08-07,823836,,0,99.1,96.1,86.7,L,3,2,1,1,0,0,1,0,0,0,2,2,0,1,0,1,1,0.6915,0.7954999999999999,1,0,1,1,0,0,0.19047619047619047,0.2765957446808511,0.7142857142857143,0.25,0.2413793103448276,0.11904761904761904,0.020833333333333332,0.041666666666666664,0.07142857142857142,0.8666666666666667,0.8,0.3225806451612903,0.16129032258064516,0.45161290322580644,0.2903225806451613,0.0,0.21781111111111112,0.32020000000000004,0.1875,0.2777777777777778,0.21120000000000005,0.41146666666666665,0.18181818181818182,0.2727272727272727,0.2,0.24,0.36,0.23728813559322035,,,,,,,,,,,,0.4689138269143762,0.10015872624059059,0.4689138269143762,0.19047619047619047,"{""novig"": {""0.5"": {""over"": -144, ""under"": 108}}, ""bet365"": {""0.5"": {""over"": -135, ""under"": 100}}, ""betmgm"": {""0.5"": {""over"": -150, ""under"": 110}}, ""draftkings"": {""0.5"": {""over"": -158, ""under"": 119}}, ""fanduel"": {""0.5"": {""over"": -145}}}",0.5,over,bet365,-135.0,0.574468085106383,True,-0.1056,1.5,,,,,False,
691788,Joe Mack,MIA,LAA,1,8.0,1,691946,George Klassen,R,823836,7:10 PM ET,loanDepot Park,0,1,0.22,2026-08-07,823836,,0,99.1,96.1,86.7,L,2,2,0,0,0,0,0,0,0,0,0,2,0,0,0,2,0,0.269,0.3035,0,0,0,0,0,0,0.25,0.28,0.6875,0.28846153846153844,0.27586206896551724,0.2916666666666667,0.07692307692307693,0.038461538461538464,0.125,1.7333333333333334,1.0,0.5588235294117647,0.23529411764705882,0.5,0.23529411764705882,0.058823529411764705,0.4322277777777777,1.0138333333333334,0.35714285714285715,0.2,0.3833333333333334,0.6974333333333333,0.25,0.5681818181818182,0.2916666666666667,0.21212121212121213,0.3333333333333333,0.2702702702702703,,,,,,,,,,,,0.4960462977353813,0.09927334920136721,0.4960462977353813,0.25,"{""novig"": {""0.5"": {""over"": -135, ""under"": -104}}, ""bet365"": {""0.5"": {""over"": -130, ""under"": -105}}, ""betmgm"": {""0.5"": {""over"": -150, ""under"": 110}}, ""draftkings"": {""0.5"": {""over"": -142, ""under"": 107}}, ""fanduel"": {""0.5"": {""over"": -145}}}",0.5,over,bet365,-130.0,0.5652173913043478,True,-0.0692,1.5,,,,,False,
669065,Kyle Stowers,MIA,LAA,1,1.0,1,691946,George Klassen,R,823836,7:10 PM ET,loanDepot Park,0,1,0.22,2026-08-07,823836,,0,99.1,96.1,86.7,L,4,4,1,1,0,0,0,0,0,1,2,3,0,3,2,0,1,0.32466666666666666,0.619,1,0,1,1,1,0,0.24561403508771928,0.3384615384615385,0.6491228070175439,0.3076923076923077,0.30303030303030304,0.2807017543859649,0.06153846153846154,0.06153846153846154,0.14035087719298245,2.0,1.3333333333333333,0.5675675675675675,0.24324324324324326,0.1891891891891892,0.4594594594594595,0.02702702702702703,0.31419444444444444,0.6718500000000002,0.21052631578947367,0.2857142857142857,0.22205,0.39689999999999975,0.24561403508771928,0.5263157894736842,0.3333333333333333,0.13725490196078433,0.19607843137254902,0.3333333333333333,,,,,,,,,,,,0.582583389875219,0.1250421759988948,0.582583389875219,0.24561403508771928,"{""novig"": {""0.5"": {""over"": -194, ""under"": 144}}, ""bet365"": {""0.5"": {""over"": -235, ""under"": 175}}, ""betmgm"": {""0.5"": {""over"": -200, ""under"": 150}}, ""draftkings"": {""0.5"": {""over"": -235, ""under"": 174}}, ""fanduel"": {""0.5"": {""over"": -200}}}",0.5,over,novig,-194.0,0.6598639455782312,True,-0.0773,1.5,,,,,False,
677870,Leo Jiménez,MIA,LAA,1,6.0,1,691946,George Klassen,R,823836,7:10 PM ET,loanDepot Park,1,1,0.22,2026-08-07,823836,,0,99.1,96.1,86.7,R,4,3,1,0,0,0,1,0,0,0,1,3,0,1,1,1,1,0.24466666666666667,0.292,1,0,1,0,0,0,0.19444444444444445,0.2926829268292683,0.8888888888888888,0.09523809523809523,0.16666666666666666,0.16666666666666666,0.047619047619047616,0.0,0.05555555555555555,0.8666666666666667,0.26666666666666666,0.46875,0.25,0.5625,0.15625,0.03125,0.28375595238095236,0.43014285714285716,0.1111111111111111,0.1,0.284375,0.414625,0.1951219512195122,0.21951219512195122,0.20833333333333334,0.17647058823529413,0.4117647058823529,0.1794871794871795,,,,,,,,,,,,0.5485791195498206,0.134557788382514,0.5485791195498206,0.19444444444444445,"{""novig"": {""0.5"": {""over"": -141, ""under"": 120}}, ""bet365"": {""0.5"": {""over"": -120, ""under"": -110}}, ""betmgm"": {""0.5"": {""over"": -155, ""under"": 115}}, ""draftkings"": {""0.5"": {""over"": -148, ""under"": 111}}, ""fanduel"": {""0.5"": {""over"": -185}}}",0.5,over,bet365,-120.0,0.5454545454545454,True,0.0031,1.5,,,,,False,
672640,Otto Lopez,MIA,LAA,1,2.0,1,691946,George Klassen,R,823836,7:10 PM ET,loanDepot Park,1,1,0.22,2026-08-07,823836,,0,99.1,96.1,86.7,R,5,5,1,0,0,0,0,0,0,0,1,5,0,2,2,3,0,0.18,0.2144,1,0,1,0,0,0,0.21666666666666667,0.24242424242424243,0.9,0.08955223880597014,0.22807017543859648,0.06666666666666667,0.0,0.029850746268656716,0.05,1.1333333333333333,0.4,0.3684210526315789,0.2631578947368421,0.5263157894736842,0.14035087719298245,0.017543859649122806,0.2723244444444444,0.3615833333333333,0.2,0.045454545454545456,0.30803333333333327,0.4594333333333333,0.24561403508771928,0.3684210526315789,0.09230769230769231,0.39344262295081966,0.5901639344262295,0.12121212121212122,,,,,,,,,,,,0.5846188118014432,0.15324209221682186,0.5846188118014432,0.21666666666666667,"{""novig"": {""1.5"": {""over"": 190, ""under"": -257}}, ""bet365"": {""1.5"": {""over"": 175, ""under"": -235}}, ""betmgm"": {""1.5"": {""over"": 180, ""under"": -250}}, ""draftkings"": {""1.5"": {""over"": 175, ""under"": -236}}, ""fanduel"": {""0.5"": {""over"": -300}}}",0.5,over,fanduel,-300.0,0.75,True,-0.1654,1.5,over,novig,190.0,0.3448275862068966,True,-0.1916
683357,Owen Caissie,MIA,LAA,1,5.0,1,691946,George Klassen,R,823836,7:10 PM ET,loanDepot Park,0,1,0.22,2026-08-07,823836,,0,99.1,96.1,86.7,L,4,3,0,0,0,0,1,0,0,1,0,2,0,0,0,1,0,0.223,0.259,0,0,0,0,1,0,0.275,0.3181818181818182,0.55,0.4,0.3684210526315789,0.325,0.08888888888888889,0.022222222222222223,0.125,1.6,1.2,0.6086956521739131,0.34782608695652173,0.17391304347826086,0.4782608695652174,0.13043478260869565,0.46728571428571425,0.9807857142857143,0.125,0.4444444444444444,0.293125,0.9206250000000001,0.25,0.575,0.37777777777777777,0.23076923076923078,0.3076923076923077,0.3870967741935484,,,,,,,,,,,,0.4564617905967549,0.0617145773394134,0.4564617905967549,0.275,"{""novig"": {""0.5"": {""over"": -127, ""under"": -100}}, ""bet365"": {""0.5"": {""over"": -115, ""under"": -115}}, ""betmgm"": {""0.5"": {""over"": -125, ""under"": -105}}, ""draftkings"": {""0.5"": {""over"": -141, ""under"": 106}}, ""fanduel"": {""0.5"": {""over"": -130}}}",0.5,over,bet365,-115.0,0.5348837209302325,True,-0.0784,1.5,,,,,False,
669364,Xavier Edwards,MIA,LAA,1,4.0,1,691946,George Klassen,R,823836,7:10 PM ET,loanDepot Park,1,1,0.22,2026-08-07,823836,,0,99.1,96.1,86.7,R,3,1,1,1,0,0,2,0,0,0,2,1,0,0,0,1,0,0.302,0.335,1,0,1,1,0,0,0.25,0.3142857142857143,0.90625,0.08333333333333333,0.27586206896551724,0.0,0.0,0.0,0.0,0.5333333333333333,0.2,0.3333333333333333,0.26666666666666666,0.43333333333333335,0.23333333333333334,0.0,0.3721785714285714,0.45727976190476183,0.16666666666666666,0.0,0.3761666666666667,0.4613833333333332,0.25862068965517243,0.29310344827586204,0.22727272727272727,0.1896551724137931,0.25862068965517243,0.15,,,,,,,,,,,,0.5448850533114025,0.12383122790533878,0.5448850533114025,0.25,"{""novig"": {""0.5"": {""over"": -228, ""under"": 163}}, ""bet365"": {""0.5"": {""over"": -235, ""under"": 175}}, ""betmgm"": {""0.5"": {""over"": -225, ""under"": 165}}, ""draftkings"": {""0.5"": {""over"": -243, ""under"": 180}}, ""fanduel"": {""0.5"": {""over"": -230}}}",0.5,over,betmgm,-225.0,0.6923076923076923,True,-0.1474,1.5,,,,,False,
666139,Josh Lowe,LAA,MIA,0,8.0,1,663969,Tyler Phillips,R,823836,7:10 PM ET,loanDepot Park,0,1,0.26296296296296295,2026-08-07,823836,,0,99.1,96.1,86.7,L,4,2,0,0,0,0,2,0,0,2,0,0,0,0,0,0,0,0.0885,0.33,0,0,0,0,1,1,0.16216216216216217,0.27906976744186046,0.7567567567567568,0.20454545454545456,0.18518518518518517,0.10810810810810811,0.022727272727272728,0.022727272727272728,0.05405405405405406,0.6666666666666666,0.6,0.41379310344827586,0.20689655172413793,0.3103448275862069,0.3793103448275862,0.06896551724137931,0.32214102564102565,0.5985448717948718,0.2222222222222222,0.2,0.4673999999999999,0.9081999999999999,0.18421052631578946,0.3684210526315789,0.20454545454545456,0.1111111111111111,0.18518518518518517,0.32142857142857145,0.7323232323232324,0.2289156626506024,0.46285714285714286,0.19428571428571428,0.4413793103448276,0.30344827586206896,0.041379310344827586,9.0,1.3404255319148937,5.74468085106383,0.1485148514851485,0.5729908367559294,0.1496972559792581,0.5729908367559294,0.16216216216216217,"{""novig"": {""0.5"": {""over"": -133, ""under"": 113}}, ""bet365"": {""0.5"": {""over"": -170, ""under"": 130}}, ""betmgm"": {""0.5"": {""over"": -155, ""under"": 115}}, ""draftkings"": {""0.5"": {""over"": -130, ""under"": -102}}, ""fanduel"": {""0.5"": {""over"": -165}}}",0.5,over,draftkings,-130.0,0.5652173913043478,True,0.0078,1.5,,,,,False,
545361,Mike Trout,LAA,MIA,0,2.0,1,663969,Tyler Phillips,R,823836,7:10 PM ET,loanDepot Park,1,1,0.26296296296296295,2026-08-07,823836,,0,99.1,96.1,86.7,R,5,4,0,0,0,0,1,0,0,2,0,2,0,0,1,0,1,0.4645,0.5455,0,0,0,0,1,1,0.2641509433962264,0.36507936507936506,0.6792452830188679,0.2698412698412698,0.3783783783783784,0.03773584905660377,0.0,0.031746031746031744,0.03773584905660377,1.0666666666666667,1.1333333333333333,0.43243243243243246,0.24324324324324326,0.40540540540540543,0.2972972972972973,0.0,0.36086111111111113,0.4555388888888888,0.21052631578947367,0.45,0.47000000000000003,0.6441333333333334,0.23728813559322035,0.423728813559322,0.29850746268656714,0.33962264150943394,0.4716981132075472,0.24615384615384617,0.7323232323232324,0.2289156626506024,0.46285714285714286,0.19428571428571428,0.4413793103448276,0.30344827586206896,0.041379310344827586,9.0,1.3404255319148937,5.74468085106383,0.1485148514851485,0.6462308212729012,0.26535194143328567,0.6462308212729012,0.2641509433962264,"{""novig"": {""0.5"": {""over"": -187, ""under"": 138}}, ""bet365"": {""0.5"": {""over"": -225, ""under"": 165}}, ""betmgm"": {""0.5"": {""over"": -210, ""under"": 155}}, ""draftkings"": {""0.5"": {""over"": -196, ""under"": 146}}, ""fanduel"": {""0.5"": {""over"": -220}}}",0.5,over,novig,-187.0,0.6515679442508711,True,-0.0053,1.5,,,,,False,
694208,Moisés Ballesteros,LAA,MIA,0,6.0,1,663969,Tyler Phillips,R,823836,7:10 PM ET,loanDepot Park,0,1,0.26296296296296295,2026-08-07,823836,,0,99.1,96.1,86.7,L,4,4,1,0,0,0,0,0,0,0,1,4,0,2,0,4,0,0.26749999999999996,0.2955,1,0,1,0,0,0,0.2,0.23809523809523808,0.75,0.23809523809523808,0.26666666666666666,0.025,0.0,0.023809523809523808,0.025,0.6,0.6666666666666666,0.36666666666666664,0.2,0.6,0.1,0.0,0.2703630952380952,0.32088095238095243,0.15384615384615385,0.2857142857142857,0.3082666666666667,0.3814666666666666,0.1794871794871795,0.20512820512820512,0.2682926829268293,0.2777777777777778,0.3888888888888889,0.2,0.7323232323232324,0.2289156626506024,0.46285714285714286,0.19428571428571428,0.4413793103448276,0.30344827586206896,0.041379310344827586,9.0,1.3404255319148937,5.74468085106383,0.1485148514851485,0.5940801773345711,0.1923538329665966,0.5940801773345711,0.2,"{""novig"": {""0.5"": {""over"": -153, ""under"": 130}}, ""bet365"": {""0.5"": {""over"": -165, ""under"": 125}}, ""betmgm"": {""0.5"": {""over"": -160, ""under"": 120}}, ""draftkings"": {""0.5"": {""over"": -155, ""under"": 116}}, ""fanduel"": {""0.5"": {""over"": -185}}}",0.5,over,novig,-153.0,0.6047430830039525,True,-0.0107,1.5,,,,,False,
694384,Nolan Schanuel,LAA,MIA,0,3.0,1,663969,Tyler Phillips,R,823836,7:10 PM ET,loanDepot Park,0,1,0.26296296296296295,2026-08-07,823836,,0,99.1,96.1,86.7,L,5,3,0,0,0,0,1,0,1,0,0,4,0,1,1,3,0,0.18600000000000003,0.213,0,0,0,0,0,0,0.2857142857142857,0.3492063492063492,0.8928571428571429,0.09523809523809523,0.3137254901960784,0.07142857142857142,0.0,0.06349206349206349,0.07142857142857142,1.3333333333333333,0.4,0.35294117647058826,0.29411764705882354,0.4117647058823529,0.23529411764705882,0.0196078431372549,0.2958088888888889,0.3925311111111111,0.2,0.2,0.2668666666666667,0.35864999999999997,0.3508771929824561,0.43859649122807015,0.12307692307692308,0.2549019607843137,0.37254901960784315,0.0967741935483871,0.7323232323232324,0.2289156626506024,0.46285714285714286,0.19428571428571428,0.4413793103448276,0.30344827586206896,0.041379310344827586,9.0,1.3404255319148937,5.74468085106383,0.1485148514851485,0.6359954769267603,0.23403061487611043,0.6359954769267603,0.2857142857142857,"{""novig"": {""1.5"": {""over"": 217}}, ""betmgm"": {""0.5"": {""over"": -235, ""under"": 175}}, ""bet365"": {""1.5"": {""over"": 195, ""under"": -270}}, ""draftkings"": {""0.5"": {""over"": -243, ""under"": 180}}, ""fanduel"": {""0.5"": {""over"": -250}}}",0.5,over,betmgm,-235.0,0.7014925373134329,True,-0.0655,1.5,over,novig,217.0,0.31545741324921134,True,-0.0814
672724,Oswald Peraza,LAA,MIA,0,7.0,1,663969,Tyler Phillips,R,823836,7:10 PM ET,loanDepot Park,1,1,0.26296296296296295,2026-08-07,823836,,0,99.1,96.1,86.7,R,4,4,0,0,0,0,0,0,0,0,0,4,0,2,2,2,0,0.212,0.335,0,0,0,0,0,0,0.13636363636363635,0.1875,0.5454545454545454,0.4166666666666667,0.24,0.0,0.0,0.0,0.0,0.4,1.3333333333333333,0.36,0.12,0.6,0.24,0.0,0.24891666666666667,0.289,0.2,0.4117647058823529,0.163125,0.195125,0.1276595744680851,0.1276595744680851,0.46938775510204084,0.23404255319148937,0.3191489361702128,0.3333333333333333,0.7323232323232324,0.2289156626506024,0.46285714285714286,0.19428571428571428,0.4413793103448276,0.30344827586206896,0.041379310344827586,9.0,1.3404255319148937,5.74468085106383,0.1485148514851485,0.5722162441698203,0.18797153419417145,0.5722162441698203,0.13636363636363635,"{""novig"": {""0.5"": {""over"": -150, ""under"": 125}}, ""bet365"": {""0.5"": {""over"": -150, ""under"": 110}}, ""betmgm"": {""0.5"": {""over"": -155, ""under"": 115}}, ""draftkings"": {""0.5"": {""over"": -154, ""under"": 116}}, ""fanduel"": {""0.5"": {""over"": -195}}}",0.5,over,bet365,-150.0,0.6,True,-0.0278,1.5,,,,,False,
623168,Tyler Heineman,LAA,MIA,0,9.0,1,663969,Tyler Phillips,R,823836,7:10 PM ET,loanDepot Park,0,1,0.26296296296296295,2026-08-07,823836,,0,99.1,96.1,86.7,L,1,1,0,0,0,0,0,0,0,0,0,1,0,0,0,1,0,0.057,0.06,0,0,0,0,0,0,0.17647058823529413,0.2222222222222222,0.8823529411764706,0.10526315789473684,0.2,0.058823529411764705,0.0,0.0,0.029411764705882353,0.5333333333333333,0.26666666666666666,0.09375,0.21875,0.5625,0.125,0.0,0.2805952380952381,0.32874999999999993,0.1,0.09090909090909091,0.21820000000000003,0.2395999999999999,0.2,0.3333333333333333,0.1346153846153846,0.1891891891891892,0.21621621621621623,0.19047619047619047,0.7323232323232324,0.2289156626506024,0.46285714285714286,0.19428571428571428,0.4413793103448276,0.30344827586206896,0.041379310344827586,9.0,1.3404255319148937,5.74468085106383,0.1485148514851485,0.44563227485371065,0.11310576661771247,0.44563227485371065,0.17647058823529413,"{""novig"": {""0.5"": {""over"": -127, ""under"": -100}}, ""bet365"": {""0.5"": {""over"": -130, ""under"": -105}}, ""betmgm"": {""0.5"": {""over"": -130, ""under"": -105}}, ""draftkings"": {""0.5"": {""over"": -140, ""under"": 105}}, ""fanduel"": {""0.5"": {""over"": -125}}}",0.5,over,fanduel,-125.0,0.5555555555555556,True,-0.1099,1.5,,,,,False,
687093,Vaughn Grissom,LAA,MIA,0,5.0,1,663969,Tyler Phillips,R,823836,7:10 PM ET,loanDepot Park,1,1,0.26296296296296295,2026-08-07,823836,,0,99.1,96.1,86.7,R,4,4,2,1,0,0,0,0,0,1,3,3,0,0,0,1,2,0.455,0.49699999999999994,1,1,1,1,1,0,0.27586206896551724,0.3225806451612903,0.7413793103448276,0.24193548387096775,0.34146341463414637,0.1724137931034483,0.03225806451612903,0.06451612903225806,0.10344827586206896,1.7333333333333334,1.0,0.3488372093023256,0.13953488372093023,0.5813953488372093,0.23255813953488372,0.023255813953488372,0.3130277777777778,0.45323888888888886,0.16666666666666666,0.2631578947368421,0.25606666666666666,0.3239,0.3157894736842105,0.5263157894736842,0.2459016393442623,0.2692307692307692,0.3269230769230769,0.15517241379310345,0.7323232323232324,0.2289156626506024,0.46285714285714286,0.19428571428571428,0.4413793103448276,0.30344827586206896,0.041379310344827586,9.0,1.3404255319148937,5.74468085106383,0.1485148514851485,0.6401093290516742,0.2176704120885924,0.6401093290516742,0.27586206896551724,"{""novig"": {""1.5"": {""over"": 320}}, ""bet365"": {""0.5"": {""over"": -250, ""under"": 185}}, ""betmgm"": {""0.5"": {""over"": -225, ""under"": 165}}, ""draftkings"": {""0.5"": {""over"": -204, ""under"": 152}}, ""fanduel"": {""0.5"": {""over"": -220}}}",0.5,over,draftkings,-204.0,0.6710526315789473,True,-0.0309,1.5,over,novig,320.0,0.23809523809523808,True,-0.0204
685133,Wade Meckler,LAA,MIA,0,1.0,1,663969,Tyler Phillips,R,823836,7:10 PM ET,loanDepot Park,0,1,0.26296296296296295,2026-08-07,823836,,0,99.1,96.1,86.7,L,5,5,2,0,0,0,0,0,0,0,2,5,0,0,1,3,1,0.4782,0.5204,1,1,1,1,0,0,0.35294117647058826,0.42105263157894735,0.7647058823529411,0.21052631578947367,0.44,0.14705882352941177,0.02631578947368421,0.05263157894736842,0.08823529411764706,1.1333333333333333,0.5333333333333333,0.23076923076923078,0.2692307692307692,0.6153846153846154,0.11538461538461539,0.0,0.34289583333333334,0.4249583333333333,0.5,0.2,0.3471250000000001,0.469375,0.35294117647058826,0.5,0.1891891891891892,0.17647058823529413,0.23529411764705882,0.3,0.7323232323232324,0.2289156626506024,0.46285714285714286,0.19428571428571428,0.4413793103448276,0.30344827586206896,0.041379310344827586,9.0,1.3404255319148937,5.74468085106383,0.1485148514851485,0.664459536472707,0.25821092813163066,0.664459536472707,0.35294117647058826,"{""novig"": {""1.5"": {""over"": 208}}, ""bet365"": {""0.5"": {""over"": -270, ""under"": 195}}, ""betmgm"": {""0.5"": {""over"": -200, ""under"": 145}}, ""draftkings"": {""0.5"": {""over"": -230, ""under"": 170}}, ""fanduel"": {""0.5"": {""over"": -260}}}",0.5,over,betmgm,-200.0,0.6666666666666666,True,-0.0022,1.5,over,novig,208.0,0.3246753246753247,True,-0.0665
687263,Zach Neto,LAA,MIA,0,4.0,1,663969,Tyler Phillips,R,823836,7:10 PM ET,loanDepot Park,1,1,0.26296296296296295,2026-08-07,823836,,0,99.1,96.1,86.7,R,5,5,2,0,0,1,0,0,0,1,5,4,1,3,2,1,0,0.34225,0.964,1,1,1,1,1,0,0.18333333333333332,0.25757575757575757,0.6,0.36363636363636365,0.3055555555555556,0.05,0.0,0.015151515151515152,0.03333333333333333,0.9333333333333333,1.6,0.5,0.19444444444444445,0.3611111111111111,0.3888888888888889,0.05555555555555555,0.3335611111111111,0.5511611111111112,0.14285714285714285,0.47619047619047616,0.32055,0.41665,0.22033898305084745,0.2711864406779661,0.31343283582089554,0.2711864406779661,0.4745762711864407,0.3709677419354839,0.7323232323232324,0.2289156626506024,0.46285714285714286,0.19428571428571428,0.4413793103448276,0.30344827586206896,0.041379310344827586,9.0,1.3404255319148937,5.74468085106383,0.1485148514851485,0.6427418105332205,0.2169899010579334,0.6427418105332205,0.18333333333333332,"{""novig"": {""0.5"": {""over"": -167}}, ""bet365"": {""0.5"": {""over"": -180, ""under"": 135}}, ""betmgm"": {""0.5"": {""over"": -190, ""under"": 140}}, ""draftkings"": {""0.5"": {""over"": -173, ""under"": 130}}, ""fanduel"": {""0.5"": {""over"": -185}}}",0.5,over,novig,-167.0,0.6254681647940075,True,0.0173,1.5,,,,,False,
695731,Braden Montgomery,CWS,CLE,1,7.0,1,800048,Parker Messick,L,824566,7:40 PM ET,Rate Field,1,0,0.24607329842931938,2026-08-07,824566,0.0,0,95.5,94.6,96.9,R,3,2,0,0,0,0,1,0,0,0,0,2,0,1,0,2,0,0.5085,0.599,0,0,0,0,0,0,0.16129032258064516,0.2777777777777778,0.6451612903225806,0.3055555555555556,0.25,0.06451612903225806,0.0,0.0,0.03225806451612903,0.4666666666666667,0.7333333333333333,0.4,0.15,0.6,0.15,0.0,0.31405833333333333,0.41689999999999994,0.1,0.36363636363636365,0.10087499999999998,0.11050000000000001,0.2807017543859649,0.40350877192982454,0.23809523809523808,0.15789473684210525,0.2631578947368421,0.2926829268292683,0.7195121951219512,0.1872146118721461,0.35714285714285715,0.15178571428571427,0.4519774011299435,0.1977401129943503,0.01694915254237288,7.322033898305085,0.7627118644067796,8.847457627118644,0.23868312757201646,0.5860492261523317,0.20172898964381059,0.5860492261523317,0.16129032258064516,"{""novig"": {""0.5"": {""over"": -130, ""under"": -100}}, ""bet365"": {""0.5"": {""over"": -140, ""under"": 105}}, ""betmgm"": {""0.5"": {""over"": -155, ""under"": 115}}, ""draftkings"": {""0.5"": {""over"": -130, ""under"": -102}}, ""fanduel"": {""0.5"": {""over"": -155}}}",0.5,over,novig,-130.0,0.5652173913043478,True,0.0208,1.5,,,,,False,
686668,Brenton Doyle,CWS,CLE,1,6.0,1,800048,Parker Messick,L,824566,7:40 PM ET,Rate Field,1,0,0.24607329842931938,2026-08-07,824566,0.0,0,95.5,94.6,96.9,R,2,2,1,0,0,0,0,0,0,0,1,2,0,1,0,2,0,0.4075,0.454,1,0,1,0,0,0,0.21052631578947367,0.2857142857142857,0.7105263157894737,0.2619047619047619,0.2962962962962963,0.05263157894736842,0.0,0.047619047619047616,0.05263157894736842,0.6666666666666666,0.7333333333333333,0.3333333333333333,0.14814814814814814,0.6666666666666666,0.14814814814814814,0.0,0.24305128205128204,0.3156538461538462,0.3333333333333333,0.2857142857142857,0.3216250000000001,0.39075000000000004,0.26666666666666666,0.37777777777777777,0.35294117647058826,0.2222222222222222,0.2777777777777778,0.23684210526315788,0.7195121951219512,0.1872146118721461,0.35714285714285715,0.15178571428571427,0.4519774011299435,0.1977401129943503,0.01694915254237288,7.322033898305085,0.7627118644067796,8.847457627118644,0.23868312757201646,0.604244930274829,0.24925789758860387,0.604244930274829,0.21052631578947367,"{""novig"": {""0.5"": {""over"": -125, ""under"": -108}}, ""bet365"": {""0.5"": {""over"": -130, ""under"": -105}}, ""betmgm"": {""0.5"": {""over"": -150, ""under"": 110}}, ""draftkings"": {""0.5"": {""over"": -124, ""under"": -107}}, ""fanduel"": {""0.5"": {""over"": -140}}}",0.5,over,draftkings,-124.0,0.5535714285714286,True,0.0507,1.5,,,,,False,
805367,Chase Meidroth,CWS,CLE,1,1.0,1,800048,Parker Messick,L,824566,7:40 PM ET,Rate Field,1,0,0.24607329842931938,2026-08-07,824566,0.0,0,95.5,94.6,96.9,R,7,5,3,0,0,2,2,0,0,1,9,4,0,3,2,1,1,0.586,1.20175,1,1,1,1,1,0,0.2653061224489796,0.3728813559322034,0.7959183673469388,0.16666666666666666,0.2894736842105263,0.1836734693877551,0.03333333333333333,0.05,0.10204081632653061,1.4666666666666666,0.6666666666666666,0.36585365853658536,0.2682926829268293,0.43902439024390244,0.21951219512195122,0.04878048780487805,0.27429444444444445,0.45835,0.2,0.2222222222222222,0.27466666666666667,0.3585,0.3333333333333333,0.5098039215686274,0.1694915254237288,0.18181818181818182,0.23636363636363636,0.27419354838709675,0.7195121951219512,0.1872146118721461,0.35714285714285715,0.15178571428571427,0.4519774011299435,0.1977401129943503,0.01694915254237288,7.322033898305085,0.7627118644067796,8.847457627118644,0.23868312757201646,0.6497549138336212,0.30046188621658604,0.6497549138336212,0.2653061224489796,"{""novig"": {""0.5"": {""over"": -203, ""under"": 144}}, ""bet365"": {""0.5"": {""over"": -190, ""under"": 140}}, ""betmgm"": {""0.5"": {""over"": -225, ""under"": 165}}, ""draftkings"": {""0.5"": {""over"": -213, ""under"": 158}}, ""fanduel"": {""0.5"": {""over"": -210}}}",0.5,over,bet365,-190.0,0.6551724137931034,True,-0.0054,1.5,,,,,False,
695657,Colson Montgomery,CWS,CLE,1,5.0,1,800048,Parker Messick,L,824566,7:40 PM ET,Rate Field,0,0,0.24607329842931938,2026-08-07,824566,0.0,0,95.5,94.6,96.9,L,7,5,2,0,0,0,1,0,1,1,2,5,0,1,1,2,2,0.48724999999999996,0.56025,1,1,1,1,1,0,0.15789473684210525,0.234375,0.5789473684210527,0.375,0.21875,0.12280701754385964,0.03125,0.015625,0.05263157894736842,1.0666666666666667,1.6,0.2647058823529412,0.08823529411764706,0.38235294117647056,0.29411764705882354,0.029411764705882353,0.23368452380952381,0.441797619047619,0.15789473684210525,0.47619047619047616,0.29313333333333336,0.5751666666666667,0.18333333333333332,0.36666666666666664,0.38461538461538464,0.3157894736842105,0.631578947368421,0.23809523809523808,0.7195121951219512,0.1872146118721461,0.35714285714285715,0.15178571428571427,0.4519774011299435,0.1977401129943503,0.01694915254237288,7.322033898305085,0.7627118644067796,8.847457627118644,0.23868312757201646,0.5445583823332264,0.1529256880501958,0.5445583823332264,0.15789473684210525,"{""novig"": {""0.5"": {""over"": -141, ""under"": 117}}, ""bet365"": {""0.5"": {""over"": -130, ""under"": -105}}, ""betmgm"": {""0.5"": {""over"": -150, ""under"": 110}}, ""draftkings"": {""0.5"": {""over"": -152, ""under"": 114}}, ""fanduel"": {""0.5"": {""over"": -160}}}",0.5,over,bet365,-130.0,0.5652173913043478,True,-0.0207,1.5,,,,,False,
700337,Edgar Quero,CWS,CLE,1,8.0,1,800048,Parker Messick,L,824566,7:40 PM ET,Rate Field,0,0,0.24607329842931938,2026-08-07,824566,0.0,0,95.5,94.6,96.9,L,3,3,2,0,0,0,0,0,0,0,2,3,0,1,1,1,1,0.37433333333333335,0.43,1,1,1,1,0,0,0.13333333333333333,0.16129032258064516,0.9333333333333333,0.06451612903225806,0.14285714285714285,0.0,0.0,0.0,0.0,0.26666666666666666,0.13333333333333333,0.42857142857142855,0.14285714285714285,0.4642857142857143,0.2857142857142857,0.03571428571428571,0.3355833333333333,0.49713095238095234,0.375,0.0,0.3513333333333334,0.4156666666666668,0.2,0.26666666666666666,0.16326530612244897,0.225,0.3,0.25,0.7195121951219512,0.1872146118721461,0.35714285714285715,0.15178571428571427,0.4519774011299435,0.1977401129943503,0.01694915254237288,7.322033898305085,0.7627118644067796,8.847457627118644,0.23868312757201646,0.5061158501602003,0.12111435531282198,0.5061158501602003,0.13333333333333333,"{""novig"": {""0.5"": {""over"": -125, ""under"": -104}}, ""bet365"": {""0.5"": {""over"": -150, ""under"": 110}}, ""betmgm"": {""0.5"": {""over"": -155, ""under"": 115}}, ""draftkings"": {""0.5"": {""over"": -123, ""under"": -108}}, ""fanduel"": {""0.5"": {""over"": -135}}}",0.5,over,draftkings,-123.0,0.5515695067264574,True,-0.0455,1.5,,,,,False,
682668,Luisangel Acuña,CWS,CLE,1,9.0,1,800048,Parker Messick,L,824566,7:40 PM ET,Rate Field,1,0,0.24607329842931938,2026-08-07,824566,0.0,0,95.5,94.6,96.9,R,1,1,0,0,0,0,0,0,0,0,0,1,0,0,1,0,0,0.006,0.006,0,0,0,0,0,0,0.3333333333333333,0.3333333333333333,0.7878787878787878,0.21212121212121213,0.4230769230769231,0.030303030303030304,0.0,0.030303030303030304,0.030303030303030304,0.8,0.4666666666666667,0.38461538461538464,0.34615384615384615,0.6153846153846154,0.038461538461538464,0.0,0.3940384615384615,0.4732564102564103,0.23076923076923078,0.07692307692307693,0.27649999999999997,0.3203666666666666,0.2857142857142857,0.37142857142857144,0.19444444444444445,0.36363636363636365,0.3939393939393939,0.2647058823529412,0.7195121951219512,0.1872146118721461,0.35714285714285715,0.15178571428571427,0.4519774011299435,0.1977401129943503,0.01694915254237288,7.322033898305085,0.7627118644067796,8.847457627118644,0.23868312757201646,0.511018091887476,0.17887372798092005,0.511018091887476,0.3333333333333333,"{""novig"": {""0.5"": {""over"": -108, ""under"": -108}}, ""bet365"": {""0.5"": {""over"": -110, ""under"": -120}}, ""betmgm"": {""0.5"": {""over"": -115, ""under"": -115}}, ""draftkings"": {""0.5"": {""over"": -112, ""under"": -119}}, ""fanduel"": {""0.5"": {""over"": -135}}}",0.5,over,novig,-108.0,0.5192307692307693,True,-0.0082,1.5,,,,,False,
678246,Miguel Vargas,CWS,CLE,1,3.0,1,800048,Parker Messick,L,824566,7:40 PM ET,Rate Field,1,0,0.24607329842931938,2026-08-07,824566,0.0,0,95.5,94.6,96.9,R,7,6,0,0,0,0,1,0,0,3,0,3,0,0,1,2,0,0.077,0.11299999999999999,0,0,0,0,1,1,0.22033898305084745,0.29850746268656714,0.711864406779661,0.2537313432835821,0.25,0.22033898305084745,0.04477611940298507,0.05970149253731343,0.11864406779661017,1.7333333333333334,1.1333333333333333,0.46511627906976744,0.27906976744186046,0.18604651162790697,0.3488372093023256,0.046511627906976744,0.3343035714285714,0.5852797619047619,0.23529411764705882,0.2857142857142857,0.3719791666666665,0.8565208333333334,0.2833333333333333,0.6,0.1791044776119403,0.10344827586206896,0.1896551724137931,0.27692307692307694,0.7195121951219512,0.1872146118721461,0.35714285714285715,0.15178571428571427,0.4519774011299435,0.1977401129943503,0.01694915254237288,7.322033898305085,0.7627118644067796,8.847457627118644,0.23868312757201646,0.6228861576351464,0.1904099852682345,0.6228861576351464,0.22033898305084745,"{""novig"": {""0.5"": {""over"": -178, ""under"": 133}}, ""bet365"": {""0.5"": {""over"": -175, ""under"": 132}}, ""betmgm"": {""0.5"": {""over"": -185, ""under"": 135}}, ""draftkings"": {""0.5"": {""over"": -187, ""under"": 140}}, ""fanduel"": {""0.5"": {""over"": -220}}}",0.5,over,bet365,-175.0,0.6363636363636364,True,-0.0135,1.5,,,,,False,
808959,Munetaka Murakami,CWS,CLE,1,2.0,1,800048,Parker Messick,L,824566,7:40 PM ET,Rate Field,0,0,0.24607329842931938,2026-08-07,824566,0.0,0,95.5,94.6,96.9,L,7,6,0,0,0,0,1,0,0,3,0,3,0,1,0,3,0,0.26899999999999996,0.2913333333333334,0,0,0,0,1,1,0.2807017543859649,0.3880597014925373,0.6140350877192983,0.3283582089552239,0.3870967741935484,0.2807017543859649,0.05970149253731343,0.05970149253731343,0.14035087719298245,2.1333333333333333,1.4666666666666666,0.6,0.34285714285714286,0.22857142857142856,0.4,0.11428571428571428,0.4483988095238095,0.9060964285714286,0.25,0.42857142857142855,0.43871666666666664,0.8353833333333334,0.27586206896551724,0.5862068965517241,0.3283582089552239,0.21568627450980393,0.45098039215686275,0.35384615384615387,0.7195121951219512,0.1872146118721461,0.35714285714285715,0.15178571428571427,0.4519774011299435,0.1977401129943503,0.01694915254237288,7.322033898305085,0.7627118644067796,8.847457627118644,0.23868312757201646,0.6006350664778471,0.23339952293532154,0.6006350664778471,0.2807017543859649,"{""novig"": {""0.5"": {""over"": -138, ""under"": -100}}, ""bet365"": {""0.5"": {""over"": -130, ""under"": -105}}, ""betmgm"": {""0.5"": {""over"": -150, ""under"": 110}}, ""draftkings"": {""0.5"": {""over"": -146, ""under"": 110}}, ""fanduel"": {""0.5"": {""over"": -155}}}",0.5,over,bet365,-130.0,0.5652173913043478,True,0.0354,1.5,,,,,False,
545341,Randal Grichuk,CWS,CLE,1,4.0,1,800048,Parker Messick,L,824566,7:40 PM ET,Rate Field,1,0,0.24607329842931938,2026-08-07,824566,0.0,0,95.5,94.6,96.9,R,2,2,1,0,0,0,0,0,0,0,1,2,0,2,0,1,1,0.6695,0.8065,1,0,1,0,0,0,0.3,0.34375,0.7333333333333333,0.25,0.4090909090909091,0.2,0.0,0.125,0.16666666666666666,1.0,0.5333333333333333,0.45454545454545453,0.13636363636363635,0.5909090909090909,0.18181818181818182,0.0,0.2764615384615385,0.3310384615384615,0.4,0.18181818181818182,0.375125,0.4365000000000002,0.19047619047619047,0.4523809523809524,0.17391304347826086,0.27586206896551724,0.4827586206896552,0.25806451612903225,0.7195121951219512,0.1872146118721461,0.35714285714285715,0.15178571428571427,0.4519774011299435,0.1977401129943503,0.01694915254237288,7.322033898305085,0.7627118644067796,8.847457627118644,0.23868312757201646,0.6186428105740008,0.2523505720929046,0.6186428105740008,0.3,"{""novig"": {""0.5"": {""over"": -156, ""under"": 127}}, ""bet365"": {""0.5"": {""over"": -155, ""under"": 115}}, ""betmgm"": {""0.5"": {""over"": -165, ""under"": 125}}, ""draftkings"": {""0.5"": {""over"": -167, ""under"": 125}}, ""fanduel"": {""0.5"": {""over"": -175}}}",0.5,over,bet365,-155.0,0.6078431372549019,True,0.0108,1.5,,,,,False,
694197,Angel Genao,CLE,CWS,0,9.0,1,702273,Noah Schultz,L,824566,7:40 PM ET,Rate Field,1,0,0.19120135363790186,2026-08-07,824566,0.0,0,95.5,94.6,96.9,R,1,1,0,0,0,0,0,0,0,0,0,1,0,0,1,0,0,0.02,0.05,0,0,0,0,0,0,,,,,,,,,,,,,,,,,,,0.625,0.125,0.4215,0.6881666666666666,,,,,,,0.6829268292682927,0.24242424242424243,0.4913294797687861,0.2138728323699422,0.36428571428571427,0.2785714285714286,0.02857142857142857,7.3125,1.3125,8.0625,0.20476190476190476,0.013605442176870748,0.007054673721340388,0.013605442176870748,,"{""novig"": {""0.5"": {""over"": -147, ""under"": 120}}, ""bet365"": {""0.5"": {""over"": -175, ""under"": 132}}, ""betmgm"": {""0.5"": {""over"": -160, ""under"": 120}}, ""draftkings"": {""0.5"": {""over"": -142, ""under"": 107}}, ""fanduel"": {""0.5"": {""over"": -175}}}",0.5,over,draftkings,-142.0,0.5867768595041323,True,-0.5732,1.5,,,,,False,
682657,Angel Martínez,CLE,CWS,0,5.0,1,702273,Noah Schultz,L,824566,7:40 PM ET,Rate Field,0,0,0.19120135363790186,2026-08-07,824566,0.0,0,95.5,94.6,96.9,L,5,5,1,0,0,0,0,0,0,2,1,3,0,1,0,1,1,0.3213333333333333,0.385,1,0,1,0,1,1,0.13793103448275862,0.16666666666666666,0.7241379310344828,0.25,0.19047619047619047,0.06896551724137931,0.0,0.0625,0.06896551724137931,0.4,0.5333333333333333,0.2608695652173913,0.2608695652173913,0.5652173913043478,0.17391304347826086,0.0,0.34528205128205125,0.5185512820512821,0.42857142857142855,0.3333333333333333,0.60825,1.0895,0.22413793103448276,0.3275862068965517,0.3442622950819672,0.14035087719298245,0.2631578947368421,0.22033898305084745,0.6829268292682927,0.24242424242424243,0.4913294797687861,0.2138728323699422,0.36428571428571427,0.2785714285714286,0.02857142857142857,7.3125,1.3125,8.0625,0.20476190476190476,0.5679781681897373,0.14617607509843764,0.5679781681897373,0.13793103448275862,"{""novig"": {""1.5"": {""over"": 317}}, ""bet365"": {""0.5"": {""over"": -220, ""under"": 160}}, ""betmgm"": {""0.5"": {""over"": -210, ""under"": 150}}, ""draftkings"": {""0.5"": {""over"": -226, ""under"": 168}}, ""fanduel"": {""0.5"": {""over"": -230}}}",0.5,over,betmgm,-210.0,0.6774193548387096,True,-0.1094,1.5,over,novig,317.0,0.23980815347721823,True,-0.0936
595978,Austin Hedges,CLE,CWS,0,8.0,1,702273,Noah Schultz,L,824566,7:40 PM ET,Rate Field,1,0,0.19120135363790186,2026-08-07,824566,0.0,0,95.5,94.6,96.9,R,4,3,0,0,0,0,1,0,0,0,0,3,0,1,1,2,0,0.08366666666666667,0.09133333333333334,0,0,0,0,0,0,0.30952380952380953,0.34782608695652173,0.7619047619047619,0.20833333333333334,0.3333333333333333,0.21428571428571427,0.0625,0.0,0.07142857142857142,1.4666666666666666,0.6666666666666666,0.35294117647058826,0.17647058823529413,0.3235294117647059,0.35294117647058826,0.0,0.29778571428571426,0.4417142857142857,0.15384615384615385,0.38461538461538464,0.3190416666666667,0.3913749999999998,0.2682926829268293,0.36585365853658536,0.12,0.2857142857142857,0.47619047619047616,0.19148936170212766,0.6829268292682927,0.24242424242424243,0.4913294797687861,0.2138728323699422,0.36428571428571427,0.2785714285714286,0.02857142857142857,7.3125,1.3125,8.0625,0.20476190476190476,0.5642207192190333,0.1884377494516356,0.5642207192190333,0.30952380952380953,"{""novig"": {""0.5"": {""over"": -113, ""under"": -104}}, ""bet365"": {""0.5"": {""over"": -105, ""under"": -130}}, ""betmgm"": {""0.5"": {""over"": -115, ""under"": -115}}, ""draftkings"": {""0.5"": {""over"": -120, ""under"": -111}}, ""fanduel"": {""0.5"": {""over"": -125}}}",0.5,over,bet365,-105.0,0.5121951219512195,True,0.052,1.5,,,,,False,
677587,Brayan Rocchio,CLE,CWS,0,7.0,1,702273,Noah Schultz,L,824566,7:40 PM ET,Rate Field,0,0,0.19120135363790186,2026-08-07,824566,0.0,0,95.5,94.6,96.9,L,4,4,1,0,0,0,0,0,0,1,1,3,0,0,2,0,1,0.17233333333333334,0.209,1,0,1,0,1,0,0.10810810810810811,0.23255813953488372,0.8108108108108109,0.1590909090909091,0.13333333333333333,0.05405405405405406,0.0,0.045454545454545456,0.05405405405405406,0.4,0.4666666666666667,0.16129032258064516,0.12903225806451613,0.5161290322580645,0.2903225806451613,0.0,0.1735297619047619,0.2575952380952381,0.08333333333333333,0.17647058823529413,0.19237500000000002,0.22162500000000004,0.15873015873015872,0.2857142857142857,0.18181818181818182,0.26785714285714285,0.39285714285714285,0.18333333333333332,0.6829268292682927,0.24242424242424243,0.4913294797687861,0.2138728323699422,0.36428571428571427,0.2785714285714286,0.02857142857142857,7.3125,1.3125,8.0625,0.20476190476190476,0.5498217473742448,0.14097150174389872,0.5498217473742448,0.10810810810810811,"{""novig"": {""0.5"": {""over"": -156, ""under"": 120}}, ""bet365"": {""0.5"": {""over"": -180, ""under"": 135}}, ""betmgm"": {""0.5"": {""over"": -160, ""under"": 120}}, ""draftkings"": {""0.5"": {""over"": -184, ""under"": 138}}, ""fanduel"": {""0.5"": {""over"": -180}}}",0.5,over,novig,-156.0,0.609375,True,-0.0596,1.5,,,,,False,
800050,Chase DeLauter,CLE,CWS,0,2.0,1,702273,Noah Schultz,L,824566,7:40 PM ET,Rate Field,0,0,0.19120135363790186,2026-08-07,824566,0.0,0,95.5,94.6,96.9,L,5,4,2,0,0,0,1,0,0,2,2,2,0,2,0,1,1,0.538,0.6154999999999999,1,1,1,1,1,1,0.2727272727272727,0.39705882352941174,0.8,0.16176470588235295,0.3181818181818182,0.14545454545454545,0.014705882352941176,0.07352941176470588,0.10909090909090909,1.5333333333333334,0.7333333333333333,0.4888888888888889,0.4222222222222222,0.37777777777777777,0.1111111111111111,0.0,0.30991190476190483,0.49298571428571425,0.21052631578947367,0.125,0.3660066666666667,0.5922866666666666,0.25862068965517243,0.4827586206896552,0.17391304347826086,0.29310344827586204,0.3793103448275862,0.15625,0.6829268292682927,0.24242424242424243,0.4913294797687861,0.2138728323699422,0.36428571428571427,0.2785714285714286,0.02857142857142857,7.3125,1.3125,8.0625,0.20476190476190476,0.6292734837237596,0.20894907172867416,0.6292734837237596,0.2727272727272727,"{""novig"": {""1.5"": {""over"": 223, ""under"": -326}}, ""bet365"": {""0.5"": {""over"": -220, ""under"": 160}}, ""betmgm"": {""0.5"": {""over"": -235, ""under"": 175}}, ""draftkings"": {""0.5"": {""over"": -246, ""under"": 182}}, ""fanduel"": {""0.5"": {""over"": -230}}}",0.5,over,bet365,-220.0,0.6875,True,-0.0582,1.5,over,novig,223.0,0.30959752321981426,True,-0.1006
666176,Jo Adell,CLE,CWS,0,4.0,1,702273,Noah Schultz,L,824566,7:40 PM ET,Rate Field,1,0,0.19120135363790186,2026-08-07,824566,0.0,0,95.5,94.6,96.9,R,2,2,0,0,0,0,0,0,0,1,0,1,0,1,0,0,1,0.517,1.018,0,0,0,0,1,0,0.23076923076923078,0.31666666666666665,0.6153846153846154,0.3333333333333333,0.3,0.21153846153846154,0.05,0.03333333333333333,0.09615384615384616,1.5333333333333334,1.3333333333333333,0.5757575757575758,0.2727272727272727,0.2727272727272727,0.3939393939393939,0.12121212121212122,0.4241190476190476,0.8221845238095238,0.1111111111111111,0.42857142857142855,0.3994583333333334,0.8143333333333332,0.15384615384615385,0.23076923076923078,0.26666666666666666,0.21052631578947367,0.42105263157894735,0.26666666666666666,0.6829268292682927,0.24242424242424243,0.4913294797687861,0.2138728323699422,0.36428571428571427,0.2785714285714286,0.02857142857142857,7.3125,1.3125,8.0625,0.20476190476190476,0.6347195358526778,0.26628302897737227,0.6347195358526778,0.23076923076923078,"{""novig"": {""1.5"": {""over"": 223, ""under"": -317}}, ""bet365"": {""0.5"": {""over"": -210, ""under"": 155}}, ""betmgm"": {""0.5"": {""over"": -210, ""under"": 155}}, ""draftkings"": {""0.5"": {""over"": -232, ""under"": 172}}, ""fanduel"": {""0.5"": {""over"": -250}}}",0.5,over,betmgm,-210.0,0.6774193548387096,True,-0.0427,1.5,over,novig,223.0,0.30959752321981426,True,-0.0433
608070,José Ramírez,CLE,CWS,0,3.0,1,702273,Noah Schultz,L,824566,7:40 PM ET,Rate Field,0,0,0.19120135363790186,2026-08-07,824566,0.0,0,95.5,94.6,96.9,L,4,3,1,0,0,0,1,0,0,0,1,3,0,1,1,2,0,0.5543333333333333,0.594,1,0,1,0,0,0,0.1951219512195122,0.2826086956521739,0.9512195121951219,0.043478260869565216,0.20512820512820512,0.0,0.0,0.0,0.0,0.5333333333333333,0.13333333333333333,0.2564102564102564,0.28205128205128205,0.3333333333333333,0.2564102564102564,0.0,0.2738607142857143,0.36305238095238096,0.1,0.0,0.2685500000000001,0.4015500000000003,0.19047619047619047,0.23809523809523808,0.13043478260869565,0.34545454545454546,0.6,0.07936507936507936,0.6829268292682927,0.24242424242424243,0.4913294797687861,0.2138728323699422,0.36428571428571427,0.2785714285714286,0.02857142857142857,7.3125,1.3125,8.0625,0.20476190476190476,0.584733694486794,0.21725126197061143,0.584733694486794,0.1951219512195122,"{""novig"": {""0.5"": {""over"": -245, ""under"": 170}}, ""betmgm"": {""0.5"": {""over"": -275, ""under"": 195}}, ""bet365"": {""1.5"": {""over"": 190, ""under"": -260}}, ""draftkings"": {""0.5"": {""over"": -253, ""under"": 187}}, ""fanduel"": {""0.5"": {""over"": -250}}}",0.5,over,novig,-245.0,0.7101449275362319,True,-0.1254,1.5,over,bet365,190.0,0.3448275862068966,True,-0.1276
656555,Rhys Hoskins,CLE,CWS,0,6.0,1,702273,Noah Schultz,L,824566,7:40 PM ET,Rate Field,1,0,0.19120135363790186,2026-08-07,824566,0.0,0,95.5,94.6,96.9,R,1,1,0,0,0,0,0,0,0,0,0,1,0,1,1,0,0,0.234,0.888,0,0,0,0,0,0,0.17073170731707318,0.24444444444444444,0.5853658536585366,0.37777777777777777,0.10526315789473684,0.36585365853658536,0.1111111111111111,0.0,0.12195121951219512,1.4666666666666666,1.1333333333333333,0.4166666666666667,0.16666666666666666,0.125,0.5,0.125,0.33741666666666664,0.9778461538461538,0.25,0.3,0.38759999999999994,1.2448000000000001,0.16071428571428573,0.39285714285714285,0.3492063492063492,0.2,0.43333333333333335,0.3888888888888889,0.6829268292682927,0.24242424242424243,0.4913294797687861,0.2138728323699422,0.36428571428571427,0.2785714285714286,0.02857142857142857,7.3125,1.3125,8.0625,0.20476190476190476,0.5312606545158599,0.08104799033084704,0.5312606545158599,0.17073170731707318,"{""novig"": {""0.5"": {""over"": -113, ""under"": -117}}, ""bet365"": {""0.5"": {""over"": -120, ""under"": -110}}, ""betmgm"": {""0.5"": {""over"": -120, ""under"": -110}}, ""draftkings"": {""0.5"": {""over"": -125, ""under"": -106}}, ""fanduel"": {""0.5"": {""over"": -135}}}",0.5,over,novig,-113.0,0.5305164319248826,True,0.0007,1.5,,,,,False,
680757,Steven Kwan,CLE,CWS,0,1.0,1,702273,Noah Schultz,L,824566,7:40 PM ET,Rate Field,0,0,0.19120135363790186,2026-08-07,824566,0.0,0,95.5,94.6,96.9,L,6,5,1,0,0,0,1,0,0,2,1,3,0,0,1,1,0,0.3376666666666666,0.353,1,0,1,0,1,1,0.4,0.48484848484848486,0.9090909090909091,0.07462686567164178,0.43137254901960786,0.05454545454545454,0.0,0.04477611940298507,0.05454545454545454,1.6666666666666667,0.3333333333333333,0.058823529411764705,0.43137254901960786,0.37254901960784315,0.19607843137254902,0.0,0.41374333333333335,0.5029066666666666,0.5,0.0,0.4115399999999999,0.49772999999999995,0.39285714285714285,0.44642857142857145,0.09375,0.36585365853658536,0.4146341463414634,0.09615384615384616,0.6829268292682927,0.24242424242424243,0.4913294797687861,0.2138728323699422,0.36428571428571427,0.2785714285714286,0.02857142857142857,7.3125,1.3125,8.0625,0.20476190476190476,0.7465938360422774,0.2989489281985136,0.7465938360422774,0.4,"{""novig"": {""0.5"": {""over"": -213, ""under"": 178}}, ""bet365"": {""0.5"": {""over"": -230, ""under"": 170}}, ""betmgm"": {""0.5"": {""over"": -235, ""under"": 175}}, ""draftkings"": {""0.5"": {""over"": -214, ""under"": 159}}, ""fanduel"": {""0.5"": {""over"": -220}}}",0.5,over,novig,-213.0,0.6805111821086262,True,0.0661,1.5,,,,,False,
668930,Brice Turang,MIL,MIN,1,1.0,1,805673,Zebby Matthews,R,823750,7:40 PM ET,American Family Field,0,1,0.2075812274368231,2026-08-07,823750,,0,96.2,95.7,110.9,L,4,4,1,0,0,0,0,0,0,0,1,4,0,1,1,2,0,0.20224999999999999,0.23424999999999999,1,0,1,0,0,0,0.2982456140350877,0.375,0.7543859649122807,0.2153846153846154,0.36585365853658536,0.14035087719298245,0.03076923076923077,0.03076923076923077,0.07017543859649122,1.6666666666666667,0.9333333333333333,0.29545454545454547,0.3181818181818182,0.4772727272727273,0.20454545454545456,0.0,0.3836333333333333,0.6163611111111111,0.15789473684210525,0.3181818181818182,0.44205000000000005,0.7199,0.26785714285714285,0.4642857142857143,0.25757575757575757,0.16393442622950818,0.2786885245901639,0.24285714285714285,0.7327935222672065,0.2403846153846154,0.5136363636363637,0.2318181818181818,0.425414364640884,0.2541436464088398,0.03314917127071823,8.114754098360656,1.9180327868852458,7.524590163934427,0.20481927710843373,0.6226412956676303,0.27349693029444233,0.6226412956676303,0.2982456140350877,"{""novig"": {""0.5"": {""over"": -213, ""under"": 153}}, ""bet365"": {""0.5"": {""over"": -250, ""under"": 185}}, ""betmgm"": {""0.5"": {""over"": -250, ""under"": 180}}, ""draftkings"": {""0.5"": {""over"": -245, ""under"": 181}}, ""fanduel"": {""0.5"": {""over"": -230}}}",0.5,over,novig,-213.0,0.6805111821086262,True,-0.0579,1.5,,,,,False,
592885,Christian Yelich,MIL,MIN,1,6.0,1,805673,Zebby Matthews,R,823750,7:40 PM ET,American Family Field,0,1,0.2075812274368231,2026-08-07,823750,,0,96.2,95.7,110.9,L,4,4,0,0,0,0,0,0,0,2,0,2,0,0,0,2,0,0.09899999999999999,0.106,0,0,0,0,1,1,0.2,0.27941176470588236,0.7666666666666667,0.20588235294117646,0.2391304347826087,0.16666666666666666,0.014705882352941176,0.07352941176470588,0.11666666666666667,1.4666666666666666,0.9333333333333333,0.425531914893617,0.14893617021276595,0.6170212765957447,0.1702127659574468,0.0425531914893617,0.3060588888888889,0.49918333333333337,0.14285714285714285,0.2857142857142857,0.33211666666666656,0.5191833333333333,0.21666666666666667,0.4,0.20588235294117646,0.25,0.5357142857142857,0.24242424242424243,0.7327935222672065,0.2403846153846154,0.5136363636363637,0.2318181818181818,0.425414364640884,0.2541436464088398,0.03314917127071823,8.114754098360656,1.9180327868852458,7.524590163934427,0.20481927710843373,0.5762455165098644,0.19776286700453896,0.5762455165098644,0.2,"{""novig"": {""0.5"": {""over"": -178, ""under"": 133}}, ""bet365"": {""0.5"": {""over"": -190, ""under"": 140}}, ""betmgm"": {""0.5"": {""over"": -190, ""under"": 140}}, ""draftkings"": {""0.5"": {""over"": -183, ""under"": 137}}, ""fanduel"": {""0.5"": {""over"": -210}}}",0.5,over,novig,-178.0,0.6402877697841727,True,-0.064,1.5,,,,,False,
806198,Cooper Pratt,MIL,MIN,1,8.0,1,805673,Zebby Matthews,R,823750,7:40 PM ET,American Family Field,1,1,0.2075812274368231,2026-08-07,823750,,0,96.2,95.7,110.9,R,3,2,1,1,0,0,0,0,1,0,2,3,0,1,1,0,2,0.2485,0.4,1,0,1,1,0,0,0.3469387755102041,0.4107142857142857,0.7142857142857143,0.25,0.4411764705882353,0.14285714285714285,0.03571428571428571,0.017857142857142856,0.061224489795918366,1.6,0.9333333333333333,0.2777777777777778,0.25,0.4166666666666667,0.3055555555555556,0.0,0.26979761904761906,0.38219047619047625,0.26666666666666666,0.375,0.28993749999999996,0.34425000000000006,0.3333333333333333,0.47058823529411764,0.20689655172413793,0.25,0.28125,0.18421052631578946,0.7327935222672065,0.2403846153846154,0.5136363636363637,0.2318181818181818,0.425414364640884,0.2541436464088398,0.03314917127071823,8.114754098360656,1.9180327868852458,7.524590163934427,0.20481927710843373,0.5629419102871598,0.1824825380124265,0.5629419102871598,0.3469387755102041,"{""novig"": {""0.5"": {""over"": -141, ""under"": 113}}, ""bet365"": {""0.5"": {""over"": -180, ""under"": 135}}, ""betmgm"": {""0.5"": {""over"": -155, ""under"": 115}}, ""draftkings"": {""0.5"": {""over"": -153, ""under"": 115}}, ""fanduel"": {""0.5"": {""over"": -190}}}",0.5,over,novig,-141.0,0.5850622406639004,True,-0.0221,1.5,,,,,False,
666152,David Hamilton,MIL,MIN,1,9.0,1,805673,Zebby Matthews,R,823750,7:40 PM ET,American Family Field,0,1,0.2075812274368231,2026-08-07,823750,,0,96.2,95.7,110.9,L,3,2,0,0,0,0,1,0,0,2,0,0,0,0,0,0,0,0.023,0.037,0,0,0,0,1,1,0.225,0.29545454545454547,0.775,0.19148936170212766,0.2903225806451613,0.05,0.0,0.0425531914893617,0.05,0.7333333333333333,0.6,0.2647058823529412,0.29411764705882354,0.4411764705882353,0.23529411764705882,0.0,0.30994000000000005,0.42001555555555553,0.13333333333333333,0.11764705882352941,0.2767866666666667,0.3901466666666667,0.2631578947368421,0.3157894736842105,0.2,0.2702702702702703,0.2972972972972973,0.2926829268292683,0.7327935222672065,0.2403846153846154,0.5136363636363637,0.2318181818181818,0.425414364640884,0.2541436464088398,0.03314917127071823,8.114754098360656,1.9180327868852458,7.524590163934427,0.20481927710843373,0.47023852600887484,0.12353346198351949,0.47023852600887484,0.225,"{""novig"": {""0.5"": {""over"": -106, ""under"": -122}}, ""bet365"": {""0.5"": {""over"": 100, ""under"": -135}}, ""betmgm"": {""0.5"": {""over"": -110, ""under"": -120}}, ""draftkings"": {""0.5"": {""over"": -111, ""under"": -119}}, ""fanduel"": {""0.5"": {""over"": -125}}}",0.5,over,bet365,100.0,0.5,True,-0.0298,1.5,,,,,False,
669003,Garrett Mitchell,MIL,MIN,1,5.0,1,805673,Zebby Matthews,R,823750,7:40 PM ET,American Family Field,0,1,0.2075812274368231,2026-08-07,823750,,0,96.2,95.7,110.9,L,5,4,1,1,0,0,0,0,0,1,2,3,0,2,1,1,1,0.331,0.5053333333333333,1,0,1,1,1,0,0.10416666666666667,0.2711864406779661,0.6666666666666666,0.26666666666666666,0.15625,0.041666666666666664,0.0,0.03333333333333333,0.041666666666666664,0.4666666666666667,1.0666666666666667,0.5,0.25,0.625,0.125,0.03125,0.3145357142857143,0.4968690476190476,0.0,0.4,0.33029166666666676,0.36995833333333344,0.20754716981132076,0.2830188679245283,0.2698412698412698,0.21568627450980393,0.35294117647058826,0.3392857142857143,0.7327935222672065,0.2403846153846154,0.5136363636363637,0.2318181818181818,0.425414364640884,0.2541436464088398,0.03314917127071823,8.114754098360656,1.9180327868852458,7.524590163934427,0.20481927710843373,0.5155090866824743,0.1439727107796466,0.5155090866824743,0.10416666666666667,"{""novig"": {""0.5"": {""over"": -141, ""under"": 125}}, ""bet365"": {""0.5"": {""over"": -180, ""under"": 135}}, ""betmgm"": {""0.5"": {""over"": -175, ""under"": 130}}, ""draftkings"": {""0.5"": {""over"": -162, ""under"": 122}}, ""fanduel"": {""0.5"": {""over"": -145}}}",0.5,over,novig,-141.0,0.5850622406639004,True,-0.0696,1.5,,,,,False,
694192,Jackson Chourio,MIL,MIN,1,2.0,1,805673,Zebby Matthews,R,823750,7:40 PM ET,American Family Field,1,1,0.2075812274368231,2026-08-07,823750,,0,96.2,95.7,110.9,R,4,3,1,0,0,1,1,0,0,0,4,3,2,3,2,1,0,0.5983333333333333,1.726,1,0,1,1,0,0,0.26229508196721313,0.3181818181818182,0.7704918032786885,0.21212121212121213,0.32608695652173914,0.09836065573770492,0.015151515151515152,0.045454545454545456,0.06557377049180328,1.4666666666666666,0.9333333333333333,0.48936170212765956,0.2553191489361702,0.46808510638297873,0.23404255319148937,0.0425531914893617,0.3185122222222222,0.5425244444444444,0.3333333333333333,0.23809523809523808,0.4256166666666667,0.8321166666666666,0.25,0.31666666666666665,0.25,0.24561403508771928,0.42105263157894735,0.1774193548387097,0.7327935222672065,0.2403846153846154,0.5136363636363637,0.2318181818181818,0.425414364640884,0.2541436464088398,0.03314917127071823,8.114754098360656,1.9180327868852458,7.524590163934427,0.20481927710843373,0.6353004385227813,0.25644430444444066,0.6353004385227813,0.26229508196721313,"{""novig"": {""1.5"": {""over"": 208, ""under"": -292}}, ""bet365"": {""1.5"": {""over"": 202, ""under"": -280}}, ""betmgm"": {""1.5"": {""over"": 195, ""under"": -275}}, ""draftkings"": {""0.5"": {""over"": -265, ""under"": 195}}, ""fanduel"": {""0.5"": {""over"": -290}}}",0.5,over,draftkings,-265.0,0.726027397260274,True,-0.0907,1.5,over,novig,208.0,0.3246753246753247,True,-0.0682
641343,Jake Bauers,MIL,MIN,1,3.0,1,805673,Zebby Matthews,R,823750,7:40 PM ET,American Family Field,0,1,0.2075812274368231,2026-08-07,823750,,0,96.2,95.7,110.9,L,4,3,1,0,0,0,1,0,0,1,1,2,0,0,0,1,1,0.5125,0.5935,1,0,1,0,1,0,0.2857142857142857,0.38596491228070173,0.7346938775510204,0.22807017543859648,0.35294117647058826,0.1836734693877551,0.03508771929824561,0.017543859649122806,0.08163265306122448,1.5333333333333334,0.8666666666666667,0.5555555555555556,0.25,0.4444444444444444,0.2777777777777778,0.0,0.3977589743589744,0.6824397435897436,0.3888888888888889,0.05,0.4275733333333334,0.9106099999999998,0.2553191489361702,0.425531914893617,0.2631578947368421,0.28,0.56,0.2413793103448276,0.7327935222672065,0.2403846153846154,0.5136363636363637,0.2318181818181818,0.425414364640884,0.2541436464088398,0.03314917127071823,8.114754098360656,1.9180327868852458,7.524590163934427,0.20481927710843373,0.6287425853966429,0.20345357042558865,0.6287425853966429,0.2857142857142857,"{""novig"": {""0.5"": {""over"": -170, ""under"": 125}}, ""bet365"": {""0.5"": {""over"": -175, ""under"": 132}}, ""betmgm"": {""0.5"": {""over"": -165, ""under"": 125}}, ""draftkings"": {""0.5"": {""over"": -188, ""under"": 140}}, ""fanduel"": {""0.5"": {""over"": -200}}}",0.5,over,betmgm,-165.0,0.6226415094339622,True,0.0061,1.5,,,,,False,
800325,Luis Lara,MIL,MIN,1,7.0,1,805673,Zebby Matthews,R,823750,7:40 PM ET,American Family Field,0,1,0.2075812274368231,2026-08-07,823750,,0,96.2,95.7,110.9,L,2,2,0,0,0,0,0,0,0,2,0,0,0,0,0,0,0,0.006,0.011,0,0,0,0,1,1,0.21052631578947367,0.3111111111111111,0.8157894736842105,0.15217391304347827,0.25,0.15789473684210525,0.0,0.08695652173913043,0.13157894736842105,0.9333333333333333,0.4666666666666667,0.40625,0.28125,0.46875,0.25,0.03125,0.3113666666666667,0.4058333333333334,0.14285714285714285,0.23529411764705882,0.2758,0.3401666666666666,0.23404255319148937,0.3404255319148936,0.1724137931034483,0.3333333333333333,0.5555555555555556,0.0,0.7327935222672065,0.2403846153846154,0.5136363636363637,0.2318181818181818,0.425414364640884,0.2541436464088398,0.03314917127071823,8.114754098360656,1.9180327868852458,7.524590163934427,0.20481927710843373,0.5800458585498587,0.18579780328231685,0.5800458585498587,0.21052631578947367,"{""novig"": {""0.5"": {""over"": -153, ""under"": 115}}, ""bet365"": {""0.5"": {""over"": -160, ""under"": 120}}, ""betmgm"": {""0.5"": {""over"": -165, ""under"": 125}}, ""draftkings"": {""0.5"": {""over"": -156, ""under"": 117}}, ""fanduel"": {""0.5"": {""over"": -195}}}",0.5,over,novig,-153.0,0.6047430830039525,True,-0.0247,1.5,,,,,False,
661388,William Contreras,MIL,MIN,1,4.0,1,805673,Zebby Matthews,R,823750,7:40 PM ET,American Family Field,1,1,0.2075812274368231,2026-08-07,823750,,0,96.2,95.7,110.9,R,4,3,1,0,0,1,1,0,0,1,4,2,1,1,1,1,0,0.5185,1.5235,1,0,1,1,1,0,0.20689655172413793,0.2459016393442623,0.7931034482758621,0.19672131147540983,0.24444444444444444,0.15517241379310345,0.01639344262295082,0.06557377049180328,0.10344827586206896,1.4,0.8,0.45652173913043476,0.2391304347826087,0.41304347826086957,0.2391304347826087,0.021739130434782608,0.2595733333333333,0.570441111111111,0.21052631578947367,0.19047619047619047,0.23723333333333327,0.3891999999999999,0.1896551724137931,0.27586206896551724,0.16923076923076924,0.21568627450980393,0.37254901960784315,0.19642857142857142,0.7327935222672065,0.2403846153846154,0.5136363636363637,0.2318181818181818,0.425414364640884,0.2541436464088398,0.03314917127071823,8.114754098360656,1.9180327868852458,7.524590163934427,0.20481927710843373,0.638071528800923,0.261871142804078,0.638071528800923,0.20689655172413793,"{""novig"": {""1.5"": {""over"": 199}}, ""bet365"": {""0.5"": {""over"": -235, ""under"": 175}}, ""betmgm"": {""0.5"": {""over"": -275, ""under"": 195}}, ""draftkings"": {""0.5"": {""over"": -269, ""under"": 198}}, ""fanduel"": {""0.5"": {""over"": -250}}}",0.5,over,bet365,-235.0,0.7014925373134329,True,-0.0634,1.5,over,novig,199.0,0.33444816053511706,True,-0.0726
668885,Austin Martin,MIN,MIL,0,1.0,1,675660,Shane Drohan,L,823750,7:40 PM ET,American Family Field,1,0,0.20652173913043478,2026-08-07,823750,,0,96.2,95.7,110.9,R,2,2,1,0,0,0,0,0,0,0,1,2,0,1,0,2,0,0.32,0.337,1,0,1,0,0,0,0.125,0.275,0.78125,0.17073170731707318,0.15384615384615385,0.0625,0.0,0.04878048780487805,0.0625,0.4,0.4666666666666667,0.3076923076923077,0.15384615384615385,0.5769230769230769,0.19230769230769232,0.0,0.215974358974359,0.2652179487179487,0.0,0.09090909090909091,0.21803333333333336,0.24783333333333335,0.16666666666666666,0.2222222222222222,0.21428571428571427,0.22580645161290322,0.2903225806451613,0.18604651162790697,0.6855895196506551,0.2376237623762376,0.4106280193236715,0.15458937198067632,0.4012738853503185,0.2929936305732484,0.025477707006369428,8.6484375,1.0546875,8.6484375,0.22777777777777777,0.5651551775927107,0.17570696855394666,0.5651551775927107,0.125,"{""novig"": {""0.5"": {""over"": -150, ""under"": 111}}, ""bet365"": {""0.5"": {""over"": -165, ""under"": 125}}, ""betmgm"": {""0.5"": {""over"": -185, ""under"": 135}}, ""draftkings"": {""0.5"": {""over"": -149, ""under"": 112}}, ""fanduel"": {""0.5"": {""over"": -195}}}",0.5,over,draftkings,-149.0,0.5983935742971888,True,-0.0332,1.5,,,,,False,
605137,Josh Bell,MIN,MIL,0,4.0,1,675660,Shane Drohan,L,823750,7:40 PM ET,American Family Field,0,0,0.20652173913043478,2026-08-07,823750,,0,96.2,95.7,110.9,L,3,2,0,0,0,0,1,0,0,0,0,2,0,0,0,1,0,0.057,0.0625,0,0,0,0,0,0,0.21212121212121213,0.3157894736842105,0.7878787878787878,0.18421052631578946,0.24,0.12121212121212122,0.02631578947368421,0.02631578947368421,0.06060606060606061,0.7333333333333333,0.4666666666666667,0.38461538461538464,0.15384615384615385,0.46153846153846156,0.2692307692307692,0.0,0.2570763888888889,0.39672916666666663,0.3076923076923077,0.14285714285714285,0.2139374999999999,0.46706249999999927,0.2459016393442623,0.3770491803278688,0.265625,0.2127659574468085,0.3617021276595745,0.1320754716981132,0.6855895196506551,0.2376237623762376,0.4106280193236715,0.15458937198067632,0.4012738853503185,0.2929936305732484,0.025477707006369428,8.6484375,1.0546875,8.6484375,0.22777777777777777,0.5705668499886442,0.22199251653251775,0.5705668499886442,0.21212121212121213,"{""novig"": {""0.5"": {""over"": -153, ""under"": 115}}, ""bet365"": {""0.5"": {""over"": -180, ""under"": 135}}, ""betmgm"": {""0.5"": {""over"": -155, ""under"": 115}}, ""draftkings"": {""0.5"": {""over"": -161, ""under"": 121}}, ""fanduel"": {""0.5"": {""over"": -190}}}",0.5,over,novig,-153.0,0.6047430830039525,True,-0.0342,1.5,,,,,False,
665019,Kody Clemens,MIN,MIL,0,5.0,1,675660,Shane Drohan,L,823750,7:40 PM ET,American Family Field,0,0,0.20652173913043478,2026-08-07,823750,,0,96.2,95.7,110.9,L,3,3,0,0,0,0,0,0,0,0,0,3,0,1,3,0,0,0.05633333333333334,0.16233333333333333,0,0,0,0,0,0,0.18333333333333332,0.2222222222222222,0.8,0.19047619047619047,0.2127659574468085,0.15,0.015873015873015872,0.031746031746031744,0.08333333333333333,1.3333333333333333,0.8,0.4375,0.20833333333333334,0.3958333333333333,0.3125,0.041666666666666664,0.2503977777777778,0.39785,0.05,0.23809523809523808,0.23087333333333332,0.26838666666666655,0.13114754098360656,0.22950819672131148,0.21212121212121213,0.2641509433962264,0.5283018867924528,0.2037037037037037,0.6855895196506551,0.2376237623762376,0.4106280193236715,0.15458937198067632,0.4012738853503185,0.2929936305732484,0.025477707006369428,8.6484375,1.0546875,8.6484375,0.22777777777777777,0.5698870080354214,0.21841025134448863,0.5698870080354214,0.18333333333333332,"{""novig"": {""0.5"": {""over"": -150, ""under"": 111}}, ""bet365"": {""0.5"": {""over"": -155, ""under"": 115}}, ""betmgm"": {""0.5"": {""over"": -165, ""under"": 125}}, ""draftkings"": {""0.5"": {""over"": -150, ""under"": 113}}, ""fanduel"": {""0.5"": {""over"": -170}}}",0.5,over,novig,-150.0,0.6,True,-0.0301,1.5,,,,,False,
807712,Luke Keaschall,MIN,MIL,0,6.0,1,675660,Shane Drohan,L,823750,7:40 PM ET,American Family Field,1,0,0.20652173913043478,2026-08-07,823750,,0,96.2,95.7,110.9,R,5,4,1,0,0,0,1,0,0,0,1,4,0,1,3,0,1,0.38575,0.7325,1,0,1,0,0,0,0.2916666666666667,0.39655172413793105,0.8125,0.15254237288135594,0.3157894736842105,0.14583333333333334,0.03389830508474576,0.01694915254237288,0.0625,1.4,0.6,0.2926829268292683,0.1951219512195122,0.4878048780487805,0.2682926829268293,0.0,0.3032916666666666,0.42899404761904764,0.35294117647058826,0.15789473684210525,0.3584333333333333,0.5936,0.3125,0.4583333333333333,0.1724137931034483,0.21951219512195122,0.2926829268292683,0.19148936170212766,0.6855895196506551,0.2376237623762376,0.4106280193236715,0.15458937198067632,0.4012738853503185,0.2929936305732484,0.025477707006369428,8.6484375,1.0546875,8.6484375,0.22777777777777777,0.617263499590492,0.2541808032824324,0.617263499590492,0.2916666666666667,"{""novig"": {""0.5"": {""over"": -150, ""under"": 138}}, ""bet365"": {""0.5"": {""over"": -180, ""under"": 135}}, ""betmgm"": {""0.5"": {""over"": -175, ""under"": 130}}, ""draftkings"": {""0.5"": {""over"": -191, ""under"": 143}}, ""fanduel"": {""0.5"": {""over"": -185}}}",0.5,over,novig,-150.0,0.6,True,0.0173,1.5,,,,,False,
668904,Royce Lewis,MIN,MIL,0,3.0,1,675660,Shane Drohan,L,823750,7:40 PM ET,American Family Field,1,0,0.20652173913043478,2026-08-07,823750,,0,96.2,95.7,110.9,R,5,4,1,0,0,1,0,1,0,0,4,4,0,4,1,1,2,0.6717500000000001,1.4885000000000002,1,0,1,1,0,0,0.3018867924528302,0.38333333333333336,0.8113207547169812,0.16666666666666666,0.34146341463414637,0.20754716981132076,0.03333333333333333,0.05,0.11320754716981132,1.8,0.6666666666666666,0.4418604651162791,0.18604651162790697,0.37209302325581395,0.2558139534883721,0.023255813953488372,0.33739,0.6750488888888888,0.47368421052631576,0.15789473684210525,0.3765833333333333,0.7789166666666666,0.3090909090909091,0.5818181818181818,0.16666666666666666,0.17307692307692307,0.3269230769230769,0.21666666666666667,0.6855895196506551,0.2376237623762376,0.4106280193236715,0.15458937198067632,0.4012738853503185,0.2929936305732484,0.025477707006369428,8.6484375,1.0546875,8.6484375,0.22777777777777777,0.6561177138868719,0.2961489850756256,0.6561177138868719,0.3018867924528302,"{""novig"": {""0.5"": {""over"": -178, ""under"": 133}}, ""bet365"": {""0.5"": {""over"": -220, ""under"": 160}}, ""betmgm"": {""0.5"": {""over"": -185, ""under"": 135}}, ""draftkings"": {""0.5"": {""over"": -189, ""under"": 141}}, ""fanduel"": {""0.5"": {""over"": -190}}}",0.5,over,novig,-178.0,0.6402877697841727,True,0.0158,1.5,,,,,False,
680777,Ryan Jeffers,MIN,MIL,0,2.0,1,675660,Shane Drohan,L,823750,7:40 PM ET,American Family Field,1,0,0.20652173913043478,2026-08-07,823750,,0,96.2,95.7,110.9,R,2,1,0,0,0,0,1,0,0,0,0,1,0,0,1,0,0,0.006,0.014,0,0,0,0,0,0,0.25862068965517243,0.31746031746031744,0.8103448275862069,0.1746031746031746,0.2727272727272727,0.1724137931034483,0.047619047619047616,0.015873015873015872,0.06896551724137931,1.6666666666666667,0.7333333333333333,0.3404255319148936,0.2553191489361702,0.48936170212765956,0.2127659574468085,0.0,0.31202222222222226,0.4471777777777778,0.19047619047619047,0.09090909090909091,0.3151666666666667,0.44894999999999996,0.3103448275862069,0.6206896551724138,0.125,0.23529411764705882,0.39215686274509803,0.1694915254237288,0.6855895196506551,0.2376237623762376,0.4106280193236715,0.15458937198067632,0.4012738853503185,0.2929936305732484,0.025477707006369428,8.6484375,1.0546875,8.6484375,0.22777777777777777,0.6719632526214285,0.30983746182903765,0.6719632526214285,0.25862068965517243,"{""novig"": {""0.5"": {""over"": -182, ""under"": 150}}, ""bet365"": {""0.5"": {""over"": -210, ""under"": 155}}, ""betmgm"": {""0.5"": {""over"": -200, ""under"": 150}}, ""draftkings"": {""0.5"": {""over"": -187, ""under"": 140}}, ""fanduel"": {""0.5"": {""over"": -220}}}",0.5,over,novig,-182.0,0.6453900709219859,True,0.0266,1.5,,,,,False,
668952,Ryan Kreidler,MIN,MIL,0,9.0,1,675660,Shane Drohan,L,823750,7:40 PM ET,American Family Field,1,0,0.20652173913043478,2026-08-07,823750,,0,96.2,95.7,110.9,R,3,3,0,0,0,0,0,0,0,1,0,2,0,0,0,1,1,0.3035,0.32599999999999996,0,0,0,0,1,0,0.1702127659574468,0.1875,0.7872340425531915,0.20833333333333334,0.21621621621621623,0.1276595744680851,0.0,0.08333333333333333,0.10638297872340426,0.9333333333333333,0.6666666666666666,0.4864864864864865,0.24324324324324326,0.4594594594594595,0.2702702702702703,0.02702702702702703,0.36543888888888887,0.6250166666666668,0.14285714285714285,0.06666666666666667,0.3083666666666667,0.6424333333333334,0.17647058823529413,0.29411764705882354,0.2641509433962264,0.1891891891891892,0.32432432432432434,0.1794871794871795,0.6855895196506551,0.2376237623762376,0.4106280193236715,0.15458937198067632,0.4012738853503185,0.2929936305732484,0.025477707006369428,8.6484375,1.0546875,8.6484375,0.22777777777777777,0.5142054914688218,0.16869135716456243,0.5142054914688218,0.1702127659574468,"{""novig"": {""0.5"": {""over"": -104, ""under"": -115}}, ""bet365"": {""0.5"": {""over"": -120, ""under"": -110}}, ""betmgm"": {""0.5"": {""over"": -115, ""under"": -115}}, ""draftkings"": {""0.5"": {""over"": -108, ""under"": -122}}, ""fanduel"": {""0.5"": {""over"": -115}}}",0.5,over,novig,-104.0,0.5098039215686274,True,0.0044,1.5,,,,,False,
605170,Victor Caratini,MIN,MIL,0,8.0,1,675660,Shane Drohan,L,823750,7:40 PM ET,American Family Field,0,0,0.20652173913043478,2026-08-07,823750,,0,96.2,95.7,110.9,L,4,2,0,0,0,0,2,0,0,1,0,1,0,0,0,1,0,0.04,0.041,0,0,0,0,1,0,0.14285714285714285,0.14285714285714285,0.6571428571428571,0.34285714285714286,0.21739130434782608,0.02857142857142857,0.0,0.02857142857142857,0.02857142857142857,0.4,0.8,0.4782608695652174,0.30434782608695654,0.43478260869565216,0.2608695652173913,0.0,0.27215972222222223,0.36623611111111115,0.0,0.5,0.32566666666666655,0.3896666666666668,0.23255813953488372,0.3023255813953488,0.24444444444444444,0.10416666666666667,0.16666666666666666,0.25925925925925924,0.6855895196506551,0.2376237623762376,0.4106280193236715,0.15458937198067632,0.4012738853503185,0.2929936305732484,0.025477707006369428,8.6484375,1.0546875,8.6484375,0.22777777777777777,0.5211368814217944,0.18685294590955304,0.5211368814217944,0.14285714285714285,"{""novig"": {""0.5"": {""over"": -125, ""under"": -100}}, ""bet365"": {""0.5"": {""over"": -135, ""under"": 100}}, ""betmgm"": {""0.5"": {""over"": -135, ""under"": 100}}, ""draftkings"": {""0.5"": {""over"": -124, ""under"": -107}}, ""fanduel"": {""0.5"": {""over"": -145}}}",0.5,over,draftkings,-124.0,0.5535714285714286,True,-0.0324,1.5,,,,,False,
677951,Bobby Witt Jr.,KC,CHC,1,2.0,1,592332,Kevin Gausman,R,824081,8:10 PM ET,Kauffman Stadium,1,1,0.19963031423290203,2026-08-07,824081,0.0,1,103.7,102.1,85.4,R,4,4,3,1,0,0,0,0,0,0,4,4,0,4,0,2,2,0.517,0.822,1,1,1,1,0,0,0.21666666666666667,0.27692307692307694,0.7666666666666667,0.2153846153846154,0.26666666666666666,0.1,0.015384615384615385,0.046153846153846156,0.06666666666666667,1.2666666666666666,0.9333333333333333,0.4782608695652174,0.21739130434782608,0.41304347826086957,0.2608695652173913,0.06521739130434782,0.33043809523809525,0.5390916666666666,0.17647058823529413,0.25,0.27093750000000005,0.5421250000000001,0.2542372881355932,0.423728813559322,0.19696969696969696,0.23636363636363636,0.32727272727272727,0.1746031746031746,0.6567796610169492,0.23618090452261306,0.46153846153846156,0.19230769230769232,0.38064516129032255,0.2645161290322581,0.03225806451612903,8.836363636363636,1.4727272727272727,9.818181818181817,0.2542372881355932,0.6648412300612844,0.2714466794343233,0.6648412300612844,0.21666666666666667,"{""novig"": {""1.5"": {""over"": 203, ""under"": -270}}, ""bet365"": {""1.5"": {""over"": 190, ""under"": -260}}, ""betmgm"": {""1.5"": {""over"": 180, ""under"": -250}}, ""draftkings"": {""1.5"": {""over"": 171, ""under"": -231}}, ""fanduel"": {""0.5"": {""over"": -330}}}",0.5,over,fanduel,-330.0,0.7674418604651163,True,-0.1026,1.5,over,novig,203.0,0.33003300330033003,True,-0.0586
695600,Carter Jensen,KC,CHC,1,1.0,1,592332,Kevin Gausman,R,824081,8:10 PM ET,Kauffman Stadium,0,1,0.19963031423290203,2026-08-07,824081,0.0,1,103.7,102.1,85.4,L,4,4,1,0,0,0,0,0,0,1,1,3,0,2,1,0,2,0.4326666666666667,0.8186666666666667,1,0,1,0,1,0,0.125,0.234375,0.6071428571428571,0.34375,0.15625,0.17857142857142858,0.03125,0.03125,0.08928571428571429,1.1333333333333333,1.4666666666666666,0.38235294117647056,0.17647058823529413,0.35294117647058826,0.3235294117647059,0.058823529411764705,0.277297619047619,0.5533392857142857,0.10526315789473684,0.3181818181818182,0.26569999999999994,0.5842166666666666,0.22033898305084745,0.4576271186440678,0.2753623188405797,0.23076923076923078,0.4423076923076923,0.27586206896551724,0.6567796610169492,0.23618090452261306,0.46153846153846156,0.19230769230769232,0.38064516129032255,0.2645161290322581,0.03225806451612903,8.836363636363636,1.4727272727272727,9.818181818181817,0.2542372881355932,0.5760165862098144,0.17846345779744646,0.5760165862098144,0.125,"{""bet365"": {""0.5"": {""over"": -175, ""under"": 132}}, ""betmgm"": {""0.5"": {""over"": -200, ""under"": 145}}, ""draftkings"": {""0.5"": {""over"": -179, ""under"": 134}}, ""fanduel"": {""0.5"": {""over"": -195}}}",0.5,over,bet365,-175.0,0.6363636363636364,True,-0.0603,1.5,,,,,False,
686555,Isaac Collins,KC,CHC,1,5.0,1,592332,Kevin Gausman,R,824081,8:10 PM ET,Kauffman Stadium,0,1,0.19963031423290203,2026-08-07,824081,0.0,1,103.7,102.1,85.4,L,3,3,0,0,0,0,0,0,0,1,0,2,0,0,0,1,0,0.08600000000000001,0.095,0,0,0,0,1,0,0.20588235294117646,0.2894736842105263,0.7941176470588235,0.18421052631578946,0.25925925925925924,0.14705882352941177,0.0,0.02631578947368421,0.08823529411764706,0.8,0.4666666666666667,0.3333333333333333,0.18518518518518517,0.4444444444444444,0.2962962962962963,0.0,0.2172435897435897,0.26396794871794876,0.21428571428571427,0.13333333333333333,0.2794333333333333,0.34888333333333355,0.2549019607843137,0.45098039215686275,0.21428571428571427,0.23076923076923078,0.36538461538461536,0.21052631578947367,0.6567796610169492,0.23618090452261306,0.46153846153846156,0.19230769230769232,0.38064516129032255,0.2645161290322581,0.03225806451612903,8.836363636363636,1.4727272727272727,9.818181818181817,0.2542372881355932,0.6231979140224472,0.2000516699724978,0.6231979140224472,0.20588235294117646,"{""novig"": {""0.5"": {""over"": -163, ""under"": 117}}, ""bet365"": {""0.5"": {""over"": -155, ""under"": 115}}, ""betmgm"": {""0.5"": {""over"": -175, ""under"": 130}}, ""draftkings"": {""0.5"": {""over"": -176, ""under"": 132}}, ""fanduel"": {""0.5"": {""over"": -165}}}",0.5,over,bet365,-155.0,0.6078431372549019,True,0.0154,1.5,,,,,False,
695506,Jac Caglianone,KC,CHC,1,3.0,1,592332,Kevin Gausman,R,824081,8:10 PM ET,Kauffman Stadium,0,1,0.19963031423290203,2026-08-07,824081,0.0,1,103.7,102.1,85.4,L,4,4,1,0,0,0,0,0,0,0,1,4,0,3,1,2,1,0.4585,0.6795,1,0,1,0,0,0,0.21818181818181817,0.24561403508771928,0.8181818181818182,0.17543859649122806,0.21428571428571427,0.21818181818181817,0.05263157894736842,0.05263157894736842,0.10909090909090909,1.6,0.6666666666666666,0.5333333333333333,0.2222222222222222,0.5555555555555556,0.2,0.0,0.3413333333333333,0.5694666666666667,0.25,0.15,0.3999666666666667,0.5819833333333333,0.24074074074074073,0.4444444444444444,0.16071428571428573,0.3225806451612903,0.6451612903225806,0.29850746268656714,0.6567796610169492,0.23618090452261306,0.46153846153846156,0.19230769230769232,0.38064516129032255,0.2645161290322581,0.03225806451612903,8.836363636363636,1.4727272727272727,9.818181818181817,0.2542372881355932,0.6686439728285465,0.21726661363562585,0.6686439728285465,0.21818181818181817,"{""novig"": {""1.5"": {""over"": 245}}, ""bet365"": {""0.5"": {""over"": -235, ""under"": 175}}, ""betmgm"": {""0.5"": {""over"": -220, ""under"": 160}}, ""draftkings"": {""0.5"": {""over"": -223, ""under"": 165}}, ""fanduel"": {""0.5"": {""over"": -210}}}",0.5,over,fanduel,-210.0,0.6774193548387096,True,-0.0088,1.5,over,novig,245.0,0.2898550724637681,True,-0.0726
686681,Michael Massey,KC,CHC,1,7.0,1,592332,Kevin Gausman,R,824081,8:10 PM ET,Kauffman Stadium,0,1,0.19963031423290203,2026-08-07,824081,0.0,1,103.7,102.1,85.4,L,4,4,0,0,0,0,0,0,0,1,0,3,0,0,2,1,0,0.03266666666666666,0.036,0,0,0,0,1,0,0.26,0.2641509433962264,0.8,0.18867924528301888,0.275,0.2,0.03773584905660377,0.07547169811320754,0.12,1.5333333333333334,0.6666666666666666,0.35714285714285715,0.21428571428571427,0.4523809523809524,0.30952380952380953,0.0,0.27275555555555553,0.4493555555555556,0.2222222222222222,0.10526315789473684,0.357,0.5873999999999999,0.25,0.3392857142857143,0.13559322033898305,0.2127659574468085,0.3617021276595745,0.27450980392156865,0.6567796610169492,0.23618090452261306,0.46153846153846156,0.19230769230769232,0.38064516129032255,0.2645161290322581,0.03225806451612903,8.836363636363636,1.4727272727272727,9.818181818181817,0.2542372881355932,0.5899186327048075,0.2060080610685441,0.5899186327048075,0.26,"{""novig"": {""0.5"": {""over"": -160, ""under"": 117}}, ""bet365"": {""0.5"": {""over"": -170, ""under"": 130}}, ""draftkings"": {""0.5"": {""over"": -156, ""under"": 117}}, ""fanduel"": {""0.5"": {""over"": -175}}}",0.5,over,draftkings,-156.0,0.609375,True,-0.0195,1.5,,,,,False,
679845,Nick Loftin,KC,CHC,1,6.0,1,592332,Kevin Gausman,R,824081,8:10 PM ET,Kauffman Stadium,1,1,0.19963031423290203,2026-08-07,824081,0.0,1,103.7,102.1,85.4,R,1,1,0,0,0,0,0,0,0,1,0,0,0,0,0,0,0,0.306,0.3263333333333333,0,0,0,0,1,0,0.32608695652173914,0.38461538461538464,0.8260869565217391,0.1509433962264151,0.3684210526315789,0.13043478260869565,0.018867924528301886,0.05660377358490566,0.08695652173913043,1.4,0.5333333333333333,0.275,0.225,0.425,0.275,0.0,0.35180357142857144,0.5165595238095237,0.21428571428571427,0.1875,0.28037500000000004,0.34139583333333334,0.2765957446808511,0.3829787234042553,0.15384615384615385,0.3333333333333333,0.48148148148148145,0.14516129032258066,0.6567796610169492,0.23618090452261306,0.46153846153846156,0.19230769230769232,0.38064516129032255,0.2645161290322581,0.03225806451612903,8.836363636363636,1.4727272727272727,9.818181818181817,0.2542372881355932,0.629741410755737,0.22951990321166074,0.629741410755737,0.32608695652173914,"{""novig"": {""0.5"": {""over"": -170, ""under"": 122}}, ""bet365"": {""0.5"": {""over"": -170, ""under"": 130}}, ""betmgm"": {""0.5"": {""over"": -190, ""under"": 140}}, ""draftkings"": {""0.5"": {""over"": -178, ""under"": 133}}, ""fanduel"": {""0.5"": {""over"": -175}}}",0.5,over,bet365,-170.0,0.6296296296296297,True,0.0001,1.5,,,,,False,
521692,Salvador Perez,KC,CHC,1,4.0,1,592332,Kevin Gausman,R,824081,8:10 PM ET,Kauffman Stadium,1,1,0.19963031423290203,2026-08-07,824081,0.0,1,103.7,102.1,85.4,R,4,3,1,0,0,0,1,0,0,0,1,3,0,0,1,2,0,0.12166666666666666,0.1376666666666667,1,0,1,0,0,0,0.23214285714285715,0.2903225806451613,0.75,0.22580645161290322,0.23076923076923078,0.30357142857142855,0.06451612903225806,0.04838709677419355,0.14285714285714285,2.0,0.9333333333333333,0.4186046511627907,0.18604651162790697,0.3953488372093023,0.4186046511627907,0.023255813953488372,0.3200444444444444,0.6891444444444444,0.2777777777777778,0.10526315789473684,0.25883333333333336,0.4698999999999998,0.2545454545454545,0.5818181818181818,0.22580645161290322,0.2631578947368421,0.43859649122807015,0.15625,0.6567796610169492,0.23618090452261306,0.46153846153846156,0.19230769230769232,0.38064516129032255,0.2645161290322581,0.03225806451612903,8.836363636363636,1.4727272727272727,9.818181818181817,0.2542372881355932,0.6468801676600694,0.22375929797856164,0.6468801676600694,0.23214285714285715,"{""novig"": {""1.5"": {""over"": 264}}, ""bet365"": {""0.5"": {""over"": -220, ""under"": 160}}, ""betmgm"": {""0.5"": {""over"": -210, ""under"": 155}}, ""draftkings"": {""0.5"": {""over"": -193, ""under"": 144}}, ""fanduel"": {""0.5"": {""over"": -210}}}",0.5,over,draftkings,-193.0,0.658703071672355,True,-0.0118,1.5,over,novig,264.0,0.27472527472527475,True,-0.051
516782,Starling Marte,KC,CHC,1,8.0,1,592332,Kevin Gausman,R,824081,8:10 PM ET,Kauffman Stadium,1,1,0.19963031423290203,2026-08-07,824081,0.0,1,103.7,102.1,85.4,R,1,1,1,1,0,0,0,0,0,0,2,1,1,1,1,0,0,0.511,1.61,1,0,1,1,0,0,0.21428571428571427,0.25,0.7857142857142857,0.20454545454545456,0.2727272727272727,0.0,0.0,0.0,0.0,0.6,0.6,0.36363636363636365,0.24242424242424243,0.6060606060606061,0.06060606060606061,0.0,0.2803277777777778,0.35052777777777777,0.15384615384615385,0.15384615384615385,0.1982666666666667,0.22746666666666657,0.18604651162790697,0.3023255813953488,0.2765957446808511,0.23809523809523808,0.23809523809523808,0.25,0.6567796610169492,0.23618090452261306,0.46153846153846156,0.19230769230769232,0.38064516129032255,0.2645161290322581,0.03225806451612903,8.836363636363636,1.4727272727272727,9.818181818181817,0.2542372881355932,0.5817511531105545,0.21161181513246122,0.5817511531105545,0.21428571428571427,"{""novig"": {""0.5"": {""over"": -150, ""under"": 115}}, ""bet365"": {""0.5"": {""over"": -155, ""under"": 115}}, ""betmgm"": {""0.5"": {""over"": -155, ""under"": 115}}, ""draftkings"": {""0.5"": {""over"": -157, ""under"": 118}}, ""fanduel"": {""0.5"": {""over"": -185}}}",0.5,over,novig,-150.0,0.6,True,-0.0182,1.5,,,,,False,
686475,Tyler Tolbert,KC,CHC,1,9.0,1,592332,Kevin Gausman,R,824081,8:10 PM ET,Kauffman Stadium,1,1,0.19963031423290203,2026-08-07,824081,0.0,1,103.7,102.1,85.4,R,4,4,0,0,0,0,0,0,0,1,0,3,0,1,1,2,0,0.20433333333333334,0.23199999999999998,0,0,0,0,1,0,0.4318181818181818,0.45652173913043476,0.9090909090909091,0.08163265306122448,0.43243243243243246,0.2727272727272727,0.061224489795918366,0.061224489795918366,0.13636363636363635,2.066666666666667,0.26666666666666666,0.2558139534883721,0.18604651162790697,0.4883720930232558,0.23255813953488372,0.023255813953488372,0.29033333333333333,0.4108025641025641,0.46153846153846156,0.2,0.4095833333333333,0.6106666666666667,0.2857142857142857,0.37142857142857144,0.25,0.3783783783783784,0.5945945945945946,0.06976744186046512,0.6567796610169492,0.23618090452261306,0.46153846153846156,0.19230769230769232,0.38064516129032255,0.2645161290322581,0.03225806451612903,8.836363636363636,1.4727272727272727,9.818181818181817,0.2542372881355932,0.5224691277822764,0.13372289415732083,0.5224691277822764,0.4318181818181818,"{""novig"": {""0.5"": {""over"": -130, ""under"": -102}}, ""betmgm"": {""0.5"": {""over"": -130, ""under"": -105}}, ""draftkings"": {""0.5"": {""over"": -139, ""under"": 105}}, ""fanduel"": {""0.5"": {""over"": -155}}}",0.5,over,betmgm,-130.0,0.5652173913043478,True,-0.0427,1.5,,,,,False,
608324,Alex Bregman,CHC,KC,0,3.0,1,663738,Daniel Lynch IV,L,824081,8:10 PM ET,Kauffman Stadium,1,0,0.23450586264656617,2026-08-07,824081,0.0,1,103.7,102.1,85.4,R,4,4,2,0,0,1,0,0,0,1,5,3,0,3,2,0,1,0.5379999999999999,0.9996666666666667,1,1,1,1,1,0,0.2857142857142857,0.34782608695652173,0.8095238095238095,0.17391304347826086,0.34,0.1746031746031746,0.014492753623188406,0.11594202898550725,0.14285714285714285,1.9333333333333333,0.8,0.37254901960784315,0.19607843137254902,0.4117647058823529,0.27450980392156865,0.0,0.29957666666666666,0.4155666666666667,0.2,0.18181818181818182,0.32995,0.4862666666666667,0.30158730158730157,0.5555555555555556,0.18840579710144928,0.21568627450980393,0.39215686274509803,0.109375,0.8717948717948718,0.15789473684210525,0.23684210526315788,0.07894736842105263,0.47058823529411764,0.23529411764705882,0.0,5.7857142857142865,0.9642857142857144,2.8928571428571432,0.08108108108108109,0.6628874664657947,0.21632536226904334,0.6628874664657947,0.2857142857142857,"{""novig"": {""0.5"": {""over"": -245}}, ""bet365"": {""0.5"": {""over"": -275, ""under"": 200}}, ""betmgm"": {""0.5"": {""over"": -250, ""under"": 180}}, ""draftkings"": {""1.5"": {""over"": 200, ""under"": -273}}, ""fanduel"": {""0.5"": {""over"": -250}}}",0.5,over,novig,-245.0,0.7101449275362319,True,-0.0473,1.5,over,draftkings,200.0,0.3333333333333333,True,-0.117
608348,Carson Kelly,CHC,KC,0,7.0,1,663738,Daniel Lynch IV,L,824081,8:10 PM ET,Kauffman Stadium,1,0,0.23450586264656617,2026-08-07,824081,0.0,1,103.7,102.1,85.4,R,1,1,0,0,0,0,0,0,0,0,0,1,0,0,0,0,1,0.929,1.021,0,0,0,0,0,0,0.23636363636363636,0.3114754098360656,0.8181818181818182,0.16393442622950818,0.2558139534883721,0.10909090909090909,0.03278688524590164,0.0,0.03636363636363636,1.2666666666666666,0.6666666666666666,0.37777777777777777,0.2,0.4444444444444444,0.28888888888888886,0.0,0.28332333333333337,0.4384844444444445,0.3333333333333333,0.08695652173913043,0.38106999999999996,0.56562,0.1568627450980392,0.21568627450980393,0.1724137931034483,0.30434782608695654,0.4782608695652174,0.23529411764705882,0.8717948717948718,0.15789473684210525,0.23684210526315788,0.07894736842105263,0.47058823529411764,0.23529411764705882,0.0,5.7857142857142865,0.9642857142857144,2.8928571428571432,0.08108108108108109,0.5410845920297431,0.1669540295726625,0.5410845920297431,0.23636363636363636,"{""novig"": {""1.5"": {""over"": 245}}, ""bet365"": {""0.5"": {""over"": -210, ""under"": 155}}, ""betmgm"": {""0.5"": {""over"": -210, ""under"": 155}}, ""draftkings"": {""0.5"": {""over"": -211, ""under"": 157}}, ""fanduel"": {""0.5"": {""over"": -210}}}",0.5,over,fanduel,-210.0,0.6774193548387096,True,-0.1363,1.5,over,novig,245.0,0.2898550724637681,True,-0.1229
621020,Dansby Swanson,CHC,KC,0,9.0,1,663738,Daniel Lynch IV,L,824081,8:10 PM ET,Kauffman Stadium,1,0,0.23450586264656617,2026-08-07,824081,0.0,1,103.7,102.1,85.4,R,4,4,0,0,0,0,0,0,0,2,0,2,0,0,1,1,0,0.1665,0.199,0,0,0,0,1,1,0.2962962962962963,0.3559322033898305,0.7592592592592593,0.22033898305084745,0.375,0.12962962962962962,0.01694915254237288,0.06779661016949153,0.09259259259259259,1.5333333333333334,0.8666666666666667,0.3902439024390244,0.2682926829268293,0.43902439024390244,0.1951219512195122,0.0,0.34245555555555557,0.5281666666666667,0.3333333333333333,0.15789473684210525,0.2780666666666668,0.44606666666666667,0.2222222222222222,0.2962962962962963,0.20689655172413793,0.3392857142857143,0.6607142857142857,0.23728813559322035,0.8717948717948718,0.15789473684210525,0.23684210526315788,0.07894736842105263,0.47058823529411764,0.23529411764705882,0.0,5.7857142857142865,0.9642857142857144,2.8928571428571432,0.08108108108108109,0.32839260447499147,0.05389714105597774,0.32839260447499147,0.2962962962962963,"{""novig"": {""0.5"": {""over"": -170, ""under"": 133}}, ""bet365"": {""0.5"": {""over"": -225, ""under"": 165}}, ""betmgm"": {""0.5"": {""over"": -175, ""under"": 130}}, ""draftkings"": {""0.5"": {""over"": -212, ""under"": 158}}, ""fanduel"": {""0.5"": {""over"": -210}}}",0.5,over,novig,-170.0,0.6296296296296297,True,-0.3012,1.5,,,,,False,
664023,Ian Happ,CHC,KC,0,6.0,1,663738,Daniel Lynch IV,L,824081,8:10 PM ET,Kauffman Stadium,0,0,0.23450586264656617,2026-08-07,824081,0.0,1,103.7,102.1,85.4,L,4,4,0,0,0,0,0,0,0,1,0,3,0,1,1,1,0,0.09566666666666668,0.108,0,0,0,0,1,0,0.12121212121212122,0.23684210526315788,0.6363636363636364,0.3157894736842105,0.19047619047619047,0.09090909090909091,0.0,0.07894736842105263,0.09090909090909091,0.4666666666666667,0.8,0.3333333333333333,0.19047619047619047,0.5238095238095238,0.2857142857142857,0.0,0.2338962962962963,0.3786,0.0,0.36363636363636365,0.12575000000000056,0.1545000000000012,0.20408163265306123,0.3469387755102041,0.2786885245901639,0.2037037037037037,0.4074074074074074,0.3050847457627119,0.8717948717948718,0.15789473684210525,0.23684210526315788,0.07894736842105263,0.47058823529411764,0.23529411764705882,0.0,5.7857142857142865,0.9642857142857144,2.8928571428571432,0.08108108108108109,0.6205703854419556,0.12359976508981459,0.6205703854419556,0.12121212121212122,"{""novig"": {""0.5"": {""over"": -170, ""under"": 122}}, ""bet365"": {""0.5"": {""over"": -190, ""under"": 140}}, ""betmgm"": {""0.5"": {""over"": -165, ""under"": 125}}, ""draftkings"": {""0.5"": {""over"": -188, ""under"": 141}}, ""fanduel"": {""0.5"": {""over"": -185}}}",0.5,over,betmgm,-165.0,0.6226415094339622,True,-0.0021,1.5,,,,,False,
683737,Michael Busch,CHC,KC,0,4.0,1,663738,Daniel Lynch IV,L,824081,8:10 PM ET,Kauffman Stadium,0,0,0.23450586264656617,2026-08-07,824081,0.0,1,103.7,102.1,85.4,L,5,4,0,0,0,0,0,0,0,2,0,2,0,0,0,1,0,0.022000000000000002,0.0245,0,0,0,0,1,1,0.23529411764705882,0.2571428571428571,0.7941176470588235,0.2,0.2830188679245283,0.07352941176470588,0.014285714285714285,0.02857142857142857,0.04411764705882353,1.4,0.9333333333333333,0.37037037037037035,0.2962962962962963,0.37037037037037035,0.2777777777777778,0.037037037037037035,0.2956155555555556,0.4827033333333333,0.3,0.14285714285714285,0.2871166666666666,0.5839599999999999,0.25,0.35294117647058826,0.2638888888888889,0.3333333333333333,0.6111111111111112,0.2,0.8717948717948718,0.15789473684210525,0.23684210526315788,0.07894736842105263,0.47058823529411764,0.23529411764705882,0.0,5.7857142857142865,0.9642857142857144,2.8928571428571432,0.08108108108108109,0.6529231868003721,0.17810187010585318,0.6529231868003721,0.23529411764705882,"{""novig"": {""1.5"": {""over"": 324}}, ""bet365"": {""0.5"": {""over"": -260, ""under"": 190}}, ""betmgm"": {""0.5"": {""over"": -235, ""under"": 175}}, ""draftkings"": {""0.5"": {""over"": -258, ""under"": 190}}, ""fanduel"": {""0.5"": {""over"": -240}}}",0.5,over,betmgm,-235.0,0.7014925373134329,True,-0.0486,1.5,over,novig,324.0,0.2358490566037736,True,-0.0577
663538,Nico Hoerner,CHC,KC,0,5.0,1,663738,Daniel Lynch IV,L,824081,8:10 PM ET,Kauffman Stadium,1,0,0.23450586264656617,2026-08-07,824081,0.0,1,103.7,102.1,85.4,R,4,4,0,0,0,0,0,0,0,1,0,3,0,1,1,2,0,0.38066666666666665,0.4136666666666667,0,0,0,0,1,0,0.3620689655172414,0.38333333333333336,0.8448275862068966,0.15,0.391304347826087,0.1724137931034483,0.05,0.016666666666666666,0.06896551724137931,2.066666666666667,0.6,0.3673469387755102,0.3673469387755102,0.3673469387755102,0.20408163265306123,0.04081632653061224,0.39665222222222224,0.51016,0.42105263157894735,0.2,0.3027333333333334,0.4779999999999999,0.4098360655737705,0.5081967213114754,0.12903225806451613,0.18867924528301888,0.2641509433962264,0.11666666666666667,0.8717948717948718,0.15789473684210525,0.23684210526315788,0.07894736842105263,0.47058823529411764,0.23529411764705882,0.0,5.7857142857142865,0.9642857142857144,2.8928571428571432,0.08108108108108109,0.6635676529854698,0.17080027410783397,0.6635676529854698,0.3620689655172414,"{""novig"": {""1.5"": {""over"": 194, ""under"": -264}}, ""bet365"": {""1.5"": {""over"": 150, ""under"": -200}}, ""betmgm"": {""1.5"": {""over"": 175, ""under"": -235}}, ""draftkings"": {""1.5"": {""over"": 175, ""under"": -237}}, ""fanduel"": {""0.5"": {""over"": -300}}}",0.5,over,fanduel,-300.0,0.75,True,-0.0864,1.5,over,novig,194.0,0.3401360544217687,True,-0.1693
699393,Pedro Ramírez,CHC,KC,0,8.0,1,663738,Daniel Lynch IV,L,824081,8:10 PM ET,Kauffman Stadium,0,0,0.23450586264656617,2026-08-07,824081,0.0,1,103.7,102.1,85.4,L,1,1,0,0,0,0,0,0,0,1,0,0,0,0,0,0,0,0.35600000000000004,0.4073333333333333,0,0,0,0,1,0,0.3225806451612903,0.4166666666666667,0.7741935483870968,0.19444444444444445,0.4166666666666667,0.06451612903225806,0.0,0.05555555555555555,0.06451612903225806,0.8,0.4666666666666667,0.5,0.3333333333333333,0.5416666666666666,0.08333333333333333,0.0,0.41047727272727275,0.49000757575757575,0.1111111111111111,0.4444444444444444,0.4115000000000001,0.4686666666666667,0.38095238095238093,0.5,0.14285714285714285,0.2857142857142857,0.35714285714285715,0.2,0.8717948717948718,0.15789473684210525,0.23684210526315788,0.07894736842105263,0.47058823529411764,0.23529411764705882,0.0,5.7857142857142865,0.9642857142857144,2.8928571428571432,0.08108108108108109,0.5949667187493572,0.1737158522396046,0.5949667187493572,0.3225806451612903,"{""novig"": {""0.5"": {""over"": -203}}, ""bet365"": {""0.5"": {""over"": -260, ""under"": 190}}, ""draftkings"": {""0.5"": {""over"": -216, ""under"": 160}}, ""fanduel"": {""0.5"": {""over"": -230}}}",0.5,over,novig,-203.0,0.66996699669967,True,-0.075,1.5,,,,,False,
691718,Pete Crow-Armstrong,CHC,KC,0,1.0,1,663738,Daniel Lynch IV,L,824081,8:10 PM ET,Kauffman Stadium,0,0,0.23450586264656617,2026-08-07,824081,0.0,1,103.7,102.1,85.4,L,5,5,2,0,0,0,0,0,0,2,2,3,0,2,1,1,1,0.4086666666666667,0.6216666666666667,1,1,1,1,1,1,0.3333333333333333,0.44285714285714284,0.6491228070175439,0.2857142857142857,0.42424242424242425,0.47368421052631576,0.07142857142857142,0.08571428571428572,0.24561403508771928,3.066666666666667,1.3333333333333333,0.6052631578947368,0.3157894736842105,0.13157894736842105,0.47368421052631576,0.10526315789473684,0.3946444444444444,0.73945,0.4117647058823529,0.22727272727272727,0.42091666666666666,0.7147166666666666,0.22413793103448276,0.5517241379310345,0.3188405797101449,0.3090909090909091,0.5272727272727272,0.2714285714285714,0.8717948717948718,0.15789473684210525,0.23684210526315788,0.07894736842105263,0.47058823529411764,0.23529411764705882,0.0,5.7857142857142865,0.9642857142857144,2.8928571428571432,0.08108108108108109,0.6185288063507096,0.15605825870409132,0.6185288063507096,0.3333333333333333,"{""novig"": {""1.5"": {""over"": 194, ""under"": -300}}, ""bet365"": {""1.5"": {""over"": 165, ""under"": -225}}, ""betmgm"": {""1.5"": {""over"": 175, ""under"": -235}}, ""draftkings"": {""1.5"": {""over"": 168, ""under"": -227}}, ""fanduel"": {""0.5"": {""over"": -270}}}",0.5,over,fanduel,-270.0,0.7297297297297297,True,-0.1112,1.5,over,novig,194.0,0.3401360544217687,True,-0.1841
673548,Seiya Suzuki,CHC,KC,0,2.0,1,663738,Daniel Lynch IV,L,824081,8:10 PM ET,Kauffman Stadium,1,0,0.23450586264656617,2026-08-07,824081,0.0,1,103.7,102.1,85.4,R,5,4,0,0,0,0,1,0,0,1,0,3,0,1,1,2,0,0.20366666666666666,0.5606666666666666,0,0,0,0,1,0,0.2542372881355932,0.3972602739726027,0.6610169491525424,0.273972602739726,0.3142857142857143,0.2711864406779661,0.0547945205479452,0.0547945205479452,0.13559322033898305,2.066666666666667,1.3333333333333333,0.28205128205128205,0.2564102564102564,0.3076923076923077,0.28205128205128205,0.0,0.36241666666666666,0.6816555555555556,0.3333333333333333,0.18181818181818182,0.48805,0.7237999999999998,0.29310344827586204,0.5517241379310345,0.3055555555555556,0.24074074074074073,0.4444444444444444,0.22950819672131148,0.8717948717948718,0.15789473684210525,0.23684210526315788,0.07894736842105263,0.47058823529411764,0.23529411764705882,0.0,5.7857142857142865,0.9642857142857144,2.8928571428571432,0.08108108108108109,0.6202419322120686,0.2209242471369143,0.6202419322120686,0.2542372881355932,"{""novig"": {""1.5"": {""over"": 203, ""under"": -292}}, ""bet365"": {""1.5"": {""over"": 185, ""under"": -250}}, ""betmgm"": {""1.5"": {""over"": 180, ""under"": -250}}, ""draftkings"": {""1.5"": {""over"": 189, ""under"": -257}}, ""fanduel"": {""0.5"": {""over"": -270}}}",0.5,over,fanduel,-270.0,0.7297297297297297,True,-0.1095,1.5,over,novig,203.0,0.33003300330033003,True,-0.1091
676475,Alec Burleson,STL,COL,1,3.0,1,663372,Ryan Feltner,R,823024,8:15 PM ET,Busch Stadium,0,1,0.20818505338078291,2026-08-07,823024,0.0,0,102.1,95.0,81.5,L,4,4,1,1,0,0,0,0,0,1,2,3,0,2,0,2,1,0.444,0.5713333333333334,1,0,1,1,1,0,0.38181818181818183,0.45161290322580644,0.7636363636363637,0.20967741935483872,0.46153846153846156,0.23636363636363636,0.04838709677419355,0.06451612903225806,0.12727272727272726,2.2666666666666666,0.8666666666666667,0.5476190476190477,0.30952380952380953,0.40476190476190477,0.23809523809523808,0.047619047619047616,0.39037976190476187,0.7030154761904761,0.4375,0.2,0.3672291666666666,0.8358541666666665,0.36363636363636365,0.5818181818181818,0.16129032258064516,0.3,0.48333333333333334,0.1076923076923077,0.7318181818181818,0.22459893048128343,0.47715736040609136,0.2131979695431472,0.4472049689440994,0.2670807453416149,0.018633540372670808,7.815789473684211,1.4210526315789476,6.927631578947368,0.18660287081339713,0.6737153169075855,0.2688968736119512,0.6737153169075855,0.38181818181818183,"{""novig"": {""1.5"": {""over"": 190, ""under"": -264}}, ""bet365"": {""1.5"": {""over"": 190, ""under"": -260}}, ""betmgm"": {""1.5"": {""over"": 165, ""under"": -225}}, ""draftkings"": {""1.5"": {""over"": 172, ""under"": -232}}, ""fanduel"": {""0.5"": {""over"": -310}}}",0.5,over,fanduel,-310.0,0.7560975609756098,True,-0.0824,1.5,over,bet365,190.0,0.3448275862068966,True,-0.0759
663494,Bryan Torres,STL,COL,1,8.0,1,663372,Ryan Feltner,R,823024,8:15 PM ET,Busch Stadium,0,1,0.20818505338078291,2026-08-07,823024,0.0,0,102.1,95.0,81.5,L,4,3,0,0,0,0,1,0,0,2,0,1,0,0,0,1,0,0.08,0.093,0,0,0,0,1,1,0.3225806451612903,0.36363636363636365,0.7741935483870968,0.21212121212121213,0.4166666666666667,0.0967741935483871,0.0,0.030303030303030304,0.06451612903225806,0.8666666666666667,0.4666666666666667,0.3333333333333333,0.375,0.4583333333333333,0.16666666666666666,0.0,0.3629226190476191,0.48054761904761906,0.2857142857142857,0.2,0.29883333333333334,0.3757333333333333,0.30303030303030304,0.3939393939393939,0.17647058823529413,0.45454545454545453,0.7272727272727273,0.0,0.7318181818181818,0.22459893048128343,0.47715736040609136,0.2131979695431472,0.4472049689440994,0.2670807453416149,0.018633540372670808,7.815789473684211,1.4210526315789476,6.927631578947368,0.18660287081339713,0.5735334080328224,0.17812697605386948,0.5735334080328224,0.3225806451612903,"{""novig"": {""0.5"": {""over"": -150, ""under"": 113}}, ""bet365"": {""0.5"": {""over"": -160, ""under"": 120}}, ""betmgm"": {""0.5"": {""over"": -175, ""under"": 130}}, ""draftkings"": {""0.5"": {""over"": -150, ""under"": 113}}, ""fanduel"": {""0.5"": {""over"": -180}}}",0.5,over,draftkings,-150.0,0.6,True,-0.0265,1.5,,,,,False,
693409,César Prieto,STL,COL,1,9.0,1,663372,Ryan Feltner,R,823024,8:15 PM ET,Busch Stadium,0,1,0.20818505338078291,2026-08-07,823024,0.0,0,102.1,95.0,81.5,L,3,3,0,0,0,0,0,0,0,1,0,2,0,0,0,1,1,0.5985,0.7075,0,0,0,0,1,0,0.17142857142857143,0.17142857142857143,0.7142857142857143,0.2857142857142857,0.24,0.02857142857142857,0.0,0.02857142857142857,0.02857142857142857,0.5,0.7142857142857143,0.32,0.2,0.48,0.24,0.04,0.26243055555555556,0.45373611111111106,0.0,0.125,0.3075166666666667,0.5370833333333332,0.18518518518518517,0.18518518518518517,0.2962962962962963,,,,0.7318181818181818,0.22459893048128343,0.47715736040609136,0.2131979695431472,0.4472049689440994,0.2670807453416149,0.018633540372670808,7.815789473684211,1.4210526315789476,6.927631578947368,0.18660287081339713,0.3651314866090878,0.0893708227865543,0.3651314866090878,0.17142857142857143,"{""novig"": {""0.5"": {""over"": -141, ""under"": 117}}, ""bet365"": {""0.5"": {""over"": -130, ""under"": -105}}, ""betmgm"": {""0.5"": {""over"": -150, ""under"": 110}}, ""draftkings"": {""0.5"": {""over"": -137, ""under"": 103}}, ""fanduel"": {""0.5"": {""over"": -170}}}",0.5,over,bet365,-130.0,0.5652173913043478,True,-0.2001,1.5,,,,,False,
671056,Iván Herrera,STL,COL,1,4.0,1,663372,Ryan Feltner,R,823024,8:15 PM ET,Busch Stadium,1,1,0.20818505338078291,2026-08-07,823024,0.0,0,102.1,95.0,81.5,R,5,5,1,1,0,0,0,0,0,2,2,3,0,2,0,1,1,0.35566666666666663,0.6553333333333334,1,0,1,1,1,1,0.2,0.23809523809523808,0.7166666666666667,0.2698412698412698,0.2619047619047619,0.11666666666666667,0.015873015873015872,0.06349206349206349,0.08333333333333333,1.2666666666666666,1.1333333333333333,0.46511627906976744,0.27906976744186046,0.5348837209302325,0.11627906976744186,0.0,0.3215654761904762,0.4570357142857143,0.10526315789473684,0.19047619047619047,0.2919833333333333,0.35643333333333327,0.15,0.18333333333333332,0.2153846153846154,0.21428571428571427,0.30357142857142855,0.1774193548387097,0.7318181818181818,0.22459893048128343,0.47715736040609136,0.2131979695431472,0.4472049689440994,0.2670807453416149,0.018633540372670808,7.815789473684211,1.4210526315789476,6.927631578947368,0.18660287081339713,0.6462308212729012,0.2676052402483385,0.6462308212729012,0.2,"{""novig"": {""1.5"": {""over"": 199}}, ""bet365"": {""0.5"": {""over"": -260, ""under"": 190}}, ""betmgm"": {""0.5"": {""over"": -250, ""under"": 180}}, ""draftkings"": {""0.5"": {""over"": -256, ""under"": 189}}, ""fanduel"": {""0.5"": {""over"": -260}}}",0.5,over,betmgm,-250.0,0.7142857142857143,True,-0.0681,1.5,over,novig,199.0,0.33444816053511706,True,-0.0668
802139,JJ Wetherholt,STL,COL,1,1.0,1,663372,Ryan Feltner,R,823024,8:15 PM ET,Busch Stadium,0,1,0.20818505338078291,2026-08-07,823024,0.0,0,102.1,95.0,81.5,L,5,3,1,1,0,0,2,0,0,0,2,3,1,2,2,1,0,0.5123333333333333,1.2363333333333335,1,0,1,1,0,0,0.14814814814814814,0.2923076923076923,0.8148148148148148,0.15384615384615385,0.14285714285714285,0.1111111111111111,0.03076923076923077,0.0,0.037037037037037035,0.9333333333333333,0.6666666666666666,0.3181818181818182,0.11363636363636363,0.7272727272727273,0.1590909090909091,0.022727272727272728,0.28689555555555557,0.4689677777777777,0.16666666666666666,0.08695652173913043,0.2589833333333333,0.49526666666666663,0.19298245614035087,0.2982456140350877,0.1791044776119403,0.21666666666666667,0.35,0.15151515151515152,0.7318181818181818,0.22459893048128343,0.47715736040609136,0.2131979695431472,0.4472049689440994,0.2670807453416149,0.018633540372670808,7.815789473684211,1.4210526315789476,6.927631578947368,0.18660287081339713,0.6291832132114712,0.18123093765891266,0.6291832132114712,0.14814814814814814,"{""novig"": {""1.5"": {""over"": 208}}, ""bet365"": {""0.5"": {""over"": -250, ""under"": 185}}, ""betmgm"": {""0.5"": {""over"": -275, ""under"": 190}}, ""draftkings"": {""0.5"": {""over"": -254, ""under"": 187}}, ""fanduel"": {""0.5"": {""over"": -270}}}",0.5,over,bet365,-250.0,0.7142857142857143,True,-0.0851,1.5,over,novig,208.0,0.3246753246753247,True,-0.1434
699625,Jimmy Crooks,STL,COL,1,5.0,1,663372,Ryan Feltner,R,823024,8:15 PM ET,Busch Stadium,0,1,0.20818505338078291,2026-08-07,823024,0.0,0,102.1,95.0,81.5,L,4,4,2,1,0,0,0,0,0,1,3,3,0,2,2,0,1,0.39433333333333337,0.65,1,1,1,1,1,0,0.1891891891891892,0.23076923076923078,0.5945945945945946,0.38461538461538464,0.21052631578947367,0.2702702702702703,0.07692307692307693,0.02564102564102564,0.10810810810810811,1.1333333333333333,1.0,0.5909090909090909,0.13636363636363635,0.22727272727272727,0.5454545454545454,0.09090909090909091,0.35302083333333334,0.9712361111111111,0.13333333333333333,0.4,0.24905,0.5295000000000002,0.19444444444444445,0.3888888888888889,0.38461538461538464,0.2,0.7,0.45454545454545453,0.7318181818181818,0.22459893048128343,0.47715736040609136,0.2131979695431472,0.4472049689440994,0.2670807453416149,0.018633540372670808,7.815789473684211,1.4210526315789476,6.927631578947368,0.18660287081339713,0.5860492261523317,0.22331835268337139,0.5860492261523317,0.1891891891891892,"{""novig"": {""0.5"": {""over"": -156, ""under"": 108}}, ""bet365"": {""0.5"": {""over"": -180, ""under"": 135}}, ""betmgm"": {""0.5"": {""over"": -175, ""under"": 130}}, ""draftkings"": {""0.5"": {""over"": -160, ""under"": 120}}, ""fanduel"": {""0.5"": {""over"": -165}}}",0.5,over,novig,-156.0,0.609375,True,-0.0233,1.5,,,,,False,
691023,Jordan Walker,STL,COL,1,2.0,1,663372,Ryan Feltner,R,823024,8:15 PM ET,Busch Stadium,1,1,0.20818505338078291,2026-08-07,823024,0.0,0,102.1,95.0,81.5,R,5,5,2,0,0,0,0,0,0,2,2,3,0,1,1,1,1,0.38199999999999995,0.447,1,1,1,1,1,1,0.22580645161290322,0.2727272727272727,0.7096774193548387,0.2727272727272727,0.3181818181818182,0.06451612903225806,0.0,0.06060606060606061,0.06451612903225806,1.2,1.2,0.3409090909090909,0.3409090909090909,0.3181818181818182,0.20454545454545456,0.022727272727272728,0.3246777777777778,0.5020622222222222,0.2916666666666667,0.3333333333333333,0.2990499999999999,0.3777033333333335,0.26229508196721313,0.32786885245901637,0.234375,0.3090909090909091,0.509090909090909,0.20634920634920634,0.7318181818181818,0.22459893048128343,0.47715736040609136,0.2131979695431472,0.4472049689440994,0.2670807453416149,0.018633540372670808,7.815789473684211,1.4210526315789476,6.927631578947368,0.18660287081339713,0.6386124686653891,0.2313013103024569,0.6386124686653891,0.22580645161290322,"{""novig"": {""1.5"": {""over"": 199, ""under"": -270}}, ""bet365"": {""1.5"": {""over"": 200, ""under"": -275}}, ""betmgm"": {""1.5"": {""over"": 165, ""under"": -225}}, ""draftkings"": {""1.5"": {""over"": 189, ""under"": -257}}, ""fanduel"": {""0.5"": {""over"": -270}}}",0.5,over,fanduel,-270.0,0.7297297297297297,True,-0.0911,1.5,over,bet365,200.0,0.3333333333333333,True,-0.102
691026,Masyn Winn,STL,COL,1,6.0,1,663372,Ryan Feltner,R,823024,8:15 PM ET,Busch Stadium,1,1,0.20818505338078291,2026-08-07,823024,0.0,0,102.1,95.0,81.5,R,1,1,0,0,0,0,0,0,0,0,0,1,0,0,0,1,0,0.279,0.282,0,0,0,0,0,0,0.22641509433962265,0.32786885245901637,0.6792452830188679,0.2786885245901639,0.3333333333333333,0.03773584905660377,0.0,0.03278688524590164,0.03773584905660377,0.9333333333333333,1.1333333333333333,0.3611111111111111,0.3333333333333333,0.3611111111111111,0.2777777777777778,0.0,0.34000555555555556,0.4324833333333334,0.17647058823529413,0.3333333333333333,0.26713333333333333,0.32966666666666666,0.2,0.24,0.25,0.3050847457627119,0.3898305084745763,0.24615384615384617,0.7318181818181818,0.22459893048128343,0.47715736040609136,0.2131979695431472,0.4472049689440994,0.2670807453416149,0.018633540372670808,7.815789473684211,1.4210526315789476,6.927631578947368,0.18660287081339713,0.5943597309599397,0.19326212318127264,0.5943597309599397,0.22641509433962265,"{""novig"": {""0.5"": {""over"": -208, ""under"": 133}}, ""bet365"": {""0.5"": {""over"": -200, ""under"": 150}}, ""betmgm"": {""0.5"": {""over"": -210, ""under"": 155}}, ""draftkings"": {""0.5"": {""over"": -232, ""under"": 172}}, ""fanduel"": {""0.5"": {""over"": -220}}}",0.5,over,bet365,-200.0,0.6666666666666666,True,-0.0723,1.5,,,,,False,
701675,Nathan Church,STL,COL,1,7.0,1,663372,Ryan Feltner,R,823024,8:15 PM ET,Busch Stadium,0,1,0.20818505338078291,2026-08-07,823024,0.0,0,102.1,95.0,81.5,L,4,4,2,0,0,0,0,0,0,0,2,4,0,1,0,1,3,0.491,0.65675,1,1,1,1,0,0,0.2558139534883721,0.32653061224489793,0.813953488372093,0.16,0.2857142857142857,0.06976744186046512,0.02,0.0,0.023255813953488372,0.9333333333333333,0.5333333333333333,0.35135135135135137,0.24324324324324326,0.3783783783783784,0.24324324324324326,0.0,0.32870238095238097,0.44077380952380946,0.3888888888888889,0.14285714285714285,0.36673333333333336,0.4513999999999999,0.22727272727272727,0.29545454545454547,0.16,0.21153846153846154,0.28846153846153844,0.19298245614035087,0.7318181818181818,0.22459893048128343,0.47715736040609136,0.2131979695431472,0.4472049689440994,0.2670807453416149,0.018633540372670808,7.815789473684211,1.4210526315789476,6.927631578947368,0.18660287081339713,0.5786358649961205,0.20714373830371735,0.5786358649961205,0.2558139534883721,"{""novig"": {""1.5"": {""over"": 277}}, ""bet365"": {""0.5"": {""over"": -180, ""under"": 135}}, ""betmgm"": {""0.5"": {""over"": -200, ""under"": 150}}, ""draftkings"": {""0.5"": {""over"": -180, ""under"": 135}}, ""fanduel"": {""0.5"": {""over"": -250}}}",0.5,over,draftkings,-180.0,0.6428571428571429,True,-0.0642,1.5,over,novig,277.0,0.26525198938992045,True,-0.0581
694249,Cole Carrigg,COL,STL,0,2.0,1,681517,Kyle Leahy,R,823024,8:15 PM ET,Busch Stadium,1,1,0.22473867595818817,2026-08-07,823024,0.0,0,102.1,95.0,81.5,R,1,0,0,0,0,0,1,0,0,0,0,0,0,0,0,0,0,0.47550000000000003,0.5645,0,0,0,0,0,0,0.3548387096774194,0.4594594594594595,0.8064516129032258,0.16216216216216217,0.4166666666666667,0.1935483870967742,0.02702702702702703,0.08108108108108109,0.12903225806451613,1.1333333333333333,0.4,0.28,0.36,0.32,0.24,0.0,0.41157142857142853,0.5420357142857143,0.25,0.3076923076923077,0.4344,0.5847000000000001,0.33962264150943394,0.5094339622641509,0.15873015873015872,0.3333333333333333,0.5416666666666666,0.23214285714285715,0.7009803921568627,0.2185792349726776,0.3689839572192513,0.13368983957219252,0.43356643356643354,0.23076923076923078,0.013986013986013986,8.361290322580645,0.5225806451612903,8.01290322580645,0.2100456621004566,0.6097742856028817,0.24586785652942508,0.6097742856028817,0.3548387096774194,"{""novig"": {""0.5"": {""over"": -228, ""under"": 163}}, ""bet365"": {""0.5"": {""over"": -235, ""under"": 175}}, ""betmgm"": {""0.5"": {""over"": -235, ""under"": 170}}, ""draftkings"": {""0.5"": {""over"": -237, ""under"": 176}}, ""fanduel"": {""0.5"": {""over"": -240}}}",0.5,over,novig,-228.0,0.6951219512195121,True,-0.0853,1.5,,,,,False,
666397,Edouard Julien,COL,STL,0,9.0,1,681517,Kyle Leahy,R,823024,8:15 PM ET,Busch Stadium,0,1,0.22473867595818817,2026-08-07,823024,0.0,0,102.1,95.0,81.5,L,4,3,0,0,0,0,1,0,0,1,0,2,0,1,0,1,1,0.393,0.9660000000000001,0,0,0,0,1,0,0.1282051282051282,0.2608695652173913,0.7435897435897436,0.21739130434782608,0.14285714285714285,0.1282051282051282,0.021739130434782608,0.043478260869565216,0.07692307692307693,0.6666666666666666,0.6666666666666666,0.4482758620689655,0.10344827586206896,0.6206896551724138,0.20689655172413793,0.034482758620689655,0.28384615384615386,0.6348525641025641,0.08333333333333333,0.26666666666666666,0.24675000000000002,0.3372500000000002,0.125,0.25,0.22448979591836735,0.21951219512195122,0.34146341463414637,0.24,0.7009803921568627,0.2185792349726776,0.3689839572192513,0.13368983957219252,0.43356643356643354,0.23076923076923078,0.013986013986013986,8.361290322580645,0.5225806451612903,8.01290322580645,0.2100456621004566,0.4585827310823259,0.11752886209753649,0.4585827310823259,0.1282051282051282,"{""novig"": {""0.5"": {""over"": -122, ""under"": -100}}, ""bet365"": {""0.5"": {""over"": -120, ""under"": -110}}, ""betmgm"": {""0.5"": {""over"": -120, ""under"": -110}}, ""draftkings"": {""0.5"": {""over"": -122, ""under"": -109}}, ""fanduel"": {""0.5"": {""over"": -150}}}",0.5,over,betmgm,-120.0,0.5454545454545454,True,-0.0869,1.5,,,,,False,
678662,Ezequiel Tovar,COL,STL,0,7.0,1,681517,Kyle Leahy,R,823024,8:15 PM ET,Busch Stadium,1,1,0.22473867595818817,2026-08-07,823024,0.0,0,102.1,95.0,81.5,R,3,3,1,0,0,0,0,0,0,2,1,1,0,1,0,0,1,0.649,0.734,1,0,1,0,1,1,0.2222222222222222,0.28,0.7555555555555555,0.21568627450980393,0.2647058823529412,0.1111111111111111,0.0196078431372549,0.0392156862745098,0.06666666666666667,1.0,0.7333333333333333,0.4444444444444444,0.25,0.3888888888888889,0.16666666666666666,0.027777777777777776,0.2788809523809524,0.39745238095238095,0.375,0.11764705882352941,0.29980000000000007,0.48610000000000014,0.18604651162790697,0.32558139534883723,0.12244897959183673,0.1111111111111111,0.2,0.22,0.7009803921568627,0.2185792349726776,0.3689839572192513,0.13368983957219252,0.43356643356643354,0.23076923076923078,0.013986013986013986,8.361290322580645,0.5225806451612903,8.01290322580645,0.2100456621004566,0.6134909606961085,0.1901593558866206,0.6134909606961085,0.2222222222222222,"{""novig"": {""0.5"": {""over"": -160, ""under"": 133}}, ""bet365"": {""0.5"": {""over"": -175, ""under"": 132}}, ""betmgm"": {""0.5"": {""over"": -165, ""under"": 125}}, ""draftkings"": {""0.5"": {""over"": -165, ""under"": 124}}, ""fanduel"": {""0.5"": {""over"": -170}}}",0.5,over,novig,-160.0,0.6153846153846154,True,-0.0019,1.5,,,,,False,
696100,Hunter Goodman,COL,STL,0,4.0,1,681517,Kyle Leahy,R,823024,8:15 PM ET,Busch Stadium,1,1,0.22473867595818817,2026-08-07,823024,0.0,0,102.1,95.0,81.5,R,1,1,0,0,0,0,0,0,0,1,0,0,0,0,0,0,0,0.18475,0.20700000000000002,0,0,0,0,1,0,0.27586206896551724,0.328125,0.5517241379310345,0.40625,0.37037037037037035,0.3275862068965517,0.09375,0.015625,0.1206896551724138,2.3333333333333335,1.7333333333333334,0.3939393939393939,0.15151515151515152,0.2727272727272727,0.5151515151515151,0.06060606060606061,0.32171555555555553,0.5931,0.23809523809523808,0.391304347826087,0.17783000000000002,0.26479999999999987,0.288135593220339,0.6610169491525424,0.4426229508196721,0.2127659574468085,0.2127659574468085,0.2833333333333333,0.7009803921568627,0.2185792349726776,0.3689839572192513,0.13368983957219252,0.43356643356643354,0.23076923076923078,0.013986013986013986,8.361290322580645,0.5225806451612903,8.01290322580645,0.2100456621004566,0.6051395677827296,0.20533148322698733,0.6051395677827296,0.27586206896551724,"{""novig"": {""0.5"": {""over"": -182, ""under"": 144}}, ""bet365"": {""0.5"": {""over"": -190, ""under"": 140}}, ""betmgm"": {""0.5"": {""over"": -185, ""under"": 135}}, ""draftkings"": {""0.5"": {""over"": -191, ""under"": 142}}, ""fanduel"": {""0.5"": {""over"": -195}}}",0.5,over,novig,-182.0,0.6453900709219859,True,-0.0403,1.5,,,,,False,
664983,Jake McCarthy,COL,STL,0,1.0,1,681517,Kyle Leahy,R,823024,8:15 PM ET,Busch Stadium,0,1,0.22473867595818817,2026-08-07,823024,0.0,0,102.1,95.0,81.5,L,4,4,1,0,0,0,0,0,0,0,1,4,0,1,2,2,0,0.414,0.44075,1,0,1,0,0,0,0.2608695652173913,0.2571428571428571,0.8115942028985508,0.18571428571428572,0.30357142857142855,0.14492753623188406,0.014285714285714285,0.07142857142857142,0.10144927536231885,1.8666666666666667,0.8666666666666667,0.2807017543859649,0.3684210526315789,0.40350877192982454,0.19298245614035087,0.0,0.3414877777777778,0.42638000000000004,0.30434782608695654,0.08333333333333333,0.36665666666666663,0.47491333333333313,0.27692307692307694,0.47692307692307695,0.19402985074626866,0.2542372881355932,0.3389830508474576,0.2153846153846154,0.7009803921568627,0.2185792349726776,0.3689839572192513,0.13368983957219252,0.43356643356643354,0.23076923076923078,0.013986013986013986,8.361290322580645,0.5225806451612903,8.01290322580645,0.2100456621004566,0.6435125072069747,0.2159333874763543,0.6435125072069747,0.2608695652173913,"{""novig"": {""1.5"": {""over"": 203, ""under"": -277}}, ""bet365"": {""0.5"": {""over"": -260, ""under"": 190}}, ""betmgm"": {""1.5"": {""over"": 180, ""under"": -250}}, ""draftkings"": {""1.5"": {""over"": 190, ""under"": -258}}, ""fanduel"": {""0.5"": {""over"": -280}}}",0.5,over,bet365,-260.0,0.7222222222222222,True,-0.0787,1.5,over,novig,203.0,0.33003300330033003,True,-0.1141
666160,Mickey Moniak,COL,STL,0,3.0,1,681517,Kyle Leahy,R,823024,8:15 PM ET,Busch Stadium,0,1,0.22473867595818817,2026-08-07,823024,0.0,0,102.1,95.0,81.5,L,3,3,1,0,0,0,0,0,0,1,1,2,0,1,0,1,1,0.2915,0.4485,1,0,1,0,1,0,0.25862068965517243,0.2698412698412698,0.7413793103448276,0.23809523809523808,0.2619047619047619,0.27586206896551724,0.06349206349206349,0.031746031746031744,0.1206896551724138,2.066666666666667,1.0,0.391304347826087,0.1956521739130435,0.391304347826087,0.34782608695652173,0.021739130434782608,0.3033452380952381,0.5499821428571429,0.2631578947368421,0.18181818181818182,0.30068333333333336,0.6002666666666666,0.22641509433962265,0.37735849056603776,0.2807017543859649,0.28,0.44,0.2777777777777778,0.7009803921568627,0.2185792349726776,0.3689839572192513,0.13368983957219252,0.43356643356643354,0.23076923076923078,0.013986013986013986,8.361290322580645,0.5225806451612903,8.01290322580645,0.2100456621004566,0.6176248555494099,0.1798705286894401,0.6176248555494099,0.25862068965517243,"{""novig"": {""1.5"": {""over"": 228}}, ""bet365"": {""0.5"": {""over"": -220, ""under"": 160}}, ""betmgm"": {""0.5"": {""over"": -210, ""under"": 155}}, ""draftkings"": {""0.5"": {""over"": -218, ""under"": 162}}, ""fanduel"": {""0.5"": {""over"": -220}}}",0.5,over,betmgm,-210.0,0.6774193548387096,True,-0.0598,1.5,over,novig,228.0,0.3048780487804878,True,-0.125
681198,TJ Rumfield,COL,STL,0,5.0,1,681517,Kyle Leahy,R,823024,8:15 PM ET,Busch Stadium,0,1,0.22473867595818817,2026-08-07,823024,0.0,0,102.1,95.0,81.5,L,4,4,0,0,0,0,0,0,0,1,0,3,0,3,2,1,0,0.19566666666666666,0.39066666666666666,0,0,0,0,1,0,0.2909090909090909,0.3389830508474576,0.8,0.1864406779661017,0.3488372093023256,0.12727272727272726,0.01694915254237288,0.06779661016949153,0.09090909090909091,1.5333333333333334,0.7333333333333333,0.2727272727272727,0.29545454545454547,0.4318181818181818,0.20454545454545456,0.0,0.3157544444444444,0.40925666666666666,0.3157894736842105,0.10526315789473684,0.28729666666666664,0.35455333333333333,0.32727272727272727,0.45454545454545453,0.1724137931034483,0.2909090909090909,0.41818181818181815,0.15625,0.7009803921568627,0.2185792349726776,0.3689839572192513,0.13368983957219252,0.43356643356643354,0.23076923076923078,0.013986013986013986,8.361290322580645,0.5225806451612903,8.01290322580645,0.2100456621004566,0.6085460370336487,0.2009881087011706,0.6085460370336487,0.2909090909090909,"{""novig"": {""0.5"": {""over"": -217, ""under"": 172}}, ""bet365"": {""0.5"": {""over"": -225, ""under"": 165}}, ""betmgm"": {""0.5"": {""over"": -210, ""under"": 155}}, ""draftkings"": {""0.5"": {""over"": -231, ""under"": 171}}, ""fanduel"": {""0.5"": {""over"": -220}}}",0.5,over,betmgm,-210.0,0.6774193548387096,True,-0.0689,1.5,,,,,False,
687859,Troy Johnston,COL,STL,0,8.0,1,681517,Kyle Leahy,R,823024,8:15 PM ET,Busch Stadium,0,1,0.22473867595818817,2026-08-07,823024,0.0,0,102.1,95.0,81.5,L,2,2,0,0,0,0,0,0,0,1,0,1,0,0,0,0,1,0.349,0.405,0,0,0,0,1,0,0.13333333333333333,0.18,0.8,0.18,0.15789473684210525,0.044444444444444446,0.0,0.04,0.044444444444444446,0.5333333333333333,0.6,0.42105263157894735,0.34210526315789475,0.42105263157894735,0.23684210526315788,0.0,0.3059702380952381,0.43524404761904767,0.17647058823529413,0.23529411764705882,0.33038333333333336,0.4674833333333332,0.14285714285714285,0.19047619047619047,0.20833333333333334,0.30434782608695654,0.4782608695652174,0.12962962962962962,0.7009803921568627,0.2185792349726776,0.3689839572192513,0.13368983957219252,0.43356643356643354,0.23076923076923078,0.013986013986013986,8.361290322580645,0.5225806451612903,8.01290322580645,0.2100456621004566,0.5691811822265493,0.12422006088180985,0.5691811822265493,0.13333333333333333,"{""novig"": {""0.5"": {""over"": -153, ""under"": 144}}, ""bet365"": {""0.5"": {""over"": -175, ""under"": 132}}, ""betmgm"": {""0.5"": {""over"": -160, ""under"": 120}}, ""draftkings"": {""0.5"": {""over"": -158, ""under"": 119}}, ""fanduel"": {""0.5"": {""over"": -185}}}",0.5,over,novig,-153.0,0.6047430830039525,True,-0.0356,1.5,,,,,False,
650489,Willi Castro,COL,STL,0,6.0,1,681517,Kyle Leahy,R,823024,8:15 PM ET,Busch Stadium,0,1,0.22473867595818817,2026-08-07,823024,0.0,0,102.1,95.0,81.5,L,4,4,1,0,0,1,0,0,0,1,4,3,0,1,1,1,1,0.424,1.2676666666666667,1,0,1,1,1,0,0.32142857142857145,0.42424242424242425,0.6428571428571429,0.30303030303030304,0.4,0.39285714285714285,0.09090909090909091,0.0,0.14285714285714285,1.3333333333333333,0.6666666666666666,0.3888888888888889,0.2222222222222222,0.3888888888888889,0.3333333333333333,0.0,0.3952361111111111,0.9726944444444444,0.4444444444444444,0.1,0.34519999999999995,0.6388000000000007,0.2549019607843137,0.6274509803921569,0.2631578947368421,0.21428571428571427,0.2857142857142857,0.4098360655737705,0.7009803921568627,0.2185792349726776,0.3689839572192513,0.13368983957219252,0.43356643356643354,0.23076923076923078,0.013986013986013986,8.361290322580645,0.5225806451612903,8.01290322580645,0.2100456621004566,0.5680210612590275,0.17587011328471855,0.5680210612590275,0.32142857142857145,"{""novig"": {""0.5"": {""over"": -186, ""under"": 141}}, ""bet365"": {""0.5"": {""over"": -190, ""under"": 140}}, ""betmgm"": {""0.5"": {""over"": -175, ""under"": 130}}, ""draftkings"": {""0.5"": {""over"": -181, ""under"": 136}}, ""fanduel"": {""0.5"": {""over"": -190}}}",0.5,over,betmgm,-175.0,0.6363636363636364,True,-0.0683,1.5,,,,,False,
607043,Brandon Nimmo,TEX,BAL,1,4.0,1,669358,Shane Baz,R,822863,8:15 PM ET,Globe Life Field,0,1,0.2577132486388385,2026-08-07,822863,1.0,0,94.8,94.6,93.8,L,4,3,2,0,0,1,1,0,0,0,5,3,0,1,1,1,1,0.38566666666666666,0.5346666666666667,1,1,1,1,0,0,0.32142857142857145,0.3770491803278688,0.7321428571428571,0.2459016393442623,0.41025641025641024,0.19642857142857142,0.03278688524590164,0.08196721311475409,0.125,1.9333333333333333,1.0,0.43902439024390244,0.3902439024390244,0.36585365853658536,0.17073170731707318,0.024390243902439025,0.40782222222222225,0.5717333333333333,0.3684210526315789,0.19047619047619047,0.35963333333333336,0.6275000000000002,0.21428571428571427,0.32142857142857145,0.3333333333333333,0.36,0.66,0.14285714285714285,0.7246963562753036,0.2645739910313901,0.38666666666666666,0.11555555555555555,0.4134078212290503,0.2737430167597765,0.01675977653631285,7.8989361702127665,0.574468085106383,7.468085106382978,0.1984732824427481,0.6060002483040322,0.21499930993576744,0.6060002483040322,0.32142857142857145,"{""novig"": {""0.5"": {""over"": -208, ""under"": 141}}, ""bet365"": {""0.5"": {""over"": -220, ""under"": 160}}, ""betmgm"": {""0.5"": {""over"": -190, ""under"": 140}}, ""draftkings"": {""0.5"": {""over"": -214, ""under"": 159}}, ""fanduel"": {""0.5"": {""over"": -230}}}",0.5,over,betmgm,-190.0,0.6551724137931034,True,-0.0492,1.5,,,,,False,
608369,Corey Seager,TEX,BAL,1,3.0,1,669358,Shane Baz,R,822863,8:15 PM ET,Globe Life Field,0,1,0.2577132486388385,2026-08-07,822863,1.0,0,94.8,94.6,93.8,L,5,4,3,0,0,0,1,0,0,0,3,4,0,4,0,2,2,0.6585,0.80075,1,1,1,1,0,0,0.18181818181818182,0.296875,0.6909090909090909,0.265625,0.2,0.18181818181818182,0.046875,0.015625,0.07272727272727272,1.3333333333333333,1.1333333333333333,0.3684210526315789,0.13157894736842105,0.47368421052631576,0.3684210526315789,0.05263157894736842,0.2684611111111111,0.5115277777777778,0.25,0.35,0.26139999999999997,0.45610000000000034,0.16666666666666666,0.2962962962962963,0.296875,0.24528301886792453,0.4716981132075472,0.18032786885245902,0.7246963562753036,0.2645739910313901,0.38666666666666666,0.11555555555555555,0.4134078212290503,0.2737430167597765,0.01675977653631285,7.8989361702127665,0.574468085106383,7.468085106382978,0.1984732824427481,0.5695041356927782,0.20000906651510073,0.5695041356927782,0.18181818181818182,"{""novig"": {""0.5"": {""over"": -186, ""under"": 135}}, ""bet365"": {""0.5"": {""over"": -225, ""under"": 165}}, ""betmgm"": {""0.5"": {""over"": -200, ""under"": 145}}, ""draftkings"": {""0.5"": {""over"": -194, ""under"": 145}}, ""fanduel"": {""0.5"": {""over"": -195}}}",0.5,over,novig,-186.0,0.6503496503496503,True,-0.0808,1.5,,,,,False,
553869,Elias Díaz,TEX,BAL,1,8.0,1,669358,Shane Baz,R,822863,8:15 PM ET,Globe Life Field,1,1,0.2577132486388385,2026-08-07,822863,1.0,0,94.8,94.6,93.8,R,4,4,1,1,0,0,0,0,0,0,2,4,0,3,2,1,0,0.274,0.631,1,0,1,1,0,0,0.175,0.23255813953488372,0.675,0.28888888888888886,0.23076923076923078,0.125,0.022222222222222223,0.044444444444444446,0.075,0.8,0.8666666666666667,0.3103448275862069,0.1724137931034483,0.3793103448275862,0.3448275862068966,0.0,0.21166025641025638,0.3404615384615384,0.1111111111111111,0.3333333333333333,0.16888888888888912,0.4237777777777776,0.1836734693877551,0.2653061224489796,0.3076923076923077,0.275,0.575,0.19047619047619047,0.7246963562753036,0.2645739910313901,0.38666666666666666,0.11555555555555555,0.4134078212290503,0.2737430167597765,0.01675977653631285,7.8989361702127665,0.574468085106383,7.468085106382978,0.1984732824427481,0.5155181231498144,0.15372664887024437,0.5155181231498144,0.175,"{""novig"": {""0.5"": {""over"": -122, ""under"": -111}}, ""bet365"": {""0.5"": {""over"": -120, ""under"": -110}}, ""betmgm"": {""0.5"": {""over"": -125, ""under"": -105}}, ""draftkings"": {""0.5"": {""over"": -127, ""under"": -104}}, ""fanduel"": {""0.5"": {""over"": -135}}}",0.5,over,bet365,-120.0,0.5454545454545454,True,-0.0299,1.5,,,,,False,
694497,Evan Carter,TEX,BAL,1,6.0,1,669358,Shane Baz,R,822863,8:15 PM ET,Globe Life Field,0,1,0.2577132486388385,2026-08-07,822863,1.0,0,94.8,94.6,93.8,L,4,3,0,0,0,0,1,0,0,2,0,1,0,0,1,0,0,0.074,0.143,0,0,0,0,1,1,0.24390243902439024,0.3541666666666667,0.8292682926829268,0.14285714285714285,0.29411764705882354,0.04878048780487805,0.0,0.04081632653061224,0.04878048780487805,0.8,0.4666666666666667,0.34285714285714286,0.2,0.5428571428571428,0.14285714285714285,0.02857142857142857,0.31061309523809527,0.4484642857142858,0.17647058823529413,0.1,0.23410000000000006,0.3938833333333332,0.30952380952380953,0.4523809523809524,0.16326530612244897,0.17777777777777778,0.24444444444444444,0.23529411764705882,0.7246963562753036,0.2645739910313901,0.38666666666666666,0.11555555555555555,0.4134078212290503,0.2737430167597765,0.01675977653631285,7.8989361702127665,0.574468085106383,7.468085106382978,0.1984732824427481,0.5860492261523317,0.22663313598428547,0.5860492261523317,0.24390243902439024,"{""novig"": {""0.5"": {""over"": -133, ""under"": -102}}, ""bet365"": {""0.5"": {""over"": -120, ""under"": -110}}, ""betmgm"": {""0.5"": {""over"": -150, ""under"": 110}}, ""draftkings"": {""0.5"": {""over"": -134, ""under"": 101}}, ""fanduel"": {""0.5"": {""over"": -160}}}",0.5,over,bet365,-120.0,0.5454545454545454,True,0.0406,1.5,,,,,False,
677649,Ezequiel Duran,TEX,BAL,1,5.0,1,669358,Shane Baz,R,822863,8:15 PM ET,Globe Life Field,1,1,0.2577132486388385,2026-08-07,822863,1.0,0,94.8,94.6,93.8,R,4,3,0,0,0,0,1,0,0,1,0,2,0,1,0,1,0,0.144,0.1625,0,0,0,0,1,0,0.3508771929824561,0.3709677419354839,0.7719298245614035,0.20967741935483872,0.3953488372093023,0.2982456140350877,0.04838709677419355,0.0967741935483871,0.17543859649122806,2.466666666666667,0.8666666666666667,0.30434782608695654,0.2608695652173913,0.45652173913043476,0.2608695652173913,0.043478260869565216,0.33119444444444446,0.5428,0.42857142857142855,0.23809523809523808,0.3449166666666666,0.5431333333333335,0.34615384615384615,0.7307692307692307,0.21666666666666667,0.25396825396825395,0.3492063492063492,0.3181818181818182,0.7246963562753036,0.2645739910313901,0.38666666666666666,0.11555555555555555,0.4134078212290503,0.2737430167597765,0.01675977653631285,7.8989361702127665,0.574468085106383,7.468085106382978,0.1984732824427481,0.6437841187459103,0.23251511014910772,0.6437841187459103,0.3508771929824561,"{""novig"": {""0.5"": {""over"": -182, ""under"": 133}}, ""bet365"": {""0.5"": {""over"": -210, ""under"": 155}}, ""betmgm"": {""0.5"": {""over"": -210, ""under"": 155}}, ""draftkings"": {""0.5"": {""over"": -185, ""under"": 138}}, ""fanduel"": {""0.5"": {""over"": -195}}}",0.5,over,novig,-182.0,0.6453900709219859,True,-0.0016,1.5,,,,,False,
669394,Jake Burger,TEX,BAL,1,7.0,1,669358,Shane Baz,R,822863,8:15 PM ET,Globe Life Field,1,1,0.2577132486388385,2026-08-07,822863,1.0,0,94.8,94.6,93.8,R,4,3,1,0,0,0,1,0,0,1,1,2,0,1,1,0,1,0.3415,0.40199999999999997,1,0,1,0,1,0,0.24074074074074073,0.26785714285714285,0.6851851851851852,0.30357142857142855,0.29411764705882354,0.2222222222222222,0.05357142857142857,0.05357142857142857,0.1111111111111111,1.6666666666666667,1.1333333333333333,0.5405405405405406,0.16216216216216217,0.40540540540540543,0.35135135135135137,0.05405405405405406,0.3196333333333333,0.6657559523809523,0.26666666666666666,0.26666666666666666,0.3300666666666666,0.4700000000000002,0.22807017543859648,0.43859649122807015,0.31666666666666665,0.16363636363636364,0.34545454545454546,0.3064516129032258,0.7246963562753036,0.2645739910313901,0.38666666666666666,0.11555555555555555,0.4134078212290503,0.2737430167597765,0.01675977653631285,7.8989361702127665,0.574468085106383,7.468085106382978,0.1984732824427481,0.60244374583194,0.19821532007600937,0.60244374583194,0.24074074074074073,"{""novig"": {""0.5"": {""over"": -156, ""under"": 117}}, ""bet365"": {""0.5"": {""over"": -155, ""under"": 115}}, ""betmgm"": {""0.5"": {""over"": -160, ""under"": 120}}, ""draftkings"": {""0.5"": {""over"": -167, ""under"": 125}}, ""fanduel"": {""0.5"": {""over"": -170}}}",0.5,over,bet365,-155.0,0.6078431372549019,True,-0.0054,1.5,,,,,False,
592626,Joc Pederson,TEX,BAL,1,1.0,1,669358,Shane Baz,R,822863,8:15 PM ET,Globe Life Field,0,1,0.2577132486388385,2026-08-07,822863,1.0,0,94.8,94.6,93.8,L,2,2,1,0,0,0,0,0,0,1,1,1,0,1,0,1,0,0.717,0.806,1,0,1,0,1,0,0.32653061224489793,0.36538461538461536,0.7346938775510204,0.25,0.3548387096774194,0.3673469387755102,0.09615384615384616,0.057692307692307696,0.16326530612244897,2.2666666666666666,0.8666666666666667,0.4722222222222222,0.2222222222222222,0.4166666666666667,0.3333333333333333,0.0,0.3758392857142857,0.8069678571428571,0.21428571428571427,0.23529411764705882,0.34296666666666664,0.7347666666666667,0.3125,0.6458333333333334,0.2549019607843137,0.1935483870967742,0.3870967741935484,0.325,0.7246963562753036,0.2645739910313901,0.38666666666666666,0.11555555555555555,0.4134078212290503,0.2737430167597765,0.01675977653631285,7.8989361702127665,0.574468085106383,7.468085106382978,0.1984732824427481,0.6579834145251482,0.2604600094485003,0.6579834145251482,0.32653061224489793,"{""novig"": {""0.5"": {""over"": -160, ""under"": 122}}, ""bet365"": {""0.5"": {""over"": -180, ""under"": 135}}, ""betmgm"": {""0.5"": {""over"": -185, ""under"": 135}}, ""draftkings"": {""0.5"": {""over"": -172, ""under"": 129}}, ""fanduel"": {""0.5"": {""over"": -175}}}",0.5,over,novig,-160.0,0.6153846153846154,True,0.0426,1.5,,,,,False,
670032,Nicky Lopez,TEX,BAL,1,9.0,1,669358,Shane Baz,R,822863,8:15 PM ET,Globe Life Field,0,1,0.2577132486388385,2026-08-07,822863,1.0,0,94.8,94.6,93.8,L,4,4,2,0,0,0,0,0,0,0,2,4,0,1,0,3,1,0.318,0.38175,1,1,1,1,0,0,0.16279069767441862,0.24489795918367346,0.7209302325581395,0.23529411764705882,0.21875,0.0,0.0,0.0,0.0,0.4666666666666667,0.8,0.2647058823529412,0.2647058823529412,0.5882352941176471,0.11764705882352941,0.0,0.3020892857142857,0.35932142857142857,0.06666666666666667,0.4,0.34768750000000004,0.437625,0.14634146341463414,0.17073170731707318,0.24489795918367346,0.375,0.3958333333333333,0.09259259259259259,0.7246963562753036,0.2645739910313901,0.38666666666666666,0.11555555555555555,0.4134078212290503,0.2737430167597765,0.01675977653631285,7.8989361702127665,0.574468085106383,7.468085106382978,0.1984732824427481,0.48149441091134243,0.09097149617369998,0.48149441091134243,0.16279069767441862,"{""novig"": {""0.5"": {""over"": -127, ""under"": -102}}, ""bet365"": {""0.5"": {""over"": -155, ""under"": 115}}, ""betmgm"": {""0.5"": {""over"": -135, ""under"": 100}}, ""draftkings"": {""0.5"": {""over"": -132, ""under"": -101}}, ""fanduel"": {""0.5"": {""over"": -150}}}",0.5,over,novig,-127.0,0.5594713656387665,True,-0.078,1.5,,,,,False,
694671,Wyatt Langford,TEX,BAL,1,2.0,1,669358,Shane Baz,R,822863,8:15 PM ET,Globe Life Field,1,1,0.2577132486388385,2026-08-07,822863,1.0,0,94.8,94.6,93.8,R,4,3,1,1,0,0,1,0,0,1,2,2,0,2,0,0,2,0.5315,0.7124999999999999,1,0,1,1,1,0,0.2033898305084746,0.265625,0.6949152542372882,0.28125,0.23684210526315788,0.22033898305084745,0.046875,0.0625,0.11864406779661017,1.6666666666666667,1.2,0.43902439024390244,0.24390243902439024,0.21951219512195122,0.34146341463414637,0.0,0.2704666666666667,0.4444611111111111,0.10526315789473684,0.3181818181818182,0.2174833333333334,0.32668333333333344,0.2786885245901639,0.5409836065573771,0.26153846153846155,0.2459016393442623,0.4918032786885246,0.26153846153846155,0.7246963562753036,0.2645739910313901,0.38666666666666666,0.11555555555555555,0.4134078212290503,0.2737430167597765,0.01675977653631285,7.8989361702127665,0.574468085106383,7.468085106382978,0.1984732824427481,0.5915343886049544,0.2249440760172442,0.5915343886049544,0.2033898305084746,"{""novig"": {""0.5"": {""over"": -194, ""under"": 144}}, ""bet365"": {""0.5"": {""over"": -220, ""under"": 160}}, ""betmgm"": {""0.5"": {""over"": -225, ""under"": 165}}, ""draftkings"": {""0.5"": {""over"": -202, ""under"": 151}}, ""fanduel"": {""0.5"": {""over"": -210}}}",0.5,over,novig,-194.0,0.6598639455782312,True,-0.0683,1.5,,,,,False,
665966,Carlos Narváez,BAL,TEX,0,9.0,1,543135,Nathan Eovaldi,R,822863,8:15 PM ET,Globe Life Field,1,1,0.25177304964539005,2026-08-07,822863,1.0,0,94.8,94.6,93.8,R,3,3,0,0,0,0,0,0,0,2,0,1,0,0,0,0,0,0.003,0.003,0,0,0,0,1,1,0.13157894736842105,0.2222222222222222,0.5526315789473685,0.3541666666666667,0.18181818181818182,0.07894736842105263,0.020833333333333332,0.0,0.02631578947368421,0.5333333333333333,1.1333333333333333,0.3076923076923077,0.038461538461538464,0.38461538461538464,0.5,0.0,0.20870000000000002,0.4168166666666667,0.0,0.4666666666666667,0.11899999999999995,0.16249999999999998,0.125,0.2,0.3333333333333333,0.2,0.3,0.3409090909090909,0.6573705179282868,0.21266968325791855,0.4482758620689655,0.19827586206896552,0.48484848484848486,0.2545454545454545,0.03636363636363636,7.6751269035532985,1.3705583756345177,9.730964467005077,0.26996197718631176,0.4037181093449343,0.06781625827520228,0.4037181093449343,0.13157894736842105,"{""novig"": {""0.5"": {""over"": 111, ""under"": -147}}, ""bet365"": {""0.5"": {""over"": 105, ""under"": -140}}, ""betmgm"": {""0.5"": {""over"": 105, ""under"": -140}}, ""draftkings"": {""0.5"": {""over"": 107, ""under"": -142}}, ""fanduel"": {""0.5"": {""over"": 105}}}",0.5,over,novig,111.0,0.47393364928909953,True,-0.0702,1.5,,,,,False,
691723,Coby Mayo,BAL,TEX,0,7.0,1,543135,Nathan Eovaldi,R,822863,8:15 PM ET,Globe Life Field,1,1,0.25177304964539005,2026-08-07,822863,1.0,0,94.8,94.6,93.8,R,1,1,0,0,0,0,0,0,0,1,0,0,0,0,0,0,0,0.5763333333333333,1.5183333333333335,0,0,0,0,1,0,0.27906976744186046,0.3111111111111111,0.5813953488372093,0.4,0.38095238095238093,0.3953488372093023,0.08888888888888889,0.022222222222222223,0.16279069767441862,1.9333333333333333,1.2,0.52,0.24,0.16,0.52,0.08,0.3784166666666666,0.9389469696969696,0.3125,0.3333333333333333,0.3514,0.9260999999999999,0.17777777777777778,0.3111111111111111,0.48936170212765956,0.2564102564102564,0.6153846153846154,0.28888888888888886,0.6573705179282868,0.21266968325791855,0.4482758620689655,0.19827586206896552,0.48484848484848486,0.2545454545454545,0.03636363636363636,7.6751269035532985,1.3705583756345177,9.730964467005077,0.26996197718631176,0.5417574180957544,0.12579800306135036,0.5417574180957544,0.27906976744186046,"{""novig"": {""0.5"": {""over"": 106, ""under"": -120}}, ""bet365"": {""0.5"": {""over"": -120, ""under"": -110}}, ""betmgm"": {""0.5"": {""over"": 105, ""under"": -140}}, ""draftkings"": {""0.5"": {""over"": -114, ""under"": -116}}, ""fanduel"": {""0.5"": {""over"": -110}}}",0.5,over,novig,106.0,0.4854368932038835,True,0.0563,1.5,,,,,False,
681297,Colton Cowser,BAL,TEX,0,8.0,1,543135,Nathan Eovaldi,R,822863,8:15 PM ET,Globe Life Field,0,1,0.25177304964539005,2026-08-07,822863,1.0,0,94.8,94.6,93.8,L,3,3,0,0,0,0,0,0,0,1,0,2,0,1,2,0,0,0.253,0.877,0,0,0,0,1,0,0.125,0.38235294117647056,0.5833333333333334,0.29411764705882354,0.21428571428571427,0.0,0.0,0.0,0.0,0.2,0.6666666666666666,0.35714285714285715,0.21428571428571427,0.5,0.2857142857142857,0.0,0.2412833333333333,0.3424,0.2222222222222222,0.36363636363636365,0.18212499999999993,0.23,0.09375,0.09375,0.3076923076923077,0.2,0.5,0.42,0.6573705179282868,0.21266968325791855,0.4482758620689655,0.19827586206896552,0.48484848484848486,0.2545454545454545,0.03636363636363636,7.6751269035532985,1.3705583756345177,9.730964467005077,0.26996197718631176,0.44637061663602756,0.12111435531282198,0.44637061663602756,0.125,"{""novig"": {""0.5"": {""over"": 102, ""under"": -130}}, ""bet365"": {""0.5"": {""over"": -105, ""under"": -130}}, ""betmgm"": {""0.5"": {""over"": -110, ""under"": -120}}, ""draftkings"": {""0.5"": {""over"": -101, ""under"": -132}}, ""fanduel"": {""0.5"": {""over"": -105}}}",0.5,over,novig,102.0,0.49504950495049505,True,-0.0487,1.5,,,,,False,
687637,Dylan Beavers,BAL,TEX,0,5.0,1,543135,Nathan Eovaldi,R,822863,8:15 PM ET,Globe Life Field,0,1,0.25177304964539005,2026-08-07,822863,1.0,0,94.8,94.6,93.8,L,4,3,1,0,0,0,1,0,0,2,1,1,0,0,1,0,0,0.431,0.467,1,0,1,0,1,1,0.2619047619047619,0.3404255319148936,0.7619047619047619,0.2127659574468085,0.34375,0.047619047619047616,0.0,0.0425531914893617,0.047619047619047616,0.8666666666666667,0.6666666666666666,0.4375,0.28125,0.375,0.25,0.03125,0.3920192307692308,0.5586025641025641,0.2727272727272727,0.4166666666666667,0.5348750000000001,0.6748749999999999,0.2857142857142857,0.35714285714285715,0.1702127659574468,0.09090909090909091,0.2727272727272727,0.2,0.6573705179282868,0.21266968325791855,0.4482758620689655,0.19827586206896552,0.48484848484848486,0.2545454545454545,0.03636363636363636,7.6751269035532985,1.3705583756345177,9.730964467005077,0.26996197718631176,0.5489817526783262,0.1963102350947765,0.5489817526783262,0.2619047619047619,"{""novig"": {""0.5"": {""over"": -144, ""under"": 117}}, ""bet365"": {""0.5"": {""over"": -150, ""under"": 110}}, ""betmgm"": {""0.5"": {""over"": -155, ""under"": 115}}, ""draftkings"": {""0.5"": {""over"": -134, ""under"": 101}}, ""fanduel"": {""0.5"": {""over"": -160}}}",0.5,over,draftkings,-134.0,0.5726495726495726,True,-0.0237,1.5,,,,,False,
683002,Gunnar Henderson,BAL,TEX,0,1.0,1,543135,Nathan Eovaldi,R,822863,8:15 PM ET,Globe Life Field,0,1,0.25177304964539005,2026-08-07,822863,1.0,0,94.8,94.6,93.8,L,4,1,0,0,0,0,3,0,0,0,0,1,0,0,1,0,0,0.02,0.045,0,0,0,0,0,0,0.21428571428571427,0.3333333333333333,0.7142857142857143,0.23880597014925373,0.28205128205128205,0.17857142857142858,0.014925373134328358,0.04477611940298507,0.10714285714285714,1.4666666666666666,1.0666666666666667,0.525,0.25,0.45,0.275,0.05,0.3837666666666667,0.7008111111111112,0.21428571428571427,0.16666666666666666,0.41566666666666663,0.7172666666666666,0.171875,0.265625,0.2898550724637681,0.2631578947368421,0.43859649122807015,0.16176470588235295,0.6573705179282868,0.21266968325791855,0.4482758620689655,0.19827586206896552,0.48484848484848486,0.2545454545454545,0.03636363636363636,7.6751269035532985,1.3705583756345177,9.730964467005077,0.26996197718631176,0.6134988391946802,0.2118695481779569,0.6134988391946802,0.21428571428571427,"{""novig"": {""1.5"": {""over"": 217, ""under"": -335}}, ""bet365"": {""0.5"": {""over"": -225, ""under"": 165}}, ""betmgm"": {""0.5"": {""over"": -220, ""under"": 165}}, ""draftkings"": {""0.5"": {""over"": -215, ""under"": 159}}, ""fanduel"": {""0.5"": {""over"": -240}}}",0.5,over,draftkings,-215.0,0.6825396825396826,True,-0.069,1.5,over,novig,217.0,0.31545741324921134,True,-0.1036
702616,Jackson Holliday,BAL,TEX,0,3.0,1,543135,Nathan Eovaldi,R,822863,8:15 PM ET,Globe Life Field,0,1,0.25177304964539005,2026-08-07,822863,1.0,0,94.8,94.6,93.8,L,4,3,0,0,0,0,1,0,0,1,0,2,0,0,0,1,0,0.040499999999999994,0.0455,0,0,0,0,1,0,0.3333333333333333,0.41509433962264153,0.7555555555555555,0.20754716981132076,0.42857142857142855,0.044444444444444446,0.0,0.03773584905660377,0.044444444444444446,1.1333333333333333,0.7333333333333333,0.34285714285714286,0.2571428571428571,0.45714285714285713,0.2,0.0,0.2912797619047619,0.35163690476190473,0.07142857142857142,0.4375,0.1265000000000001,0.17916666666666672,0.39473684210526316,0.4473684210526316,0.16666666666666666,0.20454545454545456,0.22727272727272727,0.32727272727272727,0.6573705179282868,0.21266968325791855,0.4482758620689655,0.19827586206896552,0.48484848484848486,0.2545454545454545,0.03636363636363636,7.6751269035532985,1.3705583756345177,9.730964467005077,0.26996197718631176,0.5293284821731098,0.17471801328046932,0.5293284821731098,0.3333333333333333,"{""novig"": {""0.5"": {""over"": -167, ""under"": 141}}, ""bet365"": {""0.5"": {""over"": -190, ""under"": 140}}, ""betmgm"": {""0.5"": {""over"": -165, ""under"": 125}}, ""draftkings"": {""0.5"": {""over"": -175, ""under"": 131}}, ""fanduel"": {""0.5"": {""over"": -200}}}",0.5,over,betmgm,-165.0,0.6226415094339622,True,-0.0933,1.5,,,,,False,
665750,Leody Taveras,BAL,TEX,0,6.0,1,543135,Nathan Eovaldi,R,822863,8:15 PM ET,Globe Life Field,0,1,0.25177304964539005,2026-08-07,822863,1.0,0,94.8,94.6,93.8,L,2,1,0,0,0,0,1,0,0,0,0,1,0,0,0,1,0,0.091,0.108,0,0,0,0,0,0,0.0967741935483871,0.17647058823529413,0.6774193548387096,0.2857142857142857,0.05263157894736842,0.1935483870967742,0.05714285714285714,0.0,0.06451612903225806,0.6,0.6666666666666666,0.45454545454545453,0.22727272727272727,0.4090909090909091,0.3181818181818182,0.0,0.25299166666666667,0.3952333333333333,0.14285714285714285,0.2857142857142857,0.18325000000000008,0.3282499999999997,0.19607843137254902,0.4117647058823529,0.2711864406779661,0.13333333333333333,0.2222222222222222,0.3,0.6573705179282868,0.21266968325791855,0.4482758620689655,0.19827586206896552,0.48484848484848486,0.2545454545454545,0.03636363636363636,7.6751269035532985,1.3705583756345177,9.730964467005077,0.26996197718631176,0.5209568727420341,0.12412199875093788,0.5209568727420341,0.0967741935483871,"{""novig"": {""0.5"": {""over"": -156, ""under"": 113}}, ""bet365"": {""0.5"": {""over"": -155, ""under"": 115}}, ""betmgm"": {""0.5"": {""over"": -155, ""under"": 115}}, ""draftkings"": {""0.5"": {""over"": -168, ""under"": 126}}, ""fanduel"": {""0.5"": {""over"": -175}}}",0.5,over,betmgm,-155.0,0.6078431372549019,True,-0.0869,1.5,,,,,False,
624413,Pete Alonso,BAL,TEX,0,2.0,1,543135,Nathan Eovaldi,R,822863,8:15 PM ET,Globe Life Field,1,1,0.25177304964539005,2026-08-07,822863,1.0,0,94.8,94.6,93.8,R,4,3,1,0,0,0,1,0,0,1,1,2,0,2,0,0,2,0.8185,1.514,1,0,1,0,1,0,0.25,0.3181818181818182,0.7333333333333333,0.24242424242424243,0.30952380952380953,0.16666666666666666,0.030303030303030304,0.06060606060606061,0.1,1.6666666666666667,1.0666666666666667,0.5681818181818182,0.29545454545454547,0.3181818181818182,0.2727272727272727,0.022727272727272728,0.37546333333333337,0.7205866666666666,0.23529411764705882,0.3888888888888889,0.47140000000000004,1.0242,0.2807017543859649,0.5087719298245614,0.20588235294117646,0.25,0.4642857142857143,0.328125,0.6573705179282868,0.21266968325791855,0.4482758620689655,0.19827586206896552,0.48484848484848486,0.2545454545454545,0.03636363636363636,7.6751269035532985,1.3705583756345177,9.730964467005077,0.26996197718631176,0.6043844924038853,0.2453937122297556,0.6043844924038853,0.25,"{""novig"": {""0.5"": {""over"": -190, ""under"": 150}}, ""bet365"": {""0.5"": {""over"": -235, ""under"": 175}}, ""betmgm"": {""0.5"": {""over"": -165, ""under"": 125}}, ""draftkings"": {""0.5"": {""over"": -218, ""under"": 162}}, ""fanduel"": {""0.5"": {""over"": -190}}}",0.5,over,betmgm,-165.0,0.6226415094339622,True,-0.0183,1.5,,,,,False,
641933,Tyler O'Neill,BAL,TEX,0,4.0,1,543135,Nathan Eovaldi,R,822863,8:15 PM ET,Globe Life Field,1,1,0.25177304964539005,2026-08-07,822863,1.0,0,94.8,94.6,93.8,R,1,1,1,0,0,0,0,0,0,0,1,1,0,0,1,0,0,0.22,0.293,1,0,1,0,0,0,0.2894736842105263,0.3076923076923077,0.7105263157894737,0.28205128205128205,0.3333333333333333,0.2894736842105263,0.07692307692307693,0.05128205128205128,0.13157894736842105,1.4666666666666666,0.7333333333333333,0.4444444444444444,0.18518518518518517,0.2962962962962963,0.4074074074074074,0.07407407407407407,0.27154666666666666,0.6068399999999999,0.36363636363636365,0.16666666666666666,0.41600000000000004,1.3395,0.2549019607843137,0.4117647058823529,0.2982456140350877,0.3888888888888889,0.9444444444444444,0.24324324324324326,0.6573705179282868,0.21266968325791855,0.4482758620689655,0.19827586206896552,0.48484848484848486,0.2545454545454545,0.03636363636363636,7.6751269035532985,1.3705583756345177,9.730964467005077,0.26996197718631176,0.5539213389462742,0.18199400751586625,0.5539213389462742,0.2894736842105263,"{""novig"": {""0.5"": {""over"": -147}}, ""bet365"": {""0.5"": {""over"": -130, ""under"": -105}}, ""draftkings"": {""0.5"": {""over"": -158, ""under"": 119}}, ""fanduel"": {""0.5"": {""over"": -170}}}",0.5,over,bet365,-130.0,0.5652173913043478,True,-0.0113,1.5,,,,,False,
682998,Corbin Carroll,AZ,LAD,1,2.0,1,808963,Roki Sasaki,R,825051,9:40 PM ET,Chase Field,0,1,0.16478190630048464,2026-08-07,825051,1.0,0,105.5,106.3,89.5,L,4,4,1,1,0,0,0,0,0,1,2,3,0,1,0,2,1,0.33266666666666667,0.5166666666666667,1,0,1,1,1,0,0.22950819672131148,0.3333333333333333,0.7540983606557377,0.20833333333333334,0.26666666666666666,0.19672131147540983,0.027777777777777776,0.027777777777777776,0.09836065573770492,1.7333333333333334,1.0,0.6808510638297872,0.19148936170212766,0.3404255319148936,0.425531914893617,0.0851063829787234,0.32300595238095237,0.579,0.2,0.2608695652173913,0.3120833333333333,0.47058333333333363,0.2,0.3333333333333333,0.21428571428571427,0.31666666666666665,0.6,0.18181818181818182,0.6513761467889908,0.16756756756756758,0.45918367346938777,0.24489795918367346,0.43661971830985913,0.24647887323943662,0.04929577464788732,7.738853503184712,1.7197452229299361,9.114649681528663,0.2398190045248869,0.5822764123231777,0.16351292018722377,0.5822764123231777,0.22950819672131148,"{""novig"": {""0.5"": {""over"": -174, ""under"": 144}}, ""bet365"": {""0.5"": {""over"": -200, ""under"": 150}}, ""betmgm"": {""0.5"": {""over"": -185, ""under"": 135}}, ""draftkings"": {""0.5"": {""over"": -176, ""under"": 132}}, ""fanduel"": {""0.5"": {""over"": -195}}}",0.5,over,novig,-174.0,0.635036496350365,True,-0.0528,1.5,,,,,False,
672515,Gabriel Moreno,AZ,LAD,1,3.0,1,808963,Roki Sasaki,R,825051,9:40 PM ET,Chase Field,1,1,0.16478190630048464,2026-08-07,825051,1.0,0,105.5,106.3,89.5,R,4,4,3,1,0,0,0,0,0,0,4,4,0,3,1,1,2,0.56425,0.702,1,1,1,1,0,0,0.2413793103448276,0.3333333333333333,0.8275862068965517,0.1388888888888889,0.24,0.15517241379310345,0.027777777777777776,0.041666666666666664,0.08620689655172414,1.5333333333333334,0.6666666666666666,0.4230769230769231,0.25,0.38461538461538464,0.3269230769230769,0.0,0.3621940476190476,0.6064785714285714,0.1111111111111111,0.21739130434782608,0.27620000000000006,0.5998416666666666,0.33962264150943394,0.4716981132075472,0.14285714285714285,0.25,0.5192307692307693,0.18032786885245902,0.6513761467889908,0.16756756756756758,0.45918367346938777,0.24489795918367346,0.43661971830985913,0.24647887323943662,0.04929577464788732,7.738853503184712,1.7197452229299361,9.114649681528663,0.2398190045248869,0.6043844924038853,0.19712107723917383,0.6043844924038853,0.2413793103448276,"{""novig"": {""0.5"": {""over"": -208, ""under"": 153}}, ""bet365"": {""0.5"": {""over"": -260, ""under"": 190}}, ""betmgm"": {""0.5"": {""over"": -210, ""under"": 155}}, ""draftkings"": {""0.5"": {""over"": -223, ""under"": 165}}, ""fanduel"": {""0.5"": {""over"": -220}}}",0.5,over,novig,-208.0,0.6753246753246753,True,-0.0709,1.5,,,,,False,
672695,Geraldo Perdomo,AZ,LAD,1,1.0,1,808963,Roki Sasaki,R,825051,9:40 PM ET,Chase Field,0,1,0.16478190630048464,2026-08-07,825051,1.0,0,105.5,106.3,89.5,L,3,3,0,0,0,0,0,0,0,2,0,1,0,0,0,0,1,0.14,0.259,0,0,0,0,1,1,0.34146341463414637,0.37209302325581395,0.8536585365853658,0.13953488372093023,0.38235294117647056,0.12195121951219512,0.023255813953488372,0.0,0.04878048780487805,1.2666666666666666,0.4,0.34285714285714286,0.2571428571428571,0.42857142857142855,0.3142857142857143,0.02857142857142857,0.3295357142857143,0.4905238095238095,0.4166666666666667,0.15384615384615385,0.26204166666666673,0.3454791666666671,0.23214285714285715,0.39285714285714285,0.14285714285714285,0.2413793103448276,0.29310344827586204,0.15384615384615385,0.6513761467889908,0.16756756756756758,0.45918367346938777,0.24489795918367346,0.43661971830985913,0.24647887323943662,0.04929577464788732,7.738853503184712,1.7197452229299361,9.114649681528663,0.2398190045248869,0.6069302811335019,0.23517103026838537,0.6069302811335019,0.34146341463414637,"{""novig"": {""0.5"": {""over"": -163, ""under"": 115}}, ""bet365"": {""0.5"": {""over"": -165, ""under"": 125}}, ""betmgm"": {""0.5"": {""over"": -165, ""under"": 125}}, ""draftkings"": {""0.5"": {""over"": -169, ""under"": 127}}, ""fanduel"": {""0.5"": {""over"": -155}}}",0.5,over,fanduel,-155.0,0.6078431372549019,True,-0.0009,1.5,,,,,False,
606466,Ketel Marte,AZ,LAD,1,4.0,1,808963,Roki Sasaki,R,825051,9:40 PM ET,Chase Field,0,1,0.16478190630048464,2026-08-07,825051,1.0,0,105.5,106.3,89.5,L,3,2,1,0,0,0,1,0,0,0,1,2,0,1,0,1,1,0.41500000000000004,0.468,1,0,1,0,0,0,0.14285714285714285,0.23404255319148937,0.7857142857142857,0.19148936170212766,0.15625,0.11904761904761904,0.02127659574468085,0.0425531914893617,0.07142857142857142,0.7333333333333333,0.6,0.30303030303030304,0.18181818181818182,0.3333333333333333,0.30303030303030304,0.0,0.24081923076923079,0.37084743589743585,0.06666666666666667,0.2222222222222222,0.17076666666666634,0.24516666666666653,0.16129032258064516,0.22580645161290322,0.2318840579710145,0.3225806451612903,0.5967741935483871,0.1323529411764706,0.6513761467889908,0.16756756756756758,0.45918367346938777,0.24489795918367346,0.43661971830985913,0.24647887323943662,0.04929577464788732,7.738853503184712,1.7197452229299361,9.114649681528663,0.2398190045248869,0.5498217473742448,0.13067128364287092,0.5498217473742448,0.14285714285714285,"{""novig"": {""0.5"": {""over"": -182, ""under"": 127}}, ""bet365"": {""0.5"": {""over"": -180, ""under"": 135}}, ""betmgm"": {""0.5"": {""over"": -190, ""under"": 140}}, ""draftkings"": {""0.5"": {""over"": -189, ""under"": 142}}, ""fanduel"": {""0.5"": {""over"": -220}}}",0.5,over,bet365,-180.0,0.6428571428571429,True,-0.093,1.5,,,,,False,
663457,Lars Nootbaar,AZ,LAD,1,5.0,1,808963,Roki Sasaki,R,825051,9:40 PM ET,Chase Field,0,1,0.16478190630048464,2026-08-07,825051,1.0,0,105.5,106.3,89.5,L,4,4,1,0,0,0,0,0,0,1,1,3,0,1,1,2,0,0.25833333333333336,0.36133333333333334,1,0,1,0,1,0,0.17647058823529413,0.27586206896551724,0.7843137254901961,0.1896551724137931,0.225,0.0392156862745098,0.0,0.034482758620689655,0.0392156862745098,0.7333333333333333,0.7333333333333333,0.475,0.2,0.5,0.25,0.025,0.24277888888888885,0.38650444444444443,0.15789473684210525,0.09090909090909091,0.23628333333333326,0.33680000000000004,0.17647058823529413,0.19607843137254902,0.16393442622950818,0.17647058823529413,0.21568627450980393,0.18333333333333332,0.6513761467889908,0.16756756756756758,0.45918367346938777,0.24489795918367346,0.43661971830985913,0.24647887323943662,0.04929577464788732,7.738853503184712,1.7197452229299361,9.114649681528663,0.2398190045248869,0.6102128015969921,0.19280346193750322,0.6102128015969921,0.17647058823529413,"{""novig"": {""0.5"": {""over"": -135, ""under"": 106}}, ""bet365"": {""0.5"": {""over"": -140, ""under"": 105}}, ""betmgm"": {""0.5"": {""over"": -150, ""under"": 110}}, ""draftkings"": {""0.5"": {""over"": -145, ""under"": 109}}, ""fanduel"": {""0.5"": {""over"": -170}}}",0.5,over,novig,-135.0,0.574468085106383,True,0.0357,1.5,,,,,False,
596146,Max Kepler,AZ,LAD,1,7.0,1,808963,Roki Sasaki,R,825051,9:40 PM ET,Chase Field,0,1,0.16478190630048464,2026-08-07,825051,1.0,0,105.5,106.3,89.5,L,4,4,1,0,0,0,0,0,0,0,1,4,0,1,3,1,0,0.13625,0.1685,1,0,1,0,0,0,0.22916666666666666,0.3392857142857143,0.8125,0.16071428571428573,0.2631578947368421,0.14583333333333334,0.017857142857142856,0.07142857142857142,0.10416666666666667,1.2,0.6,0.38461538461538464,0.2564102564102564,0.3333333333333333,0.28205128205128205,0.0,0.21840555555555555,0.3295577777777777,0.13333333333333333,0.23529411764705882,0.19681666666666667,0.2560333333333333,0.22916666666666666,0.375,0.16071428571428573,0.1836734693877551,0.22448979591836735,0.2777777777777778,0.6513761467889908,0.16756756756756758,0.45918367346938777,0.24489795918367346,0.43661971830985913,0.24647887323943662,0.04929577464788732,7.738853503184712,1.7197452229299361,9.114649681528663,0.2398190045248869,0.5568699360046241,0.17288872570429023,0.5568699360046241,0.22916666666666666,"{""novig"": {""0.5"": {""over"": -125, ""under"": 111}}, ""bet365"": {""0.5"": {""over"": -110, ""under"": -120}}, ""betmgm"": {""0.5"": {""over"": -125, ""under"": -105}}, ""draftkings"": {""0.5"": {""over"": -128, ""under"": -104}}, ""fanduel"": {""0.5"": {""over"": -160}}}",0.5,over,bet365,-110.0,0.5238095238095238,True,0.0331,1.5,,,,,False,
571448,Nolan Arenado,AZ,LAD,1,6.0,1,808963,Roki Sasaki,R,825051,9:40 PM ET,Chase Field,1,1,0.16478190630048464,2026-08-07,825051,1.0,0,105.5,106.3,89.5,R,4,4,0,0,0,0,0,0,0,1,0,3,0,0,1,0,0,0.012000000000000002,0.03666666666666667,0,0,0,0,1,0,0.24489795918367346,0.3728813559322034,0.7959183673469388,0.1694915254237288,0.25,0.22448979591836735,0.05084745762711865,0.03389830508474576,0.10204081632653061,1.5333333333333334,0.6666666666666666,0.3076923076923077,0.1282051282051282,0.46153846153846156,0.15384615384615385,0.02564102564102564,0.3193988095238095,0.5134464285714286,0.23529411764705882,0.09523809523809523,0.27369999999999994,0.5031499999999999,0.24074074074074073,0.46296296296296297,0.18032786885245902,0.20408163265306123,0.4489795918367347,0.20689655172413793,0.6513761467889908,0.16756756756756758,0.45918367346938777,0.24489795918367346,0.43661971830985913,0.24647887323943662,0.04929577464788732,7.738853503184712,1.7197452229299361,9.114649681528663,0.2398190045248869,0.5950230078555624,0.17938776477635754,0.5950230078555624,0.24489795918367346,"{""novig"": {""0.5"": {""over"": -138, ""under"": 106}}, ""bet365"": {""0.5"": {""over"": -150, ""under"": 110}}, ""betmgm"": {""0.5"": {""over"": -150, ""under"": 110}}, ""draftkings"": {""0.5"": {""over"": -141, ""under"": 106}}, ""fanduel"": {""0.5"": {""over"": -175}}}",0.5,over,novig,-138.0,0.5798319327731093,True,0.0152,1.5,,,,,False,
814439,Ryan Waldschmidt,AZ,LAD,1,9.0,1,808963,Roki Sasaki,R,825051,9:40 PM ET,Chase Field,1,1,0.16478190630048464,2026-08-07,825051,1.0,0,105.5,106.3,89.5,R,3,3,0,0,0,0,0,0,0,0,0,3,0,1,0,2,1,0.22999999999999998,0.3826666666666667,0,0,0,0,0,0,0.40425531914893614,0.4117647058823529,0.7021276595744681,0.27450980392156865,0.5294117647058824,0.14893617021276595,0.0196078431372549,0.0784313725490196,0.10638297872340426,1.7333333333333334,0.9333333333333333,0.37142857142857144,0.2571428571428571,0.34285714285714286,0.4,0.02857142857142857,0.41661111111111115,0.6014,0.5,0.17647058823529413,0.39899999999999997,0.442,0.2857142857142857,0.4489795918367347,0.2962962962962963,0.4358974358974359,0.5897435897435898,0.2682926829268293,0.6513761467889908,0.16756756756756758,0.45918367346938777,0.24489795918367346,0.43661971830985913,0.24647887323943662,0.04929577464788732,7.738853503184712,1.7197452229299361,9.114649681528663,0.2398190045248869,0.42746550126623933,0.12358885507989,0.42746550126623933,0.40425531914893614,"{""novig"": {""0.5"": {""over"": -115, ""under"": -113}}, ""bet365"": {""0.5"": {""over"": -135, ""under"": 100}}, ""betmgm"": {""0.5"": {""over"": -120, ""under"": -110}}, ""draftkings"": {""0.5"": {""over"": -121, ""under"": -109}}, ""fanduel"": {""0.5"": {""over"": -140}}}",0.5,over,novig,-115.0,0.5348837209302325,True,-0.1074,1.5,,,,,False,
694374,Tim Tawa,AZ,LAD,1,8.0,1,808963,Roki Sasaki,R,825051,9:40 PM ET,Chase Field,1,1,0.16478190630048464,2026-08-07,825051,1.0,0,105.5,106.3,89.5,R,4,4,1,0,0,0,0,0,0,3,1,1,0,1,0,1,0,0.438,0.471,1,0,1,0,1,1,0.2727272727272727,0.288135593220339,0.8181818181818182,0.16666666666666666,0.28888888888888886,0.14545454545454545,0.03333333333333333,0.03333333333333333,0.07272727272727272,1.5333333333333334,0.6666666666666666,0.5,0.125,0.4375,0.2916666666666667,0.020833333333333332,0.29957142857142866,0.5054761904761904,0.35,0.13636363636363635,0.3425166666666667,0.6555666666666665,0.26666666666666666,0.48333333333333334,0.1875,0.1282051282051282,0.20512820512820512,0.15555555555555556,0.6513761467889908,0.16756756756756758,0.45918367346938777,0.24489795918367346,0.43661971830985913,0.24647887323943662,0.04929577464788732,7.738853503184712,1.7197452229299361,9.114649681528663,0.2398190045248869,0.6150960358563772,0.1844594692402843,0.6150960358563772,0.2727272727272727,"{""novig"": {""0.5"": {""over"": -120, ""under"": 102}}, ""bet365"": {""0.5"": {""over"": -135, ""under"": 100}}, ""betmgm"": {""0.5"": {""over"": -120, ""under"": -110}}, ""draftkings"": {""0.5"": {""over"": -125, ""under"": -106}}, ""fanduel"": {""0.5"": {""over"": -150}}}",0.5,over,novig,-120.0,0.5454545454545454,True,0.0696,1.5,,,,,False,
681624,Andy Pages,LAD,AZ,0,2.0,1,518876,Merrill Kelly,R,825051,9:40 PM ET,Chase Field,1,1,0.20326678765880218,2026-08-07,825051,1.0,0,105.5,106.3,89.5,R,4,4,1,0,0,0,0,0,0,1,1,3,0,2,2,1,0,0.24966666666666668,0.5196666666666666,1,0,1,0,1,0,0.2903225806451613,0.35294117647058826,0.7741935483870968,0.20588235294117646,0.3617021276595745,0.11290322580645161,0.014705882352941176,0.029411764705882353,0.06451612903225806,1.6666666666666667,0.9333333333333333,0.3125,0.3333333333333333,0.4583333333333333,0.14583333333333334,0.0,0.3862055555555556,0.4907611111111111,0.23809523809523808,0.18181818181818182,0.41896666666666665,0.5107,0.26666666666666666,0.35,0.19696969696969696,0.2711864406779661,0.4745762711864407,0.25,0.7458333333333333,0.2376237623762376,0.49065420560747663,0.2102803738317757,0.44692737430167595,0.25139664804469275,0.07262569832402235,10.087912087912088,1.9285714285714288,4.895604395604396,0.12547528517110265,0.6677310996403959,0.29165088752325224,0.6677310996403959,0.2903225806451613,"{""novig"": {""0.5"": {""over"": -251, ""under"": 203}}, ""betmgm"": {""0.5"": {""over"": -275, ""under"": 190}}, ""bet365"": {""1.5"": {""over"": 195, ""under"": -270}}, ""draftkings"": {""0.5"": {""over"": -253, ""under"": 187}}, ""fanduel"": {""0.5"": {""over"": -300}}}",0.5,over,novig,-251.0,0.7150997150997151,True,-0.0474,1.5,over,bet365,195.0,0.3389830508474576,True,-0.0473
518692,Freddie Freeman,LAD,AZ,0,3.0,1,518876,Merrill Kelly,R,825051,9:40 PM ET,Chase Field,0,1,0.20326678765880218,2026-08-07,825051,1.0,0,105.5,106.3,89.5,L,3,3,1,0,0,0,0,0,0,0,1,3,0,1,2,0,1,0.27999999999999997,0.4136666666666667,1,0,1,0,0,0,0.4576271186440678,0.46774193548387094,0.847457627118644,0.14516129032258066,0.5294117647058824,0.06779661016949153,0.0,0.06451612903225806,0.06779661016949153,2.066666666666667,0.6,0.39215686274509803,0.39215686274509803,0.49019607843137253,0.0784313725490196,0.0,0.4661666666666667,0.5822166666666667,0.5,0.10526315789473684,0.48469999999999996,0.5622833333333332,0.3728813559322034,0.4915254237288136,0.19047619047619047,0.375,0.48214285714285715,0.11475409836065574,0.7458333333333333,0.2376237623762376,0.49065420560747663,0.2102803738317757,0.44692737430167595,0.25139664804469275,0.07262569832402235,10.087912087912088,1.9285714285714288,4.895604395604396,0.12547528517110265,0.7064292877325862,0.22988217530618602,0.7064292877325862,0.4576271186440678,"{""novig"": {""0.5"": {""over"": -317, ""under"": 217}}, ""bet365"": {""1.5"": {""over"": 155, ""under"": -210}}, ""betmgm"": {""1.5"": {""over"": 175, ""under"": -235}}, ""draftkings"": {""1.5"": {""over"": 200, ""under"": -273}}, ""fanduel"": {""0.5"": {""over"": -320}}}",0.5,over,novig,-317.0,0.7601918465227818,True,-0.0538,1.5,over,draftkings,200.0,0.3333333333333333,True,-0.1035
676439,Hunter Feduccia,LAD,AZ,0,9.0,1,518876,Merrill Kelly,R,825051,9:40 PM ET,Chase Field,0,1,0.20326678765880218,2026-08-07,825051,1.0,0,105.5,106.3,89.5,L,3,3,0,0,0,0,0,0,0,0,0,3,0,2,1,1,1,0.312,0.517,0,0,0,0,0,0,0.2619047619047619,0.3111111111111111,0.7857142857142857,0.1956521739130435,0.3125,0.19047619047619047,0.021739130434782608,0.06521739130434782,0.11904761904761904,1.2666666666666666,0.6,0.4411764705882353,0.23529411764705882,0.47058823529411764,0.23529411764705882,0.029411764705882353,0.33105555555555555,0.509,0.3076923076923077,0.14285714285714285,0.3358,0.5621999999999999,0.23255813953488372,0.4186046511627907,0.1702127659574468,0.13513513513513514,0.16216216216216217,0.425,0.7458333333333333,0.2376237623762376,0.49065420560747663,0.2102803738317757,0.44692737430167595,0.25139664804469275,0.07262569832402235,10.087912087912088,1.9285714285714288,4.895604395604396,0.12547528517110265,0.49503576964602397,0.12215263271115488,0.49503576964602397,0.2619047619047619,"{""novig"": {""0.5"": {""over"": -120, ""under"": -111}}, ""bet365"": {""0.5"": {""over"": -135, ""under"": 100}}, ""betmgm"": {""0.5"": {""over"": -140, ""under"": 105}}, ""draftkings"": {""0.5"": {""over"": -121, ""under"": -110}}, ""fanduel"": {""0.5"": {""over"": -125}}}",0.5,over,novig,-120.0,0.5454545454545454,True,-0.0504,1.5,,,,,False,
663656,Kyle Tucker,LAD,AZ,0,6.0,1,518876,Merrill Kelly,R,825051,9:40 PM ET,Chase Field,0,1,0.20326678765880218,2026-08-07,825051,1.0,0,105.5,106.3,89.5,L,5,5,1,0,0,0,0,0,0,0,1,5,0,1,2,1,1,0.21739999999999998,0.2484,1,0,1,0,0,0,0.2391304347826087,0.34545454545454546,0.8260869565217391,0.14545454545454545,0.2222222222222222,0.1956521739130435,0.05454545454545454,0.0,0.06521739130434782,1.3333333333333333,0.5333333333333333,0.38461538461538464,0.1794871794871795,0.3333333333333333,0.41025641025641024,0.0,0.3374666666666667,0.6121777777777777,0.5,0.13333333333333333,0.4532333333333334,0.6222,0.1836734693877551,0.2653061224489796,0.10714285714285714,0.2692307692307692,0.34615384615384615,0.1864406779661017,0.7458333333333333,0.2376237623762376,0.49065420560747663,0.2102803738317757,0.44692737430167595,0.25139664804469275,0.07262569832402235,10.087912087912088,1.9285714285714288,4.895604395604396,0.12547528517110265,0.5604059541239386,0.1331095015385454,0.5604059541239386,0.2391304347826087,"{""novig"": {""0.5"": {""over"": -203, ""under"": 147}}, ""bet365"": {""0.5"": {""over"": -210, ""under"": 155}}, ""betmgm"": {""0.5"": {""over"": -190, ""under"": 140}}, ""draftkings"": {""0.5"": {""over"": -227, ""under"": 168}}, ""fanduel"": {""0.5"": {""over"": -240}}}",0.5,over,betmgm,-190.0,0.6551724137931034,True,-0.0948,1.5,,,,,False,
571970,Max Muncy,LAD,AZ,0,4.0,1,518876,Merrill Kelly,R,825051,9:40 PM ET,Chase Field,0,1,0.20326678765880218,2026-08-07,825051,1.0,0,105.5,106.3,89.5,L,4,4,1,0,0,1,0,0,0,2,4,2,0,2,1,0,1,0.49150000000000005,1.404,1,0,1,1,1,1,0.21568627450980393,0.3103448275862069,0.6470588235294118,0.3103448275862069,0.2413793103448276,0.27450980392156865,0.06896551724137931,0.034482758620689655,0.11764705882352941,1.6666666666666667,1.2,0.5151515151515151,0.09090909090909091,0.36363636363636365,0.3939393939393939,0.06060606060606061,0.23116666666666666,0.4975,0.1875,0.4444444444444444,0.12404999999999991,0.2223999999999998,0.19607843137254902,0.47058823529411764,0.3,0.2708333333333333,0.5,0.2777777777777778,0.7458333333333333,0.2376237623762376,0.49065420560747663,0.2102803738317757,0.44692737430167595,0.25139664804469275,0.07262569832402235,10.087912087912088,1.9285714285714288,4.895604395604396,0.12547528517110265,0.6250569207435176,0.17773689367035203,0.6250569207435176,0.21568627450980393,"{""bet365"": {""0.5"": {""over"": -120, ""under"": -110}}, ""betmgm"": {""0.5"": {""over"": -190, ""under"": 140}}, ""novig"": {""0.5"": {""over"": -178, ""under"": 155}}, ""draftkings"": {""0.5"": {""over"": -106, ""under"": -125}}, ""fanduel"": {""0.5"": {""over"": -115}}}",0.5,over,draftkings,-106.0,0.5145631067961165,True,0.1105,1.5,,,,,False,
605141,Mookie Betts,LAD,AZ,0,5.0,1,518876,Merrill Kelly,R,825051,9:40 PM ET,Chase Field,1,1,0.20326678765880218,2026-08-07,825051,1.0,0,105.5,106.3,89.5,R,5,5,4,0,0,0,0,0,0,0,4,5,0,2,0,0,5,0.7436,0.9077999999999999,1,1,1,1,0,0,0.2,0.2413793103448276,0.8363636363636363,0.15517241379310345,0.20454545454545456,0.12727272727272726,0.034482758620689655,0.017241379310344827,0.05454545454545454,1.2,0.6,0.391304347826087,0.2608695652173913,0.32608695652173914,0.3695652173913043,0.021739130434782608,0.2646733333333333,0.4033611111111111,0.0625,0.0625,0.23873333333333333,0.32043333333333346,0.16363636363636364,0.2,0.16393442622950818,0.25,0.44642857142857145,0.03389830508474576,0.7458333333333333,0.2376237623762376,0.49065420560747663,0.2102803738317757,0.44692737430167595,0.25139664804469275,0.07262569832402235,10.087912087912088,1.9285714285714288,4.895604395604396,0.12547528517110265,0.6167117917565239,0.24785853577275285,0.6167117917565239,0.2,"{""novig"": {""0.5"": {""over"": -233, ""under"": 170}}, ""betmgm"": {""0.5"": {""over"": -235, ""under"": 175}}, ""bet365"": {""1.5"": {""over"": 190, ""under"": -260}}, ""draftkings"": {""0.5"": {""over"": -245, ""under"": 181}}, ""fanduel"": {""0.5"": {""over"": -290}}}",0.5,over,novig,-233.0,0.6996996996996997,True,-0.083,1.5,over,bet365,190.0,0.3448275862068966,True,-0.097
660271,Shohei Ohtani,LAD,AZ,0,1.0,1,518876,Merrill Kelly,R,825051,9:40 PM ET,Chase Field,0,1,0.20326678765880218,2026-08-07,825051,1.0,0,105.5,106.3,89.5,L,5,5,3,0,0,2,0,0,0,2,9,3,0,2,0,0,3,0.8096666666666668,1.66,1,1,1,1,1,1,0.31666666666666665,0.38235294117647056,0.75,0.21739130434782608,0.38636363636363635,0.2,0.028985507246376812,0.08695652173913043,0.13333333333333333,2.066666666666667,1.0,0.5434782608695652,0.2608695652173913,0.43478260869565216,0.30434782608695654,0.021739130434782608,0.4541444444444444,0.7138111111111111,0.3684210526315789,0.18181818181818182,0.45476666666666665,0.6740666666666671,0.21666666666666667,0.38333333333333336,0.22388059701492538,0.3728813559322034,0.7796610169491526,0.22058823529411764,0.7458333333333333,0.2376237623762376,0.49065420560747663,0.2102803738317757,0.44692737430167595,0.25139664804469275,0.07262569832402235,10.087912087912088,1.9285714285714288,4.895604395604396,0.12547528517110265,0.6663315950722685,0.252032846902561,0.6663315950722685,0.31666666666666665,"{""novig"": {""1.5"": {""over"": 182, ""under"": -217}}, ""bet365"": {""1.5"": {""over"": 182, ""under"": -245}}, ""betmgm"": {""1.5"": {""over"": 160, ""under"": -220}}, ""draftkings"": {""1.5"": {""over"": 189, ""under"": -257}}, ""fanduel"": {""0.5"": {""over"": -340}}}",0.5,over,fanduel,-340.0,0.7727272727272727,True,-0.1064,1.5,over,draftkings,189.0,0.3460207612456747,True,-0.094
606192,Teoscar Hernández,LAD,AZ,0,7.0,1,518876,Merrill Kelly,R,825051,9:40 PM ET,Chase Field,1,1,0.20326678765880218,2026-08-07,825051,1.0,0,105.5,106.3,89.5,R,1,1,0,0,0,0,0,0,0,1,0,0,0,0,0,0,0,0.063,0.07350000000000001,0,0,0,0,1,0,0.30357142857142855,0.3389830508474576,0.8035714285714286,0.1864406779661017,0.3333333333333333,0.23214285714285715,0.05084745762711865,0.06779661016949153,0.125,2.0,0.7333333333333333,0.28888888888888886,0.1111111111111111,0.4666666666666667,0.3111111111111111,0.044444444444444446,0.28833666666666674,0.4554211111111111,0.3157894736842105,0.10526315789473684,0.29241666666666666,0.5702500000000004,0.20408163265306123,0.32653061224489793,0.3148148148148148,0.26785714285714285,0.3392857142857143,0.1774193548387097,0.7458333333333333,0.2376237623762376,0.49065420560747663,0.2102803738317757,0.44692737430167595,0.25139664804469275,0.07262569832402235,10.087912087912088,1.9285714285714288,4.895604395604396,0.12547528517110265,0.6261587317208271,0.2056413921180378,0.6261587317208271,0.30357142857142855,"{""novig"": {""1.5"": {""over"": 228}}, ""bet365"": {""0.5"": {""over"": -240, ""under"": 180}}, ""betmgm"": {""0.5"": {""over"": -210, ""under"": 155}}, ""draftkings"": {""0.5"": {""over"": -209, ""under"": 155}}, ""fanduel"": {""0.5"": {""over"": -240}}}",0.5,over,draftkings,-209.0,0.6763754045307443,True,-0.0502,1.5,over,novig,228.0,0.3048780487804878,True,-0.0992
669242,Tommy Edman,LAD,AZ,0,8.0,1,518876,Merrill Kelly,R,825051,9:40 PM ET,Chase Field,1,1,0.20326678765880218,2026-08-07,825051,1.0,0,105.5,106.3,89.5,R,4,4,1,0,0,0,0,0,0,2,1,2,0,1,1,1,0,0.149,0.1725,1,0,1,0,1,1,0.13157894736842105,0.1951219512195122,0.7368421052631579,0.24390243902439024,0.14814814814814814,0.10526315789473684,0.024390243902439025,0.024390243902439025,0.05263157894736842,0.6,0.6666666666666666,0.2857142857142857,0.17857142857142858,0.5,0.2857142857142857,0.0,0.26811666666666667,0.4126611111111111,0.09090909090909091,0.2727272727272727,0.2836666666666667,0.6322333333333334,0.3125,0.4791666666666667,0.2037037037037037,0.22916666666666666,0.3541666666666667,0.18518518518518517,0.7458333333333333,0.2376237623762376,0.49065420560747663,0.2102803738317757,0.44692737430167595,0.25139664804469275,0.07262569832402235,10.087912087912088,1.9285714285714288,4.895604395604396,0.12547528517110265,0.629741410755737,0.19085685133420768,0.629741410755737,0.13157894736842105,"{""novig"": {""0.5"": {""over"": -203, ""under"": 163}}, ""bet365"": {""0.5"": {""over"": -240, ""under"": 180}}, ""betmgm"": {""0.5"": {""over"": -190, ""under"": 140}}, ""draftkings"": {""0.5"": {""over"": -215, ""under"": 160}}, ""fanduel"": {""0.5"": {""over"": -230}}}",0.5,over,betmgm,-190.0,0.6551724137931034,True,-0.0254,1.5,,,,,False,
665487,Fernando Tatis Jr.,SD,HOU,1,1.0,1,669854,Ronel Blanco,R,823266,9:40 PM ET,Petco Park,1,1,0.2093425605536332,2026-08-07,823266,0.0,0,95.4,94.6,96.5,R,5,4,1,1,0,0,1,0,0,0,2,4,0,2,2,1,1,0.33175,0.6915,1,0,1,1,0,0,0.2542372881355932,0.36231884057971014,0.8135593220338984,0.15942028985507245,0.2826086956521739,0.2033898305084746,0.028985507246376812,0.057971014492753624,0.11864406779661017,1.8,0.7333333333333333,0.4791666666666667,0.1875,0.5,0.25,0.020833333333333332,0.31507,0.5233155555555556,0.15789473684210525,0.13636363636363635,0.23789999999999994,0.4881166666666667,0.2833333333333333,0.4166666666666667,0.2,0.2903225806451613,0.6290322580645161,0.18571428571428572,0.6484018264840182,0.15846994535519127,0.42783505154639173,0.22164948453608246,0.34507042253521125,0.36619718309859156,0.035211267605633804,6.75,1.1812500000000001,9.28125,0.2534562211981567,0.6461359812261269,0.251733522116444,0.6461359812261269,0.2542372881355932,"{""novig"": {""1.5"": {""over"": 212}}, ""bet365"": {""0.5"": {""over"": -250, ""under"": 185}}, ""betmgm"": {""0.5"": {""over"": -225, ""under"": 165}}, ""draftkings"": {""0.5"": {""over"": -236, ""under"": 174}}, ""fanduel"": {""0.5"": {""over"": -270}}}",0.5,over,betmgm,-225.0,0.6923076923076923,True,-0.0462,1.5,over,novig,212.0,0.32051282051282054,True,-0.0688
657757,Gavin Sheets,SD,HOU,1,7.0,1,669854,Ronel Blanco,R,823266,9:40 PM ET,Petco Park,0,1,0.2093425605536332,2026-08-07,823266,0.0,0,95.4,94.6,96.5,L,4,4,0,0,0,0,0,0,0,1,0,3,0,2,1,1,0,0.4076666666666666,1.0973333333333333,0,0,0,0,1,0,0.18181818181818182,0.275,0.8484848484848485,0.125,0.2,0.0,0.0,0.0,0.0,0.4,0.3333333333333333,0.3,0.1,0.5666666666666667,0.3,0.0,0.22323214285714288,0.2763869047619048,0.14285714285714285,0.1111111111111111,0.2766250000000001,0.32000000000000006,0.15151515151515152,0.15151515151515152,0.15555555555555556,0.1875,0.20833333333333334,0.21818181818181817,0.6484018264840182,0.15846994535519127,0.42783505154639173,0.22164948453608246,0.34507042253521125,0.36619718309859156,0.035211267605633804,6.75,1.1812500000000001,9.28125,0.2534562211981567,0.518112469872575,0.17144222921015007,0.518112469872575,0.18181818181818182,"{""novig"": {""0.5"": {""over"": -127, ""under"": -106}}, ""bet365"": {""0.5"": {""over"": -135, ""under"": 100}}, ""betmgm"": {""0.5"": {""over"": -135, ""under"": 100}}, ""draftkings"": {""0.5"": {""over"": -136, ""under"": 102}}, ""fanduel"": {""0.5"": {""over"": -135}}}",0.5,over,novig,-127.0,0.5594713656387665,True,-0.0414,1.5,,,,,False,
701538,Jackson Merrill,SD,HOU,1,5.0,1,669854,Ronel Blanco,R,823266,9:40 PM ET,Petco Park,0,1,0.2093425605536332,2026-08-07,823266,0.0,0,95.4,94.6,96.5,L,5,5,2,0,0,0,0,0,0,1,2,4,1,2,2,1,1,0.40575,0.84325,1,1,1,1,1,0,0.375,0.4067796610169492,0.8392857142857143,0.15,0.3953488372093023,0.26785714285714285,0.06666666666666667,0.05,0.125,2.4,0.6,0.5106382978723404,0.2765957446808511,0.2978723404255319,0.3404255319148936,0.0851063829787234,0.38191,0.7451233333333334,0.3684210526315789,0.19047619047619047,0.34941333333333335,0.6103033333333332,0.30357142857142855,0.5178571428571429,0.1935483870967742,0.296875,0.4375,0.19696969696969696,0.6484018264840182,0.15846994535519127,0.42783505154639173,0.22164948453608246,0.34507042253521125,0.36619718309859156,0.035211267605633804,6.75,1.1812500000000001,9.28125,0.2534562211981567,0.6386124686653891,0.1963875119465397,0.6386124686653891,0.375,"{""novig"": {""0.5"": {""over"": -186, ""under"": 150}}, ""bet365"": {""0.5"": {""over"": -220, ""under"": 160}}, ""betmgm"": {""0.5"": {""over"": -200, ""under"": 150}}, ""draftkings"": {""0.5"": {""over"": -194, ""under"": 145}}, ""fanduel"": {""0.5"": {""over"": -190}}}",0.5,over,novig,-186.0,0.6503496503496503,True,-0.0117,1.5,,,,,False,
630105,Jake Cronenworth,SD,HOU,1,2.0,1,669854,Ronel Blanco,R,823266,9:40 PM ET,Petco Park,0,1,0.2093425605536332,2026-08-07,823266,0.0,0,95.4,94.6,96.5,L,4,3,1,1,0,0,0,1,0,0,2,3,0,0,2,0,1,0.07233333333333333,0.14133333333333334,1,0,1,1,0,0,0.2631578947368421,0.36363636363636365,0.7543859649122807,0.208955223880597,0.3488372093023256,0.017543859649122806,0.0,0.014925373134328358,0.017543859649122806,1.0666666666666667,0.9333333333333333,0.29545454545454547,0.3181818181818182,0.4318181818181818,0.1590909090909091,0.0,0.37501555555555555,0.44289111111111107,0.2727272727272727,0.21739130434782608,0.2794133333333335,0.33430666666666714,0.25,0.2857142857142857,0.21875,0.21568627450980393,0.23529411764705882,0.17543859649122806,0.6484018264840182,0.15846994535519127,0.42783505154639173,0.22164948453608246,0.34507042253521125,0.36619718309859156,0.035211267605633804,6.75,1.1812500000000001,9.28125,0.2534562211981567,0.6004356066772191,0.2141130482387382,0.6004356066772191,0.2631578947368421,"{""novig"": {""0.5"": {""over"": -163, ""under"": 122}}, ""bet365"": {""0.5"": {""over"": -180, ""under"": 135}}, ""betmgm"": {""0.5"": {""over"": -165, ""under"": 125}}, ""draftkings"": {""0.5"": {""over"": -183, ""under"": 137}}, ""fanduel"": {""0.5"": {""over"": -175}}}",0.5,over,novig,-163.0,0.6197718631178707,True,-0.0193,1.5,,,,,False,
669134,Luis Campusano,SD,HOU,1,6.0,1,669854,Ronel Blanco,R,823266,9:40 PM ET,Petco Park,1,1,0.2093425605536332,2026-08-07,823266,0.0,0,95.4,94.6,96.5,R,4,4,0,0,0,0,0,0,0,1,0,3,0,2,2,0,0,0.22066666666666668,0.6783333333333333,0,0,0,0,1,0,0.30952380952380953,0.42,0.7380952380952381,0.22,0.41935483870967744,0.047619047619047616,0.0,0.04,0.047619047619047616,1.0,0.7333333333333333,0.3548387096774194,0.3870967741935484,0.3225806451612903,0.16129032258064516,0.03225806451612903,0.34077564102564106,0.43160256410256415,0.5,0.15789473684210525,0.40938333333333327,0.5026666666666666,0.28205128205128205,0.38461538461538464,0.2553191489361702,0.2571428571428571,0.37142857142857144,0.22727272727272727,0.6484018264840182,0.15846994535519127,0.42783505154639173,0.22164948453608246,0.34507042253521125,0.36619718309859156,0.035211267605633804,6.75,1.1812500000000001,9.28125,0.2534562211981567,0.5539064271982884,0.16505960766838268,0.5539064271982884,0.30952380952380953,"{""novig"": {""0.5"": {""over"": -135, ""under"": 113}}, ""bet365"": {""0.5"": {""over"": -150, ""under"": 110}}, ""betmgm"": {""0.5"": {""over"": -150, ""under"": 110}}, ""draftkings"": {""0.5"": {""over"": -139, ""under"": 105}}, ""fanduel"": {""0.5"": {""over"": -145}}}",0.5,over,novig,-135.0,0.574468085106383,True,-0.0206,1.5,,,,,False,
650859,Luis Rengifo,SD,HOU,1,4.0,1,669854,Ronel Blanco,R,823266,9:40 PM ET,Petco Park,1,1,0.2093425605536332,2026-08-07,823266,0.0,0,95.4,94.6,96.5,R,3,3,2,0,0,0,0,0,0,0,2,3,0,0,1,2,0,0.20366666666666666,0.21333333333333335,1,1,1,1,0,0,0.25,0.4,0.8214285714285714,0.14285714285714285,0.30434782608695654,0.03571428571428571,0.0,0.02857142857142857,0.03571428571428571,0.5333333333333333,0.3333333333333333,0.21739130434782608,0.2608695652173913,0.5652173913043478,0.13043478260869565,0.0,0.31019642857142854,0.3867083333333334,0.18181818181818182,0.2727272727272727,0.20331250000000003,0.2360624999999999,0.2708333333333333,0.4375,0.0847457627118644,0.2916666666666667,0.3125,0.2777777777777778,0.6484018264840182,0.15846994535519127,0.42783505154639173,0.22164948453608246,0.34507042253521125,0.36619718309859156,0.035211267605633804,6.75,1.1812500000000001,9.28125,0.2534562211981567,0.5914859687950514,0.2000275130032471,0.5914859687950514,0.25,"{""novig"": {""0.5"": {""over"": -163, ""under"": 120}}, ""bet365"": {""0.5"": {""over"": -180, ""under"": 135}}, ""betmgm"": {""0.5"": {""over"": -185, ""under"": 135}}, ""draftkings"": {""0.5"": {""over"": -165, ""under"": 124}}, ""fanduel"": {""0.5"": {""over"": -165}}}",0.5,over,novig,-163.0,0.6197718631178707,True,-0.0283,1.5,,,,,False,
592518,Manny Machado,SD,HOU,1,3.0,1,669854,Ronel Blanco,R,823266,9:40 PM ET,Petco Park,1,1,0.2093425605536332,2026-08-07,823266,0.0,0,95.4,94.6,96.5,R,5,4,0,0,0,0,1,0,0,1,0,3,0,2,0,3,0,0.38566666666666666,0.43,0,0,0,0,1,0,0.27419354838709675,0.31343283582089554,0.6935483870967742,0.2835820895522388,0.34146341463414637,0.20967741935483872,0.04477611940298507,0.05970149253731343,0.11290322580645161,2.0,1.2666666666666666,0.5227272727272727,0.3181818181818182,0.3409090909090909,0.3181818181818182,0.045454545454545456,0.35016444444444444,0.5818855555555555,0.16666666666666666,0.35,0.4284166666666668,0.57275,0.31746031746031744,0.5555555555555556,0.17647058823529413,0.2413793103448276,0.5172413793103449,0.24615384615384617,0.6484018264840182,0.15846994535519127,0.42783505154639173,0.22164948453608246,0.34507042253521125,0.36619718309859156,0.035211267605633804,6.75,1.1812500000000001,9.28125,0.2534562211981567,0.607232757805425,0.22086738707369483,0.607232757805425,0.27419354838709675,"{""novig"": {""0.5"": {""over"": -186, ""under"": 156}}, ""bet365"": {""0.5"": {""over"": -190, ""under"": 140}}, ""betmgm"": {""0.5"": {""over"": -190, ""under"": 140}}, ""draftkings"": {""0.5"": {""over"": -189, ""under"": 142}}, ""fanduel"": {""0.5"": {""over"": -210}}}",0.5,over,novig,-186.0,0.6503496503496503,True,-0.0431,1.5,,,,,False,
823550,Sung-Mun Song,SD,HOU,1,9.0,1,669854,Ronel Blanco,R,823266,9:40 PM ET,Petco Park,0,1,0.2093425605536332,2026-08-07,823266,0.0,0,95.4,94.6,96.5,L,1,0,0,0,0,0,1,0,0,0,0,0,0,0,0,0,0,0.19399999999999998,0.212,0,0,0,0,0,0,0.1875,0.3157894736842105,0.71875,0.225,0.2608695652173913,0.03125,0.0,0.025,0.03125,0.4666666666666667,0.6,0.28,0.12,0.52,0.16,0.0,0.1508787878787879,0.2418484848484848,0.09090909090909091,0.3076923076923077,0.09083333333333338,0.09983333333333326,0.15625,0.1875,0.23076923076923078,,,,0.6484018264840182,0.15846994535519127,0.42783505154639173,0.22164948453608246,0.34507042253521125,0.36619718309859156,0.035211267605633804,6.75,1.1812500000000001,9.28125,0.2534562211981567,0.34051849688738534,0.051466013418191625,0.34051849688738534,0.1875,"{""novig"": {""0.5"": {""over"": -122}}, ""draftkings"": {""0.5"": {""over"": -117, ""under"": -114}}}",0.5,over,draftkings,-117.0,0.5391705069124424,True,-0.1987,1.5,,,,,False,
593428,Xander Bogaerts,SD,HOU,1,8.0,1,669854,Ronel Blanco,R,823266,9:40 PM ET,Petco Park,1,1,0.2093425605536332,2026-08-07,823266,0.0,0,95.4,94.6,96.5,R,4,3,2,0,0,0,1,0,0,0,2,3,0,1,0,0,3,0.9273333333333333,1.0273333333333334,1,1,1,1,0,0,0.22916666666666666,0.3448275862068966,0.8125,0.15517241379310345,0.275,0.0625,0.0,0.05172413793103448,0.0625,0.9333333333333333,0.6,0.425,0.25,0.525,0.225,0.0,0.34913888888888883,0.4669611111111111,0.35714285714285715,0.2222222222222222,0.42506666666666665,0.5645333333333333,0.16666666666666666,0.25925925925925924,0.23076923076923078,0.28,0.36,0.09836065573770492,0.6484018264840182,0.15846994535519127,0.42783505154639173,0.22164948453608246,0.34507042253521125,0.36619718309859156,0.035211267605633804,6.75,1.1812500000000001,9.28125,0.2534562211981567,0.5604208658719243,0.16349876188645204,0.5604208658719243,0.22916666666666666,"{""novig"": {""0.5"": {""over"": -150, ""under"": 111}}, ""bet365"": {""0.5"": {""over"": -155, ""under"": 115}}, ""betmgm"": {""0.5"": {""over"": -150, ""under"": 110}}, ""draftkings"": {""0.5"": {""over"": -159, ""under"": 119}}, ""fanduel"": {""0.5"": {""over"": -165}}}",0.5,over,novig,-150.0,0.6,True,-0.0396,1.5,,,,,False,
701358,Cam Smith,HOU,SD,0,8.0,1,592662,Robbie Ray,L,823266,9:40 PM ET,Petco Park,1,0,0.21283783783783783,2026-08-07,823266,0.0,0,95.4,94.6,96.5,R,4,3,1,0,0,0,1,0,0,0,1,3,0,1,1,1,1,0.43533333333333335,0.501,1,0,1,0,0,0,0.2037037037037037,0.2542372881355932,0.7037037037037037,0.26666666666666666,0.24324324324324326,0.18518518518518517,0.03333333333333333,0.03333333333333333,0.09259259259259259,1.4,1.0666666666666667,0.4358974358974359,0.1794871794871795,0.41025641025641024,0.3333333333333333,0.02564102564102564,0.25658333333333333,0.37607692307692303,0.391304347826087,0.2916666666666667,0.35724999999999996,0.45833333333333337,0.23636363636363636,0.36363636363636365,0.19672131147540983,0.1836734693877551,0.40816326530612246,0.25,0.6846473029045643,0.20095693779904306,0.27014218009478674,0.061611374407582936,0.3878787878787879,0.3515151515151515,0.01818181818181818,7.553571428571429,1.125,6.267857142857142,0.1625,0.6133079570381814,0.22738834616849127,0.6133079570381814,0.2037037037037037,"{""novig"": {""0.5"": {""over"": -156}}, ""bet365"": {""0.5"": {""over"": -170, ""under"": 130}}, ""betmgm"": {""0.5"": {""over"": -150, ""under"": 110}}, ""draftkings"": {""0.5"": {""over"": -153, ""under"": 115}}, ""fanduel"": {""0.5"": {""over"": -160}}}",0.5,over,betmgm,-150.0,0.6,True,0.0133,1.5,,,,,False,
572233,Christian Walker,HOU,SD,0,5.0,1,592662,Robbie Ray,L,823266,9:40 PM ET,Petco Park,1,0,0.21283783783783783,2026-08-07,823266,0.0,0,95.4,94.6,96.5,R,4,4,2,1,0,0,0,0,0,1,3,3,0,2,0,2,1,0.5143333333333333,0.6013333333333333,1,1,1,1,1,0,0.24074074074074073,0.31666666666666665,0.6111111111111112,0.35,0.3548387096774194,0.18518518518518517,0.03333333333333333,0.06666666666666667,0.1111111111111111,1.5333333333333334,1.4,0.3939393939393939,0.15151515151515152,0.45454545454545453,0.3333333333333333,0.06060606060606061,0.3408294871794872,0.598478205128205,0.2727272727272727,0.20833333333333334,0.37427333333333335,0.6990766666666669,0.22580645161290322,0.3709677419354839,0.3235294117647059,0.2857142857142857,0.4897959183673469,0.16071428571428573,0.6846473029045643,0.20095693779904306,0.27014218009478674,0.061611374407582936,0.3878787878787879,0.3515151515151515,0.01818181818181818,7.553571428571429,1.125,6.267857142857142,0.1625,0.6251236097380339,0.2532515441471584,0.6251236097380339,0.24074074074074073,"{""novig"": {""0.5"": {""over"": -153, ""under"": 127}}, ""bet365"": {""0.5"": {""over"": -175, ""under"": 132}}, ""betmgm"": {""0.5"": {""over"": -160, ""under"": 120}}, ""draftkings"": {""0.5"": {""over"": -159, ""under"": 120}}, ""fanduel"": {""0.5"": {""over"": -175}}}",0.5,over,novig,-153.0,0.6047430830039525,True,0.0204,1.5,,,,,False,
662139,Daulton Varsho,HOU,SD,0,6.0,1,592662,Robbie Ray,L,823266,9:40 PM ET,Petco Park,0,0,0.21283783783783783,2026-08-07,823266,0.0,0,95.4,94.6,96.5,L,5,4,1,0,0,0,1,0,0,2,1,2,0,1,1,0,1,0.4,0.48050000000000004,1,0,1,0,1,1,0.2641509433962264,0.3389830508474576,0.8301886792452831,0.15254237288135594,0.3181818181818182,0.03773584905660377,0.0,0.03389830508474576,0.03773584905660377,1.0666666666666667,0.6,0.25,0.18181818181818182,0.5,0.22727272727272727,0.0,0.2412022222222222,0.3687622222222222,0.13333333333333333,0.25,0.2238333333333332,0.3504666666666667,0.24074074074074073,0.2962962962962963,0.11666666666666667,0.24074074074074073,0.3333333333333333,0.15254237288135594,0.6846473029045643,0.20095693779904306,0.27014218009478674,0.061611374407582936,0.3878787878787879,0.3515151515151515,0.01818181818181818,7.553571428571429,1.125,6.267857142857142,0.1625,0.5844915267415542,0.20076981071896485,0.5844915267415542,0.2641509433962264,"{""novig"": {""0.5"": {""over"": -141}}, ""bet365"": {""0.5"": {""over"": -120, ""under"": -110}}, ""betmgm"": {""0.5"": {""over"": -150, ""under"": 110}}, ""draftkings"": {""0.5"": {""over"": -136, ""under"": 103}}, ""fanduel"": {""0.5"": {""over"": -155}}}",0.5,over,bet365,-120.0,0.5454545454545454,True,0.039,1.5,,,,,False,
670623,Isaac Paredes,HOU,SD,0,3.0,1,592662,Robbie Ray,L,823266,9:40 PM ET,Petco Park,1,0,0.21283783783783783,2026-08-07,823266,0.0,0,95.4,94.6,96.5,R,1,1,0,0,0,0,0,0,0,0,0,1,0,0,0,0,0,0.014,0.028,0,0,0,0,0,0,0.22413793103448276,0.3382352941176471,0.896551724137931,0.08823529411764706,0.20408163265306123,0.1896551724137931,0.04411764705882353,0.0,0.06896551724137931,1.6,0.4,0.23076923076923078,0.34615384615384615,0.21153846153846154,0.3076923076923077,0.019230769230769232,0.3231211111111111,0.48302,0.15789473684210525,0.125,0.3187666666666667,0.4528833333333333,0.24561403508771928,0.43859649122807015,0.08823529411764706,0.26666666666666666,0.35,0.16417910447761194,0.6846473029045643,0.20095693779904306,0.27014218009478674,0.061611374407582936,0.3878787878787879,0.3515151515151515,0.01818181818181818,7.553571428571429,1.125,6.267857142857142,0.1625,0.5886053788664682,0.2125895981037138,0.5886053788664682,0.22413793103448276,"{""novig"": {""0.5"": {""over"": -194}}, ""bet365"": {""0.5"": {""over"": -175, ""under"": 132}}, ""betmgm"": {""0.5"": {""over"": -190, ""under"": 140}}, ""draftkings"": {""0.5"": {""over"": -196, ""under"": 146}}, ""fanduel"": {""0.5"": {""over"": -185}}}",0.5,over,bet365,-175.0,0.6363636363636364,True,-0.0478,1.5,,,,,False,
676694,Jake Meyers,HOU,SD,0,9.0,1,592662,Robbie Ray,L,823266,9:40 PM ET,Petco Park,1,0,0.21283783783783783,2026-08-07,823266,0.0,0,95.4,94.6,96.5,R,3,3,0,0,0,0,0,0,0,0,0,3,0,1,1,2,0,0.16333333333333336,0.17633333333333334,0,0,0,0,0,0,0.2,0.23809523809523808,0.775,0.21428571428571427,0.23333333333333334,0.125,0.023809523809523808,0.047619047619047616,0.075,0.8666666666666667,0.6,0.2903225806451613,0.25806451612903225,0.3548387096774194,0.3225806451612903,0.03225806451612903,0.21977380952380954,0.30699404761904764,0.2727272727272727,0.16666666666666666,0.3128000000000001,0.38053333333333333,0.23529411764705882,0.37254901960784315,0.18518518518518517,0.1891891891891892,0.35135135135135137,0.18604651162790697,0.6846473029045643,0.20095693779904306,0.27014218009478674,0.061611374407582936,0.3878787878787879,0.3515151515151515,0.01818181818181818,7.553571428571429,1.125,6.267857142857142,0.1625,0.5281261420172221,0.16867474934868387,0.5281261420172221,0.2,,0.5,,,,,False,,1.5,,,,,False,
665161,Jeremy Peña,HOU,SD,0,1.0,1,592662,Robbie Ray,L,823266,9:40 PM ET,Petco Park,1,0,0.21283783783783783,2026-08-07,823266,0.0,0,95.4,94.6,96.5,R,5,5,0,0,0,0,0,0,0,2,0,3,0,2,0,1,1,0.38400000000000006,0.5066666666666667,0,0,0,0,1,1,0.390625,0.43478260869565216,0.703125,0.2714285714285714,0.47368421052631576,0.40625,0.1,0.04285714285714286,0.171875,3.4,1.2666666666666666,0.5111111111111111,0.37777777777777777,0.4222222222222222,0.15555555555555556,0.0,0.48464666666666667,0.7502166666666668,0.38095238095238093,0.23076923076923078,0.45845,0.6572499999999999,0.40625,0.8125,0.1917808219178082,0.22950819672131148,0.26229508196721313,0.23076923076923078,0.6846473029045643,0.20095693779904306,0.27014218009478674,0.061611374407582936,0.3878787878787879,0.3515151515151515,0.01818181818181818,7.553571428571429,1.125,6.267857142857142,0.1625,0.6634635912343532,0.2686035847927853,0.6634635912343532,0.390625,"{""novig"": {""0.5"": {""over"": -270}}, ""bet365"": {""0.5"": {""over"": -270, ""under"": 195}}, ""betmgm"": {""1.5"": {""over"": 180, ""under"": -250}}, ""draftkings"": {""0.5"": {""over"": -263, ""under"": 193}}, ""fanduel"": {""0.5"": {""over"": -270}}}",0.5,over,draftkings,-263.0,0.7245179063360881,True,-0.0611,1.5,over,betmgm,180.0,0.35714285714285715,True,-0.0885
514888,Jose Altuve,HOU,SD,0,4.0,1,592662,Robbie Ray,L,823266,9:40 PM ET,Petco Park,1,0,0.21283783783783783,2026-08-07,823266,0.0,0,95.4,94.6,96.5,R,5,5,2,0,0,1,0,0,0,0,5,5,1,2,3,2,0,0.3398,0.9146000000000001,1,1,1,1,0,0,0.2857142857142857,0.3076923076923077,0.8571428571428571,0.13846153846153847,0.32075471698113206,0.06349206349206349,0.015384615384615385,0.015384615384615385,0.031746031746031744,1.4666666666666666,0.6,0.25925925925925924,0.18518518518518517,0.5555555555555556,0.2222222222222222,0.0,0.24205888888888888,0.3120433333333333,0.3684210526315789,0.09523809523809523,0.27407999999999993,0.3201200000000003,0.25806451612903225,0.3225806451612903,0.140625,0.19047619047619047,0.36507936507936506,0.24615384615384617,0.6846473029045643,0.20095693779904306,0.27014218009478674,0.061611374407582936,0.3878787878787879,0.3515151515151515,0.01818181818181818,7.553571428571429,1.125,6.267857142857142,0.1625,0.6544251955659187,0.2456667122533641,0.6544251955659187,0.2857142857142857,"{""novig"": {""0.5"": {""over"": -203}}, ""bet365"": {""0.5"": {""over"": -240, ""under"": 180}}, ""betmgm"": {""0.5"": {""over"": -185, ""under"": 135}}, ""draftkings"": {""0.5"": {""over"": -209, ""under"": 155}}, ""fanduel"": {""0.5"": {""over"": -200}}}",0.5,over,betmgm,-185.0,0.6491228070175439,True,0.0053,1.5,,,,,False,
673237,Yainer Diaz,HOU,SD,0,7.0,1,592662,Robbie Ray,L,823266,9:40 PM ET,Petco Park,1,0,0.21283783783783783,2026-08-07,823266,0.0,0,95.4,94.6,96.5,R,5,4,0,0,0,0,0,0,0,0,0,4,0,2,0,3,0,0.096,0.1075,0,0,0,0,0,0,0.3275862068965517,0.35,0.8448275862068966,0.15,0.34782608695652173,0.1896551724137931,0.05,0.03333333333333333,0.08620689655172414,2.0,0.6,0.42857142857142855,0.24489795918367346,0.4897959183673469,0.20408163265306123,0.04081632653061224,0.4236377777777778,0.6462077777777778,0.5454545454545454,0.13636363636363635,0.44408000000000003,0.7113566666666666,0.3275862068965517,0.603448275862069,0.13333333333333333,0.2545454545454545,0.32727272727272727,0.1694915254237288,0.6846473029045643,0.20095693779904306,0.27014218009478674,0.061611374407582936,0.3878787878787879,0.3515151515151515,0.01818181818181818,7.553571428571429,1.125,6.267857142857142,0.1625,0.6332226754663927,0.21906139733466046,0.6332226754663927,0.3275862068965517,"{""novig"": {""0.5"": {""over"": -199}}, ""bet365"": {""0.5"": {""over"": -220, ""under"": 160}}, ""betmgm"": {""0.5"": {""over"": -200, ""under"": 150}}, ""draftkings"": {""0.5"": {""over"": -182, ""under"": 136}}, ""fanduel"": {""0.5"": {""over"": -195}}}",0.5,over,draftkings,-182.0,0.6453900709219859,True,-0.0122,1.5,,,,,False,
670541,Yordan Alvarez,HOU,SD,0,2.0,1,592662,Robbie Ray,L,823266,9:40 PM ET,Petco Park,0,0,0.21283783783783783,2026-08-07,823266,0.0,0,95.4,94.6,96.5,L,5,4,1,0,0,0,1,0,0,2,1,2,0,2,0,0,2,0.7945,1.062,1,0,1,0,1,1,0.3888888888888889,0.5217391304347826,0.7777777777777778,0.17391304347826086,0.4473684210526316,0.3148148148148148,0.057971014492753624,0.07246376811594203,0.16666666666666666,2.533333333333333,0.8,0.5714285714285714,0.2857142857142857,0.35714285714285715,0.2857142857142857,0.023809523809523808,0.4273866666666667,0.8004844444444444,0.5,0.12,0.43849333333333335,0.645286666666667,0.39622641509433965,0.6792452830188679,0.15942028985507245,0.21311475409836064,0.2786885245901639,0.20588235294117646,0.6846473029045643,0.20095693779904306,0.27014218009478674,0.061611374407582936,0.3878787878787879,0.3515151515151515,0.01818181818181818,7.553571428571429,1.125,6.267857142857142,0.1625,0.6827431193638688,0.2908965183535863,0.6827431193638688,0.3888888888888889,"{""novig"": {""1.5"": {""over"": 203}}, ""bet365"": {""0.5"": {""over"": -250, ""under"": 185}}, ""betmgm"": {""0.5"": {""over"": -250, ""under"": 180}}, ""draftkings"": {""0.5"": {""over"": -257, ""under"": 190}}, ""fanduel"": {""0.5"": {""over"": -250}}}",0.5,over,bet365,-250.0,0.7142857142857143,True,-0.0315,1.5,over,novig,203.0,0.33003300330033003,True,-0.0391
680977,Brendan Donovan,SEA,TB,1,7.0,1,656876,Drew Rasmussen,R,823103,9:45 PM ET,T-Mobile Park,0,1,0.2168458781362007,2026-08-07,823103,0.0,0,90.9,92.7,102.0,L,3,3,1,0,0,0,0,0,0,0,1,3,0,0,0,3,0,0.208,0.2253333333333333,1,0,1,0,0,0,0.22,0.3333333333333333,0.86,0.11666666666666667,0.25,0.08,0.0,0.03333333333333333,0.06,1.0,0.4666666666666667,0.3181818181818182,0.2727272727272727,0.3181818181818182,0.3181818181818182,0.0,0.28849615384615385,0.408324358974359,0.2777777777777778,0.15,0.36166666666666675,0.5773583333333333,0.26,0.4,0.09836065573770492,0.27586206896551724,0.3275862068965517,0.16923076923076924,0.6606334841628959,0.1782178217821782,0.32367149758454106,0.12560386473429952,0.4178082191780822,0.273972602739726,0.0273972602739726,6.265193370165746,0.7458563535911602,8.80110497237569,0.2554112554112554,0.5525338558512868,0.14312776003238925,0.5525338558512868,0.22,"{""novig"": {""0.5"": {""over"": -156, ""under"": 113}}, ""bet365"": {""0.5"": {""over"": -160, ""under"": 120}}, ""betmgm"": {""0.5"": {""over"": -155, ""under"": 115}}, ""draftkings"": {""0.5"": {""over"": -170, ""under"": 127}}, ""fanduel"": {""0.5"": {""over"": -170}}}",0.5,over,betmgm,-155.0,0.6078431372549019,True,-0.0553,1.5,,,,,False,
663728,Cal Raleigh,SEA,TB,1,8.0,1,656876,Drew Rasmussen,R,823103,9:45 PM ET,T-Mobile Park,0,1,0.2168458781362007,2026-08-07,823103,0.0,0,90.9,92.7,102.0,L,1,1,0,0,0,0,0,0,0,0,0,1,1,1,1,0,0,0.437,1.574,0,0,0,0,0,0,0.15151515151515152,0.24324324324324326,0.5454545454545454,0.40540540540540543,0.1875,0.21212121212121213,0.05405405405405406,0.02702702702702703,0.09090909090909091,0.8,1.0,0.5,0.2777777777777778,0.2222222222222222,0.3333333333333333,0.1111111111111111,0.4153461538461538,1.1224615384615384,0.14285714285714285,0.42857142857142855,0.5462999999999999,1.2992000000000001,0.18518518518518517,0.35185185185185186,0.30158730158730157,0.11538461538461539,0.23076923076923078,0.4032258064516129,0.6606334841628959,0.1782178217821782,0.32367149758454106,0.12560386473429952,0.4178082191780822,0.273972602739726,0.0273972602739726,6.265193370165746,0.7458563535911602,8.80110497237569,0.2554112554112554,0.47396258799663665,0.11091683282012595,0.47396258799663665,0.15151515151515152,"{""novig"": {""0.5"": {""over"": -106, ""under"": -100}}, ""bet365"": {""0.5"": {""over"": 100, ""under"": -135}}, ""betmgm"": {""0.5"": {""over"": 105, ""under"": -140}}, ""draftkings"": {""0.5"": {""over"": -115, ""under"": -116}}, ""fanduel"": {""0.5"": {""over"": -115}}}",0.5,over,betmgm,105.0,0.4878048780487805,True,-0.0138,1.5,,,,,False,
702284,Cole Young,SEA,TB,1,2.0,1,656876,Drew Rasmussen,R,823103,9:45 PM ET,T-Mobile Park,0,1,0.2168458781362007,2026-08-07,823103,0.0,0,90.9,92.7,102.0,L,4,3,0,0,0,0,1,0,0,0,0,3,0,1,1,2,0,0.18366666666666664,0.23466666666666666,0,0,0,0,0,0,0.3,0.36363636363636365,0.9166666666666666,0.07575757575757576,0.3148148148148148,0.13333333333333333,0.015151515151515152,0.015151515151515152,0.06666666666666667,1.7333333333333334,0.3333333333333333,0.36363636363636365,0.2727272727272727,0.4,0.2727272727272727,0.01818181818181818,0.30740888888888895,0.41944555555555557,0.35,0.09090909090909091,0.34557,0.44370000000000004,0.2542372881355932,0.5423728813559322,0.12903225806451613,0.25,0.32142857142857145,0.08196721311475409,0.6606334841628959,0.1782178217821782,0.32367149758454106,0.12560386473429952,0.4178082191780822,0.273972602739726,0.0273972602739726,6.265193370165746,0.7458563535911602,8.80110497237569,0.2554112554112554,0.6174649897618417,0.18822451465681908,0.6174649897618417,0.3,"{""novig"": {""0.5"": {""over"": -190, ""under"": 135}}, ""bet365"": {""0.5"": {""over"": -200, ""under"": 150}}, ""betmgm"": {""0.5"": {""over"": -190, ""under"": 140}}, ""draftkings"": {""0.5"": {""over"": -197, ""under"": 147}}, ""fanduel"": {""0.5"": {""over"": -195}}}",0.5,over,betmgm,-190.0,0.6551724137931034,True,-0.0377,1.5,,,,,False,
806068,Colt Emerson,SEA,TB,1,9.0,1,656876,Drew Rasmussen,R,823103,9:45 PM ET,T-Mobile Park,0,1,0.2168458781362007,2026-08-07,823103,0.0,0,90.9,92.7,102.0,L,3,3,1,0,0,0,0,0,0,0,1,3,0,1,1,1,1,0.5256666666666666,0.6903333333333334,1,0,1,0,0,0,0.21568627450980393,0.24074074074074073,0.7058823529411765,0.2777777777777778,0.2777777777777778,0.0784313725490196,0.018518518518518517,0.018518518518518517,0.0392156862745098,1.0,1.0,0.32432432432432434,0.2972972972972973,0.43243243243243246,0.24324324324324326,0.02702702702702703,0.35956666666666665,0.4876,0.23529411764705882,0.3333333333333333,0.2809333333333333,0.5048666666666667,0.1568627450980392,0.1568627450980392,0.3333333333333333,0.23404255319148937,0.5531914893617021,0.2830188679245283,0.6606334841628959,0.1782178217821782,0.32367149758454106,0.12560386473429952,0.4178082191780822,0.273972602739726,0.0273972602739726,6.265193370165746,0.7458563535911602,8.80110497237569,0.2554112554112554,0.3857613102440494,0.11013317021382653,0.3857613102440494,0.21568627450980393,"{""novig"": {""0.5"": {""over"": 102, ""under"": -135}}, ""bet365"": {""0.5"": {""over"": 105, ""under"": -140}}, ""betmgm"": {""0.5"": {""over"": 105, ""under"": -140}}, ""draftkings"": {""0.5"": {""over"": -105, ""under"": -127}}, ""fanduel"": {""0.5"": {""over"": -105}}}",0.5,over,betmgm,105.0,0.4878048780487805,True,-0.102,1.5,,,,,False,
686527,Dominic Canzone,SEA,TB,1,4.0,1,656876,Drew Rasmussen,R,823103,9:45 PM ET,T-Mobile Park,0,1,0.2168458781362007,2026-08-07,823103,0.0,0,90.9,92.7,102.0,L,4,4,1,0,0,0,0,0,0,2,1,2,0,1,0,2,0,0.5675,0.681,1,0,1,0,1,1,0.22807017543859648,0.3333333333333333,0.7894736842105263,0.18181818181818182,0.23809523809523808,0.22807017543859648,0.045454545454545456,0.06060606060606061,0.12280701754385964,1.7333333333333334,0.8,0.37777777777777777,0.17777777777777778,0.4222222222222222,0.35555555555555557,0.08888888888888889,0.3532190476190476,0.598675,0.15789473684210525,0.09090909090909091,0.2940933333333333,0.40390666666666675,0.21666666666666667,0.35,0.2153846153846154,0.2692307692307692,0.6153846153846154,0.1774193548387097,0.6606334841628959,0.1782178217821782,0.32367149758454106,0.12560386473429952,0.4178082191780822,0.273972602739726,0.0273972602739726,6.265193370165746,0.7458563535911602,8.80110497237569,0.2554112554112554,0.5443509580821162,0.16025913925762814,0.5443509580821162,0.22807017543859648,"{""novig"": {""0.5"": {""over"": -160, ""under"": 117}}, ""bet365"": {""0.5"": {""over"": -175, ""under"": 132}}, ""betmgm"": {""0.5"": {""over"": -160, ""under"": 120}}, ""draftkings"": {""0.5"": {""over"": -166, ""under"": 125}}, ""fanduel"": {""0.5"": {""over"": -160}}}",0.5,over,fanduel,-160.0,0.6153846153846154,True,-0.071,1.5,,,,,False,
647304,Josh Naylor,SEA,TB,1,6.0,1,656876,Drew Rasmussen,R,823103,9:45 PM ET,T-Mobile Park,0,1,0.2168458781362007,2026-08-07,823103,0.0,0,90.9,92.7,102.0,L,3,3,0,0,0,0,0,0,0,1,0,2,0,0,0,1,0,0.0405,0.044500000000000005,0,0,0,0,1,0,0.3275862068965517,0.38095238095238093,0.8620689655172413,0.12698412698412698,0.38,0.06896551724137931,0.0,0.06349206349206349,0.06896551724137931,1.5333333333333334,0.5333333333333333,0.28,0.28,0.42,0.26,0.02,0.3600411111111111,0.43703888888888887,0.2777777777777778,0.14285714285714285,0.3625500000000001,0.43036666666666656,0.32727272727272727,0.38181818181818183,0.09523809523809523,0.22413793103448276,0.29310344827586204,0.1746031746031746,0.6606334841628959,0.1782178217821782,0.32367149758454106,0.12560386473429952,0.4178082191780822,0.273972602739726,0.0273972602739726,6.265193370165746,0.7458563535911602,8.80110497237569,0.2554112554112554,0.5711009452179304,0.16517919270024137,0.5711009452179304,0.3275862068965517,"{""novig"": {""0.5"": {""over"": -163, ""under"": 117}}, ""bet365"": {""0.5"": {""over"": -170, ""under"": 130}}, ""betmgm"": {""0.5"": {""over"": -160, ""under"": 120}}, ""draftkings"": {""0.5"": {""over"": -172, ""under"": 129}}, ""fanduel"": {""0.5"": {""over"": -175}}}",0.5,over,betmgm,-160.0,0.6153846153846154,True,-0.0443,1.5,,,,,False,
677594,Julio Rodríguez,SEA,TB,1,5.0,1,656876,Drew Rasmussen,R,823103,9:45 PM ET,T-Mobile Park,1,1,0.2168458781362007,2026-08-07,823103,0.0,0,90.9,92.7,102.0,R,4,4,1,0,0,0,0,0,0,1,1,3,0,1,0,1,2,0.5333333333333333,0.6256666666666667,1,0,1,0,1,0,0.2727272727272727,0.3387096774193548,0.8545454545454545,0.12903225806451613,0.26666666666666666,0.18181818181818182,0.04838709677419355,0.016129032258064516,0.07272727272727272,1.6666666666666667,0.5333333333333333,0.3333333333333333,0.22916666666666666,0.3333333333333333,0.375,0.0,0.39744666666666667,0.6228244444444446,0.4117647058823529,0.18181818181818182,0.5485333333333333,0.7334333333333336,0.3018867924528302,0.37735849056603776,0.1935483870967742,0.23333333333333334,0.4,0.15151515151515152,0.6606334841628959,0.1782178217821782,0.32367149758454106,0.12560386473429952,0.4178082191780822,0.273972602739726,0.0273972602739726,6.265193370165746,0.7458563535911602,8.80110497237569,0.2554112554112554,0.5720400918559995,0.1678874651215955,0.5720400918559995,0.2727272727272727,"{""novig"": {""0.5"": {""over"": -194, ""under"": 163}}, ""bet365"": {""0.5"": {""over"": -200, ""under"": 150}}, ""betmgm"": {""0.5"": {""over"": -190, ""under"": 140}}, ""draftkings"": {""0.5"": {""over"": -208, ""under"": 155}}, ""fanduel"": {""0.5"": {""over"": -195}}}",0.5,over,betmgm,-190.0,0.6551724137931034,True,-0.0831,1.5,,,,,False,
668227,Randy Arozarena,SEA,TB,1,3.0,1,656876,Drew Rasmussen,R,823103,9:45 PM ET,T-Mobile Park,1,1,0.2168458781362007,2026-08-07,823103,0.0,0,90.9,92.7,102.0,R,4,3,1,0,0,0,1,0,0,1,1,2,0,0,1,1,0,0.575,0.596,1,0,1,0,1,0,0.3050847457627119,0.3880597014925373,0.8305084745762712,0.14925373134328357,0.32608695652173914,0.2033898305084746,0.04477611940298507,0.04477611940298507,0.1016949152542373,2.0,0.6666666666666666,0.4897959183673469,0.22448979591836735,0.4489795918367347,0.2857142857142857,0.061224489795918366,0.30926777777777775,0.5131877777777778,0.3157894736842105,0.13636363636363635,0.27331666666666665,0.44448333333333323,0.2727272727272727,0.509090909090909,0.16666666666666666,0.22807017543859648,0.38596491228070173,0.19402985074626866,0.6606334841628959,0.1782178217821782,0.32367149758454106,0.12560386473429952,0.4178082191780822,0.273972602739726,0.0273972602739726,6.265193370165746,0.7458563535911602,8.80110497237569,0.2554112554112554,0.5965163240323854,0.21310359362063733,0.5965163240323854,0.3050847457627119,"{""novig"": {""0.5"": {""over"": -167, ""under"": 120}}, ""bet365"": {""0.5"": {""over"": -175, ""under"": 132}}, ""betmgm"": {""0.5"": {""over"": -175, ""under"": 130}}, ""draftkings"": {""0.5"": {""over"": -180, ""under"": 134}}, ""fanduel"": {""0.5"": {""over"": -180}}}",0.5,over,novig,-167.0,0.6254681647940075,True,-0.029,1.5,,,,,False,
621493,Taylor Ward,SEA,TB,1,1.0,1,656876,Drew Rasmussen,R,823103,9:45 PM ET,T-Mobile Park,1,1,0.2168458781362007,2026-08-07,823103,0.0,0,90.9,92.7,102.0,R,4,4,1,0,0,0,0,0,0,1,1,3,0,1,0,2,1,0.3413333333333333,0.37766666666666665,1,0,1,0,1,0,0.19230769230769232,0.34375,0.7692307692307693,0.1875,0.25,0.019230769230769232,0.0,0.015625,0.019230769230769232,0.7333333333333333,0.8,0.4,0.275,0.35,0.225,0.0,0.33278555555555556,0.45512111111111114,0.15384615384615385,0.25,0.43,0.5546999999999995,0.21568627450980393,0.27450980392156865,0.11764705882352941,0.32727272727272727,0.4727272727272727,0.24615384615384617,0.6606334841628959,0.1782178217821782,0.32367149758454106,0.12560386473429952,0.4178082191780822,0.273972602739726,0.0273972602739726,6.265193370165746,0.7458563535911602,8.80110497237569,0.2554112554112554,0.5680210612590275,0.18033576698786838,0.5680210612590275,0.19230769230769232,"{""novig"": {""0.5"": {""over"": -144, ""under"": 108}}, ""bet365"": {""0.5"": {""over"": -140, ""under"": 105}}, ""betmgm"": {""0.5"": {""over"": -155, ""under"": 115}}, ""draftkings"": {""0.5"": {""over"": -163, ""under"": 122}}, ""fanduel"": {""0.5"": {""over"": -165}}}",0.5,over,bet365,-140.0,0.5833333333333334,True,-0.0153,1.5,,,,,False,
805811,Bryce Eldridge,SF,DET,1,1.0,1,672456,Keider Montero,R,823191,10:15 PM ET,Oracle Park,0,1,0.19680851063829788,2026-08-07,823191,0.0,1,100.6,96.8,86.1,L,5,5,1,0,0,0,0,0,0,1,1,4,0,3,2,1,1,0.31425000000000003,0.60125,1,0,1,0,1,0,0.18867924528301888,0.29508196721311475,0.5849056603773585,0.36065573770491804,0.27586206896551724,0.1320754716981132,0.03278688524590164,0.01639344262295082,0.05660377358490566,1.1333333333333333,1.4666666666666666,0.45161290322580644,0.16129032258064516,0.4838709677419355,0.3225806451612903,0.03225806451612903,0.37448076923076923,0.6955192307692308,0.3333333333333333,0.3333333333333333,0.40506666666666663,0.4862333333333332,0.18518518518518517,0.42592592592592593,0.2878787878787879,0.2857142857142857,0.4897959183673469,0.2909090909090909,0.7483870967741936,0.2112676056338028,0.3310344827586207,0.10344827586206896,0.5603448275862069,0.1896551724137931,0.0,7.200000000000001,0.6000000000000001,5.600000000000001,0.15819209039548024,0.6350410057999115,0.2056594130833643,0.6350410057999115,0.18867924528301888,"{""novig"": {""0.5"": {""over"": -199, ""under"": 144}}, ""bet365"": {""0.5"": {""over"": -210, ""under"": 155}}, ""betmgm"": {""0.5"": {""over"": -210, ""under"": 155}}, ""draftkings"": {""0.5"": {""over"": -205, ""under"": 152}}, ""fanduel"": {""0.5"": {""over"": -220}}}",0.5,over,novig,-199.0,0.6655518394648829,True,-0.0305,1.5,,,,,False,
683766,Christian Koss,SF,DET,1,9.0,1,672456,Keider Montero,R,823191,10:15 PM ET,Oracle Park,1,1,0.19680851063829788,2026-08-07,823191,0.0,1,100.6,96.8,86.1,R,2,2,0,0,0,0,0,0,0,0,0,2,0,0,1,1,0,0.0935,0.10950000000000001,0,0,0,0,0,0,0.18421052631578946,0.24390243902439024,0.7368421052631579,0.24390243902439024,0.25,0.0,0.0,0.0,0.0,0.4666666666666667,0.6666666666666666,0.21428571428571427,0.14285714285714285,0.5357142857142857,0.17857142857142858,0.0,0.23793055555555553,0.28955555555555557,0.2,0.3333333333333333,0.31854166666666667,0.4304166666666666,0.17647058823529413,0.20588235294117646,0.16216216216216217,0.2857142857142857,0.34285714285714286,0.24390243902439024,0.7483870967741936,0.2112676056338028,0.3310344827586207,0.10344827586206896,0.5603448275862069,0.1896551724137931,0.0,7.200000000000001,0.6000000000000001,5.600000000000001,0.15819209039548024,0.4381145275885563,0.09383307747332277,0.4381145275885563,0.18421052631578946,"{""novig"": {""0.5"": {""over"": -138, ""under"": -100}}, ""bet365"": {""0.5"": {""over"": -140, ""under"": 105}}, ""betmgm"": {""0.5"": {""over"": -150, ""under"": 110}}, ""draftkings"": {""0.5"": {""over"": -143, ""under"": 108}}, ""fanduel"": {""0.5"": {""over"": -155}}}",0.5,over,novig,-138.0,0.5798319327731093,True,-0.1417,1.5,,,,,False,
691740,Daniel Susac,SF,DET,1,5.0,1,672456,Keider Montero,R,823191,10:15 PM ET,Oracle Park,1,1,0.19680851063829788,2026-08-07,823191,0.0,1,100.6,96.8,86.1,R,4,4,1,1,0,0,0,0,0,1,2,3,0,1,0,2,1,0.21166666666666667,0.3126666666666667,1,0,1,1,1,0,0.1951219512195122,0.23404255319148937,0.7804878048780488,0.19148936170212766,0.15625,0.2682926829268293,0.06382978723404255,0.0425531914893617,0.12195121951219512,1.2666666666666666,0.6,0.37142857142857144,0.2857142857142857,0.3142857142857143,0.34285714285714286,0.0,0.29407738095238095,0.4915119047619047,0.3333333333333333,0.05555555555555555,0.3005625,0.7339583333333334,0.17647058823529413,0.35294117647058826,0.22033898305084745,0.35,0.5,0.18604651162790697,0.7483870967741936,0.2112676056338028,0.3310344827586207,0.10344827586206896,0.5603448275862069,0.1896551724137931,0.0,7.200000000000001,0.6000000000000001,5.600000000000001,0.15819209039548024,0.6185079327805845,0.1908695077462436,0.6185079327805845,0.1951219512195122,"{""novig"": {""0.5"": {""over"": -186, ""under"": 133}}, ""bet365"": {""0.5"": {""over"": -200, ""under"": 150}}, ""betmgm"": {""0.5"": {""over"": -190, ""under"": 140}}, ""draftkings"": {""0.5"": {""over"": -185, ""under"": 138}}, ""fanduel"": {""0.5"": {""over"": -220}}}",0.5,over,draftkings,-185.0,0.6491228070175439,True,-0.0306,1.5,,,,,False,
687551,Drew Gilbert,SF,DET,1,6.0,1,672456,Keider Montero,R,823191,10:15 PM ET,Oracle Park,0,1,0.19680851063829788,2026-08-07,823191,0.0,1,100.6,96.8,86.1,L,1,1,0,0,0,0,0,0,0,0,0,1,0,0,0,0,0,0.006,0.008,0,0,0,0,0,0,0.2682926829268293,0.375,0.8536585365853658,0.125,0.3142857142857143,0.0,0.0,0.0,0.0,0.7333333333333333,0.4,0.45714285714285713,0.3142857142857143,0.42857142857142855,0.22857142857142856,0.05714285714285714,0.43048333333333333,0.6489222222222222,0.3333333333333333,0.14285714285714285,0.4136333333333334,0.4908666666666667,0.2608695652173913,0.2826086956521739,0.09803921568627451,0.1,0.1,0.2857142857142857,0.7483870967741936,0.2112676056338028,0.3310344827586207,0.10344827586206896,0.5603448275862069,0.1896551724137931,0.0,7.200000000000001,0.6000000000000001,5.600000000000001,0.15819209039548024,0.6582499784449881,0.21789781086914892,0.6582499784449881,0.2682926829268293,"{""novig"": {""0.5"": {""over"": -147, ""under"": 108}}, ""bet365"": {""0.5"": {""over"": -135, ""under"": 100}}, ""betmgm"": {""0.5"": {""over"": -150, ""under"": 110}}, ""draftkings"": {""0.5"": {""over"": -156, ""under"": 117}}, ""fanduel"": {""0.5"": {""over"": -175}}}",0.5,over,bet365,-135.0,0.574468085106383,True,0.0838,1.5,,,,,False,
687529,Grant McCray,SF,DET,1,8.0,1,672456,Keider Montero,R,823191,10:15 PM ET,Oracle Park,0,1,0.19680851063829788,2026-08-07,823191,0.0,1,100.6,96.8,86.1,L,4,3,0,0,0,0,1,0,0,2,0,1,0,0,1,0,0,0.029,0.053,0,0,0,0,1,1,0.1111111111111111,0.32432432432432434,0.6666666666666666,0.23076923076923078,0.1111111111111111,0.1111111111111111,0.02564102564102564,0.0,0.037037037037037035,0.4,0.6,0.14285714285714285,0.19047619047619047,0.5238095238095238,0.19047619047619047,0.047619047619047616,0.25753333333333334,0.34671666666666656,0.08333333333333333,0.1875,0.257625,0.28974999999999984,0.07142857142857142,0.17857142857142858,0.3783783783783784,0.1891891891891892,0.4594594594594595,0.30952380952380953,0.7483870967741936,0.2112676056338028,0.3310344827586207,0.10344827586206896,0.5603448275862069,0.1896551724137931,0.0,7.200000000000001,0.6000000000000001,5.600000000000001,0.15819209039548024,0.4660036219951255,0.11256522140570646,0.4660036219951255,0.1111111111111111,"{""novig"": {""0.5"": {""over"": -117, ""under"": -113}}, ""bet365"": {""0.5"": {""over"": -120, ""under"": -110}}, ""betmgm"": {""0.5"": {""over"": -125, ""under"": -105}}, ""draftkings"": {""0.5"": {""over"": -121, ""under"": -110}}, ""fanduel"": {""0.5"": {""over"": -130}}}",0.5,over,novig,-117.0,0.5391705069124424,True,-0.0732,1.5,,,,,False,
808982,Jung Hoo Lee,SF,DET,1,2.0,1,672456,Keider Montero,R,823191,10:15 PM ET,Oracle Park,0,1,0.19680851063829788,2026-08-07,823191,0.0,1,100.6,96.8,86.1,L,5,5,1,0,0,0,0,0,0,0,1,5,0,0,1,2,1,0.20775,0.2475,1,0,1,0,0,0,0.288135593220339,0.3384615384615385,0.847457627118644,0.13846153846153847,0.2916666666666667,0.2711864406779661,0.046153846153846156,0.07692307692307693,0.15254237288135594,2.2,0.6,0.29411764705882354,0.23529411764705882,0.49019607843137253,0.17647058823529413,0.0196078431372549,0.33443666666666666,0.46451,0.35,0.13636363636363635,0.26115999999999995,0.44647999999999993,0.25862068965517243,0.39655172413793105,0.14754098360655737,0.3103448275862069,0.5,0.1111111111111111,0.7483870967741936,0.2112676056338028,0.3310344827586207,0.10344827586206896,0.5603448275862069,0.1896551724137931,0.0,7.200000000000001,0.6000000000000001,5.600000000000001,0.15819209039548024,0.6335658982036607,0.21917303286273002,0.6335658982036607,0.288135593220339,"{""novig"": {""1.5"": {""over"": 190, ""under"": -270}}, ""bet365"": {""1.5"": {""over"": 190, ""under"": -260}}, ""betmgm"": {""1.5"": {""over"": 180, ""under"": -250}}, ""draftkings"": {""1.5"": {""over"": 161, ""under"": -217}}, ""fanduel"": {""0.5"": {""over"": -280}}}",0.5,over,fanduel,-280.0,0.7368421052631579,True,-0.1033,1.5,over,novig,190.0,0.3448275862068966,True,-0.1257
678545,Osleivis Basabe,SF,DET,1,7.0,1,672456,Keider Montero,R,823191,10:15 PM ET,Oracle Park,1,1,0.19680851063829788,2026-08-07,823191,0.0,1,100.6,96.8,86.1,R,4,4,1,0,0,0,0,0,0,1,1,3,0,1,2,1,0,0.44533333333333336,0.486,1,0,1,0,1,0,0.24390243902439024,0.2727272727272727,0.7317073170731707,0.25,0.25,0.2682926829268293,0.06818181818181818,0.045454545454545456,0.12195121951219512,1.4,0.7333333333333333,0.41935483870967744,0.1935483870967742,0.4838709677419355,0.2903225806451613,0.06451612903225806,0.27824305555555556,0.5247444444444445,0.3125,0.05555555555555555,0.31828333333333336,0.69982,0.20512820512820512,0.3333333333333333,0.25,0.2702702702702703,0.5675675675675675,0.24390243902439024,0.7483870967741936,0.2112676056338028,0.3310344827586207,0.10344827586206896,0.5603448275862069,0.1896551724137931,0.0,7.200000000000001,0.6000000000000001,5.600000000000001,0.15819209039548024,0.5967143524069755,0.20342332255770304,0.5967143524069755,0.24390243902439024,"{""novig"": {""0.5"": {""over"": -160, ""under"": 117}}, ""bet365"": {""0.5"": {""over"": -175, ""under"": 132}}, ""betmgm"": {""0.5"": {""over"": -175, ""under"": 130}}, ""draftkings"": {""0.5"": {""over"": -164, ""under"": 123}}, ""fanduel"": {""0.5"": {""over"": -185}}}",0.5,over,novig,-160.0,0.6153846153846154,True,-0.0187,1.5,,,,,False,
646240,Rafael Devers,SF,DET,1,4.0,1,672456,Keider Montero,R,823191,10:15 PM ET,Oracle Park,0,1,0.19680851063829788,2026-08-07,823191,0.0,1,100.6,96.8,86.1,L,4,4,2,0,0,0,0,0,0,0,2,4,0,2,0,4,0,0.31975000000000003,0.35425,1,1,1,1,0,0,0.2692307692307692,0.38095238095238093,0.8269230769230769,0.14285714285714285,0.2682926829268293,0.21153846153846154,0.047619047619047616,0.031746031746031744,0.09615384615384616,1.6666666666666667,0.6,0.5681818181818182,0.22727272727272727,0.45454545454545453,0.29545454545454547,0.0,0.3283055555555556,0.5493944444444445,0.1875,0.15,0.2905166666666668,0.5022166666666665,0.2857142857142857,0.5535714285714286,0.22727272727272727,0.24528301886792453,0.41509433962264153,0.20967741935483872,0.7483870967741936,0.2112676056338028,0.3310344827586207,0.10344827586206896,0.5603448275862069,0.1896551724137931,0.0,7.200000000000001,0.6000000000000001,5.600000000000001,0.15819209039548024,0.6483770280463544,0.21915688642720665,0.6483770280463544,0.2692307692307692,"{""novig"": {""0.5"": {""over"": -203, ""under"": 144}}, ""bet365"": {""0.5"": {""over"": -200, ""under"": 150}}, ""betmgm"": {""0.5"": {""over"": -220, ""under"": 160}}, ""draftkings"": {""0.5"": {""over"": -206, ""under"": 154}}, ""fanduel"": {""0.5"": {""over"": -220}}}",0.5,over,bet365,-200.0,0.6666666666666666,True,-0.0183,1.5,,,,,False,
642715,Willy Adames,SF,DET,1,3.0,1,672456,Keider Montero,R,823191,10:15 PM ET,Oracle Park,1,1,0.19680851063829788,2026-08-07,823191,0.0,1,100.6,96.8,86.1,R,4,3,0,0,0,0,1,0,0,2,0,1,0,0,1,0,0,0.131,0.432,0,0,0,0,1,1,0.18518518518518517,0.2786885245901639,0.7222222222222222,0.2459016393442623,0.23684210526315788,0.1111111111111111,0.01639344262295082,0.04918032786885246,0.07407407407407407,1.0666666666666667,1.0,0.28205128205128205,0.1282051282051282,0.358974358974359,0.3333333333333333,0.0,0.2875977777777778,0.3791733333333333,0.1111111111111111,0.19047619047619047,0.24223333333333336,0.3079333333333334,0.22641509433962265,0.4528301886792453,0.26666666666666666,0.288135593220339,0.5423728813559322,0.234375,0.7483870967741936,0.2112676056338028,0.3310344827586207,0.10344827586206896,0.5603448275862069,0.1896551724137931,0.0,7.200000000000001,0.6000000000000001,5.600000000000001,0.15819209039548024,0.6064992027755107,0.23038207323146423,0.6064992027755107,0.18518518518518517,"{""novig"": {""0.5"": {""over"": -174, ""under"": 125}}, ""bet365"": {""0.5"": {""over"": -180, ""under"": 135}}, ""betmgm"": {""0.5"": {""over"": -190, ""under"": 140}}, ""draftkings"": {""0.5"": {""over"": -176, ""under"": 132}}, ""fanduel"": {""0.5"": {""over"": -175}}}",0.5,over,novig,-174.0,0.635036496350365,True,-0.0285,1.5,,,,,False,
