batter,player_name,team_abbr,opp_team,is_home,bat_order,in_lineup,pitcher_id,pitcher_name,p_throws,game_id,game_time,stadium,stand_R,p_throws_R,opp_k_pct_15,game_date,game_pk,is_dome,wind_out,hit_factor,tb_factor,hr_factor,stand,pa,ab,h,doubles,triples,hr,bb,hbp,sf,k,tb,batted_balls,barrels,hard_hits,fly_balls,ground_balls,line_drives,avg_xba,avg_xslg,target_hit_1plus,target_hit_2plus,target_tb_1plus,target_tb_2plus,target_k_1plus,target_k_2plus,batting_avg_15,obp_15,contact_rate_15,k_rate_15,babip_15,iso_15,hr_rate_15,doubles_rate_15,extra_base_hit_rate_15,avg_total_bases_15,avg_k_per_game_15,hard_hit_pct_15,line_drive_pct_15,gb_pct_15,fly_ball_pct_15,barrel_pct_15,xba_15,xslg_15,batting_avg_last_5,k_rate_last_5,xba_last_5,xslg_last_5,batting_avg_vs_R_15,slg_vs_R_15,k_rate_vs_R_15,batting_avg_vs_L_15,slg_vs_L_15,k_rate_vs_L_15,p_contact_rate_allowed_10,p_babip_allowed_10,p_slg_allowed_10,p_iso_allowed_10,p_gb_pct_10,p_fb_pct_10,p_barrel_pct_allowed_10,p_hits_per9_10,p_hr_per9_10,p_k_per9_10,p_k_rate_10,p_hit_1plus,p_hit_2plus,adj_prob,pred_hits,book_markets,primary_line,primary_side,primary_best_book,primary_best_odds,primary_book_implied,primary_has_line,primary_edge,secondary_line,secondary_side,secondary_best_book,secondary_best_odds,secondary_book_implied,secondary_has_line,secondary_edge
664761,Alec Bohm,PHI,TOR,1,8.0,1,669456,Shane Bieber,R,823425,1:35 PM ET,Citizens Bank Park,1,1,0.1867145421903052,2026-08-09,823425,,0,103.7,104.6,118.0,R,1,1,0,0,0,0,0,0,0,0,0,1,0,0,1,0,0,0.009,0.009,0,0,0,0,0,0,0.2413793103448276,0.296875,0.896551724137931,0.09375,0.25,0.08620689655172414,0.015625,0.03125,0.05172413793103448,1.2666666666666666,0.4,0.37735849056603776,0.20754716981132076,0.5283018867924528,0.2641509433962264,0.0,0.32496111111111115,0.4948166666666667,0.21052631578947367,0.0,0.27354999999999996,0.4619833333333334,0.16666666666666666,0.2,0.16923076923076924,0.2962962962962963,0.46296296296296297,0.13559322033898305,0.7320574162679426,0.19540229885057472,0.4946236559139785,0.24731182795698925,0.49019607843137253,0.2679738562091503,0.0392156862745098,9.1125,2.3625000000000003,7.7625,0.2062780269058296,0.6019188978888933,0.2140119988581756,0.6019188978888933,0.2413793103448276,"{""bet365"": {""0.5"": {""over"": -250, ""under"": 185}}, ""draftkings"": {""0.5"": {""over"": -225, ""under"": 167}}, ""fanduel"": {""0.5"": {""over"": -220}}}",0.5,over,fanduel,-220.0,0.6875,True,-0.0856,1.5,,,,,False,
669016,Brandon Marsh,PHI,TOR,1,7.0,1,669456,Shane Bieber,R,823425,1:35 PM ET,Citizens Bank Park,0,1,0.1867145421903052,2026-08-09,823425,,0,103.7,104.6,118.0,L,5,4,0,0,0,0,0,0,1,1,0,4,0,2,2,0,2,0.139,0.2783333333333333,0,0,0,0,1,0,0.19607843137254902,0.2545454545454545,0.8235294117647058,0.16363636363636364,0.23809523809523808,0.0392156862745098,0.0,0.03636363636363636,0.0392156862745098,0.8,0.6,0.40476190476190477,0.2619047619047619,0.42857142857142855,0.2619047619047619,0.0,0.29711777777777776,0.42862888888888884,0.23529411764705882,0.05263157894736842,0.30466999999999994,0.5011200000000002,0.19230769230769232,0.28846153846153844,0.16666666666666666,0.1896551724137931,0.3103448275862069,0.3225806451612903,0.7320574162679426,0.19540229885057472,0.4946236559139785,0.24731182795698925,0.49019607843137253,0.2679738562091503,0.0392156862745098,9.1125,2.3625000000000003,7.7625,0.2062780269058296,0.6127590558044286,0.24999980403021305,0.6127590558044286,0.19607843137254902,"{""bet365"": {""0.5"": {""over"": -235, ""under"": 175}}, ""betmgm"": {""0.5"": {""over"": -235, ""under"": 175}}, ""draftkings"": {""0.5"": {""over"": -207, ""under"": 154}}, ""fanduel"": {""0.5"": {""over"": -230}}}",0.5,over,draftkings,-207.0,0.6742671009771987,True,-0.0615,1.5,,,,,False,
547180,Bryce Harper,PHI,TOR,1,3.0,1,669456,Shane Bieber,R,823425,1:35 PM ET,Citizens Bank Park,0,1,0.1867145421903052,2026-08-09,823425,,0,103.7,104.6,118.0,L,5,5,1,0,0,1,0,0,0,1,4,4,0,1,3,1,0,0.4295,1.088,1,0,1,1,1,0,0.25,0.38461538461538464,0.6923076923076923,0.24615384615384617,0.29411764705882354,0.2692307692307692,0.046153846153846156,0.046153846153846156,0.1346153846153846,1.8,1.0666666666666667,0.40540540540540543,0.2972972972972973,0.4594594594594595,0.16216216216216217,0.02702702702702703,0.40376190476190477,0.7562023809523809,0.3125,0.13636363636363635,0.3296,0.5735333333333335,0.28846153846153844,0.5769230769230769,0.21875,0.23214285714285715,0.3392857142857143,0.3125,0.7320574162679426,0.19540229885057472,0.4946236559139785,0.24731182795698925,0.49019607843137253,0.2679738562091503,0.0392156862745098,9.1125,2.3625000000000003,7.7625,0.2062780269058296,0.6528599049015441,0.24531553170863438,0.6528599049015441,0.25,"{""bet365"": {""0.5"": {""over"": -270, ""under"": 195}}, ""draftkings"": {""0.5"": {""over"": -253, ""under"": 186}}, ""fanduel"": {""0.5"": {""over"": -250}}}",0.5,over,fanduel,-250.0,0.7142857142857143,True,-0.0614,1.5,,,,,False,
681082,Bryson Stott,PHI,TOR,1,6.0,1,669456,Shane Bieber,R,823425,1:35 PM ET,Citizens Bank Park,0,1,0.1867145421903052,2026-08-09,823425,,0,103.7,104.6,118.0,L,5,4,2,1,0,0,1,0,0,0,3,4,0,1,0,0,4,0.4685,0.6067499999999999,1,1,1,1,0,0,0.3111111111111111,0.46551724137931033,0.8222222222222222,0.13793103448275862,0.3611111111111111,0.24444444444444444,0.017241379310344827,0.10344827586206896,0.17777777777777778,1.6666666666666667,0.5333333333333333,0.5945945945945946,0.2972972972972973,0.4864864864864865,0.1891891891891892,0.0,0.37957222222222226,0.5265111111111112,0.42857142857142855,0.0,0.4157166666666667,0.5203,0.32608695652173914,0.5652173913043478,0.17543859649122806,0.2962962962962963,0.42592592592592593,0.23728813559322035,0.7320574162679426,0.19540229885057472,0.4946236559139785,0.24731182795698925,0.49019607843137253,0.2679738562091503,0.0392156862745098,9.1125,2.3625000000000003,7.7625,0.2062780269058296,0.6462308212729012,0.22679557135553763,0.6462308212729012,0.3111111111111111,"{""bet365"": {""0.5"": {""over"": -200, ""under"": 150}}, ""draftkings"": {""0.5"": {""over"": -208, ""under"": 155}}, ""fanduel"": {""0.5"": {""over"": -230}}}",0.5,over,bet365,-200.0,0.6666666666666666,True,-0.0204,1.5,,,,,False,
592663,J.T. Realmuto,PHI,TOR,1,5.0,1,669456,Shane Bieber,R,823425,1:35 PM ET,Citizens Bank Park,1,1,0.1867145421903052,2026-08-09,823425,,0,103.7,104.6,118.0,R,4,4,1,0,0,0,0,0,0,0,1,4,0,1,0,3,1,0.2925,0.366,1,0,1,0,0,0,0.2857142857142857,0.34545454545454546,0.7142857142857143,0.25,0.37142857142857144,0.12244897959183673,0.017857142857142856,0.05357142857142857,0.08163265306122448,1.3333333333333333,0.9333333333333333,0.5833333333333334,0.2777777777777778,0.5277777777777778,0.19444444444444445,0.027777777777777776,0.46038333333333337,0.7109000000000001,0.23529411764705882,0.2,0.3864500000000001,0.5625666666666667,0.2653061224489796,0.3877551020408163,0.23636363636363636,0.24,0.36,0.13559322033898305,0.7320574162679426,0.19540229885057472,0.4946236559139785,0.24731182795698925,0.49019607843137253,0.2679738562091503,0.0392156862745098,9.1125,2.3625000000000003,7.7625,0.2062780269058296,0.6461428788271116,0.2726229506530239,0.6461428788271116,0.2857142857142857,"{""bet365"": {""0.5"": {""over"": -260, ""under"": 190}}, ""draftkings"": {""0.5"": {""over"": -245, ""under"": 181}}, ""fanduel"": {""0.5"": {""over"": -240}}}",0.5,over,fanduel,-240.0,0.7058823529411765,True,-0.0597,1.5,,,,,False,
702222,Justin Crawford,PHI,TOR,1,9.0,1,669456,Shane Bieber,R,823425,1:35 PM ET,Citizens Bank Park,0,1,0.1867145421903052,2026-08-09,823425,,0,103.7,104.6,118.0,L,5,4,1,0,1,0,1,0,0,0,3,4,0,2,3,1,0,0.25725000000000003,0.4245,1,0,1,1,0,0,0.3023255813953488,0.3469387755102041,0.8604651162790697,0.12,0.3333333333333333,0.046511627906976744,0.0,0.04,0.046511627906976744,1.0,0.4,0.35,0.175,0.65,0.175,0.025,0.29525,0.3446444444444444,0.46153846153846156,0.11764705882352941,0.2651,0.31209999999999993,0.2926829268292683,0.34146341463414637,0.1276595744680851,0.21052631578947367,0.2894736842105263,0.3,0.7320574162679426,0.19540229885057472,0.4946236559139785,0.24731182795698925,0.49019607843137253,0.2679738562091503,0.0392156862745098,9.1125,2.3625000000000003,7.7625,0.2062780269058296,0.5404633395901705,0.1669549771487998,0.5404633395901705,0.3023255813953488,"{""bet365"": {""0.5"": {""over"": -175, ""under"": 132}}, ""fanduel"": {""0.5"": {""over"": -210}}}",0.5,over,bet365,-175.0,0.6363636363636364,True,-0.0959,1.5,,,,,False,
656941,Kyle Schwarber,PHI,TOR,1,1.0,1,669456,Shane Bieber,R,823425,1:35 PM ET,Citizens Bank Park,0,1,0.1867145421903052,2026-08-09,823425,,0,103.7,104.6,118.0,L,4,3,1,0,0,0,1,0,0,1,1,2,0,0,0,2,0,0.198,0.21650000000000003,1,0,1,0,1,0,0.17647058823529413,0.3230769230769231,0.5098039215686274,0.3787878787878788,0.32142857142857145,0.058823529411764705,0.0,0.045454545454545456,0.058823529411764705,0.8,1.6666666666666667,0.42857142857142855,0.42857142857142855,0.35714285714285715,0.14285714285714285,0.0,0.3788484848484849,0.4882348484848485,0.16666666666666666,0.391304347826087,0.39772222222222214,0.4825277777777779,0.1509433962264151,0.20754716981132076,0.38461538461538464,0.2857142857142857,0.4642857142857143,0.30303030303030304,0.7320574162679426,0.19540229885057472,0.4946236559139785,0.24731182795698925,0.49019607843137253,0.2679738562091503,0.0392156862745098,9.1125,2.3625000000000003,7.7625,0.2062780269058296,0.569768459613458,0.1647416488373721,0.569768459613458,0.17647058823529413,"{""bet365"": {""0.5"": {""over"": -225, ""under"": 165}}, ""betmgm"": {""1.5"": {""over"": 135, ""under"": -185}}, ""draftkings"": {""0.5"": {""over"": -233, ""under"": 173}}, ""fanduel"": {""0.5"": {""over"": -210}}}",0.5,over,fanduel,-210.0,0.6774193548387096,True,-0.1077,1.5,over,betmgm,135.0,0.425531914893617,True,-0.2608
650333,Luis Arraez,PHI,TOR,1,4.0,1,669456,Shane Bieber,R,823425,1:35 PM ET,Citizens Bank Park,0,1,0.1867145421903052,2026-08-09,823425,,0,103.7,104.6,118.0,L,5,4,2,0,0,0,0,0,1,0,2,5,0,0,4,0,1,0.432,0.51025,1,1,1,1,0,0,0.30158730158730157,0.3181818181818182,0.9365079365079365,0.05970149253731343,0.3050847457627119,0.09523809523809523,0.014925373134328358,0.04477611940298507,0.06349206349206349,1.6666666666666667,0.26666666666666666,0.13333333333333333,0.2833333333333333,0.2833333333333333,0.4166666666666667,0.016666666666666666,0.30703444444444444,0.44015999999999994,0.22727272727272727,0.041666666666666664,0.2441066666666667,0.3775833333333333,0.2903225806451613,0.4032258064516129,0.09090909090909091,0.4098360655737705,0.5901639344262295,0.07352941176470588,0.7320574162679426,0.19540229885057472,0.4946236559139785,0.24731182795698925,0.49019607843137253,0.2679738562091503,0.0392156862745098,9.1125,2.3625000000000003,7.7625,0.2062780269058296,0.6365982960363845,0.19673099485565637,0.6365982960363845,0.30158730158730157,"{""bet365"": {""1.5"": {""over"": 165, ""under"": -225}}, ""draftkings"": {""1.5"": {""over"": 172, ""under"": -233}}, ""fanduel"": {""0.5"": {""over"": -290}}}",0.5,over,fanduel,-290.0,0.7435897435897436,True,-0.107,1.5,over,draftkings,172.0,0.36764705882352944,True,-0.1709
607208,Trea Turner,PHI,TOR,1,2.0,1,669456,Shane Bieber,R,823425,1:35 PM ET,Citizens Bank Park,1,1,0.1867145421903052,2026-08-09,823425,,0,103.7,104.6,118.0,R,5,5,2,0,0,1,0,0,0,0,5,5,1,1,2,1,1,0.3786,0.5795999999999999,1,1,1,1,0,0,0.2698412698412698,0.3088235294117647,0.8253968253968254,0.16176470588235295,0.29411764705882354,0.15873015873015872,0.029411764705882353,0.029411764705882353,0.07936507936507936,1.8,0.7333333333333333,0.39622641509433965,0.2641509433962264,0.5283018867924528,0.1509433962264151,0.018867924528301886,0.3608388888888889,0.4861155555555555,0.23809523809523808,0.13043478260869565,0.39472000000000007,0.47039333333333344,0.3114754098360656,0.6229508196721312,0.19402985074626866,0.3050847457627119,0.4406779661016949,0.2,0.7320574162679426,0.19540229885057472,0.4946236559139785,0.24731182795698925,0.49019607843137253,0.2679738562091503,0.0392156862745098,9.1125,2.3625000000000003,7.7625,0.2062780269058296,0.6940269397846054,0.2798733748305286,0.6940269397846054,0.2698412698412698,"{""bet365"": {""1.5"": {""over"": 160, ""under"": -220}}, ""betmgm"": {""1.5"": {""over"": 170, ""under"": -235}}, ""draftkings"": {""1.5"": {""over"": 178, ""under"": -240}}, ""fanduel"": {""0.5"": {""over"": -310}}}",0.5,over,fanduel,-310.0,0.7560975609756098,True,-0.0621,1.5,over,draftkings,178.0,0.3597122302158273,True,-0.0798
672386,Alejandro Kirk,TOR,PHI,0,3.0,1,666200,Jesús Luzardo,L,823425,1:35 PM ET,Citizens Bank Park,1,0,0.18938053097345134,2026-08-09,823425,,0,103.7,104.6,118.0,R,1,0,0,0,0,0,1,0,0,0,0,0,0,0,0,0,0,0.072,0.073,0,0,0,0,0,0,0.3333333333333333,0.3684210526315789,0.8627450980392157,0.12280701754385964,0.3409090909090909,0.11764705882352941,0.03508771929824561,0.0,0.0392156862745098,1.5333333333333334,0.4666666666666667,0.391304347826087,0.1956521739130435,0.5434782608695652,0.21739130434782608,0.021739130434782608,0.3212266666666667,0.4617144444444444,0.35294117647058826,0.05263157894736842,0.23537999999999998,0.32779333333333316,0.2545454545454545,0.43636363636363634,0.08333333333333333,0.2826086956521739,0.30434782608695654,0.18867924528301888,0.5748031496062992,0.16129032258064516,0.3080357142857143,0.12053571428571429,0.5342465753424658,0.2191780821917808,0.0273972602739726,7.391061452513966,0.6033519553072626,10.256983240223462,0.27530364372469635,0.6618487182170788,0.30046188621658604,0.6618487182170788,0.3333333333333333,"{""bet365"": {""0.5"": {""over"": -225, ""under"": 165}}, ""draftkings"": {""0.5"": {""over"": -211, ""under"": 157}}, ""fanduel"": {""0.5"": {""over"": -220}}}",0.5,over,draftkings,-211.0,0.6784565916398714,True,-0.0166,1.5,,,,,False,
665926,Andrés Giménez,TOR,PHI,0,6.0,1,666200,Jesús Luzardo,L,823425,1:35 PM ET,Citizens Bank Park,0,0,0.18938053097345134,2026-08-09,823425,,0,103.7,104.6,118.0,L,5,4,2,1,0,0,0,0,1,1,3,4,0,1,0,2,2,0.309,0.403,1,1,1,1,1,0,0.2826086956521739,0.3333333333333333,0.8043478260869565,0.17647058823529413,0.32432432432432434,0.10869565217391304,0.0196078431372549,0.0392156862745098,0.06521739130434782,1.2,0.6,0.23684210526315788,0.18421052631578946,0.4473684210526316,0.2631578947368421,0.0,0.3026282051282051,0.38857051282051286,0.29411764705882354,0.15789473684210525,0.21776666666666672,0.34926666666666656,0.24444444444444444,0.35555555555555557,0.14285714285714285,0.29411764705882354,0.43137254901960786,0.2,0.5748031496062992,0.16129032258064516,0.3080357142857143,0.12053571428571429,0.5342465753424658,0.2191780821917808,0.0273972602739726,7.391061452513966,0.6033519553072626,10.256983240223462,0.27530364372469635,0.5975173354102771,0.22880012194161914,0.5975173354102771,0.2826086956521739,"{""bet365"": {""0.5"": {""over"": -140, ""under"": 105}}, ""draftkings"": {""0.5"": {""over"": -137, ""under"": 103}}, ""fanduel"": {""0.5"": {""over"": -145}}}",0.5,over,draftkings,-137.0,0.5780590717299579,True,0.0195,1.5,,,,,False,
703520,Brett Bateman,TOR,PHI,0,1.0,1,666200,Jesús Luzardo,L,823425,1:35 PM ET,Citizens Bank Park,0,0,0.18938053097345134,2026-08-09,823425,,0,103.7,104.6,118.0,L,6,6,0,0,0,0,0,0,0,2,0,4,0,1,1,2,1,0.18225,0.29500000000000004,0,0,0,0,1,1,,,,,,,,,,,,,,,,,,,,,,,,,,,,,0.5748031496062992,0.16129032258064516,0.3080357142857143,0.12053571428571429,0.5342465753424658,0.2191780821917808,0.0273972602739726,7.391061452513966,0.6033519553072626,10.256983240223462,0.27530364372469635,0.15438069797473328,0.005537561184042362,0.15438069797473328,,"{""bet365"": {""0.5"": {""over"": -175, ""under"": 132}}, ""betmgm"": {""0.5"": {""over"": 145, ""under"": -200}}, ""draftkings"": {""0.5"": {""over"": -157, ""under"": 118}}, ""fanduel"": {""0.5"": {""over"": -160}}}",0.5,over,betmgm,145.0,0.40816326530612246,True,-0.2538,1.5,,,,,False,
676914,Davis Schneider,TOR,PHI,0,9.0,1,666200,Jesús Luzardo,L,823425,1:35 PM ET,Citizens Bank Park,1,0,0.18938053097345134,2026-08-09,823425,,0,103.7,104.6,118.0,R,1,0,0,0,0,0,1,0,0,0,0,0,0,0,0,0,0,0.069,0.074,0,0,0,0,0,0,0.0967741935483871,0.21621621621621623,0.6129032258064516,0.32432432432432434,0.15,0.06451612903225806,0.0,0.05405405405405406,0.06451612903225806,0.3333333333333333,0.8,0.4,0.15,0.2,0.5,0.0,0.15273333333333333,0.24905000000000005,0.14285714285714285,0.2727272727272727,0.23000000000000012,0.2653333333333333,0.16666666666666666,0.2777777777777778,0.21951219512195122,0.10344827586206896,0.27586206896551724,0.42857142857142855,0.5748031496062992,0.16129032258064516,0.3080357142857143,0.12053571428571429,0.5342465753424658,0.2191780821917808,0.0273972602739726,7.391061452513966,0.6033519553072626,10.256983240223462,0.27530364372469635,0.2899951587981123,0.10622606306768773,0.2899951587981123,0.0967741935483871,"{""bet365"": {""0.5"": {""over"": 120, ""under"": -160}}, ""betmgm"": {""0.5"": {""over"": 125, ""under"": -165}}, ""draftkings"": {""0.5"": {""over"": 138, ""under"": -185}}, ""fanduel"": {""0.5"": {""over"": 115}}}",0.5,over,draftkings,138.0,0.42016806722689076,True,-0.1302,1.5,,,,,False,
676391,Ernie Clement,TOR,PHI,0,5.0,1,666200,Jesús Luzardo,L,823425,1:35 PM ET,Citizens Bank Park,1,0,0.18938053097345134,2026-08-09,823425,,0,103.7,104.6,118.0,R,5,5,2,0,0,0,0,0,0,2,2,3,0,0,1,1,1,0.36433333333333334,0.4123333333333334,1,1,1,1,1,1,0.2033898305084746,0.22580645161290322,0.9152542372881356,0.07936507936507936,0.2037037037037037,0.11864406779661017,0.015873015873015872,0.06349206349206349,0.0847457627118644,1.2666666666666666,0.3333333333333333,0.12727272727272726,0.21818181818181817,0.36363636363636365,0.32727272727272727,0.0,0.23253000000000001,0.31419,0.16666666666666666,0.10526315789473684,0.26514666666666664,0.4076999999999999,0.1896551724137931,0.27586206896551724,0.11290322580645161,0.24561403508771928,0.3333333333333333,0.11475409836065574,0.5748031496062992,0.16129032258064516,0.3080357142857143,0.12053571428571429,0.5342465753424658,0.2191780821917808,0.0273972602739726,7.391061452513966,0.6033519553072626,10.256983240223462,0.27530364372469635,0.6159048643685363,0.2185993883455185,0.6159048643685363,0.2033898305084746,"{""bet365"": {""0.5"": {""over"": -250, ""under"": 185}}, ""draftkings"": {""0.5"": {""over"": -217, ""under"": 161}}, ""fanduel"": {""0.5"": {""over"": -240}}}",0.5,over,draftkings,-217.0,0.6845425867507886,True,-0.0686,1.5,,,,,False,
669701,Josh Smith,TOR,PHI,0,8.0,1,666200,Jesús Luzardo,L,823425,1:35 PM ET,Citizens Bank Park,0,0,0.18938053097345134,2026-08-09,823425,,0,103.7,104.6,118.0,L,2,1,0,0,0,0,1,0,0,1,0,0,0,0,0,0,0,0.7553333333333333,1.4176666666666666,0,0,0,0,1,0,0.2222222222222222,0.2553191489361702,0.7777777777777778,0.2127659574468085,0.24242424242424243,0.17777777777777778,0.0425531914893617,0.0,0.06666666666666667,1.2,0.6666666666666666,0.2571428571428571,0.14285714285714285,0.5142857142857142,0.3142857142857143,0.02857142857142857,0.2368166666666667,0.45351111111111103,0.2727272727272727,0.25,0.28826666666666667,0.5990333333333333,0.1836734693877551,0.30612244897959184,0.24,0.23255813953488372,0.32558139534883723,0.2978723404255319,0.5748031496062992,0.16129032258064516,0.3080357142857143,0.12053571428571429,0.5342465753424658,0.2191780821917808,0.0273972602739726,7.391061452513966,0.6033519553072626,10.256983240223462,0.27530364372469635,0.5822764123231777,0.22332235828933747,0.5822764123231777,0.2222222222222222,"{""bet365"": {""0.5"": {""over"": 105, ""under"": -140}}, ""betmgm"": {""0.5"": {""over"": -115, ""under"": -115}}, ""draftkings"": {""0.5"": {""over"": -106, ""under"": -125}}, ""fanduel"": {""0.5"": {""over"": -115}}}",0.5,over,bet365,105.0,0.4878048780487805,True,0.0945,1.5,,,,,False,
672960,Kazuma Okamoto,TOR,PHI,0,4.0,1,666200,Jesús Luzardo,L,823425,1:35 PM ET,Citizens Bank Park,1,0,0.18938053097345134,2026-08-09,823425,,0,103.7,104.6,118.0,R,3,3,0,0,0,0,0,0,0,1,0,2,0,0,1,1,0,0.062,0.08149999999999999,0,0,0,0,1,0,0.22580645161290322,0.23809523809523808,0.6451612903225806,0.3492063492063492,0.3157894736842105,0.14516129032258066,0.031746031746031744,0.047619047619047616,0.08064516129032258,1.5333333333333334,1.4666666666666666,0.35,0.2,0.3,0.325,0.05,0.2701,0.4403844444444444,0.18181818181818182,0.43478260869565216,0.29903333333333326,0.3853333333333334,0.19298245614035087,0.2982456140350877,0.31666666666666665,0.14814814814814814,0.3888888888888889,0.3387096774193548,0.5748031496062992,0.16129032258064516,0.3080357142857143,0.12053571428571429,0.5342465753424658,0.2191780821917808,0.0273972602739726,7.391061452513966,0.6033519553072626,10.256983240223462,0.27530364372469635,0.5863902644480915,0.25746427715413495,0.5863902644480915,0.22580645161290322,"{""bet365"": {""0.5"": {""over"": -175, ""under"": 132}}, ""betmgm"": {""0.5"": {""over"": 140, ""under"": -190}}, ""draftkings"": {""0.5"": {""over"": -173, ""under"": 130}}, ""fanduel"": {""0.5"": {""over"": -170}}}",0.5,over,betmgm,140.0,0.4166666666666667,True,0.1697,1.5,,,,,False,
664702,Myles Straw,TOR,PHI,0,7.0,1,666200,Jesús Luzardo,L,823425,1:35 PM ET,Citizens Bank Park,1,0,0.18938053097345134,2026-08-09,823425,,0,103.7,104.6,118.0,R,5,4,0,0,0,0,1,0,0,2,0,2,0,0,0,2,0,0.127,0.1515,0,0,0,0,1,1,0.23076923076923078,0.2682926829268293,0.8717948717948718,0.11904761904761904,0.2647058823529412,0.1794871794871795,0.0,0.11904761904761904,0.15384615384615385,1.0666666666666667,0.3333333333333333,0.2571428571428571,0.3142857142857143,0.3142857142857143,0.34285714285714286,0.0,0.2982948717948718,0.3971410256410256,0.29411764705882354,0.1111111111111111,0.3255666666666667,0.5003000000000001,0.21621621621621623,0.35135135135135137,0.0,0.16216216216216217,0.2972972972972973,0.1282051282051282,0.5748031496062992,0.16129032258064516,0.3080357142857143,0.12053571428571429,0.5342465753424658,0.2191780821917808,0.0273972602739726,7.391061452513966,0.6033519553072626,10.256983240223462,0.27530364372469635,0.6007526158806232,0.23920159610456118,0.6007526158806232,0.23076923076923078,"{""bet365"": {""0.5"": {""over"": -155, ""under"": 115}}, ""betmgm"": {""0.5"": {""over"": -150, ""under"": 110}}, ""draftkings"": {""0.5"": {""over"": -135, ""under"": 101}}, ""fanduel"": {""0.5"": {""over"": -145}}}",0.5,over,draftkings,-135.0,0.574468085106383,True,0.0263,1.5,,,,,False,
665489,Vladimir Guerrero Jr.,TOR,PHI,0,2.0,1,666200,Jesús Luzardo,L,823425,1:35 PM ET,Citizens Bank Park,1,0,0.18938053097345134,2026-08-09,823425,,0,103.7,104.6,118.0,R,5,4,2,0,0,1,1,0,0,0,5,4,0,2,1,1,2,0.418,0.7765,1,1,1,1,0,0,0.22413793103448276,0.26229508196721313,0.8103448275862069,0.18032786885245902,0.2765957446808511,0.05172413793103448,0.0,0.04918032786885246,0.05172413793103448,1.0666666666666667,0.7333333333333333,0.3617021276595745,0.2127659574468085,0.5106382978723404,0.19148936170212766,0.0,0.2897188888888889,0.3784344444444444,0.15,0.23809523809523808,0.26112333333333326,0.3624033333333335,0.22807017543859648,0.38596491228070173,0.1746031746031746,0.3050847457627119,0.3559322033898305,0.15384615384615385,0.5748031496062992,0.16129032258064516,0.3080357142857143,0.12053571428571429,0.5342465753424658,0.2191780821917808,0.0273972602739726,7.391061452513966,0.6033519553072626,10.256983240223462,0.27530364372469635,0.6641437253222807,0.27419301568709425,0.6641437253222807,0.22413793103448276,"{""bet365"": {""0.5"": {""over"": -245, ""under"": 182}}, ""draftkings"": {""0.5"": {""over"": -235, ""under"": 174}}, ""fanduel"": {""0.5"": {""over"": -250}}}",0.5,over,draftkings,-235.0,0.7014925373134329,True,-0.0373,1.5,,,,,False,
682663,Agustín Ramírez,MIA,LAA,1,7.0,1,680570,Grayson Rodriguez,R,823835,1:40 PM ET,loanDepot Park,1,1,0.19529837251356238,2026-08-09,823835,1.0,0,99.1,96.1,86.7,R,2,2,2,0,0,0,0,0,0,0,2,2,0,0,0,1,1,0.647,0.7125,1,1,1,1,0,0,0.2,0.2982456140350877,0.74,0.22807017543859648,0.25,0.08,0.017543859649122806,0.017543859649122806,0.04,0.9333333333333333,0.8666666666666667,0.4594594594594595,0.21621621621621623,0.6216216216216216,0.13513513513513514,0.0,0.26033214285714285,0.31509166666666666,0.16666666666666666,0.26666666666666666,0.151875,0.17962500000000012,0.2222222222222222,0.37037037037037035,0.23333333333333334,0.19148936170212766,0.2978723404255319,0.23214285714285715,0.7033492822966507,0.2781065088757396,0.5730337078651685,0.25842696629213485,0.29931972789115646,0.30612244897959184,0.04081632653061224,10.573426573426573,1.6993006993006994,9.251748251748252,0.22477064220183487,0.5631180626009805,0.20644338263572728,0.5631180626009805,0.2,"{""draftkings"": {""0.5"": {""over"": -174, ""under"": 130}}, ""fanduel"": {""0.5"": {""over"": -230}}}",0.5,over,draftkings,-174.0,0.635036496350365,True,-0.0719,1.5,,,,,False,
665052,Griffin Conine,MIA,LAA,1,4.0,1,680570,Grayson Rodriguez,R,823835,1:40 PM ET,loanDepot Park,0,1,0.19529837251356238,2026-08-09,823835,1.0,0,99.1,96.1,86.7,L,4,4,2,0,0,0,0,0,0,1,2,3,0,1,0,1,1,0.3666666666666667,0.4756666666666667,1,1,1,1,1,0,0.2,0.29411764705882354,0.6666666666666666,0.29411764705882354,0.2222222222222222,0.2,0.058823529411764705,0.0,0.06666666666666667,1.2,1.0,0.5,0.26666666666666666,0.3,0.3,0.0,0.3507444444444444,0.7117,0.058823529411764705,0.4444444444444444,0.28520000000000006,0.4787,0.1956521739130435,0.41304347826086957,0.37254901960784315,0.30952380952380953,0.5714285714285714,0.19148936170212766,0.7033492822966507,0.2781065088757396,0.5730337078651685,0.25842696629213485,0.29931972789115646,0.30612244897959184,0.04081632653061224,10.573426573426573,1.6993006993006994,9.251748251748252,0.22477064220183487,0.5746187525866054,0.2150674909464508,0.5746187525866054,0.2,"{""bet365"": {""0.5"": {""over"": -200, ""under"": 150}}, ""betmgm"": {""0.5"": {""over"": 145, ""under"": -200}}, ""draftkings"": {""0.5"": {""over"": -167, ""under"": 125}}, ""fanduel"": {""0.5"": {""over"": -174}}}",0.5,over,betmgm,145.0,0.40816326530612246,True,0.1665,1.5,,,,,False,
681715,Heriberto Hernández,MIA,LAA,1,5.0,1,680570,Grayson Rodriguez,R,823835,1:40 PM ET,loanDepot Park,1,1,0.19529837251356238,2026-08-09,823835,1.0,0,99.1,96.1,86.7,R,4,4,1,1,0,0,0,0,0,2,2,2,0,1,0,2,0,0.475,0.537,1,0,1,1,1,1,0.19298245614035087,0.2459016393442623,0.631578947368421,0.3442622950819672,0.24242424242424243,0.21052631578947367,0.04918032786885246,0.04918032786885246,0.10526315789473684,1.5333333333333334,1.4,0.4444444444444444,0.16666666666666666,0.4722222222222222,0.25,0.027777777777777776,0.3224055555555555,0.6401,0.1111111111111111,0.2,0.29291666666666666,0.3565500000000002,0.24561403508771928,0.43859649122807015,0.36065573770491804,0.21153846153846154,0.5769230769230769,0.2542372881355932,0.7033492822966507,0.2781065088757396,0.5730337078651685,0.25842696629213485,0.29931972789115646,0.30612244897959184,0.04081632653061224,10.573426573426573,1.6993006993006994,9.251748251748252,0.22477064220183487,0.6006301761572994,0.22725064435698025,0.6006301761572994,0.19298245614035087,"{""bet365"": {""0.5"": {""over"": -190, ""under"": 140}}, ""draftkings"": {""0.5"": {""over"": -186, ""under"": 139}}, ""fanduel"": {""0.5"": {""over"": -250}}}",0.5,over,draftkings,-186.0,0.6503496503496503,True,-0.0497,1.5,,,,,False,
805300,Jakob Marsee,MIA,LAA,1,8.0,1,680570,Grayson Rodriguez,R,823835,1:40 PM ET,loanDepot Park,0,1,0.19529837251356238,2026-08-09,823835,1.0,0,99.1,96.1,86.7,L,5,4,1,0,1,0,1,0,0,0,3,4,0,3,1,1,1,0.26725,0.46125,1,0,1,1,0,0,0.275,0.3829787234042553,0.725,0.22916666666666666,0.35714285714285715,0.15,0.020833333333333332,0.0625,0.1,1.1333333333333333,0.7333333333333333,0.36666666666666664,0.2,0.5,0.3,0.0,0.287,0.3978555555555556,0.35714285714285715,0.125,0.37550000000000006,0.49066666666666664,0.21951219512195122,0.34146341463414637,0.20833333333333334,0.24489795918367346,0.3673469387755102,0.23728813559322035,0.7033492822966507,0.2781065088757396,0.5730337078651685,0.25842696629213485,0.29931972789115646,0.30612244897959184,0.04081632653061224,10.573426573426573,1.6993006993006994,9.251748251748252,0.22477064220183487,0.5009117665928957,0.17337559184764825,0.5009117665928957,0.275,"{""bet365"": {""0.5"": {""over"": -140, ""under"": 105}}, ""draftkings"": {""0.5"": {""over"": -162, ""under"": 122}}, ""fanduel"": {""0.5"": {""over"": -194}}}",0.5,over,bet365,-140.0,0.5833333333333334,True,-0.0824,1.5,,,,,False,
691594,Javier Sanoja,MIA,LAA,1,9.0,1,680570,Grayson Rodriguez,R,823835,1:40 PM ET,loanDepot Park,1,1,0.19529837251356238,2026-08-09,823835,1.0,0,99.1,96.1,86.7,R,4,3,1,1,0,0,1,0,0,1,2,2,0,1,1,0,1,0.363,0.8714999999999999,1,0,1,1,1,0,0.24444444444444444,0.2765957446808511,0.9555555555555556,0.041666666666666664,0.23809523809523808,0.17777777777777778,0.020833333333333332,0.10416666666666667,0.13333333333333333,1.2666666666666666,0.13333333333333333,0.27906976744186046,0.27906976744186046,0.20930232558139536,0.32558139534883723,0.0,0.2511392857142857,0.35376785714285713,0.3333333333333333,0.0625,0.38775,0.4706833333333334,0.2549019607843137,0.45098039215686275,0.018867924528301886,0.20408163265306123,0.2857142857142857,0.11538461538461539,0.7033492822966507,0.2781065088757396,0.5730337078651685,0.25842696629213485,0.29931972789115646,0.30612244897959184,0.04081632653061224,10.573426573426573,1.6993006993006994,9.251748251748252,0.22477064220183487,0.4920044768965626,0.11931483435746464,0.4920044768965626,0.24444444444444444,"{""bet365"": {""0.5"": {""over"": -210, ""under"": 155}}, ""draftkings"": {""0.5"": {""over"": -203, ""under"": 152}}, ""fanduel"": {""0.5"": {""over"": -240}}}",0.5,over,draftkings,-203.0,0.66996699669967,True,-0.178,1.5,,,,,False,
669065,Kyle Stowers,MIA,LAA,1,1.0,1,680570,Grayson Rodriguez,R,823835,1:40 PM ET,loanDepot Park,0,1,0.19529837251356238,2026-08-09,823835,1.0,0,99.1,96.1,86.7,L,4,3,0,0,0,0,1,0,0,0,0,3,0,2,2,1,0,0.129,0.3873333333333333,0,0,0,0,0,0,0.2857142857142857,0.375,0.6785714285714286,0.28125,0.35294117647058826,0.2857142857142857,0.0625,0.0625,0.14285714285714285,2.1333333333333333,1.2,0.5789473684210527,0.23684210526315788,0.21052631578947367,0.47368421052631576,0.02631578947368421,0.33672222222222215,0.6832333333333335,0.3157894736842105,0.2857142857142857,0.27688333333333337,0.38979999999999976,0.2807017543859649,0.5614035087719298,0.3333333333333333,0.13725490196078433,0.19607843137254902,0.3333333333333333,0.7033492822966507,0.2781065088757396,0.5730337078651685,0.25842696629213485,0.29931972789115646,0.30612244897959184,0.04081632653061224,10.573426573426573,1.6993006993006994,9.251748251748252,0.22477064220183487,0.61577247681017,0.265211445281403,0.61577247681017,0.2857142857142857,"{""bet365"": {""0.5"": {""over"": -275, ""under"": 200}}, ""betmgm"": {""0.5"": {""over"": -220, ""under"": 165}}, ""draftkings"": {""0.5"": {""over"": -233, ""under"": 172}}, ""fanduel"": {""0.5"": {""over"": -245}}}",0.5,over,betmgm,-220.0,0.6875,True,-0.0717,1.5,,,,,False,
672640,Otto Lopez,MIA,LAA,1,3.0,1,680570,Grayson Rodriguez,R,823835,1:40 PM ET,loanDepot Park,1,1,0.19529837251356238,2026-08-09,823835,1.0,0,99.1,96.1,86.7,R,4,3,2,0,0,0,1,0,0,1,2,2,0,0,0,1,1,0.545,0.587,1,1,1,1,1,0,0.20634920634920634,0.21212121212121213,0.9365079365079365,0.05970149253731343,0.21311475409836064,0.06349206349206349,0.0,0.029850746268656716,0.047619047619047616,1.1333333333333333,0.26666666666666666,0.3442622950819672,0.2459016393442623,0.5245901639344263,0.16393442622950818,0.0,0.2691955555555555,0.3586522222222222,0.18181818181818182,0.0,0.19248,0.24069000000000002,0.1864406779661017,0.2542372881355932,0.07692307692307693,0.39344262295081966,0.5901639344262295,0.12121212121212122,0.7033492822966507,0.2781065088757396,0.5730337078651685,0.25842696629213485,0.29931972789115646,0.30612244897959184,0.04081632653061224,10.573426573426573,1.6993006993006994,9.251748251748252,0.22477064220183487,0.6141866035628046,0.22666391585108134,0.6141866035628046,0.20634920634920634,"{""bet365"": {""1.5"": {""over"": 155, ""under"": -210}}, ""betmgm"": {""1.5"": {""over"": -110, ""under"": -120}}, ""draftkings"": {""1.5"": {""over"": 166, ""under"": -223}}, ""fanduel"": {""0.5"": {""over"": -420}}}",0.5,over,fanduel,-420.0,0.8076923076923077,True,-0.1935,1.5,over,draftkings,166.0,0.37593984962406013,True,-0.1493
683357,Owen Caissie,MIA,LAA,1,6.0,1,680570,Grayson Rodriguez,R,823835,1:40 PM ET,loanDepot Park,0,1,0.19529837251356238,2026-08-09,823835,1.0,0,99.1,96.1,86.7,L,5,4,1,0,0,0,0,0,0,1,1,3,0,1,1,1,1,0.3383333333333333,0.448,1,0,1,0,1,0,0.23076923076923078,0.3111111111111111,0.5641025641025641,0.3695652173913043,0.3,0.2564102564102564,0.06521739130434782,0.021739130434782608,0.10256410256410256,1.2666666666666666,1.1333333333333333,0.4782608695652174,0.34782608695652173,0.17391304347826086,0.43478260869565216,0.043478260869565216,0.4105,0.8228928571428572,0.07142857142857142,0.2777777777777778,0.22760000000000008,0.6474000000000001,0.225,0.55,0.3617021276595745,0.22727272727272727,0.3181818181818182,0.3333333333333333,0.7033492822966507,0.2781065088757396,0.5730337078651685,0.25842696629213485,0.29931972789115646,0.30612244897959184,0.04081632653061224,10.573426573426573,1.6993006993006994,9.251748251748252,0.22477064220183487,0.54956152115901,0.10550928101018564,0.54956152115901,0.23076923076923078,"{""bet365"": {""0.5"": {""over"": -135, ""under"": 100}}, ""draftkings"": {""0.5"": {""over"": -128, ""under"": -103}}, ""fanduel"": {""0.5"": {""over"": -148}}}",0.5,over,draftkings,-128.0,0.5614035087719298,True,-0.0118,1.5,,,,,False,
669364,Xavier Edwards,MIA,LAA,1,2.0,1,680570,Grayson Rodriguez,R,823835,1:40 PM ET,loanDepot Park,0,1,0.19529837251356238,2026-08-09,823835,1.0,0,99.1,96.1,86.7,L,4,4,2,1,0,0,0,0,0,0,3,4,0,2,0,2,2,0.5305,0.6142500000000001,1,1,1,1,0,0,0.21875,0.32432432432432434,0.9375,0.05263157894736842,0.23333333333333334,0.03125,0.0,0.02631578947368421,0.03125,0.5333333333333333,0.13333333333333333,0.2903225806451613,0.25806451612903225,0.45161290322580644,0.1935483870967742,0.0,0.3332261904761905,0.39812499999999995,0.25,0.0,0.3382,0.3973000000000001,0.22413793103448276,0.25862068965517243,0.1875,0.21052631578947367,0.3333333333333333,0.15,0.7033492822966507,0.2781065088757396,0.5730337078651685,0.25842696629213485,0.29931972789115646,0.30612244897959184,0.04081632653061224,10.573426573426573,1.6993006993006994,9.251748251748252,0.22477064220183487,0.6173598596361427,0.1992613499522635,0.6173598596361427,0.21875,"{""bet365"": {""0.5"": {""over"": -280, ""under"": 202}}, ""draftkings"": {""0.5"": {""over"": -271, ""under"": 199}}, ""fanduel"": {""0.5"": {""over"": -320}}}",0.5,over,draftkings,-271.0,0.7304582210242587,True,-0.1131,1.5,,,,,False,
624428,Adam Frazier,LAA,MIA,0,9.0,1,687473,Ryan Gusto,R,823835,1:40 PM ET,loanDepot Park,0,1,0.25919117647058826,2026-08-09,823835,1.0,0,99.1,96.1,86.7,L,3,3,0,0,0,0,0,0,0,1,0,2,0,0,0,1,1,0.22,0.292,0,0,0,0,1,0,0.1,0.18181818181818182,0.6333333333333333,0.3333333333333333,0.15789473684210525,0.03333333333333333,0.0,0.030303030303030304,0.03333333333333333,0.26666666666666666,0.7333333333333333,0.10526315789473684,0.21052631578947367,0.47368421052631576,0.3157894736842105,0.0,0.3186,0.3979916666666667,0.0,0.3,0.23950000000000005,0.27087499999999975,0.125,0.1875,0.3235294117647059,0.10256410256410256,0.1282051282051282,0.30434782608695654,0.7152317880794702,0.23484848484848486,0.40441176470588236,0.14705882352941177,0.3888888888888889,0.26851851851851855,0.027777777777777776,11.647058823529413,1.852941176470588,6.352941176470589,0.147239263803681,0.3465073171511415,0.06693042847315878,0.3465073171511415,0.1,"{""draftkings"": {""0.5"": {""over"": -126, ""under"": -105}}, ""fanduel"": {""0.5"": {""over"": -152}}}",0.5,over,draftkings,-126.0,0.5575221238938053,True,-0.211,1.5,,,,,False,
694203,Denzer Guzman,LAA,MIA,0,6.0,1,687473,Ryan Gusto,R,823835,1:40 PM ET,loanDepot Park,1,1,0.25919117647058826,2026-08-09,823835,1.0,0,99.1,96.1,86.7,R,3,3,1,0,0,0,0,0,0,1,1,2,0,1,0,2,0,0.3055,0.34650000000000003,1,0,1,0,1,0,0.17647058823529413,0.23636363636363636,0.6666666666666666,0.30357142857142855,0.21875,0.11764705882352941,0.03571428571428571,0.0,0.0392156862745098,1.0,1.1333333333333333,0.29411764705882354,0.29411764705882354,0.47058823529411764,0.17647058823529413,0.029411764705882353,0.24865555555555555,0.3397222222222222,0.2,0.17647058823529413,0.3095,0.4791333333333333,0.2222222222222222,0.2962962962962963,0.3275862068965517,0.25,0.48214285714285715,0.25,0.7152317880794702,0.23484848484848486,0.40441176470588236,0.14705882352941177,0.3888888888888889,0.26851851851851855,0.027777777777777776,11.647058823529413,1.852941176470588,6.352941176470589,0.147239263803681,0.61259793963161,0.22888230835397938,0.61259793963161,0.17647058823529413,"{""bet365"": {""0.5"": {""over"": -190, ""under"": 140}}, ""betmgm"": {""0.5"": {""over"": 140, ""under"": -190}}, ""draftkings"": {""0.5"": {""over"": -188, ""under"": 140}}, ""fanduel"": {""0.5"": {""over"": -220}}}",0.5,over,betmgm,140.0,0.4166666666666667,True,0.1959,1.5,,,,,False,
642350,Jose Siri,LAA,MIA,0,8.0,1,687473,Ryan Gusto,R,823835,1:40 PM ET,loanDepot Park,1,1,0.25919117647058826,2026-08-09,823835,1.0,0,99.1,96.1,86.7,R,1,1,0,0,0,0,0,0,0,1,0,0,0,0,0,0,0,0.5085,0.91,0,0,0,0,1,0,0.2903225806451613,0.37142857142857144,0.6451612903225806,0.3142857142857143,0.42105263157894735,0.1935483870967742,0.02857142857142857,0.08571428571428572,0.12903225806451613,1.0,0.7333333333333333,0.55,0.2,0.45,0.35,0.0,0.4349090909090909,0.7254848484848485,0.3333333333333333,0.46153846153846156,0.5726249999999999,1.2333749999999999,0.25,0.275,0.19148936170212766,0.26666666666666666,0.43333333333333335,0.3939393939393939,0.7152317880794702,0.23484848484848486,0.40441176470588236,0.14705882352941177,0.3888888888888889,0.26851851851851855,0.027777777777777776,11.647058823529413,1.852941176470588,6.352941176470589,0.147239263803681,0.5568699360046241,0.1630362042321781,0.5568699360046241,0.2903225806451613,"{""bet365"": {""0.5"": {""over"": -120, ""under"": -110}}, ""draftkings"": {""0.5"": {""over"": -121, ""under"": -110}}, ""fanduel"": {""0.5"": {""over"": -130}}}",0.5,over,bet365,-120.0,0.5454545454545454,True,0.0114,1.5,,,,,False,
666139,Josh Lowe,LAA,MIA,0,7.0,1,687473,Ryan Gusto,R,823835,1:40 PM ET,loanDepot Park,0,1,0.25919117647058826,2026-08-09,823835,1.0,0,99.1,96.1,86.7,L,3,2,0,0,0,0,1,0,0,2,0,0,0,0,0,0,0,0.4645,0.531,0,0,0,0,1,1,0.17142857142857143,0.32558139534883723,0.7428571428571429,0.20454545454545456,0.2,0.11428571428571428,0.022727272727272728,0.022727272727272728,0.05714285714285714,0.6666666666666666,0.6,0.4074074074074074,0.25925925925925924,0.25925925925925924,0.4074074074074074,0.07407407407407407,0.36780555555555555,0.6560625,0.2727272727272727,0.2857142857142857,0.471125,0.6499999999999997,0.17142857142857143,0.2857142857142857,0.22727272727272727,0.1346153846153846,0.21153846153846154,0.3148148148148148,0.7152317880794702,0.23484848484848486,0.40441176470588236,0.14705882352941177,0.3888888888888889,0.26851851851851855,0.027777777777777776,11.647058823529413,1.852941176470588,6.352941176470589,0.147239263803681,0.546954341272217,0.14900786270971134,0.546954341272217,0.17142857142857143,"{""bet365"": {""0.5"": {""over"": -160, ""under"": 120}}, ""betmgm"": {""0.5"": {""over"": -155, ""under"": 115}}, ""draftkings"": {""0.5"": {""over"": -146, ""under"": 110}}, ""fanduel"": {""0.5"": {""over"": -158}}}",0.5,over,draftkings,-146.0,0.5934959349593496,True,-0.0465,1.5,,,,,False,
545361,Mike Trout,LAA,MIA,0,2.0,1,687473,Ryan Gusto,R,823835,1:40 PM ET,loanDepot Park,1,1,0.25919117647058826,2026-08-09,823835,1.0,0,99.1,96.1,86.7,R,4,3,0,0,0,0,1,0,0,1,0,2,0,1,1,1,0,0.0365,0.054,0,0,0,0,1,0,0.2830188679245283,0.38095238095238093,0.6981132075471698,0.25396825396825395,0.3783783783783784,0.09433962264150944,0.015873015873015872,0.031746031746031744,0.05660377358490566,1.3333333333333333,1.0666666666666667,0.42105263157894735,0.2631578947368421,0.34210526315789475,0.34210526315789475,0.0,0.3972611111111111,0.5748055555555555,0.15789473684210525,0.47619047619047616,0.5001999999999999,0.8859000000000001,0.20689655172413793,0.3793103448275862,0.29850746268656714,0.33962264150943394,0.4716981132075472,0.24615384615384617,0.7152317880794702,0.23484848484848486,0.40441176470588236,0.14705882352941177,0.3888888888888889,0.26851851851851855,0.027777777777777776,11.647058823529413,1.852941176470588,6.352941176470589,0.147239263803681,0.6498962890861257,0.2508474924419963,0.6498962890861257,0.2830188679245283,"{""bet365"": {""0.5"": {""over"": -200, ""under"": 150}}, ""draftkings"": {""0.5"": {""over"": -206, ""under"": 154}}, ""fanduel"": {""0.5"": {""over"": -270}}}",0.5,over,bet365,-200.0,0.6666666666666666,True,-0.0168,1.5,,,,,False,
694208,Moisés Ballesteros,LAA,MIA,0,5.0,1,687473,Ryan Gusto,R,823835,1:40 PM ET,loanDepot Park,0,1,0.25919117647058826,2026-08-09,823835,1.0,0,99.1,96.1,86.7,L,4,4,0,0,0,0,0,0,0,2,0,2,0,1,2,0,0,0.3605,1.0514999999999999,0,0,0,0,1,1,0.225,0.27906976744186046,0.775,0.20930232558139536,0.2903225806451613,0.025,0.0,0.023255813953488372,0.025,0.6666666666666666,0.6,0.4838709677419355,0.22580645161290322,0.6451612903225806,0.06451612903225806,0.0,0.33491666666666664,0.4537380952380952,0.2,0.1875,0.3757666666666667,0.6043666666666667,0.225,0.25,0.20930232558139536,0.2777777777777778,0.3888888888888889,0.2,0.7152317880794702,0.23484848484848486,0.40441176470588236,0.14705882352941177,0.3888888888888889,0.26851851851851855,0.027777777777777776,11.647058823529413,1.852941176470588,6.352941176470589,0.147239263803681,0.6291088233414789,0.19549911251942564,0.6291088233414789,0.225,"{""bet365"": {""0.5"": {""over"": -190, ""under"": 140}}, ""draftkings"": {""0.5"": {""over"": -169, ""under"": 127}}, ""fanduel"": {""0.5"": {""over"": -200}}}",0.5,over,draftkings,-169.0,0.6282527881040892,True,0.0009,1.5,,,,,False,
694384,Nolan Schanuel,LAA,MIA,0,3.0,1,687473,Ryan Gusto,R,823835,1:40 PM ET,loanDepot Park,0,1,0.25919117647058826,2026-08-09,823835,1.0,0,99.1,96.1,86.7,L,4,4,1,0,0,0,0,0,0,0,1,4,0,2,2,0,1,0.197,0.37424999999999997,1,0,1,0,0,0,0.2222222222222222,0.30158730158730157,0.8888888888888888,0.09523809523809523,0.22448979591836735,0.12962962962962962,0.015873015873015872,0.06349206349206349,0.09259259259259259,1.2666666666666666,0.4,0.34,0.24,0.42,0.28,0.04,0.27529333333333333,0.4156244444444444,0.2222222222222222,0.09523809523809523,0.23800000000000004,0.46191666666666664,0.2962962962962963,0.4074074074074074,0.07692307692307693,0.2545454545454545,0.36363636363636365,0.13114754098360656,0.7152317880794702,0.23484848484848486,0.40441176470588236,0.14705882352941177,0.3888888888888889,0.26851851851851855,0.027777777777777776,11.647058823529413,1.852941176470588,6.352941176470589,0.147239263803681,0.6468801676600694,0.23993227101165204,0.6468801676600694,0.2222222222222222,"{""bet365"": {""1.5"": {""over"": 205, ""under"": -290}}, ""draftkings"": {""0.5"": {""over"": -236, ""under"": 175}}, ""fanduel"": {""0.5"": {""over"": -320}}}",0.5,over,draftkings,-236.0,0.7023809523809523,True,-0.0555,1.5,over,bet365,205.0,0.32786885245901637,True,-0.0879
685133,Wade Meckler,LAA,MIA,0,1.0,1,687473,Ryan Gusto,R,823835,1:40 PM ET,loanDepot Park,0,1,0.25919117647058826,2026-08-09,823835,1.0,0,99.1,96.1,86.7,L,4,4,2,1,0,0,0,0,0,2,3,2,0,1,0,0,2,0.6639999999999999,0.8045,1,1,1,1,1,1,0.2777777777777778,0.35,0.8055555555555556,0.175,0.32142857142857145,0.1111111111111111,0.025,0.025,0.05555555555555555,0.9333333333333333,0.4666666666666667,0.27586206896551724,0.1724137931034483,0.6896551724137931,0.13793103448275862,0.0,0.3198986111111111,0.3879347222222222,0.35294117647058826,0.1111111111111111,0.30834000000000006,0.41925999999999997,0.2702702702702703,0.40540540540540543,0.175,0.17647058823529413,0.23529411764705882,0.3,0.7152317880794702,0.23484848484848486,0.40441176470588236,0.14705882352941177,0.3888888888888889,0.26851851851851855,0.027777777777777776,11.647058823529413,1.852941176470588,6.352941176470589,0.147239263803681,0.6692360963910083,0.2867440459558119,0.6692360963910083,0.2777777777777778,"{""bet365"": {""0.5"": {""over"": -275, ""under"": 200}}, ""betmgm"": {""0.5"": {""over"": -165, ""under"": 125}}, ""draftkings"": {""0.5"": {""over"": -240, ""under"": 177}}, ""fanduel"": {""0.5"": {""over"": -270}}}",0.5,over,betmgm,-165.0,0.6226415094339622,True,0.0466,1.5,,,,,False,
687263,Zach Neto,LAA,MIA,0,4.0,1,687473,Ryan Gusto,R,823835,1:40 PM ET,loanDepot Park,1,1,0.25919117647058826,2026-08-09,823835,1.0,0,99.1,96.1,86.7,R,4,4,0,0,0,0,0,0,0,2,0,2,0,2,0,0,1,0.113,0.2195,0,0,0,0,1,1,0.18032786885245902,0.24242424242424243,0.6065573770491803,0.36363636363636365,0.2777777777777778,0.09836065573770492,0.015151515151515152,0.015151515151515152,0.04918032786885246,1.1333333333333333,1.6,0.4864864864864865,0.1891891891891892,0.35135135135135137,0.40540540540540543,0.05405405405405406,0.31920000000000004,0.5497944444444445,0.18181818181818182,0.4090909090909091,0.31079999999999997,0.4947499999999998,0.2459016393442623,0.3442622950819672,0.29411764705882354,0.2711864406779661,0.4745762711864407,0.3709677419354839,0.7152317880794702,0.23484848484848486,0.40441176470588236,0.14705882352941177,0.3888888888888889,0.26851851851851855,0.027777777777777776,11.647058823529413,1.852941176470588,6.352941176470589,0.147239263803681,0.6385197803164159,0.22558298895119824,0.6385197803164159,0.18032786885245902,"{""bet365"": {""0.5"": {""over"": -170, ""under"": 130}}, ""draftkings"": {""0.5"": {""over"": -178, ""under"": 134}}, ""fanduel"": {""0.5"": {""over"": -245}}}",0.5,over,bet365,-170.0,0.6296296296296297,True,0.0089,1.5,,,,,False,
677951,Bobby Witt Jr.,KC,CHC,1,2.0,1,571510,Matthew Boyd,L,824078,2:10 PM ET,Kauffman Stadium,1,0,0.19776119402985073,2026-08-09,824078,,0,103.7,102.1,85.4,R,4,3,1,0,0,0,1,0,0,0,1,3,0,1,1,2,0,0.22566666666666668,0.5386666666666667,1,0,1,0,0,0,0.2833333333333333,0.3384615384615385,0.8,0.18461538461538463,0.3404255319148936,0.11666666666666667,0.015384615384615385,0.06153846153846154,0.08333333333333333,1.6,0.8,0.5208333333333334,0.2708333333333333,0.3958333333333333,0.25,0.0625,0.3585511904761905,0.5871392857142858,0.4117647058823529,0.10526315789473684,0.34370833333333334,0.56975,0.3,0.48333333333333334,0.18461538461538463,0.23636363636363636,0.32727272727272727,0.1746031746031746,0.729957805907173,0.22274881516587677,0.35648148148148145,0.11574074074074074,0.45664739884393063,0.23121387283236994,0.017341040462427744,9.1875,1.125,9.75,0.25120772946859904,0.6830317045930183,0.3163115153294769,0.6830317045930183,0.2833333333333333,"{""betmgm"": {""0.5"": {""over"": -120, ""under"": -110}}, ""bet365"": {""1.5"": {""over"": 140, ""under"": -190}}, ""draftkings"": {""1.5"": {""over"": 147, ""under"": -197}, ""0.5"": {""over"": 100, ""under"": -140}}, ""fanduel"": {""0.5"": {""over"": 290}}}",0.5,over,fanduel,290.0,0.2564102564102564,True,0.4266,1.5,over,draftkings,147.0,0.4048582995951417,True,-0.0885
695506,Jac Caglianone,KC,CHC,1,3.0,1,571510,Matthew Boyd,L,824078,2:10 PM ET,Kauffman Stadium,0,0,0.19776119402985073,2026-08-09,824078,,0,103.7,102.1,85.4,L,4,4,4,2,0,2,0,0,0,0,12,4,0,4,2,0,2,0.858,2.54825,1,1,1,1,0,0,0.21818181818181817,0.24561403508771928,0.8363636363636363,0.15789473684210525,0.22727272727272727,0.14545454545454545,0.03508771929824561,0.03508771929824561,0.07272727272727272,1.3333333333333333,0.6,0.5,0.21739130434782608,0.5434782608695652,0.1956521739130435,0.0,0.32813333333333333,0.5050277777777777,0.3684210526315789,0.05263157894736842,0.40725,0.5252166666666668,0.25925925925925924,0.48148148148148145,0.14285714285714285,0.328125,0.640625,0.2898550724637681,0.729957805907173,0.22274881516587677,0.35648148148148145,0.11574074074074074,0.45664739884393063,0.23121387283236994,0.017341040462427744,9.1875,1.125,9.75,0.25120772946859904,0.6830317045930183,0.21689420398659523,0.6830317045930183,0.21818181818181817,"{""bet365"": {""0.5"": {""over"": -240, ""under"": 180}}, ""betmgm"": {""0.5"": {""over"": 115, ""under"": -155}}, ""draftkings"": {""0.5"": {""over"": -215, ""under"": 160}}, ""fanduel"": {""0.5"": {""over"": -250}}}",0.5,over,betmgm,115.0,0.46511627906976744,True,0.2179,1.5,,,,,False,
664728,Kyle Isbel,KC,CHC,1,9.0,1,571510,Matthew Boyd,L,824078,2:10 PM ET,Kauffman Stadium,0,0,0.19776119402985073,2026-08-09,824078,,0,103.7,102.1,85.4,L,4,4,0,0,0,0,0,0,0,0,0,4,0,1,1,3,0,0.09225,0.1015,0,0,0,0,0,0,0.1951219512195122,0.22727272727272727,0.8048780487804879,0.17777777777777778,0.23529411764705882,0.024390243902439025,0.0,0.022222222222222223,0.024390243902439025,0.6,0.5333333333333333,0.4,0.11428571428571428,0.6285714285714286,0.17142857142857143,0.0,0.28833333333333333,0.3254294871794872,0.25,0.14285714285714285,0.21235416666666668,0.23589583333333314,0.18421052631578946,0.21052631578947367,0.20454545454545456,0.17073170731707318,0.21951219512195122,0.30434782608695654,0.729957805907173,0.22274881516587677,0.35648148148148145,0.11574074074074074,0.45664739884393063,0.23121387283236994,0.017341040462427744,9.1875,1.125,9.75,0.25120772946859904,0.4634679632383121,0.1634895423174081,0.4634679632383121,0.1951219512195122,"{""bet365"": {""0.5"": {""over"": -140, ""under"": 105}}, ""betmgm"": {""0.5"": {""over"": -140, ""under"": 105}}, ""draftkings"": {""0.5"": {""over"": 220, ""under"": -310}}, ""fanduel"": {""0.5"": {""over"": -145}}}",0.5,over,draftkings,220.0,0.3125,True,0.151,1.5,,,,,False,
571912,Luke Maile,KC,CHC,1,8.0,1,571510,Matthew Boyd,L,824078,2:10 PM ET,Kauffman Stadium,1,0,0.19776119402985073,2026-08-09,824078,,0,103.7,102.1,85.4,R,3,3,1,0,0,0,0,0,0,2,1,1,0,1,0,0,1,0.671,0.777,1,0,1,0,1,1,0.24324324324324326,0.3170731707317073,0.6756756756756757,0.27906976744186046,0.3333333333333333,0.13513513513513514,0.023255813953488372,0.046511627906976744,0.08108108108108109,0.9333333333333333,0.8,0.37037037037037035,0.2962962962962963,0.48148148148148145,0.14814814814814814,0.0,0.4313484848484848,0.6118030303030303,0.21428571428571427,0.3333333333333333,0.2496111111111111,0.36850000000000027,0.2972972972972973,0.40540540540540543,0.23255813953488372,0.2702702702702703,0.5135135135135135,0.34146341463414637,0.729957805907173,0.22274881516587677,0.35648148148148145,0.11574074074074074,0.45664739884393063,0.23121387283236994,0.017341040462427744,9.1875,1.125,9.75,0.25120772946859904,0.5642207192190333,0.2198593828318102,0.5642207192190333,0.24324324324324326,"{""bet365"": {""0.5"": {""over"": -130, ""under"": -105}}, ""draftkings"": {""0.5"": {""over"": -129, ""under"": -103}, ""1.5"": {""over"": 240, ""under"": -330}}, ""fanduel"": {""0.5"": {""over"": -125}}}",0.5,over,fanduel,-125.0,0.5555555555555556,True,0.0087,1.5,over,draftkings,240.0,0.29411764705882354,True,-0.0743
686681,Michael Massey,KC,CHC,1,6.0,1,571510,Matthew Boyd,L,824078,2:10 PM ET,Kauffman Stadium,0,0,0.19776119402985073,2026-08-09,824078,,0,103.7,102.1,85.4,L,4,4,1,0,0,0,0,0,0,0,1,4,0,2,1,2,1,0.31325000000000003,0.47675,1,0,1,0,0,0,0.22641509433962265,0.23214285714285715,0.7924528301886793,0.19642857142857142,0.23809523809523808,0.16981132075471697,0.03571428571428571,0.05357142857142857,0.09433962264150944,1.4,0.7333333333333333,0.36363636363636365,0.20454545454545456,0.45454545454545453,0.3181818181818182,0.0,0.27605,0.45128888888888885,0.2222222222222222,0.15789473684210525,0.33148333333333335,0.5525499999999999,0.22807017543859648,0.3157894736842105,0.15,0.2127659574468085,0.3617021276595745,0.27450980392156865,0.729957805907173,0.22274881516587677,0.35648148148148145,0.11574074074074074,0.45664739884393063,0.23121387283236994,0.017341040462427744,9.1875,1.125,9.75,0.25120772946859904,0.5980372250630203,0.2462276947652803,0.5980372250630203,0.22641509433962265,"{""bet365"": {""0.5"": {""over"": -175, ""under"": 132}}, ""draftkings"": {""0.5"": {""over"": -201, ""under"": 150}, ""1.5"": {""over"": 150, ""under"": -205}}, ""fanduel"": {""0.5"": {""over"": -210}}}",0.5,over,bet365,-175.0,0.6363636363636364,True,-0.0383,1.5,over,draftkings,150.0,0.4,True,-0.1538
679845,Nick Loftin,KC,CHC,1,1.0,1,571510,Matthew Boyd,L,824078,2:10 PM ET,Kauffman Stadium,1,0,0.19776119402985073,2026-08-09,824078,,0,103.7,102.1,85.4,R,4,2,1,1,0,0,1,0,0,0,2,3,0,1,0,2,1,0.11900000000000001,0.2195,1,0,1,1,0,0,0.25,0.32,0.7727272727272727,0.19607843137254902,0.29411764705882354,0.13636363636363635,0.0196078431372549,0.058823529411764705,0.09090909090909091,1.1333333333333333,0.6666666666666666,0.25,0.2222222222222222,0.3611111111111111,0.3055555555555556,0.0,0.33698717948717954,0.5064871794871795,0.07142857142857142,0.25,0.25404166666666667,0.31429166666666664,0.2826086956521739,0.391304347826087,0.1568627450980392,0.34615384615384615,0.5,0.15254237288135594,0.729957805907173,0.22274881516587677,0.35648148148148145,0.11574074074074074,0.45664739884393063,0.23121387283236994,0.017341040462427744,9.1875,1.125,9.75,0.25120772946859904,0.6437357992133751,0.27707086738892595,0.6437357992133751,0.25,"{""bet365"": {""0.5"": {""over"": -260, ""under"": 190}}, ""betmgm"": {""0.5"": {""over"": -105, ""under"": -125}}, ""draftkings"": {""0.5"": {""over"": -229, ""under"": 170}}, ""fanduel"": {""0.5"": {""over"": -250}}}",0.5,over,betmgm,-105.0,0.5121951219512195,True,0.1315,1.5,,,,,False,
521692,Salvador Perez,KC,CHC,1,4.0,1,571510,Matthew Boyd,L,824078,2:10 PM ET,Kauffman Stadium,1,0,0.19776119402985073,2026-08-09,824078,,0,103.7,102.1,85.4,R,4,4,1,0,0,0,0,0,0,0,1,4,0,2,2,1,1,0.23149999999999998,0.49349999999999994,1,0,1,0,0,0,0.23214285714285715,0.2903225806451613,0.7678571428571429,0.20967741935483872,0.24390243902439024,0.25,0.04838709677419355,0.04838709677419355,0.125,1.8,0.8666666666666667,0.38636363636363635,0.18181818181818182,0.4318181818181818,0.38636363636363635,0.022727272727272728,0.29732222222222227,0.5845888888888889,0.23529411764705882,0.05263157894736842,0.16256666666666664,0.35449999999999987,0.2545454545454545,0.5818181818181818,0.21311475409836064,0.24561403508771928,0.42105263157894735,0.15625,0.729957805907173,0.22274881516587677,0.35648148148148145,0.11574074074074074,0.45664739884393063,0.23121387283236994,0.017341040462427744,9.1875,1.125,9.75,0.25120772946859904,0.6347195358526778,0.2879409589930964,0.6347195358526778,0.23214285714285715,"{""bet365"": {""1.5"": {""over"": 195, ""under"": -270}}, ""betmgm"": {""1.5"": {""over"": 105, ""under"": -140}}, ""draftkings"": {""0.5"": {""over"": -260, ""under"": 192}, ""1.5"": {""over"": 115, ""under"": -160}}, ""fanduel"": {""0.5"": {""over"": -290}}}",0.5,over,draftkings,-260.0,0.7222222222222222,True,-0.0875,1.5,over,bet365,195.0,0.3389830508474576,True,-0.051
516782,Starling Marte,KC,CHC,1,5.0,1,571510,Matthew Boyd,L,824078,2:10 PM ET,Kauffman Stadium,1,0,0.19776119402985073,2026-08-09,824078,,0,103.7,102.1,85.4,R,3,3,0,0,0,0,0,0,0,1,0,2,0,0,0,1,1,0.15200000000000002,0.1635,0,0,0,0,1,0,0.225,0.2619047619047619,0.775,0.21428571428571427,0.2903225806451613,0.025,0.0,0.023809523809523808,0.025,0.6666666666666666,0.6,0.3870967741935484,0.22580645161290322,0.5806451612903226,0.0967741935483871,0.03225806451612903,0.29306111111111116,0.4330611111111111,0.2,0.1,0.25246666666666673,0.49466666666666653,0.25,0.3541666666666667,0.23076923076923078,0.23809523809523808,0.23809523809523808,0.24444444444444444,0.729957805907173,0.22274881516587677,0.35648148148148145,0.11574074074074074,0.45664739884393063,0.23121387283236994,0.017341040462427744,9.1875,1.125,9.75,0.25120772946859904,0.6512728544698098,0.2584148735894657,0.6512728544698098,0.225,"{""bet365"": {""0.5"": {""over"": -210, ""under"": 155}}, ""betmgm"": {""1.5"": {""over"": 130, ""under"": -175}}, ""draftkings"": {""0.5"": {""over"": -198, ""under"": 148}, ""1.5"": {""over"": 150, ""under"": -205}}, ""fanduel"": {""0.5"": {""over"": -230}}}",0.5,over,draftkings,-198.0,0.6644295302013423,True,-0.0132,1.5,over,draftkings,150.0,0.4,True,-0.1416
686475,Tyler Tolbert,KC,CHC,1,7.0,1,571510,Matthew Boyd,L,824078,2:10 PM ET,Kauffman Stadium,1,0,0.19776119402985073,2026-08-09,824078,,0,103.7,102.1,85.4,R,3,3,1,1,0,0,0,0,0,1,2,2,0,0,1,0,1,0.4285,0.4745,1,0,1,1,1,0,0.4222222222222222,0.44680851063829785,0.8888888888888888,0.1,0.43243243243243246,0.26666666666666666,0.06,0.06,0.13333333333333333,2.066666666666667,0.3333333333333333,0.27906976744186046,0.18604651162790697,0.5348837209302325,0.20930232558139536,0.023255813953488372,0.2978205128205128,0.4190076923076923,0.375,0.23529411764705882,0.3824166666666667,0.5874166666666667,0.3142857142857143,0.42857142857142855,0.2,0.38461538461538464,0.5897435897435898,0.13333333333333333,0.729957805907173,0.22274881516587677,0.35648148148148145,0.11574074074074074,0.45664739884393063,0.23121387283236994,0.017341040462427744,9.1875,1.125,9.75,0.25120772946859904,0.6306056837277638,0.23006295482459627,0.6306056837277638,0.4222222222222222,"{""betmgm"": {""0.5"": {""over"": -190, ""under"": 140}}, ""fanduel"": {""0.5"": {""over"": -165}}}",0.5,over,fanduel,-165.0,0.6226415094339622,True,0.008,1.5,,,,,False,
608324,Alex Bregman,CHC,KC,0,3.0,1,677976,Randy Dobnak,R,824078,2:10 PM ET,Kauffman Stadium,1,1,0.22780569514237856,2026-08-09,824078,,0,103.7,102.1,85.4,R,4,4,0,0,0,0,0,0,0,1,0,3,0,2,0,3,0,0.24333333333333332,0.266,0,0,0,0,1,0,0.2903225806451613,0.35294117647058826,0.8225806451612904,0.16176470588235295,0.32653061224489793,0.22580645161290322,0.029411764705882353,0.11764705882352941,0.16129032258064516,2.1333333333333333,0.7333333333333333,0.43137254901960786,0.21568627450980393,0.37254901960784315,0.29411764705882354,0.0,0.32088222222222224,0.4704,0.2727272727272727,0.17391304347826086,0.34469999999999995,0.5504833333333334,0.32786885245901637,0.5737704918032787,0.14492753623188406,0.20754716981132076,0.4339622641509434,0.125,0.7840909090909091,0.2,0.34591194968553457,0.12578616352201258,0.5289855072463768,0.1956521739130435,0.014492753623188406,9.818181818181817,1.3636363636363638,4.090909090909091,0.1056338028169014,0.6749235920647211,0.24221863513288114,0.6749235920647211,0.2903225806451613,"{""bet365"": {""1.5"": {""over"": 190, ""under"": -260}}, ""draftkings"": {""1.5"": {""over"": 193, ""under"": -262}}, ""fanduel"": {""0.5"": {""over"": -300}}}",0.5,over,fanduel,-300.0,0.75,True,-0.0751,1.5,over,draftkings,193.0,0.3412969283276451,True,-0.0991
621020,Dansby Swanson,CHC,KC,0,7.0,1,677976,Randy Dobnak,R,824078,2:10 PM ET,Kauffman Stadium,1,1,0.22780569514237856,2026-08-09,824078,,0,103.7,102.1,85.4,R,4,4,0,0,0,0,0,0,0,0,0,4,0,0,1,2,0,0.14975,0.1795,0,0,0,0,0,0,0.2222222222222222,0.27586206896551724,0.7222222222222222,0.25862068965517243,0.2894736842105263,0.1111111111111111,0.017241379310344827,0.05172413793103448,0.07407407407407407,1.2,1.0,0.3076923076923077,0.23076923076923078,0.48717948717948717,0.20512820512820512,0.0,0.3176777777777778,0.4852388888888889,0.3333333333333333,0.2,0.34916666666666674,0.5252000000000001,0.18518518518518517,0.25925925925925924,0.22033898305084745,0.32142857142857145,0.5892857142857143,0.23728813559322035,0.7840909090909091,0.2,0.34591194968553457,0.12578616352201258,0.5289855072463768,0.1956521739130435,0.014492753623188406,9.818181818181817,1.3636363636363638,4.090909090909091,0.1056338028169014,0.6016435048058005,0.2306302312056793,0.6016435048058005,0.2222222222222222,"{""bet365"": {""0.5"": {""over"": -280, ""under"": 202}}, ""betmgm"": {""0.5"": {""over"": -220, ""under"": 165}}, ""draftkings"": {""0.5"": {""over"": -254, ""under"": 187}}, ""fanduel"": {""0.5"": {""over"": -290}}}",0.5,over,betmgm,-220.0,0.6875,True,-0.0859,1.5,,,,,False,
664023,Ian Happ,CHC,KC,0,4.0,1,677976,Randy Dobnak,R,824078,2:10 PM ET,Kauffman Stadium,0,1,0.22780569514237856,2026-08-09,824078,,0,103.7,102.1,85.4,L,4,4,2,1,0,1,0,0,0,1,6,3,0,3,1,0,2,0.48666666666666664,1.052,1,1,1,1,1,0,0.1111111111111111,0.2,0.6111111111111112,0.35,0.18181818181818182,0.08333333333333333,0.0,0.075,0.08333333333333333,0.4666666666666667,0.9333333333333333,0.36363636363636365,0.18181818181818182,0.5,0.2727272727272727,0.0,0.23874814814814815,0.38148888888888893,0.0,0.5833333333333334,0.08883333333333357,0.10225000000000056,0.18,0.26,0.3559322033898305,0.18518518518518517,0.37037037037037035,0.2786885245901639,0.7840909090909091,0.2,0.34591194968553457,0.12578616352201258,0.5289855072463768,0.1956521739130435,0.014492753623188406,9.818181818181817,1.3636363636363638,4.090909090909091,0.1056338028169014,0.6202536761536,0.1896469154112809,0.6202536761536,0.1111111111111111,"{""bet365"": {""0.5"": {""over"": -270, ""under"": 195}}, ""draftkings"": {""0.5"": {""over"": -245, ""under"": 181}}, ""fanduel"": {""0.5"": {""over"": -230}}}",0.5,over,fanduel,-230.0,0.696969696969697,True,-0.0767,1.5,,,,,False,
683737,Michael Busch,CHC,KC,0,2.0,1,677976,Randy Dobnak,R,824078,2:10 PM ET,Kauffman Stadium,0,1,0.22780569514237856,2026-08-09,824078,,0,103.7,102.1,85.4,L,4,4,1,0,0,0,0,0,0,0,1,4,0,1,0,3,1,0.3575,0.42025,1,0,1,0,0,0,0.24242424242424243,0.2857142857142857,0.8181818181818182,0.16901408450704225,0.2830188679245283,0.07575757575757576,0.014084507042253521,0.028169014084507043,0.045454545454545456,1.4,0.8,0.35185185185185186,0.2962962962962963,0.35185185185185186,0.2962962962962963,0.037037037037037035,0.2919822222222222,0.47328111111111115,0.3,0.17391304347826086,0.2741333333333333,0.44685999999999987,0.2537313432835821,0.31343283582089554,0.2328767123287671,0.3018867924528302,0.5471698113207547,0.21666666666666667,0.7840909090909091,0.2,0.34591194968553457,0.12578616352201258,0.5289855072463768,0.1956521739130435,0.014492753623188406,9.818181818181817,1.3636363636363638,4.090909090909091,0.1056338028169014,0.6531385551080863,0.2441041885927273,0.6531385551080863,0.24242424242424243,"{""bet365"": {""1.5"": {""over"": 170, ""under"": -230}}, ""draftkings"": {""1.5"": {""over"": 158, ""under"": -212}}, ""fanduel"": {""0.5"": {""over"": -300}}}",0.5,over,fanduel,-300.0,0.75,True,-0.0969,1.5,over,bet365,170.0,0.37037037037037035,True,-0.1263
624424,Michael Conforto,CHC,KC,0,5.0,1,677976,Randy Dobnak,R,824078,2:10 PM ET,Kauffman Stadium,0,1,0.22780569514237856,2026-08-09,824078,,0,103.7,102.1,85.4,L,1,1,1,1,0,0,0,0,0,0,2,1,0,1,0,0,1,0.886,2.246,1,0,1,1,0,0,0.14285714285714285,0.2682926829268293,0.6,0.34146341463414637,0.2,0.11428571428571428,0.024390243902439025,0.024390243902439025,0.05714285714285714,0.6,0.9333333333333333,0.38095238095238093,0.19047619047619047,0.3333333333333333,0.38095238095238093,0.0,0.22385833333333335,0.39574166666666666,0.0,0.3125,0.17825000000000002,0.20774999999999985,0.14285714285714285,0.2571428571428571,0.34146341463414637,0.2765957446808511,0.425531914893617,0.2545454545454545,0.7840909090909091,0.2,0.34591194968553457,0.12578616352201258,0.5289855072463768,0.1956521739130435,0.014492753623188406,9.818181818181817,1.3636363636363638,4.090909090909091,0.1056338028169014,0.5769209095152165,0.13944558306451924,0.5769209095152165,0.14285714285714285,"{""bet365"": {""0.5"": {""over"": -240, ""under"": 180}}, ""draftkings"": {""0.5"": {""over"": -211, ""under"": 157}}, ""fanduel"": {""0.5"": {""over"": -240}}}",0.5,over,draftkings,-211.0,0.6784565916398714,True,-0.1015,1.5,,,,,False,
665804,Miguel Amaya,CHC,KC,0,8.0,1,677976,Randy Dobnak,R,824078,2:10 PM ET,Kauffman Stadium,1,1,0.22780569514237856,2026-08-09,824078,,0,103.7,102.1,85.4,R,2,1,1,0,0,0,1,0,0,0,1,1,0,1,0,0,1,0.654,0.934,1,0,1,0,0,0,0.2549019607843137,0.2962962962962963,0.6078431372549019,0.37037037037037035,0.41935483870967744,0.0784313725490196,0.0,0.07407407407407407,0.0784313725490196,1.1333333333333333,1.3333333333333333,0.41935483870967744,0.3870967741935484,0.1935483870967742,0.25806451612903225,0.03225806451612903,0.3582222222222222,0.4913,0.17647058823529413,0.4117647058823529,0.22789999999999994,0.40709999999999996,0.2857142857142857,0.40816326530612246,0.36363636363636365,0.24324324324324326,0.2702702702702703,0.13953488372093023,0.7840909090909091,0.2,0.34591194968553457,0.12578616352201258,0.5289855072463768,0.1956521739130435,0.014492753623188406,9.818181818181817,1.3636363636363638,4.090909090909091,0.1056338028169014,0.5910846481325688,0.1672042360596977,0.5910846481325688,0.2549019607843137,"{""bet365"": {""0.5"": {""over"": -180, ""under"": 135}}, ""draftkings"": {""0.5"": {""over"": -179, ""under"": 134}, ""1.5"": {""over"": 160, ""under"": -215}}, ""fanduel"": {""0.5"": {""over"": -170}}}",0.5,over,fanduel,-170.0,0.6296296296296297,True,-0.0385,1.5,over,draftkings,160.0,0.38461538461538464,True,-0.2174
663538,Nico Hoerner,CHC,KC,0,6.0,1,677976,Randy Dobnak,R,824078,2:10 PM ET,Kauffman Stadium,1,1,0.22780569514237856,2026-08-09,824078,,0,103.7,102.1,85.4,R,4,4,1,0,0,0,0,0,0,1,1,3,0,0,1,1,1,0.437,0.54,1,0,1,0,1,0,0.3448275862068966,0.36666666666666664,0.8448275862068966,0.15,0.3695652173913043,0.1724137931034483,0.05,0.016666666666666666,0.06896551724137931,2.0,0.6,0.32653061224489793,0.32653061224489793,0.3469387755102041,0.24489795918367346,0.04081632653061224,0.3822922222222222,0.4879111111111111,0.25,0.19047619047619047,0.2652666666666667,0.3715766666666666,0.29508196721311475,0.39344262295081966,0.11290322580645161,0.18867924528301888,0.2641509433962264,0.1,0.7840909090909091,0.2,0.34591194968553457,0.12578616352201258,0.5289855072463768,0.1956521739130435,0.014492753623188406,9.818181818181817,1.3636363636363638,4.090909090909091,0.1056338028169014,0.6577047643186061,0.23680407454664934,0.6577047643186061,0.3448275862068966,"{""draftkings"": {""1.5"": {""over"": 167, ""under"": -224}}, ""fanduel"": {""0.5"": {""over"": -320}}}",0.5,over,fanduel,-320.0,0.7619047619047619,True,-0.1042,1.5,over,draftkings,167.0,0.37453183520599254,True,-0.1377
691718,Pete Crow-Armstrong,CHC,KC,0,1.0,1,677976,Randy Dobnak,R,824078,2:10 PM ET,Kauffman Stadium,0,1,0.22780569514237856,2026-08-09,824078,,0,103.7,102.1,85.4,L,5,3,0,0,0,0,2,0,0,2,0,1,0,0,1,0,0,0.006,0.009,0,0,0,0,1,1,0.3333333333333333,0.4225352112676056,0.65,0.29577464788732394,0.42857142857142855,0.4166666666666667,0.07042253521126761,0.08450704225352113,0.21666666666666667,3.0,1.4,0.65,0.3,0.15,0.475,0.1,0.36825555555555556,0.7229277777777778,0.42857142857142855,0.2916666666666667,0.48735,0.80185,0.2711864406779661,0.5932203389830508,0.29577464788732394,0.3090909090909091,0.5272727272727272,0.2714285714285714,0.7840909090909091,0.2,0.34591194968553457,0.12578616352201258,0.5289855072463768,0.1956521739130435,0.014492753623188406,9.818181818181817,1.3636363636363638,4.090909090909091,0.1056338028169014,0.6411751068709356,0.17920848179884538,0.6411751068709356,0.3333333333333333,"{""bet365"": {""1.5"": {""over"": 132, ""under"": -175}}, ""draftkings"": {""1.5"": {""over"": 141, ""under"": -189}, ""0.5"": {""over"": 185, ""under"": -255}}, ""fanduel"": {""0.5"": {""over"": -425}}}",0.5,over,draftkings,185.0,0.3508771929824561,True,0.2903,1.5,over,draftkings,141.0,0.4149377593360996,True,-0.2357
621438,Tyrone Taylor,CHC,KC,0,9.0,1,677976,Randy Dobnak,R,824078,2:10 PM ET,Kauffman Stadium,1,1,0.22780569514237856,2026-08-09,824078,,0,103.7,102.1,85.4,R,3,2,1,0,0,0,1,0,0,1,1,1,0,0,1,0,0,0.9,0.977,1,0,1,0,1,0,0.3142857142857143,0.42857142857142855,0.7142857142857143,0.23255813953488372,0.3333333333333333,0.42857142857142855,0.09302325581395349,0.06976744186046512,0.2,1.7333333333333334,0.6666666666666666,0.56,0.16,0.32,0.48,0.04,0.3728472222222223,0.8236944444444445,0.16666666666666666,0.21428571428571427,0.2174583333333334,0.36562500000000026,0.24444444444444444,0.6,0.09803921568627451,0.3333333333333333,0.7222222222222222,0.24390243902439024,0.7840909090909091,0.2,0.34591194968553457,0.12578616352201258,0.5289855072463768,0.1956521739130435,0.014492753623188406,9.818181818181817,1.3636363636363638,4.090909090909091,0.1056338028169014,0.33146142218631497,0.06955527455837779,0.33146142218631497,0.3142857142857143,"{""bet365"": {""0.5"": {""over"": -175, ""under"": 132}}, ""betmgm"": {""0.5"": {""over"": -185, ""under"": 135}}, ""draftkings"": {""0.5"": {""over"": -193, ""under"": 144}}, ""fanduel"": {""0.5"": {""over"": 290}}}",0.5,over,fanduel,290.0,0.2564102564102564,True,0.0751,1.5,,,,,False,
695731,Braden Montgomery,CWS,CLE,1,5.0,1,676282,Joey Cantillo,L,824564,2:10 PM ET,Rate Field,0,0,0.25506756756756754,2026-08-09,824564,0.0,1,95.5,94.6,96.9,L,4,2,1,0,0,0,1,1,0,0,1,2,0,1,1,1,0,0.14650000000000002,0.1735,1,0,1,0,0,0,0.18181818181818182,0.2894736842105263,0.6666666666666666,0.2894736842105263,0.23809523809523808,0.09090909090909091,0.02631578947368421,0.0,0.030303030303030304,0.6,0.7333333333333333,0.4090909090909091,0.13636363636363635,0.6363636363636364,0.18181818181818182,0.045454545454545456,0.43771527777777774,0.7539166666666667,0.3333333333333333,0.2727272727272727,0.6048749999999999,1.38175,0.2909090909090909,0.45454545454545453,0.24193548387096775,0.13953488372093023,0.18604651162790697,0.2553191489361702,0.6061946902654868,0.25125628140703515,0.4068627450980392,0.13725490196078433,0.4744525547445255,0.24817518248175183,0.021897810218978103,8.171052631578947,1.2434210526315788,9.769736842105264,0.25,0.6383853556146629,0.18834402512183926,0.6383853556146629,0.18181818181818182,"{""bet365"": {""0.5"": {""over"": -180, ""under"": 135}}, ""betmgm"": {""0.5"": {""over"": -115, ""under"": -115}}, ""draftkings"": {""0.5"": {""over"": -163, ""under"": 122}}, ""fanduel"": {""0.5"": {""over"": -140}}}",0.5,over,betmgm,-115.0,0.5348837209302325,True,0.1035,1.5,,,,,False,
686668,Brenton Doyle,CWS,CLE,1,1.0,1,676282,Joey Cantillo,L,824564,2:10 PM ET,Rate Field,1,0,0.25506756756756754,2026-08-09,824564,0.0,1,95.5,94.6,96.9,R,4,4,0,0,0,0,0,0,0,1,0,3,0,0,1,1,1,0.11833333333333333,0.20533333333333334,0,0,0,0,1,0,0.23684210526315788,0.2926829268292683,0.7105263157894737,0.2682926829268293,0.3333333333333333,0.05263157894736842,0.0,0.04878048780487805,0.05263157894736842,0.7333333333333333,0.7333333333333333,0.37037037037037035,0.14814814814814814,0.6666666666666666,0.14814814814814814,0.0,0.254797619047619,0.3255357142857143,0.36363636363636365,0.25,0.3391250000000001,0.387125,0.26666666666666666,0.37777777777777777,0.35294117647058826,0.2222222222222222,0.2777777777777778,0.21052631578947367,0.6061946902654868,0.25125628140703515,0.4068627450980392,0.13725490196078433,0.4744525547445255,0.24817518248175183,0.021897810218978103,8.171052631578947,1.2434210526315788,9.769736842105264,0.25,0.631986835508039,0.2919724040138354,0.631986835508039,0.23684210526315788,"{""bet365"": {""0.5"": {""over"": -170, ""under"": 130}}, ""draftkings"": {""0.5"": {""over"": -157, ""under"": 118}}}",0.5,over,draftkings,-157.0,0.6108949416342413,True,0.0211,1.5,,,,,False,
695657,Colson Montgomery,CWS,CLE,1,6.0,1,676282,Joey Cantillo,L,824564,2:10 PM ET,Rate Field,0,0,0.25506756756756754,2026-08-09,824564,0.0,1,95.5,94.6,96.9,L,4,4,1,0,0,0,0,0,0,3,1,1,0,1,0,1,0,0.326,0.365,1,0,1,0,1,1,0.15254237288135594,0.22388059701492538,0.6101694915254238,0.34328358208955223,0.21621621621621623,0.06779661016949153,0.014925373134328358,0.014925373134328358,0.03389830508474576,0.8666666666666667,1.5333333333333334,0.23684210526315788,0.13157894736842105,0.3684210526315789,0.2631578947368421,0.0,0.20452222222222222,0.3117611111111111,0.2,0.4166666666666667,0.2979833333333333,0.3351166666666668,0.15517241379310345,0.29310344827586204,0.40625,0.3157894736842105,0.6140350877192983,0.23076923076923078,0.6061946902654868,0.25125628140703515,0.4068627450980392,0.13725490196078433,0.4744525547445255,0.24817518248175183,0.021897810218978103,8.171052631578947,1.2434210526315788,9.769736842105264,0.25,0.4957445218512555,0.15605825870409132,0.4957445218512555,0.15254237288135594,"{""bet365"": {""0.5"": {""over"": -140, ""under"": 105}}, ""betmgm"": {""0.5"": {""over"": 105, ""under"": -140}}, ""draftkings"": {""0.5"": {""over"": -145, ""under"": 109}}, ""fanduel"": {""0.5"": {""over"": -102}}}",0.5,over,betmgm,105.0,0.4878048780487805,True,0.0079,1.5,,,,,False,
700337,Edgar Quero,CWS,CLE,1,7.0,1,676282,Joey Cantillo,L,824564,2:10 PM ET,Rate Field,0,0,0.25506756756756754,2026-08-09,824564,0.0,1,95.5,94.6,96.9,L,1,1,1,0,0,0,0,0,0,0,1,1,0,1,0,1,0,0.574,0.641,1,0,1,0,0,0,0.1935483870967742,0.21875,0.9354838709677419,0.0625,0.20689655172413793,0.0,0.0,0.0,0.0,0.4,0.13333333333333333,0.41379310344827586,0.13793103448275862,0.4482758620689655,0.3103448275862069,0.034482758620689655,0.32889285714285715,0.49063095238095233,0.4,0.0,0.4114,0.4730666666666667,0.21428571428571427,0.2857142857142857,0.1956521739130435,0.2,0.26666666666666666,0.2127659574468085,0.6061946902654868,0.25125628140703515,0.4068627450980392,0.13725490196078433,0.4744525547445255,0.24817518248175183,0.021897810218978103,8.171052631578947,1.2434210526315788,9.769736842105264,0.25,0.5291024373436759,0.15466463567185781,0.5291024373436759,0.1935483870967742,"{""bet365"": {""0.5"": {""over"": -175, ""under"": 132}}, ""draftkings"": {""0.5"": {""over"": -163, ""under"": 122}}, ""fanduel"": {""0.5"": {""over"": -188}}}",0.5,over,draftkings,-163.0,0.6197718631178707,True,-0.0907,1.5,,,,,False,
682668,Luisangel Acuña,CWS,CLE,1,9.0,1,676282,Joey Cantillo,L,824564,2:10 PM ET,Rate Field,1,0,0.25506756756756754,2026-08-09,824564,0.0,1,95.5,94.6,96.9,R,4,4,2,0,0,0,0,0,0,1,2,3,0,1,1,2,0,0.292,0.38800000000000007,1,1,1,1,1,0,0.3548387096774194,0.3548387096774194,0.8064516129032258,0.1935483870967742,0.44,0.03225806451612903,0.0,0.03225806451612903,0.03225806451612903,0.8,0.4,0.4,0.36,0.56,0.08,0.0,0.36880769230769234,0.44633333333333336,0.2,0.0,0.20529999999999998,0.2373666666666666,0.2857142857142857,0.37142857142857144,0.19444444444444445,0.3225806451612903,0.3548387096774194,0.2903225806451613,0.6061946902654868,0.25125628140703515,0.4068627450980392,0.13725490196078433,0.4744525547445255,0.24817518248175183,0.021897810218978103,8.171052631578947,1.2434210526315788,9.769736842105264,0.25,0.4773435707010007,0.1250526752129829,0.4773435707010007,0.3548387096774194,"{""bet365"": {""0.5"": {""over"": -120, ""under"": -110}}, ""draftkings"": {""0.5"": {""over"": -121, ""under"": -110}}, ""fanduel"": {""0.5"": {""over"": -148}}}",0.5,over,bet365,-120.0,0.5454545454545454,True,-0.0681,1.5,,,,,False,
678246,Miguel Vargas,CWS,CLE,1,3.0,1,676282,Joey Cantillo,L,824564,2:10 PM ET,Rate Field,1,0,0.25506756756756754,2026-08-09,824564,0.0,1,95.5,94.6,96.9,R,4,4,1,0,0,0,0,0,0,1,1,3,0,1,0,1,1,0.12666666666666668,0.13266666666666668,1,0,1,0,1,0,0.15254237288135594,0.2608695652173913,0.6779661016949152,0.2753623188405797,0.15789473684210525,0.1694915254237288,0.043478260869565216,0.014492753623188406,0.06779661016949153,1.2666666666666666,1.2666666666666666,0.43902439024390244,0.24390243902439024,0.21951219512195122,0.34146341463414637,0.04878048780487805,0.3029404761904762,0.5518928571428571,0.15789473684210525,0.3333333333333333,0.2015624999999999,0.3675625,0.2711864406779661,0.5084745762711864,0.19696969696969696,0.08196721311475409,0.16393442622950818,0.2835820895522388,0.6061946902654868,0.25125628140703515,0.4068627450980392,0.13725490196078433,0.4744525547445255,0.24817518248175183,0.021897810218978103,8.171052631578947,1.2434210526315788,9.769736842105264,0.25,0.6051395677827296,0.19846830053865702,0.6051395677827296,0.15254237288135594,"{""bet365"": {""0.5"": {""over"": -190, ""under"": 140}}, ""betmgm"": {""1.5"": {""over"": -125, ""under"": -105}}, ""draftkings"": {""0.5"": {""over"": -178, ""under"": 133}}}",0.5,over,draftkings,-178.0,0.6402877697841727,True,-0.0351,1.5,over,betmgm,-125.0,0.5555555555555556,True,-0.3571
808959,Munetaka Murakami,CWS,CLE,1,2.0,1,676282,Joey Cantillo,L,824564,2:10 PM ET,Rate Field,0,0,0.25506756756756754,2026-08-09,824564,0.0,1,95.5,94.6,96.9,L,4,3,1,0,0,1,1,0,0,1,4,2,1,1,2,0,0,0.377,1.2605,1,0,1,1,1,0,0.2459016393442623,0.3333333333333333,0.5737704918032787,0.37681159420289856,0.3333333333333333,0.29508196721311475,0.07246376811594203,0.043478260869565216,0.13114754098360656,2.2,1.7333333333333334,0.6285714285714286,0.2857142857142857,0.3142857142857143,0.34285714285714286,0.11428571428571428,0.43339880952380955,0.9029535714285715,0.13636363636363635,0.4583333333333333,0.3138666666666667,0.5875999999999999,0.26785714285714285,0.5714285714285714,0.2878787878787879,0.18518518518518517,0.35185185185185186,0.36764705882352944,0.6061946902654868,0.25125628140703515,0.4068627450980392,0.13725490196078433,0.4744525547445255,0.24817518248175183,0.021897810218978103,8.171052631578947,1.2434210526315788,9.769736842105264,0.25,0.575686658706719,0.20665882884408848,0.575686658706719,0.2459016393442623,"{""bet365"": {""0.5"": {""over"": -160, ""under"": 120}}, ""betmgm"": {""1.5"": {""over"": -105, ""under"": -125}}, ""draftkings"": {""0.5"": {""over"": -146, ""under"": 110}}}",0.5,over,draftkings,-146.0,0.5934959349593496,True,-0.0178,1.5,over,betmgm,-105.0,0.5121951219512195,True,-0.3055
545341,Randal Grichuk,CWS,CLE,1,4.0,1,676282,Joey Cantillo,L,824564,2:10 PM ET,Rate Field,1,0,0.25506756756756754,2026-08-09,824564,0.0,1,95.5,94.6,96.9,R,1,1,0,0,0,0,0,0,0,0,0,1,0,1,0,1,0,0.369,0.402,0,0,0,0,0,0,0.3448275862068966,0.36666666666666664,0.7241379310344828,0.26666666666666666,0.47619047619047616,0.1724137931034483,0.0,0.1,0.13793103448275862,1.0,0.5333333333333333,0.5238095238095238,0.19047619047619047,0.5238095238095238,0.14285714285714285,0.0,0.3075,0.36838461538461537,0.3333333333333333,0.25,0.5111249999999999,0.6031250000000001,0.21951219512195122,0.4878048780487805,0.15555555555555556,0.3103448275862069,0.5172413793103449,0.22580645161290322,0.6061946902654868,0.25125628140703515,0.4068627450980392,0.13725490196078433,0.4744525547445255,0.24817518248175183,0.021897810218978103,8.171052631578947,1.2434210526315788,9.769736842105264,0.25,0.5950458134782227,0.24514212890525286,0.5950458134782227,0.3448275862068966,"{""bet365"": {""0.5"": {""over"": -150, ""under"": 110}}, ""betmgm"": {""0.5"": {""over"": 105, ""under"": -145}}, ""draftkings"": {""0.5"": {""over"": -126, ""under"": -105}}, ""fanduel"": {""0.5"": {""over"": -106}}}",0.5,over,betmgm,105.0,0.4878048780487805,True,0.1072,1.5,,,,,False,
803011,Sam Antonacci,CWS,CLE,1,8.0,1,676282,Joey Cantillo,L,824564,2:10 PM ET,Rate Field,0,0,0.25506756756756754,2026-08-09,824564,0.0,1,95.5,94.6,96.9,L,4,4,0,0,0,0,0,0,0,0,0,4,0,0,0,3,0,0.1515,0.1645,0,0,0,0,0,0,0.22916666666666666,0.28846153846153844,0.8541666666666666,0.1346153846153846,0.25,0.125,0.019230769230769232,0.057692307692307696,0.08333333333333333,1.1333333333333333,0.4666666666666667,0.3902439024390244,0.24390243902439024,0.5365853658536586,0.1951219512195122,0.0,0.33259,0.5095055555555555,0.25,0.058823529411764705,0.29432666666666674,0.42508999999999997,0.2708333333333333,0.3958333333333333,0.16363636363636364,0.1956521739130435,0.2826086956521739,0.16981132075471697,0.6061946902654868,0.25125628140703515,0.4068627450980392,0.13725490196078433,0.4744525547445255,0.24817518248175183,0.021897810218978103,8.171052631578947,1.2434210526315788,9.769736842105264,0.25,0.5900410724281314,0.22402068819677323,0.5900410724281314,0.22916666666666666,"{""bet365"": {""0.5"": {""over"": -150, ""under"": 110}}, ""draftkings"": {""0.5"": {""over"": -155, ""under"": 116}}, ""fanduel"": {""0.5"": {""over"": -250}}}",0.5,over,bet365,-150.0,0.6,True,-0.01,1.5,,,,,False,
694197,Angel Genao,CLE,CWS,0,9.0,1,663436,Davis Martin,R,824564,2:10 PM ET,Rate Field,1,1,0.20473773265651438,2026-08-09,824564,0.0,1,95.5,94.6,96.9,R,2,1,0,0,0,0,0,1,0,0,0,1,0,1,0,1,0,0.129,0.138,0,0,0,0,0,0,0.4666666666666667,0.4666666666666667,0.9333333333333333,0.06666666666666667,0.46153846153846156,0.2,0.06666666666666667,0.0,0.06666666666666667,1.6666666666666667,0.16666666666666666,0.5714285714285714,0.2857142857142857,0.42857142857142855,0.2857142857142857,0.0,0.32395833333333335,0.521125,0.36363636363636365,0.09090909090909091,0.28075,0.46434999999999993,,,,,,,0.7377777777777778,0.28865979381443296,0.41919191919191917,0.11616161616161616,0.4036144578313253,0.21686746987951808,0.012048192771084338,9.45859872611465,0.6878980891719745,8.082802547770699,0.20614035087719298,0.4116501756207048,0.0714604775335604,0.4116501756207048,0.4666666666666667,"{""bet365"": {""0.5"": {""over"": -190, ""under"": 140}}, ""draftkings"": {""0.5"": {""over"": -159, ""under"": 120}}, ""fanduel"": {""0.5"": {""over"": -210}}}",0.5,over,draftkings,-159.0,0.6138996138996139,True,-0.2022,1.5,,,,,False,
677587,Brayan Rocchio,CLE,CWS,0,7.0,1,663436,Davis Martin,R,824564,2:10 PM ET,Rate Field,1,1,0.20473773265651438,2026-08-09,824564,0.0,1,95.5,94.6,96.9,R,4,4,1,0,0,0,0,0,0,0,1,4,1,2,2,1,1,0.37224999999999997,0.6975,1,0,1,0,0,0,0.10256410256410256,0.2222222222222222,0.8205128205128205,0.15217391304347827,0.125,0.02564102564102564,0.0,0.021739130434782608,0.02564102564102564,0.3333333333333333,0.4666666666666667,0.12121212121212122,0.21212121212121213,0.42424242424242425,0.3333333333333333,0.0,0.19614880952380953,0.2843095238095238,0.11764705882352941,0.09523809523809523,0.2148666666666667,0.2564000000000001,0.171875,0.296875,0.19402985074626866,0.2909090909090909,0.41818181818181815,0.16393442622950818,0.7377777777777778,0.28865979381443296,0.41919191919191917,0.11616161616161616,0.4036144578313253,0.21686746987951808,0.012048192771084338,9.45859872611465,0.6878980891719745,8.082802547770699,0.20614035087719298,0.5631180626009805,0.1923538329665966,0.5631180626009805,0.10256410256410256,"{""bet365"": {""0.5"": {""over"": -200, ""under"": 150}}, ""draftkings"": {""0.5"": {""over"": -182, ""under"": 136}}, ""fanduel"": {""0.5"": {""over"": -230}}}",0.5,over,draftkings,-182.0,0.6453900709219859,True,-0.0823,1.5,,,,,False,
800050,Chase DeLauter,CLE,CWS,0,2.0,1,663436,Davis Martin,R,824564,2:10 PM ET,Rate Field,0,1,0.20473773265651438,2026-08-09,824564,0.0,1,95.5,94.6,96.9,L,5,5,1,0,0,0,0,0,0,1,1,4,0,2,0,3,1,0.2645,0.3105,1,0,1,0,1,0,0.25,0.37681159420289856,0.7678571428571429,0.18840579710144928,0.3023255813953488,0.08928571428571429,0.014492753623188406,0.028985507246376812,0.05357142857142857,1.2666666666666666,0.8666666666666667,0.5,0.36363636363636365,0.4318181818181818,0.11363636363636363,0.0,0.3298190476190476,0.49625357142857146,0.3684210526315789,0.2,0.48006666666666664,0.6162166666666666,0.2711864406779661,0.4406779661016949,0.17391304347826086,0.2982456140350877,0.38596491228070173,0.15384615384615385,0.7377777777777778,0.28865979381443296,0.41919191919191917,0.11616161616161616,0.4036144578313253,0.21686746987951808,0.012048192771084338,9.45859872611465,0.6878980891719745,8.082802547770699,0.20614035087719298,0.644455310680074,0.21843903254525499,0.644455310680074,0.25,"{""bet365"": {""1.5"": {""over"": 195, ""under"": -270}}, ""draftkings"": {""1.5"": {""over"": 189, ""under"": -256}}, ""fanduel"": {""0.5"": {""over"": -205}}}",0.5,over,fanduel,-205.0,0.6721311475409836,True,-0.0277,1.5,over,bet365,195.0,0.3389830508474576,True,-0.1205
666176,Jo Adell,CLE,CWS,0,5.0,1,663436,Davis Martin,R,824564,2:10 PM ET,Rate Field,1,1,0.20473773265651438,2026-08-09,824564,0.0,1,95.5,94.6,96.9,R,5,5,1,1,0,0,0,0,0,1,2,4,0,1,1,2,1,0.15575,0.21050000000000002,1,0,1,1,1,0,0.2,0.3050847457627119,0.56,0.3728813559322034,0.2962962962962963,0.16,0.03389830508474576,0.03389830508474576,0.08,1.2,1.4666666666666666,0.5172413793103449,0.3103448275862069,0.20689655172413793,0.3793103448275862,0.10344827586206896,0.4210238095238096,0.7981130952380953,0.125,0.3333333333333333,0.42966666666666675,0.8094666666666666,0.15384615384615385,0.23076923076923078,0.2711864406779661,0.23214285714285715,0.4642857142857143,0.26666666666666666,0.7377777777777778,0.28865979381443296,0.41919191919191917,0.11616161616161616,0.4036144578313253,0.21686746987951808,0.012048192771084338,9.45859872611465,0.6878980891719745,8.082802547770699,0.20614035087719298,0.5656540187642017,0.1755765110855568,0.5656540187642017,0.2,"{""bet365"": {""0.5"": {""over"": -210, ""under"": 155}}, ""draftkings"": {""0.5"": {""over"": -239, ""under"": 177}}, ""fanduel"": {""0.5"": {""over"": -182}}}",0.5,over,fanduel,-182.0,0.6453900709219859,True,-0.0797,1.5,,,,,False,
608070,José Ramírez,CLE,CWS,0,3.0,1,663436,Davis Martin,R,824564,2:10 PM ET,Rate Field,1,1,0.20473773265651438,2026-08-09,824564,0.0,1,95.5,94.6,96.9,R,1,1,0,0,0,0,0,0,0,0,0,1,0,0,1,0,0,0.051,0.076,0,0,0,0,0,0,0.2,0.28888888888888886,0.95,0.044444444444444446,0.21052631578947367,0.0,0.0,0.0,0.0,0.5333333333333333,0.13333333333333333,0.3157894736842105,0.2631578947368421,0.3157894736842105,0.3157894736842105,0.0,0.30775,0.3957111111111111,0.23076923076923078,0.0,0.3980166666666668,0.43965000000000015,0.20967741935483872,0.25806451612903225,0.10144927536231885,0.3090909090909091,0.5636363636363636,0.09375,0.7377777777777778,0.28865979381443296,0.41919191919191917,0.11616161616161616,0.4036144578313253,0.21686746987951808,0.012048192771084338,9.45859872611465,0.6878980891719745,8.082802547770699,0.20614035087719298,0.5771799748835419,0.20859286979103894,0.5771799748835419,0.2,"{""bet365"": {""1.5"": {""over"": 195, ""under"": -270}}, ""draftkings"": {""1.5"": {""over"": 196, ""under"": -267}}}",0.5,,,,,False,,1.5,over,draftkings,196.0,0.33783783783783783,True,-0.1292
663993,Nathaniel Lowe,CLE,CWS,0,4.0,1,663436,Davis Martin,R,824564,2:10 PM ET,Rate Field,0,1,0.20473773265651438,2026-08-09,824564,0.0,1,95.5,94.6,96.9,L,5,4,2,0,0,1,1,0,0,2,5,2,0,2,0,0,2,0.7669999999999999,1.9769999999999999,1,1,1,1,1,1,0.3275862068965517,0.35,0.8103448275862069,0.18333333333333332,0.37777777777777777,0.1896551724137931,0.03333333333333333,0.08333333333333333,0.1206896551724138,2.0,0.7333333333333333,0.5106382978723404,0.3404255319148936,0.3829787234042553,0.2765957446808511,0.02127659574468085,0.36561309523809526,0.5339142857142857,0.38095238095238093,0.18181818181818182,0.36167999999999995,0.47632666666666656,0.3448275862068966,0.5689655172413793,0.1864406779661017,0.23255813953488372,0.4883720930232558,0.15217391304347827,0.7377777777777778,0.28865979381443296,0.41919191919191917,0.11616161616161616,0.4036144578313253,0.21686746987951808,0.012048192771084338,9.45859872611465,0.6878980891719745,8.082802547770699,0.20614035087719298,0.6397413180091379,0.24673142125394995,0.6397413180091379,0.3275862068965517,"{""bet365"": {""0.5"": {""over"": -190, ""under"": 140}}, ""draftkings"": {""0.5"": {""over"": -245, ""under"": 181}}, ""fanduel"": {""0.5"": {""over"": -182}}}",0.5,over,fanduel,-182.0,0.6453900709219859,True,-0.0056,1.5,,,,,False,
672275,Patrick Bailey,CLE,CWS,0,8.0,1,663436,Davis Martin,R,824564,2:10 PM ET,Rate Field,1,1,0.20473773265651438,2026-08-09,824564,0.0,1,95.5,94.6,96.9,R,1,1,0,0,0,0,0,0,0,0,0,1,0,1,1,0,0,0.117,0.397,0,0,0,0,0,0,0.25,0.2926829268292683,0.75,0.21951219512195122,0.23076923076923078,0.25,0.07317073170731707,0.0,0.08333333333333333,1.2,0.6,0.3793103448275862,0.13793103448275862,0.4482758620689655,0.27586206896551724,0.034482758620689655,0.34879861111111116,0.6104722222222222,0.23076923076923078,0.38461538461538464,0.3732500000000001,0.7088750000000003,0.2553191489361702,0.5319148936170213,0.2037037037037037,0.17073170731707318,0.2682926829268293,0.3181818181818182,0.7377777777777778,0.28865979381443296,0.41919191919191917,0.11616161616161616,0.4036144578313253,0.21686746987951808,0.012048192771084338,9.45859872611465,0.6878980891719745,8.082802547770699,0.20614035087719298,0.5631180626009805,0.20652050154388382,0.5631180626009805,0.25,"{""bet365"": {""0.5"": {""over"": -160, ""under"": 120}}, ""draftkings"": {""0.5"": {""over"": -150, ""under"": 113}}, ""fanduel"": {""0.5"": {""over"": -188}}}",0.5,over,draftkings,-150.0,0.6,True,-0.0369,1.5,,,,,False,
680757,Steven Kwan,CLE,CWS,0,1.0,1,663436,Davis Martin,R,824564,2:10 PM ET,Rate Field,0,1,0.20473773265651438,2026-08-09,824564,0.0,1,95.5,94.6,96.9,L,5,5,1,0,0,0,0,0,0,2,1,3,0,0,1,2,0,0.15266666666666667,0.18600000000000003,1,0,1,0,1,1,0.3728813559322034,0.45714285714285713,0.8813559322033898,0.1,0.40384615384615385,0.1016949152542373,0.014285714285714285,0.04285714285714286,0.06779661016949153,1.8666666666666667,0.4666666666666667,0.05660377358490566,0.37735849056603776,0.37735849056603776,0.22641509433962265,0.0,0.36832444444444445,0.4585099999999999,0.42857142857142855,0.08,0.3346133333333332,0.4011899999999999,0.3793103448275862,0.43103448275862066,0.11940298507462686,0.3181818181818182,0.36363636363636365,0.08928571428571429,0.7377777777777778,0.28865979381443296,0.41919191919191917,0.11616161616161616,0.4036144578313253,0.21686746987951808,0.012048192771084338,9.45859872611465,0.6878980891719745,8.082802547770699,0.20614035087719298,0.6975974556539916,0.2864464430013776,0.6975974556539916,0.3728813559322034,"{""bet365"": {""1.5"": {""over"": 185, ""under"": -250}}, ""draftkings"": {""1.5"": {""over"": 175, ""under"": -236}}}",0.5,,,,,False,,1.5,over,bet365,185.0,0.3508771929824561,True,-0.0644
683953,Travis Bazzana,CLE,CWS,0,6.0,1,663436,Davis Martin,R,824564,2:10 PM ET,Rate Field,0,1,0.20473773265651438,2026-08-09,824564,0.0,1,95.5,94.6,96.9,L,3,3,1,0,0,0,0,0,0,0,1,3,0,2,1,1,1,0.5733333333333334,1.2253333333333334,1,0,1,0,0,0,0.22641509433962265,0.3492063492063492,0.7169811320754716,0.23809523809523808,0.3157894736842105,0.018867924528301886,0.0,0.015873015873015872,0.018867924528301886,0.8666666666666667,1.0,0.39473684210526316,0.2631578947368421,0.42105263157894735,0.23684210526315788,0.0,0.30851666666666666,0.4193222222222222,0.2777777777777778,0.3333333333333333,0.30389999999999995,0.3895,0.2857142857142857,0.44642857142857145,0.26865671641791045,0.16666666666666666,0.2222222222222222,0.28125,0.7377777777777778,0.28865979381443296,0.41919191919191917,0.11616161616161616,0.4036144578313253,0.21686746987951808,0.012048192771084338,9.45859872611465,0.6878980891719745,8.082802547770699,0.20614035087719298,0.5822488841123376,0.20664664949339207,0.5822488841123376,0.22641509433962265,"{""bet365"": {""0.5"": {""over"": -190, ""under"": 140}}, ""betmgm"": {""0.5"": {""over"": -135, ""under"": 100}}, ""draftkings"": {""0.5"": {""over"": -175, ""under"": 131}}, ""fanduel"": {""0.5"": {""over"": -130}}}",0.5,over,fanduel,-130.0,0.5652173913043478,True,0.017,1.5,,,,,False,
683734,Andrew Vaughn,MIL,MIN,1,3.0,1,687570,Connor Prielipp,L,823751,2:10 PM ET,American Family Field,1,0,0.2192513368983957,2026-08-09,823751,,0,96.2,95.7,110.9,R,4,4,2,0,0,0,0,0,0,2,2,2,0,1,0,1,1,0.5815,0.663,1,1,1,1,1,1,0.26666666666666666,0.38181818181818183,0.7111111111111111,0.23636363636363636,0.3,0.2222222222222222,0.05454545454545454,0.01818181818181818,0.08888888888888889,1.4666666666666666,0.8666666666666667,0.5454545454545454,0.3333333333333333,0.3939393939393939,0.2727272727272727,0.06060606060606061,0.46567857142857144,0.8474940476190476,0.23529411764705882,0.4,0.5964,1.2142666666666666,0.25,0.4090909090909091,0.23529411764705882,0.2647058823529412,0.47058823529411764,0.125,0.6623931623931624,0.255,0.40487804878048783,0.13170731707317074,0.45806451612903226,0.25161290322580643,0.04516129032258064,9.740506329113924,1.0253164556962027,9.227848101265824,0.22784810126582278,0.5966761898199537,0.24535121050099837,0.5966761898199537,0.26666666666666666,"{""bet365"": {""0.5"": {""over"": -240, ""under"": 180}}, ""betmgm"": {""0.5"": {""over"": 110, ""under"": -150}}, ""draftkings"": {""0.5"": {""over"": -230, ""under"": 170}}, ""fanduel"": {""0.5"": {""over"": -230}}}",0.5,over,betmgm,110.0,0.47619047619047616,True,0.1205,1.5,,,,,False,
663604,Brandon Lockridge,MIL,MIN,1,8.0,1,687570,Connor Prielipp,L,823751,2:10 PM ET,American Family Field,1,0,0.2192513368983957,2026-08-09,823751,,0,96.2,95.7,110.9,R,1,1,0,0,0,0,0,0,0,1,0,0,0,0,0,0,0,0.632,0.7165,0,0,0,0,1,0,0.3191489361702128,0.39622641509433965,0.6595744680851063,0.3018867924528302,0.4838709677419355,0.06382978723404255,0.0,0.05660377358490566,0.06382978723404255,1.2,1.0666666666666667,0.3548387096774194,0.22580645161290322,0.6774193548387096,0.06451612903225806,0.0,0.4315888888888889,0.5195555555555555,0.5,0.2,0.42266666666666675,0.5438666666666666,0.26666666666666666,0.3111111111111111,0.2222222222222222,0.26666666666666666,0.3333333333333333,0.32653061224489793,0.6623931623931624,0.255,0.40487804878048783,0.13170731707317074,0.45806451612903226,0.25161290322580643,0.04516129032258064,9.740506329113924,1.0253164556962027,9.227848101265824,0.22784810126582278,0.5653089527819853,0.17616124372850964,0.5653089527819853,0.3191489361702128,"{""bet365"": {""0.5"": {""over"": -150, ""under"": 110}}, ""betmgm"": {""0.5"": {""over"": -135, ""under"": 100}}, ""draftkings"": {""0.5"": {""over"": -140, ""under"": 105}}, ""fanduel"": {""0.5"": {""over"": -145}}}",0.5,over,betmgm,-135.0,0.574468085106383,True,-0.0092,1.5,,,,,False,
668930,Brice Turang,MIL,MIN,1,2.0,1,687570,Connor Prielipp,L,823751,2:10 PM ET,American Family Field,0,0,0.2192513368983957,2026-08-09,823751,,0,96.2,95.7,110.9,L,4,4,3,1,0,0,0,0,0,1,4,3,0,2,2,0,1,0.5713333333333334,0.8523333333333333,1,1,1,1,1,0,0.3333333333333333,0.4153846153846154,0.7368421052631579,0.22727272727272727,0.425,0.14035087719298245,0.030303030303030304,0.030303030303030304,0.07017543859649122,1.8,1.0,0.3488372093023256,0.32558139534883723,0.4883720930232558,0.16279069767441862,0.0,0.4179944444444444,0.6477388888888888,0.21052631578947367,0.30434782608695654,0.43170000000000003,0.6933999999999999,0.32142857142857145,0.48214285714285715,0.27692307692307694,0.15873015873015872,0.2698412698412698,0.2571428571428571,0.6623931623931624,0.255,0.40487804878048783,0.13170731707317074,0.45806451612903226,0.25161290322580643,0.04516129032258064,9.740506329113924,1.0253164556962027,9.227848101265824,0.22784810126582278,0.6221015849555204,0.25026634020996824,0.6221015849555204,0.3333333333333333,"{""bet365"": {""0.5"": {""over"": -220, ""under"": 160}}, ""draftkings"": {""0.5"": {""over"": -220, ""under"": 164}, ""1.5"": {""over"": 185, ""under"": -255}}, ""fanduel"": {""0.5"": {""over"": -200}}}",0.5,over,fanduel,-200.0,0.6666666666666666,True,-0.0446,1.5,over,draftkings,185.0,0.3508771929824561,True,-0.1006
666152,David Hamilton,MIL,MIN,1,9.0,1,687570,Connor Prielipp,L,823751,2:10 PM ET,American Family Field,0,0,0.2192513368983957,2026-08-09,823751,,0,96.2,95.7,110.9,L,2,1,0,0,0,0,1,0,0,1,0,0,0,0,0,0,0,0.39333333333333337,0.46166666666666667,0,0,0,0,1,0,0.2619047619047619,0.3404255319148936,0.7380952380952381,0.22916666666666666,0.3548387096774194,0.07142857142857142,0.0,0.0625,0.07142857142857142,0.9333333333333333,0.7333333333333333,0.34375,0.3125,0.4375,0.21875,0.0,0.3349238095238095,0.4360642857142857,0.26666666666666666,0.3125,0.3041666666666667,0.35800000000000004,0.25,0.3,0.23404255319148937,0.2631578947368421,0.2894736842105263,0.2619047619047619,0.6623931623931624,0.255,0.40487804878048783,0.13170731707317074,0.45806451612903226,0.25161290322580643,0.04516129032258064,9.740506329113924,1.0253164556962027,9.227848101265824,0.22784810126582278,0.4534615801113186,0.14240013392451067,0.4534615801113186,0.2619047619047619,"{""bet365"": {""0.5"": {""over"": 105, ""under"": -140}}, ""draftkings"": {""0.5"": {""over"": -118, ""under"": -113}}, ""fanduel"": {""0.5"": {""over"": -115}}}",0.5,over,bet365,105.0,0.4878048780487805,True,-0.0343,1.5,,,,,False,
596142,Gary Sánchez,MIL,MIN,1,7.0,1,687570,Connor Prielipp,L,823751,2:10 PM ET,American Family Field,1,0,0.2192513368983957,2026-08-09,823751,,0,96.2,95.7,110.9,R,3,3,2,0,0,1,0,0,0,0,5,3,0,2,1,2,0,0.4226666666666667,0.9659999999999999,1,1,1,1,0,0,0.1794871794871795,0.36538461538461536,0.7948717948717948,0.15384615384615385,0.1935483870967742,0.1282051282051282,0.019230769230769232,0.038461538461538464,0.07692307692307693,0.8,0.5333333333333333,0.34375,0.25,0.3125,0.34375,0.03125,0.25585714285714284,0.3755535714285715,0.15384615384615385,0.26666666666666666,0.16291666666666674,0.20037499999999966,0.2857142857142857,0.5714285714285714,0.13636363636363635,0.15789473684210525,0.18421052631578946,0.20833333333333334,0.6623931623931624,0.255,0.40487804878048783,0.13170731707317074,0.45806451612903226,0.25161290322580643,0.04516129032258064,9.740506329113924,1.0253164556962027,9.227848101265824,0.22784810126582278,0.5538970612588892,0.18170344808758288,0.5538970612588892,0.1794871794871795,"{""bet365"": {""0.5"": {""over"": -120, ""under"": -110}}, ""betmgm"": {""0.5"": {""over"": -140, ""under"": 105}}, ""draftkings"": {""0.5"": {""over"": -156, ""under"": 118}, ""1.5"": {""over"": 235, ""under"": -330}}, ""fanduel"": {""0.5"": {""over"": -145}}}",0.5,over,bet365,-120.0,0.5454545454545454,True,0.0084,1.5,over,draftkings,235.0,0.29850746268656714,True,-0.1168
694192,Jackson Chourio,MIL,MIN,1,1.0,1,687570,Connor Prielipp,L,823751,2:10 PM ET,American Family Field,1,0,0.2192513368983957,2026-08-09,823751,,0,96.2,95.7,110.9,R,4,3,0,0,0,0,1,0,0,2,0,1,0,0,0,1,0,0.034,0.037,0,0,0,0,1,1,0.27419354838709675,0.3283582089552239,0.7903225806451613,0.19402985074626866,0.30434782608695654,0.1935483870967742,0.04477611940298507,0.04477611940298507,0.0967741935483871,1.9333333333333333,0.8666666666666667,0.5102040816326531,0.24489795918367346,0.46938775510204084,0.24489795918367346,0.10204081632653061,0.36229,0.6984577777777777,0.2777777777777778,0.18181818181818182,0.47284999999999994,1.1481166666666667,0.2631578947368421,0.42105263157894735,0.19402985074626866,0.23636363636363636,0.41818181818181815,0.18333333333333332,0.6623931623931624,0.255,0.40487804878048783,0.13170731707317074,0.45806451612903226,0.25161290322580643,0.04516129032258064,9.740506329113924,1.0253164556962027,9.227848101265824,0.22784810126582278,0.6752121772938705,0.30231139285341624,0.6752121772938705,0.27419354838709675,"{""bet365"": {""0.5"": {""over"": -290, ""under"": 205}}, ""draftkings"": {""1.5"": {""over"": 189, ""under"": -256}}, ""fanduel"": {""0.5"": {""over"": -270}}}",0.5,over,fanduel,-270.0,0.7297297297297297,True,-0.0545,1.5,over,draftkings,189.0,0.3460207612456747,True,-0.0437
641343,Jake Bauers,MIL,MIN,1,5.0,1,687570,Connor Prielipp,L,823751,2:10 PM ET,American Family Field,0,0,0.2192513368983957,2026-08-09,823751,,0,96.2,95.7,110.9,L,4,4,1,0,0,0,0,0,0,3,1,1,0,1,0,0,1,0.711,0.922,1,0,1,0,1,1,0.2857142857142857,0.3684210526315789,0.7346938775510204,0.22807017543859648,0.34285714285714286,0.1836734693877551,0.03508771929824561,0.017543859649122806,0.08163265306122448,1.5333333333333334,0.8666666666666667,0.5405405405405406,0.24324324324324326,0.4594594594594595,0.2702702702702703,0.0,0.3728119047619048,0.6120154761904761,0.29411764705882354,0.18181818181818182,0.3431333333333334,0.7519499999999997,0.24489795918367346,0.40816326530612246,0.27586206896551724,0.28,0.56,0.2413793103448276,0.6623931623931624,0.255,0.40487804878048783,0.13170731707317074,0.45806451612903226,0.25161290322580643,0.04516129032258064,9.740506329113924,1.0253164556962027,9.227848101265824,0.22784810126582278,0.6080887740721311,0.23193590455605617,0.6080887740721311,0.2857142857142857,"{""bet365"": {""0.5"": {""over"": -140, ""under"": 105}}, ""betmgm"": {""1.5"": {""over"": 195, ""under"": -275}}, ""draftkings"": {""0.5"": {""over"": -155, ""under"": 117}, ""1.5"": {""over"": 215, ""under"": -295}}}",0.5,over,bet365,-140.0,0.5833333333333334,True,0.0248,1.5,over,draftkings,215.0,0.31746031746031744,True,-0.0855
800325,Luis Lara,MIL,MIN,1,6.0,1,687570,Connor Prielipp,L,823751,2:10 PM ET,American Family Field,0,0,0.2192513368983957,2026-08-09,823751,,0,96.2,95.7,110.9,L,4,3,2,0,0,0,1,0,0,1,2,2,0,2,0,1,1,0.5625,0.666,1,1,1,1,1,0,0.19444444444444445,0.2857142857142857,0.75,0.21428571428571427,0.25,0.16666666666666666,0.0,0.09523809523809523,0.1388888888888889,0.8666666666666667,0.6,0.39285714285714285,0.32142857142857145,0.42857142857142855,0.25,0.0,0.3266538461538462,0.41152564102564104,0.08333333333333333,0.42857142857142855,0.10633333333333332,0.16527777777777772,0.21739130434782608,0.32608695652173914,0.23214285714285715,0.3333333333333333,0.5555555555555556,0.0,0.6623931623931624,0.255,0.40487804878048783,0.13170731707317074,0.45806451612903226,0.25161290322580643,0.04516129032258064,9.740506329113924,1.0253164556962027,9.227848101265824,0.22784810126582278,0.543757487073168,0.15737323815755658,0.543757487073168,0.19444444444444445,"{""bet365"": {""0.5"": {""over"": -160, ""under"": 120}}, ""betmgm"": {""0.5"": {""over"": 180, ""under"": -250}}, ""draftkings"": {""0.5"": {""over"": 185, ""under"": -250}}, ""fanduel"": {""0.5"": {""over"": -165}}}",0.5,over,draftkings,185.0,0.3508771929824561,True,0.1929,1.5,,,,,False,
661388,William Contreras,MIL,MIN,1,4.0,1,687570,Connor Prielipp,L,823751,2:10 PM ET,American Family Field,1,0,0.2192513368983957,2026-08-09,823751,,0,96.2,95.7,110.9,R,4,3,1,0,0,0,0,1,0,0,1,3,0,1,2,1,0,0.2303333333333333,0.26499999999999996,1,0,1,0,0,0,0.1864406779661017,0.23809523809523808,0.7966101694915254,0.19047619047619047,0.21739130434782608,0.13559322033898305,0.015873015873015872,0.047619047619047616,0.0847457627118644,1.2666666666666666,0.8,0.44680851063829785,0.2127659574468085,0.44680851063829785,0.23404255319148937,0.02127659574468085,0.23459333333333332,0.44386111111111115,0.15789473684210525,0.19047619047619047,0.22815,0.4777499999999999,0.20689655172413793,0.3448275862068966,0.16923076923076924,0.21568627450980393,0.37254901960784315,0.19642857142857142,0.6623931623931624,0.255,0.40487804878048783,0.13170731707317074,0.45806451612903226,0.25161290322580643,0.04516129032258064,9.740506329113924,1.0253164556962027,9.227848101265824,0.22784810126582278,0.6355916293718572,0.274365167956054,0.6355916293718572,0.1864406779661017,"{""bet365"": {""0.5"": {""over"": -210, ""under"": 155}}, ""betmgm"": {""0.5"": {""over"": 110, ""under"": -150}}, ""draftkings"": {""0.5"": {""over"": -227, ""under"": 169}}, ""fanduel"": {""0.5"": {""over"": 230}}}",0.5,over,fanduel,230.0,0.30303030303030304,True,0.3326,1.5,,,,,False,
702176,Alan Roden,MIN,MIL,0,8.0,1,694819,Jacob Misiorowski,R,823751,2:10 PM ET,American Family Field,0,1,0.19073083778966132,2026-08-09,823751,,0,96.2,95.7,110.9,L,1,1,0,0,0,0,0,0,0,0,0,1,0,0,0,0,0,0.029,0.029,0,0,0,0,0,0,0.20588235294117646,0.2926829268292683,0.8529411764705882,0.12195121951219512,0.22580645161290322,0.029411764705882353,0.0,0.024390243902439025,0.029411764705882353,0.5333333333333333,0.3333333333333333,0.3870967741935484,0.22580645161290322,0.45161290322580644,0.25806451612903225,0.0,0.30664285714285716,0.4012916666666667,0.2727272727272727,0.06666666666666667,0.3275666666666667,0.37476666666666664,0.23529411764705882,0.2647058823529412,0.11904761904761904,0.0,0.0,0.16666666666666666,0.521551724137931,0.11374407582938388,0.2350230414746544,0.0967741935483871,0.5041322314049587,0.23140495867768596,0.008264462809917356,4.2272727272727275,0.4090909090909091,13.227272727272727,0.40082644628099173,0.5070408985945251,0.12572602005433453,0.5070408985945251,0.20588235294117646,"{""bet365"": {""0.5"": {""over"": 132, ""under"": -175}}, ""betmgm"": {""0.5"": {""over"": 120, ""under"": -160}}, ""draftkings"": {""0.5"": {""over"": 141, ""under"": -189}}, ""fanduel"": {""0.5"": {""over"": 130}}}",0.5,over,draftkings,141.0,0.4149377593360996,True,0.0921,1.5,,,,,False,
686797,Brooks Lee,MIN,MIL,0,5.0,1,694819,Jacob Misiorowski,R,823751,2:10 PM ET,American Family Field,1,1,0.19073083778966132,2026-08-09,823751,,0,96.2,95.7,110.9,R,3,3,0,0,0,0,0,0,0,1,0,2,0,1,0,0,1,0.1285,0.251,0,0,0,0,1,0,0.15625,0.22857142857142856,0.8125,0.17142857142857143,0.16,0.15625,0.02857142857142857,0.05714285714285714,0.09375,0.6666666666666666,0.4,0.38461538461538464,0.15384615384615385,0.38461538461538464,0.4230769230769231,0.0,0.21131410256410257,0.31277564102564104,0.09090909090909091,0.25,0.20074999999999998,0.36324999999999985,0.21818181818181817,0.43636363636363634,0.16129032258064516,0.13725490196078433,0.2549019607843137,0.15789473684210525,0.521551724137931,0.11374407582938388,0.2350230414746544,0.0967741935483871,0.5041322314049587,0.23140495867768596,0.008264462809917356,4.2272727272727275,0.4090909090909091,13.227272727272727,0.40082644628099173,0.5440242871039401,0.12683283569523748,0.5440242871039401,0.15625,"{""bet365"": {""0.5"": {""over"": -115, ""under"": -115}}, ""draftkings"": {""0.5"": {""over"": -107, ""under"": -124}}, ""fanduel"": {""0.5"": {""over"": -120}}}",0.5,over,draftkings,-107.0,0.5169082125603864,True,0.0271,1.5,,,,,False,
605137,Josh Bell,MIN,MIL,0,3.0,1,694819,Jacob Misiorowski,R,823751,2:10 PM ET,American Family Field,0,1,0.19073083778966132,2026-08-09,823751,,0,96.2,95.7,110.9,L,1,0,0,0,0,0,1,0,0,0,0,0,0,0,0,0,0,0.49033333333333334,0.5903333333333333,0,0,0,0,0,0,0.34285714285714286,0.41025641025641024,0.8571428571428571,0.1282051282051282,0.35714285714285715,0.2,0.05128205128205128,0.02564102564102564,0.08571428571428572,1.2666666666666666,0.3333333333333333,0.3333333333333333,0.16666666666666666,0.4,0.3,0.03333333333333333,0.26217307692307695,0.44567307692307695,0.5,0.0,0.23266666666666672,0.39979999999999966,0.23728813559322035,0.3728813559322034,0.25396825396825395,0.2916666666666667,0.5,0.1111111111111111,0.521551724137931,0.11374407582938388,0.2350230414746544,0.0967741935483871,0.5041322314049587,0.23140495867768596,0.008264462809917356,4.2272727272727275,0.4090909090909091,13.227272727272727,0.40082644628099173,0.5356939297769412,0.14654856602610544,0.5356939297769412,0.34285714285714286,"{""draftkings"": {""0.5"": {""over"": -129, ""under"": -103}}, ""fanduel"": {""0.5"": {""over"": -120}}}",0.5,over,fanduel,-120.0,0.5454545454545454,True,-0.0098,1.5,,,,,False,
665019,Kody Clemens,MIN,MIL,0,4.0,1,694819,Jacob Misiorowski,R,823751,2:10 PM ET,American Family Field,0,1,0.19073083778966132,2026-08-09,823751,,0,96.2,95.7,110.9,L,4,4,0,0,0,0,0,0,0,1,0,3,0,0,0,3,0,0.2313333333333333,0.25600000000000006,0,0,0,0,1,0,0.19672131147540983,0.234375,0.8360655737704918,0.15625,0.22,0.14754098360655737,0.015625,0.03125,0.08196721311475409,1.4,0.6666666666666666,0.49019607843137253,0.17647058823529413,0.43137254901960786,0.3137254901960784,0.0392156862745098,0.26152666666666663,0.4250144444444445,0.09523809523809523,0.14285714285714285,0.20225999999999997,0.2834133333333333,0.16393442622950818,0.26229508196721313,0.23076923076923078,0.22807017543859648,0.47368421052631576,0.1896551724137931,0.521551724137931,0.11374407582938388,0.2350230414746544,0.0967741935483871,0.5041322314049587,0.23140495867768596,0.008264462809917356,4.2272727272727275,0.4090909090909091,13.227272727272727,0.40082644628099173,0.5111939686662774,0.16554266721140976,0.5111939686662774,0.19672131147540983,"{""bet365"": {""0.5"": {""over"": -120, ""under"": -110}}, ""betmgm"": {""0.5"": {""over"": 195, ""under"": -275}}, ""draftkings"": {""0.5"": {""over"": -108, ""under"": -123}}, ""fanduel"": {""0.5"": {""over"": -110}}}",0.5,over,betmgm,195.0,0.3389830508474576,True,0.1722,1.5,,,,,False,
807712,Luke Keaschall,MIN,MIL,0,6.0,1,694819,Jacob Misiorowski,R,823751,2:10 PM ET,American Family Field,1,1,0.19073083778966132,2026-08-09,823751,,0,96.2,95.7,110.9,R,4,4,2,1,0,0,0,0,0,0,3,4,0,1,3,1,0,0.379,0.578,1,1,1,1,0,0,0.26,0.3770491803278688,0.8,0.16129032258064516,0.28205128205128205,0.14,0.03225806451612903,0.016129032258064516,0.06,1.3333333333333333,0.6666666666666666,0.30952380952380953,0.19047619047619047,0.4523809523809524,0.30952380952380953,0.0,0.33254761904761904,0.48098214285714286,0.3157894736842105,0.18181818181818182,0.37184999999999996,0.6643333333333332,0.34782608695652173,0.5217391304347826,0.15254237288135594,0.18604651162790697,0.2558139534883721,0.26,0.521551724137931,0.11374407582938388,0.2350230414746544,0.0967741935483871,0.5041322314049587,0.23140495867768596,0.008264462809917356,4.2272727272727275,0.4090909090909091,13.227272727272727,0.40082644628099173,0.530413537287122,0.16471143186110768,0.530413537287122,0.26,"{""bet365"": {""0.5"": {""over"": -140, ""under"": 105}}, ""betmgm"": {""0.5"": {""over"": 180}}, ""draftkings"": {""0.5"": {""over"": -153, ""under"": 115}}, ""fanduel"": {""0.5"": {""over"": 270}}}",0.5,over,fanduel,270.0,0.2702702702702703,True,0.2601,1.5,,,,,False,
668904,Royce Lewis,MIN,MIL,0,2.0,1,694819,Jacob Misiorowski,R,823751,2:10 PM ET,American Family Field,1,1,0.19073083778966132,2026-08-09,823751,,0,96.2,95.7,110.9,R,4,4,2,1,0,0,0,0,0,2,3,2,0,2,1,1,0,0.4105,0.697,1,1,1,1,1,1,0.32142857142857145,0.3870967741935484,0.8214285714285714,0.16129032258064516,0.3488372093023256,0.26785714285714285,0.04838709677419355,0.06451612903225806,0.14285714285714285,2.2,0.6666666666666666,0.5,0.2391304347826087,0.34782608695652173,0.2391304347826087,0.021739130434782608,0.3663288888888889,0.7600155555555556,0.5,0.047619047619047616,0.4556,0.84825,0.3090909090909091,0.5818181818181818,0.16666666666666666,0.21153846153846154,0.38461538461538464,0.2,0.521551724137931,0.11374407582938388,0.2350230414746544,0.0967741935483871,0.5041322314049587,0.23140495867768596,0.008264462809917356,4.2272727272727275,0.4090909090909091,13.227272727272727,0.40082644628099173,0.566188113993488,0.15498872326341814,0.566188113993488,0.32142857142857145,"{""bet365"": {""0.5"": {""over"": -150, ""under"": 110}}, ""draftkings"": {""0.5"": {""over"": -133, ""under"": 100}}, ""fanduel"": {""0.5"": {""over"": 430}}}",0.5,over,fanduel,430.0,0.18867924528301888,True,0.3775,1.5,,,,,False,
668952,Ryan Kreidler,MIN,MIL,0,9.0,1,694819,Jacob Misiorowski,R,823751,2:10 PM ET,American Family Field,1,1,0.19073083778966132,2026-08-09,823751,,0,96.2,95.7,110.9,R,2,2,1,0,0,0,0,0,0,0,1,2,0,1,0,0,1,0.3905,0.486,1,0,1,0,0,0,0.19148936170212766,0.20833333333333334,0.8085106382978723,0.1875,0.23684210526315788,0.1276595744680851,0.0,0.08333333333333333,0.10638297872340426,1.0,0.6,0.42105263157894735,0.2631578947368421,0.47368421052631576,0.2631578947368421,0.02631578947368421,0.3367722222222222,0.5892499999999999,0.1875,0.11764705882352941,0.2979166666666667,0.6317666666666668,0.16,0.28,0.2641509433962264,0.14634146341463414,0.24390243902439024,0.16666666666666666,0.521551724137931,0.11374407582938388,0.2350230414746544,0.0967741935483871,0.5041322314049587,0.23140495867768596,0.008264462809917356,4.2272727272727275,0.4090909090909091,13.227272727272727,0.40082644628099173,0.23904184077711074,0.03353085908224957,0.23904184077711074,0.19148936170212766,"{""bet365"": {""0.5"": {""over"": 120, ""under"": -160}}, ""betmgm"": {""0.5"": {""over"": 125, ""under"": -165}}, ""draftkings"": {""0.5"": {""over"": 126, ""under"": -168}}, ""fanduel"": {""0.5"": {""over"": 115}}}",0.5,over,draftkings,126.0,0.4424778761061947,True,-0.2034,1.5,,,,,False,
663616,Trevor Larnach,MIN,MIL,0,1.0,1,694819,Jacob Misiorowski,R,823751,2:10 PM ET,American Family Field,0,1,0.19073083778966132,2026-08-09,823751,,0,96.2,95.7,110.9,L,2,2,0,0,0,0,0,0,0,0,0,2,0,1,0,0,1,0.10300000000000001,0.2135,0,0,0,0,0,0,0.23404255319148937,0.3076923076923077,0.7446808510638298,0.23076923076923078,0.25,0.2127659574468085,0.057692307692307696,0.019230769230769232,0.0851063829787234,1.4,0.8,0.42857142857142855,0.11428571428571428,0.6285714285714286,0.2,0.0,0.28136904761904763,0.47475595238095236,0.23529411764705882,0.3,0.26496666666666663,0.6218333333333332,0.2978723404255319,0.574468085106383,0.18518518518518517,0.30434782608695654,0.41304347826086957,0.2,0.521551724137931,0.11374407582938388,0.2350230414746544,0.0967741935483871,0.5041322314049587,0.23140495867768596,0.008264462809917356,4.2272727272727275,0.4090909090909091,13.227272727272727,0.40082644628099173,0.5629135171481177,0.1191528274258949,0.5629135171481177,0.23404255319148937,"{""bet365"": {""0.5"": {""over"": 110, ""under"": -150}}, ""betmgm"": {""0.5"": {""over"": 180, ""under"": -250}}, ""draftkings"": {""0.5"": {""over"": 108, ""under"": -143}}, ""fanduel"": {""0.5"": {""over"": -105}}}",0.5,over,betmgm,180.0,0.35714285714285715,True,0.2058,1.5,,,,,False,
605170,Victor Caratini,MIN,MIL,0,7.0,1,694819,Jacob Misiorowski,R,823751,2:10 PM ET,American Family Field,0,1,0.19073083778966132,2026-08-09,823751,,0,96.2,95.7,110.9,L,1,1,0,0,0,0,0,0,0,0,0,1,0,0,0,1,0,0.054,0.054,0,0,0,0,0,0,0.12121212121212122,0.17142857142857143,0.6363636363636364,0.34285714285714286,0.19047619047619047,0.0,0.0,0.0,0.0,0.26666666666666666,0.8,0.47619047619047616,0.23809523809523808,0.5238095238095238,0.23809523809523808,0.0,0.25429861111111113,0.3272083333333334,0.0,0.46153846153846156,0.1333333333333333,0.15700000000000078,0.23255813953488372,0.3023255813953488,0.24444444444444444,0.10416666666666667,0.16666666666666666,0.2641509433962264,0.521551724137931,0.11374407582938388,0.2350230414746544,0.0967741935483871,0.5041322314049587,0.23140495867768596,0.008264462809917356,4.2272727272727275,0.4090909090909091,13.227272727272727,0.40082644628099173,0.5019963790946221,0.13110133199842688,0.5019963790946221,0.12121212121212122,"{""bet365"": {""0.5"": {""over"": 100, ""under"": -135}}, ""betmgm"": {""0.5"": {""over"": -115, ""under"": -115}}, ""draftkings"": {""0.5"": {""over"": -105, ""under"": -126}}, ""fanduel"": {""0.5"": {""over"": -115}}}",0.5,over,bet365,100.0,0.5,True,0.002,1.5,,,,,False,
676475,Alec Burleson,STL,COL,1,3.0,1,547179,Michael Lorenzen,R,823020,2:15 PM ET,Busch Stadium,0,1,0.19576719576719576,2026-08-09,823020,0.0,1,102.1,95.0,81.5,L,5,4,0,0,0,0,1,0,0,3,0,1,0,0,0,0,0,0.011,0.018,0,0,0,0,1,1,0.34545454545454546,0.41935483870967744,0.7636363636363637,0.20967741935483872,0.41025641025641024,0.2545454545454545,0.04838709677419355,0.08064516129032258,0.14545454545454545,2.2,0.8666666666666667,0.5476190476190477,0.2857142857142857,0.40476190476190477,0.2619047619047619,0.047619047619047616,0.36974880952380945,0.6902297619047618,0.3125,0.21052631578947367,0.35091666666666665,0.8258749999999999,0.38181818181818183,0.6181818181818182,0.1774193548387097,0.29508196721311475,0.47540983606557374,0.13846153846153847,0.7354260089686099,0.28125,0.4898989898989899,0.18686868686868688,0.43902439024390244,0.2865853658536585,0.018292682926829267,11.625,1.3125,7.6875,0.1782608695652174,0.7052643002894717,0.26958451155265956,0.7052643002894717,0.34545454545454546,"{""betmgm"": {""0.5"": {""over"": -225, ""under"": 165}}, ""bet365"": {""1.5"": {""over"": 160, ""under"": -220}}, ""draftkings"": {""1.5"": {""over"": 158, ""under"": -213}}, ""fanduel"": {""0.5"": {""over"": -360}}}",0.5,over,betmgm,-225.0,0.6923076923076923,True,0.013,1.5,over,bet365,160.0,0.38461538461538464,True,-0.115
663494,Bryan Torres,STL,COL,1,9.0,1,547179,Michael Lorenzen,R,823020,2:15 PM ET,Busch Stadium,0,1,0.19576719576719576,2026-08-09,823020,0.0,1,102.1,95.0,81.5,L,3,2,0,0,0,0,1,0,0,0,0,2,0,0,0,1,1,0.10250000000000001,0.156,0,0,0,0,0,0,0.2903225806451613,0.34285714285714286,0.7741935483870968,0.2,0.36,0.03225806451612903,0.0,0.02857142857142857,0.03225806451612903,0.6666666666666666,0.4666666666666667,0.28,0.32,0.52,0.16,0.0,0.3355277777777778,0.43591111111111114,0.15384615384615385,0.3125,0.21023333333333333,0.2767333333333333,0.3125,0.40625,0.2,0.45454545454545453,0.7272727272727273,0.0,0.7354260089686099,0.28125,0.4898989898989899,0.18686868686868688,0.43902439024390244,0.2865853658536585,0.018292682926829267,11.625,1.3125,7.6875,0.1782608695652174,0.423881749511936,0.07617423393033808,0.423881749511936,0.2903225806451613,"{""bet365"": {""0.5"": {""over"": -190, ""under"": 140}}, ""draftkings"": {""0.5"": {""over"": -180, ""under"": 135}, ""1.5"": {""over"": 170, ""under"": -230}}, ""fanduel"": {""0.5"": {""over"": -200}}}",0.5,over,draftkings,-180.0,0.6428571428571429,True,-0.219,1.5,over,draftkings,170.0,0.37037037037037035,True,-0.2942
671056,Iván Herrera,STL,COL,1,2.0,1,547179,Michael Lorenzen,R,823020,2:15 PM ET,Busch Stadium,1,1,0.19576719576719576,2026-08-09,823020,0.0,1,102.1,95.0,81.5,R,5,5,3,2,0,0,0,0,0,0,5,5,0,5,0,1,4,0.6132,0.8392,1,1,1,1,0,0,0.21311475409836064,0.25,0.7213114754098361,0.265625,0.2619047619047619,0.18032786885245902,0.03125,0.078125,0.11475409836065574,1.6,1.1333333333333333,0.4772727272727273,0.29545454545454547,0.5,0.13636363636363635,0.0,0.3262555555555556,0.48358888888888885,0.15,0.3181818181818182,0.3313,0.4826,0.11666666666666667,0.16666666666666666,0.25,0.2711864406779661,0.3559322033898305,0.171875,0.7354260089686099,0.28125,0.4898989898989899,0.18686868686868688,0.43902439024390244,0.2865853658536585,0.018292682926829267,11.625,1.3125,7.6875,0.1782608695652174,0.6634635912343532,0.28104680435761664,0.6634635912343532,0.21311475409836064,"{""bet365"": {""1.5"": {""over"": 175, ""under"": -235}}, ""betmgm"": {""1.5"": {""over"": -210, ""under"": 155}}, ""draftkings"": {""1.5"": {""over"": 169, ""under"": -228}}, ""fanduel"": {""0.5"": {""over"": -290}}}",0.5,over,fanduel,-290.0,0.7435897435897436,True,-0.0801,1.5,over,bet365,175.0,0.36363636363636365,True,-0.0826
802139,JJ Wetherholt,STL,COL,1,1.0,1,547179,Michael Lorenzen,R,823020,2:15 PM ET,Busch Stadium,0,1,0.19576719576719576,2026-08-09,823020,0.0,1,102.1,95.0,81.5,L,5,5,1,0,0,0,0,0,0,1,1,4,0,1,3,0,1,0.35275,0.54425,1,0,1,0,1,0,0.16981132075471697,0.3333333333333333,0.8679245283018868,0.10606060606060606,0.1590909090909091,0.1320754716981132,0.030303030303030304,0.015151515151515152,0.05660377358490566,1.0666666666666667,0.4666666666666667,0.34782608695652173,0.08695652173913043,0.6956521739130435,0.1956521739130435,0.043478260869565216,0.30074,0.5265455555555556,0.125,0.0,0.23121666666666663,0.4030166666666667,0.24528301886792453,0.39622641509433965,0.13636363636363635,0.14516129032258066,0.25806451612903225,0.17391304347826086,0.7354260089686099,0.28125,0.4898989898989899,0.18686868686868688,0.43902439024390244,0.2865853658536585,0.018292682926829267,11.625,1.3125,7.6875,0.1782608695652174,0.5800458585498587,0.1583349753751994,0.5800458585498587,0.16981132075471697,"{""betmgm"": {""0.5"": {""over"": -120, ""under"": -110}}, ""bet365"": {""1.5"": {""over"": 190, ""under"": -260}}, ""draftkings"": {""1.5"": {""over"": 199, ""under"": -271}, ""0.5"": {""over"": 150, ""under"": -205}}, ""fanduel"": {""0.5"": {""over"": -270}}}",0.5,over,draftkings,150.0,0.4,True,0.18,1.5,over,draftkings,199.0,0.33444816053511706,True,-0.1761
699625,Jimmy Crooks,STL,COL,1,5.0,1,547179,Michael Lorenzen,R,823020,2:15 PM ET,Busch Stadium,0,1,0.19576719576719576,2026-08-09,823020,0.0,1,102.1,95.0,81.5,L,4,4,1,0,0,0,0,0,0,1,1,3,0,0,2,0,0,0.15633333333333332,0.18299999999999997,1,0,1,0,1,0,0.23076923076923078,0.2682926829268293,0.6410256410256411,0.34146341463414637,0.2727272727272727,0.28205128205128205,0.07317073170731707,0.04878048780487805,0.1282051282051282,1.3333333333333333,0.9333333333333333,0.6,0.16,0.2,0.56,0.08,0.35619871794871794,0.946525641025641,0.26666666666666666,0.4666666666666667,0.2860666666666667,0.5641000000000002,0.23684210526315788,0.4473684210526316,0.36585365853658536,0.25,0.875,0.4444444444444444,0.7354260089686099,0.28125,0.4898989898989899,0.18686868686868688,0.43902439024390244,0.2865853658536585,0.018292682926829267,11.625,1.3125,7.6875,0.1782608695652174,0.5549440504738491,0.1984043271521395,0.5549440504738491,0.23076923076923078,"{""bet365"": {""0.5"": {""over"": -220, ""under"": 160}}, ""betmgm"": {""0.5"": {""over"": 125, ""under"": -165}}, ""draftkings"": {""0.5"": {""over"": 320, ""under"": -475}}, ""fanduel"": {""0.5"": {""over"": 270}}}",0.5,over,draftkings,320.0,0.23809523809523808,True,0.3168,1.5,,,,,False,
691023,Jordan Walker,STL,COL,1,4.0,1,547179,Michael Lorenzen,R,823020,2:15 PM ET,Busch Stadium,1,1,0.19576719576719576,2026-08-09,823020,0.0,1,102.1,95.0,81.5,R,5,5,1,0,0,1,0,0,0,0,4,5,0,1,1,3,0,0.23080000000000003,0.7798,1,0,1,1,0,0,0.23809523809523808,0.26153846153846155,0.7142857142857143,0.27692307692307694,0.3333333333333333,0.031746031746031744,0.0,0.03076923076923077,0.031746031746031744,1.1333333333333333,1.2,0.28888888888888886,0.28888888888888886,0.3111111111111111,0.24444444444444444,0.044444444444444446,0.30734999999999996,0.4645733333333333,0.34782608695652173,0.21739130434782608,0.29319999999999985,0.3992700000000003,0.3,0.35,0.20634920634920634,0.25,0.32142857142857145,0.2727272727272727,0.7354260089686099,0.28125,0.4898989898989899,0.18686868686868688,0.43902439024390244,0.2865853658536585,0.018292682926829267,11.625,1.3125,7.6875,0.1782608695652174,0.6359954769267603,0.2625113951572006,0.6359954769267603,0.23809523809523808,"{""bet365"": {""1.5"": {""over"": 180, ""under"": -240}}, ""betmgm"": {""1.5"": {""over"": -125, ""under"": -105}}, ""draftkings"": {""1.5"": {""over"": 180, ""under"": -243}}, ""fanduel"": {""0.5"": {""over"": -310}}}",0.5,over,fanduel,-310.0,0.7560975609756098,True,-0.1201,1.5,over,draftkings,180.0,0.35714285714285715,True,-0.0946
665877,José Fermín,STL,COL,1,8.0,1,547179,Michael Lorenzen,R,823020,2:15 PM ET,Busch Stadium,1,1,0.19576719576719576,2026-08-09,823020,0.0,1,102.1,95.0,81.5,R,5,2,2,1,0,0,3,0,0,0,3,2,0,2,0,1,1,0.5515,0.631,1,1,1,1,0,0,0.13636363636363635,0.20408163265306123,0.8863636363636364,0.09803921568627451,0.1282051282051282,0.09090909090909091,0.0196078431372549,0.0196078431372549,0.045454545454545456,0.6666666666666666,0.3333333333333333,0.375,0.2,0.4,0.35,0.025,0.278,0.40901785714285716,0.17647058823529413,0.16666666666666666,0.36556249999999985,0.47583333333333333,0.19607843137254902,0.2549019607843137,0.16071428571428573,0.21951219512195122,0.3902439024390244,0.1,0.7354260089686099,0.28125,0.4898989898989899,0.18686868686868688,0.43902439024390244,0.2865853658536585,0.018292682926829267,11.625,1.3125,7.6875,0.1782608695652174,0.6106130549004246,0.23082887642406144,0.6106130549004246,0.13636363636363635,"{""bet365"": {""0.5"": {""over"": -210, ""under"": 155}}, ""betmgm"": {""0.5"": {""over"": -200, ""under"": 150}}, ""draftkings"": {""0.5"": {""over"": -197, ""under"": 147}}, ""fanduel"": {""0.5"": {""over"": 350}}}",0.5,over,fanduel,350.0,0.2222222222222222,True,0.3884,1.5,,,,,False,
691026,Masyn Winn,STL,COL,1,6.0,1,547179,Michael Lorenzen,R,823020,2:15 PM ET,Busch Stadium,1,1,0.19576719576719576,2026-08-09,823020,0.0,1,102.1,95.0,81.5,R,5,4,1,0,0,0,0,0,1,0,1,5,0,1,1,1,3,0.48425,0.589,1,0,1,0,0,0,0.23529411764705882,0.3389830508474576,0.7254901960784313,0.23728813559322035,0.32432432432432434,0.058823529411764705,0.0,0.05084745762711865,0.058823529411764705,1.0,0.9333333333333333,0.35135135135135137,0.2972972972972973,0.40540540540540543,0.2702702702702703,0.0,0.3053166666666666,0.38830555555555557,0.13333333333333333,0.2777777777777778,0.2582666666666667,0.2819333333333333,0.19148936170212766,0.23404255319148937,0.24561403508771928,0.29310344827586204,0.3793103448275862,0.25,0.7354260089686099,0.28125,0.4898989898989899,0.18686868686868688,0.43902439024390244,0.2865853658536585,0.018292682926829267,11.625,1.3125,7.6875,0.1782608695652174,0.6109149909391133,0.2283672103831985,0.6109149909391133,0.23529411764705882,"{""betmgm"": {""1.5"": {""over"": -105, ""under"": -125}}, ""bet365"": {""0.5"": {""over"": -245, ""under"": 182}}, ""draftkings"": {""0.5"": {""over"": -251, ""under"": 185}, ""1.5"": {""over"": 235, ""under"": -330}}, ""fanduel"": {""0.5"": {""over"": -240}}}",0.5,over,fanduel,-240.0,0.7058823529411765,True,-0.095,1.5,over,draftkings,235.0,0.29850746268656714,True,-0.0701
701675,Nathan Church,STL,COL,1,7.0,1,547179,Michael Lorenzen,R,823020,2:15 PM ET,Busch Stadium,0,1,0.19576719576719576,2026-08-09,823020,0.0,1,102.1,95.0,81.5,L,5,5,1,0,0,0,0,0,0,0,1,5,0,1,1,3,1,0.3996,0.445,1,0,1,0,0,0,0.2558139534883721,0.3333333333333333,0.7906976744186046,0.17307692307692307,0.2857142857142857,0.06976744186046512,0.019230769230769232,0.0,0.023255813953488372,0.9333333333333333,0.6,0.35135135135135137,0.2702702702702703,0.3783783783783784,0.24324324324324326,0.0,0.34221794871794875,0.45963461538461536,0.375,0.14285714285714285,0.40675,0.5326041666666665,0.2727272727272727,0.3409090909090909,0.16,0.23636363636363636,0.3090909090909091,0.16666666666666666,0.7354260089686099,0.28125,0.4898989898989899,0.18686868686868688,0.43902439024390244,0.2865853658536585,0.018292682926829267,11.625,1.3125,7.6875,0.1782608695652174,0.611109468791352,0.20342332255770304,0.611109468791352,0.2558139534883721,"{""bet365"": {""0.5"": {""over"": -220, ""under"": 160}}, ""draftkings"": {""0.5"": {""over"": -200, ""under"": 149}, ""1.5"": {""over"": 145, ""under"": -195}}, ""fanduel"": {""0.5"": {""over"": -210}}}",0.5,over,draftkings,-200.0,0.6666666666666666,True,-0.0556,1.5,over,draftkings,145.0,0.40816326530612246,True,-0.2047
664954,Brett Sullivan,COL,STL,0,8.0,1,700241,Michael McGreevy,R,823020,2:15 PM ET,Busch Stadium,0,1,0.2323943661971831,2026-08-09,823020,0.0,1,102.1,95.0,81.5,L,3,3,0,0,0,0,0,0,0,2,0,1,0,0,1,0,0,0.074,0.097,0,0,0,0,1,1,0.2619047619047619,0.3111111111111111,0.9047619047619048,0.08888888888888889,0.2894736842105263,0.14285714285714285,0.0,0.08888888888888889,0.11904761904761904,1.1333333333333333,0.26666666666666666,0.34210526315789475,0.23684210526315788,0.2894736842105263,0.2894736842105263,0.0,0.18804230769230773,0.24504230769230767,0.35714285714285715,0.07142857142857142,0.18880000000000002,0.24030000000000004,0.2558139534883721,0.3953488372093023,0.10869565217391304,0.3333333333333333,0.5416666666666666,0.21568627450980393,0.7956521739130434,0.25365853658536586,0.46226415094339623,0.18396226415094338,0.44808743169398907,0.2677595628415301,0.03278688524590164,9.0,1.2857142857142856,5.7857142857142865,0.1565217391304348,0.5900784984923758,0.16936964499473017,0.5900784984923758,0.2619047619047619,"{""bet365"": {""0.5"": {""over"": -165, ""under"": 125}}, ""draftkings"": {""0.5"": {""over"": -162, ""under"": 122}}, ""fanduel"": {""0.5"": {""over"": -185}}}",0.5,over,draftkings,-162.0,0.6183206106870229,True,-0.0282,1.5,,,,,False,
694249,Cole Carrigg,COL,STL,0,2.0,1,700241,Michael McGreevy,R,823020,2:15 PM ET,Busch Stadium,0,1,0.2323943661971831,2026-08-09,823020,0.0,1,102.1,95.0,81.5,L,2,2,0,0,0,0,0,0,0,1,0,1,0,0,1,0,0,0.011,0.018,0,0,0,0,1,0,0.28,0.4375,0.72,0.21875,0.3888888888888889,0.08,0.0,0.0625,0.08,0.6,0.4666666666666667,0.3333333333333333,0.3888888888888889,0.4444444444444444,0.16666666666666666,0.0,0.44393055555555555,0.5717222222222222,0.0,0.3333333333333333,0.3666666666666667,0.5113333333333335,0.3269230769230769,0.5,0.15873015873015872,0.3469387755102041,0.5714285714285714,0.24561403508771928,0.7956521739130434,0.25365853658536586,0.46226415094339623,0.18396226415094338,0.44808743169398907,0.2677595628415301,0.03278688524590164,9.0,1.2857142857142856,5.7857142857142865,0.1565217391304348,0.65102558047047,0.21416571262975012,0.65102558047047,0.28,"{""bet365"": {""0.5"": {""over"": -260, ""under"": 190}}, ""draftkings"": {""0.5"": {""over"": -226, ""under"": 167}, ""1.5"": {""over"": 180, ""under"": -245}}, ""fanduel"": {""0.5"": {""over"": -260}}}",0.5,over,draftkings,-226.0,0.6932515337423313,True,-0.0422,1.5,over,draftkings,180.0,0.35714285714285715,True,-0.143
678662,Ezequiel Tovar,COL,STL,0,9.0,1,700241,Michael McGreevy,R,823020,2:15 PM ET,Busch Stadium,1,1,0.2323943661971831,2026-08-09,823020,0.0,1,102.1,95.0,81.5,R,4,3,1,0,0,0,1,0,0,1,1,2,0,0,0,1,0,0.14100000000000001,0.172,1,0,1,0,1,0,0.2391304347826087,0.29411764705882354,0.6956521739130435,0.2692307692307692,0.3125,0.10869565217391304,0.019230769230769232,0.038461538461538464,0.06521739130434782,1.0666666666666667,0.9333333333333333,0.47058823529411764,0.2647058823529412,0.38235294117647056,0.14705882352941177,0.029411764705882353,0.2754761904761905,0.38030952380952376,0.4117647058823529,0.21052631578947367,0.42330000000000007,0.5936000000000001,0.20930232558139536,0.3488372093023256,0.16666666666666666,0.19148936170212766,0.3404255319148936,0.19230769230769232,0.7956521739130434,0.25365853658536586,0.46226415094339623,0.18396226415094338,0.44808743169398907,0.2677595628415301,0.03278688524590164,9.0,1.2857142857142856,5.7857142857142865,0.1565217391304348,0.4566831281346288,0.13000474510790763,0.4566831281346288,0.2391304347826087,"{""bet365"": {""0.5"": {""over"": -180, ""under"": 135}}, ""betmgm"": {""0.5"": {""over"": -160, ""under"": 120}}, ""draftkings"": {""0.5"": {""over"": -176, ""under"": 132}}, ""fanduel"": {""0.5"": {""over"": -180}}}",0.5,over,betmgm,-160.0,0.6153846153846154,True,-0.1587,1.5,,,,,False,
696100,Hunter Goodman,COL,STL,0,4.0,1,700241,Michael McGreevy,R,823020,2:15 PM ET,Busch Stadium,1,1,0.2323943661971831,2026-08-09,823020,0.0,1,102.1,95.0,81.5,R,4,4,1,0,0,0,0,0,0,1,1,3,0,2,2,0,1,0.2953333333333333,0.34800000000000003,1,0,1,0,1,0,0.2545454545454545,0.3114754098360656,0.5272727272727272,0.4262295081967213,0.3333333333333333,0.34545454545454546,0.09836065573770492,0.01639344262295082,0.12727272727272726,2.2,1.7333333333333334,0.43333333333333335,0.1,0.26666666666666666,0.5666666666666667,0.06666666666666667,0.3435761904761905,0.6357738095238095,0.2631578947368421,0.4,0.31178750000000005,0.4402499999999998,0.3220338983050847,0.7288135593220338,0.4098360655737705,0.17777777777777778,0.17777777777777778,0.3157894736842105,0.7956521739130434,0.25365853658536586,0.46226415094339623,0.18396226415094338,0.44808743169398907,0.2677595628415301,0.03278688524590164,9.0,1.2857142857142856,5.7857142857142865,0.1565217391304348,0.6295647079931661,0.18512680000434587,0.6295647079931661,0.2545454545454545,"{""betmgm"": {""1.5"": {""over"": 115, ""under"": -155}}, ""bet365"": {""0.5"": {""over"": -240, ""under"": 180}}, ""draftkings"": {""0.5"": {""over"": -209, ""under"": 155}, ""1.5"": {""over"": 220, ""under"": -310}}, ""fanduel"": {""0.5"": {""over"": -220}}}",0.5,over,draftkings,-209.0,0.6763754045307443,True,-0.0468,1.5,over,draftkings,220.0,0.3125,True,-0.1274
664983,Jake McCarthy,COL,STL,0,1.0,1,700241,Michael McGreevy,R,823020,2:15 PM ET,Busch Stadium,0,1,0.2323943661971831,2026-08-09,823020,0.0,1,102.1,95.0,81.5,L,5,5,4,0,0,2,0,0,0,0,10,5,2,2,2,3,0,0.5868,1.5552,1,1,1,1,0,0,0.27941176470588236,0.2753623188405797,0.8088235294117647,0.18840579710144928,0.32727272727272727,0.14705882352941177,0.014492753623188406,0.07246376811594203,0.10294117647058823,1.9333333333333333,0.8666666666666667,0.3392857142857143,0.375,0.39285714285714285,0.19642857142857142,0.0,0.37460777777777776,0.46179888888888887,0.4090909090909091,0.043478260869565216,0.43493999999999994,0.5315299999999998,0.27692307692307694,0.4461538461538462,0.16417910447761194,0.23728813559322035,0.3389830508474576,0.19696969696969696,0.7956521739130434,0.25365853658536586,0.46226415094339623,0.18396226415094338,0.44808743169398907,0.2677595628415301,0.03278688524590164,9.0,1.2857142857142856,5.7857142857142865,0.1565217391304348,0.6738661540539272,0.2509049626029433,0.6738661540539272,0.27941176470588236,"{""bet365"": {""1.5"": {""over"": 170, ""under"": -230}}, ""draftkings"": {""1.5"": {""over"": 181, ""under"": -245}}, ""fanduel"": {""0.5"": {""over"": -280}}}",0.5,over,fanduel,-280.0,0.7368421052631579,True,-0.063,1.5,over,draftkings,181.0,0.35587188612099646,True,-0.105
691720,Kyle Karros,COL,STL,0,6.0,1,700241,Michael McGreevy,R,823020,2:15 PM ET,Busch Stadium,1,1,0.2323943661971831,2026-08-09,823020,0.0,1,102.1,95.0,81.5,R,5,2,0,0,0,0,1,1,1,0,0,3,0,1,1,1,1,0.2015,0.2435,0,0,0,0,0,0,0.2830188679245283,0.3770491803278688,0.7547169811320755,0.20967741935483872,0.375,0.03773584905660377,0.0,0.03225806451612903,0.03773584905660377,1.1333333333333333,0.8666666666666667,0.3,0.3,0.375,0.25,0.0,0.2987222222222222,0.3789722222222222,0.3157894736842105,0.19047619047619047,0.29108333333333325,0.33573333333333333,0.2777777777777778,0.5925925925925926,0.25806451612903225,0.32608695652173914,0.391304347826087,0.15517241379310345,0.7956521739130434,0.25365853658536586,0.46226415094339623,0.18396226415094338,0.44808743169398907,0.2677595628415301,0.03278688524590164,9.0,1.2857142857142856,5.7857142857142865,0.1565217391304348,0.640430798998908,0.2513069652767086,0.640430798998908,0.2830188679245283,"{""betmgm"": {""1.5"": {""over"": 110, ""under"": -150}}, ""bet365"": {""0.5"": {""over"": -220, ""under"": 160}}, ""draftkings"": {""0.5"": {""over"": -215, ""under"": 160}, ""1.5"": {""over"": 245, ""under"": -340}}, ""fanduel"": {""0.5"": {""over"": -230}}}",0.5,over,draftkings,-215.0,0.6825396825396826,True,-0.0421,1.5,over,draftkings,245.0,0.2898550724637681,True,-0.0385
666160,Mickey Moniak,COL,STL,0,5.0,1,700241,Michael McGreevy,R,823020,2:15 PM ET,Busch Stadium,0,1,0.2323943661971831,2026-08-09,823020,0.0,1,102.1,95.0,81.5,L,2,2,0,0,0,0,0,0,0,0,0,2,0,0,1,1,0,0.0695,0.07250000000000001,0,0,0,0,0,0,0.2982456140350877,0.3064516129032258,0.7192982456140351,0.25806451612903225,0.325,0.2982456140350877,0.06451612903225806,0.04838709677419355,0.14035087719298245,2.2666666666666666,1.0666666666666667,0.4090909090909091,0.25,0.36363636363636365,0.3181818181818182,0.022727272727272728,0.3475833333333333,0.6715535714285714,0.29411764705882354,0.3157894736842105,0.39046666666666674,0.8878,0.25,0.4107142857142857,0.288135593220339,0.28,0.44,0.2777777777777778,0.7956521739130434,0.25365853658536586,0.46226415094339623,0.18396226415094338,0.44808743169398907,0.2677595628415301,0.03278688524590164,9.0,1.2857142857142856,5.7857142857142865,0.1565217391304348,0.6267671870641688,0.18365790513398275,0.6267671870641688,0.2982456140350877,"{""bet365"": {""0.5"": {""over"": -220, ""under"": 160}}, ""betmgm"": {""0.5"": {""over"": 120, ""under"": -160}}, ""draftkings"": {""0.5"": {""over"": -202, ""under"": 151}}, ""fanduel"": {""0.5"": {""over"": -220}}}",0.5,over,betmgm,120.0,0.45454545454545453,True,0.1722,1.5,,,,,False,
681198,TJ Rumfield,COL,STL,0,3.0,1,700241,Michael McGreevy,R,823020,2:15 PM ET,Busch Stadium,0,1,0.2323943661971831,2026-08-09,823020,0.0,1,102.1,95.0,81.5,L,4,3,2,0,0,0,1,0,0,0,2,3,0,1,1,1,1,0.41566666666666663,0.4546666666666667,1,1,1,1,0,0,0.2777777777777778,0.3275862068965517,0.8333333333333334,0.15517241379310345,0.3333333333333333,0.07407407407407407,0.0,0.06896551724137931,0.07407407407407407,1.2666666666666666,0.6,0.26666666666666666,0.28888888888888886,0.4222222222222222,0.2222222222222222,0.0,0.3211322222222222,0.3923844444444444,0.2777777777777778,0.1111111111111111,0.30493,0.4103366666666666,0.2727272727272727,0.38181818181818183,0.1896551724137931,0.2631578947368421,0.38596491228070173,0.15384615384615385,0.7956521739130434,0.25365853658536586,0.46226415094339623,0.18396226415094338,0.44808743169398907,0.2677595628415301,0.03278688524590164,9.0,1.2857142857142856,5.7857142857142865,0.1565217391304348,0.6737153169075855,0.21607472178704032,0.6737153169075855,0.2777777777777778,"{""bet365"": {""0.5"": {""over"": -275, ""under"": 200}}, ""betmgm"": {""0.5"": {""over"": -105, ""under"": -125}}, ""draftkings"": {""0.5"": {""over"": 210, ""under"": -290}}, ""fanduel"": {""0.5"": {""over"": -240}}}",0.5,over,draftkings,210.0,0.3225806451612903,True,0.3511,1.5,,,,,False,
650489,Willi Castro,COL,STL,0,7.0,1,700241,Michael McGreevy,R,823020,2:15 PM ET,Busch Stadium,1,1,0.2323943661971831,2026-08-09,823020,0.0,1,102.1,95.0,81.5,R,3,3,0,0,0,0,0,0,0,1,0,2,0,0,0,1,1,0.43150000000000005,0.4615,0,0,0,0,1,0,0.35714285714285715,0.4375,0.7142857142857143,0.25,0.4117647058823529,0.42857142857142855,0.09375,0.03125,0.17857142857142858,1.4666666666666666,0.5333333333333333,0.35,0.2,0.5,0.2,0.0,0.3615641025641026,0.8154871794871794,0.3,0.1,0.2574666666666666,0.5574666666666668,0.25,0.6153846153846154,0.2982456140350877,0.22807017543859648,0.3333333333333333,0.3709677419354839,0.7956521739130434,0.25365853658536586,0.46226415094339623,0.18396226415094338,0.44808743169398907,0.2677595628415301,0.03278688524590164,9.0,1.2857142857142856,5.7857142857142865,0.1565217391304348,0.6043844924038853,0.1752618663952119,0.6043844924038853,0.35714285714285715,"{""bet365"": {""0.5"": {""over"": -200, ""under"": 150}}, ""betmgm"": {""0.5"": {""over"": -200, ""under"": 150}}, ""draftkings"": {""0.5"": {""over"": -188, ""under"": 141}, ""1.5"": {""over"": 290, ""under"": -425}}, ""fanduel"": {""0.5"": {""over"": -200}}}",0.5,over,draftkings,-188.0,0.6527777777777778,True,-0.0484,1.5,over,draftkings,290.0,0.2564102564102564,True,-0.0811
607043,Brandon Nimmo,TEX,BAL,1,4.0,1,700249,Cade Povich,L,822862,2:35 PM ET,Globe Life Field,0,0,0.26256983240223464,2026-08-09,822862,1.0,0,94.8,94.6,93.8,L,4,4,1,0,0,0,0,0,0,2,1,2,0,1,1,0,1,0.457,0.5425,1,0,1,0,1,1,0.3148148148148148,0.38333333333333336,0.7777777777777778,0.2,0.375,0.2037037037037037,0.03333333333333333,0.08333333333333333,0.12962962962962962,1.8666666666666667,0.8,0.42857142857142855,0.40476190476190477,0.35714285714285715,0.16666666666666666,0.023809523809523808,0.39008888888888893,0.5522222222222222,0.4444444444444444,0.15,0.3942333333333333,0.6874333333333336,0.288135593220339,0.4576271186440678,0.25396825396825395,0.3137254901960784,0.5294117647058824,0.17543859649122806,0.7188940092165899,0.2594594594594595,0.5,0.20618556701030927,0.4423076923076923,0.27564102564102566,0.02564102564102564,10.146496815286625,1.375796178343949,8.426751592356688,0.21777777777777776,0.6347195358526778,0.25545890652758707,0.6347195358526778,0.3148148148148148,"{""bet365"": {""0.5"": {""over"": -270, ""under"": 195}}, ""betmgm"": {""1.5"": {""over"": 110, ""under"": -150}}, ""draftkings"": {""0.5"": {""over"": -271, ""under"": 199}, ""1.5"": {""over"": -115, ""under"": -120}}, ""fanduel"": {""0.5"": {""over"": -270}}}",0.5,over,fanduel,-270.0,0.7297297297297297,True,-0.095,1.5,over,betmgm,110.0,0.47619047619047616,True,-0.2207
695508,Cam Cauley,TEX,BAL,1,9.0,1,700249,Cade Povich,L,822862,2:35 PM ET,Globe Life Field,1,0,0.26256983240223464,2026-08-09,822862,1.0,0,94.8,94.6,93.8,R,4,4,0,0,0,0,0,0,0,2,0,2,0,0,1,1,0,0.2285,0.264,0,0,0,0,1,1,0.20689655172413793,0.28125,0.6896551724137931,0.28125,0.2631578947368421,0.20689655172413793,0.03125,0.09375,0.13793103448275862,0.8,0.6,0.3,0.25,0.35,0.2,0.0,0.2848333333333333,0.3398846153846154,0.0,0.3333333333333333,0.12287500000000001,0.13925,0.2608695652173913,0.30434782608695654,0.14814814814814814,0.2571428571428571,0.45714285714285713,0.3076923076923077,0.7188940092165899,0.2594594594594595,0.5,0.20618556701030927,0.4423076923076923,0.27564102564102566,0.02564102564102564,10.146496815286625,1.375796178343949,8.426751592356688,0.21777777777777776,0.5224691277822764,0.10128545790170844,0.5224691277822764,0.20689655172413793,,0.5,,,,,False,,1.5,,,,,False,
608369,Corey Seager,TEX,BAL,1,2.0,1,700249,Cade Povich,L,822862,2:35 PM ET,Globe Life Field,0,0,0.26256983240223464,2026-08-09,822862,1.0,0,94.8,94.6,93.8,L,4,4,1,0,0,1,0,0,0,0,4,4,0,1,2,1,1,0.43125,1.1,1,0,1,1,0,0,0.23636363636363636,0.34375,0.6909090909090909,0.265625,0.2857142857142857,0.18181818181818182,0.046875,0.015625,0.07272727272727272,1.5333333333333334,1.1333333333333333,0.5,0.18421052631578946,0.4473684210526316,0.34210526315789475,0.05263157894736842,0.3063166666666666,0.5730777777777778,0.29411764705882354,0.25,0.24230000000000002,0.3487500000000002,0.2222222222222222,0.35185185185185186,0.25,0.24528301886792453,0.4716981132075472,0.18032786885245902,0.7188940092165899,0.2594594594594595,0.5,0.20618556701030927,0.4423076923076923,0.27564102564102566,0.02564102564102564,10.146496815286625,1.375796178343949,8.426751592356688,0.21777777777777776,0.6293543540264926,0.24778591226486815,0.6293543540264926,0.23636363636363636,"{""bet365"": {""0.5"": {""over"": -245, ""under"": 182}}, ""betmgm"": {""0.5"": {""over"": 105, ""under"": -140}}, ""draftkings"": {""0.5"": {""over"": 155, ""under"": -210}}, ""fanduel"": {""0.5"": {""over"": 164}}}",0.5,over,fanduel,164.0,0.3787878787878788,True,0.2506,1.5,,,,,False,
553869,Elias Díaz,TEX,BAL,1,7.0,1,700249,Cade Povich,L,822862,2:35 PM ET,Globe Life Field,1,0,0.26256983240223464,2026-08-09,822862,1.0,0,94.8,94.6,93.8,R,3,3,1,0,0,0,0,0,0,2,1,1,0,0,0,1,0,0.216,0.216,1,0,1,0,1,1,0.175,0.23255813953488372,0.7,0.26666666666666666,0.2222222222222222,0.15,0.022222222222222223,0.06666666666666667,0.1,0.8666666666666667,0.8,0.4,0.16666666666666666,0.3,0.4,0.0,0.21176282051282053,0.36553846153846153,0.16666666666666666,0.2,0.19516666666666685,0.4755833333333332,0.1702127659574468,0.23404255319148937,0.27450980392156865,0.275,0.575,0.19047619047619047,0.7188940092165899,0.2594594594594595,0.5,0.20618556701030927,0.4423076923076923,0.27564102564102566,0.02564102564102564,10.146496815286625,1.375796178343949,8.426751592356688,0.21777777777777776,0.5498217473742448,0.22606756068498676,0.5498217473742448,0.175,"{""bet365"": {""0.5"": {""over"": -135, ""under"": 100}}, ""betmgm"": {""0.5"": {""over"": -130, ""under"": -105}}, ""draftkings"": {""0.5"": {""over"": -127, ""under"": -104}}, ""fanduel"": {""0.5"": {""over"": 194}}}",0.5,over,fanduel,194.0,0.3401360544217687,True,0.2097,1.5,,,,,False,
677649,Ezequiel Duran,TEX,BAL,1,3.0,1,700249,Cade Povich,L,822862,2:35 PM ET,Globe Life Field,1,0,0.26256983240223464,2026-08-09,822862,1.0,0,94.8,94.6,93.8,R,3,3,1,0,0,0,0,0,0,1,1,2,0,1,0,2,0,0.2885,0.30000000000000004,1,0,1,0,1,0,0.3148148148148148,0.36065573770491804,0.7592592592592593,0.21311475409836064,0.35,0.2777777777777778,0.04918032786885246,0.06557377049180328,0.14814814814814814,2.1333333333333333,0.8666666666666667,0.3023255813953488,0.23255813953488372,0.4418604651162791,0.27906976744186046,0.046511627906976744,0.31452976190476184,0.5299285714285714,0.4444444444444444,0.3,0.3919374999999999,0.6352500000000001,0.34615384615384615,0.6538461538461539,0.23333333333333334,0.26229508196721313,0.36065573770491804,0.2923076923076923,0.7188940092165899,0.2594594594594595,0.5,0.20618556701030927,0.4423076923076923,0.27564102564102566,0.02564102564102564,10.146496815286625,1.375796178343949,8.426751592356688,0.21777777777777776,0.6305376164234171,0.274365167956054,0.6305376164234171,0.3148148148148148,"{""bet365"": {""0.5"": {""over"": -220, ""under"": 160}}, ""betmgm"": {""0.5"": {""over"": 100, ""under"": -135}}, ""draftkings"": {""0.5"": {""over"": -105, ""under"": -130}}, ""fanduel"": {""0.5"": {""over"": -195}}}",0.5,over,betmgm,100.0,0.5,True,0.1305,1.5,,,,,False,
669394,Jake Burger,TEX,BAL,1,5.0,1,700249,Cade Povich,L,822862,2:35 PM ET,Globe Life Field,1,0,0.26256983240223464,2026-08-09,822862,1.0,0,94.8,94.6,93.8,R,3,3,1,0,0,0,0,0,0,1,1,2,0,0,0,2,0,0.22949999999999998,0.23049999999999998,1,0,1,0,1,0,0.21153846153846154,0.2545454545454545,0.6538461538461539,0.32727272727272727,0.28125,0.17307692307692307,0.03636363636363636,0.05454545454545454,0.09615384615384616,1.3333333333333333,1.2,0.5294117647058824,0.20588235294117646,0.35294117647058826,0.35294117647058826,0.029411764705882353,0.29651190476190475,0.5902916666666667,0.26666666666666666,0.3125,0.36219999999999997,0.5097333333333335,0.24074074074074073,0.42592592592592593,0.3508771929824561,0.20754716981132076,0.41509433962264153,0.2833333333333333,0.7188940092165899,0.2594594594594595,0.5,0.20618556701030927,0.4423076923076923,0.27564102564102566,0.02564102564102564,10.146496815286625,1.375796178343949,8.426751592356688,0.21777777777777776,0.6528599049015441,0.23055174811628176,0.6528599049015441,0.21153846153846154,"{""bet365"": {""0.5"": {""over"": -200, ""under"": 150}}, ""betmgm"": {""1.5"": {""over"": 165, ""under"": -225}}, ""draftkings"": {""0.5"": {""over"": -209, ""under"": 156}, ""1.5"": {""over"": 115, ""under"": -155}}, ""fanduel"": {""0.5"": {""over"": -200}}}",0.5,over,fanduel,-200.0,0.6666666666666666,True,-0.0138,1.5,over,betmgm,165.0,0.37735849056603776,True,-0.1468
681146,Jonah Bride,TEX,BAL,1,8.0,1,700249,Cade Povich,L,822862,2:35 PM ET,Globe Life Field,1,0,0.26256983240223464,2026-08-09,822862,1.0,0,94.8,94.6,93.8,R,1,1,0,0,0,0,0,0,0,0,0,1,0,0,0,0,1,0.067,0.067,0,0,0,0,0,0,0.06060606060606061,0.16216216216216217,0.5151515151515151,0.43243243243243246,0.11764705882352941,0.0,0.0,0.0,0.0,0.13333333333333333,1.0666666666666667,0.35294117647058826,0.17647058823529413,0.5882352941176471,0.11764705882352941,0.0,0.292939393939394,0.340469696969697,0.1111111111111111,0.36363636363636365,0.17433333333333337,0.19799999999999998,0.14285714285714285,0.16666666666666666,0.32608695652173914,0.19444444444444445,0.2222222222222222,0.34146341463414637,0.7188940092165899,0.2594594594594595,0.5,0.20618556701030927,0.4423076923076923,0.27564102564102566,0.02564102564102564,10.146496815286625,1.375796178343949,8.426751592356688,0.21777777777777776,0.5087772746208842,0.14073263827101712,0.5087772746208842,0.06060606060606061,"{""draftkings"": {""0.5"": {""over"": 195, ""under"": -265}}}",0.5,over,draftkings,195.0,0.3389830508474576,True,0.1698,1.5,,,,,False,
679822,Justin Foscue,TEX,BAL,1,6.0,1,700249,Cade Povich,L,822862,2:35 PM ET,Globe Life Field,1,0,0.26256983240223464,2026-08-09,822862,1.0,0,94.8,94.6,93.8,R,1,0,0,0,0,0,1,0,0,0,0,0,0,0,0,0,0,0.3035,0.3355,0,0,0,0,0,0,0.14285714285714285,0.14285714285714285,0.6428571428571429,0.35714285714285715,0.2222222222222222,0.07142857142857142,0.0,0.0,0.03571428571428571,0.4,0.6666666666666666,0.2777777777777778,0.16666666666666666,0.4444444444444444,0.2777777777777778,0.0,0.1653148148148148,0.19196296296296297,0.14285714285714285,0.2857142857142857,0.091375,0.101375,0.18421052631578946,0.2894736842105263,0.27906976744186046,0.1724137931034483,0.2413793103448276,0.3103448275862069,0.7188940092165899,0.2594594594594595,0.5,0.20618556701030927,0.4423076923076923,0.27564102564102566,0.02564102564102564,10.146496815286625,1.375796178343949,8.426751592356688,0.21777777777777776,0.5568510595499686,0.18163904100775663,0.5568510595499686,0.14285714285714285,"{""bet365"": {""0.5"": {""over"": -120, ""under"": -110}}, ""betmgm"": {""1.5"": {""over"": 175, ""under"": -235}}, ""draftkings"": {""0.5"": {""over"": -138, ""under"": 104}, ""1.5"": {""over"": 185, ""under"": -250}}, ""fanduel"": {""0.5"": {""over"": -140}}}",0.5,over,bet365,-120.0,0.5454545454545454,True,0.0114,1.5,over,draftkings,185.0,0.3508771929824561,True,-0.1692
694671,Wyatt Langford,TEX,BAL,1,1.0,1,700249,Cade Povich,L,822862,2:35 PM ET,Globe Life Field,1,0,0.26256983240223464,2026-08-09,822862,1.0,0,94.8,94.6,93.8,R,4,2,0,0,0,0,1,1,0,0,0,2,0,0,1,1,0,0.155,0.182,0,0,0,0,0,0,0.17543859649122806,0.25396825396825395,0.6666666666666666,0.30158730158730157,0.2222222222222222,0.19298245614035087,0.031746031746031744,0.07936507936507936,0.12280701754385964,1.4,1.2666666666666666,0.47368421052631576,0.2631578947368421,0.23684210526315788,0.2894736842105263,0.0,0.25061666666666665,0.39502777777777776,0.0625,0.3,0.18335,0.23415000000000014,0.24193548387096775,0.45161290322580644,0.26153846153846155,0.22580645161290322,0.41935483870967744,0.2537313432835821,0.7188940092165899,0.2594594594594595,0.5,0.20618556701030927,0.4423076923076923,0.27564102564102566,0.02564102564102564,10.146496815286625,1.375796178343949,8.426751592356688,0.21777777777777776,0.6206407328828443,0.24531553170863438,0.6206407328828443,0.17543859649122806,"{""bet365"": {""0.5"": {""over"": -245, ""under"": 182}}, ""betmgm"": {""0.5"": {""over"": -225, ""under"": 165}}, ""draftkings"": {""0.5"": {""over"": -223, ""under"": 166}, ""1.5"": {""over"": 150, ""under"": -205}}, ""fanduel"": {""0.5"": {""over"": -240}}}",0.5,over,draftkings,-223.0,0.6904024767801857,True,-0.0698,1.5,over,draftkings,150.0,0.4,True,-0.1547
665966,Carlos Narváez,BAL,TEX,0,9.0,1,677958,Kumar Rocker,R,822862,2:35 PM ET,Globe Life Field,1,1,0.23826714801444043,2026-08-09,822862,1.0,0,94.8,94.6,93.8,R,3,3,0,0,0,0,0,0,0,2,0,1,0,0,0,0,1,0.143,0.216,0,0,0,0,1,1,0.15384615384615385,0.24444444444444444,0.5641025641025641,0.3541666666666667,0.22727272727272727,0.07692307692307693,0.020833333333333332,0.0,0.02564102564102564,0.6,1.1333333333333333,0.2692307692307692,0.07692307692307693,0.34615384615384615,0.46153846153846156,0.0,0.20631666666666665,0.39935,0.07692307692307693,0.4117647058823529,0.16788888888888884,0.17877777777777773,0.15,0.225,0.3,0.2,0.3,0.3409090909090909,0.6909090909090909,0.20725388601036268,0.417910447761194,0.1791044776119403,0.32894736842105265,0.2631578947368421,0.02631578947368421,7.788461538461538,0.8653846153846154,8.134615384615385,0.21658986175115208,0.37919591396724384,0.10522707168652985,0.37919591396724384,0.15384615384615385,"{""bet365"": {""0.5"": {""over"": 100, ""under"": -135}}, ""betmgm"": {""0.5"": {""over"": -105, ""under"": -125}}, ""draftkings"": {""0.5"": {""over"": 103, ""under"": -136}, ""1.5"": {""over"": 255, ""under"": -360}}, ""fanduel"": {""0.5"": {""over"": -110}}}",0.5,over,draftkings,103.0,0.49261083743842365,True,-0.1134,1.5,over,draftkings,255.0,0.28169014084507044,True,-0.1765
691723,Coby Mayo,BAL,TEX,0,7.0,1,677958,Kumar Rocker,R,822862,2:35 PM ET,Globe Life Field,1,1,0.23826714801444043,2026-08-09,822862,1.0,0,94.8,94.6,93.8,R,4,4,1,0,0,0,0,0,0,1,1,3,0,2,0,1,2,0.5436666666666666,0.6853333333333333,1,0,1,0,1,0,0.2682926829268293,0.3023255813953488,0.5609756097560976,0.4186046511627907,0.4,0.34146341463414637,0.06976744186046512,0.023255813953488372,0.14634146341463414,1.6666666666666667,1.2,0.4782608695652174,0.21739130434782608,0.17391304347826086,0.5217391304347826,0.043478260869565216,0.32270833333333326,0.7199416666666666,0.21428571428571427,0.5,0.2573333333333333,0.5872083333333332,0.1956521739130435,0.3695652173913043,0.4583333333333333,0.2222222222222222,0.5555555555555556,0.3333333333333333,0.6909090909090909,0.20725388601036268,0.417910447761194,0.1791044776119403,0.32894736842105265,0.2631578947368421,0.02631578947368421,7.788461538461538,0.8653846153846154,8.134615384615385,0.21658986175115208,0.5413121786268982,0.12438105641042445,0.5413121786268982,0.2682926829268293,"{""bet365"": {""0.5"": {""over"": -130, ""under"": -105}}, ""draftkings"": {""0.5"": {""over"": -112, ""under"": -119}, ""1.5"": {""over"": 200, ""under"": -275}}, ""fanduel"": {""0.5"": {""over"": -125}}}",0.5,over,draftkings,-112.0,0.5283018867924528,True,0.013,1.5,over,draftkings,200.0,0.3333333333333333,True,-0.209
681297,Colton Cowser,BAL,TEX,0,8.0,1,677958,Kumar Rocker,R,822862,2:35 PM ET,Globe Life Field,0,1,0.23826714801444043,2026-08-09,822862,1.0,0,94.8,94.6,93.8,L,3,3,1,1,0,0,0,0,0,2,2,1,0,1,0,0,1,0.654,0.934,1,0,1,1,1,1,0.17391304347826086,0.40625,0.5652173913043478,0.3125,0.3076923076923077,0.0,0.0,0.0,0.0,0.26666666666666666,0.6666666666666666,0.38461538461538464,0.3076923076923077,0.3076923076923077,0.38461538461538464,0.0,0.27565,0.4434,0.18181818181818182,0.36363636363636365,0.29337499999999994,0.50875,0.12903225806451613,0.12903225806451613,0.2631578947368421,0.175,0.475,0.42,0.6909090909090909,0.20725388601036268,0.417910447761194,0.1791044776119403,0.32894736842105265,0.2631578947368421,0.02631578947368421,7.788461538461538,0.8653846153846154,8.134615384615385,0.21658986175115208,0.4781429575384759,0.12412199875093788,0.4781429575384759,0.17391304347826086,"{""bet365"": {""0.5"": {""over"": 105, ""under"": -140}}, ""draftkings"": {""0.5"": {""over"": 101, ""under"": -134}}, ""fanduel"": {""0.5"": {""over"": -115}}}",0.5,over,bet365,105.0,0.4878048780487805,True,-0.0097,1.5,,,,,False,
687637,Dylan Beavers,BAL,TEX,0,5.0,1,677958,Kumar Rocker,R,822862,2:35 PM ET,Globe Life Field,0,1,0.23826714801444043,2026-08-09,822862,1.0,0,94.8,94.6,93.8,L,4,4,0,0,0,0,0,0,0,0,0,4,0,3,1,2,1,0.39775,0.7215,0,0,0,0,0,0,0.2558139534883721,0.3333333333333333,0.7209302325581395,0.25,0.3548387096774194,0.023255813953488372,0.0,0.020833333333333332,0.023255813953488372,0.8,0.8,0.3870967741935484,0.2903225806451613,0.2903225806451613,0.2903225806451613,0.0,0.3854642857142857,0.5185952380952381,0.23076923076923078,0.5,0.41437499999999994,0.45937499999999987,0.24390243902439024,0.2926829268292683,0.23404255319148937,0.13333333333333333,0.23333333333333334,0.16666666666666666,0.6909090909090909,0.20725388601036268,0.417910447761194,0.1791044776119403,0.32894736842105265,0.2631578947368421,0.02631578947368421,7.788461538461538,0.8653846153846154,8.134615384615385,0.21658986175115208,0.5631180626009805,0.1816034285865805,0.5631180626009805,0.2558139534883721,"{""bet365"": {""0.5"": {""over"": -135, ""under"": 100}}, ""betmgm"": {""1.5"": {""over"": 125, ""under"": -165}}, ""draftkings"": {""0.5"": {""over"": -135, ""under"": 102}}, ""fanduel"": {""0.5"": {""over"": -170}}}",0.5,over,bet365,-135.0,0.574468085106383,True,-0.0114,1.5,over,betmgm,125.0,0.4444444444444444,True,-0.2628
683002,Gunnar Henderson,BAL,TEX,0,1.0,1,677958,Kumar Rocker,R,822862,2:35 PM ET,Globe Life Field,0,1,0.23826714801444043,2026-08-09,822862,1.0,0,94.8,94.6,93.8,L,4,4,0,0,0,0,0,0,0,1,0,3,0,2,1,0,1,0.14966666666666664,0.38899999999999996,0,0,0,0,1,0,0.1568627450980392,0.328125,0.7450980392156863,0.203125,0.1891891891891892,0.13725490196078433,0.015625,0.0,0.058823529411764705,1.0,0.8666666666666667,0.5,0.23684210526315788,0.42105263157894735,0.3157894736842105,0.05263157894736842,0.34327222222222226,0.657,0.09090909090909091,0.05555555555555555,0.3285666666666666,0.6270666666666667,0.13114754098360656,0.21311475409836064,0.2835820895522388,0.2711864406779661,0.4576271186440678,0.17391304347826086,0.6909090909090909,0.20725388601036268,0.417910447761194,0.1791044776119403,0.32894736842105265,0.2631578947368421,0.02631578947368421,7.788461538461538,0.8653846153846154,8.134615384615385,0.21658986175115208,0.6111471501297109,0.15863356387801095,0.6111471501297109,0.1568627450980392,"{""bet365"": {""0.5"": {""over"": -260, ""under"": 190}}, ""betmgm"": {""0.5"": {""over"": -135, ""under"": 100}}, ""draftkings"": {""0.5"": {""over"": -262, ""under"": 193}}, ""fanduel"": {""0.5"": {""over"": 225}}}",0.5,over,fanduel,225.0,0.3076923076923077,True,0.3035,1.5,,,,,False,
702616,Jackson Holliday,BAL,TEX,0,3.0,1,677958,Kumar Rocker,R,822862,2:35 PM ET,Globe Life Field,0,1,0.23826714801444043,2026-08-09,822862,1.0,0,94.8,94.6,93.8,L,4,3,2,1,0,1,1,0,0,1,6,2,1,2,1,1,0,0.593,1.8175,1,1,1,1,1,0,0.3125,0.39285714285714285,0.7291666666666666,0.23214285714285715,0.4166666666666667,0.041666666666666664,0.0,0.03571428571428571,0.041666666666666664,1.1333333333333333,0.8666666666666667,0.3333333333333333,0.25,0.4722222222222222,0.16666666666666666,0.0,0.2834107142857143,0.3383392857142858,0.0,0.375,0.04604166666666677,0.05295833333333341,0.3333333333333333,0.38095238095238093,0.19607843137254902,0.20454545454545456,0.22727272727272727,0.32727272727272727,0.6909090909090909,0.20725388601036268,0.417910447761194,0.1791044776119403,0.32894736842105265,0.2631578947368421,0.02631578947368421,7.788461538461538,0.8653846153846154,8.134615384615385,0.21658986175115208,0.48639956015363345,0.14571733067580336,0.48639956015363345,0.3125,"{""bet365"": {""0.5"": {""over"": -175, ""under"": 132}}, ""draftkings"": {""0.5"": {""over"": -184, ""under"": 138}}, ""fanduel"": {""0.5"": {""over"": -190}}}",0.5,over,bet365,-175.0,0.6363636363636364,True,-0.15,1.5,,,,,False,
665750,Leody Taveras,BAL,TEX,0,6.0,1,677958,Kumar Rocker,R,822862,2:35 PM ET,Globe Life Field,0,1,0.23826714801444043,2026-08-09,822862,1.0,0,94.8,94.6,93.8,L,4,4,0,0,0,0,0,0,0,1,0,3,0,0,2,1,0,0.030666666666666665,0.043666666666666666,0,0,0,0,1,0,0.17857142857142858,0.23333333333333334,0.7142857142857143,0.25806451612903225,0.16666666666666666,0.25,0.06451612903225806,0.03225806451612903,0.10714285714285714,0.8,0.5333333333333333,0.5238095238095238,0.23809523809523808,0.42857142857142855,0.2857142857142857,0.0,0.270075,0.44606666666666667,0.42857142857142855,0.25,0.2680000000000001,0.5158750000000001,0.14893617021276595,0.3404255319148936,0.2631578947368421,0.13636363636363635,0.22727272727272727,0.2916666666666667,0.6909090909090909,0.20725388601036268,0.417910447761194,0.1791044776119403,0.32894736842105265,0.2631578947368421,0.02631578947368421,7.788461538461538,0.8653846153846154,8.134615384615385,0.21658986175115208,0.5440242871039401,0.12739153375796095,0.5440242871039401,0.17857142857142858,"{""bet365"": {""0.5"": {""over"": -150, ""under"": 110}}, ""betmgm"": {""1.5"": {""over"": 105, ""under"": -140}}, ""draftkings"": {""0.5"": {""over"": -161, ""under"": 121}, ""1.5"": {""over"": 165, ""under"": -225}}, ""fanduel"": {""0.5"": {""over"": -170}}}",0.5,over,bet365,-150.0,0.6,True,-0.056,1.5,over,draftkings,165.0,0.37735849056603776,True,-0.25
624413,Pete Alonso,BAL,TEX,0,2.0,1,677958,Kumar Rocker,R,822862,2:35 PM ET,Globe Life Field,1,1,0.23826714801444043,2026-08-09,822862,1.0,0,94.8,94.6,93.8,R,4,4,1,1,0,0,0,0,0,1,2,3,0,2,2,1,0,0.3183333333333333,1.0393333333333332,1,0,1,1,1,0,0.25,0.296875,0.7666666666666667,0.21875,0.29545454545454547,0.16666666666666666,0.03125,0.0625,0.1,1.6666666666666667,0.9333333333333333,0.6086956521739131,0.30434782608695654,0.2826086956521739,0.2826086956521739,0.021739130434782608,0.42427444444444445,0.8586422222222223,0.17647058823529413,0.2777777777777778,0.44593333333333335,0.8234666666666666,0.23214285714285715,0.39285714285714285,0.24242424242424243,0.24561403508771928,0.45614035087719296,0.328125,0.6909090909090909,0.20725388601036268,0.417910447761194,0.1791044776119403,0.32894736842105265,0.2631578947368421,0.02631578947368421,7.788461538461538,0.8653846153846154,8.134615384615385,0.21658986175115208,0.6405623778673627,0.2666222876468413,0.6405623778673627,0.25,"{""bet365"": {""0.5"": {""over"": -220, ""under"": 160}}, ""draftkings"": {""0.5"": {""over"": -229, ""under"": 170}}, ""fanduel"": {""0.5"": {""over"": -210}}}",0.5,over,fanduel,-210.0,0.6774193548387096,True,-0.0369,1.5,,,,,False,
641933,Tyler O'Neill,BAL,TEX,0,4.0,1,677958,Kumar Rocker,R,822862,2:35 PM ET,Globe Life Field,1,1,0.23826714801444043,2026-08-09,822862,1.0,0,94.8,94.6,93.8,R,4,2,1,0,0,0,2,0,0,0,1,2,0,0,0,1,1,0.6515,0.745,1,0,1,0,0,0,0.32432432432432434,0.375,0.7567567567567568,0.225,0.36,0.2972972972972973,0.075,0.05,0.13513513513513514,1.5333333333333334,0.6,0.39285714285714285,0.17857142857142858,0.2857142857142857,0.42857142857142855,0.07142857142857142,0.29178000000000004,0.6311733333333334,0.4,0.07692307692307693,0.22360000000000008,0.6595999999999999,0.2,0.36,0.35185185185185186,0.3888888888888889,0.9444444444444444,0.24324324324324326,0.6909090909090909,0.20725388601036268,0.417910447761194,0.1791044776119403,0.32894736842105265,0.2631578947368421,0.02631578947368421,7.788461538461538,0.8653846153846154,8.134615384615385,0.21658986175115208,0.5444183851089957,0.16669433368181327,0.5444183851089957,0.32432432432432434,"{""bet365"": {""0.5"": {""over"": -150, ""under"": 110}}, ""betmgm"": {""0.5"": {""over"": 105, ""under"": -140}}, ""draftkings"": {""0.5"": {""over"": -156, ""under"": 117}}, ""fanduel"": {""0.5"": {""over"": -170}}}",0.5,over,betmgm,105.0,0.4878048780487805,True,0.0566,1.5,,,,,False,
805811,Bryce Eldridge,SF,DET,1,1.0,1,675512,Troy Melton,R,823190,4:05 PM ET,Oracle Park,0,1,0.19646017699115045,2026-08-09,823190,0.0,1,100.6,96.8,86.1,L,4,4,0,0,0,0,0,0,0,1,0,3,0,1,1,2,0,0.20099999999999998,0.23133333333333336,0,0,0,0,1,0,0.18181818181818182,0.27419354838709675,0.6545454545454545,0.3064516129032258,0.2571428571428571,0.07272727272727272,0.016129032258064516,0.016129032258064516,0.03636363636363636,0.9333333333333333,1.2666666666666666,0.4444444444444444,0.16666666666666666,0.4444444444444444,0.3333333333333333,0.027777777777777776,0.3065357142857143,0.46349999999999997,0.2777777777777778,0.21052631578947367,0.30645,0.4155499999999999,0.18518518518518517,0.37037037037037035,0.3125,0.23636363636363636,0.41818181818181815,0.2786885245901639,0.6764705882352942,0.14761904761904762,0.3348623853211009,0.1559633027522936,0.453416149068323,0.19875776397515527,0.012422360248447204,5.151315789473685,1.4210526315789476,6.039473684210526,0.17525773195876287,0.6506224527986566,0.26852587713412707,0.6506224527986566,0.18181818181818182,"{""novig"": {""0.5"": {""over"": -170, ""under"": 122}}, ""bet365"": {""0.5"": {""over"": -180, ""under"": 135}}, ""betmgm"": {""0.5"": {""over"": -125, ""under"": -110}}, ""draftkings"": {""0.5"": {""over"": -162, ""under"": 122}}, ""fanduel"": {""0.5"": {""over"": -132}}}",0.5,over,betmgm,-125.0,0.5555555555555556,True,0.0951,1.5,,,,,False,
683766,Christian Koss,SF,DET,1,9.0,1,675512,Troy Melton,R,823190,4:05 PM ET,Oracle Park,1,1,0.19646017699115045,2026-08-09,823190,0.0,1,100.6,96.8,86.1,R,3,3,0,0,0,0,0,0,0,1,0,2,0,1,1,1,0,0.076,0.08650000000000001,0,0,0,0,1,0,0.18421052631578946,0.24390243902439024,0.7368421052631579,0.24390243902439024,0.25,0.0,0.0,0.0,0.0,0.4666666666666667,0.6666666666666666,0.25,0.17857142857142858,0.5,0.17857142857142858,0.0,0.2693589743589743,0.3226282051282051,0.07692307692307693,0.46153846153846156,0.32675,0.37637499999999996,0.1891891891891892,0.21621621621621623,0.25,0.2857142857142857,0.34285714285714286,0.24390243902439024,0.6764705882352942,0.14761904761904762,0.3348623853211009,0.1559633027522936,0.453416149068323,0.19875776397515527,0.012422360248447204,5.151315789473685,1.4210526315789476,6.039473684210526,0.17525773195876287,0.3502463537813821,0.07333964585543944,0.3502463537813821,0.18421052631578946,"{""novig"": {""0.5"": {""over"": -122, ""under"": 122}}, ""bet365"": {""0.5"": {""over"": -130, ""under"": -105}}, ""betmgm"": {""0.5"": {""over"": -125, ""under"": -105}}, ""draftkings"": {""0.5"": {""over"": -123, ""under"": -108}}, ""fanduel"": {""0.5"": {""over"": -155}}}",0.5,over,novig,-122.0,0.5495495495495496,True,-0.1993,1.5,,,,,False,
691740,Daniel Susac,SF,DET,1,7.0,1,675512,Troy Melton,R,823190,4:05 PM ET,Oracle Park,1,1,0.19646017699115045,2026-08-09,823190,0.0,1,100.6,96.8,86.1,R,2,2,0,0,0,0,0,0,0,1,0,1,0,1,0,0,1,0.271,0.564,0,0,0,0,1,0,0.18604651162790697,0.22916666666666666,0.7441860465116279,0.22916666666666666,0.16129032258064516,0.27906976744186046,0.0625,0.0625,0.13953488372093023,1.3333333333333333,0.7333333333333333,0.35294117647058826,0.29411764705882354,0.3235294117647059,0.2647058823529412,0.0,0.28419642857142857,0.48340476190476184,0.1875,0.23529411764705882,0.170125,0.23497916666666666,0.22,0.4,0.17543859649122806,0.375,0.525,0.20930232558139536,0.6764705882352942,0.14761904761904762,0.3348623853211009,0.1559633027522936,0.453416149068323,0.19875776397515527,0.012422360248447204,5.151315789473685,1.4210526315789476,6.039473684210526,0.17525773195876287,0.566188113993488,0.20128021407848964,0.566188113993488,0.18604651162790697,"{""bet365"": {""0.5"": {""over"": -155, ""under"": 115}}, ""draftkings"": {""0.5"": {""over"": -135, ""under"": 100}}, ""fanduel"": {""0.5"": {""over"": 104}}}",0.5,over,fanduel,104.0,0.49019607843137253,True,0.076,1.5,,,,,False,
687551,Drew Gilbert,SF,DET,1,6.0,1,675512,Troy Melton,R,823190,4:05 PM ET,Oracle Park,0,1,0.19646017699115045,2026-08-09,823190,0.0,1,100.6,96.8,86.1,L,3,3,0,0,0,0,0,0,0,0,0,3,1,1,3,0,0,0.27699999999999997,0.918,0,0,0,0,0,0,0.2702702702702703,0.38636363636363635,0.8378378378378378,0.13636363636363635,0.3225806451612903,0.0,0.0,0.0,0.0,0.6666666666666666,0.4,0.3548387096774194,0.3548387096774194,0.2903225806451613,0.22580645161290322,0.06451612903225806,0.40553333333333336,0.6210777777777778,0.18181818181818182,0.07142857142857142,0.3019000000000001,0.33166666666666667,0.23809523809523808,0.23809523809523808,0.10416666666666667,0.058823529411764705,0.058823529411764705,0.3333333333333333,0.6764705882352942,0.14761904761904762,0.3348623853211009,0.1559633027522936,0.453416149068323,0.19875776397515527,0.012422360248447204,5.151315789473685,1.4210526315789476,6.039473684210526,0.17525773195876287,0.5974744423409869,0.1715340544089077,0.5974744423409869,0.2702702702702703,"{""novig"": {""0.5"": {""over"": -133, ""under"": -104}}, ""bet365"": {""0.5"": {""over"": -135, ""under"": 100}}, ""betmgm"": {""0.5"": {""over"": -140, ""under"": 105}}, ""draftkings"": {""0.5"": {""over"": -130, ""under"": -105}}, ""fanduel"": {""0.5"": {""over"": -154}}}",0.5,over,draftkings,-130.0,0.5652173913043478,True,0.0323,1.5,,,,,False,
687529,Grant McCray,SF,DET,1,8.0,1,675512,Troy Melton,R,823190,4:05 PM ET,Oracle Park,0,1,0.19646017699115045,2026-08-09,823190,0.0,1,100.6,96.8,86.1,L,3,2,0,0,0,0,0,0,0,0,0,3,1,1,1,2,0,0.41100000000000003,1.034,0,0,0,0,0,0,0.1,0.325,0.6333333333333333,0.2619047619047619,0.1111111111111111,0.1,0.023809523809523808,0.0,0.03333333333333333,0.4,0.7333333333333333,0.14285714285714285,0.19047619047619047,0.5238095238095238,0.19047619047619047,0.047619047619047616,0.23675757575757575,0.3200151515151515,0.0,0.3125,0.2,0.23174999999999987,0.08,0.2,0.2571428571428571,0.16129032258064516,0.2903225806451613,0.3611111111111111,0.6764705882352942,0.14761904761904762,0.3348623853211009,0.1559633027522936,0.453416149068323,0.19875776397515527,0.012422360248447204,5.151315789473685,1.4210526315789476,6.039473684210526,0.17525773195876287,0.49371714784366105,0.1310103103253505,0.49371714784366105,0.1,"{""novig"": {""0.5"": {""over"": 113, ""under"": -113}}, ""bet365"": {""0.5"": {""over"": -120, ""under"": -110}}, ""betmgm"": {""0.5"": {""over"": -115, ""under"": -115}}, ""draftkings"": {""0.5"": {""over"": -105, ""under"": -130}}, ""fanduel"": {""0.5"": {""over"": -115}}}",0.5,over,novig,113.0,0.4694835680751174,True,0.0242,1.5,,,,,False,
808982,Jung Hoo Lee,SF,DET,1,2.0,1,675512,Troy Melton,R,823190,4:05 PM ET,Oracle Park,0,1,0.19646017699115045,2026-08-09,823190,0.0,1,100.6,96.8,86.1,L,3,3,0,0,0,0,0,0,0,0,0,3,0,2,0,3,0,0.20933333333333334,0.2273333333333333,0,0,0,0,0,0,0.3050847457627119,0.36363636363636365,0.8813559322033898,0.10606060606060606,0.3,0.2711864406779661,0.045454545454545456,0.07575757575757576,0.15254237288135594,2.2666666666666666,0.4666666666666667,0.2830188679245283,0.2641509433962264,0.4716981132075472,0.16981132075471697,0.018867924528301886,0.3453311111111111,0.4793766666666667,0.4,0.043478260869565216,0.3110433333333333,0.5131133333333333,0.288135593220339,0.5084745762711864,0.15625,0.2982456140350877,0.43859649122807015,0.11475409836065574,0.6764705882352942,0.14761904761904762,0.3348623853211009,0.1559633027522936,0.453416149068323,0.19875776397515527,0.012422360248447204,5.151315789473685,1.4210526315789476,6.039473684210526,0.17525773195876287,0.6543384692630926,0.26114764738920865,0.6543384692630926,0.3050847457627119,"{""novig"": {""1.5"": {""over"": 217}}, ""betmgm"": {""0.5"": {""over"": -165, ""under"": 125}}, ""draftkings"": {""0.5"": {""over"": -150, ""under"": 115}}, ""fanduel"": {""0.5"": {""over"": -166}}}",0.5,over,draftkings,-150.0,0.6,True,0.0543,1.5,over,novig,217.0,0.31545741324921134,True,-0.0543
678545,Osleivis Basabe,SF,DET,1,5.0,1,675512,Troy Melton,R,823190,4:05 PM ET,Oracle Park,1,1,0.19646017699115045,2026-08-09,823190,0.0,1,100.6,96.8,86.1,R,3,3,0,0,0,0,0,0,0,0,0,3,0,0,1,2,0,0.152,0.1955,0,0,0,0,0,0,0.2857142857142857,0.29545454545454547,0.7619047619047619,0.22727272727272727,0.3,0.23809523809523808,0.06818181818181818,0.022727272727272728,0.09523809523809523,1.4666666666666666,0.6666666666666666,0.42424242424242425,0.12121212121212122,0.5151515151515151,0.3333333333333333,0.06060606060606061,0.2928958333333333,0.48607777777777783,0.3333333333333333,0.15,0.37249999999999994,0.63802,0.25,0.375,0.2619047619047619,0.2702702702702703,0.5675675675675675,0.24390243902439024,0.6764705882352942,0.14761904761904762,0.3348623853211009,0.1559633027522936,0.453416149068323,0.19875776397515527,0.012422360248447204,5.151315789473685,1.4210526315789476,6.039473684210526,0.17525773195876287,0.654061363318844,0.2331737323685649,0.654061363318844,0.2857142857142857,"{""novig"": {""0.5"": {""over"": -170, ""under"": 125}}, ""bet365"": {""0.5"": {""over"": -200, ""under"": 150}}, ""betmgm"": {""0.5"": {""over"": -165, ""under"": 125}}, ""draftkings"": {""0.5"": {""over"": -165, ""under"": 120}}, ""fanduel"": {""0.5"": {""over"": -210}}}",0.5,over,betmgm,-165.0,0.6226415094339622,True,0.0314,1.5,,,,,False,
646240,Rafael Devers,SF,DET,1,4.0,1,675512,Troy Melton,R,823190,4:05 PM ET,Oracle Park,0,1,0.19646017699115045,2026-08-09,823190,0.0,1,100.6,96.8,86.1,L,3,3,0,0,0,0,0,0,0,2,0,1,0,1,0,1,0,0.531,0.607,0,0,0,0,1,1,0.3018867924528302,0.3968253968253968,0.8490566037735849,0.12698412698412698,0.2857142857142857,0.2641509433962264,0.06349206349206349,0.031746031746031744,0.11320754716981132,2.0,0.5333333333333333,0.5869565217391305,0.17391304347826086,0.5217391304347826,0.2826086956521739,0.021739130434782608,0.31810555555555553,0.5489111111111111,0.2222222222222222,0.15,0.2745666666666668,0.5280666666666666,0.21052631578947367,0.45614035087719296,0.234375,0.24074074074074073,0.42592592592592593,0.20967741935483872,0.6764705882352942,0.14761904761904762,0.3348623853211009,0.1559633027522936,0.453416149068323,0.19875776397515527,0.012422360248447204,5.151315789473685,1.4210526315789476,6.039473684210526,0.17525773195876287,0.6521797708136166,0.23180455788914997,0.6521797708136166,0.3018867924528302,"{""novig"": {""0.5"": {""over"": -167, ""under"": 127}}, ""bet365"": {""0.5"": {""over"": -190, ""under"": 140}}, ""betmgm"": {""0.5"": {""over"": -210, ""under"": 150}}, ""draftkings"": {""0.5"": {""over"": -155, ""under"": 115}}, ""fanduel"": {""0.5"": {""over"": -185}}}",0.5,over,draftkings,-155.0,0.6078431372549019,True,0.0443,1.5,,,,,False,
642715,Willy Adames,SF,DET,1,3.0,1,675512,Troy Melton,R,823190,4:05 PM ET,Oracle Park,1,1,0.19646017699115045,2026-08-09,823190,0.0,1,100.6,96.8,86.1,R,3,3,1,0,0,0,0,0,0,1,1,2,0,0,1,1,0,0.4215,0.481,1,0,1,0,1,0,0.18867924528301888,0.29508196721311475,0.7169811320754716,0.2459016393442623,0.24324324324324326,0.11320754716981132,0.01639344262295082,0.04918032786885246,0.07547169811320754,1.0666666666666667,1.0,0.2894736842105263,0.13157894736842105,0.39473684210526316,0.3157894736842105,0.0,0.2455088888888889,0.36587333333333333,0.15789473684210525,0.38095238095238093,0.22023333333333334,0.44316666666666665,0.17307692307692307,0.40384615384615385,0.2833333333333333,0.288135593220339,0.5423728813559322,0.234375,0.6764705882352942,0.14761904761904762,0.3348623853211009,0.1559633027522936,0.453416149068323,0.19875776397515527,0.012422360248447204,5.151315789473685,1.4210526315789476,6.039473684210526,0.17525773195876287,0.6443651206346247,0.254006227372424,0.6443651206346247,0.18867924528301888,"{""novig"": {""0.5"": {""over"": -156, ""under"": 115}}, ""bet365"": {""0.5"": {""over"": -165, ""under"": 125}}, ""betmgm"": {""0.5"": {""over"": -105, ""under"": -130}}, ""draftkings"": {""0.5"": {""over"": 100, ""under"": -135}}, ""fanduel"": {""0.5"": {""over"": -170}}}",0.5,over,draftkings,100.0,0.5,True,0.1444,1.5,,,,,False,
690993,Colt Keith,DET,SF,0,5.0,1,657277,Logan Webb,R,823190,4:05 PM ET,Oracle Park,0,1,0.20193861066235863,2026-08-09,823190,0.0,1,100.6,96.8,86.1,L,3,0,0,0,0,0,3,0,0,0,0,0,0,0,0,0,0,0.091,0.309,0,0,0,0,0,0,0.3695652173913043,0.42,0.8043478260869565,0.18,0.4594594594594595,0.17391304347826086,0.0,0.08,0.13043478260869565,1.6666666666666667,0.6,0.32432432432432434,0.35135135135135137,0.3783783783783784,0.1891891891891892,0.0,0.33947619047619043,0.47295238095238096,0.35294117647058826,0.2222222222222222,0.3475166666666666,0.48261666666666675,0.37209302325581395,0.5581395348837209,0.14893617021276595,0.27906976744186046,0.32558139534883723,0.2127659574468085,0.7644787644787645,0.18143459915611815,0.30578512396694213,0.10743801652892562,0.494949494949495,0.23737373737373738,0.020202020202020204,7.673684210526317,0.7105263157894738,7.247368421052633,0.204,0.6513931494724108,0.22173812627995226,0.6513931494724108,0.3695652173913043,"{""novig"": {""0.5"": {""over"": -141, ""under"": 141}}, ""bet365"": {""0.5"": {""over"": -210, ""under"": 155}}, ""betmgm"": {""0.5"": {""over"": -200, ""under"": 145}}, ""draftkings"": {""0.5"": {""over"": -185, ""under"": 135}}, ""fanduel"": {""0.5"": {""over"": -140}}}",0.5,over,fanduel,-140.0,0.5833333333333334,True,0.0681,1.5,,,,,False,
693307,Dillon Dingler,DET,SF,0,3.0,1,657277,Logan Webb,R,823190,4:05 PM ET,Oracle Park,1,1,0.20193861066235863,2026-08-09,823190,0.0,1,100.6,96.8,86.1,R,5,4,1,1,0,0,1,0,0,0,2,4,0,2,0,2,2,0.31325,0.4945,1,0,1,1,0,0,0.296875,0.35714285714285715,0.703125,0.2714285714285714,0.36585365853658536,0.203125,0.05714285714285714,0.014285714285714285,0.078125,2.1333333333333333,1.2666666666666666,0.3111111111111111,0.2222222222222222,0.4444444444444444,0.24444444444444444,0.044444444444444446,0.42121547619047617,0.6897416666666667,0.391304347826087,0.23076923076923078,0.5154,1.06522,0.30158730158730157,0.5714285714285714,0.2318840579710145,0.29411764705882354,0.5490196078431373,0.19298245614035087,0.7644787644787645,0.18143459915611815,0.30578512396694213,0.10743801652892562,0.494949494949495,0.23737373737373738,0.020202020202020204,7.673684210526317,0.7105263157894738,7.247368421052633,0.204,0.6347772667470173,0.22261573567775775,0.6347772667470173,0.296875,"{""novig"": {""0.5"": {""over"": -277, ""under"": 277}}, ""betmgm"": {""0.5"": {""over"": -165, ""under"": 125}}, ""bet365"": {""1.5"": {""over"": 195, ""under"": -270}}, ""draftkings"": {""0.5"": {""over"": -180, ""under"": 130}, ""1.5"": {""over"": 197, ""under"": -269}}, ""fanduel"": {""0.5"": {""over"": -192}}}",0.5,over,betmgm,-165.0,0.6226415094339622,True,0.0121,1.5,over,draftkings,197.0,0.3367003367003367,True,-0.1141
680664,Eduardo Valencia,DET,SF,0,8.0,1,657277,Logan Webb,R,823190,4:05 PM ET,Oracle Park,1,1,0.20193861066235863,2026-08-09,823190,0.0,1,100.6,96.8,86.1,R,2,2,1,1,0,0,0,0,0,0,2,2,1,2,1,0,1,0.524,1.343,1,0,1,1,0,0,0.38461538461538464,0.4,0.7435897435897436,0.25,0.44,0.38461538461538464,0.1,0.075,0.1794871794871795,2.142857142857143,0.7142857142857143,0.5172413793103449,0.27586206896551724,0.41379310344827586,0.3103448275862069,0.13793103448275862,0.4218939393939394,0.9694636363636365,0.38461538461538464,0.3076923076923077,0.4913666666666666,0.9753000000000001,0.6428571428571429,1.0714285714285714,0.21428571428571427,0.2727272727272727,0.6818181818181818,0.2608695652173913,0.7644787644787645,0.18143459915611815,0.30578512396694213,0.10743801652892562,0.494949494949495,0.23737373737373738,0.020202020202020204,7.673684210526317,0.7105263157894738,7.247368421052633,0.204,0.6179877328306065,0.1963102350947765,0.6179877328306065,0.38461538461538464,"{""novig"": {""0.5"": {""over"": -160, ""under"": 117}}, ""bet365"": {""0.5"": {""over"": -175, ""under"": 132}}, ""betmgm"": {""0.5"": {""over"": -190, ""under"": 140}}, ""draftkings"": {""0.5"": {""over"": -150, ""under"": 110}}, ""fanduel"": {""0.5"": {""over"": -186}}}",0.5,over,draftkings,-150.0,0.6,True,0.018,1.5,,,,,False,
650402,Gleyber Torres,DET,SF,0,2.0,1,657277,Logan Webb,R,823190,4:05 PM ET,Oracle Park,1,1,0.20193861066235863,2026-08-09,823190,0.0,1,100.6,96.8,86.1,R,5,4,0,0,0,0,1,0,0,0,0,4,0,0,1,2,1,0.094,0.14650000000000002,0,0,0,0,0,0,0.20689655172413793,0.31343283582089554,0.7068965517241379,0.2537313432835821,0.23684210526315788,0.1896551724137931,0.04477611940298507,0.029850746268656716,0.08620689655172414,1.5333333333333334,1.1333333333333333,0.3902439024390244,0.24390243902439024,0.4146341463414634,0.2926829268292683,0.0,0.28796666666666665,0.44111428571428574,0.2631578947368421,0.125,0.2659399999999999,0.4138533333333333,0.27586206896551724,0.5172413793103449,0.24615384615384617,0.17647058823529413,0.29411764705882354,0.14925373134328357,0.7644787644787645,0.18143459915611815,0.30578512396694213,0.10743801652892562,0.494949494949495,0.23737373737373738,0.020202020202020204,7.673684210526317,0.7105263157894738,7.247368421052633,0.204,0.6515458170678723,0.2520781146200703,0.6515458170678723,0.20689655172413793,"{""bet365"": {""0.5"": {""over"": -235, ""under"": 175}}, ""betmgm"": {""0.5"": {""over"": -155, ""under"": 115}}, ""draftkings"": {""0.5"": {""over"": -140, ""under"": 105}}, ""fanduel"": {""0.5"": {""over"": -240}}}",0.5,over,draftkings,-140.0,0.5833333333333334,True,0.0682,1.5,,,,,False,
805808,Kevin McGonigle,DET,SF,0,1.0,1,657277,Logan Webb,R,823190,4:05 PM ET,Oracle Park,0,1,0.20193861066235863,2026-08-09,823190,0.0,1,100.6,96.8,86.1,L,6,6,1,0,0,0,0,0,0,0,1,6,0,1,2,3,1,0.1595,0.18816666666666668,1,0,1,0,0,0,0.3333333333333333,0.4166666666666667,0.8333333333333334,0.136986301369863,0.3469387755102041,0.15,0.0410958904109589,0.0,0.05,1.9333333333333333,0.6666666666666666,0.3269230769230769,0.23076923076923078,0.3269230769230769,0.40384615384615385,0.0,0.3098055555555555,0.4420444444444444,0.2631578947368421,0.125,0.1975833333333333,0.2984000000000001,0.36666666666666664,0.55,0.09859154929577464,0.2,0.2833333333333333,0.21212121212121213,0.7644787644787645,0.18143459915611815,0.30578512396694213,0.10743801652892562,0.494949494949495,0.23737373737373738,0.020202020202020204,7.673684210526317,0.7105263157894738,7.247368421052633,0.204,0.6811318632582551,0.2526317266861128,0.6811318632582551,0.3333333333333333,"{""novig"": {""1.5"": {""over"": 203, ""under"": -203}}, ""betmgm"": {""0.5"": {""over"": -200, ""under"": 145}}, ""bet365"": {""1.5"": {""over"": 202, ""under"": -280}}, ""draftkings"": {""0.5"": {""over"": -175, ""under"": 130}}, ""fanduel"": {""0.5"": {""over"": -180}}}",0.5,over,draftkings,-175.0,0.6363636363636364,True,0.0448,1.5,over,novig,203.0,0.33003300330033003,True,-0.0774
703601,Max Clark,DET,SF,0,7.0,1,657277,Logan Webb,R,823190,4:05 PM ET,Oracle Park,0,1,0.20193861066235863,2026-08-09,823190,0.0,1,100.6,96.8,86.1,L,5,5,2,0,1,0,0,0,0,1,4,4,0,1,3,1,0,0.28475,0.509,1,1,1,1,1,0,0.3333333333333333,0.4594594594594595,0.5666666666666667,0.35135135135135137,0.5625,0.16666666666666666,0.02702702702702703,0.05405405405405406,0.1,1.5,1.3,0.47058823529411764,0.35294117647058826,0.29411764705882354,0.29411764705882354,0.0,0.40471428571428575,0.5299047619047619,0.21052631578947367,0.43478260869565216,0.3794666666666667,0.45636666666666664,0.22727272727272727,0.36363636363636365,0.46153846153846156,,,,0.7644787644787645,0.18143459915611815,0.30578512396694213,0.10743801652892562,0.494949494949495,0.23737373737373738,0.020202020202020204,7.673684210526317,0.7105263157894738,7.247368421052633,0.204,0.5631180626009805,0.16629558905088884,0.5631180626009805,0.3333333333333333,"{""novig"": {""0.5"": {""over"": -174, ""under"": 174}}, ""bet365"": {""0.5"": {""over"": -190, ""under"": 140}}, ""betmgm"": {""0.5"": {""over"": -190, ""under"": 140}}, ""draftkings"": {""0.5"": {""over"": -160, ""under"": 120}}, ""fanduel"": {""0.5"": {""over"": -200}}}",0.5,over,draftkings,-160.0,0.6153846153846154,True,-0.0523,1.5,,,,,False,
682985,Riley Greene,DET,SF,0,4.0,1,657277,Logan Webb,R,823190,4:05 PM ET,Oracle Park,0,1,0.20193861066235863,2026-08-09,823190,0.0,1,100.6,96.8,86.1,L,5,4,1,0,0,0,1,0,0,3,1,1,0,0,0,0,1,0.62,0.705,1,0,1,0,1,1,0.17857142857142858,0.27692307692307694,0.75,0.2153846153846154,0.21428571428571427,0.125,0.015384615384615385,0.06153846153846154,0.08928571428571429,1.1333333333333333,0.9333333333333333,0.3953488372093023,0.20930232558139536,0.3953488372093023,0.3953488372093023,0.046511627906976744,0.3247444444444445,0.6676277777777777,0.25,0.2608695652173913,0.28769999999999996,0.49526666666666674,0.24561403508771928,0.47368421052631576,0.25,0.16981132075471697,0.24528301886792453,0.24193548387096775,0.7644787644787645,0.18143459915611815,0.30578512396694213,0.10743801652892562,0.494949494949495,0.23737373737373738,0.020202020202020204,7.673684210526317,0.7105263157894738,7.247368421052633,0.204,0.6452326595996603,0.2143406473881273,0.6452326595996603,0.17857142857142858,"{""novig"": {""0.5"": {""over"": -199, ""under"": 199}}, ""bet365"": {""0.5"": {""over"": -260, ""under"": 190}}, ""betmgm"": {""0.5"": {""over"": -235, ""under"": 165}}, ""draftkings"": {""0.5"": {""over"": -210, ""under"": 155}}, ""fanduel"": {""0.5"": {""over"": -146}}}",0.5,over,fanduel,-146.0,0.5934959349593496,True,0.0517,1.5,,,,,False,
679529,Spencer Torkelson,DET,SF,0,6.0,1,657277,Logan Webb,R,823190,4:05 PM ET,Oracle Park,1,1,0.20193861066235863,2026-08-09,823190,0.0,1,100.6,96.8,86.1,R,5,3,1,0,0,0,2,0,0,0,1,3,0,1,1,2,0,0.15933333333333335,0.163,1,0,1,0,0,0,0.3392857142857143,0.38095238095238093,0.7321428571428571,0.23809523809523808,0.4146341463414634,0.125,0.031746031746031744,0.015873015873015872,0.05357142857142857,1.7333333333333334,1.0,0.3953488372093023,0.16279069767441862,0.3953488372093023,0.3488372093023256,0.046511627906976744,0.3225833333333334,0.5742966666666667,0.3181818181818182,0.34782608695652173,0.4360799999999999,0.8340266666666668,0.2545454545454545,0.36363636363636365,0.3114754098360656,0.24528301886792453,0.5660377358490566,0.3,0.7644787644787645,0.18143459915611815,0.30578512396694213,0.10743801652892562,0.494949494949495,0.23737373737373738,0.020202020202020204,7.673684210526317,0.7105263157894738,7.247368421052633,0.204,0.576439732124125,0.21982616919056955,0.576439732124125,0.3392857142857143,"{""bet365"": {""0.5"": {""over"": -180, ""under"": 135}}, ""betmgm"": {""0.5"": {""over"": -160, ""under"": 120}}, ""draftkings"": {""0.5"": {""over"": -175, ""under"": 130}}, ""fanduel"": {""0.5"": {""over"": -210}}}",0.5,over,betmgm,-160.0,0.6153846153846154,True,-0.0389,1.5,,,,,False,
656716,Zach McKinstry,DET,SF,0,9.0,1,657277,Logan Webb,R,823190,4:05 PM ET,Oracle Park,0,1,0.20193861066235863,2026-08-09,823190,0.0,1,100.6,96.8,86.1,L,5,4,1,1,0,0,1,0,0,0,2,4,0,1,1,2,1,0.135,0.2425,1,0,1,1,0,0,0.37777777777777777,0.45098039215686275,0.9333333333333333,0.058823529411764705,0.40476190476190477,0.15555555555555556,0.0,0.09803921568627451,0.13333333333333333,1.6,0.2,0.35714285714285715,0.42857142857142855,0.2619047619047619,0.2619047619047619,0.023809523809523808,0.36498214285714287,0.47867261904761904,0.4666666666666667,0.0,0.39333333333333326,0.4820000000000001,0.32558139534883723,0.4883720930232558,0.08163265306122448,0.2,0.2222222222222222,0.16666666666666666,0.7644787644787645,0.18143459915611815,0.30578512396694213,0.10743801652892562,0.494949494949495,0.23737373737373738,0.020202020202020204,7.673684210526317,0.7105263157894738,7.247368421052633,0.204,0.4644069162330031,0.09722775044451175,0.4644069162330031,0.37777777777777777,"{""novig"": {""0.5"": {""over"": -150, ""under"": 108}}, ""bet365"": {""0.5"": {""over"": -155, ""under"": 115}}, ""betmgm"": {""0.5"": {""over"": -155, ""under"": 115}}, ""draftkings"": {""0.5"": {""over"": -140, ""under"": 100}}, ""fanduel"": {""0.5"": {""over"": -174}}}",0.5,over,draftkings,-140.0,0.5833333333333334,True,-0.1189,1.5,,,,,False,
682998,Corbin Carroll,AZ,LAD,1,2.0,1,680736,Justin Wrobleski,L,825050,4:10 PM ET,Chase Field,0,0,0.17529215358931552,2026-08-09,825050,,0,105.5,106.3,89.5,L,5,4,1,0,1,0,1,0,0,1,3,3,0,1,1,0,1,0.25966666666666666,0.32233333333333336,1,0,1,1,1,0,0.2,0.30985915492957744,0.7666666666666667,0.19718309859154928,0.2391304347826087,0.13333333333333333,0.014084507042253521,0.04225352112676056,0.08333333333333333,1.3333333333333333,0.9333333333333333,0.5957446808510638,0.23404255319148937,0.3617021276595745,0.3617021276595745,0.06382978723404255,0.3090654761904762,0.539327380952381,0.15,0.14285714285714285,0.3016,0.37945000000000023,0.19672131147540983,0.29508196721311475,0.21428571428571427,0.31666666666666665,0.6,0.18181818181818182,0.7113821138211383,0.19642857142857142,0.39316239316239315,0.1623931623931624,0.4342857142857143,0.32,0.05142857142857143,7.957894736842106,1.1368421052631579,6.963157894736843,0.19444444444444445,0.6401093290516742,0.24531553170863438,0.6401093290516742,0.2,"{""novig"": {""0.5"": {""over"": -199, ""under"": 138}}, ""bet365"": {""0.5"": {""over"": -200, ""under"": 150}}, ""betmgm"": {""0.5"": {""over"": -220, ""under"": 160}}, ""draftkings"": {""0.5"": {""over"": -205, ""under"": 150}}, ""fanduel"": {""0.5"": {""over"": -158}}}",0.5,over,fanduel,-158.0,0.6124031007751938,True,0.0277,1.5,,,,,False,
672515,Gabriel Moreno,AZ,LAD,1,3.0,1,680736,Justin Wrobleski,L,825050,4:10 PM ET,Chase Field,1,0,0.17529215358931552,2026-08-09,825050,,0,105.5,106.3,89.5,R,5,5,2,0,0,0,0,0,0,1,2,4,0,1,0,2,2,0.45625,0.522,1,1,1,1,1,0,0.29310344827586204,0.36619718309859156,0.8448275862068966,0.1267605633802817,0.29411764705882354,0.1896551724137931,0.028169014084507043,0.07042253521126761,0.1206896551724138,1.8666666666666667,0.6,0.4716981132075472,0.2641509433962264,0.37735849056603776,0.33962264150943394,0.0,0.37184880952380955,0.6349488095238095,0.2,0.17391304347826086,0.27317916666666675,0.39317499999999994,0.34545454545454546,0.509090909090909,0.11594202898550725,0.2692307692307692,0.5384615384615384,0.15,0.7113821138211383,0.19642857142857142,0.39316239316239315,0.1623931623931624,0.4342857142857143,0.32,0.05142857142857143,7.957894736842106,1.1368421052631579,6.963157894736843,0.19444444444444445,0.6727913275066048,0.2866362352519256,0.6727913275066048,0.29310344827586204,"{""novig"": {""1.5"": {""over"": 212}}, ""betmgm"": {""0.5"": {""over"": -275, ""under"": 200}}, ""bet365"": {""1.5"": {""over"": 190, ""under"": -260}}, ""draftkings"": {""0.5"": {""over"": -255, ""under"": 185}}, ""fanduel"": {""0.5"": {""over"": -178}}}",0.5,over,fanduel,-178.0,0.6402877697841727,True,0.0325,1.5,over,novig,212.0,0.32051282051282054,True,-0.0339
672695,Geraldo Perdomo,AZ,LAD,1,1.0,1,680736,Justin Wrobleski,L,825050,4:10 PM ET,Chase Field,1,0,0.17529215358931552,2026-08-09,825050,,0,105.5,106.3,89.5,R,1,0,0,0,0,0,1,0,0,0,0,0,0,0,0,0,0,0.3526666666666667,0.4686666666666666,0,0,0,0,0,0,0.40540540540540543,0.4358974358974359,0.8378378378378378,0.15384615384615385,0.4666666666666667,0.21621621621621623,0.02564102564102564,0.02564102564102564,0.10810810810810811,1.5333333333333334,0.4,0.41935483870967744,0.41935483870967744,0.3870967741935484,0.1935483870967742,0.03225806451612903,0.34439743589743593,0.5107948717948718,0.25,0.3333333333333333,0.3112500000000002,0.40883333333333327,0.2542372881355932,0.4576271186440678,0.17142857142857143,0.20689655172413793,0.25862068965517243,0.15384615384615385,0.7113821138211383,0.19642857142857142,0.39316239316239315,0.1623931623931624,0.4342857142857143,0.32,0.05142857142857143,7.957894736842106,1.1368421052631579,6.963157894736843,0.19444444444444445,0.6404963857809184,0.23472547104324434,0.6404963857809184,0.40540540540540543,"{""novig"": {""1.5"": {""over"": 239, ""under"": -355}}, ""bet365"": {""0.5"": {""over"": -250, ""under"": 185}}, ""betmgm"": {""0.5"": {""over"": -250, ""under"": 180}}, ""draftkings"": {""0.5"": {""over"": -210, ""under"": 155}}, ""fanduel"": {""0.5"": {""over"": -220}}}",0.5,over,draftkings,-210.0,0.6774193548387096,True,-0.0369,1.5,over,novig,239.0,0.2949852507374631,True,-0.0603
545121,Ildemaro Vargas,AZ,LAD,1,6.0,1,680736,Justin Wrobleski,L,825050,4:10 PM ET,Chase Field,0,0,0.17529215358931552,2026-08-09,825050,,0,105.5,106.3,89.5,L,1,1,0,0,0,0,0,0,0,1,0,0,0,0,0,0,0,0.2915,0.5515,0,0,0,0,1,0,0.32,0.39285714285714285,0.84,0.14285714285714285,0.38095238095238093,0.2,0.0,0.10714285714285714,0.16,0.8666666666666667,0.26666666666666666,0.42857142857142855,0.3333333333333333,0.5238095238095238,0.14285714285714285,0.047619047619047616,0.45541025641025634,0.5787820512820512,0.2,0.18181818181818182,0.18408333333333357,0.3351666666666667,0.2692307692307692,0.4230769230769231,0.08928571428571429,0.2857142857142857,0.35714285714285715,0.10638297872340426,0.7113821138211383,0.19642857142857142,0.39316239316239315,0.1623931623931624,0.4342857142857143,0.32,0.05142857142857143,7.957894736842106,1.1368421052631579,6.963157894736843,0.19444444444444445,0.5856843289298999,0.24306498986502365,0.5856843289298999,0.32,"{""novig"": {""1.5"": {""over"": 251, ""under"": -376}}, ""bet365"": {""0.5"": {""over"": -240, ""under"": 180}}, ""betmgm"": {""0.5"": {""over"": -190, ""under"": 140}}, ""draftkings"": {""0.5"": {""over"": -220, ""under"": 165}}, ""fanduel"": {""0.5"": {""over"": -260}}}",0.5,over,betmgm,-190.0,0.6551724137931034,True,-0.0695,1.5,over,novig,251.0,0.2849002849002849,True,-0.0418
606466,Ketel Marte,AZ,LAD,1,4.0,1,680736,Justin Wrobleski,L,825050,4:10 PM ET,Chase Field,0,0,0.17529215358931552,2026-08-09,825050,,0,105.5,106.3,89.5,L,5,3,0,0,0,0,2,0,0,0,0,3,0,1,0,1,0,0.09266666666666667,0.09733333333333333,0,0,0,0,0,0,0.15789473684210525,0.28888888888888886,0.7368421052631579,0.2222222222222222,0.21428571428571427,0.05263157894736842,0.0,0.044444444444444446,0.05263157894736842,0.5333333333333333,0.6666666666666666,0.32142857142857145,0.21428571428571427,0.39285714285714285,0.25,0.0,0.24372083333333336,0.31300833333333333,0.1,0.3333333333333333,0.17955555555555539,0.21144444444444396,0.1864406779661017,0.2542372881355932,0.22058823529411764,0.3225806451612903,0.5967741935483871,0.1323529411764706,0.7113821138211383,0.19642857142857142,0.39316239316239315,0.1623931623931624,0.4342857142857143,0.32,0.05142857142857143,7.957894736842106,1.1368421052631579,6.963157894736843,0.19444444444444445,0.5780537012015446,0.20082433800926136,0.5780537012015446,0.15789473684210525,"{""novig"": {""0.5"": {""over"": -163, ""under"": 163}}, ""bet365"": {""0.5"": {""over"": -275, ""under"": 200}}, ""betmgm"": {""0.5"": {""over"": -235, ""under"": 175}}, ""draftkings"": {""0.5"": {""over"": -230, ""under"": 170}}, ""fanduel"": {""0.5"": {""over"": -270}}}",0.5,over,novig,-163.0,0.6197718631178707,True,-0.0417,1.5,,,,,False,
571448,Nolan Arenado,AZ,LAD,1,5.0,1,680736,Justin Wrobleski,L,825050,4:10 PM ET,Chase Field,1,0,0.17529215358931552,2026-08-09,825050,,0,105.5,106.3,89.5,R,4,4,1,0,0,0,0,0,0,0,1,4,0,1,2,0,1,0.181,0.22125,1,0,1,0,0,0,0.22916666666666666,0.3620689655172414,0.7916666666666666,0.1724137931034483,0.20588235294117646,0.2708333333333333,0.06896551724137931,0.017241379310344827,0.10416666666666667,1.6,0.6666666666666666,0.3157894736842105,0.07894736842105263,0.47368421052631576,0.18421052631578946,0.02631578947368421,0.277125,0.4802678571428572,0.17647058823529413,0.25,0.17804999999999988,0.3390333333333332,0.21818181818181817,0.41818181818181815,0.22950819672131148,0.1875,0.4375,0.20689655172413793,0.7113821138211383,0.19642857142857142,0.39316239316239315,0.1623931623931624,0.4342857142857143,0.32,0.05142857142857143,7.957894736842106,1.1368421052631579,6.963157894736843,0.19444444444444445,0.5924870516923412,0.22449178221045943,0.5924870516923412,0.22916666666666666,"{""novig"": {""0.5"": {""over"": -178}}, ""bet365"": {""0.5"": {""over"": -210, ""under"": 155}}, ""betmgm"": {""0.5"": {""over"": -190, ""under"": 140}}, ""draftkings"": {""0.5"": {""over"": -171, ""under"": 128}}, ""fanduel"": {""0.5"": {""over"": -185}}}",0.5,over,draftkings,-171.0,0.6309963099630996,True,-0.0385,1.5,,,,,False,
814439,Ryan Waldschmidt,AZ,LAD,1,9.0,1,680736,Justin Wrobleski,L,825050,4:10 PM ET,Chase Field,1,0,0.17529215358931552,2026-08-09,825050,,0,105.5,106.3,89.5,R,5,4,0,0,0,0,0,1,0,1,0,3,0,0,1,1,1,0.21433333333333335,0.24,0,0,0,0,1,0,0.3877551020408163,0.39215686274509803,0.7346938775510204,0.2549019607843137,0.4857142857142857,0.1836734693877551,0.0392156862745098,0.058823529411764705,0.10204081632653061,1.8666666666666667,0.8666666666666667,0.3783783783783784,0.2702702702702703,0.3783783783783784,0.35135135135135137,0.02702702702702703,0.43127777777777776,0.6674444444444444,0.29411764705882354,0.29411764705882354,0.3911333333333333,0.6734,0.24489795918367346,0.40816326530612246,0.3018867924528302,0.5,0.6739130434782609,0.24489795918367346,0.7113821138211383,0.19642857142857142,0.39316239316239315,0.1623931623931624,0.4342857142857143,0.32,0.05142857142857143,7.957894736842106,1.1368421052631579,6.963157894736843,0.19444444444444445,0.5458670110727787,0.1858631651839423,0.5458670110727787,0.3877551020408163,"{""novig"": {""0.5"": {""over"": -125, ""under"": 125}}, ""bet365"": {""0.5"": {""over"": -165, ""under"": 125}}, ""betmgm"": {""0.5"": {""over"": -145, ""under"": 105}}, ""draftkings"": {""0.5"": {""over"": -125, ""under"": -105}}, ""fanduel"": {""0.5"": {""over"": -150}}}",0.5,over,draftkings,-125.0,0.5555555555555556,True,-0.0097,1.5,,,,,False,
694374,Tim Tawa,AZ,LAD,1,7.0,1,680736,Justin Wrobleski,L,825050,4:10 PM ET,Chase Field,1,0,0.17529215358931552,2026-08-09,825050,,0,105.5,106.3,89.5,R,5,4,1,0,0,0,1,0,0,2,1,2,0,1,2,0,0,0.31299999999999994,0.382,1,0,1,0,1,1,0.2692307692307692,0.2982456140350877,0.7884615384615384,0.1896551724137931,0.2926829268292683,0.1346153846153846,0.034482758620689655,0.017241379310344827,0.057692307692307696,1.4,0.7333333333333333,0.5227272727272727,0.13636363636363635,0.45454545454545453,0.25,0.022727272727272728,0.31028571428571433,0.48777380952380955,0.42105263157894735,0.19047619047619047,0.43415,0.7163999999999999,0.2413793103448276,0.3793103448275862,0.2222222222222222,0.1282051282051282,0.20512820512820512,0.15555555555555556,0.7113821138211383,0.19642857142857142,0.39316239316239315,0.1623931623931624,0.4342857142857143,0.32,0.05142857142857143,7.957894736842106,1.1368421052631579,6.963157894736843,0.19444444444444445,0.6240564189208622,0.21793386692537797,0.6240564189208622,0.2692307692307692,"{""novig"": {""0.5"": {""over"": -138, ""under"": -100}}, ""bet365"": {""0.5"": {""over"": -165, ""under"": 125}}, ""betmgm"": {""0.5"": {""over"": -155, ""under"": 115}}, ""draftkings"": {""0.5"": {""over"": -135, ""under"": 100}}, ""fanduel"": {""0.5"": {""over"": -170}}}",0.5,over,draftkings,-135.0,0.574468085106383,True,0.0496,1.5,,,,,False,
682988,Tyler Locklear,AZ,LAD,1,8.0,1,680736,Justin Wrobleski,L,825050,4:10 PM ET,Chase Field,1,0,0.17529215358931552,2026-08-09,825050,,0,105.5,106.3,89.5,R,4,4,2,1,0,0,0,0,0,1,3,3,0,1,1,1,1,0.39699999999999996,0.6589999999999999,1,1,1,1,1,0,0.25,0.3584905660377358,0.75,0.20754716981132076,0.28125,0.1590909090909091,0.03773584905660377,0.018867924528301886,0.06818181818181818,1.2,0.7333333333333333,0.4117647058823529,0.20588235294117646,0.5588235294117647,0.20588235294117646,0.0,0.35534444444444446,0.5697166666666666,0.08333333333333333,0.125,0.205,0.23903333333333335,0.23809523809523808,0.3333333333333333,0.3,0.13333333333333333,0.26666666666666666,0.34615384615384615,0.7113821138211383,0.19642857142857142,0.39316239316239315,0.1623931623931624,0.4342857142857143,0.32,0.05142857142857143,7.957894736842106,1.1368421052631579,6.963157894736843,0.19444444444444445,0.5959754868600866,0.19810169559704682,0.5959754868600866,0.25,"{""novig"": {""0.5"": {""over"": -115, ""under"": 108}}, ""bet365"": {""0.5"": {""over"": -150, ""under"": 110}}, ""betmgm"": {""0.5"": {""over"": -130, ""under"": -105}}, ""draftkings"": {""0.5"": {""over"": -110, ""under"": -125}}, ""fanduel"": {""0.5"": {""over"": -125}}}",0.5,over,draftkings,-110.0,0.5238095238095238,True,0.0722,1.5,,,,,False,
681624,Andy Pages,LAD,AZ,0,2.0,1,593958,Eduardo Rodriguez,L,825050,4:10 PM ET,Chase Field,1,0,0.20253164556962025,2026-08-09,825050,,0,105.5,106.3,89.5,R,5,4,2,0,0,0,1,0,0,1,2,3,0,1,1,2,0,0.17266666666666666,0.27399999999999997,1,1,1,1,1,0,0.2786885245901639,0.3333333333333333,0.7868852459016393,0.19402985074626866,0.32608695652173914,0.14754098360655737,0.029850746268656716,0.014925373134328358,0.06557377049180328,1.7333333333333334,0.8666666666666667,0.3541666666666667,0.2916666666666667,0.4583333333333333,0.20833333333333334,0.0,0.36406111111111106,0.5660833333333333,0.25,0.18181818181818182,0.36063333333333336,0.7146333333333332,0.2711864406779661,0.3898305084745763,0.19696969696969696,0.25862068965517243,0.41379310344827586,0.23880597014925373,0.7647058823529411,0.21739130434782608,0.413953488372093,0.16744186046511628,0.4065934065934066,0.3021978021978022,0.04395604395604396,7.6499999999999995,0.9,6.15,0.1729957805907173,0.6749235920647211,0.28296429461047506,0.6749235920647211,0.2786885245901639,"{""novig"": {""1.5"": {""over"": 186, ""under"": -186}}, ""betmgm"": {""0.5"": {""over"": -185, ""under"": 135}}, ""bet365"": {""1.5"": {""over"": 182, ""under"": -245}}, ""draftkings"": {""0.5"": {""over"": -185, ""under"": 135}, ""1.5"": {""over"": 169, ""under"": -228}}, ""fanduel"": {""0.5"": {""over"": -280}}}",0.5,over,draftkings,-185.0,0.6491228070175439,True,0.0258,1.5,over,novig,186.0,0.34965034965034963,True,-0.0667
666163,Ben Rortvedt,LAD,AZ,0,9.0,1,593958,Eduardo Rodriguez,L,825050,4:10 PM ET,Chase Field,0,0,0.20253164556962025,2026-08-09,825050,,0,105.5,106.3,89.5,L,2,2,0,0,0,0,0,0,0,0,0,2,0,0,0,2,0,0.11249999999999999,0.124,0,0,0,0,0,0,0.22857142857142856,0.28205128205128205,0.7714285714285715,0.19047619047619047,0.25925925925925924,0.11428571428571428,0.023809523809523808,0.023809523809523808,0.05714285714285714,0.8,0.5333333333333333,0.1935483870967742,0.12903225806451613,0.5806451612903226,0.25806451612903225,0.0,0.3654259259259259,0.4440370370370371,0.3333333333333333,0.125,0.6138333333333332,0.6968333333333334,0.23809523809523808,0.38095238095238093,0.13725490196078433,0.2647058823529412,0.29411764705882354,0.2631578947368421,0.7647058823529411,0.21739130434782608,0.413953488372093,0.16744186046511628,0.4065934065934066,0.3021978021978022,0.04395604395604396,7.6499999999999995,0.9,6.15,0.1729957805907173,0.4742195771835535,0.16325298731968954,0.4742195771835535,0.22857142857142856,"{""novig"": {""0.5"": {""over"": -115, ""under"": 113}}, ""bet365"": {""0.5"": {""over"": -120, ""under"": -110}}, ""betmgm"": {""0.5"": {""over"": -140, ""under"": 105}}, ""draftkings"": {""0.5"": {""over"": -135, ""under"": 100}}, ""fanduel"": {""0.5"": {""over"": -138}}}",0.5,over,novig,-115.0,0.5348837209302325,True,-0.0607,1.5,,,,,False,
571771,Enrique Hernández,LAD,AZ,0,8.0,1,593958,Eduardo Rodriguez,L,825050,4:10 PM ET,Chase Field,1,0,0.20253164556962025,2026-08-09,825050,,0,105.5,106.3,89.5,R,1,1,0,0,0,0,0,0,0,0,0,1,0,0,0,1,0,0.359,0.414,0,0,0,0,0,0,0.3404255319148936,0.3404255319148936,0.7872340425531915,0.2127659574468085,0.4,0.2765957446808511,0.0425531914893617,0.14893617021276595,0.19148936170212766,1.9333333333333333,0.6666666666666666,0.3783783783783784,0.2972972972972973,0.4594594594594595,0.13513513513513514,0.0,0.32071444444444447,0.5392855555555555,0.09090909090909091,0.2727272727272727,0.19310000000000002,0.24140000000000023,0.27450980392156865,0.43137254901960786,0.25925925925925924,0.2,0.4,0.20930232558139536,0.7647058823529411,0.21739130434782608,0.413953488372093,0.16744186046511628,0.4065934065934066,0.3021978021978022,0.04395604395604396,7.6499999999999995,0.9,6.15,0.1729957805907173,0.5907113762089423,0.2469225509324142,0.5907113762089423,0.3404255319148936,"{""bet365"": {""0.5"": {""over"": -170, ""under"": 130}}, ""betmgm"": {""0.5"": {""over"": -160, ""under"": 120}}, ""draftkings"": {""0.5"": {""over"": -150, ""under"": 110}}, ""fanduel"": {""0.5"": {""over"": -175}}}",0.5,over,draftkings,-150.0,0.6,True,-0.0093,1.5,,,,,False,
518692,Freddie Freeman,LAD,AZ,0,3.0,1,593958,Eduardo Rodriguez,L,825050,4:10 PM ET,Chase Field,0,0,0.20253164556962025,2026-08-09,825050,,0,105.5,106.3,89.5,L,4,4,0,0,0,0,0,0,0,0,0,4,0,1,2,1,1,0.34075,0.7515,0,0,0,0,0,0,0.4482758620689655,0.4666666666666667,0.896551724137931,0.1,0.5,0.06896551724137931,0.0,0.06666666666666667,0.06896551724137931,2.0,0.4,0.34615384615384615,0.36538461538461536,0.5192307692307693,0.07692307692307693,0.0,0.4297944444444444,0.5446500000000001,0.23529411764705882,0.1111111111111111,0.35655000000000003,0.42766666666666653,0.35,0.4166666666666667,0.19047619047619047,0.375,0.48214285714285715,0.11475409836065574,0.7647058823529411,0.21739130434782608,0.413953488372093,0.16744186046511628,0.4065934065934066,0.3021978021978022,0.04395604395604396,7.6499999999999995,0.9,6.15,0.1729957805907173,0.6811318632582551,0.28713382371918955,0.6811318632582551,0.4482758620689655,"{""novig"": {""1.5"": {""over"": 186, ""under"": -186}}, ""bet365"": {""1.5"": {""over"": 160, ""under"": -220}}, ""betmgm"": {""0.5"": {""over"": -175, ""under"": 130}}, ""draftkings"": {""0.5"": {""over"": -190, ""under"": 140}, ""1.5"": {""over"": 168, ""under"": -226}}, ""fanduel"": {""0.5"": {""over"": -290}}}",0.5,over,betmgm,-175.0,0.6363636363636364,True,0.0448,1.5,over,novig,186.0,0.34965034965034963,True,-0.0625
663656,Kyle Tucker,LAD,AZ,0,6.0,1,593958,Eduardo Rodriguez,L,825050,4:10 PM ET,Chase Field,0,0,0.20253164556962025,2026-08-09,825050,,0,105.5,106.3,89.5,L,4,4,1,0,0,1,0,0,0,0,4,4,0,1,2,2,0,0.14425,0.335,1,0,1,1,0,0,0.26666666666666666,0.38181818181818183,0.8444444444444444,0.12727272727272726,0.25,0.2,0.05454545454545454,0.0,0.06666666666666667,1.4,0.4666666666666667,0.4358974358974359,0.15384615384615385,0.3076923076923077,0.46153846153846156,0.0,0.33422666666666667,0.6209766666666667,0.4375,0.10526315789473684,0.4244133333333333,0.6262800000000001,0.1702127659574468,0.2978723404255319,0.12962962962962962,0.2641509433962264,0.33962264150943394,0.22033898305084745,0.7647058823529411,0.21739130434782608,0.413953488372093,0.16744186046511628,0.4065934065934066,0.3021978021978022,0.04395604395604396,7.6499999999999995,0.9,6.15,0.1729957805907173,0.5713504173136034,0.1979645742438437,0.5713504173136034,0.26666666666666666,"{""novig"": {""0.5"": {""over"": -147, ""under"": 147}}, ""bet365"": {""0.5"": {""over"": -220, ""under"": 160}}, ""betmgm"": {""0.5"": {""over"": -190, ""under"": 140}}, ""draftkings"": {""0.5"": {""over"": -195, ""under"": 145}}, ""fanduel"": {""0.5"": {""over"": -220}}}",0.5,over,novig,-147.0,0.5951417004048583,True,-0.0238,1.5,,,,,False,
605141,Mookie Betts,LAD,AZ,0,5.0,1,593958,Eduardo Rodriguez,L,825050,4:10 PM ET,Chase Field,1,0,0.20253164556962025,2026-08-09,825050,,0,105.5,106.3,89.5,R,4,3,0,0,0,0,1,0,0,0,0,3,0,1,1,2,0,0.069,0.08,0,0,0,0,0,0,0.21428571428571427,0.22807017543859648,0.875,0.12280701754385964,0.24489795918367346,0.017857142857142856,0.0,0.017543859649122806,0.017857142857142856,0.8666666666666667,0.4666666666666667,0.3673469387755102,0.30612244897959184,0.3469387755102041,0.30612244897959184,0.0,0.27457666666666664,0.3783544444444445,0.25,0.0,0.34593666666666667,0.45142666666666675,0.18518518518518517,0.2222222222222222,0.15,0.22413793103448276,0.41379310344827586,0.03333333333333333,0.7647058823529411,0.21739130434782608,0.413953488372093,0.16744186046511628,0.4065934065934066,0.3021978021978022,0.04395604395604396,7.6499999999999995,0.9,6.15,0.1729957805907173,0.603141338127334,0.27033445565682074,0.603141338127334,0.21428571428571427,"{""novig"": {""0.5"": {""over"": -170, ""under"": 170}}, ""bet365"": {""0.5"": {""over"": -280, ""under"": 202}}, ""betmgm"": {""0.5"": {""over"": -235, ""under"": 170}}, ""draftkings"": {""0.5"": {""over"": -235, ""under"": 170}}, ""fanduel"": {""0.5"": {""over"": -270}}}",0.5,over,novig,-170.0,0.6296296296296297,True,-0.0265,1.5,,,,,False,
660271,Shohei Ohtani,LAD,AZ,0,1.0,1,593958,Eduardo Rodriguez,L,825050,4:10 PM ET,Chase Field,0,0,0.20253164556962025,2026-08-09,825050,,0,105.5,106.3,89.5,L,5,5,1,0,0,0,0,0,0,2,1,3,0,1,1,2,0,0.18533333333333335,0.31,1,0,1,0,1,1,0.3275862068965517,0.4117647058823529,0.7413793103448276,0.22058823529411764,0.375,0.29310344827586204,0.058823529411764705,0.07352941176470588,0.15517241379310345,2.4,1.0,0.5227272727272727,0.3181818181818182,0.38636363636363635,0.2727272727272727,0.022727272727272728,0.47015555555555555,0.7534722222222221,0.3888888888888889,0.18181818181818182,0.45380000000000004,0.6728666666666671,0.22807017543859648,0.40350877192982454,0.16923076923076924,0.3728813559322034,0.7796610169491526,0.22058823529411764,0.7647058823529411,0.21739130434782608,0.413953488372093,0.16744186046511628,0.4065934065934066,0.3021978021978022,0.04395604395604396,7.6499999999999995,0.9,6.15,0.1729957805907173,0.6457029750531874,0.28022216580701637,0.6457029750531874,0.3275862068965517,"{""novig"": {""1.5"": {""over"": 178, ""under"": -178}}, ""betmgm"": {""0.5"": {""over"": -190, ""under"": 140}}, ""bet365"": {""1.5"": {""over"": 185, ""under"": -250}}, ""draftkings"": {""0.5"": {""over"": -190, ""under"": 140}, ""1.5"": {""over"": 176, ""under"": -238}}, ""fanduel"": {""0.5"": {""over"": -340}}}",0.5,over,betmgm,-190.0,0.6551724137931034,True,-0.0095,1.5,over,bet365,185.0,0.3508771929824561,True,-0.0707
606192,Teoscar Hernández,LAD,AZ,0,7.0,1,593958,Eduardo Rodriguez,L,825050,4:10 PM ET,Chase Field,1,0,0.20253164556962025,2026-08-09,825050,,0,105.5,106.3,89.5,R,4,4,1,0,0,0,0,0,0,0,1,4,0,1,1,2,0,0.125,0.13825,1,0,1,0,0,0,0.2962962962962963,0.3333333333333333,0.7962962962962963,0.19298245614035087,0.325,0.2222222222222222,0.05263157894736842,0.05263157894736842,0.1111111111111111,1.8666666666666667,0.7333333333333333,0.27906976744186046,0.11627906976744186,0.46511627906976744,0.32558139534883723,0.046511627906976744,0.2836821428571429,0.45948690476190485,0.1875,0.25,0.2098125,0.4403125000000005,0.1836734693877551,0.30612244897959184,0.3584905660377358,0.2545454545454545,0.34545454545454546,0.1774193548387097,0.7647058823529411,0.21739130434782608,0.413953488372093,0.16744186046511628,0.4065934065934066,0.3021978021978022,0.04395604395604396,7.6499999999999995,0.9,6.15,0.1729957805907173,0.5872622248915925,0.23731651502198906,0.5872622248915925,0.2962962962962963,"{""novig"": {""0.5"": {""over"": -174, ""under"": 174}}, ""betmgm"": {""0.5"": {""over"": -210, ""under"": 155}}, ""draftkings"": {""0.5"": {""over"": -190, ""under"": 142}}, ""fanduel"": {""0.5"": {""over"": -220}}}",0.5,over,novig,-174.0,0.635036496350365,True,-0.0478,1.5,,,,,False,
669242,Tommy Edman,LAD,AZ,0,4.0,1,593958,Eduardo Rodriguez,L,825050,4:10 PM ET,Chase Field,0,0,0.20253164556962025,2026-08-09,825050,,0,105.5,106.3,89.5,L,4,4,0,0,0,0,0,0,0,0,0,4,0,1,3,1,0,0.1385,0.26425,0,0,0,0,0,0,0.21052631578947367,0.25,0.7105263157894737,0.275,0.2692307692307692,0.10526315789473684,0.025,0.025,0.05263157894736842,0.8,0.7333333333333333,0.3333333333333333,0.18518518518518517,0.48148148148148145,0.2962962962962963,0.0,0.27187222222222224,0.4252944444444445,0.26666666666666666,0.3333333333333333,0.34726666666666667,0.7302333333333333,0.3269230769230769,0.4807692307692308,0.2,0.19148936170212766,0.3191489361702128,0.16666666666666666,0.7647058823529411,0.21739130434782608,0.413953488372093,0.16744186046511628,0.4065934065934066,0.3021978021978022,0.04395604395604396,7.6499999999999995,0.9,6.15,0.1729957805907173,0.6543384692630926,0.2602539898230401,0.6543384692630926,0.21052631578947367,"{""novig"": {""1.5"": {""over"": 208}}, ""betmgm"": {""0.5"": {""over"": -235, ""under"": 175}}, ""bet365"": {""1.5"": {""over"": 185, ""under"": -250}}, ""draftkings"": {""0.5"": {""over"": -250, ""under"": 185}}, ""fanduel"": {""0.5"": {""over"": -280}}}",0.5,over,betmgm,-235.0,0.7014925373134329,True,-0.0472,1.5,over,novig,208.0,0.3246753246753247,True,-0.0644
663728,Cal Raleigh,SEA,TB,1,7.0,1,693855,Ian Seymour,L,823104,4:10 PM ET,T-Mobile Park,1,0,0.2283609576427256,2026-08-09,823104,0.0,0,90.9,92.7,102.0,R,2,1,1,0,0,0,1,0,0,0,1,1,0,0,0,1,0,0.08,0.091,1,0,1,0,0,0,0.11538461538461539,0.23333333333333334,0.6538461538461539,0.3,0.125,0.15384615384615385,0.03333333333333333,0.03333333333333333,0.07692307692307693,0.4666666666666667,0.6,0.4117647058823529,0.11764705882352941,0.23529411764705882,0.4117647058823529,0.11764705882352941,0.2867692307692308,0.7126538461538462,0.0,0.14285714285714285,0.1344999999999999,0.42824999999999946,0.18518518518518517,0.2962962962962963,0.3333333333333333,0.1,0.22,0.39344262295081966,0.6105263157894737,0.1524390243902439,0.38372093023255816,0.19186046511627908,0.3103448275862069,0.3275862068965517,0.017241379310344827,5.837837837837839,1.4594594594594597,10.945945945945946,0.3,0.5604059541239386,0.13398467041136233,0.5604059541239386,0.11538461538461539,"{""novig"": {""0.5"": {""over"": -117}}, ""bet365"": {""0.5"": {""over"": -115, ""under"": -115}}, ""betmgm"": {""0.5"": {""over"": -125, ""under"": -105}}, ""draftkings"": {""0.5"": {""over"": -124, ""under"": -107}}, ""fanduel"": {""0.5"": {""over"": -120}}}",0.5,over,bet365,-115.0,0.5348837209302325,True,0.0255,1.5,,,,,False,
702284,Cole Young,SEA,TB,1,2.0,1,693855,Ian Seymour,L,823104,4:10 PM ET,T-Mobile Park,0,0,0.2283609576427256,2026-08-09,823104,0.0,0,90.9,92.7,102.0,L,4,4,1,0,0,0,0,0,0,1,1,3,0,1,1,2,0,0.08900000000000001,0.10799999999999998,1,0,1,0,1,0,0.3220338983050847,0.38461538461538464,0.8983050847457628,0.09230769230769231,0.34615384615384615,0.13559322033898305,0.015384615384615385,0.015384615384615385,0.06779661016949153,1.8,0.4,0.39622641509433965,0.24528301886792453,0.4339622641509434,0.2641509433962264,0.018867924528301886,0.3193155555555556,0.4263788888888889,0.2777777777777778,0.047619047619047616,0.24023,0.28359333333333336,0.25862068965517243,0.5,0.12903225806451613,0.25,0.32142857142857145,0.08196721311475409,0.6105263157894737,0.1524390243902439,0.38372093023255816,0.19186046511627908,0.3103448275862069,0.3275862068965517,0.017241379310344827,5.837837837837839,1.4594594594594597,10.945945945945946,0.3,0.5770201090959737,0.23480997290126226,0.5770201090959737,0.3220338983050847,"{""novig"": {""0.5"": {""over"": -163, ""under"": 163}}, ""bet365"": {""0.5"": {""over"": -200, ""under"": 150}}, ""betmgm"": {""0.5"": {""over"": -190, ""under"": 140}}, ""draftkings"": {""0.5"": {""over"": -220, ""under"": 160}}, ""fanduel"": {""0.5"": {""over"": -205}}}",0.5,over,novig,-163.0,0.6197718631178707,True,-0.0428,1.5,,,,,False,
806068,Colt Emerson,SEA,TB,1,9.0,1,693855,Ian Seymour,L,823104,4:10 PM ET,T-Mobile Park,0,0,0.2283609576427256,2026-08-09,823104,0.0,0,90.9,92.7,102.0,L,3,3,0,0,0,0,0,0,0,1,0,2,0,1,1,1,0,0.597,0.6675,0,0,0,0,1,0,0.22,0.25,0.7,0.28846153846153844,0.29411764705882354,0.08,0.019230769230769232,0.019230769230769232,0.04,1.0,1.0,0.3142857142857143,0.3142857142857143,0.42857142857142855,0.22857142857142856,0.02857142857142857,0.37958888888888886,0.5067444444444444,0.3125,0.29411764705882354,0.43499999999999994,0.6949333333333334,0.12,0.12,0.35714285714285715,0.2553191489361702,0.574468085106383,0.2692307692307692,0.6105263157894737,0.1524390243902439,0.38372093023255816,0.19186046511627908,0.3103448275862069,0.3275862068965517,0.017241379310344827,5.837837837837839,1.4594594594594597,10.945945945945946,0.3,0.3870191750524712,0.08026020705032054,0.3870191750524712,0.22,"{""novig"": {""0.5"": {""over"": 125, ""under"": -125}}, ""bet365"": {""0.5"": {""over"": 105, ""under"": -140}}, ""betmgm"": {""0.5"": {""over"": 105, ""under"": -145}}, ""draftkings"": {""0.5"": {""over"": -106, ""under"": -125}}, ""fanduel"": {""0.5"": {""over"": -110}}}",0.5,over,novig,125.0,0.4444444444444444,True,-0.0574,1.5,,,,,False,
686527,Dominic Canzone,SEA,TB,1,4.0,1,693855,Ian Seymour,L,823104,4:10 PM ET,T-Mobile Park,0,0,0.2283609576427256,2026-08-09,823104,0.0,0,90.9,92.7,102.0,L,4,4,0,0,0,0,0,0,0,0,0,4,0,3,0,3,1,0.362,0.41574999999999995,0,0,0,0,0,0,0.22413793103448276,0.296875,0.7586206896551724,0.21875,0.24390243902439024,0.22413793103448276,0.046875,0.0625,0.1206896551724138,1.7333333333333334,0.9333333333333333,0.36363636363636365,0.1590909090909091,0.4318181818181818,0.3181818181818182,0.09090909090909091,0.3668619047619047,0.6184845238095237,0.15,0.23809523809523808,0.2609933333333333,0.31710666666666676,0.1724137931034483,0.25862068965517243,0.234375,0.28846153846153844,0.6346153846153846,0.1774193548387097,0.6105263157894737,0.1524390243902439,0.38372093023255816,0.19186046511627908,0.3103448275862069,0.3275862068965517,0.017241379310344827,5.837837837837839,1.4594594594594597,10.945945945945946,0.3,0.5716646773626438,0.2028677395836543,0.5716646773626438,0.22413793103448276,"{""novig"": {""0.5"": {""over"": -150}}, ""bet365"": {""0.5"": {""over"": -165, ""under"": 125}}, ""betmgm"": {""0.5"": {""over"": -155, ""under"": 115}}, ""draftkings"": {""0.5"": {""over"": -154, ""under"": 116}}, ""fanduel"": {""0.5"": {""over"": -168}}}",0.5,over,novig,-150.0,0.6,True,-0.0283,1.5,,,,,False,
647304,Josh Naylor,SEA,TB,1,6.0,1,693855,Ian Seymour,L,823104,4:10 PM ET,T-Mobile Park,0,0,0.2283609576427256,2026-08-09,823104,0.0,0,90.9,92.7,102.0,L,4,4,3,1,0,2,0,0,0,0,10,4,1,3,3,0,1,0.5285,1.5985,1,1,1,1,0,0,0.2909090909090909,0.36065573770491804,0.8181818181818182,0.16393442622950818,0.35555555555555557,0.07272727272727272,0.0,0.06557377049180328,0.07272727272727272,1.3333333333333333,0.6666666666666666,0.3111111111111111,0.28888888888888886,0.4,0.26666666666666666,0.022222222222222223,0.3495611111111111,0.42297222222222225,0.17647058823529413,0.2,0.24201666666666677,0.30656666666666654,0.2777777777777778,0.3333333333333333,0.1111111111111111,0.22807017543859648,0.2807017543859649,0.16666666666666666,0.6105263157894737,0.1524390243902439,0.38372093023255816,0.19186046511627908,0.3103448275862069,0.3275862068965517,0.017241379310344827,5.837837837837839,1.4594594594594597,10.945945945945946,0.3,0.5576773011186603,0.19979792597395155,0.5576773011186603,0.2909090909090909,"{""novig"": {""0.5"": {""over"": -147}}, ""bet365"": {""0.5"": {""over"": -165, ""under"": 125}}, ""betmgm"": {""0.5"": {""over"": -160, ""under"": 120}}, ""draftkings"": {""0.5"": {""over"": -153, ""under"": 115}}, ""fanduel"": {""0.5"": {""over"": -158}}}",0.5,over,novig,-147.0,0.5951417004048583,True,-0.0375,1.5,,,,,False,
677594,Julio Rodríguez,SEA,TB,1,5.0,1,693855,Ian Seymour,L,823104,4:10 PM ET,T-Mobile Park,1,0,0.2283609576427256,2026-08-09,823104,0.0,0,90.9,92.7,102.0,R,4,4,1,0,0,0,0,0,0,1,1,3,0,2,1,2,0,0.2553333333333333,0.2936666666666667,1,0,1,0,1,0,0.27586206896551724,0.3384615384615385,0.8275862068965517,0.15384615384615385,0.2826086956521739,0.1724137931034483,0.046153846153846156,0.015384615384615385,0.06896551724137931,1.7333333333333334,0.6666666666666666,0.32653061224489793,0.2857142857142857,0.2857142857142857,0.3673469387755102,0.0,0.4235355555555556,0.6418022222222223,0.4444444444444444,0.23809523809523808,0.6537333333333334,1.0549000000000004,0.3076923076923077,0.5,0.2,0.23333333333333334,0.4,0.15151515151515152,0.6105263157894737,0.1524390243902439,0.38372093023255816,0.19186046511627908,0.3103448275862069,0.3275862068965517,0.017241379310344827,5.837837837837839,1.4594594594594597,10.945945945945946,0.3,0.5504103601957379,0.16062153638624768,0.5504103601957379,0.27586206896551724,"{""novig"": {""0.5"": {""over"": -199}}, ""bet365"": {""0.5"": {""over"": -225, ""under"": 165}}, ""betmgm"": {""0.5"": {""over"": -190, ""under"": 140}}, ""draftkings"": {""0.5"": {""over"": -200, ""under"": 149}}, ""fanduel"": {""0.5"": {""over"": -210}}}",0.5,over,betmgm,-190.0,0.6551724137931034,True,-0.1048,1.5,,,,,False,
668227,Randy Arozarena,SEA,TB,1,3.0,1,693855,Ian Seymour,L,823104,4:10 PM ET,T-Mobile Park,1,0,0.2283609576427256,2026-08-09,823104,0.0,0,90.9,92.7,102.0,R,4,4,0,0,0,0,0,0,0,1,0,3,0,2,2,1,0,0.6213333333333334,1.28,0,0,0,0,1,0,0.2833333333333333,0.3384615384615385,0.8166666666666667,0.16923076923076924,0.30434782608695654,0.2,0.046153846153846156,0.046153846153846156,0.1,1.9333333333333333,0.7333333333333333,0.4489795918367347,0.2653061224489796,0.40816326530612246,0.2857142857142857,0.061224489795918366,0.3402677777777778,0.5499988888888888,0.2631578947368421,0.09523809523809523,0.4081166666666666,0.5087499999999999,0.26785714285714285,0.4642857142857143,0.16923076923076924,0.22807017543859648,0.38596491228070173,0.19402985074626866,0.6105263157894737,0.1524390243902439,0.38372093023255816,0.19186046511627908,0.3103448275862069,0.3275862068965517,0.017241379310344827,5.837837837837839,1.4594594594594597,10.945945945945946,0.3,0.6121105516886419,0.24044247382976539,0.6121105516886419,0.2833333333333333,"{""novig"": {""0.5"": {""over"": -170}}, ""bet365"": {""0.5"": {""over"": -190, ""under"": 140}}, ""betmgm"": {""0.5"": {""over"": -210, ""under"": 150}}, ""draftkings"": {""0.5"": {""over"": -182, ""under"": 136}}, ""fanduel"": {""0.5"": {""over"": -182}}}",0.5,over,novig,-170.0,0.6296296296296297,True,-0.0175,1.5,,,,,False,
621493,Taylor Ward,SEA,TB,1,1.0,1,693855,Ian Seymour,L,823104,4:10 PM ET,T-Mobile Park,1,0,0.2283609576427256,2026-08-09,823104,0.0,0,90.9,92.7,102.0,R,4,4,1,0,0,0,0,0,0,0,1,4,0,0,1,2,1,0.17975,0.21875,1,0,1,0,0,0,0.18867924528301888,0.3064516129032258,0.7358490566037735,0.22580645161290322,0.2564102564102564,0.0,0.0,0.0,0.0,0.6666666666666666,0.9333333333333333,0.41025641025641024,0.2564102564102564,0.38461538461538464,0.2564102564102564,0.0,0.34072444444444444,0.4618988888888889,0.1875,0.375,0.3491666666666667,0.4143333333333329,0.19607843137254902,0.2549019607843137,0.13432835820895522,0.2909090909090909,0.43636363636363634,0.265625,0.6105263157894737,0.1524390243902439,0.38372093023255816,0.19186046511627908,0.3103448275862069,0.3275862068965517,0.017241379310344827,5.837837837837839,1.4594594594594597,10.945945945945946,0.3,0.6088978751519797,0.2489319777649517,0.6088978751519797,0.18867924528301888,"{""bet365"": {""0.5"": {""over"": -170, ""under"": 130}}, ""betmgm"": {""0.5"": {""over"": -175, ""under"": 130}}, ""draftkings"": {""0.5"": {""over"": -170, ""under"": 125}}, ""fanduel"": {""0.5"": {""over"": -160}}}",0.5,over,fanduel,-160.0,0.6153846153846154,True,-0.0065,1.5,,,,,False,
642215,Weston Wilson,SEA,TB,1,8.0,1,693855,Ian Seymour,L,823104,4:10 PM ET,T-Mobile Park,1,0,0.2283609576427256,2026-08-09,823104,0.0,0,90.9,92.7,102.0,R,3,3,1,0,0,0,0,0,0,0,1,3,0,1,0,3,0,0.29333333333333333,0.31633333333333336,1,0,1,0,0,0,0.18421052631578946,0.24390243902439024,0.5526315789473685,0.4146341463414634,0.2631578947368421,0.21052631578947367,0.04878048780487805,0.04878048780487805,0.10526315789473684,1.0,1.1333333333333333,0.23809523809523808,0.14285714285714285,0.5714285714285714,0.23809523809523808,0.0,0.24952564102564104,0.378551282051282,0.11764705882352941,0.42105263157894735,0.2569666666666667,0.29343333333333343,0.17857142857142858,0.35714285714285715,0.2647058823529412,0.2,0.375,0.2926829268292683,0.6105263157894737,0.1524390243902439,0.38372093023255816,0.19186046511627908,0.3103448275862069,0.3275862068965517,0.017241379310344827,5.837837837837839,1.4594594594594597,10.945945945945946,0.3,0.48794139166092504,0.13675435805966582,0.48794139166092504,0.18421052631578946,"{""novig"": {""0.5"": {""over"": 117}}, ""bet365"": {""0.5"": {""over"": 105, ""under"": -140}}, ""betmgm"": {""0.5"": {""over"": 105, ""under"": -140}}, ""draftkings"": {""0.5"": {""over"": 114, ""under"": -152}}, ""fanduel"": {""0.5"": {""over"": 115}}}",0.5,over,novig,117.0,0.4608294930875576,True,0.0271,1.5,,,,,False,
656775,Cedric Mullins,TB,SEA,0,7.0,1,676106,Emerson Hancock,R,823104,4:10 PM ET,T-Mobile Park,0,1,0.20817843866171004,2026-08-09,823104,0.0,0,90.9,92.7,102.0,L,3,2,1,0,0,0,1,0,0,0,1,2,0,1,0,1,1,0.35200000000000004,0.501,1,0,1,0,0,0,0.22641509433962265,0.288135593220339,0.7358490566037735,0.22950819672131148,0.2631578947368421,0.22641509433962265,0.03278688524590164,0.06557377049180328,0.1320754716981132,1.6,0.9333333333333333,0.2857142857142857,0.16666666666666666,0.3333333333333333,0.30952380952380953,0.023809523809523808,0.17794,0.25431000000000004,0.25,0.2222222222222222,0.17535000000000003,0.2201999999999999,0.20754716981132076,0.4339622641509434,0.19672131147540983,0.21739130434782608,0.32608695652173914,0.19642857142857142,0.722488038277512,0.1783783783783784,0.3298429319371728,0.1256544502617801,0.3973509933774834,0.33112582781456956,0.026490066225165563,6.5892857142857135,0.8035714285714286,7.392857142857142,0.20444444444444446,0.5223154534237234,0.11599354402603397,0.5223154534237234,0.22641509433962265,"{""novig"": {""0.5"": {""over"": -127, ""under"": 127}}, ""bet365"": {""0.5"": {""over"": -130, ""under"": -105}}, ""betmgm"": {""0.5"": {""over"": -130, ""under"": -105}}, ""draftkings"": {""0.5"": {""over"": -132, ""under"": 100}}, ""fanduel"": {""0.5"": {""over"": -140}}}",0.5,over,novig,-127.0,0.5594713656387665,True,-0.0372,1.5,,,,,False,
802415,Chandler Simpson,TB,SEA,0,3.0,1,676106,Emerson Hancock,R,823104,4:10 PM ET,T-Mobile Park,0,1,0.20817843866171004,2026-08-09,823104,0.0,0,90.9,92.7,102.0,L,4,4,2,0,0,0,0,0,0,0,2,4,0,0,1,2,1,0.25225,0.29475,1,1,1,1,0,0,0.38181818181818183,0.3728813559322034,0.9272727272727272,0.06451612903225806,0.3888888888888889,0.01818181818181818,0.0,0.016129032258064516,0.01818181818181818,1.4666666666666666,0.26666666666666666,0.14285714285714285,0.30357142857142855,0.48214285714285715,0.19642857142857142,0.0,0.2861011111111111,0.33316,0.4,0.045454545454545456,0.3003166666666667,0.3626433333333333,0.3620689655172414,0.3793103448275862,0.06349206349206349,0.2692307692307692,0.38461538461538464,0.10526315789473684,0.722488038277512,0.1783783783783784,0.3298429319371728,0.1256544502617801,0.3973509933774834,0.33112582781456956,0.026490066225165563,6.5892857142857135,0.8035714285714286,7.392857142857142,0.20444444444444446,0.6631556774514802,0.21229470232128964,0.6631556774514802,0.38181818181818183,"{""novig"": {""0.5"": {""over"": -277}}, ""bet365"": {""1.5"": {""over"": 175, ""under"": -235}}, ""betmgm"": {""1.5"": {""over"": -210, ""under"": 155}}, ""draftkings"": {""1.5"": {""over"": 196, ""under"": -266}}, ""fanduel"": {""0.5"": {""over"": -270}}}",0.5,over,fanduel,-270.0,0.7297297297297297,True,-0.0666,1.5,over,draftkings,196.0,0.33783783783783783,True,-0.1255
666018,Jonathan Aranda,TB,SEA,0,2.0,1,676106,Emerson Hancock,R,823104,4:10 PM ET,T-Mobile Park,0,1,0.20817843866171004,2026-08-09,823104,0.0,0,90.9,92.7,102.0,L,4,4,1,0,0,0,0,0,0,1,1,3,0,0,2,0,0,0.04666666666666667,0.09833333333333334,1,0,1,0,1,0,0.2727272727272727,0.29411764705882354,0.7121212121212122,0.27941176470588236,0.3695652173913043,0.07575757575757576,0.014705882352941176,0.029411764705882353,0.045454545454545456,1.5333333333333334,1.2666666666666666,0.46808510638297873,0.2553191489361702,0.40425531914893614,0.2978723404255319,0.02127659574468085,0.36687555555555557,0.6494377777777778,0.391304347826087,0.16666666666666666,0.32726,0.5580299999999999,0.36507936507936506,0.47619047619047616,0.24242424242424243,0.2545454545454545,0.34545454545454546,0.20634920634920634,0.722488038277512,0.1783783783783784,0.3298429319371728,0.1256544502617801,0.3973509933774834,0.33112582781456956,0.026490066225165563,6.5892857142857135,0.8035714285714286,7.392857142857142,0.20444444444444446,0.6430204607397626,0.23289159935292614,0.6430204607397626,0.2727272727272727,"{""novig"": {""0.5"": {""over"": -194}}, ""bet365"": {""0.5"": {""over"": -260, ""under"": 190}}, ""betmgm"": {""1.5"": {""over"": -185, ""under"": 135}}, ""draftkings"": {""1.5"": {""over"": -145, ""under"": 105}, ""0.5"": {""over"": -193, ""under"": 144}}}",0.5,over,draftkings,-193.0,0.658703071672355,True,-0.0157,1.5,over,draftkings,-145.0,0.5918367346938775,True,-0.3589
691406,Junior Caminero,TB,SEA,0,4.0,1,676106,Emerson Hancock,R,823104,4:10 PM ET,T-Mobile Park,1,1,0.20817843866171004,2026-08-09,823104,0.0,0,90.9,92.7,102.0,R,4,4,0,0,0,0,0,0,0,2,0,2,0,0,0,2,0,0.172,0.173,0,0,0,0,1,1,0.25,0.3333333333333333,0.8035714285714286,0.1746031746031746,0.24390243902439024,0.2857142857142857,0.06349206349206349,0.031746031746031744,0.125,2.0,0.7333333333333333,0.4888888888888889,0.1111111111111111,0.5111111111111111,0.28888888888888886,0.022222222222222223,0.33179555555555557,0.7518777777777778,0.35,0.13043478260869565,0.30390666666666666,0.6834166666666667,0.3448275862068966,0.6896551724137931,0.14492753623188406,0.19607843137254902,0.39215686274509803,0.3,0.722488038277512,0.1783783783783784,0.3298429319371728,0.1256544502617801,0.3973509933774834,0.33112582781456956,0.026490066225165563,6.5892857142857135,0.8035714285714286,7.392857142857142,0.20444444444444446,0.6577047643186061,0.2116714655614561,0.6577047643186061,0.25,"{""novig"": {""1.5"": {""over"": 203}}, ""bet365"": {""0.5"": {""over"": -250, ""under"": 185}}, ""betmgm"": {""0.5"": {""over"": -165, ""under"": 125}}, ""draftkings"": {""0.5"": {""over"": -155, ""under"": 115}}, ""fanduel"": {""0.5"": {""over"": -168}}}",0.5,over,draftkings,-155.0,0.6078431372549019,True,0.0499,1.5,over,novig,203.0,0.33003300330033003,True,-0.1184
689414,Liam Hicks,TB,SEA,0,5.0,1,676106,Emerson Hancock,R,823104,4:10 PM ET,T-Mobile Park,0,1,0.20817843866171004,2026-08-09,823104,0.0,0,90.9,92.7,102.0,L,2,1,0,0,0,0,1,0,0,0,0,1,0,0,0,1,0,0.07,0.079,0,0,0,0,0,0,0.25,0.390625,0.9038461538461539,0.078125,0.2608695652173913,0.07692307692307693,0.015625,0.015625,0.038461538461538464,1.1333333333333333,0.3333333333333333,0.2127659574468085,0.23404255319148937,0.425531914893617,0.2765957446808511,0.02127659574468085,0.2792088888888889,0.35505222222222227,0.3333333333333333,0.043478260869565216,0.31649333333333335,0.39833999999999986,0.2962962962962963,0.42592592592592593,0.09836065573770492,0.15384615384615385,0.2692307692307692,0.13793103448275862,0.722488038277512,0.1783783783783784,0.3298429319371728,0.1256544502617801,0.3973509933774834,0.33112582781456956,0.026490066225165563,6.5892857142857135,0.8035714285714286,7.392857142857142,0.20444444444444446,0.6123200743324982,0.19679763412613574,0.6123200743324982,0.25,"{""novig"": {""1.5"": {""over"": 233}}, ""bet365"": {""0.5"": {""over"": -200, ""under"": 150}}, ""betmgm"": {""0.5"": {""over"": -135, ""under"": 100}}, ""draftkings"": {""0.5"": {""over"": -204, ""under"": 152}}, ""fanduel"": {""0.5"": {""over"": -138}}}",0.5,over,betmgm,-135.0,0.574468085106383,True,0.0379,1.5,over,novig,233.0,0.3003003003003003,True,-0.1035
680700,Richie Palacios,TB,SEA,0,8.0,1,676106,Emerson Hancock,R,823104,4:10 PM ET,T-Mobile Park,0,1,0.20817843866171004,2026-08-09,823104,0.0,0,90.9,92.7,102.0,L,4,3,2,1,0,0,1,0,0,0,3,3,0,1,0,1,2,0.4343333333333333,0.5553333333333333,1,1,1,1,0,0,0.16216216216216217,0.29545454545454547,0.6756756756756757,0.26666666666666666,0.17391304347826086,0.1891891891891892,0.044444444444444446,0.022222222222222223,0.08108108108108109,0.8666666666666667,0.8,0.34615384615384615,0.23076923076923078,0.4230769230769231,0.2692307692307692,0.0,0.2539722222222222,0.44206944444444446,0.2222222222222222,0.2857142857142857,0.30488888888888893,0.5613333333333332,0.125,0.275,0.22448979591836735,0.2926829268292683,0.4634146341463415,0.22448979591836735,0.722488038277512,0.1783783783783784,0.3298429319371728,0.1256544502617801,0.3973509933774834,0.33112582781456956,0.026490066225165563,6.5892857142857135,0.8035714285714286,7.392857142857142,0.20444444444444446,0.5155090866824743,0.1484085556806568,0.5155090866824743,0.16216216216216217,"{""novig"": {""0.5"": {""over"": -111}}, ""bet365"": {""0.5"": {""over"": -110, ""under"": -120}}, ""betmgm"": {""0.5"": {""over"": -120, ""under"": -110}}, ""draftkings"": {""0.5"": {""over"": -107, ""under"": -123}}, ""fanduel"": {""0.5"": {""over"": -125}}}",0.5,over,draftkings,-107.0,0.5169082125603864,True,-0.0014,1.5,,,,,False,
670764,Taylor Walls,TB,SEA,0,9.0,1,676106,Emerson Hancock,R,823104,4:10 PM ET,T-Mobile Park,0,1,0.20817843866171004,2026-08-09,823104,0.0,0,90.9,92.7,102.0,L,1,1,0,0,0,0,0,0,0,1,0,0,0,0,0,0,0,0.246,0.247,0,0,0,0,1,0,0.13333333333333333,0.23529411764705882,0.6333333333333333,0.3142857142857143,0.21052631578947367,0.0,0.0,0.0,0.0,0.26666666666666666,0.7333333333333333,0.1,0.1,0.55,0.2,0.0,0.20886666666666667,0.23903333333333332,0.21428571428571427,0.2222222222222222,0.24808000000000013,0.27648000000000006,0.14285714285714285,0.16326530612244897,0.27586206896551724,0.2608695652173913,0.32608695652173914,0.28846153846153844,0.722488038277512,0.1783783783783784,0.3298429319371728,0.1256544502617801,0.3973509933774834,0.33112582781456956,0.026490066225165563,6.5892857142857135,0.8035714285714286,7.392857142857142,0.20444444444444446,0.42196148934584504,0.07430648456515788,0.42196148934584504,0.13333333333333333,"{""bet365"": {""0.5"": {""over"": -105, ""under"": -130}}, ""betmgm"": {""0.5"": {""over"": -110, ""under"": -120}}, ""draftkings"": {""0.5"": {""over"": -130, ""under"": -105}}, ""fanduel"": {""0.5"": {""over"": -115}}}",0.5,over,bet365,-105.0,0.5121951219512195,True,-0.0902,1.5,,,,,False,
683748,Victor Mesa Jr.,TB,SEA,0,6.0,1,676106,Emerson Hancock,R,823104,4:10 PM ET,T-Mobile Park,0,1,0.20817843866171004,2026-08-09,823104,0.0,0,90.9,92.7,102.0,L,4,4,1,0,0,1,0,0,0,1,4,3,1,1,2,0,0,0.32,1.2180000000000002,1,0,1,1,1,0,0.21568627450980393,0.25925925925925924,0.7254901960784313,0.2545454545454545,0.23529411764705882,0.27450980392156865,0.05454545454545454,0.01818181818181818,0.11764705882352941,1.6666666666666667,0.9333333333333333,0.42105263157894735,0.15789473684210525,0.3684210526315789,0.39473684210526316,0.05263157894736842,0.31607555555555555,0.5909722222222221,0.23529411764705882,0.16666666666666666,0.2761266666666667,0.5907,0.28,0.62,0.21818181818181817,0.32,0.6,0.21428571428571427,0.722488038277512,0.1783783783783784,0.3298429319371728,0.1256544502617801,0.3973509933774834,0.33112582781456956,0.026490066225165563,6.5892857142857135,0.8035714285714286,7.392857142857142,0.20444444444444446,0.5762455165098644,0.17799245172044442,0.5762455165098644,0.21568627450980393,"{""novig"": {""0.5"": {""over"": -127, ""under"": 127}}, ""bet365"": {""0.5"": {""over"": -155, ""under"": 115}}, ""betmgm"": {""0.5"": {""over"": -110, ""under"": -120}}, ""draftkings"": {""0.5"": {""over"": -133, ""under"": 100}}, ""fanduel"": {""0.5"": {""over"": -104}}}",0.5,over,fanduel,-104.0,0.5098039215686274,True,0.0664,1.5,,,,,False,
650490,Yandy Díaz,TB,SEA,0,1.0,1,676106,Emerson Hancock,R,823104,4:10 PM ET,T-Mobile Park,1,1,0.20817843866171004,2026-08-09,823104,0.0,0,90.9,92.7,102.0,R,5,5,0,0,0,0,0,0,0,1,0,4,0,3,0,4,0,0.16525,0.19049999999999997,0,0,0,0,1,0,0.20634920634920634,0.25,0.7619047619047619,0.22058823529411764,0.23404255319148937,0.14285714285714285,0.029411764705882353,0.04411764705882353,0.07936507936507936,1.4666666666666666,1.0,0.46938775510204084,0.2857142857142857,0.3673469387755102,0.24489795918367346,0.02040816326530612,0.3048411111111111,0.5045233333333334,0.18181818181818182,0.16666666666666666,0.30934,0.5488033333333333,0.20588235294117646,0.3088235294117647,0.19718309859154928,0.2833333333333333,0.3333333333333333,0.13432835820895522,0.722488038277512,0.1783783783783784,0.3298429319371728,0.1256544502617801,0.3973509933774834,0.33112582781456956,0.026490066225165563,6.5892857142857135,0.8035714285714286,7.392857142857142,0.20444444444444446,0.6445202253259801,0.23311845181946453,0.6445202253259801,0.20634920634920634,"{""novig"": {""1.5"": {""over"": -809}}, ""bet365"": {""1.5"": {""over"": 175, ""under"": -235}}, ""betmgm"": {""1.5"": {""over"": -190, ""under"": 140}}, ""draftkings"": {""1.5"": {""over"": -190, ""under"": 140}, ""0.5"": {""over"": -257, ""under"": 189}}, ""fanduel"": {""0.5"": {""over"": -260}}}",0.5,over,draftkings,-257.0,0.7198879551820728,True,-0.0754,1.5,over,bet365,175.0,0.36363636363636365,True,-0.1305
665487,Fernando Tatis Jr.,SD,HOU,1,1.0,1,664299,Cristian Javier,R,823268,8:20 PM ET,Petco Park,1,1,0.19337979094076654,2026-08-09,823268,,0,95.4,94.6,96.5,R,4,3,1,0,0,0,1,0,0,0,1,3,0,0,0,2,0,0.134,0.14633333333333332,1,0,1,0,0,0,0.25,0.35714285714285715,0.8166666666666667,0.15714285714285714,0.2765957446808511,0.2,0.02857142857142857,0.05714285714285714,0.11666666666666667,1.8,0.7333333333333333,0.5102040816326531,0.1836734693877551,0.4897959183673469,0.2653061224489796,0.02040816326530612,0.32245333333333337,0.5454155555555555,0.23809523809523808,0.13636363636363635,0.2968166666666666,0.6902333333333334,0.26229508196721313,0.4426229508196721,0.18571428571428572,0.2903225806451613,0.6290322580645161,0.18571428571428572,0.6690140845070423,0.2542372881355932,0.4672131147540984,0.1885245901639344,0.2631578947368421,0.4,0.021052631578947368,8.923728813559322,1.1440677966101696,7.322033898305084,0.1839080459770115,0.6636397716439845,0.27286582714414226,0.6636397716439845,0.25,"{""novig"": {""0.5"": {""over"": -245, ""under"": 167}}, ""bet365"": {""0.5"": {""over"": -245, ""under"": 182}}, ""betmgm"": {""0.5"": {""over"": -235, ""under"": 175}}, ""draftkings"": {""0.5"": {""over"": -246, ""under"": 182}}, ""fanduel"": {""0.5"": {""over"": -250}}}",0.5,over,betmgm,-235.0,0.7014925373134329,True,-0.0379,1.5,,,,,False,
666023,Freddy Fermin,SD,HOU,1,9.0,1,664299,Cristian Javier,R,823268,8:20 PM ET,Petco Park,1,1,0.19337979094076654,2026-08-09,823268,,0,95.4,94.6,96.5,R,4,4,1,0,0,0,0,0,0,0,1,4,0,2,2,1,1,0.28075,0.39449999999999996,1,0,1,0,0,0,0.325,0.35714285714285715,0.9,0.09302325581395349,0.34285714285714286,0.175,0.023255813953488372,0.09302325581395349,0.125,1.3333333333333333,0.26666666666666666,0.35135135135135137,0.24324324324324326,0.35135135135135137,0.32432432432432434,0.0,0.2652154761904762,0.4161178571428571,0.375,0.058823529411764705,0.36358666666666656,0.6718133333333334,0.16666666666666666,0.3055555555555556,0.16279069767441862,0.2553191489361702,0.46808510638297873,0.13725490196078433,0.6690140845070423,0.2542372881355932,0.4672131147540984,0.1885245901639344,0.2631578947368421,0.4,0.021052631578947368,8.923728813559322,1.1440677966101696,7.322033898305084,0.1839080459770115,0.3739047042964814,0.05817077639102921,0.3739047042964814,0.325,"{""novig"": {""0.5"": {""over"": -115, ""under"": -102}}, ""bet365"": {""0.5"": {""over"": -115, ""under"": -115}}, ""betmgm"": {""0.5"": {""over"": -120, ""under"": -110}}, ""draftkings"": {""0.5"": {""over"": -113, ""under"": -118}}, ""fanduel"": {""0.5"": {""over"": -120}}}",0.5,over,draftkings,-113.0,0.5305164319248826,True,-0.1566,1.5,,,,,False,
657757,Gavin Sheets,SD,HOU,1,7.0,1,664299,Cristian Javier,R,823268,8:20 PM ET,Petco Park,0,1,0.19337979094076654,2026-08-09,823268,,0,95.4,94.6,96.5,L,3,3,1,0,0,0,0,0,0,0,1,3,0,0,0,2,0,0.09866666666666667,0.09866666666666667,1,0,1,0,0,0,0.15151515151515152,0.2682926829268293,0.8484848484848485,0.12195121951219512,0.16666666666666666,0.0,0.0,0.0,0.0,0.3333333333333333,0.3333333333333333,0.3,0.03333333333333333,0.6,0.3,0.0,0.18613690476190475,0.26067261904761907,0.1111111111111111,0.09090909090909091,0.33373333333333344,0.4961666666666667,0.16666666666666666,0.16666666666666666,0.13157894736842105,0.1875,0.20833333333333334,0.22033898305084745,0.6690140845070423,0.2542372881355932,0.4672131147540984,0.1885245901639344,0.2631578947368421,0.4,0.021052631578947368,8.923728813559322,1.1440677966101696,7.322033898305084,0.1839080459770115,0.5513546384837259,0.15155299040029366,0.5513546384837259,0.15151515151515152,"{""novig"": {""0.5"": {""over"": -135, ""under"": -102}}, ""bet365"": {""0.5"": {""over"": -135, ""under"": 100}}, ""betmgm"": {""0.5"": {""over"": -130, ""under"": -105}}, ""draftkings"": {""0.5"": {""over"": -141, ""under"": 106}}, ""fanduel"": {""0.5"": {""over"": -160}}}",0.5,over,betmgm,-130.0,0.5652173913043478,True,-0.0139,1.5,,,,,False,
701538,Jackson Merrill,SD,HOU,1,5.0,1,664299,Cristian Javier,R,823268,8:20 PM ET,Petco Park,0,1,0.19337979094076654,2026-08-09,823268,,0,95.4,94.6,96.5,L,4,4,1,0,0,1,0,0,0,1,4,3,1,2,2,1,0,0.5326666666666666,1.5076666666666665,1,0,1,1,1,0,0.3508771929824561,0.3728813559322034,0.7894736842105263,0.2,0.4186046511627907,0.19298245614035087,0.03333333333333333,0.05,0.10526315789473684,2.066666666666667,0.8,0.4666666666666667,0.26666666666666666,0.35555555555555557,0.28888888888888886,0.06666666666666667,0.35362666666666664,0.6738566666666668,0.3333333333333333,0.18181818181818182,0.24683000000000002,0.3861199999999999,0.2807017543859649,0.5263157894736842,0.23333333333333334,0.3125,0.453125,0.19696969696969696,0.6690140845070423,0.2542372881355932,0.4672131147540984,0.1885245901639344,0.2631578947368421,0.4,0.021052631578947368,8.923728813559322,1.1440677966101696,7.322033898305084,0.1839080459770115,0.6352078981557145,0.21935129858831748,0.6352078981557145,0.3508771929824561,"{""novig"": {""0.5"": {""over"": -203, ""under"": 163}}, ""bet365"": {""0.5"": {""over"": -230, ""under"": 170}}, ""betmgm"": {""0.5"": {""over"": -210, ""under"": 155}}, ""draftkings"": {""0.5"": {""over"": -221, ""under"": 164}}, ""fanduel"": {""0.5"": {""over"": -210}}}",0.5,over,novig,-203.0,0.66996699669967,True,-0.0348,1.5,,,,,False,
630105,Jake Cronenworth,SD,HOU,1,2.0,1,664299,Cristian Javier,R,823268,8:20 PM ET,Petco Park,0,1,0.19337979094076654,2026-08-09,823268,,0,95.4,94.6,96.5,L,5,4,1,0,0,0,0,0,0,1,1,3,0,2,1,2,0,0.163,0.18066666666666667,1,0,1,0,1,0,0.2857142857142857,0.38461538461538464,0.7857142857142857,0.18181818181818182,0.36363636363636365,0.03571428571428571,0.0,0.030303030303030304,0.03571428571428571,1.2,0.8,0.24444444444444444,0.3111111111111111,0.37777777777777777,0.2222222222222222,0.0,0.3388377777777778,0.40556333333333333,0.2777777777777778,0.047619047619047616,0.23234666666666678,0.3057066666666671,0.23636363636363636,0.2545454545454545,0.2222222222222222,0.24,0.28,0.15789473684210525,0.6690140845070423,0.2542372881355932,0.4672131147540984,0.1885245901639344,0.2631578947368421,0.4,0.021052631578947368,8.923728813559322,1.1440677966101696,7.322033898305084,0.1839080459770115,0.6329624734034125,0.2485702596478955,0.6329624734034125,0.2857142857142857,"{""novig"": {""0.5"": {""over"": -194, ""under"": 135}}, ""bet365"": {""0.5"": {""over"": -200, ""under"": 150}}, ""betmgm"": {""0.5"": {""over"": -185, ""under"": 135}}, ""draftkings"": {""0.5"": {""over"": -209, ""under"": 156}}, ""fanduel"": {""0.5"": {""over"": -190}}}",0.5,over,betmgm,-185.0,0.6491228070175439,True,-0.0162,1.5,,,,,False,
650859,Luis Rengifo,SD,HOU,1,6.0,1,664299,Cristian Javier,R,823268,8:20 PM ET,Petco Park,0,1,0.19337979094076654,2026-08-09,823268,,0,95.4,94.6,96.5,L,3,2,0,0,0,0,1,0,0,0,0,2,0,1,0,1,1,0.5675,0.651,0,0,0,0,0,0,0.28125,0.41025641025641024,0.8125,0.15384615384615385,0.34615384615384615,0.03125,0.0,0.02564102564102564,0.03125,0.6666666666666666,0.4,0.15384615384615385,0.19230769230769232,0.6153846153846154,0.15384615384615385,0.0,0.3187559523809524,0.3693035714285714,0.25,0.25,0.32214583333333335,0.36414583333333306,0.21739130434782608,0.391304347826087,0.08928571428571429,0.3469387755102041,0.3673469387755102,0.26785714285714285,0.6690140845070423,0.2542372881355932,0.4672131147540984,0.1885245901639344,0.2631578947368421,0.4,0.021052631578947368,8.923728813559322,1.1440677966101696,7.322033898305084,0.1839080459770115,0.5742533591615505,0.15555616747991854,0.5742533591615505,0.28125,"{""novig"": {""0.5"": {""over"": -147, ""under"": 135}}, ""bet365"": {""0.5"": {""over"": -175, ""under"": 132}}, ""betmgm"": {""0.5"": {""over"": -155, ""under"": 115}}, ""draftkings"": {""0.5"": {""over"": -186, ""under"": 139}}, ""fanduel"": {""0.5"": {""over"": -210}}}",0.5,over,novig,-147.0,0.5951417004048583,True,-0.0209,1.5,,,,,False,
592518,Manny Machado,SD,HOU,1,3.0,1,664299,Cristian Javier,R,823268,8:20 PM ET,Petco Park,1,1,0.19337979094076654,2026-08-09,823268,,0,95.4,94.6,96.5,R,4,4,1,0,0,0,0,0,0,1,1,3,0,0,1,1,1,0.5145,0.6275000000000001,1,0,1,0,1,0,0.2711864406779661,0.3333333333333333,0.711864406779661,0.25757575757575757,0.35714285714285715,0.11864406779661017,0.015151515151515152,0.06060606060606061,0.0847457627118644,1.5333333333333334,1.1333333333333333,0.4883720930232558,0.3488372093023256,0.3488372093023256,0.27906976744186046,0.023255813953488372,0.37252555555555555,0.5376355555555555,0.23529411764705882,0.19047619047619047,0.4897500000000001,0.64165,0.3,0.55,0.16417910447761194,0.2413793103448276,0.5172413793103449,0.24615384615384617,0.6690140845070423,0.2542372881355932,0.4672131147540984,0.1885245901639344,0.2631578947368421,0.4,0.021052631578947368,8.923728813559322,1.1440677966101696,7.322033898305084,0.1839080459770115,0.6437841187459103,0.2548635951176917,0.6437841187459103,0.2711864406779661,"{""novig"": {""1.5"": {""over"": 277}}, ""bet365"": {""0.5"": {""over"": -190, ""under"": 140}}, ""betmgm"": {""0.5"": {""over"": -190, ""under"": 140}}, ""draftkings"": {""0.5"": {""over"": -197, ""under"": 147}}, ""fanduel"": {""0.5"": {""over"": -220}}}",0.5,over,bet365,-190.0,0.6551724137931034,True,-0.0114,1.5,over,novig,277.0,0.26525198938992045,True,-0.0104
664034,Ty France,SD,HOU,1,4.0,1,664299,Cristian Javier,R,823268,8:20 PM ET,Petco Park,1,1,0.19337979094076654,2026-08-09,823268,,0,95.4,94.6,96.5,R,4,2,0,0,0,0,2,0,0,0,0,2,0,1,1,1,0,0.261,0.857,0,0,0,0,0,0,0.34545454545454546,0.3770491803278688,0.7636363636363637,0.20967741935483872,0.4186046511627907,0.10909090909090909,0.016129032258064516,0.04838709677419355,0.07272727272727272,1.6666666666666667,0.8666666666666667,0.45454545454545453,0.2727272727272727,0.4318181818181818,0.29545454545454547,0.0,0.38651785714285714,0.5947083333333333,0.16666666666666666,0.3,0.24199999999999988,0.4712083333333332,0.43859649122807015,0.7719298245614035,0.13636363636363635,0.2765957446808511,0.46808510638297873,0.22807017543859648,0.6690140845070423,0.2542372881355932,0.4672131147540984,0.1885245901639344,0.2631578947368421,0.4,0.021052631578947368,8.923728813559322,1.1440677966101696,7.322033898305084,0.1839080459770115,0.6469595773469821,0.26817229267170034,0.6469595773469821,0.34545454545454546,"{""novig"": {""0.5"": {""over"": -199, ""under"": 135}}, ""bet365"": {""0.5"": {""over"": -200, ""under"": 150}}, ""betmgm"": {""0.5"": {""over"": -210, ""under"": 150}}, ""draftkings"": {""0.5"": {""over"": -201, ""under"": 150}}, ""fanduel"": {""0.5"": {""over"": -210}}}",0.5,over,novig,-199.0,0.6655518394648829,True,-0.0186,1.5,,,,,False,
593428,Xander Bogaerts,SD,HOU,1,8.0,1,664299,Cristian Javier,R,823268,8:20 PM ET,Petco Park,1,1,0.19337979094076654,2026-08-09,823268,,0,95.4,94.6,96.5,R,3,3,0,0,0,0,0,0,0,1,0,2,0,1,0,2,0,0.1695,0.1905,0,0,0,0,1,0,0.2553191489361702,0.3793103448275862,0.8297872340425532,0.13793103448275862,0.3,0.0425531914893617,0.0,0.034482758620689655,0.0425531914893617,0.9333333333333333,0.5333333333333333,0.45,0.275,0.55,0.175,0.0,0.37572777777777777,0.4688722222222222,0.3333333333333333,0.1111111111111111,0.48855000000000004,0.6035,0.18867924528301888,0.2830188679245283,0.23809523809523808,0.32,0.4,0.06557377049180328,0.6690140845070423,0.2542372881355932,0.4672131147540984,0.1885245901639344,0.2631578947368421,0.4,0.021052631578947368,8.923728813559322,1.1440677966101696,7.322033898305084,0.1839080459770115,0.5751528478158917,0.1800875912246914,0.5751528478158917,0.2553191489361702,"{""novig"": {""0.5"": {""over"": -153, ""under"": 144}}, ""bet365"": {""0.5"": {""over"": -150, ""under"": 110}}, ""betmgm"": {""0.5"": {""over"": -165, ""under"": 125}}, ""draftkings"": {""0.5"": {""over"": -149, ""under"": 112}}, ""fanduel"": {""0.5"": {""over"": -160}}}",0.5,over,draftkings,-149.0,0.5983935742971888,True,-0.0232,1.5,,,,,False,
