batter,player_name,team_abbr,opp_team,is_home,bat_order,in_lineup,pitcher_id,pitcher_name,p_throws,game_id,game_time,stadium,stand_R,p_throws_R,opp_k_pct_15,game_date,game_pk,is_dome,wind_out,hit_factor,tb_factor,hr_factor,stand,pa,ab,h,doubles,triples,hr,bb,hbp,sf,k,tb,batted_balls,barrels,hard_hits,fly_balls,ground_balls,line_drives,avg_xba,avg_xslg,target_hit_1plus,target_hit_2plus,target_tb_1plus,target_tb_2plus,target_k_1plus,target_k_2plus,batting_avg_15,obp_15,contact_rate_15,k_rate_15,babip_15,iso_15,hr_rate_15,doubles_rate_15,extra_base_hit_rate_15,avg_total_bases_15,avg_k_per_game_15,hard_hit_pct_15,line_drive_pct_15,gb_pct_15,fly_ball_pct_15,barrel_pct_15,xba_15,xslg_15,batting_avg_last_5,k_rate_last_5,xba_last_5,xslg_last_5,batting_avg_vs_R_15,slg_vs_R_15,k_rate_vs_R_15,batting_avg_vs_L_15,slg_vs_L_15,k_rate_vs_L_15,p_contact_rate_allowed_10,p_babip_allowed_10,p_slg_allowed_10,p_iso_allowed_10,p_gb_pct_10,p_fb_pct_10,p_barrel_pct_allowed_10,p_hits_per9_10,p_hr_per9_10,p_k_per9_10,p_k_rate_10,p_hit_1plus,p_hit_2plus,adj_prob,pred_hits,book_markets,primary_line,primary_side,primary_best_book,primary_best_odds,primary_book_implied,primary_has_line,primary_edge,secondary_line,secondary_side,secondary_best_book,secondary_best_odds,secondary_book_implied,secondary_has_line,secondary_edge
690993,Colt Keith,DET,CLE,1,5.0,1,676440,Tanner Bibee,R,824240,6:40 PM ET,Comerica Park,0,1,0.1875993640699523,2026-08-11,824240,0.0,1,97.6,97.8,106.5,L,3,3,0,0,0,0,0,0,0,0,0,3,0,1,0,3,0,0.23,0.2583333333333333,0,0,0,0,0,0,0.3953488372093023,0.48,0.813953488372093,0.16,0.4857142857142857,0.18604651162790697,0.0,0.08,0.13953488372093023,1.6666666666666667,0.5333333333333333,0.34285714285714286,0.37142857142857144,0.34285714285714286,0.2,0.0,0.33824358974358976,0.4790641025641026,0.375,0.2,0.4328958333333333,0.6012708333333334,0.38095238095238093,0.5714285714285714,0.14285714285714285,0.2916666666666667,0.3333333333333333,0.2692307692307692,0.7611336032388664,0.17889908256880735,0.3288888888888889,0.12444444444444444,0.39361702127659576,0.28191489361702127,0.015957446808510637,7.081967213114754,1.9180327868852458,5.754098360655738,0.1652542372881356,0.6139358302326452,0.2246800079529548,0.6139358302326452,0.3953488372093023,"{""novig"": {""0.5"": {""over"": -160, ""under"": 120}}, ""bet365"": {""0.5"": {""over"": -200, ""under"": 150}}, ""betmgm"": {""0.5"": {""over"": -175, ""under"": 130}}, ""draftkings"": {""0.5"": {""over"": -197, ""under"": 147}}, ""fanduel"": {""0.5"": {""over"": -170}}}",0.5,over,novig,-160.0,0.6153846153846154,True,-0.0014,1.5,,,,,False,
693307,Dillon Dingler,DET,CLE,1,3.0,1,676440,Tanner Bibee,R,824240,6:40 PM ET,Comerica Park,1,1,0.1875993640699523,2026-08-11,824240,0.0,1,97.6,97.8,106.5,R,4,4,0,0,0,0,0,0,0,1,0,3,0,0,0,1,1,0.12166666666666666,0.14766666666666667,0,0,0,0,1,0,0.296875,0.36619718309859156,0.734375,0.23943661971830985,0.3488372093023256,0.21875,0.056338028169014086,0.028169014084507043,0.09375,2.2,1.1333333333333333,0.3404255319148936,0.2553191489361702,0.425531914893617,0.23404255319148937,0.0425531914893617,0.43098333333333333,0.7104202380952381,0.36363636363636365,0.12,0.41974999999999996,0.97682,0.31746031746031744,0.6031746031746031,0.2,0.28846153846153844,0.5576923076923077,0.22807017543859648,0.7611336032388664,0.17889908256880735,0.3288888888888889,0.12444444444444444,0.39361702127659576,0.28191489361702127,0.015957446808510637,7.081967213114754,1.9180327868852458,5.754098360655738,0.1652542372881356,0.6491255924123716,0.2555038474708143,0.6491255924123716,0.296875,"{""novig"": {""1.5"": {""over"": 208, ""under"": -641}}, ""bet365"": {""0.5"": {""over"": -280, ""under"": 202}}, ""betmgm"": {""0.5"": {""over"": -220, ""under"": 160}}, ""draftkings"": {""0.5"": {""over"": -273, ""under"": 200}}, ""fanduel"": {""0.5"": {""over"": -270}}}",0.5,over,betmgm,-220.0,0.6875,True,-0.0384,1.5,over,novig,208.0,0.3246753246753247,True,-0.0692
650402,Gleyber Torres,DET,CLE,1,2.0,1,676440,Tanner Bibee,R,824240,6:40 PM ET,Comerica Park,1,1,0.1875993640699523,2026-08-11,824240,0.0,1,97.6,97.8,106.5,R,4,4,0,0,0,0,0,0,0,1,0,3,0,0,0,3,0,0.127,0.14566666666666667,0,0,0,0,1,0,0.20689655172413793,0.3235294117647059,0.7586206896551724,0.20588235294117646,0.21951219512195122,0.1896551724137931,0.04411764705882353,0.029411764705882353,0.08620689655172414,1.5333333333333334,0.9333333333333333,0.36363636363636365,0.25,0.4318181818181818,0.2727272727272727,0.0,0.28832380952380954,0.44265,0.19047619047619047,0.13043478260869565,0.20443999999999987,0.3572533333333333,0.25862068965517243,0.5,0.2153846153846154,0.17647058823529413,0.29411764705882354,0.14925373134328357,0.7611336032388664,0.17889908256880735,0.3288888888888889,0.12444444444444444,0.39361702127659576,0.28191489361702127,0.015957446808510637,7.081967213114754,1.9180327868852458,5.754098360655738,0.1652542372881356,0.6539706740478677,0.24162048604517858,0.6539706740478677,0.20689655172413793,"{""novig"": {""0.5"": {""over"": -213, ""under"": 163}}, ""bet365"": {""0.5"": {""over"": -210, ""under"": 155}}, ""betmgm"": {""0.5"": {""over"": -190, ""under"": 140}}, ""draftkings"": {""0.5"": {""over"": -230, ""under"": 171}}, ""fanduel"": {""0.5"": {""over"": -210}}}",0.5,over,betmgm,-190.0,0.6551724137931034,True,-0.0012,1.5,,,,,False,
595879,Javier Báez,DET,CLE,1,8.0,1,676440,Tanner Bibee,R,824240,6:40 PM ET,Comerica Park,1,1,0.1875993640699523,2026-08-11,824240,0.0,1,97.6,97.8,106.5,R,5,5,2,0,0,0,0,0,0,1,2,4,0,1,1,2,0,0.13925,0.15575,1,1,1,1,1,0,0.2727272727272727,0.2857142857142857,0.8363636363636363,0.16071428571428573,0.3111111111111111,0.07272727272727272,0.017857142857142856,0.017857142857142856,0.03636363636363636,1.2666666666666666,0.6,0.2391304347826087,0.1956521739130435,0.45652173913043476,0.2391304347826087,0.0,0.24966190476190472,0.32326785714285716,0.22727272727272727,0.13043478260869565,0.18428666666666665,0.2181999999999999,0.25925925925925924,0.42592592592592593,0.16363636363636364,0.23404255319148937,0.2553191489361702,0.18,0.7611336032388664,0.17889908256880735,0.3288888888888889,0.12444444444444444,0.39361702127659576,0.28191489361702127,0.015957446808510637,7.081967213114754,1.9180327868852458,5.754098360655738,0.1652542372881356,0.6006301761572994,0.23807501146878632,0.6006301761572994,0.2727272727272727,"{""novig"": {""0.5"": {""over"": -167, ""under"": 117}}, ""bet365"": {""0.5"": {""over"": -180, ""under"": 135}}, ""betmgm"": {""0.5"": {""over"": -160, ""under"": 120}}, ""draftkings"": {""0.5"": {""over"": -172, ""under"": 129}}, ""fanduel"": {""0.5"": {""over"": -170}}}",0.5,over,betmgm,-160.0,0.6153846153846154,True,-0.0148,1.5,,,,,False,
805808,Kevin McGonigle,DET,CLE,1,1.0,1,676440,Tanner Bibee,R,824240,6:40 PM ET,Comerica Park,0,1,0.1875993640699523,2026-08-11,824240,0.0,1,97.6,97.8,106.5,L,5,5,1,0,0,0,0,0,0,1,1,4,0,1,1,2,1,0.13574999999999998,0.2415,1,0,1,0,1,0,0.31746031746031744,0.4,0.8571428571428571,0.11842105263157894,0.32075471698113206,0.14285714285714285,0.039473684210526314,0.0,0.047619047619047616,1.9333333333333333,0.6,0.30357142857142855,0.21428571428571427,0.3392857142857143,0.4107142857142857,0.0,0.2771722222222222,0.40125555555555553,0.2857142857142857,0.08333333333333333,0.21428333333333333,0.30983333333333346,0.36507936507936506,0.5396825396825397,0.0958904109589041,0.2,0.26666666666666666,0.22388059701492538,0.7611336032388664,0.17889908256880735,0.3288888888888889,0.12444444444444444,0.39361702127659576,0.28191489361702127,0.015957446808510637,7.081967213114754,1.9180327868852458,5.754098360655738,0.1652542372881356,0.6396474118082637,0.26810444266511263,0.6396474118082637,0.31746031746031744,"{""novig"": {""0.5"": {""over"": -233, ""under"": 186}}, ""bet365"": {""0.5"": {""over"": -260, ""under"": 190}}, ""betmgm"": {""0.5"": {""over"": -145, ""under"": 105}}, ""draftkings"": {""0.5"": {""over"": -244, ""under"": 180}}, ""fanduel"": {""0.5"": {""over"": -250}}}",0.5,over,betmgm,-145.0,0.5918367346938775,True,0.0478,1.5,,,,,False,
703601,Max Clark,DET,CLE,1,7.0,1,676440,Tanner Bibee,R,824240,6:40 PM ET,Comerica Park,0,1,0.1875993640699523,2026-08-11,824240,0.0,1,97.6,97.8,106.5,L,4,4,0,0,0,0,0,0,0,0,0,4,0,0,0,2,1,0.182,0.2215,0,0,0,0,0,0,0.34285714285714286,0.4523809523809524,0.6,0.3333333333333333,0.55,0.2,0.023809523809523808,0.047619047619047616,0.11428571428571428,1.7272727272727273,1.2727272727272727,0.42857142857142855,0.2857142857142857,0.2857142857142857,0.38095238095238093,0.0,0.38971875,0.5272916666666666,0.23809523809523808,0.43478260869565216,0.3395166666666667,0.4416666666666667,0.25925925925925924,0.4444444444444444,0.41935483870967744,,,,0.7611336032388664,0.17889908256880735,0.3288888888888889,0.12444444444444444,0.39361702127659576,0.28191489361702127,0.015957446808510637,7.081967213114754,1.9180327868852458,5.754098360655738,0.1652542372881356,0.5329859075050907,0.2047232377494259,0.5329859075050907,0.34285714285714286,"{""novig"": {""0.5"": {""over"": -160, ""under"": 133}}, ""bet365"": {""0.5"": {""over"": -175, ""under"": 132}}, ""betmgm"": {""0.5"": {""over"": -160, ""under"": 120}}, ""draftkings"": {""0.5"": {""over"": -164, ""under"": 123}}, ""fanduel"": {""0.5"": {""over"": -174}}}",0.5,over,betmgm,-160.0,0.6153846153846154,True,-0.0824,1.5,,,,,False,
682985,Riley Greene,DET,CLE,1,4.0,1,676440,Tanner Bibee,R,824240,6:40 PM ET,Comerica Park,0,1,0.1875993640699523,2026-08-11,824240,0.0,1,97.6,97.8,106.5,L,4,4,0,0,0,0,0,0,0,3,0,1,0,0,0,1,0,0.201,0.201,0,0,0,0,1,1,0.19298245614035087,0.29850746268656714,0.7192982456140351,0.23880597014925373,0.24390243902439024,0.12280701754385964,0.014925373134328358,0.05970149253731343,0.08771929824561403,1.2,1.0666666666666667,0.35714285714285715,0.23809523809523808,0.38095238095238093,0.38095238095238093,0.047619047619047616,0.35537777777777774,0.6933277777777778,0.3,0.34782608695652173,0.37816666666666665,0.5792,0.24561403508771928,0.47368421052631576,0.26153846153846155,0.27450980392156865,0.39215686274509803,0.2857142857142857,0.7611336032388664,0.17889908256880735,0.3288888888888889,0.12444444444444444,0.39361702127659576,0.28191489361702127,0.015957446808510637,7.081967213114754,1.9180327868852458,5.754098360655738,0.1652542372881356,0.6063373658861084,0.20643321521187685,0.6063373658861084,0.19298245614035087,"{""novig"": {""0.5"": {""over"": -194, ""under"": 167}}, ""bet365"": {""0.5"": {""over"": -210, ""under"": 155}}, ""betmgm"": {""0.5"": {""over"": -200, ""under"": 150}}, ""draftkings"": {""0.5"": {""over"": -196, ""under"": 147}}, ""fanduel"": {""0.5"": {""over"": -225}}}",0.5,over,novig,-194.0,0.6598639455782312,True,-0.0535,1.5,,,,,False,
679529,Spencer Torkelson,DET,CLE,1,6.0,1,676440,Tanner Bibee,R,824240,6:40 PM ET,Comerica Park,1,1,0.1875993640699523,2026-08-11,824240,0.0,1,97.6,97.8,106.5,R,4,4,2,0,0,0,0,0,0,0,2,4,0,2,1,1,2,0.6565,0.849,1,1,1,1,0,0,0.32142857142857145,0.375,0.75,0.21875,0.3953488372093023,0.07142857142857142,0.015625,0.015625,0.03571428571428571,1.4666666666666666,0.9333333333333333,0.38636363636363635,0.1590909090909091,0.4090909090909091,0.3409090909090909,0.022727272727272728,0.30307222222222224,0.49353,0.3,0.34782608695652173,0.37006666666666654,0.7512666666666669,0.25925925925925924,0.3148148148148148,0.2903225806451613,0.24528301886792453,0.5660377358490566,0.3,0.7611336032388664,0.17889908256880735,0.3288888888888889,0.12444444444444444,0.39361702127659576,0.28191489361702127,0.015957446808510637,7.081967213114754,1.9180327868852458,5.754098360655738,0.1652542372881356,0.622511132013901,0.23193590455605617,0.622511132013901,0.32142857142857145,"{""novig"": {""0.5"": {""over"": -150, ""under"": 133}}, ""bet365"": {""0.5"": {""over"": -160, ""under"": 120}}, ""betmgm"": {""0.5"": {""over"": -140, ""under"": 105}}, ""draftkings"": {""0.5"": {""over"": -161, ""under"": 121}}, ""fanduel"": {""0.5"": {""over"": -166}}}",0.5,over,betmgm,-140.0,0.5833333333333334,True,0.0392,1.5,,,,,False,
656716,Zach McKinstry,DET,CLE,1,9.0,1,676440,Tanner Bibee,R,824240,6:40 PM ET,Comerica Park,0,1,0.1875993640699523,2026-08-11,824240,0.0,1,97.6,97.8,106.5,L,4,3,1,0,0,0,1,0,0,0,1,3,0,1,1,1,1,0.141,0.19866666666666666,1,0,1,0,0,0,0.37777777777777777,0.46153846153846156,0.9333333333333333,0.057692307692307696,0.40476190476190477,0.15555555555555556,0.0,0.09615384615384616,0.13333333333333333,1.6,0.2,0.35714285714285715,0.40476190476190477,0.30952380952380953,0.23809523809523808,0.023809523809523808,0.34144642857142854,0.45011904761904764,0.42857142857142855,0.0,0.3541333333333333,0.4517000000000002,0.35714285714285715,0.5476190476190477,0.061224489795918366,0.22727272727272727,0.38636363636363635,0.1568627450980392,0.7611336032388664,0.17889908256880735,0.3288888888888889,0.12444444444444444,0.39361702127659576,0.28191489361702127,0.015957446808510637,7.081967213114754,1.9180327868852458,5.754098360655738,0.1652542372881356,0.4735204331163281,0.09692521865886262,0.4735204331163281,0.37777777777777777,"{""novig"": {""0.5"": {""over"": -130, ""under"": 108}}, ""bet365"": {""0.5"": {""over"": -150, ""under"": 110}}, ""betmgm"": {""0.5"": {""over"": -140, ""under"": 105}}, ""draftkings"": {""0.5"": {""over"": -132, ""under"": 100}}, ""fanduel"": {""0.5"": {""over"": -145}}}",0.5,over,novig,-130.0,0.5652173913043478,True,-0.0917,1.5,,,,,False,
682657,Angel Martínez,CLE,DET,0,7.0,1,623454,Drew Anderson,R,824240,6:40 PM ET,Comerica Park,1,1,0.20748299319727892,2026-08-11,824240,0.0,1,97.6,97.8,106.5,R,4,4,2,1,0,0,0,0,0,1,3,3,0,1,2,1,0,0.4126666666666667,0.7606666666666667,1,1,1,1,1,0,0.20588235294117646,0.22857142857142856,0.6764705882352942,0.2972972972972973,0.2727272727272727,0.14705882352941177,0.02702702702702703,0.05405405405405406,0.08823529411764706,0.8,0.7333333333333333,0.32,0.32,0.4,0.24,0.0,0.39802564102564103,0.6899102564102564,0.3333333333333333,0.3076923076923077,0.5356666666666666,0.9633333333333334,0.23728813559322035,0.3389830508474576,0.3225806451612903,0.17543859649122806,0.2982456140350877,0.21666666666666667,0.6779661016949152,0.24,0.4230769230769231,0.15384615384615385,0.525,0.225,0.025,11.36842105263158,2.1315789473684212,12.789473684210527,0.29508196721311475,0.5431754480672124,0.19483606216347446,0.5431754480672124,0.20588235294117646,"{""novig"": {""0.5"": {""over"": -170, ""under"": 120}}, ""bet365"": {""0.5"": {""over"": -175, ""under"": 132}}, ""betmgm"": {""0.5"": {""over"": -160, ""under"": 120}}, ""draftkings"": {""0.5"": {""over"": -169, ""under"": 127}}, ""fanduel"": {""0.5"": {""over"": -220}}}",0.5,over,betmgm,-160.0,0.6153846153846154,True,-0.0722,1.5,,,,,False,
677587,Brayan Rocchio,CLE,DET,0,9.0,1,623454,Drew Anderson,R,824240,6:40 PM ET,Comerica Park,1,1,0.20748299319727892,2026-08-11,824240,0.0,1,97.6,97.8,106.5,R,2,2,0,0,0,0,0,0,0,1,0,1,0,0,0,0,1,0.531,0.586,0,0,0,0,1,0,0.15384615384615385,0.25,0.8717948717948718,0.1111111111111111,0.17647058823529413,0.02564102564102564,0.0,0.022222222222222223,0.02564102564102564,0.4666666666666667,0.3333333333333333,0.17142857142857143,0.22857142857142856,0.37142857142857144,0.37142857142857144,0.05714285714285714,0.22784523809523807,0.34834523809523804,0.17647058823529413,0.05263157894736842,0.3050833333333335,0.5122666666666668,0.1746031746031746,0.30158730158730157,0.19402985074626866,0.2857142857142857,0.4107142857142857,0.16393442622950818,0.6779661016949152,0.24,0.4230769230769231,0.15384615384615385,0.525,0.225,0.025,11.36842105263158,2.1315789473684212,12.789473684210527,0.29508196721311475,0.5082560908948209,0.1307655339854839,0.5082560908948209,0.15384615384615385,"{""bet365"": {""0.5"": {""over"": -150, ""under"": 110}}, ""betmgm"": {""0.5"": {""over"": -150, ""under"": 110}}, ""draftkings"": {""0.5"": {""over"": -149, ""under"": 112}}, ""fanduel"": {""0.5"": {""over"": -192}}}",0.5,over,draftkings,-149.0,0.5983935742971888,True,-0.0901,1.5,,,,,False,
800050,Chase DeLauter,CLE,DET,0,2.0,1,623454,Drew Anderson,R,824240,6:40 PM ET,Comerica Park,0,1,0.20748299319727892,2026-08-11,824240,0.0,1,97.6,97.8,106.5,L,5,3,0,0,0,0,2,0,0,1,0,2,0,2,0,2,0,0.20550000000000002,0.2215,0,0,0,0,1,0,0.22807017543859648,0.35714285714285715,0.7719298245614035,0.18571428571428572,0.2727272727272727,0.08771929824561403,0.014285714285714285,0.02857142857142857,0.05263157894736842,1.2,0.8666666666666667,0.5111111111111111,0.35555555555555557,0.4666666666666667,0.1111111111111111,0.0,0.32737857142857146,0.49212261904761906,0.3,0.19230769230769232,0.39849999999999997,0.5005166666666667,0.25862068965517243,0.43103448275862066,0.18571428571428572,0.3275862068965517,0.41379310344827586,0.140625,0.6779661016949152,0.24,0.4230769230769231,0.15384615384615385,0.525,0.225,0.025,11.36842105263158,2.1315789473684212,12.789473684210527,0.29508196721311475,0.6021999062640381,0.19103091376485573,0.6021999062640381,0.22807017543859648,"{""novig"": {""1.5"": {""over"": 223, ""under"": -700}}, ""bet365"": {""0.5"": {""over"": -235, ""under"": 175}}, ""betmgm"": {""0.5"": {""over"": -155, ""under"": 115}}, ""draftkings"": {""0.5"": {""over"": -227, ""under"": 168}}, ""fanduel"": {""0.5"": {""over"": -230}}}",0.5,over,betmgm,-155.0,0.6078431372549019,True,-0.0056,1.5,over,novig,223.0,0.30959752321981426,True,-0.1186
666176,Jo Adell,CLE,DET,0,5.0,1,623454,Drew Anderson,R,824240,6:40 PM ET,Comerica Park,1,1,0.20748299319727892,2026-08-11,824240,0.0,1,97.6,97.8,106.5,R,4,3,0,0,0,0,1,0,0,3,0,0,0,0,0,0,0,0.15575,0.21050000000000002,0,0,0,0,1,1,0.17647058823529413,0.2833333333333333,0.5490196078431373,0.38333333333333336,0.2857142857142857,0.11764705882352941,0.016666666666666666,0.05,0.0784313725490196,1.0,1.5333333333333334,0.5172413793103449,0.3103448275862069,0.27586206896551724,0.3448275862068966,0.10344827586206896,0.3980238095238095,0.7332738095238095,0.15789473684210525,0.30434782608695654,0.3670166666666667,0.7263666666666666,0.11764705882352941,0.19607843137254902,0.3,0.22033898305084745,0.4406779661016949,0.2698412698412698,0.6779661016949152,0.24,0.4230769230769231,0.15384615384615385,0.525,0.225,0.025,11.36842105263158,2.1315789473684212,12.789473684210527,0.29508196721311475,0.5620475887897137,0.18893285731149603,0.5620475887897137,0.17647058823529413,"{""bet365"": {""0.5"": {""over"": -170, ""under"": 130}}, ""betmgm"": {""0.5"": {""over"": -165, ""under"": 125}}, ""draftkings"": {""0.5"": {""over"": -185, ""under"": 139}}, ""fanduel"": {""0.5"": {""over"": -210}}}",0.5,over,betmgm,-165.0,0.6226415094339622,True,-0.0606,1.5,,,,,False,
608070,José Ramírez,CLE,DET,0,3.0,1,623454,Drew Anderson,R,824240,6:40 PM ET,Comerica Park,1,1,0.20748299319727892,2026-08-11,824240,0.0,1,97.6,97.8,106.5,R,3,2,1,0,0,0,1,0,0,0,1,2,0,1,1,1,0,0.17350000000000002,0.20350000000000001,1,0,1,0,0,0,0.23529411764705882,0.325,0.9705882352941176,0.025,0.23529411764705882,0.0,0.0,0.0,0.0,0.5333333333333333,0.06666666666666667,0.38235294117647056,0.3235294117647059,0.3235294117647059,0.29411764705882354,0.0,0.36,0.4548777777777778,0.3333333333333333,0.0,0.45806666666666673,0.5316000000000001,0.20967741935483872,0.25806451612903225,0.10144927536231885,0.28846153846153844,0.4423076923076923,0.06557377049180328,0.6779661016949152,0.24,0.4230769230769231,0.15384615384615385,0.525,0.225,0.025,11.36842105263158,2.1315789473684212,12.789473684210527,0.29508196721311475,0.45374199926838643,0.16253797046506838,0.45374199926838643,0.23529411764705882,"{""novig"": {""1.5"": {""over"": 251, ""under"": -733}}, ""bet365"": {""0.5"": {""over"": -210, ""under"": 155}}, ""betmgm"": {""0.5"": {""over"": -140, ""under"": 105}}, ""draftkings"": {""0.5"": {""over"": -220, ""under"": 163}}, ""fanduel"": {""0.5"": {""over"": -152}}}",0.5,over,betmgm,-140.0,0.5833333333333334,True,-0.1296,1.5,over,novig,251.0,0.2849002849002849,True,-0.1224
663993,Nathaniel Lowe,CLE,DET,0,4.0,1,623454,Drew Anderson,R,824240,6:40 PM ET,Comerica Park,0,1,0.20748299319727892,2026-08-11,824240,0.0,1,97.6,97.8,106.5,L,3,2,0,0,0,0,0,0,1,1,0,2,0,0,0,0,1,0.001,0.001,0,0,0,0,1,0,0.3333333333333333,0.36507936507936506,0.7833333333333333,0.20634920634920634,0.38636363636363635,0.23333333333333334,0.047619047619047616,0.07936507936507936,0.13333333333333333,2.2666666666666666,0.8666666666666667,0.5106382978723404,0.3829787234042553,0.3404255319148936,0.2765957446808511,0.02127659574468085,0.39811309523809524,0.6514142857142857,0.4,0.18181818181818182,0.3975466666666666,0.7290599999999999,0.3448275862068966,0.5689655172413793,0.1864406779661017,0.1956521739130435,0.43478260869565216,0.14285714285714285,0.6779661016949152,0.24,0.4230769230769231,0.15384615384615385,0.525,0.225,0.025,11.36842105263158,2.1315789473684212,12.789473684210527,0.29508196721311475,0.6240079924001859,0.22941661928921384,0.6240079924001859,0.3333333333333333,"{""novig"": {""0.5"": {""over"": -150, ""under"": 125}}, ""bet365"": {""0.5"": {""over"": -165, ""under"": 125}}, ""betmgm"": {""0.5"": {""over"": -110, ""under"": -120}}, ""draftkings"": {""0.5"": {""over"": -174, ""under"": 131}}, ""fanduel"": {""0.5"": {""over"": -160}}}",0.5,over,betmgm,-110.0,0.5238095238095238,True,0.1002,1.5,,,,,False,
672275,Patrick Bailey,CLE,DET,0,8.0,1,623454,Drew Anderson,R,824240,6:40 PM ET,Comerica Park,1,1,0.20748299319727892,2026-08-11,824240,0.0,1,97.6,97.8,106.5,R,2,0,0,0,0,0,2,0,0,0,0,0,0,0,0,0,0,0.361,0.383,0,0,0,0,0,0,0.14705882352941177,0.20512820512820512,0.7352941176470589,0.23076923076923078,0.12,0.17647058823529413,0.05128205128205128,0.0,0.058823529411764705,0.7333333333333333,0.6,0.4074074074074074,0.1111111111111111,0.4444444444444444,0.2962962962962963,0.0,0.2886944444444445,0.5142013888888889,0.1111111111111111,0.2222222222222222,0.2355,0.31950000000000034,0.2222222222222222,0.4222222222222222,0.24,0.14634146341463414,0.17073170731707318,0.3111111111111111,0.6779661016949152,0.24,0.4230769230769231,0.15384615384615385,0.525,0.225,0.025,11.36842105263158,2.1315789473684212,12.789473684210527,0.29508196721311475,0.5252529201660393,0.1542369847104024,0.5252529201660393,0.14705882352941177,"{""bet365"": {""0.5"": {""over"": -130, ""under"": -105}}, ""betmgm"": {""0.5"": {""over"": -130, ""under"": -105}}, ""draftkings"": {""0.5"": {""over"": -137, ""under"": 103}}, ""fanduel"": {""0.5"": {""over"": -135}}}",0.5,over,bet365,-130.0,0.5652173913043478,True,-0.04,1.5,,,,,False,
680757,Steven Kwan,CLE,DET,0,1.0,1,623454,Drew Anderson,R,824240,6:40 PM ET,Comerica Park,0,1,0.20748299319727892,2026-08-11,824240,0.0,1,97.6,97.8,106.5,L,5,5,2,0,0,0,0,0,0,2,2,3,0,0,0,1,2,0.3786666666666667,0.46466666666666673,1,1,1,1,1,1,0.3770491803278688,0.4507042253521127,0.8524590163934426,0.1267605633802817,0.4230769230769231,0.09836065573770492,0.014084507042253521,0.04225352112676056,0.06557377049180328,1.9333333333333333,0.6,0.05660377358490566,0.3584905660377358,0.41509433962264153,0.20754716981132076,0.0,0.3709466666666667,0.4567544444444444,0.3333333333333333,0.16,0.2434266666666666,0.2997099999999999,0.3793103448275862,0.43103448275862066,0.11940298507462686,0.32558139534883723,0.37209302325581395,0.09259259259259259,0.6779661016949152,0.24,0.4230769230769231,0.15384615384615385,0.525,0.225,0.025,11.36842105263158,2.1315789473684212,12.789473684210527,0.29508196721311475,0.6004645581622866,0.21171408083526652,0.6004645581622866,0.3770491803278688,"{""novig"": {""0.5"": {""over"": -217, ""under"": 170}}, ""bet365"": {""0.5"": {""over"": -230, ""under"": 170}}, ""betmgm"": {""1.5"": {""over"": -165, ""under"": 125}}, ""draftkings"": {""0.5"": {""over"": -237, ""under"": 176}}, ""fanduel"": {""0.5"": {""over"": -210}}}",0.5,over,fanduel,-210.0,0.6774193548387096,True,-0.077,1.5,over,betmgm,-165.0,0.6226415094339622,True,-0.4109
683953,Travis Bazzana,CLE,DET,0,6.0,1,623454,Drew Anderson,R,824240,6:40 PM ET,Comerica Park,0,1,0.20748299319727892,2026-08-11,824240,0.0,1,97.6,97.8,106.5,L,4,3,0,0,0,0,1,0,0,0,0,3,0,1,1,0,1,0.17600000000000002,0.3116666666666667,0,0,0,0,0,0,0.2222222222222222,0.3225806451612903,0.7222222222222222,0.24193548387096775,0.3076923076923077,0.018518518518518517,0.0,0.016129032258064516,0.018518518518518517,0.8666666666666667,1.0,0.4358974358974359,0.28205128205128205,0.41025641025641024,0.23076923076923078,0.0,0.30613888888888885,0.45851111111111115,0.25,0.3157894736842105,0.35146666666666665,0.5302666666666667,0.25925925925925924,0.3333333333333333,0.234375,0.20689655172413793,0.25862068965517243,0.27941176470588236,0.6779661016949152,0.24,0.4230769230769231,0.15384615384615385,0.525,0.225,0.025,11.36842105263158,2.1315789473684212,12.789473684210527,0.29508196721311475,0.5747522003330415,0.205327502011578,0.5747522003330415,0.2222222222222222,"{""novig"": {""0.5"": {""over"": -147, ""under"": 117}}, ""bet365"": {""0.5"": {""over"": -160, ""under"": 120}}, ""betmgm"": {""0.5"": {""over"": -165, ""under"": 125}}, ""draftkings"": {""0.5"": {""over"": -146, ""under"": 110}}, ""fanduel"": {""0.5"": {""over"": -154}}}",0.5,over,draftkings,-146.0,0.5934959349593496,True,-0.0187,1.5,,,,,False,
665923,Esteury Ruiz,MIA,PIT,1,9.0,1,694973,Paul Skenes,R,823832,6:40 PM ET,loanDepot Park,1,1,0.2,2026-08-11,823832,1.0,0,99.1,96.1,86.7,R,4,2,1,1,0,0,2,0,0,0,2,2,0,0,0,2,0,0.136,0.156,1,0,1,1,0,0,0.3,0.4166666666666667,0.5666666666666667,0.35135135135135137,0.5,0.13333333333333333,0.02702702702702703,0.02702702702702703,0.06666666666666667,0.8666666666666667,0.8666666666666667,0.3333333333333333,0.16666666666666666,0.3888888888888889,0.2777777777777778,0.05555555555555555,0.28631666666666666,0.5138333333333334,0.3333333333333333,0.35714285714285715,0.31312499999999993,0.48649999999999993,0.3611111111111111,0.4444444444444444,0.1836734693877551,0.2413793103448276,0.4827586206896552,0.4375,0.5829787234042553,0.24875621890547264,0.46634615384615385,0.19230769230769232,0.3795620437956204,0.2773722627737226,0.051094890510948905,10.018867924528301,1.1886792452830188,11.377358490566037,0.2851063829787234,0.2705940522506909,0.05499381056973327,0.2705940522506909,0.3,"{""novig"": {""0.5"": {""over"": 115, ""under"": -133}}, ""bet365"": {""0.5"": {""over"": 105, ""under"": -140}}, ""betmgm"": {""0.5"": {""over"": 105, ""under"": -140}}, ""draftkings"": {""0.5"": {""over"": 112, ""under"": -149}}, ""fanduel"": {""0.5"": {""over"": -115}}}",0.5,over,novig,115.0,0.46511627906976744,True,-0.1945,1.5,,,,,False,
665052,Griffin Conine,MIA,PIT,1,3.0,1,694973,Paul Skenes,R,823832,6:40 PM ET,loanDepot Park,0,1,0.2,2026-08-11,823832,1.0,0,99.1,96.1,86.7,L,5,4,2,0,0,2,1,0,0,2,8,2,0,2,2,0,0,0.533,2.1005000000000003,1,1,1,1,1,1,0.2391304347826087,0.3137254901960784,0.6521739130434783,0.3137254901960784,0.2962962962962963,0.1956521739130435,0.058823529411764705,0.0,0.06521739130434782,1.3333333333333333,1.0666666666666667,0.5,0.26666666666666666,0.3,0.26666666666666666,0.0,0.3511,0.6913888888888889,0.17647058823529413,0.3888888888888889,0.28053333333333336,0.3511333333333333,0.21739130434782608,0.43478260869565216,0.3333333333333333,0.3333333333333333,0.6,0.22,0.5829787234042553,0.24875621890547264,0.46634615384615385,0.19230769230769232,0.3795620437956204,0.2773722627737226,0.051094890510948905,10.018867924528301,1.1886792452830188,11.377358490566037,0.2851063829787234,0.5760165862098144,0.20076981071896485,0.5760165862098144,0.2391304347826087,"{""novig"": {""0.5"": {""over"": -111, ""under"": -120}}, ""bet365"": {""0.5"": {""over"": -120, ""under"": -110}}, ""betmgm"": {""0.5"": {""over"": -125, ""under"": -105}}, ""draftkings"": {""0.5"": {""over"": -112, ""under"": -118}}, ""fanduel"": {""0.5"": {""over"": -122}}}",0.5,over,novig,-111.0,0.5260663507109005,True,0.05,1.5,,,,,False,
681715,Heriberto Hernández,MIA,PIT,1,4.0,1,694973,Paul Skenes,R,823832,6:40 PM ET,loanDepot Park,1,1,0.2,2026-08-11,823832,1.0,0,99.1,96.1,86.7,R,5,5,1,0,0,0,0,0,0,3,1,2,0,1,0,2,0,0.17550000000000002,0.1985,1,0,1,0,1,1,0.17543859649122806,0.22950819672131148,0.6140350877192983,0.36065573770491804,0.21875,0.21052631578947367,0.04918032786885246,0.04918032786885246,0.10526315789473684,1.4666666666666666,1.4666666666666666,0.42857142857142855,0.17142857142857143,0.5142857142857142,0.2,0.0,0.3346722222222222,0.6138777777777779,0.16666666666666666,0.2631578947368421,0.3253166666666667,0.39481666666666687,0.24561403508771928,0.43859649122807015,0.36666666666666664,0.24,0.62,0.24561403508771928,0.5829787234042553,0.24875621890547264,0.46634615384615385,0.19230769230769232,0.3795620437956204,0.2773722627737226,0.051094890510948905,10.018867924528301,1.1886792452830188,11.377358490566037,0.2851063829787234,0.6059481702289375,0.21597357082083693,0.6059481702289375,0.17543859649122806,"{""bet365"": {""0.5"": {""over"": -130, ""under"": -105}}, ""betmgm"": {""0.5"": {""over"": -150, ""under"": 110}}, ""draftkings"": {""0.5"": {""over"": -128, ""under"": -104}}, ""fanduel"": {""0.5"": {""over"": -140}}}",0.5,over,draftkings,-128.0,0.5614035087719298,True,0.0445,1.5,,,,,False,
805300,Jakob Marsee,MIA,PIT,1,5.0,1,694973,Paul Skenes,R,823832,6:40 PM ET,loanDepot Park,0,1,0.2,2026-08-11,823832,1.0,0,99.1,96.1,86.7,L,5,5,2,0,0,0,0,0,0,1,2,4,0,1,1,2,1,0.3455,0.375,1,1,1,1,1,0,0.2682926829268293,0.3877551020408163,0.7560975609756098,0.2,0.3333333333333333,0.1951219512195122,0.02,0.06,0.12195121951219512,1.2666666666666666,0.6666666666666666,0.375,0.21875,0.4375,0.3125,0.0,0.27825,0.3991388888888889,0.35714285714285715,0.058823529411764705,0.38115000000000004,0.5276500000000001,0.19047619047619047,0.35714285714285715,0.20408163265306123,0.24,0.36,0.23728813559322035,0.5829787234042553,0.24875621890547264,0.46634615384615385,0.19230769230769232,0.3795620437956204,0.2773722627737226,0.051094890510948905,10.018867924528301,1.1886792452830188,11.377358490566037,0.2851063829787234,0.5439584134071791,0.16646457700751413,0.5439584134071791,0.2682926829268293,"{""novig"": {""0.5"": {""over"": -125, ""under"": -111}}, ""bet365"": {""0.5"": {""over"": -120, ""under"": -110}}, ""betmgm"": {""0.5"": {""over"": -135, ""under"": 100}}, ""draftkings"": {""0.5"": {""over"": -135, ""under"": 102}}, ""fanduel"": {""0.5"": {""over"": -135}}}",0.5,over,bet365,-120.0,0.5454545454545454,True,-0.0015,1.5,,,,,False,
691594,Javier Sanoja,MIA,PIT,1,6.0,1,694973,Paul Skenes,R,823832,6:40 PM ET,loanDepot Park,1,1,0.2,2026-08-11,823832,1.0,0,99.1,96.1,86.7,R,4,4,2,0,0,0,0,0,0,0,2,4,0,2,0,4,0,0.18875000000000003,0.20475,1,1,1,1,0,0,0.25,0.2978723404255319,0.9318181818181818,0.0625,0.25,0.18181818181818182,0.020833333333333332,0.10416666666666667,0.13636363636363635,1.2666666666666666,0.2,0.2926829268292683,0.2926829268292683,0.21951219512195122,0.3170731707317073,0.0,0.27271071428571425,0.40762499999999996,0.4,0.11764705882352941,0.38295,0.55885,0.2916666666666667,0.4791666666666667,0.0392156862745098,0.2,0.32,0.11538461538461539,0.5829787234042553,0.24875621890547264,0.46634615384615385,0.19230769230769232,0.3795620437956204,0.2773722627737226,0.051094890510948905,10.018867924528301,1.1886792452830188,11.377358490566037,0.2851063829787234,0.5671473349410248,0.21138958286411266,0.5671473349410248,0.25,"{""novig"": {""0.5"": {""over"": -174, ""under"": 122}}, ""bet365"": {""0.5"": {""over"": -190, ""under"": 140}}, ""betmgm"": {""0.5"": {""over"": -190, ""under"": 140}}, ""draftkings"": {""0.5"": {""over"": -172, ""under"": 129}}, ""fanduel"": {""0.5"": {""over"": -195}}}",0.5,over,draftkings,-172.0,0.6323529411764706,True,-0.0652,1.5,,,,,False,
691788,Joe Mack,MIA,PIT,1,8.0,1,694973,Paul Skenes,R,823832,6:40 PM ET,loanDepot Park,0,1,0.2,2026-08-11,823832,1.0,0,99.1,96.1,86.7,L,3,2,1,0,0,0,1,0,0,0,1,2,0,1,0,2,0,0.20350000000000001,0.2355,1,0,1,0,0,0,0.20833333333333334,0.22448979591836735,0.6666666666666666,0.3137254901960784,0.21428571428571427,0.2708333333333333,0.0784313725490196,0.0196078431372549,0.10416666666666667,1.5333333333333334,1.0666666666666667,0.48484848484848486,0.18181818181818182,0.5757575757575758,0.21212121212121213,0.06060606060606061,0.38354999999999995,0.9461499999999999,0.14285714285714285,0.35714285714285715,0.21386666666666673,0.47709999999999997,0.20833333333333334,0.4791666666666667,0.3333333333333333,0.08333333333333333,0.08333333333333333,0.38461538461538464,0.5829787234042553,0.24875621890547264,0.46634615384615385,0.19230769230769232,0.3795620437956204,0.2773722627737226,0.051094890510948905,10.018867924528301,1.1886792452830188,11.377358490566037,0.2851063829787234,0.5069995179351277,0.15711614034468466,0.5069995179351277,0.20833333333333334,"{""novig"": {""0.5"": {""over"": 113, ""under"": -122}}, ""bet365"": {""0.5"": {""over"": -105, ""under"": -130}}, ""betmgm"": {""0.5"": {""over"": 100, ""under"": -135}}, ""draftkings"": {""0.5"": {""over"": 113, ""under"": -150}}, ""fanduel"": {""0.5"": {""over"": 115}}}",0.5,over,fanduel,115.0,0.46511627906976744,True,0.0419,1.5,,,,,False,
672640,Otto Lopez,MIA,PIT,1,2.0,1,694973,Paul Skenes,R,823832,6:40 PM ET,loanDepot Park,1,1,0.2,2026-08-11,823832,1.0,0,99.1,96.1,86.7,R,5,5,2,0,0,0,0,0,0,1,2,4,0,2,0,4,0,0.21975,0.23725000000000002,1,1,1,1,1,0,0.22580645161290322,0.24242424242424243,0.9193548387096774,0.07462686567164178,0.23728813559322035,0.06451612903225806,0.0,0.029850746268656716,0.04838709677419355,1.2,0.3333333333333333,0.3389830508474576,0.23728813559322035,0.5423728813559322,0.1694915254237288,0.0,0.28821222222222226,0.36948555555555557,0.23809523809523808,0.045454545454545456,0.24672999999999998,0.28698999999999997,0.22033898305084745,0.288135593220339,0.07692307692307693,0.3968253968253968,0.5714285714285714,0.1323529411764706,0.5829787234042553,0.24875621890547264,0.46634615384615385,0.19230769230769232,0.3795620437956204,0.2773722627737226,0.051094890510948905,10.018867924528301,1.1886792452830188,11.377358490566037,0.2851063829787234,0.6573128354367953,0.2074683260381902,0.6573128354367953,0.22580645161290322,"{""novig"": {""0.5"": {""over"": -223, ""under"": 163}}, ""bet365"": {""0.5"": {""over"": -260, ""under"": 190}}, ""betmgm"": {""0.5"": {""over"": -250, ""under"": 180}}, ""draftkings"": {""0.5"": {""over"": -242, ""under"": 179}}, ""fanduel"": {""0.5"": {""over"": -300}}}",0.5,over,novig,-223.0,0.6904024767801857,True,-0.0331,1.5,,,,,False,
683357,Owen Caissie,MIA,PIT,1,7.0,1,694973,Paul Skenes,R,823832,6:40 PM ET,loanDepot Park,0,1,0.2,2026-08-11,823832,1.0,0,99.1,96.1,86.7,L,5,4,2,0,0,0,1,0,0,0,2,4,0,1,0,1,2,0.5157499999999999,0.57925,1,1,1,1,0,0,0.21951219512195122,0.2978723404255319,0.5853658536585366,0.3469387755102041,0.2727272727272727,0.24390243902439024,0.061224489795918366,0.02040816326530612,0.0975609756097561,1.2666666666666666,1.1333333333333333,0.44,0.32,0.2,0.44,0.04,0.3756666666666667,0.7761785714285715,0.0625,0.3,0.1706666666666667,0.2492000000000001,0.225,0.475,0.3333333333333333,0.16666666666666666,0.16666666666666666,0.3333333333333333,0.5829787234042553,0.24875621890547264,0.46634615384615385,0.19230769230769232,0.3795620437956204,0.2773722627737226,0.051094890510948905,10.018867924528301,1.1886792452830188,11.377358490566037,0.2851063829787234,0.49648273821231337,0.15958687657119983,0.49648273821231337,0.21951219512195122,"{""bet365"": {""0.5"": {""over"": 110, ""under"": -150}}, ""betmgm"": {""0.5"": {""over"": 115, ""under"": -155}}, ""draftkings"": {""0.5"": {""over"": 122, ""under"": -162}}, ""fanduel"": {""0.5"": {""over"": -100}}}",0.5,over,draftkings,122.0,0.45045045045045046,True,0.046,1.5,,,,,False,
669364,Xavier Edwards,MIA,PIT,1,1.0,1,694973,Paul Skenes,R,823832,6:40 PM ET,loanDepot Park,0,1,0.2,2026-08-11,823832,1.0,0,99.1,96.1,86.7,L,5,4,0,0,0,0,1,0,0,2,0,2,0,0,1,1,0,0.0915,0.1185,0,0,0,0,1,1,0.23529411764705882,0.2972972972972973,0.9411764705882353,0.05263157894736842,0.25,0.058823529411764705,0.0,0.05263157894736842,0.058823529411764705,0.6666666666666666,0.13333333333333333,0.30303030303030304,0.2727272727272727,0.45454545454545453,0.18181818181818182,0.0,0.33551190476190473,0.39732142857142855,0.2727272727272727,0.0,0.4145,0.48774999999999996,0.22413793103448276,0.2413793103448276,0.1875,0.21052631578947367,0.3333333333333333,0.15,0.5829787234042553,0.24875621890547264,0.46634615384615385,0.19230769230769232,0.3795620437956204,0.2773722627737226,0.051094890510948905,10.018867924528301,1.1886792452830188,11.377358490566037,0.2851063829787234,0.6573128354367953,0.22009098303565425,0.6573128354367953,0.23529411764705882,"{""novig"": {""0.5"": {""over"": -213, ""under"": 153}}, ""bet365"": {""0.5"": {""over"": -200, ""under"": 150}}, ""betmgm"": {""0.5"": {""over"": -220, ""under"": 165}}, ""draftkings"": {""0.5"": {""over"": -208, ""under"": 155}}, ""fanduel"": {""0.5"": {""over"": -220}}}",0.5,over,bet365,-200.0,0.6666666666666666,True,-0.0094,1.5,,,,,False,
664040,Brandon Lowe,PIT,MIA,0,2.0,1,691587,Eury Pérez,R,823832,6:40 PM ET,loanDepot Park,0,1,0.22982456140350876,2026-08-11,823832,1.0,0,99.1,96.1,86.7,L,2,2,0,0,0,0,0,0,0,2,0,0,0,0,0,0,0,0.169,0.63,0,0,0,0,1,1,0.3225806451612903,0.373134328358209,0.6290322580645161,0.34328358208955223,0.45714285714285713,0.25806451612903225,0.05970149253731343,0.05970149253731343,0.12903225806451613,2.4,1.5333333333333334,0.4358974358974359,0.28205128205128205,0.3333333333333333,0.3333333333333333,0.02564102564102564,0.38505,0.7227533333333334,0.25,0.45454545454545453,0.45615000000000006,1.0516,0.3333333333333333,0.5396825396825397,0.3283582089552239,0.16071428571428573,0.26785714285714285,0.328125,0.6284403669724771,0.15263157894736842,0.28717948717948716,0.11282051282051282,0.4233576642335766,0.29927007299270075,0.0364963503649635,5.534161490683229,1.5093167701863353,10.39751552795031,0.2938388625592417,0.5448451387137929,0.20215932350433566,0.5448451387137929,0.3225806451612903,"{""bet365"": {""0.5"": {""over"": -155, ""under"": 115}}, ""betmgm"": {""0.5"": {""over"": -105, ""under"": -125}}, ""draftkings"": {""0.5"": {""over"": -154, ""under"": 116}}, ""fanduel"": {""0.5"": {""over"": -118}}}",0.5,over,betmgm,-105.0,0.5121951219512195,True,0.0327,1.5,,,,,False,
668804,Bryan Reynolds,PIT,MIA,0,3.0,1,691587,Eury Pérez,R,823832,6:40 PM ET,loanDepot Park,1,1,0.22982456140350876,2026-08-11,823832,1.0,0,99.1,96.1,86.7,R,3,3,1,1,0,0,0,0,0,0,2,3,0,0,2,1,0,0.102,0.17433333333333334,1,0,1,1,0,0,0.25,0.3333333333333333,0.65,0.30434782608695654,0.38461538461538464,0.025,0.0,0.021739130434782608,0.025,0.7333333333333333,0.9333333333333333,0.46153846153846156,0.2692307692307692,0.5384615384615384,0.15384615384615385,0.0,0.3744318181818182,0.5539545454545455,0.2727272727272727,0.3333333333333333,0.37233333333333335,0.6675000000000004,0.21052631578947367,0.3684210526315789,0.3181818181818182,0.21052631578947367,0.2807017543859649,0.3076923076923077,0.6284403669724771,0.15263157894736842,0.28717948717948716,0.11282051282051282,0.4233576642335766,0.29927007299270075,0.0364963503649635,5.534161490683229,1.5093167701863353,10.39751552795031,0.2938388625592417,0.6011094095765143,0.23517103026838537,0.6011094095765143,0.25,"{""novig"": {""0.5"": {""over"": -170, ""under"": 133}}, ""bet365"": {""0.5"": {""over"": -165, ""under"": 125}}, ""betmgm"": {""0.5"": {""over"": -105, ""under"": -125}}, ""draftkings"": {""0.5"": {""over"": -178, ""under"": 133}}, ""fanduel"": {""0.5"": {""over"": -195}}}",0.5,over,betmgm,-105.0,0.5121951219512195,True,0.0889,1.5,,,,,False,
699013,Esmerlyn Valdez,PIT,MIA,0,7.0,1,691587,Eury Pérez,R,823832,6:40 PM ET,loanDepot Park,1,1,0.22982456140350876,2026-08-11,823832,1.0,0,99.1,96.1,86.7,R,4,4,0,0,0,0,0,0,0,4,0,0,0,0,0,0,0,0.374,1.108,0,0,0,0,1,1,0.13636363636363635,0.3709677419354839,0.5681818181818182,0.3064516129032258,0.2,0.11363636363636363,0.016129032258064516,0.03225806451612903,0.06818181818181818,0.7333333333333333,1.2666666666666666,0.34615384615384615,0.19230769230769232,0.2692307692307692,0.5,0.038461538461538464,0.3267575757575758,0.6089924242424242,0.08333333333333333,0.42857142857142855,0.27075,0.65625,0.20833333333333334,0.5833333333333334,0.3492063492063492,0.2558139534883721,0.6511627906976745,0.32075471698113206,0.6284403669724771,0.15263157894736842,0.28717948717948716,0.11282051282051282,0.4233576642335766,0.29927007299270075,0.0364963503649635,5.534161490683229,1.5093167701863353,10.39751552795031,0.2938388625592417,0.46858457008323356,0.10791893854649566,0.46858457008323356,0.13636363636363635,"{""novig"": {""0.5"": {""over"": 111, ""under"": -127}}, ""bet365"": {""0.5"": {""over"": 100, ""under"": -135}}, ""betmgm"": {""0.5"": {""over"": -110, ""under"": -120}}, ""draftkings"": {""0.5"": {""over"": 110, ""under"": -146}}, ""fanduel"": {""0.5"": {""over"": -105}}}",0.5,over,novig,111.0,0.47393364928909953,True,-0.0053,1.5,,,,,False,
680779,Henry Davis,PIT,MIA,0,9.0,1,691587,Eury Pérez,R,823832,6:40 PM ET,loanDepot Park,1,1,0.22982456140350876,2026-08-11,823832,1.0,0,99.1,96.1,86.7,R,3,3,0,0,0,0,0,0,0,1,0,2,0,0,0,0,1,0.053,0.0845,0,0,0,0,1,0,0.2553191489361702,0.35185185185185186,0.7446808510638298,0.21818181818181817,0.3235294117647059,0.06382978723404255,0.01818181818181818,0.0,0.02127659574468085,1.0,0.8,0.45714285714285713,0.34285714285714286,0.3142857142857143,0.22857142857142856,0.0,0.33714285714285713,0.4984583333333333,0.23529411764705882,0.14285714285714285,0.3792666666666666,0.5512166666666666,0.2222222222222222,0.37777777777777777,0.23076923076923078,0.14285714285714285,0.21428571428571427,0.17391304347826086,0.6284403669724771,0.15263157894736842,0.28717948717948716,0.11282051282051282,0.4233576642335766,0.29927007299270075,0.0364963503649635,5.534161490683229,1.5093167701863353,10.39751552795031,0.2938388625592417,0.3696424635345961,0.0765442730717873,0.3696424635345961,0.2553191489361702,"{""novig"": {""0.5"": {""over"": 106, ""under"": -130}}, ""bet365"": {""0.5"": {""over"": -105, ""under"": -130}}, ""betmgm"": {""0.5"": {""over"": 105, ""under"": -140}}, ""draftkings"": {""0.5"": {""over"": 100, ""under"": -133}}, ""fanduel"": {""0.5"": {""over"": 102}}}",0.5,over,novig,106.0,0.4854368932038835,True,-0.1158,1.5,,,,,False,
694378,Jacob Gonzalez,PIT,MIA,0,8.0,1,691587,Eury Pérez,R,823832,6:40 PM ET,loanDepot Park,0,1,0.22982456140350876,2026-08-11,823832,1.0,0,99.1,96.1,86.7,L,1,0,0,0,0,0,0,1,0,0,0,0,0,0,0,0,0,0.2844,0.329,0,0,0,0,0,0,0.19047619047619047,0.18604651162790697,0.8333333333333334,0.16279069767441862,0.17647058823529413,0.16666666666666666,0.046511627906976744,0.023255813953488372,0.07142857142857142,1.0,0.4666666666666667,0.3055555555555556,0.25,0.3611111111111111,0.3611111111111111,0.0,0.2702615384615385,0.38924999999999993,0.25,0.16666666666666666,0.1866,0.3151666666666666,0.25,0.5,0.14634146341463414,0.13333333333333333,0.2,0.2777777777777778,0.6284403669724771,0.15263157894736842,0.28717948717948716,0.11282051282051282,0.4233576642335766,0.29927007299270075,0.0364963503649635,5.534161490683229,1.5093167701863353,10.39751552795031,0.2938388625592417,0.5498217473742448,0.14900786270971134,0.5498217473742448,0.19047619047619047,"{""novig"": {""0.5"": {""over"": -104, ""under"": -127}}, ""bet365"": {""0.5"": {""over"": -120, ""under"": -110}}, ""betmgm"": {""0.5"": {""over"": -130, ""under"": -105}}, ""draftkings"": {""0.5"": {""over"": -104, ""under"": -128}}, ""fanduel"": {""0.5"": {""over"": -110}}}",0.5,over,novig,-104.0,0.5098039215686274,True,0.04,1.5,,,,,False,
663968,Jake Mangum,PIT,MIA,0,1.0,1,691587,Eury Pérez,R,823832,6:40 PM ET,loanDepot Park,0,1,0.22982456140350876,2026-08-11,823832,1.0,0,99.1,96.1,86.7,L,1,1,1,0,0,0,0,0,0,0,1,1,0,0,0,1,0,0.206,0.246,1,0,1,0,0,0,0.29411764705882354,0.40476190476190477,0.7058823529411765,0.23809523809523808,0.375,0.17647058823529413,0.023809523809523808,0.07142857142857142,0.11764705882352941,1.0666666666666667,0.6666666666666666,0.52,0.28,0.44,0.28,0.04,0.3312583333333333,0.485275,0.36363636363636365,0.14285714285714285,0.345,0.5043750000000001,0.2833333333333333,0.43333333333333335,0.208955223880597,0.23333333333333334,0.3,0.234375,0.6284403669724771,0.15263157894736842,0.28717948717948716,0.11282051282051282,0.4233576642335766,0.29927007299270075,0.0364963503649635,5.534161490683229,1.5093167701863353,10.39751552795031,0.2938388625592417,0.6057573569307144,0.2613431382927413,0.6057573569307144,0.29411764705882354,"{""novig"": {""1.5"": {""over"": 257}}, ""bet365"": {""0.5"": {""over"": -240, ""under"": 180}}, ""betmgm"": {""0.5"": {""over"": -160, ""under"": 120}}, ""draftkings"": {""0.5"": {""over"": -248, ""under"": 183}}, ""fanduel"": {""0.5"": {""over"": -174}}}",0.5,over,betmgm,-160.0,0.6153846153846154,True,-0.0096,1.5,over,novig,257.0,0.2801120448179272,True,-0.0188
693304,Nick Gonzales,PIT,MIA,0,5.0,1,691587,Eury Pérez,R,823832,6:40 PM ET,loanDepot Park,1,1,0.22982456140350876,2026-08-11,823832,1.0,0,99.1,96.1,86.7,R,4,4,0,0,0,0,0,0,0,1,0,3,0,1,1,1,1,0.42266666666666675,0.6016666666666667,0,0,0,0,1,0,0.29508196721311475,0.31746031746031744,0.8688524590163934,0.12698412698412698,0.33962264150943394,0.04918032786885246,0.0,0.047619047619047616,0.04918032786885246,1.4,0.5333333333333333,0.2830188679245283,0.32075471698113206,0.4339622641509434,0.22641509433962265,0.018867924528301886,0.32950888888888896,0.4551177777777778,0.3157894736842105,0.1,0.33504999999999996,0.41431666666666667,0.36065573770491804,0.5245901639344263,0.15625,0.25,0.328125,0.15625,0.6284403669724771,0.15263157894736842,0.28717948717948716,0.11282051282051282,0.4233576642335766,0.29927007299270075,0.0364963503649635,5.534161490683229,1.5093167701863353,10.39751552795031,0.2938388625592417,0.6083692022094968,0.21935129858831748,0.6083692022094968,0.29508196721311475,"{""novig"": {""1.5"": {""over"": 223}}, ""bet365"": {""0.5"": {""over"": -230, ""under"": 170}}, ""betmgm"": {""0.5"": {""over"": -210, ""under"": 155}}, ""draftkings"": {""0.5"": {""over"": -220, ""under"": 164}}, ""fanduel"": {""0.5"": {""over"": -250}}}",0.5,over,betmgm,-210.0,0.6774193548387096,True,-0.0691,1.5,over,novig,223.0,0.30959752321981426,True,-0.0902
682927,Ronny Simon,PIT,MIA,0,6.0,1,691587,Eury Pérez,R,823832,6:40 PM ET,loanDepot Park,1,1,0.22982456140350876,2026-08-11,823832,1.0,0,99.1,96.1,86.7,R,3,3,1,0,0,0,0,0,0,0,1,3,0,3,0,2,1,0.5336666666666666,0.6443333333333333,1,0,1,0,0,0,0.24324324324324326,0.2564102564102564,0.8378378378378378,0.15384615384615385,0.28125,0.05405405405405406,0.0,0.05128205128205128,0.05405405405405406,0.7333333333333333,0.4,0.21875,0.15625,0.4375,0.21875,0.0,0.22960555555555556,0.33063888888888887,0.4,0.0,0.26005,0.36734999999999995,0.23076923076923078,0.25,0.1694915254237288,0.1,0.1,0.18181818181818182,0.6284403669724771,0.15263157894736842,0.28717948717948716,0.11282051282051282,0.4233576642335766,0.29927007299270075,0.0364963503649635,5.534161490683229,1.5093167701863353,10.39751552795031,0.2938388625592417,0.620938877871062,0.15589323612038264,0.620938877871062,0.24324324324324326,"{""novig"": {""0.5"": {""over"": -144, ""under"": 130}}, ""bet365"": {""0.5"": {""over"": -170, ""under"": 130}}, ""betmgm"": {""0.5"": {""over"": -120, ""under"": -110}}, ""draftkings"": {""0.5"": {""over"": -154, ""under"": 116}}, ""fanduel"": {""0.5"": {""over"": -166}}}",0.5,over,betmgm,-120.0,0.5454545454545454,True,0.0755,1.5,,,,,False,
687462,Spencer Horwitz,PIT,MIA,0,4.0,1,691587,Eury Pérez,R,823832,6:40 PM ET,loanDepot Park,0,1,0.22982456140350876,2026-08-11,823832,1.0,0,99.1,96.1,86.7,L,5,2,0,0,0,0,2,1,0,0,0,2,0,0,2,0,0,0.07250000000000001,0.11299999999999999,0,0,0,0,0,0,0.20754716981132076,0.3225806451612903,0.7735849056603774,0.1935483870967742,0.25,0.1320754716981132,0.016129032258064516,0.06451612903225806,0.09433962264150944,1.2,0.8,0.2926829268292683,0.2682926829268293,0.3170731707317073,0.3170731707317073,0.024390243902439025,0.2790714285714286,0.43448809523809523,0.1875,0.17647058823529413,0.2853333333333333,0.3234666666666667,0.22641509433962265,0.3584905660377358,0.20634920634920634,0.26666666666666666,0.37777777777777777,0.21818181818181817,0.6284403669724771,0.15263157894736842,0.28717948717948716,0.11282051282051282,0.4233576642335766,0.29927007299270075,0.0364963503649635,5.534161490683229,1.5093167701863353,10.39751552795031,0.2938388625592417,0.5373240071238967,0.1859750998835675,0.5373240071238967,0.20754716981132076,"{""bet365"": {""0.5"": {""over"": -160, ""under"": 120}}, ""betmgm"": {""0.5"": {""over"": -165, ""under"": 125}}, ""draftkings"": {""0.5"": {""over"": -171, ""under"": 128}}, ""fanduel"": {""0.5"": {""over"": -170}}}",0.5,over,bet365,-160.0,0.6153846153846154,True,-0.0781,1.5,,,,,False,
665953,Andrés Chaparro,WSH,CHC,1,2.0,1,684007,Shota Imanaga,L,822697,6:45 PM ET,Nationals Park,1,0,0.21453287197231835,2026-08-11,822697,0.0,0,104.8,103.6,97.1,R,2,2,1,1,0,0,0,0,0,1,2,1,0,1,1,0,0,0.286,0.543,1,0,1,1,1,0,0.2647058823529412,0.34210526315789475,0.7941176470588235,0.18421052631578946,0.25,0.38235294117647056,0.07894736842105263,0.10526315789473684,0.20588235294117646,1.4666666666666666,0.4666666666666667,0.48148148148148145,0.14814814814814814,0.4444444444444444,0.2962962962962963,0.07407407407407407,0.31123809523809526,0.725202380952381,0.2857142857142857,0.3333333333333333,0.3225,0.35379166666666667,0.21428571428571427,0.5357142857142857,0.22580645161290322,0.2571428571428571,0.6,0.175,0.7300884955752213,0.19704433497536947,0.4158878504672897,0.17757009345794392,0.3878787878787879,0.2787878787878788,0.01818181818181818,9.053892215568862,2.748502994011976,7.598802395209581,0.20614035087719298,0.6566626476688062,0.2879409589930964,0.6566626476688062,0.2647058823529412,"{""bet365"": {""0.5"": {""over"": -140, ""under"": 105}}, ""betmgm"": {""0.5"": {""over"": -155, ""under"": 115}}, ""draftkings"": {""0.5"": {""over"": -146, ""under"": 110}}, ""fanduel"": {""0.5"": {""over"": -165}}}",0.5,over,bet365,-140.0,0.5833333333333334,True,0.0733,1.5,,,,,False,
687605,Andrew Pinckney,WSH,CHC,1,9.0,1,684007,Shota Imanaga,L,822697,6:45 PM ET,Nationals Park,1,0,0.21453287197231835,2026-08-11,822697,0.0,0,104.8,103.6,97.1,R,2,2,1,0,0,1,0,0,0,0,4,2,0,1,0,1,1,0.4745,1.2355,1,0,1,1,0,0,,,,,,,,,,,,,,,,,,,0.3333333333333333,0.3333333333333333,,,,,,,,,0.7300884955752213,0.19704433497536947,0.4158878504672897,0.17757009345794392,0.3878787878787879,0.2787878787878788,0.01818181818181818,9.053892215568862,2.748502994011976,7.598802395209581,0.20614035087719298,0.0,0.0029585798816568047,0.0,,"{""novig"": {""0.5"": {""over"": -102, ""under"": -113}}, ""bet365"": {""0.5"": {""over"": -120, ""under"": -110}}, ""betmgm"": {""0.5"": {""over"": -135, ""under"": 100}}, ""draftkings"": {""0.5"": {""over"": -115, ""under"": -115}}, ""fanduel"": {""0.5"": {""over"": -130}}}",0.5,over,novig,-102.0,0.504950495049505,True,-0.505,1.5,,,,,False,
691781,Brady House,WSH,CHC,1,3.0,1,684007,Shota Imanaga,L,822697,6:45 PM ET,Nationals Park,1,0,0.21453287197231835,2026-08-11,822697,0.0,0,104.8,103.6,97.1,R,2,2,0,0,0,0,0,0,0,1,0,1,0,0,1,0,0,0.063,0.094,0,0,0,0,1,0,0.2708333333333333,0.3137254901960784,0.6875,0.29411764705882354,0.3548387096774194,0.20833333333333334,0.0392156862745098,0.0784313725490196,0.125,1.5333333333333334,1.0,0.6060606060606061,0.2727272727272727,0.42424242424242425,0.2727272727272727,0.030303030303030304,0.4562380952380953,0.832279761904762,0.2,0.35294117647058826,0.4483666666666667,0.7350666666666668,0.18,0.34,0.2777777777777778,0.2830188679245283,0.4716981132075472,0.2631578947368421,0.7300884955752213,0.19704433497536947,0.4158878504672897,0.17757009345794392,0.3878787878787879,0.2787878787878788,0.01818181818181818,9.053892215568862,2.748502994011976,7.598802395209581,0.20614035087719298,0.684044009372465,0.30997463604028597,0.684044009372465,0.2708333333333333,"{""novig"": {""0.5"": {""over"": -167, ""under"": 127}}, ""bet365"": {""0.5"": {""over"": -190, ""under"": 140}}, ""betmgm"": {""0.5"": {""over"": -190, ""under"": 140}}, ""draftkings"": {""0.5"": {""over"": -171, ""under"": 128}}, ""fanduel"": {""0.5"": {""over"": -210}}}",0.5,over,novig,-167.0,0.6254681647940075,True,0.0586,1.5,,,,,False,
682928,CJ Abrams,WSH,CHC,1,4.0,1,684007,Shota Imanaga,L,822697,6:45 PM ET,Nationals Park,0,0,0.21453287197231835,2026-08-11,822697,0.0,0,104.8,103.6,97.1,L,5,5,1,0,0,0,0,0,0,1,1,4,0,1,0,2,1,0.4755,0.547,1,0,1,0,1,0,0.288135593220339,0.36363636363636365,0.6440677966101694,0.31343283582089554,0.38235294117647056,0.288135593220339,0.05970149253731343,0.04477611940298507,0.13559322033898305,2.2666666666666666,1.4,0.4473684210526316,0.21052631578947367,0.47368421052631576,0.23684210526315788,0.07894736842105263,0.3963571428571429,0.6064702380952381,0.36363636363636365,0.3333333333333333,0.4932833333333333,0.67705,0.2982456140350877,0.5789473684210527,0.25,0.32786885245901637,0.7213114754098361,0.3384615384615385,0.7300884955752213,0.19704433497536947,0.4158878504672897,0.17757009345794392,0.3878787878787879,0.2787878787878788,0.01818181818181818,9.053892215568862,2.748502994011976,7.598802395209581,0.20614035087719298,0.6474701117025478,0.2343379449646755,0.6474701117025478,0.288135593220339,"{""novig"": {""0.5"": {""over"": -182, ""under"": 133}}, ""bet365"": {""0.5"": {""over"": -170, ""under"": 130}}, ""betmgm"": {""0.5"": {""over"": -175, ""under"": 130}}, ""draftkings"": {""0.5"": {""over"": -193, ""under"": 145}}, ""fanduel"": {""0.5"": {""over"": -195}}}",0.5,over,bet365,-170.0,0.6296296296296297,True,0.0178,1.5,,,,,False,
695734,Daylen Lile,WSH,CHC,1,7.0,1,684007,Shota Imanaga,L,822697,6:45 PM ET,Nationals Park,0,0,0.21453287197231835,2026-08-11,822697,0.0,0,104.8,103.6,97.1,L,4,4,2,0,0,0,0,0,0,1,2,3,0,3,0,1,2,0.47900000000000004,0.6306666666666666,1,1,1,1,1,0,0.25,0.2909090909090909,0.7307692307692307,0.2545454545454545,0.2647058823529412,0.28846153846153844,0.07272727272727272,0.01818181818181818,0.11538461538461539,1.8666666666666667,0.9333333333333333,0.39473684210526316,0.15789473684210525,0.2894736842105263,0.47368421052631576,0.02631578947368421,0.2811444444444444,0.49915,0.16666666666666666,0.3684210526315789,0.23066666666666666,0.6016666666666668,0.24,0.5,0.2222222222222222,0.26229508196721313,0.4426229508196721,0.26865671641791045,0.7300884955752213,0.19704433497536947,0.4158878504672897,0.17757009345794392,0.3878787878787879,0.2787878787878788,0.01818181818181818,9.053892215568862,2.748502994011976,7.598802395209581,0.20614035087719298,0.6016614904356722,0.20251713169691585,0.6016614904356722,0.25,"{""novig"": {""0.5"": {""over"": -160, ""under"": 127}}, ""bet365"": {""0.5"": {""over"": -175, ""under"": 132}}, ""betmgm"": {""0.5"": {""over"": -165, ""under"": 125}}, ""draftkings"": {""0.5"": {""over"": -190, ""under"": 142}}, ""fanduel"": {""0.5"": {""over"": -190}}}",0.5,over,novig,-160.0,0.6153846153846154,True,-0.0137,1.5,,,,,False,
686611,Dylan Crews,WSH,CHC,1,1.0,1,684007,Shota Imanaga,L,822697,6:45 PM ET,Nationals Park,1,0,0.21453287197231835,2026-08-11,822697,0.0,0,104.8,103.6,97.1,R,4,4,1,0,0,0,0,0,0,1,1,3,0,2,0,2,1,0.40066666666666667,0.4796666666666667,1,0,1,0,1,0,0.2542372881355932,0.34328358208955223,0.6779661016949152,0.2835820895522388,0.34210526315789475,0.1694915254237288,0.029850746268656716,0.05970149253731343,0.1016949152542373,1.6666666666666667,1.2666666666666666,0.5,0.3,0.3,0.35,0.075,0.35695952380952384,0.6847630952380952,0.13636363636363635,0.34782608695652173,0.3963,0.6600333333333332,0.17543859649122806,0.3157894736842105,0.22727272727272727,0.3018867924528302,0.49056603773584906,0.25396825396825395,0.7300884955752213,0.19704433497536947,0.4158878504672897,0.17757009345794392,0.3878787878787879,0.2787878787878788,0.01818181818181818,9.053892215568862,2.748502994011976,7.598802395209581,0.20614035087719298,0.6648412300612844,0.3054765384879126,0.6648412300612844,0.2542372881355932,"{""novig"": {""0.5"": {""over"": -199, ""under"": 144}}, ""bet365"": {""0.5"": {""over"": -220, ""under"": 160}}, ""betmgm"": {""0.5"": {""over"": -235, ""under"": 175}}, ""draftkings"": {""0.5"": {""over"": -191, ""under"": 143}}, ""fanduel"": {""0.5"": {""over"": -230}}}",0.5,over,draftkings,-191.0,0.6563573883161512,True,0.0085,1.5,,,,,False,
695670,Harry Ford,WSH,CHC,1,5.0,1,684007,Shota Imanaga,L,822697,6:45 PM ET,Nationals Park,1,0,0.21453287197231835,2026-08-11,822697,0.0,0,104.8,103.6,97.1,R,3,3,1,0,0,1,0,0,0,1,4,2,1,1,1,1,0,0.39999999999999997,1.311,1,0,1,1,1,0,0.1891891891891892,0.32608695652173914,0.7027027027027027,0.2391304347826087,0.23076923076923078,0.16216216216216217,0.021739130434782608,0.06521739130434782,0.10810810810810811,0.8666666666666667,0.7333333333333333,0.25925925925925924,0.07407407407407407,0.4444444444444444,0.4444444444444444,0.0,0.17221794871794874,0.33901282051282056,0.16666666666666666,0.13333333333333333,0.15036666666666668,0.2987666666666666,0.06666666666666667,0.06666666666666667,0.2,0.21739130434782608,0.43478260869565216,0.3,0.7300884955752213,0.19704433497536947,0.4158878504672897,0.17757009345794392,0.3878787878787879,0.2787878787878788,0.01818181818181818,9.053892215568862,2.748502994011976,7.598802395209581,0.20614035087719298,0.5810983311026523,0.18208162770596178,0.5810983311026523,0.1891891891891892,"{""novig"": {""0.5"": {""over"": -138, ""under"": -100}}, ""bet365"": {""0.5"": {""over"": -150, ""under"": 110}}, ""betmgm"": {""0.5"": {""over"": -165, ""under"": 125}}, ""draftkings"": {""0.5"": {""over"": -143, ""under"": 108}}, ""fanduel"": {""0.5"": {""over"": -150}}}",0.5,over,novig,-138.0,0.5798319327731093,True,0.0013,1.5,,,,,False,
696285,Jacob Young,WSH,CHC,1,6.0,1,684007,Shota Imanaga,L,822697,6:45 PM ET,Nationals Park,1,0,0.21453287197231835,2026-08-11,822697,0.0,0,104.8,103.6,97.1,R,4,3,0,0,0,0,0,0,1,0,0,4,0,0,2,1,1,0.02666666666666667,0.028333333333333332,0,0,0,0,0,0,0.36585365853658536,0.4807692307692308,0.8292682926829268,0.12962962962962962,0.4117647058823529,0.1951219512195122,0.018518518518518517,0.05555555555555555,0.12195121951219512,1.5333333333333334,0.4666666666666667,0.21621621621621623,0.43243243243243246,0.2972972972972973,0.2702702702702703,0.0,0.3788690476190476,0.47098214285714285,0.42857142857142855,0.1111111111111111,0.26923333333333327,0.32530000000000003,0.21428571428571427,0.2619047619047619,0.1509433962264151,0.2978723404255319,0.46808510638297873,0.14814814814814814,0.7300884955752213,0.19704433497536947,0.4158878504672897,0.17757009345794392,0.3878787878787879,0.2787878787878788,0.01818181818181818,9.053892215568862,2.748502994011976,7.598802395209581,0.20614035087719298,0.5666110677052894,0.2088818990742679,0.5666110677052894,0.36585365853658536,"{""novig"": {""0.5"": {""over"": -174, ""under"": 122}}, ""bet365"": {""0.5"": {""over"": -170, ""under"": 130}}, ""betmgm"": {""0.5"": {""over"": -185, ""under"": 135}}, ""draftkings"": {""0.5"": {""over"": -160, ""under"": 120}}, ""fanduel"": {""0.5"": {""over"": -185}}}",0.5,over,draftkings,-160.0,0.6153846153846154,True,-0.0488,1.5,,,,,False,
683083,Nasim Nuñez,WSH,CHC,1,8.0,1,684007,Shota Imanaga,L,822697,6:45 PM ET,Nationals Park,0,0,0.21453287197231835,2026-08-11,822697,0.0,0,104.8,103.6,97.1,L,4,4,1,0,0,0,0,0,0,1,1,3,0,1,1,0,2,0.4163333333333333,0.4916666666666667,1,0,1,0,1,0,0.05555555555555555,0.18604651162790697,0.8055555555555556,0.16279069767441862,0.06666666666666667,0.0,0.0,0.0,0.0,0.13333333333333333,0.4666666666666667,0.26666666666666666,0.13333333333333333,0.6666666666666666,0.16666666666666666,0.0,0.22014285714285714,0.2523988095238095,0.0,0.15384615384615385,0.14687500000000003,0.16308333333333336,0.14583333333333334,0.14583333333333334,0.125,0.22448979591836735,0.32653061224489793,0.2222222222222222,0.7300884955752213,0.19704433497536947,0.4158878504672897,0.17757009345794392,0.3878787878787879,0.2787878787878788,0.01818181818181818,9.053892215568862,2.748502994011976,7.598802395209581,0.20614035087719298,0.5477410719449379,0.13439154522940114,0.5477410719449379,0.05555555555555555,"{""novig"": {""0.5"": {""over"": -117, ""under"": -108}}, ""bet365"": {""0.5"": {""over"": -150, ""under"": 110}}, ""betmgm"": {""0.5"": {""over"": -125, ""under"": -105}}, ""draftkings"": {""0.5"": {""over"": -136, ""under"": 103}}, ""fanduel"": {""0.5"": {""over"": -150}}}",0.5,over,novig,-117.0,0.5391705069124424,True,0.0086,1.5,,,,,False,
608324,Alex Bregman,CHC,WSH,0,4.0,1,663623,Jake Irvin,R,822697,6:45 PM ET,Nationals Park,1,1,0.226890756302521,2026-08-11,822697,0.0,0,104.8,103.6,97.1,R,6,6,3,0,0,0,0,0,0,1,3,5,0,1,3,2,0,0.3538,0.38280000000000003,1,1,1,1,1,0,0.2903225806451613,0.35294117647058826,0.8387096774193549,0.14705882352941177,0.32,0.22580645161290322,0.029411764705882353,0.11764705882352941,0.16129032258064516,2.1333333333333333,0.6666666666666666,0.46153846153846156,0.21153846153846154,0.4230769230769231,0.28846153846153844,0.0,0.33537111111111106,0.4854333333333333,0.23809523809523808,0.09090909090909091,0.32486666666666664,0.4892833333333334,0.30158730158730157,0.5396825396825397,0.15942028985507245,0.18867924528301888,0.41509433962264153,0.12121212121212122,0.6359223300970874,0.19186046511627908,0.3854748603351955,0.16201117318435754,0.4198473282442748,0.29770992366412213,0.04580152671755725,9.257142857142858,1.3499999999999999,9.835714285714287,0.24056603773584906,0.6636397716439845,0.2524573780127118,0.6636397716439845,0.2903225806451613,"{""novig"": {""1.5"": {""over"": 228}}, ""bet365"": {""0.5"": {""over"": -260, ""under"": 190}}, ""betmgm"": {""0.5"": {""over"": -225, ""under"": 165}}, ""draftkings"": {""0.5"": {""over"": -253, ""under"": 186}}, ""fanduel"": {""0.5"": {""over"": -240}}}",0.5,over,betmgm,-225.0,0.6923076923076923,True,-0.0287,1.5,over,novig,228.0,0.3048780487804878,True,-0.0524
608348,Carson Kelly,CHC,WSH,0,8.0,1,663623,Jake Irvin,R,822697,6:45 PM ET,Nationals Park,1,1,0.226890756302521,2026-08-11,822697,0.0,0,104.8,103.6,97.1,R,3,3,1,1,0,0,0,0,0,2,2,1,0,0,0,0,1,0.303,0.516,1,0,1,1,1,1,0.23076923076923078,0.2982456140350877,0.8461538461538461,0.14035087719298245,0.2558139534883721,0.057692307692307696,0.017543859649122806,0.0,0.019230769230769232,1.0,0.5333333333333333,0.3409090909090909,0.20454545454545456,0.4318181818181818,0.2727272727272727,0.0,0.29924,0.40416777777777774,0.3333333333333333,0.10526315789473684,0.48102,0.66397,0.17307692307692307,0.23076923076923078,0.1724137931034483,0.2826086956521739,0.45652173913043476,0.21568627450980393,0.6359223300970874,0.19186046511627908,0.3854748603351955,0.16201117318435754,0.4198473282442748,0.29770992366412213,0.04580152671755725,9.257142857142858,1.3499999999999999,9.835714285714287,0.24056603773584906,0.5951828736431307,0.20564401788039113,0.5951828736431307,0.23076923076923078,"{""novig"": {""0.5"": {""over"": -174, ""under"": 125}}, ""bet365"": {""0.5"": {""over"": -180, ""under"": 135}}, ""betmgm"": {""0.5"": {""over"": -175, ""under"": 130}}, ""draftkings"": {""0.5"": {""over"": -196, ""under"": 146}}, ""fanduel"": {""0.5"": {""over"": -180}}}",0.5,over,novig,-174.0,0.635036496350365,True,-0.0399,1.5,,,,,False,
621020,Dansby Swanson,CHC,WSH,0,9.0,1,663623,Jake Irvin,R,822697,6:45 PM ET,Nationals Park,1,1,0.226890756302521,2026-08-11,822697,0.0,0,104.8,103.6,97.1,R,5,4,1,0,0,0,1,0,0,1,1,3,0,1,0,3,0,0.3293333333333333,0.37433333333333335,1,0,1,0,1,0,0.21818181818181817,0.2711864406779661,0.7272727272727273,0.2542372881355932,0.28205128205128205,0.10909090909090909,0.01694915254237288,0.05084745762711865,0.07272727272727272,1.2,1.0,0.275,0.225,0.5,0.175,0.0,0.30195,0.4351611111111111,0.21052631578947367,0.2,0.3082500000000001,0.4805666666666667,0.18181818181818182,0.2545454545454545,0.2,0.2857142857142857,0.5,0.23728813559322035,0.6359223300970874,0.19186046511627908,0.3854748603351955,0.16201117318435754,0.4198473282442748,0.29770992366412213,0.04580152671755725,9.257142857142858,1.3499999999999999,9.835714285714287,0.24056603773584906,0.48006786636671767,0.12874576936455628,0.48006786636671767,0.21818181818181817,"{""novig"": {""0.5"": {""over"": -190, ""under"": 138}}, ""bet365"": {""0.5"": {""over"": -200, ""under"": 150}}, ""betmgm"": {""0.5"": {""over"": -185, ""under"": 135}}, ""draftkings"": {""0.5"": {""over"": -196, ""under"": 146}}, ""fanduel"": {""0.5"": {""over"": -190}}}",0.5,over,betmgm,-185.0,0.6491228070175439,True,-0.1691,1.5,,,,,False,
664023,Ian Happ,CHC,WSH,0,5.0,1,663623,Jake Irvin,R,822697,6:45 PM ET,Nationals Park,0,1,0.226890756302521,2026-08-11,822697,0.0,0,104.8,103.6,97.1,L,5,5,3,0,0,1,0,0,0,1,6,4,0,2,1,3,0,0.33125,0.59875,1,1,1,1,1,0,0.10810810810810811,0.175,0.5945945945945946,0.375,0.14285714285714285,0.13513513513513514,0.025,0.05,0.08108108108108109,0.6,1.0,0.4090909090909091,0.22727272727272727,0.45454545454545453,0.2727272727272727,0.0,0.23608148148148148,0.3826,0.14285714285714285,0.42857142857142855,0.22144444444444453,0.4188333333333339,0.15384615384615385,0.28846153846153844,0.3620689655172414,0.2641509433962264,0.5849056603773585,0.32786885245901637,0.6359223300970874,0.19186046511627908,0.3854748603351955,0.16201117318435754,0.4198473282442748,0.29770992366412213,0.04580152671755725,9.257142857142858,1.3499999999999999,9.835714285714287,0.24056603773584906,0.5524104291731516,0.12903260051643764,0.5524104291731516,0.10810810810810811,"{""novig"": {""0.5"": {""over"": -194, ""under"": 147}}, ""bet365"": {""0.5"": {""over"": -190, ""under"": 140}}, ""betmgm"": {""0.5"": {""over"": -175, ""under"": 130}}, ""draftkings"": {""0.5"": {""over"": -201, ""under"": 150}}, ""fanduel"": {""0.5"": {""over"": -190}}}",0.5,over,betmgm,-175.0,0.6363636363636364,True,-0.084,1.5,,,,,False,
683737,Michael Busch,CHC,WSH,0,3.0,1,663623,Jake Irvin,R,822697,6:45 PM ET,Nationals Park,0,1,0.226890756302521,2026-08-11,822697,0.0,0,104.8,103.6,97.1,L,5,5,3,1,0,0,0,0,0,0,4,5,0,2,2,2,1,0.384,0.4962,1,1,1,1,0,0,0.26153846153846155,0.30434782608695654,0.8461538461538461,0.14285714285714285,0.2962962962962963,0.07692307692307693,0.014285714285714285,0.02857142857142857,0.046153846153846156,1.4666666666666666,0.6666666666666666,0.36363636363636365,0.2909090909090909,0.38181818181818183,0.2727272727272727,0.03636363636363636,0.30270444444444444,0.4867644444444445,0.25,0.13043478260869565,0.2730333333333333,0.40404333333333325,0.22727272727272727,0.24242424242424243,0.19718309859154928,0.34545454545454546,0.6363636363636364,0.2222222222222222,0.6359223300970874,0.19186046511627908,0.3854748603351955,0.16201117318435754,0.4198473282442748,0.29770992366412213,0.04580152671755725,9.257142857142858,1.3499999999999999,9.835714285714287,0.24056603773584906,0.6268388935872418,0.1972041046980502,0.6268388935872418,0.26153846153846155,"{""novig"": {""1.5"": {""over"": 217, ""under"": -257}}, ""bet365"": {""0.5"": {""over"": -260, ""under"": 190}}, ""betmgm"": {""0.5"": {""over"": -220, ""under"": 165}}, ""draftkings"": {""0.5"": {""over"": -256, ""under"": 189}}, ""fanduel"": {""0.5"": {""over"": -250}}}",0.5,over,betmgm,-220.0,0.6875,True,-0.0607,1.5,over,novig,217.0,0.31545741324921134,True,-0.1183
624424,Michael Conforto,CHC,WSH,0,7.0,1,663623,Jake Irvin,R,822697,6:45 PM ET,Nationals Park,0,1,0.226890756302521,2026-08-11,822697,0.0,0,104.8,103.6,97.1,L,5,4,2,0,0,0,0,0,1,1,2,4,0,0,2,1,1,0.443,0.48866666666666664,1,1,1,1,1,0,0.18181818181818182,0.3076923076923077,0.6666666666666666,0.28205128205128205,0.23809523809523808,0.15151515151515152,0.02564102564102564,0.05128205128205128,0.09090909090909091,0.7333333333333333,0.7333333333333333,0.4090909090909091,0.22727272727272727,0.3181818181818182,0.36363636363636365,0.0,0.2840530303030303,0.5639469696969697,0.08333333333333333,0.38461538461538464,0.4555833333333334,0.9340833333333332,0.18181818181818182,0.3333333333333333,0.28205128205128205,0.2608695652173913,0.41304347826086957,0.24074074074074073,0.6359223300970874,0.19186046511627908,0.3854748603351955,0.16201117318435754,0.4198473282442748,0.29770992366412213,0.04580152671755725,9.257142857142858,1.3499999999999999,9.835714285714287,0.24056603773584906,0.49147676101567256,0.134557788382514,0.49147676101567256,0.18181818181818182,"{""novig"": {""0.5"": {""over"": -153, ""under"": 115}}, ""bet365"": {""0.5"": {""over"": -170, ""under"": 130}}, ""betmgm"": {""0.5"": {""over"": -150, ""under"": 110}}, ""draftkings"": {""0.5"": {""over"": -170, ""under"": 128}}, ""fanduel"": {""0.5"": {""over"": -175}}}",0.5,over,betmgm,-150.0,0.6,True,-0.1085,1.5,,,,,False,
663538,Nico Hoerner,CHC,WSH,0,6.0,1,663623,Jake Irvin,R,822697,6:45 PM ET,Nationals Park,1,1,0.226890756302521,2026-08-11,822697,0.0,0,104.8,103.6,97.1,R,4,3,2,1,0,0,1,0,0,0,3,3,0,0,1,1,1,0.6536666666666667,0.725,1,1,1,1,0,0,0.3448275862068966,0.36666666666666664,0.8448275862068966,0.15,0.3695652173913043,0.1724137931034483,0.05,0.016666666666666666,0.06896551724137931,2.0,0.6,0.30612244897959184,0.30612244897959184,0.3469387755102041,0.2653061224489796,0.04081632653061224,0.3787811111111111,0.48388888888888887,0.2857142857142857,0.14285714285714285,0.32646666666666674,0.4371766666666666,0.3,0.36666666666666664,0.13114754098360656,0.18867924528301888,0.2641509433962264,0.11666666666666667,0.6359223300970874,0.19186046511627908,0.3854748603351955,0.16201117318435754,0.4198473282442748,0.29770992366412213,0.04580152671755725,9.257142857142858,1.3499999999999999,9.835714285714287,0.24056603773584906,0.631510935826647,0.22214086507550568,0.631510935826647,0.3448275862068966,"{""novig"": {""1.5"": {""over"": 213, ""under"": -228}}, ""betmgm"": {""0.5"": {""over"": -250, ""under"": 180}}, ""bet365"": {""1.5"": {""over"": 185, ""under"": -250}}, ""draftkings"": {""1.5"": {""over"": 172, ""under"": -232}}, ""fanduel"": {""0.5"": {""over"": -300}}}",0.5,over,betmgm,-250.0,0.7142857142857143,True,-0.0828,1.5,over,novig,213.0,0.3194888178913738,True,-0.0973
691718,Pete Crow-Armstrong,CHC,WSH,0,1.0,1,663623,Jake Irvin,R,822697,6:45 PM ET,Nationals Park,0,1,0.226890756302521,2026-08-11,822697,0.0,0,104.8,103.6,97.1,L,6,5,1,1,0,0,1,0,0,2,2,3,1,1,1,2,0,0.4083333333333334,0.8066666666666666,1,0,1,1,1,1,0.3050847457627119,0.4084507042253521,0.6440677966101694,0.29577464788732394,0.4,0.3559322033898305,0.056338028169014086,0.07042253521126761,0.1864406779661017,2.6,1.4,0.6153846153846154,0.3076923076923077,0.15384615384615385,0.46153846153846156,0.07692307692307693,0.3383888888888889,0.6199944444444444,0.4,0.3333333333333333,0.4138833333333333,0.6725833333333332,0.2807017543859649,0.6140350877192983,0.28169014084507044,0.3090909090909091,0.5272727272727272,0.2714285714285714,0.6359223300970874,0.19186046511627908,0.3854748603351955,0.16201117318435754,0.4198473282442748,0.29770992366412213,0.04580152671755725,9.257142857142858,1.3499999999999999,9.835714285714287,0.24056603773584906,0.5296211748470623,0.13878084331894378,0.5296211748470623,0.3050847457627119,"{""novig"": {""1.5"": {""over"": 190, ""under"": -277}}, ""bet365"": {""1.5"": {""over"": 190, ""under"": -260}}, ""betmgm"": {""0.5"": {""over"": -235, ""under"": 175}}, ""draftkings"": {""1.5"": {""over"": 170, ""under"": -229}}, ""fanduel"": {""0.5"": {""over"": -300}}}",0.5,over,betmgm,-235.0,0.7014925373134329,True,-0.1719,1.5,over,novig,190.0,0.3448275862068966,True,-0.206
673548,Seiya Suzuki,CHC,WSH,0,2.0,1,663623,Jake Irvin,R,822697,6:45 PM ET,Nationals Park,1,1,0.226890756302521,2026-08-11,822697,0.0,0,104.8,103.6,97.1,R,4,4,0,0,0,0,0,0,0,1,0,3,0,0,2,1,0,0.11699999999999999,0.14866666666666664,0,0,0,0,1,0,0.26229508196721313,0.375,0.7049180327868853,0.25,0.325,0.21311475409836064,0.041666666666666664,0.05555555555555555,0.11475409836065574,1.9333333333333333,1.2,0.27906976744186046,0.27906976744186046,0.27906976744186046,0.3023255813953488,0.0,0.3333011111111111,0.5982000000000001,0.25,0.08333333333333333,0.34200333333333327,0.5197333333333332,0.26666666666666666,0.48333333333333334,0.2702702702702703,0.2549019607843137,0.47058823529411764,0.19672131147540983,0.6359223300970874,0.19186046511627908,0.3854748603351955,0.16201117318435754,0.4198473282442748,0.29770992366412213,0.04580152671755725,9.257142857142858,1.3499999999999999,9.835714285714287,0.24056603773584906,0.5760165862098144,0.19188282688959454,0.5760165862098144,0.26229508196721313,"{""novig"": {""0.5"": {""over"": -292, ""under"": 170}}, ""bet365"": {""0.5"": {""over"": -270, ""under"": 195}}, ""betmgm"": {""0.5"": {""over"": -250, ""under"": 180}}, ""draftkings"": {""0.5"": {""over"": -254, ""under"": 187}}, ""fanduel"": {""0.5"": {""over"": -260}}}",0.5,over,betmgm,-250.0,0.7142857142857143,True,-0.1383,1.5,,,,,False,
669224,Austin Wells,NYY,SEA,1,9.0,1,693433,Bryan Woo,R,823512,7:05 PM ET,Yankee Stadium,0,1,0.2783687943262411,2026-08-11,823512,,0,94.4,100.1,100.3,L,3,3,1,0,0,0,0,0,0,0,1,3,0,0,1,2,0,0.22233333333333336,0.255,1,0,1,0,0,0,0.2857142857142857,0.4186046511627907,0.7428571428571429,0.20930232558139536,0.3333333333333333,0.2571428571428571,0.046511627906976744,0.06976744186046512,0.14285714285714285,1.2666666666666666,0.6,0.46153846153846156,0.2692307692307692,0.2692307692307692,0.34615384615384615,0.07692307692307693,0.3820512820512821,0.7024102564102565,0.35714285714285715,0.3333333333333333,0.3612666666666667,0.6058333333333332,0.2727272727272727,0.42424242424242425,0.20512820512820512,0.11320754716981132,0.18867924528301888,0.35185185185185186,0.6846473029045643,0.2409090909090909,0.4185022026431718,0.15418502202643172,0.45454545454545453,0.23030303030303031,0.01818181818181818,6.942857142857142,0.46285714285714286,10.491428571428571,0.2918454935622318,0.37246955638115636,0.0848323616279087,0.37246955638115636,0.2857142857142857,"{""novig"": {""0.5"": {""over"": 111, ""under"": -147}}, ""bet365"": {""0.5"": {""over"": -110, ""under"": -120}}, ""betmgm"": {""0.5"": {""over"": 105, ""under"": -140}}, ""draftkings"": {""0.5"": {""over"": 110, ""under"": -146}}, ""fanduel"": {""0.5"": {""over"": -115}}}",0.5,over,novig,111.0,0.47393364928909953,True,-0.1015,1.5,,,,,False,
700250,Ben Rice,NYY,SEA,1,2.0,1,693433,Bryan Woo,R,823512,7:05 PM ET,Yankee Stadium,0,1,0.2783687943262411,2026-08-11,823512,,0,94.4,100.1,100.3,L,4,4,0,0,0,0,0,0,0,1,0,3,0,1,1,1,1,0.19733333333333333,0.39266666666666666,0,0,0,0,1,0,0.14545454545454545,0.265625,0.6,0.34375,0.1935483870967742,0.14545454545454545,0.03125,0.03125,0.07272727272727272,1.0666666666666667,1.4666666666666666,0.45454545454545453,0.24242424242424243,0.3939393939393939,0.3333333333333333,0.030303030303030304,0.2851666666666667,0.5462277777777778,0.11764705882352941,0.2727272727272727,0.17031666666666667,0.3777166666666666,0.16666666666666666,0.3148148148148148,0.30158730158730157,0.20634920634920634,0.4126984126984127,0.3230769230769231,0.6846473029045643,0.2409090909090909,0.4185022026431718,0.15418502202643172,0.45454545454545453,0.23030303030303031,0.01818181818181818,6.942857142857142,0.46285714285714286,10.491428571428571,0.2918454935622318,0.5236919844516449,0.17978162678057585,0.5236919844516449,0.14545454545454545,"{""novig"": {""1.5"": {""over"": 239, ""under"": -376}}, ""bet365"": {""0.5"": {""over"": -230, ""under"": 170}}, ""betmgm"": {""0.5"": {""over"": -210, ""under"": 155}}, ""draftkings"": {""0.5"": {""over"": -220, ""under"": 164}}, ""fanduel"": {""0.5"": {""over"": -230}}}",0.5,over,betmgm,-210.0,0.6774193548387096,True,-0.1537,1.5,over,novig,239.0,0.2949852507374631,True,-0.1152
806146,George Lombard Jr.,NYY,SEA,1,6.0,1,693433,Bryan Woo,R,823512,7:05 PM ET,Yankee Stadium,1,1,0.2783687943262411,2026-08-11,823512,,0,94.4,100.1,100.3,R,4,4,0,0,0,0,0,0,0,1,0,3,0,0,0,2,1,0.3093333333333333,0.345,0,0,0,0,1,0,0.29411764705882354,0.42857142857142855,0.5294117647058824,0.38095238095238093,0.42857142857142855,0.35294117647058826,0.09523809523809523,0.0,0.11764705882352941,1.5714285714285714,1.1428571428571428,0.5555555555555556,0.2222222222222222,0.4444444444444444,0.3333333333333333,0.1111111111111111,,,0.35714285714285715,0.29411764705882354,0.3912916666666667,0.7179166666666666,0.25,0.5,0.35714285714285715,,,,0.6846473029045643,0.2409090909090909,0.4185022026431718,0.15418502202643172,0.45454545454545453,0.23030303030303031,0.01818181818181818,6.942857142857142,0.46285714285714286,10.491428571428571,0.2918454935622318,0.5326592365269147,0.14993727509635588,0.5326592365269147,0.29411764705882354,"{""novig"": {""0.5"": {""over"": -138, ""under"": -100}}, ""bet365"": {""0.5"": {""over"": -155, ""under"": 115}}, ""betmgm"": {""0.5"": {""over"": -145, ""under"": 105}}, ""draftkings"": {""0.5"": {""over"": -142, ""under"": 107}}, ""fanduel"": {""0.5"": {""over"": -150}}}",0.5,over,novig,-138.0,0.5798319327731093,True,-0.0472,1.5,,,,,False,
671218,Heliot Ramos,NYY,SEA,1,3.0,1,693433,Bryan Woo,R,823512,7:05 PM ET,Yankee Stadium,1,1,0.2783687943262411,2026-08-11,823512,,0,94.4,100.1,100.3,R,4,4,0,0,0,0,0,0,0,2,0,2,0,2,0,0,2,0.6214999999999999,1.2505,0,0,0,0,1,1,0.2033898305084746,0.29850746268656714,0.6779661016949152,0.2835820895522388,0.3,0.03389830508474576,0.0,0.029850746268656716,0.03389830508474576,0.9333333333333333,1.2666666666666666,0.425,0.2,0.6,0.125,0.0,0.31555444444444447,0.40183222222222226,0.17647058823529413,0.2857142857142857,0.40679999999999994,0.5250000000000001,0.15789473684210525,0.24561403508771928,0.328125,0.35,0.5666666666666667,0.2,0.6846473029045643,0.2409090909090909,0.4185022026431718,0.15418502202643172,0.45454545454545453,0.23030303030303031,0.01818181818181818,6.942857142857142,0.46285714285714286,10.491428571428571,0.2918454935622318,0.6032288265259159,0.21995123263083025,0.6032288265259159,0.2033898305084746,"{""novig"": {""0.5"": {""over"": -186, ""under"": 135}}, ""bet365"": {""0.5"": {""over"": -230, ""under"": 170}}, ""betmgm"": {""0.5"": {""over"": -190, ""under"": 140}}, ""draftkings"": {""0.5"": {""over"": -195, ""under"": 146}}, ""fanduel"": {""0.5"": {""over"": -200}}}",0.5,over,novig,-186.0,0.6503496503496503,True,-0.0471,1.5,,,,,False,
665862,Jazz Chisholm Jr.,NYY,SEA,1,5.0,1,693433,Bryan Woo,R,823512,7:05 PM ET,Yankee Stadium,0,1,0.2783687943262411,2026-08-11,823512,,0,94.4,100.1,100.3,L,4,3,1,0,0,0,1,0,0,1,1,2,0,1,0,1,1,0.6000000000000001,0.638,1,0,1,0,1,0,0.16666666666666666,0.23728813559322035,0.5555555555555556,0.4067796610169492,0.2222222222222222,0.2037037037037037,0.05084745762711865,0.03389830508474576,0.09259259259259259,1.3333333333333333,1.6,0.5,0.13333333333333333,0.5333333333333333,0.26666666666666666,0.03333333333333333,0.3558452380952381,0.6874940476190475,0.0625,0.3333333333333333,0.22220000000000004,0.4852166666666665,0.16666666666666666,0.4074074074074074,0.35,0.2,0.38181818181818183,0.3389830508474576,0.6846473029045643,0.2409090909090909,0.4185022026431718,0.15418502202643172,0.45454545454545453,0.23030303030303031,0.01818181818181818,6.942857142857142,0.46285714285714286,10.491428571428571,0.2918454935622318,0.5652660597126953,0.15347392458698597,0.5652660597126953,0.16666666666666666,"{""novig"": {""0.5"": {""over"": -156, ""under"": 117}}, ""bet365"": {""0.5"": {""over"": -175, ""under"": 132}}, ""betmgm"": {""0.5"": {""over"": -155, ""under"": 115}}, ""draftkings"": {""0.5"": {""over"": -160, ""under"": 120}}, ""fanduel"": {""0.5"": {""over"": -160}}}",0.5,over,betmgm,-155.0,0.6078431372549019,True,-0.0426,1.5,,,,,False,
671277,Luis García Jr.,NYY,SEA,1,4.0,1,693433,Bryan Woo,R,823512,7:05 PM ET,Yankee Stadium,0,1,0.2783687943262411,2026-08-11,823512,,0,94.4,100.1,100.3,L,4,4,0,0,0,0,0,0,0,1,0,3,0,2,1,1,0,0.2343333333333333,0.2796666666666667,0,0,0,0,1,0,0.3,0.3333333333333333,0.85,0.14285714285714285,0.2978723404255319,0.3333333333333333,0.06349206349206349,0.06349206349206349,0.16666666666666666,2.533333333333333,0.6,0.39215686274509803,0.2549019607843137,0.37254901960784315,0.23529411764705882,0.0196078431372549,0.3003166666666666,0.5837944444444445,0.2631578947368421,0.047619047619047616,0.2693833333333333,0.40470000000000006,0.26785714285714285,0.5892857142857143,0.2033898305084746,0.19230769230769232,0.2692307692307692,0.18181818181818182,0.6846473029045643,0.2409090909090909,0.4185022026431718,0.15418502202643172,0.45454545454545453,0.23030303030303031,0.01818181818181818,6.942857142857142,0.46285714285714286,10.491428571428571,0.2918454935622318,0.6263286710700584,0.2097548850126614,0.6263286710700584,0.3,"{""novig"": {""0.5"": {""over"": -228, ""under"": 178}}, ""betmgm"": {""0.5"": {""over"": -235, ""under"": 175}}, ""draftkings"": {""0.5"": {""over"": -220, ""under"": 163}}, ""fanduel"": {""0.5"": {""over"": -250}}}",0.5,over,draftkings,-220.0,0.6875,True,-0.0612,1.5,,,,,False,
641857,Ryan McMahon,NYY,SEA,1,8.0,1,693433,Bryan Woo,R,823512,7:05 PM ET,Yankee Stadium,0,1,0.2783687943262411,2026-08-11,823512,,0,94.4,100.1,100.3,L,4,3,0,0,0,0,1,0,0,2,0,1,0,0,0,1,0,0.075,0.081,0,0,0,0,1,1,0.21951219512195122,0.2978723404255319,0.7073170731707317,0.2553191489361702,0.27586206896551724,0.12195121951219512,0.02127659574468085,0.0425531914893617,0.07317073170731707,0.9333333333333333,0.8,0.4666666666666667,0.26666666666666666,0.3333333333333333,0.36666666666666664,0.0,0.3616111111111111,0.5268972222222222,0.38461538461538464,0.23529411764705882,0.37191666666666656,0.5953750000000002,0.26666666666666666,0.4888888888888889,0.22,0.21621621621621623,0.43243243243243246,0.2558139534883721,0.6846473029045643,0.2409090909090909,0.4185022026431718,0.15418502202643172,0.45454545454545453,0.23030303030303031,0.01818181818181818,6.942857142857142,0.46285714285714286,10.491428571428571,0.2918454935622318,0.5185657882470714,0.16109606564813939,0.5185657882470714,0.21951219512195122,"{""novig"": {""0.5"": {""over"": -111, ""under"": -122}}, ""bet365"": {""0.5"": {""over"": -120, ""under"": -110}}, ""betmgm"": {""0.5"": {""over"": -125, ""under"": -105}}, ""draftkings"": {""0.5"": {""over"": -119, ""under"": -111}}, ""fanduel"": {""0.5"": {""over"": -135}}}",0.5,over,novig,-111.0,0.5260663507109005,True,-0.0075,1.5,,,,,False,
682987,Spencer Jones,NYY,SEA,1,7.0,1,693433,Bryan Woo,R,823512,7:05 PM ET,Yankee Stadium,0,1,0.2783687943262411,2026-08-11,823512,,0,94.4,100.1,100.3,L,4,3,0,0,0,0,1,0,0,1,0,2,0,0,0,1,0,0.0345,0.0395,0,0,0,0,1,0,0.20454545454545456,0.2857142857142857,0.7272727272727273,0.24489795918367346,0.20689655172413793,0.25,0.061224489795918366,0.0,0.09090909090909091,1.3333333333333333,0.8,0.53125,0.21875,0.28125,0.40625,0.03125,0.43979761904761905,0.9366428571428571,0.1111111111111111,0.25,0.3903666666666667,0.7233333333333334,0.15555555555555556,0.26666666666666666,0.3541666666666667,0.23529411764705882,0.5882352941176471,0.3333333333333333,0.6846473029045643,0.2409090909090909,0.4185022026431718,0.15418502202643172,0.45454545454545453,0.23030303030303031,0.01818181818181818,6.942857142857142,0.46285714285714286,10.491428571428571,0.2918454935622318,0.5061871502361814,0.15980736534953807,0.5061871502361814,0.20454545454545456,"{""novig"": {""0.5"": {""over"": -117, ""under"": -113}}, ""bet365"": {""0.5"": {""over"": -135, ""under"": 100}}, ""betmgm"": {""0.5"": {""over"": -135, ""under"": 100}}, ""draftkings"": {""0.5"": {""over"": -131, ""under"": -101}}, ""fanduel"": {""0.5"": {""over"": -140}}}",0.5,over,novig,-117.0,0.5391705069124424,True,-0.033,1.5,,,,,False,
663757,Trent Grisham,NYY,SEA,1,1.0,1,693433,Bryan Woo,R,823512,7:05 PM ET,Yankee Stadium,0,1,0.2783687943262411,2026-08-11,823512,,0,94.4,100.1,100.3,L,4,4,2,1,0,1,0,0,0,0,6,4,1,3,2,1,1,0.606,1.7055,1,1,1,1,0,0,0.1320754716981132,0.17857142857142858,0.7735849056603774,0.21052631578947367,0.15,0.09433962264150944,0.017543859649122806,0.03508771929824561,0.05660377358490566,0.8,0.8,0.3170731707317073,0.2682926829268293,0.43902439024390244,0.21951219512195122,0.0,0.24529761904761901,0.4102678571428572,0.19047619047619047,0.3333333333333333,0.32405,0.6565999999999999,0.125,0.25,0.1746031746031746,0.28846153846153844,0.4423076923076923,0.17543859649122806,0.6846473029045643,0.2409090909090909,0.4185022026431718,0.15418502202643172,0.45454545454545453,0.23030303030303031,0.01818181818181818,6.942857142857142,0.46285714285714286,10.491428571428571,0.2918454935622318,0.5839314414003945,0.15401252885345226,0.5839314414003945,0.1320754716981132,"{""novig"": {""0.5"": {""over"": -190, ""under"": 133}}, ""bet365"": {""0.5"": {""over"": -210, ""under"": 155}}, ""betmgm"": {""0.5"": {""over"": -185, ""under"": 135}}, ""draftkings"": {""0.5"": {""over"": -200, ""under"": 149}}, ""fanduel"": {""0.5"": {""over"": -200}}}",0.5,over,betmgm,-185.0,0.6491228070175439,True,-0.0652,1.5,,,,,False,
680977,Brendan Donovan,SEA,NYY,0,7.0,1,677960,Ryan Weathers,L,823512,7:05 PM ET,Yankee Stadium,0,0,0.2265193370165746,2026-08-11,823512,,0,94.4,100.1,100.3,L,4,4,1,0,0,0,0,0,0,1,1,3,0,1,1,1,1,0.35400000000000004,0.4666666666666666,1,0,1,0,1,0,0.23076923076923078,0.3333333333333333,0.8653846153846154,0.11666666666666667,0.26666666666666666,0.07692307692307693,0.0,0.03333333333333333,0.057692307692307696,1.0666666666666667,0.4666666666666667,0.3111111111111111,0.26666666666666666,0.4,0.28888888888888886,0.0,0.286425,0.3991107142857143,0.2631578947368421,0.2,0.25473333333333337,0.41205333333333327,0.22,0.3,0.11666666666666667,0.2982456140350877,0.3508771929824561,0.15625,0.695067264573991,0.25380710659898476,0.4236453201970443,0.1477832512315271,0.5225806451612903,0.17419354838709677,0.025806451612903226,8.720496894409939,1.677018633540373,9.894409937888199,0.25877192982456143,0.5653089527819853,0.1925207534170047,0.5653089527819853,0.23076923076923078,"{""novig"": {""0.5"": {""over"": -178, ""under"": 125}}, ""bet365"": {""0.5"": {""over"": -180, ""under"": 135}}, ""betmgm"": {""0.5"": {""over"": -185, ""under"": 135}}, ""draftkings"": {""0.5"": {""over"": -191, ""under"": 143}}, ""fanduel"": {""0.5"": {""over"": -170}}}",0.5,over,fanduel,-170.0,0.6296296296296297,True,-0.0643,1.5,,,,,False,
663728,Cal Raleigh,SEA,NYY,0,6.0,1,677960,Ryan Weathers,L,823512,7:05 PM ET,Yankee Stadium,1,0,0.2265193370165746,2026-08-11,823512,,0,94.4,100.1,100.3,R,4,4,0,0,0,0,0,0,0,1,0,3,0,2,2,0,1,0.29333333333333333,0.6936666666666667,0,0,0,0,1,0,0.15384615384615385,0.2903225806451613,0.6538461538461539,0.2903225806451613,0.1875,0.15384615384615385,0.03225806451612903,0.03225806451612903,0.07692307692307693,0.5333333333333333,0.6,0.35294117647058826,0.11764705882352941,0.29411764705882354,0.35294117647058826,0.11764705882352941,0.2865384615384615,0.696576923076923,0.2,0.125,0.04524999999999989,0.05749999999999944,0.16981132075471697,0.2830188679245283,0.31746031746031744,0.14,0.26,0.38333333333333336,0.695067264573991,0.25380710659898476,0.4236453201970443,0.1477832512315271,0.5225806451612903,0.17419354838709677,0.025806451612903226,8.720496894409939,1.677018633540373,9.894409937888199,0.25877192982456143,0.5161084672592101,0.2080614828302254,0.5161084672592101,0.15384615384615385,"{""novig"": {""0.5"": {""over"": -127, ""under"": -100}}, ""bet365"": {""0.5"": {""over"": -150, ""under"": 110}}, ""betmgm"": {""0.5"": {""over"": -135, ""under"": 100}}, ""draftkings"": {""0.5"": {""over"": -149, ""under"": 112}}, ""fanduel"": {""0.5"": {""over"": -150}}}",0.5,over,novig,-127.0,0.5594713656387665,True,-0.0434,1.5,,,,,False,
702284,Cole Young,SEA,NYY,0,5.0,1,677960,Ryan Weathers,L,823512,7:05 PM ET,Yankee Stadium,0,0,0.2265193370165746,2026-08-11,823512,,0,94.4,100.1,100.3,L,4,4,2,0,0,0,0,0,0,1,2,3,0,2,0,2,1,0.5930000000000001,0.6676666666666667,1,1,1,1,1,0,0.3389830508474576,0.4,0.9152542372881356,0.07692307692307693,0.3584905660377358,0.13559322033898305,0.015384615384615385,0.015384615384615385,0.06779661016949153,1.8666666666666667,0.3333333333333333,0.3888888888888889,0.24074074074074073,0.4444444444444444,0.25925925925925924,0.018518518518518517,0.31141555555555556,0.4185788888888889,0.11764705882352941,0.1,0.15935000000000002,0.18483333333333332,0.2542372881355932,0.4915254237288136,0.11290322580645161,0.3148148148148148,0.3888888888888889,0.06451612903225806,0.695067264573991,0.25380710659898476,0.4236453201970443,0.1477832512315271,0.5225806451612903,0.17419354838709677,0.025806451612903226,8.720496894409939,1.677018633540373,9.894409937888199,0.25877192982456143,0.5909711052576011,0.21520931944594612,0.5909711052576011,0.3389830508474576,"{""novig"": {""0.5"": {""over"": -152, ""under"": 117}}, ""bet365"": {""0.5"": {""over"": -200, ""under"": 150}}, ""betmgm"": {""0.5"": {""over"": -200, ""under"": 150}}, ""draftkings"": {""0.5"": {""over"": -187, ""under"": 140}}, ""fanduel"": {""0.5"": {""over"": -185}}}",0.5,over,novig,-152.0,0.6031746031746031,True,-0.0122,1.5,,,,,False,
806068,Colt Emerson,SEA,NYY,0,9.0,1,677960,Ryan Weathers,L,823512,7:05 PM ET,Yankee Stadium,0,0,0.2265193370165746,2026-08-11,823512,,0,94.4,100.1,100.3,L,4,4,0,0,0,0,0,0,0,2,0,2,0,1,0,1,0,0.183,0.204,0,0,0,0,1,1,0.22448979591836735,0.2549019607843137,0.7142857142857143,0.27450980392156865,0.29411764705882354,0.08163265306122448,0.0196078431372549,0.0196078431372549,0.04081632653061224,1.0,0.9333333333333333,0.34285714285714286,0.3142857142857143,0.4,0.2571428571428571,0.02857142857142857,0.4081222222222223,0.5390777777777778,0.2,0.3333333333333333,0.4562666666666666,0.7169666666666668,0.12,0.12,0.35714285714285715,0.21739130434782608,0.5,0.27450980392156865,0.695067264573991,0.25380710659898476,0.4236453201970443,0.1477832512315271,0.5225806451612903,0.17419354838709677,0.025806451612903226,8.720496894409939,1.677018633540373,9.894409937888199,0.25877192982456143,0.437759338745723,0.11893187750028328,0.437759338745723,0.22448979591836735,"{""novig"": {""0.5"": {""over"": -108, ""under"": -106}}, ""bet365"": {""0.5"": {""over"": -115, ""under"": -115}}, ""betmgm"": {""0.5"": {""over"": -110, ""under"": -120}}, ""draftkings"": {""0.5"": {""over"": -119, ""under"": -112}}, ""fanduel"": {""0.5"": {""over"": -115}}}",0.5,over,novig,-108.0,0.5192307692307693,True,-0.0815,1.5,,,,,False,
686527,Dominic Canzone,SEA,NYY,0,4.0,1,677960,Ryan Weathers,L,823512,7:05 PM ET,Yankee Stadium,0,0,0.2265193370165746,2026-08-11,823512,,0,94.4,100.1,100.3,L,4,4,2,0,0,0,0,0,0,1,2,3,0,0,1,1,0,0.35733333333333334,0.4616666666666666,1,1,1,1,1,0,0.20689655172413793,0.28125,0.7931034482758621,0.1875,0.20930232558139536,0.22413793103448276,0.046875,0.0625,0.1206896551724138,1.6666666666666667,0.8,0.41304347826086957,0.15217391304347827,0.45652173913043476,0.30434782608695654,0.08695652173913043,0.3686833333333333,0.6208952380952381,0.10526315789473684,0.25,0.3126333333333333,0.37761666666666677,0.1724137931034483,0.25862068965517243,0.234375,0.2641509433962264,0.5849056603773585,0.21311475409836064,0.695067264573991,0.25380710659898476,0.4236453201970443,0.1477832512315271,0.5225806451612903,0.17419354838709677,0.025806451612903226,8.720496894409939,1.677018633540373,9.894409937888199,0.25877192982456143,0.5755267929191508,0.19962035723054042,0.5755267929191508,0.20689655172413793,"{""novig"": {""0.5"": {""over"": -170, ""under"": 125}}, ""bet365"": {""0.5"": {""over"": -190, ""under"": 140}}, ""betmgm"": {""0.5"": {""over"": -175, ""under"": 130}}, ""draftkings"": {""0.5"": {""over"": -170, ""under"": 128}}, ""fanduel"": {""0.5"": {""over"": -185}}}",0.5,over,draftkings,-170.0,0.6296296296296297,True,-0.0541,1.5,,,,,False,
677594,Julio Rodríguez,SEA,NYY,0,3.0,1,677960,Ryan Weathers,L,823512,7:05 PM ET,Yankee Stadium,1,0,0.2265193370165746,2026-08-11,823512,,0,94.4,100.1,100.3,R,4,3,0,0,0,0,1,0,0,2,0,1,0,0,0,1,0,0.18,0.217,0,0,0,0,1,1,0.27586206896551724,0.3384615384615385,0.8103448275862069,0.16923076923076924,0.28888888888888886,0.15517241379310345,0.046153846153846156,0.0,0.05172413793103448,1.6666666666666667,0.7333333333333333,0.3333333333333333,0.25,0.3125,0.375,0.0,0.4125577777777778,0.61978,0.3888888888888889,0.2,0.525,0.8991333333333336,0.3076923076923077,0.5,0.2,0.23728813559322035,0.4067796610169492,0.16923076923076924,0.695067264573991,0.25380710659898476,0.4236453201970443,0.1477832512315271,0.5225806451612903,0.17419354838709677,0.025806451612903226,8.720496894409939,1.677018633540373,9.894409937888199,0.25877192982456143,0.6168141321432961,0.2580231609924203,0.6168141321432961,0.27586206896551724,"{""novig"": {""0.5"": {""over"": -223, ""under"": 186}}, ""bet365"": {""0.5"": {""over"": -260, ""under"": 190}}, ""betmgm"": {""0.5"": {""over"": -235, ""under"": 175}}, ""draftkings"": {""0.5"": {""over"": -233, ""under"": 173}}, ""fanduel"": {""0.5"": {""over"": -230}}}",0.5,over,novig,-223.0,0.6904024767801857,True,-0.0736,1.5,,,,,False,
668227,Randy Arozarena,SEA,NYY,0,2.0,1,677960,Ryan Weathers,L,823512,7:05 PM ET,Yankee Stadium,1,0,0.2265193370165746,2026-08-11,823512,,0,94.4,100.1,100.3,R,4,4,0,0,0,0,0,0,0,0,0,4,0,1,0,2,1,0.19925,0.21900000000000003,0,0,0,0,0,0,0.26666666666666666,0.3230769230769231,0.8,0.18461538461538463,0.28888888888888886,0.2,0.046153846153846156,0.046153846153846156,0.1,1.8666666666666667,0.8,0.4791666666666667,0.25,0.375,0.3333333333333333,0.0625,0.35935666666666666,0.6106488888888889,0.21052631578947367,0.15,0.43083333333333335,0.63705,0.26785714285714285,0.4642857142857143,0.16923076923076924,0.24561403508771928,0.40350877192982454,0.19402985074626866,0.695067264573991,0.25380710659898476,0.4236453201970443,0.1477832512315271,0.5225806451612903,0.17419354838709677,0.025806451612903226,8.720496894409939,1.677018633540373,9.894409937888199,0.25877192982456143,0.650980840643189,0.30046188621658604,0.650980840643189,0.26666666666666666,"{""novig"": {""0.5"": {""over"": -233, ""under"": 170}}, ""bet365"": {""0.5"": {""over"": -240, ""under"": 180}}, ""betmgm"": {""0.5"": {""over"": -250, ""under"": 180}}, ""draftkings"": {""0.5"": {""over"": -234, ""under"": 173}}, ""fanduel"": {""0.5"": {""over"": -230}}}",0.5,over,fanduel,-230.0,0.696969696969697,True,-0.046,1.5,,,,,False,
621493,Taylor Ward,SEA,NYY,0,1.0,1,677960,Ryan Weathers,L,823512,7:05 PM ET,Yankee Stadium,1,0,0.2265193370165746,2026-08-11,823512,,0,94.4,100.1,100.3,R,5,5,1,0,1,0,0,0,0,0,3,5,2,3,3,2,0,0.3754,1.0282,1,0,1,1,0,0,0.18867924528301888,0.29508196721311475,0.7358490566037735,0.22950819672131148,0.2564102564102564,0.0,0.0,0.0,0.0,0.6666666666666666,0.9333333333333333,0.38461538461538464,0.2564102564102564,0.41025641025641024,0.23076923076923078,0.0,0.3352744444444444,0.4544488888888889,0.16666666666666666,0.2777777777777778,0.21431666666666666,0.24468333333333286,0.20833333333333334,0.2708333333333333,0.140625,0.2807017543859649,0.42105263157894735,0.24242424242424243,0.695067264573991,0.25380710659898476,0.4236453201970443,0.1477832512315271,0.5225806451612903,0.17419354838709677,0.025806451612903226,8.720496894409939,1.677018633540373,9.894409937888199,0.25877192982456143,0.6454275403534991,0.2908965183535863,0.6454275403534991,0.18867924528301888,"{""novig"": {""0.5"": {""over"": -199, ""under"": 135}}, ""bet365"": {""0.5"": {""over"": -220, ""under"": 160}}, ""betmgm"": {""0.5"": {""over"": -200, ""under"": 150}}, ""draftkings"": {""0.5"": {""over"": -190, ""under"": 142}}, ""fanduel"": {""0.5"": {""over"": -210}}}",0.5,over,draftkings,-190.0,0.6551724137931034,True,-0.0097,1.5,,,,,False,
642215,Weston Wilson,SEA,NYY,0,8.0,1,677960,Ryan Weathers,L,823512,7:05 PM ET,Yankee Stadium,1,0,0.2265193370165746,2026-08-11,823512,,0,94.4,100.1,100.3,R,4,3,0,0,0,0,1,0,0,2,0,1,0,1,1,0,0,0.134,0.481,0,0,0,0,1,1,0.20512820512820512,0.2619047619047619,0.6153846153846154,0.35714285714285715,0.2727272727272727,0.20512820512820512,0.047619047619047616,0.047619047619047616,0.10256410256410256,1.0666666666666667,1.0,0.25,0.125,0.625,0.20833333333333334,0.0,0.25265476190476194,0.37410714285714286,0.1875,0.3333333333333333,0.29233333333333333,0.3315000000000001,0.21428571428571427,0.39285714285714285,0.2857142857142857,0.2,0.375,0.275,0.695067264573991,0.25380710659898476,0.4236453201970443,0.1477832512315271,0.5225806451612903,0.17419354838709677,0.025806451612903226,8.720496894409939,1.677018633540373,9.894409937888199,0.25877192982456143,0.5615086107419912,0.1626449398224523,0.5615086107419912,0.20512820512820512,"{""novig"": {""0.5"": {""over"": -104, ""under"": -133}}, ""bet365"": {""0.5"": {""over"": -115, ""under"": -115}}, ""betmgm"": {""0.5"": {""over"": -115, ""under"": -115}}, ""draftkings"": {""0.5"": {""over"": -104, ""under"": -128}}, ""fanduel"": {""0.5"": {""over"": -115}}}",0.5,over,draftkings,-104.0,0.5098039215686274,True,0.0517,1.5,,,,,False,
672386,Alejandro Kirk,TOR,BOS,1,5.0,1,663776,Patrick Sandoval,L,822778,7:07 PM ET,Rogers Centre,1,0,0.20136518771331058,2026-08-11,822778,0.0,0,101.0,102.3,107.9,R,6,6,2,0,0,0,0,0,0,1,2,5,0,1,1,1,2,0.20579999999999998,0.3052,1,1,1,1,1,0,0.34,0.38596491228070173,0.86,0.12280701754385964,0.3488372093023256,0.12,0.03508771929824561,0.0,0.04,1.5333333333333334,0.4666666666666667,0.4,0.2,0.5333333333333333,0.2222222222222222,0.022222222222222223,0.3409571428571429,0.4909797619047619,0.38461538461538464,0.0,0.260225,0.3323249999999998,0.2777777777777778,0.4074074074074074,0.06666666666666667,0.2682926829268293,0.2926829268292683,0.12,0.6635514018691588,0.2541436464088398,0.4656084656084656,0.17989417989417988,0.39436619718309857,0.22535211267605634,0.028169014084507043,8.715189873417723,1.0253164556962027,9.056962025316455,0.2345132743362832,0.6347195358526778,0.2353194634543477,0.6347195358526778,0.34,"{""novig"": {""1.5"": {""over"": 270}}, ""bet365"": {""0.5"": {""over"": -210, ""under"": 155}}, ""betmgm"": {""0.5"": {""over"": -200, ""under"": 145}}, ""draftkings"": {""0.5"": {""over"": -198, ""under"": 147}}, ""fanduel"": {""0.5"": {""over"": -210}}}",0.5,over,draftkings,-198.0,0.6644295302013423,True,-0.0297,1.5,over,novig,270.0,0.2702702702702703,True,-0.035
665926,Andrés Giménez,TOR,BOS,1,7.0,1,663776,Patrick Sandoval,L,822778,7:07 PM ET,Rogers Centre,0,0,0.20136518771331058,2026-08-11,822778,0.0,0,101.0,102.3,107.9,L,4,4,1,0,0,0,0,0,0,2,1,2,0,1,0,1,1,0.4875,0.625,1,0,1,0,1,1,0.32653061224489793,0.36363636363636365,0.7755102040816326,0.2,0.38461538461538464,0.12244897959183673,0.01818181818181818,0.05454545454545454,0.08163265306122448,1.4666666666666666,0.7333333333333333,0.225,0.25,0.4,0.25,0.0,0.30576923076923074,0.3989935897435898,0.35,0.2608695652173913,0.39016666666666666,0.5543333333333332,0.2608695652173913,0.391304347826087,0.1568627450980392,0.3076923076923077,0.46153846153846156,0.21052631578947367,0.6635514018691588,0.2541436464088398,0.4656084656084656,0.17989417989417988,0.39436619718309857,0.22535211267605634,0.028169014084507043,8.715189873417723,1.0253164556962027,9.056962025316455,0.2345132743362832,0.6115377268142774,0.23316451543758743,0.6115377268142774,0.32653061224489793,"{""novig"": {""0.5"": {""over"": -144, ""under"": 106}}, ""bet365"": {""0.5"": {""over"": -150, ""under"": 110}}, ""betmgm"": {""0.5"": {""over"": -150, ""under"": 110}}, ""draftkings"": {""0.5"": {""over"": -150, ""under"": 113}}, ""fanduel"": {""0.5"": {""over"": -150}}}",0.5,over,novig,-144.0,0.5901639344262295,True,0.0214,1.5,,,,,False,
703520,Brett Bateman,TOR,BOS,1,2.0,1,663776,Patrick Sandoval,L,822778,7:07 PM ET,Rogers Centre,0,0,0.20136518771331058,2026-08-11,822778,0.0,0,101.0,102.3,107.9,L,4,4,1,0,0,0,0,0,0,1,1,3,0,1,0,1,2,0.35133333333333333,0.4226666666666667,1,0,1,0,1,0,,,,,,,,,,,,,,,,,,,0.21428571428571427,0.25,0.29491666666666666,0.4506666666666667,,,,,,,0.6635514018691588,0.2541436464088398,0.4656084656084656,0.17989417989417988,0.39436619718309857,0.22535211267605634,0.028169014084507043,8.715189873417723,1.0253164556962027,9.056962025316455,0.2345132743362832,0.21949614258960015,0.010968183952641585,0.21949614258960015,,"{""novig"": {""0.5"": {""over"": -174, ""under"": 125}}, ""bet365"": {""0.5"": {""over"": -180, ""under"": 135}}, ""betmgm"": {""0.5"": {""over"": -175, ""under"": 130}}, ""draftkings"": {""0.5"": {""over"": -177, ""under"": 133}}, ""fanduel"": {""0.5"": {""over"": -185}}}",0.5,over,novig,-174.0,0.635036496350365,True,-0.4155,1.5,,,,,False,
807727,Charles McAdoo,TOR,BOS,1,1.0,1,663776,Patrick Sandoval,L,822778,7:07 PM ET,Rogers Centre,1,0,0.20136518771331058,2026-08-11,822778,0.0,0,101.0,102.3,107.9,R,3,2,1,0,0,1,1,0,0,0,4,2,1,1,1,0,1,0.304,0.997,1,0,1,1,0,0,0.15384615384615385,0.15384615384615385,0.7692307692307693,0.23076923076923078,0.15789473684210525,0.11538461538461539,0.038461538461538464,0.0,0.038461538461538464,0.7777777777777778,0.6666666666666666,0.25,0.2,0.4,0.25,0.05,0.23564285714285718,0.3478214285714286,0.07142857142857142,0.2857142857142857,0.1341875,0.15533333333333332,0.125,0.125,0.125,0.25,0.625,0.25,0.6635514018691588,0.2541436464088398,0.4656084656084656,0.17989417989417988,0.39436619718309857,0.22535211267605634,0.028169014084507043,8.715189873417723,1.0253164556962027,9.056962025316455,0.2345132743362832,0.644455310680074,0.23171591899117439,0.644455310680074,0.15384615384615385,"{""novig"": {""0.5"": {""over"": -133, ""under"": 115}}, ""bet365"": {""0.5"": {""over"": -190, ""under"": 140}}, ""betmgm"": {""0.5"": {""over"": -155, ""under"": 115}}, ""draftkings"": {""0.5"": {""over"": -167, ""under"": 125}}, ""fanduel"": {""0.5"": {""over"": -160}}}",0.5,over,novig,-133.0,0.5708154506437768,True,0.0736,1.5,,,,,False,
676391,Ernie Clement,TOR,BOS,1,6.0,1,663776,Patrick Sandoval,L,822778,7:07 PM ET,Rogers Centre,1,0,0.20136518771331058,2026-08-11,822778,0.0,0,101.0,102.3,107.9,R,1,1,0,0,0,0,0,0,0,0,0,1,0,0,0,0,0,0.009,0.011,0,0,0,0,0,0,0.22950819672131148,0.23809523809523808,0.8688524590163934,0.12698412698412698,0.24528301886792453,0.13114754098360656,0.015873015873015872,0.07936507936507936,0.09836065573770492,1.4666666666666666,0.5333333333333333,0.12962962962962962,0.2222222222222222,0.37037037037037035,0.3148148148148148,0.0,0.25291888888888886,0.33642888888888883,0.2608695652173913,0.21739130434782608,0.2825466666666666,0.4230833333333332,0.23214285714285715,0.3392857142857143,0.11864406779661017,0.2459016393442623,0.29508196721311475,0.11940298507462686,0.6635514018691588,0.2541436464088398,0.4656084656084656,0.17989417989417988,0.39436619718309857,0.22535211267605634,0.028169014084507043,8.715189873417723,1.0253164556962027,9.056962025316455,0.2345132743362832,0.6303707240676141,0.2754238023745865,0.6303707240676141,0.22950819672131148,"{""novig"": {""1.5"": {""over"": 239}}, ""bet365"": {""0.5"": {""over"": -260, ""under"": 190}}, ""betmgm"": {""0.5"": {""over"": -235, ""under"": 175}}, ""draftkings"": {""0.5"": {""over"": -218, ""under"": 162}}, ""fanduel"": {""0.5"": {""over"": -240}}}",0.5,over,draftkings,-218.0,0.6855345911949685,True,-0.0552,1.5,over,novig,239.0,0.2949852507374631,True,-0.0196
543807,George Springer,TOR,BOS,1,4.0,1,663776,Patrick Sandoval,L,822778,7:07 PM ET,Rogers Centre,1,0,0.20136518771331058,2026-08-11,822778,0.0,0,101.0,102.3,107.9,R,4,4,1,0,0,0,0,0,0,0,1,4,0,1,1,1,1,0.259,0.31625000000000003,1,0,1,0,0,0,0.2807017543859649,0.36923076923076925,0.8596491228070176,0.12307692307692308,0.2978723404255319,0.17543859649122806,0.03076923076923077,0.03076923076923077,0.08771929824561403,1.7333333333333334,0.5333333333333333,0.3469387755102041,0.1836734693877551,0.4489795918367347,0.2857142857142857,0.02040816326530612,0.2864044444444444,0.4458011111111111,0.15789473684210525,0.18181818181818182,0.19041333333333338,0.23435333333333347,0.30357142857142855,0.4642857142857143,0.15873015873015872,0.26785714285714285,0.625,0.18840579710144928,0.6635514018691588,0.2541436464088398,0.4656084656084656,0.17989417989417988,0.39436619718309857,0.22535211267605634,0.028169014084507043,8.715189873417723,1.0253164556962027,9.056962025316455,0.2345132743362832,0.6544251955659187,0.2908965183535863,0.6544251955659187,0.2807017543859649,"{""novig"": {""0.5"": {""over"": -190, ""under"": 133}}, ""bet365"": {""0.5"": {""over"": -200, ""under"": 150}}, ""betmgm"": {""0.5"": {""over"": -190, ""under"": 140}}, ""draftkings"": {""0.5"": {""over"": -187, ""under"": 140}}, ""fanduel"": {""0.5"": {""over"": -195}}}",0.5,over,draftkings,-187.0,0.6515679442508711,True,0.0029,1.5,,,,,False,
664702,Myles Straw,TOR,BOS,1,8.0,1,663776,Patrick Sandoval,L,822778,7:07 PM ET,Rogers Centre,1,0,0.20136518771331058,2026-08-11,822778,0.0,0,101.0,102.3,107.9,R,1,1,0,0,0,0,0,0,0,0,0,1,0,0,0,1,0,0.111,0.123,0,0,0,0,0,0,0.20454545454545456,0.2553191489361702,0.8181818181818182,0.16666666666666666,0.25,0.1590909090909091,0.0,0.10416666666666667,0.13636363636363635,1.0666666666666667,0.5333333333333333,0.24324324324324326,0.35135135135135137,0.35135135135135137,0.2702702702702703,0.0,0.27327380952380953,0.367547619047619,0.1,0.2727272727272727,0.22630000000000008,0.2929333333333334,0.19444444444444445,0.3055555555555556,0.07692307692307693,0.16279069767441862,0.23255813953488372,0.15555555555555556,0.6635514018691588,0.2541436464088398,0.4656084656084656,0.17989417989417988,0.39436619718309857,0.22535211267605634,0.028169014084507043,8.715189873417723,1.0253164556962027,9.056962025316455,0.2345132743362832,0.5907574020023504,0.2341577341046738,0.5907574020023504,0.20454545454545456,"{""novig"": {""0.5"": {""over"": -130, ""under"": -106}}, ""bet365"": {""0.5"": {""over"": -130, ""under"": -105}}, ""betmgm"": {""0.5"": {""over"": -135, ""under"": 100}}, ""draftkings"": {""0.5"": {""over"": -133, ""under"": 100}}, ""fanduel"": {""0.5"": {""over"": -145}}}",0.5,over,bet365,-130.0,0.5652173913043478,True,0.0255,1.5,,,,,False,
664770,Nathan Lukes,TOR,BOS,1,9.0,1,663776,Patrick Sandoval,L,822778,7:07 PM ET,Rogers Centre,0,0,0.20136518771331058,2026-08-11,822778,0.0,0,101.0,102.3,107.9,L,4,4,0,0,0,0,0,0,0,0,0,4,0,1,1,2,0,0.07775,0.083,0,0,0,0,0,0,0.2,0.2542372881355932,0.8363636363636363,0.15254237288135594,0.2222222222222222,0.09090909090909091,0.01694915254237288,0.03389830508474576,0.05454545454545454,1.0666666666666667,0.6,0.2608695652173913,0.1956521739130435,0.5869565217391305,0.17391304347826086,0.0,0.2727333333333333,0.3278166666666667,0.30434782608695654,0.21739130434782608,0.3317500000000001,0.4181,0.23076923076923078,0.34615384615384615,0.16071428571428573,0.2926829268292683,0.34146341463414637,0.17647058823529413,0.6635514018691588,0.2541436464088398,0.4656084656084656,0.17989417989417988,0.39436619718309857,0.22535211267605634,0.028169014084507043,8.715189873417723,1.0253164556962027,9.056962025316455,0.2345132743362832,0.503540635461867,0.17836460256778153,0.503540635461867,0.2,"{""novig"": {""0.5"": {""over"": -133, ""under"": -111}}, ""bet365"": {""0.5"": {""over"": -150, ""under"": 110}}, ""betmgm"": {""0.5"": {""over"": -115, ""under"": -115}}, ""draftkings"": {""0.5"": {""over"": -139, ""under"": 104}}, ""fanduel"": {""0.5"": {""over"": -170}}}",0.5,over,betmgm,-115.0,0.5348837209302325,True,-0.0313,1.5,,,,,False,
665489,Vladimir Guerrero Jr.,TOR,BOS,1,3.0,1,663776,Patrick Sandoval,L,822778,7:07 PM ET,Rogers Centre,1,0,0.20136518771331058,2026-08-11,822778,0.0,0,101.0,102.3,107.9,R,4,4,1,0,0,0,0,0,0,0,1,4,0,1,1,1,0,0.09775,0.119,1,0,1,0,0,0,0.2711864406779661,0.31746031746031744,0.8305084745762712,0.15873015873015872,0.3125,0.11864406779661017,0.015873015873015872,0.06349206349206349,0.0847457627118644,1.5333333333333334,0.6666666666666666,0.40816326530612246,0.22448979591836735,0.5510204081632653,0.14285714285714285,0.0,0.3133688888888889,0.4185011111111111,0.15,0.2727272727272727,0.23018333333333327,0.31303333333333355,0.2545454545454545,0.41818181818181815,0.1774193548387097,0.288135593220339,0.3389830508474576,0.18461538461538463,0.6635514018691588,0.2541436464088398,0.4656084656084656,0.17989417989417988,0.39436619718309857,0.22535211267605634,0.028169014084507043,8.715189873417723,1.0253164556962027,9.056962025316455,0.2345132743362832,0.654061363318844,0.27707086738892595,0.654061363318844,0.2711864406779661,"{""novig"": {""1.5"": {""over"": 239}}, ""bet365"": {""0.5"": {""over"": -240, ""under"": 180}}, ""betmgm"": {""0.5"": {""over"": -220, ""under"": 165}}, ""draftkings"": {""0.5"": {""over"": -227, ""under"": 168}}, ""fanduel"": {""0.5"": {""over"": -230}}}",0.5,over,betmgm,-220.0,0.6875,True,-0.0334,1.5,over,novig,239.0,0.2949852507374631,True,-0.0179
668939,Adley Rutschman,BOS,TOR,0,3.0,1,656302,Dylan Cease,R,822778,7:07 PM ET,Rogers Centre,0,1,0.20930232558139536,2026-08-11,822778,0.0,0,101.0,102.3,107.9,L,4,3,0,0,0,0,1,0,0,1,0,2,0,2,1,0,1,0.11850000000000001,0.2395,0,0,0,0,1,0,0.2727272727272727,0.38461538461538464,0.9090909090909091,0.07692307692307693,0.3,0.12121212121212122,0.0,0.10256410256410256,0.12121212121212122,0.8666666666666667,0.2,0.3333333333333333,0.26666666666666666,0.4666666666666667,0.23333333333333334,0.0,0.3317611111111111,0.4133111111111111,0.14285714285714285,0.0,0.2582666666666666,0.31419999999999976,0.2641509433962264,0.4528301886792453,0.15873015873015872,0.22807017543859648,0.3684210526315789,0.13432835820895522,0.5185185185185185,0.13744075829383887,0.24651162790697675,0.09302325581395349,0.4126984126984127,0.2619047619047619,0.031746031746031744,6.101694915254237,0.7627118644067796,13.423728813559322,0.37446808510638296,0.5492971088678997,0.18201485174013135,0.5492971088678997,0.2727272727272727,"{""novig"": {""0.5"": {""over"": -147, ""under"": 114}}, ""bet365"": {""0.5"": {""over"": -150, ""under"": 110}}, ""betmgm"": {""0.5"": {""over"": -150, ""under"": 110}}, ""draftkings"": {""0.5"": {""over"": -155, ""under"": 117}}, ""fanduel"": {""0.5"": {""over"": -160}}}",0.5,over,novig,-147.0,0.5951417004048583,True,-0.0458,1.5,,,,,False,
655316,Andruw Monasterio,BOS,TOR,0,8.0,1,656302,Dylan Cease,R,822778,7:07 PM ET,Rogers Centre,1,1,0.20930232558139536,2026-08-11,822778,0.0,0,101.0,102.3,107.9,R,1,1,0,0,0,0,0,0,0,1,0,0,0,0,0,0,0,0.219,0.2913333333333333,0,0,0,0,1,0,0.32727272727272727,0.40625,0.7818181818181819,0.1875,0.3953488372093023,0.16363636363636364,0.015625,0.09375,0.12727272727272726,1.8,0.8,0.3409090909090909,0.3181818181818182,0.29545454545454547,0.29545454545454547,0.0,0.3372455555555556,0.5357477777777777,0.3157894736842105,0.13043478260869565,0.38847,0.4900766666666668,0.38461538461538464,0.6153846153846154,0.15,0.2926829268292683,0.5853658536585366,0.22916666666666666,0.5185185185185185,0.13744075829383887,0.24651162790697675,0.09302325581395349,0.4126984126984127,0.2619047619047619,0.031746031746031744,6.101694915254237,0.7627118644067796,13.423728813559322,0.37446808510638296,0.5636521578302668,0.19749939969204852,0.5636521578302668,0.32727272727272727,"{""novig"": {""0.5"": {""over"": -106, ""under"": -115}}, ""bet365"": {""0.5"": {""over"": -105, ""under"": -130}}, ""betmgm"": {""0.5"": {""over"": -115, ""under"": -115}}, ""draftkings"": {""0.5"": {""over"": -105, ""under"": -126}}, ""fanduel"": {""0.5"": {""over"": -125}}}",0.5,over,bet365,-105.0,0.5121951219512195,True,0.0515,1.5,,,,,False,
702332,Caleb Durbin,BOS,TOR,0,6.0,1,656302,Dylan Cease,R,822778,7:07 PM ET,Rogers Centre,1,1,0.20930232558139536,2026-08-11,822778,0.0,0,101.0,102.3,107.9,R,4,4,0,0,0,0,0,0,0,2,0,2,0,0,1,0,0,0.3805,0.4205,0,0,0,0,1,1,0.35294117647058826,0.45161290322580644,0.8627450980392157,0.1044776119402985,0.38636363636363635,0.13725490196078433,0.014925373134328358,0.05970149253731343,0.09803921568627451,1.6666666666666667,0.4666666666666667,0.23404255319148937,0.2553191489361702,0.40425531914893614,0.19148936170212766,0.0,0.27692857142857147,0.36186904761904765,0.3333333333333333,0.125,0.3001250000000001,0.3598541666666666,0.25925925925925924,0.42592592592592593,0.13432835820895522,0.26785714285714285,0.35714285714285715,0.06153846153846154,0.5185185185185185,0.13744075829383887,0.24651162790697675,0.09302325581395349,0.4126984126984127,0.2619047619047619,0.031746031746031744,6.101694915254237,0.7627118644067796,13.423728813559322,0.37446808510638296,0.5629419102871598,0.19780309437306784,0.5629419102871598,0.35294117647058826,"{""novig"": {""0.5"": {""over"": -138, ""under"": 102}}, ""bet365"": {""0.5"": {""over"": -150, ""under"": 110}}, ""betmgm"": {""0.5"": {""over"": -135, ""under"": 100}}, ""draftkings"": {""0.5"": {""over"": -151, ""under"": 114}}, ""fanduel"": {""0.5"": {""over"": -175}}}",0.5,over,betmgm,-135.0,0.574468085106383,True,-0.0115,1.5,,,,,False,
678882,Ceddanne Rafaela,BOS,TOR,0,2.0,1,656302,Dylan Cease,R,822778,7:07 PM ET,Rogers Centre,1,1,0.20930232558139536,2026-08-11,822778,0.0,0,101.0,102.3,107.9,R,4,3,2,0,0,0,0,0,1,0,2,4,0,0,2,1,1,0.29533333333333334,0.31733333333333336,1,1,1,1,0,0,0.29850746268656714,0.3188405797101449,0.7611940298507462,0.2318840579710145,0.32608695652173914,0.26865671641791045,0.07246376811594203,0.043478260869565216,0.11940298507462686,2.533333333333333,1.0666666666666667,0.3333333333333333,0.3137254901960784,0.37254901960784315,0.27450980392156865,0.0196078431372549,0.39882222222222224,0.5813900000000001,0.2,0.19230769230769232,0.3214666666666667,0.3925200000000001,0.27692307692307694,0.5846153846153846,0.1791044776119403,0.30303030303030304,0.48484848484848486,0.20588235294117646,0.5185185185185185,0.13744075829383887,0.24651162790697675,0.09302325581395349,0.4126984126984127,0.2619047619047619,0.031746031746031744,6.101694915254237,0.7627118644067796,13.423728813559322,0.37446808510638296,0.5951985002574826,0.19520558426795562,0.5951985002574826,0.29850746268656714,"{""novig"": {""0.5"": {""over"": -170, ""under"": 138}}, ""bet365"": {""0.5"": {""over"": -200, ""under"": 150}}, ""betmgm"": {""0.5"": {""over"": -185, ""under"": 135}}, ""draftkings"": {""0.5"": {""over"": -170, ""under"": 127}}, ""fanduel"": {""0.5"": {""over"": -170}}}",0.5,over,draftkings,-170.0,0.6296296296296297,True,-0.0344,1.5,,,,,False,
680776,Jarren Duran,BOS,TOR,0,7.0,1,656302,Dylan Cease,R,822778,7:07 PM ET,Rogers Centre,0,1,0.20930232558139536,2026-08-11,822778,0.0,0,101.0,102.3,107.9,L,4,4,1,1,0,0,0,0,0,1,2,3,0,2,0,1,1,0.32833333333333337,0.41300000000000003,1,0,1,1,1,0,0.25,0.288135593220339,0.75,0.22950819672131148,0.28205128205128205,0.17857142857142858,0.04918032786885246,0.01639344262295082,0.07142857142857142,1.6,0.9333333333333333,0.3953488372093023,0.16279069767441862,0.4883720930232558,0.27906976744186046,0.023255813953488372,0.3446777777777778,0.5554277777777777,0.15789473684210525,0.2727272727272727,0.28553333333333336,0.46053333333333335,0.24074074074074073,0.4444444444444444,0.21666666666666667,0.21052631578947367,0.2982456140350877,0.2727272727272727,0.5185185185185185,0.13744075829383887,0.24651162790697675,0.09302325581395349,0.4126984126984127,0.2619047619047619,0.031746031746031744,6.101694915254237,0.7627118644067796,13.423728813559322,0.37446808510638296,0.5378040726162329,0.15911160017607817,0.5378040726162329,0.25,"{""novig"": {""0.5"": {""over"": -113, ""under"": -104}}, ""bet365"": {""0.5"": {""over"": -115, ""under"": -115}}, ""betmgm"": {""0.5"": {""over"": -120, ""under"": -110}}, ""draftkings"": {""0.5"": {""over"": -124, ""under"": -107}}, ""fanduel"": {""0.5"": {""over"": -135}}}",0.5,over,novig,-113.0,0.5305164319248826,True,0.0073,1.5,,,,,False,
807799,Masataka Yoshida,BOS,TOR,0,1.0,1,656302,Dylan Cease,R,822778,7:07 PM ET,Rogers Centre,0,1,0.20930232558139536,2026-08-11,822778,0.0,0,101.0,102.3,107.9,L,4,2,0,0,0,0,2,0,0,0,0,2,0,0,1,1,0,0.147,0.1935,0,0,0,0,0,0,0.2978723404255319,0.37037037037037035,0.9361702127659575,0.05555555555555555,0.29545454545454547,0.1276595744680851,0.018518518518518517,0.05555555555555555,0.0851063829787234,1.3333333333333333,0.2,0.37777777777777777,0.26666666666666666,0.4444444444444444,0.2222222222222222,0.044444444444444446,0.30886444444444444,0.4210644444444444,0.42105263157894735,0.045454545454545456,0.30513333333333326,0.48673333333333335,0.2826086956521739,0.41304347826086957,0.05660377358490566,0.23636363636363636,0.2727272727272727,0.078125,0.5185185185185185,0.13744075829383887,0.24651162790697675,0.09302325581395349,0.4126984126984127,0.2619047619047619,0.031746031746031744,6.101694915254237,0.7627118644067796,13.423728813559322,0.37446808510638296,0.6317696494761101,0.24559827606926396,0.6317696494761101,0.2978723404255319,"{""novig"": {""0.5"": {""over"": -153, ""under"": 125}}, ""bet365"": {""0.5"": {""over"": -150, ""under"": 110}}, ""betmgm"": {""0.5"": {""over"": -210, ""under"": 155}}, ""draftkings"": {""0.5"": {""over"": -207, ""under"": 154}}, ""fanduel"": {""0.5"": {""over"": -165}}}",0.5,over,bet365,-150.0,0.6,True,0.0318,1.5,,,,,False,
686765,Nick Sogard,BOS,TOR,0,9.0,1,656302,Dylan Cease,R,822778,7:07 PM ET,Rogers Centre,0,1,0.20930232558139536,2026-08-11,822778,0.0,0,101.0,102.3,107.9,L,5,4,1,0,0,0,1,0,0,0,1,4,0,2,0,3,1,0.48674999999999996,0.5942500000000001,1,0,1,0,0,0,0.24324324324324326,0.37777777777777777,0.7297297297297297,0.21739130434782608,0.3333333333333333,0.08108108108108109,0.0,0.06521739130434782,0.08108108108108109,0.8,0.6666666666666666,0.25,0.25,0.39285714285714285,0.2857142857142857,0.0,0.29533333333333334,0.40538461538461534,0.3076923076923077,0.21428571428571427,0.3131666666666667,0.49239999999999995,0.2037037037037037,0.2962962962962963,0.16666666666666666,0.32653061224489793,0.3469387755102041,0.18181818181818182,0.5185185185185185,0.13744075829383887,0.24651162790697675,0.09302325581395349,0.4126984126984127,0.2619047619047619,0.031746031746031744,6.101694915254237,0.7627118644067796,13.423728813559322,0.37446808510638296,0.2596217849469151,0.042167215705079385,0.2596217849469151,0.24324324324324326,"{""novig"": {""0.5"": {""over"": -100, ""under"": -138}}, ""bet365"": {""0.5"": {""over"": -150, ""under"": 110}}, ""betmgm"": {""0.5"": {""over"": -105, ""under"": -125}}, ""draftkings"": {""0.5"": {""over"": 104, ""under"": -138}}, ""fanduel"": {""0.5"": {""over"": -165}}}",0.5,over,draftkings,104.0,0.49019607843137253,True,-0.2306,1.5,,,,,False,
575929,Willson Contreras,BOS,TOR,0,4.0,1,656302,Dylan Cease,R,822778,7:07 PM ET,Rogers Centre,1,1,0.20930232558139536,2026-08-11,822778,0.0,0,101.0,102.3,107.9,R,4,3,0,0,0,0,1,0,0,1,0,2,0,0,0,2,0,0.1235,0.1385,0,0,0,0,1,0,0.2558139534883721,0.4576271186440678,0.5813953488372093,0.3050847457627119,0.4166666666666667,0.09302325581395349,0.01694915254237288,0.01694915254237288,0.046511627906976744,1.0,1.2,0.4,0.28,0.24,0.48,0.0,0.3241923076923077,0.5444358974358974,0.23529411764705882,0.35,0.40776666666666656,0.7314666666666665,0.3023255813953488,0.4883720930232558,0.2909090909090909,0.3018867924528302,0.5849056603773585,0.16417910447761194,0.5185185185185185,0.13744075829383887,0.24651162790697675,0.09302325581395349,0.4126984126984127,0.2619047619047619,0.031746031746031744,6.101694915254237,0.7627118644067796,13.423728813559322,0.37446808510638296,0.5224691277822764,0.16025913925762814,0.5224691277822764,0.2558139534883721,"{""novig"": {""0.5"": {""over"": -125, ""under"": -108}}, ""bet365"": {""0.5"": {""over"": -130, ""under"": -105}}, ""betmgm"": {""0.5"": {""over"": -130, ""under"": -105}}, ""draftkings"": {""0.5"": {""over"": -129, ""under"": -102}}, ""fanduel"": {""0.5"": {""over"": -155}}}",0.5,over,novig,-125.0,0.5555555555555556,True,-0.0331,1.5,,,,,False,
677800,Wilyer Abreu,BOS,TOR,0,5.0,1,656302,Dylan Cease,R,822778,7:07 PM ET,Rogers Centre,0,1,0.20930232558139536,2026-08-11,822778,0.0,0,101.0,102.3,107.9,L,4,3,0,0,0,0,1,0,0,0,0,3,0,0,1,1,0,0.02033333333333333,0.023666666666666666,0,0,0,0,0,0,0.23214285714285715,0.3283582089552239,0.7321428571428571,0.22388059701492538,0.21052631578947367,0.30357142857142855,0.07462686567164178,0.029850746268656716,0.125,2.0,1.0,0.4883720930232558,0.16279069767441862,0.3023255813953488,0.37209302325581395,0.046511627906976744,0.3273555555555555,0.6836833333333332,0.4375,0.08695652173913043,0.5136833333333335,1.1140166666666667,0.21428571428571427,0.48214285714285715,0.24242424242424243,0.19642857142857142,0.42857142857142855,0.19117647058823528,0.5185185185185185,0.13744075829383887,0.24651162790697675,0.09302325581395349,0.4126984126984127,0.2619047619047619,0.031746031746031744,6.101694915254237,0.7627118644067796,13.423728813559322,0.37446808510638296,0.5266163736960676,0.14110437063451087,0.5266163736960676,0.23214285714285715,"{""novig"": {""0.5"": {""over"": -141, ""under"": 120}}, ""bet365"": {""0.5"": {""over"": -140, ""under"": 105}}, ""betmgm"": {""0.5"": {""over"": -155, ""under"": 115}}, ""draftkings"": {""0.5"": {""over"": -132, ""under"": 100}}, ""fanduel"": {""0.5"": {""over"": -145}}}",0.5,over,draftkings,-132.0,0.5689655172413793,True,-0.0423,1.5,,,,,False,
663586,Austin Riley,ATL,NYM,1,8.0,1,690997,Nolan McLean,R,824886,7:15 PM ET,Truist Park,1,1,0.22037037037037038,2026-08-11,824886,,0,100.6,98.4,97.1,R,4,3,1,0,0,0,1,0,0,1,1,2,0,0,0,1,1,0.3375,0.377,1,0,1,0,1,0,0.25,0.2982456140350877,0.5384615384615384,0.42105263157894735,0.4074074074074074,0.19230769230769232,0.03508771929824561,0.07017543859649122,0.11538461538461539,1.5333333333333334,1.6,0.4827586206896552,0.2413793103448276,0.4827586206896552,0.10344827586206896,0.034482758620689655,0.36569642857142853,0.6213035714285714,0.23529411764705882,0.42105263157894735,0.4433000000000001,0.7290000000000001,0.2909090909090909,0.5818181818181818,0.4406779661016949,0.18867924528301888,0.2641509433962264,0.3050847457627119,0.6032388663967612,0.1943127962085308,0.3333333333333333,0.12037037037037036,0.48322147651006714,0.21476510067114093,0.0,7.553571428571429,1.125,9.803571428571427,0.24696356275303644,0.5151824157042983,0.16701612953563283,0.5151824157042983,0.25,"{""novig"": {""0.5"": {""over"": -138, ""under"": 102}}, ""bet365"": {""0.5"": {""over"": -130, ""under"": -105}}, ""betmgm"": {""0.5"": {""over"": -155, ""under"": 115}}, ""draftkings"": {""0.5"": {""over"": -137, ""under"": 103}}, ""fanduel"": {""0.5"": {""over"": -155}}}",0.5,over,bet365,-130.0,0.5652173913043478,True,-0.05,1.5,,,,,False,
686948,Drake Baldwin,ATL,NYM,1,1.0,1,690997,Nolan McLean,R,824886,7:15 PM ET,Truist Park,0,1,0.22037037037037038,2026-08-11,824886,,0,100.6,98.4,97.1,L,5,5,2,1,0,0,0,0,0,1,3,4,0,2,2,1,1,0.27349999999999997,0.44400000000000006,1,1,1,1,1,0,0.25,0.3181818181818182,0.7833333333333333,0.19696969696969696,0.3191489361702128,0.016666666666666666,0.0,0.015151515151515152,0.016666666666666666,1.0666666666666667,0.8666666666666667,0.5531914893617021,0.23404255319148937,0.574468085106383,0.1702127659574468,0.02127659574468085,0.36166666666666664,0.5293599999999999,0.2727272727272727,0.22727272727272727,0.3977,0.5032800000000002,0.3157894736842105,0.47368421052631576,0.14705882352941177,0.16923076923076924,0.27692307692307694,0.27941176470588236,0.6032388663967612,0.1943127962085308,0.3333333333333333,0.12037037037037036,0.48322147651006714,0.21476510067114093,0.0,7.553571428571429,1.125,9.803571428571427,0.24696356275303644,0.6648412300612844,0.27850591682805464,0.6648412300612844,0.25,"{""novig"": {""0.5"": {""over"": -239, ""under"": 163}}, ""bet365"": {""0.5"": {""over"": -275, ""under"": 200}}, ""betmgm"": {""0.5"": {""over"": -235, ""under"": 170}}, ""draftkings"": {""0.5"": {""over"": -247, ""under"": 183}}, ""fanduel"": {""0.5"": {""over"": -230}}}",0.5,over,fanduel,-230.0,0.696969696969697,True,-0.0321,1.5,,,,,False,
805347,Jim Jarvis,ATL,NYM,1,9.0,1,690997,Nolan McLean,R,824886,7:15 PM ET,Truist Park,0,1,0.22037037037037038,2026-08-11,824886,,0,100.6,98.4,97.1,L,3,2,0,0,0,0,1,0,0,1,0,1,0,0,0,1,0,0.065,0.072,0,0,0,0,1,0,0.14285714285714285,0.2,0.8095238095238095,0.1702127659574468,0.17647058823529413,0.023809523809523808,0.0,0.02127659574468085,0.023809523809523808,0.4666666666666667,0.5333333333333333,0.3888888888888889,0.16666666666666666,0.6111111111111112,0.2222222222222222,0.0,0.28150000000000003,0.33262222222222226,0.07142857142857142,0.2857142857142857,0.32143333333333335,0.39046666666666674,0.16279069767441862,0.2558139534883721,0.16666666666666666,0.3333333333333333,0.3333333333333333,0.07142857142857142,0.6032388663967612,0.1943127962085308,0.3333333333333333,0.12037037037037036,0.48322147651006714,0.21476510067114093,0.0,7.553571428571429,1.125,9.803571428571427,0.24696356275303644,0.38010500458216706,0.0808563267695209,0.38010500458216706,0.14285714285714285,"{""novig"": {""0.5"": {""over"": -133, ""under"": -104}}, ""bet365"": {""0.5"": {""over"": -140, ""under"": 105}}, ""betmgm"": {""0.5"": {""over"": -145, ""under"": 105}}, ""draftkings"": {""0.5"": {""over"": -132, ""under"": -101}}, ""fanduel"": {""0.5"": {""over"": -150}}}",0.5,over,draftkings,-132.0,0.5689655172413793,True,-0.1889,1.5,,,,,False,
621566,Matt Olson,ATL,NYM,1,3.0,1,690997,Nolan McLean,R,824886,7:15 PM ET,Truist Park,0,1,0.22037037037037038,2026-08-11,824886,,0,100.6,98.4,97.1,L,5,5,1,0,0,0,0,0,0,3,1,2,0,1,0,1,1,0.4555,0.493,1,0,1,0,1,1,0.25,0.3333333333333333,0.6428571428571429,0.31746031746031744,0.2413793103448276,0.44642857142857145,0.1111111111111111,0.06349206349206349,0.19642857142857142,2.6,1.3333333333333333,0.5277777777777778,0.19444444444444445,0.2777777777777778,0.3888888888888889,0.027777777777777776,0.3961722222222222,0.9473944444444444,0.21052631578947367,0.38095238095238093,0.4212666666666668,1.0858999999999999,0.3090909090909091,0.6545454545454545,0.2537313432835821,0.22413793103448276,0.43103448275862066,0.3968253968253968,0.6032388663967612,0.1943127962085308,0.3333333333333333,0.12037037037037036,0.48322147651006714,0.21476510067114093,0.0,7.553571428571429,1.125,9.803571428571427,0.24696356275303644,0.5715884331961569,0.20580635382923942,0.5715884331961569,0.25,"{""novig"": {""0.5"": {""over"": -186, ""under"": 135}}, ""bet365"": {""0.5"": {""over"": -180, ""under"": 135}}, ""betmgm"": {""0.5"": {""over"": -190, ""under"": 140}}, ""draftkings"": {""0.5"": {""over"": -190, ""under"": 142}}, ""fanduel"": {""0.5"": {""over"": -200}}}",0.5,over,bet365,-180.0,0.6428571428571429,True,-0.0713,1.5,,,,,False,
643289,Mauricio Dubón,ATL,NYM,1,6.0,1,690997,Nolan McLean,R,824886,7:15 PM ET,Truist Park,1,1,0.22037037037037038,2026-08-11,824886,,0,100.6,98.4,97.1,R,5,5,1,0,0,0,0,0,0,0,1,5,0,1,2,3,0,0.10880000000000001,0.1206,1,0,1,0,0,0,0.2962962962962963,0.3157894736842105,0.9629629629629629,0.034482758620689655,0.3018867924528302,0.037037037037037035,0.0,0.034482758620689655,0.037037037037037035,1.2,0.13333333333333333,0.3018867924528302,0.2830188679245283,0.4339622641509434,0.24528301886792453,0.0,0.32030555555555557,0.39556111111111114,0.4444444444444444,0.05263157894736842,0.3399499999999999,0.4408333333333334,0.25862068965517243,0.3103448275862069,0.04838709677419355,0.2807017543859649,0.5087719298245614,0.11290322580645161,0.6032388663967612,0.1943127962085308,0.3333333333333333,0.12037037037037036,0.48322147651006714,0.21476510067114093,0.0,7.553571428571429,1.125,9.803571428571427,0.24696356275303644,0.6276557973511961,0.22444533962756727,0.6276557973511961,0.2962962962962963,"{""novig"": {""0.5"": {""over"": -208, ""under"": 144}}, ""bet365"": {""0.5"": {""over"": -200, ""under"": 150}}, ""betmgm"": {""0.5"": {""over"": -210, ""under"": 155}}, ""draftkings"": {""0.5"": {""over"": -207, ""under"": 154}}, ""fanduel"": {""0.5"": {""over"": -210}}}",0.5,over,bet365,-200.0,0.6666666666666666,True,-0.039,1.5,,,,,False,
671739,Michael Harris II,ATL,NYM,1,4.0,1,690997,Nolan McLean,R,824886,7:15 PM ET,Truist Park,0,1,0.22037037037037038,2026-08-11,824886,,0,100.6,98.4,97.1,L,5,5,2,1,0,0,0,0,0,2,3,3,0,3,0,2,1,0.35766666666666663,0.476,1,1,1,1,1,1,0.23214285714285715,0.25862068965517243,0.8392857142857143,0.15517241379310345,0.2608695652173913,0.16071428571428573,0.017241379310344827,0.06896551724137931,0.10714285714285714,1.4666666666666666,0.6,0.46808510638297873,0.2978723404255319,0.46808510638297873,0.1702127659574468,0.0,0.31900333333333336,0.43542444444444445,0.3684210526315789,0.15789473684210525,0.32377,0.4289399999999999,0.2459016393442623,0.4098360655737705,0.15625,0.3103448275862069,0.6551724137931034,0.16129032258064516,0.6032388663967612,0.1943127962085308,0.3333333333333333,0.12037037037037036,0.48322147651006714,0.21476510067114093,0.0,7.553571428571429,1.125,9.803571428571427,0.24696356275303644,0.603112970056924,0.20631879430457914,0.603112970056924,0.23214285714285715,"{""novig"": {""0.5"": {""over"": -251, ""under"": 170}}, ""bet365"": {""0.5"": {""over"": -270, ""under"": 195}}, ""betmgm"": {""0.5"": {""over"": -235, ""under"": 175}}, ""draftkings"": {""0.5"": {""over"": -241, ""under"": 178}}, ""fanduel"": {""0.5"": {""over"": -280}}}",0.5,over,betmgm,-235.0,0.7014925373134329,True,-0.0984,1.5,,,,,False,
573262,Mike Yastrzemski,ATL,NYM,1,7.0,1,690997,Nolan McLean,R,824886,7:15 PM ET,Truist Park,0,1,0.22037037037037038,2026-08-11,824886,,0,100.6,98.4,97.1,L,1,1,0,0,0,0,0,0,0,0,0,1,0,0,0,0,0,0.006,0.006,0,0,0,0,0,0,0.24242424242424243,0.2777777777777778,0.6363636363636364,0.3333333333333333,0.3,0.30303030303030304,0.05555555555555555,0.1111111111111111,0.18181818181818182,1.2,0.8,0.5454545454545454,0.2727272727272727,0.2727272727272727,0.36363636363636365,0.09090909090909091,0.3407179487179487,0.6635897435897437,0.18181818181818182,0.25,0.32496666666666657,0.7005666666666667,0.24242424242424243,0.5454545454545454,0.3333333333333333,0.18604651162790697,0.23255813953488372,0.2641509433962264,0.6032388663967612,0.1943127962085308,0.3333333333333333,0.12037037037037036,0.48322147651006714,0.21476510067114093,0.0,7.553571428571429,1.125,9.803571428571427,0.24696356275303644,0.5270324930481555,0.1653715848045174,0.5270324930481555,0.24242424242424243,"{""novig"": {""0.5"": {""over"": -115, ""under"": -122}}, ""bet365"": {""0.5"": {""over"": -120, ""under"": -110}}, ""betmgm"": {""0.5"": {""over"": -130, ""under"": -105}}, ""draftkings"": {""0.5"": {""over"": -118, ""under"": -112}}, ""fanduel"": {""0.5"": {""over"": -135}}}",0.5,over,novig,-115.0,0.5348837209302325,True,-0.0079,1.5,,,,,False,
645277,Ozzie Albies,ATL,NYM,1,5.0,1,690997,Nolan McLean,R,824886,7:15 PM ET,Truist Park,0,1,0.22037037037037038,2026-08-11,824886,,0,100.6,98.4,97.1,L,5,2,0,0,0,0,2,1,0,0,0,2,0,2,0,1,1,0.269,0.387,0,0,0,0,0,0,0.25,0.325,0.8611111111111112,0.125,0.26666666666666666,0.1111111111111111,0.025,0.025,0.05555555555555555,0.8666666666666667,0.3333333333333333,0.25806451612903225,0.16129032258064516,0.3548387096774194,0.3548387096774194,0.0,0.2328452380952381,0.31982738095238095,0.16666666666666666,0.14285714285714285,0.1438749999999999,0.1749791666666667,0.19298245614035087,0.3684210526315789,0.19672131147540983,0.25862068965517243,0.5,0.13846153846153847,0.6032388663967612,0.1943127962085308,0.3333333333333333,0.12037037037037036,0.48322147651006714,0.21476510067114093,0.0,7.553571428571429,1.125,9.803571428571427,0.24696356275303644,0.5718783789556056,0.15362004080841685,0.5718783789556056,0.25,"{""novig"": {""0.5"": {""over"": -190, ""under"": 135}}, ""bet365"": {""0.5"": {""over"": -190, ""under"": 140}}, ""betmgm"": {""0.5"": {""over"": -185, ""under"": 135}}, ""draftkings"": {""0.5"": {""over"": -192, ""under"": 143}}, ""fanduel"": {""0.5"": {""over"": -200}}}",0.5,over,betmgm,-185.0,0.6491228070175439,True,-0.0772,1.5,,,,,False,
660670,Ronald Acuña Jr.,ATL,NYM,1,2.0,1,690997,Nolan McLean,R,824886,7:15 PM ET,Truist Park,1,1,0.22037037037037038,2026-08-11,824886,,0,100.6,98.4,97.1,R,5,4,1,0,0,0,1,0,0,1,1,3,0,3,1,1,1,0.4183333333333333,0.6960000000000001,1,0,1,0,1,0,0.1896551724137931,0.25396825396825395,0.7068965517241379,0.2698412698412698,0.16666666666666666,0.25862068965517243,0.07936507936507936,0.0,0.08620689655172414,1.7333333333333334,1.1333333333333333,0.5121951219512195,0.2926829268292683,0.4146341463414634,0.21951219512195122,0.024390243902439025,0.3817188888888889,0.6843811111111112,0.2727272727272727,0.18181818181818182,0.46394,0.7508933333333333,0.22807017543859648,0.49122807017543857,0.25806451612903225,0.21052631578947367,0.38596491228070173,0.2898550724637681,0.6032388663967612,0.1943127962085308,0.3333333333333333,0.12037037037037036,0.48322147651006714,0.21476510067114093,0.0,7.553571428571429,1.125,9.803571428571427,0.24696356275303644,0.5915343886049544,0.22261573567775775,0.5915343886049544,0.1896551724137931,"{""novig"": {""0.5"": {""over"": -217, ""under"": 150}}, ""bet365"": {""0.5"": {""over"": -210, ""under"": 155}}, ""betmgm"": {""0.5"": {""over"": -250, ""under"": 180}}, ""draftkings"": {""0.5"": {""over"": -221, ""under"": 164}}, ""fanduel"": {""0.5"": {""over"": -220}}}",0.5,over,bet365,-210.0,0.6774193548387096,True,-0.0859,1.5,,,,,False,
805999,A.J. Ewing,NYM,ATL,0,1.0,1,527048,Martín Pérez,L,824886,7:15 PM ET,Truist Park,0,0,0.24570446735395188,2026-08-11,824886,,0,100.6,98.4,97.1,L,5,5,1,1,0,0,0,0,0,3,2,2,0,1,1,0,1,0.49450000000000005,0.684,1,0,1,1,1,1,0.22033898305084745,0.29411764705882354,0.7966101694915254,0.17391304347826086,0.2653061224489796,0.06779661016949153,0.0,0.057971014492753624,0.06779661016949153,1.1333333333333333,0.8,0.44,0.24,0.48,0.22,0.0,0.30419999999999997,0.44500999999999996,0.2222222222222222,0.21739130434782608,0.3074,0.42213333333333336,0.1896551724137931,0.25862068965517243,0.19117647058823528,0.23214285714285715,0.4107142857142857,0.3548387096774194,0.7230046948356808,0.19889502762430938,0.37433155080213903,0.1497326203208556,0.5064935064935064,0.18181818181818182,0.006493506493506494,7.534883720930233,1.0465116279069768,7.7441860465116275,0.20670391061452514,0.6509011030051987,0.27995459885036295,0.6509011030051987,0.22033898305084745,"{""novig"": {""1.5"": {""over"": 251, ""under"": -317}}, ""bet365"": {""0.5"": {""over"": -235, ""under"": 175}}, ""betmgm"": {""0.5"": {""over"": -225, ""under"": 165}}, ""draftkings"": {""0.5"": {""over"": -198, ""under"": 148}}, ""fanduel"": {""0.5"": {""over"": -240}}}",0.5,over,draftkings,-198.0,0.6644295302013423,True,-0.0135,1.5,over,novig,251.0,0.2849002849002849,True,-0.0049
666182,Bo Bichette,NYM,ATL,0,3.0,1,527048,Martín Pérez,L,824886,7:15 PM ET,Truist Park,1,0,0.24570446735395188,2026-08-11,824886,,0,100.6,98.4,97.1,R,5,3,1,0,0,0,2,0,0,0,1,3,0,1,0,2,1,0.16166666666666668,0.2046666666666667,1,0,1,0,0,0,0.328125,0.34328358208955223,0.8125,0.1791044776119403,0.38461538461538464,0.109375,0.014925373134328358,0.05970149253731343,0.078125,1.8666666666666667,0.8,0.24528301886792453,0.2641509433962264,0.4716981132075472,0.20754716981132076,0.018867924528301886,0.3130311111111111,0.42714444444444444,0.4090909090909091,0.20833333333333334,0.34430666666666665,0.4033199999999998,0.29508196721311475,0.36065573770491804,0.21875,0.38596491228070173,0.631578947368421,0.171875,0.7230046948356808,0.19889502762430938,0.37433155080213903,0.1497326203208556,0.5064935064935064,0.18181818181818182,0.006493506493506494,7.534883720930233,1.0465116279069768,7.7441860465116275,0.20670391061452514,0.6439120718189363,0.3067987655057769,0.6439120718189363,0.328125,"{""novig"": {""0.5"": {""over"": -264, ""under"": 212}}, ""bet365"": {""1.5"": {""over"": 175, ""under"": -235}}, ""betmgm"": {""1.5"": {""over"": 175, ""under"": -235}}, ""draftkings"": {""1.5"": {""over"": 197, ""under"": -268}}, ""fanduel"": {""0.5"": {""over"": -270}}}",0.5,over,novig,-264.0,0.7252747252747253,True,-0.0814,1.5,over,draftkings,197.0,0.3367003367003367,True,-0.0299
701807,Carson Benge,NYM,ATL,0,5.0,1,527048,Martín Pérez,L,824886,7:15 PM ET,Truist Park,0,0,0.24570446735395188,2026-08-11,824886,,0,100.6,98.4,97.1,L,5,3,0,0,0,0,1,1,0,1,0,2,0,1,0,2,0,0.2985,0.3335,0,0,0,0,1,0,0.3275862068965517,0.38095238095238093,0.7413793103448276,0.23809523809523808,0.4146341463414634,0.1724137931034483,0.031746031746031744,0.031746031746031744,0.08620689655172414,1.9333333333333333,1.0,0.4186046511627907,0.2558139534883721,0.46511627906976744,0.27906976744186046,0.023255813953488372,0.36249000000000003,0.5955344444444445,0.4090909090909091,0.17391304347826086,0.43037000000000003,0.7580533333333334,0.3389830508474576,0.4745762711864407,0.24242424242424243,0.18333333333333332,0.3333333333333333,0.24242424242424243,0.7230046948356808,0.19889502762430938,0.37433155080213903,0.1497326203208556,0.5064935064935064,0.18181818181818182,0.006493506493506494,7.534883720930233,1.0465116279069768,7.7441860465116275,0.20670391061452514,0.6577047643186061,0.2630445723311661,0.6577047643186061,0.3275862068965517,"{""novig"": {""1.5"": {""over"": 264}}, ""bet365"": {""0.5"": {""over"": -210, ""under"": 155}}, ""betmgm"": {""0.5"": {""over"": -175, ""under"": 130}}, ""draftkings"": {""0.5"": {""over"": -209, ""under"": 156}}, ""fanduel"": {""0.5"": {""over"": -230}}}",0.5,over,betmgm,-175.0,0.6363636363636364,True,0.0213,1.5,over,novig,264.0,0.27472527472527475,True,-0.0117
682626,Francisco Alvarez,NYM,ATL,0,7.0,1,527048,Martín Pérez,L,824886,7:15 PM ET,Truist Park,1,0,0.24570446735395188,2026-08-11,824886,,0,100.6,98.4,97.1,R,4,4,2,0,0,0,0,0,0,0,2,4,0,2,0,3,1,0.47925,0.51575,1,1,1,1,0,0,0.2391304347826087,0.4166666666666667,0.5869565217391305,0.31666666666666665,0.36,0.1956521739130435,0.03333333333333333,0.05,0.10869565217391304,1.3333333333333333,1.2666666666666666,0.4444444444444444,0.25925925925925924,0.3333333333333333,0.2962962962962963,0.037037037037037035,0.41592777777777784,0.8167222222222221,0.2222222222222222,0.36363636363636365,0.3705833333333333,0.7900666666666668,0.2765957446808511,0.5957446808510638,0.2833333333333333,0.26,0.36,0.21052631578947367,0.7230046948356808,0.19889502762430938,0.37433155080213903,0.1497326203208556,0.5064935064935064,0.18181818181818182,0.006493506493506494,7.534883720930233,1.0465116279069768,7.7441860465116275,0.20670391061452514,0.6246947744087321,0.22980821308115992,0.6246947744087321,0.2391304347826087,"{""novig"": {""0.5"": {""over"": -163, ""under"": 123}}, ""bet365"": {""0.5"": {""over"": -155, ""under"": 115}}, ""betmgm"": {""0.5"": {""over"": -160, ""under"": 120}}, ""draftkings"": {""0.5"": {""over"": -165, ""under"": 124}}, ""fanduel"": {""0.5"": {""over"": -190}}}",0.5,over,bet365,-155.0,0.6078431372549019,True,0.0169,1.5,,,,,False,
596019,Francisco Lindor,NYM,ATL,0,2.0,1,527048,Martín Pérez,L,824886,7:15 PM ET,Truist Park,0,0,0.24570446735395188,2026-08-11,824886,,0,100.6,98.4,97.1,L,4,4,3,1,0,1,0,0,0,0,7,4,0,2,2,1,1,0.69625,1.80275,1,1,1,1,0,0,0.2558139534883721,0.3333333333333333,0.627906976744186,0.3333333333333333,0.36,0.16279069767441862,0.041666666666666664,0.020833333333333332,0.06976744186046512,1.2,1.0666666666666667,0.5185185185185185,0.3333333333333333,0.18518518518518517,0.2962962962962963,0.037037037037037035,0.35976282051282055,0.568775641025641,0.3333333333333333,0.15384615384615385,0.45137499999999997,0.5374166666666667,0.2727272727272727,0.36363636363636365,0.26153846153846155,0.22413793103448276,0.4827586206896552,0.16923076923076924,0.7230046948356808,0.19889502762430938,0.37433155080213903,0.1497326203208556,0.5064935064935064,0.18181818181818182,0.006493506493506494,7.534883720930233,1.0465116279069768,7.7441860465116275,0.20670391061452514,0.6009574222875176,0.1489866715330497,0.6009574222875176,0.2558139534883721,"{""novig"": {""0.5"": {""over"": -245, ""under"": 190}}, ""bet365"": {""0.5"": {""over"": -245, ""under"": 182}}, ""betmgm"": {""1.5"": {""over"": 200, ""under"": -275}}, ""draftkings"": {""0.5"": {""over"": -261, ""under"": 192}}, ""fanduel"": {""0.5"": {""over"": -260}}}",0.5,over,bet365,-245.0,0.7101449275362319,True,-0.1092,1.5,over,betmgm,200.0,0.3333333333333333,True,-0.1843
672356,Gabriel Arias,NYM,ATL,0,9.0,1,527048,Martín Pérez,L,824886,7:15 PM ET,Truist Park,1,0,0.24570446735395188,2026-08-11,824886,,0,100.6,98.4,97.1,R,2,2,0,0,0,0,0,0,0,1,0,1,0,0,0,0,1,0.177,0.212,0,0,0,0,1,0,0.2857142857142857,0.3137254901960784,0.5306122448979592,0.45098039215686275,0.52,0.08163265306122448,0.0196078431372549,0.0196078431372549,0.04081632653061224,1.2,1.5333333333333334,0.3076923076923077,0.19230769230769232,0.6153846153846154,0.15384615384615385,0.0,0.36511309523809526,0.5322261904761905,0.21052631578947367,0.4,0.19941666666666663,0.24743333333333312,0.3333333333333333,0.4166666666666667,0.4117647058823529,0.2608695652173913,0.45652173913043476,0.4117647058823529,0.7230046948356808,0.19889502762430938,0.37433155080213903,0.1497326203208556,0.5064935064935064,0.18181818181818182,0.006493506493506494,7.534883720930233,1.0465116279069768,7.7441860465116275,0.20670391061452514,0.4943775134936579,0.17812697605386948,0.4943775134936579,0.2857142857142857,"{""novig"": {""0.5"": {""over"": -120}}, ""bet365"": {""0.5"": {""over"": -110, ""under"": -120}}, ""draftkings"": {""0.5"": {""over"": -116, ""under"": -114}}, ""fanduel"": {""0.5"": {""over"": -140}}}",0.5,over,bet365,-110.0,0.5238095238095238,True,-0.0294,1.5,,,,,False,
593871,Jorge Polanco,NYM,ATL,0,8.0,1,527048,Martín Pérez,L,824886,7:15 PM ET,Truist Park,0,0,0.24570446735395188,2026-08-11,824886,,0,100.6,98.4,97.1,L,3,2,1,0,0,0,1,0,0,0,1,2,0,1,0,2,0,0.253,0.261,1,0,1,0,0,0,0.05405405405405406,0.10256410256410256,0.5675675675675675,0.4,0.05,0.10810810810810811,0.025,0.025,0.05405405405405406,0.4,1.0666666666666667,0.36363636363636365,0.18181818181818182,0.4090909090909091,0.3181818181818182,0.045454545454545456,0.19804545454545455,0.3881666666666666,0.14285714285714285,0.3333333333333333,0.2677500000000001,0.6841250000000003,0.06,0.14,0.3584905660377358,0.3157894736842105,0.7192982456140351,0.15,0.7230046948356808,0.19889502762430938,0.37433155080213903,0.1497326203208556,0.5064935064935064,0.18181818181818182,0.006493506493506494,7.534883720930233,1.0465116279069768,7.7441860465116275,0.20670391061452514,0.5389037378954633,0.08333892273920257,0.5389037378954633,0.05405405405405406,"{""novig"": {""0.5"": {""over"": -150, ""under"": 113}}, ""bet365"": {""0.5"": {""over"": -170, ""under"": 130}}, ""betmgm"": {""0.5"": {""over"": -175, ""under"": 130}}, ""draftkings"": {""0.5"": {""over"": -147, ""under"": 111}}, ""fanduel"": {""0.5"": {""over"": -170}}}",0.5,over,draftkings,-147.0,0.5951417004048583,True,-0.0562,1.5,,,,,False,
673357,Luis Robert Jr.,NYM,ATL,0,4.0,1,527048,Martín Pérez,L,824886,7:15 PM ET,Truist Park,1,0,0.24570446735395188,2026-08-11,824886,,0,100.6,98.4,97.1,R,1,1,0,0,0,0,0,0,0,1,0,0,0,0,0,0,0,0.2786,0.8135999999999999,0,0,0,0,1,0,0.21153846153846154,0.25,0.6538461538461539,0.32142857142857145,0.25,0.17307692307692307,0.05357142857142857,0.0,0.057692307692307696,1.3333333333333333,1.2,0.2857142857142857,0.14285714285714285,0.4857142857142857,0.2857142857142857,0.02857142857142857,0.31036111111111114,0.49506666666666677,0.3157894736842105,0.25,0.422625,0.6423250000000005,0.2,0.4,0.2413793103448276,0.10204081632653061,0.16326530612244897,0.2857142857142857,0.7230046948356808,0.19889502762430938,0.37433155080213903,0.1497326203208556,0.5064935064935064,0.18181818181818182,0.006493506493506494,7.534883720930233,1.0465116279069768,7.7441860465116275,0.20670391061452514,0.6545942910862496,0.24044247382976539,0.6545942910862496,0.21153846153846154,"{""novig"": {""0.5"": {""over"": -208, ""under"": 144}}, ""bet365"": {""0.5"": {""over"": -225, ""under"": 165}}, ""betmgm"": {""0.5"": {""over"": -220, ""under"": 165}}, ""draftkings"": {""0.5"": {""over"": -195, ""under"": 146}}, ""fanduel"": {""0.5"": {""over"": -220}}}",0.5,over,draftkings,-195.0,0.6610169491525424,True,-0.0064,1.5,,,,,False,
543760,Marcus Semien,NYM,ATL,0,6.0,1,527048,Martín Pérez,L,824886,7:15 PM ET,Truist Park,1,0,0.24570446735395188,2026-08-11,824886,,0,100.6,98.4,97.1,R,5,5,1,0,0,0,0,0,0,3,1,2,0,0,0,0,1,0.4685,0.543,1,0,1,0,1,1,0.2553191489361702,0.3333333333333333,0.7659574468085106,0.2037037037037037,0.24242424242424243,0.2765957446808511,0.07407407407407407,0.018518518518518517,0.10638297872340426,1.6666666666666667,0.7333333333333333,0.40540540540540543,0.21621621621621623,0.40540540540540543,0.35135135135135137,0.02702702702702703,0.29875641025641025,0.4613846153846154,0.2777777777777778,0.13636363636363635,0.2481166666666667,0.3854833333333336,0.22916666666666666,0.5,0.16363636363636364,0.18518518518518517,0.3148148148148148,0.21311475409836064,0.7230046948356808,0.19889502762430938,0.37433155080213903,0.1497326203208556,0.5064935064935064,0.18181818181818182,0.006493506493506494,7.534883720930233,1.0465116279069768,7.7441860465116275,0.20670391061452514,0.6171459501877158,0.25338977328373435,0.6171459501877158,0.2553191489361702,"{""novig"": {""0.5"": {""over"": -174, ""under"": 127}}, ""bet365"": {""0.5"": {""over"": -190, ""under"": 140}}, ""betmgm"": {""0.5"": {""over"": -185, ""under"": 135}}, ""draftkings"": {""0.5"": {""over"": -180, ""under"": 135}}, ""fanduel"": {""0.5"": {""over"": -210}}}",0.5,over,novig,-174.0,0.635036496350365,True,-0.0179,1.5,,,,,False,
702176,Alan Roden,MIN,BAL,1,8.0,1,687064,Brandon Young,R,823673,7:40 PM ET,Target Field,0,1,0.19090909090909092,2026-08-11,823673,,0,102.9,101.6,95.4,L,2,2,0,0,0,0,0,0,0,1,0,1,0,0,0,1,0,0.237,0.241,0,0,0,0,1,0,0.21875,0.3076923076923077,0.875,0.10256410256410256,0.23333333333333334,0.03125,0.0,0.02564102564102564,0.03125,0.5333333333333333,0.26666666666666666,0.36666666666666664,0.2,0.43333333333333335,0.26666666666666666,0.0,0.29417857142857146,0.37800595238095236,0.3333333333333333,0.0,0.2805666666666667,0.3204666666666666,0.21212121212121213,0.24242424242424243,0.125,0.0,0.0,0.21428571428571427,0.7091633466135459,0.22072072072072071,0.37719298245614036,0.13596491228070176,0.449438202247191,0.2640449438202247,0.011235955056179775,8.41764705882353,0.6352941176470588,7.623529411764705,0.19753086419753085,0.6179738375512982,0.2042698928134419,0.6179738375512982,0.21875,"{""novig"": {""0.5"": {""over"": -130, ""under"": 108}}, ""betmgm"": {""0.5"": {""over"": -150, ""under"": 110}}, ""draftkings"": {""0.5"": {""over"": -143, ""under"": 107}}, ""fanduel"": {""0.5"": {""over"": -150}}}",0.5,over,novig,-130.0,0.5652173913043478,True,0.0528,1.5,,,,,False,
686797,Brooks Lee,MIN,BAL,1,6.0,1,687064,Brandon Young,R,823673,7:40 PM ET,Target Field,0,1,0.19090909090909092,2026-08-11,823673,,0,102.9,101.6,95.4,L,1,1,0,0,0,0,0,0,0,0,0,1,0,0,0,1,0,0.182,0.209,0,0,0,0,0,0,0.16666666666666666,0.21052631578947367,0.7777777777777778,0.21052631578947367,0.15384615384615385,0.19444444444444445,0.05263157894736842,0.02631578947368421,0.08333333333333333,0.8666666666666667,0.5333333333333333,0.39285714285714285,0.14285714285714285,0.42857142857142855,0.35714285714285715,0.03571428571428571,0.19469444444444442,0.3498611111111111,0.23076923076923078,0.15384615384615385,0.22206250000000016,0.5716874999999996,0.23636363636363636,0.45454545454545453,0.14516129032258066,0.11538461538461539,0.23076923076923078,0.20689655172413793,0.7091633466135459,0.22072072072072071,0.37719298245614036,0.13596491228070176,0.449438202247191,0.2640449438202247,0.011235955056179775,8.41764705882353,0.6352941176470588,7.623529411764705,0.19753086419753085,0.6181584188124406,0.20040314176845855,0.6181584188124406,0.16666666666666666,"{""novig"": {""0.5"": {""over"": -213, ""under"": 144}}, ""bet365"": {""0.5"": {""over"": -225, ""under"": 165}}, ""betmgm"": {""0.5"": {""over"": -210, ""under"": 155}}, ""draftkings"": {""0.5"": {""over"": -217, ""under"": 162}}, ""fanduel"": {""0.5"": {""over"": -200}}}",0.5,over,fanduel,-200.0,0.6666666666666666,True,-0.0485,1.5,,,,,False,
605137,Josh Bell,MIN,BAL,1,3.0,1,687064,Brandon Young,R,823673,7:40 PM ET,Target Field,1,1,0.19090909090909092,2026-08-11,823673,,0,102.9,101.6,95.4,R,4,4,2,0,0,1,0,0,0,0,5,4,0,2,3,1,0,0.6455,1.6055,1,1,1,1,0,0,0.34375,0.4166666666666667,0.875,0.1111111111111111,0.34615384615384615,0.21875,0.05555555555555555,0.027777777777777776,0.09375,1.2,0.26666666666666666,0.2857142857142857,0.14285714285714285,0.35714285714285715,0.32142857142857145,0.03571428571428571,0.23495512820512823,0.3894679487179487,0.125,0.1,0.14170833333333316,0.16983333333333325,0.25862068965517243,0.39655172413793105,0.2222222222222222,0.29411764705882354,0.49019607843137253,0.125,0.7091633466135459,0.22072072072072071,0.37719298245614036,0.13596491228070176,0.449438202247191,0.2640449438202247,0.011235955056179775,8.41764705882353,0.6352941176470588,7.623529411764705,0.19753086419753085,0.615056223581996,0.2419466214429412,0.615056223581996,0.34375,"{""novig"": {""0.5"": {""over"": -239, ""under"": 163}}, ""bet365"": {""0.5"": {""over"": -270, ""under"": 195}}, ""betmgm"": {""0.5"": {""over"": -235, ""under"": 175}}, ""draftkings"": {""0.5"": {""over"": -230, ""under"": 170}}, ""fanduel"": {""0.5"": {""over"": -240}}}",0.5,over,draftkings,-230.0,0.696969696969697,True,-0.0819,1.5,,,,,False,
701785,Kaelen Culpepper,MIN,BAL,1,9.0,1,687064,Brandon Young,R,823673,7:40 PM ET,Target Field,1,1,0.19090909090909092,2026-08-11,823673,,0,102.9,101.6,95.4,R,5,4,0,0,0,0,0,0,1,4,0,1,0,0,0,0,1,0.27925,0.60225,0,0,0,0,1,1,,,,,,,,,,,,,,,,,,,0.2,0.125,,,,,,,,,0.7091633466135459,0.22072072072072071,0.37719298245614036,0.13596491228070176,0.449438202247191,0.2640449438202247,0.011235955056179775,8.41764705882353,0.6352941176470588,7.623529411764705,0.19753086419753085,0.0691609977324263,0.0029585798816568047,0.0691609977324263,,"{""novig"": {""0.5"": {""over"": -167, ""under"": 133}}, ""bet365"": {""0.5"": {""over"": -140, ""under"": 105}}, ""betmgm"": {""0.5"": {""over"": -165, ""under"": 125}}, ""draftkings"": {""0.5"": {""over"": -168, ""under"": 126}}, ""fanduel"": {""0.5"": {""over"": -170}}}",0.5,over,bet365,-140.0,0.5833333333333334,True,-0.5142,1.5,,,,,False,
665019,Kody Clemens,MIN,BAL,1,4.0,1,687064,Brandon Young,R,823673,7:40 PM ET,Target Field,0,1,0.19090909090909092,2026-08-11,823673,,0,102.9,101.6,95.4,L,5,4,1,0,0,1,1,0,0,2,4,2,0,1,2,0,0,0.483,1.607,1,0,1,1,1,1,0.16393442622950818,0.203125,0.8360655737704918,0.15625,0.18,0.14754098360655737,0.015625,0.03125,0.08196721311475409,1.2666666666666666,0.6666666666666666,0.45098039215686275,0.1568627450980392,0.47058823529411764,0.29411764705882354,0.0392156862745098,0.24170444444444444,0.39997,0.05,0.2,0.23128666666666664,0.3120933333333333,0.13333333333333333,0.23333333333333334,0.21875,0.23728813559322035,0.4576271186440678,0.2,0.7091633466135459,0.22072072072072071,0.37719298245614036,0.13596491228070176,0.449438202247191,0.2640449438202247,0.011235955056179775,8.41764705882353,0.6352941176470588,7.623529411764705,0.19753086419753085,0.6306056837277638,0.23285400172992962,0.6306056837277638,0.16393442622950818,"{""novig"": {""1.5"": {""over"": 228, ""under"": -335}}, ""bet365"": {""0.5"": {""over"": -250, ""under"": 185}}, ""betmgm"": {""0.5"": {""over"": -210, ""under"": 155}}, ""draftkings"": {""0.5"": {""over"": -243, ""under"": 179}}, ""fanduel"": {""0.5"": {""over"": -230}}}",0.5,over,betmgm,-210.0,0.6774193548387096,True,-0.0468,1.5,over,novig,228.0,0.3048780487804878,True,-0.072
807712,Luke Keaschall,MIN,BAL,1,7.0,1,687064,Brandon Young,R,823673,7:40 PM ET,Target Field,1,1,0.19090909090909092,2026-08-11,823673,,0,102.9,101.6,95.4,R,5,3,1,0,0,0,1,1,0,1,1,2,0,0,0,1,0,0.2835,0.3435,1,0,1,0,1,0,0.27450980392156865,0.3770491803278688,0.8431372549019608,0.12903225806451613,0.2857142857142857,0.1568627450980392,0.03225806451612903,0.03225806451612903,0.0784313725490196,1.4666666666666666,0.5333333333333333,0.3333333333333333,0.17777777777777778,0.4444444444444444,0.35555555555555557,0.0,0.35800000000000004,0.5185416666666666,0.25,0.13636363636363635,0.39685,0.5308333333333333,0.32,0.46,0.15,0.21951219512195122,0.3170731707317073,0.23404255319148937,0.7091633466135459,0.22072072072072071,0.37719298245614036,0.13596491228070176,0.449438202247191,0.2640449438202247,0.011235955056179775,8.41764705882353,0.6352941176470588,7.623529411764705,0.19753086419753085,0.6484577017463771,0.25344506578352016,0.6484577017463771,0.27450980392156865,"{""novig"": {""1.5"": {""over"": 239}}, ""bet365"": {""0.5"": {""over"": -200, ""under"": 150}}, ""betmgm"": {""0.5"": {""over"": -210, ""under"": 155}}, ""draftkings"": {""0.5"": {""over"": -247, ""under"": 182}}, ""fanduel"": {""0.5"": {""over"": -230}}}",0.5,over,bet365,-200.0,0.6666666666666666,True,-0.0182,1.5,over,novig,239.0,0.2949852507374631,True,-0.0415
668904,Royce Lewis,MIN,BAL,1,5.0,1,687064,Brandon Young,R,823673,7:40 PM ET,Target Field,1,1,0.19090909090909092,2026-08-11,823673,,0,102.9,101.6,95.4,R,5,4,2,0,0,0,1,0,0,2,2,2,0,0,1,0,1,0.767,0.853,1,1,1,1,1,1,0.3333333333333333,0.3770491803278688,0.7368421052631579,0.2459016393442623,0.41025641025641024,0.2807017543859649,0.04918032786885246,0.08196721311475409,0.15789473684210525,2.3333333333333335,1.0,0.5476190476190477,0.2619047619047619,0.38095238095238093,0.23809523809523808,0.023809523809523808,0.3819844444444444,0.7873211111111111,0.2857142857142857,0.3181818181818182,0.33055,0.5757000000000001,0.3090909090909091,0.6363636363636364,0.14754098360655737,0.24528301886792453,0.4339622641509434,0.23333333333333334,0.7091633466135459,0.22072072072072071,0.37719298245614036,0.13596491228070176,0.449438202247191,0.2640449438202247,0.011235955056179775,8.41764705882353,0.6352941176470588,7.623529411764705,0.19753086419753085,0.6636397716439845,0.2512632332847048,0.6636397716439845,0.3333333333333333,"{""novig"": {""0.5"": {""over"": -208, ""under"": 163}}, ""bet365"": {""0.5"": {""over"": -200, ""under"": 150}}, ""betmgm"": {""0.5"": {""over"": -200, ""under"": 145}}, ""draftkings"": {""0.5"": {""over"": -218, ""under"": 162}}, ""fanduel"": {""0.5"": {""over"": -220}}}",0.5,over,bet365,-200.0,0.6666666666666666,True,-0.003,1.5,,,,,False,
680777,Ryan Jeffers,MIN,BAL,1,2.0,1,687064,Brandon Young,R,823673,7:40 PM ET,Target Field,1,1,0.19090909090909092,2026-08-11,823673,,0,102.9,101.6,95.4,R,5,4,2,1,0,0,1,0,0,0,3,4,0,1,0,3,1,0.388,0.52975,1,1,1,1,0,0,0.2545454545454545,0.3387096774193548,0.7818181818181819,0.1935483870967742,0.2926829268292683,0.12727272727272726,0.03225806451612903,0.016129032258064516,0.05454545454545454,1.4,0.8,0.4186046511627907,0.23255813953488372,0.4883720930232558,0.23255813953488372,0.0,0.3007857142857143,0.45007142857142857,0.21428571428571427,0.2777777777777778,0.2639166666666667,0.3967499999999998,0.26785714285714285,0.5,0.1111111111111111,0.2608695652173913,0.41304347826086957,0.23214285714285715,0.7091633466135459,0.22072072072072071,0.37719298245614036,0.13596491228070176,0.449438202247191,0.2640449438202247,0.011235955056179775,8.41764705882353,0.6352941176470588,7.623529411764705,0.19753086419753085,0.6671011530873815,0.2581222637993033,0.6671011530873815,0.2545454545454545,"{""novig"": {""0.5"": {""over"": -228, ""under"": 156}}, ""bet365"": {""0.5"": {""over"": -225, ""under"": 165}}, ""betmgm"": {""0.5"": {""over"": -225, ""under"": 165}}, ""draftkings"": {""0.5"": {""over"": -236, ""under"": 174}}, ""fanduel"": {""0.5"": {""over"": -230}}}",0.5,over,betmgm,-225.0,0.6923076923076923,True,-0.0252,1.5,,,,,False,
663616,Trevor Larnach,MIN,BAL,1,1.0,1,687064,Brandon Young,R,823673,7:40 PM ET,Target Field,0,1,0.19090909090909092,2026-08-11,823673,,0,102.9,101.6,95.4,L,3,3,0,0,0,0,0,0,0,0,0,3,0,0,1,0,0,0.02033333333333333,0.021333333333333333,0,0,0,0,0,0,0.2391304347826087,0.3137254901960784,0.7391304347826086,0.23529411764705882,0.25806451612903225,0.21739130434782608,0.058823529411764705,0.0196078431372549,0.08695652173913043,1.4,0.8,0.4411764705882353,0.14705882352941177,0.5882352941176471,0.20588235294117646,0.0,0.2733690476190476,0.4739345238095238,0.1875,0.2777777777777778,0.2117666666666666,0.4309333333333333,0.2826086956521739,0.5652173913043478,0.19230769230769232,0.2962962962962963,0.48148148148148145,0.23728813559322035,0.7091633466135459,0.22072072072072071,0.37719298245614036,0.13596491228070176,0.449438202247191,0.2640449438202247,0.011235955056179775,8.41764705882353,0.6352941176470588,7.623529411764705,0.19753086419753085,0.6633443696749993,0.22265596304628657,0.6633443696749993,0.2391304347826087,"{""novig"": {""0.5"": {""over"": -208, ""under"": 144}}, ""bet365"": {""0.5"": {""over"": -235, ""under"": 175}}, ""betmgm"": {""0.5"": {""over"": -220, ""under"": 165}}, ""draftkings"": {""0.5"": {""over"": -205, ""under"": 153}}, ""fanduel"": {""0.5"": {""over"": -210}}}",0.5,over,draftkings,-205.0,0.6721311475409836,True,-0.0088,1.5,,,,,False,
687952,Christian Encarnacion-Strand,BAL,MIN,0,5.0,1,641927,Bailey Ober,R,823673,7:40 PM ET,Target Field,1,1,0.25,2026-08-11,823673,,0,102.9,101.6,95.4,R,1,1,0,0,0,0,0,0,0,0,0,1,0,0,0,1,0,0.146,0.15,0,0,0,0,0,0,0.21739130434782608,0.29411764705882354,0.7391304347826086,0.23076923076923078,0.25,0.1956521739130435,0.038461538461538464,0.057692307692307696,0.10869565217391304,1.2666666666666666,0.8,0.42857142857142855,0.2857142857142857,0.34285714285714286,0.2857142857142857,0.05714285714285714,0.34342023809523814,0.7092654761904763,0.16666666666666666,0.38461538461538464,0.32825000000000004,0.6596249999999999,0.24444444444444444,0.4222222222222222,0.1875,0.2222222222222222,0.42592592592592593,0.3050847457627119,0.7854077253218884,0.2222222222222222,0.47706422018348627,0.21559633027522937,0.34972677595628415,0.3005464480874317,0.0273224043715847,8.437499999999998,1.6874999999999998,6.2897727272727275,0.16666666666666666,0.6507425361484702,0.2541333925878749,0.6507425361484702,0.21739130434782608,"{""novig"": {""0.5"": {""over"": -239, ""under"": 163}}, ""bet365"": {""0.5"": {""over"": -235, ""under"": 175}}, ""betmgm"": {""0.5"": {""over"": -225, ""under"": 165}}, ""draftkings"": {""0.5"": {""over"": -233, ""under"": 172}}, ""fanduel"": {""0.5"": {""over"": -260}}}",0.5,over,betmgm,-225.0,0.6923076923076923,True,-0.0416,1.5,,,,,False,
681047,Christian Franklin,BAL,MIN,0,7.0,1,641927,Bailey Ober,R,823673,7:40 PM ET,Target Field,1,1,0.25,2026-08-11,823673,,0,102.9,101.6,95.4,R,1,0,0,0,0,0,0,1,0,0,0,0,0,0,0,0,0,0.404,0.5185,0,0,0,0,0,0,0.13043478260869565,0.2,0.6521739130434783,0.3076923076923077,0.14285714285714285,0.17391304347826086,0.038461538461538464,0.038461538461538464,0.08695652173913043,0.5833333333333334,0.6666666666666666,0.3333333333333333,0.13333333333333333,0.7333333333333333,0.06666666666666667,0.0,,,0.1111111111111111,0.36363636363636365,0.17250000000000001,0.2165,0.13333333333333333,0.3333333333333333,0.3125,0.16666666666666666,0.3333333333333333,0.42857142857142855,0.7854077253218884,0.2222222222222222,0.47706422018348627,0.21559633027522937,0.34972677595628415,0.3005464480874317,0.0273224043715847,8.437499999999998,1.6874999999999998,6.2897727272727275,0.16666666666666666,0.5822488841123376,0.20847916027871452,0.5822488841123376,0.13043478260869565,"{""novig"": {""0.5"": {""over"": -150, ""under"": 119}}, ""bet365"": {""0.5"": {""over"": -155, ""under"": 115}}, ""betmgm"": {""0.5"": {""over"": -150, ""under"": 110}}, ""draftkings"": {""0.5"": {""over"": -147, ""under"": 110}}, ""fanduel"": {""0.5"": {""over"": -220}}}",0.5,over,draftkings,-147.0,0.5951417004048583,True,-0.0129,1.5,,,,,False,
691723,Coby Mayo,BAL,MIN,0,6.0,1,641927,Bailey Ober,R,823673,7:40 PM ET,Target Field,1,1,0.25,2026-08-11,823673,,0,102.9,101.6,95.4,R,4,4,2,1,0,0,0,0,0,0,3,4,0,1,0,2,2,0.31675,0.5872499999999999,1,1,1,1,0,0,0.3111111111111111,0.3404255319148936,0.6444444444444445,0.3404255319148936,0.4230769230769231,0.35555555555555557,0.06382978723404255,0.02127659574468085,0.15555555555555556,2.0,1.0666666666666667,0.4482758620689655,0.3103448275862069,0.1724137931034483,0.4482758620689655,0.034482758620689655,0.3423863636363636,0.7193772727272727,0.4117647058823529,0.23529411764705882,0.3484999999999999,0.6376416666666667,0.30612244897959184,0.6122448979591837,0.34,0.225,0.6,0.35555555555555557,0.7854077253218884,0.2222222222222222,0.47706422018348627,0.21559633027522937,0.34972677595628415,0.3005464480874317,0.0273224043715847,8.437499999999998,1.6874999999999998,6.2897727272727275,0.16666666666666666,0.6167117917565239,0.16390572854494034,0.6167117917565239,0.3111111111111111,"{""novig"": {""0.5"": {""over"": -147, ""under"": 108}}, ""bet365"": {""0.5"": {""over"": -150, ""under"": 110}}, ""betmgm"": {""0.5"": {""over"": -150, ""under"": 110}}, ""draftkings"": {""0.5"": {""over"": -158, ""under"": 119}}, ""fanduel"": {""0.5"": {""over"": -160}}}",0.5,over,novig,-147.0,0.5951417004048583,True,0.0216,1.5,,,,,False,
683002,Gunnar Henderson,BAL,MIN,0,1.0,1,641927,Bailey Ober,R,823673,7:40 PM ET,Target Field,0,1,0.25,2026-08-11,823673,,0,102.9,101.6,95.4,L,4,3,0,0,0,0,1,0,0,0,0,3,0,2,0,2,1,0.676,0.8216666666666667,0,0,0,0,0,0,0.11538461538461539,0.28125,0.7115384615384616,0.234375,0.1388888888888889,0.09615384615384616,0.015625,0.0,0.038461538461538464,0.7333333333333333,1.0,0.4864864864864865,0.24324324324324326,0.40540540540540543,0.2972972972972973,0.05405405405405406,0.31827222222222223,0.6325222222222223,0.07142857142857142,0.14285714285714285,0.23729999999999993,0.5564666666666666,0.125,0.21428571428571427,0.296875,0.2786885245901639,0.47540983606557374,0.16901408450704225,0.7854077253218884,0.2222222222222222,0.47706422018348627,0.21559633027522937,0.34972677595628415,0.3005464480874317,0.0273224043715847,8.437499999999998,1.6874999999999998,6.2897727272727275,0.16666666666666666,0.6202536761536,0.19688948392515573,0.6202536761536,0.11538461538461539,"{""novig"": {""1.5"": {""over"": 203, ""under"": -223}}, ""bet365"": {""1.5"": {""over"": 200, ""under"": -275}}, ""betmgm"": {""1.5"": {""over"": 180, ""under"": -250}}, ""draftkings"": {""1.5"": {""over"": 192, ""under"": -260}}, ""fanduel"": {""0.5"": {""over"": -260}}}",0.5,over,fanduel,-260.0,0.7222222222222222,True,-0.102,1.5,over,novig,203.0,0.33003300330033003,True,-0.1331
702616,Jackson Holliday,BAL,MIN,0,3.0,1,641927,Bailey Ober,R,823673,7:40 PM ET,Target Field,0,1,0.25,2026-08-11,823673,,0,102.9,101.6,95.4,L,4,4,2,0,0,0,0,0,0,0,2,4,0,1,1,1,1,0.32575,0.46849999999999997,1,1,1,1,0,0,0.32653061224489793,0.40350877192982454,0.7346938775510204,0.22807017543859648,0.4166666666666667,0.14285714285714285,0.017543859649122806,0.07017543859649122,0.10204081632653061,1.5333333333333334,0.8666666666666667,0.35135135135135137,0.24324324324324326,0.4594594594594595,0.1891891891891892,0.02702702702702703,0.3103142857142857,0.45922857142857143,0.23529411764705882,0.2,0.25751333333333337,0.5523066666666667,0.34,0.48,0.22413793103448276,0.2545454545454545,0.2909090909090909,0.296875,0.7854077253218884,0.2222222222222222,0.47706422018348627,0.21559633027522937,0.34972677595628415,0.3005464480874317,0.0273224043715847,8.437499999999998,1.6874999999999998,6.2897727272727275,0.16666666666666666,0.6491255924123716,0.23006295482459627,0.6491255924123716,0.32653061224489793,"{""novig"": {""1.5"": {""over"": 300}}, ""bet365"": {""0.5"": {""over"": -225, ""under"": 165}}, ""betmgm"": {""0.5"": {""over"": -225, ""under"": 165}}, ""draftkings"": {""0.5"": {""over"": -205, ""under"": 153}}, ""fanduel"": {""0.5"": {""over"": -220}}}",0.5,over,draftkings,-205.0,0.6721311475409836,True,-0.023,1.5,over,novig,300.0,0.25,True,-0.0199
669236,Jeremiah Jackson,BAL,MIN,0,8.0,1,641927,Bailey Ober,R,823673,7:40 PM ET,Target Field,1,1,0.25,2026-08-11,823673,,0,102.9,101.6,95.4,R,1,1,0,0,0,0,0,0,0,1,0,0,0,0,0,0,0,0.009,0.025,0,0,0,0,1,0,0.14285714285714285,0.24242424242424243,0.8214285714285714,0.14285714285714285,0.16666666666666666,0.07142857142857142,0.0,0.05714285714285714,0.07142857142857142,0.4,0.3333333333333333,0.36,0.28,0.52,0.2,0.04,0.2786818181818182,0.48782575757575763,0.0,0.08333333333333333,0.2434166666666667,0.45912499999999995,0.23076923076923078,0.3333333333333333,0.13636363636363635,0.18181818181818182,0.2727272727272727,0.1388888888888889,0.7854077253218884,0.2222222222222222,0.47706422018348627,0.21559633027522937,0.34972677595628415,0.3005464480874317,0.0273224043715847,8.437499999999998,1.6874999999999998,6.2897727272727275,0.16666666666666666,0.6211885993036175,0.18139004615363544,0.6211885993036175,0.14285714285714285,"{""novig"": {""0.5"": {""over"": -182, ""under"": 135}}, ""bet365"": {""0.5"": {""over"": -170, ""under"": 130}}, ""betmgm"": {""0.5"": {""over"": -185, ""under"": 135}}, ""draftkings"": {""0.5"": {""over"": -179, ""under"": 134}}, ""fanduel"": {""0.5"": {""over"": -250}}}",0.5,over,bet365,-170.0,0.6296296296296297,True,-0.0084,1.5,,,,,False,
624413,Pete Alonso,BAL,MIN,0,2.0,1,641927,Bailey Ober,R,823673,7:40 PM ET,Target Field,1,1,0.25,2026-08-11,823673,,0,102.9,101.6,95.4,R,4,4,1,0,0,0,0,0,0,0,1,4,0,3,2,2,0,0.33325000000000005,0.90675,1,0,1,0,0,0,0.2807017543859649,0.3492063492063492,0.7543859649122807,0.2222222222222222,0.3076923076923077,0.2631578947368421,0.06349206349206349,0.047619047619047616,0.12280701754385964,2.066666666666667,0.9333333333333333,0.627906976744186,0.23255813953488372,0.23255813953488372,0.3953488372093023,0.06976744186046512,0.42598777777777774,0.9743433333333333,0.2777777777777778,0.23809523809523808,0.4240333333333334,1.1215999999999997,0.2962962962962963,0.5925925925925926,0.171875,0.23333333333333334,0.43333333333333335,0.36363636363636365,0.7854077253218884,0.2222222222222222,0.47706422018348627,0.21559633027522937,0.34972677595628415,0.3005464480874317,0.0273224043715847,8.437499999999998,1.6874999999999998,6.2897727272727275,0.16666666666666666,0.6681160956003919,0.2590908349690853,0.6681160956003919,0.2807017543859649,"{""novig"": {""0.5"": {""over"": -233}}, ""bet365"": {""0.5"": {""over"": -245, ""under"": 182}}, ""betmgm"": {""0.5"": {""over"": -250, ""under"": 180}}, ""draftkings"": {""1.5"": {""over"": 198, ""under"": -270}}, ""fanduel"": {""0.5"": {""over"": -270}}}",0.5,over,novig,-233.0,0.6996996996996997,True,-0.0316,1.5,over,draftkings,198.0,0.33557046979865773,True,-0.0765
641933,Tyler O'Neill,BAL,MIN,0,4.0,1,641927,Bailey Ober,R,823673,7:40 PM ET,Target Field,1,1,0.25,2026-08-11,823673,,0,102.9,101.6,95.4,R,4,4,0,0,0,0,0,0,0,2,0,2,0,0,0,2,0,0.07,0.076,0,0,0,0,1,1,0.3,0.37777777777777777,0.75,0.2222222222222222,0.3076923076923077,0.35,0.08888888888888889,0.044444444444444446,0.15,1.7333333333333334,0.6666666666666666,0.36666666666666664,0.2,0.3,0.4,0.06666666666666667,0.36334666666666665,0.80454,0.3076923076923077,0.23529411764705882,0.40790000000000004,1.0209,0.22916666666666666,0.375,0.3888888888888889,0.3611111111111111,1.0,0.20512820512820512,0.7854077253218884,0.2222222222222222,0.47706422018348627,0.21559633027522937,0.34972677595628415,0.3005464480874317,0.0273224043715847,8.437499999999998,1.6874999999999998,6.2897727272727275,0.16666666666666666,0.6452326595996603,0.2679342045937266,0.6452326595996603,0.3,"{""novig"": {""0.5"": {""over"": -190, ""under"": 133}}, ""bet365"": {""0.5"": {""over"": -165, ""under"": 125}}, ""betmgm"": {""0.5"": {""over"": -200, ""under"": 150}}, ""draftkings"": {""0.5"": {""over"": -183, ""under"": 137}}, ""fanduel"": {""0.5"": {""over"": -210}}}",0.5,over,bet365,-165.0,0.6226415094339622,True,0.0226,1.5,,,,,False,
650968,Yohel Pozo,BAL,MIN,0,9.0,1,641927,Bailey Ober,R,823673,7:40 PM ET,Target Field,1,1,0.25,2026-08-11,823673,,0,102.9,101.6,95.4,R,3,3,1,0,0,1,0,0,0,0,4,3,0,1,2,0,0,0.13133333333333333,0.38000000000000006,1,0,1,1,0,0,0.26666666666666666,0.25806451612903225,0.8,0.1935483870967742,0.32,0.03333333333333333,0.0,0.03225806451612903,0.03333333333333333,0.6,0.4,0.2,0.36,0.4,0.12,0.0,0.2474861111111111,0.29841666666666666,0.2,0.36363636363636365,0.21872222222222223,0.2887222222222221,0.13333333333333333,0.13333333333333333,0.25806451612903225,0.21212121212121213,0.24242424242424243,0.030303030303030304,0.7854077253218884,0.2222222222222222,0.47706422018348627,0.21559633027522937,0.34972677595628415,0.3005464480874317,0.0273224043715847,8.437499999999998,1.6874999999999998,6.2897727272727275,0.16666666666666666,0.5331292808577275,0.1476200839661815,0.5331292808577275,0.26666666666666666,"{""novig"": {""0.5"": {""over"": -135, ""under"": 106}}, ""bet365"": {""0.5"": {""over"": -155, ""under"": 115}}, ""betmgm"": {""0.5"": {""over"": -175, ""under"": 130}}, ""draftkings"": {""0.5"": {""over"": -134, ""under"": 101}}, ""fanduel"": {""0.5"": {""over"": -135}}}",0.5,over,draftkings,-134.0,0.5726495726495726,True,-0.0395,1.5,,,,,False,
695731,Braden Montgomery,CWS,CIN,1,5.0,1,666157,Nick Lodolo,L,824563,7:40 PM ET,Rate Field,0,0,0.25549915397631134,2026-08-11,824563,0.0,0,95.5,94.6,96.9,L,3,2,0,0,0,0,1,0,0,2,0,0,0,0,0,0,0,0.14650000000000002,0.1735,0,0,0,0,1,1,0.15625,0.2894736842105263,0.6875,0.2631578947368421,0.19047619047619047,0.09375,0.02631578947368421,0.0,0.03125,0.5333333333333333,0.6666666666666666,0.4090909090909091,0.09090909090909091,0.6363636363636364,0.22727272727272727,0.045454545454545456,0.3838402777777778,0.6910833333333333,0.4,0.14285714285714285,0.5132,1.1401,0.2641509433962264,0.33962264150943394,0.22580645161290322,0.1794871794871795,0.28205128205128205,0.2558139534883721,0.6764705882352942,0.25654450261780104,0.41624365482233505,0.13705583756345177,0.4472049689440994,0.2546583850931677,0.018633540372670808,9.45859872611465,1.031847133757962,7.56687898089172,0.1864406779661017,0.5877340465649602,0.19342680812872814,0.5877340465649602,0.15625,"{""novig"": {""0.5"": {""over"": -170, ""under"": 125}}, ""bet365"": {""0.5"": {""over"": -200, ""under"": 150}}, ""betmgm"": {""0.5"": {""over"": -165, ""under"": 125}}, ""draftkings"": {""0.5"": {""over"": -184, ""under"": 137}}, ""fanduel"": {""0.5"": {""over"": -195}}}",0.5,over,betmgm,-165.0,0.6226415094339622,True,-0.0349,1.5,,,,,False,
686668,Brenton Doyle,CWS,CIN,1,1.0,1,666157,Nick Lodolo,L,824563,7:40 PM ET,Rate Field,1,0,0.25549915397631134,2026-08-11,824563,0.0,0,95.5,94.6,96.9,R,5,5,2,1,0,0,0,0,0,0,3,5,0,3,2,2,1,0.3036,0.43179999999999996,1,1,1,1,0,0,0.1951219512195122,0.25,0.7073170731707317,0.2727272727272727,0.27586206896551724,0.04878048780487805,0.0,0.045454545454545456,0.04878048780487805,0.6666666666666666,0.8,0.3448275862068966,0.1724137931034483,0.6206896551724138,0.1724137931034483,0.0,0.24103571428571427,0.3157738095238095,0.25,0.23076923076923078,0.2929583333333335,0.34995833333333337,0.24390243902439024,0.2926829268292683,0.34782608695652173,0.14634146341463414,0.1951219512195122,0.27906976744186046,0.6764705882352942,0.25654450261780104,0.41624365482233505,0.13705583756345177,0.4472049689440994,0.2546583850931677,0.018633540372670808,9.45859872611465,1.031847133757962,7.56687898089172,0.1864406779661017,0.6340393739862632,0.255429322004682,0.6340393739862632,0.1951219512195122,"{""novig"": {""0.5"": {""over"": -170, ""under"": 138}}, ""bet365"": {""0.5"": {""over"": -190, ""under"": 140}}, ""betmgm"": {""0.5"": {""over"": -200, ""under"": 150}}, ""draftkings"": {""0.5"": {""over"": -190, ""under"": 142}}, ""fanduel"": {""0.5"": {""over"": -220}}}",0.5,over,novig,-170.0,0.6296296296296297,True,0.0044,1.5,,,,,False,
695657,Colson Montgomery,CWS,CIN,1,6.0,1,666157,Nick Lodolo,L,824563,7:40 PM ET,Rate Field,0,0,0.25549915397631134,2026-08-11,824563,0.0,0,95.5,94.6,96.9,L,4,3,1,0,0,1,0,1,0,1,4,2,0,2,1,0,0,0.5055,1.9485000000000001,1,0,1,1,1,0,0.1694915254237288,0.23880597014925373,0.5932203389830508,0.3582089552238806,0.25,0.06779661016949153,0.014925373134328358,0.014925373134328358,0.03389830508474576,0.9333333333333333,1.6,0.21621621621621623,0.13513513513513514,0.3783783783783784,0.24324324324324326,0.0,0.22018888888888888,0.32929444444444445,0.21052631578947367,0.391304347826087,0.30438333333333334,0.34391666666666676,0.15789473684210525,0.2982456140350877,0.4444444444444444,0.3157894736842105,0.6140350877192983,0.23076923076923078,0.6764705882352942,0.25654450261780104,0.41624365482233505,0.13705583756345177,0.4472049689440994,0.2546583850931677,0.018633540372670808,9.45859872611465,1.031847133757962,7.56687898089172,0.1864406779661017,0.5276673772076381,0.1496972559792581,0.5276673772076381,0.1694915254237288,"{""novig"": {""0.5"": {""over"": -163, ""under"": 108}}, ""bet365"": {""0.5"": {""over"": -150, ""under"": 110}}, ""betmgm"": {""0.5"": {""over"": -140, ""under"": 105}}, ""draftkings"": {""0.5"": {""over"": -175, ""under"": 131}}, ""fanduel"": {""0.5"": {""over"": -175}}}",0.5,over,betmgm,-140.0,0.5833333333333334,True,-0.0557,1.5,,,,,False,
700337,Edgar Quero,CWS,CIN,1,7.0,1,666157,Nick Lodolo,L,824563,7:40 PM ET,Rate Field,0,0,0.25549915397631134,2026-08-11,824563,0.0,0,95.5,94.6,96.9,L,3,0,0,0,0,0,3,0,0,0,0,0,0,0,0,0,0,0.088,0.088,0,0,0,0,0,0,0.23333333333333334,0.25806451612903225,0.9666666666666667,0.03225806451612903,0.2413793103448276,0.0,0.0,0.0,0.0,0.4666666666666667,0.06666666666666667,0.4482758620689655,0.13793103448275862,0.5517241379310345,0.2413793103448276,0.0,0.32376190476190475,0.4080714285714286,0.36363636363636365,0.0,0.4325333333333333,0.5045999999999999,0.24444444444444444,0.24444444444444444,0.10204081632653061,0.14285714285714285,0.21428571428571427,0.20408163265306123,0.6764705882352942,0.25654450261780104,0.41624365482233505,0.13705583756345177,0.4472049689440994,0.2546583850931677,0.018633540372670808,9.45859872611465,1.031847133757962,7.56687898089172,0.1864406779661017,0.5960204750239919,0.12063078806332102,0.5960204750239919,0.23333333333333334,"{""novig"": {""0.5"": {""over"": -174, ""under"": 125}}, ""bet365"": {""0.5"": {""over"": -190, ""under"": 140}}, ""betmgm"": {""0.5"": {""over"": -165, ""under"": 125}}, ""draftkings"": {""0.5"": {""over"": -207, ""under"": 154}}, ""fanduel"": {""0.5"": {""over"": -185}}}",0.5,over,betmgm,-165.0,0.6226415094339622,True,-0.0266,1.5,,,,,False,
682668,Luisangel Acuña,CWS,CIN,1,9.0,1,666157,Nick Lodolo,L,824563,7:40 PM ET,Rate Field,1,0,0.25549915397631134,2026-08-11,824563,0.0,0,95.5,94.6,96.9,R,4,4,0,0,0,0,0,0,0,2,0,2,0,0,0,1,0,0.048,0.052,0,0,0,0,1,1,0.36363636363636365,0.36363636363636365,0.7878787878787878,0.21212121212121213,0.46153846153846156,0.030303030303030304,0.0,0.030303030303030304,0.030303030303030304,0.8666666666666667,0.4666666666666667,0.34615384615384615,0.2692307692307692,0.6153846153846154,0.11538461538461539,0.0,0.3389615384615385,0.3976410256410257,0.2727272727272727,0.09090909090909091,0.21549999999999997,0.2618999999999999,0.37142857142857144,0.45714285714285713,0.10810810810810811,0.38235294117647056,0.4411764705882353,0.2571428571428571,0.6764705882352942,0.25654450261780104,0.41624365482233505,0.13705583756345177,0.4472049689440994,0.2546583850931677,0.018633540372670808,9.45859872611465,1.031847133757962,7.56687898089172,0.1864406779661017,0.5288699226452244,0.17920753422270808,0.5288699226452244,0.36363636363636365,"{""novig"": {""0.5"": {""over"": -120, ""under"": -100}}, ""bet365"": {""0.5"": {""over"": -160, ""under"": 120}}, ""betmgm"": {""0.5"": {""over"": -125, ""under"": -105}}, ""draftkings"": {""0.5"": {""over"": -153, ""under"": 115}}, ""fanduel"": {""0.5"": {""over"": -165}}}",0.5,over,novig,-120.0,0.5454545454545454,True,-0.0166,1.5,,,,,False,
678246,Miguel Vargas,CWS,CIN,1,3.0,1,666157,Nick Lodolo,L,824563,7:40 PM ET,Rate Field,1,0,0.25549915397631134,2026-08-11,824563,0.0,0,95.5,94.6,96.9,R,5,3,1,1,0,0,2,0,0,0,2,3,0,0,3,0,0,0.06266666666666666,0.13899999999999998,1,0,1,1,0,0,0.1694915254237288,0.2753623188405797,0.6779661016949152,0.2753623188405797,0.18421052631578946,0.1694915254237288,0.043478260869565216,0.014492753623188406,0.06779661016949153,1.3333333333333333,1.2666666666666666,0.43902439024390244,0.24390243902439024,0.24390243902439024,0.3170731707317073,0.04878048780487805,0.30389285714285713,0.5463690476190476,0.16666666666666666,0.34782608695652173,0.16766666666666658,0.20566666666666666,0.2542372881355932,0.4745762711864407,0.19696969696969696,0.08196721311475409,0.16393442622950818,0.2835820895522388,0.6764705882352942,0.25654450261780104,0.41624365482233505,0.13705583756345177,0.4472049689440994,0.2546583850931677,0.018633540372670808,9.45859872611465,1.031847133757962,7.56687898089172,0.1864406779661017,0.6474701117025478,0.20282323248064618,0.6474701117025478,0.1694915254237288,"{""novig"": {""0.5"": {""over"": -217, ""under"": 144}}, ""bet365"": {""0.5"": {""over"": -220, ""under"": 160}}, ""betmgm"": {""0.5"": {""over"": -210, ""under"": 155}}, ""draftkings"": {""0.5"": {""over"": -221, ""under"": 164}}, ""fanduel"": {""0.5"": {""over"": -220}}}",0.5,over,betmgm,-210.0,0.6774193548387096,True,-0.0299,1.5,,,,,False,
808959,Munetaka Murakami,CWS,CIN,1,2.0,1,666157,Nick Lodolo,L,824563,7:40 PM ET,Rate Field,0,0,0.25549915397631134,2026-08-11,824563,0.0,0,95.5,94.6,96.9,L,5,4,1,1,0,0,1,0,0,2,2,2,0,1,0,1,1,0.49450000000000005,1.363,1,0,1,1,1,1,0.26229508196721313,0.34782608695652173,0.6065573770491803,0.34782608695652173,0.3225806451612903,0.3442622950819672,0.08695652173913043,0.043478260869565216,0.14754098360655737,2.466666666666667,1.6,0.6216216216216216,0.2702702702702703,0.2972972972972973,0.3783783783783784,0.13513513513513514,0.42963888888888885,0.9267900000000001,0.15,0.43478260869565216,0.3556,0.7901666666666667,0.26785714285714285,0.5714285714285714,0.2878787878787879,0.1568627450980392,0.3333333333333333,0.3787878787878788,0.6764705882352942,0.25654450261780104,0.41624365482233505,0.13705583756345177,0.4472049689440994,0.2546583850931677,0.018633540372670808,9.45859872611465,1.031847133757962,7.56687898089172,0.1864406779661017,0.6042484744842911,0.2159333874763543,0.6042484744842911,0.26229508196721313,"{""novig"": {""0.5"": {""over"": -150, ""under"": 138}}, ""bet365"": {""0.5"": {""over"": -155, ""under"": 115}}, ""betmgm"": {""0.5"": {""over"": -150, ""under"": 110}}, ""draftkings"": {""0.5"": {""over"": -197, ""under"": 147}}, ""fanduel"": {""0.5"": {""over"": -175}}}",0.5,over,novig,-150.0,0.6,True,0.0042,1.5,,,,,False,
545341,Randal Grichuk,CWS,CIN,1,4.0,1,666157,Nick Lodolo,L,824563,7:40 PM ET,Rate Field,1,0,0.25549915397631134,2026-08-11,824563,0.0,0,95.5,94.6,96.9,R,3,3,1,1,0,0,0,0,0,2,2,1,0,0,0,1,0,0.457,0.506,1,0,1,1,1,1,0.3333333333333333,0.35714285714285715,0.7407407407407407,0.25,0.45,0.18518518518518517,0.0,0.10714285714285714,0.14814814814814814,0.9333333333333333,0.4666666666666667,0.55,0.15,0.55,0.15,0.0,0.3128461538461539,0.36396153846153845,0.2727272727272727,0.18181818181818182,0.378375,0.4593750000000002,0.2702702702702703,0.5135135135135135,0.23684210526315788,0.22580645161290322,0.3548387096774194,0.18181818181818182,0.6764705882352942,0.25654450261780104,0.41624365482233505,0.13705583756345177,0.4472049689440994,0.2546583850931677,0.018633540372670808,9.45859872611465,1.031847133757962,7.56687898089172,0.1864406779661017,0.6429313317728272,0.26368482468428867,0.6429313317728272,0.3333333333333333,"{""novig"": {""0.5"": {""over"": -138, ""under"": 135}}, ""bet365"": {""0.5"": {""over"": -170, ""under"": 130}}, ""betmgm"": {""0.5"": {""over"": -175, ""under"": 130}}, ""draftkings"": {""0.5"": {""over"": -170, ""under"": 128}}, ""fanduel"": {""0.5"": {""over"": -185}}}",0.5,over,novig,-138.0,0.5798319327731093,True,0.0631,1.5,,,,,False,
803011,Sam Antonacci,CWS,CIN,1,8.0,1,666157,Nick Lodolo,L,824563,7:40 PM ET,Rate Field,0,0,0.25549915397631134,2026-08-11,824563,0.0,0,95.5,94.6,96.9,L,4,1,0,0,0,0,2,1,0,0,0,1,0,0,1,0,0,0.011,0.023,0,0,0,0,0,0,0.22916666666666666,0.28846153846153844,0.8541666666666666,0.1346153846153846,0.25,0.125,0.019230769230769232,0.057692307692307696,0.08333333333333333,1.1333333333333333,0.4666666666666667,0.3902439024390244,0.24390243902439024,0.5121951219512195,0.1951219512195122,0.0,0.33597333333333335,0.5128722222222222,0.26666666666666666,0.0625,0.2886666666666667,0.41355,0.2708333333333333,0.3958333333333333,0.16363636363636364,0.21739130434782608,0.34782608695652173,0.16981132075471697,0.6764705882352942,0.25654450261780104,0.41624365482233505,0.13705583756345177,0.4472049689440994,0.2546583850931677,0.018633540372670808,9.45859872611465,1.031847133757962,7.56687898089172,0.1864406779661017,0.5959754868600866,0.2060080610685441,0.5959754868600866,0.22916666666666666,"{""novig"": {""0.5"": {""over"": -182, ""under"": 182}}, ""bet365"": {""0.5"": {""over"": -155, ""under"": 115}}, ""fanduel"": {""0.5"": {""over"": -180}}}",0.5,over,bet365,-155.0,0.6078431372549019,True,-0.0119,1.5,,,,,False,
667472,Dane Myers,CIN,CWS,0,7.0,1,680732,Sean Burke,R,824563,7:40 PM ET,Rate Field,1,1,0.30418943533697634,2026-08-11,824563,0.0,0,95.5,94.6,96.9,R,3,2,0,0,0,0,0,0,1,1,0,2,0,2,1,0,1,0.011,0.036,0,0,0,0,1,0,0.2692307692307692,0.3333333333333333,0.6730769230769231,0.2982456140350877,0.4,0.019230769230769232,0.0,0.017543859649122806,0.019230769230769232,1.0,1.1333333333333333,0.37142857142857144,0.17142857142857143,0.5428571428571428,0.14285714285714285,0.0,0.24626785714285712,0.3035416666666667,0.15789473684210525,0.3333333333333333,0.25245833333333323,0.32375,0.25,0.2916666666666667,0.36363636363636365,0.38235294117647056,0.47058823529411764,0.16216216216216217,0.5546218487394958,0.1791044776119403,0.36363636363636365,0.15311004784688995,0.3484848484848485,0.3409090909090909,0.045454545454545456,8.067073170731707,1.1524390243902438,11.52439024390244,0.3017241379310345,0.5448451387137929,0.16141301838107047,0.5448451387137929,0.2692307692307692,"{""novig"": {""0.5"": {""over"": -127, ""under"": -108}}, ""bet365"": {""0.5"": {""over"": -140, ""under"": 105}}, ""betmgm"": {""0.5"": {""over"": -135, ""under"": 100}}, ""draftkings"": {""0.5"": {""over"": -130, ""under"": -102}}, ""fanduel"": {""0.5"": {""over"": -140}}}",0.5,over,novig,-127.0,0.5594713656387665,True,-0.0146,1.5,,,,,False,
682829,Elly De La Cruz,CIN,CWS,0,1.0,1,680732,Sean Burke,R,824563,7:40 PM ET,Rate Field,0,1,0.30418943533697634,2026-08-11,824563,0.0,0,95.5,94.6,96.9,L,3,3,0,0,0,0,0,0,0,1,0,2,0,0,0,2,0,0.2185,0.2355,0,0,0,0,1,0,0.2647058823529412,0.40476190476190477,0.7647058823529411,0.19047619047619047,0.2916666666666667,0.3235294117647059,0.047619047619047616,0.07142857142857142,0.17647058823529413,1.3333333333333333,0.5333333333333333,0.38461538461538464,0.3076923076923077,0.46153846153846156,0.19230769230769232,0.0,0.29815384615384616,0.4930128205128205,0.18181818181818182,0.15384615384615385,0.2165416666666666,0.5102916666666667,0.21428571428571427,0.4642857142857143,0.25,0.3442622950819672,0.639344262295082,0.2647058823529412,0.5546218487394958,0.1791044776119403,0.36363636363636365,0.15311004784688995,0.3484848484848485,0.3409090909090909,0.045454545454545456,8.067073170731707,1.1524390243902438,11.52439024390244,0.3017241379310345,0.5670816243886806,0.21474252542946423,0.5670816243886806,0.2647058823529412,"{""novig"": {""0.5"": {""over"": -174, ""under"": 170}}, ""bet365"": {""0.5"": {""over"": -210, ""under"": 155}}, ""betmgm"": {""0.5"": {""over"": -210, ""under"": 155}}, ""draftkings"": {""0.5"": {""over"": -211, ""under"": 157}}, ""fanduel"": {""0.5"": {""over"": -220}}}",0.5,over,novig,-174.0,0.635036496350365,True,-0.068,1.5,,,,,False,
553993,Eugenio Suárez,CIN,CWS,0,5.0,1,680732,Sean Burke,R,824563,7:40 PM ET,Rate Field,1,1,0.30418943533697634,2026-08-11,824563,0.0,0,95.5,94.6,96.9,R,3,2,0,0,0,0,0,1,0,0,0,2,0,0,0,1,0,0.108,0.1245,0,0,0,0,0,0,0.17307692307692307,0.2833333333333333,0.5384615384615384,0.4,0.20833333333333334,0.2692307692307692,0.06666666666666667,0.03333333333333333,0.11538461538461539,1.5333333333333334,1.6,0.5357142857142857,0.17857142857142858,0.39285714285714285,0.39285714285714285,0.03571428571428571,0.36441025641025643,0.7754743589743589,0.26666666666666666,0.3684210526315789,0.43199999999999983,1.0747500000000003,0.18867924528301888,0.4528301886792453,0.3770491803278688,0.19230769230769232,0.34615384615384615,0.423728813559322,0.5546218487394958,0.1791044776119403,0.36363636363636365,0.15311004784688995,0.3484848484848485,0.3409090909090909,0.045454545454545456,8.067073170731707,1.1524390243902438,11.52439024390244,0.3017241379310345,0.5627202709830786,0.15711614034468466,0.5627202709830786,0.17307692307692307,"{""novig"": {""0.5"": {""over"": -120, ""under"": -100}}, ""bet365"": {""0.5"": {""over"": -120, ""under"": -110}}, ""betmgm"": {""0.5"": {""over"": -140, ""under"": 105}}, ""draftkings"": {""0.5"": {""over"": -122, ""under"": -109}}, ""fanduel"": {""0.5"": {""over"": -135}}}",0.5,over,novig,-120.0,0.5454545454545454,True,0.0173,1.5,,,,,False,
699302,Héctor Rodríguez,CIN,CWS,0,6.0,1,680732,Sean Burke,R,824563,7:40 PM ET,Rate Field,0,1,0.30418943533697634,2026-08-11,824563,0.0,0,95.5,94.6,96.9,L,3,3,0,0,0,0,0,0,0,0,0,3,0,0,1,2,0,0.083,0.09366666666666668,0,0,0,0,0,0,0.26666666666666666,0.35294117647058826,0.7333333333333333,0.23529411764705882,0.36363636363636365,0.13333333333333333,0.0,0.11764705882352941,0.13333333333333333,0.6666666666666666,0.4444444444444444,0.45454545454545453,0.2727272727272727,0.5454545454545454,0.18181818181818182,0.0,,,0.18181818181818182,0.23076923076923078,0.30574999999999997,0.3435,0.16666666666666666,0.25,0.21428571428571427,,,,0.5546218487394958,0.1791044776119403,0.36363636363636365,0.15311004784688995,0.3484848484848485,0.3409090909090909,0.045454545454545456,8.067073170731707,1.1524390243902438,11.52439024390244,0.3017241379310345,0.5524104291731516,0.1555329157037484,0.5524104291731516,0.26666666666666666,"{""novig"": {""0.5"": {""over"": -141, ""under"": -102}}, ""bet365"": {""0.5"": {""over"": -155, ""under"": 115}}, ""betmgm"": {""0.5"": {""over"": -160, ""under"": 120}}, ""draftkings"": {""0.5"": {""over"": -141, ""under"": 107}}, ""fanduel"": {""0.5"": {""over"": -155}}}",0.5,over,draftkings,-141.0,0.5850622406639004,True,-0.0327,1.5,,,,,False,
668709,JJ Bleday,CIN,CWS,0,3.0,1,680732,Sean Burke,R,824563,7:40 PM ET,Rate Field,0,1,0.30418943533697634,2026-08-11,824563,0.0,0,95.5,94.6,96.9,L,4,4,1,1,0,0,0,0,0,2,2,2,0,1,0,0,1,0.3585,0.5045,1,0,1,1,1,1,0.16326530612244897,0.32786885245901637,0.6530612244897959,0.2786885245901639,0.1724137931034483,0.1836734693877551,0.04918032786885246,0.0,0.061224489795918366,1.1333333333333333,1.1333333333333333,0.34375,0.09375,0.40625,0.4375,0.03125,0.2884583333333333,0.6197440476190478,0.1875,0.3157894736842105,0.23243333333333333,0.5502,0.2,0.44,0.22950819672131148,0.25,0.42857142857142855,0.20634920634920634,0.5546218487394958,0.1791044776119403,0.36363636363636365,0.15311004784688995,0.3484848484848485,0.3409090909090909,0.045454545454545456,8.067073170731707,1.1524390243902438,11.52439024390244,0.3017241379310345,0.5787326047115192,0.15080203234992554,0.5787326047115192,0.16326530612244897,"{""novig"": {""0.5"": {""over"": -133, ""under"": -102}}, ""bet365"": {""0.5"": {""over"": -150, ""under"": 110}}, ""betmgm"": {""0.5"": {""over"": -135, ""under"": 100}}, ""draftkings"": {""0.5"": {""over"": -132, ""under"": -101}}, ""fanduel"": {""0.5"": {""over"": -150}}}",0.5,over,draftkings,-132.0,0.5689655172413793,True,0.0098,1.5,,,,,False,
663647,Ke'Bryan Hayes,CIN,CWS,0,9.0,1,680732,Sean Burke,R,824563,7:40 PM ET,Rate Field,1,1,0.30418943533697634,2026-08-11,824563,0.0,0,95.5,94.6,96.9,R,2,2,0,0,0,0,0,0,0,0,0,2,0,0,1,1,0,0.046,0.052500000000000005,0,0,0,0,0,0,0.13953488372093023,0.1956521739130435,0.6511627906976745,0.32608695652173914,0.15384615384615385,0.13953488372093023,0.043478260869565216,0.0,0.046511627906976744,0.8,1.0,0.39285714285714285,0.25,0.35714285714285715,0.32142857142857145,0.03571428571428571,0.3403653846153846,0.565923076923077,0.14285714285714285,0.3333333333333333,0.37020000000000003,0.7029999999999998,0.1276595744680851,0.2553191489361702,0.2653061224489796,0.17391304347826086,0.1956521739130435,0.1836734693877551,0.5546218487394958,0.1791044776119403,0.36363636363636365,0.15311004784688995,0.3484848484848485,0.3409090909090909,0.045454545454545456,8.067073170731707,1.1524390243902438,11.52439024390244,0.3017241379310345,0.36686749730539425,0.06955527455837779,0.36686749730539425,0.13953488372093023,"{""novig"": {""0.5"": {""over"": -111, ""under"": -122}}, ""bet365"": {""0.5"": {""over"": -105, ""under"": -130}}, ""betmgm"": {""0.5"": {""over"": -110, ""under"": -120}}, ""draftkings"": {""0.5"": {""over"": -113, ""under"": -117}}, ""fanduel"": {""0.5"": {""over"": -140}}}",0.5,over,bet365,-105.0,0.5121951219512195,True,-0.1453,1.5,,,,,False,
680574,Matt McLain,CIN,CWS,0,8.0,1,680732,Sean Burke,R,824563,7:40 PM ET,Rate Field,1,1,0.30418943533697634,2026-08-11,824563,0.0,0,95.5,94.6,96.9,R,3,3,1,0,0,0,0,0,0,1,1,2,0,0,0,1,1,0.638,0.6635,1,0,1,0,1,0,0.15384615384615385,0.24444444444444444,0.5897435897435898,0.35555555555555557,0.18181818181818182,0.20512820512820512,0.044444444444444446,0.044444444444444446,0.10256410256410256,0.9333333333333333,1.0666666666666667,0.16666666666666666,0.16666666666666666,0.2916666666666667,0.4583333333333333,0.08333333333333333,0.26641666666666663,0.47227380952380954,0.2857142857142857,0.29411764705882354,0.3886,0.9111666666666668,0.13636363636363635,0.2727272727272727,0.42,0.18604651162790697,0.4186046511627907,0.25,0.5546218487394958,0.1791044776119403,0.36363636363636365,0.15311004784688995,0.3484848484848485,0.3409090909090909,0.045454545454545456,8.067073170731707,1.1524390243902438,11.52439024390244,0.3017241379310345,0.44471666071038624,0.13745936460405098,0.44471666071038624,0.15384615384615385,"{""novig"": {""0.5"": {""over"": -104, ""under"": -104}}, ""bet365"": {""0.5"": {""over"": -105, ""under"": -130}}, ""betmgm"": {""0.5"": {""over"": -110, ""under"": -118}}, ""draftkings"": {""0.5"": {""over"": -107, ""under"": -124}}, ""fanduel"": {""0.5"": {""over"": -120}}}",0.5,over,novig,-104.0,0.5098039215686274,True,-0.0651,1.5,,,,,False,
701398,Sal Stewart,CIN,CWS,0,2.0,1,680732,Sean Burke,R,824563,7:40 PM ET,Rate Field,1,1,0.30418943533697634,2026-08-11,824563,0.0,0,95.5,94.6,96.9,R,4,4,1,0,0,0,0,0,0,2,1,2,0,0,1,0,1,0.2585,0.2605,1,0,1,0,1,1,0.2962962962962963,0.3709677419354839,0.6851851851851852,0.27419354838709675,0.35294117647058826,0.2222222222222222,0.06451612903225806,0.0,0.07407407407407407,1.8666666666666667,1.1333333333333333,0.3684210526315789,0.2631578947368421,0.47368421052631576,0.2631578947368421,0.05263157894736842,0.3829692307692308,0.6353717948717948,0.2777777777777778,0.2,0.2963166666666667,0.5237333333333336,0.2777777777777778,0.5555555555555556,0.26229508196721313,0.2037037037037037,0.3333333333333333,0.27692307692307694,0.5546218487394958,0.1791044776119403,0.36363636363636365,0.15311004784688995,0.3484848484848485,0.3409090909090909,0.045454545454545456,8.067073170731707,1.1524390243902438,11.52439024390244,0.3017241379310345,0.6240079924001859,0.21229470232128964,0.6240079924001859,0.2962962962962963,"{""novig"": {""0.5"": {""over"": -199, ""under"": 135}}, ""bet365"": {""0.5"": {""over"": -210, ""under"": 155}}, ""betmgm"": {""0.5"": {""over"": -200, ""under"": 145}}, ""draftkings"": {""0.5"": {""over"": -196, ""under"": 147}}, ""fanduel"": {""0.5"": {""over"": -195}}}",0.5,over,fanduel,-195.0,0.6610169491525424,True,-0.037,1.5,,,,,False,
663886,Tyler Stephenson,CIN,CWS,0,4.0,1,680732,Sean Burke,R,824563,7:40 PM ET,Rate Field,1,1,0.30418943533697634,2026-08-11,824563,0.0,0,95.5,94.6,96.9,R,4,4,1,0,0,0,0,0,0,2,1,2,0,2,1,0,1,0.69,1.5095,1,0,1,0,1,1,0.29411764705882354,0.3898305084745763,0.6666666666666666,0.288135593220339,0.36666666666666664,0.35294117647058826,0.06779661016949153,0.1016949152542373,0.19607843137254902,2.2,1.1333333333333333,0.5,0.23529411764705882,0.4117647058823529,0.35294117647058826,0.029411764705882353,0.43430952380952387,0.8378690476190477,0.21052631578947367,0.2727272727272727,0.4205166666666667,0.9091999999999999,0.3018867924528302,0.6415094339622641,0.27586206896551724,0.2222222222222222,0.3111111111111111,0.21818181818181817,0.5546218487394958,0.1791044776119403,0.36363636363636365,0.15311004784688995,0.3484848484848485,0.3409090909090909,0.045454545454545456,8.067073170731707,1.1524390243902438,11.52439024390244,0.3017241379310345,0.6332226754663927,0.19465561551475577,0.6332226754663927,0.29411764705882354,"{""bet365"": {""0.5"": {""over"": -175, ""under"": 132}}, ""betmgm"": {""0.5"": {""over"": -165, ""under"": 125}}, ""draftkings"": {""0.5"": {""over"": -152, ""under"": 114}}, ""fanduel"": {""0.5"": {""over"": -170}}}",0.5,over,draftkings,-152.0,0.6031746031746031,True,0.03,1.5,,,,,False,
676475,Alec Burleson,STL,PHI,1,4.0,1,650911,Cristopher Sánchez,L,823019,7:45 PM ET,Busch Stadium,0,0,0.18685121107266436,2026-08-11,823019,0.0,1,102.1,95.0,81.5,L,5,4,2,1,0,0,1,0,0,1,3,3,0,2,0,1,2,0.5093333333333333,0.7280000000000001,1,1,1,1,1,0,0.3148148148148148,0.4126984126984127,0.7407407407407407,0.2222222222222222,0.3611111111111111,0.2777777777777778,0.06349206349206349,0.047619047619047616,0.12962962962962962,2.1333333333333333,0.9333333333333333,0.575,0.25,0.4,0.3,0.075,0.3636309523809524,0.7137976190476191,0.13333333333333333,0.2631578947368421,0.24556249999999996,0.5178958333333332,0.35185185185185186,0.6481481481481481,0.1774193548387097,0.29508196721311475,0.47540983606557374,0.13846153846153847,0.6692913385826772,0.24336283185840707,0.425531914893617,0.15319148936170213,0.5647058823529412,0.18235294117647058,0.023529411764705882,8.169230769230769,1.1076923076923078,9.692307692307692,0.2692307692307692,0.6883367653653819,0.25293790425914847,0.6883367653653819,0.3148148148148148,"{""novig"": {""0.5"": {""over"": -190, ""under"": 133}}, ""bet365"": {""0.5"": {""over"": -190, ""under"": 140}}, ""betmgm"": {""0.5"": {""over"": -210, ""under"": 155}}, ""draftkings"": {""0.5"": {""over"": -186, ""under"": 139}}, ""fanduel"": {""0.5"": {""over"": -185}}}",0.5,over,fanduel,-185.0,0.6491228070175439,True,0.0392,1.5,,,,,False,
691458,Blaze Jordan,STL,PHI,1,7.0,1,650911,Cristopher Sánchez,L,823019,7:45 PM ET,Busch Stadium,1,0,0.18685121107266436,2026-08-11,823019,0.0,1,102.1,95.0,81.5,R,2,2,1,0,0,0,0,0,0,0,1,2,0,0,0,2,0,0.10400000000000001,0.11249999999999999,1,0,1,0,0,0,0.2553191489361702,0.3,0.8723404255319149,0.12,0.2926829268292683,0.10638297872340426,0.0,0.06,0.0851063829787234,1.1333333333333333,0.4,0.5121951219512195,0.21951219512195122,0.4634146341463415,0.1951219512195122,0.0,0.35360714285714284,0.6170297619047619,0.35714285714285715,0.2,0.5319166666666667,1.0166666666666666,0.32075471698113206,0.4528301886792453,0.18867924528301888,0.20588235294117646,0.4117647058823529,0.05263157894736842,0.6692913385826772,0.24336283185840707,0.425531914893617,0.15319148936170213,0.5647058823529412,0.18235294117647058,0.023529411764705882,8.169230769230769,1.1076923076923078,9.692307692307692,0.2692307692307692,0.6416518541877941,0.2616380000810975,0.6416518541877941,0.2553191489361702,"{""novig"": {""0.5"": {""over"": -174, ""under"": 125}}, ""bet365"": {""0.5"": {""over"": -200, ""under"": 150}}, ""betmgm"": {""0.5"": {""over"": -175, ""under"": 130}}, ""draftkings"": {""0.5"": {""over"": -168, ""under"": 126}}, ""fanduel"": {""0.5"": {""over"": -210}}}",0.5,over,draftkings,-168.0,0.6268656716417911,True,0.0148,1.5,,,,,False,
677592,Everson Pereira,STL,PHI,1,8.0,1,650911,Cristopher Sánchez,L,823019,7:45 PM ET,Busch Stadium,1,0,0.18685121107266436,2026-08-11,823019,0.0,1,102.1,95.0,81.5,R,4,2,0,0,0,0,1,1,0,0,0,2,0,0,1,0,1,0.1525,0.223,0,0,0,0,0,0,0.175,0.21428571428571427,0.6,0.38095238095238093,0.2608695652173913,0.1,0.023809523809523808,0.023809523809523808,0.05,0.7333333333333333,1.0666666666666667,0.3333333333333333,0.08333333333333333,0.625,0.16666666666666666,0.0,0.23957638888888888,0.387,0.18181818181818182,0.6363636363636364,0.29300000000000004,0.8208333333333331,0.14285714285714285,0.2653061224489796,0.34615384615384615,0.2857142857142857,0.5952380952380952,0.3333333333333333,0.6692913385826772,0.24336283185840707,0.425531914893617,0.15319148936170213,0.5647058823529412,0.18235294117647058,0.023529411764705882,8.169230769230769,1.1076923076923078,9.692307692307692,0.2692307692307692,0.5413121786268982,0.1669874416674089,0.5413121786268982,0.175,"{""novig"": {""0.5"": {""over"": -102, ""under"": 102}}, ""bet365"": {""0.5"": {""over"": -110, ""under"": -120}}, ""betmgm"": {""0.5"": {""over"": -115, ""under"": -115}}, ""draftkings"": {""0.5"": {""over"": 106, ""under"": -141}}, ""fanduel"": {""0.5"": {""over"": -115}}}",0.5,over,draftkings,106.0,0.4854368932038835,True,0.0559,1.5,,,,,False,
671056,Iván Herrera,STL,PHI,1,2.0,1,650911,Cristopher Sánchez,L,823019,7:45 PM ET,Busch Stadium,1,0,0.18685121107266436,2026-08-11,823019,0.0,1,102.1,95.0,81.5,R,5,5,2,2,0,0,0,0,0,0,4,5,0,3,2,2,1,0.3708,0.5074,1,1,1,1,0,0,0.3125,0.3333333333333333,0.796875,0.19696969696969696,0.3673469387755102,0.203125,0.030303030303030304,0.10606060606060606,0.140625,2.2,0.8666666666666667,0.5490196078431373,0.35294117647058826,0.47058823529411764,0.09803921568627451,0.0,0.3716088888888889,0.5425955555555555,0.43478260869565216,0.2608695652173913,0.43999333333333335,0.6165866666666666,0.18032786885245902,0.2786885245901639,0.265625,0.3275862068965517,0.5172413793103449,0.15151515151515152,0.6692913385826772,0.24336283185840707,0.425531914893617,0.15319148936170213,0.5647058823529412,0.18235294117647058,0.023529411764705882,8.169230769230769,1.1076923076923078,9.692307692307692,0.2692307692307692,0.6940269397846054,0.3238571498268039,0.6940269397846054,0.3125,"{""novig"": {""0.5"": {""over"": -228, ""under"": 178}}, ""bet365"": {""0.5"": {""over"": -250, ""under"": 185}}, ""betmgm"": {""0.5"": {""over"": -235, ""under"": 175}}, ""draftkings"": {""0.5"": {""over"": -233, ""under"": 173}}, ""fanduel"": {""0.5"": {""over"": -230}}}",0.5,over,novig,-228.0,0.6951219512195121,True,-0.0011,1.5,,,,,False,
802139,JJ Wetherholt,STL,PHI,1,1.0,1,650911,Cristopher Sánchez,L,823019,7:45 PM ET,Busch Stadium,0,0,0.18685121107266436,2026-08-11,823019,0.0,1,102.1,95.0,81.5,L,5,4,0,0,0,0,1,0,0,2,0,2,0,1,2,0,0,0.07300000000000001,0.2595,0,0,0,0,1,1,0.17307692307692307,0.3582089552238806,0.8461538461538461,0.11940298507462686,0.18604651162790697,0.09615384615384616,0.014925373134328358,0.029850746268656716,0.057692307692307696,0.9333333333333333,0.5333333333333333,0.38636363636363635,0.1590909090909091,0.5909090909090909,0.22727272727272727,0.045454545454545456,0.3316,0.583861111111111,0.23529411764705882,0.043478260869565216,0.3581499999999999,0.7225833333333334,0.2222222222222222,0.3148148148148148,0.1323529411764706,0.18333333333333332,0.31666666666666665,0.15942028985507245,0.6692913385826772,0.24336283185840707,0.425531914893617,0.15319148936170213,0.5647058823529412,0.18235294117647058,0.023529411764705882,8.169230769230769,1.1076923076923078,9.692307692307692,0.2692307692307692,0.6689574461844664,0.23414353280356467,0.6689574461844664,0.17307692307692307,"{""novig"": {""0.5"": {""over"": -199, ""under"": 144}}, ""bet365"": {""0.5"": {""over"": -190, ""under"": 140}}, ""betmgm"": {""0.5"": {""over"": -220, ""under"": 165}}, ""draftkings"": {""0.5"": {""over"": -206, ""under"": 154}}, ""fanduel"": {""0.5"": {""over"": -220}}}",0.5,over,bet365,-190.0,0.6551724137931034,True,0.0138,1.5,,,,,False,
691023,Jordan Walker,STL,PHI,1,3.0,1,650911,Cristopher Sánchez,L,823019,7:45 PM ET,Busch Stadium,1,0,0.18685121107266436,2026-08-11,823019,0.0,1,102.1,95.0,81.5,R,4,4,1,0,0,0,0,0,0,3,1,1,0,1,0,1,0,0.483,0.494,1,0,1,0,1,1,0.265625,0.2878787878787879,0.78125,0.21212121212121213,0.32653061224489793,0.078125,0.015151515151515152,0.030303030303030304,0.046875,1.4666666666666666,0.9333333333333333,0.3,0.26,0.34,0.24,0.04,0.3211033333333333,0.5468433333333333,0.34782608695652173,0.08695652173913043,0.32350999999999985,0.6251300000000002,0.2903225806451613,0.3387096774193548,0.2222222222222222,0.2711864406779661,0.4576271186440678,0.2647058823529412,0.6692913385826772,0.24336283185840707,0.425531914893617,0.15319148936170213,0.5647058823529412,0.18235294117647058,0.023529411764705882,8.169230769230769,1.1076923076923078,9.692307692307692,0.2692307692307692,0.6623413064413995,0.30046188621658604,0.6623413064413995,0.265625,"{""novig"": {""1.5"": {""over"": 239}}, ""bet365"": {""0.5"": {""over"": -250, ""under"": 185}}, ""betmgm"": {""0.5"": {""over"": -250, ""under"": 180}}, ""draftkings"": {""0.5"": {""over"": -230, ""under"": 170}}, ""fanduel"": {""0.5"": {""over"": -240}}}",0.5,over,draftkings,-230.0,0.696969696969697,True,-0.0346,1.5,over,novig,239.0,0.2949852507374631,True,0.0055
665877,José Fermín,STL,PHI,1,5.0,1,650911,Cristopher Sánchez,L,823019,7:45 PM ET,Busch Stadium,1,0,0.18685121107266436,2026-08-11,823019,0.0,1,102.1,95.0,81.5,R,4,2,1,0,0,0,2,0,0,0,1,2,0,1,0,0,2,0.47150000000000003,0.6665,1,0,1,0,0,0,0.17777777777777778,0.2692307692307692,0.9111111111111111,0.07272727272727272,0.17073170731707318,0.1111111111111111,0.01818181818181818,0.03636363636363636,0.06666666666666667,0.8666666666666667,0.26666666666666666,0.3953488372093023,0.2558139534883721,0.3953488372093023,0.3023255813953488,0.023255813953488372,0.3180238095238095,0.46045833333333336,0.15384615384615385,0.058823529411764705,0.3762291666666665,0.44729166666666664,0.14285714285714285,0.16326530612244897,0.12727272727272726,0.25,0.425,0.08333333333333333,0.6692913385826772,0.24336283185840707,0.425531914893617,0.15319148936170213,0.5647058823529412,0.18235294117647058,0.023529411764705882,8.169230769230769,1.1076923076923078,9.692307692307692,0.2692307692307692,0.6528599049015441,0.23808958936356164,0.6528599049015441,0.17777777777777778,"{""novig"": {""0.5"": {""over"": -161, ""under"": 117}}, ""bet365"": {""0.5"": {""over"": -190, ""under"": 140}}, ""betmgm"": {""0.5"": {""over"": -175, ""under"": 130}}, ""draftkings"": {""0.5"": {""over"": -174, ""under"": 131}}, ""fanduel"": {""0.5"": {""over"": -165}}}",0.5,over,novig,-161.0,0.6168582375478927,True,0.036,1.5,,,,,False,
691026,Masyn Winn,STL,PHI,1,6.0,1,650911,Cristopher Sánchez,L,823019,7:45 PM ET,Busch Stadium,1,0,0.18685121107266436,2026-08-11,823019,0.0,1,102.1,95.0,81.5,R,4,4,1,1,0,0,0,0,0,2,2,2,0,0,0,1,0,0.233,0.2565,1,0,1,1,1,1,0.28846153846153844,0.36666666666666664,0.75,0.21666666666666667,0.375,0.07692307692307693,0.0,0.06666666666666667,0.07692307692307693,1.2666666666666666,0.8666666666666667,0.35,0.375,0.4,0.2,0.0,0.33676666666666666,0.4402388888888889,0.3125,0.05555555555555555,0.41066666666666674,0.5746333333333332,0.2,0.28,0.22807017543859648,0.27586206896551724,0.3103448275862069,0.22388059701492538,0.6692913385826772,0.24336283185840707,0.425531914893617,0.15319148936170213,0.5647058823529412,0.18235294117647058,0.023529411764705882,8.169230769230769,1.1076923076923078,9.692307692307692,0.2692307692307692,0.6190807456619885,0.25654512868553003,0.6190807456619885,0.28846153846153844,"{""novig"": {""0.5"": {""over"": -174, ""under"": 127}}, ""bet365"": {""0.5"": {""over"": -200, ""under"": 150}}, ""betmgm"": {""0.5"": {""over"": -190, ""under"": 140}}, ""draftkings"": {""0.5"": {""over"": -183, ""under"": 137}}, ""fanduel"": {""0.5"": {""over"": -190}}}",0.5,over,novig,-174.0,0.635036496350365,True,-0.016,1.5,,,,,False,
686780,Pedro Pagés,STL,PHI,1,9.0,1,650911,Cristopher Sánchez,L,823019,7:45 PM ET,Busch Stadium,1,0,0.18685121107266436,2026-08-11,823019,0.0,1,102.1,95.0,81.5,R,3,3,1,0,0,0,0,0,0,2,1,1,0,1,0,0,1,0.774,0.987,1,0,1,0,1,1,0.1,0.17647058823529413,0.6333333333333333,0.3235294117647059,0.15,0.0,0.0,0.0,0.0,0.2,0.7333333333333333,0.3,0.15,0.55,0.05,0.0,0.16008333333333333,0.18086666666666668,0.0,0.3333333333333333,0.018166666666666668,0.020500000000000223,0.2,0.28888888888888886,0.3,0.12121212121212122,0.18181818181818182,0.23684210526315788,0.6692913385826772,0.24336283185840707,0.425531914893617,0.15319148936170213,0.5647058823529412,0.18235294117647058,0.023529411764705882,8.169230769230769,1.1076923076923078,9.692307692307692,0.2692307692307692,0.3949960008158096,0.11917313089025972,0.3949960008158096,0.1,"{""novig"": {""0.5"": {""over"": -115, ""under"": -122}}, ""bet365"": {""0.5"": {""over"": -115, ""under"": -115}}, ""betmgm"": {""0.5"": {""over"": -105, ""under"": -125}}, ""draftkings"": {""0.5"": {""over"": -122, ""under"": -109}}, ""fanduel"": {""0.5"": {""over"": -145}}}",0.5,over,betmgm,-105.0,0.5121951219512195,True,-0.1172,1.5,,,,,False,
664761,Alec Bohm,PHI,STL,0,8.0,1,669467,Andre Pallante,R,823019,7:45 PM ET,Busch Stadium,1,1,0.16695059625212946,2026-08-11,823019,0.0,1,102.1,95.0,81.5,R,6,4,2,0,0,0,2,0,0,0,2,4,0,2,0,1,2,0.385,0.46375,1,1,1,1,0,0,0.21818181818181817,0.2786885245901639,0.8909090909090909,0.09836065573770492,0.24,0.03636363636363636,0.0,0.03278688524590164,0.03636363636363636,0.9333333333333333,0.4,0.36,0.2,0.52,0.28,0.0,0.30116111111111116,0.4394166666666667,0.1875,0.0,0.20094999999999996,0.3647833333333334,0.23214285714285715,0.32142857142857145,0.14754098360655737,0.25925925925925924,0.37037037037037035,0.11666666666666667,0.7714285714285715,0.2290748898678414,0.32751091703056767,0.09170305676855896,0.5873015873015873,0.14285714285714285,0.015873015873015872,8.427745664739884,0.6242774566473988,6.398843930635837,0.1759656652360515,0.5892640858255275,0.20192083961915253,0.5892640858255275,0.21818181818181817,"{""novig"": {""1.5"": {""over"": 251}}, ""bet365"": {""0.5"": {""over"": -210, ""under"": 155}}, ""betmgm"": {""0.5"": {""over"": -200, ""under"": 150}}, ""draftkings"": {""0.5"": {""over"": -231, ""under"": 171}}, ""fanduel"": {""0.5"": {""over"": -240}}}",0.5,over,betmgm,-200.0,0.6666666666666666,True,-0.0774,1.5,over,novig,251.0,0.2849002849002849,True,-0.083
669016,Brandon Marsh,PHI,STL,0,7.0,1,669467,Andre Pallante,R,823019,7:45 PM ET,Busch Stadium,0,1,0.16695059625212946,2026-08-11,823019,0.0,1,102.1,95.0,81.5,L,5,4,1,0,0,0,1,0,0,3,1,1,0,1,0,0,1,0.66,0.749,1,0,1,0,1,1,0.18181818181818182,0.2459016393442623,0.8363636363636363,0.14754098360655737,0.2127659574468085,0.03636363636363636,0.0,0.03278688524590164,0.03636363636363636,0.8,0.6,0.44680851063829785,0.2978723404255319,0.40425531914893614,0.2553191489361702,0.0,0.2865344444444445,0.3906177777777778,0.19047619047619047,0.12,0.33222,0.5538866666666669,0.16071428571428573,0.19642857142857142,0.16666666666666666,0.2,0.31666666666666665,0.328125,0.7714285714285715,0.2290748898678414,0.32751091703056767,0.09170305676855896,0.5873015873015873,0.14285714285714285,0.015873015873015872,8.427745664739884,0.6242774566473988,6.398843930635837,0.1759656652360515,0.6074045589751567,0.2186605923873903,0.6074045589751567,0.18181818181818182,"{""novig"": {""0.5"": {""over"": -203, ""under"": 144}}, ""bet365"": {""0.5"": {""over"": -220, ""under"": 160}}, ""betmgm"": {""0.5"": {""over"": -250, ""under"": 185}}, ""draftkings"": {""0.5"": {""over"": -201, ""under"": 150}}, ""fanduel"": {""0.5"": {""over"": -210}}}",0.5,over,draftkings,-201.0,0.6677740863787376,True,-0.0604,1.5,,,,,False,
547180,Bryce Harper,PHI,STL,0,3.0,1,669467,Andre Pallante,R,823019,7:45 PM ET,Busch Stadium,0,1,0.16695059625212946,2026-08-11,823019,0.0,1,102.1,95.0,81.5,L,5,3,0,0,0,0,2,0,0,1,0,2,0,0,0,1,0,0.079,0.0945,0,0,0,0,1,0,0.2692307692307692,0.4264705882352941,0.75,0.19117647058823528,0.2777777777777778,0.3269230769230769,0.058823529411764705,0.04411764705882353,0.15384615384615385,2.066666666666667,0.8666666666666667,0.4,0.275,0.425,0.225,0.025,0.43101190476190476,0.8302023809523809,0.29411764705882354,0.16,0.30704166666666666,0.53375,0.25,0.5576923076923077,0.23880597014925373,0.23214285714285715,0.3392857142857143,0.28125,0.7714285714285715,0.2290748898678414,0.32751091703056767,0.09170305676855896,0.5873015873015873,0.14285714285714285,0.015873015873015872,8.427745664739884,0.6242774566473988,6.398843930635837,0.1759656652360515,0.6395894694371117,0.21626398202262495,0.6395894694371117,0.2692307692307692,"{""novig"": {""1.5"": {""over"": 228, ""under"": -257}}, ""bet365"": {""0.5"": {""over"": -235, ""under"": 175}}, ""betmgm"": {""0.5"": {""over"": -235, ""under"": 175}}, ""draftkings"": {""0.5"": {""over"": -256, ""under"": 189}}, ""fanduel"": {""0.5"": {""over"": -260}}}",0.5,over,bet365,-235.0,0.7014925373134329,True,-0.0619,1.5,over,novig,228.0,0.3048780487804878,True,-0.0886
681082,Bryson Stott,PHI,STL,0,6.0,1,669467,Andre Pallante,R,823019,7:45 PM ET,Busch Stadium,0,1,0.16695059625212946,2026-08-11,823019,0.0,1,102.1,95.0,81.5,L,5,4,2,0,0,0,1,0,0,1,2,3,0,2,1,1,1,0.428,0.4836666666666667,1,1,1,1,1,0,0.3695652173913043,0.5245901639344263,0.8913043478260869,0.08064516129032258,0.4,0.2391304347826087,0.016129032258064516,0.0967741935483871,0.17391304347826086,1.8666666666666667,0.3333333333333333,0.5476190476190477,0.35714285714285715,0.4523809523809524,0.14285714285714285,0.0,0.3629055555555556,0.4757222222222222,0.4666666666666667,0.0,0.41996666666666665,0.5088999999999999,0.34782608695652173,0.5869565217391305,0.11475409836065574,0.3018867924528302,0.4528301886792453,0.25,0.7714285714285715,0.2290748898678414,0.32751091703056767,0.09170305676855896,0.5873015873015873,0.14285714285714285,0.015873015873015872,8.427745664739884,0.6242774566473988,6.398843930635837,0.1759656652360515,0.6459076726436247,0.24305243889289807,0.6459076726436247,0.3695652173913043,"{""novig"": {""0.5"": {""over"": -178, ""under"": 133}}, ""bet365"": {""0.5"": {""over"": -200, ""under"": 150}}, ""betmgm"": {""0.5"": {""over"": -210, ""under"": 155}}, ""draftkings"": {""0.5"": {""over"": -199, ""under"": 149}}, ""fanduel"": {""0.5"": {""over"": -210}}}",0.5,over,novig,-178.0,0.6402877697841727,True,0.0056,1.5,,,,,False,
592663,J.T. Realmuto,PHI,STL,0,5.0,1,669467,Andre Pallante,R,823019,7:45 PM ET,Busch Stadium,1,1,0.16695059625212946,2026-08-11,823019,0.0,1,102.1,95.0,81.5,R,6,6,1,0,0,0,0,0,0,1,1,5,0,0,1,3,1,0.21459999999999999,0.2338,1,0,1,0,1,0,0.2857142857142857,0.34545454545454546,0.7346938775510204,0.23214285714285715,0.3611111111111111,0.12244897959183673,0.017857142857142856,0.05357142857142857,0.08163265306122448,1.3333333333333333,0.8666666666666667,0.5135135135135135,0.2972972972972973,0.5135135135135135,0.1891891891891892,0.02702702702702703,0.45795,0.7115444444444444,0.2777777777777778,0.15789473684210525,0.3961500000000001,0.5731666666666666,0.2857142857142857,0.3877551020408163,0.21428571428571427,0.20408163265306123,0.2857142857142857,0.1509433962264151,0.7714285714285715,0.2290748898678414,0.32751091703056767,0.09170305676855896,0.5873015873015873,0.14285714285714285,0.015873015873015872,8.427745664739884,0.6242774566473988,6.398843930635837,0.1759656652360515,0.6402422343488343,0.2563287972449572,0.6402422343488343,0.2857142857142857,"{""novig"": {""0.5"": {""over"": -228, ""under"": 156}}, ""bet365"": {""0.5"": {""over"": -225, ""under"": 165}}, ""betmgm"": {""0.5"": {""over"": -235, ""under"": 175}}, ""draftkings"": {""0.5"": {""over"": -232, ""under"": 172}}, ""fanduel"": {""0.5"": {""over"": -220}}}",0.5,over,fanduel,-220.0,0.6875,True,-0.0473,1.5,,,,,False,
702222,Justin Crawford,PHI,STL,0,9.0,1,669467,Andre Pallante,R,823019,7:45 PM ET,Busch Stadium,0,1,0.16695059625212946,2026-08-11,823019,0.0,1,102.1,95.0,81.5,L,4,4,1,1,0,0,0,0,0,1,2,3,0,3,0,3,0,0.39333333333333337,0.4446666666666667,1,0,1,1,1,0,0.32558139534883723,0.3877551020408163,0.9069767441860465,0.08,0.35,0.09302325581395349,0.0,0.04,0.06976744186046512,1.2,0.26666666666666666,0.36585365853658536,0.1951219512195122,0.6097560975609756,0.1951219512195122,0.024390243902439025,0.3154888888888889,0.37881111111111115,0.3333333333333333,0.058823529411764705,0.25375000000000003,0.32860000000000006,0.32558139534883723,0.4186046511627907,0.08,0.21212121212121213,0.2727272727272727,0.3235294117647059,0.7714285714285715,0.2290748898678414,0.32751091703056767,0.09170305676855896,0.5873015873015873,0.14285714285714285,0.015873015873015872,8.427745664739884,0.6242774566473988,6.398843930635837,0.1759656652360515,0.4534615801113186,0.06310250187842457,0.4534615801113186,0.32558139534883723,"{""novig"": {""0.5"": {""over"": -174, ""under"": 150}}, ""bet365"": {""0.5"": {""over"": -175, ""under"": 132}}, ""betmgm"": {""0.5"": {""over"": -190, ""under"": 140}}, ""draftkings"": {""0.5"": {""over"": -177, ""under"": 132}}, ""fanduel"": {""0.5"": {""over"": -185}}}",0.5,over,novig,-174.0,0.635036496350365,True,-0.1816,1.5,,,,,False,
656941,Kyle Schwarber,PHI,STL,0,1.0,1,669467,Andre Pallante,R,823019,7:45 PM ET,Busch Stadium,0,1,0.16695059625212946,2026-08-11,823019,0.0,1,102.1,95.0,81.5,L,5,3,2,1,0,0,2,0,0,0,3,3,0,2,2,0,1,0.6396666666666667,1.7193333333333334,1,1,1,1,0,0,0.24,0.40298507462686567,0.58,0.3088235294117647,0.3448275862068966,0.18,0.029411764705882353,0.04411764705882353,0.1,1.4,1.4,0.45161290322580644,0.3870967741935484,0.3548387096774194,0.1935483870967742,0.03225806451612903,0.4042638888888888,0.6298541666666667,0.3333333333333333,0.32,0.39212499999999995,0.8217500000000003,0.19230769230769232,0.36538461538461536,0.34328358208955223,0.2857142857142857,0.4642857142857143,0.30303030303030304,0.7714285714285715,0.2290748898678414,0.32751091703056767,0.09170305676855896,0.5873015873015873,0.14285714285714285,0.015873015873015872,8.427745664739884,0.6242774566473988,6.398843930635837,0.1759656652360515,0.6303692839502006,0.2137323830405049,0.6303692839502006,0.24,"{""novig"": {""1.5"": {""over"": 277}}, ""bet365"": {""0.5"": {""over"": -190, ""under"": 140}}, ""betmgm"": {""0.5"": {""over"": -185, ""under"": 135}}, ""draftkings"": {""0.5"": {""over"": -205, ""under"": 153}}, ""fanduel"": {""0.5"": {""over"": -240}}}",0.5,over,betmgm,-185.0,0.6491228070175439,True,-0.0188,1.5,over,novig,277.0,0.26525198938992045,True,-0.0515
650333,Luis Arraez,PHI,STL,0,4.0,1,669467,Andre Pallante,R,823019,7:45 PM ET,Busch Stadium,0,1,0.16695059625212946,2026-08-11,823019,0.0,1,102.1,95.0,81.5,L,5,5,0,0,0,0,0,0,0,0,0,5,0,0,2,2,1,0.23760000000000003,0.281,0,0,0,0,0,0,0.3181818181818182,0.3333333333333333,0.9242424242424242,0.07142857142857142,0.32786885245901637,0.09090909090909091,0.014285714285714285,0.04285714285714286,0.06060606060606061,1.8,0.3333333333333333,0.12903225806451613,0.27419354838709675,0.24193548387096775,0.43548387096774194,0.016129032258064516,0.32745888888888885,0.4582477777777777,0.21739130434782608,0.07692307692307693,0.26236666666666675,0.39459333333333335,0.2857142857142857,0.3968253968253968,0.1044776119402985,0.4098360655737705,0.5901639344262295,0.07352941176470588,0.7714285714285715,0.2290748898678414,0.32751091703056767,0.09170305676855896,0.5873015873015873,0.14285714285714285,0.015873015873015872,8.427745664739884,0.6242774566473988,6.398843930635837,0.1759656652360515,0.5760204962344773,0.1963875119465397,0.5760204962344773,0.3181818181818182,"{""novig"": {""1.5"": {""over"": 182, ""under"": -199}}, ""bet365"": {""1.5"": {""over"": 180, ""under"": -240}}, ""betmgm"": {""1.5"": {""over"": 145, ""under"": -200}}, ""draftkings"": {""1.5"": {""over"": 180, ""under"": -244}}, ""fanduel"": {""0.5"": {""over"": -280}}}",0.5,over,fanduel,-280.0,0.7368421052631579,True,-0.1608,1.5,over,novig,182.0,0.3546099290780142,True,-0.1582
607208,Trea Turner,PHI,STL,0,2.0,1,669467,Andre Pallante,R,823019,7:45 PM ET,Busch Stadium,1,1,0.16695059625212946,2026-08-11,823019,0.0,1,102.1,95.0,81.5,R,6,6,0,0,0,0,0,0,0,3,0,3,0,0,1,0,0,0.08633333333333333,0.12766666666666668,0,0,0,0,1,1,0.296875,0.3235294117647059,0.84375,0.14705882352941177,0.3076923076923077,0.203125,0.04411764705882353,0.029411764705882353,0.09375,2.1333333333333333,0.6666666666666666,0.38181818181818183,0.2727272727272727,0.4909090909090909,0.18181818181818182,0.03636363636363636,0.36861222222222223,0.5041333333333333,0.3181818181818182,0.08333333333333333,0.33804,0.4323133333333334,0.328125,0.671875,0.17647058823529413,0.3050847457627119,0.4406779661016949,0.2,0.7714285714285715,0.2290748898678414,0.32751091703056767,0.09170305676855896,0.5873015873015873,0.14285714285714285,0.015873015873015872,8.427745664739884,0.6242774566473988,6.398843930635837,0.1759656652360515,0.6611079424739067,0.27707086738892595,0.6611079424739067,0.296875,"{""novig"": {""1.5"": {""over"": 182, ""under"": -213}}, ""bet365"": {""1.5"": {""over"": 182, ""under"": -245}}, ""betmgm"": {""1.5"": {""over"": 165, ""under"": -220}}, ""draftkings"": {""1.5"": {""over"": 176, ""under"": -237}}, ""fanduel"": {""0.5"": {""over"": -340}}}",0.5,over,fanduel,-340.0,0.7727272727272727,True,-0.1116,1.5,over,novig,182.0,0.3546099290780142,True,-0.0775
642350,Jose Siri,LAA,TEX,1,7.0,1,674003,Cody Bradford,L,823997,9:38 PM ET,Angel Stadium,1,0,0.26556776556776557,2026-08-11,823997,0.0,0,95.9,96.6,99.3,R,4,4,0,0,0,0,0,0,0,3,0,1,0,1,0,1,0,0.175,0.189,0,0,0,0,1,1,0.29411764705882354,0.3684210526315789,0.6176470588235294,0.34210526315789475,0.42105263157894735,0.29411764705882354,0.05263157894736842,0.10526315789473684,0.17647058823529413,1.3333333333333333,0.8666666666666667,0.5714285714285714,0.19047619047619047,0.42857142857142855,0.38095238095238093,0.047619047619047616,0.42468181818181816,0.8374848484848485,0.38461538461538464,0.42857142857142855,0.54725,1.4878750000000003,0.275,0.3,0.16666666666666666,0.27586206896551724,0.4482758620689655,0.4375,0.7212389380530974,0.2,0.41784037558685444,0.18779342723004694,0.36809815950920244,0.26380368098159507,0.024539877300613498,8.100000000000001,1.51875,8.26875,0.22685185185185186,0.5600680889097239,0.2009881087011706,0.5600680889097239,0.29411764705882354,"{""novig"": {""0.5"": {""over"": -100, ""under"": -108}}, ""bet365"": {""0.5"": {""over"": -130, ""under"": -105}}, ""betmgm"": {""0.5"": {""over"": -125, ""under"": -105}}, ""draftkings"": {""0.5"": {""over"": -123, ""under"": -108}}, ""fanduel"": {""0.5"": {""over"": -110}}}",0.5,over,novig,-100.0,0.5,True,0.0601,1.5,,,,,False,
545361,Mike Trout,LAA,TEX,1,2.0,1,674003,Cody Bradford,L,823997,9:38 PM ET,Angel Stadium,1,0,0.26556776556776557,2026-08-11,823997,0.0,0,95.9,96.6,99.3,R,5,2,1,0,0,1,3,0,0,0,4,2,1,2,1,0,1,0.6085,1.5535,1,0,1,1,0,0,0.24074074074074073,0.3333333333333333,0.6296296296296297,0.31746031746031744,0.35294117647058826,0.09259259259259259,0.015873015873015872,0.031746031746031744,0.05555555555555555,1.2,1.3333333333333333,0.4,0.2857142857142857,0.2857142857142857,0.37142857142857144,0.0,0.37731666666666663,0.5539611111111111,0.05555555555555555,0.42857142857142855,0.28759999999999997,0.6075,0.17857142857142858,0.2857142857142857,0.2878787878787879,0.32075471698113206,0.4528301886792453,0.24615384615384617,0.7212389380530974,0.2,0.41784037558685444,0.18779342723004694,0.36809815950920244,0.26380368098159507,0.024539877300613498,8.100000000000001,1.51875,8.26875,0.22685185185185186,0.652884796618803,0.25933849300506934,0.652884796618803,0.24074074074074073,"{""novig"": {""0.5"": {""over"": -182, ""under"": 150}}, ""bet365"": {""0.5"": {""over"": -200, ""under"": 150}}, ""betmgm"": {""0.5"": {""over"": -190, ""under"": 140}}, ""draftkings"": {""0.5"": {""over"": -184, ""under"": 138}}, ""fanduel"": {""0.5"": {""over"": -175}}}",0.5,over,fanduel,-175.0,0.6363636363636364,True,0.0165,1.5,,,,,False,
694208,Moisés Ballesteros,LAA,TEX,1,6.0,1,674003,Cody Bradford,L,823997,9:38 PM ET,Angel Stadium,0,0,0.26556776556776557,2026-08-11,823997,0.0,0,95.9,96.6,99.3,L,4,4,0,0,0,0,0,0,0,2,0,2,0,0,1,1,0,0.264,0.29600000000000004,0,0,0,0,1,1,0.18604651162790697,0.2391304347826087,0.7674418604651163,0.21739130434782608,0.24242424242424243,0.023255813953488372,0.0,0.021739130434782608,0.023255813953488372,0.6,0.6666666666666666,0.48484848484848486,0.2727272727272727,0.5757575757575758,0.12121212121212122,0.0,0.36141666666666666,0.5342797619047619,0.16666666666666666,0.15789473684210525,0.4056666666666667,0.7686166666666667,0.21428571428571427,0.23809523809523808,0.2222222222222222,0.1,0.1,0.18181818181818182,0.7212389380530974,0.2,0.41784037558685444,0.18779342723004694,0.36809815950920244,0.26380368098159507,0.024539877300613498,8.100000000000001,1.51875,8.26875,0.22685185185185186,0.6182158759028489,0.2014083991438128,0.6182158759028489,0.18604651162790697,"{""novig"": {""0.5"": {""over"": -178, ""under"": 127}}, ""bet365"": {""0.5"": {""over"": -160, ""under"": 120}}, ""betmgm"": {""0.5"": {""over"": -165, ""under"": 125}}, ""draftkings"": {""0.5"": {""over"": -181, ""under"": 136}}, ""fanduel"": {""0.5"": {""over"": -210}}}",0.5,over,bet365,-160.0,0.6153846153846154,True,0.0028,1.5,,,,,False,
694384,Nolan Schanuel,LAA,TEX,1,3.0,1,674003,Cody Bradford,L,823997,9:38 PM ET,Angel Stadium,0,0,0.26556776556776557,2026-08-11,823997,0.0,0,95.9,96.6,99.3,L,5,5,0,0,0,0,0,0,0,1,0,4,0,1,1,3,0,0.088,0.0975,0,0,0,0,1,0,0.24074074074074073,0.328125,0.9074074074074074,0.078125,0.24,0.12962962962962962,0.015625,0.0625,0.09259259259259259,1.3333333333333333,0.3333333333333333,0.35294117647058826,0.2549019607843137,0.35294117647058826,0.3333333333333333,0.0392156862745098,0.28765999999999997,0.44285777777777774,0.25,0.0,0.26870000000000005,0.4877666666666666,0.2962962962962963,0.4074074074074074,0.06153846153846154,0.22641509433962265,0.33962264150943394,0.13114754098360656,0.7212389380530974,0.2,0.41784037558685444,0.18779342723004694,0.36809815950920244,0.26380368098159507,0.024539877300613498,8.100000000000001,1.51875,8.26875,0.22685185185185186,0.6143973480211641,0.19137645940664613,0.6143973480211641,0.24074074074074073,"{""novig"": {""0.5"": {""over"": -245, ""under"": 156}}, ""bet365"": {""0.5"": {""over"": -240, ""under"": 180}}, ""betmgm"": {""0.5"": {""over"": -225, ""under"": 165}}, ""draftkings"": {""0.5"": {""over"": -242, ""under"": 179}}, ""fanduel"": {""0.5"": {""over"": -260}}}",0.5,over,betmgm,-225.0,0.6923076923076923,True,-0.0779,1.5,,,,,False,
672724,Oswald Peraza,LAA,TEX,1,5.0,1,674003,Cody Bradford,L,823997,9:38 PM ET,Angel Stadium,1,0,0.26556776556776557,2026-08-11,823997,0.0,0,95.9,96.6,99.3,R,3,3,1,0,0,0,0,0,0,0,1,3,0,1,1,2,0,0.23666666666666666,0.2806666666666667,1,0,1,0,0,0,0.13333333333333333,0.1836734693877551,0.5111111111111111,0.4489795918367347,0.25,0.0,0.0,0.0,0.0,0.4,1.4666666666666666,0.4583333333333333,0.041666666666666664,0.5833333333333334,0.3333333333333333,0.0,0.21406060606060606,0.2528636363636364,0.07692307692307693,0.42857142857142855,0.26866666666666666,0.33849999999999997,0.12,0.12,0.4230769230769231,0.22916666666666666,0.3541666666666667,0.32,0.7212389380530974,0.2,0.41784037558685444,0.18779342723004694,0.36809815950920244,0.26380368098159507,0.024539877300613498,8.100000000000001,1.51875,8.26875,0.22685185185185186,0.5612340773390749,0.22009098303565425,0.5612340773390749,0.13333333333333333,"{""novig"": {""0.5"": {""over"": -170, ""under"": 117}}, ""bet365"": {""0.5"": {""over"": -180, ""under"": 135}}, ""betmgm"": {""0.5"": {""over"": -160, ""under"": 120}}, ""draftkings"": {""0.5"": {""over"": -177, ""under"": 133}}, ""fanduel"": {""0.5"": {""over"": -175}}}",0.5,over,betmgm,-160.0,0.6153846153846154,True,-0.0542,1.5,,,,,False,
623168,Tyler Heineman,LAA,TEX,1,9.0,1,674003,Cody Bradford,L,823997,9:38 PM ET,Angel Stadium,0,0,0.26556776556776557,2026-08-11,823997,0.0,0,95.9,96.6,99.3,L,1,1,0,0,0,0,0,0,0,0,0,1,0,0,0,1,0,0.155,0.176,0,0,0,0,0,0,0.2413793103448276,0.2903225806451613,0.9655172413793104,0.029411764705882353,0.25,0.06896551724137931,0.0,0.0,0.034482758620689655,0.6,0.06666666666666667,0.06451612903225806,0.1935483870967742,0.5806451612903226,0.16129032258064516,0.0,0.24923809523809523,0.29510714285714285,0.2857142857142857,0.0,0.22399999999999998,0.2619999999999999,0.22727272727272727,0.29545454545454547,0.0784313725490196,0.1891891891891892,0.21621621621621623,0.19047619047619047,0.7212389380530974,0.2,0.41784037558685444,0.18779342723004694,0.36809815950920244,0.26380368098159507,0.024539877300613498,8.100000000000001,1.51875,8.26875,0.22685185185185186,0.49438690222418,0.1431373591837992,0.49438690222418,0.2413793103448276,"{""novig"": {""0.5"": {""over"": -117, ""under"": -115}}, ""draftkings"": {""0.5"": {""over"": -115, ""under"": -115}}, ""fanduel"": {""0.5"": {""over"": -135}}}",0.5,over,draftkings,-115.0,0.5348837209302325,True,-0.0405,1.5,,,,,False,
687093,Vaughn Grissom,LAA,TEX,1,4.0,1,674003,Cody Bradford,L,823997,9:38 PM ET,Angel Stadium,1,0,0.26556776556776557,2026-08-11,823997,0.0,0,95.9,96.6,99.3,R,4,4,2,0,0,0,0,0,0,2,2,2,0,1,1,1,0,0.5515,0.6074999999999999,1,1,1,1,1,1,0.2413793103448276,0.2903225806451613,0.7068965517241379,0.27419354838709675,0.3076923076923077,0.15517241379310345,0.03225806451612903,0.04838709677419355,0.08620689655172414,1.5333333333333334,1.1333333333333333,0.2926829268292683,0.14634146341463414,0.5365853658536586,0.24390243902439024,0.0,0.2634444444444444,0.36493888888888887,0.15,0.35,0.2206666666666667,0.27826666666666666,0.27586206896551724,0.4482758620689655,0.2459016393442623,0.2545454545454545,0.3090909090909091,0.12903225806451613,0.7212389380530974,0.2,0.41784037558685444,0.18779342723004694,0.36809815950920244,0.26380368098159507,0.024539877300613498,8.100000000000001,1.51875,8.26875,0.22685185185185186,0.6453918656955356,0.2548635951176917,0.6453918656955356,0.2413793103448276,"{""novig"": {""0.5"": {""over"": -199, ""under"": 141}}, ""bet365"": {""0.5"": {""over"": -250, ""under"": 185}}, ""betmgm"": {""0.5"": {""over"": -220, ""under"": 165}}, ""draftkings"": {""0.5"": {""over"": -196, ""under"": 146}}, ""fanduel"": {""0.5"": {""over"": -200}}}",0.5,over,draftkings,-196.0,0.6621621621621622,True,-0.0168,1.5,,,,,False,
685133,Wade Meckler,LAA,TEX,1,8.0,1,674003,Cody Bradford,L,823997,9:38 PM ET,Angel Stadium,0,0,0.26556776556776557,2026-08-11,823997,0.0,0,95.9,96.6,99.3,L,4,3,1,0,0,0,0,0,0,0,1,4,0,0,0,3,1,0.09999999999999999,0.136,1,0,1,0,0,0,0.3023255813953488,0.3617021276595745,0.7674418604651163,0.2127659574468085,0.375,0.11627906976744186,0.02127659574468085,0.0425531914893617,0.06976744186046512,1.2,0.6666666666666666,0.2727272727272727,0.21212121212121213,0.6363636363636364,0.15151515151515152,0.0,0.3258416666666667,0.39769404761904764,0.3157894736842105,0.2,0.37924,0.45045999999999997,0.3,0.425,0.20930232558139536,0.15384615384615385,0.23076923076923078,0.25,0.7212389380530974,0.2,0.41784037558685444,0.18779342723004694,0.36809815950920244,0.26380368098159507,0.024539877300613498,8.100000000000001,1.51875,8.26875,0.22685185185185186,0.5937169933702829,0.19858781100367717,0.5937169933702829,0.3023255813953488,"{""novig"": {""0.5"": {""over"": -170, ""under"": 111}}, ""bet365"": {""0.5"": {""over"": -175, ""under"": 132}}, ""betmgm"": {""0.5"": {""over"": -165, ""under"": 125}}, ""draftkings"": {""0.5"": {""over"": -178, ""under"": 133}}, ""fanduel"": {""0.5"": {""over"": -180}}}",0.5,over,betmgm,-165.0,0.6226415094339622,True,-0.0289,1.5,,,,,False,
687263,Zach Neto,LAA,TEX,1,1.0,1,674003,Cody Bradford,L,823997,9:38 PM ET,Angel Stadium,1,0,0.26556776556776557,2026-08-11,823997,0.0,0,95.9,96.6,99.3,R,5,5,0,0,0,0,0,0,0,1,0,4,0,1,2,1,0,0.0695,0.08325,0,0,0,0,1,0,0.14516129032258066,0.208955223880597,0.6129032258064516,0.3582089552238806,0.21621621621621623,0.0967741935483871,0.014925373134328358,0.014925373134328358,0.04838709677419355,1.0,1.6,0.4473684210526316,0.18421052631578946,0.3157894736842105,0.3684210526315789,0.05263157894736842,0.30351111111111106,0.5222555555555555,0.13636363636363635,0.4090909090909091,0.29614999999999997,0.4691499999999998,0.22950819672131148,0.32786885245901637,0.3283582089552239,0.25862068965517243,0.46551724137931033,0.36065573770491804,0.7212389380530974,0.2,0.41784037558685444,0.18779342723004694,0.36809815950920244,0.26380368098159507,0.024539877300613498,8.100000000000001,1.51875,8.26875,0.22685185185185186,0.6359954769267603,0.27446795121525447,0.6359954769267603,0.14516129032258066,"{""novig"": {""0.5"": {""over"": -217}}, ""bet365"": {""0.5"": {""over"": -225, ""under"": 165}}, ""betmgm"": {""0.5"": {""over"": -220, ""under"": 160}}, ""draftkings"": {""0.5"": {""over"": -210, ""under"": 156}}, ""fanduel"": {""0.5"": {""over"": -220}}}",0.5,over,draftkings,-210.0,0.6774193548387096,True,-0.0414,1.5,,,,,False,
642851,Austin Wynns,TEX,LAA,0,8.0,1,696270,Ryan Johnson,R,823997,9:38 PM ET,Angel Stadium,1,1,0.260707635009311,2026-08-11,823997,0.0,0,95.9,96.6,99.3,R,1,1,0,0,0,0,0,0,0,0,0,1,0,0,0,0,0,0.003,0.004,0,0,0,0,0,0,0.13636363636363635,0.17391304347826086,0.6363636363636364,0.34782608695652173,0.18518518518518517,0.06818181818181818,0.021739130434782608,0.0,0.022727272727272728,0.6,1.0666666666666667,0.32142857142857145,0.2857142857142857,0.42857142857142855,0.21428571428571427,0.0,0.24495238095238095,0.3155952380952381,0.2727272727272727,0.36363636363636365,0.263625,0.29774999999999996,0.15555555555555556,0.2222222222222222,0.25,0.13636363636363635,0.18181818181818182,0.2553191489361702,0.7204301075268817,0.21935483870967742,0.5,0.2289156626506024,0.373134328358209,0.3283582089552239,0.04477611940298507,11.399999999999999,3.0,8.1,0.19285714285714287,0.5268185381709104,0.14571733067580336,0.5268185381709104,0.13636363636363635,"{""novig"": {""0.5"": {""over"": -141}}}",0.5,over,novig,-141.0,0.5850622406639004,True,-0.0582,1.5,,,,,False,
607043,Brandon Nimmo,TEX,LAA,0,4.0,1,696270,Ryan Johnson,R,823997,9:38 PM ET,Angel Stadium,0,1,0.260707635009311,2026-08-11,823997,0.0,0,95.9,96.6,99.3,L,5,4,2,0,0,0,1,0,0,1,2,3,0,3,0,2,1,0.5363333333333333,0.6153333333333334,1,1,1,1,1,0,0.2962962962962963,0.36666666666666664,0.7592592592592593,0.21666666666666667,0.34210526315789475,0.24074074074074073,0.05,0.06666666666666667,0.12962962962962962,1.9333333333333333,0.8666666666666667,0.4878048780487805,0.34146341463414637,0.34146341463414637,0.24390243902439024,0.024390243902439025,0.39404444444444436,0.626788888888889,0.42105263157894735,0.2,0.4333666666666667,0.7625000000000002,0.26785714285714285,0.4107142857142857,0.26229508196721313,0.29411764705882354,0.5098039215686274,0.19298245614035087,0.7204301075268817,0.21935483870967742,0.5,0.2289156626506024,0.373134328358209,0.3283582089552239,0.04477611940298507,11.399999999999999,3.0,8.1,0.19285714285714287,0.5970356277816161,0.2080614828302254,0.5970356277816161,0.2962962962962963,"{""novig"": {""1.5"": {""over"": 190, ""under"": -251}}, ""betmgm"": {""0.5"": {""over"": -235, ""under"": 175}}, ""bet365"": {""1.5"": {""over"": 170, ""under"": -230}}, ""draftkings"": {""1.5"": {""over"": 177, ""under"": -239}}, ""fanduel"": {""0.5"": {""over"": -310}}}",0.5,over,betmgm,-235.0,0.7014925373134329,True,-0.1045,1.5,over,novig,190.0,0.3448275862068966,True,-0.1368
608369,Corey Seager,TEX,LAA,0,3.0,1,696270,Ryan Johnson,R,823997,9:38 PM ET,Angel Stadium,0,1,0.260707635009311,2026-08-11,823997,0.0,0,95.9,96.6,99.3,L,5,5,1,0,0,0,0,0,0,0,1,5,0,3,1,3,1,0.3318,0.46959999999999996,1,0,1,0,0,0,0.23636363636363636,0.34375,0.7272727272727273,0.234375,0.2702702702702703,0.18181818181818182,0.046875,0.015625,0.07272727272727272,1.5333333333333334,1.0,0.45,0.175,0.45,0.325,0.025,0.30873333333333336,0.5697277777777778,0.2777777777777778,0.1,0.29345000000000004,0.5168000000000003,0.2222222222222222,0.35185185185185186,0.25,0.17307692307692307,0.34615384615384615,0.18333333333333332,0.7204301075268817,0.21935483870967742,0.5,0.2289156626506024,0.373134328358209,0.3283582089552239,0.04477611940298507,11.399999999999999,3.0,8.1,0.19285714285714287,0.5884253165279846,0.20714373830371735,0.5884253165279846,0.23636363636363636,"{""novig"": {""0.5"": {""over"": -257, ""under"": 174}}, ""betmgm"": {""0.5"": {""over"": -250, ""under"": 185}}, ""bet365"": {""1.5"": {""over"": 200, ""under"": -275}}, ""draftkings"": {""0.5"": {""over"": -256, ""under"": 189}}, ""fanduel"": {""0.5"": {""over"": -250}}}",0.5,over,fanduel,-250.0,0.7142857142857143,True,-0.1259,1.5,over,bet365,200.0,0.3333333333333333,True,-0.1262
694497,Evan Carter,TEX,LAA,0,6.0,1,696270,Ryan Johnson,R,823997,9:38 PM ET,Angel Stadium,0,1,0.260707635009311,2026-08-11,823997,0.0,0,95.9,96.6,99.3,L,2,2,0,0,0,0,0,0,0,1,0,1,0,0,1,0,0,0.04,0.069,0,0,0,0,1,0,0.225,0.3404255319148936,0.7,0.24489795918367346,0.32142857142857145,0.05,0.0,0.04081632653061224,0.05,0.7333333333333333,0.8,0.3,0.23333333333333334,0.5,0.13333333333333333,0.03333333333333333,0.2757142857142857,0.3769404761904762,0.0,0.3333333333333333,0.07655000000000003,0.09624999999999981,0.225,0.275,0.24489795918367346,0.125,0.125,0.37735849056603776,0.7204301075268817,0.21935483870967742,0.5,0.2289156626506024,0.373134328358209,0.3283582089552239,0.04477611940298507,11.399999999999999,3.0,8.1,0.19285714285714287,0.5260583539588946,0.13562597068530383,0.5260583539588946,0.225,"{""novig"": {""0.5"": {""over"": -160, ""under"": 117}}, ""bet365"": {""0.5"": {""over"": -155, ""under"": 115}}, ""betmgm"": {""0.5"": {""over"": -175, ""under"": 130}}, ""draftkings"": {""0.5"": {""over"": -171, ""under"": 128}}, ""fanduel"": {""0.5"": {""over"": -170}}}",0.5,over,bet365,-155.0,0.6078431372549019,True,-0.0818,1.5,,,,,False,
677649,Ezequiel Duran,TEX,LAA,0,5.0,1,696270,Ryan Johnson,R,823997,9:38 PM ET,Angel Stadium,1,1,0.260707635009311,2026-08-11,823997,0.0,0,95.9,96.6,99.3,R,5,5,1,0,0,0,0,0,0,1,1,4,0,2,2,0,1,0.16499999999999998,0.39825,1,0,1,0,1,0,0.3018867924528302,0.36065573770491804,0.7735849056603774,0.19672131147540983,0.325,0.2641509433962264,0.04918032786885246,0.04918032786885246,0.1320754716981132,2.0,0.8,0.3023255813953488,0.16279069767441862,0.4883720930232558,0.3023255813953488,0.046511627906976744,0.2758154761904762,0.48294642857142855,0.23529411764705882,0.25,0.2548749999999999,0.33000000000000007,0.33962264150943394,0.6226415094339622,0.20689655172413793,0.26229508196721313,0.36065573770491804,0.3230769230769231,0.7204301075268817,0.21935483870967742,0.5,0.2289156626506024,0.373134328358209,0.3283582089552239,0.04477611940298507,11.399999999999999,3.0,8.1,0.19285714285714287,0.597861148395678,0.22618280065914828,0.597861148395678,0.3018867924528302,"{""novig"": {""1.5"": {""over"": 239}}, ""bet365"": {""0.5"": {""over"": -275, ""under"": 200}}, ""betmgm"": {""0.5"": {""over"": -225, ""under"": 165}}, ""draftkings"": {""0.5"": {""over"": -253, ""under"": 186}}, ""fanduel"": {""0.5"": {""over"": -240}}}",0.5,over,betmgm,-225.0,0.6923076923076923,True,-0.0944,1.5,over,novig,239.0,0.2949852507374631,True,-0.0688
669394,Jake Burger,TEX,LAA,0,7.0,1,696270,Ryan Johnson,R,823997,9:38 PM ET,Angel Stadium,1,1,0.260707635009311,2026-08-11,823997,0.0,0,95.9,96.6,99.3,R,5,5,1,0,0,0,0,0,0,1,1,4,0,0,0,2,1,0.3025,0.35125,1,0,1,0,1,0,0.24489795918367346,0.3018867924528302,0.673469387755102,0.3018867924528302,0.3225806451612903,0.16326530612244897,0.03773584905660377,0.03773584905660377,0.08163265306122448,1.3333333333333333,1.0666666666666667,0.5151515151515151,0.21212121212121213,0.3333333333333333,0.36363636363636365,0.030303030303030304,0.3147797619047619,0.6000595238095238,0.3333333333333333,0.2,0.40449999999999997,0.5421000000000002,0.2641509433962264,0.4716981132075472,0.3090909090909091,0.16981132075471697,0.3584905660377358,0.3275862068965517,0.7204301075268817,0.21935483870967742,0.5,0.2289156626506024,0.373134328358209,0.3283582089552239,0.04477611940298507,11.399999999999999,3.0,8.1,0.19285714285714287,0.5627801973867659,0.18723588860605553,0.5627801973867659,0.24489795918367346,"{""novig"": {""0.5"": {""over"": -199, ""under"": 133}}, ""bet365"": {""0.5"": {""over"": -220, ""under"": 160}}, ""betmgm"": {""0.5"": {""over"": -185, ""under"": 135}}, ""draftkings"": {""0.5"": {""over"": -198, ""under"": 148}}, ""fanduel"": {""0.5"": {""over"": -220}}}",0.5,over,betmgm,-185.0,0.6491228070175439,True,-0.0863,1.5,,,,,False,
592626,Joc Pederson,TEX,LAA,0,1.0,1,696270,Ryan Johnson,R,823997,9:38 PM ET,Angel Stadium,0,1,0.260707635009311,2026-08-11,823997,0.0,0,95.9,96.6,99.3,L,1,1,0,0,0,0,0,0,0,0,0,1,0,1,1,0,0,0.194,0.741,0,0,0,0,0,0,0.2765957446808511,0.32,0.7446808510638298,0.24,0.2903225806451613,0.2978723404255319,0.08,0.04,0.1276595744680851,1.8,0.8,0.5142857142857142,0.14285714285714285,0.45714285714285713,0.4,0.02857142857142857,0.3497321428571429,0.6642178571428571,0.1875,0.29411764705882354,0.3578666666666666,0.6170000000000001,0.2765957446808511,0.574468085106383,0.24,0.1388888888888889,0.2222222222222222,0.30434782608695654,0.7204301075268817,0.21935483870967742,0.5,0.2289156626506024,0.373134328358209,0.3283582089552239,0.04477611940298507,11.399999999999999,3.0,8.1,0.19285714285714287,0.6610768039190302,0.2766203633682085,0.6610768039190302,0.2765957446808511,"{""novig"": {""0.5"": {""over"": -170, ""under"": 153}}, ""bet365"": {""0.5"": {""over"": -220, ""under"": 160}}, ""betmgm"": {""0.5"": {""over"": -210, ""under"": 155}}, ""draftkings"": {""0.5"": {""over"": -211, ""under"": 157}}, ""fanduel"": {""0.5"": {""over"": -200}}}",0.5,over,novig,-170.0,0.6296296296296297,True,0.0314,1.5,,,,,False,
670032,Nicky Lopez,TEX,LAA,0,9.0,1,696270,Ryan Johnson,R,823997,9:38 PM ET,Angel Stadium,0,1,0.260707635009311,2026-08-11,823997,0.0,0,95.9,96.6,99.3,L,1,1,0,0,0,0,0,0,0,0,0,1,0,0,1,0,0,0.009,0.013,0,0,0,0,0,0,0.16279069767441862,0.24489795918367346,0.7441860465116279,0.22,0.21212121212121213,0.046511627906976744,0.0,0.0,0.023255813953488372,0.6,0.7333333333333333,0.17647058823529413,0.20588235294117646,0.6470588235294118,0.11764705882352941,0.0,0.2626607142857143,0.32839880952380957,0.2857142857142857,0.13333333333333333,0.29660000000000003,0.39615,0.1590909090909091,0.1590909090909091,0.23529411764705882,0.3125,0.3333333333333333,0.1111111111111111,0.7204301075268817,0.21935483870967742,0.5,0.2289156626506024,0.373134328358209,0.3283582089552239,0.04477611940298507,11.399999999999999,3.0,8.1,0.19285714285714287,0.4584857555109331,0.10276348125512441,0.4584857555109331,0.16279069767441862,"{""novig"": {""0.5"": {""over"": -150, ""under"": 102}}, ""bet365"": {""0.5"": {""over"": -160, ""under"": 120}}, ""betmgm"": {""0.5"": {""over"": -155, ""under"": 115}}, ""draftkings"": {""0.5"": {""over"": -145, ""under"": 110}}, ""fanduel"": {""0.5"": {""over"": -170}}}",0.5,over,draftkings,-145.0,0.5918367346938775,True,-0.1334,1.5,,,,,False,
694671,Wyatt Langford,TEX,LAA,0,2.0,1,696270,Ryan Johnson,R,823997,9:38 PM ET,Angel Stadium,1,1,0.260707635009311,2026-08-11,823997,0.0,0,95.9,96.6,99.3,R,5,2,0,0,0,0,3,0,0,2,0,0,0,0,0,0,0,0.162,0.16833333333333333,0,0,0,0,1,1,0.18181818181818182,0.2857142857142857,0.6909090909090909,0.2698412698412698,0.24324324324324326,0.14545454545454545,0.015873015873015872,0.07936507936507936,0.10909090909090909,1.2,1.1333333333333333,0.39473684210526316,0.2894736842105263,0.2631578947368421,0.23684210526315788,0.0,0.23311666666666667,0.31928333333333325,0.13333333333333333,0.1,0.22235000000000005,0.2768166666666668,0.17857142857142858,0.35714285714285715,0.2903225806451613,0.22580645161290322,0.41935483870967744,0.2537313432835821,0.7204301075268817,0.21935483870967742,0.5,0.2289156626506024,0.373134328358209,0.3283582089552239,0.04477611940298507,11.399999999999999,3.0,8.1,0.19285714285714287,0.5844915267415542,0.20276453929884264,0.5844915267415542,0.18181818181818182,"{""novig"": {""0.5"": {""over"": -264, ""under"": 178}}, ""bet365"": {""0.5"": {""over"": -270, ""under"": 195}}, ""betmgm"": {""0.5"": {""over"": -250, ""under"": 180}}, ""draftkings"": {""0.5"": {""over"": -266, ""under"": 195}}, ""fanduel"": {""0.5"": {""over"": -270}}}",0.5,over,betmgm,-250.0,0.7142857142857143,True,-0.1298,1.5,,,,,False,
682998,Corbin Carroll,AZ,COL,1,2.0,1,608372,Tomoyuki Sugano,R,825046,9:40 PM ET,Chase Field,0,1,0.17905405405405406,2026-08-11,825046,,0,105.5,106.3,89.5,L,4,3,1,1,0,0,0,1,0,0,2,3,0,2,0,0,3,0.47733333333333333,0.564,1,0,1,1,0,0,0.18333333333333332,0.2898550724637681,0.75,0.21739130434782608,0.22727272727272727,0.13333333333333333,0.014492753623188406,0.043478260869565216,0.08333333333333333,1.2666666666666666,1.0,0.5555555555555556,0.26666666666666666,0.3333333333333333,0.3333333333333333,0.044444444444444446,0.2727440476190476,0.426672619047619,0.21052631578947367,0.19047619047619047,0.26393333333333335,0.33993333333333364,0.19672131147540983,0.3114754098360656,0.19718309859154928,0.3442622950819672,0.6721311475409836,0.16176470588235295,0.811965811965812,0.23076923076923078,0.5272727272727272,0.2545454545454545,0.33157894736842103,0.32105263157894737,0.042105263157894736,9.50943396226415,1.5283018867924527,4.584905660377358,0.11946902654867257,0.6187603599767771,0.24015278315462527,0.6187603599767771,0.18333333333333332,"{""novig"": {""1.5"": {""over"": 194, ""under"": -270}}, ""bet365"": {""1.5"": {""over"": 170, ""under"": -230}}, ""betmgm"": {""1.5"": {""over"": 180, ""under"": -250}}, ""draftkings"": {""1.5"": {""over"": 175, ""under"": -236}}, ""fanduel"": {""0.5"": {""over"": -300}}}",0.5,over,fanduel,-300.0,0.75,True,-0.1312,1.5,over,novig,194.0,0.3401360544217687,True,-0.1
672515,Gabriel Moreno,AZ,COL,1,3.0,1,608372,Tomoyuki Sugano,R,825046,9:40 PM ET,Chase Field,1,1,0.17905405405405406,2026-08-11,825046,,0,105.5,106.3,89.5,R,5,4,2,1,1,0,1,0,0,0,5,4,0,2,0,2,1,0.35675,0.41200000000000003,1,1,1,1,0,0,0.3,0.34285714285714286,0.85,0.12857142857142856,0.3148148148148148,0.15,0.014285714285714285,0.08571428571428572,0.11666666666666667,1.8,0.6,0.45454545454545453,0.2727272727272727,0.41818181818181815,0.2727272727272727,0.0,0.35418809523809525,0.5459190476190476,0.3684210526315789,0.13636363636363635,0.38250000000000006,0.5054375,0.3157894736842105,0.47368421052631576,0.11428571428571428,0.21153846153846154,0.4230769230769231,0.16393442622950818,0.811965811965812,0.23076923076923078,0.5272727272727272,0.2545454545454545,0.33157894736842103,0.32105263157894737,0.042105263157894736,9.50943396226415,1.5283018867924527,4.584905660377358,0.11946902654867257,0.6830317045930183,0.2788209363890953,0.6830317045930183,0.3,"{""novig"": {""1.5"": {""over"": 170, ""under"": -245}}, ""bet365"": {""1.5"": {""over"": 150, ""under"": -200}}, ""betmgm"": {""1.5"": {""over"": 165, ""under"": -225}}, ""draftkings"": {""1.5"": {""over"": 160, ""under"": -215}}, ""fanduel"": {""0.5"": {""over"": -310}}}",0.5,over,fanduel,-310.0,0.7560975609756098,True,-0.0731,1.5,over,novig,170.0,0.37037037037037035,True,-0.0915
545121,Ildemaro Vargas,AZ,COL,1,8.0,1,608372,Tomoyuki Sugano,R,825046,9:40 PM ET,Chase Field,0,1,0.17905405405405406,2026-08-11,825046,,0,105.5,106.3,89.5,L,2,2,0,0,0,0,0,0,0,0,0,2,0,0,1,1,0,0.078,0.12150000000000001,0,0,0,0,0,0,0.3076923076923077,0.35714285714285715,0.7692307692307693,0.21428571428571427,0.4,0.19230769230769232,0.0,0.10714285714285714,0.15384615384615385,0.8666666666666667,0.4,0.45,0.35,0.45,0.2,0.05,0.4252179487179487,0.546397435897436,0.2857142857142857,0.25,0.33166666666666683,0.46050000000000013,0.3191489361702128,0.46808510638297873,0.14,0.2619047619047619,0.3333333333333333,0.0851063829787234,0.811965811965812,0.23076923076923078,0.5272727272727272,0.2545454545454545,0.33157894736842103,0.32105263157894737,0.042105263157894736,9.50943396226415,1.5283018867924527,4.584905660377358,0.11946902654867257,0.5920194048698146,0.22715236934043806,0.5920194048698146,0.3076923076923077,"{""novig"": {""0.5"": {""over"": -223, ""under"": 153}}, ""bet365"": {""0.5"": {""over"": -210, ""under"": 155}}, ""betmgm"": {""0.5"": {""over"": -210, ""under"": 155}}, ""draftkings"": {""0.5"": {""over"": -223, ""under"": 166}}, ""fanduel"": {""0.5"": {""over"": -230}}}",0.5,over,bet365,-210.0,0.6774193548387096,True,-0.0854,1.5,,,,,False,
543510,James McCann,AZ,COL,1,6.0,1,608372,Tomoyuki Sugano,R,825046,9:40 PM ET,Chase Field,1,1,0.17905405405405406,2026-08-11,825046,,0,105.5,106.3,89.5,R,5,3,1,0,0,0,2,0,0,1,1,2,0,1,0,1,1,0.36100000000000004,0.573,1,0,1,0,1,0,0.40384615384615385,0.42592592592592593,0.8076923076923077,0.18181818181818182,0.4473684210526316,0.2692307692307692,0.07272727272727272,0.03636363636363636,0.11538461538461539,2.3333333333333335,0.6666666666666666,0.4186046511627907,0.23255813953488372,0.5348837209302325,0.23255813953488372,0.046511627906976744,0.3221733333333333,0.5483955555555554,0.45454545454545453,0.21739130434782608,0.38351999999999997,0.6219866666666667,0.34545454545454546,0.6,0.26785714285714285,0.2608695652173913,0.32608695652173914,0.1875,0.811965811965812,0.23076923076923078,0.5272727272727272,0.2545454545454545,0.33157894736842103,0.32105263157894737,0.042105263157894736,9.50943396226415,1.5283018867924527,4.584905660377358,0.11946902654867257,0.6827431193638688,0.25132541096915334,0.6827431193638688,0.40384615384615385,"{""novig"": {""0.5"": {""over"": -233, ""under"": 156}}, ""bet365"": {""0.5"": {""over"": -280, ""under"": 202}}, ""betmgm"": {""0.5"": {""over"": -210, ""under"": 155}}, ""draftkings"": {""0.5"": {""over"": -234, ""under"": 173}}, ""fanduel"": {""0.5"": {""over"": -270}}}",0.5,over,betmgm,-210.0,0.6774193548387096,True,0.0053,1.5,,,,,False,
606466,Ketel Marte,AZ,COL,1,4.0,1,608372,Tomoyuki Sugano,R,825046,9:40 PM ET,Chase Field,0,1,0.17905405405405406,2026-08-11,825046,,0,105.5,106.3,89.5,L,5,4,2,1,0,0,0,1,0,0,3,4,0,1,2,0,2,0.4245,0.999,1,1,1,1,0,0,0.1388888888888889,0.29545454545454547,0.7222222222222222,0.22727272727272727,0.16,0.1111111111111111,0.022727272727272728,0.022727272727272728,0.05555555555555555,0.6,0.6666666666666666,0.3076923076923077,0.19230769230769232,0.34615384615384615,0.23076923076923078,0.0,0.23532692307692307,0.3595512820512821,0.1,0.23076923076923078,0.1539166666666665,0.3848333333333334,0.17543859649122806,0.24561403508771928,0.19117647058823528,0.2857142857142857,0.5396825396825397,0.14285714285714285,0.811965811965812,0.23076923076923078,0.5272727272727272,0.2545454545454545,0.33157894736842103,0.32105263157894737,0.042105263157894736,9.50943396226415,1.5283018867924527,4.584905660377358,0.11946902654867257,0.6002156579347847,0.1864461059605695,0.6002156579347847,0.1388888888888889,"{""novig"": {""1.5"": {""over"": 208, ""under"": -257}}, ""betmgm"": {""0.5"": {""over"": -275, ""under"": 200}}, ""bet365"": {""1.5"": {""over"": 200, ""under"": -275}}, ""draftkings"": {""1.5"": {""over"": 196, ""under"": -266}}, ""fanduel"": {""0.5"": {""over"": -300}}}",0.5,over,betmgm,-275.0,0.7333333333333333,True,-0.1331,1.5,over,novig,208.0,0.3246753246753247,True,-0.1382
663457,Lars Nootbaar,AZ,COL,1,1.0,1,608372,Tomoyuki Sugano,R,825046,9:40 PM ET,Chase Field,0,1,0.17905405405405406,2026-08-11,825046,,0,105.5,106.3,89.5,L,4,3,0,0,0,0,1,0,0,1,0,2,0,1,1,1,0,0.253,0.347,0,0,0,0,1,0,0.16326530612244897,0.2807017543859649,0.7959183673469388,0.17543859649122806,0.20512820512820512,0.061224489795918366,0.0,0.05263157894736842,0.061224489795918366,0.7333333333333333,0.6666666666666666,0.46153846153846156,0.1794871794871795,0.5384615384615384,0.23076923076923078,0.0,0.20947222222222223,0.3268333333333333,0.17647058823529413,0.09523809523809523,0.21814999999999998,0.3189166666666666,0.18,0.22,0.13793103448275862,0.17307692307692307,0.2692307692307692,0.18333333333333332,0.811965811965812,0.23076923076923078,0.5272727272727272,0.2545454545454545,0.33157894736842103,0.32105263157894737,0.042105263157894736,9.50943396226415,1.5283018867924527,4.584905660377358,0.11946902654867257,0.6266799725582238,0.24120733674955672,0.6266799725582238,0.16326530612244897,"{""novig"": {""1.5"": {""over"": 212, ""under"": -300}}, ""betmgm"": {""0.5"": {""over"": -275, ""under"": 195}}, ""bet365"": {""1.5"": {""over"": 200, ""under"": -275}}, ""draftkings"": {""0.5"": {""over"": -252, ""under"": 186}}, ""fanduel"": {""0.5"": {""over"": -290}}}",0.5,over,draftkings,-252.0,0.7159090909090909,True,-0.0892,1.5,over,novig,212.0,0.32051282051282054,True,-0.0793
571448,Nolan Arenado,AZ,COL,1,5.0,1,608372,Tomoyuki Sugano,R,825046,9:40 PM ET,Chase Field,1,1,0.17905405405405406,2026-08-11,825046,,0,105.5,106.3,89.5,R,4,4,2,0,0,1,0,0,0,0,5,4,0,1,3,0,0,0.4365,0.84575,1,1,1,1,0,0,0.17307692307692307,0.2833333333333333,0.8076923076923077,0.16666666666666666,0.15384615384615385,0.19230769230769232,0.05,0.016666666666666666,0.07692307692307693,1.2666666666666666,0.6666666666666666,0.2857142857142857,0.047619047619047616,0.4523809523809524,0.21428571428571427,0.023809523809523808,0.211875,0.3315595238095238,0.15789473684210525,0.15,0.15024999999999988,0.31824999999999987,0.2,0.38181818181818183,0.19672131147540983,0.19148936170212766,0.3829787234042553,0.1896551724137931,0.811965811965812,0.23076923076923078,0.5272727272727272,0.2545454545454545,0.33157894736842103,0.32105263157894737,0.042105263157894736,9.50943396226415,1.5283018867924527,4.584905660377358,0.11946902654867257,0.6245996577819998,0.18072617964953933,0.6245996577819998,0.17307692307692307,"{""novig"": {""0.5"": {""over"": -239, ""under"": 160}}, ""bet365"": {""0.5"": {""over"": -225, ""under"": 165}}, ""betmgm"": {""0.5"": {""over"": -220, ""under"": 160}}, ""draftkings"": {""0.5"": {""over"": -253, ""under"": 186}}, ""fanduel"": {""0.5"": {""over"": -240}}}",0.5,over,betmgm,-220.0,0.6875,True,-0.0629,1.5,,,,,False,
814439,Ryan Waldschmidt,AZ,COL,1,9.0,1,608372,Tomoyuki Sugano,R,825046,9:40 PM ET,Chase Field,1,1,0.17905405405405406,2026-08-11,825046,,0,105.5,106.3,89.5,R,4,3,2,0,0,0,1,0,0,0,2,3,0,0,1,0,2,0.627,0.6843333333333333,1,1,1,1,0,0,0.3695652173913043,0.4,0.782608695652174,0.19607843137254902,0.42857142857142855,0.1956521739130435,0.0392156862745098,0.058823529411764705,0.10869565217391304,1.7333333333333334,0.6666666666666666,0.3684210526315789,0.2631578947368421,0.39473684210526316,0.34210526315789475,0.02631578947368421,0.3597666666666666,0.5923999999999999,0.25,0.21052631578947367,0.30579999999999996,0.589,0.2978723404255319,0.5319148936170213,0.3,0.4375,0.5833333333333334,0.25,0.811965811965812,0.23076923076923078,0.5272727272727272,0.2545454545454545,0.33157894736842103,0.32105263157894737,0.042105263157894736,9.50943396226415,1.5283018867924527,4.584905660377358,0.11946902654867257,0.5151824157042983,0.13095319211693715,0.5151824157042983,0.3695652173913043,"{""novig"": {""0.5"": {""over"": -186, ""under"": 125}}, ""bet365"": {""0.5"": {""over"": -220, ""under"": 160}}, ""betmgm"": {""0.5"": {""over"": -160, ""under"": 120}}, ""draftkings"": {""0.5"": {""over"": -193, ""under"": 144}}, ""fanduel"": {""0.5"": {""over"": -200}}}",0.5,over,betmgm,-160.0,0.6153846153846154,True,-0.1002,1.5,,,,,False,
694374,Tim Tawa,AZ,COL,1,7.0,1,608372,Tomoyuki Sugano,R,825046,9:40 PM ET,Chase Field,1,1,0.17905405405405406,2026-08-11,825046,,0,105.5,106.3,89.5,R,4,4,0,0,0,0,0,0,0,1,0,3,0,1,0,2,1,0.3156666666666667,0.361,0,0,0,0,1,0,0.24528301886792453,0.2807017543859649,0.7547169811320755,0.22413793103448276,0.28205128205128205,0.1320754716981132,0.034482758620689655,0.017241379310344827,0.05660377358490566,1.3333333333333333,0.8666666666666667,0.5,0.14285714285714285,0.4523809523809524,0.23809523809523808,0.023809523809523808,0.3286190476190476,0.4861011904761905,0.3684210526315789,0.3181818181818182,0.5029333333333333,0.6932666666666665,0.27586206896551724,0.39655172413793105,0.21875,0.16666666666666666,0.23809523809523808,0.1702127659574468,0.811965811965812,0.23076923076923078,0.5272727272727272,0.2545454545454545,0.33157894736842103,0.32105263157894737,0.042105263157894736,9.50943396226415,1.5283018867924527,4.584905660377358,0.11946902654867257,0.6385222786199399,0.2523505720929046,0.6385222786199399,0.24528301886792453,"{""novig"": {""1.5"": {""over"": 376}}, ""bet365"": {""0.5"": {""over"": -235, ""under"": 175}}, ""betmgm"": {""0.5"": {""over"": -190, ""under"": 140}}, ""draftkings"": {""0.5"": {""over"": -213, ""under"": 159}}, ""fanduel"": {""0.5"": {""over"": -195}}}",0.5,over,betmgm,-190.0,0.6551724137931034,True,-0.0167,1.5,over,novig,376.0,0.21008403361344538,True,0.0423
666126,Carlos Cortes,ATH,TB,1,4.0,1,607259,Nick Martinez,R,824970,9:40 PM ET,Sutter Health Park,0,1,0.24861878453038674,2026-08-11,824970,,0,106.1,109.2,113.8,L,4,3,0,0,0,0,1,0,0,0,0,3,0,0,1,2,0,0.09066666666666667,0.10733333333333334,0,0,0,0,0,0,0.15151515151515152,0.21052631578947367,0.696969696969697,0.2631578947368421,0.16666666666666666,0.12121212121212122,0.02631578947368421,0.02631578947368421,0.06060606060606061,0.6,0.6666666666666666,0.28,0.28,0.52,0.2,0.0,0.25504166666666667,0.3643194444444444,0.125,0.2727272727272727,0.33283333333333326,0.43999999999999995,0.15151515151515152,0.2727272727272727,0.2631578947368421,0.3,0.4,0.23076923076923078,0.8377192982456141,0.2097560975609756,0.4537037037037037,0.2037037037037037,0.29842931937172773,0.31413612565445026,0.020942408376963352,9.620689655172413,1.0862068965517242,5.120689655172414,0.1375,0.6308308017387194,0.15972838454842486,0.6308308017387194,0.15151515151515152,"{""novig"": {""0.5"": {""over"": -194, ""under"": 138}}, ""bet365"": {""0.5"": {""over"": -225, ""under"": 165}}, ""betmgm"": {""0.5"": {""over"": -210, ""under"": 155}}, ""draftkings"": {""0.5"": {""over"": -190, ""under"": 142}}, ""fanduel"": {""0.5"": {""over"": -230}}}",0.5,over,draftkings,-190.0,0.6551724137931034,True,-0.0243,1.5,,,,,False,
622268,Donovan Walton,ATH,TB,1,8.0,1,607259,Nick Martinez,R,824970,9:40 PM ET,Sutter Health Park,0,1,0.24861878453038674,2026-08-11,824970,,0,106.1,109.2,113.8,L,4,2,0,0,0,0,1,1,0,0,0,2,0,0,1,1,0,0.32899999999999996,0.3615,0,0,0,0,0,0,0.21428571428571427,0.3333333333333333,0.7857142857142857,0.17647058823529413,0.2727272727272727,0.14285714285714285,0.0,0.058823529411764705,0.10714285714285714,0.6666666666666666,0.4,0.17391304347826086,0.17391304347826086,0.5652173913043478,0.17391304347826086,0.0,0.24739285714285714,0.3252857142857143,0.2,0.09090909090909091,0.24076666666666666,0.3156333333333332,0.21428571428571427,0.35714285714285715,0.17647058823529413,0.17073170731707318,0.4146341463414634,0.13333333333333333,0.8377192982456141,0.2097560975609756,0.4537037037037037,0.2037037037037037,0.29842931937172773,0.31413612565445026,0.020942408376963352,9.620689655172413,1.0862068965517242,5.120689655172414,0.1375,0.5746187525866054,0.16002445573831792,0.5746187525866054,0.21428571428571427,"{""novig"": {""0.5"": {""over"": -153, ""under"": 111}}, ""bet365"": {""0.5"": {""over"": -150, ""under"": 110}}, ""betmgm"": {""0.5"": {""over"": -160, ""under"": 120}}, ""draftkings"": {""0.5"": {""over"": -145, ""under"": 109}}, ""fanduel"": {""0.5"": {""over"": -165}}}",0.5,over,draftkings,-145.0,0.5918367346938775,True,-0.0172,1.5,,,,,False,
703607,Henry Bolte,ATH,TB,1,7.0,1,607259,Nick Martinez,R,824970,9:40 PM ET,Sutter Health Park,1,1,0.24861878453038674,2026-08-11,824970,,0,106.1,109.2,113.8,R,4,4,2,0,0,0,0,0,0,2,2,2,0,1,0,1,1,0.69,0.7925,1,1,1,1,1,1,0.27450980392156865,0.3508771929824561,0.6470588235294118,0.3103448275862069,0.3870967741935484,0.1568627450980392,0.034482758620689655,0.034482758620689655,0.0784313725490196,1.4666666666666666,1.2,0.5454545454545454,0.18181818181818182,0.6060606060606061,0.21212121212121213,0.030303030303030304,0.3220222222222222,0.48855,0.19047619047619047,0.47619047619047616,0.38920000000000005,0.6204,0.24528301886792453,0.2830188679245283,0.2413793103448276,0.1956521739130435,0.34782608695652173,0.2830188679245283,0.8377192982456141,0.2097560975609756,0.4537037037037037,0.2037037037037037,0.29842931937172773,0.31413612565445026,0.020942408376963352,9.620689655172413,1.0862068965517242,5.120689655172414,0.1375,0.6167225597260259,0.19712107723917383,0.6167225597260259,0.27450980392156865,"{""novig"": {""0.5"": {""over"": -199, ""under"": 178}}, ""bet365"": {""0.5"": {""over"": -250, ""under"": 185}}, ""betmgm"": {""0.5"": {""over"": -225, ""under"": 165}}, ""draftkings"": {""0.5"": {""over"": -210, ""under"": 156}}, ""fanduel"": {""0.5"": {""over"": -230}}}",0.5,over,novig,-199.0,0.6655518394648829,True,-0.0488,1.5,,,,,False,
805779,Jacob Wilson,ATH,TB,1,3.0,1,607259,Nick Martinez,R,824970,9:40 PM ET,Sutter Health Park,1,1,0.24861878453038674,2026-08-11,824970,,0,106.1,109.2,113.8,R,5,5,1,1,0,0,0,0,0,0,2,5,0,2,2,1,2,0.19119999999999998,0.2734,1,0,1,1,0,0,0.18032786885245902,0.20634920634920634,0.8524590163934426,0.14285714285714285,0.21153846153846154,0.08196721311475409,0.0,0.07936507936507936,0.08196721311475409,1.0666666666666667,0.6,0.25,0.23076923076923078,0.5769230769230769,0.15384615384615385,0.0,0.27174333333333334,0.34515444444444443,0.2,0.2,0.22549666666666662,0.33423,0.25862068965517243,0.3793103448275862,0.15,0.21311475409836064,0.32786885245901637,0.09230769230769231,0.8377192982456141,0.2097560975609756,0.4537037037037037,0.2037037037037037,0.29842931937172773,0.31413612565445026,0.020942408376963352,9.620689655172413,1.0862068965517242,5.120689655172414,0.1375,0.6474701117025478,0.23223516707145922,0.6474701117025478,0.18032786885245902,"{""novig"": {""1.5"": {""over"": 174, ""under"": -245}}, ""bet365"": {""1.5"": {""over"": 160, ""under"": -220}}, ""betmgm"": {""1.5"": {""over"": 180, ""under"": -250}}, ""draftkings"": {""1.5"": {""over"": 162, ""under"": -217}}, ""fanduel"": {""0.5"": {""over"": -380}}}",0.5,over,fanduel,-380.0,0.7916666666666666,True,-0.1442,1.5,over,betmgm,180.0,0.35714285714285715,True,-0.1249
643446,Jeff McNeil,ATH,TB,1,1.0,1,607259,Nick Martinez,R,824970,9:40 PM ET,Sutter Health Park,0,1,0.24861878453038674,2026-08-11,824970,,0,106.1,109.2,113.8,L,5,4,2,0,0,0,0,0,1,0,2,5,0,1,3,0,2,0.47424999999999995,0.6685,1,1,1,1,0,0,0.3333333333333333,0.37254901960784315,0.8541666666666666,0.13725490196078433,0.375,0.10416666666666667,0.0196078431372549,0.0392156862745098,0.0625,1.4,0.4666666666666667,0.2682926829268293,0.2926829268292683,0.3902439024390244,0.1951219512195122,0.024390243902439025,0.3029,0.4005055555555555,0.3125,0.2222222222222222,0.28923333333333345,0.3917999999999999,0.3170731707317073,0.43902439024390244,0.1111111111111111,0.2222222222222222,0.25925925925925924,0.05357142857142857,0.8377192982456141,0.2097560975609756,0.4537037037037037,0.2037037037037037,0.29842931937172773,0.31413612565445026,0.020942408376963352,9.620689655172413,1.0862068965517242,5.120689655172414,0.1375,0.6457029750531874,0.23333109990759668,0.6457029750531874,0.3333333333333333,"{""novig"": {""0.5"": {""over"": -326}}, ""bet365"": {""1.5"": {""over"": 200, ""under"": -275}}, ""betmgm"": {""1.5"": {""over"": 190, ""under"": -275}}, ""draftkings"": {""1.5"": {""over"": 194, ""under"": -264}}, ""fanduel"": {""0.5"": {""over"": -310}}}",0.5,over,fanduel,-310.0,0.7560975609756098,True,-0.1104,1.5,over,bet365,200.0,0.3333333333333333,True,-0.1
641680,Jonah Heim,ATH,TB,1,6.0,1,607259,Nick Martinez,R,824970,9:40 PM ET,Sutter Health Park,0,1,0.24861878453038674,2026-08-11,824970,,0,106.1,109.2,113.8,L,4,4,0,0,0,0,0,0,0,1,0,3,0,2,1,1,1,0.44966666666666666,0.7633333333333333,0,0,0,0,1,0,0.25,0.3023255813953488,0.775,0.20930232558139536,0.3,0.175,0.023255813953488372,0.09302325581395349,0.125,1.1333333333333333,0.6,0.3548387096774194,0.22580645161290322,0.41935483870967744,0.3225806451612903,0.06451612903225806,0.30273076923076925,0.5234038461538462,0.21428571428571427,0.3333333333333333,0.21662500000000015,0.2902916666666665,0.2542372881355932,0.4406779661016949,0.1935483870967742,0.19642857142857142,0.32142857142857145,0.22950819672131148,0.8377192982456141,0.2097560975609756,0.4537037037037037,0.2037037037037037,0.29842931937172773,0.31413612565445026,0.020942408376963352,9.620689655172413,1.0862068965517242,5.120689655172414,0.1375,0.5970329436487168,0.1912621657385134,0.5970329436487168,0.25,"{""novig"": {""0.5"": {""over"": -186, ""under"": 133}}, ""bet365"": {""0.5"": {""over"": -175, ""under"": 132}}, ""betmgm"": {""0.5"": {""over"": -185, ""under"": 135}}, ""draftkings"": {""0.5"": {""over"": -185, ""under"": 138}}, ""fanduel"": {""0.5"": {""over"": -210}}}",0.5,over,bet365,-175.0,0.6363636363636364,True,-0.0393,1.5,,,,,False,
671732,Lawrence Butler,ATH,TB,1,5.0,1,607259,Nick Martinez,R,824970,9:40 PM ET,Sutter Health Park,0,1,0.24861878453038674,2026-08-11,824970,,0,106.1,109.2,113.8,L,4,4,2,0,0,0,0,0,0,2,2,2,0,0,1,1,0,0.24000000000000002,0.266,1,1,1,1,1,1,0.21739130434782608,0.3076923076923077,0.782608695652174,0.18867924528301888,0.23529411764705882,0.21739130434782608,0.03773584905660377,0.07547169811320754,0.13043478260869565,1.3333333333333333,0.6666666666666666,0.4594594594594595,0.21621621621621623,0.43243243243243246,0.32432432432432434,0.05405405405405406,0.31960714285714287,0.5870892857142858,0.1111111111111111,0.05263157894736842,0.22453333333333333,0.45628333333333354,0.23255813953488372,0.4186046511627907,0.19607843137254902,0.18181818181818182,0.2727272727272727,0.24528301886792453,0.8377192982456141,0.2097560975609756,0.4537037037037037,0.2037037037037037,0.29842931937172773,0.31413612565445026,0.020942408376963352,9.620689655172413,1.0862068965517242,5.120689655172414,0.1375,0.6022459320574461,0.17799245172044442,0.6022459320574461,0.21739130434782608,"{""novig"": {""0.5"": {""over"": -194, ""under"": 138}}, ""bet365"": {""0.5"": {""over"": -210, ""under"": 155}}, ""betmgm"": {""0.5"": {""over"": -200, ""under"": 145}}, ""draftkings"": {""0.5"": {""over"": -192, ""under"": 144}}, ""fanduel"": {""0.5"": {""over"": -210}}}",0.5,over,draftkings,-192.0,0.6575342465753424,True,-0.0553,1.5,,,,,False,
695720,Tommy White,ATH,TB,1,9.0,1,607259,Nick Martinez,R,824970,9:40 PM ET,Sutter Health Park,1,1,0.24861878453038674,2026-08-11,824970,,0,106.1,109.2,113.8,R,4,4,0,0,0,0,0,0,0,1,0,3,0,2,1,2,0,0.24533333333333332,0.5046666666666666,0,0,0,0,1,0,0.23333333333333334,0.23333333333333334,0.7666666666666667,0.23333333333333334,0.30434782608695654,0.016666666666666666,0.0,0.016666666666666666,0.016666666666666666,1.0,0.9333333333333333,0.34782608695652173,0.2608695652173913,0.5217391304347826,0.21739130434782608,0.021739130434782608,0.31668888888888885,0.4106222222222222,0.21052631578947367,0.21052631578947367,0.26068333333333327,0.2927666666666667,0.12195121951219512,0.17073170731707318,0.16279069767441862,0.3902439024390244,0.3902439024390244,0.20454545454545456,0.8377192982456141,0.2097560975609756,0.4537037037037037,0.2037037037037037,0.29842931937172773,0.31413612565445026,0.020942408376963352,9.620689655172413,1.0862068965517242,5.120689655172414,0.1375,0.47198467191516236,0.09927334920136721,0.47198467191516236,0.23333333333333334,"{""novig"": {""0.5"": {""over"": -213, ""under"": 135}}, ""bet365"": {""0.5"": {""over"": -200, ""under"": 150}}, ""betmgm"": {""0.5"": {""over"": -175, ""under"": 130}}, ""draftkings"": {""0.5"": {""over"": -218, ""under"": 162}}, ""fanduel"": {""0.5"": {""over"": -220}}}",0.5,over,betmgm,-175.0,0.6363636363636364,True,-0.1644,1.5,,,,,False,
680869,Zack Gelof,ATH,TB,1,2.0,1,607259,Nick Martinez,R,824970,9:40 PM ET,Sutter Health Park,1,1,0.24861878453038674,2026-08-11,824970,,0,106.1,109.2,113.8,R,4,4,2,1,0,1,0,0,0,1,6,3,2,2,2,0,1,0.5533333333333333,2.0146666666666664,1,1,1,1,1,0,0.2962962962962963,0.36666666666666664,0.7407407407407407,0.23333333333333334,0.35135135135135137,0.2222222222222222,0.05,0.05,0.1111111111111111,1.8666666666666667,0.9333333333333333,0.45,0.275,0.425,0.225,0.0,0.29162111111111105,0.3898622222222222,0.16666666666666666,0.3684210526315789,0.19169999999999993,0.24683333333333338,0.2807017543859649,0.5087719298245614,0.25,0.3508771929824561,0.5614035087719298,0.18333333333333332,0.8377192982456141,0.2097560975609756,0.4537037037037037,0.2037037037037037,0.29842931937172773,0.31413612565445026,0.020942408376963352,9.620689655172413,1.0862068965517242,5.120689655172414,0.1375,0.6374453502586022,0.25469444961497745,0.6374453502586022,0.2962962962962963,"{""novig"": {""0.5"": {""over"": -264, ""under"": 170}}, ""bet365"": {""0.5"": {""over"": -275, ""under"": 200}}, ""betmgm"": {""0.5"": {""over"": -275, ""under"": 195}}, ""draftkings"": {""0.5"": {""over"": -264, ""under"": 194}}, ""fanduel"": {""0.5"": {""over"": -290}}}",0.5,over,novig,-264.0,0.7252747252747253,True,-0.0878,1.5,,,,,False,
669720,Austin Hays,SD,MIL,1,6.0,1,690986,Kyle Harrison,L,823264,9:40 PM ET,Petco Park,1,0,0.1746031746031746,2026-08-11,823264,0.0,0,95.4,94.6,96.5,R,1,1,1,0,0,1,0,0,0,0,4,1,1,1,0,0,1,0.426,1.42,1,0,1,1,0,0,0.25925925925925924,0.2727272727272727,0.7222222222222222,0.2727272727272727,0.34210526315789475,0.1111111111111111,0.01818181818181818,0.05454545454545454,0.07407407407407407,1.3333333333333333,1.0,0.48717948717948717,0.2564102564102564,0.5897435897435898,0.15384615384615385,0.0,0.4202986111111111,0.5982361111111111,0.3125,0.0625,0.42449999999999993,0.49839999999999984,0.2037037037037037,0.3148148148148148,0.2857142857142857,0.32,0.44,0.24528301886792453,0.6616915422885572,0.1881720430107527,0.38341968911917096,0.16580310880829016,0.38345864661654133,0.3308270676691729,0.03007518796992481,7.5600000000000005,1.2600000000000002,11.520000000000003,0.3137254901960784,0.5835253395705342,0.21621634726342162,0.5835253395705342,0.25925925925925924,"{""novig"": {""0.5"": {""over"": -160}}, ""bet365"": {""0.5"": {""over"": -165, ""under"": 125}}, ""betmgm"": {""0.5"": {""over"": -160, ""under"": 120}}, ""draftkings"": {""0.5"": {""over"": -145, ""under"": 110}}, ""fanduel"": {""0.5"": {""over"": -170}}}",0.5,over,draftkings,-145.0,0.5918367346938775,True,-0.0083,1.5,,,,,False,
665487,Fernando Tatis Jr.,SD,MIL,1,1.0,1,690986,Kyle Harrison,L,823264,9:40 PM ET,Petco Park,1,0,0.1746031746031746,2026-08-11,823264,0.0,0,95.4,94.6,96.5,R,4,4,0,0,0,0,0,0,0,0,0,4,0,1,0,3,0,0.21275,0.232,0,0,0,0,0,0,0.26229508196721313,0.34782608695652173,0.8360655737704918,0.14492753623188406,0.2708333333333333,0.22950819672131148,0.043478260869565216,0.07246376811594203,0.13114754098360656,2.0,0.6666666666666666,0.47058823529411764,0.1568627450980392,0.49019607843137253,0.27450980392156865,0.0196078431372549,0.2994588888888889,0.5710433333333335,0.3333333333333333,0.08695652173913043,0.34619999999999995,0.9298166666666667,0.29508196721311475,0.5409836065573771,0.17391304347826086,0.2903225806451613,0.6290322580645161,0.18571428571428572,0.6616915422885572,0.1881720430107527,0.38341968911917096,0.16580310880829016,0.38345864661654133,0.3308270676691729,0.03007518796992481,7.5600000000000005,1.2600000000000002,11.520000000000003,0.3137254901960784,0.660018841567432,0.29467077519588397,0.660018841567432,0.26229508196721313,"{""novig"": {""0.5"": {""over"": -203, ""under"": 144}}, ""bet365"": {""0.5"": {""over"": -220, ""under"": 160}}, ""betmgm"": {""0.5"": {""over"": -210, ""under"": 155}}, ""draftkings"": {""0.5"": {""over"": -197, ""under"": 147}}, ""fanduel"": {""0.5"": {""over"": -210}}}",0.5,over,draftkings,-197.0,0.6632996632996633,True,-0.0033,1.5,,,,,False,
701538,Jackson Merrill,SD,MIL,1,5.0,1,690986,Kyle Harrison,L,823264,9:40 PM ET,Petco Park,0,0,0.1746031746031746,2026-08-11,823264,0.0,0,95.4,94.6,96.5,L,3,3,1,0,0,1,0,0,0,0,4,3,1,2,3,0,0,0.35533333333333333,1.3943333333333332,1,0,1,1,0,0,0.38333333333333336,0.4032258064516129,0.8,0.19047619047619047,0.4318181818181818,0.2833333333333333,0.06349206349206349,0.047619047619047616,0.13333333333333333,2.6666666666666665,0.8,0.5,0.2708333333333333,0.3333333333333333,0.3333333333333333,0.0625,0.3983488888888889,0.8025733333333332,0.3,0.23809523809523808,0.3680833333333333,0.9001333333333331,0.3392857142857143,0.6964285714285714,0.2033898305084746,0.3333333333333333,0.5079365079365079,0.15151515151515152,0.6616915422885572,0.1881720430107527,0.38341968911917096,0.16580310880829016,0.38345864661654133,0.3308270676691729,0.03007518796992481,7.5600000000000005,1.2600000000000002,11.520000000000003,0.3137254901960784,0.6105946052539019,0.2450082016200693,0.6105946052539019,0.38333333333333336,"{""novig"": {""0.5"": {""over"": -160, ""under"": 115}}, ""bet365"": {""0.5"": {""over"": -190, ""under"": 140}}, ""betmgm"": {""0.5"": {""over"": -200, ""under"": 150}}, ""draftkings"": {""0.5"": {""over"": -157, ""under"": 118}}, ""fanduel"": {""0.5"": {""over"": -180}}}",0.5,over,draftkings,-157.0,0.6108949416342413,True,-0.0003,1.5,,,,,False,
630105,Jake Cronenworth,SD,MIL,1,9.0,1,690986,Kyle Harrison,L,823264,9:40 PM ET,Petco Park,0,0,0.1746031746031746,2026-08-11,823264,0.0,0,95.4,94.6,96.5,L,4,4,1,0,0,0,0,0,0,2,1,2,0,1,0,2,0,0.36150000000000004,0.41200000000000003,1,0,1,0,1,1,0.24561403508771928,0.3384615384615385,0.8070175438596491,0.16417910447761194,0.30434782608695654,0.017543859649122806,0.0,0.014925373134328358,0.017543859649122806,1.0,0.7333333333333333,0.2765957446808511,0.2553191489361702,0.40425531914893614,0.2553191489361702,0.0,0.2579488888888889,0.3126188888888889,0.17647058823529413,0.09523809523809523,0.16406666666666678,0.2186666666666671,0.23728813559322035,0.2542372881355932,0.22058823529411764,0.19230769230769232,0.23076923076923078,0.1694915254237288,0.6616915422885572,0.1881720430107527,0.38341968911917096,0.16580310880829016,0.38345864661654133,0.3308270676691729,0.03007518796992481,7.5600000000000005,1.2600000000000002,11.520000000000003,0.3137254901960784,0.4389657259635811,0.15155299040029366,0.4389657259635811,0.24561403508771928,"{""novig"": {""0.5"": {""over"": -117, ""under"": -100}}, ""bet365"": {""0.5"": {""over"": -120, ""under"": -110}}, ""betmgm"": {""0.5"": {""over"": -120, ""under"": -110}}, ""draftkings"": {""0.5"": {""over"": -120, ""under"": -111}}, ""fanduel"": {""0.5"": {""over"": -130}}}",0.5,over,novig,-117.0,0.5391705069124424,True,-0.1002,1.5,,,,,False,
669134,Luis Campusano,SD,MIL,1,7.0,1,690986,Kyle Harrison,L,823264,9:40 PM ET,Petco Park,1,0,0.1746031746031746,2026-08-11,823264,0.0,0,95.4,94.6,96.5,R,4,4,0,0,0,0,0,0,0,1,0,3,0,1,2,1,0,0.09366666666666668,0.11666666666666665,0,0,0,0,1,0,0.28888888888888886,0.39622641509433965,0.7333333333333333,0.22641509433962265,0.3939393939393939,0.044444444444444446,0.0,0.03773584905660377,0.044444444444444446,1.0,0.8,0.3939393939393939,0.3333333333333333,0.36363636363636365,0.18181818181818182,0.030303030303030304,0.34501923076923074,0.465474358974359,0.4117647058823529,0.15789473684210525,0.3230666666666666,0.48283333333333334,0.325,0.45,0.20833333333333334,0.2571428571428571,0.37142857142857144,0.22727272727272727,0.6616915422885572,0.1881720430107527,0.38341968911917096,0.16580310880829016,0.38345864661654133,0.3308270676691729,0.03007518796992481,7.5600000000000005,1.2600000000000002,11.520000000000003,0.3137254901960784,0.5649953118051424,0.2157158111538612,0.5649953118051424,0.28888888888888886,"{""novig"": {""0.5"": {""over"": -111, ""under"": -120}}, ""bet365"": {""0.5"": {""over"": -130, ""under"": -105}}, ""betmgm"": {""0.5"": {""over"": -135, ""under"": 100}}, ""draftkings"": {""0.5"": {""over"": -104, ""under"": -127}}, ""fanduel"": {""0.5"": {""over"": -120}}}",0.5,over,draftkings,-104.0,0.5098039215686274,True,0.0552,1.5,,,,,False,
650859,Luis Rengifo,SD,MIL,1,2.0,1,690986,Kyle Harrison,L,823264,9:40 PM ET,Petco Park,0,0,0.1746031746031746,2026-08-11,823264,0.0,0,95.4,94.6,96.5,L,3,2,0,0,0,0,1,0,0,1,0,1,0,0,1,0,0,0.006,0.006,0,0,0,0,1,0,0.2647058823529412,0.375,0.8235294117647058,0.15,0.32142857142857145,0.0,0.0,0.0,0.0,0.6,0.4,0.14285714285714285,0.17857142857142858,0.6071428571428571,0.17857142857142858,0.0,0.3513630952380953,0.4024821428571429,0.3076923076923077,0.07142857142857142,0.4815666666666667,0.5714666666666665,0.2391304347826087,0.391304347826087,0.09090909090909091,0.3333333333333333,0.35294117647058826,0.25862068965517243,0.6616915422885572,0.1881720430107527,0.38341968911917096,0.16580310880829016,0.38345864661654133,0.3308270676691729,0.03007518796992481,7.5600000000000005,1.2600000000000002,11.520000000000003,0.3137254901960784,0.5568271154271658,0.1757522665364976,0.5568271154271658,0.2647058823529412,"{""novig"": {""1.5"": {""over"": 456}}, ""bet365"": {""0.5"": {""over"": -210, ""under"": 155}}, ""betmgm"": {""0.5"": {""over"": -190, ""under"": 140}}, ""draftkings"": {""0.5"": {""over"": -174, ""under"": 130}}, ""fanduel"": {""0.5"": {""over"": -195}}}",0.5,over,draftkings,-174.0,0.635036496350365,True,-0.0782,1.5,over,novig,456.0,0.17985611510791366,True,-0.0041
592518,Manny Machado,SD,MIL,1,3.0,1,690986,Kyle Harrison,L,823264,9:40 PM ET,Petco Park,1,0,0.1746031746031746,2026-08-11,823264,0.0,0,95.4,94.6,96.5,R,4,4,0,0,0,0,0,0,0,1,0,3,0,0,0,2,0,0.071,0.07766666666666666,0,0,0,0,1,0,0.2413793103448276,0.3076923076923077,0.7241379310344828,0.24615384615384617,0.30952380952380953,0.1206896551724138,0.015384615384615385,0.06153846153846154,0.08620689655172414,1.4,1.0666666666666667,0.46511627906976744,0.3488372093023256,0.3023255813953488,0.32558139534883723,0.046511627906976744,0.38854222222222223,0.5806577777777778,0.1875,0.2,0.5941333333333334,0.7756666666666667,0.2833333333333333,0.5333333333333333,0.19696969696969696,0.17857142857142858,0.32142857142857145,0.26153846153846155,0.6616915422885572,0.1881720430107527,0.38341968911917096,0.16580310880829016,0.38345864661654133,0.3308270676691729,0.03007518796992481,7.5600000000000005,1.2600000000000002,11.520000000000003,0.3137254901960784,0.6161398240286861,0.2971271108182156,0.6161398240286861,0.2413793103448276,"{""novig"": {""0.5"": {""over"": -167, ""under"": 122}}, ""bet365"": {""0.5"": {""over"": -180, ""under"": 135}}, ""betmgm"": {""0.5"": {""over"": -190, ""under"": 140}}, ""draftkings"": {""0.5"": {""over"": -164, ""under"": 123}}, ""fanduel"": {""0.5"": {""over"": -185}}}",0.5,over,draftkings,-164.0,0.6212121212121212,True,-0.0051,1.5,,,,,False,
664034,Ty France,SD,MIL,1,4.0,1,690986,Kyle Harrison,L,823264,9:40 PM ET,Petco Park,1,0,0.1746031746031746,2026-08-11,823264,0.0,0,95.4,94.6,96.5,R,3,3,2,0,0,1,0,0,0,0,5,3,0,2,1,1,1,0.38166666666666665,0.5953333333333334,1,1,1,1,0,0,0.32075471698113206,0.3770491803278688,0.7924528301886793,0.1774193548387097,0.38636363636363635,0.03773584905660377,0.0,0.03225806451612903,0.03773584905660377,1.2666666666666666,0.7333333333333333,0.4090909090909091,0.25,0.4090909090909091,0.3409090909090909,0.0,0.34651785714285716,0.5257619047619048,0.25,0.15789473684210525,0.2645208333333332,0.5764583333333332,0.3888888888888889,0.5740740740740741,0.18032786885245902,0.25,0.5,0.21311475409836064,0.6616915422885572,0.1881720430107527,0.38341968911917096,0.16580310880829016,0.38345864661654133,0.3308270676691729,0.03007518796992481,7.5600000000000005,1.2600000000000002,11.520000000000003,0.3137254901960784,0.6397982196940224,0.2752075135356897,0.6397982196940224,0.32075471698113206,"{""novig"": {""0.5"": {""over"": -167, ""under"": 125}}, ""bet365"": {""0.5"": {""over"": -190, ""under"": 140}}, ""betmgm"": {""0.5"": {""over"": -200, ""under"": 150}}, ""draftkings"": {""0.5"": {""over"": -159, ""under"": 120}}, ""fanduel"": {""0.5"": {""over"": -165}}}",0.5,over,draftkings,-159.0,0.6138996138996139,True,0.0259,1.5,,,,,False,
593428,Xander Bogaerts,SD,MIL,1,8.0,1,690986,Kyle Harrison,L,823264,9:40 PM ET,Petco Park,1,0,0.1746031746031746,2026-08-11,823264,0.0,0,95.4,94.6,96.5,R,4,4,0,0,0,0,0,0,0,1,0,3,0,2,2,1,0,0.25733333333333336,0.367,0,0,0,0,1,0,0.22916666666666666,0.3333333333333333,0.8125,0.15789473684210525,0.275,0.041666666666666664,0.0,0.03508771929824561,0.041666666666666664,0.8666666666666667,0.6,0.45,0.25,0.575,0.175,0.0,0.3451944444444444,0.4369388888888889,0.26666666666666666,0.1111111111111111,0.43705000000000005,0.5232,0.17307692307692307,0.2692307692307692,0.19672131147540983,0.2653061224489796,0.40816326530612246,0.09836065573770492,0.6616915422885572,0.1881720430107527,0.38341968911917096,0.16580310880829016,0.38345864661654133,0.3308270676691729,0.03007518796992481,7.5600000000000005,1.2600000000000002,11.520000000000003,0.3137254901960784,0.567681430170311,0.23731651502198906,0.567681430170311,0.22916666666666666,"{""novig"": {""0.5"": {""over"": -127, ""under"": -106}}, ""bet365"": {""0.5"": {""over"": -155, ""under"": 115}}, ""betmgm"": {""0.5"": {""over"": -140, ""under"": 105}}, ""draftkings"": {""0.5"": {""over"": -125, ""under"": -106}}, ""fanduel"": {""0.5"": {""over"": -155}}}",0.5,over,draftkings,-125.0,0.5555555555555556,True,0.0121,1.5,,,,,False,
668930,Brice Turang,MIL,SD,0,1.0,1,621111,Walker Buehler,R,823264,9:40 PM ET,Petco Park,0,1,0.23268206039076378,2026-08-11,823264,0.0,0,95.4,94.6,96.5,L,4,4,0,0,0,0,0,0,0,3,0,1,0,1,1,0,0,0.549,1.355,0,0,0,0,1,1,0.3220338983050847,0.3939393939393939,0.711864406779661,0.2537313432835821,0.43902439024390244,0.1016949152542373,0.014925373134328358,0.04477611940298507,0.06779661016949153,1.6666666666666667,1.1333333333333333,0.3488372093023256,0.3023255813953488,0.4883720930232558,0.18604651162790697,0.0,0.39865,0.5810166666666667,0.3684210526315789,0.3181818181818182,0.4837166666666667,0.7005166666666666,0.3684210526315789,0.543859649122807,0.26153846153846155,0.15873015873015872,0.2698412698412698,0.24285714285714285,0.6777251184834123,0.24571428571428572,0.518918918918919,0.23243243243243245,0.46853146853146854,0.26573426573426573,0.02097902097902098,9.414473684210526,1.4210526315789476,8.703947368421053,0.22580645161290322,0.6401093290516742,0.27707086738892595,0.6401093290516742,0.3220338983050847,"{""novig"": {""1.5"": {""over"": 233}}, ""bet365"": {""0.5"": {""over"": -240, ""under"": 180}}, ""betmgm"": {""0.5"": {""over"": -235, ""under"": 170}}, ""draftkings"": {""0.5"": {""over"": -216, ""under"": 161}}, ""fanduel"": {""0.5"": {""over"": -240}}}",0.5,over,draftkings,-216.0,0.6835443037974683,True,-0.0434,1.5,over,novig,233.0,0.3003003003003003,True,-0.0232
592885,Christian Yelich,MIL,SD,0,6.0,1,621111,Walker Buehler,R,823264,9:40 PM ET,Petco Park,0,1,0.23268206039076378,2026-08-11,823264,0.0,0,95.4,94.6,96.5,L,4,3,1,0,0,1,0,0,0,1,4,2,0,1,1,1,0,0.2945,0.8805,1,0,1,1,1,0,0.19672131147540983,0.24242424242424243,0.7704918032786885,0.21212121212121213,0.23404255319148937,0.13114754098360656,0.015151515151515152,0.045454545454545456,0.08196721311475409,1.3333333333333333,0.9333333333333333,0.4166666666666667,0.14583333333333334,0.625,0.16666666666666666,0.041666666666666664,0.29377,0.4860833333333333,0.21052631578947367,0.35,0.3590333333333332,0.41480000000000006,0.19672131147540983,0.32786885245901637,0.21212121212121213,0.288135593220339,0.5423728813559322,0.22727272727272727,0.6777251184834123,0.24571428571428572,0.518918918918919,0.23243243243243245,0.46853146853146854,0.26573426573426573,0.02097902097902098,9.414473684210526,1.4210526315789476,8.703947368421053,0.22580645161290322,0.5999039884974765,0.1923538329665966,0.5999039884974765,0.19672131147540983,"{""novig"": {""0.5"": {""over"": -150, ""under"": 117}}, ""bet365"": {""0.5"": {""over"": -190, ""under"": 140}}, ""betmgm"": {""0.5"": {""over"": -175, ""under"": 130}}, ""draftkings"": {""0.5"": {""over"": -163, ""under"": 122}}, ""fanduel"": {""0.5"": {""over"": -195}}}",0.5,over,novig,-150.0,0.6,True,-0.0001,1.5,,,,,False,
666152,David Hamilton,MIL,SD,0,8.0,1,621111,Walker Buehler,R,823264,9:40 PM ET,Petco Park,0,1,0.23268206039076378,2026-08-11,823264,0.0,0,95.4,94.6,96.5,L,3,3,0,0,0,0,0,0,0,0,0,3,0,0,0,2,0,0.05533333333333334,0.06666666666666667,0,0,0,0,0,0,0.23809523809523808,0.3191489361702128,0.7142857142857143,0.24489795918367346,0.3333333333333333,0.09523809523809523,0.0,0.08163265306122448,0.09523809523809523,0.9333333333333333,0.8,0.3125,0.34375,0.40625,0.21875,0.0,0.37545641025641024,0.4940692307692307,0.23076923076923078,0.4375,0.45011111111111113,0.547888888888889,0.2619047619047619,0.3333333333333333,0.24489795918367346,0.2564102564102564,0.358974358974359,0.29545454545454547,0.6777251184834123,0.24571428571428572,0.518918918918919,0.23243243243243245,0.46853146853146854,0.26573426573426573,0.02097902097902098,9.414473684210526,1.4210526315789476,8.703947368421053,0.22580645161290322,0.5421212763149147,0.13324144766543225,0.5421212763149147,0.23809523809523808,"{""novig"": {""0.5"": {""over"": -111, ""under"": -127}}, ""bet365"": {""0.5"": {""over"": 100, ""under"": -135}}, ""betmgm"": {""0.5"": {""over"": -120, ""under"": -110}}, ""draftkings"": {""0.5"": {""over"": -110, ""under"": -121}}, ""fanduel"": {""0.5"": {""over"": -140}}}",0.5,over,bet365,100.0,0.5,True,0.0421,1.5,,,,,False,
669003,Garrett Mitchell,MIL,SD,0,3.0,1,621111,Walker Buehler,R,823264,9:40 PM ET,Petco Park,0,1,0.23268206039076378,2026-08-11,823264,0.0,0,95.4,94.6,96.5,L,4,3,0,0,0,0,1,0,0,3,0,0,0,0,0,0,0,0.5355,0.6275,0,0,0,0,1,1,0.12244897959183673,0.29508196721311475,0.6938775510204082,0.23809523809523808,0.17647058823529413,0.04081632653061224,0.0,0.031746031746031744,0.04081632653061224,0.5333333333333333,1.0,0.6176470588235294,0.2647058823529412,0.6470588235294118,0.08823529411764706,0.029411764705882353,0.3407678571428572,0.5257857142857142,0.1875,0.14285714285714285,0.32545000000000013,0.4076333333333334,0.1568627450980392,0.21568627450980393,0.20634920634920634,0.2222222222222222,0.2962962962962963,0.3728813559322034,0.6777251184834123,0.24571428571428572,0.518918918918919,0.23243243243243245,0.46853146853146854,0.26573426573426573,0.02097902097902098,9.414473684210526,1.4210526315789476,8.703947368421053,0.22580645161290322,0.568929565653033,0.1927409226592275,0.568929565653033,0.12244897959183673,"{""novig"": {""0.5"": {""over"": -167, ""under"": 125}}, ""bet365"": {""0.5"": {""over"": -170, ""under"": 130}}, ""betmgm"": {""0.5"": {""over"": -185, ""under"": 135}}, ""draftkings"": {""0.5"": {""over"": -169, ""under"": 127}}, ""fanduel"": {""0.5"": {""over"": -190}}}",0.5,over,novig,-167.0,0.6254681647940075,True,-0.0565,1.5,,,,,False,
694192,Jackson Chourio,MIL,SD,0,2.0,1,621111,Walker Buehler,R,823264,9:40 PM ET,Petco Park,1,1,0.23268206039076378,2026-08-11,823264,0.0,0,95.4,94.6,96.5,R,4,4,3,0,0,0,0,0,0,1,3,3,0,3,0,1,2,0.6613333333333333,0.8063333333333333,1,1,1,1,1,0,0.26666666666666666,0.35294117647058826,0.7666666666666667,0.20588235294117646,0.2857142857142857,0.25,0.058823529411764705,0.04411764705882353,0.11666666666666667,2.066666666666667,0.9333333333333333,0.5434782608695652,0.1956521739130435,0.5217391304347826,0.2391304347826087,0.13043478260869565,0.3531733333333333,0.7406577777777776,0.17647058823529413,0.22727272727272727,0.39869999999999994,1.1273666666666666,0.2413793103448276,0.41379310344827586,0.21212121212121213,0.27586206896551724,0.4482758620689655,0.15384615384615385,0.6777251184834123,0.24571428571428572,0.518918918918919,0.23243243243243245,0.46853146853146854,0.26573426573426573,0.02097902097902098,9.414473684210526,1.4210526315789476,8.703947368421053,0.22580645161290322,0.6560377795850906,0.25672858957528,0.6560377795850906,0.26666666666666666,"{""novig"": {""1.5"": {""over"": 208}}, ""bet365"": {""0.5"": {""over"": -270, ""under"": 195}}, ""betmgm"": {""0.5"": {""over"": -250, ""under"": 185}}, ""draftkings"": {""0.5"": {""over"": -261, ""under"": 192}}, ""fanduel"": {""0.5"": {""over"": -250}}}",0.5,over,fanduel,-250.0,0.7142857142857143,True,-0.0582,1.5,over,novig,208.0,0.3246753246753247,True,-0.0679
641343,Jake Bauers,MIL,SD,0,4.0,1,621111,Walker Buehler,R,823264,9:40 PM ET,Petco Park,0,1,0.23268206039076378,2026-08-11,823264,0.0,0,95.4,94.6,96.5,L,4,4,1,1,0,0,0,0,0,0,2,4,0,2,2,1,1,0.16525,0.2455,1,0,1,1,0,0,0.3469387755102041,0.4406779661016949,0.7551020408163265,0.2033898305084746,0.4,0.24489795918367346,0.05084745762711865,0.01694915254237288,0.10204081632653061,1.9333333333333333,0.8,0.5789473684210527,0.2894736842105263,0.42105263157894735,0.2631578947368421,0.02631578947368421,0.4238022222222222,0.7006588888888888,0.3125,0.2727272727272727,0.41180000000000005,0.6804999999999998,0.3125,0.5416666666666666,0.24561403508771928,0.25925925925925924,0.5185185185185185,0.2222222222222222,0.6777251184834123,0.24571428571428572,0.518918918918919,0.23243243243243245,0.46853146853146854,0.26573426573426573,0.02097902097902098,9.414473684210526,1.4210526315789476,8.703947368421053,0.22580645161290322,0.6221015849555204,0.2323927759638258,0.6221015849555204,0.3469387755102041,"{""novig"": {""0.5"": {""over"": -160, ""under"": 113}}, ""bet365"": {""0.5"": {""over"": -155, ""under"": 115}}, ""betmgm"": {""0.5"": {""over"": -150, ""under"": 110}}, ""draftkings"": {""0.5"": {""over"": -167, ""under"": 125}}, ""fanduel"": {""0.5"": {""over"": -175}}}",0.5,over,betmgm,-150.0,0.6,True,0.0221,1.5,,,,,False,
678225,Jihwan Bae,MIL,SD,0,9.0,1,621111,Walker Buehler,R,823264,9:40 PM ET,Petco Park,0,1,0.23268206039076378,2026-08-11,823264,0.0,0,95.4,94.6,96.5,L,2,1,1,0,0,0,0,0,0,0,1,2,0,0,0,2,0,0.385,0.39,1,0,1,0,0,0,0.07692307692307693,0.21739130434782608,0.5641025641025641,0.3695652173913043,0.13636363636363635,0.0,0.0,0.0,0.0,0.2,1.1333333333333333,0.22727272727272727,0.045454545454545456,0.6818181818181818,0.22727272727272727,0.09090909090909091,0.1985416666666667,0.3208333333333333,0.07692307692307693,0.29411764705882354,0.22643333333333335,0.4847333333333331,0.09523809523809523,0.09523809523809523,0.3333333333333333,0.23404255319148937,0.2765957446808511,0.34,0.6777251184834123,0.24571428571428572,0.518918918918919,0.23243243243243245,0.46853146853146854,0.26573426573426573,0.02097902097902098,9.414473684210526,1.4210526315789476,8.703947368421053,0.22580645161290322,0.3065075515034381,0.09373435591406058,0.3065075515034381,0.07692307692307693,"{""draftkings"": {""0.5"": {""over"": -118, ""under"": -112}}}",0.5,over,draftkings,-118.0,0.5412844036697247,True,-0.2348,1.5,,,,,False,
800325,Luis Lara,MIL,SD,0,7.0,1,621111,Walker Buehler,R,823264,9:40 PM ET,Petco Park,0,1,0.23268206039076378,2026-08-11,823264,0.0,0,95.4,94.6,96.5,L,2,2,1,0,0,0,0,0,0,0,1,2,0,1,0,0,2,0.529,0.7235,1,0,1,0,0,0,0.19444444444444445,0.2926829268292683,0.7222222222222222,0.24390243902439024,0.2692307692307692,0.1388888888888889,0.0,0.07317073170731707,0.1111111111111111,0.8,0.6666666666666666,0.5,0.34615384615384615,0.5,0.15384615384615385,0.0,0.3263589743589744,0.40894871794871795,0.2,0.45454545454545453,0.2565,0.296,0.2608695652173913,0.41304347826086957,0.21428571428571427,0.0,0.0,0.0,0.6777251184834123,0.24571428571428572,0.518918918918919,0.23243243243243245,0.46853146853146854,0.26573426573426573,0.02097902097902098,9.414473684210526,1.4210526315789476,8.703947368421053,0.22580645161290322,0.5760204962344773,0.12379836264577111,0.5760204962344773,0.19444444444444445,"{""novig"": {""0.5"": {""over"": -156, ""under"": 113}}, ""bet365"": {""0.5"": {""over"": -150, ""under"": 110}}, ""betmgm"": {""0.5"": {""over"": -150, ""under"": 110}}, ""draftkings"": {""0.5"": {""over"": -154, ""under"": 116}}, ""fanduel"": {""0.5"": {""over"": -190}}}",0.5,over,bet365,-150.0,0.6,True,-0.024,1.5,,,,,False,
661388,William Contreras,MIL,SD,0,5.0,1,621111,Walker Buehler,R,823264,9:40 PM ET,Petco Park,1,1,0.23268206039076378,2026-08-11,823264,0.0,0,95.4,94.6,96.5,R,4,2,0,0,0,0,2,0,0,0,0,2,1,1,1,1,0,0.443,1.4275,0,0,0,0,0,0,0.2,0.25,0.8,0.1875,0.23404255319148937,0.13333333333333333,0.015625,0.046875,0.08333333333333333,1.3333333333333333,0.8,0.4375,0.22916666666666666,0.4375,0.25,0.020833333333333332,0.25183777777777777,0.4625166666666667,0.2,0.13636363636363635,0.26605,0.4952166666666666,0.20689655172413793,0.3793103448275862,0.20967741935483872,0.19230769230769232,0.28846153846153844,0.1724137931034483,0.6777251184834123,0.24571428571428572,0.518918918918919,0.23243243243243245,0.46853146853146854,0.26573426573426573,0.02097902097902098,9.414473684210526,1.4210526315789476,8.703947368421053,0.22580645161290322,0.6357605172666104,0.2386792084053251,0.6357605172666104,0.2,"{""novig"": {""0.5"": {""over"": -223, ""under"": 150}}, ""bet365"": {""0.5"": {""over"": -200, ""under"": 150}}, ""betmgm"": {""0.5"": {""over"": -235, ""under"": 170}}, ""draftkings"": {""0.5"": {""over"": -207, ""under"": 154}}, ""fanduel"": {""0.5"": {""over"": -220}}}",0.5,over,bet365,-200.0,0.6666666666666666,True,-0.0309,1.5,,,,,False,
805811,Bryce Eldridge,SF,HOU,1,3.0,1,686613,Hunter Brown,R,823186,9:45 PM ET,Oracle Park,0,1,0.2114695340501792,2026-08-11,823186,0.0,1,100.6,96.8,86.1,L,4,4,1,1,0,0,0,0,0,0,2,4,1,1,3,0,1,0.3005,0.7444999999999999,1,0,1,1,0,0,0.18181818181818182,0.2857142857142857,0.6545454545454545,0.30158730158730157,0.2571428571428571,0.07272727272727272,0.015873015873015872,0.015873015873015872,0.03636363636363636,0.9333333333333333,1.2666666666666666,0.3888888888888889,0.1388888888888889,0.5,0.3055555555555556,0.027777777777777776,0.29566666666666663,0.44035714285714284,0.17647058823529413,0.2631578947368421,0.22515000000000004,0.30921666666666653,0.18518518518518517,0.3148148148148148,0.3333333333333333,0.24444444444444444,0.4666666666666667,0.2857142857142857,0.5955555555555555,0.17582417582417584,0.324468085106383,0.12234042553191489,0.5298507462686567,0.23134328358208955,0.007462686567164179,7.132075471698114,1.1886792452830188,10.018867924528301,0.26339285714285715,0.5851502337006136,0.19626720279636642,0.5851502337006136,0.18181818181818182,"{""novig"": {""0.5"": {""over"": -150}}, ""bet365"": {""0.5"": {""over"": -140, ""under"": 105}}, ""betmgm"": {""0.5"": {""over"": -150, ""under"": 110}}, ""draftkings"": {""0.5"": {""over"": -138, ""under"": 104}}, ""fanduel"": {""0.5"": {""over"": -155}}}",0.5,over,draftkings,-138.0,0.5798319327731093,True,0.0053,1.5,,,,,False,
683766,Christian Koss,SF,HOU,1,9.0,1,686613,Hunter Brown,R,823186,9:45 PM ET,Oracle Park,1,1,0.2114695340501792,2026-08-11,823186,0.0,1,100.6,96.8,86.1,R,4,4,1,0,0,0,0,0,0,0,1,4,0,0,1,2,1,0.394,0.46325,1,0,1,0,0,0,0.18181818181818182,0.21739130434782608,0.7272727272727273,0.2608695652173913,0.25,0.0,0.0,0.0,0.0,0.5333333333333333,0.8,0.28125,0.1875,0.46875,0.21875,0.0,0.24988095238095237,0.30533333333333335,0.125,0.375,0.31703333333333333,0.3732,0.1794871794871795,0.1794871794871795,0.2619047619047619,0.16666666666666666,0.16666666666666666,0.3333333333333333,0.5955555555555555,0.17582417582417584,0.324468085106383,0.12234042553191489,0.5298507462686567,0.23134328358208955,0.007462686567164179,7.132075471698114,1.1886792452830188,10.018867924528301,0.26339285714285715,0.3762425832547589,0.09097149617369998,0.3762425832547589,0.18181818181818182,"{""novig"": {""0.5"": {""over"": -127}}, ""bet365"": {""0.5"": {""over"": -135, ""under"": 100}}, ""betmgm"": {""0.5"": {""over"": -135, ""under"": 100}}, ""draftkings"": {""0.5"": {""over"": -123, ""under"": -108}}, ""fanduel"": {""0.5"": {""over"": -130}}}",0.5,over,draftkings,-123.0,0.5515695067264574,True,-0.1753,1.5,,,,,False,
701852,Drew Cavanaugh,SF,HOU,1,8.0,1,686613,Hunter Brown,R,823186,9:45 PM ET,Oracle Park,0,1,0.2114695340501792,2026-08-11,823186,0.0,1,100.6,96.8,86.1,L,4,4,0,0,0,0,0,0,0,1,0,3,0,1,0,1,1,0.30133333333333334,0.35633333333333334,0,0,0,0,1,0,0.25806451612903225,0.425,0.6774193548387096,0.24390243902439024,0.38095238095238093,0.03225806451612903,0.0,0.024390243902439025,0.03225806451612903,0.6,0.6666666666666666,0.18181818181818182,0.2727272727272727,0.5454545454545454,0.18181818181818182,0.0,0.29496666666666665,0.35974999999999996,0.16666666666666666,0.38461538461538464,0.24066666666666667,0.3381666666666667,0.2857142857142857,0.2857142857142857,0.2564102564102564,,,,0.5955555555555555,0.17582417582417584,0.324468085106383,0.12234042553191489,0.5298507462686567,0.23134328358208955,0.007462686567164179,7.132075471698114,1.1886792452830188,10.018867924528301,0.26339285714285715,0.4878202394859277,0.1450913589293641,0.4878202394859277,0.25806451612903225,"{""novig"": {""0.5"": {""over"": -108}}, ""bet365"": {""0.5"": {""over"": -105, ""under"": -130}}, ""betmgm"": {""0.5"": {""over"": 100, ""under"": -135}}, ""draftkings"": {""0.5"": {""over"": 109, ""under"": -145}}, ""fanduel"": {""0.5"": {""over"": -115}}}",0.5,over,draftkings,109.0,0.4784688995215311,True,0.0094,1.5,,,,,False,
687551,Drew Gilbert,SF,HOU,1,6.0,1,686613,Hunter Brown,R,823186,9:45 PM ET,Oracle Park,0,1,0.2114695340501792,2026-08-11,823186,0.0,1,100.6,96.8,86.1,L,4,3,1,0,0,1,0,0,1,1,4,3,1,3,1,1,1,0.428,1.0905,1,0,1,1,1,0,0.3055555555555556,0.4186046511627907,0.8611111111111112,0.11627906976744186,0.3548387096774194,0.05555555555555555,0.0,0.0,0.027777777777777776,0.8666666666666667,0.3333333333333333,0.3548387096774194,0.3548387096774194,0.22580645161290322,0.2903225806451613,0.0967741935483871,0.4051888888888889,0.6675666666666668,0.25,0.07142857142857142,0.26346666666666674,0.43673333333333336,0.3157894736842105,0.3684210526315789,0.13636363636363635,0.03125,0.03125,0.30303030303030304,0.5955555555555555,0.17582417582417584,0.324468085106383,0.12234042553191489,0.5298507462686567,0.23134328358208955,0.007462686567164179,7.132075471698114,1.1886792452830188,10.018867924528301,0.26339285714285715,0.5884351490943799,0.17989639041717642,0.5884351490943799,0.3055555555555556,"{""novig"": {""0.5"": {""over"": -130}}, ""bet365"": {""0.5"": {""over"": -120, ""under"": -110}}, ""betmgm"": {""0.5"": {""over"": -135, ""under"": 100}}, ""draftkings"": {""0.5"": {""over"": -121, ""under"": -109}}, ""fanduel"": {""0.5"": {""over"": -140}}}",0.5,over,bet365,-120.0,0.5454545454545454,True,0.043,1.5,,,,,False,
808982,Jung Hoo Lee,SF,HOU,1,1.0,1,686613,Hunter Brown,R,823186,9:45 PM ET,Oracle Park,0,1,0.2114695340501792,2026-08-11,823186,0.0,1,100.6,96.8,86.1,L,5,5,2,0,0,1,0,0,0,0,5,5,0,2,2,2,1,0.3816,0.8366,1,1,1,1,0,0,0.2711864406779661,0.3230769230769231,0.864406779661017,0.12307692307692308,0.2653061224489796,0.2711864406779661,0.046153846153846156,0.07692307692307693,0.15254237288135594,2.1333333333333333,0.5333333333333333,0.3269230769230769,0.23076923076923078,0.4807692307692308,0.19230769230769232,0.019230769230769232,0.30568666666666666,0.4518155555555555,0.15,0.09523809523809523,0.25181,0.34774666666666665,0.2413793103448276,0.46551724137931033,0.1774193548387097,0.3157894736842105,0.5087719298245614,0.07936507936507936,0.5955555555555555,0.17582417582417584,0.324468085106383,0.12234042553191489,0.5298507462686567,0.23134328358208955,0.007462686567164179,7.132075471698114,1.1886792452830188,10.018867924528301,0.26339285714285715,0.6221015849555204,0.22001260097419983,0.6221015849555204,0.2711864406779661,"{""novig"": {""1.5"": {""over"": 212}}, ""bet365"": {""0.5"": {""over"": -270, ""under"": 195}}, ""betmgm"": {""1.5"": {""over"": 195, ""under"": -275}}, ""draftkings"": {""0.5"": {""over"": -266, ""under"": 196}}, ""fanduel"": {""0.5"": {""over"": -230}}}",0.5,over,fanduel,-230.0,0.696969696969697,True,-0.0749,1.5,over,novig,212.0,0.32051282051282054,True,-0.1005
678545,Osleivis Basabe,SF,HOU,1,7.0,1,686613,Hunter Brown,R,823186,9:45 PM ET,Oracle Park,1,1,0.2114695340501792,2026-08-11,823186,0.0,1,100.6,96.8,86.1,R,4,4,1,0,0,0,0,0,0,0,1,4,0,1,2,2,0,0.13924999999999998,0.23425,1,0,1,0,0,0,0.25,0.2608695652173913,0.75,0.2391304347826087,0.25806451612903225,0.22727272727272727,0.06521739130434782,0.021739130434782608,0.09090909090909091,1.4,0.7333333333333333,0.38235294117647056,0.08823529411764706,0.5294117647058824,0.3235294117647059,0.058823529411764705,0.27364583333333337,0.45025833333333337,0.21052631578947367,0.21052631578947367,0.28756666666666664,0.35992,0.225,0.35,0.2857142857142857,0.30952380952380953,0.6190476190476191,0.23404255319148937,0.5955555555555555,0.17582417582417584,0.324468085106383,0.12234042553191489,0.5298507462686567,0.23134328358208955,0.007462686567164179,7.132075471698114,1.1886792452830188,10.018867924528301,0.26339285714285715,0.5722162441698203,0.1741358297587813,0.5722162441698203,0.25,"{""novig"": {""0.5"": {""over"": -141}}, ""bet365"": {""0.5"": {""over"": -180, ""under"": 135}}, ""betmgm"": {""0.5"": {""over"": -165, ""under"": 125}}, ""draftkings"": {""0.5"": {""over"": -146, ""under"": 110}}, ""fanduel"": {""0.5"": {""over"": -165}}}",0.5,over,novig,-141.0,0.5850622406639004,True,-0.0128,1.5,,,,,False,
646240,Rafael Devers,SF,HOU,1,4.0,1,686613,Hunter Brown,R,823186,9:45 PM ET,Oracle Park,0,1,0.2114695340501792,2026-08-11,823186,0.0,1,100.6,96.8,86.1,L,4,3,0,0,0,0,1,0,0,2,0,1,0,0,1,0,0,0.017,0.034,0,0,0,0,1,1,0.2830188679245283,0.36065573770491804,0.8113207547169812,0.16393442622950818,0.2926829268292683,0.18867924528301888,0.04918032786885246,0.01639344262295082,0.07547169811320754,1.6666666666666667,0.6666666666666666,0.5454545454545454,0.18181818181818182,0.5227272727272727,0.2727272727272727,0.022727272727272728,0.3178388888888889,0.5149111111111111,0.2777777777777778,0.21052631578947367,0.3368666666666668,0.5214333333333332,0.25925925925925924,0.5185185185185185,0.19672131147540983,0.24074074074074073,0.42592592592592593,0.20634920634920634,0.5955555555555555,0.17582417582417584,0.324468085106383,0.12234042553191489,0.5298507462686567,0.23134328358208955,0.007462686567164179,7.132075471698114,1.1886792452830188,10.018867924528301,0.26339285714285715,0.6292078474927062,0.22788020146988527,0.6292078474927062,0.2830188679245283,"{""novig"": {""0.5"": {""over"": -147, ""under"": 108}}, ""bet365"": {""0.5"": {""over"": -155, ""under"": 115}}, ""betmgm"": {""0.5"": {""over"": -175, ""under"": 130}}, ""draftkings"": {""0.5"": {""over"": -143, ""under"": 107}}, ""fanduel"": {""0.5"": {""over"": -150}}}",0.5,over,draftkings,-143.0,0.588477366255144,True,0.0407,1.5,,,,,False,
682674,Victor Bericoto,SF,HOU,1,5.0,1,686613,Hunter Brown,R,823186,9:45 PM ET,Oracle Park,1,1,0.2114695340501792,2026-08-11,823186,0.0,1,100.6,96.8,86.1,R,3,3,0,0,0,0,0,0,0,2,0,1,0,0,0,0,1,0.217,0.264,0,0,0,0,1,1,0.32608695652173914,0.3404255319148936,0.782608695652174,0.2127659574468085,0.34375,0.32608695652173914,0.0851063829787234,0.06382978723404255,0.15217391304347827,2.0,0.6666666666666666,0.4444444444444444,0.16666666666666666,0.5,0.3333333333333333,0.1111111111111111,0.29026785714285713,0.6605952380952382,0.35,0.15,0.33798333333333336,0.5742666666666667,0.2631578947368421,0.4473684210526316,0.15,0.3125,0.625,0.3125,0.5955555555555555,0.17582417582417584,0.324468085106383,0.12234042553191489,0.5298507462686567,0.23134328358208955,0.007462686567164179,7.132075471698114,1.1886792452830188,10.018867924528301,0.26339285714285715,0.6322286867862381,0.21123921023301442,0.6322286867862381,0.32608695652173914,,0.5,,,,,False,,1.5,,,,,False,
642715,Willy Adames,SF,HOU,1,2.0,1,686613,Hunter Brown,R,823186,9:45 PM ET,Oracle Park,1,1,0.2114695340501792,2026-08-11,823186,0.0,1,100.6,96.8,86.1,R,4,3,0,0,0,0,1,0,0,1,0,2,0,1,2,0,0,0.0555,0.1865,0,0,0,0,1,0,0.20754716981132076,0.3114754098360656,0.7547169811320755,0.21311475409836064,0.2564102564102564,0.09433962264150944,0.01639344262295082,0.03278688524590164,0.05660377358490566,1.0666666666666667,0.8666666666666667,0.275,0.15,0.375,0.3,0.0,0.2884422222222222,0.39878444444444444,0.23529411764705882,0.3684210526315789,0.3256,0.5396333333333334,0.19607843137254902,0.37254901960784315,0.2542372881355932,0.2807017543859649,0.543859649122807,0.25396825396825395,0.5955555555555555,0.17582417582417584,0.324468085106383,0.12234042553191489,0.5298507462686567,0.23134328358208955,0.007462686567164179,7.132075471698114,1.1886792452830188,10.018867924528301,0.26339285714285715,0.6190807456619885,0.22112605411180833,0.6190807456619885,0.20754716981132076,"{""novig"": {""0.5"": {""over"": -170}}, ""bet365"": {""0.5"": {""over"": -165, ""under"": 125}}, ""betmgm"": {""0.5"": {""over"": -185, ""under"": 135}}, ""draftkings"": {""0.5"": {""over"": -150, ""under"": 113}}, ""fanduel"": {""0.5"": {""over"": -155}}}",0.5,over,draftkings,-150.0,0.6,True,0.0191,1.5,,,,,False,
677951,Bobby Witt Jr.,KC,LAD,0,2.0,1,605483,Blake Snell,L,823917,10:10 PM ET,Dodger Stadium,1,0,0.18233082706766918,2026-08-11,823917,0.0,1,96.8,101.9,115.2,R,4,3,0,0,0,0,1,0,0,2,0,1,0,1,0,1,0,0.172,0.18,0,0,0,0,1,1,0.23728813559322035,0.3076923076923077,0.7796610169491526,0.2,0.28888888888888886,0.11864406779661017,0.015384615384615385,0.06153846153846154,0.0847457627118644,1.4,0.8666666666666667,0.45652173913043476,0.2391304347826087,0.391304347826087,0.2608695652173913,0.043478260869565216,0.29081904761904764,0.5109309523809523,0.29411764705882354,0.05,0.25055,0.4857333333333333,0.3,0.48333333333333334,0.18461538461538463,0.2222222222222222,0.35185185185185186,0.1746031746031746,0.5847457627118644,0.2028985507246377,0.3,0.08571428571428572,0.5579710144927537,0.18115942028985507,0.014492753623188406,7.349112426035504,0.47928994082840237,11.183431952662723,0.30434782608695654,0.6390655174810775,0.29378024981502343,0.6390655174810775,0.23728813559322035,"{""novig"": {""1.5"": {""over"": 233, ""under"": -355}}, ""bet365"": {""0.5"": {""over"": -235, ""under"": 175}}, ""betmgm"": {""0.5"": {""over"": -210, ""under"": 155}}, ""draftkings"": {""0.5"": {""over"": -210, ""under"": 156}}, ""fanduel"": {""0.5"": {""over"": -250}}}",0.5,over,draftkings,-210.0,0.6774193548387096,True,-0.0384,1.5,over,novig,233.0,0.3003003003003003,True,-0.0065
695600,Carter Jensen,KC,LAD,0,5.0,1,605483,Blake Snell,L,823917,10:10 PM ET,Dodger Stadium,0,0,0.18233082706766918,2026-08-11,823917,0.0,1,96.8,101.9,115.2,L,4,3,0,0,0,0,1,0,0,1,0,2,0,1,2,0,0,0.034499999999999996,0.11349999999999999,0,0,0,0,1,0,0.14814814814814814,0.2698412698412698,0.5740740740740741,0.36507936507936506,0.20689655172413793,0.18518518518518517,0.031746031746031744,0.031746031746031744,0.09259259259259259,1.2,1.5333333333333334,0.45161290322580644,0.1935483870967742,0.41935483870967744,0.25806451612903225,0.06451612903225806,0.30247619047619045,0.574672619047619,0.11764705882352941,0.3333333333333333,0.31409999999999993,0.6916333333333333,0.16363636363636364,0.4,0.3125,0.19642857142857142,0.32142857142857145,0.288135593220339,0.5847457627118644,0.2028985507246377,0.3,0.08571428571428572,0.5579710144927537,0.18115942028985507,0.014492753623188406,7.349112426035504,0.47928994082840237,11.183431952662723,0.30434782608695654,0.5551225376501936,0.2141130482387382,0.5551225376501936,0.14814814814814814,"{""novig"": {""0.5"": {""over"": -115, ""under"": -120}}, ""bet365"": {""0.5"": {""over"": -110, ""under"": -120}}, ""betmgm"": {""0.5"": {""over"": -115, ""under"": -115}}, ""draftkings"": {""0.5"": {""over"": -121, ""under"": -109}}, ""fanduel"": {""0.5"": {""over"": -125}}}",0.5,over,bet365,-110.0,0.5238095238095238,True,0.0313,1.5,,,,,False,
695506,Jac Caglianone,KC,LAD,0,3.0,1,605483,Blake Snell,L,823917,10:10 PM ET,Dodger Stadium,0,0,0.18233082706766918,2026-08-11,823917,0.0,1,96.8,101.9,115.2,L,4,4,2,0,0,1,0,0,0,1,5,3,0,2,0,2,1,0.4726666666666666,0.7226666666666667,1,1,1,1,1,0,0.2982456140350877,0.3220338983050847,0.8596491228070176,0.13559322033898305,0.28888888888888886,0.2807017543859649,0.06779661016949153,0.06779661016949153,0.14035087719298245,2.2,0.5333333333333333,0.5510204081632653,0.22448979591836735,0.5102040816326531,0.24489795918367346,0.0,0.3489111111111111,0.6417999999999999,0.47368421052631576,0.05263157894736842,0.4357833333333333,0.8777666666666665,0.25925925925925924,0.48148148148148145,0.14285714285714285,0.328125,0.625,0.2647058823529412,0.5847457627118644,0.2028985507246377,0.3,0.08571428571428572,0.5579710144927537,0.18115942028985507,0.014492753623188406,7.349112426035504,0.47928994082840237,11.183431952662723,0.30434782608695654,0.6404963857809184,0.24898964707631768,0.6404963857809184,0.2982456140350877,"{""novig"": {""0.5"": {""over"": -160, ""under"": 130}}, ""bet365"": {""0.5"": {""over"": -180, ""under"": 135}}, ""betmgm"": {""0.5"": {""over"": -160, ""under"": 120}}, ""draftkings"": {""0.5"": {""over"": -164, ""under"": 123}}, ""fanduel"": {""0.5"": {""over"": -165}}}",0.5,over,novig,-160.0,0.6153846153846154,True,0.0251,1.5,,,,,False,
670231,John Rave,KC,LAD,0,8.0,1,605483,Blake Snell,L,823917,10:10 PM ET,Dodger Stadium,0,0,0.18233082706766918,2026-08-11,823917,0.0,1,96.8,101.9,115.2,L,4,3,1,0,0,0,1,0,0,0,1,3,0,0,1,1,1,0.49333333333333335,0.5603333333333333,1,0,1,0,0,0,0.2564102564102564,0.30952380952380953,0.7692307692307693,0.20454545454545456,0.2857142857142857,0.3076923076923077,0.045454545454545456,0.09090909090909091,0.1794871794871795,1.4666666666666666,0.6,0.3870967741935484,0.12903225806451613,0.45161290322580644,0.2903225806451613,0.0,0.3611153846153846,0.7450833333333333,0.09090909090909091,0.07692307692307693,0.13612500000000005,0.1579375,0.2571428571428571,0.6,0.21951219512195122,0.14285714285714285,0.14285714285714285,0.25,0.5847457627118644,0.2028985507246377,0.3,0.08571428571428572,0.5579710144927537,0.18115942028985507,0.014492753623188406,7.349112426035504,0.47928994082840237,11.183431952662723,0.30434782608695654,0.4962179078906539,0.17328747033521463,0.4962179078906539,0.2564102564102564,"{""novig"": {""0.5"": {""over"": 130, ""under"": -170}}, ""bet365"": {""0.5"": {""over"": 130, ""under"": -170}}, ""betmgm"": {""0.5"": {""over"": 125, ""under"": -165}}, ""draftkings"": {""0.5"": {""over"": 136, ""under"": -181}}, ""fanduel"": {""0.5"": {""over"": -110}}}",0.5,over,draftkings,136.0,0.423728813559322,True,0.0725,1.5,,,,,False,
664728,Kyle Isbel,KC,LAD,0,9.0,1,605483,Blake Snell,L,823917,10:10 PM ET,Dodger Stadium,0,0,0.18233082706766918,2026-08-11,823917,0.0,1,96.8,101.9,115.2,L,4,4,1,0,0,1,0,0,0,0,4,4,0,3,1,3,0,0.2545,0.37425,1,0,1,1,0,0,0.1951219512195122,0.24444444444444444,0.8292682926829268,0.15217391304347827,0.22857142857142856,0.024390243902439025,0.0,0.021739130434782608,0.024390243902439025,0.6,0.4666666666666667,0.4166666666666667,0.1111111111111111,0.6111111111111112,0.16666666666666666,0.0,0.29094230769230767,0.33323717948717946,0.0,0.14285714285714285,0.20710416666666667,0.2434583333333331,0.18421052631578946,0.21052631578947367,0.20454545454545456,0.1590909090909091,0.20454545454545456,0.2857142857142857,0.5847457627118644,0.2028985507246377,0.3,0.08571428571428572,0.5579710144927537,0.18115942028985507,0.014492753623188406,7.349112426035504,0.47928994082840237,11.183431952662723,0.30434782608695654,0.28368289079213155,0.08089307306017572,0.28368289079213155,0.1951219512195122,"{""novig"": {""0.5"": {""over"": 108, ""under"": -147}}, ""bet365"": {""0.5"": {""over"": -105, ""under"": -130}}, ""betmgm"": {""0.5"": {""over"": 110, ""under"": -150}}, ""draftkings"": {""0.5"": {""over"": 102, ""under"": -135}}, ""fanduel"": {""0.5"": {""over"": -100}}}",0.5,over,betmgm,110.0,0.47619047619047616,True,-0.1925,1.5,,,,,False,
686681,Michael Massey,KC,LAD,0,6.0,1,605483,Blake Snell,L,823917,10:10 PM ET,Dodger Stadium,0,0,0.18233082706766918,2026-08-11,823917,0.0,1,96.8,101.9,115.2,L,4,4,1,0,0,0,0,0,0,3,1,1,0,1,0,1,0,0.58,0.639,1,0,1,0,1,1,0.22641509433962265,0.23214285714285715,0.8490566037735849,0.14285714285714285,0.2222222222222222,0.18867924528301888,0.03571428571428571,0.03571428571428571,0.09433962264150944,1.4666666666666666,0.5333333333333333,0.3829787234042553,0.23404255319148937,0.425531914893617,0.3191489361702128,0.0,0.29344444444444445,0.48643333333333333,0.2631578947368421,0.10526315789473684,0.29218333333333335,0.53545,0.22807017543859648,0.3157894736842105,0.15,0.2826086956521739,0.5434782608695652,0.30612244897959184,0.5847457627118644,0.2028985507246377,0.3,0.08571428571428572,0.5579710144927537,0.18115942028985507,0.014492753623188406,7.349112426035504,0.47928994082840237,11.183431952662723,0.30434782608695654,0.5705668499886442,0.20940408645353883,0.5705668499886442,0.22641509433962265,"{""novig"": {""0.5"": {""over"": -127}}, ""bet365"": {""0.5"": {""over"": -130, ""under"": -105}}, ""draftkings"": {""0.5"": {""over"": -131, ""under"": -101}}, ""fanduel"": {""0.5"": {""over"": -135}}}",0.5,over,novig,-127.0,0.5594713656387665,True,0.0111,1.5,,,,,False,
679845,Nick Loftin,KC,LAD,0,1.0,1,605483,Blake Snell,L,823917,10:10 PM ET,Dodger Stadium,1,0,0.18233082706766918,2026-08-11,823917,0.0,1,96.8,101.9,115.2,R,4,2,2,1,0,0,1,1,0,0,3,2,0,1,0,0,2,0.7155,0.8945,1,1,1,1,0,0,0.2222222222222222,0.3076923076923077,0.7555555555555555,0.2037037037037037,0.2647058823529412,0.15555555555555556,0.018518518518518517,0.07407407407407407,0.1111111111111111,1.1333333333333333,0.7333333333333333,0.24324324324324326,0.21621621621621623,0.40540540540540543,0.2702702702702703,0.0,0.29165384615384615,0.4625641025641025,0.14285714285714285,0.25,0.16866666666666666,0.22716666666666666,0.2826086956521739,0.391304347826087,0.1568627450980392,0.2692307692307692,0.38461538461538464,0.1694915254237288,0.5847457627118644,0.2028985507246377,0.3,0.08571428571428572,0.5579710144927537,0.18115942028985507,0.014492753623188406,7.349112426035504,0.47928994082840237,11.183431952662723,0.30434782608695654,0.617908729894941,0.27707086738892595,0.617908729894941,0.2222222222222222,"{""novig"": {""0.5"": {""over"": -138, ""under"": 115}}, ""bet365"": {""0.5"": {""over"": -165, ""under"": 125}}, ""betmgm"": {""0.5"": {""over"": -160, ""under"": 120}}, ""draftkings"": {""0.5"": {""over"": -140, ""under"": 106}}, ""fanduel"": {""0.5"": {""over"": -155}}}",0.5,over,novig,-138.0,0.5798319327731093,True,0.0381,1.5,,,,,False,
521692,Salvador Perez,KC,LAD,0,4.0,1,605483,Blake Snell,L,823917,10:10 PM ET,Dodger Stadium,1,0,0.18233082706766918,2026-08-11,823917,0.0,1,96.8,101.9,115.2,R,4,4,0,0,0,0,0,0,0,1,0,3,0,2,1,2,0,0.3323333333333333,0.5666666666666667,0,0,0,0,1,0,0.24561403508771928,0.2903225806451613,0.8245614035087719,0.16129032258064516,0.2608695652173913,0.19298245614035087,0.03225806451612903,0.04838709677419355,0.10526315789473684,1.6666666666666667,0.6666666666666666,0.375,0.20833333333333334,0.4166666666666667,0.375,0.020833333333333332,0.30566666666666664,0.5475666666666666,0.23529411764705882,0.0,0.1890333333333333,0.26873333333333316,0.2545454545454545,0.5818181818181818,0.21311475409836064,0.2711864406779661,0.4576271186440678,0.140625,0.5847457627118644,0.2028985507246377,0.3,0.08571428571428572,0.5579710144927537,0.18115942028985507,0.014492753623188406,7.349112426035504,0.47928994082840237,11.183431952662723,0.30434782608695654,0.5800458585498587,0.2307907130637851,0.5800458585498587,0.24561403508771928,"{""novig"": {""0.5"": {""over"": -147, ""under"": 108}}, ""bet365"": {""0.5"": {""over"": -180, ""under"": 135}}, ""betmgm"": {""0.5"": {""over"": -150, ""under"": 110}}, ""draftkings"": {""0.5"": {""over"": -151, ""under"": 113}}, ""fanduel"": {""0.5"": {""over"": -160}}}",0.5,over,novig,-147.0,0.5951417004048583,True,-0.0151,1.5,,,,,False,
686475,Tyler Tolbert,KC,LAD,0,7.0,1,605483,Blake Snell,L,823917,10:10 PM ET,Dodger Stadium,1,0,0.18233082706766918,2026-08-11,823917,0.0,1,96.8,101.9,115.2,R,4,3,0,0,0,0,1,0,0,0,0,3,0,1,1,1,1,0.26966666666666667,0.3133333333333333,0,0,0,0,0,0,0.391304347826087,0.4166666666666667,0.8695652173913043,0.11764705882352941,0.40540540540540543,0.2826086956521739,0.058823529411764705,0.0784313725490196,0.15217391304347827,2.066666666666667,0.4,0.2558139534883721,0.20930232558139536,0.4883720930232558,0.23255813953488372,0.023255813953488372,0.2992435897435898,0.4210846153846154,0.3888888888888889,0.21052631578947367,0.39163333333333333,0.5648333333333333,0.35,0.55,0.21739130434782608,0.3157894736842105,0.42105263157894735,0.09302325581395349,0.5847457627118644,0.2028985507246377,0.3,0.08571428571428572,0.5579710144927537,0.18115942028985507,0.014492753623188406,7.349112426035504,0.47928994082840237,11.183431952662723,0.30434782608695654,0.6057417906611141,0.22506789098041735,0.6057417906611141,0.391304347826087,"{""novig"": {""0.5"": {""over"": -102, ""under"": -133}}, ""bet365"": {""0.5"": {""over"": -130, ""under"": -105}}, ""betmgm"": {""0.5"": {""over"": -115, ""under"": -115}}, ""draftkings"": {""0.5"": {""over"": 104, ""under"": -139}}, ""fanduel"": {""0.5"": {""over"": -135}}}",0.5,over,draftkings,104.0,0.49019607843137253,True,0.1155,1.5,,,,,False,
