batter,player_name,team_abbr,opp_team,is_home,bat_order,in_lineup,pitcher_id,pitcher_name,p_throws,game_id,game_time,stadium,stand_R,p_throws_R,opp_k_pct_15,game_date,game_pk,is_dome,wind_out,hit_factor,tb_factor,hr_factor,stand,pa,ab,h,doubles,triples,hr,bb,hbp,sf,k,tb,batted_balls,barrels,hard_hits,fly_balls,ground_balls,line_drives,avg_xba,avg_xslg,target_hit_1plus,target_hit_2plus,target_tb_1plus,target_tb_2plus,target_k_1plus,target_k_2plus,batting_avg_15,obp_15,contact_rate_15,k_rate_15,babip_15,iso_15,hr_rate_15,doubles_rate_15,extra_base_hit_rate_15,avg_total_bases_15,avg_k_per_game_15,hard_hit_pct_15,line_drive_pct_15,gb_pct_15,fly_ball_pct_15,barrel_pct_15,xba_15,xslg_15,batting_avg_last_5,k_rate_last_5,xba_last_5,xslg_last_5,batting_avg_vs_R_15,slg_vs_R_15,k_rate_vs_R_15,batting_avg_vs_L_15,slg_vs_L_15,k_rate_vs_L_15,p_contact_rate_allowed_10,p_babip_allowed_10,p_slg_allowed_10,p_iso_allowed_10,p_gb_pct_10,p_fb_pct_10,p_barrel_pct_allowed_10,p_hits_per9_10,p_hr_per9_10,p_k_per9_10,p_k_rate_10,p_tb_1plus,p_tb_2plus,adj_prob,pred_total_bases,book_markets,primary_line,primary_side,primary_best_book,primary_best_odds,primary_book_implied,primary_has_line,primary_edge,secondary_line,secondary_side,secondary_best_book,secondary_best_odds,secondary_book_implied,secondary_has_line,secondary_edge,secondary_is_hits_fallback
693307,Dillon Dingler,DET,TB,1,4.0,1.0,668984,Casey Legumina,R,824233,6:40 PM ET,Comerica Park,1,1,0.1916376306620209,2026-08-25,824233,0.0,1,97.6,97.8,106.5,R,4,3,1,0,0,0,0,1,0,1,1,2,0,0,1,0,1,0.46749999999999997,0.5025000000000001,1,0,1,0,1,0,0.11290322580645161,0.1791044776119403,0.7419354838709677,0.23880597014925373,0.13333333333333333,0.08064516129032258,0.014925373134328358,0.029850746268656716,0.04838709677419355,0.8,1.0666666666666667,0.2826086956521739,0.17391304347826086,0.32608695652173914,0.3695652173913043,0.021739130434782608,0.2630595238095238,0.36573690476190474,0.1111111111111111,0.25,0.31660416666666663,0.42164583333333333,0.18181818181818182,0.3484848484848485,0.19444444444444445,0.24074074074074073,0.3888888888888889,0.3050847457627119,0.7169811320754716,0.23404255319148937,0.2978723404255319,0.06382978723404255,0.5,0.23684210526315788,0.02631578947368421,6.394736842105263,0.7105263157894738,7.105263157894737,0.19607843137254902,0.6052434123477002,0.36520036917525717,0.6052434123477002,0.8,,1.5,,,,,False,,0.5,,,,,False,,False
680664,Eduardo Valencia,DET,TB,1,5.0,1.0,668984,Casey Legumina,R,824233,6:40 PM ET,Comerica Park,1,1,0.1916376306620209,2026-08-25,824233,0.0,1,97.6,97.8,106.5,R,5,5,1,0,0,0,0,0,0,1,1,4,0,2,1,2,1,0.25625,0.47250000000000003,1,0,1,0,1,0,0.2727272727272727,0.28888888888888886,0.7045454545454546,0.28888888888888886,0.3448275862068966,0.2727272727272727,0.044444444444444446,0.13333333333333333,0.18181818181818182,1.6,0.8666666666666667,0.45161290322580644,0.25806451612903225,0.45161290322580644,0.22580645161290322,0.06451612903225806,0.3316222222222222,0.6767177777777779,0.15384615384615385,0.38461538461538464,0.1763666666666667,0.28419999999999995,0.3939393939393939,0.7272727272727273,0.2857142857142857,0.3103448275862069,0.7586206896551724,0.2413793103448276,0.7169811320754716,0.23404255319148937,0.2978723404255319,0.06382978723404255,0.5,0.23684210526315788,0.02631578947368421,6.394736842105263,0.7105263157894738,7.105263157894737,0.19607843137254902,0.5591382859859776,0.2728135561821363,0.5591382859859776,1.6,,1.5,,,,,False,,0.5,,,,,False,,False
650402,Gleyber Torres,DET,TB,1,1.0,1.0,668984,Casey Legumina,R,824233,6:40 PM ET,Comerica Park,1,1,0.1916376306620209,2026-08-25,824233,0.0,1,97.6,97.8,106.5,R,5,5,1,0,0,0,0,0,0,0,1,5,0,2,2,2,1,0.22680000000000003,0.3096,1,0,1,0,0,0,0.24193548387096775,0.3088235294117647,0.8548387096774194,0.1323529411764706,0.2692307692307692,0.08064516129032258,0.014705882352941176,0.029411764705882353,0.04838709677419355,1.3333333333333333,0.6,0.2830188679245283,0.22641509433962265,0.5283018867924528,0.22641509433962265,0.018867924528301886,0.3115744444444444,0.4222588888888889,0.15,0.13043478260869565,0.3101333333333332,0.38615,0.25396825396825395,0.42857142857142855,0.17391304347826086,0.24,0.42,0.16176470588235295,0.7169811320754716,0.23404255319148937,0.2978723404255319,0.06382978723404255,0.5,0.23684210526315788,0.02631578947368421,6.394736842105263,0.7105263157894738,7.105263157894737,0.19607843137254902,0.6712045965260064,0.4199317210118194,0.6712045965260064,1.3333333333333333,,1.5,,,,,False,,0.5,,,,,False,,False
701678,Hao-Yu Lee,DET,TB,1,2.0,1.0,668984,Casey Legumina,R,824233,6:40 PM ET,Comerica Park,1,1,0.1916376306620209,2026-08-25,824233,0.0,1,97.6,97.8,106.5,R,4,4,0,0,0,0,0,0,0,2,0,2,0,1,0,2,0,0.321,0.36650000000000005,0,0,0,0,1,1,0.34285714285714286,0.425,0.9142857142857143,0.075,0.3548387096774194,0.14285714285714285,0.025,0.05,0.08571428571428572,1.1333333333333333,0.2,0.46875,0.28125,0.4375,0.25,0.0625,0.35319999999999996,0.5431589743589744,0.35714285714285715,0.0625,0.3226266666666667,0.6614666666666668,0.34615384615384615,0.6538461538461539,0.1896551724137931,0.25806451612903225,0.3225806451612903,0.14705882352941177,0.7169811320754716,0.23404255319148937,0.2978723404255319,0.06382978723404255,0.5,0.23684210526315788,0.02631578947368421,6.394736842105263,0.7105263157894738,7.105263157894737,0.19607843137254902,0.5843922936697675,0.32013483898510636,0.5843922936697675,1.1333333333333333,,1.5,,,,,False,,0.5,,,,,False,,False
595879,Javier Báez,DET,TB,1,8.0,1.0,668984,Casey Legumina,R,824233,6:40 PM ET,Comerica Park,1,1,0.1916376306620209,2026-08-25,824233,0.0,1,97.6,97.8,106.5,R,3,3,1,0,0,0,0,0,0,2,1,1,0,1,0,1,0,0.186,0.201,1,0,1,0,1,1,0.21428571428571427,0.2542372881355932,0.8214285714285714,0.1694915254237288,0.2608695652173913,0.05357142857142857,0.0,0.05084745762711865,0.05357142857142857,1.0,0.6666666666666666,0.34782608695652173,0.13043478260869565,0.6304347826086957,0.17391304347826086,0.0,0.26760666666666666,0.3198,0.11764705882352941,0.1111111111111111,0.27998333333333336,0.32624999999999993,0.2222222222222222,0.3148148148148148,0.19298245614035087,0.23529411764705882,0.27450980392156865,0.17307692307692307,0.7169811320754716,0.23404255319148937,0.2978723404255319,0.06382978723404255,0.5,0.23684210526315788,0.02631578947368421,6.394736842105263,0.7105263157894738,7.105263157894737,0.19607843137254902,0.5754246314709368,0.3064190322891755,0.5754246314709368,1.0,,1.5,,,,,False,,0.5,,,,,False,,False
805808,Kevin McGonigle,DET,TB,1,3.0,1.0,668984,Casey Legumina,R,824233,6:40 PM ET,Comerica Park,0,1,0.1916376306620209,2026-08-25,824233,0.0,1,97.6,97.8,106.5,L,4,4,1,1,0,0,0,0,0,0,2,4,0,2,1,1,1,0.46425,0.74075,1,0,1,1,0,0,0.27419354838709675,0.34285714285714286,0.8387096774193549,0.14285714285714285,0.29411764705882354,0.14516129032258066,0.02857142857142857,0.04285714285714286,0.08064516129032258,1.7333333333333334,0.6666666666666666,0.41509433962264153,0.2641509433962264,0.2830188679245283,0.41509433962264153,0.03773584905660377,0.3029377777777778,0.5686688888888889,0.3157894736842105,0.09090909090909091,0.3340166666666667,0.8206000000000001,0.2857142857142857,0.47619047619047616,0.14285714285714285,0.1694915254237288,0.23728813559322035,0.21739130434782608,0.7169811320754716,0.23404255319148937,0.2978723404255319,0.06382978723404255,0.5,0.23684210526315788,0.02631578947368421,6.394736842105263,0.7105263157894738,7.105263157894737,0.19607843137254902,0.6458480796717395,0.38098693895244645,0.6458480796717395,1.7333333333333334,,1.5,,,,,False,,0.5,,,,,False,,False
703601,Max Clark,DET,TB,1,9.0,1.0,668984,Casey Legumina,R,824233,6:40 PM ET,Comerica Park,0,1,0.1916376306620209,2026-08-25,824233,0.0,1,97.6,97.8,106.5,L,3,3,0,0,0,0,0,0,0,1,0,2,0,2,2,0,0,0.2455,0.7365,0,0,0,0,1,0,0.21818181818181817,0.24561403508771928,0.8363636363636363,0.15789473684210525,0.2608695652173913,0.09090909090909091,0.0,0.017543859649122806,0.05454545454545454,1.1333333333333333,0.6,0.34782608695652173,0.2608695652173913,0.43478260869565216,0.21739130434782608,0.0,0.3348777777777778,0.4085555555555556,0.1875,0.1111111111111111,0.3727333333333333,0.43579999999999997,0.21428571428571427,0.30357142857142855,0.2542372881355932,0.375,0.5,0.05263157894736842,0.7169811320754716,0.23404255319148937,0.2978723404255319,0.06382978723404255,0.5,0.23684210526315788,0.02631578947368421,6.394736842105263,0.7105263157894738,7.105263157894737,0.19607843137254902,0.4611006034444149,0.24366182988718021,0.4611006034444149,1.1333333333333333,,1.5,,,,,False,,0.5,,,,,False,,False
679529,Spencer Torkelson,DET,TB,1,7.0,1.0,668984,Casey Legumina,R,824233,6:40 PM ET,Comerica Park,1,1,0.1916376306620209,2026-08-25,824233,0.0,1,97.6,97.8,106.5,R,4,4,1,1,0,0,0,0,0,2,2,2,0,1,0,0,1,0.07150000000000001,0.123,1,0,1,1,1,1,0.24444444444444444,0.38181818181818183,0.6444444444444445,0.2909090909090909,0.3793103448275862,0.044444444444444446,0.0,0.03636363636363636,0.044444444444444446,0.8666666666666667,1.0666666666666667,0.3448275862068966,0.2413793103448276,0.3793103448275862,0.2413793103448276,0.034482758620689655,0.21989285714285714,0.33027380952380947,0.0,0.47058823529411764,0.08719999999999992,0.14420000000000016,0.24528301886792453,0.2830188679245283,0.3064516129032258,0.28846153846153844,0.4807692307692308,0.25,0.7169811320754716,0.23404255319148937,0.2978723404255319,0.06382978723404255,0.5,0.23684210526315788,0.02631578947368421,6.394736842105263,0.7105263157894738,7.105263157894737,0.19607843137254902,0.6039557184860526,0.37951199989487017,0.6039557184860526,0.8666666666666667,,1.5,,,,,False,,0.5,,,,,False,,False
656716,Zach McKinstry,DET,TB,1,6.0,1.0,668984,Casey Legumina,R,824233,6:40 PM ET,Comerica Park,0,1,0.1916376306620209,2026-08-25,824233,0.0,1,97.6,97.8,106.5,L,4,4,0,0,0,0,0,0,0,1,0,3,0,0,1,1,1,0.3,0.34833333333333333,0,0,0,0,1,0,0.275,0.3829787234042553,0.825,0.14893617021276595,0.3333333333333333,0.075,0.0,0.06382978723404255,0.075,0.9333333333333333,0.4666666666666667,0.15151515151515152,0.36363636363636365,0.3939393939393939,0.24242424242424243,0.0,0.23711904761904762,0.316172619047619,0.23076923076923078,0.3333333333333333,0.14169999999999994,0.2073000000000001,0.275,0.35,0.14893617021276595,0.2127659574468085,0.2553191489361702,0.18867924528301888,0.7169811320754716,0.23404255319148937,0.2978723404255319,0.06382978723404255,0.5,0.23684210526315788,0.02631578947368421,6.394736842105263,0.7105263157894738,7.105263157894737,0.19607843137254902,0.5765546733971878,0.30630898844890825,0.5765546733971878,0.9333333333333333,,1.5,,,,,False,,0.5,,,,,False,,False
656775,Cedric Mullins,TB,DET,0,7.0,1.0,695549,Jackson Jobe,R,824233,6:40 PM ET,Comerica Park,0,1,0.15187713310580206,2026-08-25,824233,0.0,1,97.6,97.8,106.5,L,1,1,0,0,0,0,0,0,0,0,0,1,0,0,0,0,0,0.02,0.027,0,0,0,0,0,0,0.21739130434782608,0.32727272727272727,0.8478260869565217,0.12280701754385964,0.25,0.08695652173913043,0.0,0.03508771929824561,0.06521739130434782,0.9333333333333333,0.4666666666666667,0.3902439024390244,0.14634146341463414,0.36585365853658536,0.36585365853658536,0.0,0.23696333333333333,0.3847766666666666,0.08333333333333333,0.05555555555555555,0.11776666666666671,0.27393333333333325,0.21739130434782608,0.30434782608695654,0.12280701754385964,0.1956521739130435,0.34782608695652173,0.17857142857142858,0.695852534562212,0.22950819672131148,0.4368421052631579,0.17894736842105263,0.4370860927152318,0.2781456953642384,0.026490066225165563,7.415492957746479,1.1408450704225352,7.035211267605633,0.178743961352657,0.5936930006008773,0.347020526728454,0.5936930006008773,0.9333333333333333,,1.5,,,,,False,,0.5,,,,,False,,False
802415,Chandler Simpson,TB,DET,0,5.0,1.0,695549,Jackson Jobe,R,824233,6:40 PM ET,Comerica Park,0,1,0.15187713310580206,2026-08-25,824233,0.0,1,97.6,97.8,106.5,L,4,4,2,0,0,0,0,0,0,0,2,4,0,0,0,4,0,0.16899999999999998,0.174,1,1,1,1,0,0,0.38095238095238093,0.3939393939393939,0.9523809523809523,0.045454545454545456,0.39344262295081966,0.031746031746031744,0.0,0.030303030303030304,0.031746031746031744,1.7333333333333334,0.2,0.08196721311475409,0.19672131147540983,0.5901639344262295,0.19672131147540983,0.0,0.26039666666666667,0.2973766666666667,0.3157894736842105,0.1,0.22545,0.25671666666666665,0.36507936507936506,0.38095238095238093,0.04477611940298507,0.32075471698113206,0.37735849056603776,0.10344827586206896,0.695852534562212,0.22950819672131148,0.4368421052631579,0.17894736842105263,0.4370860927152318,0.2781456953642384,0.026490066225165563,7.415492957746479,1.1408450704225352,7.035211267605633,0.178743961352657,0.6687309537521043,0.38819972715078704,0.6687309537521043,1.7333333333333334,,1.5,,,,,False,,0.5,,,,,False,,False
666018,Jonathan Aranda,TB,DET,0,2.0,1.0,695549,Jackson Jobe,R,824233,6:40 PM ET,Comerica Park,0,1,0.15187713310580206,2026-08-25,824233,0.0,1,97.6,97.8,106.5,L,4,4,1,0,0,1,0,0,0,0,4,4,0,1,2,2,0,0.12525,0.3515,1,0,1,1,0,0,0.22950819672131148,0.27692307692307694,0.7049180327868853,0.27692307692307694,0.32558139534883723,0.01639344262295082,0.0,0.015384615384615385,0.01639344262295082,1.0,1.2,0.4418604651162791,0.27906976744186046,0.32558139534883723,0.32558139534883723,0.046511627906976744,0.31884999999999997,0.4725904761904762,0.125,0.35294117647058826,0.31075,0.3802083333333332,0.24193548387096775,0.3064516129032258,0.24242424242424243,0.23214285714285715,0.32142857142857145,0.265625,0.695852534562212,0.22950819672131148,0.4368421052631579,0.17894736842105263,0.4370860927152318,0.2781456953642384,0.026490066225165563,7.415492957746479,1.1408450704225352,7.035211267605633,0.178743961352657,0.6604587688289607,0.4041005948639445,0.6604587688289607,1.0,,1.5,,,,,False,,0.5,,,,,False,,False
676356,Jonny DeLuca,TB,DET,0,6.0,1.0,695549,Jackson Jobe,R,824233,6:40 PM ET,Comerica Park,1,1,0.15187713310580206,2026-08-25,824233,0.0,1,97.6,97.8,106.5,R,4,4,2,1,0,0,0,0,0,0,3,4,0,1,0,3,1,0.36225,0.41625,1,1,1,1,0,0,0.2857142857142857,0.3,0.8163265306122449,0.18,0.3333333333333333,0.12244897959183673,0.02,0.06,0.08163265306122448,1.3333333333333333,0.6,0.3,0.175,0.475,0.175,0.025,0.27064880952380954,0.48940238095238087,0.3125,0.125,0.25791666666666674,0.33921666666666656,0.2982456140350877,0.47368421052631576,0.22033898305084745,0.23809523809523808,0.3333333333333333,0.19047619047619047,0.695852534562212,0.22950819672131148,0.4368421052631579,0.17894736842105263,0.4370860927152318,0.2781456953642384,0.026490066225165563,7.415492957746479,1.1408450704225352,7.035211267605633,0.178743961352657,0.6229750623958914,0.3493838548920308,0.6229750623958914,1.3333333333333333,,1.5,,,,,False,,0.5,,,,,False,,False
691406,Junior Caminero,TB,DET,0,3.0,1.0,695549,Jackson Jobe,R,824233,6:40 PM ET,Comerica Park,1,1,0.15187713310580206,2026-08-25,824233,0.0,1,97.6,97.8,106.5,R,4,3,1,0,0,0,1,0,0,1,1,2,0,2,0,2,0,0.42900000000000005,0.48750000000000004,1,0,1,0,1,0,0.22950819672131148,0.27692307692307694,0.7868852459016393,0.2,0.2608695652173913,0.13114754098360656,0.03076923076923077,0.03076923076923077,0.06557377049180328,1.4666666666666666,0.8666666666666667,0.4583333333333333,0.14583333333333334,0.5833333333333334,0.22916666666666666,0.0,0.27256,0.4124055555555555,0.3157894736842105,0.1,0.32176666666666665,0.4130166666666667,0.24193548387096775,0.45161290322580644,0.20588235294117646,0.23214285714285715,0.42857142857142855,0.21666666666666667,0.695852534562212,0.22950819672131148,0.4368421052631579,0.17894736842105263,0.4370860927152318,0.2781456953642384,0.026490066225165563,7.415492957746479,1.1408450704225352,7.035211267605633,0.178743961352657,0.668396307333215,0.40911003098560506,0.668396307333215,1.4666666666666666,,1.5,,,,,False,,0.5,,,,,False,,False
689414,Liam Hicks,TB,DET,0,4.0,1.0,695549,Jackson Jobe,R,824233,6:40 PM ET,Comerica Park,0,1,0.15187713310580206,2026-08-25,824233,0.0,1,97.6,97.8,106.5,L,4,3,1,0,0,0,1,0,0,0,1,3,0,0,0,2,1,0.13566666666666669,0.18266666666666667,1,0,1,0,0,0,0.28888888888888886,0.42857142857142855,0.8888888888888888,0.08928571428571429,0.2702702702702703,0.26666666666666666,0.05357142857142857,0.05357142857142857,0.13333333333333333,1.6666666666666667,0.3333333333333333,0.175,0.325,0.3,0.275,0.05,0.2610095238095238,0.37122738095238095,0.26666666666666666,0.1875,0.2347,0.3816499999999998,0.28,0.52,0.06666666666666667,0.23529411764705882,0.35294117647058826,0.1206896551724138,0.695852534562212,0.22950819672131148,0.4368421052631579,0.17894736842105263,0.4370860927152318,0.2781456953642384,0.026490066225165563,7.415492957746479,1.1408450704225352,7.035211267605633,0.178743961352657,0.6125401839184498,0.3393104179171396,0.6125401839184498,1.6666666666666667,,1.5,,,,,False,,0.5,,,,,False,,False
680700,Richie Palacios,TB,DET,0,8.0,1.0,695549,Jackson Jobe,R,824233,6:40 PM ET,Comerica Park,0,1,0.15187713310580206,2026-08-25,824233,0.0,1,97.6,97.8,106.5,L,4,4,0,0,0,0,0,0,0,0,0,4,0,0,2,2,0,0.059750000000000004,0.1115,0,0,0,0,0,0,0.2857142857142857,0.38,0.8095238095238095,0.1568627450980392,0.34285714285714286,0.09523809523809523,0.0,0.0784313725490196,0.09523809523809523,1.0666666666666667,0.5333333333333333,0.3611111111111111,0.3055555555555556,0.3333333333333333,0.25,0.0,0.3286987179487179,0.430025641025641,0.17647058823529413,0.05263157894736842,0.2890166666666667,0.3359,0.2857142857142857,0.38095238095238093,0.15384615384615385,0.2647058823529412,0.4411764705882353,0.125,0.695852534562212,0.22950819672131148,0.4368421052631579,0.17894736842105263,0.4370860927152318,0.2781456953642384,0.026490066225165563,7.415492957746479,1.1408450704225352,7.035211267605633,0.178743961352657,0.5588701790292196,0.3234923484318631,0.5588701790292196,1.0666666666666667,,1.5,,,,,False,,0.5,,,,,False,,False
670764,Taylor Walls,TB,DET,0,9.0,1.0,695549,Jackson Jobe,R,824233,6:40 PM ET,Comerica Park,0,1,0.15187713310580206,2026-08-25,824233,0.0,1,97.6,97.8,106.5,L,1,1,0,0,0,0,0,0,0,1,0,0,0,0,0,0,0,0.2725,0.2735,0,0,0,0,1,0,0.2647058823529412,0.32432432432432434,0.8235294117647058,0.15,0.2692307692307692,0.17647058823529413,0.05,0.0,0.058823529411764705,1.0,0.4,0.23333333333333334,0.16666666666666666,0.4666666666666667,0.26666666666666666,0.0,0.2583111111111111,0.36731111111111114,0.1,0.23076923076923078,0.22993333333333346,0.33673333333333344,0.2765957446808511,0.40425531914893614,0.14285714285714285,0.2222222222222222,0.28888888888888886,0.28,0.695852534562212,0.22950819672131148,0.4368421052631579,0.17894736842105263,0.4370860927152318,0.2781456953642384,0.026490066225165563,7.415492957746479,1.1408450704225352,7.035211267605633,0.178743961352657,0.48003345605855835,0.2563747782003088,0.48003345605855835,1.0,,1.5,,,,,False,,0.5,,,,,False,,False
650490,Yandy Díaz,TB,DET,0,1.0,1.0,695549,Jackson Jobe,R,824233,6:40 PM ET,Comerica Park,1,1,0.15187713310580206,2026-08-25,824233,0.0,1,97.6,97.8,106.5,R,5,4,1,0,0,0,1,0,0,0,1,4,0,2,0,3,1,0.394,0.44525000000000003,1,0,1,0,0,0,0.36923076923076925,0.4,0.8923076923076924,0.1,0.36363636363636365,0.2,0.05714285714285714,0.014285714285714285,0.07692307692307693,2.466666666666667,0.4666666666666667,0.4576271186440678,0.1864406779661017,0.6440677966101694,0.11864406779661017,0.03389830508474576,0.3699766666666667,0.6035211111111111,0.3,0.14285714285714285,0.26555,0.46377333333333315,0.3333333333333333,0.5,0.1388888888888889,0.288135593220339,0.423728813559322,0.12121212121212122,0.695852534562212,0.22950819672131148,0.4368421052631579,0.17894736842105263,0.4370860927152318,0.2781456953642384,0.026490066225165563,7.415492957746479,1.1408450704225352,7.035211267605633,0.178743961352657,0.7207080814903595,0.44568974848519755,0.7207080814903595,2.466666666666667,,1.5,,,,,False,,0.5,,,,,False,,False
682663,Agustín Ramírez,MIA,BOS,1,3.0,1.0,801139,Payton Tolle,L,823826,6:40 PM ET,loanDepot Park,1,0,0.22416812609457093,2026-08-25,823826,1.0,0,99.1,96.1,86.7,R,3,2,0,0,0,0,1,0,0,1,0,1,0,0,1,0,0,0.029,0.063,0,0,0,0,1,0,0.2702702702702703,0.38636363636363635,0.7027027027027027,0.25,0.38461538461538464,0.08108108108108109,0.0,0.06818181818181818,0.08108108108108109,0.8666666666666667,0.7333333333333333,0.38461538461538464,0.23076923076923078,0.5769230769230769,0.11538461538461539,0.0,0.2739712121212121,0.3220954545454546,0.21428571428571427,0.16666666666666666,0.26538333333333336,0.3057833333333334,0.2653061224489796,0.3877551020408163,0.25,0.2222222222222222,0.3111111111111111,0.20754716981132076,0.6238938053097345,0.18407960199004975,0.37799043062200954,0.16267942583732056,0.3971631205673759,0.2553191489361702,0.028368794326241134,7.6473988439306355,0.9364161849710981,8.271676300578035,0.2217573221757322,0.6038366452299978,0.3482046882764908,0.6038366452299978,0.8666666666666667,,1.5,,,,,False,,0.5,,,,,False,,False
640459,Brian Navarreto,MIA,BOS,1,9.0,1.0,801139,Payton Tolle,L,823826,6:40 PM ET,loanDepot Park,1,0,0.22416812609457093,2026-08-25,823826,1.0,0,99.1,96.1,86.7,R,2,2,0,0,0,0,0,0,0,2,0,0,0,0,0,0,0,0.038,0.0465,0,0,0,0,1,1,0.17647058823529413,0.2631578947368421,0.6764705882352942,0.275,0.22727272727272727,0.17647058823529413,0.025,0.075,0.11764705882352941,0.8,0.7333333333333333,0.2,0.12,0.56,0.16,0.0,0.2092272727272727,0.3420681818181818,0.13333333333333333,0.29411764705882354,0.25779166666666664,0.3940416666666666,0.14285714285714285,0.19047619047619047,0.25925925925925924,0.23333333333333334,0.5333333333333333,0.28125,0.6238938053097345,0.18407960199004975,0.37799043062200954,0.16267942583732056,0.3971631205673759,0.2553191489361702,0.028368794326241134,7.6473988439306355,0.9364161849710981,8.271676300578035,0.2217573221757322,0.5291710301305439,0.2662488959547783,0.5291710301305439,0.8,,1.5,,,,,False,,0.5,,,,,False,,False
665923,Esteury Ruiz,MIA,BOS,1,8.0,1.0,801139,Payton Tolle,L,823826,6:40 PM ET,loanDepot Park,1,0,0.22416812609457093,2026-08-25,823826,1.0,0,99.1,96.1,86.7,R,2,1,0,0,0,0,0,1,0,0,0,1,0,0,1,0,0,0.02,0.038,0,0,0,0,0,0,0.21052631578947367,0.34782608695652173,0.5526315789473685,0.3695652173913043,0.35,0.10526315789473684,0.021739130434782608,0.021739130434782608,0.05263157894736842,0.8,1.1333333333333333,0.19047619047619047,0.19047619047619047,0.47619047619047616,0.14285714285714285,0.0,0.2406527777777778,0.37561111111111106,0.07692307692307693,0.5714285714285714,0.21312499999999995,0.260625,0.25,0.35,0.3269230769230769,0.20689655172413793,0.3448275862068966,0.46875,0.6238938053097345,0.18407960199004975,0.37799043062200954,0.16267942583732056,0.3971631205673759,0.2553191489361702,0.028368794326241134,7.6473988439306355,0.9364161849710981,8.271676300578035,0.2217573221757322,0.5420868402974911,0.29892553120177573,0.5420868402974911,0.8,,1.5,,,,,False,,0.5,,,,,False,,False
665052,Griffin Conine,MIA,BOS,1,7.0,1.0,801139,Payton Tolle,L,823826,6:40 PM ET,loanDepot Park,0,0,0.22416812609457093,2026-08-25,823826,1.0,0,99.1,96.1,86.7,L,2,2,0,0,0,0,0,0,0,0,0,2,0,0,0,2,0,0.057999999999999996,0.059,0,0,0,0,0,0,0.2826086956521739,0.4107142857142857,0.6086956521739131,0.32142857142857145,0.375,0.2826086956521739,0.07142857142857142,0.017857142857142856,0.10869565217391304,1.7333333333333334,1.2,0.6071428571428571,0.2857142857142857,0.25,0.35714285714285715,0.03571428571428571,0.39896428571428577,0.8569761904761906,0.17647058823529413,0.4,0.336,0.5952999999999999,0.23404255319148937,0.5106382978723404,0.32142857142857145,0.23809523809523808,0.40476190476190477,0.2391304347826087,0.6238938053097345,0.18407960199004975,0.37799043062200954,0.16267942583732056,0.3971631205673759,0.2553191489361702,0.028368794326241134,7.6473988439306355,0.9364161849710981,8.271676300578035,0.2217573221757322,0.6109038116646128,0.3927597787482719,0.6109038116646128,1.7333333333333334,,1.5,,,,,False,,0.5,,,,,False,,False
681715,Heriberto Hernández,MIA,BOS,1,2.0,1.0,801139,Payton Tolle,L,823826,6:40 PM ET,loanDepot Park,1,0,0.22416812609457093,2026-08-25,823826,1.0,0,99.1,96.1,86.7,R,5,4,2,0,0,0,1,0,0,0,2,4,0,0,1,2,1,0.21325,0.2535,1,1,1,1,0,0,0.2037037037037037,0.31746031746031744,0.5740740740740741,0.36507936507936506,0.2857142857142857,0.2037037037037037,0.047619047619047616,0.031746031746031744,0.09259259259259259,1.4666666666666666,1.5333333333333334,0.45161290322580644,0.22580645161290322,0.4838709677419355,0.1935483870967742,0.0,0.41956666666666664,0.7564777777777778,0.23529411764705882,0.25,0.43213333333333337,0.8898333333333334,0.23076923076923078,0.4230769230769231,0.3114754098360656,0.22641509433962265,0.5849056603773585,0.29508196721311475,0.6238938053097345,0.18407960199004975,0.37799043062200954,0.16267942583732056,0.3971631205673759,0.2553191489361702,0.028368794326241134,7.6473988439306355,0.9364161849710981,8.271676300578035,0.2217573221757322,0.6474380354539444,0.4335829980196788,0.6474380354539444,1.4666666666666666,,1.5,,,,,False,,0.5,,,,,False,,False
691594,Javier Sanoja,MIA,BOS,1,4.0,1.0,801139,Payton Tolle,L,823826,6:40 PM ET,loanDepot Park,1,0,0.22416812609457093,2026-08-25,823826,1.0,0,99.1,96.1,86.7,R,5,4,0,0,0,0,1,0,0,0,0,4,0,2,0,3,1,0.19574999999999998,0.23175,0,0,0,0,0,0,0.3404255319148936,0.38,0.8723404255319149,0.12,0.358974358974359,0.2127659574468085,0.04,0.08,0.1276595744680851,1.7333333333333334,0.4,0.2926829268292683,0.24390243902439024,0.4878048780487805,0.21951219512195122,0.024390243902439025,0.2710355555555556,0.3830777777777778,0.4117647058823529,0.11764705882352941,0.25788333333333335,0.34961666666666674,0.3111111111111111,0.5777777777777777,0.10204081632653061,0.2962962962962963,0.4444444444444444,0.14545454545454545,0.6238938053097345,0.18407960199004975,0.37799043062200954,0.16267942583732056,0.3971631205673759,0.2553191489361702,0.028368794326241134,7.6473988439306355,0.9364161849710981,8.271676300578035,0.2217573221757322,0.662234888767227,0.41497011578948634,0.662234888767227,1.7333333333333334,,1.5,,,,,False,,0.5,,,,,False,,False
677870,Leo Jiménez,MIA,BOS,1,6.0,1.0,801139,Payton Tolle,L,823826,6:40 PM ET,loanDepot Park,1,0,0.22416812609457093,2026-08-25,823826,1.0,0,99.1,96.1,86.7,R,1,1,1,0,0,0,0,0,0,0,1,1,0,0,0,0,1,0.989,1.099,1,0,1,0,0,0,0.17647058823529413,0.28205128205128205,0.7352941176470589,0.23076923076923078,0.24,0.0,0.0,0.0,0.0,0.4,0.6,0.4,0.28,0.48,0.24,0.0,0.28975,0.37200000000000005,0.2,0.3333333333333333,0.3994999999999999,0.4449444444444444,0.21428571428571427,0.23809523809523808,0.24489795918367346,0.22580645161290322,0.41935483870967744,0.10526315789473684,0.6238938053097345,0.18407960199004975,0.37799043062200954,0.16267942583732056,0.3971631205673759,0.2553191489361702,0.028368794326241134,7.6473988439306355,0.9364161849710981,8.271676300578035,0.2217573221757322,0.5887408290401126,0.38371668268148357,0.5887408290401126,0.4,,1.5,,,,,False,,0.5,,,,,False,,False
672640,Otto Lopez,MIA,BOS,1,1.0,1.0,801139,Payton Tolle,L,823826,6:40 PM ET,loanDepot Park,1,0,0.22416812609457093,2026-08-25,823826,1.0,0,99.1,96.1,86.7,R,5,4,2,1,0,0,0,0,1,0,3,5,0,1,2,2,1,0.32425,0.6295000000000001,1,1,1,1,0,0,0.20689655172413793,0.2878787878787879,0.9137931034482759,0.07575757575757576,0.2222222222222222,0.0,0.0,0.0,0.0,0.8,0.3333333333333333,0.35185185185185186,0.2037037037037037,0.5185185185185185,0.25925925925925924,0.0,0.28822444444444445,0.38104333333333334,0.1875,0.0,0.2781666666666667,0.41496666666666665,0.18333333333333332,0.2,0.0625,0.3064516129032258,0.46774193548387094,0.1267605633802817,0.6238938053097345,0.18407960199004975,0.37799043062200954,0.16267942583732056,0.3971631205673759,0.2553191489361702,0.028368794326241134,7.6473988439306355,0.9364161849710981,8.271676300578035,0.2217573221757322,0.6619714961808579,0.4494489309142178,0.6619714961808579,0.8,,1.5,,,,,False,,0.5,,,,,False,,False
669364,Xavier Edwards,MIA,BOS,1,5.0,1.0,801139,Payton Tolle,L,823826,6:40 PM ET,loanDepot Park,1,0,0.22416812609457093,2026-08-25,823826,1.0,0,99.1,96.1,86.7,R,4,4,0,0,0,0,0,0,0,2,0,2,0,0,0,2,0,0.3,0.3025,0,0,0,0,1,1,0.3548387096774194,0.42857142857142855,0.8709677419354839,0.1111111111111111,0.4074074074074074,0.0,0.0,0.0,0.0,0.7333333333333333,0.26666666666666666,0.25,0.2857142857142857,0.4642857142857143,0.21428571428571427,0.0,0.3130777777777778,0.3930222222222222,0.3333333333333333,0.1111111111111111,0.4096,0.5364000000000001,0.25,0.26785714285714285,0.125,0.24561403508771928,0.3333333333333333,0.14754098360655737,0.6238938053097345,0.18407960199004975,0.37799043062200954,0.16267942583732056,0.3971631205673759,0.2553191489361702,0.028368794326241134,7.6473988439306355,0.9364161849710981,8.271676300578035,0.2217573221757322,0.6117859578835095,0.39506673981098367,0.6117859578835095,0.7333333333333333,,1.5,,,,,False,,0.5,,,,,False,,False
655316,Andruw Monasterio,BOS,MIA,0,6.0,1.0,663969,Tyler Phillips,R,823826,6:40 PM ET,loanDepot Park,1,1,0.18505942275042445,2026-08-25,823826,1.0,0,99.1,96.1,86.7,R,4,4,1,1,0,0,0,0,0,0,2,4,0,2,1,1,2,0.24425,0.467,1,0,1,1,0,0,0.19607843137254902,0.2833333333333333,0.8627450980392157,0.11666666666666667,0.21739130434782608,0.0196078431372549,0.0,0.016666666666666666,0.0196078431372549,0.7333333333333333,0.4666666666666667,0.10869565217391304,0.1956521739130435,0.30434782608695654,0.34782608695652173,0.021739130434782608,0.2407261904761905,0.30386309523809524,0.10526315789473684,0.09523809523809523,0.17473333333333332,0.24688333333333348,0.2692307692307692,0.3269230769230769,0.08333333333333333,0.28,0.56,0.1694915254237288,0.7614213197969543,0.23699421965317918,0.430939226519337,0.16022099447513813,0.47333333333333333,0.26,0.02,9.0,1.3404255319148937,5.74468085106383,0.1485148514851485,0.6172519520484555,0.3314698323984431,0.6172519520484555,0.7333333333333333,,1.5,,,,,False,,0.5,,,,,False,,False
678011,Anthony Seigler,BOS,MIA,0,8.0,1.0,663969,Tyler Phillips,R,823826,6:40 PM ET,loanDepot Park,0,1,0.18505942275042445,2026-08-25,823826,1.0,0,99.1,96.1,86.7,L,4,3,1,0,1,0,1,0,0,0,3,3,0,0,1,1,1,0.38033333333333336,0.462,1,0,1,1,0,0,0.23529411764705882,0.2894736842105263,0.8529411764705882,0.1282051282051282,0.26666666666666666,0.08823529411764706,0.0,0.07692307692307693,0.08823529411764706,0.7333333333333333,0.3333333333333333,0.26666666666666666,0.2,0.36666666666666664,0.4,0.03333333333333333,0.19503076923076923,0.30561282051282046,0.3333333333333333,0.0,0.1727083333333333,0.34195833333333325,0.2765957446808511,0.44680851063829785,0.11320754716981132,0.15151515151515152,0.21212121212121213,0.0975609756097561,0.7614213197969543,0.23699421965317918,0.430939226519337,0.16022099447513813,0.47333333333333333,0.26,0.02,9.0,1.3404255319148937,5.74468085106383,0.1485148514851485,0.49390929648960674,0.30682966892007807,0.49390929648960674,0.7333333333333333,,1.5,,,,,False,,0.5,,,,,False,,False
678882,Ceddanne Rafaela,BOS,MIA,0,2.0,1.0,663969,Tyler Phillips,R,823826,6:40 PM ET,loanDepot Park,1,1,0.18505942275042445,2026-08-25,823826,1.0,0,99.1,96.1,86.7,R,5,5,1,0,0,0,0,0,0,1,1,4,0,1,1,2,1,0.19575,0.2095,1,0,1,0,1,0,0.30303030303030304,0.323943661971831,0.803030303030303,0.18309859154929578,0.35185185185185186,0.10606060606060606,0.014084507042253521,0.056338028169014086,0.07575757575757576,1.8,0.8666666666666667,0.3090909090909091,0.23636363636363636,0.4727272727272727,0.23636363636363636,0.01818181818181818,0.35168222222222223,0.4843722222222223,0.3181818181818182,0.16666666666666666,0.3809,0.4263300000000001,0.26865671641791045,0.373134328358209,0.1917808219178082,0.29850746268656714,0.4626865671641791,0.2318840579710145,0.7614213197969543,0.23699421965317918,0.430939226519337,0.16022099447513813,0.47333333333333333,0.26,0.02,9.0,1.3404255319148937,5.74468085106383,0.1485148514851485,0.6764276072814089,0.4136581359384377,0.6764276072814089,1.8,,1.5,,,,,False,,0.5,,,,,False,,False
657136,Connor Wong,BOS,MIA,0,9.0,1.0,663969,Tyler Phillips,R,823826,6:40 PM ET,loanDepot Park,1,1,0.18505942275042445,2026-08-25,823826,1.0,0,99.1,96.1,86.7,R,3,3,2,1,0,0,0,0,0,0,3,3,0,2,1,2,0,0.17033333333333334,0.22066666666666665,1,1,1,1,0,0,0.1956521739130435,0.22916666666666666,0.6956521739130435,0.2857142857142857,0.20689655172413793,0.2391304347826087,0.061224489795918366,0.04081632653061224,0.10869565217391304,1.3333333333333333,0.9333333333333333,0.40625,0.1875,0.375,0.3125,0.03125,0.40087222222222224,0.7534555555555555,0.23529411764705882,0.35294117647058826,0.4653333333333333,0.7302333333333333,0.1702127659574468,0.3404255319148936,0.3018867924528302,0.3170731707317073,0.4634146341463415,0.2127659574468085,0.7614213197969543,0.23699421965317918,0.430939226519337,0.16022099447513813,0.47333333333333333,0.26,0.02,9.0,1.3404255319148937,5.74468085106383,0.1485148514851485,0.48288480671071604,0.26963108350959675,0.48288480671071604,1.3333333333333333,,1.5,,,,,False,,0.5,,,,,False,,False
680776,Jarren Duran,BOS,MIA,0,7.0,1.0,663969,Tyler Phillips,R,823826,6:40 PM ET,loanDepot Park,0,1,0.18505942275042445,2026-08-25,823826,1.0,0,99.1,96.1,86.7,L,4,4,2,1,0,0,0,0,0,1,3,3,0,1,0,1,2,0.6323333333333333,0.7143333333333333,1,1,1,1,1,0,0.23076923076923078,0.2982456140350877,0.7115384615384616,0.2631578947368421,0.2857142857142857,0.19230769230769232,0.03508771929824561,0.03508771929824561,0.09615384615384616,1.4666666666666666,1.0,0.4594594594594595,0.21621621621621623,0.35135135135135137,0.2702702702702703,0.02702702702702703,0.2929,0.42350476190476194,0.3125,0.11764705882352941,0.3739000000000001,0.5059333333333333,0.22641509433962265,0.41509433962264153,0.23728813559322035,0.19672131147540983,0.26229508196721313,0.3382352941176471,0.7614213197969543,0.23699421965317918,0.430939226519337,0.16022099447513813,0.47333333333333333,0.26,0.02,9.0,1.3404255319148937,5.74468085106383,0.1485148514851485,0.5987511350505975,0.3348593320658339,0.5987511350505975,1.4666666666666666,,1.5,,,,,False,,0.5,,,,,False,,False
681508,Mickey Gasper,BOS,MIA,0,5.0,1.0,663969,Tyler Phillips,R,823826,6:40 PM ET,loanDepot Park,0,1,0.18505942275042445,2026-08-25,823826,1.0,0,99.1,96.1,86.7,L,4,2,2,1,0,0,2,0,0,0,3,2,0,2,1,0,1,0.8915,2.002,1,1,1,1,0,0,0.2571428571428571,0.36585365853658536,0.9428571428571428,0.04878048780487805,0.2,0.34285714285714286,0.07317073170731707,0.07317073170731707,0.17142857142857143,1.4,0.13333333333333333,0.2727272727272727,0.12121212121212122,0.5151515151515151,0.30303030303030304,0.030303030303030304,0.3112202380952381,0.5381309523809523,0.3,0.08333333333333333,0.2877666666666666,0.4809333333333333,0.2222222222222222,0.4888888888888889,0.05660377358490566,0.0967741935483871,0.0967741935483871,0.35294117647058826,0.7614213197969543,0.23699421965317918,0.430939226519337,0.16022099447513813,0.47333333333333333,0.26,0.02,9.0,1.3404255319148937,5.74468085106383,0.1485148514851485,0.5731944351910822,0.291778333647372,0.5731944351910822,1.4,,1.5,,,,,False,,0.5,,,,,False,,False
686765,Nick Sogard,BOS,MIA,0,1.0,1.0,663969,Tyler Phillips,R,823826,6:40 PM ET,loanDepot Park,0,1,0.18505942275042445,2026-08-25,823826,1.0,0,99.1,96.1,86.7,L,5,5,1,0,0,0,0,0,0,2,1,3,0,0,0,1,1,0.105,0.13299999999999998,1,0,1,0,1,1,0.35135135135135137,0.45652173913043476,0.7837837837837838,0.1702127659574468,0.39285714285714285,0.2702702702702703,0.0425531914893617,0.0851063829787234,0.16216216216216217,1.5333333333333334,0.5333333333333333,0.3548387096774194,0.2903225806451613,0.3548387096774194,0.2903225806451613,0.06451612903225806,0.3302916666666667,0.5985952380952381,0.5714285714285714,0.1,0.41180000000000005,0.8267,0.30357142857142855,0.48214285714285715,0.14084507042253522,0.32653061224489793,0.3469387755102041,0.18181818181818182,0.7614213197969543,0.23699421965317918,0.430939226519337,0.16022099447513813,0.47333333333333333,0.26,0.02,9.0,1.3404255319148937,5.74468085106383,0.1485148514851485,0.5806139373596554,0.35059918321272504,0.5806139373596554,1.5333333333333334,,1.5,,,,,False,,0.5,,,,,False,,False
575929,Willson Contreras,BOS,MIA,0,4.0,1.0,663969,Tyler Phillips,R,823826,6:40 PM ET,loanDepot Park,1,1,0.18505942275042445,2026-08-25,823826,1.0,0,99.1,96.1,86.7,R,5,4,0,0,0,0,0,1,0,0,0,4,0,1,0,3,0,0.14175,0.1525,0,0,0,0,0,0,0.2549019607843137,0.3870967741935484,0.6862745098039216,0.25396825396825395,0.3125,0.23529411764705882,0.047619047619047616,0.047619047619047616,0.11764705882352941,1.6666666666666667,1.0666666666666667,0.3611111111111111,0.2222222222222222,0.3611111111111111,0.2777777777777778,0.05555555555555555,0.3238111111111111,0.6402777777777777,0.3157894736842105,0.2727272727272727,0.41903333333333326,0.8116666666666665,0.27450980392156865,0.5098039215686274,0.23809523809523808,0.32075471698113206,0.6037735849056604,0.16176470588235295,0.7614213197969543,0.23699421965317918,0.430939226519337,0.16022099447513813,0.47333333333333333,0.26,0.02,9.0,1.3404255319148937,5.74468085106383,0.1485148514851485,0.6309382954907741,0.37877924961510967,0.6309382954907741,1.6666666666666667,,1.5,,,,,False,,0.5,,,,,False,,False
677800,Wilyer Abreu,BOS,MIA,0,3.0,1.0,663969,Tyler Phillips,R,823826,6:40 PM ET,loanDepot Park,0,1,0.18505942275042445,2026-08-25,823826,1.0,0,99.1,96.1,86.7,L,5,4,1,1,0,0,1,0,0,2,2,2,0,1,1,1,0,0.529,1.7595,1,0,1,1,1,1,0.2830188679245283,0.4,0.8301886792452831,0.13846153846153847,0.3023255813953488,0.24528301886792453,0.03076923076923077,0.07692307692307693,0.1509433962264151,1.8666666666666667,0.6,0.5333333333333333,0.24444444444444444,0.4,0.24444444444444444,0.022222222222222223,0.2955333333333333,0.5282666666666667,0.19047619047619047,0.25,0.23525000000000004,0.2980166666666667,0.32727272727272727,0.6727272727272727,0.13043478260869565,0.18518518518518517,0.3888888888888889,0.18181818181818182,0.7614213197969543,0.23699421965317918,0.430939226519337,0.16022099447513813,0.47333333333333333,0.26,0.02,9.0,1.3404255319148937,5.74468085106383,0.1485148514851485,0.6448224860852653,0.40911003098560506,0.6448224860852653,1.8666666666666667,,1.5,,,,,False,,0.5,,,,,False,,False
694673,Abimelec Ortiz,WSH,COL,1,2.0,1.0,690279,Mason Adams,R,822693,6:45 PM ET,Nationals Park,0,1,0.23369565217391305,2026-08-25,822693,0.0,0,104.8,103.6,97.1,L,5,4,1,0,0,0,1,0,0,2,1,2,0,0,0,1,1,0.41100000000000003,0.4475,1,0,1,0,1,1,0.2,0.24528301886792453,0.74,0.24074074074074073,0.18181818181818182,0.26,0.07407407407407407,0.018518518518518517,0.1,1.5333333333333334,0.8666666666666667,0.43243243243243246,0.1891891891891892,0.40540540540540543,0.3783783783783784,0.08108108108108109,0.3793722222222222,0.8007666666666666,0.05263157894736842,0.23809523809523808,0.2588166666666667,0.37826666666666664,0.2,0.46,0.24074074074074073,,,,,,,,,,,,,,,0.5637621474620085,0.28326455477745605,0.5637621474620085,1.5333333333333334,,1.5,,,,,False,,0.5,,,,,False,,False
691781,Brady House,WSH,COL,1,5.0,1.0,690279,Mason Adams,R,822693,6:45 PM ET,Nationals Park,1,1,0.23369565217391305,2026-08-25,822693,0.0,0,104.8,103.6,97.1,R,5,4,1,1,0,0,1,0,0,0,2,4,0,2,1,2,1,0.31275000000000003,0.6607500000000001,1,0,1,1,0,0,0.25,0.34545454545454546,0.6666666666666666,0.2909090909090909,0.3333333333333333,0.125,0.03636363636363636,0.0,0.041666666666666664,1.2,1.0666666666666667,0.46875,0.21875,0.4375,0.25,0.0,0.3531555555555555,0.564088888888889,0.16666666666666666,0.2,0.24276666666666671,0.3046000000000001,0.22727272727272727,0.3181818181818182,0.26,0.3018867924528302,0.5283018867924528,0.3103448275862069,,,,,,,,,,,,0.6112906097515372,0.33196641914958774,0.6112906097515372,1.2,,1.5,,,,,False,,0.5,,,,,False,,False
682928,CJ Abrams,WSH,COL,1,1.0,1.0,690279,Mason Adams,R,822693,6:45 PM ET,Nationals Park,0,1,0.23369565217391305,2026-08-25,822693,0.0,0,104.8,103.6,97.1,L,5,4,1,1,0,0,1,0,0,1,2,3,0,2,0,3,0,0.19833333333333333,0.21266666666666667,1,0,1,1,1,0,0.22580645161290322,0.29411764705882354,0.6451612903225806,0.3188405797101449,0.3333333333333333,0.14516129032258066,0.014492753623188406,0.057971014492753624,0.0967741935483871,1.5333333333333334,1.4666666666666666,0.325,0.225,0.55,0.125,0.025,0.3519940476190477,0.4858690476190476,0.15789473684210525,0.22727272727272727,0.24138333333333328,0.3728666666666668,0.21666666666666667,0.35,0.2898550724637681,0.32786885245901637,0.7213114754098361,0.31343283582089554,,,,,,,,,,,,0.5779494101839441,0.29719087282494727,0.5779494101839441,1.5333333333333334,,1.5,,,,,False,,0.5,,,,,False,,False
695734,Daylen Lile,WSH,COL,1,4.0,1.0,690279,Mason Adams,R,822693,6:45 PM ET,Nationals Park,0,1,0.23369565217391305,2026-08-25,822693,0.0,0,104.8,103.6,97.1,L,5,5,3,1,0,1,0,0,0,0,7,5,0,2,1,1,3,0.6896,1.2795999999999998,1,1,1,1,0,0,0.2459016393442623,0.2698412698412698,0.7377049180327869,0.25,0.3181818181818182,0.08196721311475409,0.015625,0.03125,0.04918032786885246,1.3333333333333333,1.0666666666666667,0.4444444444444444,0.28888888888888886,0.24444444444444444,0.4,0.06666666666666667,0.3712083333333333,0.7130833333333333,0.18181818181818182,0.3333333333333333,0.36491666666666667,0.6830625,0.23333333333333334,0.36666666666666664,0.25,0.2833333333333333,0.45,0.203125,,,,,,,,,,,,0.6448224860852653,0.3674145935158078,0.6448224860852653,1.3333333333333333,,1.5,,,,,False,,0.5,,,,,False,,False
686611,Dylan Crews,WSH,COL,1,3.0,1.0,690279,Mason Adams,R,822693,6:45 PM ET,Nationals Park,1,1,0.23369565217391305,2026-08-25,822693,0.0,0,104.8,103.6,97.1,R,5,2,0,0,0,0,3,0,0,1,0,1,0,0,0,1,0,0.209,0.226,0,0,0,0,1,0,0.18518518518518517,0.2,0.7407407407407407,0.2545454545454545,0.23076923076923078,0.12962962962962962,0.01818181818181818,0.07272727272727272,0.09259259259259259,1.1333333333333333,0.9333333333333333,0.45,0.325,0.35,0.275,0.025,0.30822619047619043,0.5650714285714286,0.25,0.1875,0.2674666666666667,0.4626999999999999,0.21428571428571427,0.2857142857142857,0.23728813559322035,0.21428571428571427,0.42857142857142855,0.3076923076923077,,,,,,,,,,,,0.5991202047159909,0.3585210937845516,0.5991202047159909,1.1333333333333333,,1.5,,,,,False,,0.5,,,,,False,,False
695670,Harry Ford,WSH,COL,1,7.0,1.0,690279,Mason Adams,R,822693,6:45 PM ET,Nationals Park,1,1,0.23369565217391305,2026-08-25,822693,0.0,0,104.8,103.6,97.1,R,3,3,0,0,0,0,0,0,0,0,0,3,0,2,0,2,1,0.353,0.819,0,0,0,0,0,0,0.1951219512195122,0.3125,0.6829268292682927,0.2708333333333333,0.25925925925925924,0.17073170731707318,0.020833333333333332,0.08333333333333333,0.12195121951219512,1.0,0.8666666666666667,0.2857142857142857,0.07142857142857142,0.4642857142857143,0.42857142857142855,0.03571428571428571,0.20992564102564104,0.35962820512820515,0.23076923076923078,0.4,0.3184,0.38533333333333325,0.13043478260869565,0.2608695652173913,0.32142857142857145,0.23076923076923078,0.4358974358974359,0.2978723404255319,,,,,,,,,,,,0.5711901542708752,0.3254264426506474,0.5711901542708752,1.0,,1.5,,,,,False,,0.5,,,,,False,,False
696285,Jacob Young,WSH,COL,1,9.0,1.0,690279,Mason Adams,R,822693,6:45 PM ET,Nationals Park,1,1,0.23369565217391305,2026-08-25,822693,0.0,0,104.8,103.6,97.1,R,5,5,2,1,0,0,0,0,0,1,3,4,0,1,0,1,2,0.266,0.56875,1,1,1,1,1,0,0.3191489361702128,0.4,0.851063829787234,0.125,0.35,0.14893617021276595,0.017857142857142856,0.03571428571428571,0.0851063829787234,1.4666666666666666,0.4666666666666667,0.21428571428571427,0.19047619047619047,0.38095238095238093,0.40476190476190477,0.023809523809523808,0.2832522222222222,0.4439433333333333,0.07142857142857142,0.2222222222222222,0.1525,0.3621,0.225,0.275,0.14545454545454545,0.375,0.6458333333333334,0.10714285714285714,,,,,,,,,,,,0.3044307264443305,0.1048856817715732,0.3044307264443305,1.4666666666666666,,1.5,,,,,False,,0.5,,,,,False,,False
678391,Jorbit Vivas,WSH,COL,1,6.0,1.0,690279,Mason Adams,R,822693,6:45 PM ET,Nationals Park,0,1,0.23369565217391305,2026-08-25,822693,0.0,0,104.8,103.6,97.1,L,5,5,3,0,0,0,0,0,0,1,3,4,0,1,1,1,2,0.70875,0.7887500000000001,1,1,1,1,1,0,0.1794871794871795,0.28888888888888886,0.8717948717948718,0.1111111111111111,0.20588235294117646,0.02564102564102564,0.0,0.022222222222222223,0.02564102564102564,0.5333333333333333,0.3333333333333333,0.058823529411764705,0.20588235294117646,0.4411764705882353,0.2647058823529412,0.029411764705882353,0.24611666666666665,0.31038333333333334,0.07142857142857142,0.07142857142857142,0.21286666666666668,0.29951666666666665,0.20512820512820512,0.23076923076923078,0.10869565217391304,0.18518518518518517,0.2962962962962963,0.1,,,,,,,,,,,,0.535589865798828,0.25357095369025073,0.535589865798828,0.5333333333333333,,1.5,,,,,False,,0.5,,,,,False,,False
683083,Nasim Nuñez,WSH,COL,1,8.0,1.0,690279,Mason Adams,R,822693,6:45 PM ET,Nationals Park,1,1,0.23369565217391305,2026-08-25,822693,0.0,0,104.8,103.6,97.1,R,1,1,0,0,0,0,0,0,0,0,0,1,0,0,1,0,0,0.009,0.017,0,0,0,0,0,0,0.13157894736842105,0.175,0.8157894736842105,0.17073170731707318,0.16129032258064516,0.0,0.0,0.0,0.0,0.3333333333333333,0.4666666666666667,0.28125,0.1875,0.4375,0.28125,0.0,0.29617777777777776,0.36035555555555554,0.06666666666666667,0.17647058823529413,0.25570000000000004,0.3437000000000001,0.07692307692307693,0.07692307692307693,0.1896551724137931,0.22916666666666666,0.2916666666666667,0.2037037037037037,,,,,,,,,,,,0.5557198959314599,0.22509342905762345,0.5557198959314599,0.3333333333333333,,1.5,,,,,False,,0.5,,,,,False,,False
694249,Cole Carrigg,COL,WSH,0,2.0,1.0,674841,Andrew Alvarez,L,822693,6:45 PM ET,Nationals Park,1,0,0.2222222222222222,2026-08-25,822693,0.0,0,104.8,103.6,97.1,R,4,4,0,0,0,0,0,0,0,1,0,3,0,1,1,1,0,0.17300000000000001,0.37266666666666665,0,0,0,0,1,0,0.2,0.28205128205128205,0.6857142857142857,0.275,0.2916666666666667,0.11428571428571428,0.0,0.1,0.11428571428571428,0.7333333333333333,0.7333333333333333,0.3333333333333333,0.20833333333333334,0.5416666666666666,0.16666666666666666,0.0,0.29178571428571426,0.35173809523809524,0.18181818181818182,0.38461538461538464,0.23349999999999999,0.313375,0.23636363636363636,0.32727272727272727,0.208955223880597,0.30357142857142855,0.5,0.26666666666666666,0.6802030456852792,0.21893491124260356,0.3058823529411765,0.08235294117647059,0.4701492537313433,0.22388059701492538,0.029850746268656716,8.621848739495798,0.453781512605042,9.302521008403362,0.23837209302325582,0.5268652897433457,0.33460315220009335,0.5268652897433457,0.7333333333333333,,1.5,,,,,False,,0.5,,,,,False,,False
681393,Connor Norby,COL,WSH,0,6.0,1.0,674841,Andrew Alvarez,L,822693,6:45 PM ET,Nationals Park,1,0,0.2222222222222222,2026-08-25,822693,0.0,0,104.8,103.6,97.1,R,4,4,1,0,0,0,0,0,0,1,1,3,0,2,1,0,2,0.516,0.7023333333333333,1,0,1,0,1,0,0.2558139534883721,0.3333333333333333,0.6046511627906976,0.3541666666666667,0.4,0.16279069767441862,0.020833333333333332,0.08333333333333333,0.11627906976744186,1.2,1.1333333333333333,0.4230769230769231,0.3076923076923077,0.2692307692307692,0.4230769230769231,0.0,0.4437628205128205,0.5757692307692308,0.4,0.5,0.5539000000000001,0.6971,0.2857142857142857,0.47619047619047616,0.3469387755102041,0.13513513513513514,0.21621621621621623,0.3488372093023256,0.6802030456852792,0.21893491124260356,0.3058823529411765,0.08235294117647059,0.4701492537313433,0.22388059701492538,0.029850746268656716,8.621848739495798,0.453781512605042,9.302521008403362,0.23837209302325582,0.6003327984685659,0.3771530568545815,0.6003327984685659,1.2,,1.5,,,,,False,,0.5,,,,,False,,False
696100,Hunter Goodman,COL,WSH,0,3.0,1.0,674841,Andrew Alvarez,L,822693,6:45 PM ET,Nationals Park,1,0,0.2222222222222222,2026-08-25,822693,0.0,0,104.8,103.6,97.1,R,4,3,0,0,0,0,1,0,0,1,0,2,0,1,0,1,0,0.1125,0.126,0,0,0,0,1,0,0.2222222222222222,0.2711864406779661,0.5925925925925926,0.3728813559322034,0.3,0.2037037037037037,0.05084745762711865,0.0,0.07407407407407407,1.5333333333333334,1.4666666666666666,0.42424242424242425,0.15151515151515152,0.21212121212121213,0.5151515151515151,0.030303030303030304,0.3181595238095238,0.5252142857142857,0.2222222222222222,0.21052631578947367,0.42741666666666667,0.8542999999999997,0.29310344827586204,0.7241379310344828,0.3770491803278688,0.17777777777777778,0.17777777777777778,0.3157894736842105,0.6802030456852792,0.21893491124260356,0.3058823529411765,0.08235294117647059,0.4701492537313433,0.22388059701492538,0.029850746268656716,8.621848739495798,0.453781512605042,9.302521008403362,0.23837209302325582,0.6509284185649293,0.4359814323607427,0.6509284185649293,1.5333333333333334,,1.5,,,,,False,,0.5,,,,,False,,False
664983,Jake McCarthy,COL,WSH,0,1.0,1.0,674841,Andrew Alvarez,L,822693,6:45 PM ET,Nationals Park,0,0,0.2222222222222222,2026-08-25,822693,0.0,0,104.8,103.6,97.1,L,4,4,1,0,0,0,0,0,0,1,1,3,0,2,0,1,2,0.605,0.9223333333333333,1,0,1,0,1,0,0.3,0.36363636363636365,0.8666666666666667,0.11940298507462686,0.32,0.15,0.029850746268656716,0.04477611940298507,0.08333333333333333,1.8,0.5333333333333333,0.3269230769230769,0.25,0.5,0.17307692307692307,0.038461538461538464,0.35717444444444446,0.49763777777777773,0.3,0.13043478260869565,0.3401166666666667,0.43436666666666646,0.2857142857142857,0.38095238095238093,0.11764705882352941,0.2786885245901639,0.45901639344262296,0.14705882352941177,0.6802030456852792,0.21893491124260356,0.3058823529411765,0.08235294117647059,0.4701492537313433,0.22388059701492538,0.029850746268656716,8.621848739495798,0.453781512605042,9.302521008403362,0.23837209302325582,0.6567171250308492,0.4246646341255371,0.6567171250308492,1.8,,1.5,,,,,False,,0.5,,,,,False,,False
687597,Jordan Beck,COL,WSH,0,8.0,1.0,674841,Andrew Alvarez,L,822693,6:45 PM ET,Nationals Park,1,0,0.2222222222222222,2026-08-25,822693,0.0,0,104.8,103.6,97.1,R,2,1,0,0,0,0,1,0,0,0,0,1,0,0,1,0,0,0.003,0.003,0,0,0,0,0,0,0.25,0.3125,0.6590909090909091,0.3125,0.3793103448275862,0.13636363636363635,0.0,0.08333333333333333,0.11363636363636363,1.1333333333333333,1.0,0.3793103448275862,0.27586206896551724,0.3448275862068966,0.3448275862068966,0.034482758620689655,0.3973277777777778,0.5457666666666666,0.2,0.375,0.35495,0.46229999999999993,0.1276595744680851,0.2765957446808511,0.27450980392156865,0.24390243902439024,0.36585365853658536,0.3488372093023256,0.6802030456852792,0.21893491124260356,0.3058823529411765,0.08235294117647059,0.4701492537313433,0.22388059701492538,0.029850746268656716,8.621848739495798,0.453781512605042,9.302521008403362,0.23837209302325582,0.6223506088806389,0.37056495739887185,0.6223506088806389,1.1333333333333333,,1.5,,,,,False,,0.5,,,,,False,,False
666160,Mickey Moniak,COL,WSH,0,7.0,1.0,674841,Andrew Alvarez,L,822693,6:45 PM ET,Nationals Park,0,0,0.2222222222222222,2026-08-25,822693,0.0,0,104.8,103.6,97.1,L,4,4,1,0,0,0,0,0,0,1,1,3,0,1,1,1,1,0.5026666666666667,0.5803333333333333,1,0,1,0,1,0,0.17307692307692307,0.22413793103448276,0.6538461538461539,0.3103448275862069,0.20588235294117646,0.15384615384615385,0.034482758620689655,0.034482758620689655,0.07692307692307693,1.1333333333333333,1.2,0.4444444444444444,0.2222222222222222,0.2222222222222222,0.4722222222222222,0.027777777777777776,0.24226666666666669,0.4192388888888889,0.2,0.2857142857142857,0.20470000000000005,0.35868333333333335,0.22641509433962265,0.4528301886792453,0.2542372881355932,0.26,0.5,0.2857142857142857,0.6802030456852792,0.21893491124260356,0.3058823529411765,0.08235294117647059,0.4701492537313433,0.22388059701492538,0.029850746268656716,8.621848739495798,0.453781512605042,9.302521008403362,0.23837209302325582,0.5892912901227092,0.3596297584403573,0.5892912901227092,1.1333333333333333,,1.5,,,,,False,,0.5,,,,,False,,False
690022,Ryan Ritter,COL,WSH,0,9.0,1.0,674841,Andrew Alvarez,L,822693,6:45 PM ET,Nationals Park,1,0,0.2222222222222222,2026-08-25,822693,0.0,0,104.8,103.6,97.1,R,2,2,0,0,0,0,0,0,0,1,0,1,0,0,0,1,0,0.063,0.072,0,0,0,0,1,0,0.23333333333333334,0.3235294117647059,0.6666666666666666,0.29411764705882354,0.2777777777777778,0.23333333333333334,0.058823529411764705,0.029411764705882353,0.1,0.9333333333333333,0.6666666666666666,0.35,0.15,0.4,0.4,0.1,0.2306,0.2727,0.125,0.25,0.25433333333333324,0.3155,0.25,0.425,0.27906976744186046,0.2702702702702703,0.32432432432432434,0.3170731707317073,0.6802030456852792,0.21893491124260356,0.3058823529411765,0.08235294117647059,0.4701492537313433,0.22388059701492538,0.029850746268656716,8.621848739495798,0.453781512605042,9.302521008403362,0.23837209302325582,0.4984088421150121,0.2711383905514953,0.4984088421150121,0.9333333333333333,,1.5,,,,,False,,0.5,,,,,False,,False
681198,TJ Rumfield,COL,WSH,0,4.0,1.0,674841,Andrew Alvarez,L,822693,6:45 PM ET,Nationals Park,0,0,0.2222222222222222,2026-08-25,822693,0.0,0,104.8,103.6,97.1,L,4,3,1,0,0,0,1,0,0,1,1,2,0,1,1,1,0,0.223,0.2595,1,0,1,0,1,0,0.23076923076923078,0.3333333333333333,0.8461538461538461,0.13333333333333333,0.2727272727272727,0.019230769230769232,0.0,0.016666666666666666,0.019230769230769232,0.8666666666666667,0.5333333333333333,0.20454545454545456,0.20454545454545456,0.3409090909090909,0.38636363636363635,0.0,0.28407777777777776,0.3666277777777778,0.17647058823529413,0.15,0.2828333333333333,0.4141,0.22641509433962265,0.24528301886792453,0.15789473684210525,0.29310344827586204,0.43103448275862066,0.12121212121212122,0.6802030456852792,0.21893491124260356,0.3058823529411765,0.08235294117647059,0.4701492537313433,0.22388059701492538,0.029850746268656716,8.621848739495798,0.453781512605042,9.302521008403362,0.23837209302325582,0.6560000593640655,0.3823688331271378,0.6560000593640655,0.8666666666666667,,1.5,,,,,False,,0.5,,,,,False,,False
650489,Willi Castro,COL,WSH,0,5.0,1.0,674841,Andrew Alvarez,L,822693,6:45 PM ET,Nationals Park,0,0,0.2222222222222222,2026-08-25,822693,0.0,0,104.8,103.6,97.1,L,4,4,1,0,0,1,0,0,0,1,4,3,0,2,1,1,0,0.31033333333333335,0.6883333333333334,1,0,1,1,1,0,0.2857142857142857,0.35,0.7428571428571429,0.225,0.34615384615384615,0.14285714285714285,0.025,0.05,0.08571428571428572,1.0,0.6,0.5555555555555556,0.14814814814814814,0.5925925925925926,0.18518518518518517,0.0,0.35651388888888885,0.4748611111111111,0.23076923076923078,0.38461538461538464,0.5122777777777775,0.5525555555555558,0.29411764705882354,0.5882352941176471,0.2542372881355932,0.19298245614035087,0.2982456140350877,0.34375,0.6802030456852792,0.21893491124260356,0.3058823529411765,0.08235294117647059,0.4701492537313433,0.22388059701492538,0.029850746268656716,8.621848739495798,0.453781512605042,9.302521008403362,0.23837209302325582,0.5122013690066963,0.3340033088213857,0.5122013690066963,1.0,,1.5,,,,,False,,0.5,,,,,False,,False
669224,Austin Wells,NYY,HOU,1,8.0,1.0,814490,Ethan Pecko,R,823505,7:05 PM ET,Yankee Stadium,0,1,0.2867647058823529,2026-08-25,823505,0.0,0,94.4,100.1,100.3,L,4,3,1,1,0,0,0,1,0,2,2,1,0,1,0,0,1,0.903,1.169,1,0,1,1,1,1,0.23076923076923078,0.2857142857142857,0.7435897435897436,0.23255813953488372,0.3103448275862069,0.07692307692307693,0.0,0.06976744186046512,0.07692307692307693,0.8,0.6666666666666666,0.27586206896551724,0.2413793103448276,0.4482758620689655,0.2413793103448276,0.0,0.24563888888888888,0.3196333333333333,0.14285714285714285,0.26666666666666666,0.24574999999999997,0.3526999999999999,0.24390243902439024,0.36585365853658536,0.22727272727272727,0.09803921568627451,0.17647058823529413,0.34615384615384615,,,,,,,,,,,,0.5470806830231671,0.3171238082285428,0.5470806830231671,0.8,,1.5,,,,,False,,0.5,,,,,False,,False
700250,Ben Rice,NYY,HOU,1,2.0,1.0,814490,Ethan Pecko,R,823505,7:05 PM ET,Yankee Stadium,0,1,0.2867647058823529,2026-08-25,823505,0.0,0,94.4,100.1,100.3,L,5,5,2,0,0,0,0,0,0,3,2,2,0,1,0,1,1,0.5255,0.614,1,1,1,1,1,1,0.14545454545454545,0.2878787878787879,0.6727272727272727,0.2727272727272727,0.14705882352941177,0.18181818181818182,0.045454545454545456,0.015151515151515152,0.07272727272727272,1.2,1.2,0.5405405405405406,0.16216216216216217,0.40540540540540543,0.3783783783783784,0.02702702702702703,0.26109444444444446,0.5133,0.17647058823529413,0.22727272727272727,0.23425,0.4623666666666667,0.1320754716981132,0.2641509433962264,0.2727272727272727,0.2222222222222222,0.42857142857142855,0.30303030303030304,,,,,,,,,,,,0.5771629851810928,0.31990638617161576,0.5771629851810928,1.2,,1.5,,,,,False,,0.5,,,,,False,,False
641355,Cody Bellinger,NYY,HOU,1,4.0,1.0,814490,Ethan Pecko,R,823505,7:05 PM ET,Yankee Stadium,0,1,0.2867647058823529,2026-08-25,823505,0.0,0,94.4,100.1,100.3,L,4,4,1,0,0,0,0,0,0,2,1,2,0,1,0,1,0,0.3035,0.3405,1,0,1,0,1,1,0.3090909090909091,0.36666666666666664,0.6909090909090909,0.2833333333333333,0.4473684210526316,0.07272727272727272,0.0,0.06666666666666667,0.07272727272727272,1.4,1.1333333333333333,0.3684210526315789,0.39473684210526316,0.3684210526315789,0.23684210526315788,0.0,0.40327666666666667,0.5165566666666667,0.35294117647058826,0.25,0.48548333333333327,0.6327833333333335,0.30357142857142855,0.39285714285714285,0.22950819672131148,0.25,0.4,0.21212121212121213,,,,,,,,,,,,0.6223971261854774,0.3834087372226116,0.6223971261854774,1.4,,1.5,,,,,False,,0.5,,,,,False,,False
806146,George Lombard Jr.,NYY,HOU,1,5.0,1.0,814490,Ethan Pecko,R,823505,7:05 PM ET,Yankee Stadium,1,1,0.2867647058823529,2026-08-25,823505,0.0,0,94.4,100.1,100.3,R,4,4,2,0,0,0,0,0,0,0,2,4,0,1,1,2,1,0.362,0.42175,1,1,1,1,0,0,0.2641509433962264,0.3220338983050847,0.6792452830188679,0.288135593220339,0.3611111111111111,0.07547169811320754,0.01694915254237288,0.01694915254237288,0.03773584905660377,1.2,1.1333333333333333,0.32432432432432434,0.24324324324324326,0.4864864864864865,0.21621621621621623,0.02702702702702703,0.3682777777777778,0.4908333333333334,0.2777777777777778,0.4,0.3252333333333334,0.36246666666666666,0.25,0.3269230769230769,0.27586206896551724,,,,,,,,,,,,,,,0.5947456432427513,0.3433779621727972,0.5947456432427513,1.2,,1.5,,,,,False,,0.5,,,,,False,,False
665862,Jazz Chisholm Jr.,NYY,HOU,1,7.0,1.0,814490,Ethan Pecko,R,823505,7:05 PM ET,Yankee Stadium,0,1,0.2867647058823529,2026-08-25,823505,0.0,0,94.4,100.1,100.3,L,4,4,2,0,0,1,0,0,0,1,5,3,0,1,1,2,0,0.18233333333333332,0.375,1,1,1,1,1,0,0.21739130434782608,0.32075471698113206,0.6739130434782609,0.2830188679245283,0.3,0.13043478260869565,0.018867924528301886,0.018867924528301886,0.06521739130434782,1.0666666666666667,1.0,0.41935483870967744,0.22580645161290322,0.25806451612903225,0.41935483870967744,0.06451612903225806,0.27619444444444446,0.47018888888888893,0.23529411764705882,0.15789473684210525,0.3461833333333334,0.5331166666666667,0.21739130434782608,0.34782608695652173,0.2830188679245283,0.2,0.43636363636363634,0.3559322033898305,,,,,,,,,,,,0.5646229698225197,0.30469183964701513,0.5646229698225197,1.0666666666666667,,1.5,,,,,False,,0.5,,,,,False,,False
676609,José Caballero,NYY,HOU,1,9.0,1.0,814490,Ethan Pecko,R,823505,7:05 PM ET,Yankee Stadium,1,1,0.2867647058823529,2026-08-25,823505,0.0,0,94.4,100.1,100.3,R,4,4,0,0,0,0,0,0,0,1,0,3,0,1,2,0,0,0.066,0.10066666666666667,0,0,0,0,1,0,0.21052631578947367,0.3404255319148936,0.6578947368421053,0.2708333333333333,0.25,0.18421052631578946,0.041666666666666664,0.020833333333333332,0.07894736842105263,1.0,0.8666666666666667,0.2962962962962963,0.3333333333333333,0.3333333333333333,0.25925925925925924,0.1111111111111111,0.46699696969696963,0.9069575757575759,0.0,0.3076923076923077,0.33627777777777773,0.6894444444444443,0.21951219512195122,0.4146341463414634,0.24489795918367346,0.1276595744680851,0.19148936170212766,0.36538461538461536,,,,,,,,,,,,0.31930973802117224,0.12437366534090048,0.31930973802117224,1.0,,1.5,,,,,False,,0.5,,,,,False,,False
671277,Luis García Jr.,NYY,HOU,1,3.0,1.0,814490,Ethan Pecko,R,823505,7:05 PM ET,Yankee Stadium,0,1,0.2867647058823529,2026-08-25,823505,0.0,0,94.4,100.1,100.3,L,5,3,0,0,0,0,2,0,0,0,0,3,0,1,0,3,0,0.19599999999999998,0.22766666666666666,0,0,0,0,0,0,0.23636363636363636,0.2833333333333333,0.7636363636363637,0.21666666666666667,0.2682926829268293,0.16363636363636364,0.03333333333333333,0.05,0.09090909090909091,1.4666666666666666,0.8666666666666667,0.4883720930232558,0.20930232558139536,0.4418604651162791,0.27906976744186046,0.023255813953488372,0.3276547619047619,0.5748452380952381,0.29411764705882354,0.3333333333333333,0.4509791666666666,1.0292291666666666,0.23636363636363636,0.4,0.21666666666666667,0.14285714285714285,0.1836734693877551,0.21568627450980393,,,,,,,,,,,,0.602642977827847,0.3785129175067885,0.602642977827847,1.4666666666666666,,1.5,,,,,False,,0.5,,,,,False,,False
682987,Spencer Jones,NYY,HOU,1,6.0,1.0,814490,Ethan Pecko,R,823505,7:05 PM ET,Yankee Stadium,0,1,0.2867647058823529,2026-08-25,823505,0.0,0,94.4,100.1,100.3,L,4,3,2,1,0,0,1,0,0,1,3,2,0,2,0,0,2,0.8200000000000001,1.4369999999999998,1,1,1,1,1,0,0.23076923076923078,0.3103448275862069,0.6153846153846154,0.3448275862068966,0.3333333333333333,0.21153846153846154,0.034482758620689655,0.05172413793103448,0.11538461538461539,1.5333333333333334,1.3333333333333333,0.5,0.3125,0.25,0.40625,0.0625,0.3285444444444445,0.65705,0.3333333333333333,0.3684210526315789,0.31170000000000003,0.65495,0.19230769230769232,0.36538461538461536,0.3508771929824561,0.23529411764705882,0.5882352941176471,0.3333333333333333,,,,,,,,,,,,0.595851889557271,0.3585210937845516,0.595851889557271,1.5333333333333334,,1.5,,,,,False,,0.5,,,,,False,,False
663757,Trent Grisham,NYY,HOU,1,1.0,1.0,814490,Ethan Pecko,R,823505,7:05 PM ET,Yankee Stadium,0,1,0.2867647058823529,2026-08-25,823505,0.0,0,94.4,100.1,100.3,L,5,4,1,0,0,1,1,0,0,1,4,3,0,3,2,1,0,0.36200000000000004,1.2226666666666668,1,0,1,1,1,0,0.25862068965517243,0.328125,0.6896551724137931,0.28125,0.2857142857142857,0.3275862068965517,0.078125,0.0625,0.15517241379310345,2.2666666666666666,1.2,0.525,0.275,0.3,0.35,0.05,0.3397277777777778,0.6593277777777778,0.2222222222222222,0.2608695652173913,0.3253666666666667,0.6069333333333332,0.2833333333333333,0.65,0.24615384615384617,0.28846153846153844,0.46153846153846156,0.19298245614035087,,,,,,,,,,,,0.630916158702045,0.35488670476284945,0.630916158702045,2.2666666666666666,,1.5,,,,,False,,0.5,,,,,False,,False
572233,Christian Walker,HOU,NYY,0,6.0,1.0,701542,Will Warren,R,823505,7:05 PM ET,Yankee Stadium,1,1,0.22283609576427257,2026-08-25,823505,0.0,0,94.4,100.1,100.3,R,5,5,1,0,0,0,0,0,0,1,1,4,0,0,0,2,2,0.3365,0.376,1,0,1,0,1,0,0.2037037037037037,0.2786885245901639,0.7777777777777778,0.19672131147540983,0.23809523809523808,0.09259259259259259,0.01639344262295082,0.03278688524590164,0.05555555555555555,1.0666666666666667,0.8,0.37209302325581395,0.23255813953488372,0.46511627906976744,0.23255813953488372,0.046511627906976744,0.2935655555555556,0.4157388888888889,0.17647058823529413,0.3684210526315789,0.2142,0.23870000000000027,0.22807017543859648,0.40350877192982454,0.23809523809523808,0.2653061224489796,0.5306122448979592,0.15789473684210525,0.7073170731707317,0.2573099415204678,0.6043956043956044,0.3021978021978022,0.43448275862068964,0.1793103448275862,0.027586206896551724,10.103225806451613,1.2193548387096773,7.1419354838709666,0.17372881355932204,0.6319043462973944,0.3596572991698915,0.6319043462973944,1.0666666666666667,,1.5,,,,,False,,0.5,,,,,False,,False
662139,Daulton Varsho,HOU,NYY,0,5.0,1.0,701542,Will Warren,R,823505,7:05 PM ET,Yankee Stadium,0,1,0.22283609576427257,2026-08-25,823505,0.0,0,94.4,100.1,100.3,L,5,5,1,0,0,0,0,0,0,1,1,4,0,1,1,3,0,0.28874999999999995,0.3355,1,0,1,0,1,0,0.16071428571428573,0.22950819672131148,0.7321428571428571,0.2459016393442623,0.1794871794871795,0.14285714285714285,0.03278688524590164,0.03278688524590164,0.07142857142857142,1.1333333333333333,1.0,0.43902439024390244,0.1951219512195122,0.2682926829268293,0.4634146341463415,0.024390243902439025,0.2538222222222222,0.46591111111111105,0.2,0.3,0.20748333333333324,0.32365000000000005,0.17543859649122806,0.2982456140350877,0.23809523809523808,0.21428571428571427,0.2857142857142857,0.2033898305084746,0.7073170731707317,0.2573099415204678,0.6043956043956044,0.3021978021978022,0.43448275862068964,0.1793103448275862,0.027586206896551724,10.103225806451613,1.2193548387096773,7.1419354838709666,0.17372881355932204,0.5806139373596554,0.3501471881329586,0.5806139373596554,1.1333333333333333,,1.5,,,,,False,,0.5,,,,,False,,False
670623,Isaac Paredes,HOU,NYY,0,3.0,1.0,701542,Will Warren,R,823505,7:05 PM ET,Yankee Stadium,1,1,0.22283609576427257,2026-08-25,823505,0.0,0,94.4,100.1,100.3,R,5,3,1,0,0,1,1,0,1,0,4,4,0,1,4,0,0,0.04066666666666666,0.12133333333333333,1,0,1,1,0,0,0.33962264150943394,0.4067796610169492,0.9622641509433962,0.03278688524590164,0.34,0.1509433962264151,0.01639344262295082,0.08196721311475409,0.11320754716981132,1.7333333333333334,0.13333333333333333,0.21568627450980393,0.3137254901960784,0.29411764705882354,0.23529411764705882,0.0196078431372549,0.25044222222222223,0.34874888888888894,0.25,0.047619047619047616,0.24456666666666668,0.3139666666666666,0.24528301886792453,0.37735849056603776,0.06451612903225806,0.27419354838709675,0.3387096774193548,0.1791044776119403,0.7073170731707317,0.2573099415204678,0.6043956043956044,0.3021978021978022,0.43448275862068964,0.1793103448275862,0.027586206896551724,10.103225806451613,1.2193548387096773,7.1419354838709666,0.17372881355932204,0.668396307333215,0.411194131731141,0.668396307333215,1.7333333333333334,,1.5,,,,,False,,0.5,,,,,False,,False
665161,Jeremy Peña,HOU,NYY,0,1.0,1.0,701542,Will Warren,R,823505,7:05 PM ET,Yankee Stadium,1,1,0.22283609576427257,2026-08-25,823505,0.0,0,94.4,100.1,100.3,R,5,5,2,1,0,0,0,0,0,2,3,3,0,1,1,2,0,0.34600000000000003,0.8503333333333334,1,1,1,1,1,1,0.11666666666666667,0.171875,0.6666666666666666,0.3125,0.15384615384615385,0.08333333333333333,0.015625,0.03125,0.05,0.8,1.3333333333333333,0.3,0.15,0.55,0.2,0.025,0.3132857142857143,0.40870238095238093,0.17647058823529413,0.29411764705882354,0.3843958333333333,0.5630208333333333,0.21311475409836064,0.4098360655737705,0.2878787878787879,0.20634920634920634,0.23809523809523808,0.26865671641791045,0.7073170731707317,0.2573099415204678,0.6043956043956044,0.3021978021978022,0.43448275862068964,0.1793103448275862,0.027586206896551724,10.103225806451613,1.2193548387096773,7.1419354838709666,0.17372881355932204,0.6120826101665098,0.3735469484551126,0.6120826101665098,0.8,,1.5,,,,,False,,0.5,,,,,False,,False
514888,Jose Altuve,HOU,NYY,0,4.0,1.0,701542,Will Warren,R,823505,7:05 PM ET,Yankee Stadium,1,1,0.22283609576427257,2026-08-25,823505,0.0,0,94.4,100.1,100.3,R,5,4,1,0,0,1,1,0,0,2,4,2,0,2,1,0,1,0.4115,0.602,1,0,1,1,1,1,0.3076923076923077,0.3620689655172414,0.8076923076923077,0.1724137931034483,0.35714285714285715,0.1346153846153846,0.017241379310344827,0.034482758620689655,0.07692307692307693,1.5333333333333334,0.6666666666666666,0.23255813953488372,0.2558139534883721,0.4418604651162791,0.18604651162790697,0.023255813953488372,0.2617297619047619,0.3502154761904762,0.23529411764705882,0.2777777777777778,0.2968666666666666,0.3651166666666669,0.3392857142857143,0.44642857142857145,0.13114754098360656,0.22807017543859648,0.38596491228070173,0.20967741935483872,0.7073170731707317,0.2573099415204678,0.6043956043956044,0.3021978021978022,0.43448275862068964,0.1793103448275862,0.027586206896551724,10.103225806451613,1.2193548387096773,7.1419354838709666,0.17372881355932204,0.6644545256282003,0.38479404939940115,0.6644545256282003,1.5333333333333334,,1.5,,,,,False,,0.5,,,,,False,,False
664774,LaMonte Wade Jr.,HOU,NYY,0,7.0,1.0,701542,Will Warren,R,823505,7:05 PM ET,Yankee Stadium,0,1,0.22283609576427257,2026-08-25,823505,0.0,0,94.4,100.1,100.3,L,4,4,0,0,0,0,0,0,0,1,0,3,0,0,1,1,1,0.17899999999999996,0.21666666666666665,0,0,0,0,1,0,0.3225806451612903,0.4,0.7096774193548387,0.2571428571428571,0.45454545454545453,0.0967741935483871,0.0,0.08571428571428572,0.0967741935483871,0.8666666666666667,0.6,0.5,0.3181818181818182,0.45454545454545453,0.18181818181818182,0.0,0.3470138888888889,0.46379166666666666,0.23076923076923078,0.4,0.38949999999999985,0.6036249999999999,0.28125,0.34375,0.2702702702702703,0.14583333333333334,0.1875,0.17857142857142858,0.7073170731707317,0.2573099415204678,0.6043956043956044,0.3021978021978022,0.43448275862068964,0.1793103448275862,0.027586206896551724,10.103225806451613,1.2193548387096773,7.1419354838709666,0.17372881355932204,0.5514426651714203,0.3406789584137307,0.5514426651714203,0.8666666666666667,,1.5,,,,,False,,0.5,,,,,False,,False
666211,Taylor Trammell,HOU,NYY,0,9.0,1.0,701542,Will Warren,R,823505,7:05 PM ET,Yankee Stadium,0,1,0.22283609576427257,2026-08-25,823505,0.0,0,94.4,100.1,100.3,L,1,1,1,0,0,0,0,0,0,0,1,1,0,1,0,0,1,0.843,1.107,1,0,1,0,0,0,0.11627906976744186,0.24,0.6046511627906976,0.34,0.125,0.18604651162790697,0.04,0.0,0.06976744186046512,0.8666666666666667,1.1333333333333333,0.4230769230769231,0.07692307692307693,0.5,0.34615384615384615,0.038461538461538464,0.2685769230769231,0.7405256410256411,0.0,0.5833333333333334,0.10983333333333349,0.3088333333333336,0.11627906976744186,0.3023255813953488,0.34,0.18518518518518517,0.3333333333333333,0.28125,0.7073170731707317,0.2573099415204678,0.6043956043956044,0.3021978021978022,0.43448275862068964,0.1793103448275862,0.027586206896551724,10.103225806451613,1.2193548387096773,7.1419354838709666,0.17372881355932204,0.4028619769483703,0.169902429667807,0.4028619769483703,0.8666666666666667,,1.5,,,,,False,,0.5,,,,,False,,False
673237,Yainer Diaz,HOU,NYY,0,8.0,1.0,701542,Will Warren,R,823505,7:05 PM ET,Yankee Stadium,1,1,0.22283609576427257,2026-08-25,823505,0.0,0,94.4,100.1,100.3,R,1,1,0,0,0,0,0,0,0,1,0,0,0,0,0,0,0,0.529,1.397,0,0,0,0,1,0,0.28,0.3076923076923077,0.82,0.16981132075471697,0.325,0.08,0.018867924528301886,0.018867924528301886,0.04,1.2,0.6,0.4146341463414634,0.1951219512195122,0.5853658536585366,0.12195121951219512,0.0,0.36222666666666664,0.49597555555555556,0.29411764705882354,0.23529411764705882,0.37603333333333333,0.58945,0.32142857142857145,0.44642857142857145,0.15254237288135594,0.2222222222222222,0.2777777777777778,0.21052631578947367,0.7073170731707317,0.2573099415204678,0.6043956043956044,0.3021978021978022,0.43448275862068964,0.1793103448275862,0.027586206896551724,10.103225806451613,1.2193548387096773,7.1419354838709666,0.17372881355932204,0.6133703040281574,0.33314741601466175,0.6133703040281574,1.2,,1.5,,,,,False,,0.5,,,,,False,,False
670541,Yordan Alvarez,HOU,NYY,0,2.0,1.0,701542,Will Warren,R,823505,7:05 PM ET,Yankee Stadium,0,1,0.22283609576427257,2026-08-25,823505,0.0,0,94.4,100.1,100.3,L,5,2,1,0,0,0,3,0,0,0,1,2,0,0,1,0,1,0.5185,0.6020000000000001,1,0,1,0,0,0,0.23529411764705882,0.3548387096774194,0.7843137254901961,0.1774193548387097,0.275,0.13725490196078433,0.016129032258064516,0.06451612903225806,0.09803921568627451,1.2666666666666666,0.7333333333333333,0.5365853658536586,0.3170731707317073,0.2682926829268293,0.3902439024390244,0.0,0.30489777777777777,0.519228888888889,0.26666666666666666,0.2222222222222222,0.33416666666666667,0.5809000000000003,0.3090909090909091,0.4909090909090909,0.1875,0.26785714285714285,0.39285714285714285,0.16417910447761194,0.7073170731707317,0.2573099415204678,0.6043956043956044,0.3021978021978022,0.43448275862068964,0.1793103448275862,0.027586206896551724,10.103225806451613,1.2193548387096773,7.1419354838709666,0.17372881355932204,0.6476677977086873,0.4479361374673943,0.6476677977086873,1.2666666666666666,,1.5,,,,,False,,0.5,,,,,False,,False
665926,Andrés Giménez,TOR,KC,1,7.0,1.0,607625,Seth Lugo,R,822773,7:07 PM ET,Rogers Centre,0,1,0.19898819561551434,2026-08-25,822773,0.0,0,101.0,102.3,107.9,L,2,2,1,0,0,0,0,0,0,0,1,2,0,0,0,2,0,0.249,0.2535,1,0,1,0,0,0,0.2857142857142857,0.3387096774193548,0.75,0.22580645161290322,0.35714285714285715,0.10714285714285714,0.016129032258064516,0.04838709677419355,0.07142857142857142,1.4666666666666666,0.9333333333333333,0.2558139534883721,0.2558139534883721,0.3488372093023256,0.27906976744186046,0.0,0.3165911111111111,0.4435822222222222,0.23809523809523808,0.14285714285714285,0.2194066666666667,0.28861333333333333,0.2641509433962264,0.37735849056603776,0.1864406779661017,0.23529411764705882,0.27450980392156865,0.2,0.7203389830508474,0.25,0.4880382775119617,0.20574162679425836,0.4470588235294118,0.3,0.01764705882352941,10.867924528301886,2.207547169811321,6.452830188679245,0.16170212765957448,0.6573608255744019,0.37662543933912374,0.6573608255744019,1.4666666666666666,,1.5,,,,,False,,0.5,,,,,False,,False
678218,Brandon Valenzuela,TOR,KC,1,8.0,1.0,607625,Seth Lugo,R,822773,7:07 PM ET,Rogers Centre,0,1,0.19898819561551434,2026-08-25,822773,0.0,0,101.0,102.3,107.9,L,4,4,1,1,0,0,0,0,0,1,2,3,0,1,1,1,1,0.12866666666666668,0.21233333333333335,1,0,1,1,1,0,0.22580645161290322,0.29411764705882354,0.6129032258064516,0.35294117647058826,0.3684210526315789,0.06451612903225806,0.0,0.058823529411764705,0.06451612903225806,0.6,0.8,0.3684210526315789,0.3157894736842105,0.47368421052631576,0.05263157894736842,0.0,0.3663194444444444,0.5059583333333334,0.25,0.3,0.44612500000000005,0.7985000000000001,0.2,0.24,0.3090909090909091,0.1724137931034483,0.3793103448275862,0.28125,0.7203389830508474,0.25,0.4880382775119617,0.20574162679425836,0.4470588235294118,0.3,0.01764705882352941,10.867924528301886,2.207547169811321,6.452830188679245,0.16170212765957448,0.4714226328689883,0.24860969788562914,0.4714226328689883,0.6,,1.5,,,,,False,,0.5,,,,,False,,False
703520,Brett Bateman,TOR,KC,1,1.0,1.0,607625,Seth Lugo,R,822773,7:07 PM ET,Rogers Centre,0,1,0.19898819561551434,2026-08-25,822773,0.0,0,101.0,102.3,107.9,L,4,3,0,0,0,0,0,0,1,2,0,2,0,1,1,1,0,0.058,0.061,0,0,0,0,1,1,0.32142857142857145,0.36666666666666664,0.8035714285714286,0.18032786885245902,0.4,0.08928571428571429,0.0,0.04918032786885246,0.07142857142857142,1.7692307692307692,0.8461538461538461,0.15217391304347827,0.2608695652173913,0.6521739130434783,0.06521739130434782,0.0,0.30575128205128205,0.3817076923076923,0.3333333333333333,0.17391304347826086,0.30700333333333335,0.36063999999999996,0.3333333333333333,0.4358974358974359,0.19047619047619047,0.21428571428571427,0.2857142857142857,0.21428571428571427,0.7203389830508474,0.25,0.4880382775119617,0.20574162679425836,0.4470588235294118,0.3,0.01764705882352941,10.867924528301886,2.207547169811321,6.452830188679245,0.16170212765957448,0.7123201256534125,0.3848076290392872,0.7123201256534125,1.7692307692307692,,1.5,,,,,False,,0.5,,,,,False,,False
676391,Ernie Clement,TOR,KC,1,6.0,1.0,607625,Seth Lugo,R,822773,7:07 PM ET,Rogers Centre,1,1,0.19898819561551434,2026-08-25,822773,0.0,0,101.0,102.3,107.9,R,4,4,0,0,0,0,0,0,0,0,0,4,0,0,2,1,1,0.2,0.24700000000000003,0,0,0,0,0,0,0.2909090909090909,0.3220338983050847,0.8909090909090909,0.1016949152542373,0.32,0.03636363636363636,0.0,0.03389830508474576,0.03636363636363636,1.2,0.4,0.14,0.24,0.44,0.18,0.0,0.3007733333333333,0.3490011111111111,0.35,0.09090909090909091,0.33593999999999996,0.3895866666666666,0.23214285714285715,0.32142857142857145,0.15,0.26785714285714285,0.30357142857142855,0.04838709677419355,0.7203389830508474,0.25,0.4880382775119617,0.20574162679425836,0.4470588235294118,0.3,0.01764705882352941,10.867924528301886,2.207547169811321,6.452830188679245,0.16170212765957448,0.6565004665612862,0.3432965860885229,0.6565004665612862,1.2,,1.5,,,,,False,,0.5,,,,,False,,False
660821,Jesús Sánchez,TOR,KC,1,5.0,1.0,607625,Seth Lugo,R,822773,7:07 PM ET,Rogers Centre,0,1,0.19898819561551434,2026-08-25,822773,0.0,0,101.0,102.3,107.9,L,4,4,2,1,0,0,0,0,0,1,3,3,0,2,0,2,1,0.25966666666666666,0.674,1,1,1,1,1,0,0.15151515151515152,0.3170731707317073,0.6363636363636364,0.2926829268292683,0.2,0.15151515151515152,0.024390243902439025,0.04878048780487805,0.09090909090909091,0.6666666666666666,0.8,0.38095238095238093,0.09523809523809523,0.3333333333333333,0.5714285714285714,0.0,0.26164102564102565,0.5324615384615385,0.09090909090909091,0.4666666666666667,0.23866666666666678,0.31483333333333335,0.15625,0.3125,0.3076923076923077,0.20833333333333334,0.375,0.2641509433962264,0.7203389830508474,0.25,0.4880382775119617,0.20574162679425836,0.4470588235294118,0.3,0.01764705882352941,10.867924528301886,2.207547169811321,6.452830188679245,0.16170212765957448,0.5132162943929747,0.31407658639827946,0.5132162943929747,0.6666666666666666,,1.5,,,,,False,,0.5,,,,,False,,False
672960,Kazuma Okamoto,TOR,KC,1,4.0,1.0,607625,Seth Lugo,R,822773,7:07 PM ET,Rogers Centre,1,1,0.19898819561551434,2026-08-25,822773,0.0,0,101.0,102.3,107.9,R,4,3,1,1,0,0,1,0,0,0,2,3,0,1,2,0,1,0.10266666666666667,0.307,1,0,1,1,0,0,0.23333333333333334,0.28125,0.7166666666666667,0.265625,0.2926829268292683,0.16666666666666666,0.03125,0.0625,0.1,1.6,1.1333333333333333,0.3488372093023256,0.3023255813953488,0.20930232558139536,0.3488372093023256,0.046511627906976744,0.34397777777777777,0.6241888888888888,0.2727272727272727,0.21739130434782608,0.4813333333333333,1.0151333333333334,0.2786885245901639,0.4426229508196721,0.25396825396825395,0.19298245614035087,0.38596491228070173,0.34375,0.7203389830508474,0.25,0.4880382775119617,0.20574162679425836,0.4470588235294118,0.3,0.01764705882352941,10.867924528301886,2.207547169811321,6.452830188679245,0.16170212765957448,0.668396307333215,0.4181124116567671,0.668396307333215,1.6,,1.5,,,,,False,,0.5,,,,,False,,False
664702,Myles Straw,TOR,KC,1,9.0,1.0,607625,Seth Lugo,R,822773,7:07 PM ET,Rogers Centre,1,1,0.19898819561551434,2026-08-25,822773,0.0,0,101.0,102.3,107.9,R,3,3,2,2,0,0,0,0,0,0,4,3,0,2,0,1,2,0.6953333333333332,0.8553333333333333,1,1,1,1,0,0,0.13636363636363635,0.20833333333333334,0.7727272727272727,0.20408163265306123,0.17647058823529413,0.06818181818181818,0.0,0.061224489795918366,0.06818181818181818,0.6,0.6666666666666666,0.2,0.2,0.4857142857142857,0.14285714285714285,0.02857142857142857,0.20302222222222222,0.2742222222222222,0.07692307692307693,0.13333333333333333,0.21636666666666668,0.3232333333333334,0.1794871794871795,0.3333333333333333,0.11627906976744186,0.17073170731707318,0.24390243902439024,0.18181818181818182,0.7203389830508474,0.25,0.4880382775119617,0.20574162679425836,0.4470588235294118,0.3,0.01764705882352941,10.867924528301886,2.207547169811321,6.452830188679245,0.16170212765957448,0.5094197307075378,0.21890902654907804,0.5094197307075378,0.6,,1.5,,,,,False,,0.5,,,,,False,,False
664770,Nathan Lukes,TOR,KC,1,2.0,1.0,607625,Seth Lugo,R,822773,7:07 PM ET,Rogers Centre,0,1,0.19898819561551434,2026-08-25,822773,0.0,0,101.0,102.3,107.9,L,3,3,2,0,0,1,0,0,0,1,5,2,0,2,1,1,0,0.55,1.743,1,1,1,1,1,0,0.21052631578947367,0.23333333333333334,0.7894736842105263,0.19047619047619047,0.22727272727272727,0.10526315789473684,0.031746031746031744,0.0,0.03508771929824561,1.2,0.8,0.24489795918367346,0.22448979591836735,0.5306122448979592,0.22448979591836735,0.02040816326530612,0.31461111111111106,0.4200888888888889,0.1111111111111111,0.3,0.29556666666666664,0.48266666666666663,0.18181818181818182,0.2909090909090909,0.16666666666666666,0.30434782608695654,0.391304347826087,0.1724137931034483,0.7203389830508474,0.25,0.4880382775119617,0.20574162679425836,0.4470588235294118,0.3,0.01764705882352941,10.867924528301886,2.207547169811321,6.452830188679245,0.16170212765957448,0.6486464820791489,0.39506673981098367,0.6486464820791489,1.2,,1.5,,,,,False,,0.5,,,,,False,,False
665489,Vladimir Guerrero Jr.,TOR,KC,1,3.0,1.0,607625,Seth Lugo,R,822773,7:07 PM ET,Rogers Centre,1,1,0.19898819561551434,2026-08-25,822773,0.0,0,101.0,102.3,107.9,R,4,4,0,0,0,0,0,0,0,0,0,4,0,2,0,3,1,0.34925,0.48650000000000004,0,0,0,0,0,0,0.26666666666666666,0.2903225806451613,0.8666666666666667,0.12903225806451613,0.29411764705882354,0.1,0.016129032258064516,0.04838709677419355,0.06666666666666667,1.4666666666666666,0.5333333333333333,0.4230769230769231,0.21153846153846154,0.5192307692307693,0.17307692307692307,0.0,0.3086888888888889,0.42679999999999996,0.3333333333333333,0.09523809523809523,0.3692933333333333,0.5025466666666668,0.23636363636363636,0.36363636363636365,0.11864406779661017,0.2857142857142857,0.31746031746031744,0.1791044776119403,0.7203389830508474,0.25,0.4880382775119617,0.20574162679425836,0.4470588235294118,0.3,0.01764705882352941,10.867924528301886,2.207547169811321,6.452830188679245,0.16170212765957448,0.6764276072814089,0.4162035678528016,0.6764276072814089,1.4666666666666666,,1.5,,,,,False,,0.5,,,,,False,,False
677951,Bobby Witt Jr.,KC,TOR,0,2.0,1.0,453286,Max Scherzer,R,822773,7:07 PM ET,Rogers Centre,1,1,0.19384057971014493,2026-08-25,822773,0.0,0,101.0,102.3,107.9,R,5,4,1,0,0,0,1,0,0,2,1,2,0,2,0,1,1,0.46599999999999997,0.5325,1,0,1,0,1,1,0.2982456140350877,0.40298507462686567,0.7894736842105263,0.1791044776119403,0.3333333333333333,0.19298245614035087,0.04477611940298507,0.029850746268656716,0.08771929824561403,1.8666666666666667,0.8,0.4222222222222222,0.2222222222222222,0.4,0.28888888888888886,0.0,0.34443333333333326,0.5126333333333334,0.3157894736842105,0.13043478260869565,0.5380833333333332,0.7660333333333333,0.3392857142857143,0.5178571428571429,0.16923076923076924,0.2631578947368421,0.38596491228070173,0.1746031746031746,0.7292817679558011,0.2119205298013245,0.5,0.2345679012345679,0.3484848484848485,0.29545454545454547,0.045454545454545456,13.14159292035398,3.1061946902654864,7.407079646017698,0.17318435754189945,0.6572624011234613,0.4006143742215536,0.6572624011234613,1.8666666666666667,,1.5,,,,,False,,0.5,,,,,False,,False
695600,Carter Jensen,KC,TOR,0,1.0,1.0,453286,Max Scherzer,R,822773,7:07 PM ET,Rogers Centre,0,1,0.19384057971014493,2026-08-25,822773,0.0,0,101.0,102.3,107.9,L,1,1,0,0,0,0,0,0,0,0,0,1,0,0,1,0,0,0.031,0.073,0,0,0,0,0,0,0.13725490196078433,0.2786885245901639,0.7058823529411765,0.2459016393442623,0.14705882352941177,0.13725490196078433,0.03278688524590164,0.01639344262295082,0.058823529411764705,0.9333333333333333,1.0,0.4722222222222222,0.2222222222222222,0.25,0.5,0.0,0.28473809523809523,0.5457559523809524,0.2222222222222222,0.18181818181818182,0.4598999999999999,0.8815500000000001,0.15384615384615385,0.38461538461538464,0.234375,0.16071428571428573,0.2857142857142857,0.3114754098360656,0.7292817679558011,0.2119205298013245,0.5,0.2345679012345679,0.3484848484848485,0.29545454545454547,0.045454545454545456,13.14159292035398,3.1061946902654864,7.407079646017698,0.17318435754189945,0.5891854027282178,0.3555991970453199,0.5891854027282178,0.9333333333333333,,1.5,,,,,False,,0.5,,,,,False,,False
686555,Isaac Collins,KC,TOR,0,7.0,1.0,453286,Max Scherzer,R,822773,7:07 PM ET,Rogers Centre,0,1,0.19384057971014493,2026-08-25,822773,0.0,0,101.0,102.3,107.9,L,2,2,0,0,0,0,0,0,0,2,0,0,0,0,0,0,0,0.524,0.6819999999999999,0,0,0,0,1,1,0.11538461538461539,0.25,0.7307692307692307,0.21212121212121213,0.15,0.038461538461538464,0.0,0.030303030303030304,0.038461538461538464,0.26666666666666666,0.4666666666666667,0.35,0.25,0.35,0.25,0.0,0.25736363636363635,0.328,0.2857142857142857,0.1,0.17000000000000007,0.19849999999999998,0.2,0.3333333333333333,0.1509433962264151,0.20408163265306123,0.3469387755102041,0.2641509433962264,0.7292817679558011,0.2119205298013245,0.5,0.2345679012345679,0.3484848484848485,0.29545454545454547,0.045454545454545456,13.14159292035398,3.1061946902654864,7.407079646017698,0.17318435754189945,0.4694550118321979,0.2662404565064094,0.4694550118321979,0.26666666666666666,,1.5,,,,,False,,0.5,,,,,False,,False
670231,John Rave,KC,TOR,0,8.0,1.0,453286,Max Scherzer,R,822773,7:07 PM ET,Rogers Centre,0,1,0.19384057971014493,2026-08-25,822773,0.0,0,101.0,102.3,107.9,L,4,3,2,0,0,1,1,0,0,0,5,3,0,1,1,2,0,0.3953333333333333,1.0973333333333335,1,1,1,1,0,0,0.14634146341463414,0.18604651162790697,0.7804878048780488,0.2,0.16129032258064516,0.0975609756097561,0.022222222222222223,0.022222222222222223,0.04878048780487805,0.6666666666666666,0.6,0.17647058823529413,0.11764705882352941,0.47058823529411764,0.2647058823529412,0.0,0.23197619047619047,0.3262678571428571,0.06666666666666667,0.25,0.19770000000000001,0.23213333333333336,0.1891891891891892,0.35135135135135137,0.1951219512195122,0.14814814814814814,0.18518518518518517,0.2413793103448276,0.7292817679558011,0.2119205298013245,0.5,0.2345679012345679,0.3484848484848485,0.29545454545454547,0.045454545454545456,13.14159292035398,3.1061946902654864,7.407079646017698,0.17318435754189945,0.5072035458615107,0.2152309311524093,0.5072035458615107,0.6666666666666666,,1.5,,,,,False,,0.5,,,,,False,,False
664728,Kyle Isbel,KC,TOR,0,9.0,1.0,453286,Max Scherzer,R,822773,7:07 PM ET,Rogers Centre,0,1,0.19384057971014493,2026-08-25,822773,0.0,0,101.0,102.3,107.9,L,4,4,2,0,0,0,0,0,0,0,2,4,0,2,2,2,0,0.43425,0.48525,1,1,1,1,0,0,0.20833333333333334,0.23529411764705882,0.7708333333333334,0.21153846153846154,0.2,0.20833333333333334,0.057692307692307696,0.019230769230769232,0.08333333333333333,1.3333333333333333,0.7333333333333333,0.3333333333333333,0.1794871794871795,0.5128205128205128,0.23076923076923078,0.0,0.25085714285714283,0.3239821428571429,0.29411764705882354,0.2222222222222222,0.27986666666666665,0.39664999999999984,0.22916666666666666,0.3125,0.2222222222222222,0.1276595744680851,0.23404255319148937,0.28,0.7292817679558011,0.2119205298013245,0.5,0.2345679012345679,0.3484848484848485,0.29545454545454547,0.045454545454545456,13.14159292035398,3.1061946902654864,7.407079646017698,0.17318435754189945,0.38641425880672853,0.18744521372882983,0.38641425880672853,1.3333333333333333,,1.5,,,,,False,,0.5,,,,,False,,False
686681,Michael Massey,KC,TOR,0,5.0,1.0,453286,Max Scherzer,R,822773,7:07 PM ET,Rogers Centre,0,1,0.19384057971014493,2026-08-25,822773,0.0,0,101.0,102.3,107.9,L,3,3,0,0,0,0,0,0,0,0,0,3,0,1,0,1,1,0.223,0.2866666666666667,0,0,0,0,0,0,0.3584905660377358,0.38181818181818183,0.7924528301886793,0.2,0.41025641025641024,0.24528301886792453,0.05454545454545454,0.03636363636363636,0.11320754716981132,2.1333333333333333,0.7333333333333333,0.35714285714285715,0.2619047619047619,0.47619047619047616,0.23809523809523808,0.023809523809523808,0.33334523809523814,0.5406190476190476,0.5,0.05,0.3529833333333333,0.5182166666666665,0.3148148148148148,0.5370370370370371,0.10714285714285714,0.22916666666666666,0.375,0.3333333333333333,0.7292817679558011,0.2119205298013245,0.5,0.2345679012345679,0.3484848484848485,0.29545454545454547,0.045454545454545456,13.14159292035398,3.1061946902654864,7.407079646017698,0.17318435754189945,0.6317690163090474,0.36802093451076784,0.6317690163090474,2.1333333333333333,,1.5,,,,,False,,0.5,,,,,False,,False
679845,Nick Loftin,KC,TOR,0,6.0,1.0,453286,Max Scherzer,R,822773,7:07 PM ET,Rogers Centre,1,1,0.19384057971014493,2026-08-25,822773,0.0,0,101.0,102.3,107.9,R,5,4,3,0,0,1,1,0,0,0,6,4,0,3,1,2,1,0.52275,0.844,1,1,1,1,0,0,0.13043478260869565,0.2857142857142857,0.6956521739130435,0.24561403508771928,0.1875,0.08695652173913043,0.0,0.03508771929824561,0.06521739130434782,0.6666666666666666,0.9333333333333333,0.21212121212121213,0.30303030303030304,0.36363636363636365,0.30303030303030304,0.0,0.2417404761904762,0.3382404761904762,0.14285714285714285,0.2222222222222222,0.2217,0.3184666666666667,0.23255813953488372,0.37209302325581395,0.18518518518518517,0.2,0.24,0.22033898305084745,0.7292817679558011,0.2119205298013245,0.5,0.2345679012345679,0.3484848484848485,0.29545454545454547,0.045454545454545456,13.14159292035398,3.1061946902654864,7.407079646017698,0.17318435754189945,0.5401498587304824,0.26570966290688847,0.5401498587304824,0.6666666666666666,,1.5,,,,,False,,0.5,,,,,False,,False
521692,Salvador Perez,KC,TOR,0,4.0,1.0,453286,Max Scherzer,R,822773,7:07 PM ET,Rogers Centre,1,1,0.19384057971014493,2026-08-25,822773,0.0,0,101.0,102.3,107.9,R,5,4,2,1,0,0,0,0,0,2,3,2,0,1,1,0,1,0.5900000000000001,0.819,1,1,1,1,1,1,0.25,0.2857142857142857,0.9230769230769231,0.06896551724137931,0.25,0.07692307692307693,0.017241379310344827,0.017241379310344827,0.038461538461538464,1.1333333333333333,0.26666666666666666,0.3673469387755102,0.1836734693877551,0.4897959183673469,0.30612244897959184,0.04081632653061224,0.29597444444444443,0.47410777777777774,0.3333333333333333,0.0,0.2814233333333333,0.5650066666666667,0.2727272727272727,0.4909090909090909,0.11864406779661017,0.23636363636363636,0.38181818181818183,0.14754098360655737,0.7292817679558011,0.2119205298013245,0.5,0.2345679012345679,0.3484848484848485,0.29545454545454547,0.045454545454545456,13.14159292035398,3.1061946902654864,7.407079646017698,0.17318435754189945,0.6460970648115762,0.3858592206702422,0.6460970648115762,1.1333333333333333,,1.5,,,,,False,,0.5,,,,,False,,False
686469,Vinnie Pasquantino,KC,TOR,0,3.0,1.0,453286,Max Scherzer,R,822773,7:07 PM ET,Rogers Centre,0,1,0.19384057971014493,2026-08-25,822773,0.0,0,101.0,102.3,107.9,L,5,4,1,1,0,0,1,0,0,0,2,4,0,1,1,1,1,0.43075,0.872,1,0,1,1,0,0,0.35185185185185186,0.4262295081967213,0.8703703703703703,0.11290322580645161,0.37777777777777777,0.18518518518518517,0.03225806451612903,0.06451612903225806,0.1111111111111111,1.9333333333333333,0.4666666666666667,0.5319148936170213,0.19148936170212766,0.3829787234042553,0.2978723404255319,0.0,0.3366904761904762,0.5674702380952381,0.4444444444444444,0.0,0.37183333333333335,0.7524333333333335,0.3018867924528302,0.41509433962264153,0.1,0.2807017543859649,0.40350877192982454,0.24242424242424243,0.7292817679558011,0.2119205298013245,0.5,0.2345679012345679,0.3484848484848485,0.29545454545454547,0.045454545454545456,13.14159292035398,3.1061946902654864,7.407079646017698,0.17318435754189945,0.6555446029868878,0.40007617593264416,0.6555446029868878,1.9333333333333333,,1.5,,,,,False,,0.5,,,,,False,,False
805999,A.J. Ewing,NYM,MIL,1,9.0,1.0,690986,Kyle Harrison,L,823585,7:10 PM ET,Citi Field,0,0,0.21754385964912282,2026-08-25,823585,,0,96.9,97.2,97.5,L,4,4,1,0,0,0,0,0,0,2,1,2,0,0,0,2,0,0.1585,0.1645,1,0,1,0,1,1,0.14545454545454545,0.265625,0.6545454545454545,0.2923076923076923,0.2222222222222222,0.03636363636363636,0.0,0.03076923076923077,0.03636363636363636,0.6666666666666666,1.2666666666666666,0.3783783783783784,0.2972972972972973,0.35135135135135137,0.32432432432432434,0.05405405405405406,0.3418452380952381,0.5024214285714286,0.15789473684210525,0.3333333333333333,0.32337499999999997,0.38484999999999997,0.1724137931034483,0.22413793103448276,0.23880597014925373,0.24074074074074073,0.4074074074074074,0.288135593220339,0.6716417910447762,0.2,0.45263157894736844,0.21052631578947367,0.4074074074074074,0.3037037037037037,0.037037037037037035,7.5600000000000005,1.2600000000000002,11.520000000000003,0.3137254901960784,0.41621445035880805,0.24115095484321128,0.41621445035880805,0.6666666666666666,,1.5,,,,,False,,0.5,,,,,False,,False
666182,Bo Bichette,NYM,MIL,1,2.0,1.0,690986,Kyle Harrison,L,823585,7:10 PM ET,Citi Field,1,0,0.21754385964912282,2026-08-25,823585,,0,96.9,97.2,97.5,R,4,4,0,0,0,0,0,0,0,1,0,3,1,2,1,2,0,0.2806666666666666,0.8093333333333333,0,0,0,0,1,0,0.3620689655172414,0.4307692307692308,0.8275862068965517,0.15384615384615385,0.4,0.27586206896551724,0.046153846153846156,0.07692307692307693,0.15517241379310345,2.466666666666667,0.6666666666666666,0.4375,0.3541666666666667,0.375,0.25,0.020833333333333332,0.3641077777777778,0.5356233333333333,0.3,0.19047619047619047,0.3187333333333333,0.5083666666666665,0.3103448275862069,0.5344827586206896,0.15873015873015872,0.3448275862068966,0.43103448275862066,0.18181818181818182,0.6716417910447762,0.2,0.45263157894736844,0.21052631578947367,0.4074074074074074,0.3037037037037037,0.037037037037037035,7.5600000000000005,1.2600000000000002,11.520000000000003,0.3137254901960784,0.7082809097997919,0.4739269172437788,0.7082809097997919,2.466666666666667,,1.5,,,,,False,,0.5,,,,,False,,False
701807,Carson Benge,NYM,MIL,1,3.0,1.0,690986,Kyle Harrison,L,823585,7:10 PM ET,Citi Field,0,0,0.21754385964912282,2026-08-25,823585,,0,96.9,97.2,97.5,L,4,4,2,1,0,0,0,0,0,1,3,3,0,0,2,1,0,0.3686666666666667,0.5163333333333333,1,1,1,1,1,0,0.3559322033898305,0.40625,0.8135593220338984,0.171875,0.38636363636363635,0.2542372881355932,0.0625,0.015625,0.1016949152542373,2.4,0.7333333333333333,0.4375,0.1875,0.4791666666666667,0.3125,0.0,0.33927999999999997,0.5853622222222222,0.35,0.15,0.3080033333333333,0.5572166666666667,0.3448275862068966,0.603448275862069,0.171875,0.18032786885245902,0.3114754098360656,0.24615384615384617,0.6716417910447762,0.2,0.45263157894736844,0.21052631578947367,0.4074074074074074,0.3037037037037037,0.037037037037037035,7.5600000000000005,1.2600000000000002,11.520000000000003,0.3137254901960784,0.6766766058962093,0.47077036827440627,0.6766766058962093,2.4,,1.5,,,,,False,,0.5,,,,,False,,False
676572,Eric Wagaman,NYM,MIL,1,5.0,1.0,690986,Kyle Harrison,L,823585,7:10 PM ET,Citi Field,1,0,0.21754385964912282,2026-08-25,823585,,0,96.9,97.2,97.5,R,1,1,0,0,0,0,0,0,0,0,0,1,0,0,0,1,0,0.047,0.052,0,0,0,0,0,0,0.1875,0.23529411764705882,0.78125,0.2,0.20833333333333334,0.09375,0.02857142857142857,0.0,0.03125,0.6,0.4666666666666667,0.2,0.36,0.48,0.12,0.04,0.2566025641025641,0.33203846153846156,0.23076923076923078,0.23076923076923078,0.32766666666666666,0.3707333333333334,0.29411764705882354,0.43137254901960786,0.20754716981132076,0.16129032258064516,0.16129032258064516,0.2,0.6716417910447762,0.2,0.45263157894736844,0.21052631578947367,0.4074074074074074,0.3037037037037037,0.037037037037037035,7.5600000000000005,1.2600000000000002,11.520000000000003,0.3137254901960784,0.5350751759727905,0.29050150448097467,0.5350751759727905,0.6,,1.5,,,,,False,,0.5,,,,,False,,False
596019,Francisco Lindor,NYM,MIL,1,1.0,1.0,690986,Kyle Harrison,L,823585,7:10 PM ET,Citi Field,1,0,0.21754385964912282,2026-08-25,823585,,0,96.9,97.2,97.5,R,2,2,1,1,0,0,0,0,0,0,2,2,0,1,0,0,1,0.35150000000000003,0.421,1,0,1,1,0,0,0.18181818181818182,0.2894736842105263,0.8484848484848485,0.13157894736842105,0.18518518518518517,0.09090909090909091,0.02631578947368421,0.0,0.030303030303030304,0.6,0.3333333333333333,0.35714285714285715,0.10714285714285714,0.32142857142857145,0.42857142857142855,0.03571428571428571,0.2120705128205128,0.4186730769230769,0.13333333333333333,0.06666666666666667,0.23224999999999998,0.5026166666666667,0.26785714285714285,0.4107142857142857,0.18461538461538463,0.2542372881355932,0.5932203389830508,0.15151515151515152,0.6716417910447762,0.2,0.45263157894736844,0.21052631578947367,0.4074074074074074,0.3037037037037037,0.037037037037037035,7.5600000000000005,1.2600000000000002,11.520000000000003,0.3137254901960784,0.532376864691643,0.3066460847239632,0.532376864691643,0.6,,1.5,,,,,False,,0.5,,,,,False,,False
676724,Jared Young,NYM,MIL,1,6.0,1.0,690986,Kyle Harrison,L,823585,7:10 PM ET,Citi Field,0,0,0.21754385964912282,2026-08-25,823585,,0,96.9,97.2,97.5,L,3,3,1,0,0,0,0,0,0,1,1,2,0,1,0,2,0,0.317,0.353,1,0,1,0,1,0,0.36363636363636365,0.3793103448275862,0.8363636363636363,0.15254237288135594,0.41304347826086957,0.21818181818181817,0.01694915254237288,0.0847457627118644,0.14545454545454545,2.1333333333333333,0.6,0.425531914893617,0.23404255319148937,0.3829787234042553,0.2978723404255319,0.0,0.28344444444444444,0.49399444444444446,0.29411764705882354,0.16666666666666666,0.24405000000000002,0.4467666666666664,0.36363636363636365,0.5818181818181818,0.15254237288135594,0.34615384615384615,0.5384615384615384,0.15384615384615385,0.6716417910447762,0.2,0.45263157894736844,0.21052631578947367,0.4074074074074074,0.3037037037037037,0.037037037037037035,7.5600000000000005,1.2600000000000002,11.520000000000003,0.3137254901960784,0.6142562191301039,0.4078397212451846,0.6142562191301039,2.1333333333333333,,1.5,,,,,False,,0.5,,,,,False,,False
673357,Luis Robert Jr.,NYM,MIL,1,4.0,1.0,690986,Kyle Harrison,L,823585,7:10 PM ET,Citi Field,1,0,0.21754385964912282,2026-08-25,823585,,0,96.9,97.2,97.5,R,4,2,1,0,0,0,2,0,0,1,1,1,0,1,0,0,1,0.849,1.229,1,0,1,0,1,0,0.2857142857142857,0.3148148148148148,0.7142857142857143,0.25925925925925924,0.28125,0.32653061224489793,0.09259259259259259,0.018518518518518517,0.12244897959183673,2.0,0.9333333333333333,0.3783783783783784,0.21621621621621623,0.35135135135135137,0.32432432432432434,0.0,0.40884027777777776,0.8042402777777777,0.2857142857142857,0.17647058823529413,0.4235208333333333,1.0421458333333338,0.23404255319148937,0.5106382978723404,0.3076923076923077,0.16981132075471697,0.22641509433962265,0.27586206896551724,0.6716417910447762,0.2,0.45263157894736844,0.21052631578947367,0.4074074074074074,0.3037037037037037,0.037037037037037035,7.5600000000000005,1.2600000000000002,11.520000000000003,0.3137254901960784,0.6190324612155523,0.39383821950932196,0.6190324612155523,2.0,,1.5,,,,,False,,0.5,,,,,False,,False
620443,Luis Torrens,NYM,MIL,1,8.0,1.0,690986,Kyle Harrison,L,823585,7:10 PM ET,Citi Field,1,0,0.21754385964912282,2026-08-25,823585,,0,96.9,97.2,97.5,R,3,3,0,0,0,0,0,0,0,0,0,3,0,2,0,3,0,0.3243333333333333,0.35933333333333334,0,0,0,0,0,0,0.3181818181818182,0.3877551020408163,0.8636363636363636,0.12244897959183673,0.25,0.4318181818181818,0.12244897959183673,0.02040816326530612,0.1590909090909091,2.2,0.4,0.5263157894736842,0.18421052631578946,0.42105263157894735,0.3684210526315789,0.10526315789473684,0.3462555555555556,0.7290500000000001,0.4166666666666667,0.07692307692307693,0.4051333333333333,1.0993333333333335,0.24444444444444444,0.4888888888888889,0.16666666666666666,0.2682926829268293,0.4634146341463415,0.14285714285714285,0.6716417910447762,0.2,0.45263157894736844,0.21052631578947367,0.4074074074074074,0.3037037037037037,0.037037037037037035,7.5600000000000005,1.2600000000000002,11.520000000000003,0.3137254901960784,0.5551824618125424,0.3596572991698915,0.5551824618125424,2.2,,1.5,,,,,False,,0.5,,,,,False,,False
543760,Marcus Semien,NYM,MIL,1,7.0,1.0,690986,Kyle Harrison,L,823585,7:10 PM ET,Citi Field,1,0,0.21754385964912282,2026-08-25,823585,,0,96.9,97.2,97.5,R,4,3,0,0,0,0,1,0,0,1,0,2,0,0,1,1,0,0.295,0.3355,0,0,0,0,1,0,0.24528301886792453,0.3050847457627119,0.8113207547169812,0.1694915254237288,0.2619047619047619,0.1509433962264151,0.03389830508474576,0.03389830508474576,0.07547169811320754,1.4,0.6666666666666666,0.25,0.22727272727272727,0.4318181818181818,0.22727272727272727,0.022727272727272728,0.2993488888888889,0.3861788888888889,0.3333333333333333,0.15789473684210525,0.40081333333333335,0.4523200000000003,0.2641509433962264,0.39622641509433965,0.18333333333333332,0.17307692307692307,0.3076923076923077,0.18032786885245902,0.6716417910447762,0.2,0.45263157894736844,0.21052631578947367,0.4074074074074074,0.3037037037037037,0.037037037037037035,7.5600000000000005,1.2600000000000002,11.520000000000003,0.3137254901960784,0.6448224860852653,0.36551894816745717,0.6448224860852653,1.4,,1.5,,,,,False,,0.5,,,,,False,,False
683734,Andrew Vaughn,MIL,NYM,0,4.0,1.0,804267,Zac Thornton,L,823585,7:10 PM ET,Citi Field,1,0,0.24493243243243243,2026-08-25,823585,,0,96.9,97.2,97.5,R,4,4,2,0,0,0,0,0,0,1,2,3,0,2,1,1,1,0.515,0.5996666666666667,1,1,1,1,1,0,0.32608695652173914,0.40384615384615385,0.782608695652174,0.18867924528301888,0.4166666666666667,0.021739130434782608,0.0,0.018867924528301886,0.021739130434782608,1.0666666666666667,0.6666666666666666,0.4166666666666667,0.16666666666666666,0.6111111111111112,0.16666666666666666,0.0,0.31208888888888886,0.3910388888888889,0.42857142857142855,0.0625,0.3969,0.5245833333333332,0.30434782608695654,0.391304347826087,0.21052631578947367,0.2222222222222222,0.3611111111111111,0.175,0.7570621468926554,0.21019108280254778,0.33540372670807456,0.10559006211180125,0.41044776119402987,0.291044776119403,0.03731343283582089,,,,,0.6706931850754682,0.4266693829914168,0.6706931850754682,1.0666666666666667,,1.5,,,,,False,,0.5,,,,,False,,False
668930,Brice Turang,MIL,NYM,0,2.0,1.0,804267,Zac Thornton,L,823585,7:10 PM ET,Citi Field,0,0,0.24493243243243243,2026-08-25,823585,,0,96.9,97.2,97.5,L,5,4,1,0,0,0,1,0,0,1,1,3,0,1,1,1,1,0.3406666666666667,0.38766666666666666,1,0,1,0,1,0,0.2,0.29411764705882354,0.65,0.30434782608695654,0.3076923076923077,0.05,0.0,0.043478260869565216,0.05,1.0,1.4,0.425,0.325,0.4,0.25,0.0,0.3937444444444445,0.5992944444444444,0.10526315789473684,0.18181818181818182,0.2945166666666667,0.3817666666666666,0.23728813559322035,0.3389830508474576,0.23529411764705882,0.16923076923076924,0.27692307692307694,0.2602739726027397,0.7570621468926554,0.21019108280254778,0.33540372670807456,0.10559006211180125,0.41044776119402987,0.291044776119403,0.03731343283582089,,,,,0.6117859578835095,0.3770096716528,0.6117859578835095,1.0,,1.5,,,,,False,,0.5,,,,,False,,False
806198,Cooper Pratt,MIL,NYM,0,9.0,1.0,804267,Zac Thornton,L,823585,7:10 PM ET,Citi Field,1,0,0.24493243243243243,2026-08-25,823585,,0,96.9,97.2,97.5,R,4,2,0,0,0,0,0,0,1,0,0,4,0,2,1,2,1,0.48450000000000004,0.5255,0,0,0,0,0,0,0.2127659574468085,0.2962962962962963,0.6808510638297872,0.2777777777777778,0.30303030303030304,0.0425531914893617,0.0,0.037037037037037035,0.0425531914893617,0.8,1.0,0.24242424242424243,0.24242424242424243,0.45454545454545453,0.2727272727272727,0.0,0.2249940476190476,0.30002976190476194,0.058823529411764705,0.3333333333333333,0.16843333333333335,0.2572833333333334,0.32653061224489793,0.4897959183673469,0.21052631578947367,0.18518518518518517,0.18518518518518517,0.2903225806451613,0.7570621468926554,0.21019108280254778,0.33540372670807456,0.10559006211180125,0.41044776119402987,0.291044776119403,0.03731343283582089,,,,,0.4514992176999056,0.23249970749556273,0.4514992176999056,0.8,,1.5,,,,,False,,0.5,,,,,False,,False
669003,Garrett Mitchell,MIL,NYM,0,7.0,1.0,804267,Zac Thornton,L,823585,7:10 PM ET,Citi Field,0,0,0.24493243243243243,2026-08-25,823585,,0,96.9,97.2,97.5,L,2,1,0,0,0,0,0,1,0,1,0,0,0,0,0,0,0,0.334,0.339,0,0,0,0,1,0,0.29545454545454547,0.40384615384615385,0.6818181818181818,0.2641509433962264,0.41379310344827586,0.13636363636363635,0.018867924528301886,0.05660377358490566,0.09090909090909091,1.2666666666666666,0.9333333333333333,0.6333333333333333,0.2,0.6,0.16666666666666666,0.0,0.3599242424242424,0.5216136363636363,0.6666666666666666,0.15384615384615385,0.4400555555555557,0.8074444444444446,0.24,0.36,0.288135593220339,0.22448979591836735,0.30612244897959184,0.3333333333333333,0.7570621468926554,0.21019108280254778,0.33540372670807456,0.10559006211180125,0.41044776119402987,0.291044776119403,0.03731343283582089,,,,,0.5801073975653006,0.3406916293800275,0.5801073975653006,1.2666666666666666,,1.5,,,,,False,,0.5,,,,,False,,False
596142,Gary Sánchez,MIL,NYM,0,5.0,1.0,804267,Zac Thornton,L,823585,7:10 PM ET,Citi Field,1,0,0.24493243243243243,2026-08-25,823585,,0,96.9,97.2,97.5,R,1,1,0,0,0,0,0,0,0,0,0,1,0,0,0,0,0,0.003,0.003,0,0,0,0,0,0,0.20454545454545456,0.3,0.6590909090909091,0.29411764705882354,0.25925925925925924,0.22727272727272727,0.0392156862745098,0.0784313725490196,0.13636363636363635,1.2666666666666666,1.0,0.3793103448275862,0.20689655172413793,0.4482758620689655,0.20689655172413793,0.034482758620689655,0.31697222222222227,0.4980486111111111,0.0625,0.29411764705882354,0.32383333333333336,0.359770833333333,0.3170731707317073,0.6585365853658537,0.17647058823529413,0.1794871794871795,0.358974358974359,0.22448979591836735,0.7570621468926554,0.21019108280254778,0.33540372670807456,0.10559006211180125,0.41044776119402987,0.291044776119403,0.03731343283582089,,,,,0.5503707892872175,0.32013483898510636,0.5503707892872175,1.2666666666666666,,1.5,,,,,False,,0.5,,,,,False,,False
694192,Jackson Chourio,MIL,NYM,0,1.0,1.0,804267,Zac Thornton,L,823585,7:10 PM ET,Citi Field,1,0,0.24493243243243243,2026-08-25,823585,,0,96.9,97.2,97.5,R,5,5,2,0,0,0,0,0,0,0,2,5,0,2,0,5,0,0.2742,0.2986,1,1,1,1,0,0,0.2857142857142857,0.38461538461538464,0.6964285714285714,0.26153846153846155,0.3783783783783784,0.14285714285714285,0.03076923076923077,0.03076923076923077,0.07142857142857142,1.6,1.1333333333333333,0.4358974358974359,0.20512820512820512,0.41025641025641024,0.38461538461538464,0.07692307692307693,0.3526888888888889,0.6302722222222222,0.3333333333333333,0.19047619047619047,0.3821,0.6889166666666665,0.32727272727272727,0.4909090909090909,0.25396825396825395,0.24561403508771928,0.45614035087719296,0.1875,0.7570621468926554,0.21019108280254778,0.33540372670807456,0.10559006211180125,0.41044776119402987,0.291044776119403,0.03731343283582089,,,,,0.668396307333215,0.3810541382417985,0.668396307333215,1.6,,1.5,,,,,False,,0.5,,,,,False,,False
687401,Joey Ortiz,MIL,NYM,0,8.0,1.0,804267,Zac Thornton,L,823585,7:10 PM ET,Citi Field,1,0,0.24493243243243243,2026-08-25,823585,,0,96.9,97.2,97.5,R,4,3,0,0,0,0,1,0,0,1,0,2,0,1,0,2,0,0.155,0.17099999999999999,0,0,0,0,1,0,0.3137254901960784,0.3508771929824561,0.7254901960784313,0.24561403508771928,0.3783783783783784,0.21568627450980393,0.03508771929824561,0.05263157894736842,0.11764705882352941,1.8,0.9333333333333333,0.4358974358974359,0.28205128205128205,0.5384615384615384,0.15384615384615385,0.02564102564102564,0.2942435897435897,0.42185897435897435,0.3333333333333333,0.25,0.35905,0.5106499999999998,0.37254901960784315,0.6862745098039216,0.20689655172413793,0.30952380952380953,0.35714285714285715,0.29545454545454547,0.7570621468926554,0.21019108280254778,0.33540372670807456,0.10559006211180125,0.41044776119402987,0.291044776119403,0.03731343283582089,,,,,0.6133703040281574,0.34532547237704186,0.6133703040281574,1.8,,1.5,,,,,False,,0.5,,,,,False,,False
800325,Luis Lara,MIL,NYM,0,6.0,1.0,804267,Zac Thornton,L,823585,7:10 PM ET,Citi Field,1,0,0.24493243243243243,2026-08-25,823585,,0,96.9,97.2,97.5,R,1,1,1,0,1,0,0,0,0,0,3,1,0,0,0,1,0,0.531,0.643,1,0,1,1,0,0,0.2894736842105263,0.3076923076923077,0.8157894736842105,0.1794871794871795,0.3333333333333333,0.10526315789473684,0.02564102564102564,0.02564102564102564,0.05263157894736842,1.0,0.4666666666666667,0.45161290322580644,0.3225806451612903,0.5161290322580645,0.12903225806451613,0.03225806451612903,0.3456666666666667,0.4582738095238095,0.3333333333333333,0.16666666666666666,0.26725,0.33005,0.21428571428571427,0.3392857142857143,0.22950819672131148,0.1875,0.1875,0.16666666666666666,0.7570621468926554,0.21019108280254778,0.33540372670807456,0.10559006211180125,0.41044776119402987,0.291044776119403,0.03731343283582089,,,,,0.4851150458648336,0.3045380281816421,0.4851150458648336,1.0,,1.5,,,,,False,,0.5,,,,,False,,False
661388,William Contreras,MIL,NYM,0,3.0,1.0,804267,Zac Thornton,L,823585,7:10 PM ET,Citi Field,1,0,0.24493243243243243,2026-08-25,823585,,0,96.9,97.2,97.5,R,5,5,2,0,0,0,0,0,0,0,2,5,1,3,1,3,1,0.41479999999999995,0.675,1,1,1,1,0,0,0.23636363636363636,0.3582089552238806,0.8727272727272727,0.1044776119402985,0.23404255319148937,0.14545454545454545,0.029850746268656716,0.029850746268656716,0.07272727272727272,1.4,0.4666666666666667,0.5306122448979592,0.24489795918367346,0.3673469387755102,0.32653061224489793,0.08163265306122448,0.3103666666666667,0.6570833333333332,0.45,0.08333333333333333,0.32505,0.6211499999999999,0.16071428571428573,0.2857142857142857,0.16417910447761194,0.2549019607843137,0.4117647058823529,0.10344827586206896,0.7570621468926554,0.21019108280254778,0.33540372670807456,0.10559006211180125,0.41044776119402987,0.291044776119403,0.03731343283582089,,,,,0.6343073844508068,0.3648591345465122,0.6343073844508068,1.4,,1.5,,,,,False,,0.5,,,,,False,,False
663586,Austin Riley,ATL,LAD,1,8.0,1.0,607192,Tyler Glasnow,R,824881,7:15 PM ET,Truist Park,1,1,0.25,2026-08-25,824881,,0,100.6,98.4,97.1,R,4,3,2,0,0,0,1,0,0,1,2,2,0,1,0,1,1,0.717,0.799,1,1,1,1,1,0,0.21153846153846154,0.26785714285714285,0.5961538461538461,0.375,0.3103448275862069,0.17307692307692307,0.03571428571428571,0.05357142857142857,0.09615384615384616,1.3333333333333333,1.4,0.6129032258064516,0.25806451612903225,0.2903225806451613,0.3548387096774194,0.0967741935483871,0.38835,0.7472555555555556,0.1111111111111111,0.4,0.2842666666666667,0.46236666666666676,0.23076923076923078,0.36538461538461536,0.38181818181818183,0.22,0.44,0.3157894736842105,0.5625,0.15469613259668508,0.3064516129032258,0.12903225806451613,0.4700854700854701,0.23076923076923078,0.02564102564102564,4.624309392265194,0.5966850828729283,10.740331491712707,0.3116883116883117,0.5843922936697675,0.34394426091415403,0.5843922936697675,1.3333333333333333,,1.5,,,,,False,,0.5,,,,,False,,False
686948,Drake Baldwin,ATL,LAD,1,1.0,1.0,607192,Tyler Glasnow,R,824881,7:15 PM ET,Truist Park,0,1,0.25,2026-08-25,824881,,0,100.6,98.4,97.1,L,4,4,1,1,0,0,0,0,0,1,2,3,0,1,2,0,1,0.17966666666666664,0.41933333333333334,1,0,1,1,1,0,0.25,0.296875,0.8,0.1875,0.2978723404255319,0.1,0.015625,0.046875,0.06666666666666667,1.4,0.8,0.5625,0.2708333333333333,0.3958333333333333,0.2708333333333333,0.041666666666666664,0.30636555555555556,0.46654555555555555,0.10526315789473684,0.2857142857142857,0.25661666666666666,0.4397333333333334,0.20967741935483872,0.2903225806451613,0.22727272727272727,0.23809523809523808,0.31746031746031744,0.18181818181818182,0.5625,0.15469613259668508,0.3064516129032258,0.12903225806451613,0.4700854700854701,0.23076923076923078,0.02564102564102564,4.624309392265194,0.5966850828729283,10.740331491712707,0.3116883116883117,0.6558579678440783,0.376128236906435,0.6558579678440783,1.4,,1.5,,,,,False,,0.5,,,,,False,,False
621566,Matt Olson,ATL,LAD,1,3.0,1.0,607192,Tyler Glasnow,R,824881,7:15 PM ET,Truist Park,0,1,0.25,2026-08-25,824881,,0,100.6,98.4,97.1,L,5,5,0,0,0,0,0,0,0,3,0,2,0,1,0,2,0,0.117,0.12,0,0,0,0,1,1,0.19298245614035087,0.2459016393442623,0.6491228070175439,0.32786885245901637,0.21212121212121213,0.24561403508771928,0.06557377049180328,0.03278688524590164,0.10526315789473684,1.6666666666666667,1.3333333333333333,0.4594594594594595,0.24324324324324326,0.2702702702702703,0.43243243243243246,0.02702702702702703,0.3910388888888889,0.8367833333333333,0.15789473684210525,0.3,0.39760000000000006,0.6490999999999998,0.25925925925925924,0.6481481481481481,0.27419354838709675,0.22950819672131148,0.4918032786885246,0.3968253968253968,0.5625,0.15469613259668508,0.3064516129032258,0.12903225806451613,0.4700854700854701,0.23076923076923078,0.02564102564102564,4.624309392265194,0.5966850828729283,10.740331491712707,0.3116883116883117,0.5963307959240493,0.38479404939940115,0.5963307959240493,1.6666666666666667,,1.5,,,,,False,,0.5,,,,,False,,False
643289,Mauricio Dubón,ATL,LAD,1,4.0,1.0,607192,Tyler Glasnow,R,824881,7:15 PM ET,Truist Park,1,1,0.25,2026-08-25,824881,,0,100.6,98.4,97.1,R,4,3,1,1,0,0,1,0,0,0,2,3,0,0,0,0,1,0.06666666666666667,0.09933333333333333,1,0,1,1,0,0,0.3333333333333333,0.3508771929824561,0.9444444444444444,0.05263157894736842,0.34615384615384615,0.037037037037037035,0.0,0.03508771929824561,0.037037037037037035,1.3333333333333333,0.2,0.3269230769230769,0.3076923076923077,0.38461538461538464,0.28846153846153844,0.0,0.31523666666666667,0.4084288888888889,0.47058823529411764,0.058823529411764705,0.38099999999999995,0.47440000000000004,0.32,0.36,0.05660377358490566,0.24561403508771928,0.3684210526315789,0.08196721311475409,0.5625,0.15469613259668508,0.3064516129032258,0.12903225806451613,0.4700854700854701,0.23076923076923078,0.02564102564102564,4.624309392265194,0.5966850828729283,10.740331491712707,0.3116883116883117,0.6368320081803591,0.3752119244210875,0.6368320081803591,1.3333333333333333,,1.5,,,,,False,,0.5,,,,,False,,False
671739,Michael Harris II,ATL,LAD,1,5.0,1.0,607192,Tyler Glasnow,R,824881,7:15 PM ET,Truist Park,0,1,0.25,2026-08-25,824881,,0,100.6,98.4,97.1,L,5,5,1,0,0,1,0,0,0,1,4,4,0,1,2,2,0,0.163,0.28275,1,0,1,1,1,0,0.30357142857142855,0.3157894736842105,0.75,0.2413793103448276,0.40476190476190477,0.10714285714285714,0.0,0.10344827586206896,0.10714285714285714,1.5333333333333334,0.9333333333333333,0.4523809523809524,0.30952380952380953,0.5476190476190477,0.11904761904761904,0.0,0.33381666666666665,0.4349,0.45,0.14285714285714285,0.4025,0.6085166666666666,0.3448275862068966,0.5,0.16393442622950818,0.23636363636363636,0.4909090909090909,0.1694915254237288,0.5625,0.15469613259668508,0.3064516129032258,0.12903225806451613,0.4700854700854701,0.23076923076923078,0.02564102564102564,4.624309392265194,0.5966850828729283,10.740331491712707,0.3116883116883117,0.6319043462973944,0.3362535404471645,0.6319043462973944,1.5333333333333334,,1.5,,,,,False,,0.5,,,,,False,,False
573262,Mike Yastrzemski,ATL,LAD,1,7.0,1.0,607192,Tyler Glasnow,R,824881,7:15 PM ET,Truist Park,0,1,0.25,2026-08-25,824881,,0,100.6,98.4,97.1,L,1,1,0,0,0,0,0,0,0,1,0,0,0,0,0,0,0,0.2585,0.3225,0,0,0,0,1,0,0.21212121212121213,0.3333333333333333,0.7575757575757576,0.20512820512820512,0.25,0.18181818181818182,0.02564102564102564,0.07692307692307693,0.12121212121212122,0.8666666666666667,0.5333333333333333,0.44,0.24,0.44,0.2,0.04,0.32454761904761903,0.5105238095238095,0.2727272727272727,0.2,0.3574999999999999,0.43975,0.21212121212121213,0.3939393939393939,0.20512820512820512,0.22448979591836735,0.2857142857142857,0.25,0.5625,0.15469613259668508,0.3064516129032258,0.12903225806451613,0.4700854700854701,0.23076923076923078,0.02564102564102564,4.624309392265194,0.5966850828729283,10.740331491712707,0.3116883116883117,0.47960233653032835,0.28745872817453844,0.47960233653032835,0.8666666666666667,,1.5,,,,,False,,0.5,,,,,False,,False
645277,Ozzie Albies,ATL,LAD,1,6.0,1.0,607192,Tyler Glasnow,R,824881,7:15 PM ET,Truist Park,1,1,0.25,2026-08-25,824881,,0,100.6,98.4,97.1,R,5,5,2,0,0,0,0,0,0,2,2,3,0,0,1,1,1,0.3326666666666667,0.393,1,1,1,1,1,1,0.17073170731707318,0.2708333333333333,0.9024390243902439,0.08333333333333333,0.16216216216216217,0.0975609756097561,0.020833333333333332,0.020833333333333332,0.04878048780487805,0.7333333333333333,0.26666666666666666,0.2894736842105263,0.21052631578947367,0.2894736842105263,0.39473684210526316,0.0,0.2282628205128205,0.3757051282051282,0.2727272727272727,0.15384615384615385,0.23975000000000005,0.2913750000000001,0.1875,0.3541666666666667,0.08771929824561403,0.1864406779661017,0.3050847457627119,0.140625,0.5625,0.15469613259668508,0.3064516129032258,0.12903225806451613,0.4700854700854701,0.23076923076923078,0.02564102564102564,4.624309392265194,0.5966850828729283,10.740331491712707,0.3116883116883117,0.5166319578117092,0.3037928197671296,0.5166319578117092,0.7333333333333333,,1.5,,,,,False,,0.5,,,,,False,,False
660670,Ronald Acuña Jr.,ATL,LAD,1,2.0,1.0,607192,Tyler Glasnow,R,824881,7:15 PM ET,Truist Park,1,1,0.25,2026-08-25,824881,,0,100.6,98.4,97.1,R,5,3,1,0,0,0,2,0,0,0,1,3,0,1,0,1,2,0.28200000000000003,0.3426666666666667,1,0,1,0,0,0,0.18032786885245902,0.21875,0.7049180327868853,0.28125,0.21951219512195122,0.13114754098360656,0.03125,0.03125,0.06557377049180328,1.2666666666666666,1.2,0.4186046511627907,0.2558139534883721,0.4418604651162791,0.23255813953488372,0.023255813953488372,0.36368555555555554,0.53582,0.047619047619047616,0.3181818181818182,0.2142666666666667,0.27474999999999994,0.1774193548387097,0.3870967741935484,0.3076923076923077,0.2631578947368421,0.47368421052631576,0.20588235294117646,0.5625,0.15469613259668508,0.3064516129032258,0.12903225806451613,0.4700854700854701,0.23076923076923078,0.02564102564102564,4.624309392265194,0.5966850828729283,10.740331491712707,0.3116883116883117,0.6319488431329408,0.3710115946836536,0.6319488431329408,1.2666666666666666,,1.5,,,,,False,,0.5,,,,,False,,False
669221,Sean Murphy,ATL,LAD,1,9.0,1.0,607192,Tyler Glasnow,R,824881,7:15 PM ET,Truist Park,1,1,0.25,2026-08-25,824881,,0,100.6,98.4,97.1,R,4,4,1,0,0,0,0,0,0,1,1,3,0,0,0,1,1,0.2966666666666667,0.3123333333333333,1,0,1,0,1,0,0.1,0.1,0.62,0.38,0.16129032258064516,0.02,0.0,0.02,0.02,0.4,1.2666666666666666,0.3548387096774194,0.12903225806451613,0.6451612903225806,0.1935483870967742,0.0,0.27116666666666667,0.3318444444444444,0.1875,0.3125,0.33046666666666674,0.42876666666666663,0.08,0.1,0.4,0.16666666666666666,0.21428571428571427,0.2978723404255319,0.5625,0.15469613259668508,0.3064516129032258,0.12903225806451613,0.4700854700854701,0.23076923076923078,0.02564102564102564,4.624309392265194,0.5966850828729283,10.740331491712707,0.3116883116883117,0.4647218388718662,0.25618565278912375,0.4647218388718662,0.4,,1.5,,,,,False,,0.5,,,,,False,,False
677950,Alek Thomas,LAD,ATL,0,8.0,1.0,693821,Bryce Elder,R,824881,7:15 PM ET,Truist Park,0,1,0.21568627450980393,2026-08-25,824881,,0,100.6,98.4,97.1,L,3,3,1,0,0,0,0,0,0,0,1,3,0,1,0,1,1,0.381,0.4313333333333333,1,0,1,0,0,0,0.24489795918367346,0.27450980392156865,0.7959183673469388,0.19607843137254902,0.2702702702702703,0.22448979591836735,0.0392156862745098,0.09803921568627451,0.14285714285714285,1.5333333333333334,0.6666666666666666,0.41025641025641024,0.23076923076923078,0.46153846153846156,0.23076923076923078,0.02564102564102564,0.34500000000000003,0.5154166666666666,0.15384615384615385,0.42857142857142855,0.41712499999999997,0.5589999999999999,0.24489795918367346,0.46938775510204084,0.19607843137254902,0.2553191489361702,0.46808510638297873,0.2641509433962264,0.7288135593220338,0.2182741116751269,0.5283018867924528,0.25471698113207547,0.4127906976744186,0.2616279069767442,0.029069767441860465,9.53892215568862,1.616766467065868,7.59880239520958,0.1934156378600823,0.5553829216758043,0.3343282176604078,0.5553829216758043,1.5333333333333334,,1.5,,,,,False,,0.5,,,,,False,,False
669743,Alex Call,LAD,ATL,0,7.0,1.0,693821,Bryce Elder,R,824881,7:15 PM ET,Truist Park,1,1,0.21568627450980393,2026-08-25,824881,,0,100.6,98.4,97.1,R,1,1,0,0,0,0,0,0,0,1,0,0,0,0,0,0,0,0.48700000000000004,0.5346666666666666,0,0,0,0,1,0,0.2,0.2857142857142857,0.68,0.2857142857142857,0.29411764705882354,0.08,0.0,0.07142857142857142,0.08,0.4666666666666667,0.5333333333333333,0.17647058823529413,0.23529411764705882,0.5882352941176471,0.11764705882352941,0.0,0.27503030303030307,0.3657272727272727,0.3,0.18181818181818182,0.3238333333333334,0.36025000000000007,0.18518518518518517,0.3333333333333333,0.15625,0.20689655172413793,0.2413793103448276,0.24242424242424243,0.7288135593220338,0.2182741116751269,0.5283018867924528,0.25471698113207547,0.4127906976744186,0.2616279069767442,0.029069767441860465,9.53892215568862,1.616766467065868,7.59880239520958,0.1934156378600823,0.47004069205030446,0.19846332910503273,0.47004069205030446,0.4666666666666667,,1.5,,,,,False,,0.5,,,,,False,,False
518692,Freddie Freeman,LAD,ATL,0,2.0,1.0,693821,Bryce Elder,R,824881,7:15 PM ET,Truist Park,0,1,0.21568627450980393,2026-08-25,824881,,0,100.6,98.4,97.1,L,4,4,2,0,0,0,0,0,0,0,2,4,0,1,0,2,2,0.36675,0.46975,1,1,1,1,0,0,0.23214285714285715,0.2857142857142857,0.7857142857142857,0.19047619047619047,0.2826086956521739,0.05357142857142857,0.0,0.047619047619047616,0.05357142857142857,1.0666666666666667,0.8,0.30434782608695654,0.30434782608695654,0.34782608695652173,0.30434782608695654,0.0,0.36305000000000004,0.6068833333333333,0.35,0.25,0.5283333333333333,1.0056999999999998,0.2413793103448276,0.29310344827586204,0.203125,0.3508771929824561,0.38596491228070173,0.06779661016949153,0.7288135593220338,0.2182741116751269,0.5283018867924528,0.25471698113207547,0.4127906976744186,0.2616279069767442,0.029069767441860465,9.53892215568862,1.616766467065868,7.59880239520958,0.1934156378600823,0.61996226238212,0.37843063767978147,0.61996226238212,1.0666666666666667,,1.5,,,,,False,,0.5,,,,,False,,False
676439,Hunter Feduccia,LAD,ATL,0,9.0,1.0,693821,Bryce Elder,R,824881,7:15 PM ET,Truist Park,0,1,0.21568627450980393,2026-08-25,824881,,0,100.6,98.4,97.1,L,3,3,1,0,0,0,0,0,0,1,1,2,0,1,0,0,2,0.5955,0.6950000000000001,1,0,1,0,1,0,0.23076923076923078,0.3023255813953488,0.8205128205128205,0.16279069767441862,0.25806451612903225,0.15384615384615385,0.023255813953488372,0.06976744186046512,0.10256410256410256,1.0,0.4666666666666667,0.4375,0.34375,0.25,0.40625,0.0,0.38895555555555555,0.5952333333333333,0.23076923076923078,0.1875,0.3857666666666666,0.5233999999999999,0.2702702702702703,0.43243243243243246,0.13953488372093023,0.1111111111111111,0.18518518518518517,0.36666666666666664,0.7288135593220338,0.2182741116751269,0.5283018867924528,0.25471698113207547,0.4127906976744186,0.2616279069767442,0.029069767441860465,9.53892215568862,1.616766467065868,7.59880239520958,0.1934156378600823,0.34896755655028616,0.23616387413701415,0.34896755655028616,1.0,,1.5,,,,,False,,0.5,,,,,False,,False
663656,Kyle Tucker,LAD,ATL,0,6.0,1.0,693821,Bryce Elder,R,824881,7:15 PM ET,Truist Park,0,1,0.21568627450980393,2026-08-25,824881,,0,100.6,98.4,97.1,L,4,3,1,0,0,0,1,0,0,1,1,2,0,1,0,0,1,0.34550000000000003,0.5175,1,0,1,0,1,0,0.14035087719298245,0.20967741935483872,0.8596491228070176,0.12903225806451613,0.14583333333333334,0.10526315789473684,0.016129032258064516,0.016129032258064516,0.05263157894736842,0.9333333333333333,0.5333333333333333,0.32653061224489793,0.12244897959183673,0.46938775510204084,0.3469387755102041,0.0,0.2350888888888889,0.3016633333333333,0.18181818181818182,0.13043478260869565,0.23902,0.28276,0.14285714285714285,0.2857142857142857,0.10714285714285714,0.2777777777777778,0.3888888888888889,0.18333333333333332,0.7288135593220338,0.2182741116751269,0.5283018867924528,0.25471698113207547,0.4127906976744186,0.2616279069767442,0.029069767441860465,9.53892215568862,1.616766467065868,7.59880239520958,0.1934156378600823,0.5949216034054342,0.3555981627886244,0.5949216034054342,0.9333333333333333,,1.5,,,,,False,,0.5,,,,,False,,False
571970,Max Muncy,LAD,ATL,0,4.0,1.0,693821,Bryce Elder,R,824881,7:15 PM ET,Truist Park,0,1,0.21568627450980393,2026-08-25,824881,,0,100.6,98.4,97.1,L,4,3,0,0,0,0,1,0,0,1,0,2,0,1,0,1,1,0.5840000000000001,0.6944999999999999,0,0,0,0,1,0,0.29545454545454547,0.37254901960784315,0.6590909090909091,0.29411764705882354,0.34615384615384615,0.36363636363636365,0.0784313725490196,0.0784313725490196,0.18181818181818182,1.9333333333333333,1.0,0.5,0.26666666666666666,0.36666666666666664,0.3333333333333333,0.0,0.3650119047619048,0.8290059523809523,0.4666666666666667,0.15789473684210525,0.4057666666666666,0.8080999999999998,0.27906976744186046,0.627906976744186,0.29411764705882354,0.32075471698113206,0.660377358490566,0.3793103448275862,0.7288135593220338,0.2182741116751269,0.5283018867924528,0.25471698113207547,0.4127906976744186,0.2616279069767442,0.029069767441860465,9.53892215568862,1.616766467065868,7.59880239520958,0.1934156378600823,0.5582337534419963,0.37513182495809466,0.5582337534419963,1.9333333333333333,,1.5,,,,,False,,0.5,,,,,False,,False
605141,Mookie Betts,LAD,ATL,0,3.0,1.0,693821,Bryce Elder,R,824881,7:15 PM ET,Truist Park,1,1,0.21568627450980393,2026-08-25,824881,,0,100.6,98.4,97.1,R,4,4,1,0,0,0,0,0,0,0,1,4,0,0,2,2,0,0.09475,0.128,1,0,1,0,0,0,0.2545454545454545,0.32786885245901637,0.8909090909090909,0.09836065573770492,0.2391304347826087,0.21818181818181817,0.04918032786885246,0.04918032786885246,0.10909090909090909,1.7333333333333334,0.4,0.3877551020408163,0.20408163265306123,0.42857142857142855,0.2857142857142857,0.04081632653061224,0.28070000000000006,0.4501822222222222,0.23809523809523808,0.041666666666666664,0.2703333333333333,0.3744800000000001,0.24074074074074073,0.4074074074074074,0.1016949152542373,0.29310344827586204,0.43103448275862066,0.04918032786885246,0.7288135593220338,0.2182741116751269,0.5283018867924528,0.25471698113207547,0.4127906976744186,0.2616279069767442,0.029069767441860465,9.53892215568862,1.616766467065868,7.59880239520958,0.1934156378600823,0.6413641214396212,0.3853826711774799,0.6413641214396212,1.7333333333333334,,1.5,,,,,False,,0.5,,,,,False,,False
660271,Shohei Ohtani,LAD,ATL,0,1.0,1.0,693821,Bryce Elder,R,824881,7:15 PM ET,Truist Park,0,1,0.21568627450980393,2026-08-25,824881,,0,100.6,98.4,97.1,L,4,3,0,0,0,0,1,0,0,1,0,2,0,1,1,1,0,0.2,0.314,0,0,0,0,1,0,0.23728813559322035,0.3283582089552239,0.6949152542372882,0.26865671641791045,0.2702702702702703,0.2711864406779661,0.05970149253731343,0.029850746268656716,0.11864406779661017,2.0,1.2,0.5121951219512195,0.1951219512195122,0.5121951219512195,0.24390243902439024,0.024390243902439025,0.3250777777777778,0.6335244444444442,0.3,0.24,0.38534999999999997,0.7549400000000004,0.3,0.6333333333333333,0.23529411764705882,0.3559322033898305,0.7457627118644068,0.25757575757575757,0.7288135593220338,0.2182741116751269,0.5283018867924528,0.25471698113207547,0.4127906976744186,0.2616279069767442,0.029069767441860465,9.53892215568862,1.616766467065868,7.59880239520958,0.1934156378600823,0.6562370739749172,0.4445261406955905,0.6562370739749172,2.0,,1.5,,,,,False,,0.5,,,,,False,,False
669242,Tommy Edman,LAD,ATL,0,5.0,1.0,693821,Bryce Elder,R,824881,7:15 PM ET,Truist Park,0,1,0.21568627450980393,2026-08-25,824881,,0,100.6,98.4,97.1,L,4,2,0,0,0,0,1,1,0,0,0,2,0,0,2,0,0,0.019,0.0335,0,0,0,0,0,0,0.2571428571428571,0.3333333333333333,0.7428571428571429,0.23076923076923078,0.32,0.14285714285714285,0.02564102564102564,0.05128205128205128,0.08571428571428572,0.9333333333333333,0.6,0.34615384615384615,0.2692307692307692,0.34615384615384615,0.2692307692307692,0.0,0.2929097222222222,0.3979722222222222,0.3333333333333333,0.2857142857142857,0.538125,0.6200625000000003,0.22641509433962265,0.2830188679245283,0.19298245614035087,0.1875,0.3125,0.2545454545454545,0.7288135593220338,0.2182741116751269,0.5283018867924528,0.25471698113207547,0.4127906976744186,0.2616279069767442,0.029069767441860465,9.53892215568862,1.616766467065868,7.59880239520958,0.1934156378600823,0.5245275735387572,0.24144991256794665,0.5245275735387572,0.9333333333333333,,1.5,,,,,False,,0.5,,,,,False,,False
695731,Braden Montgomery,CWS,TEX,1,4.0,1.0,594798,Jacob deGrom,R,824556,7:40 PM ET,Rate Field,0,1,0.23539518900343642,2026-08-25,824556,,0,95.5,94.6,96.9,L,3,2,1,0,0,0,1,0,0,0,1,2,0,0,0,1,1,0.5245,0.567,1,0,1,0,0,0,0.2571428571428571,0.3333333333333333,0.7714285714285715,0.20512820512820512,0.3076923076923077,0.17142857142857143,0.02564102564102564,0.02564102564102564,0.08571428571428572,1.0,0.5333333333333333,0.5185185185185185,0.14814814814814814,0.6666666666666666,0.18518518518518517,0.037037037037037035,0.3358809523809524,0.5661190476190476,0.21428571428571427,0.1875,0.2769666666666667,0.5094333333333333,0.2,0.3090909090909091,0.27419354838709675,0.18181818181818182,0.29545454545454547,0.28846153846153844,0.6342592592592593,0.26153846153846155,0.4020100502512563,0.12562814070351758,0.41605839416058393,0.23357664233576642,0.029197080291970802,6.982758620689655,1.5517241379310347,10.551724137931034,0.2956521739130435,0.5214902243163116,0.30714874376928347,0.5214902243163116,1.0,,1.5,,,,,False,,0.5,,,,,False,,False
686668,Brenton Doyle,CWS,TEX,1,8.0,1.0,594798,Jacob deGrom,R,824556,7:40 PM ET,Rate Field,1,1,0.23539518900343642,2026-08-25,824556,,0,95.5,94.6,96.9,R,1,1,0,0,0,0,0,0,0,0,0,1,0,0,1,0,0,0.1,0.124,0,0,0,0,0,0,0.21428571428571427,0.23255813953488372,0.7380952380952381,0.25,0.26666666666666666,0.11904761904761904,0.022727272727272728,0.045454545454545456,0.07142857142857142,0.9333333333333333,0.7333333333333333,0.28125,0.15625,0.46875,0.34375,0.0,0.2744307692307692,0.3771897435897436,0.0,0.4166666666666667,0.2546250000000001,0.343875,0.2558139534883721,0.3023255813953488,0.3333333333333333,0.16666666666666666,0.2857142857142857,0.22727272727272727,0.6342592592592593,0.26153846153846155,0.4020100502512563,0.12562814070351758,0.41605839416058393,0.23357664233576642,0.029197080291970802,6.982758620689655,1.5517241379310347,10.551724137931034,0.2956521739130435,0.5532517084069601,0.2903179202848598,0.5532517084069601,0.9333333333333333,,1.5,,,,,False,,0.5,,,,,False,,False
805367,Chase Meidroth,CWS,TEX,1,6.0,1.0,594798,Jacob deGrom,R,824556,7:40 PM ET,Rate Field,1,1,0.23539518900343642,2026-08-25,824556,,0,95.5,94.6,96.9,R,4,3,0,0,0,0,1,0,0,2,0,1,0,0,0,1,0,0.6,0.692,0,0,0,0,1,1,0.25806451612903225,0.31343283582089554,0.7903225806451613,0.19402985074626866,0.2826086956521739,0.20967741935483872,0.04477611940298507,0.05970149253731343,0.11290322580645161,1.9333333333333333,0.8666666666666667,0.3469387755102041,0.20408163265306123,0.5510204081632653,0.24489795918367346,0.0,0.3134255555555556,0.4588444444444445,0.15,0.15,0.25225,0.4199666666666667,0.23214285714285715,0.32142857142857145,0.13333333333333333,0.23214285714285715,0.42857142857142855,0.29850746268656714,0.6342592592592593,0.26153846153846155,0.4020100502512563,0.12562814070351758,0.41605839416058393,0.23357664233576642,0.029197080291970802,6.982758620689655,1.5517241379310347,10.551724137931034,0.2956521739130435,0.6330318597842429,0.37037217160874963,0.6330318597842429,1.9333333333333333,,1.5,,,,,False,,0.5,,,,,False,,False
695657,Colson Montgomery,CWS,TEX,1,5.0,1.0,594798,Jacob deGrom,R,824556,7:40 PM ET,Rate Field,0,1,0.23539518900343642,2026-08-25,824556,,0,95.5,94.6,96.9,L,4,4,0,0,0,0,0,0,0,3,0,1,0,0,0,0,0,0.001,0.001,0,0,0,0,1,1,0.1896551724137931,0.24193548387096775,0.5172413793103449,0.45161290322580644,0.32142857142857145,0.13793103448275862,0.03225806451612903,0.03225806451612903,0.06896551724137931,1.2666666666666666,1.8666666666666667,0.5,0.2,0.26666666666666666,0.3333333333333333,0.0,0.3104369047619047,0.672247619047619,0.1111111111111111,0.55,0.33137500000000003,0.9690000000000001,0.20689655172413793,0.3620689655172414,0.5,0.22033898305084745,0.4406779661016949,0.30303030303030304,0.6342592592592593,0.26153846153846155,0.4020100502512563,0.12562814070351758,0.41605839416058393,0.23357664233576642,0.029197080291970802,6.982758620689655,1.5517241379310347,10.551724137931034,0.2956521739130435,0.6322122357193098,0.37607325312790046,0.6322122357193098,1.2666666666666666,,1.5,,,,,False,,0.5,,,,,False,,False
691011,Drew Romo,CWS,TEX,1,9.0,1.0,594798,Jacob deGrom,R,824556,7:40 PM ET,Rate Field,0,1,0.23539518900343642,2026-08-25,824556,,0,95.5,94.6,96.9,L,2,2,1,0,0,0,0,0,0,0,1,2,0,2,0,2,0,0.378,0.4255,1,0,1,0,0,0,0.17647058823529413,0.24324324324324326,0.8235294117647058,0.15789473684210525,0.15384615384615385,0.17647058823529413,0.05263157894736842,0.0,0.058823529411764705,0.8,0.4,0.27586206896551724,0.20689655172413793,0.41379310344827586,0.2413793103448276,0.06896551724137931,0.24929166666666666,0.3681666666666667,0.3333333333333333,0.08333333333333333,0.39836666666666665,0.5616666666666665,0.17777777777777778,0.3111111111111111,0.17647058823529413,0.038461538461538464,0.038461538461538464,0.3793103448275862,0.6342592592592593,0.26153846153846155,0.4020100502512563,0.12562814070351758,0.41605839416058393,0.23357664233576642,0.029197080291970802,6.982758620689655,1.5517241379310347,10.551724137931034,0.2956521739130435,0.4222844558008516,0.2239441499081977,0.4222844558008516,0.8,,1.5,,,,,False,,0.5,,,,,False,,False
678246,Miguel Vargas,CWS,TEX,1,3.0,1.0,594798,Jacob deGrom,R,824556,7:40 PM ET,Rate Field,1,1,0.23539518900343642,2026-08-25,824556,,0,95.5,94.6,96.9,R,4,3,1,0,0,0,1,0,0,0,1,3,0,0,0,3,0,0.3183333333333333,0.37333333333333335,1,0,1,0,0,0,0.32075471698113206,0.47058823529411764,0.8301886792452831,0.1323529411764706,0.3076923076923077,0.37735849056603776,0.07352941176470588,0.07352941176470588,0.18867924528301888,2.466666666666667,0.6,0.4772727272727273,0.2727272727272727,0.2727272727272727,0.3409090909090909,0.06818181818181818,0.328078888888889,0.6849799999999999,0.46153846153846156,0.09090909090909091,0.41853333333333326,0.9186333333333334,0.33962264150943394,0.6981132075471698,0.11764705882352941,0.08333333333333333,0.2,0.29411764705882354,0.6342592592592593,0.26153846153846155,0.4020100502512563,0.12562814070351758,0.41605839416058393,0.23357664233576642,0.029197080291970802,6.982758620689655,1.5517241379310347,10.551724137931034,0.2956521739130435,0.6660312775690639,0.3432296106507315,0.6660312775690639,2.466666666666667,,1.5,,,,,False,,0.5,,,,,False,,False
808959,Munetaka Murakami,CWS,TEX,1,2.0,1.0,594798,Jacob deGrom,R,824556,7:40 PM ET,Rate Field,0,1,0.23539518900343642,2026-08-25,824556,,0,95.5,94.6,96.9,L,4,4,1,0,0,0,0,0,0,3,1,1,0,0,0,1,0,0.626,0.704,1,0,1,0,1,1,0.1509433962264151,0.3076923076923077,0.6037735849056604,0.3230769230769231,0.14285714285714285,0.2830188679245283,0.06153846153846154,0.046153846153846156,0.1320754716981132,1.5333333333333334,1.4,0.5625,0.09375,0.5,0.3125,0.03125,0.3939571428571429,0.9706761904761905,0.05,0.36363636363636365,0.32211333333333336,0.43176,0.17857142857142858,0.48214285714285715,0.34375,0.20689655172413793,0.4482758620689655,0.3472222222222222,0.6342592592592593,0.26153846153846155,0.4020100502512563,0.12562814070351758,0.41605839416058393,0.23357664233576642,0.029197080291970802,6.982758620689655,1.5517241379310347,10.551724137931034,0.2956521739130435,0.5820773517646719,0.3355891687205881,0.5820773517646719,1.5333333333333334,,1.5,,,,,False,,0.5,,,,,False,,False
803011,Sam Antonacci,CWS,TEX,1,1.0,1.0,594798,Jacob deGrom,R,824556,7:40 PM ET,Rate Field,0,1,0.23539518900343642,2026-08-25,824556,,0,95.5,94.6,96.9,L,4,4,0,0,0,0,0,0,0,1,0,3,0,0,0,2,1,0.13933333333333334,0.21999999999999997,0,0,0,0,1,0,0.20408163265306123,0.36065573770491804,0.7551020408163265,0.19672131147540983,0.2702702702702703,0.061224489795918366,0.0,0.04918032786885246,0.061224489795918366,0.8666666666666667,0.8,0.13513513513513514,0.24324324324324326,0.4864864864864865,0.21621621621621623,0.0,0.23393555555555556,0.2768177777777778,0.13333333333333333,0.21052631578947367,0.2323,0.2801666666666666,0.23404255319148937,0.3191489361702128,0.1724137931034483,0.23404255319148937,0.3191489361702128,0.2222222222222222,0.6342592592592593,0.26153846153846155,0.4020100502512563,0.12562814070351758,0.41605839416058393,0.23357664233576642,0.029197080291970802,6.982758620689655,1.5517241379310347,10.551724137931034,0.2956521739130435,0.6429398280562076,0.3648591345465122,0.6429398280562076,0.8666666666666667,,1.5,,,,,False,,0.5,,,,,False,,False
671976,Tristan Peters,CWS,TEX,1,7.0,1.0,594798,Jacob deGrom,R,824556,7:40 PM ET,Rate Field,0,1,0.23539518900343642,2026-08-25,824556,,0,95.5,94.6,96.9,L,4,4,1,0,0,1,0,0,0,1,4,3,0,2,3,0,0,0.079,0.28,1,0,1,1,1,0,0.3333333333333333,0.42857142857142855,0.8095238095238095,0.16326530612244897,0.3548387096774194,0.30952380952380953,0.061224489795918366,0.08163265306122448,0.16666666666666666,1.8,0.5333333333333333,0.4117647058823529,0.4117647058823529,0.3235294117647059,0.17647058823529413,0.058823529411764705,0.33582738095238096,0.5511083333333333,0.2,0.23529411764705882,0.4039666666666667,0.8104666666666667,0.3488372093023256,0.6511627906976745,0.13725490196078433,0.08333333333333333,0.125,0.34615384615384615,0.6342592592592593,0.26153846153846155,0.4020100502512563,0.12562814070351758,0.41605839416058393,0.23357664233576642,0.029197080291970802,6.982758620689655,1.5517241379310347,10.551724137931034,0.2956521739130435,0.5489073107334699,0.29815807134029854,0.5489073107334699,1.8,,1.5,,,,,False,,0.5,,,,,False,,False
676475,Alec Burleson,STL,BAL,1,3.0,1.0,605135,Chris Bassitt,R,823016,7:45 PM ET,Busch Stadium,0,1,0.21124361158432708,2026-08-25,823016,0.0,0,102.1,95.0,81.5,L,4,4,2,0,0,0,0,0,0,1,2,3,0,3,0,1,2,0.5276666666666666,0.7436666666666666,1,1,1,1,1,0,0.32142857142857145,0.3968253968253968,0.7321428571428571,0.23809523809523808,0.39473684210526316,0.25,0.047619047619047616,0.07936507936507936,0.14285714285714285,2.1333333333333333,1.0,0.5121951219512195,0.24390243902439024,0.43902439024390244,0.21951219512195122,0.024390243902439025,0.3677611111111111,0.6411722222222223,0.29411764705882354,0.2631578947368421,0.2096666666666666,0.3599666666666666,0.34545454545454546,0.6909090909090909,0.15625,0.3103448275862069,0.5172413793103449,0.22580645161290322,0.7345132743362832,0.26153846153846155,0.42,0.14,0.4578313253012048,0.23493975903614459,0.012048192771084338,10.653061224489797,0.9183673469387755,6.061224489795918,0.15,0.6747732282563638,0.4093736220834315,0.6747732282563638,2.1333333333333333,,1.5,,,,,False,,0.5,,,,,False,,False
671056,Iván Herrera,STL,BAL,1,2.0,1.0,605135,Chris Bassitt,R,823016,7:45 PM ET,Busch Stadium,1,1,0.21124361158432708,2026-08-25,823016,0.0,0,102.1,95.0,81.5,R,4,3,1,0,0,0,1,0,0,1,1,2,0,0,0,2,0,0.1315,0.1525,1,0,1,0,1,0,0.25862068965517243,0.38028169014084506,0.7586206896551724,0.19718309859154928,0.3181818181818182,0.1206896551724138,0.014084507042253521,0.056338028169014086,0.08620689655172414,1.4666666666666666,0.9333333333333333,0.4222222222222222,0.26666666666666666,0.37777777777777777,0.24444444444444444,0.044444444444444446,0.28909,0.45275555555555563,0.1,0.34782608695652173,0.16733333333333328,0.1889,0.25,0.4166666666666667,0.15942028985507245,0.31666666666666665,0.43333333333333335,0.19117647058823528,0.7345132743362832,0.26153846153846155,0.42,0.14,0.4578313253012048,0.23493975903614459,0.012048192771084338,10.653061224489797,0.9183673469387755,6.061224489795918,0.15,0.6567171250308492,0.39749717330157436,0.6567171250308492,1.4666666666666666,,1.5,,,,,False,,0.5,,,,,False,,False
802139,JJ Wetherholt,STL,BAL,1,1.0,1.0,605135,Chris Bassitt,R,823016,7:45 PM ET,Busch Stadium,0,1,0.21124361158432708,2026-08-25,823016,0.0,0,102.1,95.0,81.5,L,5,5,2,0,0,0,0,0,0,2,2,3,0,1,0,1,2,0.6106666666666666,0.7096666666666667,1,1,1,1,1,1,0.21666666666666667,0.3188405797101449,0.75,0.21739130434782608,0.2727272727272727,0.1,0.014492753623188406,0.043478260869565216,0.06666666666666667,1.2666666666666666,1.0,0.5333333333333333,0.2222222222222222,0.37777777777777777,0.4,0.022222222222222223,0.33436666666666665,0.6879388888888889,0.22727272727272727,0.25,0.4539999999999999,1.0960166666666666,0.25925925925925924,0.3888888888888889,0.13043478260869565,0.1111111111111111,0.2222222222222222,0.2028985507246377,0.7345132743362832,0.26153846153846155,0.42,0.14,0.4578313253012048,0.23493975903614459,0.012048192771084338,10.653061224489797,0.9183673469387755,6.061224489795918,0.15,0.6629735068671214,0.40911003098560506,0.6629735068671214,1.2666666666666666,,1.5,,,,,False,,0.5,,,,,False,,False
691023,Jordan Walker,STL,BAL,1,4.0,1.0,605135,Chris Bassitt,R,823016,7:45 PM ET,Busch Stadium,1,1,0.21124361158432708,2026-08-25,823016,0.0,0,102.1,95.0,81.5,R,4,4,1,0,0,0,0,0,0,1,1,3,0,1,1,1,1,0.4146666666666667,0.7626666666666667,1,0,1,0,1,0,0.3220338983050847,0.38461538461538464,0.7966101694915254,0.18461538461538463,0.3333333333333333,0.3389830508474576,0.07692307692307693,0.07692307692307693,0.1694915254237288,2.6,0.8,0.48936170212765956,0.10638297872340426,0.46808510638297873,0.3617021276595745,0.0425531914893617,0.31634222222222225,0.6425033333333334,0.2857142857142857,0.2608695652173913,0.3094333333333332,0.8288833333333336,0.3387096774193548,0.5483870967741935,0.2537313432835821,0.22807017543859648,0.40350877192982454,0.19402985074626866,0.7345132743362832,0.26153846153846155,0.42,0.14,0.4578313253012048,0.23493975903614459,0.012048192771084338,10.653061224489797,0.9183673469387755,6.061224489795918,0.15,0.6370954007667283,0.39176028321806405,0.6370954007667283,2.6,,1.5,,,,,False,,0.5,,,,,False,,False
665877,José Fermín,STL,BAL,1,9.0,1.0,605135,Chris Bassitt,R,823016,7:45 PM ET,Busch Stadium,1,1,0.21124361158432708,2026-08-25,823016,0.0,0,102.1,95.0,81.5,R,4,4,1,0,0,1,0,0,0,1,4,3,1,2,1,2,0,0.24866666666666667,0.6243333333333334,1,0,1,1,1,0,0.275,0.3958333333333333,0.9,0.08163265306122448,0.3055555555555556,0.1,0.0,0.08163265306122448,0.1,1.0,0.26666666666666666,0.35135135135135137,0.2972972972972973,0.43243243243243246,0.16216216216216217,0.0,0.3497369047619047,0.43015714285714285,0.375,0.058823529411764705,0.34834666666666664,0.44604,0.24444444444444444,0.35555555555555557,0.0784313725490196,0.2564102564102564,0.41025641025641024,0.058823529411764705,0.7345132743362832,0.26153846153846155,0.42,0.14,0.4578313253012048,0.23493975903614459,0.012048192771084338,10.653061224489797,0.9183673469387755,6.061224489795918,0.15,0.5027373549258618,0.2604540749997131,0.5027373549258618,1.0,,1.5,,,,,False,,0.5,,,,,False,,False
695491,Joshua Báez,STL,BAL,1,5.0,1.0,605135,Chris Bassitt,R,823016,7:45 PM ET,Busch Stadium,1,1,0.21124361158432708,2026-08-25,823016,0.0,0,102.1,95.0,81.5,R,4,4,0,0,0,0,0,0,0,2,0,2,0,0,1,1,0,0.0605,0.07600000000000001,0,0,0,0,1,1,0.15151515151515152,0.2564102564102564,0.6363636363636364,0.3076923076923077,0.05555555555555555,0.36363636363636365,0.10256410256410256,0.0,0.12121212121212122,1.7,1.2,0.5909090909090909,0.18181818181818182,0.22727272727272727,0.5,0.0,0.3733611111111111,0.8698518518518519,0.14285714285714285,0.3333333333333333,0.37479999999999997,0.7769999999999999,0.06666666666666667,0.06666666666666667,0.3157894736842105,0.2857142857142857,1.1428571428571428,0.25,0.7345132743362832,0.26153846153846155,0.42,0.14,0.4578313253012048,0.23493975903614459,0.012048192771084338,10.653061224489797,0.9183673469387755,6.061224489795918,0.15,0.6249686481393194,0.3162352883362872,0.6249686481393194,1.7,,1.5,,,,,False,,0.5,,,,,False,,False
701675,Nathan Church,STL,BAL,1,8.0,1.0,605135,Chris Bassitt,R,823016,7:45 PM ET,Busch Stadium,0,1,0.21124361158432708,2026-08-25,823016,0.0,0,102.1,95.0,81.5,L,4,4,2,0,1,0,0,0,0,0,4,4,0,1,1,3,0,0.215,0.393,1,1,1,1,0,0,0.2830188679245283,0.3333333333333333,0.8679245283018868,0.11666666666666667,0.2978723404255319,0.07547169811320754,0.016666666666666666,0.016666666666666666,0.03773584905660377,1.2666666666666666,0.4666666666666667,0.20833333333333334,0.25,0.3125,0.3541666666666667,0.0,0.3144178571428572,0.3892916666666667,0.17647058823529413,0.1111111111111111,0.1978,0.2541333333333333,0.3,0.38,0.15789473684210525,0.22916666666666666,0.2708333333333333,0.16666666666666666,0.7345132743362832,0.26153846153846155,0.42,0.14,0.4578313253012048,0.23493975903614459,0.012048192771084338,10.653061224489797,0.9183673469387755,6.061224489795918,0.15,0.5992251203357076,0.3304538192785475,0.5992251203357076,1.2666666666666666,,1.5,,,,,False,,0.5,,,,,False,,False
669357,Nolan Gorman,STL,BAL,1,6.0,1.0,605135,Chris Bassitt,R,823016,7:45 PM ET,Busch Stadium,0,1,0.21124361158432708,2026-08-25,823016,0.0,0,102.1,95.0,81.5,L,3,3,0,0,0,0,0,0,0,2,0,1,0,1,1,0,0,0.12,0.41,0,0,0,0,1,1,0.06818181818181818,0.14583333333333334,0.45454545454545453,0.5,0.10526315789473684,0.06818181818181818,0.020833333333333332,0.0,0.022727272727272728,0.4,1.6,0.2,0.05,0.35,0.45,0.05,0.13570370370370372,0.24032407407407413,0.07142857142857142,0.375,0.17866666666666667,0.44455555555555587,0.09090909090909091,0.22727272727272727,0.46,0.23529411764705882,0.47058823529411764,0.32142857142857145,0.7345132743362832,0.26153846153846155,0.42,0.14,0.4578313253012048,0.23493975903614459,0.012048192771084338,10.653061224489797,0.9183673469387755,6.061224489795918,0.15,0.538815268601823,0.2668767097728808,0.538815268601823,0.4,,1.5,,,,,False,,0.5,,,,,False,,False
602104,Ramón Urías,STL,BAL,1,7.0,1.0,605135,Chris Bassitt,R,823016,7:45 PM ET,Busch Stadium,1,1,0.21124361158432708,2026-08-25,823016,0.0,0,102.1,95.0,81.5,R,4,4,1,0,0,0,0,0,0,0,1,4,0,2,0,2,2,0.4015,0.53225,1,0,1,0,0,0,0.0975609756097561,0.24,0.8536585365853658,0.12,0.1111111111111111,0.024390243902439025,0.0,0.02,0.024390243902439025,0.3333333333333333,0.4,0.2777777777777778,0.05555555555555555,0.4444444444444444,0.3611111111111111,0.0,0.160172619047619,0.29663690476190474,0.07142857142857142,0.11764705882352941,0.18826666666666667,0.3670000000000001,0.1875,0.4166666666666667,0.18181818181818182,0.16129032258064516,0.3870967741935484,0.2631578947368421,0.7345132743362832,0.26153846153846155,0.42,0.14,0.4578313253012048,0.23493975903614459,0.012048192771084338,10.653061224489797,0.9183673469387755,6.061224489795918,0.15,0.514667899625878,0.26250438141039606,0.514667899625878,0.3333333333333333,,1.5,,,,,False,,0.5,,,,,False,,False
687952,Christian Encarnacion-Strand,BAL,STL,0,5.0,1.0,669461,Matthew Liberatore,L,823016,7:45 PM ET,Busch Stadium,1,0,0.24338624338624337,2026-08-25,823016,0.0,0,102.1,95.0,81.5,R,3,3,0,0,0,0,0,0,0,1,0,2,0,1,0,2,0,0.07200000000000001,0.08,0,0,0,0,1,0,0.20833333333333334,0.23529411764705882,0.6458333333333334,0.3333333333333333,0.2413793103448276,0.20833333333333334,0.058823529411764705,0.0196078431372549,0.08333333333333333,1.3333333333333333,1.1333333333333333,0.375,0.28125,0.3125,0.375,0.03125,0.3103589743589744,0.5912499999999999,0.17647058823529413,0.3888888888888889,0.2567500000000001,0.37643749999999987,0.2222222222222222,0.4,0.2708333333333333,0.24,0.52,0.3090909090909091,0.6556603773584906,0.25824175824175827,0.44680851063829785,0.16489361702127658,0.3669064748201439,0.2805755395683453,0.02877697841726619,10.83941605839416,1.773722627737226,10.445255474452553,0.25118483412322273,0.6403604921883393,0.3866145590471108,0.6403604921883393,1.3333333333333333,,1.5,,,,,False,,0.5,,,,,False,,False
681047,Christian Franklin,BAL,STL,0,7.0,1.0,669461,Matthew Liberatore,L,823016,7:45 PM ET,Busch Stadium,1,0,0.24338624338624337,2026-08-25,823016,0.0,0,102.1,95.0,81.5,R,4,3,0,0,0,0,1,0,0,1,0,2,0,2,1,1,0,0.6095,1.6665,0,0,0,0,1,0,0.1724137931034483,0.3142857142857143,0.6896551724137931,0.25,0.25,0.034482758620689655,0.0,0.027777777777777776,0.034482758620689655,0.4,0.6,0.5,0.1,0.6,0.2,0.0,0.24512962962962964,0.44005555555555553,0.3,0.21428571428571427,0.30779999999999996,0.558,0.125,0.25,0.25,0.09090909090909091,0.18181818181818182,0.3333333333333333,0.6556603773584906,0.25824175824175827,0.44680851063829785,0.16489361702127658,0.3669064748201439,0.2805755395683453,0.02877697841726619,10.83941605839416,1.773722627737226,10.445255474452553,0.25118483412322273,0.5383812052268504,0.3562735219376874,0.5383812052268504,0.4,,1.5,,,,,False,,0.5,,,,,False,,False
691723,Coby Mayo,BAL,STL,0,4.0,1.0,669461,Matthew Liberatore,L,823016,7:45 PM ET,Busch Stadium,1,0,0.24338624338624337,2026-08-25,823016,0.0,0,102.1,95.0,81.5,R,3,3,0,0,0,0,0,0,0,1,0,2,0,1,1,0,1,0.277,0.5455,0,0,0,0,1,0,0.2857142857142857,0.33962264150943394,0.7142857142857143,0.2641509433962264,0.34375,0.2857142857142857,0.05660377358490566,0.05660377358490566,0.14285714285714285,1.8666666666666667,0.9333333333333333,0.45714285714285713,0.37142857142857144,0.22857142857142856,0.2857142857142857,0.05714285714285714,0.355224358974359,0.6949153846153846,0.29411764705882354,0.3157894736842105,0.3667666666666667,0.78765,0.2553191489361702,0.5531914893617021,0.27450980392156865,0.24324324324324326,0.5945945945945946,0.34146341463414637,0.6556603773584906,0.25824175824175827,0.44680851063829785,0.16489361702127658,0.3669064748201439,0.2805755395683453,0.02877697841726619,10.83941605839416,1.773722627737226,10.445255474452553,0.25118483412322273,0.669038806050423,0.4433385790860193,0.669038806050423,1.8666666666666667,,1.5,,,,,False,,0.5,,,,,False,,False
687637,Dylan Beavers,BAL,STL,0,8.0,1.0,669461,Matthew Liberatore,L,823016,7:45 PM ET,Busch Stadium,0,0,0.24338624338624337,2026-08-25,823016,0.0,0,102.1,95.0,81.5,L,3,3,0,0,0,0,0,0,0,1,0,2,0,0,1,1,0,0.0575,0.077,0,0,0,0,1,0,0.24390243902439024,0.29545454545454547,0.5609756097560976,0.4090909090909091,0.3157894736842105,0.3170731707317073,0.09090909090909091,0.022727272727272728,0.12195121951219512,1.5333333333333334,1.2,0.5217391304347826,0.17391304347826086,0.30434782608695654,0.43478260869565216,0.08695652173913043,0.3533863636363636,0.8445606060606061,0.36363636363636365,0.3333333333333333,0.41537500000000005,1.3708749999999998,0.24390243902439024,0.5609756097560976,0.4090909090909091,0.07692307692307693,0.3076923076923077,0.25,0.6556603773584906,0.25824175824175827,0.44680851063829785,0.16489361702127658,0.3669064748201439,0.2805755395683453,0.02877697841726619,10.83941605839416,1.773722627737226,10.445255474452553,0.25118483412322273,0.5472923351701997,0.3633870915137534,0.5472923351701997,1.5333333333333334,,1.5,,,,,False,,0.5,,,,,False,,False
683002,Gunnar Henderson,BAL,STL,0,3.0,1.0,669461,Matthew Liberatore,L,823016,7:45 PM ET,Busch Stadium,0,0,0.24338624338624337,2026-08-25,823016,0.0,0,102.1,95.0,81.5,L,4,4,0,0,0,0,0,0,0,1,0,3,0,1,0,2,1,0.4696666666666667,0.5,0,0,0,0,1,0,0.2545454545454545,0.36923076923076925,0.8181818181818182,0.15384615384615385,0.27906976744186046,0.18181818181818182,0.03076923076923077,0.06153846153846154,0.10909090909090909,1.6,0.6666666666666666,0.4666666666666667,0.37777777777777777,0.37777777777777777,0.2,0.0,0.37046666666666667,0.5689277777777778,0.23529411764705882,0.2,0.4017166666666666,0.4679833333333333,0.2608695652173913,0.5,0.11666666666666667,0.22950819672131148,0.3770491803278688,0.18309859154929578,0.6556603773584906,0.25824175824175827,0.44680851063829785,0.16489361702127658,0.3669064748201439,0.2805755395683453,0.02877697841726619,10.83941605839416,1.773722627737226,10.445255474452553,0.25118483412322273,0.6455395517520488,0.43999744149000214,0.6455395517520488,1.6,,1.5,,,,,False,,0.5,,,,,False,,False
702616,Jackson Holliday,BAL,STL,0,1.0,1.0,669461,Matthew Liberatore,L,823016,7:45 PM ET,Busch Stadium,0,0,0.24338624338624337,2026-08-25,823016,0.0,0,102.1,95.0,81.5,L,4,4,0,0,0,0,0,0,0,0,0,4,0,3,2,0,1,0.295,0.432,0,0,0,0,0,0,0.21311475409836064,0.25757575757575757,0.819672131147541,0.16417910447761194,0.24,0.13114754098360656,0.014925373134328358,0.07462686567164178,0.09836065573770492,1.4,0.7333333333333333,0.28846153846153844,0.2692307692307692,0.46153846153846156,0.21153846153846154,0.019230769230769232,0.32389888888888885,0.4965744444444445,0.10526315789473684,0.14285714285714285,0.1953833333333334,0.2805333333333334,0.2033898305084746,0.3220338983050847,0.18461538461538463,0.11363636363636363,0.13636363636363635,0.32142857142857145,0.6556603773584906,0.25824175824175827,0.44680851063829785,0.16489361702127658,0.3669064748201439,0.2805755395683453,0.02877697841726619,10.83941605839416,1.773722627737226,10.445255474452553,0.25118483412322273,0.6775280358207917,0.449511808761935,0.6775280358207917,1.4,,1.5,,,,,False,,0.5,,,,,False,,False
665750,Leody Taveras,BAL,STL,0,9.0,1.0,669461,Matthew Liberatore,L,823016,7:45 PM ET,Busch Stadium,0,0,0.24338624338624337,2026-08-25,823016,0.0,0,102.1,95.0,81.5,L,3,3,0,0,0,0,0,0,0,0,0,3,0,1,0,2,0,0.20933333333333334,0.21733333333333335,0,0,0,0,0,0,0.2571428571428571,0.2777777777777778,0.8,0.19444444444444445,0.2962962962962963,0.11428571428571428,0.027777777777777776,0.027777777777777776,0.05714285714285714,0.8666666666666667,0.4666666666666667,0.42857142857142855,0.35714285714285715,0.32142857142857145,0.25,0.0,0.3131410256410257,0.4316666666666667,0.1,0.2,0.30910000000000004,0.4443999999999996,0.1956521739130435,0.41304347826086957,0.22448979591836735,0.2127659574468085,0.2978723404255319,0.2549019607843137,0.6556603773584906,0.25824175824175827,0.44680851063829785,0.16489361702127658,0.3669064748201439,0.2805755395683453,0.02877697841726619,10.83941605839416,1.773722627737226,10.445255474452553,0.25118483412322273,0.4715708756434656,0.2488373890324093,0.4715708756434656,0.8666666666666667,,1.5,,,,,False,,0.5,,,,,False,,False
624413,Pete Alonso,BAL,STL,0,2.0,1.0,669461,Matthew Liberatore,L,823016,7:45 PM ET,Busch Stadium,1,0,0.24338624338624337,2026-08-25,823016,0.0,0,102.1,95.0,81.5,R,4,4,0,0,0,0,0,0,0,0,0,4,0,3,2,1,0,0.13575,0.17375000000000002,0,0,0,0,0,0,0.4482758620689655,0.5076923076923077,0.8103448275862069,0.16923076923076924,0.475,0.39655172413793105,0.1076923076923077,0.03076923076923077,0.15517241379310345,3.2666666666666666,0.7333333333333333,0.6382978723404256,0.19148936170212766,0.44680851063829785,0.3404255319148936,0.1276595744680851,0.48334777777777777,1.023851111111111,0.4,0.25,0.5053833333333333,1.0131666666666663,0.39285714285714285,0.75,0.203125,0.3114754098360656,0.5081967213114754,0.29850746268656714,0.6556603773584906,0.25824175824175827,0.44680851063829785,0.16489361702127658,0.3669064748201439,0.2805755395683453,0.02877697841726619,10.83941605839416,1.773722627737226,10.445255474452553,0.25118483412322273,0.7173224011599834,0.47508865498234476,0.7173224011599834,3.2666666666666666,,1.5,,,,,False,,0.5,,,,,False,,False
694212,Samuel Basallo,BAL,STL,0,6.0,1.0,669461,Matthew Liberatore,L,823016,7:45 PM ET,Busch Stadium,0,0,0.24338624338624337,2026-08-25,823016,0.0,0,102.1,95.0,81.5,L,3,3,0,0,0,0,0,0,0,1,0,2,0,1,0,2,0,0.196,0.21699999999999997,0,0,0,0,1,0,0.14583333333333334,0.21153846153846154,0.6458333333333334,0.3269230769230769,0.1111111111111111,0.25,0.07692307692307693,0.0,0.08333333333333333,1.2666666666666666,1.1333333333333333,0.4838709677419355,0.12903225806451613,0.5806451612903226,0.25806451612903225,0.03225806451612903,0.30005128205128206,0.7892179487179487,0.16666666666666666,0.23076923076923078,0.2769,0.8490333333333332,0.18604651162790697,0.5348837209302325,0.28,0.15151515151515152,0.3333333333333333,0.2647058823529412,0.6556603773584906,0.25824175824175827,0.44680851063829785,0.16489361702127658,0.3669064748201439,0.2805755395683453,0.02877697841726619,10.83941605839416,1.773722627737226,10.445255474452553,0.25118483412322273,0.5704780601635343,0.36011824744270116,0.5704780601635343,1.2666666666666666,,1.5,,,,,False,,0.5,,,,,False,,False
686797,Brooks Lee,MIN,ATH,0,7.0,1.0,695611,Gage Jump,L,824962,9:40 PM ET,Sutter Health Park,0,0,0.20422535211267606,2026-08-25,824962,,0,106.1,109.2,113.8,L,3,3,1,0,0,0,0,0,0,0,1,3,0,0,1,2,0,0.299,0.36066666666666664,1,0,1,0,0,0,0.25,0.2727272727272727,0.78125,0.21212121212121213,0.22727272727272727,0.3125,0.09090909090909091,0.030303030303030304,0.125,1.2,0.4666666666666667,0.56,0.04,0.52,0.44,0.04,0.3324545454545454,0.594121212121212,0.4,0.2,0.36545833333333344,0.9059166666666666,0.2982456140350877,0.6140350877192983,0.13793103448275862,0.16071428571428573,0.23214285714285715,0.18032786885245902,0.6,0.2596685082872928,0.5026455026455027,0.21164021164021163,0.4166666666666667,0.25,0.03787878787878788,9.0,0.8372093023255813,8.58139534883721,0.2265193370165746,0.5083597861078005,0.27137211335324535,0.5083597861078005,1.2,,1.5,,,,,False,,0.5,,,,,False,,False
621439,Byron Buxton,MIN,ATH,0,2.0,1.0,695611,Gage Jump,L,824962,9:40 PM ET,Sutter Health Park,1,0,0.20422535211267606,2026-08-25,824962,,0,106.1,109.2,113.8,R,6,5,3,1,0,0,1,0,0,0,4,5,0,2,1,2,2,0.3124,0.42699999999999994,1,1,1,1,0,0,0.11320754716981132,0.22950819672131148,0.7358490566037735,0.22950819672131148,0.15384615384615385,0.018867924528301886,0.0,0.01639344262295082,0.018867924528301886,0.4666666666666667,0.9333333333333333,0.46153846153846156,0.1794871794871795,0.46153846153846156,0.1794871794871795,0.02564102564102564,0.3320666666666667,0.4796888888888889,0.125,0.2222222222222222,0.4452666666666666,0.6157999999999997,0.16071428571428573,0.21428571428571427,0.22580645161290322,0.3392857142857143,0.6607142857142857,0.16923076923076924,0.6,0.2596685082872928,0.5026455026455027,0.21164021164021163,0.4166666666666667,0.25,0.03787878787878788,9.0,0.8372093023255813,8.58139534883721,0.2265193370165746,0.619984811383553,0.4185525600833033,0.619984811383553,0.4666666666666667,,1.5,,,,,False,,0.5,,,,,False,,False
701785,Kaelen Culpepper,MIN,ATH,0,6.0,1.0,695611,Gage Jump,L,824962,9:40 PM ET,Sutter Health Park,1,0,0.20422535211267606,2026-08-25,824962,,0,106.1,109.2,113.8,R,5,5,4,0,0,0,0,0,0,0,4,5,0,0,1,4,0,0.2556,0.2726,1,1,1,1,0,0,0.28888888888888886,0.34,0.7111111111111111,0.26,0.3548387096774194,0.15555555555555556,0.04,0.02,0.06666666666666667,1.5384615384615385,1.0,0.3939393939393939,0.36363636363636365,0.3333333333333333,0.24242424242424243,0.030303030303030304,0.3626060606060606,0.5665681818181818,0.35294117647058826,0.11764705882352941,0.37868333333333337,0.5967666666666667,0.32142857142857145,0.42857142857142855,0.1724137931034483,0.23076923076923078,0.5384615384615384,0.35294117647058826,0.6,0.2596685082872928,0.5026455026455027,0.21164021164021163,0.4166666666666667,0.25,0.03787878787878788,9.0,0.8372093023255813,8.58139534883721,0.2265193370165746,0.6353987133823072,0.42929956020254917,0.6353987133823072,1.5384615384615385,,1.5,,,,,False,,0.5,,,,,False,,False
665019,Kody Clemens,MIN,ATH,0,5.0,1.0,695611,Gage Jump,L,824962,9:40 PM ET,Sutter Health Park,0,0,0.20422535211267606,2026-08-25,824962,,0,106.1,109.2,113.8,L,5,5,2,0,0,0,0,0,0,2,2,3,0,2,0,2,1,0.4423333333333333,0.49699999999999994,1,1,1,1,1,1,0.23214285714285715,0.2833333333333333,0.75,0.23333333333333334,0.275,0.16071428571428573,0.03333333333333333,0.016666666666666666,0.07142857142857142,1.4666666666666666,0.9333333333333333,0.47619047619047616,0.19047619047619047,0.40476190476190477,0.35714285714285715,0.023809523809523808,0.34610111111111114,0.6811922222222222,0.35294117647058826,0.1111111111111111,0.4803166666666666,1.0025166666666667,0.21428571428571427,0.375,0.21311475409836064,0.25,0.4666666666666667,0.2,0.6,0.2596685082872928,0.5026455026455027,0.21164021164021163,0.4166666666666667,0.25,0.03787878787878788,9.0,0.8372093023255813,8.58139534883721,0.2265193370165746,0.662234888767227,0.4544855507162289,0.662234888767227,1.4666666666666666,,1.5,,,,,False,,0.5,,,,,False,,False
807712,Luke Keaschall,MIN,ATH,0,1.0,1.0,695611,Gage Jump,L,824962,9:40 PM ET,Sutter Health Park,1,0,0.20422535211267606,2026-08-25,824962,,0,106.1,109.2,113.8,R,6,6,2,2,0,0,0,0,0,1,4,5,0,2,0,3,2,0.4678,0.7954000000000001,1,1,1,1,1,0,0.34545454545454546,0.4307692307692308,0.8,0.16923076923076924,0.3953488372093023,0.18181818181818182,0.03076923076923077,0.06153846153846154,0.10909090909090909,1.9333333333333333,0.7333333333333333,0.3333333333333333,0.3333333333333333,0.15555555555555556,0.37777777777777777,0.022222222222222223,0.3484266666666666,0.5420122222222222,0.38095238095238093,0.09090909090909091,0.28993,0.5484699999999999,0.34615384615384615,0.6153846153846154,0.12903225806451613,0.25,0.3181818181818182,0.25,0.6,0.2596685082872928,0.5026455026455027,0.21164021164021163,0.4166666666666667,0.25,0.03787878787878788,9.0,0.8372093023255813,8.58139534883721,0.2265193370165746,0.7068525113068719,0.4818245832925189,0.7068525113068719,1.9333333333333333,,1.5,,,,,False,,0.5,,,,,False,,False
668904,Royce Lewis,MIN,ATH,0,4.0,1.0,695611,Gage Jump,L,824962,9:40 PM ET,Sutter Health Park,1,0,0.20422535211267606,2026-08-25,824962,,0,106.1,109.2,113.8,R,5,5,1,0,0,0,0,0,0,0,1,5,0,2,2,2,1,0.41879999999999995,0.48580000000000007,1,0,1,0,0,0,0.23728813559322035,0.27419354838709675,0.6949152542372882,0.2903225806451613,0.34146341463414637,0.0847457627118644,0.0,0.08064516129032258,0.0847457627118644,1.2666666666666666,1.2,0.2926829268292683,0.3170731707317073,0.2926829268292683,0.21951219512195122,0.0,0.36741666666666667,0.5001777777777777,0.05555555555555555,0.1111111111111111,0.22424999999999998,0.3144166666666667,0.25862068965517243,0.4827586206896552,0.21311475409836064,0.2857142857142857,0.48214285714285715,0.2786885245901639,0.6,0.2596685082872928,0.5026455026455027,0.21164021164021163,0.4166666666666667,0.25,0.03787878787878788,9.0,0.8372093023255813,8.58139534883721,0.2265193370165746,0.6475989508427827,0.4593575778225389,0.6475989508427827,1.2666666666666666,,1.5,,,,,False,,0.5,,,,,False,,False
680777,Ryan Jeffers,MIN,ATH,0,3.0,1.0,695611,Gage Jump,L,824962,9:40 PM ET,Sutter Health Park,1,0,0.20422535211267606,2026-08-25,824962,,0,106.1,109.2,113.8,R,6,4,1,0,0,0,2,0,0,0,1,4,0,1,0,1,3,0.4365,0.5795,1,0,1,0,0,0,0.2765957446808511,0.39285714285714285,0.7872340425531915,0.17857142857142858,0.35135135135135137,0.1276595744680851,0.0,0.10714285714285714,0.1276595744680851,1.2666666666666666,0.6666666666666666,0.3783783783783784,0.1891891891891892,0.4864864864864865,0.2702702702702703,0.02702702702702703,0.27392777777777777,0.4313097222222222,0.25,0.05555555555555555,0.24482500000000007,0.5160958333333332,0.2692307692307692,0.4230769230769231,0.19298245614035087,0.2653061224489796,0.4489795918367347,0.16129032258064516,0.6,0.2596685082872928,0.5026455026455027,0.21164021164021163,0.4166666666666667,0.25,0.03787878787878788,9.0,0.8372093023255813,8.58139534883721,0.2265193370165746,0.6544028681259787,0.4249402697127775,0.6544028681259787,1.2666666666666666,,1.5,,,,,False,,0.5,,,,,False,,False
668952,Ryan Kreidler,MIN,ATH,0,9.0,1.0,695611,Gage Jump,L,824962,9:40 PM ET,Sutter Health Park,1,0,0.20422535211267606,2026-08-25,824962,,0,106.1,109.2,113.8,R,5,4,1,0,0,1,0,0,0,2,4,3,0,1,2,1,0,0.1015,0.3585,1,0,1,1,1,1,0.2127659574468085,0.24489795918367346,0.7446808510638298,0.24489795918367346,0.2857142857142857,0.10638297872340426,0.0,0.061224489795918366,0.0851063829787234,1.0,0.8,0.37142857142857144,0.2,0.4857142857142857,0.2571428571428571,0.02857142857142857,0.26914880952380954,0.4622797619047619,0.0625,0.47058823529411764,0.1005,0.12800000000000022,0.22,0.34,0.21153846153846154,0.15,0.175,0.21951219512195122,0.6,0.2596685082872928,0.5026455026455027,0.21164021164021163,0.4166666666666667,0.25,0.03787878787878788,9.0,0.8372093023255813,8.58139534883721,0.2265193370165746,0.44186102090029006,0.1997217946234551,0.44186102090029006,1.0,,1.5,,,,,False,,0.5,,,,,False,,False
605170,Victor Caratini,MIN,ATH,0,8.0,1.0,695611,Gage Jump,L,824962,9:40 PM ET,Sutter Health Park,1,0,0.20422535211267606,2026-08-25,824962,,0,106.1,109.2,113.8,R,1,1,0,0,0,0,0,0,0,0,0,1,0,1,0,1,0,0.154,0.181,0,0,0,0,0,0,0.14814814814814814,0.3235294117647059,0.7407407407407407,0.2,0.2,0.0,0.0,0.0,0.0,0.26666666666666666,0.4666666666666667,0.35,0.25,0.45,0.15,0.0,0.18865384615384617,0.2750192307692308,0.0,0.0,0.11259999999999996,0.14450000000000013,0.20930232558139536,0.23255813953488372,0.20408163265306123,0.14893617021276595,0.2127659574468085,0.28,0.6,0.2596685082872928,0.5026455026455027,0.21164021164021163,0.4166666666666667,0.25,0.03787878787878788,9.0,0.8372093023255813,8.58139534883721,0.2265193370165746,0.5579578037612011,0.3268219428343655,0.5579578037612011,0.26666666666666666,,1.5,,,,,False,,0.5,,,,,False,,False
