batter,player_name,team_abbr,opp_team,is_home,bat_order,in_lineup,pitcher_id,pitcher_name,p_throws,game_id,game_time,stadium,stand_R,p_throws_R,opp_k_pct_15,game_date,game_pk,is_dome,wind_out,hit_factor,tb_factor,hr_factor,stand,pa,ab,h,doubles,triples,hr,bb,hbp,sf,k,tb,batted_balls,barrels,hard_hits,fly_balls,ground_balls,line_drives,avg_xba,avg_xslg,target_hit_1plus,target_hit_2plus,target_tb_1plus,target_tb_2plus,target_k_1plus,target_k_2plus,batting_avg_15,obp_15,contact_rate_15,k_rate_15,babip_15,iso_15,hr_rate_15,doubles_rate_15,extra_base_hit_rate_15,avg_total_bases_15,avg_k_per_game_15,hard_hit_pct_15,line_drive_pct_15,gb_pct_15,fly_ball_pct_15,barrel_pct_15,xba_15,xslg_15,batting_avg_last_5,k_rate_last_5,xba_last_5,xslg_last_5,batting_avg_vs_R_15,slg_vs_R_15,k_rate_vs_R_15,batting_avg_vs_L_15,slg_vs_L_15,k_rate_vs_L_15,p_contact_rate_allowed_10,p_babip_allowed_10,p_slg_allowed_10,p_iso_allowed_10,p_gb_pct_10,p_fb_pct_10,p_barrel_pct_allowed_10,p_hits_per9_10,p_hr_per9_10,p_k_per9_10,p_k_rate_10,p_tb_1plus,p_tb_2plus,adj_prob,pred_total_bases,book_markets,primary_line,primary_side,primary_best_book,primary_best_odds,primary_book_implied,primary_has_line,primary_edge,secondary_line,secondary_side,secondary_best_book,secondary_best_odds,secondary_book_implied,secondary_has_line,secondary_edge,secondary_is_hits_fallback
663728,Cal Raleigh,SEA,MIN,1,5.0,1,687570,Connor Prielipp,L,823109,4:10 PM ET,T-Mobile Park,0,0,0.21723518850987433,2026-08-01,823109,0.0,1,90.9,92.7,102.0,L,3,2,1,1,0,0,1,0,0,0,2,2,0,1,1,0,1,0.3175,0.6885,1,0,1,1,0,0,0.14705882352941177,0.2564102564102564,0.5588235294117647,0.38461538461538464,0.17647058823529413,0.17647058823529413,0.05128205128205128,0.0,0.058823529411764705,0.7333333333333333,1.0,0.47368421052631576,0.2631578947368421,0.3684210526315789,0.21052631578947367,0.10526315789473684,0.3245416666666667,0.8872222222222222,0.1,0.5,0.46599999999999997,1.6669999999999998,0.15384615384615385,0.25,0.36065573770491804,0.1346153846153846,0.3076923076923077,0.3870967741935484,0.6569037656903766,0.25870646766169153,0.4251207729468599,0.14492753623188406,0.4585987261146497,0.24203821656050956,0.044585987261146494,9.740506329113924,1.0253164556962027,9.227848101265824,0.22784810126582278,0.5413291261123595,0.3054918604588,0.5413291261123595,0.7333333333333333,"{""betmgm"": {""0.5"": {""over"": 165, ""under"": -225}}, ""bet365"": {""1.5"": {""over"": 190, ""under"": -260}}}",1.5,over,bet365,190.0,0.3448275862068966,True,-0.0393,0.5,over,betmgm,165.0,0.37735849056603776,True,0.164,False
702284,Cole Young,SEA,MIN,1,1.0,1,687570,Connor Prielipp,L,823109,4:10 PM ET,T-Mobile Park,0,0,0.21723518850987433,2026-08-01,823109,0.0,1,90.9,92.7,102.0,L,4,4,1,0,0,1,0,0,0,2,4,2,0,2,0,1,1,0.4595,0.735,1,0,1,1,1,1,0.288135593220339,0.3333333333333333,0.9152542372881356,0.07936507936507936,0.28846153846153844,0.1864406779661017,0.031746031746031744,0.015873015873015872,0.0847457627118644,1.8666666666666667,0.3333333333333333,0.4074074074074074,0.25925925925925924,0.3888888888888889,0.3333333333333333,0.037037037037037035,0.3159966666666667,0.4929566666666666,0.4,0.043478260869565216,0.3380266666666667,0.5108533333333334,0.19298245614035087,0.45614035087719296,0.15,0.2641509433962264,0.32075471698113206,0.08196721311475409,0.6569037656903766,0.25870646766169153,0.4251207729468599,0.14492753623188406,0.4585987261146497,0.24203821656050956,0.044585987261146494,9.740506329113924,1.0253164556962027,9.227848101265824,0.22784810126582278,0.6699402418684498,0.3824514629477714,0.6699402418684498,1.8666666666666667,"{""bet365"": {""1.5"": {""over"": 155, ""under"": -210}, ""0.5"": {""over"": -220, ""under"": 160}}, ""draftkings"": {""0.5"": {""over"": -194, ""under"": 145}}, ""fanduel"": {""0.5"": {""over"": -190}}}",1.5,over,bet365,155.0,0.39215686274509803,True,-0.0097,0.5,over,fanduel,-190.0,0.6551724137931034,True,0.0148,True
806068,Colt Emerson,SEA,MIN,1,9.0,1,687570,Connor Prielipp,L,823109,4:10 PM ET,T-Mobile Park,0,0,0.21723518850987433,2026-08-01,823109,0.0,1,90.9,92.7,102.0,L,4,4,0,0,0,0,0,0,0,3,0,1,0,0,0,1,0,0.17,0.172,0,0,0,0,1,1,0.16326530612244897,0.18867924528301888,0.6938775510204082,0.2727272727272727,0.2222222222222222,0.02040816326530612,0.0,0.01818181818181818,0.02040816326530612,0.6,1.0,0.32432432432432434,0.2702702702702703,0.43243243243243246,0.21621621621621623,0.0,0.3771888888888889,0.5229111111111111,0.17647058823529413,0.23529411764705882,0.3797333333333333,0.45693333333333336,0.12244897959183673,0.12244897959183673,0.3333333333333333,0.2222222222222222,0.4888888888888889,0.33962264150943394,0.6569037656903766,0.25870646766169153,0.4251207729468599,0.14492753623188406,0.4585987261146497,0.24203821656050956,0.044585987261146494,9.740506329113924,1.0253164556962027,9.227848101265824,0.22784810126582278,0.4017296410350268,0.1948326901932925,0.4017296410350268,0.6,"{""betmgm"": {""0.5"": {""over"": -105, ""under"": -125}}, ""bet365"": {""1.5"": {""over"": 275, ""under"": -390}}, ""fanduel"": {""1.5"": {""over"": 260}}}",1.5,over,bet365,275.0,0.26666666666666666,True,-0.0718,0.5,over,betmgm,-105.0,0.5121951219512195,True,-0.1105,False
686527,Dominic Canzone,SEA,MIN,1,3.0,1,687570,Connor Prielipp,L,823109,4:10 PM ET,T-Mobile Park,0,0,0.21723518850987433,2026-08-01,823109,0.0,1,90.9,92.7,102.0,L,4,4,1,1,0,0,0,0,0,1,2,3,0,2,1,2,0,0.5656666666666667,0.652,1,0,1,1,1,0,0.2413793103448276,0.3230769230769231,0.7758620689655172,0.2,0.24390243902439024,0.25862068965517243,0.06153846153846154,0.046153846153846156,0.1206896551724138,1.9333333333333333,0.8666666666666667,0.4888888888888889,0.15555555555555556,0.5333333333333333,0.28888888888888886,0.06666666666666667,0.3219142857142857,0.5714309523809523,0.3684210526315789,0.18181818181818182,0.5753166666666667,1.2560625,0.21666666666666667,0.38333333333333336,0.24242424242424243,0.3,0.64,0.22413793103448276,0.6569037656903766,0.25870646766169153,0.4251207729468599,0.14492753623188406,0.4585987261146497,0.24203821656050956,0.044585987261146494,9.740506329113924,1.0253164556962027,9.227848101265824,0.22784810126582278,0.5402390948262287,0.30682966892007807,0.5402390948262287,1.9333333333333333,"{""bet365"": {""1.5"": {""over"": 150, ""under"": -200}, ""0.5"": {""over"": -190, ""under"": 140}}, ""draftkings"": {""0.5"": {""over"": -180, ""under"": 135}}, ""fanduel"": {""0.5"": {""over"": -200}}}",1.5,over,bet365,150.0,0.4,True,-0.0932,0.5,over,draftkings,-180.0,0.6428571428571429,True,-0.1026,True
647304,Josh Naylor,SEA,MIN,1,6.0,1,687570,Connor Prielipp,L,823109,4:10 PM ET,T-Mobile Park,0,0,0.21723518850987433,2026-08-01,823109,0.0,1,90.9,92.7,102.0,L,4,3,0,0,0,0,1,0,0,0,0,3,0,1,0,2,1,0.443,0.4876666666666667,0,0,0,0,0,0,0.3333333333333333,0.3870967741935484,0.8596491228070176,0.12903225806451613,0.3877551020408163,0.07017543859649122,0.0,0.06451612903225806,0.07017543859649122,1.5333333333333334,0.5333333333333333,0.30612244897959184,0.2653061224489796,0.4897959183673469,0.22448979591836735,0.02040816326530612,0.3712022222222222,0.46279444444444445,0.38095238095238093,0.19047619047619047,0.44140000000000007,0.5081833333333333,0.26785714285714285,0.30357142857142855,0.0967741935483871,0.2631578947368421,0.3684210526315789,0.16129032258064516,0.6569037656903766,0.25870646766169153,0.4251207729468599,0.14492753623188406,0.4585987261146497,0.24203821656050956,0.044585987261146494,9.740506329113924,1.0253164556962027,9.227848101265824,0.22784810126582278,0.6374215202592821,0.3555981627886244,0.6374215202592821,1.5333333333333334,"{""bet365"": {""1.5"": {""over"": 175, ""under"": -235}, ""0.5"": {""over"": -190, ""under"": 140}}, ""draftkings"": {""0.5"": {""over"": -186, ""under"": 139}}, ""fanduel"": {""0.5"": {""over"": -200}}}",1.5,over,bet365,175.0,0.36363636363636365,True,-0.008,0.5,over,draftkings,-186.0,0.6503496503496503,True,-0.0129,True
677594,Julio Rodríguez,SEA,MIN,1,4.0,1,687570,Connor Prielipp,L,823109,4:10 PM ET,T-Mobile Park,1,0,0.21723518850987433,2026-08-01,823109,0.0,1,90.9,92.7,102.0,R,4,4,1,0,0,0,0,0,0,2,1,2,0,1,0,1,1,0.639,0.6950000000000001,1,0,1,0,1,1,0.24074074074074073,0.2833333333333333,0.8518518518518519,0.13333333333333333,0.2391304347826087,0.12962962962962962,0.03333333333333333,0.016666666666666666,0.05555555555555555,1.3333333333333333,0.5333333333333333,0.375,0.20833333333333334,0.3541666666666667,0.375,0.0,0.30403809523809533,0.48956785714285717,0.2,0.045454545454545456,0.28846666666666676,0.4593000000000001,0.2727272727272727,0.34545454545454546,0.1935483870967742,0.26229508196721313,0.4426229508196721,0.15384615384615385,0.6569037656903766,0.25870646766169153,0.4251207729468599,0.14492753623188406,0.4585987261146497,0.24203821656050956,0.044585987261146494,9.740506329113924,1.0253164556962027,9.227848101265824,0.22784810126582278,0.6272340743464562,0.39970745821683357,0.6272340743464562,1.3333333333333333,"{""bet365"": {""1.5"": {""over"": 120, ""under"": -160}, ""0.5"": {""over"": -260, ""under"": 190}}, ""draftkings"": {""1.5"": {""over"": 104, ""under"": -138}}, ""fanduel"": {""1.5"": {""over"": 110}, ""0.5"": {""over"": -230}}}",1.5,over,bet365,120.0,0.45454545454545453,True,-0.0548,0.5,over,fanduel,-230.0,0.696969696969697,True,-0.0697,True
641598,Mitch Garver,SEA,MIN,1,7.0,1,687570,Connor Prielipp,L,823109,4:10 PM ET,T-Mobile Park,1,0,0.21723518850987433,2026-08-01,823109,0.0,1,90.9,92.7,102.0,R,1,1,0,0,0,0,0,0,0,1,0,0,0,0,0,0,0,0.451,1.437,0,0,0,0,1,0,0.15,0.24444444444444444,0.5,0.4444444444444444,0.2631578947368421,0.1,0.022222222222222223,0.022222222222222223,0.05,0.6666666666666666,1.3333333333333333,0.45,0.4,0.3,0.25,0.05,0.4558333333333333,0.7173194444444445,0.14285714285714285,0.5,0.32929166666666665,0.8170416666666667,0.19148936170212766,0.3829787234042553,0.4074074074074074,0.13513513513513514,0.2702702702702703,0.2727272727272727,0.6569037656903766,0.25870646766169153,0.4251207729468599,0.14492753623188406,0.4585987261146497,0.24203821656050956,0.044585987261146494,9.740506329113924,1.0253164556962027,9.227848101265824,0.22784810126582278,0.5017224295395833,0.2564808028232459,0.5017224295395833,0.6666666666666666,"{""betmgm"": {""0.5"": {""over"": -115, ""under"": -115}}, ""bet365"": {""1.5"": {""over"": 240, ""under"": -340}}, ""fanduel"": {""1.5"": {""over"": 185}}}",1.5,over,bet365,240.0,0.29411764705882354,True,-0.0376,0.5,over,betmgm,-115.0,0.5348837209302325,True,-0.0332,False
668227,Randy Arozarena,SEA,MIN,1,2.0,1,687570,Connor Prielipp,L,823109,4:10 PM ET,T-Mobile Park,1,0,0.21723518850987433,2026-08-01,823109,0.0,1,90.9,92.7,102.0,R,4,3,0,0,0,0,1,0,0,2,0,1,0,0,1,0,0,0.003,0.007,0,0,0,0,1,1,0.2631578947368421,0.36363636363636365,0.7894736842105263,0.18181818181818182,0.2857142857142857,0.17543859649122806,0.045454545454545456,0.015151515151515152,0.07017543859649122,1.6666666666666667,0.8,0.37777777777777777,0.15555555555555556,0.5555555555555556,0.26666666666666666,0.08888888888888889,0.32778444444444443,0.5205711111111111,0.3333333333333333,0.18181818181818182,0.30367,0.6252799999999998,0.2909090909090909,0.5272727272727272,0.16666666666666666,0.24561403508771928,0.3684210526315789,0.22727272727272727,0.6569037656903766,0.25870646766169153,0.4251207729468599,0.14492753623188406,0.4585987261146497,0.24203821656050956,0.044585987261146494,9.740506329113924,1.0253164556962027,9.227848101265824,0.22784810126582278,0.6597322702662307,0.40250660942323485,0.6597322702662307,1.6666666666666667,"{""bet365"": {""1.5"": {""over"": 150, ""under"": -200}, ""0.5"": {""over"": -200, ""under"": 150}}, ""draftkings"": {""1.5"": {""over"": 134, ""under"": -179}, ""0.5"": {""over"": -221, ""under"": 164}}, ""fanduel"": {""1.5"": {""over"": 125}, ""0.5"": {""over"": -220}}}",1.5,over,bet365,150.0,0.4,True,0.0025,0.5,over,bet365,-200.0,0.6666666666666666,True,-0.0069,True
642215,Weston Wilson,SEA,MIN,1,8.0,1,687570,Connor Prielipp,L,823109,4:10 PM ET,T-Mobile Park,1,0,0.21723518850987433,2026-08-01,823109,0.0,1,90.9,92.7,102.0,R,4,3,0,0,0,0,1,0,0,2,0,1,0,0,0,1,0,0.341,0.392,0,0,0,0,1,1,0.2222222222222222,0.2631578947368421,0.5833333333333334,0.39473684210526316,0.3157894736842105,0.2222222222222222,0.05263157894736842,0.05263157894736842,0.1111111111111111,1.0666666666666667,1.0,0.23809523809523808,0.19047619047619047,0.47619047619047616,0.2857142857142857,0.0,0.28544871794871796,0.41578205128205126,0.16666666666666666,0.3076923076923077,0.2517083333333333,0.2845416666666668,0.20689655172413793,0.4827586206896552,0.3142857142857143,0.21052631578947367,0.3157894736842105,0.23076923076923078,0.6569037656903766,0.25870646766169153,0.4251207729468599,0.14492753623188406,0.4585987261146497,0.24203821656050956,0.044585987261146494,9.740506329113924,1.0253164556962027,9.227848101265824,0.22784810126582278,0.4730835430377061,0.2425933626680891,0.4730835430377061,1.0666666666666667,"{""betmgm"": {""0.5"": {""over"": -105, ""under"": -125}}, ""bet365"": {""1.5"": {""over"": 200, ""under"": -275}}, ""fanduel"": {""1.5"": {""over"": 230}}}",1.5,over,fanduel,230.0,0.30303030303030304,True,-0.0604,0.5,over,betmgm,-105.0,0.5121951219512195,True,-0.0391,False
668885,Austin Martin,MIN,SEA,0,9.0,1,669302,Logan Gilbert,R,823109,4:10 PM ET,T-Mobile Park,1,1,0.1981651376146789,2026-08-01,823109,0.0,1,90.9,92.7,102.0,R,1,1,0,0,0,0,0,0,0,0,0,1,0,0,0,1,0,0.198,0.223,0,0,0,0,0,0,0.25806451612903225,0.4318181818181818,0.7096774193548387,0.2,0.3333333333333333,0.0967741935483871,0.0,0.06666666666666667,0.0967741935483871,0.7333333333333333,0.6,0.375,0.3333333333333333,0.375,0.20833333333333334,0.0,0.35241666666666666,0.4437638888888889,0.3,0.13333333333333333,0.2693333333333333,0.3476666666666667,0.16666666666666666,0.2222222222222222,0.2682926829268293,0.3235294117647059,0.4117647058823529,0.17777777777777778,0.6390041493775933,0.16363636363636364,0.29017857142857145,0.11160714285714286,0.35714285714285715,0.2922077922077922,0.01948051948051948,4.689473684210527,0.8526315789473684,10.089473684210528,0.3034188034188034,0.42361486218353633,0.21014148763431736,0.42361486218353633,0.7333333333333333,"{""betmgm"": {""0.5"": {""over"": -125, ""under"": -105}}, ""bet365"": {""1.5"": {""over"": 300, ""under"": -450}}}",1.5,over,bet365,300.0,0.25,True,-0.0399,0.5,over,betmgm,-125.0,0.5555555555555556,True,-0.1319,False
686797,Brooks Lee,MIN,SEA,0,5.0,1,669302,Logan Gilbert,R,823109,4:10 PM ET,T-Mobile Park,0,1,0.1981651376146789,2026-08-01,823109,0.0,1,90.9,92.7,102.0,L,3,3,1,0,0,1,0,0,0,0,4,3,0,2,2,1,0,0.15133333333333332,0.3293333333333333,1,0,1,1,0,0,0.1891891891891892,0.25,0.8108108108108109,0.175,0.20689655172413793,0.16216216216216217,0.025,0.025,0.08108108108108109,0.8666666666666667,0.4666666666666667,0.23333333333333334,0.13333333333333333,0.5,0.23333333333333334,0.03333333333333333,0.2201217948717949,0.2934871794871795,0.1111111111111111,0.09090909090909091,0.18989999999999999,0.23489999999999994,0.24561403508771928,0.40350877192982454,0.16923076923076924,0.14814814814814814,0.2962962962962963,0.21666666666666667,0.6390041493775933,0.16363636363636364,0.29017857142857145,0.11160714285714286,0.35714285714285715,0.2922077922077922,0.01948051948051948,4.689473684210527,0.8526315789473684,10.089473684210528,0.3034188034188034,0.5195435823979832,0.2827805311169603,0.5195435823979832,0.8666666666666667,"{""bet365"": {""1.5"": {""over"": 190, ""under"": -260}, ""0.5"": {""over"": -150, ""under"": 110}}, ""draftkings"": {""0.5"": {""over"": -139, ""under"": 105}}, ""fanduel"": {""0.5"": {""over"": -145}}}",1.5,over,bet365,190.0,0.3448275862068966,True,-0.062,0.5,over,draftkings,-139.0,0.5815899581589958,True,-0.062,True
665019,Kody Clemens,MIN,SEA,0,3.0,1,669302,Logan Gilbert,R,823109,4:10 PM ET,T-Mobile Park,0,1,0.1981651376146789,2026-08-01,823109,0.0,1,90.9,92.7,102.0,L,4,4,0,0,0,0,0,0,0,0,0,4,0,1,0,2,2,0.399,0.47300000000000003,0,0,0,0,0,0,0.2033898305084746,0.23809523809523808,0.7457627118644068,0.23809523809523808,0.21428571428571427,0.2542372881355932,0.047619047619047616,0.031746031746031744,0.11864406779661017,1.8,1.0,0.4666666666666667,0.2,0.3333333333333333,0.37777777777777777,0.044444444444444446,0.25154000000000004,0.5024877777777779,0.3157894736842105,0.09523809523809523,0.2881333333333333,0.6125099999999998,0.19672131147540983,0.36065573770491804,0.25,0.28846153846153844,0.5576923076923077,0.18518518518518517,0.6390041493775933,0.16363636363636364,0.29017857142857145,0.11160714285714286,0.35714285714285715,0.2922077922077922,0.01948051948051948,4.689473684210527,0.8526315789473684,10.089473684210528,0.3034188034188034,0.5711753166016367,0.3648591345465122,0.5711753166016367,1.8,"{""betmgm"": {""0.5"": {""over"": 100, ""under"": -135}}, ""bet365"": {""1.5"": {""over"": 155, ""under"": -210}}, ""draftkings"": {""1.5"": {""over"": 134, ""under"": -180}}, ""fanduel"": {""1.5"": {""over"": 150}}}",1.5,over,bet365,155.0,0.39215686274509803,True,-0.0273,0.5,over,betmgm,100.0,0.5,True,0.0712,False
807712,Luke Keaschall,MIN,SEA,0,6.0,1,669302,Logan Gilbert,R,823109,4:10 PM ET,T-Mobile Park,1,1,0.1981651376146789,2026-08-01,823109,0.0,1,90.9,92.7,102.0,R,4,3,2,1,0,0,1,0,0,1,3,2,0,0,0,1,1,0.6325000000000001,0.7125,1,1,1,1,1,0,0.25,0.375,0.7954545454545454,0.16071428571428573,0.2972972972972973,0.0,0.0,0.0,0.0,0.7333333333333333,0.6,0.3783783783783784,0.24324324324324326,0.4594594594594595,0.24324324324324326,0.0,0.32236309523809525,0.3868392857142857,0.14285714285714285,0.1111111111111111,0.25437499999999996,0.3113541666666666,0.3409090909090909,0.5227272727272727,0.11864406779661017,0.1951219512195122,0.2682926829268293,0.23404255319148937,0.6390041493775933,0.16363636363636364,0.29017857142857145,0.11160714285714286,0.35714285714285715,0.2922077922077922,0.01948051948051948,4.689473684210527,0.8526315789473684,10.089473684210528,0.3034188034188034,0.5220137160282209,0.28629677433333534,0.5220137160282209,0.7333333333333333,"{""bet365"": {""1.5"": {""over"": 200, ""under"": -275}, ""0.5"": {""over"": -170, ""under"": 130}}, ""draftkings"": {""0.5"": {""over"": -158, ""under"": 119}}, ""fanduel"": {""0.5"": {""over"": -160}}}",1.5,over,bet365,200.0,0.3333333333333333,True,-0.047,0.5,over,draftkings,-158.0,0.6124031007751938,True,-0.0904,True
668904,Royce Lewis,MIN,SEA,0,4.0,1,669302,Logan Gilbert,R,823109,4:10 PM ET,T-Mobile Park,1,1,0.1981651376146789,2026-08-01,823109,0.0,1,90.9,92.7,102.0,R,4,4,1,0,0,1,0,0,0,1,4,3,0,2,2,0,0,0.3336666666666667,1.2923333333333333,1,0,1,1,1,0,0.21568627450980393,0.31666666666666665,0.803921568627451,0.16666666666666666,0.24390243902439024,0.1568627450980392,0.016666666666666666,0.05,0.09803921568627451,1.2666666666666666,0.6666666666666666,0.42857142857142855,0.2619047619047619,0.30952380952380953,0.2619047619047619,0.0,0.32372888888888884,0.6456766666666667,0.2777777777777778,0.21052631578947367,0.46041999999999994,1.0253466666666666,0.25,0.44642857142857145,0.15873015873015872,0.17307692307692307,0.3269230769230769,0.2,0.6390041493775933,0.16363636363636364,0.29017857142857145,0.11160714285714286,0.35714285714285715,0.2922077922077922,0.01948051948051948,4.689473684210527,0.8526315789473684,10.089473684210528,0.3034188034188034,0.5862984436614068,0.37843063767978147,0.5862984436614068,1.2666666666666666,"{""bet365"": {""1.5"": {""over"": 182, ""under"": -245}, ""0.5"": {""over"": -155, ""under"": 115}}, ""fanduel"": {""1.5"": {""over"": 140}, ""0.5"": {""over"": -160}}, ""draftkings"": {""0.5"": {""over"": -158, ""under"": 119}}}",1.5,over,bet365,182.0,0.3546099290780142,True,0.0238,0.5,over,bet365,-155.0,0.6078431372549019,True,-0.0215,True
680777,Ryan Jeffers,MIN,SEA,0,2.0,1,669302,Logan Gilbert,R,823109,4:10 PM ET,T-Mobile Park,1,1,0.1981651376146789,2026-08-01,823109,0.0,1,90.9,92.7,102.0,R,4,4,1,0,0,1,0,0,0,0,4,4,0,2,1,3,0,0.23375,0.38475000000000004,1,0,1,1,0,0,0.2962962962962963,0.3770491803278688,0.8333333333333334,0.14754098360655737,0.30952380952380953,0.2222222222222222,0.04918032786885246,0.04918032786885246,0.1111111111111111,1.8666666666666667,0.6,0.35555555555555557,0.28888888888888886,0.4,0.2222222222222222,0.022222222222222223,0.3069,0.4716222222222222,0.35,0.2727272727272727,0.33471666666666666,0.4276999999999999,0.3103448275862069,0.6379310344827587,0.140625,0.2549019607843137,0.47058823529411764,0.13333333333333333,0.6390041493775933,0.16363636363636364,0.29017857142857145,0.11160714285714286,0.35714285714285715,0.2922077922077922,0.01948051948051948,4.689473684210527,0.8526315789473684,10.089473684210528,0.3034188034188034,0.6234518432822473,0.3714625561088824,0.6234518432822473,1.8666666666666667,"{""betmgm"": {""0.5"": {""over"": -120, ""under"": -110}}, ""bet365"": {""1.5"": {""over"": 160, ""under"": -220}}, ""fanduel"": {""1.5"": {""over"": 150}}}",1.5,over,bet365,160.0,0.38461538461538464,True,-0.0132,0.5,over,betmgm,-120.0,0.5454545454545454,True,0.078,False
668952,Ryan Kreidler,MIN,SEA,0,8.0,1,669302,Logan Gilbert,R,823109,4:10 PM ET,T-Mobile Park,1,1,0.1981651376146789,2026-08-01,823109,0.0,1,90.9,92.7,102.0,R,2,2,0,0,0,0,0,0,0,0,0,2,0,0,0,2,0,0.23399999999999999,0.2345,0,0,0,0,0,0,0.20930232558139536,0.20930232558139536,0.7674418604651163,0.23255813953488372,0.2727272727272727,0.13953488372093023,0.0,0.09302325581395349,0.11627906976744186,1.0,0.6666666666666666,0.45454545454545453,0.24242424242424243,0.5151515151515151,0.18181818181818182,0.0,0.357327380952381,0.5262678571428572,0.35294117647058826,0.11764705882352941,0.34646666666666665,0.5946500000000001,0.18867924528301888,0.33962264150943394,0.2727272727272727,0.19444444444444445,0.3333333333333333,0.18421052631578946,0.6390041493775933,0.16363636363636364,0.29017857142857145,0.11160714285714286,0.35714285714285715,0.2922077922077922,0.01948051948051948,4.689473684210527,0.8526315789473684,10.089473684210528,0.3034188034188034,0.4850360849667667,0.282009673704166,0.4850360849667667,1.0,"{""betmgm"": {""0.5"": {""over"": 100, ""under"": -135}}, ""bet365"": {""1.5"": {""over"": 295, ""under"": -440}}}",1.5,over,bet365,295.0,0.25316455696202533,True,0.0288,0.5,over,betmgm,100.0,0.5,True,-0.015,False
663616,Trevor Larnach,MIN,SEA,0,1.0,1,669302,Logan Gilbert,R,823109,4:10 PM ET,T-Mobile Park,0,1,0.1981651376146789,2026-08-01,823109,0.0,1,90.9,92.7,102.0,L,4,4,0,0,0,0,0,0,0,1,0,3,0,1,1,1,1,0.20566666666666666,0.24733333333333332,0,0,0,0,1,0,0.2765957446808511,0.3333333333333333,0.8085106382978723,0.17307692307692307,0.3055555555555556,0.19148936170212766,0.038461538461538464,0.057692307692307696,0.10638297872340426,1.4666666666666666,0.6,0.34210526315789475,0.2631578947368421,0.47368421052631576,0.15789473684210525,0.02631578947368421,0.3418809523809524,0.47929166666666667,0.15384615384615385,0.21428571428571427,0.23916666666666658,0.2633333333333333,0.2826086956521739,0.4782608695652174,0.17647058823529413,0.3191489361702128,0.5531914893617021,0.23076923076923078,0.6390041493775933,0.16363636363636364,0.29017857142857145,0.11160714285714286,0.35714285714285715,0.2922077922077922,0.01948051948051948,4.689473684210527,0.8526315789473684,10.089473684210528,0.3034188034188034,0.5543895870281045,0.34559464916122523,0.5543895870281045,1.4666666666666666,"{""bet365"": {""1.5"": {""over"": 202, ""under"": -280}, ""0.5"": {""over"": -135, ""under"": 100}}, ""draftkings"": {""0.5"": {""over"": -140, ""under"": 106}}, ""fanduel"": {""0.5"": {""over"": -150}}}",1.5,over,bet365,202.0,0.33112582781456956,True,0.0145,0.5,over,bet365,-135.0,0.574468085106383,True,-0.0201,True
605170,Victor Caratini,MIN,SEA,0,7.0,1,669302,Logan Gilbert,R,823109,4:10 PM ET,T-Mobile Park,0,1,0.1981651376146789,2026-08-01,823109,0.0,1,90.9,92.7,102.0,L,1,1,0,0,0,0,0,0,0,1,0,0,0,0,0,0,0,0.617,0.739,0,0,0,0,1,0,0.20588235294117646,0.20588235294117646,0.7941176470588235,0.20588235294117646,0.25925925925925924,0.029411764705882353,0.0,0.029411764705882353,0.029411764705882353,0.5333333333333333,0.4666666666666667,0.37037037037037035,0.37037037037037035,0.4074074074074074,0.18518518518518517,0.0,0.32154166666666667,0.4084404761904762,0.3333333333333333,0.08333333333333333,0.38111666666666677,0.44880000000000014,0.26666666666666666,0.4,0.17647058823529413,0.13333333333333333,0.2,0.21568627450980393,0.6390041493775933,0.16363636363636364,0.29017857142857145,0.11160714285714286,0.35714285714285715,0.2922077922077922,0.01948051948051948,4.689473684210527,0.8526315789473684,10.089473684210528,0.3034188034188034,0.464715930168992,0.25779273505318484,0.464715930168992,0.5333333333333333,"{""betmgm"": {""0.5"": {""over"": -150, ""under"": 110}}, ""bet365"": {""1.5"": {""over"": 265, ""under"": -370}}}",1.5,over,bet365,265.0,0.273972602739726,True,-0.0162,0.5,over,betmgm,-150.0,0.6,True,-0.1353,False
805999,A.J. Ewing,NYM,MIA,1,1.0,1,663969,Tyler Phillips,R,823594,4:10 PM ET,Citi Field,0,1,0.2703180212014134,2026-08-01,823594,0.0,1,96.9,97.2,97.5,L,4,4,1,0,0,0,0,0,0,1,1,3,0,2,0,0,3,0.7066666666666667,1.3363333333333334,1,0,1,0,1,0,0.24193548387096775,0.2898550724637681,0.6612903225806451,0.30434782608695654,0.3488372093023256,0.06451612903225806,0.0,0.057971014492753624,0.06451612903225806,1.2666666666666666,1.4,0.37209302325581395,0.18604651162790697,0.6046511627906976,0.16279069767441862,0.0,0.2879777777777778,0.3437555555555555,0.2631578947368421,0.25,0.25406666666666666,0.2984,0.265625,0.421875,0.2777777777777778,0.18181818181818182,0.36363636363636365,0.36666666666666664,0.7587939698492462,0.2485207100591716,0.4745762711864407,0.192090395480226,0.4768211920529801,0.26490066225165565,0.039735099337748346,9.0,1.3404255319148937,5.74468085106383,0.1485148514851485,0.6240853440388526,0.37782274766132645,0.6240853440388526,1.2666666666666666,"{""bet365"": {""1.5"": {""over"": 120, ""under"": -160}, ""0.5"": {""over"": -250, ""under"": 185}}, ""betmgm"": {""1.5"": {""over"": 135, ""under"": -185}, ""0.5"": {""over"": -250, ""under"": 180}}, ""draftkings"": {""1.5"": {""over"": 124, ""under"": -165}, ""0.5"": {""over"": -246, ""under"": 182}}, ""fanduel"": {""0.5"": {""over"": -250}}}",1.5,over,draftkings,190.0,0.3448275862068966,True,0.033,0.5,over,draftkings,-246.0,0.7109826589595376,True,-0.0869,True
666182,Bo Bichette,NYM,MIA,1,3.0,1,663969,Tyler Phillips,R,823594,4:10 PM ET,Citi Field,1,1,0.2703180212014134,2026-08-01,823594,0.0,1,96.9,97.2,97.5,R,4,4,0,0,0,0,0,0,0,1,0,3,0,0,0,2,0,0.21266666666666667,0.229,0,0,0,0,1,0,0.2777777777777778,0.3333333333333333,0.7777777777777778,0.2,0.3488372093023256,0.037037037037037035,0.0,0.03333333333333333,0.037037037037037035,1.1333333333333333,0.8,0.18604651162790697,0.2558139534883721,0.5348837209302325,0.18604651162790697,0.0,0.2598940476190476,0.29964761904761905,0.3333333333333333,0.13636363636363635,0.26161,0.29743666666666646,0.2545454545454545,0.2909090909090909,0.18333333333333332,0.34545454545454546,0.4727272727272727,0.109375,0.7587939698492462,0.2485207100591716,0.4745762711864407,0.192090395480226,0.4768211920529801,0.26490066225165565,0.039735099337748346,9.0,1.3404255319148937,5.74468085106383,0.1485148514851485,0.6787315305240383,0.39942279930566155,0.6787315305240383,1.1333333333333333,"{""bet365"": {""1.5"": {""over"": 105, ""under"": -140}}, ""betmgm"": {""1.5"": {""over"": 115, ""under"": -155}}, ""draftkings"": {""1.5"": {""over"": 108, ""under"": -144}}, ""fanduel"": {""1.5"": {""over"": -105}, ""0.5"": {""over"": -310}}}",1.5,over,betmgm,115.0,0.46511627906976744,True,-0.0657,0.5,over,fanduel,-310.0,0.7560975609756098,True,-0.0774,True
683146,Brett Baty,NYM,MIA,1,7.0,1,663969,Tyler Phillips,R,823594,4:10 PM ET,Citi Field,0,1,0.2703180212014134,2026-08-01,823594,0.0,1,96.9,97.2,97.5,L,2,2,0,0,0,0,0,0,0,0,0,2,0,0,1,1,0,0.177,0.2365,0,0,0,0,0,0,0.24074074074074073,0.2631578947368421,0.7037037037037037,0.2807017543859649,0.2777777777777778,0.18518518518518517,0.05263157894736842,0.017543859649122806,0.07407407407407407,1.5333333333333334,1.0666666666666667,0.4358974358974359,0.23076923076923078,0.3076923076923077,0.38461538461538464,0.02564102564102564,0.3281077777777778,0.5321644444444444,0.23076923076923078,0.35714285714285715,0.32100000000000006,0.5758000000000003,0.2545454545454545,0.45454545454545453,0.24561403508771928,0.22448979591836735,0.30612244897959184,0.3392857142857143,0.7587939698492462,0.2485207100591716,0.4745762711864407,0.192090395480226,0.4768211920529801,0.26490066225165565,0.039735099337748346,9.0,1.3404255319148937,5.74468085106383,0.1485148514851485,0.5874050936835389,0.3786234234699037,0.5874050936835389,1.5333333333333334,"{""betmgm"": {""0.5"": {""over"": -160, ""under"": 120}}, ""bet365"": {""1.5"": {""over"": 220, ""under"": -320}}}",1.5,over,bet365,220.0,0.3125,True,0.0661,0.5,over,betmgm,-160.0,0.6153846153846154,True,-0.028,False
701807,Carson Benge,NYM,MIA,1,4.0,1,663969,Tyler Phillips,R,823594,4:10 PM ET,Citi Field,0,1,0.2703180212014134,2026-08-01,823594,0.0,1,96.9,97.2,97.5,L,4,4,3,1,0,0,0,0,0,0,4,4,0,3,0,3,1,0.5765,0.6667500000000001,1,1,1,1,0,0,0.23636363636363636,0.3064516129032258,0.6545454545454545,0.3064516129032258,0.35135135135135137,0.03636363636363636,0.0,0.03225806451612903,0.03636363636363636,1.0,1.2666666666666666,0.32432432432432434,0.16216216216216217,0.5675675675675675,0.24324324324324326,0.0,0.27017777777777774,0.3965833333333333,0.29411764705882354,0.3,0.26483333333333337,0.5153333333333334,0.34545454545454546,0.45454545454545453,0.18461538461538463,0.20967741935483872,0.3548387096774194,0.23529411764705882,0.7587939698492462,0.2485207100591716,0.4745762711864407,0.192090395480226,0.4768211920529801,0.26490066225165565,0.039735099337748346,9.0,1.3404255319148937,5.74468085106383,0.1485148514851485,0.617481459208137,0.37404438203584184,0.617481459208137,1.0,"{""betmgm"": {""0.5"": {""over"": -190, ""under"": 140}}, ""bet365"": {""1.5"": {""over"": 132, ""under"": -175}}, ""draftkings"": {""1.5"": {""over"": 138, ""under"": -184}}}",1.5,over,draftkings,138.0,0.42016806722689076,True,-0.0461,0.5,over,betmgm,-190.0,0.6551724137931034,True,-0.0377,False
596019,Francisco Lindor,NYM,MIA,1,2.0,1,663969,Tyler Phillips,R,823594,4:10 PM ET,Citi Field,0,1,0.2703180212014134,2026-08-01,823594,0.0,1,96.9,97.2,97.5,L,4,3,2,0,0,1,1,0,0,1,5,2,1,2,1,0,1,0.6755,2.0285,1,1,1,1,1,0,0.2564102564102564,0.35555555555555557,0.7435897435897436,0.2222222222222222,0.2962962962962963,0.23076923076923078,0.044444444444444446,0.022222222222222223,0.10256410256410256,1.2666666666666666,0.6666666666666666,0.4827586206896552,0.27586206896551724,0.2413793103448276,0.3793103448275862,0.0,0.30330277777777775,0.5318138888888889,0.1,0.25,0.2600000000000001,0.5363750000000005,0.22033898305084745,0.3050847457627119,0.19402985074626866,0.25,0.5535714285714286,0.12307692307692308,0.7587939698492462,0.2485207100591716,0.4745762711864407,0.192090395480226,0.4768211920529801,0.26490066225165565,0.039735099337748346,9.0,1.3404255319148937,5.74468085106383,0.1485148514851485,0.48409825017627356,0.31242211542112264,0.48409825017627356,1.2666666666666666,"{""bet365"": {""1.5"": {""over"": 120, ""under"": -160}, ""0.5"": {""over"": -250, ""under"": 185}}, ""betmgm"": {""1.5"": {""over"": 120, ""under"": -160}, ""0.5"": {""over"": -235, ""under"": 170}}, ""draftkings"": {""1.5"": {""over"": 123, ""under"": -163}, ""0.5"": {""over"": -252, ""under"": 186}}, ""fanduel"": {""0.5"": {""over"": -260}}}",1.5,over,draftkings,123.0,0.4484304932735426,True,-0.136,0.5,over,betmgm,-235.0,0.7014925373134329,True,-0.2174,True
676724,Jared Young,NYM,MIA,1,5.0,1,663969,Tyler Phillips,R,823594,4:10 PM ET,Citi Field,0,1,0.2703180212014134,2026-08-01,823594,0.0,1,96.9,97.2,97.5,L,4,4,1,0,0,0,0,0,0,1,1,3,0,2,1,2,0,0.25233333333333335,0.26366666666666666,1,0,1,0,1,0,0.3333333333333333,0.4339622641509434,0.8444444444444444,0.1320754716981132,0.3783783783783784,0.15555555555555556,0.018867924528301886,0.07547169811320754,0.1111111111111111,1.4666666666666666,0.4666666666666667,0.42105263157894735,0.3157894736842105,0.47368421052631576,0.15789473684210525,0.0,0.3460952380952381,0.48922738095238094,0.2857142857142857,0.1875,0.2499166666666667,0.3705999999999997,0.3333333333333333,0.5,0.12,0.32,0.52,0.16,0.7587939698492462,0.2485207100591716,0.4745762711864407,0.192090395480226,0.4768211920529801,0.26490066225165565,0.039735099337748346,9.0,1.3404255319148937,5.74468085106383,0.1485148514851485,0.6316409537110254,0.35883695745563743,0.6316409537110254,1.4666666666666666,"{""betmgm"": {""0.5"": {""over"": -175, ""under"": 130}}, ""bet365"": {""1.5"": {""over"": 182, ""under"": -245}}}",1.5,over,bet365,182.0,0.3546099290780142,True,0.0042,0.5,over,betmgm,-175.0,0.6363636363636364,True,-0.0047,False
620443,Luis Torrens,NYM,MIA,1,9.0,1,663969,Tyler Phillips,R,823594,4:10 PM ET,Citi Field,1,1,0.2703180212014134,2026-08-01,823594,0.0,1,96.9,97.2,97.5,R,3,3,0,0,0,0,0,0,0,1,0,2,0,0,1,1,0,0.033999999999999996,0.0405,0,0,0,0,1,0,0.22916666666666666,0.3148148148148148,0.7916666666666666,0.18518518518518517,0.2702702702702703,0.125,0.018518518518518517,0.05555555555555555,0.08333333333333333,1.1333333333333333,0.6666666666666666,0.39473684210526316,0.34210526315789475,0.47368421052631576,0.13157894736842105,0.0,0.33109444444444447,0.4671388888888889,0.29411764705882354,0.10526315789473684,0.4316999999999999,0.60645,0.24489795918367346,0.3469387755102041,0.18867924528301888,0.16279069767441862,0.23255813953488372,0.25,0.7587939698492462,0.2485207100591716,0.4745762711864407,0.192090395480226,0.4768211920529801,0.26490066225165565,0.039735099337748346,9.0,1.3404255319148937,5.74468085106383,0.1485148514851485,0.4509545205214914,0.19963349795889418,0.4509545205214914,1.1333333333333333,"{""betmgm"": {""0.5"": {""over"": -155, ""under"": 115}}, ""bet365"": {""1.5"": {""over"": 215, ""under"": -310}}}",1.5,over,bet365,215.0,0.31746031746031744,True,-0.1178,0.5,over,betmgm,-155.0,0.6078431372549019,True,-0.1569,False
543760,Marcus Semien,NYM,MIA,1,6.0,1,663969,Tyler Phillips,R,823594,4:10 PM ET,Citi Field,1,1,0.2703180212014134,2026-08-01,823594,0.0,1,96.9,97.2,97.5,R,2,2,0,0,0,0,0,0,0,2,0,0,0,0,0,0,0,0.32866666666666666,0.36633333333333334,0,0,0,0,1,1,0.1568627450980392,0.2037037037037037,0.6666666666666666,0.3148148148148148,0.16129032258064516,0.17647058823529413,0.05555555555555555,0.0,0.058823529411764705,1.1333333333333333,1.1333333333333333,0.4411764705882353,0.17647058823529413,0.38235294117647056,0.38235294117647056,0.0,0.2553095238095238,0.4238273809523809,0.38461538461538464,0.2857142857142857,0.41485416666666675,0.7276458333333337,0.18867924528301888,0.39622641509433965,0.2982456140350877,0.1568627450980392,0.27450980392156865,0.18032786885245902,0.7587939698492462,0.2485207100591716,0.4745762711864407,0.192090395480226,0.4768211920529801,0.26490066225165565,0.039735099337748346,9.0,1.3404255319148937,5.74468085106383,0.1485148514851485,0.5879487949919583,0.34948733091951967,0.5879487949919583,1.1333333333333333,"{""betmgm"": {""0.5"": {""over"": -175, ""under"": 130}}, ""bet365"": {""1.5"": {""over"": 150, ""under"": -200}}, ""draftkings"": {""1.5"": {""over"": 145, ""under"": -195}}}",1.5,over,bet365,150.0,0.4,True,-0.0505,0.5,over,betmgm,-175.0,0.6363636363636364,True,-0.0484,False
621438,Tyrone Taylor,NYM,MIA,1,8.0,1,663969,Tyler Phillips,R,823594,4:10 PM ET,Citi Field,1,1,0.2703180212014134,2026-08-01,823594,0.0,1,96.9,97.2,97.5,R,1,1,0,0,0,0,0,0,0,1,0,0,0,0,0,0,0,0.557,2.091,0,0,0,0,1,0,0.35135135135135137,0.45454545454545453,0.7297297297297297,0.2222222222222222,0.3333333333333333,0.5945945945945946,0.13333333333333333,0.08888888888888889,0.2702702702702703,2.3333333333333335,0.6666666666666666,0.5925925925925926,0.14814814814814814,0.3333333333333333,0.4074074074074074,0.14814814814814814,0.37605128205128213,0.9359615384615385,0.35714285714285715,0.2777777777777778,0.5155000000000001,1.1791000000000003,0.23255813953488372,0.5348837209302325,0.06382978723404255,0.38235294117647056,0.8235294117647058,0.23076923076923078,0.7587939698492462,0.2485207100591716,0.4745762711864407,0.192090395480226,0.4768211920529801,0.26490066225165565,0.039735099337748346,9.0,1.3404255319148937,5.74468085106383,0.1485148514851485,0.5413291261123595,0.2170650856754381,0.5413291261123595,2.3333333333333335,"{""betmgm"": {""0.5"": {""over"": -160, ""under"": 120}}, ""bet365"": {""1.5"": {""over"": 190, ""under"": -260}}}",1.5,over,bet365,190.0,0.3448275862068966,True,-0.1278,0.5,over,betmgm,-160.0,0.6153846153846154,True,-0.0741,False
665923,Esteury Ruiz,MIA,NYM,0,8.0,1,804267,Zac Thornton,L,823594,4:10 PM ET,Citi Field,1,0,0.25318761384335153,2026-08-01,823594,0.0,1,96.9,97.2,97.5,R,4,4,2,1,0,0,0,0,0,2,3,2,0,2,0,0,2,0.7915,1.3639999999999999,1,1,1,1,1,1,0.25,0.4166666666666667,0.6071428571428571,0.2972972972972973,0.375,0.14285714285714285,0.02702702702702703,0.02702702702702703,0.07142857142857142,0.7333333333333333,0.7333333333333333,0.2777777777777778,0.2222222222222222,0.3333333333333333,0.3333333333333333,0.05555555555555555,0.3030833333333333,0.5368,0.2727272727272727,0.38461538461538464,0.30422222222222217,0.35261111111111115,0.325,0.425,0.2391304347826087,0.09090909090909091,0.22727272727272727,0.3793103448275862,0.735632183908046,0.16455696202531644,0.2625,0.0875,0.375,0.390625,0.046875,,,,,0.4119028920614827,0.25662083861812124,0.4119028920614827,0.7333333333333333,"{""betmgm"": {""0.5"": {""over"": -140, ""under"": 105}}, ""bet365"": {""1.5"": {""over"": 220, ""under"": -320}}, ""draftkings"": {""1.5"": {""over"": 255, ""under"": -360}}}",1.5,over,draftkings,255.0,0.28169014084507044,True,-0.0251,0.5,over,betmgm,-140.0,0.5833333333333334,True,-0.1714,False
665052,Griffin Conine,MIA,NYM,0,9.0,1,804267,Zac Thornton,L,823594,4:10 PM ET,Citi Field,0,0,0.25318761384335153,2026-08-01,823594,0.0,1,96.9,97.2,97.5,L,4,3,1,0,0,0,1,0,0,1,1,2,0,1,0,1,0,0.33,0.376,1,0,1,0,1,0,0.27906976744186046,0.32608695652173914,0.6744186046511628,0.30434782608695654,0.2916666666666667,0.37209302325581395,0.10869565217391304,0.021739130434782608,0.13953488372093023,1.8666666666666667,0.9333333333333333,0.5862068965517241,0.2413793103448276,0.3793103448275862,0.3448275862068966,0.034482758620689655,0.4850888888888889,1.1942666666666668,0.3076923076923077,0.26666666666666666,0.4439,1.1114000000000002,0.34146341463414637,0.8292682926829268,0.25,0.3181818181818182,0.5227272727272727,0.22448979591836735,0.735632183908046,0.16455696202531644,0.2625,0.0875,0.375,0.390625,0.046875,,,,,0.2687429442595197,0.1340286738823487,0.2687429442595197,1.8666666666666667,"{""betmgm"": {""0.5"": {""over"": -120, ""under"": -110}}, ""bet365"": {""1.5"": {""over"": 190, ""under"": -260}}}",1.5,over,bet365,190.0,0.3448275862068966,True,-0.2108,0.5,over,betmgm,-120.0,0.5454545454545454,True,-0.2767,False
681715,Heriberto Hernández,MIA,NYM,0,2.0,1,804267,Zac Thornton,L,823594,4:10 PM ET,Citi Field,1,0,0.25318761384335153,2026-08-01,823594,0.0,1,96.9,97.2,97.5,R,4,3,0,0,0,0,1,0,0,2,0,1,0,0,0,0,0,0.003,0.003,0,0,0,0,1,1,0.2459016393442623,0.2698412698412698,0.5737704918032787,0.4126984126984127,0.375,0.22950819672131148,0.047619047619047616,0.07936507936507936,0.13114754098360656,1.9333333333333333,1.7333333333333334,0.5142857142857142,0.2,0.42857142857142855,0.2857142857142857,0.02857142857142857,0.3515444444444444,0.7064277777777778,0.15,0.42857142857142855,0.23033333333333336,0.5646500000000001,0.23728813559322035,0.4745762711864407,0.3709677419354839,0.24444444444444444,0.6,0.25,0.735632183908046,0.16455696202531644,0.2625,0.0875,0.375,0.390625,0.046875,,,,,0.6219877456035451,0.3810541382417985,0.6219877456035451,1.9333333333333333,"{""bet365"": {""1.5"": {""over"": 110, ""under"": -150}, ""0.5"": {""over"": -245, ""under"": 182}}, ""betmgm"": {""1.5"": {""over"": 110, ""under"": -150}, ""0.5"": {""over"": -235, ""under"": 175}}, ""draftkings"": {""1.5"": {""over"": 108, ""under"": -143}, ""0.5"": {""over"": -242, ""under"": 179}}, ""fanduel"": {""1.5"": {""over"": -100}, ""0.5"": {""over"": -240}}}",1.5,over,bet365,110.0,0.47619047619047616,True,-0.0951,0.5,over,betmgm,-235.0,0.7014925373134329,True,-0.0795,True
691594,Javier Sanoja,MIA,NYM,0,7.0,1,804267,Zac Thornton,L,823594,4:10 PM ET,Citi Field,1,0,0.25318761384335153,2026-08-01,823594,0.0,1,96.9,97.2,97.5,R,3,3,1,0,0,0,0,0,0,0,1,3,0,2,1,1,1,0.19133333333333333,0.33433333333333337,1,0,1,0,0,0,0.22448979591836735,0.2549019607843137,0.9591836734693877,0.0392156862745098,0.23404255319148937,0.08163265306122448,0.0,0.0784313725490196,0.08163265306122448,1.0,0.13333333333333333,0.2765957446808511,0.2127659574468085,0.3829787234042553,0.2765957446808511,0.0,0.21592857142857144,0.28224404761904764,0.2,0.08333333333333333,0.20479166666666662,0.33099999999999996,0.36538461538461536,0.6153846153846154,0.0,0.21153846153846154,0.28846153846153844,0.1346153846153846,0.735632183908046,0.16455696202531644,0.2625,0.0875,0.375,0.390625,0.046875,,,,,0.5698115973010162,0.2876695489440588,0.5698115973010162,1.0,"{""bet365"": {""1.5"": {""over"": 160, ""under"": -220}, ""0.5"": {""over"": -220, ""under"": 160}}, ""betmgm"": {""1.5"": {""over"": 140, ""under"": -190}, ""0.5"": {""over"": -220, ""under"": 160}}, ""draftkings"": {""1.5"": {""over"": 143, ""under"": -191}, ""0.5"": {""over"": -204, ""under"": 152}}, ""fanduel"": {""0.5"": {""over"": -220}}}",1.5,over,bet365,160.0,0.38461538461538464,True,-0.0969,0.5,over,draftkings,-204.0,0.6710526315789473,True,-0.1012,True
669065,Kyle Stowers,MIA,NYM,0,6.0,1,804267,Zac Thornton,L,823594,4:10 PM ET,Citi Field,0,0,0.25318761384335153,2026-08-01,823594,0.0,1,96.9,97.2,97.5,L,4,4,2,1,0,1,0,0,0,0,6,4,0,1,2,0,1,0.41674999999999995,0.9760000000000001,1,1,1,1,0,0,0.2037037037037037,0.3064516129032258,0.5925925925925926,0.3548387096774194,0.27586206896551724,0.2222222222222222,0.04838709677419355,0.04838709677419355,0.1111111111111111,1.5333333333333334,1.4666666666666666,0.5625,0.15625,0.34375,0.4375,0.03125,0.3068095238095238,0.6433869047619049,0.29411764705882354,0.23809523809523808,0.3403333333333333,1.0053999999999998,0.23214285714285715,0.5,0.36507936507936506,0.16326530612244897,0.30612244897959184,0.30357142857142855,0.735632183908046,0.16455696202531644,0.2625,0.0875,0.375,0.390625,0.046875,,,,,0.5619627798155614,0.3526376948025837,0.5619627798155614,1.5333333333333334,"{""bet365"": {""1.5"": {""over"": 155, ""under"": -210}, ""0.5"": {""over"": -180, ""under"": 135}}, ""betmgm"": {""1.5"": {""over"": 135, ""under"": -185}, ""0.5"": {""over"": -190, ""under"": 140}}, ""draftkings"": {""1.5"": {""over"": 129, ""under"": -172}, ""0.5"": {""over"": -212, ""under"": 158}}, ""fanduel"": {""0.5"": {""over"": -180}}}",1.5,over,bet365,155.0,0.39215686274509803,True,-0.0395,0.5,over,bet365,-180.0,0.6428571428571429,True,-0.0809,True
677870,Leo Jiménez,MIA,NYM,0,5.0,1,804267,Zac Thornton,L,823594,4:10 PM ET,Citi Field,1,0,0.25318761384335153,2026-08-01,823594,0.0,1,96.9,97.2,97.5,R,1,1,0,0,0,0,0,0,0,0,0,1,0,1,0,0,1,0.523,0.69,0,0,0,0,0,0,0.2631578947368421,0.36363636363636365,0.868421052631579,0.1111111111111111,0.25806451612903225,0.21052631578947367,0.044444444444444446,0.044444444444444446,0.10526315789473684,1.2,0.3333333333333333,0.5454545454545454,0.30303030303030304,0.48484848484848486,0.18181818181818182,0.030303030303030304,0.29801190476190476,0.4782678571428572,0.2222222222222222,0.08333333333333333,0.2695416666666667,0.36670833333333336,0.16279069767441862,0.18604651162790697,0.26,0.19444444444444445,0.4166666666666667,0.17073170731707318,0.735632183908046,0.16455696202531644,0.2625,0.0875,0.375,0.390625,0.046875,,,,,0.5618622846475044,0.33415106931537136,0.5618622846475044,1.2,"{""betmgm"": {""0.5"": {""over"": -190, ""under"": 140}}, ""bet365"": {""1.5"": {""over"": 170, ""under"": -230}}}",1.5,over,bet365,170.0,0.37037037037037035,True,-0.0362,0.5,over,betmgm,-190.0,0.6551724137931034,True,-0.0933,False
689414,Liam Hicks,MIA,NYM,0,3.0,1,804267,Zac Thornton,L,823594,4:10 PM ET,Citi Field,0,0,0.25318761384335153,2026-08-01,823594,0.0,1,96.9,97.2,97.5,L,4,4,0,0,0,0,0,0,0,0,0,4,0,0,3,1,0,0.07875,0.10725,0,0,0,0,0,0,0.2692307692307692,0.3870967741935484,0.8461538461538461,0.12903225806451613,0.3023255813953488,0.057692307692307696,0.016129032258064516,0.0,0.019230769230769232,1.1333333333333333,0.5333333333333333,0.29545454545454547,0.22727272727272727,0.4318181818181818,0.22727272727272727,0.022727272727272728,0.2878611111111111,0.3945222222222222,0.35294117647058826,0.09523809523809523,0.29896666666666666,0.35566666666666646,0.3448275862068966,0.43103448275862066,0.109375,0.1509433962264151,0.20754716981132076,0.11475409836065574,0.735632183908046,0.16455696202531644,0.2625,0.0875,0.375,0.390625,0.046875,,,,,0.6363783350999447,0.41342407821927846,0.6363783350999447,1.1333333333333333,"{""betmgm"": {""0.5"": {""over"": -200, ""under"": 150}}, ""bet365"": {""1.5"": {""over"": 150, ""under"": -200}}, ""draftkings"": {""1.5"": {""over"": 139, ""under"": -186}}}",1.5,over,bet365,150.0,0.4,True,0.0134,0.5,over,betmgm,-200.0,0.6666666666666666,True,-0.0303,False
672640,Otto Lopez,MIA,NYM,0,1.0,1,804267,Zac Thornton,L,823594,4:10 PM ET,Citi Field,1,0,0.25318761384335153,2026-08-01,823594,0.0,1,96.9,97.2,97.5,R,5,4,0,0,0,0,0,0,0,0,0,4,0,2,1,1,2,0.38049999999999995,0.8822500000000001,0,0,0,0,0,0,0.2033898305084746,0.26865671641791045,0.8135593220338984,0.16417910447761194,0.24,0.0847457627118644,0.0,0.014925373134328358,0.05084745762711865,1.1333333333333333,0.7333333333333333,0.32,0.22,0.58,0.12,0.02,0.24685777777777773,0.3016666666666667,0.22727272727272727,0.13636363636363635,0.28622333333333333,0.3490833333333333,0.2833333333333333,0.45,0.1044776119402985,0.4,0.5833333333333334,0.125,0.735632183908046,0.16455696202531644,0.2625,0.0875,0.375,0.390625,0.046875,,,,,0.6319043462973944,0.4098469031888816,0.6319043462973944,1.1333333333333333,"{""bet365"": {""1.5"": {""over"": 100, ""under"": -135}}, ""betmgm"": {""1.5"": {""over"": 100, ""under"": -135}}, ""draftkings"": {""1.5"": {""over"": -103, ""under"": -129}}, ""fanduel"": {""1.5"": {""over"": -130}, ""0.5"": {""over"": -360}}}",1.5,over,betmgm,100.0,0.5,True,-0.0902,0.5,over,fanduel,-360.0,0.782608695652174,True,-0.1507,True
669364,Xavier Edwards,MIA,NYM,0,4.0,1,804267,Zac Thornton,L,823594,4:10 PM ET,Citi Field,0,0,0.25318761384335153,2026-08-01,823594,0.0,1,96.9,97.2,97.5,L,4,4,1,0,0,0,0,0,0,1,1,3,0,0,3,0,0,0.05733333333333334,0.07633333333333332,1,0,1,0,1,0,0.27586206896551724,0.34375,0.7931034482758621,0.18181818181818182,0.34782608695652173,0.034482758620689655,0.0,0.030303030303030304,0.034482758620689655,0.6,0.4,0.25,0.2916666666666667,0.5,0.16666666666666666,0.0,0.37155952380952384,0.4599761904761905,0.375,0.08333333333333333,0.4588749999999999,0.5384999999999998,0.2545454545454545,0.2909090909090909,0.20588235294117646,0.2222222222222222,0.35185185185185186,0.17857142857142858,0.735632183908046,0.16455696202531644,0.2625,0.0875,0.375,0.390625,0.046875,,,,,0.5266591405915629,0.26848506017238005,0.5266591405915629,0.6,"{""bet365"": {""1.5"": {""over"": 150, ""under"": -200}, ""0.5"": {""over"": -260, ""under"": 190}}, ""betmgm"": {""1.5"": {""over"": 150, ""under"": -200}, ""0.5"": {""over"": -225, ""under"": 165}}, ""draftkings"": {""1.5"": {""over"": 144, ""under"": -193}, ""0.5"": {""over"": -251, ""under"": 185}}, ""fanduel"": {""0.5"": {""over"": -250}}}",1.5,over,betmgm,150.0,0.4,True,-0.1315,0.5,over,betmgm,-225.0,0.6923076923076923,True,-0.1656,True
682829,Elly De La Cruz,CIN,PIT,1,1.0,1,677952,Braxton Ashcraft,R,824485,6:40 PM ET,Great American Ball Park,0,1,0.25448028673835127,2026-08-01,824485,0.0,0,97.3,101.4,113.2,L,5,3,1,0,1,0,2,0,0,1,3,2,0,2,1,0,1,0.1925,0.4,1,0,1,1,1,0,0.2558139534883721,0.37254901960784315,0.7209302325581395,0.23529411764705882,0.3103448275862069,0.20930232558139536,0.0392156862745098,0.058823529411764705,0.11627906976744186,1.3333333333333333,0.8,0.5483870967741935,0.3548387096774194,0.45161290322580644,0.1935483870967742,0.03225806451612903,0.36883928571428565,0.5889166666666666,0.4444444444444444,0.09090909090909091,0.2593000000000001,0.3982000000000003,0.29310344827586204,0.5517241379310345,0.2028985507246377,0.3387096774193548,0.6290322580645161,0.2608695652173913,0.6595744680851063,0.24154589371980675,0.4608294930875576,0.18433179723502305,0.3935483870967742,0.2645161290322581,0.01935483870967742,8.597765363128492,1.2067039106145252,10.709497206703912,0.2862903225806452,0.5771951841490038,0.3578643759827515,0.5771951841490038,1.3333333333333333,"{""novig"": {""1.5"": {""over"": 122}, ""0.5"": {""over"": -239, ""under"": 217}}, ""bet365"": {""1.5"": {""over"": 110, ""under"": -150}, ""0.5"": {""over"": -230, ""under"": 170}}, ""betmgm"": {""1.5"": {""over"": 105, ""under"": -140}, ""0.5"": {""over"": -235, ""under"": 175}}, ""pinnacle"": {""1.5"": {""over"": 115, ""under"": -152}}, ""draftkings"": {""1.5"": {""over"": 120, ""under"": -160}, ""0.5"": {""over"": -215, ""under"": 160}}, ""fanduel"": {""1.5"": {""over"": -100}, ""0.5"": {""over"": -154}}}",1.5,over,novig,122.0,0.45045045045045046,True,-0.0926,0.5,over,fanduel,-154.0,0.6062992125984252,True,-0.0291,True
553993,Eugenio Suárez,CIN,PIT,1,6.0,1,677952,Braxton Ashcraft,R,824485,6:40 PM ET,Great American Ball Park,1,1,0.25448028673835127,2026-08-01,824485,0.0,0,97.3,101.4,113.2,R,4,3,0,0,0,0,1,0,0,2,0,1,0,1,1,0,0,0.103,0.39,0,0,0,0,1,1,0.19642857142857142,0.26229508196721313,0.5178571428571429,0.4426229508196721,0.25,0.2857142857142857,0.08196721311475409,0.01639344262295082,0.10714285714285714,1.8,1.8,0.5517241379310345,0.20689655172413793,0.3103448275862069,0.41379310344827586,0.034482758620689655,0.4252692307692308,0.9607692307692308,0.05263157894736842,0.5238095238095238,0.2771666666666665,0.3412916666666669,0.19642857142857142,0.48214285714285715,0.3709677419354839,0.2222222222222222,0.37037037037037035,0.4067796610169492,0.6595744680851063,0.24154589371980675,0.4608294930875576,0.18433179723502305,0.3935483870967742,0.2645161290322581,0.01935483870967742,8.597765363128492,1.2067039106145252,10.709497206703912,0.2862903225806452,0.5847874545397194,0.3533839384480737,0.5847874545397194,1.8,"{""novig"": {""1.5"": {""over"": 170}}, ""betmgm"": {""0.5"": {""over"": -150, ""under"": 110}}, ""pinnacle"": {""0.5"": {""over"": -157, ""under"": 118}}}",1.5,over,novig,170.0,0.37037037037037035,True,-0.017,0.5,over,betmgm,-150.0,0.6,True,-0.0152,False
668709,JJ Bleday,CIN,PIT,1,3.0,1,677952,Braxton Ashcraft,R,824485,6:40 PM ET,Great American Ball Park,0,1,0.25448028673835127,2026-08-01,824485,0.0,0,97.3,101.4,113.2,L,5,3,1,0,0,1,2,0,0,1,4,2,0,1,1,1,0,0.40549999999999997,1.331,1,0,1,1,1,0,0.17307692307692307,0.2833333333333333,0.6730769230769231,0.2833333333333333,0.1875,0.17307692307692307,0.05,0.0,0.057692307692307696,1.2,1.1333333333333333,0.37142857142857144,0.22857142857142856,0.2,0.5142857142857142,0.02857142857142857,0.32748809523809524,0.6514999999999999,0.0625,0.3157894736842105,0.2510625,0.7003124999999999,0.17307692307692307,0.34615384615384615,0.23728813559322035,0.3157894736842105,0.6140350877192983,0.18461538461538463,0.6595744680851063,0.24154589371980675,0.4608294930875576,0.18433179723502305,0.3935483870967742,0.2645161290322581,0.01935483870967742,8.597765363128492,1.2067039106145252,10.709497206703912,0.2862903225806452,0.5491835452854898,0.33638825754930735,0.5491835452854898,1.2,"{""novig"": {""1.5"": {""over"": 130}}, ""betmgm"": {""0.5"": {""over"": -165, ""under"": 125}}, ""bet365"": {""1.5"": {""over"": 135, ""under"": -180}}, ""pinnacle"": {""0.5"": {""over"": -177, ""under"": 132}}, ""draftkings"": {""1.5"": {""over"": 130, ""under"": -180}}, ""fanduel"": {""1.5"": {""over"": 125}}}",1.5,over,bet365,135.0,0.425531914893617,True,-0.0891,0.5,over,betmgm,-165.0,0.6226415094339622,True,-0.0735,False
624431,Jose Trevino,CIN,PIT,1,7.0,1,677952,Braxton Ashcraft,R,824485,6:40 PM ET,Great American Ball Park,1,1,0.25448028673835127,2026-08-01,824485,0.0,0,97.3,101.4,113.2,R,3,3,0,0,0,0,0,0,0,1,0,2,0,1,1,1,0,0.08650000000000001,0.122,0,0,0,0,1,0,0.32,0.32,0.82,0.17647058823529413,0.34210526315789475,0.22,0.058823529411764705,0.0392156862745098,0.1,1.8,0.6,0.3333333333333333,0.16666666666666666,0.5714285714285714,0.21428571428571427,0.023809523809523808,0.2978722222222222,0.40217888888888886,0.2222222222222222,0.3333333333333333,0.14173333333333332,0.2494333333333333,0.3137254901960784,0.5294117647058824,0.17307692307692307,0.14583333333333334,0.16666666666666666,0.09803921568627451,0.6595744680851063,0.24154589371980675,0.4608294930875576,0.18433179723502305,0.3935483870967742,0.2645161290322581,0.01935483870967742,8.597765363128492,1.2067039106145252,10.709497206703912,0.2862903225806452,0.6322122357193098,0.36080352808220484,0.6322122357193098,1.8,"{""novig"": {""1.5"": {""over"": 203}}, ""betmgm"": {""0.5"": {""over"": -160, ""under"": 120}}, ""bet365"": {""1.5"": {""over"": 200, ""under"": -275}}, ""pinnacle"": {""0.5"": {""over"": -157, ""under"": 118}}, ""fanduel"": {""1.5"": {""over"": 230}}}",1.5,over,fanduel,230.0,0.30303030303030304,True,0.0578,0.5,over,pinnacle,-157.0,0.6108949416342413,True,0.0213,False
680574,Matt McLain,CIN,PIT,1,9.0,1,677952,Braxton Ashcraft,R,824485,6:40 PM ET,Great American Ball Park,1,1,0.25448028673835127,2026-08-01,824485,0.0,0,97.3,101.4,113.2,R,4,4,1,0,0,0,0,0,0,1,1,3,0,0,1,1,1,0.39833333333333326,0.447,1,0,1,0,1,0,0.0975609756097561,0.1590909090909091,0.4878048780487805,0.4666666666666667,0.2,0.024390243902439025,0.0,0.022222222222222223,0.024390243902439025,0.3333333333333333,1.4,0.2857142857142857,0.3333333333333333,0.3333333333333333,0.23809523809523808,0.0,0.3232179487179487,0.40282051282051284,0.08333333333333333,0.46153846153846156,0.249,0.2848750000000001,0.1111111111111111,0.15555555555555556,0.4074074074074074,0.13636363636363635,0.29545454545454547,0.2653061224489796,0.6595744680851063,0.24154589371980675,0.4608294930875576,0.18433179723502305,0.3935483870967742,0.2645161290322581,0.01935483870967742,8.597765363128492,1.2067039106145252,10.709497206703912,0.2862903225806452,0.46899098863218275,0.19070136713776253,0.46899098863218275,0.3333333333333333,"{""novig"": {""1.5"": {""over"": 203}}, ""betmgm"": {""0.5"": {""over"": -125, ""under"": -105}}, ""bet365"": {""1.5"": {""over"": 240, ""under"": -340}}, ""pinnacle"": {""0.5"": {""over"": -121, ""under"": -109}}}",1.5,over,bet365,240.0,0.29411764705882354,True,-0.1034,0.5,over,pinnacle,-121.0,0.5475113122171946,True,-0.0785,False
663993,Nathaniel Lowe,CIN,PIT,1,4.0,1,677952,Braxton Ashcraft,R,824485,6:40 PM ET,Great American Ball Park,0,1,0.25448028673835127,2026-08-01,824485,0.0,0,97.3,101.4,113.2,L,5,5,2,0,0,0,0,0,0,2,2,3,0,3,0,2,1,0.5876666666666667,0.7133333333333334,1,1,1,1,1,1,0.2631578947368421,0.288135593220339,0.7192982456140351,0.26666666666666666,0.3157894736842105,0.21052631578947367,0.05,0.05,0.10526315789473684,1.8,1.0666666666666667,0.3902439024390244,0.2682926829268293,0.34146341463414637,0.34146341463414637,0.04878048780487805,0.3464595238095239,0.5390833333333332,0.35294117647058826,0.16666666666666666,0.43744166666666645,0.5317083333333332,0.25925925925925924,0.46296296296296297,0.2857142857142857,0.22727272727272727,0.4772727272727273,0.14583333333333334,0.6595744680851063,0.24154589371980675,0.4608294930875576,0.18433179723502305,0.3935483870967742,0.2645161290322581,0.01935483870967742,8.597765363128492,1.2067039106145252,10.709497206703912,0.2862903225806452,0.6383280659871194,0.399100931671849,0.6383280659871194,1.8,"{""novig"": {""1.5"": {""over"": 144}}, ""betmgm"": {""0.5"": {""over"": -160, ""under"": 120}}, ""bet365"": {""1.5"": {""over"": 140, ""under"": -190}}, ""pinnacle"": {""1.5"": {""over"": 142, ""under"": -191}}}",1.5,over,novig,144.0,0.4098360655737705,True,-0.0107,0.5,over,betmgm,-160.0,0.6153846153846154,True,0.0229,False
682622,Noelvi Marte,CIN,PIT,1,5.0,1,677952,Braxton Ashcraft,R,824485,6:40 PM ET,Great American Ball Park,1,1,0.25448028673835127,2026-08-01,824485,0.0,0,97.3,101.4,113.2,R,4,4,3,1,0,0,0,0,0,1,4,3,0,3,0,3,0,0.409,0.44300000000000006,1,1,1,1,1,0,0.1568627450980392,0.17307692307692307,0.7450980392156863,0.25,0.1891891891891892,0.09803921568627451,0.019230769230769232,0.038461538461538464,0.058823529411764705,0.8666666666666667,0.8666666666666667,0.23684210526315788,0.15789473684210525,0.5,0.2631578947368421,0.02631578947368421,0.21480128205128204,0.3054551282051282,0.15789473684210525,0.2631578947368421,0.32595,0.5112000000000002,0.1320754716981132,0.22641509433962265,0.25,0.19047619047619047,0.3333333333333333,0.25,0.6595744680851063,0.24154589371980675,0.4608294930875576,0.18433179723502305,0.3935483870967742,0.2645161290322581,0.01935483870967742,8.597765363128492,1.2067039106145252,10.709497206703912,0.2862903225806452,0.6288831942537966,0.3362237073919665,0.6288831942537966,0.8666666666666667,"{""novig"": {""1.5"": {""over"": 153, ""under"": -223}, ""0.5"": {""over"": -190, ""under"": 160}}, ""bet365"": {""1.5"": {""over"": 150, ""under"": -200}, ""0.5"": {""over"": -225, ""under"": 165}}, ""betmgm"": {""1.5"": {""over"": 135, ""under"": -185}, ""0.5"": {""over"": -210, ""under"": 155}}, ""pinnacle"": {""1.5"": {""over"": 153, ""under"": -207}}, ""fanduel"": {""1.5"": {""over"": 160}, ""0.5"": {""over"": -185}}, ""draftkings"": {""0.5"": {""over"": -203, ""under"": 151}}}",1.5,over,fanduel,160.0,0.38461538461538464,True,-0.0484,0.5,over,fanduel,-185.0,0.6491228070175439,True,-0.0202,True
701398,Sal Stewart,CIN,PIT,1,2.0,1,677952,Braxton Ashcraft,R,824485,6:40 PM ET,Great American Ball Park,1,1,0.25448028673835127,2026-08-01,824485,0.0,0,97.3,101.4,113.2,R,5,5,2,0,0,1,0,0,0,0,5,5,1,3,2,2,1,0.48360000000000003,1.0,1,1,1,1,0,0,0.23214285714285715,0.296875,0.6964285714285714,0.265625,0.2631578947368421,0.19642857142857142,0.046875,0.03125,0.08928571428571429,1.6,1.1333333333333333,0.2926829268292683,0.21951219512195122,0.43902439024390244,0.3170731707317073,0.04878048780487805,0.3278214285714286,0.5440416666666666,0.3333333333333333,0.42105263157894735,0.518125,0.7187916666666668,0.24561403508771928,0.5263157894736842,0.2698412698412698,0.2037037037037037,0.35185185185185186,0.265625,0.6595744680851063,0.24154589371980675,0.4608294930875576,0.18433179723502305,0.3935483870967742,0.2645161290322581,0.01935483870967742,8.597765363128492,1.2067039106145252,10.709497206703912,0.2862903225806452,0.6455395517520488,0.4162035678528016,0.6455395517520488,1.6,"{""novig"": {""1.5"": {""over"": 130, ""under"": -174}}, ""bet365"": {""1.5"": {""over"": 115, ""under"": -155}, ""0.5"": {""over"": -275, ""under"": 200}}, ""betmgm"": {""1.5"": {""over"": 115, ""under"": -155}, ""0.5"": {""over"": -235, ""under"": 175}}, ""pinnacle"": {""1.5"": {""over"": 126, ""under"": -169}}, ""draftkings"": {""1.5"": {""over"": 137, ""under"": -183}, ""0.5"": {""over"": -225, ""under"": 165}}, ""fanduel"": {""0.5"": {""over"": -154}}}",1.5,over,draftkings,137.0,0.4219409282700422,True,-0.0057,0.5,over,fanduel,-154.0,0.6062992125984252,True,0.0392,True
670770,TJ Friedl,CIN,PIT,1,8.0,1,677952,Braxton Ashcraft,R,824485,6:40 PM ET,Great American Ball Park,0,1,0.25448028673835127,2026-08-01,824485,0.0,0,97.3,101.4,113.2,L,4,4,0,0,0,0,0,0,0,0,0,4,0,1,2,0,0,0.00975,0.013500000000000002,0,0,0,0,0,0,0.15384615384615385,0.2826086956521739,0.6923076923076923,0.2553191489361702,0.19230769230769232,0.1282051282051282,0.02127659574468085,0.0,0.05128205128205128,0.7333333333333333,0.8,0.21428571428571427,0.14285714285714285,0.32142857142857145,0.35714285714285715,0.0,0.15345833333333334,0.23358333333333334,0.14285714285714285,0.1111111111111111,0.12669999999999998,0.16336666666666644,0.15789473684210525,0.2894736842105263,0.2222222222222222,0.15384615384615385,0.25,0.24193548387096775,0.6595744680851063,0.24154589371980675,0.4608294930875576,0.18433179723502305,0.3935483870967742,0.2645161290322581,0.01935483870967742,8.597765363128492,1.2067039106145252,10.709497206703912,0.2862903225806452,0.527962148997782,0.29910869555606373,0.527962148997782,0.7333333333333333,"{""novig"": {""1.5"": {""over"": 233}}, ""betmgm"": {""0.5"": {""over"": -120, ""under"": -110}}, ""bet365"": {""1.5"": {""over"": 250, ""under"": -350}}, ""pinnacle"": {""0.5"": {""over"": -119, ""under"": -111}}}",1.5,over,bet365,250.0,0.2857142857142857,True,0.0134,0.5,over,pinnacle,-119.0,0.54337899543379,True,-0.0154,False
664040,Brandon Lowe,PIT,CIN,0,2.0,1,671096,Andrew Abbott,L,824485,6:40 PM ET,Great American Ball Park,0,0,0.25874125874125875,2026-08-01,824485,0.0,0,97.3,101.4,113.2,L,5,5,3,1,0,0,0,0,0,2,4,3,0,2,1,1,1,0.5926666666666667,0.8236666666666667,1,1,1,1,1,1,0.2833333333333333,0.3230769230769231,0.6333333333333333,0.3333333333333333,0.40540540540540543,0.16666666666666666,0.030303030303030304,0.06060606060606061,0.1,1.8,1.4666666666666666,0.41025641025641024,0.3333333333333333,0.28205128205128205,0.3333333333333333,0.0,0.3583444444444444,0.5696977777777777,0.45454545454545453,0.2608695652173913,0.39820000000000005,0.6992266666666666,0.3333333333333333,0.5151515151515151,0.2777777777777778,0.18181818181818182,0.2909090909090909,0.3548387096774194,0.6709401709401709,0.19696969696969696,0.4057971014492754,0.17391304347826086,0.42038216560509556,0.2929936305732484,0.03821656050955414,7.737804878048779,1.8109756097560974,7.902439024390243,0.20425531914893616,0.6558579678440783,0.43547575010791534,0.6558579678440783,1.8,"{""novig"": {""1.5"": {""over"": 130, ""under"": -163}, ""0.5"": {""over"": -190, ""under"": 160}}, ""bet365"": {""1.5"": {""over"": 135, ""under"": -175}, ""0.5"": {""over"": -190, ""under"": 140}}, ""betmgm"": {""1.5"": {""over"": 120, ""under"": -160}, ""0.5"": {""over"": -200, ""under"": 145}}, ""pinnacle"": {""1.5"": {""over"": 132, ""under"": -177}}, ""draftkings"": {""1.5"": {""over"": 130, ""under"": -174}, ""0.5"": {""over"": -120, ""under"": -110}}, ""fanduel"": {""0.5"": {""over"": -195}}}",1.5,over,bet365,135.0,0.425531914893617,True,0.0099,0.5,over,draftkings,-120.0,0.5454545454545454,True,0.1104,True
668804,Bryan Reynolds,PIT,CIN,0,3.0,1,671096,Andrew Abbott,L,824485,6:40 PM ET,Great American Ball Park,1,0,0.25874125874125875,2026-08-01,824485,0.0,0,97.3,101.4,113.2,R,1,1,0,0,0,0,0,0,0,1,0,0,0,0,0,0,0,0.486,0.5325,0,0,0,0,1,0,0.14893617021276595,0.21568627450980393,0.6382978723404256,0.3333333333333333,0.20689655172413793,0.10638297872340426,0.0196078431372549,0.0392156862745098,0.06382978723404255,0.8,1.1333333333333333,0.4,0.2,0.4,0.3333333333333333,0.0,0.2822261904761905,0.5129880952380953,0.2631578947368421,0.22727272727272727,0.2775333333333335,0.41459999999999975,0.22950819672131148,0.4918032786885246,0.30434782608695654,0.21052631578947367,0.3684210526315789,0.31746031746031744,0.6709401709401709,0.19696969696969696,0.4057971014492754,0.17391304347826086,0.42038216560509556,0.2929936305732484,0.03821656050955414,7.737804878048779,1.8109756097560974,7.902439024390243,0.20425531914893616,0.5999274548475074,0.3771394772146955,0.5999274548475074,0.8,"{""novig"": {""1.5"": {""over"": 130, ""under"": -163}, ""0.5"": {""over"": -203, ""under"": 174}}, ""bet365"": {""1.5"": {""over"": 130, ""under"": -170}, ""0.5"": {""over"": -250, ""under"": 185}}, ""betmgm"": {""1.5"": {""over"": 125, ""under"": -165}, ""0.5"": {""over"": -225, ""under"": 165}}, ""pinnacle"": {""1.5"": {""over"": 140, ""under"": -189}}, ""draftkings"": {""1.5"": {""over"": 128, ""under"": -171}, ""0.5"": {""over"": -140, ""under"": 100}}, ""fanduel"": {""1.5"": {""over"": 110}, ""0.5"": {""over"": -166}}}",1.5,over,pinnacle,140.0,0.4166666666666667,True,-0.0395,0.5,over,draftkings,-140.0,0.5833333333333334,True,0.0166,True
699013,Esmerlyn Valdez,PIT,CIN,0,4.0,1,671096,Andrew Abbott,L,824485,6:40 PM ET,Great American Ball Park,1,0,0.25874125874125875,2026-08-01,824485,0.0,0,97.3,101.4,113.2,R,5,3,0,0,0,0,1,0,1,1,0,3,0,1,3,0,0,0.066,0.1935,0,0,0,0,1,0,0.2549019607843137,0.3968253968253968,0.5882352941176471,0.3333333333333333,0.2916666666666667,0.43137254901960786,0.09523809523809523,0.06349206349206349,0.19607843137254902,2.3333333333333335,1.4,0.5,0.2,0.26666666666666666,0.4666666666666667,0.1,0.42254761904761906,1.0275178571428571,0.23529411764705882,0.15,0.33766666666666667,0.7126166666666667,0.2833333333333333,0.6166666666666667,0.34328358208955223,0.29545454545454547,0.7727272727272727,0.35185185185185186,0.6709401709401709,0.19696969696969696,0.4057971014492754,0.17391304347826086,0.42038216560509556,0.2929936305732484,0.03821656050955414,7.737804878048779,1.8109756097560974,7.902439024390243,0.20425531914893616,0.6182145213977782,0.356968500543573,0.6182145213977782,2.3333333333333335,"{""novig"": {""1.5"": {""over"": 135, ""under"": -160}, ""0.5"": {""over"": -190, ""under"": 138}}, ""bet365"": {""1.5"": {""over"": 125, ""under"": -165}, ""0.5"": {""over"": -200, ""under"": 150}}, ""betmgm"": {""1.5"": {""over"": 120, ""under"": -160}, ""0.5"": {""over"": -190, ""under"": 140}}, ""pinnacle"": {""1.5"": {""over"": 126, ""under"": -168}}, ""draftkings"": {""1.5"": {""over"": 119, ""under"": -158}, ""0.5"": {""over"": -125, ""under"": -110}}, ""fanduel"": {""0.5"": {""over"": -138}}}",1.5,over,novig,135.0,0.425531914893617,True,-0.0686,0.5,over,draftkings,-125.0,0.5555555555555556,True,0.0627,True
680779,Henry Davis,PIT,CIN,0,9.0,1,671096,Andrew Abbott,L,824485,6:40 PM ET,Great American Ball Park,1,0,0.25874125874125875,2026-08-01,824485,0.0,0,97.3,101.4,113.2,R,4,4,1,0,0,0,0,0,0,0,1,4,0,1,2,1,0,0.2825,0.31825,1,0,1,0,0,0,0.25,0.35294117647058826,0.7272727272727273,0.23529411764705882,0.3,0.13636363636363635,0.0392156862745098,0.0,0.045454545454545456,1.1333333333333333,0.8,0.4375,0.25,0.3125,0.28125,0.0,0.28034523809523815,0.4120357142857142,0.23076923076923078,0.26666666666666666,0.21824999999999994,0.38070833333333326,0.21428571428571427,0.40476190476190477,0.24489795918367346,0.16279069767441862,0.23255813953488372,0.14893617021276595,0.6709401709401709,0.19696969696969696,0.4057971014492754,0.17391304347826086,0.42038216560509556,0.2929936305732484,0.03821656050955414,7.737804878048779,1.8109756097560974,7.902439024390243,0.20425531914893616,0.4741321920641346,0.24445065563624133,0.4741321920641346,1.1333333333333333,"{""novig"": {""1.5"": {""over"": 167}}, ""bet365"": {""1.5"": {""over"": 165, ""under"": -225}}, ""pinnacle"": {""0.5"": {""over"": -138, ""under"": 104}}}",1.5,over,novig,167.0,0.37453183520599254,True,-0.1301,0.5,over,pinnacle,-138.0,0.5798319327731093,True,-0.1057,False
663968,Jake Mangum,PIT,CIN,0,1.0,1,671096,Andrew Abbott,L,824485,6:40 PM ET,Great American Ball Park,0,0,0.25874125874125875,2026-08-01,824485,0.0,0,97.3,101.4,113.2,L,4,4,2,0,0,1,0,0,0,1,5,3,0,3,1,1,1,0.2833333333333333,0.621,1,1,1,1,1,0,0.3023255813953488,0.3181818181818182,0.7674418604651163,0.22727272727272727,0.3939393939393939,0.023255813953488372,0.0,0.022727272727272728,0.023255813953488372,0.9333333333333333,0.6666666666666666,0.09090909090909091,0.36363636363636365,0.45454545454545453,0.18181818181818182,0.0,0.3491388888888889,0.4219291666666667,0.2631578947368421,0.25,0.3393333333333334,0.4429333333333335,0.296875,0.390625,0.15942028985507245,0.3018867924528302,0.37735849056603776,0.21428571428571427,0.6709401709401709,0.19696969696969696,0.4057971014492754,0.17391304347826086,0.42038216560509556,0.2929936305732484,0.03821656050955414,7.737804878048779,1.8109756097560974,7.902439024390243,0.20425531914893616,0.61168956796418,0.3702288019912255,0.61168956796418,0.9333333333333333,"{""novig"": {""1.5"": {""over"": 130, ""under"": -178}, ""0.5"": {""over"": -292, ""under"": 212}}, ""bet365"": {""1.5"": {""over"": 120, ""under"": -160}}, ""betmgm"": {""1.5"": {""over"": 120, ""under"": -160}}, ""pinnacle"": {""1.5"": {""over"": 120, ""under"": -160}}, ""draftkings"": {""1.5"": {""over"": -175, ""under"": 130}, ""0.5"": {""over"": -248, ""under"": 183}}, ""fanduel"": {""0.5"": {""over"": -260}}}",1.5,over,novig,130.0,0.43478260869565216,True,-0.0646,0.5,over,draftkings,-248.0,0.7126436781609196,True,-0.101,True
669707,Jared Triolo,PIT,CIN,0,7.0,1,671096,Andrew Abbott,L,824485,6:40 PM ET,Great American Ball Park,1,0,0.25874125874125875,2026-08-01,824485,0.0,0,97.3,101.4,113.2,R,1,1,0,0,0,0,0,0,0,1,0,0,0,0,0,0,0,0.011,0.018,0,0,0,0,1,0,0.27906976744186046,0.3404255319148936,0.8372093023255814,0.14583333333333334,0.3333333333333333,0.046511627906976744,0.0,0.041666666666666664,0.046511627906976744,0.9333333333333333,0.4666666666666667,0.3888888888888889,0.2777777777777778,0.5277777777777778,0.16666666666666666,0.027777777777777776,0.3161955555555556,0.4237888888888889,0.18181818181818182,0.15384615384615385,0.23613333333333336,0.30226666666666663,0.24489795918367346,0.3877551020408163,0.125,0.30434782608695654,0.391304347826087,0.20408163265306123,0.6709401709401709,0.19696969696969696,0.4057971014492754,0.17391304347826086,0.42038216560509556,0.2929936305732484,0.03821656050955414,7.737804878048779,1.8109756097560974,7.902439024390243,0.20425531914893616,0.6084297072886028,0.3619873213387015,0.6084297072886028,0.9333333333333333,"{""novig"": {""1.5"": {""over"": 174}}, ""betmgm"": {""0.5"": {""over"": -175, ""under"": 130}}, ""pinnacle"": {""0.5"": {""over"": -165, ""under"": 123}}}",1.5,over,novig,174.0,0.36496350364963503,True,-0.003,0.5,over,pinnacle,-165.0,0.6226415094339622,True,-0.0142,False
542303,Marcell Ozuna,PIT,CIN,0,6.0,1,671096,Andrew Abbott,L,824485,6:40 PM ET,Great American Ball Park,1,0,0.25874125874125875,2026-08-01,824485,0.0,0,97.3,101.4,113.2,R,3,3,0,0,0,0,0,0,0,0,0,3,0,0,0,1,0,0.020666666666666667,0.022333333333333334,0,0,0,0,0,0,0.22916666666666666,0.3392857142857143,0.6458333333333334,0.30357142857142855,0.3103448275862069,0.14583333333333334,0.03571428571428571,0.017857142857142856,0.0625,1.2,1.1333333333333333,0.3548387096774194,0.22580645161290322,0.4838709677419355,0.25806451612903225,0.03225806451612903,0.3346785714285714,0.524,0.15384615384615385,0.13333333333333333,0.23741666666666666,0.2799999999999998,0.23529411764705882,0.4117647058823529,0.3728813559322034,0.19230769230769232,0.28846153846153844,0.2807017543859649,0.6709401709401709,0.19696969696969696,0.4057971014492754,0.17391304347826086,0.42038216560509556,0.2929936305732484,0.03821656050955414,7.737804878048779,1.8109756097560974,7.902439024390243,0.20425531914893616,0.6238219514524835,0.3685669732680919,0.6238219514524835,1.2,"{""novig"": {""1.5"": {""over"": 138}}, ""betmgm"": {""0.5"": {""over"": -160, ""under"": 120}}, ""bet365"": {""1.5"": {""over"": 185, ""under"": -250}}, ""pinnacle"": {""0.5"": {""over"": -155, ""under"": 117}}}",1.5,over,bet365,185.0,0.3508771929824561,True,0.0177,0.5,over,pinnacle,-155.0,0.6078431372549019,True,0.016,False
693304,Nick Gonzales,PIT,CIN,0,5.0,1,671096,Andrew Abbott,L,824485,6:40 PM ET,Great American Ball Park,1,0,0.25874125874125875,2026-08-01,824485,0.0,0,97.3,101.4,113.2,R,5,4,2,0,0,0,0,1,0,0,2,4,0,3,1,1,2,0.53725,0.8025,1,1,1,1,0,0,0.36923076923076925,0.3787878787878788,0.8307692307692308,0.16666666666666666,0.4230769230769231,0.16923076923076924,0.030303030303030304,0.07575757575757576,0.1076923076923077,2.3333333333333335,0.7333333333333333,0.3148148148148148,0.2777777777777778,0.46296296296296297,0.24074074074074073,0.037037037037037035,0.33158666666666664,0.5041944444444444,0.4090909090909091,0.09090909090909091,0.38346,0.5673199999999999,0.43333333333333335,0.65,0.13432835820895522,0.23809523809523808,0.3333333333333333,0.20634920634920634,0.6709401709401709,0.19696969696969696,0.4057971014492754,0.17391304347826086,0.42038216560509556,0.2929936305732484,0.03821656050955414,7.737804878048779,1.8109756097560974,7.902439024390243,0.20425531914893616,0.681269293241241,0.4008779653193801,0.681269293241241,2.3333333333333335,"{""novig"": {""1.5"": {""over"": 141, ""under"": -156}, ""0.5"": {""over"": -239, ""under"": 228}}, ""bet365"": {""1.5"": {""over"": 115, ""under"": -155}}, ""betmgm"": {""1.5"": {""over"": 120, ""under"": -160}, ""0.5"": {""over"": -250, ""under"": 180}}, ""pinnacle"": {""1.5"": {""over"": 129, ""under"": -172}}, ""draftkings"": {""1.5"": {""over"": 130, ""under"": -180}, ""0.5"": {""over"": -240, ""under"": 175}}, ""fanduel"": {""0.5"": {""over"": -270}}}",1.5,over,novig,141.0,0.4149377593360996,True,-0.0141,0.5,over,novig,-239.0,0.7050147492625368,True,-0.0237,True
804668,Rafael Flores Jr.,PIT,CIN,0,8.0,1,671096,Andrew Abbott,L,824485,6:40 PM ET,Great American Ball Park,1,0,0.25874125874125875,2026-08-01,824485,0.0,0,97.3,101.4,113.2,R,3,3,0,0,0,0,0,0,0,0,0,3,0,1,1,1,1,0.26666666666666666,0.5059999999999999,0,0,0,0,0,0,0.22580645161290322,0.3684210526315789,0.6774193548387096,0.2631578947368421,0.3,0.1935483870967742,0.02631578947368421,0.07894736842105263,0.12903225806451613,0.9285714285714286,0.7142857142857143,0.47619047619047616,0.09523809523809523,0.5238095238095238,0.38095238095238093,0.09523809523809523,0.4247222222222222,0.8192592592592594,0.3333333333333333,0.125,0.378,0.7480833333333334,0.2,0.2,0.25,0.2631578947368421,0.5789473684210527,0.2727272727272727,0.6709401709401709,0.19696969696969696,0.4057971014492754,0.17391304347826086,0.42038216560509556,0.2929936305732484,0.03821656050955414,7.737804878048779,1.8109756097560974,7.902439024390243,0.20425531914893616,0.5669516429927571,0.31295225125493725,0.5669516429927571,0.9285714285714286,"{""novig"": {""1.5"": {""over"": 135}}, ""bet365"": {""1.5"": {""over"": 190, ""under"": -260}}, ""pinnacle"": {""0.5"": {""over"": -140, ""under"": 106}}}",1.5,over,bet365,190.0,0.3448275862068966,True,-0.0319,0.5,over,pinnacle,-140.0,0.5833333333333334,True,-0.0164,False
687952,Christian Encarnacion-Strand,BAL,PHI,1,6.0,1,650911,Cristopher Sánchez,L,824808,7:05 PM ET,Camden Yards,1,0,0.24749163879598662,2026-08-01,824808,,0,102.7,105.0,101.5,R,1,1,1,1,0,0,0,0,0,0,2,1,0,1,0,0,1,0.517,1.018,1,0,1,1,0,0,0.2777777777777778,0.3157894736842105,0.7777777777777778,0.20689655172413793,0.2894736842105263,0.24074074074074073,0.06896551724137931,0.017241379310344827,0.09259259259259259,1.8666666666666667,0.8,0.3953488372093023,0.13953488372093023,0.37209302325581395,0.32558139534883723,0.06976744186046512,0.28867261904761904,0.6168011904761904,0.3333333333333333,0.13043478260869565,0.4218100000000001,0.86801,0.21153846153846154,0.34615384615384615,0.18181818181818182,0.2641509433962264,0.4716981132075472,0.30357142857142855,0.6968503937007874,0.2446351931330472,0.4256198347107438,0.15289256198347106,0.5706214689265536,0.1977401129943503,0.022598870056497175,8.169230769230769,1.1076923076923078,9.692307692307692,0.2692307692307692,0.6444426857865312,0.42484420844634324,0.6444426857865312,1.8666666666666667,"{""novig"": {""1.5"": {""over"": 163}, ""0.5"": {""over"": -167, ""under"": 130}}, ""bet365"": {""1.5"": {""over"": 150, ""under"": -200}, ""0.5"": {""over"": -225, ""under"": 165}}, ""betmgm"": {""1.5"": {""over"": 145, ""under"": -200}, ""0.5"": {""over"": -200, ""under"": 150}}, ""pinnacle"": {""1.5"": {""over"": 151, ""under"": -204}}, ""fanduel"": {""1.5"": {""over"": 160}, ""0.5"": {""over"": -180}}, ""draftkings"": {""0.5"": {""over"": -167, ""under"": 125}}}",1.5,over,novig,163.0,0.38022813688212925,True,0.0446,0.5,over,novig,-167.0,0.6254681647940075,True,0.019,True
691723,Coby Mayo,BAL,PHI,1,1.0,1,650911,Cristopher Sánchez,L,824808,7:05 PM ET,Camden Yards,1,0,0.24749163879598662,2026-08-01,824808,,0,102.7,105.0,101.5,R,3,3,0,0,0,0,0,0,0,2,0,1,0,1,0,0,1,0.389,0.729,0,0,0,0,1,1,0.2972972972972973,0.36585365853658536,0.6486486486486487,0.3170731707317073,0.35,0.40540540540540543,0.0975609756097561,0.024390243902439025,0.16216216216216217,1.7333333333333334,0.8666666666666667,0.5416666666666666,0.16666666666666666,0.2916666666666667,0.4583333333333333,0.08333333333333333,0.45439166666666664,1.235375,0.3333333333333333,0.2857142857142857,0.3716388888888888,0.9506388888888889,0.19148936170212766,0.3829787234042553,0.46938775510204084,0.23076923076923078,0.5641025641025641,0.3023255813953488,0.6968503937007874,0.2446351931330472,0.4256198347107438,0.15289256198347106,0.5706214689265536,0.1977401129943503,0.022598870056497175,8.169230769230769,1.1076923076923078,9.692307692307692,0.2692307692307692,0.521574977754729,0.384355826064063,0.521574977754729,1.7333333333333334,"{""novig"": {""1.5"": {""over"": 133, ""under"": -178}}, ""betmgm"": {""0.5"": {""over"": -185, ""under"": 135}}, ""bet365"": {""1.5"": {""over"": 150, ""under"": -200}}, ""pinnacle"": {""0.5"": {""over"": -185, ""under"": 138}}}",1.5,over,bet365,150.0,0.4,True,-0.0156,0.5,over,pinnacle,-185.0,0.6491228070175439,True,-0.1275,False
683002,Gunnar Henderson,BAL,PHI,1,3.0,1,650911,Cristopher Sánchez,L,824808,7:05 PM ET,Camden Yards,0,0,0.24749163879598662,2026-08-01,824808,,0,102.7,105.0,101.5,L,4,4,1,0,1,0,0,0,0,1,3,3,0,2,1,1,1,0.18633333333333332,0.29233333333333333,1,0,1,1,1,0,0.21875,0.2857142857142857,0.671875,0.29577464788732394,0.2926829268292683,0.171875,0.028169014084507043,0.04225352112676056,0.09375,1.6666666666666667,1.4,0.4418604651162791,0.20930232558139536,0.4418604651162791,0.3023255813953488,0.046511627906976744,0.33745555555555556,0.6106333333333333,0.13636363636363635,0.3333333333333333,0.40648333333333325,0.9614666666666667,0.19047619047619047,0.2698412698412698,0.2753623188405797,0.25806451612903225,0.5483870967741935,0.17391304347826086,0.6968503937007874,0.2446351931330472,0.4256198347107438,0.15289256198347106,0.5706214689265536,0.1977401129943503,0.022598870056497175,8.169230769230769,1.1076923076923078,9.692307692307692,0.2692307692307692,0.6505710536141264,0.4316494479691036,0.6505710536141264,1.6666666666666667,"{""novig"": {""1.5"": {""over"": 190, ""under"": -239}}, ""betmgm"": {""0.5"": {""over"": -200, ""under"": 150}}, ""bet365"": {""1.5"": {""over"": 210, ""under"": -300}}, ""pinnacle"": {""0.5"": {""over"": -176, ""under"": 131}}}",1.5,over,bet365,210.0,0.3225806451612903,True,0.1091,0.5,over,pinnacle,-176.0,0.6376811594202898,True,0.0129,False
702616,Jackson Holliday,BAL,PHI,1,8.0,1,650911,Cristopher Sánchez,L,824808,7:05 PM ET,Camden Yards,0,0,0.24749163879598662,2026-08-01,824808,,0,102.7,105.0,101.5,L,4,3,1,0,0,0,1,0,0,0,1,3,0,2,1,0,2,0.457,0.6456666666666666,1,0,1,0,0,0,0.3902439024390244,0.48,0.7804878048780488,0.18,0.48484848484848486,0.04878048780487805,0.0,0.04,0.04878048780487805,1.2,0.6,0.30303030303030304,0.21212121212121213,0.6363636363636364,0.12121212121212122,0.0,0.3414807692307692,0.3958653846153846,0.5882352941176471,0.1,0.45576666666666676,0.5299,0.4,0.45714285714285713,0.17391304347826086,0.21153846153846154,0.25,0.2698412698412698,0.6968503937007874,0.2446351931330472,0.4256198347107438,0.15289256198347106,0.5706214689265536,0.1977401129943503,0.022598870056497175,8.169230769230769,1.1076923076923078,9.692307692307692,0.2692307692307692,0.6156411930535323,0.35924558744563934,0.6156411930535323,1.2,"{""novig"": {""1.5"": {""over"": 239, ""under"": -335}}, ""betmgm"": {""0.5"": {""over"": -125, ""under"": -105}}, ""bet365"": {""1.5"": {""over"": 330, ""under"": -500}}, ""pinnacle"": {""0.5"": {""over"": -132, ""under"": 100}}}",1.5,over,bet365,330.0,0.23255813953488372,True,0.1267,0.5,over,betmgm,-125.0,0.5555555555555556,True,0.0601,False
668670,Jake Rogers,BAL,PHI,1,9.0,1,650911,Cristopher Sánchez,L,824808,7:05 PM ET,Camden Yards,1,0,0.24749163879598662,2026-08-01,824808,,0,102.7,105.0,101.5,R,1,1,0,0,0,0,0,0,0,0,0,1,0,0,0,1,0,0.139,0.158,0,0,0,0,0,0,0.15384615384615385,0.2978723404255319,0.717948717948718,0.23404255319148937,0.15384615384615385,0.15384615384615385,0.0425531914893617,0.0,0.05128205128205128,0.8,0.7333333333333333,0.42857142857142855,0.14285714285714285,0.4642857142857143,0.35714285714285715,0.0,0.19976190476190475,0.36425,0.09090909090909091,0.07142857142857142,0.26496666666666663,0.4629666666666667,0.14285714285714285,0.2857142857142857,0.2549019607843137,0.12903225806451613,0.3225806451612903,0.325,0.6968503937007874,0.2446351931330472,0.4256198347107438,0.15289256198347106,0.5706214689265536,0.1977401129943503,0.022598870056497175,8.169230769230769,1.1076923076923078,9.692307692307692,0.2692307692307692,0.49918633125055684,0.2772040172983568,0.49918633125055684,0.8,"{""novig"": {""1.5"": {""over"": 208}}, ""betmgm"": {""0.5"": {""over"": -110, ""under"": -120}}, ""bet365"": {""1.5"": {""over"": 250, ""under"": -350}}, ""pinnacle"": {""0.5"": {""over"": -115, ""under"": -115}}}",1.5,over,bet365,250.0,0.2857142857142857,True,-0.0085,0.5,over,betmgm,-110.0,0.5238095238095238,True,-0.0246,False
665750,Leody Taveras,BAL,PHI,1,7.0,1,650911,Cristopher Sánchez,L,824808,7:05 PM ET,Camden Yards,1,0,0.24749163879598662,2026-08-01,824808,,0,102.7,105.0,101.5,R,1,1,0,0,0,0,0,0,0,0,0,1,0,1,0,1,0,0.46,0.508,0,0,0,0,0,0,0.11428571428571428,0.24390243902439024,0.6571428571428571,0.27906976744186046,0.13636363636363635,0.08571428571428572,0.023255813953488372,0.0,0.02857142857142857,0.4666666666666667,0.8,0.4,0.2,0.52,0.2,0.0,0.27118611111111113,0.3689972222222222,0.14285714285714285,0.25,0.34672500000000017,0.5993249999999996,0.18518518518518517,0.3333333333333333,0.27419354838709675,0.16279069767441862,0.2558139534883721,0.2857142857142857,0.6968503937007874,0.2446351931330472,0.4256198347107438,0.15289256198347106,0.5706214689265536,0.1977401129943503,0.022598870056497175,8.169230769230769,1.1076923076923078,9.692307692307692,0.2692307692307692,0.5483261632290929,0.30721435811408604,0.5483261632290929,0.4666666666666667,"{""novig"": {""1.5"": {""over"": 199}}, ""betmgm"": {""0.5"": {""over"": -150, ""under"": 110}}, ""bet365"": {""1.5"": {""over"": 240, ""under"": -340}}, ""pinnacle"": {""0.5"": {""over"": -167, ""under"": 125}}, ""fanduel"": {""1.5"": {""over"": 200}}}",1.5,over,bet365,240.0,0.29411764705882354,True,0.0131,0.5,over,betmgm,-150.0,0.6,True,-0.0517,False
624413,Pete Alonso,BAL,PHI,1,4.0,1,650911,Cristopher Sánchez,L,824808,7:05 PM ET,Camden Yards,1,0,0.24749163879598662,2026-08-01,824808,,0,102.7,105.0,101.5,R,4,3,2,0,0,1,0,1,0,1,5,2,0,2,1,1,0,0.7585,2.1710000000000003,1,1,1,1,1,0,0.2459016393442623,0.34285714285714286,0.7049180327868853,0.2571428571428571,0.3170731707317073,0.18032786885245902,0.02857142857142857,0.07142857142857142,0.11475409836065574,1.7333333333333334,1.2,0.6046511627906976,0.3023255813953488,0.32558139534883723,0.23255813953488372,0.023255813953488372,0.39817444444444444,0.6525755555555556,0.23809523809523808,0.13043478260869565,0.29533,0.5467299999999997,0.2631578947368421,0.43859649122807015,0.20588235294117646,0.27586206896551724,0.4827586206896552,0.2878787878787879,0.6968503937007874,0.2446351931330472,0.4256198347107438,0.15289256198347106,0.5706214689265536,0.1977401129943503,0.022598870056497175,8.169230769230769,1.1076923076923078,9.692307692307692,0.2692307692307692,0.6803859095490834,0.46457470945960083,0.6803859095490834,1.7333333333333334,"{""bet365"": {""1.5"": {""over"": 140, ""under"": -190}, ""0.5"": {""over"": -230, ""under"": 170}}, ""betmgm"": {""1.5"": {""over"": 140, ""under"": -190}, ""0.5"": {""over"": -190, ""under"": 140}}, ""pinnacle"": {""1.5"": {""over"": 143, ""under"": -193}}, ""draftkings"": {""1.5"": {""over"": 144, ""under"": -193}, ""0.5"": {""over"": -172, ""under"": 129}}, ""fanduel"": {""0.5"": {""over"": -180}}}",1.5,over,draftkings,144.0,0.4098360655737705,True,0.0547,0.5,over,draftkings,-172.0,0.6323529411764706,True,0.048,True
621493,Taylor Ward,BAL,PHI,1,2.0,1,650911,Cristopher Sánchez,L,824808,7:05 PM ET,Camden Yards,1,0,0.24749163879598662,2026-08-01,824808,,0,102.7,105.0,101.5,R,4,2,0,0,0,0,2,0,0,0,0,2,0,0,0,1,1,0.35300000000000004,0.39049999999999996,0,0,0,0,0,0,0.2037037037037037,0.38571428571428573,0.7962962962962963,0.15714285714285714,0.21951219512195122,0.12962962962962962,0.02857142857142857,0.014285714285714285,0.05555555555555555,1.2,0.7333333333333333,0.32558139534883723,0.2558139534883721,0.32558139534883723,0.2558139534883721,0.0,0.2597966666666667,0.41892111111111113,0.21052631578947367,0.2608695652173913,0.26940000000000003,0.4348499999999996,0.2037037037037037,0.25925925925925924,0.14492753623188406,0.3275862068965517,0.46551724137931033,0.2318840579710145,0.6968503937007874,0.2446351931330472,0.4256198347107438,0.15289256198347106,0.5706214689265536,0.1977401129943503,0.022598870056497175,8.169230769230769,1.1076923076923078,9.692307692307692,0.2692307692307692,0.669038806050423,0.43877146855957155,0.669038806050423,1.2,"{""novig"": {""1.5"": {""over"": 150, ""under"": -199}, ""0.5"": {""over"": -199, ""under"": 156}}, ""bet365"": {""1.5"": {""over"": 155, ""under"": -210}, ""0.5"": {""over"": -235, ""under"": 175}}, ""betmgm"": {""1.5"": {""over"": 145, ""under"": -200}, ""0.5"": {""over"": -210, ""under"": 155}}, ""pinnacle"": {""1.5"": {""over"": 156, ""under"": -212}}, ""draftkings"": {""1.5"": {""over"": 143, ""under"": -192}, ""0.5"": {""over"": -208, ""under"": 155}}, ""fanduel"": {""0.5"": {""over"": -220}}}",1.5,over,pinnacle,156.0,0.390625,True,0.0481,0.5,over,novig,-199.0,0.6655518394648829,True,0.0035,True
641933,Tyler O'Neill,BAL,PHI,1,5.0,1,650911,Cristopher Sánchez,L,824808,7:05 PM ET,Camden Yards,1,0,0.24749163879598662,2026-08-01,824808,,0,102.7,105.0,101.5,R,3,3,0,0,0,0,0,0,0,1,0,2,0,2,1,1,0,0.4445,0.7235,0,0,0,0,1,0,0.2972972972972973,0.3157894736842105,0.6756756756756757,0.3157894736842105,0.3333333333333333,0.3783783783783784,0.10526315789473684,0.05263157894736842,0.16216216216216217,1.6666666666666667,0.8,0.48,0.2,0.32,0.4,0.08,0.3406214285714286,0.7927571428571428,0.23076923076923078,0.38461538461538464,0.4076000000000001,0.9040999999999997,0.2549019607843137,0.43137254901960786,0.3157894736842105,0.36363636363636365,0.8787878787878788,0.2857142857142857,0.6968503937007874,0.2446351931330472,0.4256198347107438,0.15289256198347106,0.5706214689265536,0.1977401129943503,0.022598870056497175,8.169230769230769,1.1076923076923078,9.692307692307692,0.2692307692307692,0.5721154829489857,0.3303735161207378,0.5721154829489857,1.6666666666666667,"{""novig"": {""1.5"": {""over"": 144}}, ""betmgm"": {""0.5"": {""over"": -175, ""under"": 130}}, ""bet365"": {""1.5"": {""over"": 160, ""under"": -220}}, ""pinnacle"": {""0.5"": {""over"": -166, ""under"": 124}}, ""fanduel"": {""1.5"": {""over"": 145}}}",1.5,over,bet365,160.0,0.38461538461538464,True,-0.0542,0.5,over,pinnacle,-166.0,0.6240601503759399,True,-0.0519,False
664761,Alec Bohm,PHI,BAL,0,4.0,1,669358,Shane Baz,R,824808,7:05 PM ET,Camden Yards,1,1,0.2619047619047619,2026-08-01,824808,,0,102.7,105.0,101.5,R,4,4,0,0,0,0,0,0,0,1,0,3,0,0,3,0,0,0.06466666666666666,0.17966666666666667,0,0,0,0,1,0,0.2542372881355932,0.30158730158730157,0.7966101694915254,0.19047619047619047,0.28888888888888886,0.13559322033898305,0.031746031746031744,0.031746031746031744,0.06779661016949153,1.5333333333333334,0.8,0.574468085106383,0.2127659574468085,0.5531914893617021,0.19148936170212766,0.0,0.3631811111111111,0.5820122222222223,0.2777777777777778,0.19047619047619047,0.44975,0.6275833333333335,0.15789473684210525,0.3157894736842105,0.2,0.25925925925925924,0.42592592592592593,0.11864406779661017,0.708171206225681,0.2575107296137339,0.37446808510638296,0.11063829787234042,0.4010989010989011,0.26373626373626374,0.016483516483516484,7.8989361702127665,0.574468085106383,7.468085106382978,0.1984732824427481,0.6740089886259346,0.4041005948639445,0.6740089886259346,1.5333333333333334,"{""novig"": {""1.5"": {""over"": 138, ""under"": -167}}, ""bet365"": {""1.5"": {""over"": 130, ""under"": -170}, ""0.5"": {""over"": -280, ""under"": 202}}, ""betmgm"": {""1.5"": {""over"": 135, ""under"": -185}, ""0.5"": {""over"": -225, ""under"": 165}}, ""pinnacle"": {""1.5"": {""over"": 125, ""under"": -167}}, ""draftkings"": {""1.5"": {""over"": 128, ""under"": -171}, ""0.5"": {""over"": -259, ""under"": 191}}, ""fanduel"": {""0.5"": {""over"": -280}}}",1.5,over,novig,138.0,0.42016806722689076,True,-0.0161,0.5,over,betmgm,-225.0,0.6923076923076923,True,-0.0183,True
669016,Brandon Marsh,PHI,BAL,0,5.0,1,669358,Shane Baz,R,824808,7:05 PM ET,Camden Yards,0,1,0.2619047619047619,2026-08-01,824808,,0,102.7,105.0,101.5,L,4,4,0,0,0,0,0,0,0,0,0,4,0,1,2,2,0,0.16875,0.1965,0,0,0,0,0,0,0.11320754716981132,0.1896551724137931,0.6415094339622641,0.3275862068965517,0.15151515151515152,0.05660377358490566,0.017241379310344827,0.0,0.018867924528301886,0.6,1.2666666666666666,0.38235294117647056,0.14705882352941177,0.5588235294117647,0.29411764705882354,0.0,0.27093333333333336,0.43005,0.1111111111111111,0.25,0.26213333333333333,0.29036666666666694,0.12727272727272726,0.18181818181818182,0.27586206896551724,0.22950819672131148,0.4098360655737705,0.3125,0.708171206225681,0.2575107296137339,0.37446808510638296,0.11063829787234042,0.4010989010989011,0.26373626373626374,0.016483516483516484,7.8989361702127665,0.574468085106383,7.468085106382978,0.1984732824427481,0.5716857488823085,0.2711594594687454,0.5716857488823085,0.6,"{""novig"": {""1.5"": {""over"": 141, ""under"": -178}, ""0.5"": {""over"": -213, ""under"": 167}}, ""bet365"": {""1.5"": {""over"": 130, ""under"": -170}, ""0.5"": {""over"": -220, ""under"": 160}}, ""betmgm"": {""1.5"": {""over"": 110, ""under"": -150}, ""0.5"": {""over"": -250, ""under"": 180}}, ""pinnacle"": {""1.5"": {""over"": 129, ""under"": -173}}, ""draftkings"": {""1.5"": {""over"": 141, ""under"": -188}, ""0.5"": {""over"": -205, ""under"": 153}}, ""fanduel"": {""0.5"": {""over"": -230}}}",1.5,over,novig,141.0,0.4149377593360996,True,-0.1438,0.5,over,draftkings,-205.0,0.6721311475409836,True,-0.1004,True
650559,Bryan De La Cruz,PHI,BAL,0,9.0,1,669358,Shane Baz,R,824808,7:05 PM ET,Camden Yards,1,1,0.2619047619047619,2026-08-01,824808,,0,102.7,105.0,101.5,R,4,3,0,0,0,0,0,0,1,2,0,2,0,0,1,0,1,0.483,0.51,0,0,0,0,1,1,0.3611111111111111,0.41025641025641024,0.7777777777777778,0.20512820512820512,0.4444444444444444,0.16666666666666666,0.02564102564102564,0.07692307692307693,0.1111111111111111,1.2666666666666666,0.5333333333333333,0.42857142857142855,0.2857142857142857,0.35714285714285715,0.2857142857142857,0.0,0.306,0.5869259259259259,0.7272727272727273,0.16666666666666666,0.37073333333333336,0.7927333333333331,0.2727272727272727,0.4090909090909091,0.2978723404255319,0.3333333333333333,0.46153846153846156,0.2619047619047619,0.708171206225681,0.2575107296137339,0.37446808510638296,0.11063829787234042,0.4010989010989011,0.26373626373626374,0.016483516483516484,7.8989361702127665,0.574468085106383,7.468085106382978,0.1984732824427481,0.5187514106544596,0.27682943456287434,0.5187514106544596,1.2666666666666666,"{""novig"": {""1.5"": {""over"": 156}}, ""betmgm"": {""0.5"": {""over"": -165, ""under"": 125}}, ""bet365"": {""1.5"": {""over"": 202, ""under"": -280}}, ""pinnacle"": {""0.5"": {""over"": -154, ""under"": 116}}}",1.5,over,bet365,202.0,0.33112582781456956,True,-0.0543,0.5,over,pinnacle,-154.0,0.6062992125984252,True,-0.0875,False
547180,Bryce Harper,PHI,BAL,0,3.0,1,669358,Shane Baz,R,824808,7:05 PM ET,Camden Yards,0,1,0.2619047619047619,2026-08-01,824808,,0,102.7,105.0,101.5,L,4,4,1,0,0,0,0,0,0,1,1,3,0,1,0,1,2,0.6683333333333333,0.7879999999999999,1,0,1,0,1,0,0.2,0.296875,0.6909090909090909,0.265625,0.24324324324324326,0.21818181818181817,0.03125,0.0625,0.12727272727272726,1.5333333333333334,1.1333333333333333,0.358974358974359,0.20512820512820512,0.41025641025641024,0.3333333333333333,0.0,0.2934583333333333,0.5148214285714285,0.2222222222222222,0.18181818181818182,0.43116666666666664,0.8038333333333334,0.2,0.41818181818181815,0.24615384615384617,0.21428571428571427,0.30357142857142855,0.30158730158730157,0.708171206225681,0.2575107296137339,0.37446808510638296,0.11063829787234042,0.4010989010989011,0.26373626373626374,0.016483516483516484,7.8989361702127665,0.574468085106383,7.468085106382978,0.1984732824427481,0.614642417199304,0.38086107117037216,0.614642417199304,1.5333333333333334,"{""novig"": {""1.5"": {""over"": 111, ""under"": -130}}, ""bet365"": {""1.5"": {""over"": 105, ""under"": -140}, ""0.5"": {""over"": -270, ""under"": 195}}, ""betmgm"": {""1.5"": {""over"": 105, ""under"": -140}, ""0.5"": {""over"": -235, ""under"": 170}}, ""pinnacle"": {""1.5"": {""over"": 106, ""under"": -141}}, ""draftkings"": {""1.5"": {""over"": 106, ""under"": -140}, ""0.5"": {""over"": -242, ""under"": 179}}, ""fanduel"": {""0.5"": {""over"": -260}}}",1.5,over,novig,111.0,0.47393364928909953,True,-0.0931,0.5,over,betmgm,-235.0,0.7014925373134329,True,-0.0869,True
681082,Bryson Stott,PHI,BAL,0,7.0,1,669358,Shane Baz,R,824808,7:05 PM ET,Camden Yards,0,1,0.2619047619047619,2026-08-01,824808,,0,102.7,105.0,101.5,L,4,3,0,0,0,0,1,0,0,0,0,3,0,1,1,2,0,0.35700000000000004,0.39999999999999997,0,0,0,0,0,0,0.3076923076923077,0.3684210526315789,0.6923076923076923,0.2807017543859649,0.42857142857142855,0.23076923076923078,0.017543859649122806,0.08771929824561403,0.15384615384615385,1.8666666666666667,1.0666666666666667,0.3333333333333333,0.3055555555555556,0.3888888888888889,0.2777777777777778,0.0,0.37267777777777783,0.5594277777777777,0.35294117647058826,0.25,0.2934,0.46723333333333333,0.3148148148148148,0.5185185185185185,0.25,0.2962962962962963,0.4444444444444444,0.23728813559322035,0.708171206225681,0.2575107296137339,0.37446808510638296,0.11063829787234042,0.4010989010989011,0.26373626373626374,0.016483516483516484,7.8989361702127665,0.574468085106383,7.468085106382978,0.1984732824427481,0.6197516696833792,0.32837712110632195,0.6197516696833792,1.8666666666666667,"{""novig"": {""1.5"": {""over"": 138}}, ""betmgm"": {""0.5"": {""over"": -185, ""under"": 135}}, ""bet365"": {""1.5"": {""over"": 155, ""under"": -210}}, ""pinnacle"": {""0.5"": {""over"": -205, ""under"": 151}}, ""draftkings"": {""1.5"": {""over"": 148, ""under"": -199}}}",1.5,over,bet365,155.0,0.39215686274509803,True,-0.0638,0.5,over,betmgm,-185.0,0.6491228070175439,True,-0.0294,False
592663,J.T. Realmuto,PHI,BAL,0,6.0,1,669358,Shane Baz,R,824808,7:05 PM ET,Camden Yards,1,1,0.2619047619047619,2026-08-01,824808,,0,102.7,105.0,101.5,R,4,4,1,0,0,1,0,0,0,2,4,2,1,2,2,0,0,0.7230000000000001,2.6875,1,0,1,1,1,1,0.3404255319148936,0.4074074074074074,0.7659574468085106,0.2037037037037037,0.4166666666666667,0.14893617021276595,0.018518518518518517,0.07407407407407407,0.10638297872340426,1.5333333333333334,0.7333333333333333,0.5675675675675675,0.24324324324324326,0.6216216216216216,0.13513513513513514,0.0,0.4271333333333333,0.5399444444444444,0.3333333333333333,0.21052631578947367,0.4220666666666667,0.5181666666666667,0.23404255319148937,0.40425531914893614,0.25925925925925924,0.22641509433962265,0.33962264150943394,0.15254237288135594,0.708171206225681,0.2575107296137339,0.37446808510638296,0.11063829787234042,0.4010989010989011,0.26373626373626374,0.016483516483516484,7.8989361702127665,0.574468085106383,7.468085106382978,0.1984732824427481,0.6700506863582602,0.369929989581474,0.6700506863582602,1.5333333333333334,"{""novig"": {""1.5"": {""over"": 153, ""under"": -199}, ""0.5"": {""over"": -190, ""under"": 156}}, ""bet365"": {""1.5"": {""over"": 150, ""under"": -200}, ""0.5"": {""over"": -230, ""under"": 170}}, ""betmgm"": {""1.5"": {""over"": 138, ""under"": -190}, ""0.5"": {""over"": -210, ""under"": 155}}, ""pinnacle"": {""1.5"": {""over"": 152, ""under"": -205}}, ""draftkings"": {""1.5"": {""over"": 149, ""under"": -200}, ""0.5"": {""over"": -195, ""under"": 145}}, ""fanduel"": {""0.5"": {""over"": -220}}}",1.5,over,novig,153.0,0.3952569169960474,True,-0.0253,0.5,over,novig,-190.0,0.6551724137931034,True,0.0149,True
702222,Justin Crawford,PHI,BAL,0,8.0,1,669358,Shane Baz,R,824808,7:05 PM ET,Camden Yards,0,1,0.2619047619047619,2026-08-01,824808,,0,102.7,105.0,101.5,L,4,4,1,0,0,0,0,0,0,0,1,4,0,2,1,3,0,0.2465,0.388,1,0,1,0,0,0,0.28205128205128205,0.32558139534883723,0.8205128205128205,0.1590909090909091,0.3333333333333333,0.05128205128205128,0.0,0.0,0.02564102564102564,0.8666666666666667,0.4666666666666667,0.23529411764705882,0.17647058823529413,0.5882352941176471,0.17647058823529413,0.0,0.304,0.34182738095238097,0.2857142857142857,0.0625,0.41436666666666666,0.46148333333333336,0.23076923076923078,0.28205128205128205,0.16279069767441862,0.21052631578947367,0.2894736842105263,0.3,0.708171206225681,0.2575107296137339,0.37446808510638296,0.11063829787234042,0.4010989010989011,0.26373626373626374,0.016483516483516484,7.8989361702127665,0.574468085106383,7.468085106382978,0.1984732824427481,0.5861147934800838,0.28451206106145915,0.5861147934800838,0.8666666666666667,"{""novig"": {""1.5"": {""over"": 167}}, ""bet365"": {""1.5"": {""over"": 185, ""under"": -250}}, ""betmgm"": {""1.5"": {""over"": 145, ""under"": -200}}, ""pinnacle"": {""0.5"": {""over"": -208, ""under"": 153}}, ""fanduel"": {""1.5"": {""over"": 165}}}",1.5,over,bet365,185.0,0.3508771929824561,True,-0.0664,0.5,over,pinnacle,-208.0,0.6753246753246753,True,-0.0892,False
656941,Kyle Schwarber,PHI,BAL,0,2.0,1,669358,Shane Baz,R,824808,7:05 PM ET,Camden Yards,0,1,0.2619047619047619,2026-08-01,824808,,0,102.7,105.0,101.5,L,4,2,0,0,0,0,2,0,0,1,0,1,0,0,0,0,1,0.757,0.79,0,0,0,0,1,0,0.23636363636363636,0.3384615384615385,0.6,0.3384615384615385,0.34375,0.16363636363636364,0.03076923076923077,0.046153846153846156,0.09090909090909091,1.4666666666666666,1.4666666666666666,0.4117647058823529,0.3235294117647059,0.17647058823529413,0.3235294117647059,0.0,0.3691309523809524,0.602845238095238,0.3333333333333333,0.22727272727272727,0.35273333333333334,0.44010000000000005,0.22807017543859648,0.3684210526315789,0.373134328358209,0.27586206896551724,0.4482758620689655,0.3181818181818182,0.708171206225681,0.2575107296137339,0.37446808510638296,0.11063829787234042,0.4010989010989011,0.26373626373626374,0.016483516483516484,7.8989361702127665,0.574468085106383,7.468085106382978,0.1984732824427481,0.6370954007667283,0.39382790445236204,0.6370954007667283,1.4666666666666666,"{""novig"": {""1.5"": {""over"": 108, ""under"": -130}, ""0.5"": {""over"": -194, ""under"": 153}}, ""bet365"": {""1.5"": {""over"": 110, ""under"": -150}, ""0.5"": {""over"": -190, ""under"": 140}}, ""betmgm"": {""1.5"": {""over"": 110, ""under"": -150}, ""0.5"": {""over"": -185, ""under"": 135}}, ""pinnacle"": {""1.5"": {""over"": -103, ""under"": -129}}, ""draftkings"": {""1.5"": {""over"": -104, ""under"": -127}, ""0.5"": {""over"": -218, ""under"": 162}}, ""fanduel"": {""0.5"": {""over"": -200}}}",1.5,over,betmgm,110.0,0.47619047619047616,True,-0.0824,0.5,over,betmgm,-185.0,0.6491228070175439,True,-0.012,True
607208,Trea Turner,PHI,BAL,0,1.0,1,669358,Shane Baz,R,824808,7:05 PM ET,Camden Yards,1,1,0.2619047619047619,2026-08-01,824808,,0,102.7,105.0,101.5,R,4,4,3,0,0,1,0,0,0,0,6,4,0,1,2,2,0,0.39575,0.74975,1,1,1,1,0,0,0.26666666666666666,0.3283582089552239,0.7333333333333333,0.23880597014925373,0.275,0.31666666666666665,0.07462686567164178,0.029850746268656716,0.13333333333333333,2.3333333333333335,1.0666666666666667,0.5111111111111111,0.35555555555555557,0.4444444444444444,0.15555555555555556,0.022222222222222223,0.35808666666666666,0.5606066666666667,0.2727272727272727,0.21739130434782608,0.3343933333333333,0.5061700000000001,0.22580645161290322,0.5645161290322581,0.25757575757575757,0.27586206896551724,0.3793103448275862,0.18461538461538463,0.708171206225681,0.2575107296137339,0.37446808510638296,0.11063829787234042,0.4010989010989011,0.26373626373626374,0.016483516483516484,7.8989361702127665,0.574468085106383,7.468085106382978,0.1984732824427481,0.6915512458609684,0.4863038324850352,0.6915512458609684,2.3333333333333335,"{""bet365"": {""1.5"": {""over"": 100, ""under"": -135}}, ""betmgm"": {""1.5"": {""over"": 105, ""under"": -145}}, ""pinnacle"": {""1.5"": {""over"": 102, ""under"": -135}}, ""draftkings"": {""1.5"": {""over"": 103, ""under"": -137}}, ""fanduel"": {""0.5"": {""over"": -350}}}",1.5,over,betmgm,105.0,0.4878048780487805,True,-0.0015,0.5,over,fanduel,-350.0,0.7777777777777778,True,-0.0862,True
701358,Cam Smith,HOU,TEX,1,8.0,1,594798,Jacob deGrom,R,824162,7:10 PM ET,Daikin Park,1,1,0.22030981067125646,2026-08-01,824162,1.0,0,97.4,100.1,118.7,R,5,5,2,0,1,0,0,0,0,2,4,3,0,2,0,1,2,0.641,0.8773333333333334,1,1,1,1,1,1,0.1,0.20689655172413793,0.72,0.2413793103448276,0.08571428571428572,0.14,0.034482758620689655,0.017241379310344827,0.06,0.8,0.9333333333333333,0.40540540540540543,0.10810810810810811,0.4864864864864865,0.32432432432432434,0.02702702702702703,0.22781410256410256,0.32783333333333337,0.10526315789473684,0.3181818181818182,0.1558333333333333,0.28150000000000003,0.18867924528301888,0.39622641509433965,0.1724137931034483,0.16,0.38,0.2857142857142857,0.6343612334801763,0.21182266009852216,0.3684210526315789,0.1339712918660287,0.4166666666666667,0.25,0.027777777777777776,6.982758620689655,1.5517241379310347,10.551724137931034,0.2956521739130435,0.49635722137688926,0.30630898844890825,0.49635722137688926,0.8,"{""novig"": {""1.5"": {""over"": 182}}, ""betmgm"": {""0.5"": {""over"": -145, ""under"": 105}}, ""bet365"": {""1.5"": {""over"": 190, ""under"": -260}}, ""pinnacle"": {""0.5"": {""over"": -150, ""under"": 113}}}",1.5,over,bet365,190.0,0.3448275862068966,True,-0.0385,0.5,over,betmgm,-145.0,0.5918367346938775,True,-0.0955,False
572233,Christian Walker,HOU,TEX,1,4.0,1,594798,Jacob deGrom,R,824162,7:10 PM ET,Daikin Park,1,1,0.22030981067125646,2026-08-01,824162,1.0,0,97.4,100.1,118.7,R,5,5,1,0,0,1,0,0,0,0,4,5,0,4,3,2,0,0.30920000000000003,0.8757999999999999,1,0,1,1,0,0,0.2,0.3103448275862069,0.58,0.3620689655172414,0.32142857142857145,0.12,0.017241379310344827,0.05172413793103448,0.08,1.0666666666666667,1.4,0.27586206896551724,0.1724137931034483,0.4482758620689655,0.2413793103448276,0.034482758620689655,0.2970128205128205,0.4704679487179487,0.2631578947368421,0.4090909090909091,0.4809375000000001,0.8941250000000003,0.2,0.3090909090909091,0.3870967741935484,0.2857142857142857,0.4897959183673469,0.16071428571428573,0.6343612334801763,0.21182266009852216,0.3684210526315789,0.1339712918660287,0.4166666666666667,0.25,0.027777777777777776,6.982758620689655,1.5517241379310347,10.551724137931034,0.2956521739130435,0.6291668493350152,0.3677983685006348,0.6291668493350152,1.0666666666666667,"{""novig"": {""1.5"": {""over"": 153}}, ""betmgm"": {""0.5"": {""over"": -140, ""under"": 105}}, ""bet365"": {""1.5"": {""over"": 155, ""under"": -210}}, ""pinnacle"": {""0.5"": {""over"": -149, ""under"": 112}}}",1.5,over,bet365,155.0,0.39215686274509803,True,-0.0244,0.5,over,betmgm,-140.0,0.5833333333333334,True,0.0458,False
670623,Isaac Paredes,HOU,TEX,1,3.0,1,594798,Jacob deGrom,R,824162,7:10 PM ET,Daikin Park,1,1,0.22030981067125646,2026-08-01,824162,1.0,0,97.4,100.1,118.7,R,5,3,2,0,0,1,2,0,0,0,5,3,0,2,1,0,2,0.39433333333333337,0.8956666666666667,1,1,1,1,0,0,0.25862068965517243,0.35294117647058826,0.896551724137931,0.08823529411764706,0.2549019607843137,0.15517241379310345,0.029411764705882353,0.014705882352941176,0.06896551724137931,1.6,0.4,0.2641509433962264,0.3018867924528302,0.20754716981132076,0.3584905660377358,0.018867924528301886,0.30924111111111113,0.44449666666666665,0.14285714285714285,0.13043478260869565,0.39729666666666663,0.5302266666666665,0.2807017543859649,0.49122807017543857,0.07575757575757576,0.26666666666666666,0.35,0.16417910447761194,0.6343612334801763,0.21182266009852216,0.3684210526315789,0.1339712918660287,0.4166666666666667,0.25,0.027777777777777776,6.982758620689655,1.5517241379310347,10.551724137931034,0.2956521739130435,0.6558579678440783,0.4157666820863377,0.6558579678440783,1.6,"{""novig"": {""1.5"": {""over"": 170}}, ""betmgm"": {""0.5"": {""over"": -175, ""under"": 130}}, ""bet365"": {""1.5"": {""over"": 175, ""under"": -235}}, ""pinnacle"": {""0.5"": {""over"": -165, ""under"": 123}}}",1.5,over,bet365,175.0,0.36363636363636365,True,0.0521,0.5,over,pinnacle,-165.0,0.6226415094339622,True,0.0332,False
665161,Jeremy Peña,HOU,TEX,1,1.0,1,594798,Jacob deGrom,R,824162,7:10 PM ET,Daikin Park,1,1,0.22030981067125646,2026-08-01,824162,1.0,0,97.4,100.1,118.7,R,6,5,3,1,0,0,0,1,0,1,4,4,0,4,1,2,1,0.48475,0.69475,1,1,1,1,1,0,0.3492063492063492,0.373134328358209,0.7301587301587301,0.25,0.3902439024390244,0.30158730158730157,0.08823529411764706,0.014705882352941176,0.1111111111111111,2.7333333333333334,1.1333333333333333,0.5106382978723404,0.2765957446808511,0.48936170212765956,0.1702127659574468,0.02127659574468085,0.47513555555555553,0.7454944444444445,0.34782608695652173,0.391304347826087,0.5337,0.8625666666666666,0.38095238095238093,0.6825396825396826,0.2028985507246377,0.22950819672131148,0.26229508196721313,0.23076923076923078,0.6343612334801763,0.21182266009852216,0.3684210526315789,0.1339712918660287,0.4166666666666667,0.25,0.027777777777777776,6.982758620689655,1.5517241379310347,10.551724137931034,0.2956521739130435,0.7116103775219386,0.43512578436678834,0.7116103775219386,2.7333333333333334,"{""novig"": {""1.5"": {""over"": 125, ""under"": -156}}, ""bet365"": {""1.5"": {""over"": 120, ""under"": -160}, ""0.5"": {""over"": -270, ""under"": 195}}, ""betmgm"": {""1.5"": {""over"": 120, ""under"": -160}, ""0.5"": {""over"": -225, ""under"": 165}}, ""pinnacle"": {""1.5"": {""over"": 120, ""under"": -160}}, ""draftkings"": {""1.5"": {""over"": 129, ""under"": -172}, ""0.5"": {""over"": -242, ""under"": 179}}, ""fanduel"": {""0.5"": {""over"": -240}}}",1.5,over,draftkings,129.0,0.4366812227074236,True,-0.0016,0.5,over,betmgm,-225.0,0.6923076923076923,True,0.0193,True
514888,Jose Altuve,HOU,TEX,1,6.0,1,594798,Jacob deGrom,R,824162,7:10 PM ET,Daikin Park,1,1,0.22030981067125646,2026-08-01,824162,1.0,0,97.4,100.1,118.7,R,4,4,0,0,0,0,0,0,0,2,0,2,0,0,0,2,0,0.151,0.1805,0,0,0,0,1,1,0.234375,0.234375,0.796875,0.203125,0.2653061224489796,0.109375,0.03125,0.015625,0.046875,1.4666666666666666,0.8666666666666667,0.35294117647058826,0.13725490196078433,0.47058823529411764,0.3137254901960784,0.0,0.23882111111111112,0.35544222222222216,0.18181818181818182,0.18181818181818182,0.2065866666666666,0.28933666666666685,0.24193548387096775,0.4032258064516129,0.18461538461538463,0.19047619047619047,0.36507936507936506,0.24615384615384617,0.6343612334801763,0.21182266009852216,0.3684210526315789,0.1339712918660287,0.4166666666666667,0.25,0.027777777777777776,6.982758620689655,1.5517241379310347,10.551724137931034,0.2956521739130435,0.6284278424831288,0.36278881853457673,0.6284278424831288,1.4666666666666666,"{""novig"": {""1.5"": {""over"": 186}}, ""betmgm"": {""0.5"": {""over"": -145, ""under"": 105}}, ""bet365"": {""1.5"": {""over"": 160, ""under"": -220}}, ""pinnacle"": {""0.5"": {""over"": -158, ""under"": 118}}}",1.5,over,novig,186.0,0.34965034965034963,True,0.0131,0.5,over,betmgm,-145.0,0.5918367346938775,True,0.0366,False
664774,LaMonte Wade Jr.,HOU,TEX,1,9.0,1,594798,Jacob deGrom,R,824162,7:10 PM ET,Daikin Park,0,1,0.22030981067125646,2026-08-01,824162,1.0,0,97.4,100.1,118.7,L,4,3,1,1,0,0,1,0,0,1,2,2,0,1,0,1,1,0.35800000000000004,0.401,1,0,1,1,1,0,0.14285714285714285,0.3333333333333333,0.7380952380952381,0.2037037037037037,0.16666666666666666,0.07142857142857142,0.018518518518518517,0.0,0.023809523809523808,0.6,0.7333333333333333,0.25806451612903225,0.25806451612903225,0.3548387096774194,0.25806451612903225,0.0,0.2213452380952381,0.31689285714285714,0.15384615384615385,0.23529411764705882,0.10483333333333318,0.14049999999999996,0.14634146341463414,0.24390243902439024,0.23529411764705882,0.17391304347826086,0.2391304347826087,0.21818181818181817,0.6343612334801763,0.21182266009852216,0.3684210526315789,0.1339712918660287,0.4166666666666667,0.25,0.027777777777777776,6.982758620689655,1.5517241379310347,10.551724137931034,0.2956521739130435,0.45815004839605483,0.20473488216091826,0.45815004839605483,0.6,"{""novig"": {""1.5"": {""over"": 257}}, ""betmgm"": {""0.5"": {""over"": 110, ""under"": -150}}, ""bet365"": {""1.5"": {""over"": 295, ""under"": -440}}, ""pinnacle"": {""0.5"": {""over"": 118, ""under"": -157}}}",1.5,over,bet365,295.0,0.25316455696202533,True,-0.0484,0.5,over,pinnacle,118.0,0.45871559633027525,True,-0.0006,False
666211,Taylor Trammell,HOU,TEX,1,7.0,1,594798,Jacob deGrom,R,824162,7:10 PM ET,Daikin Park,0,1,0.22030981067125646,2026-08-01,824162,1.0,0,97.4,100.1,118.7,L,5,5,1,1,0,0,0,0,0,1,2,4,0,1,0,2,1,0.26,0.40900000000000003,1,0,1,1,1,0,0.1794871794871795,0.30434782608695654,0.6410256410256411,0.30434782608695654,0.21739130434782608,0.15384615384615385,0.043478260869565216,0.0,0.05128205128205128,0.8666666666666667,0.9333333333333333,0.28,0.2,0.44,0.32,0.04,0.29788888888888887,0.632375,0.3076923076923077,0.2777777777777778,0.4467500000000001,1.3337083333333337,0.15384615384615385,0.3076923076923077,0.2553191489361702,0.3,0.5333333333333333,0.3333333333333333,0.6343612334801763,0.21182266009852216,0.3684210526315789,0.1339712918660287,0.4166666666666667,0.25,0.027777777777777776,6.982758620689655,1.5517241379310347,10.551724137931034,0.2956521739130435,0.5124209788781827,0.30408478209407735,0.5124209788781827,0.8666666666666667,"{""novig"": {""1.5"": {""over"": 186}}, ""betmgm"": {""0.5"": {""over"": 105, ""under"": -140}}, ""bet365"": {""1.5"": {""over"": 210, ""under"": -300}}, ""pinnacle"": {""0.5"": {""over"": -113, ""under"": -117}}, ""fanduel"": {""1.5"": {""over"": 185}}}",1.5,over,bet365,210.0,0.3225806451612903,True,-0.0185,0.5,over,betmgm,105.0,0.4878048780487805,True,0.0246,False
673237,Yainer Diaz,HOU,TEX,1,5.0,1,594798,Jacob deGrom,R,824162,7:10 PM ET,Daikin Park,1,1,0.22030981067125646,2026-08-01,824162,1.0,0,97.4,100.1,118.7,R,5,5,4,0,0,1,0,0,0,0,7,5,0,3,1,2,2,0.6834,1.2278,1,1,1,1,0,0,0.25,0.27586206896551724,0.8392857142857143,0.15517241379310345,0.23255813953488372,0.25,0.06896551724137931,0.034482758620689655,0.10714285714285714,1.8666666666666667,0.6,0.40425531914893614,0.19148936170212766,0.5106382978723404,0.23404255319148937,0.0851063829787234,0.3605277777777778,0.6110266666666667,0.3,0.14285714285714285,0.38079999999999997,0.5990800000000001,0.2631578947368421,0.5614035087719298,0.13559322033898305,0.25,0.3392857142857143,0.1694915254237288,0.6343612334801763,0.21182266009852216,0.3684210526315789,0.1339712918660287,0.4166666666666667,0.25,0.027777777777777776,6.982758620689655,1.5517241379310347,10.551724137931034,0.2956521739130435,0.6387822864696185,0.337496864919906,0.6387822864696185,1.8666666666666667,"{""novig"": {""1.5"": {""over"": 153, ""under"": -190}}, ""betmgm"": {""0.5"": {""over"": -190, ""under"": 140}}, ""bet365"": {""1.5"": {""over"": 135, ""under"": -180}}, ""pinnacle"": {""1.5"": {""over"": 144, ""under"": -194}}}",1.5,over,novig,153.0,0.3952569169960474,True,-0.0578,0.5,over,betmgm,-190.0,0.6551724137931034,True,-0.0164,False
670541,Yordan Alvarez,HOU,TEX,1,2.0,1,594798,Jacob deGrom,R,824162,7:10 PM ET,Daikin Park,0,1,0.22030981067125646,2026-08-01,824162,1.0,0,97.4,100.1,118.7,L,5,3,2,0,0,0,2,0,0,1,2,2,0,1,0,1,1,0.7384999999999999,0.8245,1,1,1,1,1,0,0.39622641509433965,0.5294117647058824,0.8113207547169812,0.14705882352941177,0.40540540540540543,0.41509433962264153,0.08823529411764706,0.058823529411764705,0.18867924528301888,2.8666666666666667,0.6666666666666666,0.5581395348837209,0.23255813953488372,0.3488372093023256,0.3488372093023256,0.046511627906976744,0.43470555555555557,0.9158611111111111,0.1875,0.21739130434782608,0.37116666666666664,0.7301000000000002,0.36363636363636365,0.8,0.16417910447761194,0.21311475409836064,0.2786885245901639,0.20588235294117646,0.6343612334801763,0.21182266009852216,0.3684210526315789,0.1339712918660287,0.4166666666666667,0.25,0.027777777777777776,6.982758620689655,1.5517241379310347,10.551724137931034,0.2956521739130435,0.711644191562272,0.4196551980038766,0.711644191562272,2.8666666666666667,"{""novig"": {""1.5"": {""over"": -100, ""under"": -113}}, ""bet365"": {""1.5"": {""over"": 105, ""under"": -140}, ""0.5"": {""over"": -230, ""under"": 170}}, ""betmgm"": {""1.5"": {""over"": -110, ""under"": -120}, ""0.5"": {""over"": -275, ""under"": 200}}, ""pinnacle"": {""1.5"": {""over"": -104, ""under"": -128}}, ""draftkings"": {""1.5"": {""over"": -108, ""under"": -123}, ""0.5"": {""over"": -277, ""under"": 203}}, ""fanduel"": {""0.5"": {""over"": -250}}}",1.5,over,bet365,105.0,0.4878048780487805,True,-0.0681,0.5,over,bet365,-230.0,0.696969696969697,True,0.0147,True
696030,Alejandro Osuna,TEX,HOU,0,7.0,1,669854,Ronel Blanco,R,824162,7:10 PM ET,Daikin Park,0,1,0.2504472271914132,2026-08-01,824162,1.0,0,97.4,100.1,118.7,L,4,3,1,0,0,0,1,0,0,1,1,2,0,1,0,1,1,0.48000000000000004,0.6234999999999999,1,0,1,0,1,0,0.2682926829268293,0.3333333333333333,0.8536585365853658,0.13333333333333333,0.29411764705882354,0.0975609756097561,0.022222222222222223,0.022222222222222223,0.04878048780487805,1.0,0.4,0.2,0.2,0.4857142857142857,0.2571428571428571,0.0,0.21805512820512823,0.2930897435897436,0.15384615384615385,0.3076923076923077,0.2338888888888889,0.30988888888888894,0.2619047619047619,0.38095238095238093,0.12244897959183673,0.28888888888888886,0.3333333333333333,0.10416666666666667,0.6376146788990825,0.16393442622950818,0.390625,0.1875,0.34532374100719426,0.34532374100719426,0.02158273381294964,6.75,1.1812500000000001,9.28125,0.2534562211981567,0.5518080655794724,0.28295669754900477,0.5518080655794724,1.0,"{""novig"": {""1.5"": {""over"": 167}}, ""bet365"": {""1.5"": {""over"": 140, ""under"": -190}}, ""pinnacle"": {""0.5"": {""over"": -165, ""under"": 124}}}",1.5,over,novig,167.0,0.37453183520599254,True,-0.0916,0.5,over,pinnacle,-165.0,0.6226415094339622,True,-0.0708,False
607043,Brandon Nimmo,TEX,HOU,0,4.0,1,669854,Ronel Blanco,R,824162,7:10 PM ET,Daikin Park,0,1,0.2504472271914132,2026-08-01,824162,1.0,0,97.4,100.1,118.7,L,4,4,0,0,0,0,0,0,0,1,0,3,0,0,1,2,0,0.11633333333333333,0.145,0,0,0,0,1,0,0.30357142857142855,0.36065573770491804,0.6964285714285714,0.2786885245901639,0.42105263157894735,0.17857142857142858,0.01639344262295082,0.08196721311475409,0.125,1.8,1.1333333333333333,0.5128205128205128,0.4358974358974359,0.38461538461538464,0.1282051282051282,0.0,0.37164761904761906,0.47636666666666666,0.2222222222222222,0.3,0.37849999999999995,0.46916666666666684,0.23214285714285715,0.3392857142857143,0.3333333333333333,0.2962962962962963,0.5185185185185185,0.19298245614035087,0.6376146788990825,0.16393442622950818,0.390625,0.1875,0.34532374100719426,0.34532374100719426,0.02158273381294964,6.75,1.1812500000000001,9.28125,0.2534562211981567,0.6455395517520488,0.38722448288999184,0.6455395517520488,1.8,"{""novig"": {""1.5"": {""over"": 122, ""under"": -144}}, ""betmgm"": {""0.5"": {""over"": -220, ""under"": 165}}, ""bet365"": {""1.5"": {""over"": 115, ""under"": -155}}, ""pinnacle"": {""1.5"": {""over"": 119, ""under"": -159}}, ""draftkings"": {""1.5"": {""over"": 116, ""under"": -154}}, ""fanduel"": {""1.5"": {""over"": 115}}}",1.5,over,novig,122.0,0.45045045045045046,True,-0.0632,0.5,over,betmgm,-220.0,0.6875,True,-0.042,False
608369,Corey Seager,TEX,HOU,0,3.0,1,669854,Ronel Blanco,R,824162,7:10 PM ET,Daikin Park,0,1,0.2504472271914132,2026-08-01,824162,1.0,0,97.4,100.1,118.7,L,3,3,2,1,0,0,0,0,0,1,3,2,0,2,1,1,0,0.6699999999999999,1.481,1,1,1,1,1,0,0.10714285714285714,0.24242424242424243,0.6785714285714286,0.2727272727272727,0.08571428571428572,0.16071428571428573,0.045454545454545456,0.0,0.05357142857142857,1.0,1.2,0.3684210526315789,0.15789473684210525,0.47368421052631576,0.34210526315789475,0.05263157894736842,0.2915833333333333,0.62405,0.15789473684210525,0.24,0.30225,0.6597500000000002,0.12280701754385964,0.2807017543859649,0.29850746268656714,0.2692307692307692,0.4423076923076923,0.1935483870967742,0.6376146788990825,0.16393442622950818,0.390625,0.1875,0.34532374100719426,0.34532374100719426,0.02158273381294964,6.75,1.1812500000000001,9.28125,0.2534562211981567,0.5537589639563106,0.3162421572268119,0.5537589639563106,1.0,"{""novig"": {""1.5"": {""over"": 120, ""under"": -147}, ""0.5"": {""over"": -203, ""under"": 167}}, ""bet365"": {""1.5"": {""over"": 110, ""under"": -150}, ""0.5"": {""over"": -230, ""under"": 170}}, ""betmgm"": {""1.5"": {""over"": 125, ""under"": -165}, ""0.5"": {""over"": -190, ""under"": 140}}, ""pinnacle"": {""1.5"": {""over"": 115, ""under"": -153}}, ""draftkings"": {""1.5"": {""over"": 113, ""under"": -150}, ""0.5"": {""over"": -224, ""under"": 166}}, ""fanduel"": {""0.5"": {""over"": -210}}}",1.5,over,betmgm,125.0,0.4444444444444444,True,-0.1282,0.5,over,betmgm,-190.0,0.6551724137931034,True,-0.1014,True
553869,Elias Díaz,TEX,HOU,0,8.0,1,669854,Ronel Blanco,R,824162,7:10 PM ET,Daikin Park,1,1,0.2504472271914132,2026-08-01,824162,1.0,0,97.4,100.1,118.7,R,1,1,0,0,0,0,0,0,0,1,0,0,0,0,0,0,0,0.136,0.3635,0,0,0,0,1,0,0.17391304347826086,0.19148936170212766,0.7391304347826086,0.25,0.23529411764705882,0.043478260869565216,0.0,0.041666666666666664,0.043478260869565216,0.6666666666666666,0.8,0.37142857142857144,0.22857142857142856,0.4,0.2571428571428571,0.0,0.24629444444444445,0.3321277777777778,0.1875,0.35294117647058826,0.16005000000000014,0.2566999999999999,0.21153846153846154,0.25,0.24528301886792453,0.2619047619047619,0.5476190476190477,0.20454545454545456,0.6376146788990825,0.16393442622950818,0.390625,0.1875,0.34532374100719426,0.34532374100719426,0.02158273381294964,6.75,1.1812500000000001,9.28125,0.2534562211981567,0.523763635775146,0.2835518875073346,0.523763635775146,0.6666666666666666,"{""novig"": {""1.5"": {""over"": 203}}, ""betmgm"": {""0.5"": {""over"": -140, ""under"": 105}}, ""bet365"": {""1.5"": {""over"": 230, ""under"": -330}}, ""pinnacle"": {""0.5"": {""over"": -140, ""under"": 106}}}",1.5,over,bet365,230.0,0.30303030303030304,True,-0.0195,0.5,over,betmgm,-140.0,0.5833333333333334,True,-0.0596,False
694497,Evan Carter,TEX,HOU,0,5.0,1,669854,Ronel Blanco,R,824162,7:10 PM ET,Daikin Park,0,1,0.2504472271914132,2026-08-01,824162,1.0,0,97.4,100.1,118.7,L,4,4,2,0,0,0,0,0,0,0,2,4,0,1,0,3,1,0.33275,0.3715,1,1,1,1,0,0,0.3157894736842105,0.4222222222222222,0.7894736842105263,0.17391304347826086,0.3793103448275862,0.15789473684210525,0.021739130434782608,0.06521739130434782,0.10526315789473684,1.2,0.5333333333333333,0.45161290322580644,0.22580645161290322,0.5161290322580645,0.1935483870967742,0.0,0.34481547619047614,0.4718392857142857,0.4166666666666667,0.2857142857142857,0.542625,0.6646874999999999,0.3157894736842105,0.47368421052631576,0.1956521739130435,0.1875,0.25,0.24074074074074073,0.6376146788990825,0.16393442622950818,0.390625,0.1875,0.34532374100719426,0.34532374100719426,0.02158273381294964,6.75,1.1812500000000001,9.28125,0.2534562211981567,0.5667603056715622,0.2876695489440588,0.5667603056715622,1.2,"{""novig"": {""1.5"": {""over"": 182}}, ""betmgm"": {""0.5"": {""over"": -135, ""under"": 100}}, ""bet365"": {""1.5"": {""over"": 190, ""under"": -260}}, ""pinnacle"": {""0.5"": {""over"": -132, ""under"": -101}}, ""fanduel"": {""1.5"": {""over"": 155}}}",1.5,over,bet365,190.0,0.3448275862068966,True,-0.0572,0.5,over,pinnacle,-132.0,0.5689655172413793,True,-0.0022,False
677649,Ezequiel Duran,TEX,HOU,0,6.0,1,669854,Ronel Blanco,R,824162,7:10 PM ET,Daikin Park,1,1,0.2504472271914132,2026-08-01,824162,1.0,0,97.4,100.1,118.7,R,4,4,1,0,0,0,0,0,0,1,1,3,0,0,1,2,0,0.16633333333333333,0.18666666666666668,1,0,1,0,1,0,0.2692307692307692,0.3442622950819672,0.6923076923076923,0.26229508196721313,0.29411764705882354,0.34615384615384615,0.06557377049180328,0.06557377049180328,0.17307692307692307,2.1333333333333333,1.0666666666666667,0.3157894736842105,0.3157894736842105,0.3684210526315789,0.2894736842105263,0.10526315789473684,0.3124888888888889,0.5606222222222222,0.25,0.09523809523809523,0.24251666666666663,0.5950666666666666,0.29411764705882354,0.6666666666666666,0.1864406779661017,0.26229508196721313,0.36065573770491804,0.30158730158730157,0.6376146788990825,0.16393442622950818,0.390625,0.1875,0.34532374100719426,0.34532374100719426,0.02158273381294964,6.75,1.1812500000000001,9.28125,0.2534562211981567,0.5942291362101518,0.35714190310422533,0.5942291362101518,2.1333333333333333,"{""novig"": {""1.5"": {""over"": 170}}, ""betmgm"": {""0.5"": {""over"": -175, ""under"": 130}}, ""bet365"": {""1.5"": {""over"": 185, ""under"": -250}}, ""pinnacle"": {""0.5"": {""over"": -165, ""under"": 124}}}",1.5,over,bet365,185.0,0.3508771929824561,True,0.0063,0.5,over,pinnacle,-165.0,0.6226415094339622,True,-0.0284,False
592626,Joc Pederson,TEX,HOU,0,1.0,1,669854,Ronel Blanco,R,824162,7:10 PM ET,Daikin Park,0,1,0.2504472271914132,2026-08-01,824162,1.0,0,97.4,100.1,118.7,L,3,1,1,0,0,1,2,0,0,0,4,1,0,1,1,0,0,0.843,2.734,1,0,1,1,0,0,0.32608695652173914,0.3673469387755102,0.7391304347826086,0.24489795918367346,0.3448275862068966,0.41304347826086957,0.10204081632653061,0.08163265306122448,0.1956521739130435,2.2666666666666666,0.8,0.4411764705882353,0.23529411764705882,0.35294117647058826,0.3235294117647059,0.0,0.36225,0.7956705128205128,0.26666666666666666,0.3333333333333333,0.26043749999999993,0.5139583333333334,0.2826086956521739,0.6304347826086957,0.24489795918367346,0.1935483870967742,0.3870967741935484,0.325,0.6376146788990825,0.16393442622950818,0.390625,0.1875,0.34532374100719426,0.34532374100719426,0.02158273381294964,6.75,1.1812500000000001,9.28125,0.2534562211981567,0.5645294309814851,0.3617359067903289,0.5645294309814851,2.2666666666666666,"{""novig"": {""1.5"": {""over"": 141, ""under"": -182}}, ""betmgm"": {""0.5"": {""over"": -175, ""under"": 130}}, ""bet365"": {""1.5"": {""over"": 155, ""under"": -210}}, ""pinnacle"": {""0.5"": {""over"": -142, ""under"": 107}}, ""fanduel"": {""1.5"": {""over"": 135}}}",1.5,over,bet365,155.0,0.39215686274509803,True,-0.0304,0.5,over,pinnacle,-142.0,0.5867768595041323,True,-0.0222,False
670032,Nicky Lopez,TEX,HOU,0,9.0,1,669854,Ronel Blanco,R,824162,7:10 PM ET,Daikin Park,0,1,0.2504472271914132,2026-08-01,824162,1.0,0,97.4,100.1,118.7,L,4,4,0,0,0,0,0,0,0,0,0,4,0,2,1,2,1,0.26475,0.4115,0,0,0,0,0,0,0.2391304347826087,0.3076923076923077,0.8260869565217391,0.14545454545454545,0.28205128205128205,0.0,0.0,0.0,0.0,0.7333333333333333,0.5333333333333333,0.23809523809523808,0.21428571428571427,0.5714285714285714,0.14285714285714285,0.0,0.2926055555555555,0.33457777777777775,0.13333333333333333,0.2,0.2065666666666667,0.2326,0.2682926829268293,0.2926829268292683,0.14,0.3333333333333333,0.35555555555555557,0.14285714285714285,0.6376146788990825,0.16393442622950818,0.390625,0.1875,0.34532374100719426,0.34532374100719426,0.02158273381294964,6.75,1.1812500000000001,9.28125,0.2534562211981567,0.4947753873722391,0.2637230419570233,0.4947753873722391,0.7333333333333333,"{""novig"": {""1.5"": {""over"": 223}}, ""betmgm"": {""0.5"": {""over"": -135, ""under"": 100}}, ""bet365"": {""1.5"": {""over"": 260, ""under"": -365}}, ""pinnacle"": {""0.5"": {""over"": -143, ""under"": 108}}, ""fanduel"": {""1.5"": {""over"": 200}}}",1.5,over,bet365,260.0,0.2777777777777778,True,-0.0141,0.5,over,betmgm,-135.0,0.574468085106383,True,-0.0797,False
694671,Wyatt Langford,TEX,HOU,0,2.0,1,669854,Ronel Blanco,R,824162,7:10 PM ET,Daikin Park,1,1,0.2504472271914132,2026-08-01,824162,1.0,0,97.4,100.1,118.7,R,4,4,1,0,0,0,0,0,0,1,1,3,0,2,2,0,1,0.3466666666666667,0.43366666666666664,1,0,1,0,1,0,0.2786885245901639,0.3125,0.7704918032786885,0.21875,0.3181818181818182,0.22950819672131148,0.046875,0.078125,0.13114754098360656,2.066666666666667,0.9333333333333333,0.425531914893617,0.3191489361702128,0.1702127659574468,0.3191489361702128,0.02127659574468085,0.3137011111111111,0.5153355555555555,0.14285714285714285,0.3181818181818182,0.16580000000000003,0.21790000000000007,0.30158730158730157,0.6031746031746031,0.22727272727272727,0.24193548387096775,0.46774193548387094,0.25757575757575757,0.6376146788990825,0.16393442622950818,0.390625,0.1875,0.34532374100719426,0.34532374100719426,0.02158273381294964,6.75,1.1812500000000001,9.28125,0.2534562211981567,0.6573608255744019,0.42370565413972355,0.6573608255744019,2.066666666666667,"{""novig"": {""1.5"": {""over"": 120, ""under"": -141}, ""0.5"": {""over"": -208, ""under"": 170}}, ""bet365"": {""1.5"": {""over"": 130, ""under"": -170}, ""0.5"": {""over"": -200, ""under"": 150}}, ""betmgm"": {""1.5"": {""over"": 115, ""under"": -155}, ""0.5"": {""over"": -210, ""under"": 155}}, ""pinnacle"": {""1.5"": {""over"": 115, ""under"": -153}}, ""draftkings"": {""1.5"": {""over"": 116, ""under"": -154}, ""0.5"": {""over"": -245, ""under"": 181}}, ""fanduel"": {""0.5"": {""over"": -220}}}",1.5,over,bet365,130.0,0.43478260869565216,True,-0.0111,0.5,over,bet365,-200.0,0.6666666666666666,True,-0.0093,True
682657,Angel Martínez,CLE,AZ,1,5.0,1,684442,Kohl Drake,L,824405,7:15 PM ET,Progressive Field,1,0,0.2094240837696335,2026-08-01,824405,0.0,1,96.8,95.8,102.3,R,3,2,0,0,0,0,0,0,0,0,0,3,0,1,0,2,1,0.23500000000000001,0.3435,0,0,0,0,0,0,0.16279069767441862,0.2,0.7441860465116279,0.24444444444444444,0.16666666666666666,0.16279069767441862,0.044444444444444446,0.022222222222222223,0.06976744186046512,0.9333333333333333,0.7333333333333333,0.40625,0.1875,0.5,0.3125,0.03125,0.30649999999999994,0.48614285714285715,0.0,0.3333333333333333,0.10179166666666666,0.11962500000000002,0.1864406779661017,0.288135593220339,0.29508196721311475,0.18333333333333332,0.3,0.22950819672131148,,,,,,,,,,,,0.4824334511595734,0.30114374620689316,0.4824334511595734,0.9333333333333333,"{""novig"": {""1.5"": {""over"": 133, ""under"": -174}, ""0.5"": {""over"": -194, ""under"": 170}}, ""bet365"": {""1.5"": {""over"": 130, ""under"": -170}, ""0.5"": {""over"": -245, ""under"": 182}}, ""betmgm"": {""1.5"": {""over"": 135, ""under"": -185}, ""0.5"": {""over"": -220, ""under"": 165}}, ""pinnacle"": {""1.5"": {""over"": 129, ""under"": -172}}, ""draftkings"": {""1.5"": {""over"": 131, ""under"": -175}, ""0.5"": {""over"": -231, ""under"": 171}}, ""fanduel"": {""0.5"": {""over"": -240}}}",1.5,over,betmgm,135.0,0.425531914893617,True,-0.1244,0.5,over,novig,-194.0,0.6598639455782312,True,-0.1774,True
595978,Austin Hedges,CLE,AZ,1,8.0,1,684442,Kohl Drake,L,824405,7:15 PM ET,Progressive Field,1,0,0.2094240837696335,2026-08-01,824405,0.0,1,96.8,95.8,102.3,R,3,3,0,0,0,0,0,0,0,1,0,2,0,1,2,0,0,0.0075,0.0115,0,0,0,0,1,0,0.35,0.4,0.8,0.1702127659574468,0.36666666666666664,0.25,0.06382978723404255,0.02127659574468085,0.1,1.6,0.5333333333333333,0.3235294117647059,0.20588235294117646,0.3235294117647059,0.29411764705882354,0.0,0.3081785714285714,0.4507142857142857,0.25,0.13333333333333333,0.15804166666666664,0.24904166666666652,0.2682926829268293,0.36585365853658536,0.12,0.30952380952380953,0.5,0.16666666666666666,,,,,,,,,,,,0.5129483424841516,0.3375060453368152,0.5129483424841516,1.6,"{""novig"": {""1.5"": {""over"": 239}}, ""betmgm"": {""0.5"": {""over"": -120, ""under"": -110}}, ""bet365"": {""1.5"": {""over"": 240, ""under"": -340}}, ""pinnacle"": {""0.5"": {""over"": -118, ""under"": -112}}}",1.5,over,bet365,240.0,0.29411764705882354,True,0.0434,0.5,over,pinnacle,-118.0,0.5412844036697247,True,-0.0283,False
677587,Brayan Rocchio,CLE,AZ,1,9.0,1,684442,Kohl Drake,L,824405,7:15 PM ET,Progressive Field,1,0,0.2094240837696335,2026-08-01,824405,0.0,1,96.8,95.8,102.3,R,3,3,0,0,0,0,0,0,0,0,0,3,0,0,0,3,0,0.209,0.2373333333333333,0,0,0,0,0,0,0.16666666666666666,0.1891891891891892,0.8333333333333334,0.15789473684210525,0.2,0.08333333333333333,0.0,0.07894736842105263,0.08333333333333333,0.6,0.4,0.25806451612903225,0.0967741935483871,0.45161290322580644,0.41935483870967744,0.03225806451612903,0.1804777777777778,0.2833666666666667,0.2,0.08333333333333333,0.20195000000000007,0.34110000000000007,0.22033898305084745,0.3389830508474576,0.19672131147540983,0.2727272727272727,0.4,0.15254237288135594,,,,,,,,,,,,0.3699410390240511,0.22142813391583704,0.3699410390240511,0.6,"{""novig"": {""1.5"": {""over"": 182}}, ""betmgm"": {""0.5"": {""over"": -160, ""under"": 120}}, ""bet365"": {""1.5"": {""over"": 182, ""under"": -245}}, ""pinnacle"": {""0.5"": {""over"": -175, ""under"": 131}}, ""draftkings"": {""1.5"": {""over"": 139, ""under"": -186}}}",1.5,over,novig,182.0,0.3546099290780142,True,-0.1332,0.5,over,betmgm,-160.0,0.6153846153846154,True,-0.2454,False
800050,Chase DeLauter,CLE,AZ,1,3.0,1,684442,Kohl Drake,L,824405,7:15 PM ET,Progressive Field,0,0,0.2094240837696335,2026-08-01,824405,0.0,1,96.8,95.8,102.3,L,4,4,0,0,0,0,0,0,0,1,0,3,0,0,1,1,1,0.165,0.205,0,0,0,0,1,0,0.2857142857142857,0.3787878787878788,0.8035714285714286,0.16666666666666666,0.3181818181818182,0.17857142857142858,0.030303030303030304,0.06060606060606061,0.10714285714285714,1.7333333333333334,0.7333333333333333,0.5434782608695652,0.2608695652173913,0.43478260869565216,0.1956521739130435,0.021739130434782608,0.2991154761904761,0.5723952380952381,0.2,0.19047619047619047,0.26416666666666666,0.5003333333333334,0.288135593220339,0.5084745762711864,0.1791044776119403,0.3275862068965517,0.41379310344827586,0.140625,,,,,,,,,,,,0.674198568098645,0.42250778974604897,0.674198568098645,1.7333333333333334,"{""novig"": {""1.5"": {""over"": 127, ""under"": -156}, ""0.5"": {""over"": -245, ""under"": 194}}, ""betmgm"": {""1.5"": {""over"": 120, ""under"": -160}, ""0.5"": {""over"": -275, ""under"": 200}}, ""pinnacle"": {""1.5"": {""over"": 128, ""under"": -172}}, ""draftkings"": {""1.5"": {""over"": 115, ""under"": -153}, ""0.5"": {""over"": -268, ""under"": 197}}, ""bet365"": {""0.5"": {""over"": -240, ""under"": 180}}, ""fanduel"": {""0.5"": {""over"": -260}}}",1.5,over,pinnacle,128.0,0.43859649122807015,True,-0.0161,0.5,over,bet365,-240.0,0.7058823529411765,True,-0.0317,True
681807,David Fry,CLE,AZ,1,6.0,1,684442,Kohl Drake,L,824405,7:15 PM ET,Progressive Field,1,0,0.2094240837696335,2026-08-01,824405,0.0,1,96.8,95.8,102.3,R,2,1,0,0,0,0,1,0,0,0,0,1,0,1,0,0,0,0.023,0.033,0,0,0,0,0,0,0.07142857142857142,0.16129032258064516,0.6071428571428571,0.3548387096774194,0.0,0.21428571428571427,0.06451612903225806,0.0,0.07142857142857142,0.5333333333333333,0.7333333333333333,0.35294117647058826,0.0,0.4117647058823529,0.4117647058823529,0.058823529411764705,0.20216666666666666,0.51559375,0.0,0.23076923076923078,0.144611111111111,0.16708333333333303,0.23529411764705882,0.38235294117647056,0.13157894736842105,0.09523809523809523,0.38095238095238093,0.3333333333333333,,,,,,,,,,,,0.5057821727504825,0.2728135561821363,0.5057821727504825,0.5333333333333333,"{""novig"": {""1.5"": {""over"": 186, ""under"": -174}}, ""betmgm"": {""0.5"": {""over"": -125, ""under"": -105}}, ""bet365"": {""1.5"": {""over"": 205, ""under"": -290}}, ""pinnacle"": {""0.5"": {""over"": -134, ""under"": 101}}}",1.5,over,bet365,205.0,0.32786885245901637,True,-0.0551,0.5,over,betmgm,-125.0,0.5555555555555556,True,-0.0498,False
608070,José Ramírez,CLE,AZ,1,2.0,1,684442,Kohl Drake,L,824405,7:15 PM ET,Progressive Field,0,0,0.2094240837696335,2026-08-01,824405,0.0,1,96.8,95.8,102.3,L,1,1,0,0,0,0,0,0,0,0,0,1,0,0,1,0,0,0.206,0.469,0,0,0,0,0,0,0.23404255319148937,0.2653061224489796,0.8936170212765957,0.10204081632653061,0.2619047619047619,0.02127659574468085,0.0,0.02040816326530612,0.02127659574468085,0.8,0.3333333333333333,0.23809523809523808,0.30952380952380953,0.38095238095238093,0.21428571428571427,0.0,0.2782178571428572,0.3352071428571429,0.26666666666666666,0.06666666666666667,0.3533833333333332,0.4314833333333331,0.26229508196721313,0.4262295081967213,0.13432835820895522,0.3333333333333333,0.5964912280701754,0.09230769230769231,,,,,,,,,,,,0.5308651730068338,0.3498372801189711,0.5308651730068338,0.8,"{""novig"": {""1.5"": {""over"": 111, ""under"": -125}}, ""bet365"": {""1.5"": {""over"": -105, ""under"": -130}}, ""betmgm"": {""1.5"": {""over"": 100, ""under"": -135}}, ""pinnacle"": {""1.5"": {""over"": -107, ""under"": -124}}, ""draftkings"": {""1.5"": {""over"": -103, ""under"": -129}}, ""fanduel"": {""1.5"": {""over"": -115}, ""0.5"": {""over"": -280}}}",1.5,over,novig,111.0,0.47393364928909953,True,-0.1241,0.5,over,fanduel,-280.0,0.7368421052631579,True,-0.206,True
656555,Rhys Hoskins,CLE,AZ,1,4.0,1,684442,Kohl Drake,L,824405,7:15 PM ET,Progressive Field,1,0,0.2094240837696335,2026-08-01,824405,0.0,1,96.8,95.8,102.3,R,2,1,1,0,0,0,1,0,0,0,1,1,0,1,0,0,1,0.843,2.609,1,0,1,0,0,0,0.1282051282051282,0.24444444444444444,0.5897435897435898,0.35555555555555557,0.05263157894736842,0.3076923076923077,0.08888888888888889,0.0,0.10256410256410256,1.1333333333333333,1.0666666666666667,0.30434782608695654,0.13043478260869565,0.17391304347826086,0.43478260869565216,0.13043478260869565,0.25235606060606064,0.6278181818181818,0.0,0.35714285714285715,0.14889999999999998,0.1876000000000001,0.16071428571428573,0.4107142857142857,0.36065573770491804,0.125,0.25,0.40540540540540543,,,,,,,,,,,,0.577346360166835,0.28113568743542794,0.577346360166835,1.1333333333333333,"{""novig"": {""1.5"": {""over"": 150}}, ""betmgm"": {""0.5"": {""over"": -150, ""under"": 110}}, ""bet365"": {""1.5"": {""over"": 135, ""under"": -180}}, ""pinnacle"": {""0.5"": {""over"": -153, ""under"": 115}}, ""fanduel"": {""1.5"": {""over"": 140}}}",1.5,over,novig,150.0,0.4,True,-0.1189,0.5,over,betmgm,-150.0,0.6,True,-0.0227,False
680757,Steven Kwan,CLE,AZ,1,1.0,1,684442,Kohl Drake,L,824405,7:15 PM ET,Progressive Field,0,0,0.2094240837696335,2026-08-01,824405,0.0,1,96.8,95.8,102.3,L,3,2,2,1,0,0,1,0,0,0,3,2,0,0,0,1,1,0.4115,0.5445,1,1,1,1,0,0,0.38596491228070173,0.4375,0.8947368421052632,0.09230769230769231,0.4230769230769231,0.07017543859649122,0.0,0.06153846153846154,0.07017543859649122,1.7333333333333334,0.4,0.057692307692307696,0.4423076923076923,0.36538461538461536,0.17307692307692307,0.0,0.42917,0.5207077777777778,0.23809523809523808,0.17391304347826086,0.4162866666666666,0.5070666666666666,0.35185185185185186,0.4074074074074074,0.11475409836065574,0.2222222222222222,0.26666666666666666,0.1206896551724138,,,,,,,,,,,,0.6559689052562007,0.3626789708343216,0.6559689052562007,1.7333333333333334,"{""novig"": {""1.5"": {""over"": 144, ""under"": -194}, ""0.5"": {""over"": -264, ""under"": 194}}, ""bet365"": {""1.5"": {""over"": 160, ""under"": -220}, ""0.5"": {""over"": -240, ""under"": 180}}, ""betmgm"": {""1.5"": {""over"": 130, ""under"": -175}, ""0.5"": {""over"": -275, ""under"": 195}}, ""pinnacle"": {""1.5"": {""over"": 130, ""under"": -174}}, ""draftkings"": {""1.5"": {""over"": 131, ""under"": -175}, ""0.5"": {""over"": -254, ""under"": 187}}, ""fanduel"": {""0.5"": {""over"": -270}}}",1.5,over,bet365,160.0,0.38461538461538464,True,-0.0219,0.5,over,bet365,-240.0,0.7058823529411765,True,-0.0499,True
683953,Travis Bazzana,CLE,AZ,1,7.0,1,684442,Kohl Drake,L,824405,7:15 PM ET,Progressive Field,0,0,0.2094240837696335,2026-08-01,824405,0.0,1,96.8,95.8,102.3,L,4,4,0,0,0,0,0,0,0,2,0,2,0,1,0,2,0,0.0935,0.1045,0,0,0,0,1,1,0.2545454545454545,0.3787878787878788,0.7090909090909091,0.24242424242424243,0.32432432432432434,0.14545454545454545,0.030303030303030304,0.0,0.05454545454545454,1.4666666666666666,1.0666666666666667,0.3333333333333333,0.23076923076923078,0.3333333333333333,0.3076923076923077,0.05128205128205128,0.3417833333333334,0.5300444444444444,0.3333333333333333,0.25,0.372,0.5223166666666667,0.21428571428571427,0.375,0.25757575757575757,0.2037037037037037,0.25925925925925924,0.23076923076923078,,,,,,,,,,,,0.6316463086289632,0.35523134172607196,0.6316463086289632,1.4666666666666666,"{""novig"": {""1.5"": {""over"": 178}}, ""betmgm"": {""0.5"": {""over"": -175, ""under"": 130}}, ""bet365"": {""1.5"": {""over"": 170, ""under"": -230}}, ""pinnacle"": {""0.5"": {""over"": -187, ""under"": 139}}}",1.5,over,novig,178.0,0.3597122302158273,True,-0.0045,0.5,over,betmgm,-175.0,0.6363636363636364,True,-0.0047,False
682998,Corbin Carroll,AZ,CLE,0,1.0,1,800048,Parker Messick,L,824405,7:15 PM ET,Progressive Field,0,0,0.17483660130718953,2026-08-01,824405,0.0,1,96.8,95.8,102.3,L,4,3,0,0,0,0,1,0,0,0,0,3,0,1,0,1,1,0.2816666666666667,0.39833333333333326,0,0,0,0,0,0,0.19672131147540983,0.29577464788732394,0.7377049180327869,0.22535211267605634,0.22727272727272727,0.21311475409836064,0.028169014084507043,0.04225352112676056,0.11475409836065574,1.6666666666666667,1.0666666666666667,0.6304347826086957,0.15217391304347827,0.3695652173913043,0.45652173913043476,0.06521739130434782,0.29760555555555557,0.5967888888888889,0.23809523809523808,0.2,0.28941666666666666,0.5125500000000003,0.18333333333333332,0.31666666666666665,0.23943661971830985,0.31666666666666665,0.6,0.16666666666666666,0.7053941908713693,0.18867924528301888,0.3686635944700461,0.16129032258064516,0.4411764705882353,0.2235294117647059,0.01764705882352941,7.322033898305085,0.7627118644067796,8.847457627118644,0.23868312757201646,0.5990145276369668,0.41163942238434986,0.5990145276369668,1.6666666666666667,"{""novig"": {""1.5"": {""over"": 130, ""under"": -156}, ""0.5"": {""over"": -203, ""under"": 160}}, ""bet365"": {""1.5"": {""over"": 110, ""under"": -150}, ""0.5"": {""over"": -210, ""under"": 155}}, ""betmgm"": {""1.5"": {""over"": 115, ""under"": -155}, ""0.5"": {""over"": -225, ""under"": 165}}, ""pinnacle"": {""1.5"": {""over"": 120, ""under"": -160}}, ""draftkings"": {""1.5"": {""over"": 119, ""under"": -159}, ""0.5"": {""over"": -211, ""under"": 157}}, ""fanduel"": {""1.5"": {""over"": 110}, ""0.5"": {""over"": -220}}}",1.5,over,novig,130.0,0.43478260869565216,True,-0.0231,0.5,over,novig,-203.0,0.66996699669967,True,-0.071,True
672515,Gabriel Moreno,AZ,CLE,0,3.0,1,800048,Parker Messick,L,824405,7:15 PM ET,Progressive Field,1,0,0.17483660130718953,2026-08-01,824405,0.0,1,96.8,95.8,102.3,R,4,3,1,0,0,0,0,1,0,0,1,3,0,1,2,0,1,0.3383333333333334,0.5786666666666667,1,0,1,0,0,0,0.35714285714285715,0.44285714285714284,0.8392857142857143,0.12857142857142856,0.375,0.17857142857142858,0.02857142857142857,0.05714285714285714,0.10714285714285714,2.0,0.6,0.44,0.3,0.42,0.26,0.0,0.43831666666666674,0.7123222222222222,0.25,0.125,0.3352000000000001,0.59785,0.40350877192982454,0.5614035087719298,0.11428571428571428,0.25,0.5192307692307693,0.19672131147540983,0.7053941908713693,0.18867924528301888,0.3686635944700461,0.16129032258064516,0.4411764705882353,0.2235294117647059,0.01764705882352941,7.322033898305085,0.7627118644067796,8.847457627118644,0.23868312757201646,0.6663290772710432,0.4438645739401239,0.6663290772710432,2.0,"{""novig"": {""1.5"": {""over"": 147, ""under"": -186}, ""0.5"": {""over"": -223, ""under"": 178}}, ""bet365"": {""1.5"": {""over"": 120, ""under"": -160}, ""0.5"": {""over"": -280, ""under"": 202}}, ""betmgm"": {""1.5"": {""over"": 135, ""under"": -185}, ""0.5"": {""over"": -235, ""under"": 175}}, ""pinnacle"": {""1.5"": {""over"": 130, ""under"": -175}}, ""draftkings"": {""1.5"": {""over"": 144, ""under"": -193}, ""0.5"": {""over"": -228, ""under"": 169}}, ""fanduel"": {""0.5"": {""over"": -230}}}",1.5,over,novig,147.0,0.4048582995951417,True,0.039,0.5,over,novig,-223.0,0.6904024767801857,True,-0.0241,True
672695,Geraldo Perdomo,AZ,CLE,0,2.0,1,800048,Parker Messick,L,824405,7:15 PM ET,Progressive Field,1,0,0.17483660130718953,2026-08-01,824405,0.0,1,96.8,95.8,102.3,R,1,1,1,0,0,0,0,0,0,0,1,1,0,0,0,0,1,0.96,1.08,1,0,1,0,0,0,0.125,0.3170731707317073,0.78125,0.16666666666666666,0.125,0.15625,0.023809523809523808,0.0,0.0625,0.6,0.4666666666666667,0.19230769230769232,0.19230769230769232,0.3076923076923077,0.46153846153846156,0.038461538461538464,0.18217948717948718,0.28973076923076924,0.13333333333333333,0.26666666666666666,0.23966666666666664,0.3364,0.14545454545454545,0.3090909090909091,0.1267605633802817,0.23728813559322035,0.288135593220339,0.15384615384615385,0.7053941908713693,0.18867924528301888,0.3686635944700461,0.16129032258064516,0.4411764705882353,0.2235294117647059,0.01764705882352941,7.322033898305085,0.7627118644067796,8.847457627118644,0.23868312757201646,0.6055544433665715,0.3017737165643048,0.6055544433665715,0.6,"{""novig"": {""1.5"": {""over"": 163, ""under"": -203}}, ""bet365"": {""1.5"": {""over"": 160, ""under"": -220}}, ""betmgm"": {""1.5"": {""over"": 145, ""under"": -200}}, ""pinnacle"": {""0.5"": {""over"": -219, ""under"": 161}}, ""draftkings"": {""1.5"": {""over"": 152, ""under"": -204}}, ""fanduel"": {""1.5"": {""over"": 155}}}",1.5,over,novig,163.0,0.38022813688212925,True,-0.0785,0.5,over,pinnacle,-219.0,0.6865203761755486,True,-0.081,False
545121,Ildemaro Vargas,AZ,CLE,0,7.0,1,800048,Parker Messick,L,824405,7:15 PM ET,Progressive Field,1,0,0.17483660130718953,2026-08-01,824405,0.0,1,96.8,95.8,102.3,R,1,1,0,0,0,0,0,0,0,0,0,1,0,0,0,1,0,0.429,0.494,0,0,0,0,0,0,0.43333333333333335,0.5,0.9666666666666667,0.029411764705882353,0.4482758620689655,0.06666666666666667,0.0,0.058823529411764705,0.06666666666666667,1.0,0.06666666666666667,0.5172413793103449,0.4827586206896552,0.3793103448275862,0.10344827586206896,0.0,0.43151904761904764,0.5518595238095239,0.375,0.0,0.42910000000000015,0.5355000000000001,0.2727272727272727,0.36363636363636365,0.0847457627118644,0.2564102564102564,0.3076923076923077,0.06521739130434782,0.7053941908713693,0.18867924528301888,0.3686635944700461,0.16129032258064516,0.4411764705882353,0.2235294117647059,0.01764705882352941,7.322033898305085,0.7627118644067796,8.847457627118644,0.23868312757201646,0.5739504600842147,0.3183732119752085,0.5739504600842147,1.0,"{""novig"": {""1.5"": {""over"": 167, ""under"": -167}}, ""betmgm"": {""0.5"": {""over"": -165, ""under"": 125}}, ""bet365"": {""1.5"": {""over"": 160, ""under"": -220}}, ""pinnacle"": {""0.5"": {""over"": -192, ""under"": 143}}, ""draftkings"": {""1.5"": {""over"": 151, ""under"": -203}}}",1.5,over,novig,167.0,0.37453183520599254,True,-0.0562,0.5,over,betmgm,-165.0,0.6226415094339622,True,-0.0487,False
543510,James McCann,AZ,CLE,0,8.0,1,800048,Parker Messick,L,824405,7:15 PM ET,Progressive Field,1,0,0.17483660130718953,2026-08-01,824405,0.0,1,96.8,95.8,102.3,R,6,6,4,0,0,0,0,0,0,1,4,5,0,2,0,3,2,0.4986,0.5795999999999999,1,1,1,1,1,0,0.2653061224489796,0.28,0.7755102040816326,0.21568627450980393,0.2857142857142857,0.1836734693877551,0.058823529411764705,0.0,0.061224489795918366,1.4666666666666666,0.7333333333333333,0.46153846153846156,0.1282051282051282,0.6153846153846154,0.23076923076923078,0.05128205128205128,0.2734166666666667,0.4345833333333333,0.4444444444444444,0.21052631578947367,0.32959999999999995,0.6902,0.2826086956521739,0.5217391304347826,0.3125,0.2553191489361702,0.3829787234042553,0.22,0.7053941908713693,0.18867924528301888,0.3686635944700461,0.16129032258064516,0.4411764705882353,0.2235294117647059,0.01764705882352941,7.322033898305085,0.7627118644067796,8.847457627118644,0.23868312757201646,0.6259805543941127,0.3857118516209425,0.6259805543941127,1.4666666666666666,"{""novig"": {""1.5"": {""over"": 203}}, ""betmgm"": {""0.5"": {""over"": -135, ""under"": 100}}, ""bet365"": {""1.5"": {""over"": 205, ""under"": -290}}, ""pinnacle"": {""0.5"": {""over"": -140, ""under"": 105}}}",1.5,over,bet365,205.0,0.32786885245901637,True,0.0578,0.5,over,betmgm,-135.0,0.574468085106383,True,0.0515,False
606466,Ketel Marte,AZ,CLE,0,4.0,1,800048,Parker Messick,L,824405,7:15 PM ET,Progressive Field,0,0,0.17483660130718953,2026-08-01,824405,0.0,1,96.8,95.8,102.3,L,4,3,1,0,0,0,0,1,0,2,1,1,0,1,0,0,1,0.883,1.031,1,0,1,0,1,1,0.20512820512820512,0.23809523809523808,0.8717948717948718,0.11904761904761904,0.18181818181818182,0.20512820512820512,0.047619047619047616,0.047619047619047616,0.10256410256410256,1.0666666666666667,0.3333333333333333,0.2857142857142857,0.11428571428571428,0.37142857142857144,0.4,0.0,0.229575,0.4036125,0.21428571428571427,0.06666666666666667,0.17020416666666657,0.23106666666666642,0.18181818181818182,0.25757575757575757,0.2112676056338028,0.31746031746031744,0.5873015873015873,0.14492753623188406,0.7053941908713693,0.18867924528301888,0.3686635944700461,0.16129032258064516,0.4411764705882353,0.2235294117647059,0.01764705882352941,7.322033898305085,0.7627118644067796,8.847457627118644,0.23868312757201646,0.4964510352712776,0.3212757830591557,0.4964510352712776,1.0666666666666667,"{""novig"": {""1.5"": {""over"": 125, ""under"": -160}, ""0.5"": {""over"": -213, ""under"": 163}}, ""bet365"": {""1.5"": {""over"": 120, ""under"": -160}, ""0.5"": {""over"": -245, ""under"": 182}}, ""betmgm"": {""1.5"": {""over"": 115, ""under"": -155}, ""0.5"": {""over"": -235, ""under"": 170}}, ""pinnacle"": {""1.5"": {""over"": 121, ""under"": -162}}, ""draftkings"": {""1.5"": {""over"": 125, ""under"": -167}, ""0.5"": {""over"": -217, ""under"": 162}}, ""fanduel"": {""0.5"": {""over"": -240}}}",1.5,over,draftkings,125.0,0.4444444444444444,True,-0.1232,0.5,over,novig,-213.0,0.6805111821086262,True,-0.1841,True
571448,Nolan Arenado,AZ,CLE,0,5.0,1,800048,Parker Messick,L,824405,7:15 PM ET,Progressive Field,1,0,0.17483660130718953,2026-08-01,824405,0.0,1,96.8,95.8,102.3,R,4,4,0,0,0,0,0,0,0,0,0,4,0,0,0,2,0,0.24300000000000002,0.25875,0,0,0,0,0,0,0.26,0.3620689655172414,0.78,0.1896551724137931,0.2777777777777778,0.26,0.05172413793103448,0.06896551724137931,0.14,1.7333333333333334,0.7333333333333333,0.41025641025641024,0.20512820512820512,0.48717948717948717,0.1794871794871795,0.02564102564102564,0.350672619047619,0.558077380952381,0.17647058823529413,0.2631578947368421,0.2885624999999999,0.32583333333333314,0.2727272727272727,0.4909090909090909,0.22580645161290322,0.19607843137254902,0.43137254901960786,0.19672131147540983,0.7053941908713693,0.18867924528301888,0.3686635944700461,0.16129032258064516,0.4411764705882353,0.2235294117647059,0.01764705882352941,7.322033898305085,0.7627118644067796,8.847457627118644,0.23868312757201646,0.6349933611765163,0.38961748288099113,0.6349933611765163,1.7333333333333334,"{""novig"": {""1.5"": {""over"": 156}}, ""betmgm"": {""0.5"": {""over"": -185, ""under"": 135}}, ""bet365"": {""1.5"": {""over"": 160, ""under"": -220}}, ""pinnacle"": {""0.5"": {""over"": -183, ""under"": 137}}, ""fanduel"": {""1.5"": {""over"": 140}}}",1.5,over,bet365,160.0,0.38461538461538464,True,0.005,0.5,over,pinnacle,-183.0,0.6466431095406361,True,-0.0116,False
814439,Ryan Waldschmidt,AZ,CLE,0,9.0,1,800048,Parker Messick,L,824405,7:15 PM ET,Progressive Field,1,0,0.17483660130718953,2026-08-01,824405,0.0,1,96.8,95.8,102.3,R,3,3,2,0,0,0,0,0,0,0,2,3,0,0,1,0,2,0.5293333333333333,0.5883333333333334,1,1,1,1,0,0,0.2708333333333333,0.3018867924528302,0.625,0.33962264150943394,0.3870967741935484,0.1875,0.018867924528301886,0.11320754716981132,0.14583333333333334,1.4666666666666666,1.2,0.28125,0.28125,0.3125,0.375,0.03125,0.3496666666666667,0.542345238095238,0.42857142857142855,0.21428571428571427,0.35330000000000006,0.5589999999999999,0.2,0.38,0.36363636363636365,0.4146341463414634,0.5853658536585366,0.27906976744186046,0.7053941908713693,0.18867924528301888,0.3686635944700461,0.16129032258064516,0.4411764705882353,0.2235294117647059,0.01764705882352941,7.322033898305085,0.7627118644067796,8.847457627118644,0.23868312757201646,0.5268768016278088,0.28429581325126035,0.5268768016278088,1.4666666666666666,"{""novig"": {""1.5"": {""over"": 203}}, ""betmgm"": {""0.5"": {""over"": -150, ""under"": 110}}, ""bet365"": {""1.5"": {""over"": 220, ""under"": -320}}, ""pinnacle"": {""0.5"": {""over"": -137, ""under"": 104}}}",1.5,over,bet365,220.0,0.3125,True,-0.0282,0.5,over,pinnacle,-137.0,0.5780590717299579,True,-0.0512,False
694374,Tim Tawa,AZ,CLE,0,6.0,1,800048,Parker Messick,L,824405,7:15 PM ET,Progressive Field,1,0,0.17483660130718953,2026-08-01,824405,0.0,1,96.8,95.8,102.3,R,3,2,0,0,0,0,1,0,0,0,0,2,0,1,1,1,0,0.1305,0.1485,0,0,0,0,0,0,0.29310344827586204,0.3,0.7931034482758621,0.2,0.3181818181818182,0.2413793103448276,0.05,0.08333333333333333,0.13793103448275862,2.066666666666667,0.8,0.5106382978723404,0.1702127659574468,0.3829787234042553,0.3617021276595745,0.0851063829787234,0.32132738095238095,0.6082261904761905,0.125,0.1875,0.19097916666666664,0.2474374999999999,0.2631578947368421,0.49122807017543857,0.1935483870967742,0.16216216216216217,0.24324324324324326,0.13953488372093023,0.7053941908713693,0.18867924528301888,0.3686635944700461,0.16129032258064516,0.4411764705882353,0.2235294117647059,0.01764705882352941,7.322033898305085,0.7627118644067796,8.847457627118644,0.23868312757201646,0.628959052222055,0.366828713111868,0.628959052222055,2.066666666666667,"{""novig"": {""1.5"": {""over"": 182}}, ""betmgm"": {""0.5"": {""over"": -140, ""under"": 105}}, ""bet365"": {""1.5"": {""over"": 185, ""under"": -250}}, ""pinnacle"": {""0.5"": {""over"": -142, ""under"": 107}}}",1.5,over,bet365,185.0,0.3508771929824561,True,0.016,0.5,over,betmgm,-140.0,0.5833333333333334,True,0.0456,False
663586,Austin Riley,ATL,WSH,1,7.0,1,571945,Miles Mikolas,R,824890,7:15 PM ET,Truist Park,1,1,0.21080139372822299,2026-08-01,824890,,0,100.6,98.4,97.1,R,4,3,1,0,0,0,1,0,0,2,1,1,0,1,0,1,0,0.58,0.619,1,0,1,0,1,1,0.23214285714285715,0.3064516129032258,0.5714285714285714,0.3870967741935484,0.3448275862068966,0.17857142857142858,0.04838709677419355,0.016129032258064516,0.07142857142857142,1.5333333333333334,1.6,0.53125,0.25,0.34375,0.3125,0.03125,0.37368690476190475,0.7070535714285714,0.05555555555555555,0.6,0.1452500000000001,0.16125,0.24561403508771928,0.43859649122807015,0.36507936507936506,0.18518518518518517,0.25925925925925924,0.3389830508474576,0.8785046728971962,0.25773195876288657,0.49019607843137253,0.19607843137254902,0.44148936170212766,0.26063829787234044,0.02127659574468085,9.773006134969325,1.822085889570552,4.306748466257669,0.11711711711711711,0.61903070334507,0.37513182495809466,0.61903070334507,1.5333333333333334,"{""novig"": {""1.5"": {""over"": 127, ""under"": -170}, ""0.5"": {""over"": -208, ""under"": 160}}, ""bet365"": {""1.5"": {""over"": 125, ""under"": -165}, ""0.5"": {""over"": -220, ""under"": 160}}, ""betmgm"": {""1.5"": {""over"": 130, ""under"": -175}, ""0.5"": {""over"": -210, ""under"": 155}}, ""pinnacle"": {""1.5"": {""over"": 124, ""under"": -166}}, ""draftkings"": {""1.5"": {""over"": 122, ""under"": -162}, ""0.5"": {""over"": -208, ""under"": 155}}, ""fanduel"": {""0.5"": {""over"": -230}}}",1.5,over,betmgm,130.0,0.43478260869565216,True,-0.0597,0.5,over,novig,-208.0,0.6753246753246753,True,-0.0563,True
642086,Dominic Smith,ATL,WSH,1,6.0,1,571945,Miles Mikolas,R,824890,7:15 PM ET,Truist Park,0,1,0.21080139372822299,2026-08-01,824890,,0,100.6,98.4,97.1,L,3,3,1,0,0,0,0,0,0,0,1,3,0,0,1,0,1,0.16966666666666666,0.22533333333333336,1,0,1,0,0,0,0.23684210526315788,0.35555555555555557,0.8157894736842105,0.15555555555555556,0.26666666666666666,0.07894736842105263,0.022222222222222223,0.0,0.02631578947368421,0.8,0.4666666666666667,0.22580645161290322,0.22580645161290322,0.5161290322580645,0.1935483870967742,0.0,0.22204871794871794,0.29380128205128203,0.38461538461538464,0.07142857142857142,0.1590333333333334,0.28008333333333346,0.23684210526315788,0.3157894736842105,0.15555555555555556,0.25,0.4,0.2,0.8785046728971962,0.25773195876288657,0.49019607843137253,0.19607843137254902,0.44148936170212766,0.26063829787234044,0.02127659574468085,9.773006134969325,1.822085889570552,4.306748466257669,0.11711711711711711,0.5761329764542901,0.3052400125674993,0.5761329764542901,0.8,"{""novig"": {""1.5"": {""over"": 141, ""under"": -178}, ""0.5"": {""over"": -203, ""under"": 163}}, ""bet365"": {""1.5"": {""over"": 140, ""under"": -190}, ""0.5"": {""over"": -230, ""under"": 175}}, ""betmgm"": {""1.5"": {""over"": 135, ""under"": -185}, ""0.5"": {""over"": -225, ""under"": 165}}, ""pinnacle"": {""1.5"": {""over"": 146, ""under"": -198}}, ""draftkings"": {""1.5"": {""over"": 139, ""under"": -186}, ""0.5"": {""over"": -212, ""under"": 158}}, ""fanduel"": {""0.5"": {""over"": -220}}}",1.5,over,pinnacle,146.0,0.4065040650406504,True,-0.1013,0.5,over,novig,-203.0,0.66996699669967,True,-0.0938,True
686948,Drake Baldwin,ATL,WSH,1,1.0,1,571945,Miles Mikolas,R,824890,7:15 PM ET,Truist Park,0,1,0.21080139372822299,2026-08-01,824890,,0,100.6,98.4,97.1,L,5,5,0,0,0,0,0,0,0,1,0,4,0,2,1,3,0,0.2555,0.2925,0,0,0,0,1,0,0.40350877192982454,0.5072463768115942,0.8421052631578947,0.13043478260869565,0.4186046511627907,0.2807017543859649,0.07246376811594203,0.014492753623188406,0.10526315789473684,2.6,0.6,0.5,0.2916666666666667,0.4166666666666667,0.2708333333333333,0.041666666666666664,0.37635222222222225,0.6934966666666667,0.3888888888888889,0.13636363636363635,0.3674666666666667,0.6161000000000001,0.42592592592592593,0.6481481481481481,0.10144927536231885,0.1875,0.34375,0.26865671641791045,0.8785046728971962,0.25773195876288657,0.49019607843137253,0.19607843137254902,0.44148936170212766,0.26063829787234044,0.02127659574468085,9.773006134969325,1.822085889570552,4.306748466257669,0.11711711711711711,0.6915512458609684,0.4523226300478136,0.6915512458609684,2.6,"{""novig"": {""1.5"": {""over"": -102, ""under"": -111}}, ""bet365"": {""1.5"": {""over"": -120, ""under"": -110}}, ""betmgm"": {""1.5"": {""over"": -120, ""under"": -110}}, ""pinnacle"": {""1.5"": {""over"": -114, ""under"": -116}}, ""draftkings"": {""1.5"": {""over"": -106, ""under"": -125}}, ""fanduel"": {""1.5"": {""over"": -120}, ""0.5"": {""over"": -320}}}",1.5,over,novig,-102.0,0.504950495049505,True,-0.0526,0.5,over,fanduel,-320.0,0.7619047619047619,True,-0.0704,True
805347,Jim Jarvis,ATL,WSH,1,9.0,1,571945,Miles Mikolas,R,824890,7:15 PM ET,Truist Park,0,1,0.21080139372822299,2026-08-01,824890,,0,100.6,98.4,97.1,L,4,3,3,0,0,0,1,0,0,0,3,3,0,1,1,1,1,0.48066666666666663,0.5746666666666667,1,1,1,1,0,0,0.20454545454545456,0.2708333333333333,0.8181818181818182,0.1568627450980392,0.25,0.13636363636363635,0.0,0.0784313725490196,0.11363636363636363,1.0,0.5333333333333333,0.4358974358974359,0.20512820512820512,0.6153846153846154,0.15384615384615385,0.02564102564102564,0.29450000000000004,0.38499999999999995,0.07142857142857142,0.05555555555555555,0.2606333333333334,0.30826666666666663,0.2708333333333333,0.4791666666666667,0.16666666666666666,0.18181818181818182,0.18181818181818182,0.08333333333333333,0.8785046728971962,0.25773195876288657,0.49019607843137253,0.19607843137254902,0.44148936170212766,0.26063829787234044,0.02127659574468085,9.773006134969325,1.822085889570552,4.306748466257669,0.11711711711711711,0.49773472601765345,0.23840847780298483,0.49773472601765345,1.0,"{""novig"": {""1.5"": {""over"": 167}}, ""betmgm"": {""0.5"": {""over"": -165, ""under"": 125}}, ""bet365"": {""1.5"": {""over"": 175, ""under"": -230}}, ""pinnacle"": {""0.5"": {""over"": -182, ""under"": 135}}, ""fanduel"": {""1.5"": {""over"": 170}}}",1.5,over,bet365,175.0,0.36363636363636365,True,-0.1252,0.5,over,betmgm,-165.0,0.6226415094339622,True,-0.1249,False
621566,Matt Olson,ATL,WSH,1,3.0,1,571945,Miles Mikolas,R,824890,7:15 PM ET,Truist Park,0,1,0.21080139372822299,2026-08-01,824890,,0,100.6,98.4,97.1,L,4,4,2,1,0,1,0,0,0,2,6,2,0,2,2,0,0,0.6715,1.9925,1,1,1,1,1,1,0.22033898305084745,0.3235294117647059,0.6440677966101694,0.3088235294117647,0.2857142857142857,0.1864406779661017,0.04411764705882353,0.029411764705882353,0.0847457627118644,1.6,1.4,0.3684210526315789,0.10526315789473684,0.4473684210526316,0.3157894736842105,0.05263157894736842,0.34234444444444445,0.7196722222222223,0.15,0.4090909090909091,0.30683333333333346,0.7526999999999998,0.29310344827586204,0.6724137931034483,0.2676056338028169,0.20689655172413793,0.3448275862068966,0.36507936507936506,0.8785046728971962,0.25773195876288657,0.49019607843137253,0.19607843137254902,0.44148936170212766,0.26063829787234044,0.02127659574468085,9.773006134969325,1.822085889570552,4.306748466257669,0.11711711711711711,0.6413641214396212,0.4141830103666786,0.6413641214396212,1.6,"{""novig"": {""1.5"": {""over"": 104, ""under"": -122}, ""0.5"": {""over"": -239, ""under"": 292}}, ""bet365"": {""1.5"": {""over"": 100, ""under"": -135}, ""0.5"": {""over"": -280, ""under"": 200}}, ""betmgm"": {""1.5"": {""over"": -115, ""under"": -115}}, ""pinnacle"": {""1.5"": {""over"": 100, ""under"": -133}}, ""draftkings"": {""1.5"": {""over"": -106, ""under"": -126}, ""0.5"": {""over"": -273, ""under"": 201}}, ""fanduel"": {""1.5"": {""over"": -110}, ""0.5"": {""over"": -250}}}",1.5,over,novig,104.0,0.49019607843137253,True,-0.076,0.5,over,novig,-239.0,0.7050147492625368,True,-0.0637,True
671739,Michael Harris II,ATL,WSH,1,4.0,1,571945,Miles Mikolas,R,824890,7:15 PM ET,Truist Park,0,1,0.21080139372822299,2026-08-01,824890,,0,100.6,98.4,97.1,L,4,4,2,0,0,1,0,0,0,0,5,4,0,2,0,1,3,0.539,1.005,1,1,1,1,0,0,0.23809523809523808,0.25757575757575757,0.8571428571428571,0.13432835820895522,0.23076923076923078,0.2222222222222222,0.04477611940298507,0.07462686567164178,0.12698412698412698,1.9333333333333333,0.6,0.4,0.16363636363636364,0.4909090909090909,0.23636363636363636,0.01818181818181818,0.2980466666666667,0.4653777777777778,0.10526315789473684,0.15,0.2976066666666667,0.3878333333333332,0.2571428571428571,0.4,0.2054794520547945,0.29310344827586204,0.5862068965517241,0.1774193548387097,0.8785046728971962,0.25773195876288657,0.49019607843137253,0.19607843137254902,0.44148936170212766,0.26063829787234044,0.02127659574468085,9.773006134969325,1.822085889570552,4.306748466257669,0.11711711711711711,0.6455395517520488,0.39382790445236204,0.6455395517520488,1.9333333333333333,"{""novig"": {""1.5"": {""over"": -106, ""under"": -108}}, ""bet365"": {""1.5"": {""over"": -120, ""under"": -110}}, ""betmgm"": {""1.5"": {""over"": -110, ""under"": -120}}, ""pinnacle"": {""1.5"": {""over"": -113, ""under"": -118}}, ""draftkings"": {""1.5"": {""over"": -107, ""under"": -124}}, ""fanduel"": {""0.5"": {""over"": -340}}}",1.5,over,novig,-106.0,0.5145631067961165,True,-0.1207,0.5,over,fanduel,-340.0,0.7727272727272727,True,-0.1272,True
573262,Mike Yastrzemski,ATL,WSH,1,8.0,1,571945,Miles Mikolas,R,824890,7:15 PM ET,Truist Park,0,1,0.21080139372822299,2026-08-01,824890,,0,100.6,98.4,97.1,L,2,2,1,0,0,1,0,0,0,0,4,2,1,2,1,0,1,0.736,2.0235,1,0,1,1,0,0,0.25,0.34146341463414637,0.6944444444444444,0.2682926829268293,0.30434782608695654,0.2222222222222222,0.04878048780487805,0.04878048780487805,0.1111111111111111,1.1333333333333333,0.7333333333333333,0.4,0.2,0.24,0.4,0.04,0.29867948717948717,0.6061794871794872,0.125,0.5555555555555556,0.2336666666666665,0.25866666666666666,0.25,0.4722222222222222,0.2682926829268293,0.1590909090909091,0.3181818181818182,0.3018867924528302,0.8785046728971962,0.25773195876288657,0.49019607843137253,0.19607843137254902,0.44148936170212766,0.26063829787234044,0.02127659574468085,9.773006134969325,1.822085889570552,4.306748466257669,0.11711711711711711,0.4963932621242558,0.3155891100842012,0.4963932621242558,1.1333333333333333,"{""novig"": {""1.5"": {""over"": 170}}, ""betmgm"": {""0.5"": {""over"": -165, ""under"": 125}}, ""bet365"": {""1.5"": {""over"": 175, ""under"": -235}}, ""pinnacle"": {""0.5"": {""over"": -151, ""under"": 114}}}",1.5,over,bet365,175.0,0.36363636363636365,True,-0.048,0.5,over,pinnacle,-151.0,0.601593625498008,True,-0.1052,False
645277,Ozzie Albies,ATL,WSH,1,5.0,1,571945,Miles Mikolas,R,824890,7:15 PM ET,Truist Park,0,1,0.21080139372822299,2026-08-01,824890,,0,100.6,98.4,97.1,L,1,1,0,0,0,0,0,0,0,0,0,1,0,0,1,0,0,0.074,0.084,0,0,0,0,0,0,0.23529411764705882,0.2571428571428571,0.7941176470588235,0.2,0.20833333333333334,0.2647058823529412,0.08571428571428572,0.0,0.08823529411764706,1.1333333333333333,0.4666666666666667,0.4074074074074074,0.25925925925925924,0.2222222222222222,0.37037037037037035,0.037037037037037035,0.2778589743589744,0.46438461538461545,0.2,0.09090909090909091,0.29080000000000006,0.37793333333333307,0.2,0.36923076923076925,0.29577464788732394,0.25862068965517243,0.5517241379310345,0.13846153846153847,0.8785046728971962,0.25773195876288657,0.49019607843137253,0.19607843137254902,0.44148936170212766,0.26063829787234044,0.02127659574468085,9.773006134969325,1.822085889570552,4.306748466257669,0.11711711711711711,0.45726582268053345,0.28295669754900477,0.45726582268053345,1.1333333333333333,"{""novig"": {""1.5"": {""over"": 127, ""under"": -150}, ""0.5"": {""over"": -228, ""under"": 190}}, ""bet365"": {""1.5"": {""over"": 115, ""under"": -155}, ""0.5"": {""over"": -260, ""under"": 190}}, ""betmgm"": {""1.5"": {""over"": 120, ""under"": -160}, ""0.5"": {""over"": -235, ""under"": 170}}, ""pinnacle"": {""1.5"": {""over"": 124, ""under"": -166}}, ""draftkings"": {""1.5"": {""over"": 111, ""under"": -148}, ""0.5"": {""over"": -274, ""under"": 201}}, ""fanduel"": {""0.5"": {""over"": -240}}}",1.5,over,novig,127.0,0.44052863436123346,True,-0.1576,0.5,over,novig,-228.0,0.6951219512195121,True,-0.2379,True
660670,Ronald Acuña Jr.,ATL,WSH,1,2.0,1,571945,Miles Mikolas,R,824890,7:15 PM ET,Truist Park,1,1,0.21080139372822299,2026-08-01,824890,,0,100.6,98.4,97.1,R,5,4,0,0,0,0,0,1,0,1,0,3,0,0,0,3,0,0.14933333333333335,0.15533333333333335,0,0,0,0,1,0,0.2692307692307692,0.40625,0.6923076923076923,0.25,0.26666666666666666,0.36538461538461536,0.09375,0.015625,0.1346153846153846,2.2,1.0666666666666667,0.4444444444444444,0.2222222222222222,0.3055555555555556,0.3611111111111111,0.1111111111111111,0.3643166666666666,0.8687888888888887,0.125,0.3157894736842105,0.38286666666666674,0.7846666666666666,0.2962962962962963,0.5185185185185185,0.21875,0.21818181818181817,0.36363636363636365,0.30303030303030304,0.8785046728971962,0.25773195876288657,0.49019607843137253,0.19607843137254902,0.44148936170212766,0.26063829787234044,0.02127659574468085,9.773006134969325,1.822085889570552,4.306748466257669,0.11711711711711711,0.5971520936811597,0.4164293993488754,0.5971520936811597,2.2,"{""novig"": {""1.5"": {""over"": -102, ""under"": -115}}, ""bet365"": {""1.5"": {""over"": -115, ""under"": -115}}, ""betmgm"": {""1.5"": {""over"": -110, ""under"": -120}}, ""pinnacle"": {""1.5"": {""over"": -101, ""under"": -131}}, ""draftkings"": {""1.5"": {""over"": -111, ""under"": -120}}, ""fanduel"": {""0.5"": {""over"": -320}}}",1.5,over,pinnacle,-101.0,0.5024875621890548,True,-0.0861,0.5,over,fanduel,-320.0,0.7619047619047619,True,-0.1648,True
665953,Andrés Chaparro,WSH,ATL,0,2.0,1,527048,Martín Pérez,L,824890,7:15 PM ET,Truist Park,1,0,0.20302013422818793,2026-08-01,824890,,0,100.6,98.4,97.1,R,2,2,1,0,0,1,0,0,0,0,4,2,1,1,1,0,0,0.2575,0.9045,1,0,1,1,0,0,0.3125,0.35294117647058826,0.75,0.23529411764705882,0.2631578947368421,0.53125,0.14705882352941177,0.058823529411764705,0.21875,1.8,0.5333333333333333,0.5833333333333334,0.25,0.3333333333333333,0.375,0.08333333333333333,0.3886444444444444,1.0714305555555554,0.2727272727272727,0.18181818181818182,0.4123,1.2282333333333333,0.10810810810810811,0.13513513513513514,0.21428571428571427,0.30303030303030304,0.8181818181818182,0.2571428571428571,0.7033492822966507,0.21142857142857144,0.39779005524861877,0.16022099447513813,0.4897959183673469,0.20408163265306123,0.013605442176870748,7.534883720930233,1.0465116279069768,7.7441860465116275,0.20670391061452514,0.6687309537521043,0.3177201648325978,0.6687309537521043,1.8,"{""novig"": {""1.5"": {""over"": 120}, ""0.5"": {""over"": -213}}, ""bet365"": {""1.5"": {""over"": 160, ""under"": -220}, ""0.5"": {""over"": -190, ""under"": 140}}, ""betmgm"": {""0.5"": {""over"": -175, ""under"": 130}}, ""fanduel"": {""0.5"": {""over"": -210}}}",1.5,over,bet365,160.0,0.38461538461538464,True,-0.0669,0.5,over,betmgm,-175.0,0.6363636363636364,True,0.0324,True
691781,Brady House,WSH,ATL,0,5.0,1,527048,Martín Pérez,L,824890,7:15 PM ET,Truist Park,1,0,0.20302013422818793,2026-08-01,824890,,0,100.6,98.4,97.1,R,4,4,1,1,0,0,0,0,0,1,2,3,1,2,2,0,0,0.461,1.4923333333333335,1,0,1,1,1,0,0.22641509433962265,0.2631578947368421,0.7735849056603774,0.21052631578947367,0.25,0.18867924528301888,0.03508771929824561,0.07017543859649122,0.11320754716981132,1.4666666666666666,0.8,0.47619047619047616,0.2857142857142857,0.42857142857142855,0.2857142857142857,0.023809523809523808,0.40206666666666663,0.6743333333333333,0.3125,0.11764705882352941,0.4347333333333333,0.7338500000000001,0.17307692307692307,0.3269230769230769,0.21052631578947367,0.3076923076923077,0.46153846153846156,0.23214285714285715,0.7033492822966507,0.21142857142857144,0.39779005524861877,0.16022099447513813,0.4897959183673469,0.20408163265306123,0.013605442176870748,7.534883720930233,1.0465116279069768,7.7441860465116275,0.20670391061452514,0.6505364408079889,0.3919198444889483,0.6505364408079889,1.4666666666666666,"{""novig"": {""1.5"": {""over"": 150, ""under"": -186}, ""0.5"": {""over"": -228}}, ""bet365"": {""1.5"": {""over"": 140, ""under"": -190}, ""0.5"": {""over"": -245, ""under"": 180}}, ""betmgm"": {""0.5"": {""over"": -200, ""under"": 150}}, ""fanduel"": {""0.5"": {""over"": -260}}}",1.5,over,novig,150.0,0.4,True,-0.0081,0.5,over,betmgm,-200.0,0.6666666666666666,True,-0.0161,True
682928,CJ Abrams,WSH,ATL,0,4.0,1,527048,Martín Pérez,L,824890,7:15 PM ET,Truist Park,0,0,0.20302013422818793,2026-08-01,824890,,0,100.6,98.4,97.1,L,5,2,1,0,0,1,3,0,0,0,4,2,0,1,1,1,0,0.3275,0.801,1,0,1,1,0,0,0.36065573770491804,0.4090909090909091,0.7377049180327869,0.24242424242424243,0.39473684210526316,0.4098360655737705,0.10606060606060606,0.06060606060606061,0.18032786885245902,3.1333333333333333,1.0666666666666667,0.4888888888888889,0.17777777777777778,0.35555555555555557,0.37777777777777777,0.08888888888888889,0.37796071428571426,0.7651011904761905,0.21052631578947367,0.2727272727272727,0.28531249999999997,0.5853750000000001,0.2711864406779661,0.5423728813559322,0.22727272727272727,0.3157894736842105,0.7192982456140351,0.25757575757575757,0.7033492822966507,0.21142857142857144,0.39779005524861877,0.16022099447513813,0.4897959183673469,0.20408163265306123,0.013605442176870748,7.534883720930233,1.0465116279069768,7.7441860465116275,0.20670391061452514,0.68214422024275,0.4593980381507528,0.68214422024275,3.1333333333333333,"{""novig"": {""1.5"": {""over"": 117, ""under"": -138}}, ""bet365"": {""1.5"": {""over"": 135, ""under"": -180}, ""0.5"": {""over"": -220, ""under"": 160}}, ""betmgm"": {""1.5"": {""over"": 110, ""under"": -150}, ""0.5"": {""over"": -220, ""under"": 165}}, ""pinnacle"": {""1.5"": {""over"": 127, ""under"": -170}}, ""draftkings"": {""1.5"": {""over"": 128, ""under"": -171}, ""0.5"": {""over"": -213, ""under"": 158}}, ""fanduel"": {""0.5"": {""over"": -260}}}",1.5,over,bet365,135.0,0.425531914893617,True,0.0339,0.5,over,draftkings,-213.0,0.6805111821086262,True,0.0016,True
686611,Dylan Crews,WSH,ATL,0,3.0,1,527048,Martín Pérez,L,824890,7:15 PM ET,Truist Park,1,0,0.20302013422818793,2026-08-01,824890,,0,100.6,98.4,97.1,R,5,5,2,0,0,0,0,0,0,1,2,4,0,2,1,3,0,0.514,0.55375,1,1,1,1,1,0,0.2222222222222222,0.373134328358209,0.6666666666666666,0.26865671641791045,0.2727272727272727,0.2222222222222222,0.04477611940298507,0.04477611940298507,0.1111111111111111,1.6,1.2,0.3888888888888889,0.1388888888888889,0.3333333333333333,0.4444444444444444,0.05555555555555555,0.25106666666666666,0.5478821428571429,0.2777777777777778,0.3181818181818182,0.307275,0.6935249999999998,0.18181818181818182,0.3090909090909091,0.24615384615384617,0.29411764705882354,0.5098039215686274,0.26229508196721313,0.7033492822966507,0.21142857142857144,0.39779005524861877,0.16022099447513813,0.4897959183673469,0.20408163265306123,0.013605442176870748,7.534883720930233,1.0465116279069768,7.7441860465116275,0.20670391061452514,0.6353152659733481,0.4146586937923324,0.6353152659733481,1.6,"{""novig"": {""1.5"": {""over"": 130, ""under"": -170}}, ""bet365"": {""1.5"": {""over"": 140, ""under"": -190}}, ""betmgm"": {""1.5"": {""over"": 135, ""under"": -185}}, ""pinnacle"": {""0.5"": {""over"": -229, ""under"": 168}}, ""draftkings"": {""1.5"": {""over"": 128, ""under"": -170}}, ""fanduel"": {""1.5"": {""over"": -105}}}",1.5,over,bet365,140.0,0.4166666666666667,True,-0.002,0.5,over,pinnacle,-229.0,0.6960486322188449,True,-0.0607,False
696285,Jacob Young,WSH,ATL,0,6.0,1,527048,Martín Pérez,L,824890,7:15 PM ET,Truist Park,1,0,0.20302013422818793,2026-08-01,824890,,0,100.6,98.4,97.1,R,2,2,0,0,0,0,0,0,0,0,0,2,0,1,0,1,1,0.3715,0.5155,0,0,0,0,0,0,0.3111111111111111,0.42857142857142855,0.8444444444444444,0.1206896551724138,0.34210526315789475,0.17777777777777778,0.017241379310344827,0.08620689655172414,0.13333333333333333,1.4666666666666666,0.4666666666666667,0.2682926829268293,0.36585365853658536,0.36585365853658536,0.2682926829268293,0.0,0.3745952380952381,0.5022559523809523,0.4166666666666667,0.05263157894736842,0.42112499999999997,0.48275,0.17777777777777778,0.28888888888888886,0.18867924528301888,0.28,0.46,0.17857142857142858,0.7033492822966507,0.21142857142857144,0.39779005524861877,0.16022099447513813,0.4897959183673469,0.20408163265306123,0.013605442176870748,7.534883720930233,1.0465116279069768,7.7441860465116275,0.20670391061452514,0.6403874650778533,0.36987927710849827,0.6403874650778533,1.4666666666666666,"{""novig"": {""1.5"": {""over"": 150, ""under"": -217}}, ""betmgm"": {""0.5"": {""over"": -155, ""under"": 115}}, ""bet365"": {""1.5"": {""over"": 190, ""under"": -260}}, ""pinnacle"": {""0.5"": {""over"": -178, ""under"": 133}}, ""draftkings"": {""1.5"": {""over"": 131, ""under"": -175}}}",1.5,over,bet365,190.0,0.3448275862068966,True,0.0251,0.5,over,betmgm,-155.0,0.6078431372549019,True,0.0325,False
695578,James Wood,WSH,ATL,0,1.0,1,527048,Martín Pérez,L,824890,7:15 PM ET,Truist Park,0,0,0.20302013422818793,2026-08-01,824890,,0,100.6,98.4,97.1,L,5,5,1,0,0,0,0,0,0,2,1,3,0,1,0,3,0,0.29466666666666663,0.3293333333333333,1,0,1,0,1,1,0.25,0.3698630136986301,0.65,0.2876712328767123,0.3055555555555556,0.25,0.0547945205479452,0.0410958904109589,0.11666666666666667,2.0,1.4,0.475,0.225,0.525,0.25,0.025,0.4253,0.8145444444444443,0.29411764705882354,0.12,0.4054166666666667,0.8046166666666664,0.29411764705882354,0.7058823529411765,0.1527777777777778,0.23529411764705882,0.47058823529411764,0.3424657534246575,0.7033492822966507,0.21142857142857144,0.39779005524861877,0.16022099447513813,0.4897959183673469,0.20408163265306123,0.013605442176870748,7.534883720930233,1.0465116279069768,7.7441860465116275,0.20670391061452514,0.6765467513431375,0.4389877806729667,0.6765467513431375,2.0,"{""novig"": {""1.5"": {""over"": 115, ""under"": -160}, ""0.5"": {""over"": -233, ""under"": 178}}, ""bet365"": {""1.5"": {""over"": 105, ""under"": -140}, ""0.5"": {""over"": -275, ""under"": 200}}, ""betmgm"": {""1.5"": {""over"": 115, ""under"": -155}, ""0.5"": {""over"": -275, ""under"": 195}}, ""pinnacle"": {""1.5"": {""over"": 122, ""under"": -163}}, ""draftkings"": {""1.5"": {""over"": 124, ""under"": -166}, ""0.5"": {""over"": -196, ""under"": 146}}, ""fanduel"": {""0.5"": {""over"": -250}}}",1.5,over,draftkings,124.0,0.44642857142857145,True,-0.0074,0.5,over,draftkings,-196.0,0.6621621621621622,True,0.0144,True
660688,Keibert Ruiz,WSH,ATL,0,9.0,1,527048,Martín Pérez,L,824890,7:15 PM ET,Truist Park,0,0,0.20302013422818793,2026-08-01,824890,,0,100.6,98.4,97.1,L,2,2,0,0,0,0,0,0,0,0,0,2,0,0,1,0,1,0.2245,0.3235,0,0,0,0,0,0,0.19444444444444445,0.23076923076923078,0.9166666666666666,0.07692307692307693,0.18181818181818182,0.16666666666666666,0.02564102564102564,0.07692307692307693,0.1111111111111111,0.8666666666666667,0.2,0.3235294117647059,0.2647058823529412,0.4117647058823529,0.20588235294117646,0.029411764705882353,0.19778214285714288,0.27721785714285724,0.1,0.09090909090909091,0.11836666666666673,0.12766666666666684,0.23529411764705882,0.3137254901960784,0.07142857142857142,0.32727272727272727,0.5636363636363636,0.1206896551724138,0.7033492822966507,0.21142857142857144,0.39779005524861877,0.16022099447513813,0.4897959183673469,0.20408163265306123,0.013605442176870748,7.534883720930233,1.0465116279069768,7.7441860465116275,0.20670391061452514,0.5085709732970018,0.20269120116966713,0.5085709732970018,0.8666666666666667,"{""novig"": {""1.5"": {""over"": 160, ""under"": -147}}, ""bet365"": {""1.5"": {""over"": 195, ""under"": -270}}, ""betmgm"": {""1.5"": {""over"": 145, ""under"": -200}}, ""pinnacle"": {""0.5"": {""over"": -203, ""under"": 150}}, ""draftkings"": {""1.5"": {""over"": 147, ""under"": -197}}}",1.5,over,bet365,195.0,0.3389830508474576,True,-0.1363,0.5,over,pinnacle,-203.0,0.66996699669967,True,-0.1614,False
671277,Luis García Jr.,WSH,ATL,0,8.0,1,527048,Martín Pérez,L,824890,7:15 PM ET,Truist Park,0,0,0.20302013422818793,2026-08-01,824890,,0,100.6,98.4,97.1,L,3,3,0,0,0,0,0,0,0,1,0,2,0,1,0,2,0,0.2975,0.3245,0,0,0,0,1,0,0.25862068965517243,0.2833333333333333,0.7758620689655172,0.21666666666666667,0.2857142857142857,0.27586206896551724,0.05,0.05,0.13793103448275862,2.066666666666667,0.8666666666666667,0.35555555555555557,0.26666666666666666,0.4222222222222222,0.2,0.022222222222222223,0.29288888888888887,0.5474388888888889,0.43478260869565216,0.13043478260869565,0.37699999999999995,0.78015,0.3333333333333333,0.7,0.22580645161290322,0.16,0.2,0.25,0.7033492822966507,0.21142857142857144,0.39779005524861877,0.16022099447513813,0.4897959183673469,0.20408163265306123,0.013605442176870748,7.534883720930233,1.0465116279069768,7.7441860465116275,0.20670391061452514,0.6292783551237483,0.3520027269851858,0.6292783551237483,2.066666666666667,"{""novig"": {""1.5"": {""over"": 138, ""under"": -178}, ""0.5"": {""over"": -217, ""under"": 147}}, ""betmgm"": {""1.5"": {""over"": -105, ""under"": -130}, ""0.5"": {""over"": -175, ""under"": 130}}, ""pinnacle"": {""1.5"": {""over"": 116, ""under"": -154}}, ""draftkings"": {""1.5"": {""over"": 114, ""under"": -152}, ""0.5"": {""over"": -251, ""under"": 185}}, ""fanduel"": {""0.5"": {""over"": -220}}}",1.5,over,novig,138.0,0.42016806722689076,True,-0.0682,0.5,over,betmgm,-175.0,0.6363636363636364,True,-0.0071,True
683083,Nasim Nuñez,WSH,ATL,0,7.0,1,527048,Martín Pérez,L,824890,7:15 PM ET,Truist Park,0,0,0.20302013422818793,2026-08-01,824890,,0,100.6,98.4,97.1,L,4,3,0,0,0,0,1,0,0,0,0,3,0,1,0,2,0,0.3083333333333333,0.3323333333333333,0,0,0,0,0,0,0.21875,0.2777777777777778,0.96875,0.027777777777777776,0.21875,0.0,0.0,0.0,0.0,0.4666666666666667,0.06666666666666667,0.25,0.25,0.59375,0.09375,0.0,0.24242857142857144,0.28269642857142857,0.18181818181818182,0.08333333333333333,0.2797666666666666,0.30826666666666674,0.3137254901960784,0.3137254901960784,0.21818181818181817,0.25,0.3333333333333333,0.19642857142857142,0.7033492822966507,0.21142857142857144,0.39779005524861877,0.16022099447513813,0.4897959183673469,0.20408163265306123,0.013605442176870748,7.534883720930233,1.0465116279069768,7.7441860465116275,0.20670391061452514,0.5118387897522104,0.27720214417017436,0.5118387897522104,0.4666666666666667,"{""novig"": {""1.5"": {""over"": 174}}, ""betmgm"": {""0.5"": {""over"": -150, ""under"": 110}}, ""bet365"": {""1.5"": {""over"": 190, ""under"": -270}}, ""pinnacle"": {""0.5"": {""over"": -155, ""under"": 117}}, ""fanduel"": {""1.5"": {""over"": 155}}}",1.5,over,bet365,190.0,0.3448275862068966,True,-0.0676,0.5,over,betmgm,-150.0,0.6,True,-0.0882,False
608324,Alex Bregman,CHC,NYY,1,3.0,1,608331,Max Fried,L,824649,7:15 PM ET,Wrigley Field,1,0,0.2286634460547504,2026-08-01,824649,0.0,0,98.5,100.5,105.7,R,4,4,1,0,0,0,0,0,0,0,1,4,0,1,0,1,2,0.45425,0.53425,1,0,1,0,0,0,0.30158730158730157,0.37142857142857144,0.7619047619047619,0.21428571428571427,0.3409090909090909,0.30158730158730157,0.05714285714285714,0.1,0.1746031746031746,2.533333333333333,1.0,0.2916666666666667,0.125,0.375,0.3958333333333333,0.0,0.22439666666666666,0.3340411111111111,0.43478260869565216,0.16,0.35046333333333335,0.5065,0.2857142857142857,0.5396825396825397,0.21428571428571427,0.20754716981132076,0.33962264150943394,0.13432835820895522,0.6866952789699571,0.19617224880382775,0.2571428571428571,0.05714285714285714,0.51875,0.23125,0.00625,5.756345177664974,0.13705583756345177,7.538071065989847,0.21653543307086615,0.6682007533063349,0.34367725722435294,0.6682007533063349,2.533333333333333,"{""novig"": {""1.5"": {""over"": 182}}, ""betmgm"": {""0.5"": {""over"": -190, ""under"": 140}}, ""bet365"": {""1.5"": {""over"": 182, ""under"": -245}}, ""pinnacle"": {""0.5"": {""over"": -187, ""under"": 139}}}",1.5,over,bet365,182.0,0.3546099290780142,True,-0.0109,0.5,over,pinnacle,-187.0,0.6515679442508711,True,0.0166,False
608348,Carson Kelly,CHC,NYY,1,4.0,1,608331,Max Fried,L,824649,7:15 PM ET,Wrigley Field,1,0,0.2286634460547504,2026-08-01,824649,0.0,0,98.5,100.5,105.7,R,4,4,1,0,0,0,0,0,0,0,1,4,0,1,1,2,1,0.36,0.393,1,0,1,0,0,0,0.18,0.29310344827586204,0.76,0.20689655172413793,0.19444444444444445,0.12,0.034482758620689655,0.0,0.04,1.0,0.8,0.34210526315789475,0.10526315789473684,0.6052631578947368,0.21052631578947367,0.0,0.26636666666666664,0.4646,0.15789473684210525,0.2,0.15986666666666663,0.19933333333333333,0.15384615384615385,0.23076923076923078,0.1694915254237288,0.28888888888888886,0.4222222222222222,0.21568627450980393,0.6866952789699571,0.19617224880382775,0.2571428571428571,0.05714285714285714,0.51875,0.23125,0.00625,5.756345177664974,0.13705583756345177,7.538071065989847,0.21653543307086615,0.5690360935006357,0.3301846424943642,0.5690360935006357,1.0,"{""novig"": {""1.5"": {""over"": 203}}, ""betmgm"": {""0.5"": {""over"": -185, ""under"": 135}}, ""bet365"": {""1.5"": {""over"": 210, ""under"": -300}}, ""pinnacle"": {""0.5"": {""over"": -167, ""under"": 125}}}",1.5,over,bet365,210.0,0.3225806451612903,True,0.0076,0.5,over,pinnacle,-167.0,0.6254681647940075,True,-0.0564,False
621020,Dansby Swanson,CHC,NYY,1,8.0,1,608331,Max Fried,L,824649,7:15 PM ET,Wrigley Field,1,0,0.2286634460547504,2026-08-01,824649,0.0,0,98.5,100.5,105.7,R,3,3,0,0,0,0,0,0,0,2,0,1,0,0,0,0,0,0.103,0.149,0,0,0,0,1,1,0.23636363636363636,0.288135593220339,0.7454545454545455,0.23728813559322035,0.3170731707317073,0.09090909090909091,0.0,0.05084745762711865,0.07272727272727272,1.2,0.9333333333333333,0.3902439024390244,0.2682926829268293,0.4634146341463415,0.21951219512195122,0.0,0.3612444444444444,0.5467055555555554,0.2631578947368421,0.2857142857142857,0.3388000000000001,0.3942500000000001,0.25925925925925924,0.3333333333333333,0.1896551724137931,0.2545454545454545,0.5636363636363636,0.2413793103448276,0.6866952789699571,0.19617224880382775,0.2571428571428571,0.05714285714285714,0.51875,0.23125,0.00625,5.756345177664974,0.13705583756345177,7.538071065989847,0.21653543307086615,0.5934364112493516,0.29030308817753664,0.5934364112493516,1.2,"{""novig"": {""1.5"": {""over"": 239}}, ""betmgm"": {""0.5"": {""over"": -125, ""under"": -105}}, ""bet365"": {""1.5"": {""over"": 255, ""under"": -360}}, ""pinnacle"": {""0.5"": {""over"": -133, ""under"": 100}}}",1.5,over,bet365,255.0,0.28169014084507044,True,0.0086,0.5,over,betmgm,-125.0,0.5555555555555556,True,0.0379,False
664023,Ian Happ,CHC,NYY,1,7.0,1,608331,Max Fried,L,824649,7:15 PM ET,Wrigley Field,0,0,0.2286634460547504,2026-08-01,824649,0.0,0,98.5,100.5,105.7,L,3,3,1,0,0,0,0,0,0,1,1,2,0,0,0,1,1,0.387,0.46950000000000003,1,0,1,0,1,0,0.24324324324324326,0.36363636363636365,0.6486486486486487,0.29545454545454547,0.34782608695652173,0.1891891891891892,0.022727272727272728,0.09090909090909091,0.13513513513513514,1.0666666666666667,0.8666666666666667,0.3333333333333333,0.16666666666666666,0.4583333333333333,0.3333333333333333,0.0,0.23029722222222218,0.4407277777777778,0.2,0.3125,0.3456888888888892,0.6684666666666659,0.2,0.2727272727272727,0.2923076923076923,0.20754716981132076,0.41509433962264153,0.3448275862068966,0.6866952789699571,0.19617224880382775,0.2571428571428571,0.05714285714285714,0.51875,0.23125,0.00625,5.756345177664974,0.13705583756345177,7.538071065989847,0.21653543307086615,0.54623254076551,0.29677486520279245,0.54623254076551,1.0666666666666667,"{""novig"": {""1.5"": {""over"": 217, ""under"": -335}}, ""betmgm"": {""0.5"": {""over"": -110, ""under"": -120}}, ""bet365"": {""1.5"": {""over"": 250, ""under"": -350}}, ""pinnacle"": {""0.5"": {""over"": -112, ""under"": -118}}}",1.5,over,bet365,250.0,0.2857142857142857,True,0.0111,0.5,over,betmgm,-110.0,0.5238095238095238,True,0.0224,False
701649,James Triantos,CHC,NYY,1,9.0,1,608331,Max Fried,L,824649,7:15 PM ET,Wrigley Field,1,0,0.2286634460547504,2026-08-01,824649,0.0,0,98.5,100.5,105.7,R,1,1,0,0,0,0,0,0,0,0,0,1,0,1,0,1,0,0.109,0.117,0,0,0,0,0,0,0.35294117647058826,0.3888888888888889,0.8235294117647058,0.16666666666666666,0.38461538461538464,0.17647058823529413,0.05555555555555555,0.0,0.058823529411764705,1.2857142857142858,0.42857142857142855,0.21428571428571427,0.2857142857142857,0.5,0.21428571428571427,0.0,,,0.25,0.15384615384615385,,,0.23076923076923078,0.23076923076923078,0.23076923076923078,,,,0.6866952789699571,0.19617224880382775,0.2571428571428571,0.05714285714285714,0.51875,0.23125,0.00625,5.756345177664974,0.13705583756345177,7.538071065989847,0.21653543307086615,0.4840856840313465,0.27250194877150663,0.4840856840313465,1.2857142857142858,"{""novig"": {""1.5"": {""over"": 233}}, ""betmgm"": {""0.5"": {""over"": -120, ""under"": -110}}, ""bet365"": {""1.5"": {""over"": 300, ""under"": -450}}, ""pinnacle"": {""0.5"": {""over"": -116, ""under"": -114}}}",1.5,over,bet365,300.0,0.25,True,0.0225,0.5,over,pinnacle,-116.0,0.5370370370370371,True,-0.053,False
683737,Michael Busch,CHC,NYY,1,5.0,1,608331,Max Fried,L,824649,7:15 PM ET,Wrigley Field,0,0,0.2286634460547504,2026-08-01,824649,0.0,0,98.5,100.5,105.7,L,4,4,0,0,0,0,0,0,0,0,0,4,0,2,1,3,0,0.22275,0.2545,0,0,0,0,0,0,0.30434782608695654,0.3333333333333333,0.7246376811594203,0.2638888888888889,0.3958333333333333,0.14492753623188406,0.027777777777777776,0.05555555555555555,0.08695652173913043,2.066666666666667,1.2666666666666666,0.36,0.28,0.44,0.24,0.04,0.34391,0.5897,0.20833333333333334,0.12,0.29142999999999997,0.42353333333333315,0.2463768115942029,0.34782608695652173,0.273972602739726,0.3333333333333333,0.5882352941176471,0.26666666666666666,0.6866952789699571,0.19617224880382775,0.2571428571428571,0.05714285714285714,0.51875,0.23125,0.00625,5.756345177664974,0.13705583756345177,7.538071065989847,0.21653543307086615,0.6316409537110254,0.3486931772788346,0.6316409537110254,2.066666666666667,"{""novig"": {""1.5"": {""over"": 203}}, ""betmgm"": {""0.5"": {""over"": -155, ""under"": 115}}, ""bet365"": {""1.5"": {""over"": 205, ""under"": -290}}, ""pinnacle"": {""0.5"": {""over"": -167, ""under"": 125}}}",1.5,over,bet365,205.0,0.32786885245901637,True,0.0208,0.5,over,betmgm,-155.0,0.6078431372549019,True,0.0238,False
663538,Nico Hoerner,CHC,NYY,1,6.0,1,608331,Max Fried,L,824649,7:15 PM ET,Wrigley Field,1,0,0.2286634460547504,2026-08-01,824649,0.0,0,98.5,100.5,105.7,R,3,3,0,0,0,0,0,0,0,1,0,2,0,1,0,2,0,0.2135,0.2285,0,0,0,0,1,0,0.3709677419354839,0.38095238095238093,0.9032258064516129,0.09375,0.4,0.08064516129032258,0.015625,0.0,0.03225806451612903,1.8666666666666667,0.4,0.2857142857142857,0.42857142857142855,0.42857142857142855,0.08928571428571429,0.0,0.42952222222222225,0.5109233333333333,0.5263157894736842,0.05,0.4842433333333333,0.5618733333333332,0.38333333333333336,0.4666666666666667,0.11290322580645161,0.19230769230769232,0.23076923076923078,0.08196721311475409,0.6866952789699571,0.19617224880382775,0.2571428571428571,0.05714285714285714,0.51875,0.23125,0.00625,5.756345177664974,0.13705583756345177,7.538071065989847,0.21653543307086615,0.6723546096008896,0.3306426929049211,0.6723546096008896,1.8666666666666667,"{""novig"": {""1.5"": {""over"": 174, ""under"": -239}}, ""betmgm"": {""0.5"": {""over"": -210, ""under"": 155}}, ""bet365"": {""1.5"": {""over"": 165, ""under"": -225}}, ""pinnacle"": {""1.5"": {""over"": 169, ""under"": -231}}, ""draftkings"": {""1.5"": {""over"": 171, ""under"": -231}}}",1.5,over,novig,174.0,0.36496350364963503,True,-0.0343,0.5,over,betmgm,-210.0,0.6774193548387096,True,-0.0051,False
691718,Pete Crow-Armstrong,CHC,NYY,1,1.0,1,608331,Max Fried,L,824649,7:15 PM ET,Wrigley Field,0,0,0.2286634460547504,2026-08-01,824649,0.0,0,98.5,100.5,105.7,L,4,4,0,0,0,0,0,0,0,1,0,3,0,2,1,1,1,0.26466666666666666,0.4036666666666666,0,0,0,0,1,0,0.2413793103448276,0.375,0.6206896551724138,0.3055555555555556,0.3235294117647059,0.3275862068965517,0.041666666666666664,0.08333333333333333,0.1896551724137931,2.2,1.4666666666666666,0.4864864864864865,0.2972972972972973,0.24324324324324326,0.32432432432432434,0.08108108108108109,0.31012222222222224,0.5835888888888889,0.18181818181818182,0.36,0.23133333333333334,0.5467999999999998,0.27419354838709675,0.6774193548387096,0.3380281690140845,0.2909090909090909,0.4727272727272727,0.23880597014925373,0.6866952789699571,0.19617224880382775,0.2571428571428571,0.05714285714285714,0.51875,0.23125,0.00625,5.756345177664974,0.13705583756345177,7.538071065989847,0.21653543307086615,0.6803859095490834,0.43397834455130607,0.6803859095490834,2.2,"{""novig"": {""1.5"": {""over"": 167, ""under"": -160}}, ""betmgm"": {""0.5"": {""over"": -165, ""under"": 125}}, ""bet365"": {""1.5"": {""over"": 180, ""under"": -240}}, ""pinnacle"": {""0.5"": {""over"": -181, ""under"": 135}}, ""draftkings"": {""1.5"": {""over"": 139, ""under"": -186}}, ""fanduel"": {""1.5"": {""over"": 150}}}",1.5,over,bet365,180.0,0.35714285714285715,True,0.0768,0.5,over,betmgm,-165.0,0.6226415094339622,True,0.0577,False
673548,Seiya Suzuki,CHC,NYY,1,2.0,1,608331,Max Fried,L,824649,7:15 PM ET,Wrigley Field,1,0,0.2286634460547504,2026-08-01,824649,0.0,0,98.5,100.5,105.7,R,5,3,0,0,0,0,2,0,0,1,0,2,0,1,1,1,0,0.168,0.2115,0,0,0,0,1,0,0.2833333333333333,0.410958904109589,0.6666666666666666,0.273972602739726,0.3783783783783784,0.23333333333333334,0.0410958904109589,0.0684931506849315,0.13333333333333333,2.066666666666667,1.3333333333333333,0.325,0.325,0.3,0.25,0.0,0.4067933333333334,0.7009622222222222,0.30434782608695654,0.34615384615384615,0.2773,0.45459999999999984,0.2711864406779661,0.559322033898305,0.28169014084507044,0.20754716981132076,0.3584905660377358,0.26666666666666666,0.6866952789699571,0.19617224880382775,0.2571428571428571,0.05714285714285714,0.51875,0.23125,0.00625,5.756345177664974,0.13705583756345177,7.538071065989847,0.21653543307086615,0.6512881192809101,0.42485623417550356,0.6512881192809101,2.066666666666667,"{""novig"": {""1.5"": {""over"": 156}}, ""betmgm"": {""0.5"": {""over"": -190, ""under"": 140}}, ""bet365"": {""1.5"": {""over"": 160, ""under"": -220}}, ""pinnacle"": {""0.5"": {""over"": -171, ""under"": 128}}}",1.5,over,bet365,160.0,0.38461538461538464,True,0.0402,0.5,over,pinnacle,-171.0,0.6309963099630996,True,0.0203,False
645305,Ali Sánchez,NYY,CHC,0,8.0,1,656849,David Peterson,L,824649,7:15 PM ET,Wrigley Field,1,0,0.25627240143369173,2026-08-01,824649,0.0,0,98.5,100.5,105.7,R,2,2,0,0,0,0,0,0,0,0,0,2,0,1,1,0,0,0.061500000000000006,0.2115,0,0,0,0,0,0,0.21212121212121213,0.25,0.7575757575757576,0.2222222222222222,0.24,0.12121212121212122,0.027777777777777776,0.027777777777777776,0.06060606060606061,0.7333333333333333,0.5333333333333333,0.19230769230769232,0.15384615384615385,0.4230769230769231,0.3076923076923077,0.0,0.339547619047619,0.4176428571428571,0.2727272727272727,0.3333333333333333,0.3917,0.5422,0.12903225806451613,0.1935483870967742,0.25,0.3055555555555556,0.4444444444444444,0.3,0.7549019607843137,0.2471264367816092,0.4530386740331492,0.17679558011049723,0.43506493506493504,0.2727272727272727,0.012987012987012988,11.511627906976745,1.255813953488372,6.906976744186046,0.1625615763546798,0.5147838894841531,0.2938512565866656,0.5147838894841531,0.7333333333333333,"{""novig"": {""1.5"": {""over"": 300}}, ""betmgm"": {""0.5"": {""over"": -120, ""under"": -110}}, ""bet365"": {""1.5"": {""over"": 300, ""under"": -450}}, ""pinnacle"": {""0.5"": {""over"": -103, ""under"": -129}}, ""fanduel"": {""1.5"": {""over"": 280}}}",1.5,over,bet365,300.0,0.25,True,0.0439,0.5,over,pinnacle,-103.0,0.5073891625615764,True,0.0074,False
642708,Amed Rosario,NYY,CHC,0,3.0,1,656849,David Peterson,L,824649,7:15 PM ET,Wrigley Field,1,0,0.25627240143369173,2026-08-01,824649,0.0,0,98.5,100.5,105.7,R,3,3,1,0,0,1,0,0,0,2,4,1,1,1,1,0,0,0.969,3.837,1,0,1,1,1,1,0.14814814814814814,0.17857142857142858,0.4444444444444444,0.5357142857142857,0.3333333333333333,0.037037037037037035,0.0,0.03571428571428571,0.037037037037037035,0.3333333333333333,1.0,0.3333333333333333,0.4166666666666667,0.5,0.0,0.0,0.3574285714285715,0.443,0.2727272727272727,0.45454545454545453,0.42299999999999993,0.5331249999999998,0.2916666666666667,0.625,0.22,0.1724137931034483,0.3103448275862069,0.45161290322580644,0.7549019607843137,0.2471264367816092,0.4530386740331492,0.17679558011049723,0.43506493506493504,0.2727272727272727,0.012987012987012988,11.511627906976745,1.255813953488372,6.906976744186046,0.1625615763546798,0.5580946752288392,0.3088938934700975,0.5580946752288392,0.3333333333333333,"{""novig"": {""1.5"": {""over"": 190}}, ""betmgm"": {""0.5"": {""over"": -175, ""under"": 130}}, ""bet365"": {""1.5"": {""over"": 230, ""under"": -330}}, ""pinnacle"": {""0.5"": {""over"": -145, ""under"": 109}}}",1.5,over,bet365,230.0,0.30303030303030304,True,0.0059,0.5,over,pinnacle,-145.0,0.5918367346938775,True,-0.0337,False
683011,Anthony Volpe,NYY,CHC,0,6.0,1,656849,David Peterson,L,824649,7:15 PM ET,Wrigley Field,1,0,0.25627240143369173,2026-08-01,824649,0.0,0,98.5,100.5,105.7,R,3,3,0,0,0,0,0,0,0,1,0,2,0,1,2,0,0,0.014,0.0295,0,0,0,0,1,0,0.23076923076923078,0.29545454545454547,0.6923076923076923,0.2727272727272727,0.32142857142857145,0.07692307692307693,0.0,0.06818181818181818,0.07692307692307693,0.8,0.8,0.35714285714285715,0.2857142857142857,0.42857142857142855,0.21428571428571427,0.03571428571428571,0.2864743589743589,0.37774358974358974,0.25,0.2777777777777778,0.37720833333333337,0.5792916666666664,0.2558139534883721,0.27906976744186046,0.2653061224489796,0.25,0.3409090909090909,0.2708333333333333,0.7549019607843137,0.2471264367816092,0.4530386740331492,0.17679558011049723,0.43506493506493504,0.2727272727272727,0.012987012987012988,11.511627906976745,1.255813953488372,6.906976744186046,0.1625615763546798,0.632917960792831,0.37901925945786014,0.632917960792831,0.8,"{""novig"": {""1.5"": {""over"": 212}}, ""betmgm"": {""0.5"": {""over"": -165, ""under"": 125}}, ""bet365"": {""1.5"": {""over"": 250, ""under"": -350}}, ""pinnacle"": {""0.5"": {""over"": -134, ""under"": 101}}}",1.5,over,bet365,250.0,0.2857142857142857,True,0.0933,0.5,over,pinnacle,-134.0,0.5726495726495726,True,0.0603,False
691176,Jasson Domínguez,NYY,CHC,0,4.0,1,656849,David Peterson,L,824649,7:15 PM ET,Wrigley Field,1,0,0.25627240143369173,2026-08-01,824649,0.0,0,98.5,100.5,105.7,R,4,3,0,0,0,0,1,0,0,1,0,2,0,0,1,0,0,0.09,0.179,0,0,0,0,1,0,0.24324324324324326,0.3,0.7837837837837838,0.1951219512195122,0.2857142857142857,0.13513513513513514,0.024390243902439025,0.04878048780487805,0.08108108108108109,0.9333333333333333,0.5333333333333333,0.3793103448275862,0.20689655172413793,0.3793103448275862,0.3103448275862069,0.034482758620689655,0.29246428571428573,0.4693630952380952,0.3333333333333333,0.29411764705882354,0.39993333333333336,0.46076666666666705,0.18181818181818182,0.2727272727272727,0.15,0.3220338983050847,0.5084745762711864,0.2222222222222222,0.7549019607843137,0.2471264367816092,0.4530386740331492,0.17679558011049723,0.43506493506493504,0.2727272727272727,0.012987012987012988,11.511627906976745,1.255813953488372,6.906976744186046,0.1625615763546798,0.5875369104984934,0.3559219197187777,0.5875369104984934,0.9333333333333333,"{""novig"": {""1.5"": {""over"": 167}}, ""bet365"": {""1.5"": {""over"": 182, ""under"": -245}}, ""betmgm"": {""1.5"": {""over"": 145, ""under"": -200}}, ""pinnacle"": {""0.5"": {""over"": -192, ""under"": 142}}}",1.5,over,bet365,182.0,0.3546099290780142,True,0.0013,0.5,over,pinnacle,-192.0,0.6575342465753424,True,-0.07,False
665862,Jazz Chisholm Jr.,NYY,CHC,0,5.0,1,656849,David Peterson,L,824649,7:15 PM ET,Wrigley Field,0,0,0.25627240143369173,2026-08-01,824649,0.0,0,98.5,100.5,105.7,L,5,3,1,0,0,0,2,0,0,1,1,2,0,1,0,1,1,0.6365,0.755,1,0,1,0,1,0,0.22413793103448276,0.2459016393442623,0.5862068965517241,0.39344262295081966,0.2903225806451613,0.25862068965517243,0.06557377049180328,0.04918032786885246,0.1206896551724138,1.8666666666666667,1.6,0.45714285714285713,0.2571428571428571,0.37142857142857144,0.2857142857142857,0.02857142857142857,0.38527976190476193,0.7583392857142858,0.21052631578947367,0.5,0.4029583333333334,0.5189583333333333,0.19607843137254902,0.4117647058823529,0.4,0.21428571428571427,0.39285714285714285,0.3389830508474576,0.7549019607843137,0.2471264367816092,0.4530386740331492,0.17679558011049723,0.43506493506493504,0.2727272727272727,0.012987012987012988,11.511627906976745,1.255813953488372,6.906976744186046,0.1625615763546798,0.6485173957665705,0.4009214413195586,0.6485173957665705,1.8666666666666667,"{""novig"": {""1.5"": {""over"": 199}}, ""betmgm"": {""0.5"": {""over"": -140, ""under"": 105}}, ""bet365"": {""1.5"": {""over"": 255, ""under"": -360}}, ""pinnacle"": {""0.5"": {""over"": -128, ""under"": -103}}}",1.5,over,bet365,255.0,0.28169014084507044,True,0.1192,0.5,over,pinnacle,-128.0,0.5614035087719298,True,0.0871,False
676609,José Caballero,NYY,CHC,0,9.0,1,656849,David Peterson,L,824649,7:15 PM ET,Wrigley Field,1,0,0.25627240143369173,2026-08-01,824649,0.0,0,98.5,100.5,105.7,R,3,3,1,0,0,0,0,0,0,0,1,3,0,0,0,1,2,0.6456666666666666,0.7046666666666667,1,0,1,0,0,0,0.18867924528301888,0.21428571428571427,0.6792452830188679,0.2982456140350877,0.2702702702702703,0.03773584905660377,0.0,0.03508771929824561,0.03773584905660377,0.8,1.1333333333333333,0.18421052631578946,0.15789473684210525,0.47368421052631576,0.23684210526315788,0.0,0.2632892857142857,0.32181190476190474,0.15789473684210525,0.35,0.24966,0.29143999999999987,0.2692307692307692,0.40384615384615385,0.24561403508771928,0.08333333333333333,0.14583333333333334,0.3584905660377358,0.7549019607843137,0.2471264367816092,0.4530386740331492,0.17679558011049723,0.43506493506493504,0.2727272727272727,0.012987012987012988,11.511627906976745,1.255813953488372,6.906976744186046,0.1625615763546798,0.6046867314131054,0.28055386544144695,0.6046867314131054,0.8,"{""novig"": {""1.5"": {""over"": 245}}, ""betmgm"": {""0.5"": {""over"": -135, ""under"": 100}}, ""bet365"": {""1.5"": {""over"": 290, ""under"": -425}}, ""pinnacle"": {""0.5"": {""over"": -116, ""under"": -114}}}",1.5,over,bet365,290.0,0.2564102564102564,True,0.0241,0.5,over,pinnacle,-116.0,0.5370370370370371,True,0.0676,False
680474,Max Schuemann,NYY,CHC,0,1.0,1,656849,David Peterson,L,824649,7:15 PM ET,Wrigley Field,1,0,0.25627240143369173,2026-08-01,824649,0.0,0,98.5,100.5,105.7,R,2,2,0,0,0,0,0,0,0,1,0,1,0,0,0,0,1,0.171,0.345,0,0,0,0,1,0,0.2222222222222222,0.3170731707317073,0.75,0.21428571428571427,0.24,0.2222222222222222,0.047619047619047616,0.047619047619047616,0.1111111111111111,1.0666666666666667,0.6,0.4074074074074074,0.2962962962962963,0.2962962962962963,0.37037037037037035,0.07407407407407407,0.3279880952380952,0.6435595238095237,0.07692307692307693,0.14285714285714285,0.25339999999999996,0.32339999999999997,0.25,0.5277777777777778,0.2391304347826087,0.14814814814814814,0.2962962962962963,0.23529411764705882,0.7549019607843137,0.2471264367816092,0.4530386740331492,0.17679558011049723,0.43506493506493504,0.2727272727272727,0.012987012987012988,11.511627906976745,1.255813953488372,6.906976744186046,0.1625615763546798,0.5737478016466573,0.36340744598811714,0.5737478016466573,1.0666666666666667,"{""novig"": {""1.5"": {""over"": 190}}, ""betmgm"": {""0.5"": {""over"": -190, ""under"": 140}}, ""bet365"": {""1.5"": {""over"": 200, ""under"": -275}}, ""pinnacle"": {""0.5"": {""over"": -135, ""under"": 100}}, ""fanduel"": {""1.5"": {""over"": 195}}}",1.5,over,bet365,200.0,0.3333333333333333,True,0.0301,0.5,over,pinnacle,-135.0,0.574468085106383,True,-0.0007,False
502671,Paul Goldschmidt,NYY,CHC,0,2.0,1,656849,David Peterson,L,824649,7:15 PM ET,Wrigley Field,1,0,0.25627240143369173,2026-08-01,824649,0.0,0,98.5,100.5,105.7,R,4,4,0,0,0,0,0,0,0,1,0,3,0,0,0,3,0,0.40399999999999997,0.4663333333333333,0,0,0,0,1,0,0.24074074074074073,0.31666666666666665,0.7037037037037037,0.26666666666666666,0.3055555555555556,0.12962962962962962,0.03333333333333333,0.016666666666666666,0.05555555555555555,1.3333333333333333,1.0666666666666667,0.2631578947368421,0.15789473684210525,0.4473684210526316,0.39473684210526316,0.07894736842105263,0.2998777777777778,0.5264888888888889,0.19047619047619047,0.24,0.2892500000000001,0.3927666666666668,0.2033898305084746,0.3050847457627119,0.3333333333333333,0.1836734693877551,0.40816326530612246,0.3392857142857143,0.7549019607843137,0.2471264367816092,0.4530386740331492,0.17679558011049723,0.43506493506493504,0.2727272727272727,0.012987012987012988,11.511627906976745,1.255813953488372,6.906976744186046,0.1625615763546798,0.6755348710353002,0.451427171301272,0.6755348710353002,1.3333333333333333,"{""novig"": {""1.5"": {""over"": 147, ""under"": -194}}, ""bet365"": {""1.5"": {""over"": 170, ""under"": -230}}, ""betmgm"": {""1.5"": {""over"": 135, ""under"": -185}}, ""pinnacle"": {""0.5"": {""over"": -213, ""under"": 157}}, ""draftkings"": {""1.5"": {""over"": 146, ""under"": -195}}}",1.5,over,bet365,170.0,0.37037037037037035,True,0.0811,0.5,over,pinnacle,-213.0,0.6805111821086262,True,-0.005,False
682987,Spencer Jones,NYY,CHC,0,7.0,1,656849,David Peterson,L,824649,7:15 PM ET,Wrigley Field,0,0,0.25627240143369173,2026-08-01,824649,0.0,0,98.5,100.5,105.7,L,3,2,1,0,0,1,1,0,0,1,4,1,0,1,1,0,0,0.914,2.931,1,0,1,1,1,0,0.21052631578947367,0.2857142857142857,0.6052631578947368,0.35714285714285715,0.3181818181818182,0.13157894736842105,0.023809523809523808,0.047619047619047616,0.07894736842105263,0.8666666666666667,1.0,0.4782608695652174,0.391304347826087,0.17391304347826086,0.391304347826087,0.0,0.33589743589743587,0.5646410256410257,0.2727272727272727,0.25,0.5701666666666667,1.2000416666666667,0.21052631578947367,0.4473684210526316,0.40425531914893614,0.07692307692307693,0.07692307692307693,0.38461538461538464,0.7549019607843137,0.2471264367816092,0.4530386740331492,0.17679558011049723,0.43506493506493504,0.2727272727272727,0.012987012987012988,11.511627906976745,1.255813953488372,6.906976744186046,0.1625615763546798,0.609788492940497,0.3355123792084446,0.609788492940497,0.8666666666666667,"{""novig"": {""1.5"": {""over"": 257}}, ""betmgm"": {""0.5"": {""over"": -115, ""under"": -115}}, ""bet365"": {""1.5"": {""over"": 280, ""under"": -400}}, ""pinnacle"": {""0.5"": {""over"": -111, ""under"": -119}}}",1.5,over,bet365,280.0,0.2631578947368421,True,0.0724,0.5,over,pinnacle,-111.0,0.5260663507109005,True,0.0837,False
686668,Brenton Doyle,COL,KC,1,9.0,1,679883,Luinder Avila,R,824326,8:10 PM ET,Coors Field,1,1,0.23243243243243245,2026-08-01,824326,0.0,0,117.3,118.0,105.2,R,3,3,1,1,0,0,0,0,0,1,2,2,0,2,0,2,0,0.303,0.354,1,0,1,1,1,0,0.20930232558139536,0.2916666666666667,0.6744186046511628,0.2916666666666667,0.3103448275862069,0.046511627906976744,0.0,0.041666666666666664,0.046511627906976744,0.7333333333333333,0.9333333333333333,0.3793103448275862,0.1724137931034483,0.6896551724137931,0.10344827586206896,0.0,0.282,0.3569880952380952,0.2857142857142857,0.26666666666666666,0.2614333333333334,0.3987,0.2553191489361702,0.3404255319148936,0.37735849056603776,0.16216216216216217,0.1891891891891892,0.3076923076923077,0.6632653061224489,0.2389937106918239,0.4024390243902439,0.1402439024390244,0.49230769230769234,0.25384615384615383,0.015384615384615385,7.513043478260869,0.9391304347826086,7.747826086956521,0.2037037037037037,0.5331925777483542,0.23889324063610187,0.5331925777483542,0.7333333333333333,"{""novig"": {""1.5"": {""over"": 133, ""under"": -178}}, ""betmgm"": {""0.5"": {""over"": -185, ""under"": 135}}, ""bet365"": {""1.5"": {""over"": 150, ""under"": -200}}, ""pinnacle"": {""1.5"": {""over"": 157, ""under"": -213}}}",1.5,over,pinnacle,157.0,0.38910505836575876,True,-0.1502,0.5,over,betmgm,-185.0,0.6491228070175439,True,-0.1159,False
694249,Cole Carrigg,COL,KC,1,6.0,1,679883,Luinder Avila,R,824326,8:10 PM ET,Coors Field,0,1,0.23243243243243245,2026-08-01,824326,0.0,0,117.3,118.0,105.2,L,2,0,0,0,0,0,1,1,0,0,0,0,0,0,0,0,0,0.551,0.616,0,0,0,0,0,0,0.3611111111111111,0.41025641025641024,0.8611111111111112,0.1282051282051282,0.4,0.16666666666666666,0.02564102564102564,0.07692307692307693,0.1111111111111111,1.2666666666666666,0.3333333333333333,0.3870967741935484,0.3225806451612903,0.3225806451612903,0.2903225806451613,0.0,0.36905128205128207,0.5095705128205128,0.4166666666666667,0.15384615384615385,0.31433333333333335,0.4063333333333334,0.28,0.46,0.16393442622950818,0.32653061224489793,0.5306122448979592,0.21428571428571427,0.6632653061224489,0.2389937106918239,0.4024390243902439,0.1402439024390244,0.49230769230769234,0.25384615384615383,0.015384615384615385,7.513043478260869,0.9391304347826086,7.747826086956521,0.2037037037037037,0.6238219514524835,0.39749717330157436,0.6238219514524835,1.2666666666666666,"{""novig"": {""1.5"": {""over"": 104, ""under"": -130}}, ""bet365"": {""1.5"": {""over"": -105, ""under"": -130}}, ""betmgm"": {""1.5"": {""over"": 100, ""under"": -135}, ""0.5"": {""over"": -275, ""under"": 195}}, ""pinnacle"": {""1.5"": {""over"": 107, ""under"": -142}}, ""draftkings"": {""1.5"": {""over"": -102, ""under"": -129}}, ""fanduel"": {""1.5"": {""over"": -100}, ""0.5"": {""over"": -270}}}",1.5,over,pinnacle,107.0,0.4830917874396135,True,-0.0856,0.5,over,fanduel,-270.0,0.7297297297297297,True,-0.1059,True
696100,Hunter Goodman,COL,KC,1,4.0,1,679883,Luinder Avila,R,824326,8:10 PM ET,Coors Field,1,1,0.23243243243243245,2026-08-01,824326,0.0,0,117.3,118.0,105.2,R,4,4,0,0,0,0,0,0,0,3,0,1,0,1,0,1,0,0.254,0.267,0,0,0,0,1,1,0.27450980392156865,0.3728813559322034,0.5490196078431373,0.3898305084745763,0.4166666666666667,0.27450980392156865,0.06779661016949153,0.03389830508474576,0.11764705882352941,1.8666666666666667,1.5333333333333334,0.42857142857142855,0.2857142857142857,0.2857142857142857,0.39285714285714285,0.07142857142857142,0.3905535714285714,0.6997023809523809,0.17647058823529413,0.5,0.28780000000000006,0.3560999999999998,0.3333333333333333,0.85,0.4032258064516129,0.2916666666666667,0.5,0.25,0.6632653061224489,0.2389937106918239,0.4024390243902439,0.1402439024390244,0.49230769230769234,0.25384615384615383,0.015384615384615385,7.513043478260869,0.9391304347826086,7.747826086956521,0.2037037037037037,0.668396307333215,0.4373588710752234,0.668396307333215,1.8666666666666667,"{""bet365"": {""1.5"": {""over"": -115, ""under"": -115}}, ""betmgm"": {""1.5"": {""over"": -115, ""under"": -115}, ""0.5"": {""over"": -275, ""under"": 195}}, ""pinnacle"": {""1.5"": {""over"": -122, ""under"": -108}}, ""draftkings"": {""1.5"": {""over"": -118, ""under"": -113}}, ""fanduel"": {""1.5"": {""over"": -130}, ""0.5"": {""over"": -270}}}",1.5,over,betmgm,-115.0,0.5348837209302325,True,-0.0975,0.5,over,fanduel,-270.0,0.7297297297297297,True,-0.0613,True
664983,Jake McCarthy,COL,KC,1,1.0,1,679883,Luinder Avila,R,824326,8:10 PM ET,Coors Field,0,1,0.23243243243243245,2026-08-01,824326,0.0,0,117.3,118.0,105.2,L,4,4,0,0,0,0,0,0,0,1,0,3,0,0,1,1,1,0.30233333333333334,0.32066666666666666,0,0,0,0,1,0,0.25396825396825395,0.29850746268656714,0.7619047619047619,0.22388059701492538,0.3191489361702128,0.14285714285714285,0.014925373134328358,0.05970149253731343,0.09523809523809523,1.6666666666666667,1.0,0.20833333333333334,0.2708333333333333,0.5416666666666666,0.14583333333333334,0.020833333333333332,0.29169111111111107,0.38300888888888884,0.13043478260869565,0.2608695652173913,0.25448333333333334,0.31639999999999985,0.28125,0.5625,0.208955223880597,0.2711864406779661,0.3559322033898305,0.2153846153846154,0.6632653061224489,0.2389937106918239,0.4024390243902439,0.1402439024390244,0.49230769230769234,0.25384615384615383,0.015384615384615385,7.513043478260869,0.9391304347826086,7.747826086956521,0.2037037037037037,0.7210444125284927,0.419249097345978,0.7210444125284927,1.6666666666666667,"{""novig"": {""1.5"": {""over"": -111, ""under"": -106}}, ""bet365"": {""1.5"": {""over"": -120, ""under"": -110}}, ""betmgm"": {""1.5"": {""over"": -120, ""under"": -110}}, ""pinnacle"": {""1.5"": {""over"": -124, ""under"": -107}}, ""draftkings"": {""1.5"": {""over"": -116, ""under"": -115}}, ""fanduel"": {""0.5"": {""over"": -390}}}",1.5,over,novig,-111.0,0.5260663507109005,True,-0.1068,0.5,over,fanduel,-390.0,0.7959183673469388,True,-0.0749,True
691720,Kyle Karros,COL,KC,1,2.0,1,679883,Luinder Avila,R,824326,8:10 PM ET,Coors Field,1,1,0.23243243243243245,2026-08-01,824326,0.0,0,117.3,118.0,105.2,R,3,3,2,0,0,0,0,0,0,1,2,2,0,2,0,1,1,0.5505,0.6085,1,1,1,1,1,0,0.25925925925925924,0.375,0.7777777777777778,0.18461538461538463,0.3,0.16666666666666666,0.03076923076923077,0.046153846153846156,0.09259259259259259,1.5333333333333334,0.8,0.3333333333333333,0.30952380952380953,0.3333333333333333,0.2619047619047619,0.023809523809523808,0.26995444444444444,0.43668999999999997,0.3125,0.18181818181818182,0.27785,0.3674166666666666,0.2692307692307692,0.6538461538461539,0.21666666666666667,0.3333333333333333,0.4375,0.1896551724137931,0.6632653061224489,0.2389937106918239,0.4024390243902439,0.1402439024390244,0.49230769230769234,0.25384615384615383,0.015384615384615385,7.513043478260869,0.9391304347826086,7.747826086956521,0.2037037037037037,0.7210444125284927,0.41183882280946477,0.7210444125284927,1.5333333333333334,"{""novig"": {""1.5"": {""over"": 113, ""under"": -122}}, ""bet365"": {""1.5"": {""over"": 100, ""under"": -135}}, ""betmgm"": {""1.5"": {""over"": -105, ""under"": -125}}, ""pinnacle"": {""1.5"": {""over"": 103, ""under"": -137}}, ""draftkings"": {""1.5"": {""over"": 107, ""under"": -143}}, ""fanduel"": {""0.5"": {""over"": -250}}}",1.5,over,novig,113.0,0.4694835680751174,True,-0.0576,0.5,over,fanduel,-250.0,0.7142857142857143,True,0.0068,True
666160,Mickey Moniak,COL,KC,1,5.0,1,679883,Luinder Avila,R,824326,8:10 PM ET,Coors Field,0,1,0.23243243243243245,2026-08-01,824326,0.0,0,117.3,118.0,105.2,L,4,4,1,1,0,0,0,0,0,1,2,3,0,0,1,1,1,0.24633333333333332,0.31033333333333335,1,0,1,1,1,0,0.2830188679245283,0.2982456140350877,0.7169811320754716,0.2631578947368421,0.34210526315789475,0.1320754716981132,0.03508771929824561,0.017543859649122806,0.05660377358490566,1.4666666666666666,1.0,0.45,0.175,0.4,0.35,0.0,0.32008333333333333,0.48587820512820507,0.2631578947368421,0.38095238095238093,0.38356250000000003,0.7449166666666666,0.28846153846153844,0.5384615384615384,0.30357142857142855,0.2765957446808511,0.44680851063829785,0.28846153846153844,0.6632653061224489,0.2389937106918239,0.4024390243902439,0.1402439024390244,0.49230769230769234,0.25384615384615383,0.015384615384615385,7.513043478260869,0.9391304347826086,7.747826086956521,0.2037037037037037,0.6974184763003177,0.45430493277020045,0.6974184763003177,1.4666666666666666,"{""bet365"": {""1.5"": {""over"": -105, ""under"": -130}}, ""betmgm"": {""1.5"": {""over"": -110, ""under"": -120}}, ""pinnacle"": {""1.5"": {""over"": -104, ""under"": -127}}, ""draftkings"": {""1.5"": {""over"": -115, ""under"": -115}}, ""fanduel"": {""1.5"": {""over"": -125}, ""0.5"": {""over"": -280}}}",1.5,over,pinnacle,-104.0,0.5098039215686274,True,-0.0555,0.5,over,fanduel,-280.0,0.7368421052631579,True,-0.0394,True
681198,TJ Rumfield,COL,KC,1,3.0,1,679883,Luinder Avila,R,824326,8:10 PM ET,Coors Field,0,1,0.23243243243243245,2026-08-01,824326,0.0,0,117.3,118.0,105.2,L,4,4,1,0,0,0,0,0,0,0,1,4,0,0,1,2,1,0.225,0.24075,1,0,1,0,0,0,0.27450980392156865,0.38333333333333336,0.803921568627451,0.16666666666666666,0.325,0.09803921568627451,0.016666666666666666,0.03333333333333333,0.058823529411764705,1.2666666666666666,0.6666666666666666,0.21951219512195122,0.21951219512195122,0.3902439024390244,0.2926829268292683,0.0,0.3138333333333333,0.39808333333333334,0.2222222222222222,0.2631578947368421,0.35241666666666666,0.4205500000000001,0.32075471698113206,0.4716981132075472,0.15517241379310345,0.3090909090909091,0.4909090909090909,0.140625,0.6632653061224489,0.2389937106918239,0.4024390243902439,0.1402439024390244,0.49230769230769234,0.25384615384615383,0.015384615384615385,7.513043478260869,0.9391304347826086,7.747826086956521,0.2037037037037037,0.682923672266286,0.4311247347476228,0.682923672266286,1.2666666666666666,"{""novig"": {""1.5"": {""over"": -100, ""under"": -125}}, ""bet365"": {""1.5"": {""over"": -105, ""under"": -130}}, ""betmgm"": {""1.5"": {""over"": -105, ""under"": -125}}, ""pinnacle"": {""1.5"": {""over"": -102, ""under"": -130}}, ""draftkings"": {""1.5"": {""over"": -114, ""under"": -117}}, ""fanduel"": {""1.5"": {""over"": -105}, ""0.5"": {""over"": -280}}}",1.5,over,novig,-100.0,0.5,True,-0.0689,0.5,over,fanduel,-280.0,0.7368421052631579,True,-0.0539,True
671289,Tyler Freeman,COL,KC,1,8.0,1,679883,Luinder Avila,R,824326,8:10 PM ET,Coors Field,1,1,0.23243243243243245,2026-08-01,824326,0.0,0,117.3,118.0,105.2,R,3,3,0,0,0,0,0,0,0,0,0,3,0,3,0,3,0,0.38766666666666666,0.44333333333333336,0,0,0,0,0,0,0.17647058823529413,0.20754716981132076,0.9215686274509803,0.07407407407407407,0.19148936170212766,0.0,0.0,0.0,0.0,0.6,0.26666666666666666,0.3958333333333333,0.16666666666666666,0.5416666666666666,0.22916666666666666,0.0,0.28287111111111113,0.40333777777777774,0.21428571428571427,0.0,0.28695,0.32943333333333336,0.19607843137254902,0.27450980392156865,0.10526315789473684,0.24489795918367346,0.24489795918367346,0.14545454545454545,0.6632653061224489,0.2389937106918239,0.4024390243902439,0.1402439024390244,0.49230769230769234,0.25384615384615383,0.015384615384615385,7.513043478260869,0.9391304347826086,7.747826086956521,0.2037037037037037,0.6299231555744517,0.3177448519271752,0.6299231555744517,0.6,"{""novig"": {""1.5"": {""over"": 141, ""under"": -170}}, ""bet365"": {""1.5"": {""over"": 140, ""under"": -190}, ""0.5"": {""over"": -260, ""under"": 190}}, ""betmgm"": {""1.5"": {""over"": 138, ""under"": -190}, ""0.5"": {""over"": -225, ""under"": 165}}, ""pinnacle"": {""1.5"": {""over"": 142, ""under"": -192}}, ""draftkings"": {""1.5"": {""over"": 147, ""under"": -197}, ""0.5"": {""over"": -225, ""under"": 167}}, ""fanduel"": {""1.5"": {""over"": 125}, ""0.5"": {""over"": -250}}}",1.5,over,draftkings,147.0,0.4048582995951417,True,-0.0871,0.5,over,betmgm,-225.0,0.6923076923076923,True,-0.0624,True
650489,Willi Castro,COL,KC,1,7.0,1,679883,Luinder Avila,R,824326,8:10 PM ET,Coors Field,1,1,0.23243243243243245,2026-08-01,824326,0.0,0,117.3,118.0,105.2,R,2,2,1,0,0,0,0,0,0,1,1,1,0,0,0,1,0,0.293,0.294,1,0,1,0,1,0,0.1935483870967742,0.2857142857142857,0.6451612903225806,0.3142857142857143,0.17647058823529413,0.3548387096774194,0.08571428571428572,0.05714285714285714,0.16129032258064516,1.1333333333333333,0.7333333333333333,0.4,0.1,0.25,0.5,0.1,0.33808333333333335,1.1040999999999999,0.25,0.36363636363636365,0.5901666666666666,2.3400000000000003,0.2037037037037037,0.46296296296296297,0.2807017543859649,0.23214285714285715,0.30357142857142855,0.3870967741935484,0.6632653061224489,0.2389937106918239,0.4024390243902439,0.1402439024390244,0.49230769230769234,0.25384615384615383,0.015384615384615385,7.513043478260869,0.9391304347826086,7.747826086956521,0.2037037037037037,0.5559012519309398,0.3118773482200406,0.5559012519309398,1.1333333333333333,"{""novig"": {""1.5"": {""over"": 120, ""under"": -141}, ""0.5"": {""over"": -228, ""under"": 178}}, ""bet365"": {""1.5"": {""over"": 110, ""under"": -150}, ""0.5"": {""over"": -275, ""under"": 200}}, ""betmgm"": {""1.5"": {""over"": 120, ""under"": -160}, ""0.5"": {""over"": -225, ""under"": 165}}, ""pinnacle"": {""1.5"": {""over"": 114, ""under"": -151}}, ""draftkings"": {""1.5"": {""over"": 113, ""under"": -150}, ""0.5"": {""over"": -247, ""under"": 183}}, ""fanduel"": {""0.5"": {""over"": -240}}}",1.5,over,novig,120.0,0.45454545454545453,True,-0.1427,0.5,over,betmgm,-225.0,0.6923076923076923,True,-0.1364,True
695600,Carter Jensen,KC,COL,0,1.0,1,663372,Ryan Feltner,R,824326,8:10 PM ET,Coors Field,0,1,0.22482014388489208,2026-08-01,824326,0.0,0,117.3,118.0,105.2,L,4,4,1,0,0,1,0,0,0,1,4,3,1,1,1,1,0,0.27499999999999997,0.8293333333333331,1,0,1,1,1,0,0.19298245614035087,0.2923076923076923,0.5789473684210527,0.36363636363636365,0.3125,0.15789473684210525,0.015151515151515152,0.09090909090909091,0.12280701754385964,1.3333333333333333,1.6,0.42424242424242425,0.18181818181818182,0.36363636363636365,0.3939393939393939,0.030303030303030304,0.28186904761904763,0.580497619047619,0.17647058823529413,0.45,0.38270833333333326,0.5103333333333333,0.19298245614035087,0.3508771929824561,0.3384615384615385,0.21428571428571427,0.4107142857142857,0.2833333333333333,0.7184466019417476,0.2057142857142857,0.45652173913043476,0.21195652173913043,0.4391891891891892,0.2635135135135135,0.013513513513513514,7.815789473684211,1.4210526315789476,6.927631578947368,0.18660287081339713,0.66203619350886,0.4438645739401239,0.66203619350886,1.3333333333333333,"{""novig"": {""1.5"": {""over"": -144, ""under"": -122}}, ""bet365"": {""1.5"": {""over"": -130, ""under"": -105}}, ""betmgm"": {""1.5"": {""over"": -120, ""under"": -110}}, ""pinnacle"": {""1.5"": {""over"": -122, ""under"": -109}}, ""draftkings"": {""1.5"": {""over"": -111, ""under"": -119}}, ""fanduel"": {""0.5"": {""over"": -310}}}",1.5,over,draftkings,-111.0,0.5260663507109005,True,-0.0822,0.5,over,fanduel,-310.0,0.7560975609756098,True,-0.0941,True
686555,Isaac Collins,KC,COL,0,5.0,1,663372,Ryan Feltner,R,824326,8:10 PM ET,Coors Field,0,1,0.22482014388489208,2026-08-01,824326,0.0,0,117.3,118.0,105.2,L,4,4,1,0,1,0,0,0,0,0,3,4,0,2,1,2,1,0.37,0.47324999999999995,1,0,1,1,0,0,0.25806451612903225,0.3611111111111111,0.8064516129032258,0.16666666666666666,0.2916666666666667,0.12903225806451613,0.027777777777777776,0.027777777777777776,0.06451612903225806,0.8,0.4,0.36,0.2,0.4,0.32,0.0,0.22443589743589742,0.3175,0.2857142857142857,0.0,0.183,0.21270833333333333,0.28,0.48,0.22807017543859648,0.23076923076923078,0.36538461538461536,0.21052631578947367,0.7184466019417476,0.2057142857142857,0.45652173913043476,0.21195652173913043,0.4391891891891892,0.2635135135135135,0.013513513513513514,7.815789473684211,1.4210526315789476,6.927631578947368,0.18660287081339713,0.5335465784041068,0.30827053644473357,0.5335465784041068,0.8,"{""novig"": {""1.5"": {""over"": 113, ""under"": -153}, ""0.5"": {""over"": -264, ""under"": 199}}, ""bet365"": {""1.5"": {""over"": 120, ""under"": -160}, ""0.5"": {""over"": -260, ""under"": 190}}, ""betmgm"": {""1.5"": {""over"": 100, ""under"": -135}}, ""pinnacle"": {""1.5"": {""over"": 106, ""under"": -140}}, ""draftkings"": {""1.5"": {""over"": 112, ""under"": -148}}, ""fanduel"": {""0.5"": {""over"": -270}}}",1.5,over,bet365,120.0,0.45454545454545453,True,-0.1463,0.5,over,bet365,-260.0,0.7222222222222222,True,-0.1887,True
695506,Jac Caglianone,KC,COL,0,3.0,1,663372,Ryan Feltner,R,824326,8:10 PM ET,Coors Field,0,1,0.22482014388489208,2026-08-01,824326,0.0,0,117.3,118.0,105.2,L,4,4,0,0,0,0,0,0,0,1,0,3,0,2,0,2,1,0.3583333333333334,0.5583333333333332,0,0,0,0,1,0,0.23636363636363636,0.2631578947368421,0.8181818181818182,0.17543859649122806,0.23809523809523808,0.21818181818181817,0.05263157894736842,0.05263157894736842,0.10909090909090909,1.6666666666666667,0.6666666666666666,0.4666666666666667,0.15555555555555556,0.5555555555555556,0.2222222222222222,0.022222222222222223,0.3200444444444444,0.5250666666666667,0.2,0.18181818181818182,0.2927166666666666,0.5595166666666667,0.25,0.48214285714285715,0.15517241379310345,0.36507936507936506,0.6984126984126984,0.27941176470588236,0.7184466019417476,0.2057142857142857,0.45652173913043476,0.21195652173913043,0.4391891891891892,0.2635135135135135,0.013513513513513514,7.815789473684211,1.4210526315789476,6.927631578947368,0.18660287081339713,0.6807002320358485,0.4690539586521172,0.6807002320358485,1.6666666666666667,"{""bet365"": {""1.5"": {""over"": -140, ""under"": 105}}, ""betmgm"": {""1.5"": {""over"": -135, ""under"": 100}}, ""pinnacle"": {""1.5"": {""over"": -140, ""under"": 105}}, ""draftkings"": {""1.5"": {""over"": -134, ""under"": 101}}, ""fanduel"": {""0.5"": {""over"": -350}}}",1.5,over,draftkings,-134.0,0.5726495726495726,True,-0.1036,0.5,over,fanduel,-350.0,0.7777777777777778,True,-0.0971,True
670231,John Rave,KC,COL,0,8.0,1,663372,Ryan Feltner,R,824326,8:10 PM ET,Coors Field,0,1,0.22482014388489208,2026-08-01,824326,0.0,0,117.3,118.0,105.2,L,3,3,1,0,0,0,0,0,0,0,1,3,0,1,0,2,1,0.6213333333333334,0.7066666666666667,1,0,1,0,0,0,0.2,0.28205128205128205,0.6857142857142857,0.275,0.2608695652173913,0.2571428571428571,0.025,0.1,0.17142857142857143,1.0666666666666667,0.7333333333333333,0.4583333333333333,0.16666666666666666,0.5,0.2916666666666667,0.0,0.35924242424242425,0.7494848484848485,0.21428571428571427,0.35714285714285715,0.4469,1.1024999999999998,0.2,0.45714285714285713,0.275,0.11764705882352941,0.11764705882352941,0.25,0.7184466019417476,0.2057142857142857,0.45652173913043476,0.21195652173913043,0.4391891891891892,0.2635135135135135,0.013513513513513514,7.815789473684211,1.4210526315789476,6.927631578947368,0.18660287081339713,0.5873539008973434,0.34276563384632125,0.5873539008973434,1.0666666666666667,"{""novig"": {""1.5"": {""over"": 135}}, ""bet365"": {""1.5"": {""over"": 130, ""under"": -170}, ""0.5"": {""over"": -225, ""under"": 165}}, ""betmgm"": {""1.5"": {""over"": 135, ""under"": -185}, ""0.5"": {""over"": -200, ""under"": 150}}, ""draftkings"": {""1.5"": {""over"": 140, ""under"": -187}, ""0.5"": {""over"": -187, ""under"": 140}}, ""fanduel"": {""0.5"": {""over"": -210}}}",1.5,over,draftkings,140.0,0.4166666666666667,True,-0.0739,0.5,over,draftkings,-187.0,0.6515679442508711,True,-0.0642,True
657041,Lane Thomas,KC,COL,0,2.0,1,663372,Ryan Feltner,R,824326,8:10 PM ET,Coors Field,1,1,0.22482014388489208,2026-08-01,824326,0.0,0,117.3,118.0,105.2,R,4,3,1,0,0,0,1,0,0,0,1,3,0,2,0,0,2,0.5223333333333333,0.7473333333333333,1,0,1,0,0,0,0.22807017543859648,0.2786885245901639,0.6666666666666666,0.3114754098360656,0.2857142857142857,0.19298245614035087,0.04918032786885246,0.03278688524590164,0.08771929824561403,1.6,1.2666666666666666,0.5,0.18421052631578946,0.47368421052631576,0.15789473684210525,0.0,0.31969047619047625,0.489875,0.16666666666666666,0.3684210526315789,0.3246875,0.4211875000000001,0.26666666666666666,0.45,0.3076923076923077,0.20754716981132076,0.49056603773584906,0.25862068965517243,0.7184466019417476,0.2057142857142857,0.45652173913043476,0.21195652173913043,0.4391891891891892,0.2635135135135135,0.013513513513513514,7.815789473684211,1.4210526315789476,6.927631578947368,0.18660287081339713,0.7139729774394793,0.46991351750088156,0.7139729774394793,1.6,"{""novig"": {""1.5"": {""over"": -102, ""under"": -130}}, ""bet365"": {""1.5"": {""over"": -105, ""under"": -130}}, ""betmgm"": {""1.5"": {""over"": -110, ""under"": -120}}, ""pinnacle"": {""1.5"": {""over"": -105, ""under"": -126}}, ""draftkings"": {""1.5"": {""over"": 102, ""under"": -136}}, ""fanduel"": {""0.5"": {""over"": -300}}}",1.5,over,draftkings,102.0,0.49504950495049505,True,-0.0251,0.5,over,fanduel,-300.0,0.75,True,-0.036,True
686681,Michael Massey,KC,COL,0,7.0,1,663372,Ryan Feltner,R,824326,8:10 PM ET,Coors Field,0,1,0.22482014388489208,2026-08-01,824326,0.0,0,117.3,118.0,105.2,L,4,4,0,0,0,0,0,0,0,0,0,4,0,0,2,2,0,0.201,0.23249999999999998,0,0,0,0,0,0,0.27450980392156865,0.2962962962962963,0.8235294117647058,0.16666666666666666,0.30952380952380953,0.11764705882352941,0.018518518518518517,0.05555555555555555,0.0784313725490196,1.3333333333333333,0.6,0.4186046511627907,0.20930232558139536,0.46511627906976744,0.27906976744186046,0.0,0.24776666666666666,0.3763666666666667,0.11764705882352941,0.1111111111111111,0.1795,0.35374999999999995,0.2830188679245283,0.33962264150943394,0.13559322033898305,0.2127659574468085,0.3617021276595745,0.27450980392156865,0.7184466019417476,0.2057142857142857,0.45652173913043476,0.21195652173913043,0.4391891891891892,0.2635135135135135,0.013513513513513514,7.815789473684211,1.4210526315789476,6.927631578947368,0.18660287081339713,0.6858168236550276,0.42695717430651087,0.6858168236550276,1.3333333333333333,"{""novig"": {""1.5"": {""over"": 113, ""under"": -144}, ""0.5"": {""over"": -264, ""under"": 182}}, ""pinnacle"": {""1.5"": {""over"": 104, ""under"": -138}}, ""draftkings"": {""1.5"": {""over"": 113, ""under"": -150}, ""0.5"": {""over"": -252, ""under"": 186}}, ""fanduel"": {""1.5"": {""over"": -110}, ""0.5"": {""over"": -260}}}",1.5,over,novig,113.0,0.4694835680751174,True,-0.0425,0.5,over,draftkings,-252.0,0.7159090909090909,True,-0.0301,True
679845,Nick Loftin,KC,COL,0,6.0,1,663372,Ryan Feltner,R,824326,8:10 PM ET,Coors Field,1,1,0.22482014388489208,2026-08-01,824326,0.0,0,117.3,118.0,105.2,R,1,1,0,0,0,0,0,0,0,1,0,0,0,0,0,0,0,0.2735,0.31525,0,0,0,0,1,0,0.26,0.2962962962962963,0.84,0.14545454545454545,0.2857142857142857,0.1,0.01818181818181818,0.03636363636363636,0.06,1.2,0.5333333333333333,0.25,0.18181818181818182,0.4772727272727273,0.25,0.0,0.31407777777777773,0.47398333333333326,0.29411764705882354,0.19047619047619047,0.40519999999999995,0.7056166666666666,0.3,0.5,0.125,0.35294117647058826,0.5490196078431373,0.11864406779661017,0.7184466019417476,0.2057142857142857,0.45652173913043476,0.21195652173913043,0.4391891891891892,0.2635135135135135,0.013513513513513514,7.815789473684211,1.4210526315789476,6.927631578947368,0.18660287081339713,0.668396307333215,0.40562483873937155,0.668396307333215,1.2,"{""novig"": {""1.5"": {""over"": 115, ""under"": -135}}, ""bet365"": {""1.5"": {""over"": 120, ""under"": -160}, ""0.5"": {""over"": -275, ""under"": 200}}, ""betmgm"": {""1.5"": {""over"": 105, ""under"": -140}}, ""pinnacle"": {""1.5"": {""over"": 123, ""under"": -163}}, ""draftkings"": {""1.5"": {""over"": 105, ""under"": -140}}, ""fanduel"": {""0.5"": {""over"": -270}}}",1.5,over,pinnacle,123.0,0.4484304932735426,True,-0.0428,0.5,over,fanduel,-270.0,0.7297297297297297,True,-0.0613,True
521692,Salvador Perez,KC,COL,0,4.0,1,663372,Ryan Feltner,R,824326,8:10 PM ET,Coors Field,1,1,0.22482014388489208,2026-08-01,824326,0.0,0,117.3,118.0,105.2,R,4,4,2,0,0,0,0,0,0,1,2,3,0,1,0,1,2,0.6030000000000001,0.7146666666666667,1,1,1,1,1,0,0.2222222222222222,0.31746031746031744,0.6481481481481481,0.30158730158730157,0.25,0.2962962962962963,0.06349206349206349,0.031746031746031744,0.12962962962962962,1.8666666666666667,1.2666666666666666,0.4444444444444444,0.19444444444444445,0.4166666666666667,0.3611111111111111,0.05555555555555555,0.36027380952380955,0.7935238095238094,0.25,0.2727272727272727,0.4391999999999999,0.8167999999999997,0.23636363636363636,0.509090909090909,0.27419354838709675,0.27586206896551724,0.4482758620689655,0.15873015873015872,0.7184466019417476,0.2057142857142857,0.45652173913043476,0.21195652173913043,0.4391891891891892,0.2635135135135135,0.013513513513513514,7.815789473684211,1.4210526315789476,6.927631578947368,0.18660287081339713,0.7085053630929387,0.5009719009858996,0.7085053630929387,1.8666666666666667,"{""novig"": {""1.5"": {""over"": -111, ""under"": -100}}, ""bet365"": {""1.5"": {""over"": -110, ""under"": -120}}, ""betmgm"": {""1.5"": {""over"": -120, ""under"": -110}}, ""pinnacle"": {""1.5"": {""over"": -121, ""under"": -109}}, ""draftkings"": {""1.5"": {""over"": -108, ""under"": -123}}, ""fanduel"": {""0.5"": {""over"": -330}}}",1.5,over,draftkings,-108.0,0.5192307692307693,True,-0.0183,0.5,over,fanduel,-330.0,0.7674418604651163,True,-0.0589,True
686475,Tyler Tolbert,KC,COL,0,9.0,1,663372,Ryan Feltner,R,824326,8:10 PM ET,Coors Field,1,1,0.22482014388489208,2026-08-01,824326,0.0,0,117.3,118.0,105.2,R,4,4,2,0,0,0,0,0,0,1,2,3,0,0,1,2,0,0.517,0.5636666666666666,1,1,1,1,1,0,0.35714285714285715,0.38636363636363635,0.9285714285714286,0.06382978723404255,0.3333333333333333,0.2619047619047619,0.06382978723404255,0.0425531914893617,0.11904761904761904,1.7333333333333334,0.2,0.2857142857142857,0.21428571428571427,0.47619047619047616,0.21428571428571427,0.023809523809523808,0.2580128205128205,0.3754051282051283,0.2,0.07142857142857142,0.2085833333333333,0.40458333333333335,0.25806451612903225,0.3870967741935484,0.2222222222222222,0.34210526315789475,0.4473684210526316,0.13953488372093023,0.7184466019417476,0.2057142857142857,0.45652173913043476,0.21195652173913043,0.4391891891891892,0.2635135135135135,0.013513513513513514,7.815789473684211,1.4210526315789476,6.927631578947368,0.18660287081339713,0.6095273839046783,0.30191512853545927,0.6095273839046783,1.7333333333333334,"{""novig"": {""1.5"": {""over"": 144}}, ""betmgm"": {""0.5"": {""over"": -185, ""under"": 135}}, ""bet365"": {""1.5"": {""over"": 150, ""under"": -200}}, ""pinnacle"": {""1.5"": {""over"": 155, ""under"": -210}}, ""draftkings"": {""1.5"": {""over"": 147, ""under"": -198}}}",1.5,over,pinnacle,155.0,0.39215686274509803,True,-0.0902,0.5,over,betmgm,-185.0,0.6491228070175439,True,-0.0396,False
665487,Fernando Tatis Jr.,SD,SF,1,1.0,1,641816,Tyler Mahle,R,823269,8:40 PM ET,Petco Park,1,1,0.18135593220338983,2026-08-01,823269,0.0,0,95.4,94.6,96.5,R,5,3,1,1,0,0,2,0,0,0,2,3,0,1,1,1,1,0.29033333333333333,0.5856666666666667,1,0,1,1,0,0,0.3050847457627119,0.4142857142857143,0.8135593220338984,0.15714285714285714,0.3333333333333333,0.22033898305084745,0.04285714285714286,0.02857142857142857,0.1016949152542373,2.066666666666667,0.7333333333333333,0.5833333333333334,0.22916666666666666,0.5208333333333334,0.20833333333333334,0.041666666666666664,0.35950333333333334,0.6132766666666668,0.3333333333333333,0.13043478260869565,0.34237666666666666,0.4702466666666668,0.2833333333333333,0.4166666666666667,0.19117647058823528,0.3548387096774194,0.6129032258064516,0.18571428571428572,0.7053571428571429,0.2422680412371134,0.43781094527363185,0.1691542288557214,0.3860759493670886,0.2974683544303797,0.0,9.114649681528663,1.0318471337579618,8.254777070063694,0.21818181818181817,0.6787315305240383,0.43512578436678834,0.6787315305240383,2.066666666666667,"{""novig"": {""1.5"": {""over"": 111, ""under"": -133}}, ""bet365"": {""1.5"": {""over"": -105, ""under"": -130}}, ""betmgm"": {""1.5"": {""under"": -140}}, ""pinnacle"": {""1.5"": {""over"": -100, ""under"": -132}}, ""draftkings"": {""1.5"": {""over"": -101, ""under"": -132}}, ""fanduel"": {""0.5"": {""over"": -370}}}",1.5,over,novig,111.0,0.47393364928909953,True,-0.0388,0.5,over,fanduel,-370.0,0.7872340425531915,True,-0.1085,True
666023,Freddy Fermin,SD,SF,1,8.0,1,641816,Tyler Mahle,R,823269,8:40 PM ET,Petco Park,1,1,0.18135593220338983,2026-08-01,823269,0.0,0,95.4,94.6,96.5,R,4,4,1,0,0,0,0,0,0,1,1,3,0,1,1,2,0,0.32566666666666666,0.6919999999999998,1,0,1,0,1,0,0.23529411764705882,0.35,0.8235294117647058,0.14634146341463414,0.2857142857142857,0.08823529411764706,0.0,0.07317073170731707,0.08823529411764706,0.7333333333333333,0.4,0.27586206896551724,0.20689655172413793,0.3793103448275862,0.3448275862068966,0.0,0.19055357142857146,0.24418452380952377,0.3333333333333333,0.23076923076923078,0.2790666666666666,0.3317333333333334,0.14285714285714285,0.2857142857142857,0.19047619047619047,0.22727272727272727,0.4318181818181818,0.16,0.7053571428571429,0.2422680412371134,0.43781094527363185,0.1691542288557214,0.3860759493670886,0.2974683544303797,0.0,9.114649681528663,1.0318471337579618,8.254777070063694,0.21818181818181817,0.5165723488465208,0.24003709666346226,0.5165723488465208,0.7333333333333333,"{""novig"": {""1.5"": {""over"": 203}}, ""betmgm"": {""0.5"": {""over"": -150, ""under"": 110}}, ""bet365"": {""1.5"": {""over"": 230, ""under"": -330}}, ""pinnacle"": {""0.5"": {""over"": -150, ""under"": 113}}, ""fanduel"": {""1.5"": {""over"": 210}}}",1.5,over,bet365,230.0,0.30303030303030304,True,-0.063,0.5,over,betmgm,-150.0,0.6,True,-0.0834,False
701538,Jackson Merrill,SD,SF,1,5.0,1,641816,Tyler Mahle,R,823269,8:40 PM ET,Petco Park,0,1,0.18135593220338983,2026-08-01,823269,0.0,0,95.4,94.6,96.5,L,4,4,0,0,0,0,0,0,0,1,0,3,0,2,1,1,1,0.23766666666666666,0.338,0,0,0,0,1,0,0.3389830508474576,0.3709677419354839,0.7966101694915254,0.19047619047619047,0.35714285714285715,0.288135593220339,0.07936507936507936,0.031746031746031744,0.11864406779661017,2.466666666666667,0.8,0.574468085106383,0.3191489361702128,0.23404255319148937,0.3617021276595745,0.10638297872340426,0.40434444444444445,0.8035944444444444,0.5,0.14285714285714285,0.4421166666666667,0.8469833333333332,0.2711864406779661,0.4067796610169492,0.171875,0.30158730158730157,0.4603174603174603,0.23076923076923078,0.7053571428571429,0.2422680412371134,0.43781094527363185,0.1691542288557214,0.3860759493670886,0.2974683544303797,0.0,9.114649681528663,1.0318471337579618,8.254777070063694,0.21818181818181817,0.6644278320518676,0.4143821707843896,0.6644278320518676,2.466666666666667,"{""novig"": {""1.5"": {""over"": 133, ""under"": -170}, ""0.5"": {""over"": -213, ""under"": 156}}, ""bet365"": {""1.5"": {""over"": 125, ""under"": -165}, ""0.5"": {""over"": -230, ""under"": 170}}, ""betmgm"": {""1.5"": {""over"": 130, ""under"": -175}, ""0.5"": {""over"": -210, ""under"": 155}}, ""pinnacle"": {""1.5"": {""over"": 135, ""under"": -180}}, ""draftkings"": {""1.5"": {""over"": 126, ""under"": -168}, ""0.5"": {""over"": -214, ""under"": 159}}, ""fanduel"": {""0.5"": {""over"": -230}}}",1.5,over,pinnacle,135.0,0.425531914893617,True,-0.0111,0.5,over,betmgm,-210.0,0.6774193548387096,True,-0.013,True
630105,Jake Cronenworth,SD,SF,1,2.0,1,641816,Tyler Mahle,R,823269,8:40 PM ET,Petco Park,0,1,0.18135593220338983,2026-08-01,823269,0.0,0,95.4,94.6,96.5,L,3,3,0,0,0,0,0,0,0,1,0,2,0,0,0,1,0,0.139,0.1395,0,0,0,0,1,0,0.28846153846153844,0.38333333333333336,0.7692307692307693,0.19672131147540983,0.375,0.038461538461538464,0.0,0.03278688524590164,0.038461538461538464,1.1333333333333333,0.8,0.3902439024390244,0.2682926829268293,0.5609756097560976,0.14634146341463414,0.0,0.4019940476190476,0.48057142857142854,0.2777777777777778,0.125,0.33303333333333346,0.3983166666666671,0.25,0.34615384615384615,0.22033898305084745,0.20833333333333334,0.22916666666666666,0.2222222222222222,0.7053571428571429,0.2422680412371134,0.43781094527363185,0.1691542288557214,0.3860759493670886,0.2974683544303797,0.0,9.114649681528663,1.0318471337579618,8.254777070063694,0.21818181818181817,0.629657914400987,0.35446687521011605,0.629657914400987,1.1333333333333333,"{""novig"": {""1.5"": {""over"": 138}}, ""betmgm"": {""0.5"": {""over"": -175, ""under"": 130}}, ""bet365"": {""1.5"": {""over"": 160, ""under"": -220}}, ""pinnacle"": {""0.5"": {""over"": -195, ""under"": 145}}, ""draftkings"": {""1.5"": {""over"": 148, ""under"": -198}}}",1.5,over,bet365,160.0,0.38461538461538464,True,-0.0301,0.5,over,betmgm,-175.0,0.6363636363636364,True,-0.0067,False
687749,Jase Bowen,SD,SF,1,9.0,1,641816,Tyler Mahle,R,823269,8:40 PM ET,Petco Park,1,1,0.18135593220338983,2026-08-01,823269,0.0,0,95.4,94.6,96.5,R,4,4,2,0,0,1,0,0,0,1,5,3,0,3,1,0,2,0.6086666666666667,1.5923333333333334,1,1,1,1,1,0,0.1724137931034483,0.22580645161290322,0.6206896551724138,0.3548387096774194,0.2777777777777778,0.06896551724137931,0.0,0.06451612903225806,0.06896551724137931,0.4666666666666667,0.7333333333333333,0.3888888888888889,0.2222222222222222,0.5555555555555556,0.2222222222222222,0.0,0.427325,0.691575,0.1111111111111111,0.5555555555555556,0.6571666666666667,0.8235,0.17857142857142858,0.2857142857142857,0.35714285714285715,0.17647058823529413,0.23529411764705882,0.3783783783783784,0.7053571428571429,0.2422680412371134,0.43781094527363185,0.1691542288557214,0.3860759493670886,0.2974683544303797,0.0,9.114649681528663,1.0318471337579618,8.254777070063694,0.21818181818181817,0.24022691558070927,0.09196239367929959,0.24022691558070927,0.4666666666666667,"{""novig"": {""1.5"": {""over"": 203}}, ""betmgm"": {""0.5"": {""over"": -125, ""under"": -105}}, ""bet365"": {""1.5"": {""over"": 200, ""under"": -275}}, ""pinnacle"": {""0.5"": {""over"": -155, ""under"": 113}}}",1.5,over,novig,203.0,0.33003300330033003,True,-0.2381,0.5,over,betmgm,-125.0,0.5555555555555556,True,-0.3153,False
650859,Luis Rengifo,SD,SF,1,6.0,1,641816,Tyler Mahle,R,823269,8:40 PM ET,Petco Park,1,1,0.18135593220338983,2026-08-01,823269,0.0,0,95.4,94.6,96.5,R,3,2,1,0,0,0,1,0,0,1,1,1,0,0,0,0,1,0.869,0.923,1,0,1,0,1,0,0.34615384615384615,0.43333333333333335,0.8076923076923077,0.16129032258064516,0.3684210526315789,0.3076923076923077,0.06451612903225806,0.06451612903225806,0.15384615384615385,1.1333333333333333,0.3333333333333333,0.5,0.3181818181818182,0.4090909090909091,0.22727272727272727,0.045454545454545456,0.39825,0.6499444444444444,0.2857142857142857,0.0,0.3663,0.5272999999999998,0.2608695652173913,0.43478260869565216,0.05357142857142857,0.3,0.32,0.2545454545454545,0.7053571428571429,0.2422680412371134,0.43781094527363185,0.1691542288557214,0.3860759493670886,0.2974683544303797,0.0,9.114649681528663,1.0318471337579618,8.254777070063694,0.21818181818181817,0.5027373549258618,0.28188772166759585,0.5027373549258618,1.1333333333333333,"{""novig"": {""1.5"": {""over"": 163}}, ""betmgm"": {""0.5"": {""over"": -190, ""under"": 140}}, ""bet365"": {""1.5"": {""over"": 200, ""under"": -275}}, ""pinnacle"": {""0.5"": {""over"": -186, ""under"": 138}}, ""fanduel"": {""1.5"": {""over"": 170}}}",1.5,over,bet365,200.0,0.3333333333333333,True,-0.0514,0.5,over,pinnacle,-186.0,0.6503496503496503,True,-0.1476,False
592518,Manny Machado,SD,SF,1,3.0,1,641816,Tyler Mahle,R,823269,8:40 PM ET,Petco Park,1,1,0.18135593220338983,2026-08-01,823269,0.0,0,95.4,94.6,96.5,R,5,4,1,1,0,0,0,0,1,1,2,4,0,3,2,1,1,0.336,0.9343333333333333,1,0,1,1,1,0,0.3064516129032258,0.36231884057971014,0.7903225806451613,0.18840579710144928,0.32608695652173914,0.22580645161290322,0.057971014492753624,0.028985507246376812,0.0967741935483871,2.2,0.8666666666666667,0.46,0.3,0.34,0.3,0.06,0.32902555555555557,0.56958,0.3181818181818182,0.21739130434782608,0.25587666666666675,0.41729000000000005,0.3548387096774194,0.6290322580645161,0.15151515151515152,0.19298245614035087,0.45614035087719296,0.2153846153846154,0.7053571428571429,0.2422680412371134,0.43781094527363185,0.1691542288557214,0.3860759493670886,0.2974683544303797,0.0,9.114649681528663,1.0318471337579618,8.254777070063694,0.21818181818181817,0.6851743249378197,0.42484420844634324,0.6851743249378197,2.2,"{""novig"": {""1.5"": {""over"": 130, ""under"": -147}, ""0.5"": {""over"": -217, ""under"": 174}}, ""bet365"": {""1.5"": {""over"": 135, ""under"": -180}, ""0.5"": {""over"": -225, ""under"": 165}}, ""betmgm"": {""1.5"": {""over"": 110, ""under"": -150}, ""0.5"": {""over"": -235, ""under"": 175}}, ""pinnacle"": {""1.5"": {""over"": 136, ""under"": -182}}, ""draftkings"": {""1.5"": {""over"": 119, ""under"": -158}, ""0.5"": {""over"": -231, ""under"": 171}}, ""fanduel"": {""0.5"": {""over"": -230}}}",1.5,over,pinnacle,136.0,0.423728813559322,True,0.0011,0.5,over,novig,-217.0,0.6845425867507886,True,0.0006,True
664034,Ty France,SD,SF,1,4.0,1,641816,Tyler Mahle,R,823269,8:40 PM ET,Petco Park,1,1,0.18135593220338983,2026-08-01,823269,0.0,0,95.4,94.6,96.5,R,4,2,2,0,0,0,1,0,1,0,2,3,0,1,0,0,3,0.8140000000000001,1.084,1,1,1,1,0,0,0.3620689655172414,0.4090909090909091,0.7758620689655172,0.19696969696969696,0.36585365853658536,0.3793103448275862,0.09090909090909091,0.06060606060606061,0.1724137931034483,2.8666666666666667,0.8666666666666667,0.6170212765957447,0.3191489361702128,0.3617021276595745,0.3191489361702128,0.0425531914893617,0.43905,0.7773333333333333,0.3157894736842105,0.19047619047619047,0.33076666666666654,0.39564999999999995,0.3508771929824561,0.5964912280701754,0.19047619047619047,0.2653061224489796,0.5510204081632653,0.20689655172413793,0.7053571428571429,0.2422680412371134,0.43781094527363185,0.1691542288557214,0.3860759493670886,0.2974683544303797,0.0,9.114649681528663,1.0318471337579618,8.254777070063694,0.21818181818181817,0.6554147484338159,0.4088032075073949,0.6554147484338159,2.8666666666666667,"{""novig"": {""1.5"": {""over"": 133, ""under"": -186}, ""0.5"": {""over"": -217, ""under"": 167}}, ""bet365"": {""1.5"": {""over"": 130, ""under"": -170}, ""0.5"": {""over"": -260, ""under"": 190}}, ""betmgm"": {""1.5"": {""over"": 120, ""under"": -160}, ""0.5"": {""over"": -235, ""under"": 175}}, ""pinnacle"": {""1.5"": {""over"": 129, ""under"": -173}}, ""draftkings"": {""1.5"": {""over"": 132, ""under"": -176}, ""0.5"": {""over"": -228, ""under"": 169}}, ""fanduel"": {""0.5"": {""over"": -220}}}",1.5,over,novig,133.0,0.4291845493562232,True,-0.0204,0.5,over,novig,-217.0,0.6845425867507886,True,-0.0291,True
593428,Xander Bogaerts,SD,SF,1,7.0,1,641816,Tyler Mahle,R,823269,8:40 PM ET,Petco Park,1,1,0.18135593220338983,2026-08-01,823269,0.0,0,95.4,94.6,96.5,R,4,4,1,0,0,0,0,0,0,1,1,3,0,1,0,2,1,0.31,0.3373333333333333,1,0,1,0,1,0,0.17307692307692307,0.296875,0.8269230769230769,0.140625,0.18181818181818182,0.09615384615384616,0.015625,0.03125,0.057692307692307696,0.9333333333333333,0.6,0.37777777777777777,0.15555555555555556,0.4666666666666667,0.35555555555555557,0.022222222222222223,0.2985722222222222,0.4882944444444444,0.1875,0.1,0.27740000000000004,0.37574999999999986,0.16363636363636364,0.2545454545454545,0.23076923076923078,0.25,0.36538461538461536,0.07936507936507936,0.7053571428571429,0.2422680412371134,0.43781094527363185,0.1691542288557214,0.3860759493670886,0.2974683544303797,0.0,9.114649681528663,1.0318471337579618,8.254777070063694,0.21818181818181817,0.574095163303865,0.3406916293800275,0.574095163303865,0.9333333333333333,"{""novig"": {""1.5"": {""over"": 163}}, ""betmgm"": {""0.5"": {""over"": -185, ""under"": 135}}, ""bet365"": {""1.5"": {""over"": 160, ""under"": -220}}, ""pinnacle"": {""0.5"": {""over"": -211, ""under"": 155}}}",1.5,over,novig,163.0,0.38022813688212925,True,-0.0395,0.5,over,betmgm,-185.0,0.6491228070175439,True,-0.075,False
805811,Bryce Eldridge,SF,SD,0,2.0,1,621111,Walker Buehler,R,823269,8:40 PM ET,Petco Park,0,1,0.21946902654867256,2026-08-01,823269,0.0,0,95.4,94.6,96.5,L,3,3,0,0,0,0,0,0,0,2,0,1,0,1,0,1,0,0.54,0.64,0,0,0,0,1,1,0.2,0.3230769230769231,0.6,0.3384615384615385,0.26666666666666666,0.2,0.046153846153846156,0.03076923076923077,0.09090909090909091,1.4666666666666666,1.4666666666666666,0.48484848484848486,0.15151515151515152,0.3939393939393939,0.3939393939393939,0.06060606060606061,0.3271538461538462,0.6746730769230769,0.15,0.34782608695652173,0.2717166666666667,0.41008333333333324,0.20754716981132076,0.4528301886792453,0.28125,0.20833333333333334,0.4166666666666667,0.2727272727272727,0.680952380952381,0.2247191011235955,0.46236559139784944,0.20430107526881722,0.46153846153846156,0.2727272727272727,0.02097902097902098,9.414473684210526,1.4210526315789476,8.703947368421053,0.22580645161290322,0.6130413558322744,0.3854159989714426,0.6130413558322744,1.4666666666666666,"{""novig"": {""1.5"": {""over"": 130}}, ""betmgm"": {""0.5"": {""over"": -165, ""under"": 125}}, ""bet365"": {""1.5"": {""over"": 150, ""under"": -200}}, ""pinnacle"": {""0.5"": {""over"": -184, ""under"": 137}}}",1.5,over,bet365,150.0,0.4,True,-0.0146,0.5,over,betmgm,-165.0,0.6226415094339622,True,-0.0096,False
683766,Christian Koss,SF,SD,0,9.0,1,621111,Walker Buehler,R,823269,8:40 PM ET,Petco Park,1,1,0.21946902654867256,2026-08-01,823269,0.0,0,95.4,94.6,96.5,R,3,3,1,0,0,0,0,0,0,0,1,3,0,1,0,2,0,0.213,0.232,1,0,1,0,0,0,0.17142857142857143,0.23684210526315788,0.8285714285714286,0.15789473684210525,0.20689655172413793,0.02857142857142857,0.0,0.02631578947368421,0.02857142857142857,0.4666666666666667,0.4,0.20689655172413793,0.13793103448275862,0.4482758620689655,0.27586206896551724,0.0,0.1911025641025641,0.23502564102564102,0.25,0.2222222222222222,0.25903333333333334,0.3441333333333333,0.1891891891891892,0.2972972972972973,0.175,0.28125,0.34375,0.2631578947368421,0.680952380952381,0.2247191011235955,0.46236559139784944,0.20430107526881722,0.46153846153846156,0.2727272727272727,0.02097902097902098,9.414473684210526,1.4210526315789476,8.703947368421053,0.22580645161290322,0.4451603290295642,0.1957482135784743,0.4451603290295642,0.4666666666666667,"{""novig"": {""1.5"": {""over"": 217}}, ""betmgm"": {""0.5"": {""over"": -140, ""under"": 105}}, ""bet365"": {""1.5"": {""over"": 255, ""under"": -360}}, ""pinnacle"": {""0.5"": {""over"": -140, ""under"": 106}}, ""fanduel"": {""1.5"": {""over"": 230}}}",1.5,over,bet365,255.0,0.28169014084507044,True,-0.0859,0.5,over,betmgm,-140.0,0.5833333333333334,True,-0.1382,False
691740,Daniel Susac,SF,SD,0,7.0,1,621111,Walker Buehler,R,823269,8:40 PM ET,Petco Park,1,1,0.21946902654867256,2026-08-01,823269,0.0,0,95.4,94.6,96.5,R,4,3,1,0,0,1,0,0,1,0,4,4,0,1,2,1,1,0.38566666666666666,1.2283333333333333,1,0,1,1,0,0,0.18181818181818182,0.20833333333333334,0.75,0.22448979591836735,0.18181818181818182,0.18181818181818182,0.04081632653061224,0.04081632653061224,0.09090909090909091,1.0666666666666667,0.7333333333333333,0.3611111111111111,0.2777777777777778,0.3611111111111111,0.3333333333333333,0.0,0.30657222222222225,0.44050555555555554,0.18181818181818182,0.0,0.29505000000000003,0.55255,0.10204081632653061,0.14285714285714285,0.2413793103448276,0.425,0.5,0.16279069767441862,0.680952380952381,0.2247191011235955,0.46236559139784944,0.20430107526881722,0.46153846153846156,0.2727272727272727,0.02097902097902098,9.414473684210526,1.4210526315789476,8.703947368421053,0.22580645161290322,0.6056847537615414,0.30408478209407735,0.6056847537615414,1.0666666666666667,"{""novig"": {""1.5"": {""over"": 174}}, ""betmgm"": {""0.5"": {""over"": -160, ""under"": 120}}, ""bet365"": {""1.5"": {""over"": 202, ""under"": -280}}, ""pinnacle"": {""0.5"": {""over"": -156, ""under"": 117}}}",1.5,over,bet365,202.0,0.33112582781456956,True,-0.027,0.5,over,pinnacle,-156.0,0.609375,True,-0.0037,False
687551,Drew Gilbert,SF,SD,0,8.0,1,621111,Walker Buehler,R,823269,8:40 PM ET,Petco Park,0,1,0.21946902654867256,2026-08-01,823269,0.0,0,95.4,94.6,96.5,L,1,1,0,0,0,0,0,0,0,0,0,1,0,0,0,0,1,0.157,0.283,0,0,0,0,0,0,0.21739130434782608,0.3076923076923077,0.8478260869565217,0.1346153846153846,0.2564102564102564,0.021739130434782608,0.0,0.019230769230769232,0.021739130434782608,0.7333333333333333,0.4666666666666667,0.41025641025641024,0.2564102564102564,0.46153846153846156,0.20512820512820512,0.05128205128205128,0.40643452380952383,0.6284464285714285,0.45454545454545453,0.14285714285714285,0.6415666666666666,1.1610999999999998,0.2765957446808511,0.3829787234042553,0.11320754716981132,0.08571428571428572,0.08571428571428572,0.2777777777777778,0.680952380952381,0.2247191011235955,0.46236559139784944,0.20430107526881722,0.46153846153846156,0.2727272727272727,0.02097902097902098,9.414473684210526,1.4210526315789476,8.703947368421053,0.22580645161290322,0.579063576127546,0.2611727334953209,0.579063576127546,0.7333333333333333,"{""novig"": {""1.5"": {""over"": 212}}, ""betmgm"": {""0.5"": {""over"": -125, ""under"": -105}}, ""bet365"": {""1.5"": {""over"": 290, ""under"": -425}}, ""pinnacle"": {""0.5"": {""over"": -117, ""under"": -114}}}",1.5,over,bet365,290.0,0.2564102564102564,True,0.0048,0.5,over,pinnacle,-117.0,0.5391705069124424,True,0.0399,False
671218,Heliot Ramos,SF,SD,0,3.0,1,621111,Walker Buehler,R,823269,8:40 PM ET,Petco Park,1,1,0.21946902654867256,2026-08-01,823269,0.0,0,95.4,94.6,96.5,R,3,3,0,0,0,0,0,0,0,1,0,2,0,0,0,1,1,0.0845,0.136,0,0,0,0,1,0,0.25396825396825395,0.29850746268656714,0.7301587301587301,0.2537313432835821,0.3333333333333333,0.047619047619047616,0.014925373134328358,0.0,0.015873015873015872,1.2666666666666666,1.1333333333333333,0.41304347826086957,0.10869565217391304,0.6956521739130435,0.13043478260869565,0.021739130434782608,0.3134822222222223,0.5082655555555555,0.3333333333333333,0.16666666666666666,0.2694966666666666,0.3368133333333334,0.19047619047619047,0.23809523809523808,0.3384615384615385,0.3559322033898305,0.576271186440678,0.20634920634920634,0.680952380952381,0.2247191011235955,0.46236559139784944,0.20430107526881722,0.46153846153846156,0.2727272727272727,0.02097902097902098,9.414473684210526,1.4210526315789476,8.703947368421053,0.22580645161290322,0.6599521563478946,0.4009283888085493,0.6599521563478946,1.2666666666666666,"{""novig"": {""1.5"": {""over"": 135, ""under"": -186}}, ""bet365"": {""1.5"": {""over"": 135, ""under"": -180}, ""0.5"": {""over"": -245, ""under"": 182}}, ""betmgm"": {""1.5"": {""over"": 140, ""under"": -190}, ""0.5"": {""over"": -210, ""under"": 155}}, ""pinnacle"": {""1.5"": {""over"": 135, ""under"": -181}}, ""draftkings"": {""1.5"": {""over"": 133, ""under"": -177}, ""0.5"": {""over"": -211, ""under"": 157}}, ""fanduel"": {""0.5"": {""over"": -220}}}",1.5,over,betmgm,140.0,0.4166666666666667,True,-0.0157,0.5,over,betmgm,-210.0,0.6774193548387096,True,-0.0175,True
808982,Jung Hoo Lee,SF,SD,0,5.0,1,621111,Walker Buehler,R,823269,8:40 PM ET,Petco Park,0,1,0.21946902654867256,2026-08-01,823269,0.0,0,95.4,94.6,96.5,L,3,3,0,0,0,0,0,0,0,0,0,3,0,1,0,2,0,0.245,0.26766666666666666,0,0,0,0,0,0,0.26785714285714285,0.32786885245901637,0.8571428571428571,0.13114754098360656,0.2978723404255319,0.16071428571428573,0.01639344262295082,0.06557377049180328,0.10714285714285714,1.6,0.5333333333333333,0.3125,0.25,0.5416666666666666,0.16666666666666666,0.0,0.3617944444444444,0.4541555555555556,0.3,0.13043478260869565,0.39475,0.5597,0.26785714285714285,0.4107142857142857,0.11666666666666667,0.2909090909090909,0.43636363636363634,0.1206896551724138,0.680952380952381,0.2247191011235955,0.46236559139784944,0.20430107526881722,0.46153846153846156,0.2727272727272727,0.02097902097902098,9.414473684210526,1.4210526315789476,8.703947368421053,0.22580645161290322,0.6451597514533148,0.3854159989714426,0.6451597514533148,1.6,"{""novig"": {""1.5"": {""over"": 153, ""under"": -208}}, ""bet365"": {""1.5"": {""over"": 140, ""under"": -190}, ""0.5"": {""over"": -260, ""under"": 190}}, ""betmgm"": {""1.5"": {""over"": 145, ""under"": -200}, ""0.5"": {""over"": -235, ""under"": 170}}, ""pinnacle"": {""1.5"": {""over"": 144, ""under"": -194}}, ""draftkings"": {""1.5"": {""over"": 144, ""under"": -193}, ""0.5"": {""over"": -246, ""under"": 182}}, ""fanduel"": {""1.5"": {""over"": 155}, ""0.5"": {""over"": -210}}}",1.5,over,fanduel,155.0,0.39215686274509803,True,-0.0067,0.5,over,fanduel,-210.0,0.6774193548387096,True,-0.0323,True
650333,Luis Arraez,SF,SD,0,1.0,1,621111,Walker Buehler,R,823269,8:40 PM ET,Petco Park,0,1,0.21946902654867256,2026-08-01,823269,0.0,0,95.4,94.6,96.5,L,3,3,1,0,0,0,0,0,0,1,1,2,1,2,1,0,1,0.7244999999999999,1.4645,1,0,1,0,1,0,0.3387096774193548,0.373134328358209,0.9193548387096774,0.07462686567164178,0.3620689655172414,0.03225806451612903,0.0,0.029850746268656716,0.03225806451612903,1.5333333333333334,0.3333333333333333,0.05172413793103448,0.3275862068965517,0.3448275862068966,0.25862068965517243,0.0,0.3060744444444445,0.3656344444444445,0.36363636363636365,0.043478260869565216,0.2950766666666667,0.34985,0.3114754098360656,0.3770491803278688,0.06060606060606061,0.4098360655737705,0.5901639344262295,0.08955223880597014,0.680952380952381,0.2247191011235955,0.46236559139784944,0.20430107526881722,0.46153846153846156,0.2727272727272727,0.02097902097902098,9.414473684210526,1.4210526315789476,8.703947368421053,0.22580645161290322,0.6599583616317399,0.3844346489783001,0.6599583616317399,1.5333333333333334,"{""novig"": {""1.5"": {""over"": 120, ""under"": -160}}, ""bet365"": {""1.5"": {""over"": 110, ""under"": -150}}, ""betmgm"": {""1.5"": {""over"": 105, ""under"": -140}}, ""pinnacle"": {""1.5"": {""over"": 112, ""under"": -149}}, ""draftkings"": {""1.5"": {""over"": 124, ""under"": -165}}, ""fanduel"": {""0.5"": {""over"": -310}}}",1.5,over,draftkings,124.0,0.44642857142857145,True,-0.062,0.5,over,fanduel,-310.0,0.7560975609756098,True,-0.0961,True
646240,Rafael Devers,SF,SD,0,4.0,1,621111,Walker Buehler,R,823269,8:40 PM ET,Petco Park,0,1,0.21946902654867256,2026-08-01,823269,0.0,0,95.4,94.6,96.5,L,3,2,0,0,0,0,1,0,0,0,0,2,0,1,1,1,0,0.0365,0.047,0,0,0,0,0,0,0.21428571428571427,0.3076923076923077,0.6785714285714286,0.27692307692307694,0.25,0.19642857142857142,0.046153846153846156,0.03076923076923077,0.08928571428571429,1.5333333333333334,1.2,0.48717948717948717,0.20512820512820512,0.4358974358974359,0.3333333333333333,0.0,0.30306666666666665,0.5018222222222222,0.2222222222222222,0.18181818181818182,0.28613333333333346,0.4589833333333332,0.24528301886792453,0.5283018867924528,0.2153846153846154,0.24561403508771928,0.42105263157894735,0.2,0.680952380952381,0.2247191011235955,0.46236559139784944,0.20430107526881722,0.46153846153846156,0.2727272727272727,0.02097902097902098,9.414473684210526,1.4210526315789476,8.703947368421053,0.22580645161290322,0.6301865481608209,0.40229211094539524,0.6301865481608209,1.5333333333333334,"{""novig"": {""1.5"": {""over"": 141, ""under"": -178}, ""0.5"": {""over"": -174, ""under"": 138}}, ""bet365"": {""1.5"": {""over"": 132, ""under"": -175}, ""0.5"": {""over"": -200, ""under"": 150}}, ""betmgm"": {""1.5"": {""over"": 130, ""under"": -175}, ""0.5"": {""over"": -190, ""under"": 140}}, ""pinnacle"": {""1.5"": {""over"": 132, ""under"": -177}}, ""draftkings"": {""1.5"": {""over"": 137, ""under"": -184}, ""0.5"": {""over"": -186, ""under"": 139}}, ""fanduel"": {""0.5"": {""over"": -185}}}",1.5,over,novig,141.0,0.4149377593360996,True,-0.0126,0.5,over,novig,-174.0,0.635036496350365,True,-0.0048,True
642715,Willy Adames,SF,SD,0,6.0,1,621111,Walker Buehler,R,823269,8:40 PM ET,Petco Park,1,1,0.21946902654867256,2026-08-01,823269,0.0,0,95.4,94.6,96.5,R,3,3,0,0,0,0,0,0,0,0,0,3,0,1,0,2,0,0.2836666666666667,0.307,0,0,0,0,0,0,0.23214285714285715,0.29508196721311475,0.6964285714285714,0.2786885245901639,0.2777777777777778,0.21428571428571427,0.04918032786885246,0.04918032786885246,0.10714285714285714,1.6666666666666667,1.1333333333333333,0.28205128205128205,0.1282051282051282,0.41025641025641024,0.358974358974359,0.02564102564102564,0.3301755555555556,0.4911566666666667,0.2777777777777778,0.09523809523809523,0.27929333333333334,0.33028666666666673,0.23214285714285715,0.5,0.2903225806451613,0.2857142857142857,0.5714285714285714,0.24193548387096775,0.680952380952381,0.2247191011235955,0.46236559139784944,0.20430107526881722,0.46153846153846156,0.2727272727272727,0.02097902097902098,9.414473684210526,1.4210526315789476,8.703947368421053,0.22580645161290322,0.6164148220717328,0.34276563384632125,0.6164148220717328,1.6666666666666667,"{""novig"": {""1.5"": {""over"": 156}}, ""betmgm"": {""0.5"": {""over"": -160, ""under"": 120}}, ""bet365"": {""1.5"": {""over"": 180, ""under"": -240}}, ""pinnacle"": {""0.5"": {""over"": -159, ""under"": 119}}}",1.5,over,bet365,180.0,0.35714285714285715,True,-0.0144,0.5,over,pinnacle,-159.0,0.6138996138996139,True,0.0025,False
681624,Andy Pages,LAD,BOS,1,2.0,1,801139,Payton Tolle,L,823920,9:10 PM ET,Dodger Stadium,1,0,0.23063063063063063,2026-08-01,823920,0.0,1,96.8,101.9,115.2,R,5,4,1,0,0,0,1,0,0,1,1,3,0,0,0,2,1,0.4266666666666667,0.48866666666666664,1,0,1,0,1,0,0.3220338983050847,0.3939393939393939,0.7288135593220338,0.24242424242424243,0.4146341463414634,0.15254237288135594,0.030303030303030304,0.015151515151515152,0.06779661016949153,1.8666666666666667,1.0666666666666667,0.4186046511627907,0.3023255813953488,0.37209302325581395,0.27906976744186046,0.023255813953488372,0.3729166666666667,0.5337833333333334,0.3333333333333333,0.18181818181818182,0.28925,0.3780166666666667,0.2542372881355932,0.3559322033898305,0.22388059701492538,0.23728813559322035,0.4576271186440678,0.23880597014925373,0.6622807017543859,0.22885572139303484,0.42028985507246375,0.16908212560386474,0.3708609271523179,0.2781456953642384,0.013245033112582781,7.6473988439306355,0.9364161849710981,8.271676300578035,0.2217573221757322,0.694089008578171,0.4690539586521172,0.694089008578171,1.8666666666666667,"{""novig"": {""1.5"": {""over"": 130, ""under"": -167}}, ""bet365"": {""1.5"": {""over"": 130, ""under"": -170}, ""0.5"": {""over"": -220, ""under"": 160}}, ""betmgm"": {""1.5"": {""over"": 135, ""under"": -185}, ""0.5"": {""over"": -200, ""under"": 150}}, ""pinnacle"": {""1.5"": {""over"": 128, ""under"": -171}}, ""draftkings"": {""1.5"": {""over"": 122, ""under"": -163}, ""0.5"": {""over"": -222, ""under"": 165}}, ""fanduel"": {""1.5"": {""over"": 115}, ""0.5"": {""over"": -210}}}",1.5,over,betmgm,135.0,0.425531914893617,True,0.0435,0.5,over,betmgm,-200.0,0.6666666666666666,True,0.0274,True
687221,Dalton Rushing,LAD,BOS,1,9.0,1,801139,Payton Tolle,L,823920,9:10 PM ET,Dodger Stadium,0,0,0.23063063063063063,2026-08-01,823920,0.0,1,96.8,101.9,115.2,L,4,4,1,0,0,1,0,0,0,3,4,1,1,1,1,0,0,0.846,3.316,1,0,1,1,1,1,0.25,0.34,0.6363636363636364,0.32,0.37037037037037035,0.1590909090909091,0.02,0.08,0.11363636363636363,1.2,1.0666666666666667,0.39285714285714285,0.35714285714285715,0.35714285714285715,0.25,0.03571428571428571,0.3874318181818182,0.5907575757575757,0.375,0.25,0.4126666666666667,0.5387,0.3157894736842105,0.5,0.28888888888888886,0.18181818181818182,0.2727272727272727,0.30612244897959184,0.6622807017543859,0.22885572139303484,0.42028985507246375,0.16908212560386474,0.3708609271523179,0.2781456953642384,0.013245033112582781,7.6473988439306355,0.9364161849710981,8.271676300578035,0.2217573221757322,0.4850360849667667,0.32090911051508875,0.4850360849667667,1.2,"{""novig"": {""1.5"": {""over"": 212}}, ""betmgm"": {""0.5"": {""over"": -125, ""under"": -105}}, ""bet365"": {""1.5"": {""over"": 202, ""under"": -280}}, ""pinnacle"": {""0.5"": {""over"": -131, ""under"": -101}}, ""fanduel"": {""1.5"": {""over"": 200}}}",1.5,over,novig,212.0,0.32051282051282054,True,0.0004,0.5,over,betmgm,-125.0,0.5555555555555556,True,-0.0705,False
571771,Enrique Hernández,LAD,BOS,1,5.0,1,801139,Payton Tolle,L,823920,9:10 PM ET,Dodger Stadium,1,0,0.23063063063063063,2026-08-01,823920,0.0,1,96.8,101.9,115.2,R,2,2,1,0,0,0,0,0,0,0,1,2,0,2,0,1,1,0.5700000000000001,0.7015,1,0,1,0,0,0,0.3469387755102041,0.34615384615384615,0.7755102040816326,0.21153846153846154,0.3783783783783784,0.32653061224489793,0.057692307692307696,0.1346153846153846,0.20408163265306123,2.2,0.7333333333333333,0.375,0.275,0.45,0.175,0.025,0.35598111111111114,0.6436522222222223,0.4375,0.0625,0.35426,0.6962400000000004,0.3076923076923077,0.46153846153846156,0.2909090909090909,0.20930232558139536,0.46511627906976744,0.1875,0.6622807017543859,0.22885572139303484,0.42028985507246375,0.16908212560386474,0.3708609271523179,0.2781456953642384,0.013245033112582781,7.6473988439306355,0.9364161849710981,8.271676300578035,0.2217573221757322,0.6470146188629705,0.39273751995222933,0.6470146188629705,2.2,"{""betmgm"": {""0.5"": {""over"": -165, ""under"": 125}}, ""bet365"": {""1.5"": {""over"": 160, ""under"": -220}}, ""pinnacle"": {""0.5"": {""over"": -154, ""under"": 115}}}",1.5,over,bet365,160.0,0.38461538461538464,True,0.0081,0.5,over,pinnacle,-154.0,0.6062992125984252,True,0.0407,False
518692,Freddie Freeman,LAD,BOS,1,4.0,1,801139,Payton Tolle,L,823920,9:10 PM ET,Dodger Stadium,0,0,0.23063063063063063,2026-08-01,823920,0.0,1,96.8,101.9,115.2,L,4,4,3,0,0,0,0,0,0,0,3,4,0,4,0,1,3,0.71625,0.8520000000000001,1,1,1,1,0,0,0.3333333333333333,0.36065573770491804,0.7894736842105263,0.19672131147540983,0.41304347826086957,0.07017543859649122,0.0,0.06557377049180328,0.07017543859649122,1.5333333333333334,0.8,0.32608695652173914,0.3695652173913043,0.41304347826086957,0.17391304347826086,0.0,0.4103388888888889,0.5281055555555556,0.42857142857142855,0.14285714285714285,0.4043,0.4929333333333332,0.3620689655172414,0.4827586206896552,0.1746031746031746,0.3076923076923077,0.4807692307692308,0.1694915254237288,0.6622807017543859,0.22885572139303484,0.42028985507246375,0.16908212560386474,0.3708609271523179,0.2781456953642384,0.013245033112582781,7.6473988439306355,0.9364161849710981,8.271676300578035,0.2217573221757322,0.6735184155562878,0.4389877806729667,0.6735184155562878,1.5333333333333334,"{""novig"": {""1.5"": {""over"": 144, ""under"": -186}, ""0.5"": {""over"": -208, ""under"": 170}}, ""bet365"": {""1.5"": {""over"": 125, ""under"": -165}, ""0.5"": {""over"": -260, ""under"": 190}}, ""betmgm"": {""1.5"": {""over"": 130, ""under"": -175}}, ""pinnacle"": {""1.5"": {""over"": 124, ""under"": -166}}, ""draftkings"": {""1.5"": {""over"": 149, ""under"": -200}, ""0.5"": {""over"": -211, ""under"": 157}}, ""fanduel"": {""1.5"": {""over"": 125}, ""0.5"": {""over"": -220}}}",1.5,over,draftkings,149.0,0.40160642570281124,True,0.0374,0.5,over,novig,-208.0,0.6753246753246753,True,-0.0018,True
571970,Max Muncy,LAD,BOS,1,7.0,1,801139,Payton Tolle,L,823920,9:10 PM ET,Dodger Stadium,0,0,0.23063063063063063,2026-08-01,823920,0.0,1,96.8,101.9,115.2,L,2,1,0,0,0,0,1,0,0,0,0,1,0,0,0,1,0,0.059,0.061,0,0,0,0,0,0,0.17307692307692307,0.2711864406779661,0.6346153846153846,0.3220338983050847,0.1724137931034483,0.28846153846153844,0.06779661016949153,0.05084745762711865,0.1346153846153846,1.6,1.2666666666666666,0.45454545454545453,0.15151515151515152,0.3939393939393939,0.3333333333333333,0.06060606060606061,0.30422023809523807,0.6163809523809524,0.10526315789473684,0.42857142857142855,0.2070208333333332,0.4425208333333331,0.18867924528301888,0.4528301886792453,0.29508196721311475,0.2916666666666667,0.6458333333333334,0.24561403508771928,0.6622807017543859,0.22885572139303484,0.42028985507246375,0.16908212560386474,0.3708609271523179,0.2781456953642384,0.013245033112582781,7.6473988439306355,0.9364161849710981,8.271676300578035,0.2217573221757322,0.5483913735419663,0.3486419651280446,0.5483913735419663,1.6,"{""novig"": {""1.5"": {""over"": 156}}, ""betmgm"": {""0.5"": {""over"": -135, ""under"": 100}}, ""bet365"": {""1.5"": {""over"": 190, ""under"": -260}}, ""pinnacle"": {""0.5"": {""over"": -152, ""under"": 114}}}",1.5,over,bet365,190.0,0.3448275862068966,True,0.0038,0.5,over,betmgm,-135.0,0.574468085106383,True,-0.0261,False
500743,Miguel Rojas,LAD,BOS,1,8.0,1,801139,Payton Tolle,L,823920,9:10 PM ET,Dodger Stadium,1,0,0.23063063063063063,2026-08-01,823920,0.0,1,96.8,101.9,115.2,R,4,4,0,0,0,0,0,0,0,0,0,4,0,2,2,2,0,0.19325,0.296,0,0,0,0,0,0,0.3235294117647059,0.3157894736842105,0.9411764705882353,0.05263157894736842,0.29411764705882354,0.17647058823529413,0.02631578947368421,0.07894736842105263,0.11764705882352941,1.1333333333333333,0.13333333333333333,0.3142857142857143,0.22857142857142856,0.42857142857142855,0.22857142857142856,0.0,0.29244999999999993,0.3923833333333333,0.2,0.0,0.23346666666666663,0.2799333333333333,0.17777777777777778,0.2,0.05660377358490566,0.3793103448275862,0.6206896551724138,0.030303030303030304,0.6622807017543859,0.22885572139303484,0.42028985507246375,0.16908212560386474,0.3708609271523179,0.2781456953642384,0.013245033112582781,7.6473988439306355,0.9364161849710981,8.271676300578035,0.2217573221757322,0.575869205159042,0.334346501036842,0.575869205159042,1.1333333333333333,"{""novig"": {""1.5"": {""over"": 223}}, ""betmgm"": {""0.5"": {""over"": -125, ""under"": -105}}, ""bet365"": {""1.5"": {""over"": 202, ""under"": -280}}, ""pinnacle"": {""0.5"": {""over"": -127, ""under"": -104}}}",1.5,over,novig,223.0,0.30959752321981426,True,0.0247,0.5,over,betmgm,-125.0,0.5555555555555556,True,0.0203,False
660271,Shohei Ohtani,LAD,BOS,1,1.0,1,801139,Payton Tolle,L,823920,9:10 PM ET,Dodger Stadium,0,0,0.23063063063063063,2026-08-01,823920,0.0,1,96.8,101.9,115.2,L,5,5,2,1,0,1,0,0,0,1,6,4,0,3,1,2,1,0.5685,1.396,1,1,1,1,1,0,0.26666666666666666,0.3076923076923077,0.7333333333333333,0.24242424242424243,0.30952380952380953,0.25,0.045454545454545456,0.09090909090909091,0.15,2.066666666666667,1.0666666666666667,0.6,0.2222222222222222,0.35555555555555557,0.37777777777777777,0.044444444444444446,0.4286055555555555,0.8476888888888888,0.4,0.21739130434782608,0.5742166666666666,0.9402500000000004,0.20967741935483872,0.3548387096774194,0.22058823529411764,0.3389830508474576,0.6949152542372882,0.24242424242424243,0.6622807017543859,0.22885572139303484,0.42028985507246375,0.16908212560386474,0.3708609271523179,0.2781456953642384,0.013245033112582781,7.6473988439306355,0.9364161849710981,8.271676300578035,0.2217573221757322,0.681269293241241,0.4749063033668928,0.681269293241241,2.066666666666667,"{""bet365"": {""1.5"": {""over"": 100, ""under"": -135}, ""0.5"": {""over"": -260, ""under"": 190}}, ""betmgm"": {""1.5"": {""over"": -105, ""under"": -125}, ""0.5"": {""over"": -250, ""under"": 180}}, ""pinnacle"": {""1.5"": {""over"": 100, ""under"": -133}}, ""draftkings"": {""1.5"": {""over"": 109, ""under"": -145}, ""0.5"": {""over"": -232, ""under"": 172}}, ""novig"": {""0.5"": {""over"": -233, ""under"": 182}}, ""fanduel"": {""0.5"": {""over"": -230}}}",1.5,over,draftkings,109.0,0.4784688995215311,True,-0.0036,0.5,over,fanduel,-230.0,0.696969696969697,True,-0.0157,True
606192,Teoscar Hernández,LAD,BOS,1,6.0,1,801139,Payton Tolle,L,823920,9:10 PM ET,Dodger Stadium,1,0,0.23063063063063063,2026-08-01,823920,0.0,1,96.8,101.9,115.2,R,4,4,0,0,0,0,0,0,0,1,0,3,0,0,1,2,0,0.18133333333333335,0.22,0,0,0,0,1,0,0.2222222222222222,0.27586206896551724,0.7222222222222222,0.25862068965517243,0.2894736842105263,0.12962962962962962,0.017241379310344827,0.06896551724137931,0.09259259259259259,1.2666666666666666,1.0,0.3076923076923077,0.15384615384615385,0.3333333333333333,0.38461538461538464,0.05128205128205128,0.3086583333333333,0.46983214285714286,0.3333333333333333,0.2,0.32993333333333336,0.5281333333333337,0.18,0.3,0.35185185185185186,0.2777777777777778,0.3888888888888889,0.1875,0.6622807017543859,0.22885572139303484,0.42028985507246375,0.16908212560386474,0.3708609271523179,0.2781456953642384,0.013245033112582781,7.6473988439306355,0.9364161849710981,8.271676300578035,0.2217573221757322,0.644559093498896,0.4069484328937744,0.644559093498896,1.2666666666666666,"{""novig"": {""1.5"": {""over"": 144}}, ""betmgm"": {""0.5"": {""over"": -165, ""under"": 125}}, ""bet365"": {""1.5"": {""over"": 150, ""under"": -200}}, ""pinnacle"": {""0.5"": {""over"": -176, ""under"": 132}}}",1.5,over,bet365,150.0,0.4,True,0.0069,0.5,over,betmgm,-165.0,0.6226415094339622,True,0.0219,False
669242,Tommy Edman,LAD,BOS,1,3.0,1,801139,Payton Tolle,L,823920,9:10 PM ET,Dodger Stadium,0,0,0.23063063063063063,2026-08-01,823920,0.0,1,96.8,101.9,115.2,L,4,3,0,0,0,0,1,0,0,1,0,2,0,0,2,0,0,0.26,0.28200000000000003,0,0,0,0,1,0,0.3023255813953488,0.3617021276595745,0.7906976744186046,0.19148936170212766,0.36363636363636365,0.16279069767441862,0.02127659574468085,0.0425531914893617,0.09302325581395349,1.3333333333333333,0.6,0.4411764705882353,0.17647058823529413,0.47058823529411764,0.2647058823529412,0.0,0.37088333333333334,0.5792499999999999,0.26666666666666666,0.1875,0.34028333333333344,0.3966166666666666,0.3469387755102041,0.5306122448979592,0.18181818181818182,0.2765957446808511,0.3404255319148936,0.1320754716981132,0.6622807017543859,0.22885572139303484,0.42028985507246375,0.16908212560386474,0.3708609271523179,0.2781456953642384,0.013245033112582781,7.6473988439306355,0.9364161849710981,8.271676300578035,0.2217573221757322,0.6301146372840023,0.42686202666660567,0.6301146372840023,1.3333333333333333,"{""novig"": {""1.5"": {""over"": 141, ""under"": -194}, ""0.5"": {""over"": -194, ""under"": 150}}, ""bet365"": {""1.5"": {""over"": 125, ""under"": -165}, ""0.5"": {""over"": -245, ""under"": 182}}, ""betmgm"": {""1.5"": {""over"": 130, ""under"": -175}, ""0.5"": {""over"": -200, ""under"": 150}}, ""pinnacle"": {""1.5"": {""over"": 139, ""under"": -187}}, ""draftkings"": {""1.5"": {""over"": 140, ""under"": -188}, ""0.5"": {""over"": -208, ""under"": 155}}, ""fanduel"": {""0.5"": {""over"": -200}}}",1.5,over,novig,141.0,0.4149377593360996,True,0.0119,0.5,over,novig,-194.0,0.6598639455782312,True,-0.0297,True
655316,Andruw Monasterio,BOS,LAD,0,7.0,1,808967,Yoshinobu Yamamoto,R,823920,9:10 PM ET,Dodger Stadium,1,1,0.22404371584699453,2026-08-01,823920,0.0,1,96.8,101.9,115.2,R,5,5,1,1,0,0,0,0,0,1,2,4,0,3,1,1,2,0.32375,0.5305,1,0,1,1,1,0,0.375,0.46551724137931033,0.7708333333333334,0.1864406779661017,0.42857142857142855,0.3541666666666667,0.05084745762711865,0.1016949152542373,0.20833333333333334,2.3333333333333335,0.7333333333333333,0.4358974358974359,0.358974358974359,0.1794871794871795,0.38461538461538464,0.07692307692307693,0.3706222222222222,0.7028333333333333,0.35294117647058826,0.23809523809523808,0.3532666666666667,0.7063333333333335,0.22727272727272727,0.38636363636363635,0.25,0.30952380952380953,0.6428571428571429,0.17647058823529413,0.6846153846153846,0.14767932489451477,0.256198347107438,0.09090909090909091,0.5168539325842697,0.20224719101123595,0.02247191011235955,5.64179104477612,0.9402985074626865,9.134328358208956,0.27091633466135456,0.5557198959314599,0.3191344879355315,0.5557198959314599,2.3333333333333335,"{""novig"": {""1.5"": {""over"": 186}}, ""betmgm"": {""0.5"": {""over"": -140, ""under"": 105}}, ""bet365"": {""1.5"": {""over"": 205, ""under"": -290}}, ""pinnacle"": {""0.5"": {""over"": -152, ""under"": 115}}}",1.5,over,bet365,205.0,0.32786885245901637,True,-0.0087,0.5,over,betmgm,-140.0,0.5833333333333334,True,-0.0276,False
678011,Anthony Seigler,BOS,LAD,0,1.0,1,808967,Yoshinobu Yamamoto,R,823920,9:10 PM ET,Dodger Stadium,1,1,0.22404371584699453,2026-08-01,823920,0.0,1,96.8,101.9,115.2,R,3,3,0,0,0,0,0,0,0,0,0,3,0,0,1,2,0,0.06933333333333334,0.082,0,0,0,0,0,0,0.225,0.2727272727272727,0.85,0.13636363636363635,0.23529411764705882,0.15,0.022727272727272728,0.06818181818181818,0.1,1.0,0.4,0.37142857142857144,0.17142857142857143,0.42857142857142855,0.34285714285714286,0.08571428571428572,0.258624358974359,0.4735807692307692,0.09090909090909091,0.15384615384615385,0.293725,0.5910749999999999,0.2909090909090909,0.5454545454545454,0.13559322033898305,0.21052631578947367,0.2631578947368421,0.125,0.6846153846153846,0.14767932489451477,0.256198347107438,0.09090909090909091,0.5168539325842697,0.20224719101123595,0.02247191011235955,5.64179104477612,0.9402985074626865,9.134328358208956,0.27091633466135456,0.5533421843889653,0.2962541847316226,0.5533421843889653,1.0,"{""novig"": {""1.5"": {""over"": 208, ""under"": -217}}, ""betmgm"": {""0.5"": {""over"": -150, ""under"": 110}}, ""pinnacle"": {""0.5"": {""over"": -160, ""under"": 120}}, ""draftkings"": {""1.5"": {""over"": 147, ""under"": -197}}}",1.5,over,novig,208.0,0.3246753246753247,True,-0.0284,0.5,over,betmgm,-150.0,0.6,True,-0.0467,False
702332,Caleb Durbin,BOS,LAD,0,4.0,1,808967,Yoshinobu Yamamoto,R,823920,9:10 PM ET,Dodger Stadium,1,1,0.22404371584699453,2026-08-01,823920,0.0,1,96.8,101.9,115.2,R,5,4,2,1,0,0,1,0,0,0,3,4,0,2,1,2,1,0.22599999999999998,0.30074999999999996,1,1,1,1,0,0,0.3137254901960784,0.39655172413793105,0.8235294117647058,0.14516129032258066,0.36585365853658536,0.0784313725490196,0.016129032258064516,0.016129032258064516,0.0392156862745098,1.3333333333333333,0.6,0.1111111111111111,0.17777777777777778,0.4888888888888889,0.2222222222222222,0.0,0.23472777777777779,0.2806555555555556,0.4117647058823529,0.14285714285714285,0.3225,0.3794166666666666,0.34615384615384615,0.5,0.14754098360655737,0.2,0.3090909090909091,0.08064516129032258,0.6846153846153846,0.14767932489451477,0.256198347107438,0.09090909090909091,0.5168539325842697,0.20224719101123595,0.02247191011235955,5.64179104477612,0.9402985074626865,9.134328358208956,0.27091633466135456,0.6381020653863075,0.3194623223174156,0.6381020653863075,1.3333333333333333,"{""novig"": {""1.5"": {""over"": 186}}, ""betmgm"": {""0.5"": {""over"": -165, ""under"": 125}}, ""bet365"": {""1.5"": {""over"": 182, ""under"": -245}}, ""pinnacle"": {""0.5"": {""over"": -165, ""under"": 124}}}",1.5,over,novig,186.0,0.34965034965034963,True,-0.0302,0.5,over,pinnacle,-165.0,0.6226415094339622,True,0.0155,False
678882,Ceddanne Rafaela,BOS,LAD,0,2.0,1,808967,Yoshinobu Yamamoto,R,823920,9:10 PM ET,Dodger Stadium,1,1,0.22404371584699453,2026-08-01,823920,0.0,1,96.8,101.9,115.2,R,5,5,3,0,0,1,0,0,0,1,6,4,1,2,1,1,2,0.619,1.2985,1,1,1,1,1,0,0.28125,0.28125,0.75,0.25,0.3333333333333333,0.21875,0.046875,0.078125,0.125,2.1333333333333333,1.0666666666666667,0.3541666666666667,0.22916666666666666,0.3333333333333333,0.3541666666666667,0.0,0.32345,0.43221666666666675,0.3333333333333333,0.3333333333333333,0.3863333333333333,0.4786833333333334,0.25,0.46875,0.22388059701492538,0.27692307692307694,0.4153846153846154,0.22388059701492538,0.6846153846153846,0.14767932489451477,0.256198347107438,0.09090909090909091,0.5168539325842697,0.20224719101123595,0.02247191011235955,5.64179104477612,0.9402985074626865,9.134328358208956,0.27091633466135456,0.6203574232520719,0.36130768741696273,0.6203574232520719,2.1333333333333333,"{""novig"": {""1.5"": {""over"": 147, ""under"": -190}}, ""bet365"": {""1.5"": {""over"": 175, ""under"": -235}}, ""betmgm"": {""1.5"": {""over"": 130, ""under"": -175}}, ""pinnacle"": {""0.5"": {""over"": -209, ""under"": 154}}, ""draftkings"": {""1.5"": {""over"": 158, ""under"": -213}}}",1.5,over,bet365,175.0,0.36363636363636365,True,-0.0023,0.5,over,pinnacle,-209.0,0.6763754045307443,True,-0.056,False
657136,Connor Wong,BOS,LAD,0,9.0,1,808967,Yoshinobu Yamamoto,R,823920,9:10 PM ET,Dodger Stadium,1,1,0.22404371584699453,2026-08-01,823920,0.0,1,96.8,101.9,115.2,R,4,3,0,0,0,0,1,0,0,2,0,1,0,0,0,0,1,0.303,0.516,0,0,0,0,1,1,0.23809523809523808,0.3191489361702128,0.6666666666666666,0.2857142857142857,0.3333333333333333,0.09523809523809523,0.02040816326530612,0.02040816326530612,0.047619047619047616,0.9333333333333333,0.9333333333333333,0.3333333333333333,0.1,0.6333333333333333,0.16666666666666666,0.0,0.3163444444444445,0.5283722222222222,0.23076923076923078,0.3076923076923077,0.4347999999999999,1.02575,0.19047619047619047,0.2619047619047619,0.3076923076923077,0.37209302325581395,0.5348837209302325,0.2,0.6846153846153846,0.14767932489451477,0.256198347107438,0.09090909090909091,0.5168539325842697,0.20224719101123595,0.02247191011235955,5.64179104477612,0.9402985074626865,9.134328358208956,0.27091633466135456,0.42386868260552873,0.16748826571074305,0.42386868260552873,0.9333333333333333,"{""novig"": {""1.5"": {""over"": 257}}, ""betmgm"": {""0.5"": {""over"": -110, ""under"": -120}}, ""pinnacle"": {""0.5"": {""over"": -113, ""under"": -117}}, ""fanduel"": {""1.5"": {""over"": 270}}}",1.5,over,fanduel,270.0,0.2702702702702703,True,-0.1028,0.5,over,betmgm,-110.0,0.5238095238095238,True,-0.0999,False
680776,Jarren Duran,BOS,LAD,0,8.0,1,808967,Yoshinobu Yamamoto,R,823920,9:10 PM ET,Dodger Stadium,0,1,0.22404371584699453,2026-08-01,823920,0.0,1,96.8,101.9,115.2,L,5,4,2,0,0,0,1,0,0,0,2,4,0,1,1,3,0,0.518,0.5655,1,1,1,1,0,0,0.20754716981132076,0.21052631578947367,0.7547169811320755,0.22413793103448276,0.2558139534883721,0.03773584905660377,0.0,0.0,0.018867924528301886,0.8666666666666667,0.8666666666666667,0.3953488372093023,0.20930232558139536,0.5116279069767442,0.18604651162790697,0.0,0.3033222222222222,0.3553055555555556,0.2631578947368421,0.21052631578947367,0.38950000000000007,0.44878333333333337,0.20408163265306123,0.30612244897959184,0.2807017543859649,0.16666666666666666,0.23333333333333334,0.34328358208955223,0.6846153846153846,0.14767932489451477,0.256198347107438,0.09090909090909091,0.5168539325842697,0.20224719101123595,0.02247191011235955,5.64179104477612,0.9402985074626865,9.134328358208956,0.27091633466135456,0.5482586253241094,0.28188772166759585,0.5482586253241094,0.8666666666666667,"{""novig"": {""1.5"": {""over"": 203}}, ""betmgm"": {""0.5"": {""over"": -125, ""under"": -105}}, ""pinnacle"": {""0.5"": {""over"": -128, ""under"": -103}}}",1.5,over,novig,203.0,0.33003300330033003,True,-0.0481,0.5,over,betmgm,-125.0,0.5555555555555556,True,-0.0073,False
807799,Masataka Yoshida,BOS,LAD,0,5.0,1,808967,Yoshinobu Yamamoto,R,823920,9:10 PM ET,Dodger Stadium,0,1,0.22404371584699453,2026-08-01,823920,0.0,1,96.8,101.9,115.2,L,5,5,2,0,0,0,0,0,0,0,2,5,1,3,1,3,1,0.4128,0.7908,1,1,1,1,0,0,0.24390243902439024,0.32608695652173914,0.926829268292683,0.06521739130434782,0.2222222222222222,0.17073170731707318,0.043478260869565216,0.021739130434782608,0.07317073170731707,1.1333333333333333,0.2,0.34210526315789475,0.18421052631578946,0.5263157894736842,0.23684210526315788,0.0,0.3620333333333334,0.5010555555555556,0.25,0.07692307692307693,0.30279999999999996,0.3358,0.2682926829268293,0.4878048780487805,0.0425531914893617,0.24,0.36,0.07272727272727272,0.6846153846153846,0.14767932489451477,0.256198347107438,0.09090909090909091,0.5168539325842697,0.20224719101123595,0.02247191011235955,5.64179104477612,0.9402985074626865,9.134328358208956,0.27091633466135456,0.4768883002064315,0.25299477975817286,0.4768883002064315,1.1333333333333333,"{""novig"": {""1.5"": {""over"": 170}}, ""betmgm"": {""0.5"": {""over"": -175, ""under"": 130}}, ""bet365"": {""1.5"": {""over"": 185, ""under"": -250}}, ""pinnacle"": {""0.5"": {""over"": -230, ""under"": 156}}, ""draftkings"": {""1.5"": {""over"": 160, ""under"": -216}}}",1.5,over,bet365,185.0,0.3508771929824561,True,-0.0979,0.5,over,betmgm,-175.0,0.6363636363636364,True,-0.1595,False
686765,Nick Sogard,BOS,LAD,0,6.0,1,808967,Yoshinobu Yamamoto,R,823920,9:10 PM ET,Dodger Stadium,0,1,0.22404371584699453,2026-08-01,823920,0.0,1,96.8,101.9,115.2,L,3,3,1,0,0,0,0,0,0,0,1,3,0,0,1,1,1,0.27066666666666667,0.31,1,0,1,0,0,0,0.27586206896551724,0.36363636363636365,0.7931034482758621,0.17142857142857143,0.34782608695652173,0.10344827586206896,0.0,0.02857142857142857,0.06896551724137931,0.7333333333333333,0.4,0.125,0.2916666666666667,0.4166666666666667,0.16666666666666666,0.0,0.33547435897435895,0.40553846153846157,0.23076923076923078,0.21428571428571427,0.30399999999999994,0.3771999999999999,0.2558139534883721,0.3953488372093023,0.19148936170212766,0.3469387755102041,0.40816326530612246,0.24528301886792453,0.6846153846153846,0.14767932489451477,0.256198347107438,0.09090909090909091,0.5168539325842697,0.20224719101123595,0.02247191011235955,5.64179104477612,0.9402985074626865,9.134328358208956,0.27091633466135456,0.45841159057580677,0.21485177972827577,0.45841159057580677,0.7333333333333333,"{""novig"": {""1.5"": {""over"": 277}}, ""betmgm"": {""0.5"": {""over"": -140, ""under"": 105}}, ""bet365"": {""1.5"": {""over"": 255, ""under"": -360}}, ""pinnacle"": {""0.5"": {""over"": -119, ""under"": -111}}}",1.5,over,novig,277.0,0.26525198938992045,True,-0.0504,0.5,over,pinnacle,-119.0,0.54337899543379,True,-0.085,False
677800,Wilyer Abreu,BOS,LAD,0,3.0,1,808967,Yoshinobu Yamamoto,R,823920,9:10 PM ET,Dodger Stadium,0,1,0.22404371584699453,2026-08-01,823920,0.0,1,96.8,101.9,115.2,L,5,4,1,0,0,0,1,0,0,2,1,2,0,0,1,1,0,0.2715,0.3165,1,0,1,0,1,1,0.1724137931034483,0.23809523809523808,0.7413793103448276,0.23809523809523808,0.13157894736842105,0.29310344827586204,0.07936507936507936,0.031746031746031744,0.1206896551724138,1.8,1.0,0.4186046511627907,0.18604651162790697,0.2558139534883721,0.3953488372093023,0.06976744186046512,0.29579444444444447,0.6594277777777777,0.15,0.2857142857142857,0.2607500000000001,0.5286666666666667,0.20689655172413793,0.43103448275862066,0.3230769230769231,0.19642857142857142,0.42857142857142855,0.1791044776119403,0.6846153846153846,0.14767932489451477,0.256198347107438,0.09090909090909091,0.5168539325842697,0.20224719101123595,0.02247191011235955,5.64179104477612,0.9402985074626865,9.134328358208956,0.27091633466135456,0.5491835452854898,0.3539692976117532,0.5491835452854898,1.8,"{""novig"": {""1.5"": {""over"": 138}}, ""betmgm"": {""1.5"": {""over"": 135, ""under"": -185}}, ""pinnacle"": {""0.5"": {""over"": -186, ""under"": 138}}, ""draftkings"": {""1.5"": {""over"": 141, ""under"": -189}}}",1.5,over,draftkings,141.0,0.4149377593360996,True,-0.061,0.5,over,pinnacle,-186.0,0.6503496503496503,True,-0.1012,False
694203,Denzer Guzman,LAA,MIL,1,8.0,1,688107,Robert Gasser,L,824000,9:38 PM ET,Angel Stadium,1,0,0.23835125448028674,2026-08-01,824000,0.0,0,95.9,96.6,99.3,R,3,3,1,0,0,1,0,0,0,0,4,3,1,1,2,0,1,0.343,0.993,1,0,1,1,0,0,0.21052631578947367,0.25,0.6842105263157895,0.29508196721311475,0.2894736842105263,0.07017543859649122,0.01639344262295082,0.01639344262295082,0.03508771929824561,1.0666666666666667,1.2,0.28205128205128205,0.28205128205128205,0.5384615384615384,0.10256410256410256,0.0,0.2727455555555556,0.3242177777777778,0.16666666666666666,0.2,0.2608666666666667,0.30123333333333335,0.23214285714285715,0.30357142857142855,0.35,0.25,0.48214285714285715,0.26229508196721313,0.6940639269406392,0.19786096256684493,0.47474747474747475,0.23232323232323232,0.29605263157894735,0.3157894736842105,0.019736842105263157,7.7142857142857135,1.653061224489796,8.26530612244898,0.21226415094339623,0.6483506981727359,0.39132682865338103,0.6483506981727359,1.0666666666666667,"{""novig"": {""1.5"": {""over"": 203}}, ""betmgm"": {""0.5"": {""over"": -140, ""under"": 105}}, ""bet365"": {""1.5"": {""over"": 180, ""under"": -240}}, ""pinnacle"": {""0.5"": {""over"": -147, ""under"": 111}}}",1.5,over,novig,203.0,0.33003300330033003,True,0.0613,0.5,over,betmgm,-140.0,0.5833333333333334,True,0.065,False
666176,Jo Adell,LAA,MIL,1,6.0,1,688107,Robert Gasser,L,824000,9:38 PM ET,Angel Stadium,1,0,0.23835125448028674,2026-08-01,824000,0.0,0,95.9,96.6,99.3,R,3,3,0,0,0,0,0,0,0,3,0,0,0,0,0,0,0,0.517,0.6235,0,0,0,0,1,1,0.18867924528301888,0.2542372881355932,0.6792452830188679,0.288135593220339,0.20588235294117646,0.18867924528301888,0.05084745762711865,0.01694915254237288,0.07547169811320754,1.3333333333333333,1.1333333333333333,0.3783783783783784,0.24324324324324326,0.32432432432432434,0.32432432432432434,0.05405405405405406,0.35084444444444446,0.6215722222222222,0.3125,0.42105263157894735,0.5123000000000001,0.9524999999999999,0.1320754716981132,0.20754716981132076,0.22413793103448276,0.22807017543859648,0.43859649122807015,0.19672131147540983,0.6940639269406392,0.19786096256684493,0.47474747474747475,0.23232323232323232,0.29605263157894735,0.3157894736842105,0.019736842105263157,7.7142857142857135,1.653061224489796,8.26530612244898,0.21226415094339623,0.6781026959785105,0.40961675489271565,0.6781026959785105,1.3333333333333333,"{""novig"": {""1.5"": {""over"": 130, ""under"": -167}, ""0.5"": {""over"": -190, ""under"": 153}}, ""bet365"": {""1.5"": {""over"": 140, ""under"": -190}, ""0.5"": {""over"": -190, ""under"": 140}}, ""betmgm"": {""1.5"": {""over"": 140, ""under"": -190}, ""0.5"": {""over"": -190, ""under"": 140}}, ""pinnacle"": {""1.5"": {""over"": 128, ""under"": -171}}, ""draftkings"": {""1.5"": {""over"": 120, ""under"": -160}, ""0.5"": {""over"": -203, ""under"": 151}}, ""fanduel"": {""1.5"": {""over"": 115}, ""0.5"": {""over"": -200}}}",1.5,over,betmgm,140.0,0.4166666666666667,True,-0.007,0.5,over,betmgm,-190.0,0.6551724137931034,True,0.0229,True
624585,Jorge Soler,LAA,MIL,1,4.0,1,688107,Robert Gasser,L,824000,9:38 PM ET,Angel Stadium,1,0,0.23835125448028674,2026-08-01,824000,0.0,0,95.9,96.6,99.3,R,4,4,0,0,0,0,0,0,0,1,0,3,0,0,1,2,0,0.10333333333333333,0.11066666666666668,0,0,0,0,1,0,0.17543859649122806,0.27692307692307694,0.5614035087719298,0.38461538461538464,0.2903225806451613,0.14035087719298245,0.015384615384615385,0.07692307692307693,0.10526315789473684,1.2,1.6666666666666667,0.5625,0.25,0.375,0.28125,0.03125,0.3579345238095238,0.5790714285714287,0.2,0.2608695652173913,0.2784000000000001,0.5221666666666666,0.14814814814814814,0.2037037037037037,0.375,0.23333333333333334,0.43333333333333335,0.30158730158730157,0.6940639269406392,0.19786096256684493,0.47474747474747475,0.23232323232323232,0.29605263157894735,0.3157894736842105,0.019736842105263157,7.7142857142857135,1.653061224489796,8.26530612244898,0.21226415094339623,0.6995004103164826,0.44306205607807647,0.6995004103164826,1.2,"{""novig"": {""1.5"": {""over"": 144}}, ""betmgm"": {""0.5"": {""over"": -150, ""under"": 110}}, ""bet365"": {""1.5"": {""over"": 140, ""under"": -190}}, ""pinnacle"": {""0.5"": {""over"": -151, ""under"": 113}}}",1.5,over,novig,144.0,0.4098360655737705,True,0.0332,0.5,over,betmgm,-150.0,0.6,True,0.0995,False
642350,Jose Siri,LAA,MIL,1,9.0,1,688107,Robert Gasser,L,824000,9:38 PM ET,Angel Stadium,1,0,0.23835125448028674,2026-08-01,824000,0.0,0,95.9,96.6,99.3,R,2,1,0,0,0,0,1,0,0,0,0,1,0,1,0,0,1,0.849,1.018,0,0,0,0,0,0,0.25,0.29411764705882354,0.65625,0.3235294117647059,0.35,0.15625,0.029411764705882353,0.058823529411764705,0.09375,0.8666666666666667,0.7333333333333333,0.2857142857142857,0.14285714285714285,0.5238095238095238,0.2857142857142857,0.047619047619047616,0.28785185185185186,0.45329629629629625,0.2857142857142857,0.2,0.19587500000000002,0.25795833333333346,0.2619047619047619,0.30952380952380953,0.22448979591836735,0.24242424242424243,0.48484848484848486,0.34285714285714286,0.6940639269406392,0.19786096256684493,0.47474747474747475,0.23232323232323232,0.29605263157894735,0.3157894736842105,0.019736842105263157,7.7142857142857135,1.653061224489796,8.26530612244898,0.21226415094339623,0.539396130613129,0.2716538754176453,0.539396130613129,0.8666666666666667,"{""novig"": {""1.5"": {""over"": 203}}, ""betmgm"": {""0.5"": {""over"": -110, ""under"": -118}}, ""bet365"": {""1.5"": {""over"": 230, ""under"": -330}}, ""pinnacle"": {""0.5"": {""over"": -119, ""under"": -111}}}",1.5,over,bet365,230.0,0.30303030303030304,True,-0.0314,0.5,over,betmgm,-110.0,0.5238095238095238,True,0.0156,False
545361,Mike Trout,LAA,MIL,1,2.0,1,688107,Robert Gasser,L,824000,9:38 PM ET,Angel Stadium,1,0,0.23835125448028674,2026-08-01,824000,0.0,0,95.9,96.6,99.3,R,4,4,0,0,0,0,0,0,0,1,0,3,0,1,2,1,0,0.20200000000000004,0.4086666666666667,0,0,0,0,1,0,0.2909090909090909,0.38461538461538464,0.7272727272727273,0.23076923076923078,0.3902439024390244,0.07272727272727272,0.0,0.06153846153846154,0.07272727272727272,1.3333333333333333,1.0,0.34146341463414637,0.2682926829268293,0.43902439024390244,0.24390243902439024,0.0,0.34172777777777774,0.40625555555555554,0.42105263157894735,0.14285714285714285,0.37375,0.4585500000000001,0.23728813559322035,0.4576271186440678,0.29411764705882354,0.3018867924528302,0.4339622641509434,0.24242424242424243,0.6940639269406392,0.19786096256684493,0.47474747474747475,0.23232323232323232,0.29605263157894735,0.3157894736842105,0.019736842105263157,7.7142857142857135,1.653061224489796,8.26530612244898,0.21226415094339623,0.6729971083180976,0.4389877806729667,0.6729971083180976,1.3333333333333333,"{""novig"": {""1.5"": {""over"": 141, ""under"": -174}}, ""betmgm"": {""0.5"": {""over"": -185, ""under"": 135}}, ""bet365"": {""1.5"": {""over"": 130, ""under"": -170}}, ""pinnacle"": {""1.5"": {""over"": 144, ""under"": -195}}, ""draftkings"": {""1.5"": {""over"": 125, ""under"": -167}}}",1.5,over,pinnacle,144.0,0.4098360655737705,True,0.0292,0.5,over,betmgm,-185.0,0.6491228070175439,True,0.0239,False
694384,Nolan Schanuel,LAA,MIL,1,3.0,1,688107,Robert Gasser,L,824000,9:38 PM ET,Angel Stadium,0,0,0.23835125448028674,2026-08-01,824000,0.0,0,95.9,96.6,99.3,L,4,4,1,0,0,0,0,0,0,1,1,3,0,2,1,1,1,0.4953333333333334,0.6026666666666666,1,0,1,0,1,0,0.3333333333333333,0.421875,0.9074074074074074,0.078125,0.36,0.05555555555555555,0.0,0.046875,0.05555555555555555,1.4,0.3333333333333333,0.36,0.38,0.34,0.24,0.02,0.34043111111111113,0.45755888888888896,0.23529411764705882,0.047619047619047616,0.29633333333333345,0.44496666666666673,0.3793103448275862,0.4482758620689655,0.09230769230769231,0.22,0.3,0.09836065573770492,0.6940639269406392,0.19786096256684493,0.47474747474747475,0.23232323232323232,0.29605263157894735,0.3157894736842105,0.019736842105263157,7.7142857142857135,1.653061224489796,8.26530612244898,0.21226415094339623,0.6787315305240383,0.4507361530887651,0.6787315305240383,1.4,"{""novig"": {""1.5"": {""over"": 167}}, ""betmgm"": {""0.5"": {""over"": -190, ""under"": 140}}, ""bet365"": {""1.5"": {""over"": 175, ""under"": -235}}, ""pinnacle"": {""0.5"": {""over"": -199, ""under"": 147}}}",1.5,over,bet365,175.0,0.36363636363636365,True,0.0871,0.5,over,betmgm,-190.0,0.6551724137931034,True,0.0236,False
518595,Travis d'Arnaud,LAA,MIL,1,7.0,1,688107,Robert Gasser,L,824000,9:38 PM ET,Angel Stadium,1,0,0.23835125448028674,2026-08-01,824000,0.0,0,95.9,96.6,99.3,R,2,2,0,0,0,0,0,0,0,0,0,2,0,0,1,1,0,0.059500000000000004,0.068,0,0,0,0,0,0,0.20512820512820512,0.29545454545454547,0.7435897435897436,0.22727272727272727,0.25,0.10256410256410256,0.022727272727272728,0.022727272727272728,0.05128205128205128,0.8,0.6666666666666666,0.3103448275862069,0.1724137931034483,0.41379310344827586,0.3103448275862069,0.06896551724137931,0.3522708333333333,0.7687430555555556,0.23076923076923078,0.15384615384615385,0.30443333333333333,0.5573999999999997,0.13157894736842105,0.18421052631578946,0.3333333333333333,0.125,0.2,0.2391304347826087,0.6940639269406392,0.19786096256684493,0.47474747474747475,0.23232323232323232,0.29605263157894735,0.3157894736842105,0.019736842105263157,7.7142857142857135,1.653061224489796,8.26530612244898,0.21226415094339623,0.6192940959314392,0.3595363778467471,0.6192940959314392,0.8,"{""novig"": {""1.5"": {""over"": 174}}, ""betmgm"": {""0.5"": {""over"": -130, ""under"": -105}}, ""bet365"": {""1.5"": {""over"": 182, ""under"": -245}}, ""pinnacle"": {""0.5"": {""over"": -128, ""under"": -103}}}",1.5,over,bet365,182.0,0.3546099290780142,True,0.0049,0.5,over,pinnacle,-128.0,0.5614035087719298,True,0.0579,False
687093,Vaughn Grissom,LAA,MIL,1,5.0,1,688107,Robert Gasser,L,824000,9:38 PM ET,Angel Stadium,1,0,0.23835125448028674,2026-08-01,824000,0.0,0,95.9,96.6,99.3,R,4,4,1,0,0,0,0,0,0,2,1,2,0,1,1,1,0,0.341,0.396,1,0,1,0,1,1,0.3103448275862069,0.359375,0.7586206896551724,0.21875,0.35714285714285715,0.20689655172413793,0.046875,0.046875,0.10344827586206896,2.0,0.9333333333333333,0.4,0.28888888888888886,0.4444444444444444,0.2,0.022222222222222223,0.3734222222222222,0.5645555555555556,0.3684210526315789,0.18181818181818182,0.3681,0.5132666666666666,0.3,0.5333333333333333,0.265625,0.2549019607843137,0.29411764705882354,0.12280701754385964,0.6940639269406392,0.19786096256684493,0.47474747474747475,0.23232323232323232,0.29605263157894735,0.3157894736842105,0.019736842105263157,7.7142857142857135,1.653061224489796,8.26530612244898,0.21226415094339623,0.6747732282563638,0.4181124116567671,0.6747732282563638,2.0,"{""novig"": {""1.5"": {""over"": 147}, ""0.5"": {""over"": -199, ""under"": 156}}, ""bet365"": {""1.5"": {""over"": 132, ""under"": -175}, ""0.5"": {""over"": -235, ""under"": 175}}, ""betmgm"": {""1.5"": {""over"": 155, ""under"": -210}, ""0.5"": {""over"": -210, ""under"": 155}}, ""pinnacle"": {""1.5"": {""over"": 133, ""under"": -178}}, ""draftkings"": {""1.5"": {""over"": 147, ""under"": -197}, ""0.5"": {""over"": -203, ""under"": 151}}, ""fanduel"": {""1.5"": {""over"": 140}, ""0.5"": {""over"": -210}}}",1.5,over,betmgm,155.0,0.39215686274509803,True,0.026,0.5,over,novig,-199.0,0.6655518394648829,True,0.0092,True
687263,Zach Neto,LAA,MIL,1,1.0,1,688107,Robert Gasser,L,824000,9:38 PM ET,Angel Stadium,1,0,0.23835125448028674,2026-08-01,824000,0.0,0,95.9,96.6,99.3,R,4,4,1,0,0,0,0,0,0,2,1,2,0,0,1,0,1,0.1885,0.32,1,0,1,0,1,1,0.22033898305084745,0.30303030303030304,0.6779661016949152,0.2878787878787879,0.325,0.05084745762711865,0.0,0.015151515151515152,0.03389830508474576,1.0666666666666667,1.2666666666666666,0.375,0.2,0.4,0.25,0.05,0.3430844444444444,0.542571111111111,0.10526315789473684,0.2608695652173913,0.2992333333333333,0.49256666666666665,0.22413793103448276,0.27586206896551724,0.2878787878787879,0.25862068965517243,0.4827586206896552,0.3709677419354839,0.6940639269406392,0.19786096256684493,0.47474747474747475,0.23232323232323232,0.29605263157894735,0.3157894736842105,0.019736842105263157,7.7142857142857135,1.653061224489796,8.26530612244898,0.21226415094339623,0.6995004103164826,0.4482510665205432,0.6995004103164826,1.0666666666666667,"{""novig"": {""1.5"": {""over"": 127, ""under"": -174}, ""0.5"": {""over"": -223, ""under"": 153}}, ""bet365"": {""1.5"": {""over"": 115, ""under"": -155}, ""0.5"": {""over"": -225, ""under"": 165}}, ""betmgm"": {""1.5"": {""over"": 120, ""under"": -160}, ""0.5"": {""over"": -210, ""under"": 155}}, ""pinnacle"": {""1.5"": {""over"": 114, ""under"": -151}}, ""draftkings"": {""1.5"": {""over"": 129, ""under"": -171}, ""0.5"": {""over"": -206, ""under"": 154}}, ""fanduel"": {""0.5"": {""over"": -220}}}",1.5,over,draftkings,129.0,0.4366812227074236,True,0.0116,0.5,over,draftkings,-206.0,0.673202614379085,True,0.0263,True
683734,Andrew Vaughn,MIL,LAA,0,5.0,1,608718,Brent Suter,L,824000,9:38 PM ET,Angel Stadium,1,0,0.2056239015817223,2026-08-01,824000,0.0,0,95.9,96.6,99.3,R,2,0,0,0,0,0,1,1,0,0,0,0,0,0,0,0,0,0.42674999999999996,0.70875,0,0,0,0,0,0,0.21621621621621623,0.2682926829268293,0.8648648648648649,0.12195121951219512,0.1935483870967742,0.1891891891891892,0.04878048780487805,0.024390243902439025,0.08108108108108109,1.0,0.3333333333333333,0.5151515151515151,0.2727272727272727,0.36363636363636365,0.3333333333333333,0.06060606060606061,0.30435,0.4914888888888889,0.3333333333333333,0.15789473684210525,0.47441666666666665,0.7607833333333331,0.23684210526315788,0.39473684210526316,0.18604651162790697,0.2647058823529412,0.47058823529411764,0.125,0.6956521739130435,0.3125,0.5303030303030303,0.19696969696969696,0.3333333333333333,0.22916666666666666,0.020833333333333332,12.063829787234043,0.574468085106383,8.042553191489363,0.2028985507246377,0.5820404648952561,0.3996066025889782,0.5820404648952561,1.0,"{""novig"": {""1.5"": {""over"": 120, ""under"": -170}, ""0.5"": {""over"": -245, ""under"": 190}}, ""bet365"": {""1.5"": {""over"": 120, ""under"": -160}, ""0.5"": {""over"": -250, ""under"": 185}}, ""pinnacle"": {""1.5"": {""over"": 122, ""under"": -163}}, ""draftkings"": {""1.5"": {""over"": 119, ""under"": -158}, ""0.5"": {""over"": -267, ""under"": 196}}, ""fanduel"": {""1.5"": {""over"": 120}, ""0.5"": {""over"": -230}}}",1.5,over,pinnacle,122.0,0.45045045045045046,True,-0.0508,0.5,over,fanduel,-230.0,0.696969696969697,True,-0.1149,True
668930,Brice Turang,MIL,LAA,0,2.0,1,608718,Brent Suter,L,824000,9:38 PM ET,Angel Stadium,0,0,0.2056239015817223,2026-08-01,824000,0.0,0,95.9,96.6,99.3,L,5,3,1,0,0,1,2,0,0,0,4,3,0,2,2,1,0,0.22966666666666669,0.7966666666666667,1,0,1,1,0,0,0.29310344827586204,0.3787878787878788,0.7931034482758621,0.18181818181818182,0.32558139534883723,0.20689655172413793,0.045454545454545456,0.045454545454545456,0.10344827586206896,1.9333333333333333,0.8,0.3695652173913043,0.2391304347826087,0.45652173913043476,0.2826086956521739,0.043478260869565216,0.3284611111111111,0.5661444444444446,0.38095238095238093,0.22727272727272727,0.32545,0.3706999999999999,0.3387096774193548,0.5967741935483871,0.19402985074626866,0.14754098360655737,0.26229508196721313,0.2714285714285714,0.6956521739130435,0.3125,0.5303030303030303,0.19696969696969696,0.3333333333333333,0.22916666666666666,0.020833333333333332,12.063829787234043,0.574468085106383,8.042553191489363,0.2028985507246377,0.6621239088092383,0.44045457716832,0.6621239088092383,1.9333333333333333,"{""novig"": {""1.5"": {""over"": 125, ""under"": -141}, ""0.5"": {""over"": -245, ""under"": 182}}, ""bet365"": {""1.5"": {""over"": 125, ""under"": -165}, ""0.5"": {""over"": -260, ""under"": 190}}, ""betmgm"": {""1.5"": {""over"": 115, ""under"": -155}, ""0.5"": {""over"": -225, ""under"": 165}}, ""pinnacle"": {""1.5"": {""over"": 112, ""under"": -149}}, ""draftkings"": {""1.5"": {""over"": 115, ""under"": -153}}, ""fanduel"": {""0.5"": {""over"": -220}}}",1.5,over,novig,125.0,0.4444444444444444,True,-0.004,0.5,over,fanduel,-220.0,0.6875,True,-0.0254,True
592885,Christian Yelich,MIL,LAA,0,4.0,1,608718,Brent Suter,L,824000,9:38 PM ET,Angel Stadium,0,0,0.2056239015817223,2026-08-01,824000,0.0,0,95.9,96.6,99.3,L,5,5,1,0,0,0,0,0,0,1,1,4,1,2,2,2,0,0.39475,1.17075,1,0,1,0,1,0,0.2711864406779661,0.37142857142857144,0.7627118644067796,0.2,0.3333333333333333,0.2033898305084746,0.014285714285714285,0.1,0.15254237288135594,1.8666666666666667,0.9333333333333333,0.43478260869565216,0.21739130434782608,0.5652173913043478,0.1956521739130435,0.021739130434782608,0.31118666666666667,0.47720666666666667,0.21052631578947367,0.17391304347826086,0.27001999999999987,0.5474066666666667,0.22033898305084745,0.3898305084745763,0.22857142857142856,0.21428571428571427,0.4642857142857143,0.2727272727272727,0.6956521739130435,0.3125,0.5303030303030303,0.19696969696969696,0.3333333333333333,0.22916666666666666,0.020833333333333332,12.063829787234043,0.574468085106383,8.042553191489363,0.2028985507246377,0.6747732282563638,0.47141203200417453,0.6747732282563638,1.8666666666666667,"{""novig"": {""1.5"": {""over"": 141, ""under"": -213}, ""0.5"": {""over"": -199, ""under"": 138}}, ""bet365"": {""1.5"": {""over"": 140, ""under"": -190}, ""0.5"": {""over"": -230, ""under"": 170}}, ""pinnacle"": {""1.5"": {""over"": 147, ""under"": -198}}, ""draftkings"": {""1.5"": {""over"": 139, ""under"": -185}, ""0.5"": {""over"": -195, ""under"": 146}}, ""fanduel"": {""1.5"": {""over"": 150}, ""0.5"": {""over"": -200}}, ""betmgm"": {""0.5"": {""over"": -200, ""under"": 145}}}",1.5,over,fanduel,150.0,0.4,True,0.0714,0.5,over,draftkings,-195.0,0.6610169491525424,True,0.0138,True
806198,Cooper Pratt,MIL,LAA,0,8.0,1,608718,Brent Suter,L,824000,9:38 PM ET,Angel Stadium,1,0,0.2056239015817223,2026-08-01,824000,0.0,0,95.9,96.6,99.3,R,4,2,1,0,0,0,2,0,0,1,1,1,0,0,0,0,1,0.154,0.186,1,0,1,0,1,0,0.35294117647058826,0.4067796610169492,0.7843137254901961,0.1864406779661017,0.4,0.1568627450980392,0.03389830508474576,0.03389830508474576,0.0784313725490196,1.7333333333333334,0.7333333333333333,0.2857142857142857,0.30952380952380953,0.35714285714285715,0.30952380952380953,0.0,0.2987722222222222,0.4181055555555556,0.4375,0.1,0.29033333333333333,0.4831333333333334,0.3584905660377358,0.5471698113207547,0.14754098360655737,0.2,0.2,0.16666666666666666,0.6956521739130435,0.3125,0.5303030303030303,0.19696969696969696,0.3333333333333333,0.22916666666666666,0.020833333333333332,12.063829787234043,0.574468085106383,8.042553191489363,0.2028985507246377,0.6465792520169771,0.38479404939940115,0.6465792520169771,1.7333333333333334,"{""novig"": {""1.5"": {""over"": 156}}, ""betmgm"": {""0.5"": {""over"": -160, ""under"": 120}}, ""bet365"": {""1.5"": {""over"": 180, ""under"": -240}}, ""pinnacle"": {""0.5"": {""over"": -175, ""under"": 131}}}",1.5,over,bet365,180.0,0.35714285714285715,True,0.0277,0.5,over,betmgm,-160.0,0.6153846153846154,True,0.0312,False
669003,Garrett Mitchell,MIL,LAA,0,7.0,1,608718,Brent Suter,L,824000,9:38 PM ET,Angel Stadium,0,0,0.2056239015817223,2026-08-01,824000,0.0,0,95.9,96.6,99.3,L,5,4,2,1,0,0,1,0,0,1,3,3,0,3,0,0,3,0.7876666666666666,1.8483333333333334,1,1,1,1,1,0,0.2222222222222222,0.3114754098360656,0.7037037037037037,0.25806451612903225,0.3157894736842105,0.07407407407407407,0.0,0.06451612903225806,0.07407407407407407,1.0666666666666667,1.0666666666666667,0.39473684210526316,0.2631578947368421,0.631578947368421,0.10526315789473684,0.02631578947368421,0.3530777777777778,0.46971666666666667,0.0625,0.19047619047619047,0.2749333333333334,0.4709333333333334,0.2641509433962264,0.3584905660377358,0.25,0.23076923076923078,0.36538461538461536,0.35714285714285715,0.6956521739130435,0.3125,0.5303030303030303,0.19696969696969696,0.3333333333333333,0.22916666666666666,0.020833333333333332,12.063829787234043,0.574468085106383,8.042553191489363,0.2028985507246377,0.6327155422775069,0.4151636953909197,0.6327155422775069,1.0666666666666667,"{""novig"": {""1.5"": {""over"": 182}}, ""betmgm"": {""0.5"": {""over"": -155, ""under"": 115}}, ""bet365"": {""1.5"": {""over"": 185, ""under"": -250}}, ""pinnacle"": {""0.5"": {""over"": -170, ""under"": 127}}, ""fanduel"": {""1.5"": {""over"": 195}}}",1.5,over,fanduel,195.0,0.3389830508474576,True,0.0762,0.5,over,betmgm,-155.0,0.6078431372549019,True,0.0249,False
694192,Jackson Chourio,MIL,LAA,0,1.0,1,608718,Brent Suter,L,824000,9:38 PM ET,Angel Stadium,1,0,0.2056239015817223,2026-08-01,824000,0.0,0,95.9,96.6,99.3,R,5,5,1,0,0,0,0,0,0,3,1,2,0,0,0,0,1,0.165,0.19,1,0,1,0,1,1,0.23333333333333334,0.2923076923076923,0.75,0.23076923076923078,0.3111111111111111,0.05,0.0,0.046153846153846156,0.05,1.1333333333333333,1.0,0.37777777777777777,0.26666666666666666,0.4888888888888889,0.2,0.022222222222222223,0.3175511111111111,0.4380522222222222,0.25,0.08333333333333333,0.2626033333333334,0.3882233333333333,0.2,0.23076923076923078,0.2676056338028169,0.24074074074074073,0.4444444444444444,0.1864406779661017,0.6956521739130435,0.3125,0.5303030303030303,0.19696969696969696,0.3333333333333333,0.22916666666666666,0.020833333333333332,12.063829787234043,0.574468085106383,8.042553191489363,0.2028985507246377,0.693149412277784,0.4680947918444676,0.693149412277784,1.1333333333333333,"{""novig"": {""1.5"": {""over"": -102, ""under"": -133}}, ""bet365"": {""1.5"": {""over"": -115, ""under"": -115}}, ""betmgm"": {""1.5"": {""over"": 100, ""under"": -135}}, ""pinnacle"": {""1.5"": {""over"": -104, ""under"": -127}}, ""draftkings"": {""1.5"": {""over"": -102, ""under"": -131}}, ""fanduel"": {""0.5"": {""over"": -290}}}",1.5,over,betmgm,100.0,0.5,True,-0.0319,0.5,over,fanduel,-290.0,0.7435897435897436,True,-0.0504,True
641343,Jake Bauers,MIL,LAA,0,6.0,1,608718,Brent Suter,L,824000,9:38 PM ET,Angel Stadium,0,0,0.2056239015817223,2026-08-01,824000,0.0,0,95.9,96.6,99.3,L,5,4,2,0,0,1,1,0,0,0,5,4,0,2,1,2,1,0.51,1.2442499999999999,1,1,1,1,0,0,0.2765957446808511,0.40350877192982454,0.6382978723404256,0.2982456140350877,0.39285714285714285,0.19148936170212766,0.03508771929824561,0.017543859649122806,0.0851063829787234,1.4666666666666666,1.1333333333333333,0.6333333333333333,0.3,0.43333333333333335,0.23333333333333334,0.0,0.4306833333333333,0.7981222222222223,0.47058823529411764,0.10526315789473684,0.4394066666666667,0.6247599999999999,0.23404255319148937,0.40425531914893614,0.3157894736842105,0.2692307692307692,0.5384615384615384,0.25,0.6956521739130435,0.3125,0.5303030303030303,0.19696969696969696,0.3333333333333333,0.22916666666666666,0.020833333333333332,12.063829787234043,0.574468085106383,8.042553191489363,0.2028985507246377,0.6296557252986544,0.42385871998170416,0.6296557252986544,1.4666666666666666,"{""novig"": {""1.5"": {""over"": 138}}, ""bet365"": {""1.5"": {""over"": 182, ""under"": -245}}, ""pinnacle"": {""0.5"": {""over"": -154, ""under"": 115}}}",1.5,over,bet365,182.0,0.3546099290780142,True,0.0692,0.5,over,pinnacle,-154.0,0.6062992125984252,True,0.0234,False
687401,Joey Ortiz,MIL,LAA,0,9.0,1,608718,Brent Suter,L,824000,9:38 PM ET,Angel Stadium,1,0,0.2056239015817223,2026-08-01,824000,0.0,0,95.9,96.6,99.3,R,3,3,0,0,0,0,0,0,0,0,0,3,0,0,1,2,0,0.16666666666666666,0.18933333333333335,0,0,0,0,0,0,0.35294117647058826,0.4107142857142857,0.803921568627451,0.17857142857142858,0.39473684210526316,0.35294117647058826,0.05357142857142857,0.08928571428571429,0.19607843137254902,2.4,0.6666666666666666,0.4878048780487805,0.2926829268292683,0.43902439024390244,0.21951219512195122,0.04878048780487805,0.35058333333333336,0.5605499999999999,0.4117647058823529,0.2777777777777778,0.4277666666666667,0.6366333333333333,0.32,0.66,0.18181818181818182,0.3170731707317073,0.36585365853658536,0.2,0.6956521739130435,0.3125,0.5303030303030303,0.19696969696969696,0.3333333333333333,0.22916666666666666,0.020833333333333332,12.063829787234043,0.574468085106383,8.042553191489363,0.2028985507246377,0.48849125204668825,0.32739988725901553,0.48849125204668825,2.4,"{""bet365"": {""1.5"": {""over"": 195, ""under"": -270}}, ""pinnacle"": {""0.5"": {""over"": -170, ""under"": 127}}, ""fanduel"": {""1.5"": {""over"": 150}}}",1.5,over,bet365,195.0,0.3389830508474576,True,-0.0116,0.5,over,pinnacle,-170.0,0.6296296296296297,True,-0.1411,False
661388,William Contreras,MIL,LAA,0,3.0,1,608718,Brent Suter,L,824000,9:38 PM ET,Angel Stadium,1,0,0.2056239015817223,2026-08-01,824000,0.0,0,95.9,96.6,99.3,R,5,4,1,1,0,0,1,0,0,1,2,3,0,3,1,1,1,0.4626666666666666,0.858,1,0,1,1,1,0,0.18181818181818182,0.23333333333333334,0.8,0.18333333333333332,0.20454545454545456,0.14545454545454545,0.016666666666666666,0.05,0.09090909090909091,1.2,0.7333333333333333,0.4,0.26666666666666666,0.4,0.26666666666666666,0.022222222222222223,0.2676857142857143,0.5799309523809523,0.2857142857142857,0.19047619047619047,0.28437999999999997,0.5380499999999999,0.20634920634920634,0.2698412698412698,0.16417910447761194,0.20408163265306123,0.3469387755102041,0.18181818181818182,0.6956521739130435,0.3125,0.5303030303030303,0.19696969696969696,0.3333333333333333,0.22916666666666666,0.020833333333333332,12.063829787234043,0.574468085106383,8.042553191489363,0.2028985507246377,0.662234888767227,0.449511808761935,0.662234888767227,1.2,"{""novig"": {""1.5"": {""over"": 115, ""under"": -156}, ""0.5"": {""over"": -257, ""under"": 199}}, ""bet365"": {""1.5"": {""over"": 120, ""under"": -160}, ""0.5"": {""over"": -275, ""under"": 200}}, ""betmgm"": {""1.5"": {""over"": 105, ""under"": -140}}, ""pinnacle"": {""1.5"": {""over"": 120, ""under"": -159}}, ""draftkings"": {""1.5"": {""over"": 118, ""under"": -157}, ""0.5"": {""over"": -270, ""under"": 198}}, ""fanduel"": {""0.5"": {""over"": -240}}}",1.5,over,bet365,120.0,0.45454545454545453,True,-0.005,0.5,over,fanduel,-240.0,0.7058823529411765,True,-0.0436,True
675961,Alika Williams,ATH,DET,1,6.0,1,664285,Framber Valdez,L,824972,9:40 PM ET,Sutter Health Park,1,0,0.21631205673758866,2026-08-01,824972,0.0,1,106.1,109.2,113.8,R,1,1,0,0,0,0,0,0,0,0,0,1,0,0,0,0,1,0.537,0.567,0,0,0,0,0,0,0.18181818181818182,0.2,0.7575757575757576,0.2222222222222222,0.23076923076923078,0.09090909090909091,0.0,0.08333333333333333,0.09090909090909091,0.6,0.5333333333333333,0.25925925925925924,0.2962962962962963,0.37037037037037035,0.25925925925925924,0.037037037037037035,0.30219230769230765,0.4822692307692308,0.16666666666666666,0.23076923076923078,0.4166,0.8029999999999997,0.275,0.4,0.36585365853658536,0.25,0.375,0.18604651162790697,0.7167381974248928,0.24257425742574257,0.40384615384615385,0.13942307692307693,0.5329341317365269,0.19760479041916168,0.005988023952095809,8.947674418604652,0.9418604651162791,6.750000000000001,0.17338709677419356,0.5088460039071427,0.2533216248669395,0.5088460039071427,0.6,"{""novig"": {""1.5"": {""over"": 167}}, ""betmgm"": {""0.5"": {""over"": -185, ""under"": 135}}, ""bet365"": {""1.5"": {""over"": 195, ""under"": -270}}, ""pinnacle"": {""0.5"": {""over"": -160, ""under"": 120}}}",1.5,over,bet365,195.0,0.3389830508474576,True,-0.0857,0.5,over,pinnacle,-160.0,0.6153846153846154,True,-0.1065,False
661531,Brian Serven,ATH,DET,1,8.0,1,664285,Framber Valdez,L,824972,9:40 PM ET,Sutter Health Park,1,0,0.21631205673758866,2026-08-01,824972,0.0,1,106.1,109.2,113.8,R,1,1,0,0,0,0,0,0,0,0,0,1,0,1,0,1,0,0.643,0.712,0,0,0,0,0,0,0.1388888888888889,0.18421052631578946,0.6388888888888888,0.3333333333333333,0.18181818181818182,0.16666666666666666,0.02564102564102564,0.07692307692307693,0.1111111111111111,0.7333333333333333,0.8666666666666667,0.25,0.125,0.4166666666666667,0.2916666666666667,0.041666666666666664,0.21658333333333335,0.46996296296296297,0.16666666666666666,0.3333333333333333,0.35250000000000004,0.802083333333333,0.1891891891891892,0.2702702702702703,0.2682926829268293,0.10810810810810811,0.21621621621621623,0.3170731707317073,0.7167381974248928,0.24257425742574257,0.40384615384615385,0.13942307692307693,0.5329341317365269,0.19760479041916168,0.005988023952095809,8.947674418604652,0.9418604651162791,6.750000000000001,0.17338709677419356,0.4760357699391166,0.28707523681952757,0.4760357699391166,0.7333333333333333,"{""novig"": {""1.5"": {""over"": 203}}, ""betmgm"": {""0.5"": {""over"": -140, ""under"": 105}}, ""bet365"": {""1.5"": {""over"": 205, ""under"": -290}}, ""pinnacle"": {""0.5"": {""over"": -110, ""under"": -120}}}",1.5,over,bet365,205.0,0.32786885245901637,True,-0.0408,0.5,over,pinnacle,-110.0,0.5238095238095238,True,-0.0478,False
703607,Henry Bolte,ATH,DET,1,7.0,1,664285,Framber Valdez,L,824972,9:40 PM ET,Sutter Health Park,1,0,0.21631205673758866,2026-08-01,824972,0.0,1,106.1,109.2,113.8,R,3,2,1,0,0,0,0,1,0,1,1,1,0,0,0,1,0,0.318,0.36,1,0,1,0,1,0,0.11627906976744186,0.19148936170212766,0.6744186046511628,0.2857142857142857,0.1724137931034483,0.023255813953488372,0.0,0.02040816326530612,0.023255813953488372,0.4,0.9333333333333333,0.43333333333333335,0.16666666666666666,0.6,0.13333333333333333,0.03333333333333333,0.24094444444444443,0.3956555555555556,0.14285714285714285,0.29411764705882354,0.20106666666666673,0.2794999999999999,0.24489795918367346,0.3469387755102041,0.22033898305084745,0.14583333333333334,0.20833333333333334,0.25925925925925924,0.7167381974248928,0.24257425742574257,0.40384615384615385,0.13942307692307693,0.5329341317365269,0.19760479041916168,0.005988023952095809,8.947674418604652,0.9418604651162791,6.750000000000001,0.17338709677419356,0.587089286784188,0.3448256737352207,0.587089286784188,0.4,"{""novig"": {""1.5"": {""over"": 135}}, ""betmgm"": {""0.5"": {""over"": -210, ""under"": 155}}, ""bet365"": {""1.5"": {""over"": 150, ""under"": -200}}, ""pinnacle"": {""1.5"": {""over"": 143, ""under"": -193}}, ""draftkings"": {""1.5"": {""over"": 146, ""under"": -196}}}",1.5,over,bet365,150.0,0.4,True,-0.0552,0.5,over,betmgm,-210.0,0.6774193548387096,True,-0.0903,False
805779,Jacob Wilson,ATH,DET,1,1.0,1,664285,Framber Valdez,L,824972,9:40 PM ET,Sutter Health Park,1,0,0.21631205673758866,2026-08-01,824972,0.0,1,106.1,109.2,113.8,R,4,3,1,0,0,0,1,0,0,0,1,3,0,1,0,0,3,0.8646666666666666,0.9733333333333333,1,0,1,0,0,0,0.265625,0.2878787878787879,0.90625,0.09090909090909091,0.2545454545454545,0.203125,0.045454545454545456,0.030303030303030304,0.09375,2.0,0.4,0.27586206896551724,0.20689655172413793,0.5,0.27586206896551724,0.0,0.30689,0.4297255555555556,0.19047619047619047,0.13636363636363635,0.27431666666666665,0.33748333333333336,0.29310344827586204,0.46551724137931033,0.12903225806451613,0.21311475409836064,0.32786885245901637,0.07575757575757576,0.7167381974248928,0.24257425742574257,0.40384615384615385,0.13942307692307693,0.5329341317365269,0.19760479041916168,0.005988023952095809,8.947674418604652,0.9418604651162791,6.750000000000001,0.17338709677419356,0.6915512458609684,0.4555906584978066,0.6915512458609684,2.0,"{""novig"": {""1.5"": {""over"": 108, ""under"": -120}}, ""bet365"": {""1.5"": {""over"": -110, ""under"": -120}}, ""betmgm"": {""1.5"": {""over"": -105, ""under"": -125}}, ""pinnacle"": {""1.5"": {""over"": 107, ""under"": -143}}, ""draftkings"": {""1.5"": {""over"": -101, ""under"": -131}}, ""fanduel"": {""0.5"": {""over"": -380}}}",1.5,over,novig,108.0,0.4807692307692308,True,-0.0252,0.5,over,fanduel,-380.0,0.7916666666666666,True,-0.1001,True
641680,Jonah Heim,ATH,DET,1,2.0,1,664285,Framber Valdez,L,824972,9:40 PM ET,Sutter Health Park,0,0,0.21631205673758866,2026-08-01,824972,0.0,1,106.1,109.2,113.8,L,2,1,0,0,0,0,1,0,0,0,0,1,0,0,0,1,0,0.267,0.304,0,0,0,0,0,0,0.29411764705882354,0.32432432432432434,0.8529411764705882,0.13513513513513514,0.2857142857142857,0.23529411764705882,0.05405405405405406,0.05405405405405406,0.11764705882352941,1.2,0.3333333333333333,0.43333333333333335,0.23333333333333334,0.3333333333333333,0.26666666666666666,0.06666666666666667,0.3678461538461538,0.6855705128205128,0.4,0.125,0.5293333333333334,1.2124166666666667,0.2807017543859649,0.47368421052631576,0.19672131147540983,0.20689655172413793,0.3793103448275862,0.20967741935483872,0.7167381974248928,0.24257425742574257,0.40384615384615385,0.13942307692307693,0.5329341317365269,0.19760479041916168,0.005988023952095809,8.947674418604652,0.9418604651162791,6.750000000000001,0.17338709677419356,0.5353945491266899,0.3456521640136167,0.5353945491266899,1.2,"{""novig"": {""1.5"": {""over"": 120, ""under"": -150}}, ""bet365"": {""1.5"": {""over"": 125, ""under"": -165}, ""0.5"": {""over"": -280, ""under"": 202}}, ""pinnacle"": {""1.5"": {""over"": 126, ""under"": -168}}, ""draftkings"": {""1.5"": {""over"": 107, ""under"": -142}}, ""betmgm"": {""0.5"": {""over"": -225, ""under"": 165}}, ""fanduel"": {""0.5"": {""over"": -260}}}",1.5,over,pinnacle,126.0,0.4424778761061947,True,-0.0968,0.5,over,betmgm,-225.0,0.6923076923076923,True,-0.1569,True
680716,Jonathan Ornelas,ATH,DET,1,9.0,1,664285,Framber Valdez,L,824972,9:40 PM ET,Sutter Health Park,1,0,0.21631205673758866,2026-08-01,824972,0.0,1,106.1,109.2,113.8,R,1,1,0,0,0,0,0,0,0,0,0,1,0,0,0,0,0,0.001,0.001,0,0,0,0,0,0,0.2413793103448276,0.2903225806451613,0.6206896551724138,0.3548387096774194,0.3888888888888889,0.0,0.0,0.0,0.0,0.4666666666666667,0.7333333333333333,0.4444444444444444,0.05555555555555555,0.8888888888888888,0.0,0.0,0.2596759259259259,0.2888611111111111,0.2222222222222222,0.3,0.12975000000000003,0.14308333333333342,0.20689655172413793,0.27586206896551724,0.3125,0.08,0.08,0.4444444444444444,0.7167381974248928,0.24257425742574257,0.40384615384615385,0.13942307692307693,0.5329341317365269,0.19760479041916168,0.005988023952095809,8.947674418604652,0.9418604651162791,6.750000000000001,0.17338709677419356,0.4358410539695516,0.12983679930099712,0.4358410539695516,0.4666666666666667,"{""pinnacle"": {""0.5"": {""over"": -120, ""under"": -110}}}",1.5,,,,,False,,0.5,over,pinnacle,-120.0,0.5454545454545454,True,-0.1096,False
671732,Lawrence Butler,ATH,DET,1,5.0,1,664285,Framber Valdez,L,824972,9:40 PM ET,Sutter Health Park,0,0,0.21631205673758866,2026-08-01,824972,0.0,1,106.1,109.2,113.8,L,4,4,0,0,0,0,0,0,0,2,0,2,0,1,1,1,0,0.1965,0.218,0,0,0,0,1,1,0.2631578947368421,0.3958333333333333,0.7105263157894737,0.22448979591836735,0.3333333333333333,0.23684210526315788,0.02040816326530612,0.08163265306122448,0.15789473684210525,1.2666666666666666,0.7333333333333333,0.4827586206896552,0.20689655172413793,0.4482758620689655,0.3448275862068966,0.06896551724137931,0.29273076923076924,0.5326282051282051,0.4166666666666667,0.21428571428571427,0.3962,0.8722666666666669,0.25,0.375,0.22448979591836735,0.15789473684210525,0.2631578947368421,0.2708333333333333,0.7167381974248928,0.24257425742574257,0.40384615384615385,0.13942307692307693,0.5329341317365269,0.19760479041916168,0.005988023952095809,8.947674418604652,0.9418604651162791,6.750000000000001,0.17338709677419356,0.5842362306391072,0.3718526792629993,0.5842362306391072,1.2666666666666666,"{""betmgm"": {""0.5"": {""over"": -155, ""under"": 115}}, ""pinnacle"": {""0.5"": {""over"": -169, ""under"": 126}}, ""fanduel"": {""1.5"": {""over"": 155}}}",1.5,over,fanduel,155.0,0.39215686274509803,True,-0.0203,0.5,over,betmgm,-155.0,0.6078431372549019,True,-0.0236,False
695720,Tommy White,ATH,DET,1,4.0,1,664285,Framber Valdez,L,824972,9:40 PM ET,Sutter Health Park,1,0,0.21631205673758866,2026-08-01,824972,0.0,1,106.1,109.2,113.8,R,4,4,0,0,0,0,0,0,0,1,0,3,0,0,2,1,0,0.028,0.03666666666666667,0,0,0,0,1,0,0.2777777777777778,0.3389830508474576,0.8518518518518519,0.13559322033898305,0.32608695652173914,0.037037037037037035,0.0,0.03389830508474576,0.037037037037037035,1.1333333333333333,0.5333333333333333,0.34782608695652173,0.2608695652173913,0.5869565217391305,0.13043478260869565,0.021739130434782608,0.3307527777777778,0.4246597222222222,0.2857142857142857,0.2857142857142857,0.3604666666666666,0.4260333333333334,0.19047619047619047,0.2857142857142857,0.08695652173913043,0.36666666666666664,0.36666666666666664,0.21212121212121213,0.7167381974248928,0.24257425742574257,0.40384615384615385,0.13942307692307693,0.5329341317365269,0.19760479041916168,0.005988023952095809,8.947674418604652,0.9418604651162791,6.750000000000001,0.17338709677419356,0.6909224113154405,0.4736584209863713,0.6909224113154405,1.1333333333333333,"{""novig"": {""1.5"": {""over"": 138, ""under"": -178}, ""0.5"": {""over"": -270, ""under"": 186}}, ""bet365"": {""1.5"": {""over"": 135, ""under"": -180}, ""0.5"": {""over"": -275, ""under"": 200}}, ""pinnacle"": {""1.5"": {""over"": 126, ""under"": -168}}, ""draftkings"": {""1.5"": {""over"": 128, ""under"": -171}, ""0.5"": {""over"": -263, ""under"": 193}}, ""betmgm"": {""0.5"": {""over"": -250, ""under"": 180}}, ""fanduel"": {""0.5"": {""over"": -260}}}",1.5,over,novig,138.0,0.42016806722689076,True,0.0535,0.5,over,betmgm,-250.0,0.7142857142857143,True,-0.0234,True
691016,Tyler Soderstrom,ATH,DET,1,3.0,1,664285,Framber Valdez,L,824972,9:40 PM ET,Sutter Health Park,0,0,0.21631205673758866,2026-08-01,824972,0.0,1,106.1,109.2,113.8,L,4,4,0,0,0,0,0,0,0,0,0,4,1,2,1,3,0,0.31925000000000003,0.5925,0,0,0,0,0,0,0.24561403508771928,0.3064516129032258,0.7017543859649122,0.27419354838709675,0.2777777777777778,0.22807017543859648,0.06451612903225806,0.016129032258064516,0.08771929824561403,1.8,1.1333333333333333,0.45,0.15,0.575,0.25,0.025,0.3425477777777778,0.6584366666666667,0.15,0.38095238095238093,0.24819999999999992,0.3456666666666669,0.2857142857142857,0.5714285714285714,0.18333333333333332,0.2727272727272727,0.509090909090909,0.20634920634920634,0.7167381974248928,0.24257425742574257,0.40384615384615385,0.13942307692307693,0.5329341317365269,0.19760479041916168,0.005988023952095809,8.947674418604652,0.9418604651162791,6.750000000000001,0.17338709677419356,0.6439952219432669,0.42867051058515493,0.6439952219432669,1.8,"{""novig"": {""1.5"": {""over"": 133, ""under"": -163}, ""0.5"": {""over"": -223, ""under"": 174}}, ""bet365"": {""1.5"": {""over"": 135, ""under"": -180}, ""0.5"": {""over"": -220, ""under"": 160}}, ""betmgm"": {""1.5"": {""over"": 130, ""under"": -175}, ""0.5"": {""over"": -220, ""under"": 165}}, ""pinnacle"": {""1.5"": {""over"": 128, ""under"": -170}}, ""draftkings"": {""1.5"": {""over"": 118, ""under"": -156}, ""0.5"": {""over"": -248, ""under"": 183}}, ""fanduel"": {""1.5"": {""over"": 105}, ""0.5"": {""over"": -250}}}",1.5,over,bet365,135.0,0.425531914893617,True,0.0031,0.5,over,betmgm,-220.0,0.6875,True,-0.0435,True
690993,Colt Keith,DET,ATH,0,5.0,1,678022,Jack Perkins,R,824972,9:40 PM ET,Sutter Health Park,0,1,0.21951219512195122,2026-08-01,824972,0.0,1,106.1,109.2,113.8,L,1,1,0,0,0,0,0,0,0,1,0,0,0,0,0,0,0,0.1945,0.405,0,0,0,0,1,0,0.358974358974359,0.4090909090909091,0.8205128205128205,0.1590909090909091,0.42424242424242425,0.1794871794871795,0.0,0.06818181818181818,0.1282051282051282,1.4,0.4666666666666667,0.30303030303030304,0.36363636363636365,0.3333333333333333,0.24242424242424243,0.0,0.31157142857142855,0.4291845238095238,0.5,0.05263157894736842,0.2816499999999999,0.40181666666666677,0.35,0.6,0.13333333333333333,0.25,0.25,0.24444444444444444,0.622093023255814,0.20714285714285716,0.52,0.26,0.27102803738317754,0.411214953271028,0.009345794392523364,9.841121495327103,2.018691588785047,12.112149532710282,0.2909090909090909,0.611167204250982,0.36252534128114783,0.611167204250982,1.4,"{""novig"": {""1.5"": {""over"": 141, ""under"": -186}}, ""bet365"": {""1.5"": {""over"": 140, ""under"": -190}}, ""betmgm"": {""1.5"": {""over"": 130, ""under"": -175}}, ""pinnacle"": {""0.5"": {""over"": -185, ""under"": 138}}, ""draftkings"": {""1.5"": {""over"": 142, ""under"": -190}}, ""fanduel"": {""1.5"": {""over"": 135}}}",1.5,over,draftkings,142.0,0.4132231404958678,True,-0.0507,0.5,over,pinnacle,-185.0,0.6491228070175439,True,-0.038,False
693307,Dillon Dingler,DET,ATH,0,3.0,1,678022,Jack Perkins,R,824972,9:40 PM ET,Sutter Health Park,1,1,0.21951219512195122,2026-08-01,824972,0.0,1,106.1,109.2,113.8,R,6,6,2,0,0,1,0,0,0,1,5,5,0,1,1,1,1,0.2666,0.4902,1,1,1,1,1,0,0.2909090909090909,0.38095238095238093,0.6909090909090909,0.2698412698412698,0.37142857142857144,0.21818181818181817,0.047619047619047616,0.047619047619047616,0.10909090909090909,1.8666666666666667,1.1333333333333333,0.2894736842105263,0.2631578947368421,0.4473684210526316,0.18421052631578946,0.02631578947368421,0.3508333333333333,0.5381357142857143,0.2,0.2857142857142857,0.3673,0.4802666666666666,0.3064516129032258,0.5,0.19117647058823528,0.2653061224489796,0.46938775510204084,0.18181818181818182,0.622093023255814,0.20714285714285716,0.52,0.26,0.27102803738317754,0.411214953271028,0.009345794392523364,9.841121495327103,2.018691588785047,12.112149532710282,0.2909090909090909,0.668396307333215,0.4181124116567671,0.668396307333215,1.8666666666666667,"{""novig"": {""1.5"": {""over"": -138, ""under"": 113}}, ""betmgm"": {""1.5"": {""over"": -125, ""under"": -105}}, ""pinnacle"": {""1.5"": {""over"": -116, ""under"": -114}}, ""draftkings"": {""1.5"": {""over"": -136, ""under"": 102}}, ""fanduel"": {""0.5"": {""over"": -350}}}",1.5,over,pinnacle,-116.0,0.5370370370370371,True,-0.1189,0.5,over,fanduel,-350.0,0.7777777777777778,True,-0.1094,True
650402,Gleyber Torres,DET,ATH,0,2.0,1,678022,Jack Perkins,R,824972,9:40 PM ET,Sutter Health Park,1,1,0.21951219512195122,2026-08-01,824972,0.0,1,106.1,109.2,113.8,R,6,5,0,0,0,0,1,0,0,1,0,4,0,1,1,1,2,0.38725,0.52375,0,0,0,0,1,0,0.2692307692307692,0.3770491803278688,0.6923076923076923,0.26229508196721313,0.35294117647058826,0.19230769230769232,0.03278688524590164,0.06557377049180328,0.11538461538461539,1.6,1.0666666666666667,0.3888888888888889,0.2777777777777778,0.3611111111111111,0.3333333333333333,0.05555555555555555,0.3555897435897436,0.5271025641025641,0.15789473684210525,0.3,0.23414583333333316,0.4007708333333333,0.35185185185185186,0.46296296296296297,0.2459016393442623,0.2,0.32,0.18461538461538463,0.622093023255814,0.20714285714285716,0.52,0.26,0.27102803738317754,0.411214953271028,0.009345794392523364,9.841121495327103,2.018691588785047,12.112149532710282,0.2909090909090909,0.6321797337893879,0.4543031487789048,0.6321797337893879,1.6,"{""novig"": {""1.5"": {""over"": 108, ""under"": -130}}, ""bet365"": {""1.5"": {""over"": 120, ""under"": -160}}, ""betmgm"": {""1.5"": {""over"": 105, ""under"": -145}}, ""pinnacle"": {""1.5"": {""over"": 107, ""under"": -142}}, ""draftkings"": {""1.5"": {""over"": 103, ""under"": -137}}, ""fanduel"": {""0.5"": {""over"": -270}}}",1.5,over,bet365,120.0,0.45454545454545453,True,-0.0002,0.5,over,fanduel,-270.0,0.7297297297297297,True,-0.0975,True
595879,Javier Báez,DET,ATH,0,8.0,1,678022,Jack Perkins,R,824972,9:40 PM ET,Sutter Health Park,1,1,0.21951219512195122,2026-08-01,824972,0.0,1,106.1,109.2,113.8,R,5,5,3,0,0,0,0,0,0,0,3,5,0,1,2,2,1,0.3674,0.44020000000000004,1,1,1,1,0,0,0.2653061224489796,0.28,0.8367346938775511,0.16,0.3,0.12244897959183673,0.02,0.06,0.08163265306122448,1.2666666666666666,0.5333333333333333,0.24390243902439024,0.2682926829268293,0.4146341463414634,0.1951219512195122,0.0,0.29999404761904763,0.39229761904761906,0.3333333333333333,0.2,0.2555,0.2921874999999999,0.30612244897959184,0.46938775510204084,0.17647058823529413,0.2692307692307692,0.36538461538461536,0.20754716981132076,0.622093023255814,0.20714285714285716,0.52,0.26,0.27102803738317754,0.411214953271028,0.009345794392523364,9.841121495327103,2.018691588785047,12.112149532710282,0.2909090909090909,0.5753317710401246,0.352508060107211,0.5753317710401246,1.2666666666666666,"{""novig"": {""1.5"": {""over"": 117, ""under"": -163}, ""0.5"": {""over"": -257, ""under"": 174}}, ""bet365"": {""1.5"": {""over"": 135, ""under"": -180}, ""0.5"": {""over"": -235, ""under"": 175}}, ""betmgm"": {""1.5"": {""over"": 115, ""under"": -155}, ""0.5"": {""over"": -250, ""under"": 180}}, ""pinnacle"": {""1.5"": {""over"": 125, ""under"": -167}}, ""draftkings"": {""1.5"": {""over"": 122, ""under"": -163}, ""0.5"": {""over"": -236, ""under"": 174}}, ""fanduel"": {""0.5"": {""over"": -270}}}",1.5,over,bet365,135.0,0.425531914893617,True,-0.073,0.5,over,bet365,-235.0,0.7014925373134329,True,-0.1262,True
805808,Kevin McGonigle,DET,ATH,0,1.0,1,678022,Jack Perkins,R,824972,9:40 PM ET,Sutter Health Park,0,1,0.21951219512195122,2026-08-01,824972,0.0,1,106.1,109.2,113.8,L,6,3,1,0,0,1,2,0,1,1,4,3,0,2,2,1,0,0.27,0.7055,1,0,1,1,1,0,0.27419354838709675,0.3333333333333333,0.8225806451612904,0.15714285714285714,0.3,0.12903225806451613,0.02857142857142857,0.02857142857142857,0.06451612903225806,1.6666666666666667,0.7333333333333333,0.34615384615384615,0.21153846153846154,0.36538461538461536,0.38461538461538464,0.0,0.2970777777777778,0.4548833333333333,0.34782608695652173,0.15384615384615385,0.33715,0.3793333333333334,0.29508196721311475,0.47540983606557374,0.11267605633802817,0.2,0.23333333333333334,0.21875,0.622093023255814,0.20714285714285716,0.52,0.26,0.27102803738317754,0.411214953271028,0.009345794392523364,9.841121495327103,2.018691588785047,12.112149532710282,0.2909090909090909,0.648708877476121,0.4391673549937727,0.648708877476121,1.6666666666666667,"{""novig"": {""1.5"": {""over"": -113, ""under"": -117}}, ""bet365"": {""1.5"": {""over"": -110, ""under"": -120}}, ""pinnacle"": {""1.5"": {""over"": -109, ""under"": -121}}, ""draftkings"": {""1.5"": {""over"": -113, ""under"": -117}}, ""fanduel"": {""0.5"": {""over"": -290}}}",1.5,over,pinnacle,-109.0,0.5215311004784688,True,-0.0824,0.5,over,fanduel,-290.0,0.7435897435897436,True,-0.0949,True
703601,Max Clark,DET,ATH,0,7.0,1,678022,Jack Perkins,R,824972,9:40 PM ET,Sutter Health Park,0,1,0.21951219512195122,2026-08-01,824972,0.0,1,106.1,109.2,113.8,L,5,4,3,2,0,0,1,0,0,0,5,4,0,2,2,1,1,0.524,0.7125,1,1,1,1,0,0,,,,,,,,,,,,,,,,,,,0.5,0.25,,,,,,,,,0.622093023255814,0.20714285714285716,0.52,0.26,0.27102803738317754,0.411214953271028,0.009345794392523364,9.841121495327103,2.018691588785047,12.112149532710282,0.2909090909090909,0.21764240427203196,0.09100486585420293,0.21764240427203196,,"{""novig"": {""1.5"": {""over"": 125, ""under"": -178}, ""0.5"": {""over"": -217, ""under"": 147}}, ""pinnacle"": {""1.5"": {""over"": 138, ""under"": -186}}, ""draftkings"": {""1.5"": {""over"": 127, ""under"": -169}, ""0.5"": {""over"": -217, ""under"": 162}}}",1.5,over,pinnacle,138.0,0.42016806722689076,True,-0.3292,0.5,over,novig,-217.0,0.6845425867507886,True,-0.4669,True
682985,Riley Greene,DET,ATH,0,4.0,1,678022,Jack Perkins,R,824972,9:40 PM ET,Sutter Health Park,0,1,0.21951219512195122,2026-08-01,824972,0.0,1,106.1,109.2,113.8,L,5,4,0,0,0,0,1,0,0,1,0,3,0,0,2,1,0,0.055,0.06366666666666666,0,0,0,0,1,0,0.18867924528301888,0.27419354838709675,0.6981132075471698,0.25806451612903225,0.21621621621621623,0.18867924528301888,0.03225806451612903,0.06451612903225806,0.11320754716981132,1.3333333333333333,1.0666666666666667,0.5384615384615384,0.23076923076923078,0.4358974358974359,0.3333333333333333,0.05128205128205128,0.3809777777777778,0.7779777777777778,0.16666666666666666,0.13636363636363635,0.4472333333333333,0.9092833333333333,0.30357142857142855,0.7321428571428571,0.24615384615384617,0.16981132075471697,0.2641509433962264,0.24193548387096775,0.622093023255814,0.20714285714285716,0.52,0.26,0.27102803738317754,0.411214953271028,0.009345794392523364,9.841121495327103,2.018691588785047,12.112149532710282,0.2909090909090909,0.5792370710546771,0.3667277105497444,0.5792370710546771,1.3333333333333333,"{""novig"": {""1.5"": {""over"": 108, ""under"": -127}, ""0.5"": {""over"": -257, ""under"": 190}}, ""betmgm"": {""1.5"": {""over"": -105, ""under"": -125}, ""0.5"": {""over"": -250, ""under"": 185}}, ""pinnacle"": {""1.5"": {""over"": -101, ""under"": -131}}, ""draftkings"": {""1.5"": {""over"": -104, ""under"": -128}, ""0.5"": {""over"": -262, ""under"": 193}}, ""fanduel"": {""0.5"": {""over"": -260}}}",1.5,over,novig,108.0,0.4807692307692308,True,-0.114,0.5,over,betmgm,-250.0,0.7142857142857143,True,-0.135,True
679529,Spencer Torkelson,DET,ATH,0,6.0,1,678022,Jack Perkins,R,824972,9:40 PM ET,Sutter Health Park,1,1,0.21951219512195122,2026-08-01,824972,0.0,1,106.1,109.2,113.8,R,5,4,3,0,0,0,1,0,0,0,3,4,0,2,0,2,1,0.4935,0.53075,1,1,1,1,0,0,0.19230769230769232,0.2413793103448276,0.7115384615384616,0.25862068965517243,0.17142857142857143,0.23076923076923078,0.06896551724137931,0.0,0.07692307692307693,1.4666666666666666,1.0,0.28205128205128205,0.10256410256410256,0.38461538461538464,0.4358974358974359,0.07692307692307693,0.2367011111111111,0.478371111111111,0.3333333333333333,0.0,0.30966999999999995,0.46611333333333355,0.19230769230769232,0.3076923076923077,0.3050847457627119,0.23076923076923078,0.5769230769230769,0.3220338983050847,0.622093023255814,0.20714285714285716,0.52,0.26,0.27102803738317754,0.411214953271028,0.009345794392523364,9.841121495327103,2.018691588785047,12.112149532710282,0.2909090909090909,0.5698115973010162,0.334346501036842,0.5698115973010162,1.4666666666666666,"{""novig"": {""1.5"": {""over"": 108, ""under"": -147}, ""0.5"": {""over"": -167, ""under"": 156}}, ""bet365"": {""1.5"": {""over"": 110, ""under"": -150}, ""0.5"": {""over"": -220, ""under"": 160}}, ""betmgm"": {""1.5"": {""over"": 105, ""under"": -140}, ""0.5"": {""over"": -210, ""under"": 150}}, ""pinnacle"": {""1.5"": {""over"": 106, ""under"": -140}}, ""draftkings"": {""1.5"": {""over"": 107, ""under"": -143}, ""0.5"": {""over"": -219, ""under"": 163}}, ""fanduel"": {""1.5"": {""over"": -100}, ""0.5"": {""over"": -210}}}",1.5,over,bet365,110.0,0.47619047619047616,True,-0.1418,0.5,over,novig,-167.0,0.6254681647940075,True,-0.0557,True
656716,Zach McKinstry,DET,ATH,0,9.0,1,678022,Jack Perkins,R,824972,9:40 PM ET,Sutter Health Park,0,1,0.21951219512195122,2026-08-01,824972,0.0,1,106.1,109.2,113.8,L,1,1,0,0,0,0,0,0,0,0,0,1,0,0,0,1,0,0.06,0.061,0,0,0,0,0,0,0.24444444444444444,0.2916666666666667,0.8888888888888888,0.10416666666666667,0.275,0.13333333333333333,0.0,0.08333333333333333,0.1111111111111111,1.1333333333333333,0.3333333333333333,0.325,0.325,0.3,0.3,0.025,0.3214551282051282,0.43371794871794866,0.3333333333333333,0.058823529411764705,0.30281249999999993,0.46458333333333335,0.28888888888888886,0.4888888888888889,0.1,0.17777777777777778,0.26666666666666666,0.18867924528301888,0.622093023255814,0.20714285714285716,0.52,0.26,0.27102803738317754,0.411214953271028,0.009345794392523364,9.841121495327103,2.018691588785047,12.112149532710282,0.2909090909090909,0.5007642419640804,0.2754830919379056,0.5007642419640804,1.1333333333333333,"{""novig"": {""1.5"": {""over"": 138}}, ""betmgm"": {""0.5"": {""over"": -175, ""under"": 130}}, ""pinnacle"": {""0.5"": {""over"": -185, ""under"": 138}}, ""draftkings"": {""1.5"": {""over"": 136, ""under"": -182}}}",1.5,over,novig,138.0,0.42016806722689076,True,-0.1447,0.5,over,betmgm,-175.0,0.6363636363636364,True,-0.1356,False
