batter,player_name,team_abbr,opp_team,is_home,bat_order,in_lineup,pitcher_id,pitcher_name,p_throws,game_id,game_time,stadium,stand_R,p_throws_R,opp_k_pct_15,game_date,game_pk,is_dome,wind_out,hit_factor,tb_factor,hr_factor,stand,pa,ab,h,doubles,triples,hr,bb,hbp,sf,k,tb,batted_balls,barrels,hard_hits,fly_balls,ground_balls,line_drives,avg_xba,avg_xslg,target_hit_1plus,target_hit_2plus,target_tb_1plus,target_tb_2plus,target_k_1plus,target_k_2plus,batting_avg_15,obp_15,contact_rate_15,k_rate_15,babip_15,iso_15,hr_rate_15,doubles_rate_15,extra_base_hit_rate_15,avg_total_bases_15,avg_k_per_game_15,hard_hit_pct_15,line_drive_pct_15,gb_pct_15,fly_ball_pct_15,barrel_pct_15,xba_15,xslg_15,batting_avg_last_5,k_rate_last_5,xba_last_5,xslg_last_5,batting_avg_vs_R_15,slg_vs_R_15,k_rate_vs_R_15,batting_avg_vs_L_15,slg_vs_L_15,k_rate_vs_L_15,p_contact_rate_allowed_10,p_babip_allowed_10,p_slg_allowed_10,p_iso_allowed_10,p_gb_pct_10,p_fb_pct_10,p_barrel_pct_allowed_10,p_hits_per9_10,p_hr_per9_10,p_k_per9_10,p_k_rate_10,p_tb_1plus,p_tb_2plus,adj_prob,pred_total_bases,book_markets,primary_line,primary_side,primary_best_book,primary_best_odds,primary_book_implied,primary_has_line,primary_edge,secondary_line,secondary_side,secondary_best_book,secondary_best_odds,secondary_book_implied,secondary_has_line,secondary_edge,secondary_is_hits_fallback
677942,Blaze Alexander,BAL,CLE,1,7.0,1,676440,Tanner Bibee,R,824792,6:35 PM ET,Camden Yards,1,1,0.25622775800711745,2026-09-08,824792,0.0,0,102.7,105.0,101.5,R,5,3,0,0,0,0,2,0,0,2,0,1,0,1,1,0,0,0.029,0.083,0,0,0,0,1,1,0.32142857142857145,0.3559322033898305,0.8214285714285714,0.16666666666666666,0.37777777777777777,0.05357142857142857,0.016666666666666666,0.0,0.017857142857142856,1.4,0.6666666666666666,0.5217391304347826,0.3695652173913043,0.43478260869565216,0.1956521739130435,0.021739130434782608,0.4368261904761904,0.6508892857142856,0.3333333333333333,0.22727272727272727,0.36096,0.4874533333333334,0.34,0.52,0.14035087719298245,0.32075471698113206,0.3584905660377358,0.23636363636363636,0.7391304347826086,0.21818181818181817,0.4192139737991266,0.1703056768558952,0.33689839572192515,0.3048128342245989,0.016042780748663103,7.081967213114754,1.9180327868852458,5.754098360655738,0.1652542372881356,0.6629735068671214,0.4093736220834315,0.6629735068671214,1.4,,1.5,,,,,False,,0.5,,,,,False,,False
691723,Coby Mayo,BAL,CLE,1,4.0,1,676440,Tanner Bibee,R,824792,6:35 PM ET,Camden Yards,1,1,0.25622775800711745,2026-09-08,824792,0.0,0,102.7,105.0,101.5,R,5,5,2,0,0,2,0,0,0,2,8,3,1,2,3,0,0,0.6303333333333333,2.3316666666666666,1,1,1,1,1,1,0.2708333333333333,0.33962264150943394,0.6875,0.2830188679245283,0.3548387096774194,0.16666666666666666,0.03773584905660377,0.03773584905660377,0.08333333333333333,1.4,1.0,0.42424242424242425,0.2727272727272727,0.30303030303030304,0.30303030303030304,0.0,0.357702380952381,0.6282202380952381,0.3076923076923077,0.14285714285714285,0.27520833333333333,0.3610416666666666,0.22916666666666666,0.3958333333333333,0.2692307692307692,0.30434782608695654,0.6086956521739131,0.28,0.7391304347826086,0.21818181818181817,0.4192139737991266,0.1703056768558952,0.33689839572192515,0.3048128342245989,0.016042780748663103,7.081967213114754,1.9180327868852458,5.754098360655738,0.1652542372881356,0.6537603694087707,0.37396060137460196,0.6537603694087707,1.4,,1.5,,,,,False,,0.5,,,,,False,,False
681297,Colton Cowser,BAL,CLE,1,8.0,1,676440,Tanner Bibee,R,824792,6:35 PM ET,Camden Yards,0,1,0.25622775800711745,2026-09-08,824792,0.0,0,102.7,105.0,101.5,L,3,3,0,0,0,0,0,0,0,2,0,1,0,0,0,0,1,0.123,0.204,0,0,0,0,1,1,0.21739130434782608,0.26,0.6956521739130435,0.28,0.25806451612903225,0.1956521739130435,0.04,0.06,0.10869565217391304,1.2666666666666666,0.9333333333333333,0.5151515151515151,0.24242424242424243,0.45454545454545453,0.24242424242424243,0.0,0.34258928571428576,0.4955535714285714,0.05555555555555555,0.42105263157894735,0.28523333333333334,0.38386666666666674,0.2391304347826087,0.5434782608695652,0.2857142857142857,0.15789473684210525,0.3157894736842105,0.40816326530612246,0.7391304347826086,0.21818181818181817,0.4192139737991266,0.1703056768558952,0.33689839572192515,0.3048128342245989,0.016042780748663103,7.081967213114754,1.9180327868852458,5.754098360655738,0.1652542372881356,0.5534441081023864,0.3083184082579229,0.5534441081023864,1.2666666666666666,,1.5,,,,,False,,0.5,,,,,False,,False
687637,Dylan Beavers,BAL,CLE,1,6.0,1,676440,Tanner Bibee,R,824792,6:35 PM ET,Camden Yards,0,1,0.25622775800711745,2026-09-08,824792,0.0,0,102.7,105.0,101.5,L,4,4,1,1,0,0,0,0,0,3,2,1,0,1,0,0,1,0.429,0.797,1,0,1,1,1,1,0.26666666666666666,0.35294117647058826,0.7777777777777778,0.19607843137254902,0.3235294117647059,0.17777777777777778,0.0196078431372549,0.09803921568627451,0.13333333333333333,1.3333333333333333,0.6666666666666666,0.3142857142857143,0.2571428571428571,0.3142857142857143,0.4,0.05714285714285714,0.2868547619047619,0.5267428571428571,0.17647058823529413,0.2222222222222222,0.2192416666666666,0.31918333333333326,0.2391304347826087,0.5217391304347826,0.25,0.18604651162790697,0.3488372093023256,0.25,0.7391304347826086,0.21818181818181817,0.4192139737991266,0.1703056768558952,0.33689839572192515,0.3048128342245989,0.016042780748663103,7.081967213114754,1.9180327868852458,5.754098360655738,0.1652542372881356,0.6342970995422688,0.337496864919906,0.6342970995422688,1.3333333333333333,,1.5,,,,,False,,0.5,,,,,False,,False
683002,Gunnar Henderson,BAL,CLE,1,3.0,1,676440,Tanner Bibee,R,824792,6:35 PM ET,Camden Yards,0,1,0.25622775800711745,2026-09-08,824792,0.0,0,102.7,105.0,101.5,L,5,5,1,0,0,0,0,0,0,1,1,4,0,0,1,2,1,0.32075,0.36950000000000005,1,0,1,0,1,0,0.21428571428571427,0.30158730158730157,0.8035714285714286,0.1746031746031746,0.23255813953488372,0.17857142857142858,0.031746031746031744,0.031746031746031744,0.08928571428571429,1.4666666666666666,0.7333333333333333,0.26666666666666666,0.2222222222222222,0.5333333333333333,0.15555555555555556,0.0,0.2728277777777778,0.37080555555555555,0.17647058823529413,0.35,0.23966666666666664,0.27499999999999997,0.24528301886792453,0.4528301886792453,0.13846153846153847,0.27586206896551724,0.46551724137931033,0.1791044776119403,0.7391304347826086,0.21818181818181817,0.4192139737991266,0.1703056768558952,0.33689839572192515,0.3048128342245989,0.016042780748663103,7.081967213114754,1.9180327868852458,5.754098360655738,0.1652542372881356,0.6530535757441501,0.36716693980182463,0.6530535757441501,1.4666666666666666,,1.5,,,,,False,,0.5,,,,,False,,False
702616,Jackson Holliday,BAL,CLE,1,1.0,1,676440,Tanner Bibee,R,824792,6:35 PM ET,Camden Yards,0,1,0.25622775800711745,2026-09-08,824792,0.0,0,102.7,105.0,101.5,L,5,5,1,0,0,0,0,0,0,1,1,4,0,2,0,1,2,0.2895,0.384,1,0,1,0,1,0,0.20634920634920634,0.203125,0.746031746031746,0.25,0.2553191489361702,0.07936507936507936,0.015625,0.03125,0.047619047619047616,1.2,1.0666666666666667,0.3333333333333333,0.2708333333333333,0.4375,0.22916666666666666,0.041666666666666664,0.28917738095238094,0.4404321428571429,0.2631578947368421,0.3684210526315789,0.3283958333333334,0.5449375000000001,0.20634920634920634,0.30158730158730157,0.22727272727272727,0.22641509433962265,0.2641509433962264,0.26229508196721313,0.7391304347826086,0.21818181818181817,0.4192139737991266,0.1703056768558952,0.33689839572192515,0.3048128342245989,0.016042780748663103,7.081967213114754,1.9180327868852458,5.754098360655738,0.1652542372881356,0.6700506863582602,0.37901925945786014,0.6700506863582602,1.2,,1.5,,,,,False,,0.5,,,,,False,,False
665750,Leody Taveras,BAL,CLE,1,9.0,1,676440,Tanner Bibee,R,824792,6:35 PM ET,Camden Yards,1,1,0.25622775800711745,2026-09-08,824792,0.0,0,102.7,105.0,101.5,R,2,2,0,0,0,0,0,0,0,2,0,0,0,0,0,0,0,0.143,0.149,0,0,0,0,1,1,0.13513513513513514,0.21951219512195122,0.5675675675675675,0.3902439024390244,0.2,0.13513513513513514,0.024390243902439025,0.04878048780487805,0.08108108108108109,0.6666666666666666,1.0666666666666667,0.47619047619047616,0.14285714285714285,0.42857142857142855,0.38095238095238093,0.0,0.23755714285714283,0.3412285714285714,0.0,0.5625,0.20274999999999993,0.2871249999999996,0.21568627450980393,0.45098039215686275,0.16363636363636364,0.18181818181818182,0.2,0.3448275862068966,0.7391304347826086,0.21818181818181817,0.4192139737991266,0.1703056768558952,0.33689839572192515,0.3048128342245989,0.016042780748663103,7.081967213114754,1.9180327868852458,5.754098360655738,0.1652542372881356,0.38915619895414477,0.2258696569140882,0.38915619895414477,0.6666666666666666,,1.5,,,,,False,,0.5,,,,,False,,False
624413,Pete Alonso,BAL,CLE,1,2.0,1,676440,Tanner Bibee,R,824792,6:35 PM ET,Camden Yards,1,1,0.25622775800711745,2026-09-08,824792,0.0,0,102.7,105.0,101.5,R,5,2,0,0,0,0,2,1,0,0,0,2,0,0,0,2,0,0.106,0.121,0,0,0,0,0,0,0.23636363636363636,0.328125,0.6909090909090909,0.265625,0.2777777777777778,0.18181818181818182,0.046875,0.015625,0.07272727272727272,1.5333333333333334,1.1333333333333333,0.6666666666666666,0.20512820512820512,0.5641025641025641,0.20512820512820512,0.02564102564102564,0.3842857142857143,0.6461845238095238,0.2222222222222222,0.23809523809523808,0.40026666666666666,0.753533333333333,0.3157894736842105,0.543859649122807,0.22727272727272727,0.31666666666666665,0.6166666666666667,0.25757575757575757,0.7391304347826086,0.21818181818181817,0.4192139737991266,0.1703056768558952,0.33689839572192515,0.3048128342245989,0.016042780748663103,7.081967213114754,1.9180327868852458,5.754098360655738,0.1652542372881356,0.662234888767227,0.42575921079519746,0.662234888767227,1.5333333333333334,,1.5,,,,,False,,0.5,,,,,False,,False
694212,Samuel Basallo,BAL,CLE,1,5.0,1,676440,Tanner Bibee,R,824792,6:35 PM ET,Camden Yards,0,1,0.25622775800711745,2026-09-08,824792,0.0,0,102.7,105.0,101.5,L,4,3,2,0,0,0,0,1,0,1,2,2,0,1,0,0,2,0.5745,0.6910000000000001,1,1,1,1,1,0,0.13043478260869565,0.23076923076923078,0.717391304347826,0.25,0.15625,0.08695652173913043,0.019230769230769232,0.019230769230769232,0.043478260869565216,0.6666666666666666,0.8666666666666667,0.2727272727272727,0.12121212121212122,0.5151515151515151,0.3333333333333333,0.030303030303030304,0.21180555555555555,0.4961777777777778,0.08333333333333333,0.06666666666666667,0.21039999999999998,0.3434499999999999,0.14634146341463414,0.24390243902439024,0.2653061224489796,0.21052631578947367,0.38596491228070173,0.31666666666666665,0.7391304347826086,0.21818181818181817,0.4192139737991266,0.1703056768558952,0.33689839572192515,0.3048128342245989,0.016042780748663103,7.081967213114754,1.9180327868852458,5.754098360655738,0.1652542372881356,0.5636654749655445,0.2962541847316226,0.5636654749655445,0.6666666666666666,,1.5,,,,,False,,0.5,,,,,False,,False
682657,Angel Martínez,CLE,BAL,0,6.0,1,687064,Brandon Young,R,824792,6:35 PM ET,Camden Yards,0,1,0.1847246891651865,2026-09-08,824792,0.0,0,102.7,105.0,101.5,L,1,1,0,0,0,0,0,0,0,0,0,1,0,0,0,0,1,0.489,0.547,0,0,0,0,0,0,0.2413793103448276,0.35294117647058826,0.7586206896551724,0.20588235294117646,0.25,0.2413793103448276,0.058823529411764705,0.029411764705882353,0.10344827586206896,0.9333333333333333,0.4666666666666667,0.36363636363636365,0.2727272727272727,0.22727272727272727,0.2727272727272727,0.045454545454545456,0.3081190476190477,0.5131904761904762,0.1111111111111111,0.3,0.19816666666666666,0.2555,0.23076923076923078,0.3076923076923077,0.22807017543859648,0.3125,0.6041666666666666,0.17647058823529413,0.7235772357723578,0.2383177570093458,0.45535714285714285,0.18303571428571427,0.4438202247191011,0.23595505617977527,0.03932584269662921,8.41764705882353,0.6352941176470588,7.623529411764705,0.19753086419753085,0.43297643774200084,0.2633764285842251,0.43297643774200084,0.9333333333333333,,1.5,,,,,False,,0.5,,,,,False,,False
677587,Brayan Rocchio,CLE,BAL,0,9.0,1,687064,Brandon Young,R,824792,6:35 PM ET,Camden Yards,0,1,0.1847246891651865,2026-09-08,824792,0.0,0,102.7,105.0,101.5,L,1,1,0,0,0,0,0,0,0,0,0,1,0,0,0,0,1,0.309,0.514,0,0,0,0,0,0,0.2,0.25925925925925924,0.88,0.1111111111111111,0.10526315789473684,0.4,0.1111111111111111,0.037037037037037035,0.16,1.0,0.2,0.36363636363636365,0.18181818181818182,0.5,0.3181818181818182,0.0,0.21357142857142858,0.3773690476190476,0.25,0.125,0.21450000000000008,0.5324000000000001,0.18867924528301888,0.2830188679245283,0.10714285714285714,0.24074074074074073,0.3888888888888889,0.13559322033898305,0.7235772357723578,0.2383177570093458,0.45535714285714285,0.18303571428571427,0.4438202247191011,0.23595505617977527,0.03932584269662921,8.41764705882353,0.6352941176470588,7.623529411764705,0.19753086419753085,0.30930826899310593,0.18974477689447508,0.30930826899310593,1.0,,1.5,,,,,False,,0.5,,,,,False,,False
666176,Jo Adell,CLE,BAL,0,4.0,1,687064,Brandon Young,R,824792,6:35 PM ET,Camden Yards,1,1,0.1847246891651865,2026-09-08,824792,0.0,0,102.7,105.0,101.5,R,4,4,2,1,0,0,0,0,0,1,3,3,0,0,1,1,1,0.43733333333333335,0.506,1,1,1,1,1,0,0.23214285714285715,0.3125,0.7678571428571429,0.203125,0.27906976744186046,0.10714285714285714,0.015625,0.046875,0.07142857142857142,1.2666666666666666,0.8666666666666667,0.3181818181818182,0.18181818181818182,0.4772727272727273,0.18181818181818182,0.022727272727272728,0.3082142857142857,0.4562857142857143,0.11764705882352941,0.3,0.22225000000000011,0.2519166666666667,0.29310344827586204,0.43103448275862066,0.24615384615384617,0.24074074074074073,0.6111111111111112,0.288135593220339,0.7235772357723578,0.2383177570093458,0.45535714285714285,0.18303571428571427,0.4438202247191011,0.23595505617977527,0.03932584269662921,8.41764705882353,0.6352941176470588,7.623529411764705,0.19753086419753085,0.6573608255744019,0.38133470858440527,0.6573608255744019,1.2666666666666666,,1.5,,,,,False,,0.5,,,,,False,,False
608070,José Ramírez,CLE,BAL,0,3.0,1,687064,Brandon Young,R,824792,6:35 PM ET,Camden Yards,1,1,0.1847246891651865,2026-09-08,824792,0.0,0,102.7,105.0,101.5,R,3,3,0,0,0,0,0,0,0,0,0,3,0,0,2,0,1,0.167,0.17800000000000002,0,0,0,0,0,0,0.23076923076923078,0.27906976744186046,0.8717948717948718,0.11627906976744186,0.23529411764705882,0.10256410256410256,0.023255813953488372,0.023255813953488372,0.05128205128205128,0.8666666666666667,0.3333333333333333,0.2,0.2571428571428571,0.37142857142857144,0.2,0.0,0.23922777777777776,0.31612777777777784,0.18181818181818182,0.08333333333333333,0.07504999999999992,0.10320000000000014,0.2542372881355932,0.3728813559322034,0.2,0.3269230769230769,0.5,0.04838709677419355,0.7235772357723578,0.2383177570093458,0.45535714285714285,0.18303571428571427,0.4438202247191011,0.23595505617977527,0.03932584269662921,8.41764705882353,0.6352941176470588,7.623529411764705,0.19753086419753085,0.5648689796169428,0.28429265887645466,0.5648689796169428,0.8666666666666667,,1.5,,,,,False,,0.5,,,,,False,,False
663993,Nathaniel Lowe,CLE,BAL,0,5.0,1,687064,Brandon Young,R,824792,6:35 PM ET,Camden Yards,0,1,0.1847246891651865,2026-09-08,824792,0.0,0,102.7,105.0,101.5,L,1,1,1,0,0,1,0,0,0,0,4,1,0,1,1,0,0,0.266,0.847,1,0,1,1,0,0,0.2037037037037037,0.27419354838709675,0.7592592592592593,0.20967741935483872,0.23809523809523808,0.09259259259259259,0.016129032258064516,0.03225806451612903,0.05555555555555555,1.0666666666666667,0.8666666666666667,0.32558139534883723,0.3488372093023256,0.32558139534883723,0.23255813953488372,0.023255813953488372,0.37665111111111116,0.4895688888888889,0.1875,0.2631578947368421,0.4617333333333332,0.6003666666666666,0.2037037037037037,0.2962962962962963,0.20967741935483872,0.17777777777777778,0.4444444444444444,0.16,0.7235772357723578,0.2383177570093458,0.45535714285714285,0.18303571428571427,0.4438202247191011,0.23595505617977527,0.03932584269662921,8.41764705882353,0.6352941176470588,7.623529411764705,0.19753086419753085,0.6444426857865312,0.3748841712441114,0.6444426857865312,1.0666666666666667,,1.5,,,,,False,,0.5,,,,,False,,False
672275,Patrick Bailey,CLE,BAL,0,7.0,1,687064,Brandon Young,R,824792,6:35 PM ET,Camden Yards,1,1,0.1847246891651865,2026-09-08,824792,0.0,0,102.7,105.0,101.5,R,1,1,0,0,0,0,0,0,0,0,0,1,0,0,1,0,0,0.011,0.011,0,0,0,0,0,0,0.34615384615384615,0.46875,0.7307692307692307,0.21875,0.4117647058823529,0.2692307692307692,0.0625,0.03125,0.11538461538461539,1.0666666666666667,0.4666666666666667,0.5263157894736842,0.3684210526315789,0.2631578947368421,0.3684210526315789,0.0,0.4463333333333333,0.9474666666666668,0.125,0.3333333333333333,0.15088888888888882,0.17677777777777806,0.28888888888888886,0.4666666666666667,0.28846153846153844,0.16666666666666666,0.30952380952380953,0.2765957446808511,0.7235772357723578,0.2383177570093458,0.45535714285714285,0.18303571428571427,0.4438202247191011,0.23595505617977527,0.03932584269662921,8.41764705882353,0.6352941176470588,7.623529411764705,0.19753086419753085,0.48288435358899046,0.3405443794954394,0.48288435358899046,1.0666666666666667,,1.5,,,,,False,,0.5,,,,,False,,False
690984,Petey Halpin,CLE,BAL,0,8.0,1,687064,Brandon Young,R,824792,6:35 PM ET,Camden Yards,0,1,0.1847246891651865,2026-09-08,824792,0.0,0,102.7,105.0,101.5,L,3,3,0,0,0,0,0,0,0,1,0,2,0,1,0,2,0,0.363,0.403,0,0,0,0,1,0,0.21951219512195122,0.2727272727272727,0.7804878048780488,0.1956521739130435,0.25806451612903225,0.0975609756097561,0.021739130434782608,0.021739130434782608,0.04878048780487805,0.8666666666666667,0.6,0.23529411764705882,0.23529411764705882,0.3235294117647059,0.23529411764705882,0.029411764705882353,0.2991011904761905,0.42125,0.1111111111111111,0.2,0.09666666666666662,0.12608333333333333,0.2553191489361702,0.3404255319148936,0.16,0.10344827586206896,0.10344827586206896,0.21212121212121213,0.7235772357723578,0.2383177570093458,0.45535714285714285,0.18303571428571427,0.4438202247191011,0.23595505617977527,0.03932584269662921,8.41764705882353,0.6352941176470588,7.623529411764705,0.19753086419753085,0.5445295413056583,0.28708315917340915,0.5445295413056583,0.8666666666666667,,1.5,,,,,False,,0.5,,,,,False,,False
680757,Steven Kwan,CLE,BAL,0,1.0,1,687064,Brandon Young,R,824792,6:35 PM ET,Camden Yards,0,1,0.1847246891651865,2026-09-08,824792,0.0,0,102.7,105.0,101.5,L,4,4,2,0,0,0,0,0,0,0,2,4,0,0,1,2,1,0.38575,0.44825,1,1,1,1,0,0,0.31746031746031744,0.3582089552238806,0.8888888888888888,0.1044776119402985,0.35714285714285715,0.06349206349206349,0.0,0.05970149253731343,0.06349206349206349,1.6,0.4666666666666667,0.14285714285714285,0.30357142857142855,0.48214285714285715,0.19642857142857142,0.0,0.3000711111111111,0.3876455555555555,0.25,0.13636363636363635,0.3254166666666666,0.4311366666666666,0.29508196721311475,0.32786885245901637,0.07246376811594203,0.35714285714285715,0.4107142857142857,0.13432835820895522,0.7235772357723578,0.2383177570093458,0.45535714285714285,0.18303571428571427,0.4438202247191011,0.23595505617977527,0.03932584269662921,8.41764705882353,0.6352941176470588,7.623529411764705,0.19753086419753085,0.7019039888766433,0.4181124116567671,0.7019039888766433,1.6,,1.5,,,,,False,,0.5,,,,,False,,False
683953,Travis Bazzana,CLE,BAL,0,2.0,1,687064,Brandon Young,R,824792,6:35 PM ET,Camden Yards,0,1,0.1847246891651865,2026-09-08,824792,0.0,0,102.7,105.0,101.5,L,4,4,2,1,0,0,0,0,0,0,3,4,0,0,1,2,1,0.3175,0.38425000000000004,1,1,1,1,0,0,0.2857142857142857,0.3392857142857143,0.8571428571428571,0.125,0.3023255813953488,0.12244897959183673,0.017857142857142856,0.05357142857142857,0.08163265306122448,1.3333333333333333,0.4666666666666667,0.36363636363636365,0.25,0.38636363636363635,0.2727272727272727,0.022727272727272728,0.2628522222222222,0.4069444444444444,0.36363636363636365,0.07692307692307693,0.255,0.47743333333333327,0.3,0.42,0.15789473684210525,0.18867924528301888,0.24528301886792453,0.21875,0.7235772357723578,0.2383177570093458,0.45535714285714285,0.18303571428571427,0.4438202247191011,0.23595505617977527,0.03932584269662921,8.41764705882353,0.6352941176470588,7.623529411764705,0.19753086419753085,0.6613191278420764,0.4009191477947219,0.6613191278420764,1.3333333333333333,,1.5,,,,,False,,0.5,,,,,False,,False
814430,Brett Callahan,DET,MIN,1,6.0,1,665152,Dean Kremer,R,824228,6:40 PM ET,Comerica Park,0,1,0.2733812949640288,2026-09-08,824228,0.0,0,97.6,97.8,106.5,L,4,4,0,0,0,0,0,0,0,4,0,0,0,0,0,0,0,0.5815,1.938,0,0,0,0,1,1,0.2571428571428571,0.3076923076923077,0.6571428571428571,0.3076923076923077,0.34782608695652173,0.17142857142857143,0.02564102564102564,0.02564102564102564,0.08571428571428572,1.0,0.8,0.5,0.25,0.375,0.2916666666666667,0.041666666666666664,0.40018055555555554,0.6570972222222222,0.18181818181818182,0.4166666666666667,0.27394444444444443,0.7549999999999999,0.2571428571428571,0.42857142857142855,0.3076923076923077,,,,0.6972477064220184,0.20765027322404372,0.5,0.24742268041237114,0.375,0.3223684210526316,0.019736842105263157,6.703448275862068,1.675862068965517,8.56551724137931,0.23958333333333334,0.5540034904185757,0.298334237772343,0.5540034904185757,1.0,,1.5,,,,,False,,0.5,,,,,False,,False
690993,Colt Keith,DET,MIN,1,3.0,1,665152,Dean Kremer,R,824228,6:40 PM ET,Comerica Park,0,1,0.2733812949640288,2026-09-08,824228,0.0,0,97.6,97.8,106.5,L,3,2,0,0,0,0,0,1,0,2,0,0,0,0,0,0,0,0.6185,0.706,0,0,0,0,1,1,0.17142857142857143,0.2926829268292683,0.6571428571428571,0.2926829268292683,0.2608695652173913,0.02857142857142857,0.0,0.024390243902439025,0.02857142857142857,0.4666666666666667,0.8,0.43478260869565216,0.391304347826087,0.43478260869565216,0.13043478260869565,0.0,0.44697435897435894,0.5970769230769231,0.2727272727272727,0.4166666666666667,0.4335,0.4896250000000001,0.17142857142857143,0.2,0.2926829268292683,0.2653061224489796,0.30612244897959184,0.2777777777777778,0.6972477064220184,0.20765027322404372,0.5,0.24742268041237114,0.375,0.3223684210526316,0.019736842105263157,6.703448275862068,1.675862068965517,8.56551724137931,0.23958333333333334,0.4859967992778789,0.24152119798637428,0.4859967992778789,0.4666666666666667,,1.5,,,,,False,,0.5,,,,,False,,False
680664,Eduardo Valencia,DET,MIN,1,5.0,1,665152,Dean Kremer,R,824228,6:40 PM ET,Comerica Park,1,1,0.2733812949640288,2026-09-08,824228,0.0,0,97.6,97.8,106.5,R,1,1,0,0,0,0,0,0,0,0,0,1,0,0,0,1,0,0.283,0.31,0,0,0,0,0,0,0.24,0.2549019607843137,0.68,0.3137254901960784,0.3125,0.2,0.0392156862745098,0.0784313725490196,0.12,1.4666666666666666,1.0666666666666667,0.35294117647058826,0.20588235294117646,0.5,0.14705882352941177,0.029411764705882353,0.2968166666666667,0.5144583333333334,0.2222222222222222,0.2777777777777778,0.44167083333333335,0.6579375,0.32608695652173914,0.5869565217391305,0.2708333333333333,0.2894736842105263,0.631578947368421,0.2894736842105263,0.6972477064220184,0.20765027322404372,0.5,0.24742268041237114,0.375,0.3223684210526316,0.019736842105263157,6.703448275862068,1.675862068965517,8.56551724137931,0.23958333333333334,0.6031572922981497,0.3183732119752085,0.6031572922981497,1.4666666666666666,,1.5,,,,,False,,0.5,,,,,False,,False
650402,Gleyber Torres,DET,MIN,1,2.0,1,665152,Dean Kremer,R,824228,6:40 PM ET,Comerica Park,1,1,0.2733812949640288,2026-09-08,824228,0.0,0,97.6,97.8,106.5,R,4,4,1,0,0,0,0,0,0,2,1,2,0,1,0,2,0,0.24000000000000002,0.249,1,0,1,0,1,1,0.26785714285714285,0.32786885245901637,0.7678571428571429,0.21311475409836064,0.3488372093023256,0.03571428571428571,0.0,0.03278688524590164,0.03571428571428571,1.1333333333333333,0.8666666666666667,0.3488372093023256,0.27906976744186046,0.4883720930232558,0.18604651162790697,0.023255813953488372,0.3671880952380952,0.4685845238095238,0.4375,0.2631578947368421,0.5309583333333332,0.6144791666666666,0.21311475409836064,0.22950819672131148,0.10606060606060606,0.3018867924528302,0.4339622641509434,0.2222222222222222,0.6972477064220184,0.20765027322404372,0.5,0.24742268041237114,0.375,0.3223684210526316,0.019736842105263157,6.703448275862068,1.675862068965517,8.56551724137931,0.23958333333333334,0.6513567908795229,0.3972058328833766,0.6513567908795229,1.1333333333333333,,1.5,,,,,False,,0.5,,,,,False,,False
701678,Hao-Yu Lee,DET,MIN,1,8.0,1,665152,Dean Kremer,R,824228,6:40 PM ET,Comerica Park,1,1,0.2733812949640288,2026-09-08,824228,0.0,0,97.6,97.8,106.5,R,4,3,0,0,0,0,1,0,0,2,0,1,0,0,0,0,0,0.011,0.019,0,0,0,0,1,1,0.21153846153846154,0.29310344827586204,0.7115384615384616,0.25862068965517243,0.2571428571428571,0.15384615384615385,0.034482758620689655,0.034482758620689655,0.07692307692307693,1.2666666666666666,1.0,0.5405405405405406,0.21621621621621623,0.40540540540540543,0.2702702702702703,0.10810810810810811,0.32613205128205125,0.6499551282051281,0.16666666666666666,0.38095238095238093,0.2747083333333334,0.39408333333333334,0.3404255319148936,0.6595744680851063,0.19642857142857142,0.2222222222222222,0.2777777777777778,0.1794871794871795,0.6972477064220184,0.20765027322404372,0.5,0.24742268041237114,0.375,0.3223684210526316,0.019736842105263157,6.703448275862068,1.675862068965517,8.56551724137931,0.23958333333333334,0.610739674114487,0.3469649901018453,0.610739674114487,1.2666666666666666,,1.5,,,,,False,,0.5,,,,,False,,False
805808,Kevin McGonigle,DET,MIN,1,1.0,1,665152,Dean Kremer,R,824228,6:40 PM ET,Comerica Park,0,1,0.2733812949640288,2026-09-08,824228,0.0,0,97.6,97.8,106.5,L,4,4,1,0,0,1,0,0,0,0,4,4,0,1,1,2,0,0.3605,1.08575,1,0,1,1,0,0,0.1864406779661017,0.2835820895522388,0.8813559322033898,0.1044776119402985,0.19607843137254902,0.1016949152542373,0.014925373134328358,0.04477611940298507,0.06779661016949153,1.1333333333333333,0.4666666666666667,0.36538461538461536,0.19230769230769232,0.38461538461538464,0.34615384615384615,0.019230769230769232,0.28531,0.5386622222222222,0.2,0.125,0.20368,0.24258666666666673,0.21875,0.375,0.14492753623188406,0.16071428571428573,0.23214285714285715,0.17647058823529413,0.6972477064220184,0.20765027322404372,0.5,0.24742268041237114,0.375,0.3223684210526316,0.019736842105263157,6.703448275862068,1.675862068965517,8.56551724137931,0.23958333333333334,0.669038806050423,0.4146586937923324,0.669038806050423,1.1333333333333333,,1.5,,,,,False,,0.5,,,,,False,,False
703601,Max Clark,DET,MIN,1,7.0,1,665152,Dean Kremer,R,824228,6:40 PM ET,Comerica Park,0,1,0.2733812949640288,2026-09-08,824228,0.0,0,97.6,97.8,106.5,L,4,3,1,0,0,0,1,0,0,2,1,1,0,1,0,0,1,0.834,0.967,1,0,1,0,1,1,0.23404255319148937,0.32075471698113206,0.7446808510638298,0.21818181818181817,0.29411764705882354,0.19148936170212766,0.01818181818181818,0.07272727272727272,0.1276595744680851,1.3333333333333333,0.8,0.4594594594594595,0.35135135135135137,0.40540540540540543,0.1891891891891892,0.0,0.36622777777777776,0.48774999999999996,0.3684210526315789,0.2727272727272727,0.35585000000000006,0.41661666666666664,0.2641509433962264,0.41509433962264153,0.16363636363636364,0.3,0.5,0.12244897959183673,0.6972477064220184,0.20765027322404372,0.5,0.24742268041237114,0.375,0.3223684210526316,0.019736842105263157,6.703448275862068,1.675862068965517,8.56551724137931,0.23958333333333334,0.5686614590911003,0.33303705719532184,0.5686614590911003,1.3333333333333333,,1.5,,,,,False,,0.5,,,,,False,,False
682985,Riley Greene,DET,MIN,1,4.0,1,665152,Dean Kremer,R,824228,6:40 PM ET,Comerica Park,0,1,0.2733812949640288,2026-09-08,824228,0.0,0,97.6,97.8,106.5,L,4,4,3,0,0,1,0,0,0,0,6,4,0,1,1,1,2,0.5515,1.2550000000000001,1,1,1,1,0,0,0.22413793103448276,0.3283582089552239,0.6379310344827587,0.31343283582089554,0.29411764705882354,0.2413793103448276,0.04477611940298507,0.07462686567164178,0.13793103448275862,1.8,1.4,0.2702702702702703,0.2702702702702703,0.32432432432432434,0.3783783783783784,0.02702702702702703,0.33522619047619046,0.6420654761904762,0.3181818181818182,0.30434782608695654,0.4528,1.0831166666666667,0.19642857142857142,0.32142857142857145,0.30158730158730157,0.20754716981132076,0.37735849056603776,0.19047619047619047,0.6972477064220184,0.20765027322404372,0.5,0.24742268041237114,0.375,0.3223684210526316,0.019736842105263157,6.703448275862068,1.675862068965517,8.56551724137931,0.23958333333333334,0.6068780267310547,0.3829507027230919,0.6068780267310547,1.8,,1.5,,,,,False,,0.5,,,,,False,,False
656716,Zach McKinstry,DET,MIN,1,9.0,1,665152,Dean Kremer,R,824228,6:40 PM ET,Comerica Park,0,1,0.2733812949640288,2026-09-08,824228,0.0,0,97.6,97.8,106.5,L,3,3,1,0,1,0,0,0,0,0,3,3,0,0,2,0,1,0.3113333333333333,0.3986666666666667,1,0,1,1,0,0,0.16666666666666666,0.23076923076923078,0.7291666666666666,0.25,0.22857142857142856,0.041666666666666664,0.0,0.038461538461538464,0.041666666666666664,0.6666666666666666,0.8666666666666667,0.17142857142857143,0.2857142857142857,0.45714285714285713,0.22857142857142856,0.0,0.2385777777777778,0.2993888888888889,0.10526315789473684,0.3157894736842105,0.3218,0.37348333333333344,0.175,0.225,0.20454545454545456,0.17307692307692307,0.17307692307692307,0.18333333333333332,0.6972477064220184,0.20765027322404372,0.5,0.24742268041237114,0.375,0.3223684210526316,0.019736842105263157,6.703448275862068,1.675862068965517,8.56551724137931,0.23958333333333334,0.48920372227483755,0.2637147868279944,0.48920372227483755,0.6666666666666666,,1.5,,,,,False,,0.5,,,,,False,,False
686797,Brooks Lee,MIN,DET,0,2.0,1,623454,Drew Anderson,R,824228,6:40 PM ET,Comerica Park,1,1,0.1827768014059754,2026-09-08,824228,0.0,0,97.6,97.8,106.5,R,1,1,0,0,0,0,0,0,0,0,0,1,0,0,1,0,0,0.069,0.2,0,0,0,0,0,0,0.2777777777777778,0.2894736842105263,0.8888888888888888,0.10526315789473684,0.28125,0.1111111111111111,0.02631578947368421,0.02631578947368421,0.05555555555555555,0.9333333333333333,0.26666666666666666,0.45454545454545453,0.2727272727272727,0.3333333333333333,0.3333333333333333,0.030303030303030304,0.2998190476190476,0.606604761904762,0.4,0.09090909090909091,0.37683333333333324,1.0063666666666664,0.22950819672131148,0.4262295081967213,0.12903225806451613,0.21428571428571427,0.39285714285714285,0.22033898305084745,0.6890756302521008,0.21359223300970873,0.3925233644859813,0.14953271028037382,0.45121951219512196,0.3170731707317073,0.06097560975609756,11.36842105263158,2.1315789473684212,12.789473684210527,0.29508196721311475,0.535094924178368,0.2978114213722596,0.535094924178368,0.9333333333333333,,1.5,,,,,False,,0.5,,,,,False,,False
605137,Josh Bell,MIN,DET,0,5.0,1,623454,Drew Anderson,R,824228,6:40 PM ET,Comerica Park,0,1,0.1827768014059754,2026-09-08,824228,0.0,0,97.6,97.8,106.5,L,5,4,0,0,0,0,1,0,0,0,0,4,1,2,1,3,0,0.22849999999999998,0.49175,0,0,0,0,0,0,0.3333333333333333,0.3783783783783784,0.7878787878787878,0.1891891891891892,0.38461538461538464,0.12121212121212122,0.02702702702702703,0.02702702702702703,0.06060606060606061,1.0,0.4666666666666667,0.48148148148148145,0.2962962962962963,0.37037037037037035,0.2962962962962963,0.037037037037037035,0.4239694444444444,0.6158319444444444,0.4,0.18181818181818182,0.34725000000000006,0.8138124999999997,0.2857142857142857,0.4107142857142857,0.16923076923076924,0.3148148148148148,0.5,0.07936507936507936,0.6890756302521008,0.21359223300970873,0.3925233644859813,0.14953271028037382,0.45121951219512196,0.3170731707317073,0.06097560975609756,11.36842105263158,2.1315789473684212,12.789473684210527,0.29508196721311475,0.47936432972188897,0.2661899347641116,0.47936432972188897,1.0,,1.5,,,,,False,,0.5,,,,,False,,False
701785,Kaelen Culpepper,MIN,DET,0,8.0,1,623454,Drew Anderson,R,824228,6:40 PM ET,Comerica Park,1,1,0.1827768014059754,2026-09-08,824228,0.0,0,97.6,97.8,106.5,R,4,4,2,0,0,0,0,0,0,0,2,4,0,3,0,2,1,0.38175000000000003,0.4415,1,1,1,1,0,0,0.2857142857142857,0.3333333333333333,0.8392857142857143,0.15,0.3111111111111111,0.17857142857142858,0.03333333333333333,0.06666666666666667,0.10714285714285714,1.7333333333333334,0.6,0.23404255319148937,0.19148936170212766,0.44680851063829785,0.2765957446808511,0.0425531914893617,0.28765444444444443,0.4540866666666667,0.23809523809523808,0.13636363636363635,0.2518266666666667,0.31767333333333336,0.3333333333333333,0.42592592592592593,0.15517241379310345,0.21875,0.46875,0.2972972972972973,0.6890756302521008,0.21359223300970873,0.3925233644859813,0.14953271028037382,0.45121951219512196,0.3170731707317073,0.06097560975609756,11.36842105263158,2.1315789473684212,12.789473684210527,0.29508196721311475,0.5934017667525562,0.3220993261586474,0.5934017667525562,1.7333333333333334,,1.5,,,,,False,,0.5,,,,,False,,False
665019,Kody Clemens,MIN,DET,0,3.0,1,623454,Drew Anderson,R,824228,6:40 PM ET,Comerica Park,0,1,0.1827768014059754,2026-09-08,824228,0.0,0,97.6,97.8,106.5,L,5,4,1,0,0,0,1,0,0,2,1,2,0,1,1,1,0,0.333,0.38949999999999996,1,0,1,0,1,1,0.25,0.3333333333333333,0.75,0.21666666666666667,0.2702702702702703,0.21153846153846154,0.05,0.0,0.07692307692307693,1.6,0.8666666666666667,0.55,0.275,0.35,0.35,0.05,0.40333888888888886,0.8903611111111112,0.23529411764705882,0.14285714285714285,0.33988333333333326,0.6824833333333333,0.25,0.5769230769230769,0.24193548387096775,0.29310344827586204,0.5,0.23333333333333334,0.6890756302521008,0.21359223300970873,0.3925233644859813,0.14953271028037382,0.45121951219512196,0.3170731707317073,0.06097560975609756,11.36842105263158,2.1315789473684212,12.789473684210527,0.29508196721311475,0.6319923092054903,0.3596297584403573,0.6319923092054903,1.6,,1.5,,,,,False,,0.5,,,,,False,,False
807712,Luke Keaschall,MIN,DET,0,1.0,1,623454,Drew Anderson,R,824228,6:40 PM ET,Comerica Park,1,1,0.1827768014059754,2026-09-08,824228,0.0,0,97.6,97.8,106.5,R,5,2,1,0,0,0,2,1,0,0,1,2,0,1,1,1,0,0.21350000000000002,0.4615,1,0,1,0,0,0,0.2903225806451613,0.36231884057971014,0.8548387096774194,0.13043478260869565,0.3137254901960784,0.1774193548387097,0.028985507246376812,0.07246376811594203,0.11290322580645161,1.9333333333333333,0.6,0.32075471698113206,0.24528301886792453,0.3584905660377358,0.3018867924528302,0.018867924528301886,0.2907911111111111,0.4936688888888889,0.22727272727272727,0.125,0.2787466666666667,0.4538266666666666,0.3333333333333333,0.55,0.11764705882352941,0.3090909090909091,0.4,0.171875,0.6890756302521008,0.21359223300970873,0.3925233644859813,0.14953271028037382,0.45121951219512196,0.3170731707317073,0.06097560975609756,11.36842105263158,2.1315789473684212,12.789473684210527,0.29508196721311475,0.6820609982461848,0.379507251447705,0.6820609982461848,1.9333333333333333,,1.5,,,,,False,,0.5,,,,,False,,False
668904,Royce Lewis,MIN,DET,0,6.0,1,623454,Drew Anderson,R,824228,6:40 PM ET,Comerica Park,1,1,0.1827768014059754,2026-09-08,824228,0.0,0,97.6,97.8,106.5,R,4,4,0,0,0,0,0,0,0,1,0,3,0,0,0,1,1,0.20233333333333334,0.217,0,0,0,0,1,0,0.21428571428571427,0.25,0.8214285714285714,0.16666666666666666,0.2391304347826087,0.08928571428571429,0.016666666666666666,0.03333333333333333,0.05357142857142857,1.1333333333333333,0.6666666666666666,0.3191489361702128,0.14893617021276595,0.3191489361702128,0.3617021276595745,0.02127659574468085,0.2886033333333334,0.4418366666666667,0.35,0.22727272727272727,0.30365000000000003,0.6121,0.18181818181818182,0.2727272727272727,0.2,0.2909090909090909,0.36363636363636365,0.26229508196721313,0.6890756302521008,0.21359223300970873,0.3925233644859813,0.14953271028037382,0.45121951219512196,0.3170731707317073,0.06097560975609756,11.36842105263158,2.1315789473684212,12.789473684210527,0.29508196721311475,0.6585913901375581,0.35059918321272504,0.6585913901375581,1.1333333333333333,,1.5,,,,,False,,0.5,,,,,False,,False
680777,Ryan Jeffers,MIN,DET,0,4.0,1,623454,Drew Anderson,R,824228,6:40 PM ET,Comerica Park,1,1,0.1827768014059754,2026-09-08,824228,0.0,0,97.6,97.8,106.5,R,5,4,0,0,0,0,0,1,0,1,0,3,1,1,1,1,1,0.47300000000000003,1.3573333333333333,0,0,0,0,1,0,0.21153846153846154,0.29310344827586204,0.8269230769230769,0.15517241379310345,0.1794871794871795,0.3269230769230769,0.06896551724137931,0.05172413793103448,0.15384615384615385,1.8666666666666667,0.6,0.4186046511627907,0.27906976744186046,0.3953488372093023,0.2558139534883721,0.046511627906976744,0.3044226190476191,0.6025154761904761,0.2,0.14285714285714285,0.34949,0.6542166666666664,0.2641509433962264,0.5660377358490566,0.1896551724137931,0.21153846153846154,0.38461538461538464,0.18032786885245902,0.6890756302521008,0.21359223300970873,0.3925233644859813,0.14953271028037382,0.45121951219512196,0.3170731707317073,0.06097560975609756,11.36842105263158,2.1315789473684212,12.789473684210527,0.29508196721311475,0.6085863436618433,0.338788025384992,0.6085863436618433,1.8666666666666667,,1.5,,,,,False,,0.5,,,,,False,,False
663616,Trevor Larnach,MIN,DET,0,7.0,1,623454,Drew Anderson,R,824228,6:40 PM ET,Comerica Park,0,1,0.1827768014059754,2026-09-08,824228,0.0,0,97.6,97.8,106.5,L,3,3,2,0,0,1,0,0,0,1,5,2,0,0,1,0,1,0.21000000000000002,0.34950000000000003,1,1,1,1,1,0,0.18181818181818182,0.23404255319148937,0.7272727272727273,0.2553191489361702,0.22580645161290322,0.13636363636363635,0.02127659574468085,0.06382978723404255,0.09090909090909091,0.9333333333333333,0.8,0.46875,0.34375,0.375,0.21875,0.0,0.32174358974358974,0.4333397435897436,0.16666666666666666,0.35714285714285715,0.3401111111111111,0.4823888888888889,0.21739130434782608,0.32608695652173914,0.2,0.2641509433962264,0.39622641509433965,0.2807017543859649,0.6890756302521008,0.21359223300970873,0.3925233644859813,0.14953271028037382,0.45121951219512196,0.3170731707317073,0.06097560975609756,11.36842105263158,2.1315789473684212,12.789473684210527,0.29508196721311475,0.5212144392359114,0.3064968767938243,0.5212144392359114,0.9333333333333333,,1.5,,,,,False,,0.5,,,,,False,,False
805805,Walker Jenkins,MIN,DET,0,9.0,1,623454,Drew Anderson,R,824228,6:40 PM ET,Comerica Park,0,1,0.1827768014059754,2026-09-08,824228,0.0,0,97.6,97.8,106.5,L,4,3,1,1,0,0,0,1,0,0,2,3,0,3,1,1,1,0.38066666666666665,0.729,1,0,1,1,0,0,0.11538461538461539,0.25806451612903225,0.6923076923076923,0.25806451612903225,0.11764705882352941,0.15384615384615385,0.03225806451612903,0.03225806451612903,0.07692307692307693,0.875,1.0,0.2777777777777778,0.2222222222222222,0.4444444444444444,0.2222222222222222,0.0,0.22604166666666667,0.3361354166666667,0.058823529411764705,0.3333333333333333,0.2013333333333333,0.24501666666666666,0.08695652173913043,0.2608695652173913,0.25925925925925924,,,,0.6890756302521008,0.21359223300970873,0.3925233644859813,0.14953271028037382,0.45121951219512196,0.3170731707317073,0.06097560975609756,11.36842105263158,2.1315789473684212,12.789473684210527,0.29508196721311475,0.39138534635738836,0.1522973502681489,0.39138534635738836,0.875,,1.5,,,,,False,,0.5,,,,,False,,False
664761,Alec Bohm,PHI,HOU,1,5.0,1,669713,Hayden Wesneski,R,823414,6:40 PM ET,Citizens Bank Park,1,1,0.18294849023090587,2026-09-08,823414,0.0,0,103.7,104.6,118.0,R,3,2,0,0,0,0,1,0,0,1,0,1,0,1,0,0,1,0.594,0.864,0,0,0,0,1,0,0.2857142857142857,0.36507936507936506,0.8035714285714286,0.1746031746031746,0.3409090909090909,0.16071428571428573,0.015873015873015872,0.06349206349206349,0.10714285714285714,1.6666666666666667,0.7333333333333333,0.4888888888888889,0.24444444444444444,0.4222222222222222,0.28888888888888886,0.022222222222222223,0.32846111111111115,0.5548766666666667,0.2777777777777778,0.23809523809523808,0.3710666666666666,0.7976000000000001,0.3157894736842105,0.45614035087719296,0.140625,0.4166666666666667,0.6833333333333333,0.13846153846153847,0.7136363636363636,0.23036649214659685,0.4444444444444444,0.18686868686868688,0.40764331210191085,0.24203821656050956,0.050955414012738856,8.694915254237289,1.8305084745762712,9.152542372881358,0.24539877300613497,0.66203619350886,0.4093825075922941,0.66203619350886,1.6666666666666667,,1.5,,,,,False,,0.5,,,,,False,,False
669016,Brandon Marsh,PHI,HOU,1,7.0,1,669713,Hayden Wesneski,R,823414,6:40 PM ET,Citizens Bank Park,0,1,0.18294849023090587,2026-09-08,823414,0.0,0,103.7,104.6,118.0,L,3,3,1,0,0,0,0,0,0,0,1,3,0,1,2,0,1,0.216,0.263,1,0,1,0,0,0,0.20512820512820512,0.2619047619047619,0.7692307692307693,0.21428571428571427,0.26666666666666666,0.02564102564102564,0.0,0.023809523809523808,0.02564102564102564,0.6,0.6,0.23333333333333334,0.23333333333333334,0.4666666666666667,0.23333333333333334,0.03333333333333333,0.24429166666666666,0.39901190476190473,0.0,0.16666666666666666,0.1819,0.2391333333333336,0.20512820512820512,0.23076923076923078,0.21428571428571427,0.22950819672131148,0.4098360655737705,0.3125,0.7136363636363636,0.23036649214659685,0.4444444444444444,0.18686868686868688,0.40764331210191085,0.24203821656050956,0.050955414012738856,8.694915254237289,1.8305084745762712,9.152542372881358,0.24539877300613497,0.5653032703151532,0.27720214417017436,0.5653032703151532,0.6,,1.5,,,,,False,,0.5,,,,,False,,False
547180,Bryce Harper,PHI,HOU,1,3.0,1,669713,Hayden Wesneski,R,823414,6:40 PM ET,Citizens Bank Park,0,1,0.18294849023090587,2026-09-08,823414,0.0,0,103.7,104.6,118.0,L,3,2,0,0,0,0,1,0,0,1,0,1,0,1,0,1,0,0.514,0.578,0,0,0,0,1,0,0.375,0.46153846153846156,0.7142857142857143,0.24615384615384617,0.5,0.19642857142857142,0.03076923076923077,0.07692307692307693,0.125,2.1333333333333333,1.0666666666666667,0.425,0.425,0.325,0.225,0.05,0.45485555555555557,0.768261111111111,0.3888888888888889,0.2857142857142857,0.46699999999999997,0.60045,0.3404255319148936,0.425531914893617,0.15384615384615385,0.2786885245901639,0.4918032786885246,0.31343283582089554,0.7136363636363636,0.23036649214659685,0.4444444444444444,0.18686868686868688,0.40764331210191085,0.24203821656050956,0.050955414012738856,8.694915254237289,1.8305084745762712,9.152542372881358,0.24539877300613497,0.6765467513431375,0.39382790445236204,0.6765467513431375,2.1333333333333333,,1.5,,,,,False,,0.5,,,,,False,,False
681082,Bryson Stott,PHI,HOU,1,6.0,1,669713,Hayden Wesneski,R,823414,6:40 PM ET,Citizens Bank Park,0,1,0.18294849023090587,2026-09-08,823414,0.0,0,103.7,104.6,118.0,L,3,3,0,0,0,0,0,0,0,1,0,2,0,2,1,0,1,0.6415,1.8345,0,0,0,0,1,0,0.1509433962264151,0.19298245614035087,0.7735849056603774,0.21052631578947367,0.17073170731707318,0.09433962264150944,0.017543859649122806,0.03508771929824561,0.05660377358490566,0.8666666666666667,0.8,0.2619047619047619,0.23809523809523808,0.4523809523809524,0.2619047619047619,0.023809523809523808,0.2713055555555556,0.4173,0.1111111111111111,0.1,0.30910000000000004,0.5656333333333333,0.2037037037037037,0.2777777777777778,0.13559322033898305,0.2641509433962264,0.4528301886792453,0.1774193548387097,0.7136363636363636,0.23036649214659685,0.4444444444444444,0.18686868686868688,0.40764331210191085,0.24203821656050956,0.050955414012738856,8.694915254237289,1.8305084745762712,9.152542372881358,0.24539877300613497,0.610891727597955,0.3230070549722229,0.610891727597955,0.8666666666666667,,1.5,,,,,False,,0.5,,,,,False,,False
592663,J.T. Realmuto,PHI,HOU,1,8.0,1,669713,Hayden Wesneski,R,823414,6:40 PM ET,Citizens Bank Park,1,1,0.18294849023090587,2026-09-08,823414,0.0,0,103.7,104.6,118.0,R,3,3,0,0,0,0,0,0,0,3,0,0,0,0,0,0,0,0.003,0.003,0,0,0,0,1,1,0.22448979591836735,0.3275862068965517,0.7959183673469388,0.1724137931034483,0.23684210526315788,0.1836734693877551,0.034482758620689655,0.05172413793103448,0.10204081632653061,1.3333333333333333,0.6666666666666666,0.4,0.225,0.4,0.2,0.075,0.3092777777777778,0.4945222222222222,0.1875,0.21052631578947367,0.24481666666666677,0.52095,0.18518518518518517,0.2962962962962963,0.1864406779661017,0.27450980392156865,0.39215686274509803,0.15,0.7136363636363636,0.23036649214659685,0.4444444444444444,0.18686868686868688,0.40764331210191085,0.24203821656050956,0.050955414012738856,8.694915254237289,1.8305084745762712,9.152542372881358,0.24539877300613497,0.5839817939397447,0.3183732119752085,0.5839817939397447,1.3333333333333333,,1.5,,,,,False,,0.5,,,,,False,,False
702222,Justin Crawford,PHI,HOU,1,9.0,1,669713,Hayden Wesneski,R,823414,6:40 PM ET,Citizens Bank Park,0,1,0.18294849023090587,2026-09-08,823414,0.0,0,103.7,104.6,118.0,L,3,3,0,0,0,0,0,0,0,1,0,2,0,1,0,2,0,0.14150000000000001,0.1525,0,0,0,0,1,0,0.23684210526315788,0.3023255813953488,0.868421052631579,0.11363636363636363,0.2647058823529412,0.0,0.0,0.0,0.0,0.6,0.3333333333333333,0.45714285714285713,0.14285714285714285,0.7428571428571429,0.08571428571428572,0.0,0.25454166666666667,0.30932738095238094,0.18181818181818182,0.2727272727272727,0.20470833333333333,0.262625,0.23684210526315788,0.23684210526315788,0.11363636363636363,0.25,0.3125,0.2647058823529412,0.7136363636363636,0.23036649214659685,0.4444444444444444,0.18686868686868688,0.40764331210191085,0.24203821656050956,0.050955414012738856,8.694915254237289,1.8305084745762712,9.152542372881358,0.24539877300613497,0.42509992907475264,0.1584237193162569,0.42509992907475264,0.6,,1.5,,,,,False,,0.5,,,,,False,,False
656941,Kyle Schwarber,PHI,HOU,1,1.0,1,669713,Hayden Wesneski,R,823414,6:40 PM ET,Citizens Bank Park,0,1,0.18294849023090587,2026-09-08,823414,0.0,0,103.7,104.6,118.0,L,4,4,2,0,0,1,0,0,0,1,5,3,1,2,2,1,0,0.5323333333333333,1.5126666666666668,1,1,1,1,1,0,0.21052631578947367,0.3188405797101449,0.7368421052631579,0.21739130434782608,0.1794871794871795,0.2982456140350877,0.07246376811594203,0.028985507246376812,0.12280701754385964,1.9333333333333333,1.0,0.4090909090909091,0.25,0.4318181818181818,0.25,0.045454545454545456,0.33569444444444446,0.6950777777777778,0.17647058823529413,0.22727272727272727,0.383,0.8069333333333335,0.16129032258064516,0.45161290322580644,0.27941176470588236,0.25925925925925924,0.4444444444444444,0.29411764705882354,0.7136363636363636,0.23036649214659685,0.4444444444444444,0.18686868686868688,0.40764331210191085,0.24203821656050956,0.050955414012738856,8.694915254237289,1.8305084745762712,9.152542372881358,0.24539877300613497,0.6554147484338159,0.3800479951618458,0.6554147484338159,1.9333333333333333,,1.5,,,,,False,,0.5,,,,,False,,False
650333,Luis Arraez,PHI,HOU,1,4.0,1,669713,Hayden Wesneski,R,823414,6:40 PM ET,Citizens Bank Park,0,1,0.18294849023090587,2026-09-08,823414,0.0,0,103.7,104.6,118.0,L,3,3,0,0,0,0,0,0,0,1,0,2,0,1,1,0,1,0.1655,0.36550000000000005,0,0,0,0,1,0,0.3076923076923077,0.3090909090909091,0.9807692307692307,0.01818181818181818,0.3018867924528302,0.038461538461538464,0.0,0.03636363636363636,0.038461538461538464,1.2,0.06666666666666667,0.11320754716981132,0.2641509433962264,0.37735849056603776,0.3018867924528302,0.018867924528301886,0.2849583333333333,0.3660940476190476,0.3684210526315789,0.047619047619047616,0.2603833333333334,0.3205333333333334,0.30357142857142855,0.39285714285714285,0.034482758620689655,0.41935483870967744,0.5,0.045454545454545456,0.7136363636363636,0.23036649214659685,0.4444444444444444,0.18686868686868688,0.40764331210191085,0.24203821656050956,0.050955414012738856,8.694915254237289,1.8305084745762712,9.152542372881358,0.24539877300613497,0.6616065353729397,0.34948733091951967,0.6616065353729397,1.2,,1.5,,,,,False,,0.5,,,,,False,,False
607208,Trea Turner,PHI,HOU,1,2.0,1,669713,Hayden Wesneski,R,823414,6:40 PM ET,Citizens Bank Park,1,1,0.18294849023090587,2026-09-08,823414,0.0,0,103.7,104.6,118.0,R,4,4,1,1,0,0,0,0,0,1,2,3,0,3,1,1,1,0.3606666666666667,0.664,1,0,1,1,1,0,0.1746031746031746,0.23529411764705882,0.7936507936507936,0.19117647058823528,0.22,0.047619047619047616,0.0,0.04411764705882353,0.047619047619047616,0.9333333333333333,0.8666666666666667,0.34,0.12,0.42,0.3,0.08,0.21677333333333335,0.34832555555555555,0.19047619047619047,0.13636363636363635,0.26623,0.46568000000000004,0.13793103448275862,0.1896551724137931,0.24242424242424243,0.31746031746031744,0.4444444444444444,0.14492753623188406,0.7136363636363636,0.23036649214659685,0.4444444444444444,0.18686868686868688,0.40764331210191085,0.24203821656050956,0.050955414012738856,8.694915254237289,1.8305084745762712,9.152542372881358,0.24539877300613497,0.6679834562960884,0.3771394772146955,0.6679834562960884,0.9333333333333333,,1.5,,,,,False,,0.5,,,,,False,,False
701358,Cam Smith,HOU,PHI,0,9.0,1,691725,Andrew Painter,R,823414,6:40 PM ET,Citizens Bank Park,1,1,0.22621184919210055,2026-09-08,823414,0.0,0,103.7,104.6,118.0,R,3,3,0,0,0,0,0,0,0,3,0,0,0,0,0,0,0,0.36466666666666664,0.7473333333333333,0,0,0,0,1,1,0.13953488372093023,0.17391304347826086,0.6976744186046512,0.2826086956521739,0.1935483870967742,0.16279069767441862,0.0,0.021739130434782608,0.09302325581395349,0.8666666666666667,0.8666666666666667,0.3548387096774194,0.3225806451612903,0.41935483870967744,0.16129032258064516,0.0,0.28925,0.3960416666666667,0.21428571428571427,0.26666666666666666,0.27335416666666656,0.3877083333333333,0.07142857142857142,0.19047619047619047,0.30434782608695654,0.19230769230769232,0.5384615384615384,0.2727272727272727,0.6744186046511628,0.21348314606741572,0.4627659574468085,0.2074468085106383,0.4413793103448276,0.25517241379310346,0.013793103448275862,11.465753424657533,2.219178082191781,6.287671232876712,0.15178571428571427,0.5132162943929747,0.207100275691825,0.5132162943929747,0.8666666666666667,,1.5,,,,,False,,0.5,,,,,False,,False
572233,Christian Walker,HOU,PHI,0,7.0,1,691725,Andrew Painter,R,823414,6:40 PM ET,Citizens Bank Park,1,1,0.22621184919210055,2026-09-08,823414,0.0,0,103.7,104.6,118.0,R,4,3,1,0,0,0,1,0,0,1,1,2,0,0,1,0,1,0.40700000000000003,0.4395,1,0,1,0,1,0,0.2,0.23728813559322035,0.7818181818181819,0.2033898305084746,0.23255813953488372,0.07272727272727272,0.01694915254237288,0.01694915254237288,0.03636363636363636,1.0,0.8,0.36363636363636365,0.20454545454545456,0.5,0.20454545454545456,0.0,0.2673777777777778,0.4030666666666667,0.17647058823529413,0.29411764705882354,0.19523333333333331,0.2654833333333336,0.15789473684210525,0.22807017543859648,0.3103448275862069,0.2826086956521739,0.4782608695652174,0.14035087719298245,0.6744186046511628,0.21348314606741572,0.4627659574468085,0.2074468085106383,0.4413793103448276,0.25517241379310346,0.013793103448275862,11.465753424657533,2.219178082191781,6.287671232876712,0.15178571428571427,0.632358019377809,0.3710243736134374,0.632358019377809,1.0,,1.5,,,,,False,,0.5,,,,,False,,False
662139,Daulton Varsho,HOU,PHI,0,5.0,1,691725,Andrew Painter,R,823414,6:40 PM ET,Citizens Bank Park,0,1,0.22621184919210055,2026-09-08,823414,0.0,0,103.7,104.6,118.0,L,4,3,0,0,0,0,1,0,0,1,0,2,0,0,2,0,0,0.006,0.009,0,0,0,0,1,0,0.22033898305084745,0.25806451612903225,0.7966101694915254,0.1935483870967742,0.24444444444444444,0.1864406779661017,0.03225806451612903,0.04838709677419355,0.1016949152542373,1.6,0.8,0.3191489361702128,0.19148936170212766,0.3617021276595745,0.40425531914893614,0.0425531914893617,0.3242555555555555,0.508311111111111,0.16666666666666666,0.15789473684210525,0.37704999999999994,0.5944833333333335,0.2033898305084746,0.3389830508474576,0.20634920634920634,0.21428571428571427,0.32142857142857145,0.1864406779661017,0.6744186046511628,0.21348314606741572,0.4627659574468085,0.2074468085106383,0.4413793103448276,0.25517241379310346,0.013793103448275862,11.465753424657533,2.219178082191781,6.287671232876712,0.15178571428571427,0.6229750623958914,0.38124030384526497,0.6229750623958914,1.6,,1.5,,,,,False,,0.5,,,,,False,,False
670623,Isaac Paredes,HOU,PHI,0,3.0,1,691725,Andrew Painter,R,823414,6:40 PM ET,Citizens Bank Park,1,1,0.22621184919210055,2026-09-08,823414,0.0,0,103.7,104.6,118.0,R,4,3,0,0,0,0,0,1,0,2,0,1,0,0,0,0,0,0.001,0.001,0,0,0,0,1,1,0.23529411764705882,0.38461538461538464,0.9019607843137255,0.07575757575757576,0.2222222222222222,0.17647058823529413,0.030303030303030304,0.045454545454545456,0.09803921568627451,1.4,0.3333333333333333,0.23404255319148937,0.14893617021276595,0.2765957446808511,0.3829787234042553,0.0,0.18995555555555554,0.2520622222222222,0.3333333333333333,0.047619047619047616,0.23658333333333337,0.3426366666666666,0.2826086956521739,0.5,0.03125,0.24193548387096775,0.3064516129032258,0.16176470588235295,0.6744186046511628,0.21348314606741572,0.4627659574468085,0.2074468085106383,0.4413793103448276,0.25517241379310346,0.013793103448275862,11.465753424657533,2.219178082191781,6.287671232876712,0.15178571428571427,0.6599521563478946,0.379507251447705,0.6599521563478946,1.4,,1.5,,,,,False,,0.5,,,,,False,,False
665161,Jeremy Peña,HOU,PHI,0,1.0,1,691725,Andrew Painter,R,823414,6:40 PM ET,Citizens Bank Park,1,1,0.22621184919210055,2026-09-08,823414,0.0,0,103.7,104.6,118.0,R,5,4,0,0,0,0,0,1,0,1,0,3,0,0,2,1,0,0.09100000000000001,0.16,0,0,0,0,1,0,0.22033898305084745,0.25806451612903225,0.6271186440677966,0.3548387096774194,0.29411764705882354,0.1864406779661017,0.04838709677419355,0.03225806451612903,0.0847457627118644,1.6,1.4666666666666666,0.35135135135135137,0.1891891891891892,0.4594594594594595,0.2972972972972973,0.02702702702702703,0.362047619047619,0.6103095238095237,0.1,0.2857142857142857,0.24848333333333333,0.38928333333333326,0.20689655172413793,0.41379310344827586,0.2786885245901639,0.20967741935483872,0.27419354838709675,0.3076923076923077,0.6744186046511628,0.21348314606741572,0.4627659574468085,0.2074468085106383,0.4413793103448276,0.25517241379310346,0.013793103448275862,11.465753424657533,2.219178082191781,6.287671232876712,0.15178571428571427,0.6616065353729397,0.42139635577192985,0.6616065353729397,1.6,,1.5,,,,,False,,0.5,,,,,False,,False
514888,Jose Altuve,HOU,PHI,0,4.0,1,691725,Andrew Painter,R,823414,6:40 PM ET,Citizens Bank Park,1,1,0.22621184919210055,2026-09-08,823414,0.0,0,103.7,104.6,118.0,R,4,4,3,1,0,0,0,0,0,0,4,4,0,2,0,0,4,0.5935,0.8525,1,1,1,1,0,0,0.21428571428571427,0.27419354838709675,0.75,0.22580645161290322,0.24390243902439024,0.16071428571428573,0.03225806451612903,0.04838709677419355,0.08928571428571429,1.4,0.9333333333333333,0.37209302325581395,0.20930232558139536,0.3953488372093023,0.3023255813953488,0.023255813953488372,0.2566833333333333,0.3528888888888888,0.1111111111111111,0.23809523809523808,0.18554999999999994,0.2538166666666669,0.23076923076923078,0.40384615384615385,0.2,0.23728813559322035,0.4067796610169492,0.25806451612903225,0.6744186046511628,0.21348314606741572,0.4627659574468085,0.2074468085106383,0.4413793103448276,0.25517241379310346,0.013793103448275862,11.465753424657533,2.219178082191781,6.287671232876712,0.15178571428571427,0.6527765451521792,0.3924234910306705,0.6527765451521792,1.4,,1.5,,,,,False,,0.5,,,,,False,,False
666211,Taylor Trammell,HOU,PHI,0,8.0,1,691725,Andrew Painter,R,823414,6:40 PM ET,Citizens Bank Park,0,1,0.22621184919210055,2026-09-08,823414,0.0,0,103.7,104.6,118.0,L,1,1,0,0,0,0,0,0,0,0,0,1,0,0,1,0,0,0.426,0.426,0,0,0,0,0,0,0.15,0.20930232558139536,0.75,0.23255813953488372,0.2,0.075,0.0,0.06976744186046512,0.075,0.6,0.6666666666666666,0.36666666666666664,0.23333333333333334,0.3,0.26666666666666666,0.0,0.2035611111111111,0.3480166666666667,0.26666666666666666,0.29411764705882354,0.19636666666666674,0.28180000000000016,0.15,0.225,0.23255813953488372,0.25,0.4444444444444444,0.325,0.6744186046511628,0.21348314606741572,0.4627659574468085,0.2074468085106383,0.4413793103448276,0.25517241379310346,0.013793103448275862,11.465753424657533,2.219178082191781,6.287671232876712,0.15178571428571427,0.532583545415139,0.3204586550690474,0.532583545415139,0.6,,1.5,,,,,False,,0.5,,,,,False,,False
673237,Yainer Diaz,HOU,PHI,0,6.0,1,691725,Andrew Painter,R,823414,6:40 PM ET,Citizens Bank Park,1,1,0.22621184919210055,2026-09-08,823414,0.0,0,103.7,104.6,118.0,R,1,1,0,0,0,0,0,0,0,1,0,0,0,0,0,0,0,0.35133333333333333,0.387,0,0,0,0,1,0,0.32653061224489793,0.35294117647058826,0.8163265306122449,0.17647058823529413,0.35135135135135137,0.24489795918367346,0.058823529411764705,0.058823529411764705,0.12244897959183673,1.8666666666666667,0.6,0.475,0.15,0.6,0.175,0.0,0.3091190476190476,0.4915535714285714,0.3333333333333333,0.21052631578947367,0.30419999999999997,0.5115000000000001,0.32653061224489793,0.5510204081632653,0.1568627450980392,0.21052631578947367,0.2807017543859649,0.2033898305084746,0.6744186046511628,0.21348314606741572,0.4627659574468085,0.2074468085106383,0.4413793103448276,0.25517241379310346,0.013793103448275862,11.465753424657533,2.219178082191781,6.287671232876712,0.15178571428571427,0.641222029919634,0.3795210221799142,0.641222029919634,1.8666666666666667,,1.5,,,,,False,,0.5,,,,,False,,False
670541,Yordan Alvarez,HOU,PHI,0,2.0,1,691725,Andrew Painter,R,823414,6:40 PM ET,Citizens Bank Park,0,1,0.22621184919210055,2026-09-08,823414,0.0,0,103.7,104.6,118.0,L,5,5,1,0,0,1,0,0,0,1,4,4,0,1,1,1,1,0.20825,0.26375,1,0,1,1,1,0,0.2857142857142857,0.4461538461538462,0.7346938775510204,0.2,0.3611111111111111,0.16326530612244897,0.015384615384615385,0.046153846153846156,0.10204081632653061,1.4666666666666666,0.8666666666666667,0.5405405405405406,0.24324324324324326,0.2972972972972973,0.40540540540540543,0.0,0.39091666666666663,0.5926964285714286,0.26666666666666666,0.23809523809523808,0.45018749999999996,0.5418125000000004,0.3333333333333333,0.5208333333333334,0.21311475409836064,0.23214285714285715,0.30357142857142855,0.13432835820895522,0.6744186046511628,0.21348314606741572,0.4627659574468085,0.2074468085106383,0.4413793103448276,0.25517241379310346,0.013793103448275862,11.465753424657533,2.219178082191781,6.287671232876712,0.15178571428571427,0.6604695297841933,0.43397834455130607,0.6604695297841933,1.4666666666666666,,1.5,,,,,False,,0.5,,,,,False,,False
682663,Agustín Ramírez,MIA,NYM,1,3.0,1,640455,Sean Manaea,L,823821,6:40 PM ET,loanDepot Park,1,0,0.2179930795847751,2026-09-08,823821,,0,99.1,96.1,86.7,R,1,1,0,0,0,0,0,0,0,1,0,0,0,0,0,0,0,0.30825,0.40349999999999997,0,0,0,0,1,0,0.19148936170212766,0.2962962962962963,0.7659574468085106,0.2037037037037037,0.22857142857142856,0.10638297872340426,0.018518518518518517,0.037037037037037035,0.06382978723404255,0.9333333333333333,0.7333333333333333,0.3611111111111111,0.2222222222222222,0.5277777777777778,0.19444444444444445,0.0,0.2405923076923077,0.33324743589743594,0.2,0.2,0.27097000000000004,0.4335000000000001,0.28888888888888886,0.35555555555555557,0.2222222222222222,0.15384615384615385,0.1794871794871795,0.21739130434782608,0.6745098039215687,0.20754716981132076,0.5088495575221239,0.252212389380531,0.3953488372093023,0.38953488372093026,0.046511627906976744,8.059701492537314,1.0074626865671643,8.46268656716418,0.2198952879581152,0.6230843367686548,0.40229211094539524,0.6230843367686548,0.9333333333333333,,1.5,,,,,False,,0.5,,,,,False,,False
640459,Brian Navarreto,MIA,NYM,1,9.0,1,640455,Sean Manaea,L,823821,6:40 PM ET,loanDepot Park,1,0,0.2179930795847751,2026-09-08,823821,,0,99.1,96.1,86.7,R,2,2,0,0,0,0,0,0,0,1,0,1,0,0,1,0,0,0.014,0.039,0,0,0,0,1,0,0.13513513513513514,0.1951219512195122,0.5945945945945946,0.35714285714285715,0.18181818181818182,0.10810810810810811,0.023809523809523808,0.023809523809523808,0.05405405405405406,0.6,1.0,0.20833333333333334,0.125,0.5416666666666666,0.125,0.0,0.19933333333333333,0.2697651515151515,0.09090909090909091,0.38461538461538464,0.110625,0.11625,0.1111111111111111,0.14814814814814814,0.2647058823529412,0.2222222222222222,0.4722222222222222,0.325,0.6745098039215687,0.20754716981132076,0.5088495575221239,0.252212389380531,0.3953488372093023,0.38953488372093026,0.046511627906976744,8.059701492537314,1.0074626865671643,8.46268656716418,0.2198952879581152,0.34548540199697353,0.1374109715107658,0.34548540199697353,0.6,,1.5,,,,,False,,0.5,,,,,False,,False
691277,Deyvison De Los Santos,MIA,NYM,1,6.0,1,640455,Sean Manaea,L,823821,6:40 PM ET,loanDepot Park,1,0,0.2179930795847751,2026-09-08,823821,,0,99.1,96.1,86.7,R,1,1,0,0,0,0,0,0,0,0,0,1,0,0,0,1,0,0.089,0.098,0,0,0,0,0,0,0.23809523809523808,0.23809523809523808,0.7142857142857143,0.2857142857142857,0.3333333333333333,0.14285714285714285,0.0,0.14285714285714285,0.14285714285714285,0.6666666666666666,0.5,0.2,0.2,0.5333333333333333,0.26666666666666666,0.0,,,0.36363636363636365,0.2727272727272727,0.312,0.474,0.15384615384615385,0.23076923076923078,0.3076923076923077,0.3333333333333333,0.5,0.3333333333333333,0.6745098039215687,0.20754716981132076,0.5088495575221239,0.252212389380531,0.3953488372093023,0.38953488372093026,0.046511627906976744,8.059701492537314,1.0074626865671643,8.46268656716418,0.2198952879581152,0.4865147094062295,0.3395023936326475,0.4865147094062295,0.6666666666666666,,1.5,,,,,False,,0.5,,,,,False,,False
665923,Esteury Ruiz,MIA,NYM,1,5.0,1,640455,Sean Manaea,L,823821,6:40 PM ET,loanDepot Park,1,0,0.2179930795847751,2026-09-08,823821,,0,99.1,96.1,86.7,R,1,1,1,1,0,0,0,0,0,0,2,1,0,1,1,0,0,0.426,1.662,1,0,1,1,0,0,0.14285714285714285,0.2653061224489796,0.5238095238095238,0.40816326530612246,0.2727272727272727,0.0,0.0,0.0,0.0,0.4,1.3333333333333333,0.22727272727272727,0.3181818181818182,0.36363636363636365,0.18181818181818182,0.0,0.23080769230769232,0.2874230769230769,0.125,0.3888888888888889,0.18893333333333331,0.2541333333333334,0.225,0.35,0.28846153846153844,0.2222222222222222,0.25,0.4146341463414634,0.6745098039215687,0.20754716981132076,0.5088495575221239,0.252212389380531,0.3953488372093023,0.38953488372093026,0.046511627906976744,8.059701492537314,1.0074626865671643,8.46268656716418,0.2198952879581152,0.5711871262790708,0.3446281888976926,0.5711871262790708,0.4,,1.5,,,,,False,,0.5,,,,,False,,False
681715,Heriberto Hernández,MIA,NYM,1,1.0,1,640455,Sean Manaea,L,823821,6:40 PM ET,loanDepot Park,1,0,0.2179930795847751,2026-09-08,823821,,0,99.1,96.1,86.7,R,4,4,0,0,0,0,0,0,0,3,0,1,0,0,1,0,0,0.011,0.028,0,0,0,0,1,1,0.25,0.373134328358209,0.75,0.208955223880597,0.2222222222222222,0.375,0.08955223880597014,0.04477611940298507,0.16071428571428573,2.3333333333333335,0.9333333333333333,0.38095238095238093,0.16666666666666666,0.2619047619047619,0.40476190476190477,0.0,0.3582811111111111,0.8430833333333333,0.25,0.21739130434782608,0.3365666666666667,0.8045833333333334,0.2641509433962264,0.6037735849056604,0.26153846153846155,0.2033898305084746,0.4745762711864407,0.2647058823529412,0.6745098039215687,0.20754716981132076,0.5088495575221239,0.252212389380531,0.3953488372093023,0.38953488372093026,0.046511627906976744,8.059701492537314,1.0074626865671643,8.46268656716418,0.2198952879581152,0.6319043462973944,0.42484420844634324,0.6319043462973944,2.3333333333333335,,1.5,,,,,False,,0.5,,,,,False,,False
805300,Jakob Marsee,MIA,NYM,1,7.0,1,640455,Sean Manaea,L,823821,6:40 PM ET,loanDepot Park,0,0,0.2179930795847751,2026-09-08,823821,,0,99.1,96.1,86.7,L,4,4,2,0,0,0,0,0,0,0,2,4,0,0,0,2,2,0.34125,0.4125,1,1,1,1,0,0,0.2608695652173913,0.423728813559322,0.7608695652173914,0.1864406779661017,0.30303030303030304,0.2391304347826087,0.03389830508474576,0.05084745762711865,0.13043478260869565,1.5333333333333334,0.7333333333333333,0.42857142857142855,0.45714285714285713,0.3142857142857143,0.22857142857142856,0.0,0.32864880952380954,0.48845238095238097,0.26666666666666666,0.10526315789473684,0.3647708333333334,0.59975,0.1956521739130435,0.41304347826086957,0.1896551724137931,0.22727272727272727,0.36363636363636365,0.21428571428571427,0.6745098039215687,0.20754716981132076,0.5088495575221239,0.252212389380531,0.3953488372093023,0.38953488372093026,0.046511627906976744,8.059701492537314,1.0074626865671643,8.46268656716418,0.2198952879581152,0.6002081140244897,0.3596297584403573,0.6002081140244897,1.5333333333333334,,1.5,,,,,False,,0.5,,,,,False,,False
691858,Jared Serna,MIA,NYM,1,8.0,1,640455,Sean Manaea,L,823821,6:40 PM ET,loanDepot Park,1,0,0.2179930795847751,2026-09-08,823821,,0,99.1,96.1,86.7,R,2,2,0,0,0,0,0,0,0,0,0,2,0,2,0,2,0,0.164,0.197,0,0,0,0,0,0,,,,,,,,,,,,,,,,,,,0.2,0.0,0.15999999999999998,0.17525000000000002,,,,,,,0.6745098039215687,0.20754716981132076,0.5088495575221239,0.252212389380531,0.3953488372093023,0.38953488372093026,0.046511627906976744,8.059701492537314,1.0074626865671643,8.46268656716418,0.2198952879581152,0.195788051818748,0.05310633397400227,0.195788051818748,,,1.5,,,,,False,,0.5,,,,,False,,False
691594,Javier Sanoja,MIA,NYM,1,4.0,1,640455,Sean Manaea,L,823821,6:40 PM ET,loanDepot Park,1,0,0.2179930795847751,2026-09-08,823821,,0,99.1,96.1,86.7,R,4,3,2,0,1,0,1,0,0,0,4,3,0,2,0,2,1,0.38599999999999995,0.501,1,1,1,1,0,0,0.3275862068965517,0.3709677419354839,0.9482758620689655,0.04838709677419355,0.32075471698113206,0.15517241379310345,0.03225806451612903,0.04838709677419355,0.08620689655172414,1.8666666666666667,0.2,0.32727272727272727,0.3090909090909091,0.45454545454545453,0.18181818181818182,0.0,0.3363888888888889,0.4378888888888889,0.4,0.047619047619047616,0.30651666666666666,0.45643333333333336,0.4,0.64,0.05555555555555555,0.23214285714285715,0.32142857142857145,0.0847457627118644,0.6745098039215687,0.20754716981132076,0.5088495575221239,0.252212389380531,0.3953488372093023,0.38953488372093026,0.046511627906976744,8.059701492537314,1.0074626865671643,8.46268656716418,0.2198952879581152,0.6787315305240383,0.411194131731141,0.6787315305240383,1.8666666666666667,,1.5,,,,,False,,0.5,,,,,False,,False
672640,Otto Lopez,MIA,NYM,1,2.0,1,640455,Sean Manaea,L,823821,6:40 PM ET,loanDepot Park,1,0,0.2179930795847751,2026-09-08,823821,,0,99.1,96.1,86.7,R,4,4,1,0,0,0,0,0,0,1,1,3,0,1,1,2,0,0.2776666666666667,0.31133333333333335,1,0,1,0,1,0,0.2542372881355932,0.30303030303030304,0.847457627118644,0.13636363636363635,0.27450980392156865,0.11864406779661017,0.015151515151515152,0.030303030303030304,0.06779661016949153,1.4666666666666666,0.6,0.4230769230769231,0.17307692307692307,0.5,0.23076923076923078,0.0,0.30977777777777776,0.4641888888888889,0.21052631578947367,0.09090909090909091,0.26456666666666667,0.37343333333333334,0.21052631578947367,0.22807017543859648,0.08064516129032258,0.265625,0.4375,0.1891891891891892,0.6745098039215687,0.20754716981132076,0.5088495575221239,0.252212389380531,0.3953488372093023,0.38953488372093026,0.046511627906976744,8.059701492537314,1.0074626865671643,8.46268656716418,0.2198952879581152,0.6787315305240383,0.43365476137625864,0.6787315305240383,1.4666666666666666,,1.5,,,,,False,,0.5,,,,,False,,False
805999,A.J. Ewing,NYM,MIA,0,7.0,1,645261,Sandy Alcantara,R,823821,6:40 PM ET,loanDepot Park,0,1,0.21723518850987433,2026-09-08,823821,,0,99.1,96.1,86.7,L,5,5,3,1,0,0,0,0,0,0,4,5,0,1,0,4,1,0.2792,0.3076,1,1,1,1,0,0,0.21428571428571427,0.2786885245901639,0.75,0.2222222222222222,0.2682926829268293,0.07142857142857142,0.015873015873015872,0.015873015873015872,0.03571428571428571,1.0666666666666667,0.9333333333333333,0.3488372093023256,0.32558139534883723,0.46511627906976744,0.16279069767441862,0.0,0.3103166666666667,0.45556,0.35294117647058826,0.19047619047619047,0.37568333333333326,0.6133666666666666,0.14545454545454545,0.21818181818181817,0.25,0.25862068965517243,0.41379310344827586,0.3225806451612903,0.753731343283582,0.19421487603305784,0.33064516129032256,0.11693548387096774,0.38613861386138615,0.2376237623762376,0.01485148514851485,9.409090909090908,1.0909090909090908,7.227272727272727,0.19272727272727272,0.5823728175302278,0.3343282176604078,0.5823728175302278,1.0666666666666667,,1.5,,,,,False,,0.5,,,,,False,,False
666182,Bo Bichette,NYM,MIA,0,3.0,1,645261,Sandy Alcantara,R,823821,6:40 PM ET,loanDepot Park,1,1,0.21723518850987433,2026-09-08,823821,,0,99.1,96.1,86.7,R,6,5,2,0,0,0,1,0,0,1,2,4,0,2,0,3,1,0.46449999999999997,0.5459999999999999,1,1,1,1,1,0,0.23214285714285715,0.29508196721311475,0.8035714285714286,0.18032786885245902,0.21951219512195122,0.26785714285714285,0.06557377049180328,0.04918032786885246,0.125,1.8666666666666667,0.7333333333333333,0.4888888888888889,0.24444444444444444,0.4222222222222222,0.3111111111111111,0.022222222222222223,0.31555,0.57765,0.3157894736842105,0.19047619047619047,0.41868333333333335,0.8412999999999998,0.3333333333333333,0.5964912280701754,0.125,0.29310344827586204,0.46551724137931033,0.2153846153846154,0.753731343283582,0.19421487603305784,0.33064516129032256,0.11693548387096774,0.38613861386138615,0.2376237623762376,0.01485148514851485,9.409090909090908,1.0909090909090908,7.227272727272727,0.19272727272727272,0.6021189916306868,0.3795210221799142,0.6021189916306868,1.8666666666666667,,1.5,,,,,False,,0.5,,,,,False,,False
683146,Brett Baty,NYM,MIA,0,8.0,1,645261,Sandy Alcantara,R,823821,6:40 PM ET,loanDepot Park,0,1,0.21723518850987433,2026-09-08,823821,,0,99.1,96.1,86.7,L,5,4,1,1,0,0,1,0,0,1,2,3,0,2,2,1,0,0.36866666666666664,0.7003333333333334,1,0,1,1,1,0,0.35294117647058826,0.40540540540540543,0.7352941176470589,0.24324324324324326,0.4583333333333333,0.2647058823529412,0.02702702702702703,0.16216216216216217,0.20588235294117646,1.4,0.6,0.56,0.4,0.32,0.28,0.0,0.34828571428571425,0.7615476190476189,0.3333333333333333,0.2,0.3345833333333334,1.0442500000000003,0.30303030303030304,0.5757575757575758,0.3142857142857143,0.19148936170212766,0.2553191489361702,0.3392857142857143,0.753731343283582,0.19421487603305784,0.33064516129032256,0.11693548387096774,0.38613861386138615,0.2376237623762376,0.01485148514851485,9.409090909090908,1.0909090909090908,7.227272727272727,0.19272727272727272,0.5443801217539029,0.27702043310224195,0.5443801217539029,1.4,,1.5,,,,,False,,0.5,,,,,False,,False
701807,Carson Benge,NYM,MIA,0,4.0,1,645261,Sandy Alcantara,R,823821,6:40 PM ET,loanDepot Park,0,1,0.21723518850987433,2026-09-08,823821,,0,99.1,96.1,86.7,L,5,4,1,0,0,0,1,0,0,2,1,2,0,0,0,1,1,0.3355,0.381,1,0,1,0,1,1,0.3,0.3333333333333333,0.7333333333333333,0.25396825396825395,0.3953488372093023,0.1,0.015873015873015872,0.047619047619047616,0.06666666666666667,1.6,1.0666666666666667,0.20454545454545456,0.29545454545454547,0.29545454545454547,0.36363636363636365,0.0,0.3666788888888889,0.5117555555555555,0.25,0.19047619047619047,0.29911666666666664,0.4020666666666667,0.2711864406779661,0.423728813559322,0.22950819672131148,0.2413793103448276,0.41379310344827586,0.27419354838709675,0.753731343283582,0.19421487603305784,0.33064516129032256,0.11693548387096774,0.38613861386138615,0.2376237623762376,0.01485148514851485,9.409090909090908,1.0909090909090908,7.227272727272727,0.19272727272727272,0.6316455143905534,0.3697649391272022,0.6316455143905534,1.6,,1.5,,,,,False,,0.5,,,,,False,,False
682626,Francisco Alvarez,NYM,MIA,0,9.0,1,645261,Sandy Alcantara,R,823821,6:40 PM ET,loanDepot Park,1,1,0.21723518850987433,2026-09-08,823821,,0,99.1,96.1,86.7,R,5,4,1,0,0,0,1,0,0,2,1,2,0,1,0,2,0,0.2205,0.2485,1,0,1,0,1,1,0.1320754716981132,0.17857142857142858,0.49056603773584906,0.48214285714285715,0.20833333333333334,0.1509433962264151,0.03571428571428571,0.03571428571428571,0.07547169811320754,1.0,1.8,0.5384615384615384,0.15384615384615385,0.5,0.34615384615384615,0.038461538461538464,0.362923076923077,0.5901923076923077,0.21052631578947367,0.47368421052631576,0.4607,0.9469000000000003,0.14814814814814814,0.25925925925925924,0.4067796610169492,0.2653061224489796,0.3469387755102041,0.3728813559322034,0.753731343283582,0.19421487603305784,0.33064516129032256,0.11693548387096774,0.38613861386138615,0.2376237623762376,0.01485148514851485,9.409090909090908,1.0909090909090908,7.227272727272727,0.19272727272727272,0.46912339706321543,0.23665072251286742,0.46912339706321543,1.0,,1.5,,,,,False,,0.5,,,,,False,,False
596019,Francisco Lindor,NYM,MIA,0,1.0,1,645261,Sandy Alcantara,R,823821,6:40 PM ET,loanDepot Park,0,1,0.21723518850987433,2026-09-08,823821,,0,99.1,96.1,86.7,L,5,5,2,0,0,0,0,0,0,3,2,2,0,0,1,1,0,0.40299999999999997,0.4295,1,1,1,1,1,1,0.18421052631578946,0.24390243902439024,0.7894736842105263,0.1951219512195122,0.14814814814814814,0.2631578947368421,0.07317073170731707,0.024390243902439025,0.10526315789473684,1.1333333333333333,0.5333333333333333,0.5666666666666667,0.13333333333333333,0.4666666666666667,0.3333333333333333,0.0,0.3209940476190476,0.5040119047619047,0.1,0.09090909090909091,0.33183333333333354,0.3968333333333332,0.18032786885245902,0.3442622950819672,0.208955223880597,0.22950819672131148,0.5901639344262295,0.19402985074626866,0.753731343283582,0.19421487603305784,0.33064516129032256,0.11693548387096774,0.38613861386138615,0.2376237623762376,0.01485148514851485,9.409090909090908,1.0909090909090908,7.227272727272727,0.19272727272727272,0.42079745220446974,0.24753059775086203,0.42079745220446974,1.1333333333333333,,1.5,,,,,False,,0.5,,,,,False,,False
676724,Jared Young,NYM,MIA,0,5.0,1,645261,Sandy Alcantara,R,823821,6:40 PM ET,loanDepot Park,0,1,0.21723518850987433,2026-09-08,823821,,0,99.1,96.1,86.7,L,1,1,0,0,0,0,0,0,0,0,0,1,0,1,0,1,0,0.454,0.482,0,0,0,0,0,0,0.2727272727272727,0.2982456140350877,0.7636363636363637,0.22413793103448276,0.35714285714285715,0.10909090909090909,0.0,0.06896551724137931,0.09090909090909091,1.4,0.8666666666666667,0.3333333333333333,0.21428571428571427,0.5,0.23809523809523808,0.0,0.3005388888888889,0.3990611111111111,0.23529411764705882,0.3157894736842105,0.3561333333333333,0.4716666666666664,0.29411764705882354,0.4117647058823529,0.2222222222222222,0.24390243902439024,0.4634146341463415,0.19047619047619047,0.753731343283582,0.19421487603305784,0.33064516129032256,0.11693548387096774,0.38613861386138615,0.2376237623762376,0.01485148514851485,9.409090909090908,1.0909090909090908,7.227272727272727,0.19272727272727272,0.6103648120299362,0.3246465726970263,0.6103648120299362,1.4,,1.5,,,,,False,,0.5,,,,,False,,False
665742,Juan Soto,NYM,MIA,0,2.0,1,645261,Sandy Alcantara,R,823821,6:40 PM ET,loanDepot Park,0,1,0.21723518850987433,2026-09-08,823821,,0,99.1,96.1,86.7,L,6,5,2,0,0,0,1,0,0,1,2,4,0,3,0,4,0,0.421,0.48324999999999996,1,1,1,1,1,0,0.16326530612244897,0.31666666666666665,0.8163265306122449,0.15,0.15789473684210525,0.12244897959183673,0.03333333333333333,0.0,0.04081632653061224,0.9333333333333333,0.6,0.425,0.175,0.325,0.35,0.025,0.2776974358974359,0.5170653846153846,0.15,0.045454545454545456,0.27194999999999997,0.485166666666667,0.2,0.44,0.13846153846153847,0.28846153846153844,0.4423076923076923,0.11666666666666667,0.753731343283582,0.19421487603305784,0.33064516129032256,0.11693548387096774,0.38613861386138615,0.2376237623762376,0.01485148514851485,9.409090909090908,1.0909090909090908,7.227272727272727,0.19272727272727272,0.4962692470270422,0.32688259867790576,0.4962692470270422,0.9333333333333333,,1.5,,,,,False,,0.5,,,,,False,,False
543760,Marcus Semien,NYM,MIA,0,6.0,1,645261,Sandy Alcantara,R,823821,6:40 PM ET,loanDepot Park,1,1,0.21723518850987433,2026-09-08,823821,,0,99.1,96.1,86.7,R,5,5,2,2,0,0,0,0,0,0,4,5,0,2,1,2,1,0.2522,0.4368,1,1,1,1,0,0,0.28,0.3793103448275862,0.88,0.10344827586206896,0.3181818181818182,0.02,0.0,0.017241379310344827,0.02,1.0,0.4,0.29545454545454547,0.13636363636363635,0.4772727272727273,0.36363636363636365,0.0,0.29271555555555556,0.3630511111111111,0.21428571428571427,0.05555555555555555,0.17753333333333338,0.2744000000000003,0.2916666666666667,0.3125,0.17857142857142858,0.1509433962264151,0.22641509433962265,0.22033898305084745,0.753731343283582,0.19421487603305784,0.33064516129032256,0.11693548387096774,0.38613861386138615,0.2376237623762376,0.01485148514851485,9.409090909090908,1.0909090909090908,7.227272727272727,0.19272727272727272,0.6136336966145265,0.2962541847316226,0.6136336966145265,1.0,,1.5,,,,,False,,0.5,,,,,False,,False
655316,Andruw Monasterio,BOS,LAA,1,7.0,1,672282,Reid Detmers,L,824714,6:45 PM ET,Fenway Park,1,0,0.20962199312714777,2026-09-08,824714,0.0,1,102.5,97.9,86.2,R,4,4,0,0,0,0,0,0,0,2,0,2,0,0,0,1,0,0.17800000000000002,0.194,0,0,0,0,1,1,0.14,0.18518518518518517,0.9,0.09259259259259259,0.15217391304347827,0.04,0.0,0.037037037037037035,0.04,0.6,0.3333333333333333,0.2391304347826087,0.21739130434782608,0.391304347826087,0.2608695652173913,0.021739130434782608,0.2413,0.31566777777777777,0.08333333333333333,0.16666666666666666,0.2637,0.31325000000000014,0.1836734693877551,0.20408163265306123,0.07017543859649122,0.2909090909090909,0.5272727272727272,0.171875,0.6590909090909091,0.19487179487179487,0.39705882352941174,0.16666666666666666,0.3931034482758621,0.31724137931034485,0.027586206896551724,6.344262295081967,0.8852459016393442,10.327868852459016,0.28688524590163933,0.6179777448226332,0.4146766145035454,0.6179777448226332,0.6,,1.5,,,,,False,,0.5,,,,,False,,False
702332,Caleb Durbin,BOS,LAA,1,6.0,1,672282,Reid Detmers,L,824714,6:45 PM ET,Fenway Park,1,0,0.20962199312714777,2026-09-08,824714,0.0,1,102.5,97.9,86.2,R,4,4,2,1,0,0,0,0,0,1,3,3,0,2,0,1,2,0.49666666666666665,0.734,1,1,1,1,1,0,0.17777777777777778,0.3392857142857143,0.7777777777777778,0.17543859649122806,0.22857142857142856,0.0,0.0,0.0,0.0,0.5333333333333333,0.6666666666666666,0.2222222222222222,0.25,0.4722222222222222,0.2222222222222222,0.0,0.3011777777777778,0.3536166666666667,0.06666666666666667,0.2,0.27420000000000005,0.3228666666666666,0.26,0.26,0.07936507936507936,0.24489795918367346,0.32653061224489793,0.19298245614035087,0.6590909090909091,0.19487179487179487,0.39705882352941174,0.16666666666666666,0.3931034482758621,0.31724137931034485,0.027586206896551724,6.344262295081967,0.8852459016393442,10.327868852459016,0.28688524590163933,0.5969171335387231,0.355658423990275,0.5969171335387231,0.5333333333333333,,1.5,,,,,False,,0.5,,,,,False,,False
657136,Connor Wong,BOS,LAA,1,9.0,1,672282,Reid Detmers,L,824714,6:45 PM ET,Fenway Park,1,0,0.20962199312714777,2026-09-08,824714,0.0,1,102.5,97.9,86.2,R,4,4,1,0,0,0,0,0,0,1,1,3,0,1,0,1,1,0.301,0.321,1,0,1,0,1,0,0.18867924528301888,0.23214285714285715,0.7358490566037735,0.24561403508771928,0.21621621621621623,0.1509433962264151,0.03508771929824561,0.03508771929824561,0.07547169811320754,1.2,0.9333333333333333,0.3076923076923077,0.10256410256410256,0.5384615384615384,0.2564102564102564,0.02564102564102564,0.32455000000000006,0.49141666666666667,0.1111111111111111,0.25,0.22156666666666663,0.30123333333333335,0.15384615384615385,0.3076923076923077,0.22807017543859648,0.34146341463414637,0.5121951219512195,0.2127659574468085,0.6590909090909091,0.19487179487179487,0.39705882352941174,0.16666666666666666,0.3931034482758621,0.31724137931034485,0.027586206896551724,6.344262295081967,0.8852459016393442,10.327868852459016,0.28688524590163933,0.525792457144563,0.31358937642188905,0.525792457144563,1.2,,1.5,,,,,False,,0.5,,,,,False,,False
642201,Eli White,BOS,LAA,1,8.0,1,672282,Reid Detmers,L,824714,6:45 PM ET,Fenway Park,1,0,0.20962199312714777,2026-09-08,824714,0.0,1,102.5,97.9,86.2,R,4,4,2,0,0,0,0,0,0,1,2,3,0,0,1,2,0,0.27266666666666667,0.30866666666666664,1,1,1,1,1,0,0.28205128205128205,0.3,0.7948717948717948,0.2,0.3333333333333333,0.15384615384615385,0.025,0.075,0.10256410256410256,1.1333333333333333,0.5333333333333333,0.25806451612903225,0.3225806451612903,0.3548387096774194,0.1935483870967742,0.0,0.35765384615384616,0.5843141025641025,0.35294117647058826,0.11764705882352941,0.47955,0.8644166666666667,0.35,0.5,0.125,0.25806451612903225,0.5161290322580645,0.29411764705882354,0.6590909090909091,0.19487179487179487,0.39705882352941174,0.16666666666666666,0.3931034482758621,0.31724137931034485,0.027586206896551724,6.344262295081967,0.8852459016393442,10.327868852459016,0.28688524590163933,0.5630602345986137,0.34532547237704186,0.5630602345986137,1.1333333333333333,,1.5,,,,,False,,0.5,,,,,False,,False
663330,Jahmai Jones,BOS,LAA,1,2.0,1,672282,Reid Detmers,L,824714,6:45 PM ET,Fenway Park,1,0,0.20962199312714777,2026-09-08,824714,0.0,1,102.5,97.9,86.2,R,1,1,0,0,0,0,0,0,0,1,0,0,0,0,0,0,0,0.76,0.922,0,0,0,0,1,0,0.5238095238095238,0.6296296296296297,0.8095238095238095,0.14814814814814814,0.625,0.3333333333333333,0.037037037037037035,0.07407407407407407,0.19047619047619047,1.2,0.26666666666666666,0.5294117647058824,0.47058823529411764,0.23529411764705882,0.11764705882352941,0.058823529411764705,0.46136363636363636,0.9219999999999999,0.375,0.18181818181818182,0.44939999999999997,1.1144,0.14285714285714285,0.14285714285714285,0.4827586206896552,0.5217391304347826,1.0434782608695652,0.20689655172413793,0.6590909090909091,0.19487179487179487,0.39705882352941174,0.16666666666666666,0.3931034482758621,0.31724137931034485,0.027586206896551724,6.344262295081967,0.8852459016393442,10.327868852459016,0.28688524590163933,0.7154856287046059,0.5022828560419348,0.7154856287046059,1.2,,1.5,,,,,False,,0.5,,,,,False,,False
686765,Nick Sogard,BOS,LAA,1,5.0,1,672282,Reid Detmers,L,824714,6:45 PM ET,Fenway Park,0,0,0.20962199312714777,2026-09-08,824714,0.0,1,102.5,97.9,86.2,L,4,4,0,0,0,0,0,0,0,3,0,1,0,0,0,0,0,0.02,0.031,0,0,0,0,1,1,0.24390243902439024,0.29545454545454547,0.8048780487804879,0.17391304347826086,0.25806451612903225,0.1951219512195122,0.043478260869565216,0.043478260869565216,0.0975609756097561,1.2,0.5333333333333333,0.35294117647058826,0.35294117647058826,0.20588235294117646,0.2647058823529412,0.0,0.35106410256410253,0.5480512820512821,0.2727272727272727,0.0,0.274,0.49739583333333337,0.24561403508771928,0.43859649122807015,0.208955223880597,0.3673469387755102,0.5306122448979592,0.23214285714285715,0.6590909090909091,0.19487179487179487,0.39705882352941174,0.16666666666666666,0.3931034482758621,0.31724137931034485,0.027586206896551724,6.344262295081967,0.8852459016393442,10.327868852459016,0.28688524590163933,0.5285660934116366,0.4009283888085493,0.5285660934116366,1.2,,1.5,,,,,False,,0.5,,,,,False,,False
701350,Roman Anthony,BOS,LAA,1,1.0,1,672282,Reid Detmers,L,824714,6:45 PM ET,Fenway Park,0,0,0.20962199312714777,2026-09-08,824714,0.0,1,102.5,97.9,86.2,L,5,4,1,0,0,0,1,0,0,1,1,3,0,2,1,0,2,0.49533333333333335,0.7506666666666666,1,0,1,0,1,0,0.2786885245901639,0.35294117647058826,0.7213114754098361,0.25,0.35714285714285715,0.19672131147540983,0.029411764705882353,0.058823529411764705,0.11475409836065574,1.9333333333333333,1.1333333333333333,0.5227272727272727,0.29545454545454547,0.45454545454545453,0.22727272727272727,0.06818181818181818,0.3707066666666667,0.6491733333333334,0.18181818181818182,0.4,0.37161666666666665,0.8765499999999999,0.26229508196721313,0.45901639344262296,0.2571428571428571,0.3269230769230769,0.4230769230769231,0.3387096774193548,0.6590909090909091,0.19487179487179487,0.39705882352941174,0.16666666666666666,0.3931034482758621,0.31724137931034485,0.027586206896551724,6.344262295081967,0.8852459016393442,10.327868852459016,0.28688524590163933,0.681269293241241,0.4740661066516172,0.681269293241241,1.9333333333333333,,1.5,,,,,False,,0.5,,,,,False,,False
596115,Trevor Story,BOS,LAA,1,4.0,1,672282,Reid Detmers,L,824714,6:45 PM ET,Fenway Park,1,0,0.20962199312714777,2026-09-08,824714,0.0,1,102.5,97.9,86.2,R,4,4,0,0,0,0,0,0,0,0,0,4,0,0,0,2,0,0.06625,0.07300000000000001,0,0,0,0,0,0,0.3050847457627119,0.32786885245901637,0.6440677966101694,0.3442622950819672,0.4594594594594595,0.13559322033898305,0.01639344262295082,0.08196721311475409,0.1016949152542373,1.7333333333333334,1.4,0.3684210526315789,0.15789473684210525,0.47368421052631576,0.18421052631578946,0.05263157894736842,0.29638888888888887,0.4764388888888889,0.38095238095238093,0.2857142857142857,0.4137666666666666,0.5816999999999999,0.3333333333333333,0.4666666666666667,0.36065573770491804,0.25862068965517243,0.3275862068965517,0.30158730158730157,0.6590909090909091,0.19487179487179487,0.39705882352941174,0.16666666666666666,0.3931034482758621,0.31724137931034485,0.027586206896551724,6.344262295081967,0.8852459016393442,10.327868852459016,0.28688524590163933,0.6775280358207917,0.4731055445188506,0.6775280358207917,1.7333333333333334,,1.5,,,,,False,,0.5,,,,,False,,False
677800,Wilyer Abreu,BOS,LAA,1,3.0,1,672282,Reid Detmers,L,824714,6:45 PM ET,Fenway Park,0,0,0.20962199312714777,2026-09-08,824714,0.0,1,102.5,97.9,86.2,L,4,3,0,0,0,0,1,0,0,1,0,2,0,0,1,1,0,0.1555,0.17550000000000002,0,0,0,0,1,0,0.21666666666666667,0.2878787878787879,0.6833333333333333,0.2835820895522388,0.3,0.16666666666666666,0.014925373134328358,0.1044776119402985,0.13333333333333333,1.5333333333333334,1.2666666666666666,0.36585365853658536,0.21951219512195122,0.34146341463414637,0.36585365853658536,0.024390243902439025,0.24255000000000002,0.4323444444444444,0.3,0.22727272727272727,0.18695000000000003,0.3411500000000001,0.25,0.38333333333333336,0.2463768115942029,0.2,0.41818181818181815,0.19696969696969696,0.6590909090909091,0.19487179487179487,0.39705882352941174,0.16666666666666666,0.3931034482758621,0.31724137931034485,0.027586206896551724,6.344262295081967,0.8852459016393442,10.327868852459016,0.28688524590163933,0.6917207543349736,0.45198772333412784,0.6917207543349736,1.5333333333333334,,1.5,,,,,False,,0.5,,,,,False,,False
695681,Christian Moore,LAA,BOS,0,6.0,1,663776,Patrick Sandoval,L,824714,6:45 PM ET,Fenway Park,1,0,0.2629695885509839,2026-09-08,824714,0.0,1,102.5,97.9,86.2,R,4,4,1,0,0,0,0,0,0,2,1,2,0,2,0,1,1,0.3075,0.39749999999999996,1,0,1,0,1,1,0.1509433962264151,0.22413793103448276,0.7358490566037735,0.2413793103448276,0.18421052631578946,0.1320754716981132,0.017241379310344827,0.034482758620689655,0.07547169811320754,1.0,0.9333333333333333,0.28205128205128205,0.23076923076923078,0.41025641025641024,0.2564102564102564,0.05128205128205128,0.28173809523809523,0.4262142857142857,0.10526315789473684,0.21052631578947367,0.24758333333333332,0.3327333333333333,0.2,0.34545454545454546,0.26666666666666666,0.20833333333333334,0.3125,0.38181818181818183,0.6589861751152074,0.2802197802197802,0.4574468085106383,0.15425531914893617,0.38461538461538464,0.23076923076923078,0.013986013986013986,8.715189873417723,1.0253164556962027,9.056962025316455,0.2345132743362832,0.6364662980080404,0.42985275714730137,0.6364662980080404,1.0,,1.5,,,,,False,,0.5,,,,,False,,False
694203,Denzer Guzman,LAA,BOS,0,8.0,1,663776,Patrick Sandoval,L,824714,6:45 PM ET,Fenway Park,1,0,0.2629695885509839,2026-09-08,824714,0.0,1,102.5,97.9,86.2,R,1,1,0,0,0,0,0,0,0,0,0,1,0,0,0,0,1,0.34,0.34,0,0,0,0,0,0,0.14893617021276595,0.1836734693877551,0.6382978723404256,0.34,0.20689655172413793,0.1276595744680851,0.02,0.06,0.0851063829787234,0.8666666666666667,1.1333333333333333,0.3548387096774194,0.25806451612903225,0.45161290322580644,0.0967741935483871,0.0,0.34505357142857146,0.4825178571428571,0.13333333333333333,0.3125,0.3277,0.4022,0.21568627450980393,0.3333333333333333,0.3090909090909091,0.13636363636363635,0.22727272727272727,0.1702127659574468,0.6589861751152074,0.2802197802197802,0.4574468085106383,0.15425531914893617,0.38461538461538464,0.23076923076923078,0.013986013986013986,8.715189873417723,1.0253164556962027,9.056962025316455,0.2345132743362832,0.5952331063372153,0.3776298702238143,0.5952331063372153,0.8666666666666667,,1.5,,,,,False,,0.5,,,,,False,,False
642350,Jose Siri,LAA,BOS,0,3.0,1,663776,Patrick Sandoval,L,824714,6:45 PM ET,Fenway Park,1,0,0.2629695885509839,2026-09-08,824714,0.0,1,102.5,97.9,86.2,R,1,1,0,0,0,0,0,0,0,1,0,0,0,0,0,0,0,0.629,1.097,0,0,0,0,1,0,0.07142857142857142,0.15217391304347827,0.5952380952380952,0.3617021276595745,0.12,0.0,0.0,0.0,0.0,0.2,1.1333333333333333,0.4230769230769231,0.23076923076923078,0.38461538461538464,0.34615384615384615,0.0,0.33748809523809525,0.7518333333333332,0.0,0.375,0.3702333333333333,0.5314333333333334,0.2777777777777778,0.4444444444444444,0.3076923076923077,0.07317073170731707,0.14634146341463414,0.4222222222222222,0.6589861751152074,0.2802197802197802,0.4574468085106383,0.15425531914893617,0.38461538461538464,0.23076923076923078,0.013986013986013986,8.715189873417723,1.0253164556962027,9.056962025316455,0.2345132743362832,0.5992251203357076,0.39343409749501573,0.5992251203357076,0.2,,1.5,,,,,False,,0.5,,,,,False,,False
677347,Kyren Paris,LAA,BOS,0,7.0,1,663776,Patrick Sandoval,L,824714,6:45 PM ET,Fenway Park,1,0,0.2629695885509839,2026-09-08,824714,0.0,1,102.5,97.9,86.2,R,3,3,0,0,0,0,0,0,0,3,0,0,0,0,0,0,0,0.2545,0.966,0,0,0,0,1,1,0.13636363636363635,0.22448979591836735,0.45454545454545453,0.4897959183673469,0.2631578947368421,0.09090909090909091,0.02040816326530612,0.02040816326530612,0.045454545454545456,0.6666666666666666,1.6,0.35,0.15,0.25,0.5,0.05,0.2543666666666667,0.4632833333333333,0.16666666666666666,0.4666666666666667,0.3376666666666666,0.6616666666666667,0.14893617021276595,0.23404255319148937,0.49019607843137253,0.08571428571428572,0.14285714285714285,0.40540540540540543,0.6589861751152074,0.2802197802197802,0.4574468085106383,0.15425531914893617,0.38461538461538464,0.23076923076923078,0.013986013986013986,8.715189873417723,1.0253164556962027,9.056962025316455,0.2345132743362832,0.6039557184860526,0.48543843677527065,0.6039557184860526,0.6666666666666666,,1.5,,,,,False,,0.5,,,,,False,,False
545361,Mike Trout,LAA,BOS,0,2.0,1,663776,Patrick Sandoval,L,824714,6:45 PM ET,Fenway Park,1,0,0.2629695885509839,2026-09-08,824714,0.0,1,102.5,97.9,86.2,R,4,4,1,0,0,0,0,0,0,3,1,1,0,0,0,0,1,0.914,1.07,1,0,1,0,1,1,0.27586206896551724,0.3384615384615385,0.7068965517241379,0.25757575757575757,0.38095238095238093,0.08620689655172414,0.0,0.07575757575757576,0.08620689655172414,1.4,1.1333333333333333,0.40476190476190477,0.35714285714285715,0.3333333333333333,0.21428571428571427,0.047619047619047616,0.34266666666666673,0.5923722222222222,0.3,0.3333333333333333,0.41583333333333333,0.56075,0.29508196721311475,0.3770491803278688,0.25,0.3,0.4,0.2459016393442623,0.6589861751152074,0.2802197802197802,0.4574468085106383,0.15425531914893617,0.38461538461538464,0.23076923076923078,0.013986013986013986,8.715189873417723,1.0253164556962027,9.056962025316455,0.2345132743362832,0.7074273709407107,0.4690539586521172,0.7074273709407107,1.4,,1.5,,,,,False,,0.5,,,,,False,,False
694208,Moisés Ballesteros,LAA,BOS,0,5.0,1,663776,Patrick Sandoval,L,824714,6:45 PM ET,Fenway Park,0,0,0.2629695885509839,2026-09-08,824714,0.0,1,102.5,97.9,86.2,L,4,4,3,1,0,1,0,0,0,0,7,4,0,3,1,1,1,0.31125,0.984,1,1,1,1,0,0,0.22033898305084745,0.2459016393442623,0.6779661016949152,0.3064516129032258,0.3076923076923077,0.1016949152542373,0.016129032258064516,0.04838709677419355,0.06779661016949153,1.2666666666666666,1.2666666666666666,0.475,0.2,0.575,0.225,0.025,0.2772388888888889,0.4356111111111111,0.23529411764705882,0.2222222222222222,0.2912,0.5175833333333333,0.17543859649122806,0.2631578947368421,0.3064516129032258,0.21875,0.3125,0.20588235294117646,0.6589861751152074,0.2802197802197802,0.4574468085106383,0.15425531914893617,0.38461538461538464,0.23076923076923078,0.013986013986013986,8.715189873417723,1.0253164556962027,9.056962025316455,0.2345132743362832,0.6729971083180976,0.4668075696699203,0.6729971083180976,1.2666666666666666,,1.5,,,,,False,,0.5,,,,,False,,False
518595,Travis d'Arnaud,LAA,BOS,0,9.0,1,663776,Patrick Sandoval,L,824714,6:45 PM ET,Fenway Park,1,0,0.2629695885509839,2026-09-08,824714,0.0,1,102.5,97.9,86.2,R,1,1,0,0,0,0,0,0,0,1,0,0,0,0,0,0,0,0.065,0.065,0,0,0,0,1,0,0.2,0.2727272727272727,0.5666666666666667,0.3939393939393939,0.3125,0.1,0.030303030303030304,0.0,0.03333333333333333,0.6,0.8666666666666667,0.35294117647058826,0.11764705882352941,0.5882352941176471,0.29411764705882354,0.0,0.21695833333333334,0.42425,0.1,0.5,0.16575,0.17837499999999945,0.16216216216216217,0.21621621621621623,0.34146341463414637,0.1935483870967742,0.2903225806451613,0.3055555555555556,0.6589861751152074,0.2802197802197802,0.4574468085106383,0.15425531914893617,0.38461538461538464,0.23076923076923078,0.013986013986013986,8.715189873417723,1.0253164556962027,9.056962025316455,0.2345132743362832,0.4652606273474062,0.2772040172983568,0.4652606273474062,0.6,,1.5,,,,,False,,0.5,,,,,False,,False
687093,Vaughn Grissom,LAA,BOS,0,4.0,1,663776,Patrick Sandoval,L,824714,6:45 PM ET,Fenway Park,1,0,0.2629695885509839,2026-09-08,824714,0.0,1,102.5,97.9,86.2,R,4,3,0,0,0,0,1,0,0,3,0,0,0,0,0,0,0,0.19524999999999998,0.21525,0,0,0,0,1,1,0.22807017543859648,0.30158730158730157,0.8245614035087719,0.15625,0.22727272727272727,0.21052631578947367,0.046875,0.046875,0.10526315789473684,1.6666666666666667,0.6666666666666666,0.3541666666666667,0.2916666666666667,0.4166666666666667,0.2708333333333333,0.020833333333333332,0.28534777777777776,0.4955411111111111,0.2,0.23809523809523808,0.3478166666666666,0.5226500000000001,0.22580645161290322,0.3387096774193548,0.22727272727272727,0.2222222222222222,0.37037037037037035,0.21666666666666667,0.6589861751152074,0.2802197802197802,0.4574468085106383,0.15425531914893617,0.38461538461538464,0.23076923076923078,0.013986013986013986,8.715189873417723,1.0253164556962027,9.056962025316455,0.2345132743362832,0.6723546096008896,0.4918881894591291,0.6723546096008896,1.6666666666666667,,1.5,,,,,False,,0.5,,,,,False,,False
687263,Zach Neto,LAA,BOS,0,1.0,1,663776,Patrick Sandoval,L,824714,6:45 PM ET,Fenway Park,1,0,0.2629695885509839,2026-09-08,824714,0.0,1,102.5,97.9,86.2,R,5,4,0,0,0,0,0,1,0,1,0,3,0,0,1,2,0,0.208,0.26166666666666666,0,0,0,0,1,0,0.3492063492063492,0.39705882352941174,0.6984126984126984,0.27941176470588236,0.4634146341463415,0.23809523809523808,0.04411764705882353,0.058823529411764705,0.12698412698412698,2.466666666666667,1.2666666666666666,0.5,0.38636363636363635,0.25,0.29545454545454547,0.022727272727272728,0.38413888888888886,0.6553522222222222,0.3,0.42857142857142855,0.38926666666666665,0.4887,0.3220338983050847,0.4745762711864407,0.30303030303030304,0.19672131147540983,0.2786885245901639,0.25396825396825395,0.6589861751152074,0.2802197802197802,0.4574468085106383,0.15425531914893617,0.38461538461538464,0.23076923076923078,0.013986013986013986,8.715189873417723,1.0253164556962027,9.056962025316455,0.2345132743362832,0.7173786137682128,0.5341011378107411,0.7173786137682128,2.466666666666667,,1.5,,,,,False,,0.5,,,,,False,,False
592450,Aaron Judge,NYY,COL,1,3.0,1,687312,Gabriel Hughes,R,823500,7:05 PM ET,Yankee Stadium,1,1,0.24956063268892795,2026-09-08,823500,,0,94.4,100.1,100.3,R,4,4,1,0,0,0,0,0,0,2,1,2,0,0,2,0,0,0.009000000000000001,0.009000000000000001,1,0,1,0,1,1,0.17543859649122806,0.2727272727272727,0.7192982456140351,0.23880597014925373,0.21951219512195122,0.10526315789473684,0.014925373134328358,0.04477611940298507,0.07017543859649122,1.0666666666666667,1.0666666666666667,0.6190476190476191,0.19047619047619047,0.42857142857142855,0.30952380952380953,0.0,0.3642692307692308,0.6615064102564102,0.2222222222222222,0.13043478260869565,0.36868333333333336,0.6300166666666669,0.19298245614035087,0.3684210526315789,0.3230769230769231,0.2830188679245283,0.6037735849056604,0.27941176470588236,0.7203791469194313,0.25,0.42702702702702705,0.15675675675675677,0.40131578947368424,0.27631578947368424,0.019736842105263157,,,,,0.6306402212412353,0.3598122542496376,0.6306402212412353,1.0666666666666667,,1.5,,,,,False,,0.5,,,,,False,,False
669224,Austin Wells,NYY,COL,1,9.0,1,687312,Gabriel Hughes,R,823500,7:05 PM ET,Yankee Stadium,0,1,0.24956063268892795,2026-09-08,823500,,0,94.4,100.1,100.3,L,4,2,0,0,0,0,2,0,0,1,0,1,0,0,0,1,0,0.17,0.201,0,0,0,0,1,0,0.25,0.32608695652173914,0.575,0.3695652173913043,0.36363636363636365,0.175,0.043478260869565216,0.021739130434782608,0.075,1.1333333333333333,1.1333333333333333,0.5,0.2916666666666667,0.20833333333333334,0.375,0.0,0.3805902777777778,0.5894236111111112,0.21428571428571427,0.26666666666666666,0.28966666666666663,0.4504666666666666,0.25,0.425,0.30434782608695654,0.13725490196078433,0.23529411764705882,0.37735849056603776,0.7203791469194313,0.25,0.42702702702702705,0.15675675675675677,0.40131578947368424,0.27631578947368424,0.019736842105263157,,,,,0.4692414152579952,0.2468610345550304,0.4692414152579952,1.1333333333333333,,1.5,,,,,False,,0.5,,,,,False,,False
700250,Ben Rice,NYY,COL,1,1.0,1,687312,Gabriel Hughes,R,823500,7:05 PM ET,Yankee Stadium,0,1,0.24956063268892795,2026-09-08,823500,,0,94.4,100.1,100.3,L,5,4,0,0,0,0,1,0,0,2,0,2,0,1,1,0,0,0.02,0.0295,0,0,0,0,1,1,0.3448275862068966,0.4411764705882353,0.7758620689655172,0.19117647058823528,0.4186046511627907,0.13793103448275862,0.029411764705882353,0.029411764705882353,0.06896551724137931,1.8666666666666667,0.8666666666666667,0.4666666666666667,0.28888888888888886,0.3333333333333333,0.35555555555555557,0.022222222222222223,0.40076555555555554,0.7088555555555556,0.42857142857142855,0.13043478260869565,0.4154466666666667,0.6833666666666668,0.2711864406779661,0.5084745762711864,0.19117647058823528,0.22950819672131148,0.4098360655737705,0.3384615384615385,0.7203791469194313,0.25,0.42702702702702705,0.15675675675675677,0.40131578947368424,0.27631578947368424,0.019736842105263157,,,,,0.6580778912411857,0.4105373261738954,0.6580778912411857,1.8666666666666667,,1.5,,,,,False,,0.5,,,,,False,,False
641355,Cody Bellinger,NYY,COL,1,2.0,1,687312,Gabriel Hughes,R,823500,7:05 PM ET,Yankee Stadium,0,1,0.24956063268892795,2026-09-08,823500,,0,94.4,100.1,100.3,L,4,4,1,0,0,0,0,0,0,0,1,4,0,2,1,3,0,0.23950000000000002,0.27975,1,0,1,0,0,0,0.3114754098360656,0.328125,0.8360655737704918,0.15625,0.35294117647058826,0.08196721311475409,0.015625,0.03125,0.04918032786885246,1.6,0.6666666666666666,0.3076923076923077,0.3076923076923077,0.36538461538461536,0.19230769230769232,0.019230769230769232,0.30175,0.4054433333333333,0.391304347826087,0.21739130434782608,0.32565,0.38158000000000014,0.27586206896551724,0.3275862068965517,0.2903225806451613,0.32142857142857145,0.4107142857142857,0.14754098360655737,0.7203791469194313,0.25,0.42702702702702705,0.15675675675675677,0.40131578947368424,0.27631578947368424,0.019736842105263157,,,,,0.662234888767227,0.4078397212451846,0.662234888767227,1.6,,1.5,,,,,False,,0.5,,,,,False,,False
806146,George Lombard Jr.,NYY,COL,1,7.0,1,687312,Gabriel Hughes,R,823500,7:05 PM ET,Yankee Stadium,1,1,0.24956063268892795,2026-09-08,823500,,0,94.4,100.1,100.3,R,4,4,1,1,0,0,0,0,0,2,2,2,0,1,0,1,1,0.5205,0.614,1,0,1,1,1,1,0.21568627450980393,0.2631578947368421,0.6470588235294118,0.3157894736842105,0.3142857142857143,0.058823529411764705,0.0,0.017543859649122806,0.0392156862745098,0.9333333333333333,1.2,0.37142857142857144,0.17142857142857143,0.5714285714285714,0.2571428571428571,0.02857142857142857,0.30501111111111107,0.4506277777777778,0.07692307692307693,0.3125,0.2586,0.3618,0.21568627450980393,0.23529411764705882,0.2807017543859649,0.2727272727272727,0.7272727272727273,0.35714285714285715,0.7203791469194313,0.25,0.42702702702702705,0.15675675675675677,0.40131578947368424,0.27631578947368424,0.019736842105263157,,,,,0.6618550884684931,0.3987621948851791,0.6618550884684931,0.9333333333333333,,1.5,,,,,False,,0.5,,,,,False,,False
665862,Jazz Chisholm Jr.,NYY,COL,1,6.0,1,687312,Gabriel Hughes,R,823500,7:05 PM ET,Yankee Stadium,0,1,0.24956063268892795,2026-09-08,823500,,0,94.4,100.1,100.3,L,3,3,1,0,0,0,0,0,0,0,1,3,0,2,0,0,3,0.3686666666666667,0.5013333333333333,1,0,1,0,0,0,0.3541666666666667,0.4482758620689655,0.7708333333333334,0.1864406779661017,0.4166666666666667,0.20833333333333334,0.03389830508474576,0.03389830508474576,0.10416666666666667,1.8,0.7333333333333333,0.47368421052631576,0.2894736842105263,0.3684210526315789,0.3157894736842105,0.0,0.3537055555555556,0.4862055555555555,0.35294117647058826,0.23809523809523808,0.30770000000000003,0.37113333333333315,0.3541666666666667,0.5625,0.18181818181818182,0.2037037037037037,0.2962962962962963,0.3728813559322034,0.7203791469194313,0.25,0.42702702702702705,0.15675675675675677,0.40131578947368424,0.27631578947368424,0.019736842105263157,,,,,0.5963390792587845,0.353114401102171,0.5963390792587845,1.8,,1.5,,,,,False,,0.5,,,,,False,,False
671277,Luis García Jr.,NYY,COL,1,4.0,1,687312,Gabriel Hughes,R,823500,7:05 PM ET,Yankee Stadium,0,1,0.24956063268892795,2026-09-08,823500,,0,94.4,100.1,100.3,L,3,3,1,0,0,0,0,0,0,1,1,2,1,1,2,0,0,0.3215,1.0975000000000001,1,0,1,0,1,0,0.36,0.4074074074074074,0.78,0.2037037037037037,0.4,0.28,0.07407407407407407,0.037037037037037035,0.12,2.1333333333333333,0.7333333333333333,0.5128205128205128,0.23076923076923078,0.5128205128205128,0.1794871794871795,0.0,0.36156153846153843,0.7165653846153845,0.1875,0.3125,0.2100749999999999,0.269175,0.29411764705882354,0.5686274509803921,0.24074074074074073,0.21818181818181817,0.2727272727272727,0.21052631578947367,0.7203791469194313,0.25,0.42702702702702705,0.15675675675675677,0.40131578947368424,0.27631578947368424,0.019736842105263157,,,,,0.6259879468502642,0.3648591345465122,0.6259879468502642,2.1333333333333333,,1.5,,,,,False,,0.5,,,,,False,,False
641857,Ryan McMahon,NYY,COL,1,8.0,1,687312,Gabriel Hughes,R,823500,7:05 PM ET,Yankee Stadium,0,1,0.24956063268892795,2026-09-08,823500,,0,94.4,100.1,100.3,L,4,4,0,0,0,0,0,0,0,2,0,2,0,1,0,2,0,0.27999999999999997,0.3105,0,0,0,0,1,1,0.24324324324324326,0.3695652173913043,0.6756756756756757,0.2553191489361702,0.34615384615384615,0.05405405405405406,0.0,0.0425531914893617,0.05405405405405406,0.7333333333333333,0.8,0.3076923076923077,0.2692307692307692,0.38461538461538464,0.34615384615384615,0.0,0.31725000000000003,0.42543749999999997,0.2727272727272727,0.13333333333333333,0.37687499999999996,0.46650000000000025,0.2564102564102564,0.3076923076923077,0.22448979591836735,0.21621621621621623,0.43243243243243246,0.2558139534883721,0.7203791469194313,0.25,0.42702702702702705,0.15675675675675677,0.40131578947368424,0.27631578947368424,0.019736842105263157,,,,,0.5027373549258618,0.2970361548505542,0.5027373549258618,0.7333333333333333,,1.5,,,,,False,,0.5,,,,,False,,False
682987,Spencer Jones,NYY,COL,1,5.0,1,687312,Gabriel Hughes,R,823500,7:05 PM ET,Yankee Stadium,0,1,0.24956063268892795,2026-09-08,823500,,0,94.4,100.1,100.3,L,4,3,1,1,0,0,1,0,0,1,2,2,0,0,1,1,0,0.1505,0.1825,1,0,1,1,1,0,0.30434782608695654,0.35294117647058826,0.6086956521739131,0.34615384615384615,0.4230769230769231,0.2608695652173913,0.057692307692307696,0.057692307692307696,0.13043478260869565,1.7333333333333334,1.2,0.4827586206896552,0.4482758620689655,0.2413793103448276,0.27586206896551724,0.0,0.5321282051282051,0.9369935897435897,0.3333333333333333,0.42857142857142855,0.6131250000000001,1.2360833333333332,0.34,0.64,0.32142857142857145,0.3333333333333333,0.6666666666666666,0.2692307692307692,0.7203791469194313,0.25,0.42702702702702705,0.15675675675675677,0.40131578947368424,0.27631578947368424,0.019736842105263157,,,,,0.52257309834441,0.30630898844890825,0.52257309834441,1.7333333333333334,,1.5,,,,,False,,0.5,,,,,False,,False
691182,Adael Amador,COL,NYY,0,7.0,1,693645,Cam Schlittler,R,823500,7:05 PM ET,Yankee Stadium,1,1,0.22542372881355932,2026-09-08,823500,,0,94.4,100.1,100.3,R,1,1,0,0,0,0,0,0,0,0,0,1,0,1,0,1,0,0.657,0.778,0,0,0,0,0,0,0.37037037037037035,0.45161290322580644,0.8148148148148148,0.15625,0.4,0.2962962962962963,0.0625,0.0625,0.14814814814814814,1.2,0.3333333333333333,0.2608695652173913,0.17391304347826086,0.391304347826087,0.30434782608695654,0.043478260869565216,0.223025641025641,0.3794230769230769,0.3,0.09090909090909091,0.24080000000000004,0.27013333333333334,0.2926829268292683,0.5365853658536586,0.1276595744680851,0.18518518518518517,0.25925925925925924,0.16129032258064516,0.5654008438818565,0.1642512077294686,0.2796208530805687,0.0995260663507109,0.4552238805970149,0.23134328358208955,0.014925373134328358,7.517045454545454,1.3806818181818181,11.045454545454545,0.3,0.5111204735511006,0.21730928757466758,0.5111204735511006,1.2,,1.5,,,,,False,,0.5,,,,,False,,False
694249,Cole Carrigg,COL,NYY,0,2.0,1,693645,Cam Schlittler,R,823500,7:05 PM ET,Yankee Stadium,0,1,0.22542372881355932,2026-09-08,823500,,0,94.4,100.1,100.3,L,3,3,1,0,0,0,0,0,0,2,1,1,0,0,0,0,1,0.617,0.707,1,0,1,0,1,1,0.2647058823529412,0.2857142857142857,0.7941176470588235,0.2,0.3076923076923077,0.20588235294117646,0.02857142857142857,0.05714285714285714,0.11764705882352941,1.0666666666666667,0.4666666666666667,0.4074074074074074,0.2962962962962963,0.3333333333333333,0.3333333333333333,0.07407407407407407,0.32205128205128203,0.6048205128205129,0.5,0.21428571428571427,0.4696458333333334,0.9874375,0.1724137931034483,0.3275862068965517,0.23076923076923078,0.27586206896551724,0.4482758620689655,0.25806451612903225,0.5654008438818565,0.1642512077294686,0.2796208530805687,0.0995260663507109,0.4552238805970149,0.23134328358208955,0.014925373134328358,7.517045454545454,1.3806818181818181,11.045454545454545,0.3,0.4949580570088162,0.2652498029978887,0.4949580570088162,1.0666666666666667,,1.5,,,,,False,,0.5,,,,,False,,False
678662,Ezequiel Tovar,COL,NYY,0,9.0,1,693645,Cam Schlittler,R,823500,7:05 PM ET,Yankee Stadium,1,1,0.22542372881355932,2026-09-08,823500,,0,94.4,100.1,100.3,R,3,3,0,0,0,0,0,0,0,2,0,1,0,0,1,0,0,0.037,0.093,0,0,0,0,1,1,0.2631578947368421,0.30952380952380953,0.6842105263157895,0.27906976744186046,0.34615384615384615,0.10526315789473684,0.023255813953488372,0.023255813953488372,0.05263157894736842,0.9333333333333333,0.8,0.3333333333333333,0.25925925925925924,0.2962962962962963,0.4074074074074074,0.037037037037037035,0.34276190476190477,0.532297619047619,0.36363636363636365,0.36363636363636365,0.3673333333333334,0.4382500000000002,0.2727272727272727,0.38636363636363635,0.28,0.2682926829268293,0.36585365853658536,0.21739130434782608,0.5654008438818565,0.1642512077294686,0.2796208530805687,0.0995260663507109,0.4552238805970149,0.23134328358208955,0.014925373134328358,7.517045454545454,1.3806818181818181,11.045454545454545,0.3,0.47170055729880783,0.23071831711534865,0.47170055729880783,0.9333333333333333,,1.5,,,,,False,,0.5,,,,,False,,False
696100,Hunter Goodman,COL,NYY,0,4.0,1,693645,Cam Schlittler,R,823500,7:05 PM ET,Yankee Stadium,1,1,0.22542372881355932,2026-09-08,823500,,0,94.4,100.1,100.3,R,2,1,0,0,0,0,0,1,0,0,0,1,0,1,0,1,0,0.249,0.26,0,0,0,0,0,0,0.23214285714285715,0.2903225806451613,0.7321428571428571,0.23809523809523808,0.2564102564102564,0.23214285714285715,0.047619047619047616,0.031746031746031744,0.10714285714285714,1.7333333333333334,1.0,0.40476190476190477,0.16666666666666666,0.4523809523809524,0.2619047619047619,0.023809523809523808,0.27605555555555555,0.5735777777777777,0.15,0.391304347826087,0.2809666666666667,0.37376666666666647,0.23214285714285715,0.44642857142857145,0.3548387096774194,0.20408163265306123,0.3469387755102041,0.29310344827586204,0.5654008438818565,0.1642512077294686,0.2796208530805687,0.0995260663507109,0.4552238805970149,0.23134328358208955,0.014925373134328358,7.517045454545454,1.3806818181818181,11.045454545454545,0.3,0.617481459208137,0.35714190310422533,0.617481459208137,1.7333333333333334,,1.5,,,,,False,,0.5,,,,,False,,False
664983,Jake McCarthy,COL,NYY,0,1.0,1,693645,Cam Schlittler,R,823500,7:05 PM ET,Yankee Stadium,0,1,0.22542372881355932,2026-09-08,823500,,0,94.4,100.1,100.3,L,5,5,3,0,0,1,0,0,0,0,6,5,0,4,2,3,0,0.42539999999999994,1.0022,1,1,1,1,0,0,0.25806451612903225,0.3380281690140845,0.8709677419354839,0.11267605633802817,0.2777777777777778,0.12903225806451613,0.014084507042253521,0.04225352112676056,0.08064516129032258,1.6,0.5333333333333333,0.36363636363636365,0.36363636363636365,0.41818181818181815,0.21818181818181817,0.03636363636363636,0.33444666666666667,0.4734966666666666,0.2857142857142857,0.08,0.26897333333333334,0.4370399999999998,0.24193548387096775,0.3387096774193548,0.12857142857142856,0.265625,0.46875,0.13043478260869565,0.5654008438818565,0.1642512077294686,0.2796208530805687,0.0995260663507109,0.4552238805970149,0.23134328358208955,0.014925373134328358,7.517045454545454,1.3806818181818181,11.045454545454545,0.3,0.6361149425135756,0.33875158571288405,0.6361149425135756,1.6,,1.5,,,,,False,,0.5,,,,,False,,False
691720,Kyle Karros,COL,NYY,0,6.0,1,693645,Cam Schlittler,R,823500,7:05 PM ET,Yankee Stadium,1,1,0.22542372881355932,2026-09-08,823500,,0,94.4,100.1,100.3,R,2,2,0,0,0,0,0,0,0,1,0,1,0,0,0,1,0,0.113,0.115,0,0,0,0,1,0,0.3018867924528302,0.3870967741935484,0.7924528301886793,0.1746031746031746,0.35714285714285715,0.09433962264150944,0.015873015873015872,0.031746031746031744,0.05660377358490566,1.4,0.7333333333333333,0.3023255813953488,0.2558139534883721,0.3953488372093023,0.27906976744186046,0.0,0.32211666666666666,0.48845000000000005,0.17647058823529413,0.09523809523809523,0.2953166666666666,0.6498,0.23214285714285715,0.42857142857142855,0.2542372881355932,0.3191489361702128,0.44680851063829785,0.12903225806451613,0.5654008438818565,0.1642512077294686,0.2796208530805687,0.0995260663507109,0.4552238805970149,0.23134328358208955,0.014925373134328358,7.517045454545454,1.3806818181818181,11.045454545454545,0.3,0.6099225447746303,0.30721435811408604,0.6099225447746303,1.4,,1.5,,,,,False,,0.5,,,,,False,,False
666160,Mickey Moniak,COL,NYY,0,5.0,1,693645,Cam Schlittler,R,823500,7:05 PM ET,Yankee Stadium,0,1,0.22542372881355932,2026-09-08,823500,,0,94.4,100.1,100.3,L,4,4,2,0,0,1,0,0,0,2,5,2,1,1,1,0,1,0.9530000000000001,2.4305,1,1,1,1,1,1,0.16666666666666666,0.1935483870967742,0.7333333333333333,0.25806451612903225,0.19047619047619047,0.13333333333333333,0.03225806451612903,0.03225806451612903,0.06666666666666667,1.2,1.0666666666666667,0.36363636363636365,0.22727272727272727,0.3409090909090909,0.3409090909090909,0.0,0.23610555555555557,0.3317277777777778,0.15789473684210525,0.10526315789473684,0.2513166666666667,0.3155,0.17857142857142858,0.30357142857142855,0.2459016393442623,0.25,0.48214285714285715,0.27419354838709675,0.5654008438818565,0.1642512077294686,0.2796208530805687,0.0995260663507109,0.4552238805970149,0.23134328358208955,0.014925373134328358,7.517045454545454,1.3806818181818181,11.045454545454545,0.3,0.5665679059761359,0.30417793370051155,0.5665679059761359,1.2,,1.5,,,,,False,,0.5,,,,,False,,False
681198,TJ Rumfield,COL,NYY,0,3.0,1,693645,Cam Schlittler,R,823500,7:05 PM ET,Yankee Stadium,0,1,0.22542372881355932,2026-09-08,823500,,0,94.4,100.1,100.3,L,4,4,3,1,0,0,0,0,0,1,4,3,0,0,1,1,1,0.5123333333333334,0.586,1,1,1,1,1,0,0.3191489361702128,0.5,0.8723404255319149,0.09375,0.3333333333333333,0.2127659574468085,0.03125,0.03125,0.10638297872340426,1.6666666666666667,0.4,0.3902439024390244,0.17073170731707318,0.4634146341463415,0.2682926829268293,0.04878048780487805,0.30687777777777775,0.5092722222222222,0.4444444444444444,0.09090909090909091,0.3835,0.8495000000000001,0.2916666666666667,0.4791666666666667,0.12698412698412698,0.30612244897959184,0.3469387755102041,0.07936507936507936,0.5654008438818565,0.1642512077294686,0.2796208530805687,0.0995260663507109,0.4552238805970149,0.23134328358208955,0.014925373134328358,7.517045454545454,1.3806818181818181,11.045454545454545,0.3,0.6167367268685647,0.34614464838759124,0.6167367268685647,1.6666666666666667,,1.5,,,,,False,,0.5,,,,,False,,False
691728,Zac Veen,COL,NYY,0,8.0,1,693645,Cam Schlittler,R,823500,7:05 PM ET,Yankee Stadium,0,1,0.22542372881355932,2026-09-08,823500,,0,94.4,100.1,100.3,L,1,1,1,0,0,0,0,0,0,0,1,1,0,0,0,0,1,0.617,0.707,1,0,1,0,0,0,0.21739130434782608,0.3333333333333333,0.4782608695652174,0.41379310344827586,0.45454545454545453,0.13043478260869565,0.0,0.034482758620689655,0.08695652173913043,0.5333333333333333,0.8,0.38461538461538464,0.15384615384615385,0.5384615384615384,0.3076923076923077,0.0,0.29240740740740745,0.5295925925925926,0.2857142857142857,0.4,0.4506666666666667,1.0849999999999997,0.25,0.4166666666666667,0.41379310344827586,0.13333333333333333,0.13333333333333333,0.2777777777777778,0.5654008438818565,0.1642512077294686,0.2796208530805687,0.0995260663507109,0.4552238805970149,0.23134328358208955,0.014925373134328358,7.517045454545454,1.3806818181818181,11.045454545454545,0.3,0.4509545205214914,0.2326496201989996,0.4509545205214914,0.5333333333333333,,1.5,,,,,False,,0.5,,,,,False,,False
663586,Austin Riley,ATL,TB,1,7.0,1,642547,Freddy Peralta,R,824875,7:15 PM ET,Truist Park,1,1,0.22841726618705036,2026-09-08,824875,,0,100.6,98.4,97.1,R,3,2,0,0,0,0,0,1,0,2,0,0,0,0,0,0,0,0.48075,1.174,0,0,0,0,1,1,0.25,0.2982456140350877,0.6730769230769231,0.2982456140350877,0.34285714285714286,0.1346153846153846,0.017543859649122806,0.03508771929824561,0.07692307692307693,1.3333333333333333,1.1333333333333333,0.3611111111111111,0.3055555555555556,0.2222222222222222,0.3611111111111111,0.027777777777777776,0.37604166666666666,0.6820833333333335,0.2631578947368421,0.2631578947368421,0.38885000000000003,0.9589166666666668,0.19230769230769232,0.28846153846153844,0.3508771929824561,0.28846153846153844,0.5,0.3448275862068966,0.6968325791855203,0.24064171122994651,0.5025380710659898,0.2233502538071066,0.33766233766233766,0.35064935064935066,0.032467532467532464,11.013157894736842,1.5986842105263157,8.526315789473685,0.20425531914893616,0.6426764354698385,0.3674442694896314,0.6426764354698385,1.3333333333333333,,1.5,,,,,False,,0.5,,,,,False,,False
686948,Drake Baldwin,ATL,TB,1,4.0,1,642547,Freddy Peralta,R,824875,7:15 PM ET,Truist Park,0,1,0.22841726618705036,2026-09-08,824875,,0,100.6,98.4,97.1,L,4,4,0,0,0,0,0,0,0,2,0,2,0,0,0,2,0,0.119,0.1345,0,0,0,0,1,1,0.3225806451612903,0.36363636363636365,0.6774193548387096,0.30303030303030304,0.4634146341463415,0.14516129032258066,0.015151515151515152,0.09090909090909091,0.11290322580645161,1.9333333333333333,1.3333333333333333,0.42857142857142855,0.2857142857142857,0.38095238095238093,0.3333333333333333,0.047619047619047616,0.36082777777777775,0.6110111111111112,0.2727272727272727,0.2608695652173913,0.38008333333333333,0.57135,0.3225806451612903,0.5,0.2727272727272727,0.25396825396825395,0.3492063492063492,0.18181818181818182,0.6968325791855203,0.24064171122994651,0.5025380710659898,0.2233502538071066,0.33766233766233766,0.35064935064935066,0.032467532467532464,11.013157894736842,1.5986842105263157,8.526315789473685,0.20425531914893616,0.6558579678440783,0.4334034236988727,0.6558579678440783,1.9333333333333333,,1.5,,,,,False,,0.5,,,,,False,,False
621566,Matt Olson,ATL,TB,1,3.0,1,642547,Freddy Peralta,R,824875,7:15 PM ET,Truist Park,0,1,0.22841726618705036,2026-09-08,824875,,0,100.6,98.4,97.1,L,3,3,1,0,0,0,0,0,0,1,1,2,0,1,0,2,0,0.30300000000000005,0.36400000000000005,1,0,1,0,1,0,0.15,0.203125,0.6833333333333333,0.296875,0.2,0.08333333333333333,0.015625,0.03125,0.05,0.9333333333333333,1.2666666666666666,0.5609756097560976,0.21951219512195122,0.36585365853658536,0.4146341463414634,0.0,0.30635,0.5650666666666667,0.05,0.42857142857142855,0.19400000000000012,0.30626666666666646,0.19298245614035087,0.3508771929824561,0.2698412698412698,0.18032786885245902,0.4098360655737705,0.4126984126984127,0.6968325791855203,0.24064171122994651,0.5025380710659898,0.2233502538071066,0.33766233766233766,0.35064935064935066,0.032467532467532464,11.013157894736842,1.5986842105263157,8.526315789473685,0.20425531914893616,0.624692860532465,0.40409157257890044,0.624692860532465,0.9333333333333333,,1.5,,,,,False,,0.5,,,,,False,,False
643289,Mauricio Dubón,ATL,TB,1,5.0,1,642547,Freddy Peralta,R,824875,7:15 PM ET,Truist Park,1,1,0.22841726618705036,2026-09-08,824875,,0,100.6,98.4,97.1,R,3,3,0,0,0,0,0,0,0,0,0,3,0,1,2,1,0,0.2986666666666667,0.338,0,0,0,0,0,0,0.3275862068965517,0.35,0.9310344827586207,0.06666666666666667,0.33962264150943394,0.08620689655172414,0.016666666666666666,0.03333333333333333,0.05172413793103448,1.6,0.26666666666666666,0.24074074074074073,0.25925925925925924,0.3333333333333333,0.3148148148148148,0.018518518518518517,0.27350444444444444,0.3542355555555556,0.2,0.2,0.22006666666666663,0.3206333333333334,0.24528301886792453,0.2641509433962264,0.10714285714285714,0.2807017543859649,0.45614035087719296,0.08196721311475409,0.6968325791855203,0.24064171122994651,0.5025380710659898,0.2233502538071066,0.33766233766233766,0.35064935064935066,0.032467532467532464,11.013157894736842,1.5986842105263157,8.526315789473685,0.20425531914893616,0.6797570750035556,0.38957833167904926,0.6797570750035556,1.6,,1.5,,,,,False,,0.5,,,,,False,,False
671739,Michael Harris II,ATL,TB,1,1.0,1,642547,Freddy Peralta,R,824875,7:15 PM ET,Truist Park,0,1,0.22841726618705036,2026-09-08,824875,,0,100.6,98.4,97.1,L,3,3,1,0,0,0,0,0,0,1,1,2,0,1,0,2,0,0.3195,0.3285,1,0,1,0,1,0,0.2909090909090909,0.3157894736842105,0.7636363636363637,0.21666666666666667,0.3157894736842105,0.2909090909090909,0.06666666666666667,0.06666666666666667,0.14545454545454545,2.1333333333333333,0.8666666666666667,0.45454545454545453,0.2727272727272727,0.45454545454545453,0.22727272727272727,0.045454545454545456,0.3627166666666667,0.6257611111111111,0.11764705882352941,0.2222222222222222,0.321,0.5291333333333332,0.3333333333333333,0.6111111111111112,0.2033898305084746,0.26666666666666666,0.55,0.18032786885245902,0.6968325791855203,0.24064171122994651,0.5025380710659898,0.2233502538071066,0.33766233766233766,0.35064935064935066,0.032467532467532464,11.013157894736842,1.5986842105263157,8.526315789473685,0.20425531914893616,0.6537603694087707,0.4041005948639445,0.6537603694087707,2.1333333333333333,,1.5,,,,,False,,0.5,,,,,False,,False
573262,Mike Yastrzemski,ATL,TB,1,8.0,1,642547,Freddy Peralta,R,824875,7:15 PM ET,Truist Park,0,1,0.22841726618705036,2026-09-08,824875,,0,100.6,98.4,97.1,L,4,3,1,0,0,0,1,0,0,2,1,1,0,0,1,0,0,0.769,0.804,1,0,1,0,1,1,0.2,0.3,0.6857142857142857,0.275,0.2916666666666667,0.02857142857142857,0.0,0.025,0.02857142857142857,0.5333333333333333,0.7333333333333333,0.4166666666666667,0.20833333333333334,0.5,0.25,0.0,0.4117121212121212,0.5490984848484849,0.14285714285714285,0.2,0.22977777777777766,0.3533611111111112,0.2,0.22857142857142856,0.275,0.21739130434782608,0.32608695652173914,0.23636363636363636,0.6968325791855203,0.24064171122994651,0.5025380710659898,0.2233502538071066,0.33766233766233766,0.35064935064935066,0.032467532467532464,11.013157894736842,1.5986842105263157,8.526315789473685,0.20425531914893616,0.4707715988511563,0.2675027392244945,0.4707715988511563,0.5333333333333333,,1.5,,,,,False,,0.5,,,,,False,,False
645277,Ozzie Albies,ATL,TB,1,6.0,1,642547,Freddy Peralta,R,824875,7:15 PM ET,Truist Park,1,1,0.22841726618705036,2026-09-08,824875,,0,100.6,98.4,97.1,R,4,4,0,0,0,0,0,0,0,1,0,3,0,0,2,1,0,0.121,0.147,0,0,0,0,1,0,0.1951219512195122,0.25,0.8048780487804879,0.18181818181818182,0.21875,0.12195121951219512,0.022727272727272728,0.045454545454545456,0.07317073170731707,0.8666666666666667,0.5333333333333333,0.30303030303030304,0.30303030303030304,0.42424242424242425,0.21212121212121213,0.030303030303030304,0.26668333333333333,0.37451666666666666,0.21428571428571427,0.07142857142857142,0.2448333333333333,0.2903833333333334,0.21818181818181817,0.2909090909090909,0.12903225806451613,0.25,0.4166666666666667,0.171875,0.6968325791855203,0.24064171122994651,0.5025380710659898,0.2233502538071066,0.33766233766233766,0.35064935064935066,0.032467532467532464,11.013157894736842,1.5986842105263157,8.526315789473685,0.20425531914893616,0.5646381453121372,0.2920494545839833,0.5646381453121372,0.8666666666666667,,1.5,,,,,False,,0.5,,,,,False,,False
660670,Ronald Acuña Jr.,ATL,TB,1,2.0,1,642547,Freddy Peralta,R,824875,7:15 PM ET,Truist Park,1,1,0.22841726618705036,2026-09-08,824875,,0,100.6,98.4,97.1,R,4,3,0,0,0,0,1,0,0,1,0,2,0,1,1,0,0,0.11850000000000001,0.4455,0,0,0,0,1,0,0.3275862068965517,0.3939393939393939,0.7586206896551724,0.208955223880597,0.38095238095238093,0.20689655172413793,0.04477611940298507,0.04477611940298507,0.10344827586206896,2.066666666666667,0.9333333333333333,0.4444444444444444,0.24444444444444444,0.4888888888888889,0.2222222222222222,0.022222222222222223,0.32589555555555555,0.5961633333333334,0.47619047619047616,0.17391304347826086,0.3907533333333334,0.90009,0.26666666666666666,0.4,0.3181818181818182,0.2807017543859649,0.49122807017543857,0.208955223880597,0.6968325791855203,0.24064171122994651,0.5025380710659898,0.2233502538071066,0.33766233766233766,0.35064935064935066,0.032467532467532464,11.013157894736842,1.5986842105263157,8.526315789473685,0.20425531914893616,0.6787315305240383,0.4500063015237126,0.6787315305240383,2.066666666666667,,1.5,,,,,False,,0.5,,,,,False,,False
669221,Sean Murphy,ATL,TB,1,9.0,1,642547,Freddy Peralta,R,824875,7:15 PM ET,Truist Park,1,1,0.22841726618705036,2026-09-08,824875,,0,100.6,98.4,97.1,R,4,4,0,0,0,0,0,0,0,2,0,2,0,0,0,2,0,0.11399999999999999,0.126,0,0,0,0,1,1,0.28,0.35714285714285715,0.64,0.32142857142857145,0.3793103448275862,0.24,0.05357142857142857,0.05357142857142857,0.12,1.7333333333333334,1.2,0.4375,0.21875,0.5,0.25,0.03125,0.3769222222222222,0.6048000000000001,0.375,0.2857142857142857,0.5327000000000001,0.9368666666666666,0.25,0.4807692307692308,0.39285714285714285,0.13333333333333333,0.15555555555555556,0.3333333333333333,0.6968325791855203,0.24064171122994651,0.5025380710659898,0.2233502538071066,0.33766233766233766,0.35064935064935066,0.032467532467532464,11.013157894736842,1.5986842105263157,8.526315789473685,0.20425531914893616,0.4577951677463515,0.2389887755004556,0.4577951677463515,1.7333333333333334,,1.5,,,,,False,,0.5,,,,,False,,False
802415,Chandler Simpson,TB,ATL,0,5.0,1,700363,AJ Smith-Shawver,R,824875,7:15 PM ET,Truist Park,0,1,0.16460176991150444,2026-09-08,824875,,0,100.6,98.4,97.1,L,5,5,2,0,0,0,0,0,0,0,2,5,0,2,0,4,1,0.30725,0.369,1,1,1,1,0,0,0.3157894736842105,0.35,0.9298245614035088,0.06349206349206349,0.33962264150943394,0.017543859649122806,0.0,0.015873015873015872,0.017543859649122806,1.2666666666666666,0.26666666666666666,0.05454545454545454,0.18181818181818182,0.6363636363636364,0.12727272727272726,0.0,0.2842222222222222,0.3237555555555555,0.23809523809523808,0.14285714285714285,0.30873333333333336,0.36191666666666666,0.39344262295081966,0.4262295081967213,0.03076923076923077,0.36363636363636365,0.4,0.06451612903225806,0.6872037914691943,0.2154696132596685,0.34054054054054056,0.10810810810810811,0.3448275862068966,0.32413793103448274,0.034482758620689655,7.6107382550335565,0.5436241610738255,8.516778523489931,0.22169811320754718,0.6598162701117528,0.3744857196926001,0.6598162701117528,1.2666666666666666,,1.5,,,,,False,,0.5,,,,,False,,False
666018,Jonathan Aranda,TB,ATL,0,2.0,1,700363,AJ Smith-Shawver,R,824875,7:15 PM ET,Truist Park,0,1,0.16460176991150444,2026-09-08,824875,,0,100.6,98.4,97.1,L,5,4,2,1,0,0,0,0,1,0,3,5,0,1,2,0,2,0.45299999999999996,0.5399999999999999,1,1,1,1,0,0,0.23636363636363636,0.3114754098360656,0.6909090909090909,0.2786885245901639,0.2647058823529412,0.2545454545454545,0.06557377049180328,0.03278688524590164,0.10909090909090909,1.8,1.1333333333333333,0.5526315789473685,0.2894736842105263,0.39473684210526316,0.2894736842105263,0.07894736842105263,0.3733205128205128,0.6956666666666667,0.2631578947368421,0.36363636363636365,0.43316666666666664,1.0275416666666666,0.26785714285714285,0.42857142857142855,0.25806451612903225,0.22033898305084745,0.3559322033898305,0.26153846153846155,0.6872037914691943,0.2154696132596685,0.34054054054054056,0.10810810810810811,0.3448275862068966,0.32413793103448274,0.034482758620689655,7.6107382550335565,0.5436241610738255,8.516778523489931,0.22169811320754718,0.659015204599447,0.3903862828542475,0.659015204599447,1.8,,1.5,,,,,False,,0.5,,,,,False,,False
676356,Jonny DeLuca,TB,ATL,0,6.0,1,700363,AJ Smith-Shawver,R,824875,7:15 PM ET,Truist Park,1,1,0.16460176991150444,2026-09-08,824875,,0,100.6,98.4,97.1,R,5,5,2,0,0,0,0,0,0,0,2,5,0,2,2,1,2,0.41200000000000003,0.4968,1,1,1,1,0,0,0.23529411764705882,0.2777777777777778,0.7843137254901961,0.2,0.28205128205128205,0.11764705882352941,0.01818181818181818,0.05454545454545454,0.0784313725490196,1.2,0.7333333333333333,0.24390243902439024,0.14634146341463414,0.4634146341463415,0.24390243902439024,0.0,0.21766666666666667,0.27007777777777775,0.125,0.21052631578947367,0.1903333333333334,0.22239999999999993,0.24528301886792453,0.4339622641509434,0.25,0.2708333333333333,0.4375,0.12244897959183673,0.6872037914691943,0.2154696132596685,0.34054054054054056,0.10810810810810811,0.3448275862068966,0.32413793103448274,0.034482758620689655,7.6107382550335565,0.5436241610738255,8.516778523489931,0.22169811320754718,0.6309382954907741,0.32401010440111805,0.6309382954907741,1.2,,1.5,,,,,False,,0.5,,,,,False,,False
622761,Jorge Mateo,TB,ATL,0,9.0,1,700363,AJ Smith-Shawver,R,824875,7:15 PM ET,Truist Park,1,1,0.16460176991150444,2026-09-08,824875,,0,100.6,98.4,97.1,R,4,4,0,0,0,0,0,0,0,1,0,3,0,1,0,2,1,0.3463333333333333,0.44533333333333336,0,0,0,0,1,0,0.15,0.20454545454545456,0.775,0.20454545454545456,0.16129032258064516,0.125,0.022727272727272728,0.045454545454545456,0.075,0.7333333333333333,0.6,0.21875,0.28125,0.28125,0.3125,0.0,0.312,0.5437692307692307,0.07142857142857142,0.3333333333333333,0.1461111111111111,0.17355555555555555,0.14285714285714285,0.2571428571428571,0.2894736842105263,0.11428571428571428,0.14285714285714285,0.2894736842105263,0.6872037914691943,0.2154696132596685,0.34054054054054056,0.10810810810810811,0.3448275862068966,0.32413793103448274,0.034482758620689655,7.6107382550335565,0.5436241610738255,8.516778523489931,0.22169811320754718,0.33925929806463245,0.19543544383754227,0.33925929806463245,0.7333333333333333,,1.5,,,,,False,,0.5,,,,,False,,False
691406,Junior Caminero,TB,ATL,0,3.0,1,700363,AJ Smith-Shawver,R,824875,7:15 PM ET,Truist Park,1,1,0.16460176991150444,2026-09-08,824875,,0,100.6,98.4,97.1,R,5,2,0,0,0,0,2,0,1,0,0,3,0,1,2,1,0,0.0915,0.1265,0,0,0,0,0,0,0.3333333333333333,0.38461538461538464,0.8,0.18461538461538463,0.37777777777777777,0.18333333333333332,0.046153846153846156,0.03076923076923077,0.08333333333333333,2.066666666666667,0.8,0.5416666666666666,0.2916666666666667,0.4791666666666667,0.125,0.0,0.4091255555555556,0.6192811111111111,0.2608695652173913,0.30434782608695654,0.43265999999999993,0.6210266666666667,0.2459016393442623,0.32786885245901637,0.2,0.30357142857142855,0.5357142857142857,0.16393442622950818,0.6872037914691943,0.2154696132596685,0.34054054054054056,0.10810810810810811,0.3448275862068966,0.32413793103448274,0.034482758620689655,7.6107382550335565,0.5436241610738255,8.516778523489931,0.22169811320754718,0.6990713280863846,0.4195878718533806,0.6990713280863846,2.066666666666667,,1.5,,,,,False,,0.5,,,,,False,,False
689414,Liam Hicks,TB,ATL,0,4.0,1,700363,AJ Smith-Shawver,R,824875,7:15 PM ET,Truist Park,0,1,0.16460176991150444,2026-09-08,824875,,0,100.6,98.4,97.1,L,1,1,0,0,0,0,0,0,0,0,0,1,0,0,0,0,1,0.3,0.322,0,0,0,0,0,0,0.32653061224489793,0.34615384615384615,0.8571428571428571,0.1346153846153846,0.35714285714285715,0.08163265306122448,0.019230769230769232,0.019230769230769232,0.04081632653061224,1.3333333333333333,0.4666666666666667,0.20930232558139536,0.3488372093023256,0.32558139534883723,0.20930232558139536,0.0,0.33800555555555556,0.42257222222222224,0.3333333333333333,0.16666666666666666,0.43200000000000005,0.4752499999999998,0.3191489361702128,0.3829787234042553,0.1320754716981132,0.1875,0.1875,0.11864406779661017,0.6872037914691943,0.2154696132596685,0.34054054054054056,0.10810810810810811,0.3448275862068966,0.32413793103448274,0.034482758620689655,7.6107382550335565,0.5436241610738255,8.516778523489931,0.22169811320754718,0.635081324084612,0.3847503780923565,0.635081324084612,1.3333333333333333,,1.5,,,,,False,,0.5,,,,,False,,False
680700,Richie Palacios,TB,ATL,0,8.0,1,700363,AJ Smith-Shawver,R,824875,7:15 PM ET,Truist Park,0,1,0.16460176991150444,2026-09-08,824875,,0,100.6,98.4,97.1,L,2,2,1,0,0,1,0,0,0,0,4,2,0,1,1,1,0,0.2605,0.8525,1,0,1,1,0,0,0.14,0.2,0.9,0.08928571428571429,0.11363636363636363,0.16,0.03571428571428571,0.03571428571428571,0.08,1.0,0.3333333333333333,0.2553191489361702,0.1702127659574468,0.48936170212765956,0.23404255319148937,0.02127659574468085,0.24592857142857144,0.33147023809523807,0.17647058823529413,0.05263157894736842,0.23233333333333336,0.3496833333333333,0.16981132075471697,0.2830188679245283,0.11864406779661017,0.3,0.4,0.14285714285714285,0.6872037914691943,0.2154696132596685,0.34054054054054056,0.10810810810810811,0.3448275862068966,0.32413793103448274,0.034482758620689655,7.6107382550335565,0.5436241610738255,8.516778523489931,0.22169811320754718,0.5630602345986137,0.3078662250895452,0.5630602345986137,1.0,,1.5,,,,,False,,0.5,,,,,False,,False
683748,Victor Mesa Jr.,TB,ATL,0,7.0,1,700363,AJ Smith-Shawver,R,824875,7:15 PM ET,Truist Park,0,1,0.16460176991150444,2026-09-08,824875,,0,100.6,98.4,97.1,L,4,4,1,0,0,0,0,0,0,0,1,4,0,1,2,1,1,0.25925,0.289,1,0,1,0,0,0,0.2857142857142857,0.3137254901960784,0.8571428571428571,0.1346153846153846,0.3,0.22448979591836735,0.038461538461538464,0.019230769230769232,0.10204081632653061,1.6666666666666667,0.4666666666666667,0.32558139534883723,0.18604651162790697,0.27906976744186046,0.4418604651162791,0.046511627906976744,0.24611309523809524,0.45445238095238094,0.3333333333333333,0.1111111111111111,0.2524,0.29436666666666667,0.1702127659574468,0.40425531914893614,0.12,0.35,0.575,0.18604651162790697,0.6872037914691943,0.2154696132596685,0.34054054054054056,0.10810810810810811,0.3448275862068966,0.32413793103448274,0.034482758620689655,7.6107382550335565,0.5436241610738255,8.516778523489931,0.22169811320754718,0.5360058490188767,0.3187775233303969,0.5360058490188767,1.6666666666666667,,1.5,,,,,False,,0.5,,,,,False,,False
650490,Yandy Díaz,TB,ATL,0,1.0,1,700363,AJ Smith-Shawver,R,824875,7:15 PM ET,Truist Park,1,1,0.16460176991150444,2026-09-08,824875,,0,100.6,98.4,97.1,R,5,5,2,0,0,0,0,0,0,1,2,4,0,3,1,1,2,0.70025,1.3275000000000001,1,1,1,1,1,0,0.27419354838709675,0.3382352941176471,0.8709677419354839,0.11764705882352941,0.28846153846153844,0.14516129032258066,0.029411764705882353,0.04411764705882353,0.08064516129032258,1.7333333333333334,0.5333333333333333,0.5,0.25925925925925924,0.5555555555555556,0.14814814814814814,0.018518518518518517,0.3200855555555556,0.532448888888889,0.4,0.043478260869565216,0.3896566666666667,0.7110233333333331,0.36666666666666664,0.55,0.13636363636363635,0.22033898305084745,0.4067796610169492,0.1323529411764706,0.6872037914691943,0.2154696132596685,0.34054054054054056,0.10810810810810811,0.3448275862068966,0.32413793103448274,0.034482758620689655,7.6107382550335565,0.5436241610738255,8.516778523489931,0.22169811320754718,0.6947167489121616,0.4450748556642838,0.6947167489121616,1.7333333333333334,,1.5,,,,,False,,0.5,,,,,False,,False
677951,Bobby Witt Jr.,KC,AZ,1,2.0,1,669203,Corbin Burnes,R,824063,7:40 PM ET,Kauffman Stadium,1,1,0.18466898954703834,2026-09-08,824063,,0,103.7,102.1,85.4,R,5,4,0,0,0,0,0,1,0,1,0,3,1,2,2,1,0,0.3753333333333333,1.0086666666666668,0,0,0,0,1,0,0.25862068965517243,0.34328358208955223,0.8103448275862069,0.16417910447761194,0.2978723404255319,0.1206896551724138,0.014925373134328358,0.05970149253731343,0.08620689655172414,1.4666666666666666,0.7333333333333333,0.5,0.2708333333333333,0.3333333333333333,0.2708333333333333,0.041666666666666664,0.40341,0.655741111111111,0.2777777777777778,0.13636363636363635,0.43741666666666673,0.8468499999999999,0.3103448275862069,0.5,0.18840579710144928,0.1864406779661017,0.3050847457627119,0.15384615384615385,0.6544715447154471,0.18269230769230768,0.3581395348837209,0.14883720930232558,0.4968944099378882,0.19875776397515527,0.031055900621118012,6.787709497206704,1.0558659217877095,8.597765363128492,0.23170731707317074,0.6764276072814089,0.4389520865056,0.6764276072814089,1.4666666666666666,,1.5,,,,,False,,0.5,,,,,False,,False
695600,Carter Jensen,KC,AZ,1,1.0,1,669203,Corbin Burnes,R,824063,7:40 PM ET,Kauffman Stadium,0,1,0.18466898954703834,2026-09-08,824063,,0,103.7,102.1,85.4,L,5,4,1,1,0,0,1,0,0,1,2,3,0,2,0,2,1,0.46366666666666667,0.611,1,0,1,1,1,0,0.3018867924528302,0.4153846153846154,0.7358490566037735,0.2153846153846154,0.29411764705882354,0.4339622641509434,0.09230769230769231,0.046153846153846156,0.18867924528301888,2.6,0.9333333333333333,0.6,0.15,0.35,0.5,0.025,0.4141666666666666,0.9630333333333333,0.42105263157894735,0.14285714285714285,0.5069,1.2336500000000001,0.28846153846153844,0.7307692307692307,0.19047619047619047,0.17857142857142858,0.30357142857142855,0.3125,0.6544715447154471,0.18269230769230768,0.3581395348837209,0.14883720930232558,0.4968944099378882,0.19875776397515527,0.031055900621118012,6.787709497206704,1.0558659217877095,8.597765363128492,0.23170731707317074,0.6195195580790455,0.3680863539213583,0.6195195580790455,2.6,,1.5,,,,,False,,0.5,,,,,False,,False
686555,Isaac Collins,KC,AZ,1,7.0,1,669203,Corbin Burnes,R,824063,7:40 PM ET,Kauffman Stadium,0,1,0.18466898954703834,2026-09-08,824063,,0,103.7,102.1,85.4,L,1,1,0,0,0,0,0,0,0,1,0,0,0,0,0,0,0,0.186,0.201,0,0,0,0,1,0,0.17647058823529413,0.3,0.7647058823529411,0.2,0.23076923076923078,0.08823529411764706,0.0,0.075,0.08823529411764706,0.6,0.5333333333333333,0.3076923076923077,0.11538461538461539,0.5384615384615384,0.23076923076923078,0.0,0.2076319444444444,0.2494861111111111,0.0,0.09090909090909091,0.18566666666666665,0.2114444444444443,0.16666666666666666,0.23809523809523808,0.18867924528301888,0.18,0.32,0.21818181818181817,0.6544715447154471,0.18269230769230768,0.3581395348837209,0.14883720930232558,0.4968944099378882,0.19875776397515527,0.031055900621118012,6.787709497206704,1.0558659217877095,8.597765363128492,0.23170731707317074,0.533152821613749,0.27020425618008853,0.533152821613749,0.6,,1.5,,,,,False,,0.5,,,,,False,,False
664728,Kyle Isbel,KC,AZ,1,9.0,1,669203,Corbin Burnes,R,824063,7:40 PM ET,Kauffman Stadium,0,1,0.18466898954703834,2026-09-08,824063,,0,103.7,102.1,85.4,L,4,3,0,0,0,0,1,0,0,1,0,2,0,0,0,0,0,0.089,0.0895,0,0,0,0,1,0,0.22,0.25,0.76,0.22641509433962265,0.25,0.16,0.03773584905660377,0.03773584905660377,0.08,1.2666666666666666,0.8,0.28205128205128205,0.1794871794871795,0.48717948717948717,0.3076923076923077,0.0,0.2601130952380952,0.3298690476190476,0.13333333333333333,0.26666666666666666,0.2556666666666667,0.2944583333333331,0.1956521739130435,0.3695652173913043,0.24,0.18,0.28,0.24074074074074073,0.6544715447154471,0.18269230769230768,0.3581395348837209,0.14883720930232558,0.4968944099378882,0.19875776397515527,0.031055900621118012,6.787709497206704,1.0558659217877095,8.597765363128492,0.23170731707317074,0.4472952169335886,0.22629650301354068,0.4472952169335886,1.2666666666666666,,1.5,,,,,False,,0.5,,,,,False,,False
683090,Matthew Lugo,KC,AZ,1,8.0,1,669203,Corbin Burnes,R,824063,7:40 PM ET,Kauffman Stadium,1,1,0.18466898954703834,2026-09-08,824063,,0,103.7,102.1,85.4,R,3,3,1,0,0,0,0,0,0,0,1,3,0,0,0,2,0,0.17899999999999996,0.20166666666666666,1,0,1,0,0,0,0.22580645161290322,0.22580645161290322,0.6451612903225806,0.3548387096774194,0.3157894736842105,0.0967741935483871,0.03225806451612903,0.0,0.03225806451612903,0.6666666666666666,0.7333333333333333,0.15,0.1,0.45,0.3,0.05,0.30111111111111105,0.4165138888888889,0.2857142857142857,0.5714285714285714,0.20699999999999996,0.24933333333333327,0.21621621621621623,0.2972972972972973,0.40540540540540543,0.1111111111111111,0.3333333333333333,0.2222222222222222,0.6544715447154471,0.18269230769230768,0.3581395348837209,0.14883720930232558,0.4968944099378882,0.19875776397515527,0.031055900621118012,6.787709497206704,1.0558659217877095,8.597765363128492,0.23170731707317074,0.5008174565787492,0.254923566182609,0.5008174565787492,0.6666666666666666,,1.5,,,,,False,,0.5,,,,,False,,False
686681,Michael Massey,KC,AZ,1,5.0,1,669203,Corbin Burnes,R,824063,7:40 PM ET,Kauffman Stadium,0,1,0.18466898954703834,2026-09-08,824063,,0,103.7,102.1,85.4,L,5,5,0,0,0,0,0,0,0,1,0,4,0,2,1,1,1,0.11425,0.175,0,0,0,0,1,0,0.3673469387755102,0.41509433962264153,0.8775510204081632,0.11320754716981132,0.3902439024390244,0.1836734693877551,0.03773584905660377,0.05660377358490566,0.10204081632653061,1.8,0.4,0.3953488372093023,0.3488372093023256,0.4186046511627907,0.18604651162790697,0.023255813953488372,0.35108333333333336,0.5437916666666667,0.3125,0.0,0.41325,0.6148,0.3,0.46,0.07407407407407407,0.2,0.32,0.32075471698113206,0.6544715447154471,0.18269230769230768,0.3581395348837209,0.14883720930232558,0.4968944099378882,0.19875776397515527,0.031055900621118012,6.787709497206704,1.0558659217877095,8.597765363128492,0.23170731707317074,0.6326214119641782,0.3853826711774799,0.6326214119641782,1.8,,1.5,,,,,False,,0.5,,,,,False,,False
679845,Nick Loftin,KC,AZ,1,6.0,1,669203,Corbin Burnes,R,824063,7:40 PM ET,Kauffman Stadium,1,1,0.18466898954703834,2026-09-08,824063,,0,103.7,102.1,85.4,R,5,5,0,0,0,0,0,0,0,1,0,4,0,1,0,3,0,0.18875,0.219,0,0,0,0,1,0,0.2909090909090909,0.36065573770491804,0.7636363636363637,0.21311475409836064,0.35,0.2,0.03278688524590164,0.04918032786885246,0.10909090909090909,1.8,0.8666666666666667,0.3333333333333333,0.23809523809523808,0.3333333333333333,0.38095238095238093,0.0,0.3096055555555556,0.5114044444444444,0.3125,0.2222222222222222,0.41719999999999996,0.55,0.2549019607843137,0.4117647058823529,0.23333333333333334,0.19607843137254902,0.3137254901960784,0.23728813559322035,0.6544715447154471,0.18269230769230768,0.3581395348837209,0.14883720930232558,0.4968944099378882,0.19875776397515527,0.031055900621118012,6.787709497206704,1.0558659217877095,8.597765363128492,0.23170731707317074,0.6299231555744517,0.37844421731966743,0.6299231555744517,1.8,,1.5,,,,,False,,0.5,,,,,False,,False
521692,Salvador Perez,KC,AZ,1,4.0,1,669203,Corbin Burnes,R,824063,7:40 PM ET,Kauffman Stadium,1,1,0.18466898954703834,2026-09-08,824063,,0,103.7,102.1,85.4,R,5,5,3,1,0,0,0,0,0,1,4,4,0,1,1,1,2,0.44875,0.7557499999999999,1,1,1,1,1,0,0.2833333333333333,0.31746031746031744,0.8166666666666667,0.171875,0.30434782608695654,0.21666666666666667,0.046875,0.0625,0.11666666666666667,2.0,0.7333333333333333,0.42857142857142855,0.2857142857142857,0.3877551020408163,0.2857142857142857,0.04081632653061224,0.3862388888888889,0.6631444444444444,0.3684210526315789,0.09523809523809523,0.438,0.8185166666666663,0.27586206896551724,0.46551724137931033,0.1746031746031746,0.26785714285714285,0.42857142857142855,0.12698412698412698,0.6544715447154471,0.18269230769230768,0.3581395348837209,0.14883720930232558,0.4968944099378882,0.19875776397515527,0.031055900621118012,6.787709497206704,1.0558659217877095,8.597765363128492,0.23170731707317074,0.6477929229895966,0.39802356495393143,0.6477929229895966,2.0,,1.5,,,,,False,,0.5,,,,,False,,False
686469,Vinnie Pasquantino,KC,AZ,1,3.0,1,669203,Corbin Burnes,R,824063,7:40 PM ET,Kauffman Stadium,0,1,0.18466898954703834,2026-09-08,824063,,0,103.7,102.1,85.4,L,5,4,2,0,0,0,1,0,0,1,2,3,0,1,1,1,1,0.4523333333333334,0.6036666666666667,1,1,1,1,1,0,0.21818181818181817,0.3384615384615385,0.9272727272727272,0.06153846153846154,0.1702127659574468,0.2727272727272727,0.06153846153846154,0.046153846153846156,0.12727272727272726,1.8,0.26666666666666666,0.43137254901960786,0.13725490196078433,0.3137254901960784,0.39215686274509803,0.0196078431372549,0.23512444444444444,0.4760400000000001,0.15,0.045454545454545456,0.26010666666666665,0.5626200000000001,0.2,0.4909090909090909,0.06153846153846154,0.2807017543859649,0.40350877192982454,0.22727272727272727,0.6544715447154471,0.18269230769230768,0.3581395348837209,0.14883720930232558,0.4968944099378882,0.19875776397515527,0.031055900621118012,6.787709497206704,1.0558659217877095,8.597765363128492,0.23170731707317074,0.6375846919500088,0.399100931671849,0.6375846919500088,1.8,,1.5,,,,,False,,0.5,,,,,False,,False
672515,Gabriel Moreno,AZ,KC,0,3.0,1,608379,Michael Wacha,R,824063,7:40 PM ET,Kauffman Stadium,1,1,0.21082089552238806,2026-09-08,824063,,0,103.7,102.1,85.4,R,5,5,2,0,0,0,0,0,0,0,2,5,0,1,0,3,1,0.3242,0.35419999999999996,1,1,1,1,0,0,0.25,0.3384615384615385,0.8214285714285714,0.15384615384615385,0.26666666666666666,0.21428571428571427,0.03076923076923077,0.09230769230769231,0.14285714285714285,1.7333333333333334,0.6666666666666666,0.425531914893617,0.2978723404255319,0.3404255319148936,0.2765957446808511,0.0425531914893617,0.3099177777777778,0.5679011111111111,0.2222222222222222,0.2,0.42195,0.82495,0.3114754098360656,0.6065573770491803,0.1791044776119403,0.23214285714285715,0.39285714285714285,0.1746031746031746,0.7338709677419355,0.17647058823529413,0.4248927038626609,0.20600858369098712,0.34065934065934067,0.36813186813186816,0.054945054945054944,9.663157894736843,1.1368421052631579,6.963157894736842,0.18631178707224336,0.6526737754454163,0.4268977208339723,0.6526737754454163,1.7333333333333334,,1.5,,,,,False,,0.5,,,,,False,,False
672695,Geraldo Perdomo,AZ,KC,0,4.0,1,608379,Michael Wacha,R,824063,7:40 PM ET,Kauffman Stadium,0,1,0.21082089552238806,2026-09-08,824063,,0,103.7,102.1,85.4,L,2,2,1,0,0,0,0,0,0,0,1,2,0,1,1,0,1,0.483,0.7909999999999999,1,0,1,0,0,0,0.3142857142857143,0.40476190476190477,0.8571428571428571,0.11627906976744186,0.3548387096774194,0.0,0.0,0.0,0.0,0.7333333333333333,0.3333333333333333,0.34375,0.375,0.4375,0.09375,0.0,0.39514102564102566,0.46665384615384614,0.2857142857142857,0.09090909090909091,0.14962500000000006,0.1723750000000004,0.21818181818181817,0.21818181818181817,0.15625,0.3333333333333333,0.43333333333333335,0.07352941176470588,0.7338709677419355,0.17647058823529413,0.4248927038626609,0.20600858369098712,0.34065934065934067,0.36813186813186816,0.054945054945054944,9.663157894736843,1.1368421052631579,6.963157894736842,0.18631178707224336,0.5402883535298431,0.36548243601544605,0.5402883535298431,0.7333333333333333,,1.5,,,,,False,,0.5,,,,,False,,False
545121,Ildemaro Vargas,AZ,KC,0,8.0,1,608379,Michael Wacha,R,824063,7:40 PM ET,Kauffman Stadium,1,1,0.21082089552238806,2026-09-08,824063,,0,103.7,102.1,85.4,R,2,2,1,0,0,0,0,0,0,0,1,2,0,0,1,1,0,0.1745,0.272,1,0,1,0,0,0,0.17391304347826086,0.17391304347826086,0.8478260869565217,0.15217391304347827,0.20512820512820512,0.0,0.0,0.0,0.0,0.5333333333333333,0.4666666666666667,0.28205128205128205,0.23076923076923078,0.38461538461538464,0.3333333333333333,0.0,0.21709444444444442,0.2756388888888889,0.18181818181818182,0.0,0.1825500000000002,0.24886666666666665,0.18181818181818182,0.3181818181818182,0.10869565217391304,0.18518518518518517,0.3148148148148148,0.14035087719298245,0.7338709677419355,0.17647058823529413,0.4248927038626609,0.20600858369098712,0.34065934065934067,0.36813186813186816,0.054945054945054944,9.663157894736843,1.1368421052631579,6.963157894736842,0.18631178707224336,0.5645294309814851,0.31505962077188315,0.5645294309814851,0.5333333333333333,,1.5,,,,,False,,0.5,,,,,False,,False
606466,Ketel Marte,AZ,KC,0,2.0,1,608379,Michael Wacha,R,824063,7:40 PM ET,Kauffman Stadium,1,1,0.21082089552238806,2026-09-08,824063,,0,103.7,102.1,85.4,R,3,3,0,0,0,0,0,0,0,1,0,2,0,0,1,0,1,0.1485,0.2195,0,0,0,0,1,0,0.35294117647058826,0.47619047619047616,0.9117647058823529,0.07142857142857142,0.3448275862068966,0.23529411764705882,0.047619047619047616,0.047619047619047616,0.11764705882352941,1.3333333333333333,0.2,0.3548387096774194,0.25806451612903225,0.3548387096774194,0.3225806451612903,0.0,0.3231444444444445,0.45526111111111106,0.3076923076923077,0.13333333333333333,0.20583333333333326,0.29523333333333357,0.23529411764705882,0.39215686274509803,0.140625,0.288135593220339,0.559322033898305,0.125,0.7338709677419355,0.17647058823529413,0.4248927038626609,0.20600858369098712,0.34065934065934067,0.36813186813186816,0.054945054945054944,9.663157894736843,1.1368421052631579,6.963157894736842,0.18631178707224336,0.600611448854307,0.3230907703666895,0.600611448854307,1.3333333333333333,,1.5,,,,,False,,0.5,,,,,False,,False
663457,Lars Nootbaar,AZ,KC,0,1.0,1,608379,Michael Wacha,R,824063,7:40 PM ET,Kauffman Stadium,0,1,0.21082089552238806,2026-09-08,824063,,0,103.7,102.1,85.4,L,1,0,0,0,0,0,0,0,1,0,0,1,0,0,0,0,1,0.414,0.611,0,0,0,0,0,0,0.2857142857142857,0.3617021276595745,0.8571428571428571,0.1276595744680851,0.2727272727272727,0.30952380952380953,0.06382978723404255,0.0851063829787234,0.16666666666666666,1.6666666666666667,0.4,0.5555555555555556,0.2777777777777778,0.25,0.3888888888888889,0.08333333333333333,0.3711761904761905,0.8324619047619048,0.23076923076923078,0.1875,0.30279166666666657,0.4039999999999999,0.2857142857142857,0.5952380952380952,0.1276595744680851,0.18518518518518517,0.24074074074074073,0.20967741935483872,0.7338709677419355,0.17647058823529413,0.4248927038626609,0.20600858369098712,0.34065934065934067,0.36813186813186816,0.054945054945054944,9.663157894736843,1.1368421052631579,6.963157894736842,0.18631178707224336,0.5809750827174508,0.3858704929574695,0.5809750827174508,1.6666666666666667,,1.5,,,,,False,,0.5,,,,,False,,False
571448,Nolan Arenado,AZ,KC,0,5.0,1,608379,Michael Wacha,R,824063,7:40 PM ET,Kauffman Stadium,1,1,0.21082089552238806,2026-09-08,824063,,0,103.7,102.1,85.4,R,5,4,2,0,0,0,1,0,0,1,2,3,0,2,0,1,2,0.5876666666666667,0.6823333333333332,1,1,1,1,1,0,0.15789473684210525,0.1864406779661017,0.8070175438596491,0.18333333333333332,0.1590909090909091,0.12280701754385964,0.03333333333333333,0.016666666666666666,0.05263157894736842,1.0666666666666667,0.7333333333333333,0.15217391304347827,0.15217391304347827,0.43478260869565216,0.2391304347826087,0.021739130434782608,0.17370000000000002,0.27034444444444444,0.1111111111111111,0.21052631578947367,0.18266666666666656,0.35289999999999994,0.23214285714285715,0.5535714285714286,0.11666666666666667,0.19230769230769232,0.38461538461538464,0.2711864406779661,0.7338709677419355,0.17647058823529413,0.4248927038626609,0.20600858369098712,0.34065934065934067,0.36813186813186816,0.054945054945054944,9.663157894736843,1.1368421052631579,6.963157894736842,0.18631178707224336,0.6274423524004686,0.2610835868342097,0.6274423524004686,1.0666666666666667,,1.5,,,,,False,,0.5,,,,,False,,False
814439,Ryan Waldschmidt,AZ,KC,0,9.0,1,608379,Michael Wacha,R,824063,7:40 PM ET,Kauffman Stadium,1,1,0.21082089552238806,2026-09-08,824063,,0,103.7,102.1,85.4,R,4,4,1,0,0,0,0,0,0,2,1,2,0,1,0,0,1,0.487,0.6055,1,0,1,0,1,1,0.23809523809523808,0.32653061224489793,0.7142857142857143,0.24489795918367346,0.3,0.11904761904761904,0.02040816326530612,0.04081632653061224,0.07142857142857142,1.0,0.8,0.1935483870967742,0.25806451612903225,0.4838709677419355,0.22580645161290322,0.0,0.3701309523809524,0.6634940476190476,0.25,0.2222222222222222,0.4430666666666667,0.7618833333333332,0.17777777777777778,0.3111111111111111,0.28,0.32558139534883723,0.37209302325581395,0.2,0.7338709677419355,0.17647058823529413,0.4248927038626609,0.20600858369098712,0.34065934065934067,0.36813186813186816,0.054945054945054944,9.663157894736843,1.1368421052631579,6.963157894736842,0.18631178707224336,0.4386551030394941,0.2335060482524273,0.4386551030394941,1.0,,1.5,,,,,False,,0.5,,,,,False,,False
694374,Tim Tawa,AZ,KC,0,7.0,1,608379,Michael Wacha,R,824063,7:40 PM ET,Kauffman Stadium,1,1,0.21082089552238806,2026-09-08,824063,,0,103.7,102.1,85.4,R,3,3,1,0,0,0,0,0,0,2,1,1,0,1,0,0,1,0.717,0.806,1,0,1,0,1,1,0.23529411764705882,0.3157894736842105,0.6078431372549019,0.3508771929824561,0.3448275862068966,0.13725490196078433,0.03508771929824561,0.017543859649122806,0.058823529411764705,1.2666666666666666,1.3333333333333333,0.41935483870967744,0.3225806451612903,0.25806451612903225,0.3548387096774194,0.0,0.27975,0.4814940476190476,0.1875,0.4444444444444444,0.22283333333333336,0.25020833333333325,0.23636363636363636,0.38181818181818183,0.3559322033898305,0.27450980392156865,0.43137254901960786,0.22413793103448276,0.7338709677419355,0.17647058823529413,0.4248927038626609,0.20600858369098712,0.34065934065934067,0.36813186813186816,0.054945054945054944,9.663157894736843,1.1368421052631579,6.963157894736842,0.18631178707224336,0.6026368209164185,0.35861329436051603,0.6026368209164185,1.2666666666666666,,1.5,,,,,False,,0.5,,,,,False,,False
694371,Tommy Troy,AZ,KC,0,6.0,1,608379,Michael Wacha,R,824063,7:40 PM ET,Kauffman Stadium,1,1,0.21082089552238806,2026-09-08,824063,,0,103.7,102.1,85.4,R,3,2,0,0,0,0,0,0,0,1,0,2,0,0,1,1,0,0.011,0.013,0,0,0,0,1,0,0.2,0.25925925925925924,0.7,0.2777777777777778,0.24242424242424243,0.14,0.037037037037037035,0.018518518518518517,0.06,1.1333333333333333,1.0,0.34285714285714286,0.2857142857142857,0.45714285714285713,0.2,0.05714285714285714,0.31960714285714287,0.5463571428571428,0.25,0.2222222222222222,0.3760208333333333,0.7146250000000001,0.1836734693877551,0.30612244897959184,0.2830188679245283,0.4,0.64,0.2,0.7338709677419355,0.17647058823529413,0.4248927038626609,0.20600858369098712,0.34065934065934067,0.36813186813186816,0.054945054945054944,9.663157894736843,1.1368421052631579,6.963157894736842,0.18631178707224336,0.5910114223691142,0.32187820333419936,0.5910114223691142,1.1333333333333333,,1.5,,,,,False,,0.5,,,,,False,,False
643217,Andrew Benintendi,CWS,PIT,1,4.0,1,696149,Bubba Chandler,R,824551,7:40 PM ET,Rate Field,0,1,0.23674911660777384,2026-09-08,824551,0.0,1,95.5,94.6,96.9,L,2,1,0,0,0,0,1,0,0,0,0,1,0,1,1,0,0,0.257,0.821,0,0,0,0,0,0,0.20408163265306123,0.25925925925925924,0.7755102040816326,0.2037037037037037,0.23684210526315788,0.12244897959183673,0.018518518518518517,0.05555555555555555,0.08163265306122448,1.0666666666666667,0.7333333333333333,0.46153846153846156,0.20512820512820512,0.41025641025641024,0.3076923076923077,0.05128205128205128,0.27838095238095234,0.4498988095238095,0.07142857142857142,0.1875,0.2710416666666667,0.432208333333333,0.20408163265306123,0.32653061224489793,0.2037037037037037,0.32142857142857145,0.5892857142857143,0.22033898305084745,0.6894977168949772,0.2356020942408377,0.33678756476683935,0.09326424870466321,0.48344370860927155,0.23178807947019867,0.013245033112582781,8.348684210526315,0.7105263157894737,7.993421052631579,0.19823788546255505,0.5439551616723883,0.31295225125493725,0.5439551616723883,1.0666666666666667,,1.5,,,,,False,,0.5,,,,,False,,False
695731,Braden Montgomery,CWS,PIT,1,6.0,1,696149,Bubba Chandler,R,824551,7:40 PM ET,Rate Field,0,1,0.23674911660777384,2026-09-08,824551,0.0,1,95.5,94.6,96.9,L,3,1,0,0,0,0,2,0,0,1,0,0,0,0,0,0,0,0.1685,0.1755,0,0,0,0,1,0,0.14705882352941177,0.21621621621621623,0.9411764705882353,0.05405405405405406,0.12903225806451613,0.11764705882352941,0.02702702702702703,0.02702702702702703,0.058823529411764705,0.6,0.13333333333333333,0.34375,0.25,0.5,0.1875,0.0,0.32919047619047614,0.5444880952380953,0.2,0.18181818181818182,0.36308333333333337,0.930375,0.16363636363636364,0.2909090909090909,0.11475409836065574,0.13725490196078433,0.23529411764705882,0.2786885245901639,0.6894977168949772,0.2356020942408377,0.33678756476683935,0.09326424870466321,0.48344370860927155,0.23178807947019867,0.013245033112582781,8.348684210526315,0.7105263157894737,7.993421052631579,0.19823788546255505,0.48954422535265635,0.24010356994297785,0.48954422535265635,0.6,,1.5,,,,,False,,0.5,,,,,False,,False
805367,Chase Meidroth,CWS,PIT,1,8.0,1,696149,Bubba Chandler,R,824551,7:40 PM ET,Rate Field,1,1,0.23674911660777384,2026-09-08,824551,0.0,1,95.5,94.6,96.9,R,5,2,0,0,0,0,2,1,0,1,0,1,0,0,0,1,0,0.257,0.257,0,0,0,0,1,0,0.24561403508771928,0.29508196721311475,0.8245614035087719,0.16393442622950818,0.2978723404255319,0.05263157894736842,0.0,0.04918032786885246,0.05263157894736842,1.1333333333333333,0.6666666666666666,0.2978723404255319,0.2765957446808511,0.3829787234042553,0.2978723404255319,0.0,0.31636666666666663,0.43517222222222224,0.2777777777777778,0.2222222222222222,0.3093666666666667,0.40275000000000005,0.24561403508771928,0.2807017543859649,0.18333333333333332,0.21428571428571427,0.4107142857142857,0.23880597014925373,0.6894977168949772,0.2356020942408377,0.33678756476683935,0.09326424870466321,0.48344370860927155,0.23178807947019867,0.013245033112582781,8.348684210526315,0.7105263157894737,7.993421052631579,0.19823788546255505,0.5999299335524945,0.2978114213722596,0.5999299335524945,1.1333333333333333,,1.5,,,,,False,,0.5,,,,,False,,False
695657,Colson Montgomery,CWS,PIT,1,5.0,1,696149,Bubba Chandler,R,824551,7:40 PM ET,Rate Field,0,1,0.23674911660777384,2026-09-08,824551,0.0,1,95.5,94.6,96.9,L,5,4,0,0,0,0,1,0,0,4,0,0,0,0,0,0,0,0.6425,2.3315,0,0,0,0,1,1,0.18181818181818182,0.2857142857142857,0.509090909090909,0.42857142857142855,0.21739130434782608,0.3090909090909091,0.07936507936507936,0.031746031746031744,0.12727272727272726,1.8,1.8,0.4642857142857143,0.32142857142857145,0.2857142857142857,0.21428571428571427,0.03571428571428571,0.3934642857142857,0.9170238095238095,0.21052631578947367,0.38095238095238093,0.4693333333333333,1.1154333333333333,0.23214285714285715,0.44642857142857145,0.4126984126984127,0.1864406779661017,0.3050847457627119,0.3484848484848485,0.6894977168949772,0.2356020942408377,0.33678756476683935,0.09326424870466321,0.48344370860927155,0.23178807947019867,0.013245033112582781,8.348684210526315,0.7105263157894737,7.993421052631579,0.19823788546255505,0.6073520120161647,0.35712047203972125,0.6073520120161647,1.8,,1.5,,,,,False,,0.5,,,,,False,,False
691019,Kyle Teel,CWS,PIT,1,9.0,1,696149,Bubba Chandler,R,824551,7:40 PM ET,Rate Field,0,1,0.23674911660777384,2026-09-08,824551,0.0,1,95.5,94.6,96.9,L,5,5,1,0,0,1,0,0,0,2,4,3,0,2,2,1,0,0.3303333333333333,1.1826666666666668,1,0,1,1,1,1,0.15555555555555556,0.22448979591836735,0.6,0.3673469387755102,0.23076923076923078,0.1111111111111111,0.02040816326530612,0.04081632653061224,0.06666666666666667,0.8,1.2,0.48148148148148145,0.4074074074074074,0.2222222222222222,0.2962962962962963,0.037037037037037035,0.38441025641025645,0.6035,0.07692307692307693,0.46153846153846156,0.26929166666666665,0.4108333333333333,0.1875,0.2916666666666667,0.4230769230769231,0.16666666666666666,0.20833333333333334,0.27586206896551724,0.6894977168949772,0.2356020942408377,0.33678756476683935,0.09326424870466321,0.48344370860927155,0.23178807947019867,0.013245033112582781,8.348684210526315,0.7105263157894737,7.993421052631579,0.19823788546255505,0.45625124276977896,0.24305366157826022,0.45625124276977896,0.8,,1.5,,,,,False,,0.5,,,,,False,,False
678246,Miguel Vargas,CWS,PIT,1,2.0,1,696149,Bubba Chandler,R,824551,7:40 PM ET,Rate Field,1,1,0.23674911660777384,2026-09-08,824551,0.0,1,95.5,94.6,96.9,R,6,5,2,0,0,0,1,0,0,1,2,4,0,1,2,1,1,0.3195,0.33899999999999997,1,1,1,1,1,0,0.34615384615384615,0.48484848484848486,0.8076923076923077,0.15151515151515152,0.4,0.1346153846153846,0.030303030303030304,0.015151515151515152,0.057692307692307696,1.6666666666666667,0.6666666666666666,0.35714285714285715,0.3333333333333333,0.30952380952380953,0.2619047619047619,0.047619047619047616,0.3796833333333334,0.6127555555555555,0.3,0.14285714285714285,0.2901499999999999,0.42119999999999996,0.3076923076923077,0.38461538461538464,0.13636363636363635,0.0847457627118644,0.22033898305084745,0.27941176470588236,0.6894977168949772,0.2356020942408377,0.33678756476683935,0.09326424870466321,0.48344370860927155,0.23178807947019867,0.013245033112582781,8.348684210526315,0.7105263157894737,7.993421052631579,0.19823788546255505,0.6661931910349015,0.3945580295999389,0.6661931910349015,1.6666666666666667,,1.5,,,,,False,,0.5,,,,,False,,False
808959,Munetaka Murakami,CWS,PIT,1,3.0,1,696149,Bubba Chandler,R,824551,7:40 PM ET,Rate Field,0,1,0.23674911660777384,2026-09-08,824551,0.0,1,95.5,94.6,96.9,L,6,5,1,0,0,0,1,0,0,2,1,3,0,2,1,2,0,0.21,0.236,1,0,1,0,1,1,0.1111111111111111,0.2727272727272727,0.46296296296296297,0.4393939393939394,0.20833333333333334,0.07407407407407407,0.015151515151515152,0.015151515151515152,0.037037037037037035,0.6666666666666666,1.9333333333333333,0.44,0.12,0.4,0.44,0.0,0.24374444444444443,0.36392222222222226,0.1,0.5238095238095238,0.10486666666666669,0.22266666666666665,0.10526315789473684,0.17543859649122806,0.4090909090909091,0.1509433962264151,0.3018867924528302,0.36231884057971014,0.6894977168949772,0.2356020942408377,0.33678756476683935,0.09326424870466321,0.48344370860927155,0.23178807947019867,0.013245033112582781,8.348684210526315,0.7105263157894737,7.993421052631579,0.19823788546255505,0.5987511350505975,0.34257656350812077,0.5987511350505975,0.6666666666666666,,1.5,,,,,False,,0.5,,,,,False,,False
803011,Sam Antonacci,CWS,PIT,1,1.0,1,696149,Bubba Chandler,R,824551,7:40 PM ET,Rate Field,0,1,0.23674911660777384,2026-09-08,824551,0.0,1,95.5,94.6,96.9,L,4,4,3,3,0,0,0,0,0,0,6,4,0,0,1,2,1,0.265,0.32475,1,1,1,1,0,0,0.22448979591836735,0.36666666666666664,0.8163265306122449,0.15,0.275,0.08163265306122448,0.0,0.03333333333333333,0.061224489795918366,1.0,0.6,0.2,0.225,0.5,0.275,0.0,0.27788888888888885,0.36932777777777775,0.125,0.14285714285714285,0.27969999999999995,0.4141333333333333,0.22448979591836735,0.30612244897959184,0.15,0.23529411764705882,0.3333333333333333,0.21666666666666667,0.6894977168949772,0.2356020942408377,0.33678756476683935,0.09326424870466321,0.48344370860927155,0.23178807947019867,0.013245033112582781,8.348684210526315,0.7105263157894737,7.993421052631579,0.19823788546255505,0.6429398280562076,0.3428819517704382,0.6429398280562076,1.0,,1.5,,,,,False,,0.5,,,,,False,,False
671976,Tristan Peters,CWS,PIT,1,7.0,1,696149,Bubba Chandler,R,824551,7:40 PM ET,Rate Field,0,1,0.23674911660777384,2026-09-08,824551,0.0,1,95.5,94.6,96.9,L,5,5,3,2,0,0,0,0,0,0,5,5,0,3,1,3,1,0.5065999999999999,0.744,1,1,1,1,0,0,0.3541666666666667,0.42592592592592593,0.8125,0.16666666666666666,0.35294117647058826,0.4166666666666667,0.09259259259259259,0.05555555555555555,0.1875,2.466666666666667,0.6,0.5641025641025641,0.15384615384615385,0.23076923076923078,0.5897435897435898,0.10256410256410256,0.33623333333333333,0.7133722222222222,0.3333333333333333,0.125,0.35836666666666667,0.7994333333333333,0.32608695652173914,0.6304347826086957,0.1509433962264151,0.13513513513513514,0.24324324324324326,0.23255813953488372,0.6894977168949772,0.2356020942408377,0.33678756476683935,0.09326424870466321,0.48344370860927155,0.23178807947019867,0.013245033112582781,8.348684210526315,0.7105263157894737,7.993421052631579,0.19823788546255505,0.5775014564299172,0.29677486520279245,0.5775014564299172,2.466666666666667,,1.5,,,,,False,,0.5,,,,,False,,False
664040,Brandon Lowe,PIT,CWS,0,2.0,1,680732,Sean Burke,R,824551,7:40 PM ET,Rate Field,0,1,0.27147766323024053,2026-09-08,824551,0.0,1,95.5,94.6,96.9,L,3,3,2,0,0,0,0,0,0,0,2,3,0,1,0,1,2,0.5206666666666667,0.7306666666666667,1,1,1,1,0,0,0.24528301886792453,0.3548387096774194,0.6415094339622641,0.3064516129032258,0.3225806451612903,0.22641509433962265,0.04838709677419355,0.04838709677419355,0.11320754716981132,1.6666666666666667,1.2666666666666666,0.4117647058823529,0.17647058823529413,0.4411764705882353,0.35294117647058826,0.029411764705882353,0.2596130952380952,0.40282142857142855,0.3157894736842105,0.14285714285714285,0.3331666666666667,0.49450000000000005,0.23214285714285715,0.42857142857142855,0.3333333333333333,0.16666666666666666,0.2222222222222222,0.3770491803278688,0.6140350877192983,0.17587939698492464,0.35436893203883496,0.15048543689320387,0.35714285714285715,0.29285714285714287,0.014285714285714285,8.067073170731707,1.1524390243902438,11.52439024390244,0.3017241379310345,0.5969171335387231,0.4030190958726744,0.5969171335387231,1.6666666666666667,,1.5,,,,,False,,0.5,,,,,False,,False
668804,Bryan Reynolds,PIT,CWS,0,3.0,1,680732,Sean Burke,R,824551,7:40 PM ET,Rate Field,0,1,0.27147766323024053,2026-09-08,824551,0.0,1,95.5,94.6,96.9,L,3,2,0,0,0,0,1,0,0,1,0,1,0,0,0,1,0,0.317,0.348,0,0,0,0,1,0,0.34375,0.43243243243243246,0.8125,0.16216216216216217,0.4,0.15625,0.02702702702702703,0.05405405405405406,0.09375,1.0666666666666667,0.4,0.6923076923076923,0.4230769230769231,0.15384615384615385,0.4230769230769231,0.0,0.508474358974359,1.0197628205128206,0.5,0.08333333333333333,0.7009000000000001,1.5461333333333334,0.23728813559322035,0.3050847457627119,0.13432835820895522,0.23728813559322035,0.3050847457627119,0.24242424242424243,0.6140350877192983,0.17587939698492464,0.35436893203883496,0.15048543689320387,0.35714285714285715,0.29285714285714287,0.014285714285714285,8.067073170731707,1.1524390243902438,11.52439024390244,0.3017241379310345,0.5246197955793499,0.2531783639542877,0.5246197955793499,1.0666666666666667,,1.5,,,,,False,,0.5,,,,,False,,False
699013,Esmerlyn Valdez,PIT,CWS,0,5.0,1,680732,Sean Burke,R,824551,7:40 PM ET,Rate Field,1,1,0.27147766323024053,2026-09-08,824551,0.0,1,95.5,94.6,96.9,R,3,3,0,0,0,0,0,0,0,1,0,2,0,1,0,2,0,0.10999999999999999,0.12,0,0,0,0,1,0,0.19298245614035087,0.28125,0.45614035087719296,0.484375,0.375,0.17543859649122806,0.03125,0.0625,0.10526315789473684,1.4,2.066666666666667,0.5384615384615384,0.23076923076923078,0.4230769230769231,0.3076923076923077,0.0,0.390448717948718,0.9570897435897435,0.1,0.5,0.31733333333333336,0.8132999999999999,0.19230769230769232,0.21153846153846154,0.390625,0.1568627450980392,0.35294117647058826,0.4032258064516129,0.6140350877192983,0.17587939698492464,0.35436893203883496,0.15048543689320387,0.35714285714285715,0.29285714285714287,0.014285714285714285,8.067073170731707,1.1524390243902438,11.52439024390244,0.3017241379310345,0.602237920349479,0.3795210221799142,0.602237920349479,1.4,,1.5,,,,,False,,0.5,,,,,False,,False
694378,Jacob Gonzalez,PIT,CWS,0,8.0,1,680732,Sean Burke,R,824551,7:40 PM ET,Rate Field,0,1,0.27147766323024053,2026-09-08,824551,0.0,1,95.5,94.6,96.9,L,3,3,0,0,0,0,0,0,0,0,0,3,1,1,1,2,0,0.2876666666666667,0.961,0,0,0,0,0,0,0.16666666666666666,0.21052631578947367,0.75,0.23684210526315788,0.2222222222222222,0.05555555555555555,0.0,0.05263157894736842,0.05555555555555555,0.5333333333333333,0.6,0.2962962962962963,0.2222222222222222,0.48148148148148145,0.14814814814814814,0.037037037037037035,0.31029487179487175,0.4637051282051282,0.4166666666666667,0.2857142857142857,0.38399999999999995,0.7539166666666666,0.16666666666666666,0.3055555555555556,0.20512820512820512,0.23076923076923078,0.38461538461538464,0.25,0.6140350877192983,0.17587939698492464,0.35436893203883496,0.15048543689320387,0.35714285714285715,0.29285714285714287,0.014285714285714285,8.067073170731707,1.1524390243902438,11.52439024390244,0.3017241379310345,0.4809116937489346,0.24028183144504425,0.4809116937489346,0.5333333333333333,,1.5,,,,,False,,0.5,,,,,False,,False
663968,Jake Mangum,PIT,CWS,0,9.0,1,680732,Sean Burke,R,824551,7:40 PM ET,Rate Field,1,1,0.27147766323024053,2026-09-08,824551,0.0,1,95.5,94.6,96.9,R,2,2,0,0,0,0,0,0,0,1,0,1,0,0,0,1,0,0.122,0.142,0,0,0,0,1,0,0.2,0.3142857142857143,0.7666666666666667,0.19444444444444445,0.2608695652173913,0.03333333333333333,0.0,0.027777777777777776,0.03333333333333333,0.4666666666666667,0.4666666666666667,0.16666666666666666,0.125,0.7083333333333334,0.16666666666666666,0.0,0.23460714285714285,0.28298809523809526,0.3,0.07692307692307693,0.22337499999999996,0.3090833333333335,0.28888888888888886,0.4444444444444444,0.23076923076923078,0.23333333333333334,0.2833333333333333,0.24242424242424243,0.6140350877192983,0.17587939698492464,0.35436893203883496,0.15048543689320387,0.35714285714285715,0.29285714285714287,0.014285714285714285,8.067073170731707,1.1524390243902438,11.52439024390244,0.3017241379310345,0.4261390933421724,0.21005315840211047,0.4261390933421724,0.4666666666666667,,1.5,,,,,False,,0.5,,,,,False,,False
804606,Konnor Griffin,PIT,CWS,0,1.0,1,680732,Sean Burke,R,824551,7:40 PM ET,Rate Field,1,1,0.27147766323024053,2026-09-08,824551,0.0,1,95.5,94.6,96.9,R,3,3,0,0,0,0,0,0,0,1,0,2,0,1,0,2,0,0.3275,0.34,0,0,0,0,1,0,0.2698412698412698,0.3235294117647059,0.6984126984126984,0.27941176470588236,0.35714285714285715,0.12698412698412698,0.029411764705882353,0.029411764705882353,0.06349206349206349,1.6666666666666667,1.2666666666666666,0.45454545454545453,0.29545454545454547,0.45454545454545453,0.18181818181818182,0.045454545454545456,0.2974555555555556,0.47401666666666664,0.25,0.3181818181818182,0.26063333333333333,0.33026666666666676,0.296875,0.390625,0.24242424242424243,0.3148148148148148,0.5185185185185185,0.27419354838709675,0.6140350877192983,0.17587939698492464,0.35436893203883496,0.15048543689320387,0.35714285714285715,0.29285714285714287,0.014285714285714285,8.067073170731707,1.1524390243902438,11.52439024390244,0.3017241379310345,0.6474138168587578,0.4085559466201505,0.6474138168587578,1.6666666666666667,,1.5,,,,,False,,0.5,,,,,False,,False
665833,Oneil Cruz,PIT,CWS,0,4.0,1,680732,Sean Burke,R,824551,7:40 PM ET,Rate Field,0,1,0.27147766323024053,2026-09-08,824551,0.0,1,95.5,94.6,96.9,L,3,3,0,0,0,0,0,0,0,1,0,2,0,0,0,2,0,0.124,0.1355,0,0,0,0,1,0,0.2777777777777778,0.4,0.5925925925925926,0.3384615384615385,0.43333333333333335,0.16666666666666666,0.03076923076923077,0.015384615384615385,0.07407407407407407,1.6,1.4666666666666666,0.375,0.21875,0.5625,0.1875,0.0,0.342751282051282,0.6341038461538461,0.3333333333333333,0.34782608695652173,0.209525,0.25615,0.3695652173913043,0.6304347826086957,0.2698412698412698,0.22413793103448276,0.29310344827586204,0.4461538461538462,0.6140350877192983,0.17587939698492464,0.35436893203883496,0.15048543689320387,0.35714285714285715,0.29285714285714287,0.014285714285714285,8.067073170731707,1.1524390243902438,11.52439024390244,0.3017241379310345,0.597312294408675,0.3842332917861844,0.597312294408675,1.6,,1.5,,,,,False,,0.5,,,,,False,,False
804668,Rafael Flores Jr.,PIT,CWS,0,7.0,1,680732,Sean Burke,R,824551,7:40 PM ET,Rate Field,1,1,0.27147766323024053,2026-09-08,824551,0.0,1,95.5,94.6,96.9,R,4,4,2,1,0,0,0,0,0,0,3,4,0,2,1,0,3,0.489,0.6347499999999999,1,1,1,1,0,0,0.14,0.2037037037037037,0.62,0.35185185185185186,0.14285714285714285,0.22,0.05555555555555555,0.037037037037037035,0.1,1.2,1.2666666666666666,0.41935483870967744,0.12903225806451613,0.5806451612903226,0.2903225806451613,0.03225806451612903,0.3575333333333333,0.7163833333333334,0.11764705882352941,0.3157894736842105,0.38686666666666664,0.7781666666666668,0.16666666666666666,0.47619047619047616,0.2826086956521739,0.22916666666666666,0.4583333333333333,0.32142857142857145,0.6140350877192983,0.17587939698492464,0.35436893203883496,0.15048543689320387,0.35714285714285715,0.29285714285714287,0.014285714285714285,8.067073170731707,1.1524390243902438,11.52439024390244,0.3017241379310345,0.5247243766004607,0.3183732119752085,0.5247243766004607,1.2,,1.5,,,,,False,,0.5,,,,,False,,False
687462,Spencer Horwitz,PIT,CWS,0,6.0,1,680732,Sean Burke,R,824551,7:40 PM ET,Rate Field,0,1,0.27147766323024053,2026-09-08,824551,0.0,1,95.5,94.6,96.9,L,3,3,0,0,0,0,0,0,0,0,0,3,0,2,1,2,0,0.12266666666666666,0.2313333333333333,0,0,0,0,0,0,0.1724137931034483,0.25,0.7241379310344828,0.25,0.23809523809523808,0.0,0.0,0.0,0.0,0.6666666666666666,1.0666666666666667,0.2857142857142857,0.21428571428571427,0.47619047619047616,0.2619047619047619,0.0,0.288872619047619,0.35716547619047617,0.21052631578947367,0.2727272727272727,0.27132500000000004,0.32205,0.16666666666666666,0.16666666666666666,0.2153846153846154,0.3404255319148936,0.40425531914893614,0.15789473684210525,0.6140350877192983,0.17587939698492464,0.35436893203883496,0.15048543689320387,0.35714285714285715,0.29285714285714287,0.014285714285714285,8.067073170731707,1.1524390243902438,11.52439024390244,0.3017241379310345,0.5278236541984214,0.30031709735859774,0.5278236541984214,0.6666666666666666,,1.5,,,,,False,,0.5,,,,,False,,False
683734,Andrew Vaughn,MIL,CHC,1,3.0,1,656849,David Peterson,L,823738,7:40 PM ET,American Family Field,1,0,0.20330578512396694,2026-09-08,823738,0.0,1,96.2,95.7,110.9,R,3,3,1,0,0,0,0,0,0,2,1,1,0,1,0,1,0,0.574,0.671,1,0,1,0,1,1,0.36585365853658536,0.44680851063829785,0.8048780487804879,0.1702127659574468,0.4375,0.0975609756097561,0.02127659574468085,0.02127659574468085,0.04878048780487805,1.2666666666666666,0.5333333333333333,0.48484848484848486,0.18181818181818182,0.45454545454545453,0.2727272727272727,0.0,0.31061111111111117,0.4058388888888889,0.35714285714285715,0.125,0.24758333333333332,0.38634999999999986,0.34782608695652173,0.5,0.2222222222222222,0.3023255813953488,0.3953488372093023,0.1702127659574468,0.6912442396313364,0.22459893048128343,0.37823834196891193,0.12953367875647667,0.5,0.22,0.013333333333333334,11.511627906976745,1.255813953488372,6.906976744186046,0.1625615763546798,0.6274423524004686,0.40229211094539524,0.6274423524004686,1.2666666666666666,,1.5,,,,,False,,0.5,,,,,False,,False
668930,Brice Turang,MIL,CHC,1,2.0,1,656849,David Peterson,L,823738,7:40 PM ET,American Family Field,0,0,0.20330578512396694,2026-09-08,823738,0.0,1,96.2,95.7,110.9,L,4,2,0,0,0,0,2,0,0,1,0,1,0,0,0,1,0,0.19,0.213,0,0,0,0,1,0,0.20689655172413793,0.30303030303030304,0.6551724137931034,0.29850746268656714,0.2972972972972973,0.10344827586206896,0.014925373134328358,0.04477611940298507,0.06896551724137931,1.2,1.3333333333333333,0.28205128205128205,0.28205128205128205,0.5128205128205128,0.1282051282051282,0.0,0.3227202380952381,0.44139880952380955,0.29411764705882354,0.38095238095238093,0.40504166666666663,0.5136666666666666,0.22807017543859648,0.3684210526315789,0.3181818181818182,0.18032786885245902,0.19672131147540983,0.2112676056338028,0.6912442396313364,0.22459893048128343,0.37823834196891193,0.12953367875647667,0.5,0.22,0.013333333333333334,11.511627906976745,1.255813953488372,6.906976744186046,0.1625615763546798,0.652035616736926,0.4341314103932867,0.652035616736926,1.2,,1.5,,,,,False,,0.5,,,,,False,,False
806198,Cooper Pratt,MIL,CHC,1,9.0,1,656849,David Peterson,L,823738,7:40 PM ET,American Family Field,1,0,0.20330578512396694,2026-09-08,823738,0.0,1,96.2,95.7,110.9,R,3,2,1,0,0,0,0,0,0,0,1,3,0,0,0,2,0,0.226,0.256,1,0,1,0,0,0,0.22448979591836735,0.26785714285714285,0.7959183673469388,0.1724137931034483,0.24390243902439024,0.10204081632653061,0.017241379310344827,0.0,0.04081632653061224,1.0666666666666667,0.6666666666666666,0.22727272727272727,0.18181818181818182,0.5227272727272727,0.29545454545454547,0.022727272727272728,0.27919444444444447,0.37220000000000003,0.2777777777777778,0.13636363636363635,0.346,0.4030666666666667,0.28,0.4,0.19298245614035087,0.225,0.225,0.26,0.6912442396313364,0.22459893048128343,0.37823834196891193,0.12953367875647667,0.5,0.22,0.013333333333333334,11.511627906976745,1.255813953488372,6.906976744186046,0.1625615763546798,0.5891854027282178,0.3526376948025837,0.5891854027282178,1.0666666666666667,,1.5,,,,,False,,0.5,,,,,False,,False
669003,Garrett Mitchell,MIL,CHC,1,8.0,1,656849,David Peterson,L,823738,7:40 PM ET,American Family Field,0,0,0.20330578512396694,2026-09-08,823738,0.0,1,96.2,95.7,110.9,L,3,2,1,0,0,0,1,0,0,0,1,2,0,2,0,0,2,0.743,0.9095,1,0,1,0,0,0,0.3695652173913043,0.40816326530612246,0.7391304347826086,0.24489795918367346,0.48484848484848486,0.17391304347826086,0.02040816326530612,0.061224489795918366,0.10869565217391304,1.6666666666666667,0.8,0.6470588235294118,0.23529411764705882,0.6470588235294118,0.11764705882352941,0.0,0.5076025641025641,0.7164358974358974,0.35714285714285715,0.35714285714285715,0.6059333333333334,0.8535666666666668,0.3125,0.4375,0.3584905660377358,0.2558139534883721,0.4186046511627907,0.2857142857142857,0.6912442396313364,0.22459893048128343,0.37823834196891193,0.12953367875647667,0.5,0.22,0.013333333333333334,11.511627906976745,1.255813953488372,6.906976744186046,0.1625615763546798,0.523710942283892,0.25401336360358656,0.523710942283892,1.6666666666666667,,1.5,,,,,False,,0.5,,,,,False,,False
596142,Gary Sánchez,MIL,CHC,1,5.0,1,656849,David Peterson,L,823738,7:40 PM ET,American Family Field,1,0,0.20330578512396694,2026-09-08,823738,0.0,1,96.2,95.7,110.9,R,1,1,0,0,0,0,0,0,0,0,0,1,0,0,0,1,0,0.075,0.084,0,0,0,0,0,0,0.16666666666666666,0.2708333333333333,0.6428571428571429,0.30612244897959184,0.2,0.21428571428571427,0.04081632653061224,0.061224489795918366,0.11904761904761904,1.0666666666666667,1.0,0.3333333333333333,0.18518518518518517,0.5555555555555556,0.14814814814814814,0.037037037037037035,0.3708861111111112,0.6057402777777778,0.23076923076923078,0.25,0.418825,0.8093249999999996,0.28205128205128205,0.5641025641025641,0.26,0.14285714285714285,0.30952380952380953,0.1836734693877551,0.6912442396313364,0.22459893048128343,0.37823834196891193,0.12953367875647667,0.5,0.22,0.013333333333333334,11.511627906976745,1.255813953488372,6.906976744186046,0.1625615763546798,0.5270772077005682,0.3525707193647922,0.5270772077005682,1.0666666666666667,,1.5,,,,,False,,0.5,,,,,False,,False
694192,Jackson Chourio,MIL,CHC,1,1.0,1,656849,David Peterson,L,823738,7:40 PM ET,American Family Field,1,0,0.20330578512396694,2026-09-08,823738,0.0,1,96.2,95.7,110.9,R,4,4,1,0,0,0,0,0,0,0,1,4,0,1,1,2,0,0.11575,0.12875,1,0,1,0,0,0,0.2878787878787879,0.323943661971831,0.7878787878787878,0.19718309859154928,0.30612244897959184,0.21212121212121213,0.056338028169014086,0.028169014084507043,0.09090909090909091,2.2,0.9333333333333333,0.49056603773584906,0.1320754716981132,0.49056603773584906,0.37735849056603776,0.03773584905660377,0.29414999999999997,0.48886444444444443,0.2608695652173913,0.2,0.2785333333333333,0.47096666666666664,0.26666666666666666,0.3333333333333333,0.26153846153846155,0.3384615384615385,0.6153846153846154,0.2,0.6912442396313364,0.22459893048128343,0.37823834196891193,0.12953367875647667,0.5,0.22,0.013333333333333334,11.511627906976745,1.255813953488372,6.906976744186046,0.1625615763546798,0.7057729919156657,0.414383058205092,0.7057729919156657,2.2,,1.5,,,,,False,,0.5,,,,,False,,False
687401,Joey Ortiz,MIL,CHC,1,7.0,1,656849,David Peterson,L,823738,7:40 PM ET,American Family Field,1,0,0.20330578512396694,2026-09-08,823738,0.0,1,96.2,95.7,110.9,R,3,3,1,1,0,0,0,0,0,1,2,2,0,1,1,0,1,0.3425,0.6034999999999999,1,0,1,1,1,0,0.3137254901960784,0.35714285714285715,0.8235294117647058,0.16071428571428573,0.34146341463414637,0.17647058823529413,0.03571428571428571,0.017857142857142856,0.0784313725490196,1.6666666666666667,0.6,0.4418604651162791,0.18604651162790697,0.5581395348837209,0.13953488372093023,0.0,0.29510714285714285,0.4245,0.2857142857142857,0.13333333333333333,0.2652916666666667,0.3520208333333332,0.3111111111111111,0.5333333333333333,0.2,0.34545454545454546,0.5818181818181818,0.21428571428571427,0.6912442396313364,0.22459893048128343,0.37823834196891193,0.12953367875647667,0.5,0.22,0.013333333333333334,11.511627906976745,1.255813953488372,6.906976744186046,0.1625615763546798,0.6448224860852653,0.3795210221799142,0.6448224860852653,1.6666666666666667,,1.5,,,,,False,,0.5,,,,,False,,False
800325,Luis Lara,MIL,CHC,1,6.0,1,656849,David Peterson,L,823738,7:40 PM ET,American Family Field,1,0,0.20330578512396694,2026-09-08,823738,0.0,1,96.2,95.7,110.9,R,3,3,1,0,0,0,0,0,0,0,1,3,0,2,2,1,0,0.277,0.41533333333333333,1,0,1,0,0,0,0.23076923076923078,0.3333333333333333,0.5769230769230769,0.36666666666666664,0.4,0.038461538461538464,0.0,0.03333333333333333,0.038461538461538464,0.4666666666666667,0.7333333333333333,0.4666666666666667,0.3333333333333333,0.6,0.0,0.0,0.3345909090909091,0.40299999999999997,0.0,0.5555555555555556,0.16266666666666668,0.1643333333333333,0.3137254901960784,0.45098039215686275,0.23636363636363636,0.25,0.29545454545454547,0.20408163265306123,0.6912442396313364,0.22459893048128343,0.37823834196891193,0.12953367875647667,0.5,0.22,0.013333333333333334,11.511627906976745,1.255813953488372,6.906976744186046,0.1625615763546798,0.4992081189073214,0.3379738495824704,0.4992081189073214,0.4666666666666667,,1.5,,,,,False,,0.5,,,,,False,,False
661388,William Contreras,MIL,CHC,1,4.0,1,656849,David Peterson,L,823738,7:40 PM ET,American Family Field,1,0,0.20330578512396694,2026-09-08,823738,0.0,1,96.2,95.7,110.9,R,4,4,0,0,0,0,0,0,0,2,0,2,0,1,0,0,1,0.177,0.338,0,0,0,0,1,1,0.3548387096774194,0.4057971014492754,0.8225806451612904,0.15942028985507245,0.4,0.20967741935483872,0.028985507246376812,0.10144927536231885,0.14516129032258066,2.3333333333333335,0.7333333333333333,0.4423076923076923,0.25,0.40384615384615385,0.21153846153846154,0.038461538461538464,0.30907333333333337,0.5371966666666667,0.2608695652173913,0.2916666666666667,0.22924999999999995,0.4711499999999999,0.16071428571428573,0.26785714285714285,0.14925373134328357,0.3448275862068966,0.5172413793103449,0.12307692307692308,0.6912442396313364,0.22459893048128343,0.37823834196891193,0.12953367875647667,0.5,0.22,0.013333333333333334,11.511627906976745,1.255813953488372,6.906976744186046,0.1625615763546798,0.6775280358207917,0.44306205607807647,0.6775280358207917,2.3333333333333335,,1.5,,,,,False,,0.5,,,,,False,,False
608324,Alex Bregman,CHC,MIL,0,3.0,1,694819,Jacob Misiorowski,R,823738,7:40 PM ET,American Family Field,1,1,0.1744186046511628,2026-09-08,823738,0.0,1,96.2,95.7,110.9,R,4,3,2,0,0,0,1,0,0,0,2,3,0,1,0,1,1,0.459,0.5146666666666667,1,1,1,1,0,0,0.2711864406779661,0.35294117647058826,0.864406779661017,0.11764705882352941,0.21739130434782608,0.3728813559322034,0.08823529411764706,0.058823529411764705,0.1694915254237288,2.533333333333333,0.5333333333333333,0.3076923076923077,0.21153846153846154,0.38461538461538464,0.25,0.057692307692307696,0.2710177777777778,0.43921777777777776,0.3125,0.05,0.2869333333333334,0.4192166666666667,0.3114754098360656,0.5901639344262295,0.1,0.21818181818181817,0.6,0.1044776119402985,0.547945205479452,0.11855670103092783,0.31527093596059114,0.15763546798029557,0.45,0.30833333333333335,0.016666666666666666,4.2272727272727275,0.4090909090909091,13.227272727272727,0.40082644628099173,0.6324994741434908,0.32933304094102184,0.6324994741434908,2.533333333333333,,1.5,,,,,False,,0.5,,,,,False,,False
664023,Ian Happ,CHC,MIL,0,6.0,1,694819,Jacob Misiorowski,R,823738,7:40 PM ET,American Family Field,1,1,0.1744186046511628,2026-09-08,823738,0.0,1,96.2,95.7,110.9,R,1,1,0,0,0,0,0,0,0,0,0,1,0,1,0,1,0,0.423,0.474,0,0,0,0,0,0,0.24242424242424243,0.32432432432432434,0.6666666666666666,0.2972972972972973,0.3333333333333333,0.09090909090909091,0.02702702702702703,0.0,0.030303030303030304,0.7333333333333333,0.7333333333333333,0.2727272727272727,0.3181818181818182,0.45454545454545453,0.13636363636363635,0.0,0.30260256410256403,0.45297435897435895,0.2727272727272727,0.35714285714285715,0.4201250000000002,0.5302499999999997,0.27450980392156865,0.49019607843137253,0.2982456140350877,0.18867924528301888,0.37735849056603776,0.3,0.547945205479452,0.11855670103092783,0.31527093596059114,0.15763546798029557,0.45,0.30833333333333335,0.016666666666666666,4.2272727272727275,0.4090909090909091,13.227272727272727,0.40082644628099173,0.4778821778025077,0.2237658884061313,0.4778821778025077,0.7333333333333333,,1.5,,,,,False,,0.5,,,,,False,,False
807713,Matt Shaw,CHC,MIL,0,7.0,1,694819,Jacob Misiorowski,R,823738,7:40 PM ET,American Family Field,1,1,0.1744186046511628,2026-09-08,823738,0.0,1,96.2,95.7,110.9,R,4,3,0,0,0,0,0,0,0,1,0,3,0,1,1,1,0,0.091,0.216,0,0,0,0,1,0,0.21875,0.3902439024390244,0.78125,0.16666666666666666,0.21739130434782608,0.3125,0.047619047619047616,0.047619047619047616,0.15625,1.1333333333333333,0.4666666666666667,0.38461538461538464,0.07692307692307693,0.4230769230769231,0.46153846153846156,0.0,0.2196474358974359,0.3792371794871795,0.2222222222222222,0.08333333333333333,0.24356249999999996,0.45068749999999996,0.17777777777777778,0.4,0.1568627450980392,0.2,0.36,0.18181818181818182,0.547945205479452,0.11855670103092783,0.31527093596059114,0.15763546798029557,0.45,0.30833333333333335,0.016666666666666666,4.2272727272727275,0.4090909090909091,13.227272727272727,0.40082644628099173,0.5030574000994515,0.28566012913504407,0.5030574000994515,1.1333333333333333,,1.5,,,,,False,,0.5,,,,,False,,False
683737,Michael Busch,CHC,MIL,0,4.0,1,694819,Jacob Misiorowski,R,823738,7:40 PM ET,American Family Field,0,1,0.1744186046511628,2026-09-08,823738,0.0,1,96.2,95.7,110.9,L,1,1,0,0,0,0,0,0,0,0,0,1,0,1,0,1,0,0.196,0.209,0,0,0,0,0,0,0.1724137931034483,0.29411764705882354,0.6551724137931034,0.29411764705882354,0.2,0.22413793103448276,0.04411764705882353,0.058823529411764705,0.1206896551724138,1.5333333333333334,1.3333333333333333,0.47368421052631576,0.18421052631578946,0.3157894736842105,0.42105263157894735,0.05263157894736842,0.29943452380952384,0.6068869047619048,0.15789473684210525,0.25,0.2544166666666666,0.5277333333333332,0.1724137931034483,0.39655172413793105,0.2537313432835821,0.32142857142857145,0.5892857142857143,0.1875,0.547945205479452,0.11855670103092783,0.31527093596059114,0.15763546798029557,0.45,0.30833333333333335,0.016666666666666666,4.2272727272727275,0.4090909090909091,13.227272727272727,0.40082644628099173,0.5436317610808619,0.3657922858041704,0.5436317610808619,1.5333333333333334,,1.5,,,,,False,,0.5,,,,,False,,False
665804,Miguel Amaya,CHC,MIL,0,9.0,1,694819,Jacob Misiorowski,R,823738,7:40 PM ET,American Family Field,1,1,0.1744186046511628,2026-09-08,823738,0.0,1,96.2,95.7,110.9,R,4,3,2,1,0,0,0,0,0,0,3,4,0,1,0,3,1,0.152,0.204,1,1,1,1,0,0,0.18604651162790697,0.2857142857142857,0.5581395348837209,0.3877551020408163,0.2727272727272727,0.16279069767441862,0.04081632653061224,0.02040816326530612,0.06976744186046512,1.0,1.2666666666666666,0.375,0.20833333333333334,0.2916666666666667,0.375,0.041666666666666664,0.30173611111111115,0.5225277777777778,0.13333333333333333,0.3333333333333333,0.33395833333333325,0.39795833333333336,0.23809523809523808,0.40476190476190477,0.3673469387755102,0.20512820512820512,0.23076923076923078,0.2,0.547945205479452,0.11855670103092783,0.31527093596059114,0.15763546798029557,0.45,0.30833333333333335,0.016666666666666666,4.2272727272727275,0.4090909090909091,13.227272727272727,0.40082644628099173,0.4809116937489346,0.26351639992520726,0.4809116937489346,1.0,,1.5,,,,,False,,0.5,,,,,False,,False
663538,Nico Hoerner,CHC,MIL,0,5.0,1,694819,Jacob Misiorowski,R,823738,7:40 PM ET,American Family Field,1,1,0.1744186046511628,2026-09-08,823738,0.0,1,96.2,95.7,110.9,R,4,4,0,0,0,0,0,0,0,2,0,2,0,1,1,1,0,0.2225,0.682,0,0,0,0,1,1,0.2982456140350877,0.3114754098360656,0.8771929824561403,0.11475409836065574,0.3137254901960784,0.07017543859649122,0.01639344262295082,0.01639344262295082,0.03508771929824561,1.4,0.4666666666666667,0.38461538461538464,0.19230769230769232,0.5384615384615384,0.23076923076923078,0.038461538461538464,0.34039777777777774,0.4417844444444444,0.3684210526315789,0.10526315789473684,0.37588333333333335,0.45030000000000003,0.3333333333333333,0.3333333333333333,0.07936507936507936,0.24561403508771928,0.45614035087719296,0.12903225806451613,0.547945205479452,0.11855670103092783,0.31527093596059114,0.15763546798029557,0.45,0.30833333333333335,0.016666666666666666,4.2272727272727275,0.4090909090909091,13.227272727272727,0.40082644628099173,0.6448224860852653,0.3606961608736155,0.6448224860852653,1.4,,1.5,,,,,False,,0.5,,,,,False,,False
691718,Pete Crow-Armstrong,CHC,MIL,0,1.0,1,694819,Jacob Misiorowski,R,823738,7:40 PM ET,American Family Field,0,1,0.1744186046511628,2026-09-08,823738,0.0,1,96.2,95.7,110.9,L,5,4,2,0,0,1,0,1,0,0,5,4,0,2,0,2,2,0.49,1.2269999999999999,1,1,1,1,0,0,0.2857142857142857,0.34285714285714286,0.7619047619047619,0.21428571428571427,0.24390243902439024,0.42857142857142855,0.11428571428571428,0.04285714285714286,0.1746031746031746,3.0,1.0,0.4897959183673469,0.2653061224489796,0.30612244897959184,0.32653061224489793,0.08163265306122448,0.4498877777777777,0.8803722222222222,0.2777777777777778,0.21739130434782608,0.48946666666666666,0.9583999999999998,0.27419354838709675,0.7419354838709677,0.19444444444444445,0.2786885245901639,0.639344262295082,0.2857142857142857,0.547945205479452,0.11855670103092783,0.31527093596059114,0.15763546798029557,0.45,0.30833333333333335,0.016666666666666666,4.2272727272727275,0.4090909090909091,13.227272727272727,0.40082644628099173,0.581000701813398,0.3924257845555072,0.581000701813398,3.0,,1.5,,,,,False,,0.5,,,,,False,,False
673548,Seiya Suzuki,CHC,MIL,0,2.0,1,694819,Jacob Misiorowski,R,823738,7:40 PM ET,American Family Field,1,1,0.1744186046511628,2026-09-08,823738,0.0,1,96.2,95.7,110.9,R,5,3,0,0,0,0,2,0,0,1,0,2,0,0,0,1,1,0.1865,0.198,0,0,0,0,1,0,0.2982456140350877,0.43661971830985913,0.8421052631578947,0.1267605633802817,0.32608695652173914,0.19298245614035087,0.028169014084507043,0.07042253521126761,0.12280701754385964,1.8666666666666667,0.6,0.3541666666666667,0.20833333333333334,0.3541666666666667,0.375,0.041666666666666664,0.28744000000000003,0.46532111111111113,0.11764705882352941,0.13636363636363635,0.21402666666666664,0.29352666666666655,0.24193548387096775,0.41935483870967744,0.2465753424657534,0.29310344827586204,0.5517241379310345,0.1323529411764706,0.547945205479452,0.11855670103092783,0.31527093596059114,0.15763546798029557,0.45,0.30833333333333335,0.016666666666666666,4.2272727272727275,0.4090909090909091,13.227272727272727,0.40082644628099173,0.6489166745890813,0.40619217501420884,0.6489166745890813,1.8666666666666667,,1.5,,,,,False,,0.5,,,,,False,,False
621438,Tyrone Taylor,CHC,MIL,0,8.0,1,694819,Jacob Misiorowski,R,823738,7:40 PM ET,American Family Field,1,1,0.1744186046511628,2026-09-08,823738,0.0,1,96.2,95.7,110.9,R,2,2,1,1,0,0,0,0,0,1,2,1,0,1,0,0,1,0.549,1.355,1,0,1,1,1,0,0.46153846153846156,0.4883720930232558,0.9230769230769231,0.06976744186046512,0.4722222222222222,0.20512820512820512,0.023255813953488372,0.11627906976744186,0.15384615384615385,1.7333333333333334,0.2,0.32432432432432434,0.2702702702702703,0.40540540540540543,0.2702702702702703,0.0,0.2702261904761905,0.36004047619047624,0.4375,0.0,0.2840333333333334,0.3848666666666668,0.39473684210526316,0.631578947368421,0.15555555555555556,0.38461538461538464,0.717948717948718,0.15555555555555556,0.547945205479452,0.11855670103092783,0.31527093596059114,0.15763546798029557,0.45,0.30833333333333335,0.016666666666666666,4.2272727272727275,0.4090909090909091,13.227272727272727,0.40082644628099173,0.5229596480756643,0.24756894461629156,0.5229596480756643,1.7333333333333334,,1.5,,,,,False,,0.5,,,,,False,,False
687957,Dustin Harris,SD,WSH,1,7.0,1,683000,Riley Cornelio,R,823250,9:40 PM ET,Petco Park,0,1,0.21746880570409982,2026-09-08,823250,0.0,0,95.4,94.6,96.5,L,3,3,0,0,0,0,0,0,0,0,0,3,0,0,3,0,0,0.007666666666666666,0.015,0,0,0,0,0,0,0.36363636363636365,0.3695652173913043,0.8409090909090909,0.14583333333333334,0.42105263157894735,0.06818181818181818,0.0,0.020833333333333332,0.045454545454545456,1.2666666666666666,0.4666666666666667,0.175,0.4,0.35,0.175,0.0,0.37591071428571426,0.473547619047619,0.3333333333333333,0.23076923076923078,0.39556249999999993,0.4681875,0.28888888888888886,0.35555555555555557,0.18,0.3,0.3,0.18181818181818182,0.5833333333333334,0.2153846153846154,0.3333333333333333,0.10606060606060606,0.40816326530612246,0.2857142857142857,0.04081632653061224,10.323529411764707,0.0,7.147058823529412,0.15517241379310345,0.5663606451224535,0.2962541847316226,0.5663606451224535,1.2666666666666666,,1.5,,,,,False,,0.5,,,,,False,,False
665487,Fernando Tatis Jr.,SD,WSH,1,1.0,1,683000,Riley Cornelio,R,823250,9:40 PM ET,Petco Park,1,1,0.21746880570409982,2026-09-08,823250,0.0,0,95.4,94.6,96.5,R,4,4,3,0,0,0,0,0,0,1,3,3,0,2,1,1,1,0.718,0.854,1,1,1,1,1,0,0.27692307692307694,0.2878787878787879,0.8307692307692308,0.16666666666666666,0.2653061224489796,0.27692307692307694,0.07575757575757576,0.045454545454545456,0.12307692307692308,2.4,0.7333333333333333,0.6481481481481481,0.3333333333333333,0.46296296296296297,0.16666666666666666,0.05555555555555555,0.39567111111111114,0.667441111111111,0.25,0.14285714285714285,0.3439166666666666,0.7250833333333334,0.23333333333333334,0.48333333333333334,0.13846153846153847,0.3157894736842105,0.7368421052631579,0.12121212121212122,0.5833333333333334,0.2153846153846154,0.3333333333333333,0.10606060606060606,0.40816326530612246,0.2857142857142857,0.04081632653061224,10.323529411764707,0.0,7.147058823529412,0.15517241379310345,0.5738013521616656,0.3977469417393267,0.5738013521616656,2.4,,1.5,,,,,False,,0.5,,,,,False,,False
666023,Freddy Fermin,SD,WSH,1,9.0,1,683000,Riley Cornelio,R,823250,9:40 PM ET,Petco Park,1,1,0.21746880570409982,2026-09-08,823250,0.0,0,95.4,94.6,96.5,R,2,2,0,0,0,0,0,0,0,2,0,0,0,0,0,0,0,0.2015,0.6495000000000001,0,0,0,0,1,1,0.24489795918367346,0.26,0.7551020408163265,0.23076923076923078,0.32432432432432434,0.061224489795918366,0.0,0.057692307692307696,0.061224489795918366,1.0,0.8,0.40540540540540543,0.40540540540540543,0.32432432432432434,0.24324324324324326,0.02702702702702703,0.3796380952380952,0.5251178571428571,0.21428571428571427,0.1875,0.3948499999999999,0.6068,0.38095238095238093,0.5476190476190477,0.17391304347826086,0.23404255319148937,0.425531914893617,0.13725490196078433,0.5833333333333334,0.2153846153846154,0.3333333333333333,0.10606060606060606,0.40816326530612246,0.2857142857142857,0.04081632653061224,10.323529411764707,0.0,7.147058823529412,0.15517241379310345,0.24619310446390055,0.12802244353529782,0.24619310446390055,1.0,,1.5,,,,,False,,0.5,,,,,False,,False
701538,Jackson Merrill,SD,WSH,1,5.0,1,683000,Riley Cornelio,R,823250,9:40 PM ET,Petco Park,0,1,0.21746880570409982,2026-09-08,823250,0.0,0,95.4,94.6,96.5,L,4,4,3,1,0,0,0,0,0,0,4,4,0,4,0,1,3,0.69725,1.0250000000000001,1,1,1,1,0,0,0.21052631578947367,0.2857142857142857,0.7719298245614035,0.203125,0.21951219512195122,0.22807017543859648,0.046875,0.03125,0.10526315789473684,1.6666666666666667,0.8666666666666667,0.5111111111111111,0.3111111111111111,0.3333333333333333,0.3111111111111111,0.06666666666666667,0.38636666666666664,0.7459955555555556,0.11764705882352941,0.10526315789473684,0.40198333333333325,0.8138833333333333,0.21052631578947367,0.43859649122807015,0.2,0.3,0.5333333333333333,0.2698412698412698,0.5833333333333334,0.2153846153846154,0.3333333333333333,0.10606060606060606,0.40816326530612246,0.2857142857142857,0.04081632653061224,10.323529411764707,0.0,7.147058823529412,0.15517241379310345,0.5604851545924898,0.3532765366503252,0.5604851545924898,1.6666666666666667,,1.5,,,,,False,,0.5,,,,,False,,False
630105,Jake Cronenworth,SD,WSH,1,2.0,1,683000,Riley Cornelio,R,823250,9:40 PM ET,Petco Park,0,1,0.21746880570409982,2026-09-08,823250,0.0,0,95.4,94.6,96.5,L,4,4,0,0,0,0,0,0,0,1,0,3,0,0,0,2,1,0.31866666666666665,0.36766666666666664,0,0,0,0,1,0,0.1509433962264151,0.23728813559322035,0.6792452830188679,0.288135593220339,0.2,0.1320754716981132,0.01694915254237288,0.06779661016949153,0.09433962264150944,1.0,1.1333333333333333,0.19444444444444445,0.25,0.3055555555555556,0.3333333333333333,0.0,0.21762499999999999,0.2734583333333333,0.07692307692307693,0.13333333333333333,0.08905000000000013,0.11940000000000044,0.22580645161290322,0.3870967741935484,0.2878787878787879,0.2708333333333333,0.3333333333333333,0.1724137931034483,0.5833333333333334,0.2153846153846154,0.3333333333333333,0.10606060606060606,0.40816326530612246,0.2857142857142857,0.04081632653061224,10.323529411764707,0.0,7.147058823529412,0.15517241379310345,0.5617232064343473,0.27133376648781576,0.5617232064343473,1.0,,1.5,,,,,False,,0.5,,,,,False,,False
669134,Luis Campusano,SD,WSH,1,6.0,1,683000,Riley Cornelio,R,823250,9:40 PM ET,Petco Park,1,1,0.21746880570409982,2026-09-08,823250,0.0,0,95.4,94.6,96.5,R,4,3,0,0,0,0,0,1,0,1,0,2,0,1,1,0,0,0.177,0.451,0,0,0,0,1,0,0.20454545454545456,0.3137254901960784,0.7045454545454546,0.2549019607843137,0.2413793103448276,0.18181818181818182,0.0392156862745098,0.0392156862745098,0.09090909090909091,1.1333333333333333,0.8666666666666667,0.3225806451612903,0.16129032258064516,0.3870967741935484,0.25806451612903225,0.0,0.25473214285714285,0.47457142857142853,0.26666666666666666,0.25,0.3515208333333333,0.9229166666666666,0.24444444444444444,0.37777777777777777,0.21153846153846154,0.23684210526315788,0.42105263157894735,0.28888888888888886,0.5833333333333334,0.2153846153846154,0.3333333333333333,0.10606060606060606,0.40816326530612246,0.2857142857142857,0.04081632653061224,10.323529411764707,0.0,7.147058823529412,0.15517241379310345,0.49615681530412986,0.28745872817453844,0.49615681530412986,1.1333333333333333,,1.5,,,,,False,,0.5,,,,,False,,False
592518,Manny Machado,SD,WSH,1,3.0,1,683000,Riley Cornelio,R,823250,9:40 PM ET,Petco Park,1,1,0.21746880570409982,2026-09-08,823250,0.0,0,95.4,94.6,96.5,R,4,4,2,1,0,0,0,0,0,0,3,4,0,4,2,1,1,0.47,0.94675,1,1,1,1,0,0,0.25925925925925924,0.3787878787878788,0.7592592592592593,0.19696969696969696,0.3,0.12962962962962962,0.030303030303030304,0.015151515151515152,0.05555555555555555,1.4,0.8666666666666667,0.42857142857142855,0.30952380952380953,0.3333333333333333,0.21428571428571427,0.023809523809523808,0.3424433333333334,0.5116966666666667,0.4375,0.09523809523809523,0.37044666666666676,0.6935066666666667,0.22413793103448276,0.29310344827586204,0.15942028985507245,0.2857142857142857,0.4107142857142857,0.26153846153846155,0.5833333333333334,0.2153846153846154,0.3333333333333333,0.10606060606060606,0.40816326530612246,0.2857142857142857,0.04081632653061224,10.323529411764707,0.0,7.147058823529412,0.15517241379310345,0.6189209249529117,0.3538618798298781,0.6189209249529117,1.4,,1.5,,,,,False,,0.5,,,,,False,,False
664034,Ty France,SD,WSH,1,4.0,1,683000,Riley Cornelio,R,823250,9:40 PM ET,Petco Park,1,1,0.21746880570409982,2026-09-08,823250,0.0,0,95.4,94.6,96.5,R,4,3,0,0,0,0,1,0,0,0,0,3,0,1,1,2,0,0.08366666666666667,0.10099999999999999,0,0,0,0,0,0,0.2857142857142857,0.421875,0.7551020408163265,0.1875,0.3055555555555556,0.22448979591836735,0.046875,0.03125,0.10204081632653061,1.6666666666666667,0.8,0.41025641025641024,0.2564102564102564,0.3333333333333333,0.28205128205128205,0.07692307692307693,0.3426288888888889,0.6619333333333334,0.25,0.2631578947368421,0.3391999999999999,0.5819333333333333,0.3148148148148148,0.46296296296296297,0.15151515151515152,0.2641509433962264,0.5094339622641509,0.265625,0.5833333333333334,0.2153846153846154,0.3333333333333333,0.10606060606060606,0.40816326530612246,0.2857142857142857,0.04081632653061224,10.323529411764707,0.0,7.147058823529412,0.15517241379310345,0.5815506575227436,0.3292804156940407,0.5815506575227436,1.6666666666666667,,1.5,,,,,False,,0.5,,,,,False,,False
593428,Xander Bogaerts,SD,WSH,1,8.0,1,683000,Riley Cornelio,R,823250,9:40 PM ET,Petco Park,1,1,0.21746880570409982,2026-09-08,823250,0.0,0,95.4,94.6,96.5,R,4,3,1,0,0,0,1,0,0,1,1,2,0,1,0,1,1,0.395,0.5994999999999999,1,0,1,0,1,0,0.2,0.2982456140350877,0.78,0.19298245614035087,0.2564102564102564,0.04,0.0,0.03508771929824561,0.04,0.8,0.7333333333333333,0.4358974358974359,0.1794871794871795,0.46153846153846156,0.3076923076923077,0.0,0.282375,0.4195833333333333,0.25,0.15789473684210525,0.28773333333333334,0.4158000000000001,0.2222222222222222,0.4222222222222222,0.17857142857142858,0.2,0.22,0.1016949152542373,0.5833333333333334,0.2153846153846154,0.3333333333333333,0.10606060606060606,0.40816326530612246,0.2857142857142857,0.04081632653061224,10.323529411764707,0.0,7.147058823529412,0.15517241379310345,0.5311445145083074,0.28674433079063943,0.5311445145083074,0.8,,1.5,,,,,False,,0.5,,,,,False,,False
694673,Abimelec Ortiz,WSH,SD,0,2.0,1,663554,Casey Mize,R,823250,9:40 PM ET,Petco Park,0,1,0.21891418563922943,2026-09-08,823250,0.0,0,95.4,94.6,96.5,L,4,4,1,0,0,0,0,0,0,1,1,3,0,1,1,1,1,0.2773333333333333,0.5483333333333333,1,0,1,0,1,0,0.14,0.18867924528301888,0.74,0.24528301886792453,0.1891891891891892,0.02,0.0,0.018867924528301886,0.02,0.5333333333333333,0.8666666666666667,0.21621621621621623,0.24324324324324326,0.3783783783783784,0.2972972972972973,0.0,0.26565222222222223,0.33355444444444443,0.07692307692307693,0.3076923076923077,0.3223,0.36405,0.10204081632653061,0.10204081632653061,0.25,,,,0.7511520737327189,0.2074468085106383,0.4,0.1641025641025641,0.294478527607362,0.3312883435582822,0.04294478527607362,5.982035928143712,0.4850299401197604,8.730538922155688,0.2583732057416268,0.6562616686536714,0.378204207476917,0.6562616686536714,0.5333333333333333,,1.5,,,,,False,,0.5,,,,,False,,False
691781,Brady House,WSH,SD,0,5.0,1,663554,Casey Mize,R,823250,9:40 PM ET,Petco Park,1,1,0.21891418563922943,2026-09-08,823250,0.0,0,95.4,94.6,96.5,R,4,4,0,0,0,0,0,0,0,2,0,2,0,1,0,1,1,0.3425,0.6305,0,0,0,0,1,1,0.2978723404255319,0.375,0.8085106382978723,0.16071428571428573,0.3333333333333333,0.14893617021276595,0.017857142857142856,0.07142857142857142,0.10638297872340426,1.4,0.6,0.475,0.225,0.4,0.35,0.025,0.36345238095238097,0.582297619047619,0.3684210526315789,0.14285714285714285,0.3909,0.48435000000000006,0.27450980392156865,0.39215686274509803,0.19672131147540983,0.3333333333333333,0.6041666666666666,0.27450980392156865,0.7511520737327189,0.2074468085106383,0.4,0.1641025641025641,0.294478527607362,0.3312883435582822,0.04294478527607362,5.982035928143712,0.4850299401197604,8.730538922155688,0.2583732057416268,0.6541174013350078,0.3730630026645914,0.6541174013350078,1.4,,1.5,,,,,False,,0.5,,,,,False,,False
682928,CJ Abrams,WSH,SD,0,4.0,1,663554,Casey Mize,R,823250,9:40 PM ET,Petco Park,0,1,0.21891418563922943,2026-09-08,823250,0.0,0,95.4,94.6,96.5,L,4,4,0,0,0,0,0,0,0,1,0,3,0,1,1,1,1,0.255,0.49033333333333334,0,0,0,0,1,0,0.14754098360655737,0.22388059701492538,0.6065573770491803,0.3582089552238806,0.2222222222222222,0.09836065573770492,0.014925373134328358,0.04477611940298507,0.06557377049180328,1.0,1.6,0.32432432432432434,0.13513513513513514,0.32432432432432434,0.3783783783783784,0.0,0.23352222222222221,0.4556666666666667,0.2,0.34782608695652173,0.3491666666666666,0.7708000000000002,0.18032786885245902,0.2786885245901639,0.3333333333333333,0.2459016393442623,0.5901639344262295,0.3384615384615385,0.7511520737327189,0.2074468085106383,0.4,0.1641025641025641,0.294478527607362,0.3312883435582822,0.04294478527607362,5.982035928143712,0.4850299401197604,8.730538922155688,0.2583732057416268,0.5550143315511195,0.3198715294431022,0.5550143315511195,1.0,,1.5,,,,,False,,0.5,,,,,False,,False
695734,Daylen Lile,WSH,SD,0,6.0,1,663554,Casey Mize,R,823250,9:40 PM ET,Petco Park,0,1,0.21891418563922943,2026-09-08,823250,0.0,0,95.4,94.6,96.5,L,3,3,0,0,0,0,0,0,0,2,0,1,0,0,1,0,0,0.009,0.025,0,0,0,0,1,1,0.36538461538461536,0.45161290322580644,0.8076923076923077,0.15873015873015872,0.3684210526315789,0.4423076923076923,0.07936507936507936,0.06349206349206349,0.21153846153846154,2.8,0.6666666666666666,0.5116279069767442,0.27906976744186046,0.27906976744186046,0.4186046511627907,0.06976744186046512,0.3832976190476191,0.8326738095238095,0.23529411764705882,0.3157894736842105,0.27947500000000003,0.7063750000000001,0.30357142857142855,0.5892857142857143,0.19696969696969696,0.2542372881355932,0.559322033898305,0.2459016393442623,0.7511520737327189,0.2074468085106383,0.4,0.1641025641025641,0.294478527607362,0.3312883435582822,0.04294478527607362,5.982035928143712,0.4850299401197604,8.730538922155688,0.2583732057416268,0.6278920609840174,0.39729244775329975,0.6278920609840174,2.8,,1.5,,,,,False,,0.5,,,,,False,,False
686611,Dylan Crews,WSH,SD,0,3.0,1,663554,Casey Mize,R,823250,9:40 PM ET,Petco Park,1,1,0.21891418563922943,2026-09-08,823250,0.0,0,95.4,94.6,96.5,R,4,4,2,0,0,1,0,0,0,0,5,4,1,2,1,2,0,0.42274999999999996,1.154,1,1,1,1,0,0,0.2542372881355932,0.3230769230769231,0.6779661016949152,0.2923076923076923,0.375,0.13559322033898305,0.0,0.09230769230769231,0.11864406779661017,1.5333333333333334,1.2666666666666666,0.375,0.275,0.5,0.1,0.0,0.30182222222222227,0.4023777777777778,0.15789473684210525,0.36363636363636365,0.24040000000000003,0.36606666666666676,0.24561403508771928,0.3684210526315789,0.28125,0.18181818181818182,0.38181818181818183,0.25806451612903225,0.7511520737327189,0.2074468085106383,0.4,0.1641025641025641,0.294478527607362,0.3312883435582822,0.04294478527607362,5.982035928143712,0.4850299401197604,8.730538922155688,0.2583732057416268,0.6749983914959278,0.3774396302134071,0.6749983914959278,1.5333333333333334,,1.5,,,,,False,,0.5,,,,,False,,False
695670,Harry Ford,WSH,SD,0,9.0,1,663554,Casey Mize,R,823250,9:40 PM ET,Petco Park,1,1,0.21891418563922943,2026-09-08,823250,0.0,0,95.4,94.6,96.5,R,4,2,1,1,0,0,2,0,0,0,2,2,0,2,1,0,1,0.504,1.4765000000000001,1,0,1,1,0,0,0.1956521739130435,0.27450980392156865,0.6956521739130435,0.2692307692307692,0.23333333333333334,0.17391304347826086,0.038461538461538464,0.038461538461538464,0.08695652173913043,1.1333333333333333,0.9333333333333333,0.3125,0.125,0.5625,0.25,0.03125,0.2726435897435897,0.4490897435897435,0.1875,0.16666666666666666,0.23756666666666665,0.36649999999999994,0.1388888888888889,0.2222222222222222,0.1956521739130435,0.22916666666666666,0.4583333333333333,0.2962962962962963,0.7511520737327189,0.2074468085106383,0.4,0.1641025641025641,0.294478527607362,0.3312883435582822,0.04294478527607362,5.982035928143712,0.4850299401197604,8.730538922155688,0.2583732057416268,0.4787247828077246,0.21958187040639088,0.4787247828077246,1.1333333333333333,,1.5,,,,,False,,0.5,,,,,False,,False
695578,James Wood,WSH,SD,0,1.0,1,663554,Casey Mize,R,823250,9:40 PM ET,Petco Park,0,1,0.21891418563922943,2026-09-08,823250,0.0,0,95.4,94.6,96.5,L,4,4,1,1,0,0,0,0,0,0,2,4,0,4,0,3,1,0.50175,1.081,1,0,1,1,0,0,0.25,0.38571428571428573,0.7142857142857143,0.22857142857142856,0.3076923076923077,0.16071428571428573,0.02857142857142857,0.04285714285714286,0.08928571428571429,1.5333333333333334,1.0666666666666667,0.4878048780487805,0.1951219512195122,0.6097560975609756,0.17073170731707318,0.0,0.33755,0.5342166666666667,0.3157894736842105,0.21739130434782608,0.3275,0.4724666666666666,0.23636363636363636,0.4,0.22857142857142856,0.26865671641791045,0.5671641791044776,0.3561643835616438,0.7511520737327189,0.2074468085106383,0.4,0.1641025641025641,0.294478527607362,0.3312883435582822,0.04294478527607362,5.982035928143712,0.4850299401197604,8.730538922155688,0.2583732057416268,0.6560000593640655,0.3835174424034437,0.6560000593640655,1.5333333333333334,,1.5,,,,,False,,0.5,,,,,False,,False
678391,Jorbit Vivas,WSH,SD,0,8.0,1,663554,Casey Mize,R,823250,9:40 PM ET,Petco Park,0,1,0.21891418563922943,2026-09-08,823250,0.0,0,95.4,94.6,96.5,L,2,2,1,0,0,0,0,0,0,0,1,2,0,1,0,1,1,0.6475,0.7304999999999999,1,0,1,0,0,0,0.21428571428571427,0.34,0.9047619047619048,0.0784313725490196,0.23684210526315788,0.09523809523809523,0.0,0.0784313725490196,0.09523809523809523,0.8666666666666667,0.26666666666666666,0.1794871794871795,0.23076923076923078,0.46153846153846156,0.23076923076923078,0.02564102564102564,0.24206111111111112,0.33023888888888897,0.25,0.0625,0.24743333333333334,0.3846333333333333,0.1951219512195122,0.2926829268292683,0.08,0.21739130434782608,0.34782608695652173,0.08,0.7511520737327189,0.2074468085106383,0.4,0.1641025641025641,0.294478527607362,0.3312883435582822,0.04294478527607362,5.982035928143712,0.4850299401197604,8.730538922155688,0.2583732057416268,0.5883937832252947,0.2955456103930743,0.5883937832252947,0.8666666666666667,,1.5,,,,,False,,0.5,,,,,False,,False
691002,Yohandy Morales,WSH,SD,0,7.0,1,663554,Casey Mize,R,823250,9:40 PM ET,Petco Park,1,1,0.21891418563922943,2026-09-08,823250,0.0,0,95.4,94.6,96.5,R,1,1,0,0,0,0,0,0,0,1,0,0,0,0,0,0,0,0.714,0.86,0,0,0,0,1,0,0.42857142857142855,0.42857142857142855,0.5714285714285714,0.42857142857142855,0.7142857142857143,0.42857142857142855,0.07142857142857142,0.21428571428571427,0.2857142857142857,2.0,1.0,0.625,0.5,0.25,0.25,0.125,,,0.38461538461538464,0.46153846153846156,0.5687777777777777,1.0423888888888888,0.5,1.125,0.375,,,,0.7511520737327189,0.2074468085106383,0.4,0.1641025641025641,0.294478527607362,0.3312883435582822,0.04294478527607362,5.982035928143712,0.4850299401197604,8.730538922155688,0.2583732057416268,0.5323773178133685,0.3267890601202372,0.5323773178133685,2.0,,1.5,,,,,False,,0.5,,,,,False,,False
801126,Brock Rodden,SEA,TEX,1,9.0,1,615698,Cal Quantrill,R,823092,9:40 PM ET,T-Mobile Park,0,1,0.24869565217391304,2026-09-08,823092,0.0,0,90.9,92.7,102.0,L,2,2,1,0,0,0,0,0,0,0,1,2,0,1,1,0,1,0.11850000000000001,0.2405,1,0,1,0,0,0,0.15151515151515152,0.2631578947368421,0.6666666666666666,0.2894736842105263,0.22727272727272727,0.06060606060606061,0.0,0.0,0.030303030303030304,0.4666666666666667,0.7333333333333333,0.2727272727272727,0.13636363636363635,0.36363636363636365,0.45454545454545453,0.0,0.2427222222222222,0.3195277777777778,0.2727272727272727,0.21428571428571427,0.33658333333333335,0.38958333333333334,0.19047619047619047,0.2857142857142857,0.3333333333333333,0.25,0.25,0.21428571428571427,0.7424242424242424,0.2,0.3655913978494624,0.13978494623655913,0.46938775510204084,0.2585034013605442,0.02040816326530612,8.142857142857142,1.7142857142857142,6.0,0.15555555555555556,0.3832115337173904,0.19153235949341926,0.3832115337173904,0.4666666666666667,,1.5,,,,,False,,0.5,,,,,False,,False
663728,Cal Raleigh,SEA,TEX,1,4.0,1,615698,Cal Quantrill,R,823092,9:40 PM ET,T-Mobile Park,1,1,0.24869565217391304,2026-09-08,823092,0.0,0,90.9,92.7,102.0,R,2,2,1,0,0,0,0,0,0,1,1,1,0,0,0,0,1,0.926,1.088,1,0,1,0,1,0,0.3235294117647059,0.41025641025641024,0.6176470588235294,0.3333333333333333,0.4444444444444444,0.38235294117647056,0.07692307692307693,0.10256410256410256,0.20588235294117646,1.6,0.8666666666666667,0.6190476190476191,0.23809523809523808,0.19047619047619047,0.47619047619047616,0.047619047619047616,0.4986499999999999,1.08145,0.625,0.2,0.677125,1.224,0.2653061224489796,0.7346938775510204,0.25806451612903225,0.16326530612244897,0.30612244897959184,0.32142857142857145,0.7424242424242424,0.2,0.3655913978494624,0.13978494623655913,0.46938775510204084,0.2585034013605442,0.02040816326530612,8.142857142857142,1.7142857142857142,6.0,0.15555555555555556,0.4840921269643486,0.24687888758351365,0.4840921269643486,1.6,,1.5,,,,,False,,0.5,,,,,False,,False
702284,Cole Young,SEA,TEX,1,7.0,1,615698,Cal Quantrill,R,823092,9:40 PM ET,T-Mobile Park,0,1,0.24869565217391304,2026-09-08,823092,0.0,0,90.9,92.7,102.0,L,4,2,0,0,0,0,1,1,0,1,0,1,0,0,0,1,0,0.216,0.249,0,0,0,0,1,0,0.14285714285714285,0.25,0.75,0.21875,0.17073170731707318,0.08928571428571429,0.015625,0.03125,0.05357142857142857,0.8666666666666667,0.9333333333333333,0.21428571428571427,0.21428571428571427,0.5,0.11904761904761904,0.023809523809523808,0.24046111111111113,0.33122777777777773,0.23809523809523808,0.25,0.35231666666666667,0.49803333333333333,0.19298245614035087,0.3157894736842105,0.20967741935483872,0.19642857142857142,0.21428571428571427,0.140625,0.7424242424242424,0.2,0.3655913978494624,0.13978494623655913,0.46938775510204084,0.2585034013605442,0.02040816326530612,8.142857142857142,1.7142857142857142,6.0,0.15555555555555556,0.5641342701115334,0.26948304393434247,0.5641342701115334,0.8666666666666667,,1.5,,,,,False,,0.5,,,,,False,,False
686527,Dominic Canzone,SEA,TEX,1,2.0,1,615698,Cal Quantrill,R,823092,9:40 PM ET,T-Mobile Park,0,1,0.24869565217391304,2026-09-08,823092,0.0,0,90.9,92.7,102.0,L,4,4,1,0,0,0,0,0,0,1,1,3,0,1,1,1,1,0.3353333333333333,0.4506666666666667,1,0,1,0,1,0,0.20967741935483872,0.26865671641791045,0.7258064516129032,0.25,0.2558139534883721,0.16129032258064516,0.029411764705882353,0.029411764705882353,0.08064516129032258,1.5333333333333334,1.1333333333333333,0.37777777777777777,0.15555555555555556,0.5333333333333333,0.26666666666666666,0.022222222222222223,0.3407577777777778,0.5981944444444446,0.23809523809523808,0.125,0.35427333333333333,0.6984166666666668,0.25806451612903225,0.45161290322580644,0.2608695652173913,0.25,0.4642857142857143,0.1875,0.7424242424242424,0.2,0.3655913978494624,0.13978494623655913,0.46938775510204084,0.2585034013605442,0.02040816326530612,8.142857142857142,1.7142857142857142,6.0,0.15555555555555556,0.6430819195761948,0.34200107322154766,0.6430819195761948,1.5333333333333334,,1.5,,,,,False,,0.5,,,,,False,,False
641487,J.P. Crawford,SEA,TEX,1,5.0,1,615698,Cal Quantrill,R,823092,9:40 PM ET,T-Mobile Park,0,1,0.24869565217391304,2026-09-08,823092,0.0,0,90.9,92.7,102.0,L,4,4,1,0,0,0,0,0,0,1,1,3,0,1,1,2,0,0.20133333333333334,0.22833333333333336,1,0,1,0,1,0,0.28888888888888886,0.41379310344827586,0.7111111111111111,0.22413793103448276,0.38235294117647056,0.044444444444444446,0.0,0.034482758620689655,0.044444444444444446,1.0,0.8666666666666667,0.3235294117647059,0.14705882352941177,0.47058823529411764,0.2647058823529412,0.0,0.2931666666666667,0.3622222222222222,0.6153846153846154,0.045454545454545456,0.3861666666666667,0.46256666666666674,0.18867924528301888,0.24528301886792453,0.2459016393442623,0.3617021276595745,0.40425531914893614,0.19672131147540983,0.7424242424242424,0.2,0.3655913978494624,0.13978494623655913,0.46938775510204084,0.2585034013605442,0.02040816326530612,8.142857142857142,1.7142857142857142,6.0,0.15555555555555556,0.5999299335524945,0.3014585695720315,0.5999299335524945,1.0,,1.5,,,,,False,,0.5,,,,,False,,False
647304,Josh Naylor,SEA,TEX,1,6.0,1,615698,Cal Quantrill,R,823092,9:40 PM ET,T-Mobile Park,0,1,0.24869565217391304,2026-09-08,823092,0.0,0,90.9,92.7,102.0,L,3,3,1,0,0,0,0,0,0,0,1,3,0,0,1,0,1,0.5259999999999999,0.6063333333333333,1,0,1,0,0,0,0.24193548387096775,0.265625,0.8548387096774194,0.140625,0.2830188679245283,0.03225806451612903,0.0,0.03125,0.03225806451612903,1.1333333333333333,0.6,0.2830188679245283,0.18867924528301888,0.6415094339622641,0.1320754716981132,0.0,0.2379033333333333,0.3068811111111111,0.2608695652173913,0.08695652173913043,0.3230433333333334,0.44345999999999997,0.31666666666666665,0.36666666666666664,0.16666666666666666,0.23728813559322035,0.3728813559322034,0.12903225806451613,0.7424242424242424,0.2,0.3655913978494624,0.13978494623655913,0.46938775510204084,0.2585034013605442,0.02040816326530612,8.142857142857142,1.7142857142857142,6.0,0.15555555555555556,0.6250007499543805,0.3381083914632532,0.6250007499543805,1.1333333333333333,,1.5,,,,,False,,0.5,,,,,False,,False
677594,Julio Rodríguez,SEA,TEX,1,3.0,1,615698,Cal Quantrill,R,823092,9:40 PM ET,T-Mobile Park,1,1,0.24869565217391304,2026-09-08,823092,0.0,0,90.9,92.7,102.0,R,4,4,1,0,0,0,0,0,0,2,1,2,0,1,0,1,1,0.35800000000000004,0.39949999999999997,1,0,1,0,1,1,0.15384615384615385,0.1791044776119403,0.6461538461538462,0.34328358208955223,0.21951219512195122,0.09230769230769231,0.014925373134328358,0.04477611940298507,0.06153846153846154,1.0666666666666667,1.5333333333333334,0.4523809523809524,0.19047619047619047,0.5238095238095238,0.21428571428571427,0.023809523809523808,0.2940711111111111,0.45478,0.17391304347826086,0.20833333333333334,0.3154966666666667,0.36567333333333346,0.26229508196721313,0.5245901639344263,0.25,0.13114754098360656,0.14754098360655737,0.35384615384615387,0.7424242424242424,0.2,0.3655913978494624,0.13978494623655913,0.46938775510204084,0.2585034013605442,0.02040816326530612,8.142857142857142,1.7142857142857142,6.0,0.15555555555555556,0.597312294408675,0.3301846424943642,0.597312294408675,1.0666666666666667,,1.5,,,,,False,,0.5,,,,,False,,False
703155,Lazaro Montes,SEA,TEX,1,8.0,1,615698,Cal Quantrill,R,823092,9:40 PM ET,T-Mobile Park,0,1,0.24869565217391304,2026-09-08,823092,0.0,0,90.9,92.7,102.0,L,1,1,0,0,0,0,0,0,0,1,0,0,0,0,0,0,0,0.20900000000000002,0.2635,0,0,0,0,1,0,0.16666666666666666,0.25,0.5555555555555556,0.4,0.2222222222222222,0.16666666666666666,0.05,0.0,0.05555555555555555,0.75,1.0,0.2,0.2,0.4,0.3,0.1,,,0.2,0.35294117647058826,0.2962222222222222,0.6355,0.17647058823529413,0.35294117647058826,0.42105263157894735,,,,0.7424242424242424,0.2,0.3655913978494624,0.13978494623655913,0.46938775510204084,0.2585034013605442,0.02040816326530612,8.142857142857142,1.7142857142857142,6.0,0.15555555555555556,0.4740567482744609,0.20669744081465516,0.4740567482744609,0.75,,1.5,,,,,False,,0.5,,,,,False,,False
668227,Randy Arozarena,SEA,TEX,1,1.0,1,615698,Cal Quantrill,R,823092,9:40 PM ET,T-Mobile Park,1,1,0.24869565217391304,2026-09-08,823092,0.0,0,90.9,92.7,102.0,R,4,4,2,0,0,0,0,0,0,2,2,2,0,1,0,1,1,0.653,0.7030000000000001,1,1,1,1,1,1,0.26785714285714285,0.4057971014492754,0.7142857142857143,0.2318840579710145,0.2857142857142857,0.30357142857142855,0.07246376811594203,0.028985507246376812,0.125,2.1333333333333333,1.0666666666666667,0.275,0.2,0.375,0.35,0.075,0.2679733333333333,0.5022888888888889,0.21052631578947367,0.25,0.3371333333333334,0.6370666666666666,0.17543859649122806,0.43859649122807015,0.3142857142857143,0.2833333333333333,0.5666666666666667,0.16666666666666666,0.7424242424242424,0.2,0.3655913978494624,0.13978494623655913,0.46938775510204084,0.2585034013605442,0.02040816326530612,8.142857142857142,1.7142857142857142,6.0,0.15555555555555556,0.6317690163090474,0.34045733290594665,0.6317690163090474,2.1333333333333333,,1.5,,,,,False,,0.5,,,,,False,,False
675961,Alika Williams,ATH,TOR,1,8.0,1,667755,José Soriano,R,824957,9:40 PM ET,Sutter Health Park,1,1,0.24131944444444445,2026-09-08,824957,0.0,0,106.1,109.2,113.8,R,4,4,0,0,0,0,0,0,0,0,0,4,0,0,1,2,0,0.169,0.19725,0,0,0,0,0,0,0.2727272727272727,0.30434782608695654,0.7727272727272727,0.2127659574468085,0.3125,0.25,0.0425531914893617,0.06382978723404255,0.13636363636363635,1.5333333333333334,0.6666666666666666,0.3142857142857143,0.2,0.45714285714285713,0.2571428571428571,0.0,0.27542261904761905,0.3786190476190476,0.3333333333333333,0.2,0.26048333333333334,0.3200666666666666,0.24390243902439024,0.36585365853658536,0.16279069767441862,0.30303030303030304,0.45454545454545453,0.18421052631578946,0.6986899563318777,0.2315270935960591,0.3024390243902439,0.06341463414634146,0.5125,0.1875,0.0125,8.361290322580645,1.2193548387096775,9.406451612903226,0.23376623376623376,0.585698330067791,0.30630898844890825,0.585698330067791,1.5333333333333334,,1.5,,,,,False,,0.5,,,,,False,,False
666126,Carlos Cortes,ATH,TOR,1,5.0,1,667755,José Soriano,R,824957,9:40 PM ET,Sutter Health Park,0,1,0.24131944444444445,2026-09-08,824957,0.0,0,106.1,109.2,113.8,L,2,2,2,0,0,0,0,0,0,0,2,2,0,0,0,1,1,0.5775,0.61,1,1,1,1,0,0,0.24489795918367346,0.27450980392156865,0.7142857142857143,0.27450980392156865,0.3235294117647059,0.061224489795918366,0.0196078431372549,0.0,0.02040816326530612,1.0,0.9333333333333333,0.2571428571428571,0.34285714285714286,0.34285714285714286,0.11428571428571428,0.0,0.28597222222222224,0.41335555555555553,0.2,0.26666666666666666,0.24963333333333332,0.29863333333333325,0.24489795918367346,0.30612244897959184,0.27450980392156865,0.2727272727272727,0.2727272727272727,0.38461538461538464,0.6986899563318777,0.2315270935960591,0.3024390243902439,0.06341463414634146,0.5125,0.1875,0.0125,8.361290322580645,1.2193548387096775,9.406451612903226,0.23376623376623376,0.6466713416525374,0.28331508645344633,0.6466713416525374,1.0,,1.5,,,,,False,,0.5,,,,,False,,False
622268,Donovan Walton,ATH,TOR,1,7.0,1,667755,José Soriano,R,824957,9:40 PM ET,Sutter Health Park,0,1,0.24131944444444445,2026-09-08,824957,0.0,0,106.1,109.2,113.8,L,4,3,0,0,0,0,1,0,0,0,0,3,0,1,1,1,1,0.16566666666666666,0.24433333333333337,0,0,0,0,0,0,0.2564102564102564,0.43137254901960786,0.8205128205128205,0.13725490196078433,0.26666666666666666,0.20512820512820512,0.0392156862745098,0.0392156862745098,0.10256410256410256,1.2,0.4666666666666667,0.34375,0.3125,0.40625,0.21875,0.0625,0.35752564102564105,0.6876538461538461,0.18181818181818182,0.25,0.45844444444444443,1.161333333333333,0.2564102564102564,0.46153846153846156,0.13725490196078433,0.175,0.5,0.13636363636363635,0.6986899563318777,0.2315270935960591,0.3024390243902439,0.06341463414634146,0.5125,0.1875,0.0125,8.361290322580645,1.2193548387096775,9.406451612903226,0.23376623376623376,0.48283002956915516,0.2856359663730394,0.48283002956915516,1.2,,1.5,,,,,False,,0.5,,,,,False,,False
703607,Henry Bolte,ATH,TOR,1,1.0,1,667755,José Soriano,R,824957,9:40 PM ET,Sutter Health Park,1,1,0.24131944444444445,2026-09-08,824957,0.0,0,106.1,109.2,113.8,R,5,2,1,0,0,1,3,0,0,0,4,2,0,2,1,1,0,0.591,1.6400000000000001,1,0,1,1,0,0,0.3064516129032258,0.4027777777777778,0.6451612903225806,0.3055555555555556,0.4473684210526316,0.1774193548387097,0.027777777777777776,0.041666666666666664,0.0967741935483871,2.0,1.4666666666666666,0.5,0.3,0.575,0.075,0.025,0.42328444444444446,0.5735388888888889,0.3684210526315789,0.25,0.4700000000000001,0.7339,0.2833333333333333,0.36666666666666664,0.3188405797101449,0.3275862068965517,0.6206896551724138,0.24615384615384617,0.6986899563318777,0.2315270935960591,0.3024390243902439,0.06341463414634146,0.5125,0.1875,0.0125,8.361290322580645,1.2193548387096775,9.406451612903226,0.23376623376623376,0.6439534425516442,0.36769082072052156,0.6439534425516442,2.0,,1.5,,,,,False,,0.5,,,,,False,,False
643446,Jeff McNeil,ATH,TOR,1,2.0,1,667755,José Soriano,R,824957,9:40 PM ET,Sutter Health Park,0,1,0.24131944444444445,2026-09-08,824957,0.0,0,106.1,109.2,113.8,L,5,5,1,0,0,0,0,0,0,0,1,5,0,2,1,3,0,0.1666,0.26739999999999997,1,0,1,0,0,0,0.3125,0.34328358208955223,0.875,0.11940298507462686,0.3333333333333333,0.15625,0.029850746268656716,0.05970149253731343,0.09375,2.0,0.5333333333333333,0.23214285714285715,0.35714285714285715,0.3392857142857143,0.25,0.017857142857142856,0.3274388888888889,0.4170366666666666,0.3181818181818182,0.17391304347826086,0.3459633333333334,0.4264899999999999,0.26229508196721313,0.4262295081967213,0.12698412698412698,0.29310344827586204,0.3793103448275862,0.06779661016949153,0.6986899563318777,0.2315270935960591,0.3024390243902439,0.06341463414634146,0.5125,0.1875,0.0125,8.361290322580645,1.2193548387096775,9.406451612903226,0.23376623376623376,0.6663290772710432,0.3867446826421254,0.6663290772710432,2.0,,1.5,,,,,False,,0.5,,,,,False,,False
641680,Jonah Heim,ATH,TOR,1,9.0,1,667755,José Soriano,R,824957,9:40 PM ET,Sutter Health Park,0,1,0.24131944444444445,2026-09-08,824957,0.0,0,106.1,109.2,113.8,L,4,4,0,0,0,0,0,0,0,2,0,2,0,0,1,0,1,0.4225,0.584,0,0,0,0,1,1,0.21153846153846154,0.2545454545454545,0.8269230769230769,0.16363636363636364,0.21951219512195122,0.15384615384615385,0.03636363636363636,0.03636363636363636,0.07692307692307693,1.2666666666666666,0.6,0.37209302325581395,0.16279069767441862,0.4883720930232558,0.23255813953488372,0.023255813953488372,0.2529766666666667,0.4058,0.23809523809523808,0.18181818181818182,0.25604666666666676,0.41481666666666656,0.12244897959183673,0.22448979591836735,0.1509433962264151,0.17857142857142858,0.32142857142857145,0.2222222222222222,0.6986899563318777,0.2315270935960591,0.3024390243902439,0.06341463414634146,0.5125,0.1875,0.0125,8.361290322580645,1.2193548387096775,9.406451612903226,0.23376623376623376,0.5168448255984829,0.2603329152576759,0.5168448255984829,1.2666666666666666,,1.5,,,,,False,,0.5,,,,,False,,False
671732,Lawrence Butler,ATH,TOR,1,4.0,1,667755,José Soriano,R,824957,9:40 PM ET,Sutter Health Park,0,1,0.24131944444444445,2026-09-08,824957,0.0,0,106.1,109.2,113.8,L,4,4,0,0,0,0,0,0,0,3,0,1,0,0,0,0,0,0.003,0.003,0,0,0,0,1,1,0.3333333333333333,0.4307692307692308,0.5925925925925926,0.3384615384615385,0.5161290322580645,0.16666666666666666,0.03076923076923077,0.046153846153846156,0.09259259259259259,1.8,1.4666666666666666,0.6666666666666666,0.30303030303030304,0.5757575757575758,0.09090909090909091,0.06060606060606061,0.4553888888888889,0.6466555555555555,0.25,0.38095238095238093,0.47850000000000004,0.7340666666666669,0.34615384615384615,0.46153846153846156,0.3225806451612903,0.24,0.48,0.21666666666666667,0.6986899563318777,0.2315270935960591,0.3024390243902439,0.06341463414634146,0.5125,0.1875,0.0125,8.361290322580645,1.2193548387096775,9.406451612903226,0.23376623376623376,0.6575871265837434,0.3292804156940407,0.6575871265837434,1.8,,1.5,,,,,False,,0.5,,,,,False,,False
695720,Tommy White,ATH,TOR,1,6.0,1,667755,José Soriano,R,824957,9:40 PM ET,Sutter Health Park,1,1,0.24131944444444445,2026-09-08,824957,0.0,0,106.1,109.2,113.8,R,3,3,0,0,0,0,0,0,0,1,0,2,0,1,0,2,0,0.10650000000000001,0.109,0,0,0,0,1,0,0.2857142857142857,0.3050847457627119,0.8214285714285714,0.1694915254237288,0.3111111111111111,0.16071428571428573,0.03389830508474576,0.05084745762711865,0.08928571428571429,1.6666666666666667,0.6666666666666666,0.3404255319148936,0.23404255319148937,0.3829787234042553,0.3191489361702128,0.0425531914893617,0.3248744444444444,0.5431066666666666,0.3,0.2,0.3646333333333333,0.5308666666666666,0.1694915254237288,0.2711864406779661,0.18032786885245902,0.30357142857142855,0.35714285714285715,0.22807017543859648,0.6986899563318777,0.2315270935960591,0.3024390243902439,0.06341463414634146,0.5125,0.1875,0.0125,8.361290322580645,1.2193548387096775,9.406451612903226,0.23376623376623376,0.6103648120299362,0.35077849138460565,0.6103648120299362,1.6666666666666667,,1.5,,,,,False,,0.5,,,,,False,,False
680869,Zack Gelof,ATH,TOR,1,3.0,1,667755,José Soriano,R,824957,9:40 PM ET,Sutter Health Park,1,1,0.24131944444444445,2026-09-08,824957,0.0,0,106.1,109.2,113.8,R,4,4,1,1,0,0,0,0,0,0,2,4,0,1,1,2,1,0.23299999999999998,0.296,1,0,1,1,0,0,0.22033898305084745,0.30303030303030304,0.6949152542372882,0.26865671641791045,0.2631578947368421,0.22033898305084745,0.04477611940298507,0.029850746268656716,0.1016949152542373,1.7333333333333334,1.2,0.5,0.16666666666666666,0.42857142857142855,0.38095238095238093,0.09523809523809523,0.34340000000000004,0.73325,0.30434782608695654,0.2608695652173913,0.3981999999999999,1.0666499999999999,0.2033898305084746,0.3559322033898305,0.2727272727272727,0.23636363636363636,0.509090909090909,0.23333333333333334,0.6986899563318777,0.2315270935960591,0.3024390243902439,0.06341463414634146,0.5125,0.1875,0.0125,8.361290322580645,1.2193548387096775,9.406451612903226,0.23376623376623376,0.617481459208137,0.39382790445236204,0.617481459208137,1.7333333333333334,,1.5,,,,,False,,0.5,,,,,False,,False
668800,Andrew Knizner,SF,STL,1,6.0,1,687273,Quinn Mathews,L,823174,9:45 PM ET,Oracle Park,1,0,0.2204861111111111,2026-09-08,823174,0.0,1,100.6,96.8,86.1,R,3,3,0,0,0,0,0,0,0,1,0,2,0,0,0,1,1,0.265,0.2885,0,0,0,0,1,0,0.21052631578947367,0.2857142857142857,0.7631578947368421,0.21428571428571427,0.25,0.13157894736842105,0.023809523809523808,0.047619047619047616,0.07894736842105263,0.8666666666666667,0.6,0.3103448275862069,0.13793103448275862,0.3448275862068966,0.3448275862068966,0.034482758620689655,0.20673214285714286,0.3143214285714286,0.16666666666666666,0.3076923076923077,0.23639999999999994,0.39854999999999985,0.25,0.3611111111111111,0.14285714285714285,0.19444444444444445,0.3055555555555556,0.14634146341463414,0.6370967741935484,0.25471698113207547,0.3364485981308411,0.07476635514018691,0.43037974683544306,0.24050632911392406,0.0,,,,,0.5629990121030262,0.37515934549391633,0.5629990121030262,0.8666666666666667,,1.5,,,,,False,,0.5,,,,,False,,False
805811,Bryce Eldridge,SF,STL,1,3.0,1,687273,Quinn Mathews,L,823174,9:45 PM ET,Oracle Park,0,0,0.2204861111111111,2026-09-08,823174,0.0,1,100.6,96.8,86.1,L,5,4,2,1,0,0,0,0,1,1,3,4,0,3,3,0,1,0.49833333333333335,0.8210000000000001,1,1,1,1,1,0,0.34545454545454546,0.45588235294117646,0.7090909090909091,0.23529411764705882,0.46153846153846156,0.14545454545454545,0.014705882352941176,0.07352941176470588,0.10909090909090909,1.8,1.0666666666666667,0.55,0.425,0.35,0.175,0.0,0.4240022222222223,0.60307,0.25,0.2727272727272727,0.4300333333333334,0.5419999999999999,0.3090909090909091,0.43636363636363634,0.208955223880597,0.27586206896551724,0.5344827586206896,0.31746031746031744,0.6370967741935484,0.25471698113207547,0.3364485981308411,0.07476635514018691,0.43037974683544306,0.24050632911392406,0.0,,,,,0.6452761591656797,0.42370565413972355,0.6452761591656797,1.8,,1.5,,,,,False,,0.5,,,,,False,,False
683766,Christian Koss,SF,STL,1,9.0,1,687273,Quinn Mathews,L,823174,9:45 PM ET,Oracle Park,1,0,0.2204861111111111,2026-09-08,823174,0.0,1,100.6,96.8,86.1,R,4,3,1,0,0,0,1,0,0,0,1,3,0,0,1,2,0,0.482,0.527,1,0,1,0,0,0,0.22916666666666666,0.27450980392156865,0.7291666666666666,0.23636363636363636,0.25,0.1875,0.05454545454545454,0.0,0.0625,1.3333333333333333,0.8666666666666667,0.28205128205128205,0.2564102564102564,0.5641025641025641,0.10256410256410256,0.0,0.27223717948717946,0.39941025641025646,0.23529411764705882,0.05555555555555555,0.25256666666666666,0.38448333333333334,0.22448979591836735,0.24489795918367346,0.2982456140350877,0.1794871794871795,0.3076923076923077,0.25,0.6370967741935484,0.25471698113207547,0.3364485981308411,0.07476635514018691,0.43037974683544306,0.24050632911392406,0.0,,,,,0.44290973725061855,0.22543561193816375,0.44290973725061855,1.3333333333333333,,1.5,,,,,False,,0.5,,,,,False,,False
687529,Grant McCray,SF,STL,1,8.0,1,687273,Quinn Mathews,L,823174,9:45 PM ET,Oracle Park,0,0,0.2204861111111111,2026-09-08,823174,0.0,1,100.6,96.8,86.1,L,3,3,0,0,0,0,0,0,0,1,0,2,0,0,2,0,0,0.0185,0.0265,0,0,0,0,1,0,0.13953488372093023,0.26,0.6744186046511628,0.2692307692307692,0.17857142857142858,0.13953488372093023,0.019230769230769232,0.019230769230769232,0.06976744186046512,0.8,0.9333333333333333,0.3,0.23333333333333334,0.43333333333333335,0.2,0.06666666666666667,0.3102692307692308,0.5224935897435897,0.25,0.2631578947368421,0.396125,0.7448541666666665,0.16216216216216217,0.40540540540540543,0.24444444444444444,0.18421052631578946,0.4473684210526316,0.36363636363636365,0.6370967741935484,0.25471698113207547,0.3364485981308411,0.07476635514018691,0.43037974683544306,0.24050632911392406,0.0,,,,,0.5418662642433666,0.3150366428236173,0.5418662642433666,0.8,,1.5,,,,,False,,0.5,,,,,False,,False
813841,Jonah Cox,SF,STL,1,1.0,1,687273,Quinn Mathews,L,823174,9:45 PM ET,Oracle Park,1,0,0.2204861111111111,2026-09-08,823174,0.0,1,100.6,96.8,86.1,R,5,4,1,0,0,0,0,0,0,2,1,3,0,0,1,2,0,0.044,0.0635,1,0,1,0,1,1,0.3333333333333333,0.40425531914893614,0.6904761904761905,0.2765957446808511,0.4230769230769231,0.23809523809523808,0.06382978723404255,0.02127659574468085,0.09523809523809523,1.6,0.8666666666666667,0.5172413793103449,0.20689655172413793,0.4482758620689655,0.27586206896551724,0.06896551724137931,0.3234930555555555,0.5802083333333333,0.26666666666666666,0.1875,0.26026666666666665,0.32303333333333334,0.34285714285714286,0.5428571428571428,0.3333333333333333,0.2631578947368421,0.5263157894736842,0.4523809523809524,0.6370967741935484,0.25471698113207547,0.3364485981308411,0.07476635514018691,0.43037974683544306,0.24050632911392406,0.0,,,,,0.6054169072748313,0.38858112967367814,0.6054169072748313,1.6,,1.5,,,,,False,,0.5,,,,,False,,False
678545,Osleivis Basabe,SF,STL,1,4.0,1,687273,Quinn Mathews,L,823174,9:45 PM ET,Oracle Park,1,0,0.2204861111111111,2026-09-08,823174,0.0,1,100.6,96.8,86.1,R,3,3,1,0,0,0,0,0,0,0,1,3,0,1,0,2,1,0.48299999999999993,0.5586666666666666,1,0,1,0,0,0,0.14,0.2037037037037037,0.72,0.2545454545454545,0.14705882352941177,0.12,0.03636363636363636,0.0,0.04,0.8666666666666667,0.9333333333333333,0.35135135135135137,0.2702702702702703,0.40540540540540543,0.2702702702702703,0.02702702702702703,0.28426190476190477,0.4340833333333333,0.21428571428571427,0.35294117647058826,0.24283333333333335,0.35941666666666666,0.18,0.26,0.24074074074074073,0.1509433962264151,0.2830188679245283,0.2033898305084746,0.6370967741935484,0.25471698113207547,0.3364485981308411,0.07476635514018691,0.43037974683544306,0.24050632911392406,0.0,,,,,0.6207140097120732,0.37951199989487017,0.6207140097120732,0.8666666666666667,,1.5,,,,,False,,0.5,,,,,False,,False
646240,Rafael Devers,SF,STL,1,2.0,1,687273,Quinn Mathews,L,823174,9:45 PM ET,Oracle Park,0,0,0.2204861111111111,2026-09-08,823174,0.0,1,100.6,96.8,86.1,L,5,3,2,2,0,0,2,0,0,0,4,3,0,2,1,0,2,0.6496666666666667,1.5663333333333334,1,1,1,1,0,0,0.38596491228070173,0.4852941176470588,0.7192982456140351,0.23529411764705882,0.40625,0.5263157894736842,0.1323529411764706,0.04411764705882353,0.21052631578947367,3.466666666666667,1.0666666666666667,0.6097560975609756,0.21951219512195122,0.36585365853658536,0.3902439024390244,0.04878048780487805,0.39079444444444444,0.8948333333333333,0.42105263157894735,0.3181818181818182,0.4104000000000001,0.8335666666666665,0.3793103448275862,0.8793103448275862,0.18840579710144928,0.20754716981132076,0.3584905660377358,0.25,0.6370967741935484,0.25471698113207547,0.3364485981308411,0.07476635514018691,0.43037974683544306,0.24050632911392406,0.0,,,,,0.6075314122846095,0.340146222205459,0.6075314122846095,3.466666666666667,,1.5,,,,,False,,0.5,,,,,False,,False
694376,Shay Whitcomb,SF,STL,1,7.0,1,687273,Quinn Mathews,L,823174,9:45 PM ET,Oracle Park,1,0,0.2204861111111111,2026-09-08,823174,0.0,1,100.6,96.8,86.1,R,5,5,2,0,0,0,0,0,0,1,2,4,0,1,1,2,1,0.24375000000000002,0.28125,1,1,1,1,1,0,0.13333333333333333,0.1702127659574468,0.7111111111111111,0.2653061224489796,0.13333333333333333,0.17777777777777778,0.04081632653061224,0.04081632653061224,0.08888888888888889,0.9333333333333333,0.8666666666666667,0.38235294117647056,0.23529411764705882,0.4117647058823529,0.23529411764705882,0.058823529411764705,0.24535714285714286,0.5221011904761904,0.25,0.06666666666666667,0.2205,0.3113958333333334,0.12121212121212122,0.24242424242424243,0.2972972972972973,0.12903225806451613,0.3548387096774194,0.2903225806451613,0.6370967741935484,0.25471698113207547,0.3364485981308411,0.07476635514018691,0.43037974683544306,0.24050632911392406,0.0,,,,,0.5672977397904796,0.3808405299046906,0.5672977397904796,0.9333333333333333,,1.5,,,,,False,,0.5,,,,,False,,False
806367,Turner Hill,SF,STL,1,5.0,1,687273,Quinn Mathews,L,823174,9:45 PM ET,Oracle Park,0,0,0.2204861111111111,2026-09-08,823174,0.0,1,100.6,96.8,86.1,L,5,4,0,0,0,0,1,0,0,0,0,4,0,1,1,2,0,0.10375000000000001,0.12,0,0,0,0,0,0,0.3111111111111111,0.4107142857142857,0.8444444444444444,0.125,0.35,0.08888888888888889,0.0,0.07142857142857142,0.08888888888888889,1.2,0.4666666666666667,0.325,0.325,0.425,0.2,0.0,0.2808511904761905,0.4055476190476191,0.3684210526315789,0.16666666666666666,0.26715,0.31734999999999997,0.3409090909090909,0.4318181818181818,0.12727272727272726,0.2,0.4,0.0,0.6370967741935484,0.25471698113207547,0.3364485981308411,0.07476635514018691,0.43037974683544306,0.24050632911392406,0.0,,,,,0.5891854027282178,0.39273751995222933,0.5891854027282178,1.2,,1.5,,,,,False,,0.5,,,,,False,,False
669743,Alex Call,LAD,CIN,1,7.0,1,666157,Nick Lodolo,L,823901,10:10 PM ET,Dodger Stadium,1,0,0.21731748726655348,2026-09-08,823901,,0,96.8,101.9,115.2,R,4,2,0,0,0,0,1,1,0,1,0,1,0,0,1,0,0,0.017,0.044,0,0,0,0,1,0,0.2857142857142857,0.3939393939393939,0.7142857142857143,0.24242424242424243,0.4,0.10714285714285714,0.0,0.09090909090909091,0.10714285714285714,0.7333333333333333,0.5333333333333333,0.1,0.45,0.3,0.2,0.0,0.32531944444444444,0.4261249999999999,0.2222222222222222,0.2727272727272727,0.284625,0.33225000000000005,0.18518518518518517,0.2222222222222222,0.22580645161290322,0.23333333333333334,0.4,0.3055555555555556,0.7009345794392523,0.2640449438202247,0.4648648648648649,0.17297297297297298,0.42,0.24,0.02666666666666667,9.45859872611465,1.031847133757962,7.56687898089172,0.1864406779661017,0.5222511594765576,0.30417793370051155,0.5222511594765576,0.7333333333333333,,1.5,,,,,False,,0.5,,,,,False,,False
571771,Enrique Hernández,LAD,CIN,1,9.0,1,666157,Nick Lodolo,L,823901,10:10 PM ET,Dodger Stadium,1,0,0.21731748726655348,2026-09-08,823901,,0,96.8,101.9,115.2,R,2,2,0,0,0,0,0,0,0,2,0,0,0,0,0,0,0,0.5035000000000001,0.627,0,0,0,0,1,1,0.19444444444444445,0.275,0.5833333333333334,0.375,0.3,0.08333333333333333,0.025,0.0,0.027777777777777776,0.6666666666666666,1.0,0.3333333333333333,0.3333333333333333,0.2857142857142857,0.2857142857142857,0.047619047619047616,0.3571388888888889,0.5246944444444445,0.18181818181818182,0.3333333333333333,0.3295,0.4121250000000003,0.3125,0.4791666666666667,0.3137254901960784,0.125,0.21875,0.29411764705882354,0.7009345794392523,0.2640449438202247,0.4648648648648649,0.17297297297297298,0.42,0.24,0.02666666666666667,9.45859872611465,1.031847133757962,7.56687898089172,0.1864406779661017,0.4933637461778289,0.29067066071361447,0.4933637461778289,0.6666666666666666,,1.5,,,,,False,,0.5,,,,,False,,False
518692,Freddie Freeman,LAD,CIN,1,4.0,1,666157,Nick Lodolo,L,823901,10:10 PM ET,Dodger Stadium,0,0,0.21731748726655348,2026-09-08,823901,,0,96.8,101.9,115.2,L,4,3,0,0,0,0,1,0,0,0,0,3,0,0,0,3,0,0.09466666666666668,0.11,0,0,0,0,0,0,0.2777777777777778,0.38461538461538464,0.7222222222222222,0.23076923076923078,0.358974358974359,0.1111111111111111,0.015384615384615385,0.046153846153846156,0.07407407407407407,1.4,1.0,0.375,0.325,0.325,0.35,0.025,0.42194047619047614,0.7454583333333333,0.2,0.3,0.3050833333333333,0.6432916666666665,0.2909090909090909,0.4,0.21212121212121213,0.4,0.45454545454545453,0.13559322033898305,0.7009345794392523,0.2640449438202247,0.4648648648648649,0.17297297297297298,0.42,0.24,0.02666666666666667,9.45859872611465,1.031847133757962,7.56687898089172,0.1864406779661017,0.6558579678440783,0.4561236584266144,0.6558579678440783,1.4,,1.5,,,,,False,,0.5,,,,,False,,False
571970,Max Muncy,LAD,CIN,1,8.0,1,666157,Nick Lodolo,L,823901,10:10 PM ET,Dodger Stadium,0,0,0.21731748726655348,2026-09-08,823901,,0,96.8,101.9,115.2,L,4,2,1,1,0,0,2,0,0,0,2,2,0,1,0,0,1,0.467,0.5775,1,0,1,1,0,0,0.22727272727272727,0.36363636363636365,0.7272727272727273,0.21818181818181817,0.28125,0.13636363636363635,0.01818181818181818,0.05454545454545454,0.09090909090909091,1.0666666666666667,0.8,0.48484848484848486,0.30303030303030304,0.2727272727272727,0.36363636363636365,0.030303030303030304,0.3183555555555556,0.5097833333333334,0.21428571428571427,0.29411764705882354,0.2719999999999999,0.5546499999999999,0.25,0.5681818181818182,0.24074074074074073,0.3269230769230769,0.6153846153846154,0.27586206896551724,0.7009345794392523,0.2640449438202247,0.4648648648648649,0.17297297297297298,0.42,0.24,0.02666666666666667,9.45859872611465,1.031847133757962,7.56687898089172,0.1864406779661017,0.5072674030654084,0.33349200160359005,0.5072674030654084,1.0666666666666667,,1.5,,,,,False,,0.5,,,,,False,,False
500743,Miguel Rojas,LAD,CIN,1,6.0,1,666157,Nick Lodolo,L,823901,10:10 PM ET,Dodger Stadium,1,0,0.21731748726655348,2026-09-08,823901,,0,96.8,101.9,115.2,R,2,2,0,0,0,0,0,0,0,0,0,2,0,0,0,2,0,0.1395,0.141,0,0,0,0,0,0,0.1875,0.25,0.84375,0.1388888888888889,0.21428571428571427,0.125,0.0,0.1111111111111111,0.125,0.6666666666666666,0.3333333333333333,0.32142857142857145,0.32142857142857145,0.2857142857142857,0.2857142857142857,0.0,0.2519555555555556,0.30540555555555554,0.16666666666666666,0.23076923076923078,0.19379999999999992,0.2434,0.24324324324324326,0.2972972972972973,0.06666666666666667,0.1724137931034483,0.2413793103448276,0.125,0.7009345794392523,0.2640449438202247,0.4648648648648649,0.17297297297297298,0.42,0.24,0.02666666666666667,9.45859872611465,1.031847133757962,7.56687898089172,0.1864406779661017,0.48288480671071604,0.327736416422588,0.48288480671071604,0.6666666666666666,,1.5,,,,,False,,0.5,,,,,False,,False
605141,Mookie Betts,LAD,CIN,1,2.0,1,666157,Nick Lodolo,L,823901,10:10 PM ET,Dodger Stadium,1,0,0.21731748726655348,2026-09-08,823901,,0,96.8,101.9,115.2,R,5,5,1,0,0,1,0,0,0,0,4,5,1,2,1,3,1,0.29900000000000004,0.7688,1,0,1,1,0,0,0.3333333333333333,0.42857142857142855,0.8833333333333333,0.1,0.35294117647058826,0.18333333333333332,0.02857142857142857,0.07142857142857142,0.11666666666666667,2.066666666666667,0.4666666666666667,0.3584905660377358,0.2830188679245283,0.41509433962264153,0.24528301886792453,0.0,0.31771,0.4273088888888889,0.4,0.16666666666666666,0.39996666666666664,0.5402166666666668,0.24561403508771928,0.42105263157894735,0.10606060606060606,0.3389830508474576,0.5423728813559322,0.08064516129032258,0.7009345794392523,0.2640449438202247,0.4648648648648649,0.17297297297297298,0.42,0.24,0.02666666666666667,9.45859872611465,1.031847133757962,7.56687898089172,0.1864406779661017,0.6787315305240383,0.44820463372480185,0.6787315305240383,2.066666666666667,,1.5,,,,,False,,0.5,,,,,False,,False
606192,Teoscar Hernández,LAD,CIN,1,5.0,1,666157,Nick Lodolo,L,823901,10:10 PM ET,Dodger Stadium,1,0,0.21731748726655348,2026-09-08,823901,,0,96.8,101.9,115.2,R,4,3,2,0,0,1,1,0,0,1,5,2,0,2,1,0,1,0.8400000000000001,2.3465,1,1,1,1,1,0,0.2982456140350877,0.38461538461538464,0.6666666666666666,0.2923076923076923,0.43243243243243246,0.10526315789473684,0.015384615384615385,0.046153846153846156,0.07017543859649122,1.5333333333333334,1.2666666666666666,0.5,0.2894736842105263,0.42105263157894735,0.23684210526315788,0.02631578947368421,0.41193555555555555,0.6966466666666666,0.4444444444444444,0.09090909090909091,0.44554,0.8172400000000003,0.26785714285714285,0.35714285714285715,0.29310344827586204,0.3333333333333333,0.5686274509803921,0.20689655172413793,0.7009345794392523,0.2640449438202247,0.4648648648648649,0.17297297297297298,0.42,0.24,0.02666666666666667,9.45859872611465,1.031847133757962,7.56687898089172,0.1864406779661017,0.681269293241241,0.4736584209863713,0.681269293241241,1.5333333333333334,,1.5,,,,,False,,0.5,,,,,False,,False
669242,Tommy Edman,LAD,CIN,1,1.0,1,666157,Nick Lodolo,L,823901,10:10 PM ET,Dodger Stadium,0,0,0.21731748726655348,2026-09-08,823901,,0,96.8,101.9,115.2,L,1,1,0,0,0,0,0,0,0,0,0,1,0,1,0,1,0,0.483,0.55,0,0,0,0,0,0,0.32432432432432434,0.375,0.8108108108108109,0.175,0.3793103448275862,0.13513513513513514,0.025,0.05,0.08108108108108109,1.1333333333333333,0.4666666666666667,0.3333333333333333,0.26666666666666666,0.4,0.3333333333333333,0.0,0.3338884615384616,0.4723307692307692,0.25,0.3076923076923077,0.21950000000000003,0.3722000000000002,0.2545454545454545,0.36363636363636365,0.15625,0.19672131147540983,0.32786885245901637,0.2923076923076923,0.7009345794392523,0.2640449438202247,0.4648648648648649,0.17297297297297298,0.42,0.24,0.02666666666666667,9.45859872611465,1.031847133757962,7.56687898089172,0.1864406779661017,0.5989277816210281,0.3665541888979243,0.5989277816210281,1.1333333333333333,,1.5,,,,,False,,0.5,,,,,False,,False
669257,Will Smith,LAD,CIN,1,3.0,1,666157,Nick Lodolo,L,823901,10:10 PM ET,Dodger Stadium,1,0,0.21731748726655348,2026-09-08,823901,,0,96.8,101.9,115.2,R,1,0,0,0,0,0,0,0,1,0,0,1,0,0,1,0,0,0.62,0.7765,0,0,0,0,0,0,0.20454545454545456,0.36363636363636365,0.7954545454545454,0.16363636363636364,0.21212121212121213,0.20454545454545456,0.03636363636363636,0.05454545454545454,0.11363636363636363,1.2,0.6,0.37142857142857144,0.2,0.3142857142857143,0.45714285714285713,0.02857142857142857,0.4112717948717949,0.8625089743589742,0.08333333333333333,0.2,0.307625,0.6605625000000002,0.23404255319148937,0.48936170212765956,0.13559322033898305,0.13953488372093023,0.13953488372093023,0.19230769230769232,0.7009345794392523,0.2640449438202247,0.4648648648648649,0.17297297297297298,0.42,0.24,0.02666666666666667,9.45859872611465,1.031847133757962,7.56687898089172,0.1864406779661017,0.6068780267310547,0.38886470037727366,0.6068780267310547,1.2,,1.5,,,,,False,,0.5,,,,,False,,False
