batter,player_name,team_abbr,opp_team,is_home,bat_order,in_lineup,pitcher_id,pitcher_name,p_throws,game_id,game_time,stadium,stand_R,p_throws_R,opp_k_pct_15,game_date,game_pk,is_dome,wind_out,hit_factor,tb_factor,hr_factor,stand,pa,ab,h,doubles,triples,hr,bb,hbp,sf,k,tb,batted_balls,barrels,hard_hits,fly_balls,ground_balls,line_drives,avg_xba,avg_xslg,target_hit_1plus,target_hit_2plus,target_tb_1plus,target_tb_2plus,target_k_1plus,target_k_2plus,batting_avg_15,obp_15,contact_rate_15,k_rate_15,babip_15,iso_15,hr_rate_15,doubles_rate_15,extra_base_hit_rate_15,avg_total_bases_15,avg_k_per_game_15,hard_hit_pct_15,line_drive_pct_15,gb_pct_15,fly_ball_pct_15,barrel_pct_15,xba_15,xslg_15,batting_avg_last_5,k_rate_last_5,xba_last_5,xslg_last_5,batting_avg_vs_R_15,slg_vs_R_15,k_rate_vs_R_15,batting_avg_vs_L_15,slg_vs_L_15,k_rate_vs_L_15,p_contact_rate_allowed_10,p_babip_allowed_10,p_slg_allowed_10,p_iso_allowed_10,p_gb_pct_10,p_fb_pct_10,p_barrel_pct_allowed_10,p_hits_per9_10,p_hr_per9_10,p_k_per9_10,p_k_rate_10,p_tb_1plus,p_tb_2plus,adj_prob,pred_total_bases,book_markets,primary_line,primary_side,primary_best_book,primary_best_odds,primary_book_implied,primary_has_line,primary_edge,secondary_line,secondary_side,secondary_best_book,secondary_best_odds,secondary_book_implied,secondary_has_line,secondary_edge,secondary_is_hits_fallback
664761,Alec Bohm,PHI,WSH,1,4.0,1,674841,Andrew Alvarez,L,823431,6:40 PM ET,Citizens Bank Park,1,0,0.2554347826086957,2026-08-03,823431,0,1,103.7,104.6,118.0,R,4,4,2,0,0,0,0,0,0,0,2,4,0,2,1,2,1,0.3035,0.366,1,1,1,1,0,0,0.26229508196721313,0.296875,0.819672131147541,0.171875,0.2916666666666667,0.13114754098360656,0.03125,0.03125,0.06557377049180328,1.6,0.7333333333333333,0.52,0.16,0.6,0.22,0.0,0.3517366666666667,0.5570955555555556,0.25,0.19047619047619047,0.33895,0.5232666666666668,0.1864406779661017,0.3050847457627119,0.23809523809523808,0.21052631578947367,0.2807017543859649,0.15,0.654054054054054,0.2802547770700637,0.3987341772151899,0.11392405063291139,0.5371900826446281,0.1487603305785124,0.024793388429752067,8.621848739495798,0.453781512605042,9.302521008403362,0.23837209302325582,0.6875367309850646,0.4661304278915557,0.6875367309850646,1.6,"{""novig"": {""1.5"": {""over"": 127, ""under"": -174}, ""0.5"": {""over"": -270, ""under"": 178}}, ""bet365"": {""1.5"": {""over"": -105, ""under"": -130}}, ""betmgm"": {""1.5"": {""over"": 130, ""under"": -175}, ""0.5"": {""over"": -225, ""under"": 165}}, ""draftkings"": {""1.5"": {""over"": 120, ""under"": -159}, ""0.5"": {""over"": -261, ""under"": 192}}, ""fanduel"": {""1.5"": {""over"": 115}, ""0.5"": {""over"": -270}}}",1.5,over,betmgm,130.0,0.43478260869565216,True,0.0313,0.5,over,betmgm,-225.0,0.6923076923076923,True,-0.0048,True
650559,Bryan De La Cruz,PHI,WSH,1,5.0,1,674841,Andrew Alvarez,L,823431,6:40 PM ET,Citizens Bank Park,1,0,0.2554347826086957,2026-08-03,823431,0,1,103.7,104.6,118.0,R,3,2,1,0,0,1,0,0,1,0,4,3,1,2,1,0,1,0.317,1.1449999999999998,1,0,1,1,0,0,0.3684210526315789,0.3902439024390244,0.8157894736842105,0.17073170731707318,0.41935483870967744,0.15789473684210525,0.024390243902439025,0.07317073170731707,0.10526315789473684,1.3333333333333333,0.4666666666666667,0.4375,0.34375,0.3125,0.28125,0.0,0.3539333333333333,0.6214,0.46153846153846156,0.21428571428571427,0.3774,0.42526666666666635,0.2608695652173913,0.32608695652173914,0.2857142857142857,0.3469387755102041,0.5102040816326531,0.2,0.654054054054054,0.2802547770700637,0.3987341772151899,0.11392405063291139,0.5371900826446281,0.1487603305785124,0.024793388429752067,8.621848739495798,0.453781512605042,9.302521008403362,0.23837209302325582,0.6655643564893737,0.4243870727680254,0.6655643564893737,1.3333333333333333,"{""novig"": {""1.5"": {""over"": 150, ""under"": -203}, ""0.5"": {""over"": -190, ""under"": 156}}, ""bet365"": {""1.5"": {""over"": 140, ""under"": -190}, ""0.5"": {""over"": -210, ""under"": 155}}, ""betmgm"": {""1.5"": {""over"": 145, ""under"": -200}, ""0.5"": {""over"": -200, ""under"": 150}}, ""draftkings"": {""1.5"": {""over"": 151, ""under"": -202}, ""0.5"": {""over"": -195, ""under"": 140}}, ""fanduel"": {""1.5"": {""over"": 130}, ""0.5"": {""over"": -200}}}",1.5,over,draftkings,151.0,0.398406374501992,True,0.026,0.5,over,novig,-190.0,0.6551724137931034,True,0.0104,True
547180,Bryce Harper,PHI,WSH,1,3.0,1,674841,Andrew Alvarez,L,823431,6:40 PM ET,Citizens Bank Park,0,0,0.2554347826086957,2026-08-03,823431,0,1,103.7,104.6,118.0,L,4,3,1,0,0,1,1,0,0,2,4,1,1,1,1,0,0,0.651,2.224,1,0,1,1,1,1,0.21428571428571427,0.3076923076923077,0.6785714285714286,0.27692307692307694,0.2702702702702703,0.21428571428571427,0.03076923076923077,0.06153846153846154,0.125,1.6,1.2,0.3333333333333333,0.3076923076923077,0.38461538461538464,0.23076923076923078,0.0,0.3474464285714286,0.5752440476190477,0.3157894736842105,0.13636363636363635,0.5020333333333333,0.8646333333333333,0.21818181818181817,0.43636363636363634,0.21875,0.21428571428571427,0.30357142857142855,0.30158730158730157,0.654054054054054,0.2802547770700637,0.3987341772151899,0.11392405063291139,0.5371900826446281,0.1487603305785124,0.024793388429752067,8.621848739495798,0.453781512605042,9.302521008403362,0.23837209302325582,0.662234888767227,0.4536735602834689,0.662234888767227,1.6,"{""novig"": {""1.5"": {""over"": 120, ""under"": -150}}, ""betmgm"": {""0.5"": {""over"": -140, ""under"": 105}}, ""bet365"": {""1.5"": {""over"": 115, ""under"": -155}}, ""draftkings"": {""1.5"": {""over"": 110, ""under"": -150}}}",1.5,over,novig,120.0,0.45454545454545453,True,-0.0009,0.5,over,betmgm,-140.0,0.5833333333333334,True,0.0789,False
681082,Bryson Stott,PHI,WSH,1,6.0,1,674841,Andrew Alvarez,L,823431,6:40 PM ET,Citizens Bank Park,0,0,0.2554347826086957,2026-08-03,823431,0,1,103.7,104.6,118.0,L,3,1,0,0,0,0,2,0,0,0,0,1,0,0,0,0,1,0.303,0.325,0,0,0,0,0,0,0.29411764705882354,0.3684210526315789,0.7254901960784313,0.24561403508771928,0.3888888888888889,0.23529411764705882,0.017543859649122806,0.08771929824561403,0.1568627450980392,1.8,0.9333333333333333,0.40540540540540543,0.24324324324324326,0.43243243243243246,0.2972972972972973,0.0,0.3615888888888889,0.541861111111111,0.26666666666666666,0.15,0.2584,0.3198333333333333,0.27450980392156865,0.49019607843137253,0.2413793103448276,0.29411764705882354,0.43137254901960786,0.21818181818181817,0.654054054054054,0.2802547770700637,0.3987341772151899,0.11392405063291139,0.5371900826446281,0.1487603305785124,0.024793388429752067,8.621848739495798,0.453781512605042,9.302521008403362,0.23837209302325582,0.6523996031984343,0.41868246802570835,0.6523996031984343,1.8,"{""novig"": {""1.5"": {""over"": 163, ""under"": -186}}, ""betmgm"": {""0.5"": {""over"": -175, ""under"": 130}}, ""bet365"": {""1.5"": {""over"": 160, ""under"": -220}}, ""draftkings"": {""1.5"": {""over"": 156, ""under"": -209}}}",1.5,over,novig,163.0,0.38022813688212925,True,0.0385,0.5,over,betmgm,-175.0,0.6363636363636364,True,0.016,False
656537,Derek Hill,PHI,WSH,1,8.0,1,674841,Andrew Alvarez,L,823431,6:40 PM ET,Citizens Bank Park,1,0,0.2554347826086957,2026-08-03,823431,0,1,103.7,104.6,118.0,R,2,2,0,0,0,0,0,0,0,0,0,2,0,2,1,0,1,0.326,0.3685,0,0,0,0,0,0,0.225,0.29545454545454547,0.525,0.4222222222222222,0.3684210526315789,0.175,0.044444444444444446,0.022222222222222223,0.075,1.0666666666666667,1.2666666666666666,0.22727272727272727,0.2727272727272727,0.4090909090909091,0.22727272727272727,0.09090909090909091,0.35453030303030303,0.7285909090909091,0.08333333333333333,0.42857142857142855,0.3224166666666668,0.9979166666666667,0.24242424242424243,0.42424242424242425,0.4444444444444444,0.2558139534883721,0.4418604651162791,0.4222222222222222,0.654054054054054,0.2802547770700637,0.3987341772151899,0.11392405063291139,0.5371900826446281,0.1487603305785124,0.024793388429752067,8.621848739495798,0.453781512605042,9.302521008403362,0.23837209302325582,0.6050797472285773,0.3673556860937996,0.6050797472285773,1.0666666666666667,"{""betmgm"": {""0.5"": {""over"": -135, ""under"": 100}}, ""bet365"": {""1.5"": {""over"": 215, ""under"": -310}}, ""fanduel"": {""1.5"": {""over"": 160}}}",1.5,over,bet365,215.0,0.31746031746031744,True,0.0499,0.5,over,betmgm,-135.0,0.574468085106383,True,0.0306,False
624641,Edmundo Sosa,PHI,WSH,1,7.0,1,674841,Andrew Alvarez,L,823431,6:40 PM ET,Citizens Bank Park,1,0,0.2554347826086957,2026-08-03,823431,0,1,103.7,104.6,118.0,R,4,4,1,0,0,0,0,0,0,0,1,4,0,1,1,2,1,0.23825000000000002,0.3005,1,0,1,0,0,0,0.14583333333333334,0.17647058823529413,0.7916666666666666,0.18867924528301888,0.15789473684210525,0.08333333333333333,0.018867924528301886,0.018867924528301886,0.041666666666666664,0.7333333333333333,0.6666666666666666,0.475,0.25,0.5,0.2,0.0,0.3767222222222222,0.5499666666666666,0.058823529411764705,0.29411764705882354,0.39204999999999995,0.4734166666666669,0.14583333333333334,0.2708333333333333,0.23076923076923078,0.2564102564102564,0.4358974358974359,0.18181818181818182,0.654054054054054,0.2802547770700637,0.3987341772151899,0.11392405063291139,0.5371900826446281,0.1487603305785124,0.024793388429752067,8.621848739495798,0.453781512605042,9.302521008403362,0.23837209302325582,0.628436079758187,0.38479404939940115,0.628436079758187,0.7333333333333333,"{""novig"": {""1.5"": {""over"": 144, ""under"": -208}}, ""betmgm"": {""0.5"": {""over"": -175, ""under"": 130}}, ""bet365"": {""1.5"": {""over"": 155, ""under"": -210}}}",1.5,over,bet365,155.0,0.39215686274509803,True,-0.0074,0.5,over,betmgm,-175.0,0.6363636363636364,True,-0.0079,False
596117,Garrett Stubbs,PHI,WSH,1,9.0,1,674841,Andrew Alvarez,L,823431,6:40 PM ET,Citizens Bank Park,0,0,0.2554347826086957,2026-08-03,823431,0,1,103.7,104.6,118.0,L,3,3,0,0,0,0,0,0,0,0,0,3,0,1,0,1,1,0.211,0.3546666666666667,0,0,0,0,0,0,0.16666666666666666,0.27906976744186046,0.7222222222222222,0.23255813953488372,0.2222222222222222,0.0,0.0,0.0,0.0,0.4,0.6666666666666666,0.2962962962962963,0.2222222222222222,0.4444444444444444,0.2222222222222222,0.0,0.2834259259259259,0.3398425925925926,0.08333333333333333,0.21428571428571427,0.24341666666666656,0.302875,0.17142857142857143,0.17142857142857143,0.19047619047619047,0.23076923076923078,0.23076923076923078,0.125,0.654054054054054,0.2802547770700637,0.3987341772151899,0.11392405063291139,0.5371900826446281,0.1487603305785124,0.024793388429752067,8.621848739495798,0.453781512605042,9.302521008403362,0.23837209302325582,0.4578690749611534,0.24745250117253317,0.4578690749611534,0.4,"{""novig"": {""1.5"": {""over"": 239}}, ""betmgm"": {""0.5"": {""over"": -120, ""under"": -110}}, ""bet365"": {""1.5"": {""over"": 265, ""under"": -365}}}",1.5,over,bet365,265.0,0.273972602739726,True,-0.0265,0.5,over,betmgm,-120.0,0.5454545454545454,True,-0.0876,False
656941,Kyle Schwarber,PHI,WSH,1,2.0,1,674841,Andrew Alvarez,L,823431,6:40 PM ET,Citizens Bank Park,0,0,0.2554347826086957,2026-08-03,823431,0,1,103.7,104.6,118.0,L,4,2,0,0,0,0,1,0,1,2,0,1,0,1,0,0,1,0.429,0.905,0,0,0,0,1,1,0.20754716981132076,0.3384615384615385,0.6037735849056604,0.3230769230769231,0.3125,0.11320754716981132,0.015384615384615385,0.046153846153846156,0.07547169811320754,1.1333333333333333,1.4,0.42424242424242425,0.36363636363636365,0.18181818181818182,0.30303030303030304,0.0,0.36341666666666667,0.5365952380952381,0.25,0.30434782608695654,0.5079333333333332,0.6685000000000001,0.16981132075471697,0.2641509433962264,0.38461538461538464,0.3333333333333333,0.5,0.31343283582089554,0.654054054054054,0.2802547770700637,0.3987341772151899,0.11392405063291139,0.5371900826446281,0.1487603305785124,0.024793388429752067,8.621848739495798,0.453781512605042,9.302521008403362,0.23837209302325582,0.6472910805953043,0.4575720803082217,0.6472910805953043,1.1333333333333333,"{""novig"": {""1.5"": {""over"": 111, ""under"": -111}}, ""betmgm"": {""0.5"": {""over"": -135, ""under"": 100}}, ""bet365"": {""1.5"": {""over"": -105, ""under"": -130}}, ""draftkings"": {""1.5"": {""over"": -105, ""under"": -130}}, ""fanduel"": {""1.5"": {""over"": -115}}}",1.5,over,novig,111.0,0.47393364928909953,True,-0.0164,0.5,over,betmgm,-135.0,0.574468085106383,True,0.0728,False
607208,Trea Turner,PHI,WSH,1,1.0,1,674841,Andrew Alvarez,L,823431,6:40 PM ET,Citizens Bank Park,1,0,0.2554347826086957,2026-08-03,823431,0,1,103.7,104.6,118.0,R,4,3,1,0,0,0,1,0,0,0,1,3,0,1,0,2,1,0.19166666666666665,0.27133333333333337,1,0,1,0,0,0,0.3333333333333333,0.38235294117647056,0.7619047619047619,0.22058823529411764,0.35714285714285715,0.36507936507936506,0.08823529411764706,0.04411764705882353,0.15873015873015872,2.933333333333333,1.0,0.4791666666666667,0.2916666666666667,0.4791666666666667,0.1875,0.020833333333333332,0.38299333333333335,0.60219,0.34782608695652173,0.13043478260869565,0.31076333333333334,0.5296700000000001,0.2459016393442623,0.5409836065573771,0.23076923076923078,0.27586206896551724,0.3793103448275862,0.18461538461538463,0.654054054054054,0.2802547770700637,0.3987341772151899,0.11392405063291139,0.5371900826446281,0.1487603305785124,0.024793388429752067,8.621848739495798,0.453781512605042,9.302521008403362,0.23837209302325582,0.7311922453103431,0.5009719009858996,0.7311922453103431,2.933333333333333,"{""novig"": {""1.5"": {""over"": -100, ""under"": -138}}, ""betmgm"": {""0.5"": {""over"": -185, ""under"": 135}}, ""bet365"": {""1.5"": {""over"": -110, ""under"": -120}}, ""draftkings"": {""1.5"": {""over"": -115, ""under"": -115}}}",1.5,over,novig,-100.0,0.5,True,0.001,0.5,over,betmgm,-185.0,0.6491228070175439,True,0.0821,False
694673,Abimelec Ortiz,WSH,PHI,0,2.0,1,605400,Aaron Nola,R,823431,6:40 PM ET,Citizens Bank Park,0,1,0.2003338898163606,2026-08-03,823431,0,1,103.7,104.6,118.0,L,2,2,1,1,0,0,0,0,0,0,2,2,0,2,0,1,1,0.42,0.5715,1,0,1,1,0,0,,,,,,,,,,,,,,,,,,,0.0,0.5,,,,,,,,,0.6739130434782609,0.21875,0.5603864734299517,0.28502415458937197,0.3741935483870968,0.36129032258064514,0.03225806451612903,10.44,2.16,9.0,0.22522522522522523,0.193494359824103,0.07781216314951857,0.193494359824103,,"{""novig"": {""1.5"": {""over"": 133, ""under"": -182}, ""0.5"": {""over"": -190, ""under"": 153}}, ""bet365"": {""1.5"": {""over"": 150, ""under"": -200}, ""0.5"": {""over"": -180, ""under"": 135}}, ""draftkings"": {""1.5"": {""over"": 136, ""under"": -182}, ""0.5"": {""over"": -197, ""under"": 147}}, ""fanduel"": {""0.5"": {""over"": -220}}}",1.5,over,bet365,150.0,0.4,True,-0.3222,0.5,over,bet365,-180.0,0.6428571428571429,True,-0.4494,True
682928,CJ Abrams,WSH,PHI,0,4.0,1,605400,Aaron Nola,R,823431,6:40 PM ET,Citizens Bank Park,0,1,0.2003338898163606,2026-08-03,823431,0,1,103.7,104.6,118.0,L,4,4,0,0,0,0,0,0,0,3,0,1,0,1,0,1,0,0.436,0.471,0,0,0,0,1,1,0.3728813559322034,0.44776119402985076,0.7627118644067796,0.208955223880597,0.3783783783783784,0.4745762711864407,0.11940298507462686,0.05970149253731343,0.2033898305084746,3.3333333333333335,0.9333333333333333,0.4666666666666667,0.17777777777777778,0.35555555555555557,0.37777777777777777,0.08888888888888889,0.3717464285714286,0.7688035714285714,0.16666666666666666,0.18181818181818182,0.2750666666666666,0.4297666666666668,0.2857142857142857,0.5714285714285714,0.19696969696969696,0.3157894736842105,0.7192982456140351,0.25757575757575757,0.6739130434782609,0.21875,0.5603864734299517,0.28502415458937197,0.3741935483870968,0.36129032258064514,0.03225806451612903,10.44,2.16,9.0,0.22522522522522523,0.594277407169938,0.4433385790860193,0.594277407169938,3.3333333333333335,"{""novig"": {""1.5"": {""over"": 113, ""under"": -138}}, ""betmgm"": {""0.5"": {""over"": -160, ""under"": 120}}, ""bet365"": {""1.5"": {""over"": 115, ""under"": -155}}, ""draftkings"": {""1.5"": {""over"": 114, ""under"": -151}}, ""fanduel"": {""1.5"": {""over"": -105}}}",1.5,over,bet365,115.0,0.46511627906976744,True,-0.0218,0.5,over,betmgm,-160.0,0.6153846153846154,True,-0.0211,False
695734,Daylen Lile,WSH,PHI,0,6.0,1,605400,Aaron Nola,R,823431,6:40 PM ET,Citizens Bank Park,0,1,0.2003338898163606,2026-08-03,823431,0,1,103.7,104.6,118.0,L,4,3,1,0,0,0,1,0,0,1,1,2,0,1,0,1,1,0.539,0.6094999999999999,1,0,1,0,1,0,0.2549019607843137,0.2962962962962963,0.7450980392156863,0.24074074074074073,0.2857142857142857,0.27450980392156865,0.05555555555555555,0.018518518518518517,0.11764705882352941,1.8,0.8666666666666667,0.34210526315789475,0.18421052631578946,0.34210526315789475,0.42105263157894735,0.05263157894736842,0.29412222222222223,0.5006277777777778,0.3125,0.17647058823529413,0.23311666666666664,0.4117666666666667,0.23529411764705882,0.47058823529411764,0.2222222222222222,0.23728813559322035,0.3220338983050847,0.25,0.6739130434782609,0.21875,0.5603864734299517,0.28502415458937197,0.3741935483870968,0.36129032258064514,0.03225806451612903,10.44,2.16,9.0,0.22522522522522523,0.6319043462973944,0.40250660942323485,0.6319043462973944,1.8,"{""novig"": {""1.5"": {""over"": 144, ""under"": -144}, ""0.5"": {""over"": -203, ""under"": 170}}, ""bet365"": {""1.5"": {""over"": 120, ""under"": -160}, ""0.5"": {""over"": -230, ""under"": 175}}, ""betmgm"": {""1.5"": {""over"": 110, ""under"": -150}, ""0.5"": {""over"": -225, ""under"": 165}}, ""draftkings"": {""1.5"": {""over"": 130, ""under"": -180}, ""0.5"": {""over"": -205, ""under"": 150}}, ""fanduel"": {""0.5"": {""over"": -210}}}",1.5,over,novig,144.0,0.4098360655737705,True,-0.0073,0.5,over,novig,-203.0,0.66996699669967,True,-0.0381,True
696285,Jacob Young,WSH,PHI,0,9.0,1,605400,Aaron Nola,R,823431,6:40 PM ET,Citizens Bank Park,1,1,0.2003338898163606,2026-08-03,823431,0,1,103.7,104.6,118.0,R,3,2,0,0,0,0,1,0,0,0,0,2,0,0,0,2,0,0.08249999999999999,0.0905,0,0,0,0,0,0,0.3181818181818182,0.43636363636363634,0.8863636363636364,0.08771929824561403,0.3333333333333333,0.18181818181818182,0.017543859649122806,0.08771929824561403,0.13636363636363635,1.4666666666666666,0.3333333333333333,0.2857142857142857,0.38095238095238093,0.35714285714285715,0.2619047619047619,0.0,0.3802738095238095,0.5176488095238095,0.4166666666666667,0.0,0.408,0.490375,0.17777777777777778,0.28888888888888886,0.18867924528301888,0.3,0.46,0.16071428571428573,0.6739130434782609,0.21875,0.5603864734299517,0.28502415458937197,0.3741935483870968,0.36129032258064514,0.03225806451612903,10.44,2.16,9.0,0.22522522522522523,0.44960246361705214,0.24369451623391733,0.44960246361705214,1.4666666666666666,"{""novig"": {""1.5"": {""over"": 212}}, ""betmgm"": {""0.5"": {""over"": -145, ""under"": 105}}, ""bet365"": {""1.5"": {""over"": 265, ""under"": -370}}, ""fanduel"": {""1.5"": {""over"": 200}}}",1.5,over,bet365,265.0,0.273972602739726,True,-0.0303,0.5,over,betmgm,-145.0,0.5918367346938775,True,-0.1422,False
695578,James Wood,WSH,PHI,0,1.0,1,605400,Aaron Nola,R,823431,6:40 PM ET,Citizens Bank Park,0,1,0.2003338898163606,2026-08-03,823431,0,1,103.7,104.6,118.0,L,4,3,0,0,0,0,0,0,1,1,0,3,0,2,2,1,0,0.2135,0.2375,0,0,0,0,1,0,0.19672131147540983,0.3150684931506849,0.639344262295082,0.3013698630136986,0.2631578947368421,0.14754098360655737,0.0273972602739726,0.0410958904109589,0.08196721311475409,1.4,1.4666666666666666,0.475,0.25,0.55,0.175,0.0,0.38286111111111104,0.5701166666666667,0.16666666666666666,0.16666666666666666,0.32415000000000005,0.3844833333333331,0.27450980392156865,0.6274509803921569,0.18055555555555555,0.2647058823529412,0.5882352941176471,0.32432432432432434,0.6739130434782609,0.21875,0.5603864734299517,0.28502415458937197,0.3741935483870968,0.36129032258064514,0.03225806451612903,10.44,2.16,9.0,0.22522522522522523,0.638444908117818,0.36278075051879344,0.638444908117818,1.4,"{""novig"": {""1.5"": {""over"": 113, ""under"": -113}}, ""betmgm"": {""0.5"": {""over"": -155, ""under"": 115}}, ""bet365"": {""1.5"": {""over"": 120, ""under"": -160}}, ""draftkings"": {""1.5"": {""over"": 105, ""under"": -139}}}",1.5,over,bet365,120.0,0.45454545454545453,True,-0.0918,0.5,over,betmgm,-155.0,0.6078431372549019,True,0.0306,False
678391,Jorbit Vivas,WSH,PHI,0,8.0,1,605400,Aaron Nola,R,823431,6:40 PM ET,Citizens Bank Park,0,1,0.2003338898163606,2026-08-03,823431,0,1,103.7,104.6,118.0,L,4,3,1,0,0,0,1,0,0,0,1,3,0,1,1,0,2,0.37033333333333335,0.49766666666666665,1,0,1,0,0,0,0.1891891891891892,0.28888888888888886,0.7297297297297297,0.2127659574468085,0.2413793103448276,0.08108108108108109,0.0,0.02127659574468085,0.05405405405405406,0.6666666666666666,0.6666666666666666,0.1724137931034483,0.2413793103448276,0.3448275862068966,0.3103448275862069,0.0,0.26789583333333333,0.34908333333333336,0.16666666666666666,0.35714285714285715,0.34479166666666666,0.38125,0.1891891891891892,0.2702702702702703,0.2127659574468085,0.4166666666666667,0.6666666666666666,0.07692307692307693,0.6739130434782609,0.21875,0.5603864734299517,0.28502415458937197,0.3741935483870968,0.36129032258064514,0.03225806451612903,10.44,2.16,9.0,0.22522522522522523,0.5709338228516261,0.2641048360807029,0.5709338228516261,0.6666666666666666,"{""novig"": {""1.5"": {""over"": 203}}, ""betmgm"": {""0.5"": {""over"": -140, ""under"": 105}}, ""bet365"": {""1.5"": {""over"": 220, ""under"": -320}}}",1.5,over,bet365,220.0,0.3125,True,-0.0484,0.5,over,betmgm,-140.0,0.5833333333333334,True,-0.0124,False
677588,José Tena,WSH,PHI,0,3.0,1,605400,Aaron Nola,R,823431,6:40 PM ET,Citizens Bank Park,0,1,0.2003338898163606,2026-08-03,823431,0,1,103.7,104.6,118.0,L,4,3,0,0,0,0,1,0,0,2,0,1,0,0,0,1,0,0.246,0.247,0,0,0,0,1,1,0.3125,0.37142857142857144,0.75,0.22857142857142856,0.391304347826087,0.15625,0.02857142857142857,0.05714285714285714,0.09375,1.0,0.5333333333333333,0.4166666666666667,0.16666666666666666,0.5416666666666666,0.20833333333333334,0.0,0.2677820512820513,0.4459038461538461,0.2727272727272727,0.16666666666666666,0.208,0.33989583333333345,0.3235294117647059,0.47058823529411764,0.21052631578947367,0.22641509433962265,0.2641509433962264,0.30357142857142855,0.6739130434782609,0.21875,0.5603864734299517,0.28502415458937197,0.3741935483870968,0.36129032258064514,0.03225806451612903,10.44,2.16,9.0,0.22522522522522523,0.5618622846475044,0.3532492213459309,0.5618622846475044,1.0,"{""novig"": {""1.5"": {""over"": 130}}, ""betmgm"": {""0.5"": {""over"": -120, ""under"": -110}}, ""bet365"": {""1.5"": {""over"": 160, ""under"": -220}}, ""draftkings"": {""1.5"": {""over"": 140, ""under"": -190}}}",1.5,over,bet365,160.0,0.38461538461538464,True,-0.0314,0.5,over,betmgm,-120.0,0.5454545454545454,True,0.0164,False
660688,Keibert Ruiz,WSH,PHI,0,5.0,1,605400,Aaron Nola,R,823431,6:40 PM ET,Citizens Bank Park,1,1,0.2003338898163606,2026-08-03,823431,0,1,103.7,104.6,118.0,R,1,1,0,0,0,0,0,0,0,0,0,1,0,0,0,0,0,0.02,0.02,0,0,0,0,0,0,0.18181818181818182,0.25,0.9393939393939394,0.05555555555555555,0.1935483870967742,0.09090909090909091,0.0,0.08333333333333333,0.09090909090909091,0.6,0.13333333333333333,0.2903225806451613,0.2903225806451613,0.3548387096774194,0.1935483870967742,0.0,0.22512738095238097,0.28820595238095237,0.125,0.1111111111111111,0.318125,0.44279166666666664,0.21568627450980393,0.3137254901960784,0.07142857142857142,0.2727272727272727,0.4909090909090909,0.14285714285714285,0.6739130434782609,0.21875,0.5603864734299517,0.28502415458937197,0.3741935483870968,0.36129032258064514,0.03225806451612903,10.44,2.16,9.0,0.22522522522522523,0.5566558427284728,0.27396142987042377,0.5566558427284728,0.6,"{""novig"": {""1.5"": {""over"": 141, ""under"": -178}, ""0.5"": {""over"": -174, ""under"": 174}}, ""bet365"": {""1.5"": {""over"": 150, ""under"": -200}, ""0.5"": {""over"": -220, ""under"": 160}}, ""betmgm"": {""1.5"": {""over"": -150, ""under"": 110}}, ""draftkings"": {""1.5"": {""over"": 139, ""under"": -186}, ""0.5"": {""over"": -220, ""under"": 160}}, ""fanduel"": {""0.5"": {""over"": -260}}}",1.5,over,bet365,150.0,0.4,True,-0.126,0.5,over,novig,-174.0,0.635036496350365,True,-0.0784,True
683083,Nasim Nuñez,WSH,PHI,0,7.0,1,605400,Aaron Nola,R,823431,6:40 PM ET,Citizens Bank Park,0,1,0.2003338898163606,2026-08-03,823431,0,1,103.7,104.6,118.0,L,4,4,1,0,0,0,0,0,0,2,1,2,0,0,0,1,1,0.2095,0.266,1,0,1,0,1,1,0.20588235294117646,0.28205128205128205,0.9705882352941176,0.02564102564102564,0.20588235294117646,0.0,0.0,0.0,0.0,0.4666666666666667,0.06666666666666667,0.29411764705882354,0.23529411764705882,0.5882352941176471,0.08823529411764706,0.0,0.25997619047619047,0.3018154761904762,0.0,0.06666666666666667,0.2653,0.3078,0.2826086956521739,0.2826086956521739,0.09259259259259259,0.2127659574468085,0.2978723404255319,0.2222222222222222,0.6739130434782609,0.21875,0.5603864734299517,0.28502415458937197,0.3741935483870968,0.36129032258064514,0.03225806451612903,10.44,2.16,9.0,0.22522522522522523,0.5411179035703254,0.29382286012720793,0.5411179035703254,0.4666666666666667,"{""novig"": {""1.5"": {""over"": 212}, ""0.5"": {""over"": -141}}, ""bet365"": {""1.5"": {""over"": 220, ""under"": -330}, ""0.5"": {""over"": -160, ""under"": 120}}, ""draftkings"": {""0.5"": {""over"": -150, ""under"": 110}}, ""fanduel"": {""0.5"": {""over"": 106}}}",1.5,over,bet365,220.0,0.3125,True,-0.0187,0.5,over,fanduel,106.0,0.4854368932038835,True,0.0557,True
669224,Austin Wells,NYY,STL,1,9.0,1,700241,Michael McGreevy,R,823520,7:05 PM ET,Yankee Stadium,0,1,0.2644927536231884,2026-08-03,823520,0,1,94.4,100.1,100.3,L,2,1,0,0,0,0,1,0,0,0,0,1,0,1,1,0,0,0.12,0.41,0,0,0,0,0,0,0.21621621621621623,0.3409090909090909,0.7567567567567568,0.20454545454545456,0.2,0.2702702702702703,0.06818181818181818,0.022727272727272728,0.10810810810810811,1.2,0.6,0.5,0.17857142857142858,0.25,0.39285714285714285,0.07142857142857142,0.402525641025641,0.7934358974358975,0.09090909090909091,0.3333333333333333,0.3507777777777778,0.756222222222222,0.22857142857142856,0.42857142857142855,0.23809523809523808,0.10869565217391304,0.17391304347826086,0.28,0.7805907172995781,0.23696682464454977,0.45662100456621,0.1917808219178082,0.4648648648648649,0.2648648648648649,0.02702702702702703,9.0,1.2857142857142856,5.7857142857142865,0.1565217391304348,0.38927495060719886,0.2081148806030542,0.38927495060719886,1.2,"{""novig"": {""1.5"": {""over"": 182}}, ""betmgm"": {""0.5"": {""over"": -125, ""under"": -105}}, ""bet365"": {""1.5"": {""over"": 205, ""under"": -290}}}",1.5,over,bet365,205.0,0.32786885245901637,True,-0.1198,0.5,over,betmgm,-125.0,0.5555555555555556,True,-0.1663,False
700250,Ben Rice,NYY,STL,1,2.0,1,700241,Michael McGreevy,R,823520,7:05 PM ET,Yankee Stadium,0,1,0.2644927536231884,2026-08-03,823520,0,1,94.4,100.1,100.3,L,4,4,0,0,0,0,0,0,0,3,0,1,0,0,1,0,0,0.017,0.027,0,0,0,0,1,1,0.20689655172413793,0.2698412698412698,0.6551724137931034,0.31746031746031744,0.2777777777777778,0.1724137931034483,0.031746031746031744,0.06349206349206349,0.10344827586206896,1.4666666666666666,1.3333333333333333,0.5263157894736842,0.3157894736842105,0.39473684210526316,0.2894736842105263,0.07894736842105263,0.3995944444444444,0.7709111111111111,0.11764705882352941,0.3,0.40016666666666667,0.7497999999999999,0.2545454545454545,0.5636363636363636,0.27419354838709675,0.234375,0.484375,0.29850746268656714,0.7805907172995781,0.23696682464454977,0.45662100456621,0.1917808219178082,0.4648648648648649,0.2648648648648649,0.02702702702702703,9.0,1.2857142857142856,5.7857142857142865,0.1565217391304348,0.6363783350999447,0.4239397118588828,0.6363783350999447,1.4666666666666666,"{""novig"": {""1.5"": {""over"": 108, ""under"": -122}, ""0.5"": {""over"": -239, ""under"": 178}}, ""bet365"": {""1.5"": {""over"": -105, ""under"": -130}, ""0.5"": {""over"": -270, ""under"": 195}}, ""betmgm"": {""1.5"": {""over"": 100, ""under"": -135}, ""0.5"": {""over"": -235, ""under"": 175}}, ""draftkings"": {""1.5"": {""over"": 101, ""under"": -134}, ""0.5"": {""over"": -253, ""under"": 187}}, ""fanduel"": {""0.5"": {""over"": -300}}}",1.5,over,novig,108.0,0.4807692307692308,True,-0.0568,0.5,over,betmgm,-235.0,0.7014925373134329,True,-0.0651,True
691176,Jasson Domínguez,NYY,STL,1,5.0,1,700241,Michael McGreevy,R,823520,7:05 PM ET,Yankee Stadium,0,1,0.2644927536231884,2026-08-03,823520,0,1,94.4,100.1,100.3,L,4,4,1,0,0,0,0,0,0,1,1,3,0,1,0,2,0,0.20966666666666667,0.22866666666666668,1,0,1,0,1,0,0.23684210526315788,0.2926829268292683,0.7368421052631579,0.23809523809523808,0.2962962962962963,0.15789473684210525,0.023809523809523808,0.07142857142857142,0.10526315789473684,1.0,0.6666666666666666,0.39285714285714285,0.21428571428571427,0.42857142857142855,0.2857142857142857,0.03571428571428571,0.30873809523809526,0.5263154761904761,0.16666666666666666,0.38461538461538464,0.3113,0.5421000000000002,0.24561403508771928,0.40350877192982454,0.2459016393442623,0.29310344827586204,0.43103448275862066,0.1875,0.7805907172995781,0.23696682464454977,0.45662100456621,0.1917808219178082,0.4648648648648649,0.2648648648648649,0.02702702702702703,9.0,1.2857142857142856,5.7857142857142865,0.1565217391304348,0.5337198982849113,0.32228957365196115,0.5337198982849113,1.0,"{""novig"": {""1.5"": {""over"": 133, ""under"": -156}}, ""bet365"": {""1.5"": {""over"": 135, ""under"": -180}, ""0.5"": {""over"": -230, ""under"": 170}}, ""betmgm"": {""1.5"": {""over"": 120, ""under"": -160}, ""0.5"": {""over"": -225, ""under"": 165}}, ""draftkings"": {""1.5"": {""over"": 131, ""under"": -175}, ""0.5"": {""over"": -222, ""under"": 165}}, ""fanduel"": {""0.5"": {""over"": -270}}}",1.5,over,bet365,135.0,0.425531914893617,True,-0.1032,0.5,over,draftkings,-222.0,0.6894409937888198,True,-0.1557,True
665862,Jazz Chisholm Jr.,NYY,STL,1,6.0,1,700241,Michael McGreevy,R,823520,7:05 PM ET,Yankee Stadium,0,1,0.2644927536231884,2026-08-03,823520,0,1,94.4,100.1,100.3,L,4,4,0,0,0,0,0,0,0,1,0,3,0,1,1,2,0,0.244,0.2913333333333334,0,0,0,0,1,0,0.22413793103448276,0.26229508196721313,0.5517241379310345,0.4262295081967213,0.32142857142857145,0.25862068965517243,0.06557377049180328,0.04918032786885246,0.1206896551724138,1.8666666666666667,1.7333333333333334,0.5,0.28125,0.375,0.25,0.03125,0.41706547619047624,0.7909821428571429,0.21052631578947367,0.45454545454545453,0.48473333333333335,0.6000999999999999,0.24074074074074073,0.5,0.3389830508474576,0.2,0.38181818181818183,0.4,0.7805907172995781,0.23696682464454977,0.45662100456621,0.1917808219178082,0.4648648648648649,0.2648648648648649,0.02702702702702703,9.0,1.2857142857142856,5.7857142857142865,0.1565217391304348,0.6094494061144083,0.3622035615484722,0.6094494061144083,1.8666666666666667,"{""novig"": {""1.5"": {""over"": 141, ""under"": -174}, ""0.5"": {""over"": -170}}, ""bet365"": {""1.5"": {""over"": 155, ""under"": -210}, ""0.5"": {""over"": -180, ""under"": 135}}, ""betmgm"": {""1.5"": {""over"": 130, ""under"": -175}, ""0.5"": {""over"": -200, ""under"": 145}}, ""fanduel"": {""1.5"": {""over"": 120}, ""0.5"": {""over"": -195}}, ""draftkings"": {""0.5"": {""over"": -173, ""under"": 130}}}",1.5,over,bet365,155.0,0.39215686274509803,True,-0.03,0.5,over,novig,-170.0,0.6296296296296297,True,-0.0202,True
676609,José Caballero,NYY,STL,1,8.0,1,700241,Michael McGreevy,R,823520,7:05 PM ET,Yankee Stadium,1,1,0.2644927536231884,2026-08-03,823520,0,1,94.4,100.1,100.3,R,3,3,2,0,0,1,0,0,0,0,5,3,1,2,1,0,2,0.5636666666666666,1.6053333333333333,1,1,1,1,0,0,0.21153846153846154,0.25,0.75,0.22807017543859648,0.275,0.038461538461538464,0.0,0.03508771929824561,0.038461538461538464,0.8666666666666667,0.8666666666666667,0.17073170731707318,0.21951219512195122,0.43902439024390244,0.21951219512195122,0.0,0.3134477777777778,0.3770688888888889,0.2222222222222222,0.2,0.3978933333333333,0.45717333333333326,0.25925925925925924,0.4074074074074074,0.22413793103448276,0.14583333333333334,0.20833333333333334,0.3584905660377358,0.7805907172995781,0.23696682464454977,0.45662100456621,0.1917808219178082,0.4648648648648649,0.2648648648648649,0.02702702702702703,9.0,1.2857142857142856,5.7857142857142865,0.1565217391304348,0.6038045717057776,0.3078662250895452,0.6038045717057776,0.8666666666666667,"{""novig"": {""1.5"": {""over"": 217}}, ""betmgm"": {""0.5"": {""over"": -160, ""under"": 120}}, ""bet365"": {""1.5"": {""over"": 210, ""under"": -300}}}",1.5,over,novig,217.0,0.31545741324921134,True,-0.0076,0.5,over,betmgm,-160.0,0.6153846153846154,True,-0.0116,False
671277,Luis García Jr.,NYY,STL,1,3.0,1,700241,Michael McGreevy,R,823520,7:05 PM ET,Yankee Stadium,0,1,0.2644927536231884,2026-08-03,823520,0,1,94.4,100.1,100.3,L,4,4,1,1,0,0,0,0,0,1,2,3,0,1,1,1,1,0.2346666666666667,0.421,1,0,1,1,1,0,0.2631578947368421,0.288135593220339,0.7719298245614035,0.22033898305084745,0.2926829268292683,0.2807017543859649,0.05084745762711865,0.05084745762711865,0.14035087719298245,2.066666666666667,0.8666666666666667,0.38636363636363635,0.2727272727272727,0.4090909090909091,0.20454545454545456,0.022727272727272728,0.3043666666666667,0.5603611111111112,0.36363636363636365,0.18181818181818182,0.3889499999999999,0.7487,0.3333333333333333,0.7,0.22580645161290322,0.18867924528301888,0.2641509433962264,0.17857142857142858,0.7805907172995781,0.23696682464454977,0.45662100456621,0.1917808219178082,0.4648648648648649,0.2648648648648649,0.02702702702702703,9.0,1.2857142857142856,5.7857142857142865,0.1565217391304348,0.669038806050423,0.399100931671849,0.669038806050423,2.066666666666667,"{""novig"": {""1.5"": {""over"": 111, ""under"": -113}, ""0.5"": {""over"": -270}}, ""betmgm"": {""1.5"": {""over"": -105, ""under"": -125}}, ""draftkings"": {""1.5"": {""over"": 122, ""under"": -162}, ""0.5"": {""over"": -231, ""under"": 171}}, ""fanduel"": {""1.5"": {""over"": -115}, ""0.5"": {""over"": -310}}}",1.5,over,draftkings,122.0,0.45045045045045046,True,-0.0513,0.5,over,draftkings,-231.0,0.6978851963746223,True,-0.0288,True
641857,Ryan McMahon,NYY,STL,1,7.0,1,700241,Michael McGreevy,R,823520,7:05 PM ET,Yankee Stadium,0,1,0.2644927536231884,2026-08-03,823520,0,1,94.4,100.1,100.3,L,4,4,1,0,0,0,0,0,0,1,1,3,0,2,1,0,1,0.3183333333333333,0.6326666666666667,1,0,1,0,1,0,0.16216216216216217,0.225,0.7297297297297297,0.25,0.19230769230769232,0.16216216216216217,0.025,0.075,0.10810810810810811,0.8,0.6666666666666666,0.5555555555555556,0.14814814814814814,0.4074074074074074,0.37037037037037035,0.037037037037037035,0.3482121212121212,0.5853575757575759,0.07692307692307693,0.21428571428571427,0.31499999999999995,0.4184000000000002,0.21428571428571427,0.40476190476190477,0.3181818181818182,0.1875,0.21875,0.2894736842105263,0.7805907172995781,0.23696682464454977,0.45662100456621,0.1917808219178082,0.4648648648648649,0.2648648648648649,0.02702702702702703,9.0,1.2857142857142856,5.7857142857142865,0.1565217391304348,0.4933637461778289,0.3157899740584342,0.4933637461778289,0.8,"{""novig"": {""1.5"": {""over"": 160}}, ""betmgm"": {""0.5"": {""over"": -160, ""under"": 120}}, ""bet365"": {""1.5"": {""over"": 165, ""under"": -225}}, ""fanduel"": {""1.5"": {""over"": 135}}}",1.5,over,bet365,165.0,0.37735849056603776,True,-0.0616,0.5,over,betmgm,-160.0,0.6153846153846154,True,-0.122,False
682987,Spencer Jones,NYY,STL,1,4.0,1,700241,Michael McGreevy,R,823520,7:05 PM ET,Yankee Stadium,0,1,0.2644927536231884,2026-08-03,823520,0,1,94.4,100.1,100.3,L,4,4,0,0,0,0,0,0,0,1,0,3,0,2,0,1,0,0.06766666666666667,0.08233333333333333,0,0,0,0,1,0,0.275,0.32558139534883723,0.625,0.3488372093023256,0.36363636363636365,0.275,0.06976744186046512,0.046511627906976744,0.125,1.4666666666666666,1.0,0.52,0.36,0.24,0.36,0.0,0.43512820512820516,0.8584358974358974,0.4,0.3125,0.6448333333333334,1.6609000000000003,0.24324324324324326,0.4864864864864865,0.38636363636363635,0.15384615384615385,0.38461538461538464,0.35714285714285715,0.7805907172995781,0.23696682464454977,0.45662100456621,0.1917808219178082,0.4648648648648649,0.2648648648648649,0.02702702702702703,9.0,1.2857142857142856,5.7857142857142865,0.1565217391304348,0.5135111396737299,0.32478761891768076,0.5135111396737299,1.4666666666666666,"{""novig"": {""1.5"": {""over"": 144, ""under"": -178}, ""0.5"": {""over"": -160, ""under"": 138}}, ""bet365"": {""1.5"": {""over"": 135, ""under"": -180}, ""0.5"": {""over"": -190, ""under"": 140}}, ""betmgm"": {""1.5"": {""over"": 130, ""under"": -175}, ""0.5"": {""over"": -190, ""under"": 140}}, ""fanduel"": {""1.5"": {""over"": 125}, ""0.5"": {""over"": -185}}, ""draftkings"": {""0.5"": {""over"": -176, ""under"": 132}}}",1.5,over,novig,144.0,0.4098360655737705,True,-0.085,0.5,over,novig,-160.0,0.6153846153846154,True,-0.1019,True
663757,Trent Grisham,NYY,STL,1,1.0,1,700241,Michael McGreevy,R,823520,7:05 PM ET,Yankee Stadium,0,1,0.2644927536231884,2026-08-03,823520,0,1,94.4,100.1,100.3,L,4,4,0,0,0,0,0,0,0,1,0,3,0,1,0,0,2,0.22233333333333336,0.3416666666666666,0,0,0,0,1,0,0.1,0.21052631578947367,0.86,0.1206896551724138,0.09523809523809523,0.06,0.017241379310344827,0.0,0.02,0.5333333333333333,0.4666666666666667,0.3023255813953488,0.13953488372093023,0.4883720930232558,0.20930232558139536,0.023255813953488372,0.2118035714285714,0.3485083333333333,0.1875,0.15,0.228125,0.3357916666666665,0.15384615384615385,0.28846153846153844,0.13333333333333333,0.3076923076923077,0.5192307692307693,0.1896551724137931,0.7805907172995781,0.23696682464454977,0.45662100456621,0.1917808219178082,0.4648648648648649,0.2648648648648649,0.02702702702702703,9.0,1.2857142857142856,5.7857142857142865,0.1565217391304348,0.5489288076608837,0.34983303221310164,0.5489288076608837,0.5333333333333333,"{""novig"": {""1.5"": {""over"": 130, ""under"": -150}, ""0.5"": {""over"": -182, ""under"": 163}}, ""bet365"": {""1.5"": {""over"": 125, ""under"": -165}, ""0.5"": {""over"": -225, ""under"": 165}}, ""betmgm"": {""1.5"": {""over"": 120, ""under"": -160}, ""0.5"": {""over"": -190, ""under"": 140}}, ""draftkings"": {""1.5"": {""over"": 124, ""under"": -165}, ""0.5"": {""over"": -209, ""under"": 156}}, ""fanduel"": {""0.5"": {""over"": -230}}}",1.5,over,novig,130.0,0.43478260869565216,True,-0.0849,0.5,over,novig,-182.0,0.6453900709219859,True,-0.0965,True
676475,Alec Burleson,STL,NYY,0,3.0,1,693645,Cam Schlittler,R,823520,7:05 PM ET,Yankee Stadium,0,1,0.20426287744227353,2026-08-03,823520,0,1,94.4,100.1,100.3,L,5,4,1,0,0,0,1,0,0,1,1,3,0,2,1,1,0,0.21166666666666667,0.25366666666666665,1,0,1,0,1,0,0.3728813559322034,0.421875,0.7966101694915254,0.1875,0.46808510638297873,0.06779661016949153,0.0,0.0625,0.06779661016949153,1.7333333333333334,0.8,0.46808510638297873,0.3404255319148936,0.44680851063829785,0.19148936170212766,0.02127659574468085,0.3964566666666667,0.6370444444444444,0.29411764705882354,0.19047619047619047,0.3574,0.6317999999999999,0.30357142857142855,0.375,0.1774193548387097,0.2833333333333333,0.4666666666666667,0.09230769230769231,0.6083333333333333,0.18571428571428572,0.4063926940639269,0.1872146118721461,0.3904109589041096,0.2876712328767123,0.0410958904109589,7.517045454545454,1.3806818181818181,11.045454545454545,0.3,0.6746514873431426,0.4199317210118194,0.6746514873431426,1.7333333333333334,"{""novig"": {""1.5"": {""over"": 135, ""under"": -182}, ""0.5"": {""over"": -178, ""under"": 138}}, ""bet365"": {""1.5"": {""over"": 140, ""under"": -190}, ""0.5"": {""over"": -200, ""under"": 150}}, ""betmgm"": {""1.5"": {""over"": 130, ""under"": -175}, ""0.5"": {""over"": -200, ""under"": 145}}, ""draftkings"": {""1.5"": {""over"": 137, ""under"": -183}, ""0.5"": {""over"": -178, ""under"": 133}}, ""fanduel"": {""0.5"": {""over"": -220}}}",1.5,over,bet365,140.0,0.4166666666666667,True,0.0033,0.5,over,novig,-178.0,0.6402877697841727,True,0.0344,True
663494,Bryan Torres,STL,NYY,0,5.0,1,693645,Cam Schlittler,R,823520,7:05 PM ET,Yankee Stadium,0,1,0.20426287744227353,2026-08-03,823520,0,1,94.4,100.1,100.3,L,4,4,1,0,0,0,0,0,0,1,1,3,0,1,1,2,0,0.13466666666666668,0.29066666666666663,1,0,1,0,1,0,0.25806451612903225,0.28125,0.7419354838709677,0.25,0.34782608695652173,0.0967741935483871,0.0,0.03125,0.06451612903225806,0.7333333333333333,0.5333333333333333,0.391304347826087,0.391304347826087,0.43478260869565216,0.17391304347826086,0.0,0.3619230769230769,0.5225576923076923,0.4444444444444444,0.1111111111111111,0.33480000000000004,0.4418,0.25806451612903225,0.3548387096774194,0.25,,,,0.6083333333333333,0.18571428571428572,0.4063926940639269,0.1872146118721461,0.3904109589041096,0.2876712328767123,0.0410958904109589,7.517045454545454,1.3806818181818181,11.045454545454545,0.3,0.5411179035703254,0.2989294277306728,0.5411179035703254,0.7333333333333333,"{""novig"": {""1.5"": {""over"": 182}, ""0.5"": {""over"": -115, ""under"": 104}}, ""bet365"": {""1.5"": {""over"": 240, ""under"": -340}, ""0.5"": {""over"": -135, ""under"": 100}}, ""draftkings"": {""1.5"": {""over"": 128, ""under"": -171}, ""0.5"": {""over"": -134, ""under"": 101}}, ""betmgm"": {""0.5"": {""over"": -155, ""under"": 115}}, ""fanduel"": {""0.5"": {""over"": -150}}}",1.5,over,bet365,240.0,0.29411764705882354,True,0.0048,0.5,over,novig,-115.0,0.5348837209302325,True,0.0062,True
671056,Iván Herrera,STL,NYY,0,4.0,1,693645,Cam Schlittler,R,823520,7:05 PM ET,Yankee Stadium,1,1,0.20426287744227353,2026-08-03,823520,0,1,94.4,100.1,100.3,R,4,4,0,0,0,0,0,0,0,1,0,3,0,3,0,2,1,0.27466666666666667,0.4033333333333333,0,0,0,0,1,0,0.21875,0.22727272727272727,0.75,0.24242424242424243,0.2708333333333333,0.109375,0.015151515151515152,0.06060606060606061,0.078125,1.4,1.0666666666666667,0.32653061224489793,0.2857142857142857,0.5102040816326531,0.14285714285714285,0.0,0.31851785714285713,0.4462738095238095,0.23809523809523808,0.14285714285714285,0.31768333333333326,0.44653333333333334,0.14754098360655737,0.18032786885245902,0.234375,0.2777777777777778,0.5,0.140625,0.6083333333333333,0.18571428571428572,0.4063926940639269,0.1872146118721461,0.3904109589041096,0.2876712328767123,0.0410958904109589,7.517045454545454,1.3806818181818181,11.045454545454545,0.3,0.662234888767227,0.39060527490779756,0.662234888767227,1.4,"{""novig"": {""1.5"": {""over"": 167}}, ""betmgm"": {""0.5"": {""over"": -185, ""under"": 135}}, ""bet365"": {""1.5"": {""over"": 190, ""under"": -260}}, ""fanduel"": {""1.5"": {""over"": 190}}}",1.5,over,fanduel,190.0,0.3448275862068966,True,0.0458,0.5,over,betmgm,-185.0,0.6491228070175439,True,0.0131,False
802139,JJ Wetherholt,STL,NYY,0,1.0,1,693645,Cam Schlittler,R,823520,7:05 PM ET,Yankee Stadium,0,1,0.20426287744227353,2026-08-03,823520,0,1,94.4,100.1,100.3,L,5,4,0,0,0,0,1,0,0,0,0,4,0,0,1,3,0,0.09175,0.16975,0,0,0,0,0,0,0.2033898305084746,0.29850746268656714,0.7966101694915254,0.1791044776119403,0.20454545454545456,0.15254237288135594,0.04477611940298507,0.0,0.05084745762711865,1.4,0.8,0.40425531914893614,0.1276595744680851,0.6595744680851063,0.2127659574468085,0.0425531914893617,0.3128877777777778,0.5433355555555556,0.2222222222222222,0.14285714285714285,0.33676666666666666,0.5696833333333333,0.23214285714285715,0.35714285714285715,0.2,0.22033898305084745,0.4067796610169492,0.19402985074626866,0.6083333333333333,0.18571428571428572,0.4063926940639269,0.1872146118721461,0.3904109589041096,0.2876712328767123,0.0410958904109589,7.517045454545454,1.3806818181818181,11.045454545454545,0.3,0.6322122357193098,0.36130768741696273,0.6322122357193098,1.4,"{""novig"": {""1.5"": {""over"": 144, ""under"": -144}}, ""betmgm"": {""0.5"": {""over"": -190, ""under"": 140}}, ""bet365"": {""1.5"": {""over"": 170, ""under"": -230}}}",1.5,over,bet365,170.0,0.37037037037037035,True,-0.0091,0.5,over,betmgm,-190.0,0.6551724137931034,True,-0.023,False
699625,Jimmy Crooks,STL,NYY,0,9.0,1,693645,Cam Schlittler,R,823520,7:05 PM ET,Yankee Stadium,0,1,0.20426287744227353,2026-08-03,823520,0,1,94.4,100.1,100.3,L,3,3,1,0,0,0,0,0,0,2,1,1,0,0,0,1,0,0.597,0.645,1,0,1,0,1,1,0.16666666666666666,0.2647058823529412,0.6333333333333333,0.3235294117647059,0.17647058823529413,0.23333333333333334,0.058823529411764705,0.029411764705882353,0.1,0.8,0.7333333333333333,0.631578947368421,0.15789473684210525,0.21052631578947367,0.5263157894736842,0.10526315789473684,0.348525,1.0555333333333334,0.08333333333333333,0.25,0.24489583333333337,0.6704166666666669,0.14285714285714285,0.2571428571428571,0.39473684210526316,0.25,1.0,0.2,0.6083333333333333,0.18571428571428572,0.4063926940639269,0.1872146118721461,0.3904109589041096,0.2876712328767123,0.0410958904109589,7.517045454545454,1.3806818181818181,11.045454545454545,0.3,0.31717245646193004,0.1417250011530091,0.31717245646193004,0.8,"{""novig"": {""1.5"": {""over"": 344, ""under"": -400}}, ""betmgm"": {""0.5"": {""over"": 125, ""under"": -165}}, ""bet365"": {""1.5"": {""over"": 290, ""under"": -425}}}",1.5,over,novig,344.0,0.22522522522522523,True,-0.0835,0.5,over,betmgm,125.0,0.4444444444444444,True,-0.1273,False
691023,Jordan Walker,STL,NYY,0,2.0,1,693645,Cam Schlittler,R,823520,7:05 PM ET,Yankee Stadium,1,1,0.20426287744227353,2026-08-03,823520,0,1,94.4,100.1,100.3,R,5,5,2,0,0,0,0,0,0,0,2,5,0,2,1,1,3,0.371,0.4806,1,1,1,1,0,0,0.21311475409836064,0.26153846153846155,0.7049180327868853,0.27692307692307694,0.3023255813953488,0.06557377049180328,0.0,0.06153846153846154,0.06557377049180328,1.1333333333333333,1.2,0.3023255813953488,0.27906976744186046,0.37209302325581395,0.20930232558139536,0.023255813953488372,0.3114111111111111,0.4831888888888889,0.22727272727272727,0.36363636363636365,0.2724499999999999,0.33911666666666684,0.2542372881355932,0.3220338983050847,0.23809523809523808,0.30357142857142855,0.4642857142857143,0.19047619047619047,0.6083333333333333,0.18571428571428572,0.4063926940639269,0.1872146118721461,0.3904109589041096,0.2876712328767123,0.0410958904109589,7.517045454545454,1.3806818181818181,11.045454545454545,0.3,0.6558579678440783,0.37291760061754403,0.6558579678440783,1.1333333333333333,"{""novig"": {""1.5"": {""over"": 130, ""under"": -178}, ""0.5"": {""over"": -174, ""under"": 135}}, ""bet365"": {""1.5"": {""over"": 150, ""under"": -200}, ""0.5"": {""over"": -210, ""under"": 155}}, ""betmgm"": {""1.5"": {""over"": 138, ""under"": -190}, ""0.5"": {""over"": -200, ""under"": 150}}, ""draftkings"": {""1.5"": {""over"": 140, ""under"": -187}, ""0.5"": {""over"": -177, ""under"": 133}}, ""fanduel"": {""0.5"": {""over"": -210}}}",1.5,over,bet365,150.0,0.4,True,-0.0271,0.5,over,novig,-174.0,0.635036496350365,True,0.0208,True
665877,José Fermín,STL,NYY,0,8.0,1,693645,Cam Schlittler,R,823520,7:05 PM ET,Yankee Stadium,1,1,0.20426287744227353,2026-08-03,823520,0,1,94.4,100.1,100.3,R,4,4,1,0,0,0,0,0,0,0,1,4,0,2,1,2,1,0.3995,0.5735,1,0,1,0,0,0,0.18181818181818182,0.28846153846153844,0.8863636363636364,0.09433962264150944,0.1794871794871795,0.06818181818181818,0.018867924528301886,0.0,0.022727272727272728,0.7333333333333333,0.3333333333333333,0.375,0.2,0.475,0.275,0.025,0.26155,0.38195,0.11764705882352941,0.05555555555555555,0.2723499999999999,0.41715,0.15217391304347827,0.21739130434782608,0.13725490196078433,0.34782608695652173,0.45652173913043476,0.07407407407407407,0.6083333333333333,0.18571428571428572,0.4063926940639269,0.1872146118721461,0.3904109589041096,0.2876712328767123,0.0410958904109589,7.517045454545454,1.3806818181818181,11.045454545454545,0.3,0.5847874545397194,0.3355123792084446,0.5847874545397194,0.7333333333333333,"{""novig"": {""1.5"": {""over"": 223}}, ""betmgm"": {""0.5"": {""over"": -150, ""under"": 110}}, ""bet365"": {""1.5"": {""over"": 275, ""under"": -390}}}",1.5,over,bet365,275.0,0.26666666666666666,True,0.0688,0.5,over,betmgm,-150.0,0.6,True,-0.0152,False
691026,Masyn Winn,STL,NYY,0,6.0,1,693645,Cam Schlittler,R,823520,7:05 PM ET,Yankee Stadium,1,1,0.20426287744227353,2026-08-03,823520,0,1,94.4,100.1,100.3,R,4,3,0,0,0,0,1,0,0,1,0,2,0,0,1,1,0,0.171,0.205,0,0,0,0,1,0,0.23529411764705882,0.35,0.7450980392156863,0.21666666666666667,0.3157894736842105,0.0392156862745098,0.0,0.03333333333333333,0.0392156862745098,0.9333333333333333,0.8666666666666667,0.3684210526315789,0.2894736842105263,0.3157894736842105,0.34210526315789475,0.0,0.32441111111111115,0.4181777777777778,0.29411764705882354,0.3,0.2554666666666666,0.33886666666666665,0.22916666666666666,0.2708333333333333,0.21052631578947367,0.2909090909090909,0.32727272727272727,0.18181818181818182,0.6083333333333333,0.18571428571428572,0.4063926940639269,0.1872146118721461,0.3904109589041096,0.2876712328767123,0.0410958904109589,7.517045454545454,1.3806818181818181,11.045454545454545,0.3,0.5999299335524945,0.32643291349862524,0.5999299335524945,0.9333333333333333,"{""novig"": {""1.5"": {""over"": 217}}, ""betmgm"": {""0.5"": {""over"": -155, ""under"": 115}}, ""bet365"": {""1.5"": {""over"": 240, ""under"": -340}}}",1.5,over,bet365,240.0,0.29411764705882354,True,0.0323,0.5,over,betmgm,-155.0,0.6078431372549019,True,-0.0079,False
701675,Nathan Church,STL,NYY,0,7.0,1,693645,Cam Schlittler,R,823520,7:05 PM ET,Yankee Stadium,0,1,0.20426287744227353,2026-08-03,823520,0,1,94.4,100.1,100.3,L,4,3,1,0,0,0,1,0,0,0,1,3,0,1,0,1,1,0.4176666666666667,0.4716666666666667,1,0,1,0,0,0,0.16279069767441862,0.1956521739130435,0.813953488372093,0.1702127659574468,0.19444444444444445,0.0,0.0,0.0,0.0,0.4666666666666667,0.5333333333333333,0.35135135135135137,0.24324324324324326,0.43243243243243246,0.1891891891891892,0.0,0.3056190476190476,0.409470238095238,0.25,0.2222222222222222,0.3839166666666667,0.5055000000000001,0.16279069767441862,0.16279069767441862,0.1956521739130435,0.29411764705882354,0.35294117647058826,0.15384615384615385,0.6083333333333333,0.18571428571428572,0.4063926940639269,0.1872146118721461,0.3904109589041096,0.2876712328767123,0.0410958904109589,7.517045454545454,1.3806818181818181,11.045454545454545,0.3,0.50636588613137,0.2865940832677613,0.50636588613137,0.4666666666666667,"{""novig"": {""1.5"": {""over"": 277, ""under"": -376}}, ""betmgm"": {""0.5"": {""over"": -130, ""under"": -105}}, ""bet365"": {""1.5"": {""over"": 255, ""under"": -360}}}",1.5,over,novig,277.0,0.26525198938992045,True,0.0213,0.5,over,betmgm,-130.0,0.5652173913043478,True,-0.0589,False
683734,Andrew Vaughn,MIL,PIT,1,6.0,1,696149,Bubba Chandler,R,823757,7:40 PM ET,American Family Field,1,1,0.20598591549295775,2026-08-03,823757,0,0,96.2,95.7,110.9,R,4,4,0,0,0,0,0,0,0,2,0,2,0,1,0,1,1,0.5,0.5455,0,0,0,0,1,1,0.21621621621621623,0.3181818181818182,0.8648648648648649,0.11363636363636363,0.1935483870967742,0.1891891891891892,0.045454545454545456,0.022727272727272728,0.08108108108108109,1.0,0.3333333333333333,0.5454545454545454,0.2727272727272727,0.36363636363636365,0.3333333333333333,0.06060606060606061,0.30494642857142856,0.5032023809523809,0.25,0.05555555555555555,0.2750208333333333,0.5924791666666664,0.24324324324324326,0.35135135135135137,0.15555555555555556,0.3055555555555556,0.5555555555555556,0.12195121951219512,0.7,0.23,0.3399014778325123,0.09852216748768473,0.4161490683229814,0.2857142857142857,0.006211180124223602,8.348684210526315,0.7105263157894737,7.993421052631579,0.19823788546255505,0.5111155845632154,0.2927541087211675,0.5111155845632154,1.0,"{""novig"": {""1.5"": {""over"": 167}, ""0.5"": {""over"": -163}}, ""bet365"": {""1.5"": {""over"": 180, ""under"": -240}, ""0.5"": {""over"": -190, ""under"": 140}}, ""betmgm"": {""1.5"": {""over"": 170, ""under"": -235}, ""0.5"": {""over"": -165, ""under"": 125}}, ""draftkings"": {""0.5"": {""over"": -173, ""under"": 130}}, ""fanduel"": {""0.5"": {""over"": -190}}}",1.5,over,bet365,180.0,0.35714285714285715,True,-0.0644,0.5,over,novig,-163.0,0.6197718631178707,True,-0.1087,True
668930,Brice Turang,MIL,PIT,1,1.0,1,696149,Bubba Chandler,R,823757,7:40 PM ET,American Family Field,0,1,0.20598591549295775,2026-08-03,823757,0,0,96.2,95.7,110.9,L,4,4,1,0,0,0,0,0,0,2,1,2,0,1,0,0,2,0.6875,0.8899999999999999,1,0,1,0,1,1,0.2909090909090909,0.4,0.8181818181818182,0.15384615384615385,0.30952380952380953,0.2,0.046153846153846156,0.03076923076923077,0.09090909090909091,1.8,0.6666666666666666,0.28888888888888886,0.26666666666666666,0.4888888888888889,0.2222222222222222,0.022222222222222223,0.3316055555555556,0.5580222222222222,0.35,0.18181818181818182,0.30008333333333337,0.4581833333333333,0.3157894736842105,0.5789473684210527,0.18181818181818182,0.14285714285714285,0.25396825396825395,0.3,0.7,0.23,0.3399014778325123,0.09852216748768473,0.4161490683229814,0.2857142857142857,0.006211180124223602,8.348684210526315,0.7105263157894737,7.993421052631579,0.19823788546255505,0.6448224860852653,0.38700827373995184,0.6448224860852653,1.8,"{""novig"": {""1.5"": {""over"": 135, ""under"": -161}, ""0.5"": {""over"": -223, ""under"": 182}}, ""bet365"": {""1.5"": {""over"": 135, ""under"": -180}}, ""draftkings"": {""1.5"": {""over"": 130, ""under"": -174}, ""0.5"": {""over"": -232, ""under"": 172}}, ""betmgm"": {""0.5"": {""over"": -210, ""under"": 150}}, ""fanduel"": {""0.5"": {""over"": -230}}}",1.5,over,bet365,135.0,0.425531914893617,True,-0.0385,0.5,over,betmgm,-210.0,0.6774193548387096,True,-0.0326,True
592885,Christian Yelich,MIL,PIT,1,3.0,1,696149,Bubba Chandler,R,823757,7:40 PM ET,American Family Field,0,1,0.20598591549295775,2026-08-03,823757,0,0,96.2,95.7,110.9,L,4,4,0,0,0,0,0,0,0,1,0,3,0,1,0,3,0,0.111,0.11966666666666666,0,0,0,0,1,0,0.23728813559322035,0.34285714285714286,0.7457627118644068,0.21428571428571427,0.29545454545454547,0.1694915254237288,0.014285714285714285,0.07142857142857142,0.11864406779661017,1.6,1.0,0.4222222222222222,0.17777777777777778,0.6,0.2,0.044444444444444446,0.3087033333333333,0.5034833333333333,0.21052631578947367,0.21739130434782608,0.2652499999999999,0.5025166666666667,0.23728813559322035,0.4067796610169492,0.21428571428571427,0.2786885245901639,0.5409836065573771,0.22058823529411764,0.7,0.23,0.3399014778325123,0.09852216748768473,0.4161490683229814,0.2857142857142857,0.006211180124223602,8.348684210526315,0.7105263157894737,7.993421052631579,0.19823788546255505,0.6094494061144083,0.3710620181728228,0.6094494061144083,1.6,"{""novig"": {""1.5"": {""over"": 144, ""under"": -199}, ""0.5"": {""over"": -170, ""under"": 125}}, ""bet365"": {""1.5"": {""over"": 160, ""under"": -220}, ""0.5"": {""over"": -210, ""under"": 155}}, ""betmgm"": {""0.5"": {""over"": -175, ""under"": 130}}, ""draftkings"": {""0.5"": {""over"": -183, ""under"": 137}}, ""fanduel"": {""0.5"": {""over"": -180}}}",1.5,over,bet365,160.0,0.38461538461538464,True,-0.0136,0.5,over,novig,-170.0,0.6296296296296297,True,-0.0202,True
666152,David Hamilton,MIL,PIT,1,8.0,1,696149,Bubba Chandler,R,823757,7:40 PM ET,American Family Field,0,1,0.20598591549295775,2026-08-03,823757,0,0,96.2,95.7,110.9,L,3,1,0,0,0,0,2,0,0,0,0,1,0,1,0,0,1,0.38,0.597,0,0,0,0,0,0,0.25,0.3023255813953488,0.725,0.2391304347826087,0.3448275862068966,0.1,0.0,0.043478260869565216,0.075,0.9333333333333333,0.7333333333333333,0.25,0.21875,0.53125,0.21875,0.0,0.3007705128205128,0.4059153846153846,0.1875,0.16666666666666666,0.32952,0.46108000000000005,0.2564102564102564,0.358974358974359,0.26666666666666666,0.23076923076923078,0.28205128205128205,0.32558139534883723,0.7,0.23,0.3399014778325123,0.09852216748768473,0.4161490683229814,0.2857142857142857,0.006211180124223602,8.348684210526315,0.7105263157894737,7.993421052631579,0.19823788546255505,0.5616204126009969,0.28199465086669767,0.5616204126009969,0.9333333333333333,"{""novig"": {""1.5"": {""over"": 223, ""under"": -335}}, ""betmgm"": {""0.5"": {""over"": -110, ""under"": -118}}, ""bet365"": {""1.5"": {""over"": 300, ""under"": -450}}, ""fanduel"": {""1.5"": {""over"": 220}}}",1.5,over,bet365,300.0,0.25,True,0.032,0.5,over,betmgm,-110.0,0.5238095238095238,True,0.0378,False
669003,Garrett Mitchell,MIL,PIT,1,7.0,1,696149,Bubba Chandler,R,823757,7:40 PM ET,American Family Field,0,1,0.20598591549295775,2026-08-03,823757,0,0,96.2,95.7,110.9,L,4,4,0,0,0,0,0,0,0,2,0,2,0,0,0,2,0,0.1485,0.1535,0,0,0,0,1,1,0.23076923076923078,0.3442622950819672,0.7115384615384616,0.24193548387096775,0.32432432432432434,0.07692307692307693,0.0,0.06451612903225806,0.07692307692307693,1.0666666666666667,1.0,0.43243243243243246,0.2972972972972973,0.5945945945945946,0.10810810810810811,0.02702702702702703,0.35596428571428573,0.5497916666666666,0.1875,0.2727272727272727,0.4069166666666668,0.6916666666666669,0.25,0.34615384615384615,0.2698412698412698,0.24,0.32,0.3333333333333333,0.7,0.23,0.3399014778325123,0.09852216748768473,0.4161490683229814,0.2857142857142857,0.006211180124223602,8.348684210526315,0.7105263157894737,7.993421052631579,0.19823788546255505,0.5849177964882161,0.3250053923227813,0.5849177964882161,1.0666666666666667,"{""novig"": {""1.5"": {""over"": 186, ""under"": -199}, ""0.5"": {""over"": -133, ""under"": 102}}, ""bet365"": {""1.5"": {""over"": 195, ""under"": -270}, ""0.5"": {""over"": -140, ""under"": 105}}, ""betmgm"": {""0.5"": {""over"": -135, ""under"": 100}}, ""draftkings"": {""0.5"": {""over"": -141, ""under"": 106}}, ""fanduel"": {""0.5"": {""over"": -155}}}",1.5,over,bet365,195.0,0.3389830508474576,True,-0.014,0.5,over,novig,-133.0,0.5708154506437768,True,0.0141,True
694192,Jackson Chourio,MIL,PIT,1,2.0,1,696149,Bubba Chandler,R,823757,7:40 PM ET,American Family Field,1,1,0.20598591549295775,2026-08-03,823757,0,0,96.2,95.7,110.9,R,4,3,2,0,0,0,1,0,0,1,2,2,0,1,0,2,0,0.35650000000000004,0.39099999999999996,1,1,1,1,1,0,0.23809523809523808,0.29411764705882354,0.7301587301587301,0.25,0.32608695652173914,0.06349206349206349,0.0,0.058823529411764705,0.06349206349206349,1.2666666666666666,1.1333333333333333,0.41304347826086957,0.30434782608695654,0.4782608695652174,0.1956521739130435,0.021739130434782608,0.34312888888888887,0.51103,0.21739130434782608,0.21739130434782608,0.29796000000000006,0.4773866666666667,0.234375,0.28125,0.2608695652173913,0.2641509433962264,0.41509433962264153,0.16129032258064516,0.7,0.23,0.3399014778325123,0.09852216748768473,0.4161490683229814,0.2857142857142857,0.006211180124223602,8.348684210526315,0.7105263157894737,7.993421052631579,0.19823788546255505,0.644559093498896,0.3847503780923565,0.644559093498896,1.2666666666666666,"{""novig"": {""1.5"": {""over"": 122, ""under"": -150}, ""0.5"": {""over"": -233, ""under"": 163}}, ""bet365"": {""1.5"": {""over"": 130, ""under"": -170}, ""0.5"": {""over"": -260, ""under"": 190}}, ""betmgm"": {""1.5"": {""over"": 110, ""under"": -150}, ""0.5"": {""over"": -235, ""under"": 175}}, ""draftkings"": {""1.5"": {""over"": 119, ""under"": -158}, ""0.5"": {""over"": -243, ""under"": 179}}, ""fanduel"": {""1.5"": {""over"": 110}, ""0.5"": {""over"": -230}}}",1.5,over,bet365,130.0,0.43478260869565216,True,-0.05,0.5,over,fanduel,-230.0,0.696969696969697,True,-0.0524,True
641343,Jake Bauers,MIL,PIT,1,5.0,1,696149,Bubba Chandler,R,823757,7:40 PM ET,American Family Field,0,1,0.20598591549295775,2026-08-03,823757,0,0,96.2,95.7,110.9,L,4,3,1,0,0,0,1,0,0,0,1,3,0,1,2,1,0,0.3015,0.5389999999999999,1,0,1,0,0,0,0.2708333333333333,0.38596491228070173,0.6875,0.2631578947368421,0.3548387096774194,0.1875,0.03508771929824561,0.017543859649122806,0.08333333333333333,1.4666666666666666,1.0,0.5757575757575758,0.2727272727272727,0.45454545454545453,0.24242424242424243,0.0,0.4057805555555556,0.6943930555555555,0.4444444444444444,0.05,0.44480666666666674,0.9202766666666665,0.25,0.4791666666666667,0.2807017543859649,0.24074074074074073,0.5555555555555556,0.2833333333333333,0.7,0.23,0.3399014778325123,0.09852216748768473,0.4161490683229814,0.2857142857142857,0.006211180124223602,8.348684210526315,0.7105263157894737,7.993421052631579,0.19823788546255505,0.601099271917,0.3938741364989342,0.601099271917,1.4666666666666666,"{""novig"": {""1.5"": {""over"": 178, ""under"": -199}}, ""betmgm"": {""0.5"": {""over"": -145, ""under"": 105}}, ""bet365"": {""1.5"": {""over"": 185, ""under"": -250}}, ""fanduel"": {""1.5"": {""over"": 155}}}",1.5,over,bet365,185.0,0.3508771929824561,True,0.043,0.5,over,betmgm,-145.0,0.5918367346938775,True,0.0093,False
687401,Joey Ortiz,MIL,PIT,1,9.0,1,696149,Bubba Chandler,R,823757,7:40 PM ET,American Family Field,1,1,0.20598591549295775,2026-08-03,823757,0,0,96.2,95.7,110.9,R,4,4,0,0,0,0,0,0,0,1,0,3,0,0,1,2,0,0.06766666666666667,0.14233333333333334,0,0,0,0,1,0,0.32653061224489793,0.3888888888888889,0.8163265306122449,0.16666666666666666,0.3684210526315789,0.30612244897959184,0.037037037037037035,0.09259259259259259,0.1836734693877551,2.066666666666667,0.6,0.45,0.25,0.5,0.2,0.025,0.32697777777777776,0.49272222222222223,0.375,0.17647058823529413,0.37879999999999997,0.4714999999999998,0.2857142857142857,0.6326530612244898,0.18518518518518517,0.3333333333333333,0.38461538461538464,0.13953488372093023,0.7,0.23,0.3399014778325123,0.09852216748768473,0.4161490683229814,0.2857142857142857,0.006211180124223602,8.348684210526315,0.7105263157894737,7.993421052631579,0.19823788546255505,0.5001139039633566,0.26430748478911337,0.5001139039633566,2.066666666666667,"{""novig"": {""1.5"": {""over"": 212}}, ""betmgm"": {""0.5"": {""over"": -140, ""under"": 105}}, ""bet365"": {""1.5"": {""over"": 240, ""under"": -340}}}",1.5,over,bet365,240.0,0.29411764705882354,True,-0.0298,0.5,over,betmgm,-140.0,0.5833333333333334,True,-0.0832,False
661388,William Contreras,MIL,PIT,1,4.0,1,696149,Bubba Chandler,R,823757,7:40 PM ET,American Family Field,1,1,0.20598591549295775,2026-08-03,823757,0,0,96.2,95.7,110.9,R,4,3,0,0,0,0,1,0,0,1,0,2,0,0,0,1,0,0.0235,0.0235,0,0,0,0,1,0,0.21818181818181817,0.2833333333333333,0.8,0.18333333333333332,0.2558139534883721,0.18181818181818182,0.016666666666666666,0.08333333333333333,0.12727272727272726,1.4666666666666666,0.7333333333333333,0.4772727272727273,0.29545454545454547,0.38636363636363635,0.25,0.022727272727272728,0.2996142857142857,0.6365261904761904,0.23809523809523808,0.13636363636363635,0.2896633333333333,0.6136499999999999,0.17543859649122806,0.3157894736842105,0.1746031746031746,0.32727272727272727,0.4727272727272727,0.1,0.7,0.23,0.3399014778325123,0.09852216748768473,0.4161490683229814,0.2857142857142857,0.006211180124223602,8.348684210526315,0.7105263157894737,7.993421052631579,0.19823788546255505,0.629254812243111,0.42175223065952894,0.629254812243111,1.4666666666666666,"{""novig"": {""1.5"": {""over"": 141, ""under"": -178}, ""0.5"": {""over"": -199, ""under"": 163}}, ""bet365"": {""1.5"": {""over"": 135, ""under"": -180}, ""0.5"": {""over"": -220, ""under"": 160}}, ""betmgm"": {""1.5"": {""over"": 120, ""under"": -160}, ""0.5"": {""over"": -220, ""under"": 165}}, ""draftkings"": {""1.5"": {""over"": 137, ""under"": -183}, ""0.5"": {""over"": -227, ""under"": 168}}, ""fanduel"": {""0.5"": {""over"": -220}}}",1.5,over,novig,141.0,0.4149377593360996,True,0.0068,0.5,over,novig,-199.0,0.6655518394648829,True,-0.0363,True
664040,Brandon Lowe,PIT,MIL,0,2.0,1,687075,Brandon Sproat,R,823757,7:40 PM ET,American Family Field,0,1,0.24740484429065743,2026-08-03,823757,0,0,96.2,95.7,110.9,L,3,3,0,0,0,0,0,0,0,1,0,2,0,2,0,1,1,0.3385,0.5609999999999999,0,0,0,0,1,0,0.31666666666666665,0.36363636363636365,0.65,0.31343283582089554,0.4473684210526316,0.16666666666666666,0.029850746268656716,0.05970149253731343,0.1,1.9333333333333333,1.4,0.375,0.325,0.325,0.325,0.0,0.3639222222222222,0.5555755555555556,0.36363636363636365,0.2916666666666667,0.3500000000000001,0.6745933333333334,0.373134328358209,0.5671641791044776,0.2638888888888889,0.19642857142857142,0.30357142857142855,0.3492063492063492,0.605,0.1951219512195122,0.40350877192982454,0.17543859649122806,0.4214876033057851,0.2231404958677686,0.024793388429752067,7.820689655172415,1.3034482758620691,10.055172413793104,0.2634146341463415,0.6363819015500428,0.38201456578841314,0.6363819015500428,1.9333333333333333,"{""novig"": {""1.5"": {""over"": 135, ""under"": -160}, ""0.5"": {""over"": -178, ""under"": 138}}, ""bet365"": {""1.5"": {""over"": 125, ""under"": -165}, ""0.5"": {""over"": -190, ""under"": 140}}, ""draftkings"": {""1.5"": {""over"": 133, ""under"": -178}, ""0.5"": {""over"": -191, ""under"": 142}}, ""fanduel"": {""1.5"": {""over"": 115}, ""0.5"": {""over"": -195}}, ""betmgm"": {""0.5"": {""over"": -185, ""under"": 135}}}",1.5,over,novig,135.0,0.425531914893617,True,-0.0435,0.5,over,novig,-178.0,0.6402877697841727,True,-0.0039,True
668804,Bryan Reynolds,PIT,MIL,0,3.0,1,687075,Brandon Sproat,R,823757,7:40 PM ET,American Family Field,0,1,0.24740484429065743,2026-08-03,823757,0,0,96.2,95.7,110.9,L,4,3,1,0,0,0,1,0,0,1,1,2,0,2,1,1,0,0.3245,0.38799999999999996,1,0,1,0,1,0,0.15555555555555556,0.22448979591836735,0.6888888888888889,0.2857142857142857,0.2,0.1111111111111111,0.02040816326530612,0.04081632653061224,0.06666666666666667,0.8,0.9333333333333333,0.41935483870967744,0.22580645161290322,0.3225806451612903,0.3870967741935484,0.0,0.30435897435897435,0.5750833333333334,0.25,0.2222222222222222,0.2768750000000002,0.4043124999999995,0.22033898305084745,0.4406779661016949,0.2835820895522388,0.2807017543859649,0.43859649122807015,0.28125,0.605,0.1951219512195122,0.40350877192982454,0.17543859649122806,0.4214876033057851,0.2231404958677686,0.024793388429752067,7.820689655172415,1.3034482758620691,10.055172413793104,0.2634146341463415,0.521398915956497,0.3078662250895452,0.521398915956497,0.8,"{""novig"": {""1.5"": {""over"": 141}, ""0.5"": {""over"": -170}}, ""bet365"": {""1.5"": {""over"": 165, ""under"": -225}, ""0.5"": {""over"": -175, ""under"": 132}}, ""draftkings"": {""1.5"": {""over"": 141, ""under"": -189}, ""0.5"": {""over"": -178, ""under"": 134}}, ""betmgm"": {""0.5"": {""over"": -175, ""under"": 130}}, ""fanduel"": {""0.5"": {""over"": -200}}}",1.5,over,bet365,165.0,0.37735849056603776,True,-0.0695,0.5,over,novig,-170.0,0.6296296296296297,True,-0.1082,True
682848,Endy Rodríguez,PIT,MIL,0,7.0,1,687075,Brandon Sproat,R,823757,7:40 PM ET,American Family Field,1,1,0.24740484429065743,2026-08-03,823757,0,0,96.2,95.7,110.9,R,1,1,0,0,0,0,0,0,0,1,0,0,0,0,0,0,0,0.09033333333333333,0.103,0,0,0,0,1,0,0.20588235294117646,0.2702702702702703,0.6470588235294118,0.32432432432432434,0.2857142857142857,0.08823529411764706,0.02702702702702703,0.0,0.029411764705882353,0.6666666666666666,0.8,0.4090909090909091,0.18181818181818182,0.45454545454545453,0.3181818181818182,0.0,0.3032307692307692,0.531474358974359,0.18181818181818182,0.25,0.28658333333333336,0.35462499999999986,0.3090909090909091,0.5272727272727272,0.20967741935483872,0.2727272727272727,0.3409090909090909,0.2916666666666667,0.605,0.1951219512195122,0.40350877192982454,0.17543859649122806,0.4214876033057851,0.2231404958677686,0.024793388429752067,7.820689655172415,1.3034482758620691,10.055172413793104,0.2634146341463415,0.48003345605855835,0.25618565278912375,0.48003345605855835,0.6666666666666666,"{""novig"": {""1.5"": {""over"": 170}}, ""betmgm"": {""0.5"": {""over"": -140, ""under"": 105}}, ""bet365"": {""1.5"": {""over"": 195, ""under"": -270}}, ""fanduel"": {""1.5"": {""over"": 170}}}",1.5,over,bet365,195.0,0.3389830508474576,True,-0.0828,0.5,over,betmgm,-140.0,0.5833333333333334,True,-0.1033,False
699013,Esmerlyn Valdez,PIT,MIL,0,4.0,1,687075,Brandon Sproat,R,823757,7:40 PM ET,American Family Field,1,1,0.24740484429065743,2026-08-03,823757,0,0,96.2,95.7,110.9,R,4,3,0,0,0,0,1,0,0,3,0,0,0,0,0,0,0,0.0945,0.2505,0,0,0,0,1,1,0.1875,0.36507936507936506,0.6041666666666666,0.30158730158730157,0.19230769230769232,0.3125,0.06349206349206349,0.047619047619047616,0.14583333333333334,1.6,1.2666666666666666,0.4666666666666667,0.2,0.2,0.5333333333333333,0.06666666666666667,0.36538095238095236,0.8677440476190477,0.1111111111111111,0.13043478260869565,0.17226666666666665,0.2993166666666666,0.2222222222222222,0.5555555555555556,0.36923076923076925,0.2727272727272727,0.7272727272727273,0.3269230769230769,0.605,0.1951219512195122,0.40350877192982454,0.17543859649122806,0.4214876033057851,0.2231404958677686,0.024793388429752067,7.820689655172415,1.3034482758620691,10.055172413793104,0.2634146341463415,0.5612225787182603,0.29892553120177573,0.5612225787182603,1.6,"{""novig"": {""1.5"": {""over"": 135, ""under"": -199}}, ""betmgm"": {""0.5"": {""over"": -150, ""under"": 110}}, ""bet365"": {""1.5"": {""over"": 180, ""under"": -240}}, ""fanduel"": {""1.5"": {""over"": 130}}}",1.5,over,bet365,180.0,0.35714285714285715,True,-0.0582,0.5,over,betmgm,-150.0,0.6,True,-0.0388,False
680779,Henry Davis,PIT,MIL,0,9.0,1,687075,Brandon Sproat,R,823757,7:40 PM ET,American Family Field,1,1,0.24740484429065743,2026-08-03,823757,0,0,96.2,95.7,110.9,R,4,3,1,0,0,0,1,0,0,0,1,3,0,0,1,0,2,0.377,0.446,1,0,1,0,0,0,0.25,0.35294117647058826,0.7727272727272727,0.19607843137254902,0.30303030303030304,0.06818181818181818,0.0196078431372549,0.0,0.022727272727272728,0.9333333333333333,0.6666666666666666,0.4117647058823529,0.23529411764705882,0.3235294117647059,0.2647058823529412,0.0,0.2899166666666667,0.40991071428571424,0.2857142857142857,0.0625,0.23109999999999994,0.3682166666666666,0.2608695652173913,0.5,0.23076923076923078,0.14634146341463414,0.14634146341463414,0.13333333333333333,0.605,0.1951219512195122,0.40350877192982454,0.17543859649122806,0.4214876033057851,0.2231404958677686,0.024793388429752067,7.820689655172415,1.3034482758620691,10.055172413793104,0.2634146341463415,0.5168448255984829,0.25728141283994926,0.5168448255984829,0.9333333333333333,"{""novig"": {""1.5"": {""over"": 212}}, ""betmgm"": {""0.5"": {""over"": 100, ""under"": -135}}, ""bet365"": {""1.5"": {""over"": 270, ""under"": -380}}}",1.5,over,bet365,270.0,0.2702702702702703,True,-0.013,0.5,over,betmgm,100.0,0.5,True,0.0168,False
694378,Jacob Gonzalez,PIT,MIL,0,8.0,1,687075,Brandon Sproat,R,823757,7:40 PM ET,American Family Field,0,1,0.24740484429065743,2026-08-03,823757,0,0,96.2,95.7,110.9,L,3,3,2,1,0,0,0,0,0,0,3,3,0,2,1,0,2,0.548,1.0193333333333332,1,1,1,1,0,0,0.18421052631578946,0.1794871794871795,0.8157894736842105,0.1794871794871795,0.16666666666666666,0.18421052631578946,0.05128205128205128,0.02564102564102564,0.07894736842105263,0.9333333333333333,0.4666666666666667,0.34375,0.25,0.375,0.34375,0.0,0.29783333333333334,0.4390972222222222,0.13333333333333333,0.1875,0.2980625,0.3349166666666667,0.2,0.37142857142857144,0.16216216216216217,0.2222222222222222,0.3333333333333333,0.2727272727272727,0.605,0.1951219512195122,0.40350877192982454,0.17543859649122806,0.4214876033057851,0.2231404958677686,0.024793388429752067,7.820689655172415,1.3034482758620691,10.055172413793104,0.2634146341463415,0.4778821778025077,0.2688937068593353,0.4778821778025077,0.9333333333333333,"{""novig"": {""1.5"": {""over"": 212}}, ""betmgm"": {""0.5"": {""over"": -130, ""under"": -105}}, ""bet365"": {""1.5"": {""over"": 215, ""under"": -310}}}",1.5,over,bet365,215.0,0.31746031746031744,True,-0.0486,0.5,over,betmgm,-130.0,0.5652173913043478,True,-0.0873,False
663968,Jake Mangum,PIT,MIL,0,1.0,1,687075,Brandon Sproat,R,823757,7:40 PM ET,American Family Field,0,1,0.24740484429065743,2026-08-03,823757,0,0,96.2,95.7,110.9,L,4,2,0,0,0,0,1,1,0,2,0,0,0,0,0,0,0,0.29025,0.31825000000000003,0,0,0,0,1,1,0.3333333333333333,0.36363636363636365,0.7857142857142857,0.20454545454545456,0.40625,0.09523809523809523,0.022727272727272728,0.022727272727272728,0.047619047619047616,1.2,0.6,0.18181818181818182,0.3333333333333333,0.48484848484848486,0.18181818181818182,0.0,0.325775,0.41639,0.4444444444444444,0.18181818181818182,0.2867916666666667,0.4696250000000004,0.2698412698412698,0.3968253968253968,0.17142857142857143,0.2727272727272727,0.34545454545454546,0.22807017543859648,0.605,0.1951219512195122,0.40350877192982454,0.17543859649122806,0.4214876033057851,0.2231404958677686,0.024793388429752067,7.820689655172415,1.3034482758620691,10.055172413793104,0.2634146341463415,0.622383110810561,0.32084238085159145,0.622383110810561,1.2,"{""novig"": {""1.5"": {""over"": 133, ""under"": -167}, ""0.5"": {""over"": -335}}, ""bet365"": {""1.5"": {""over"": 150, ""under"": -200}, ""0.5"": {""over"": -270, ""under"": 195}}, ""betmgm"": {""1.5"": {""over"": 130, ""under"": -175}}, ""draftkings"": {""1.5"": {""over"": 121, ""under"": -161}}, ""fanduel"": {""1.5"": {""over"": 120}, ""0.5"": {""over"": -270}}}",1.5,over,bet365,150.0,0.4,True,-0.0792,0.5,over,bet365,-270.0,0.7297297297297297,True,-0.1073,True
693304,Nick Gonzales,PIT,MIL,0,6.0,1,687075,Brandon Sproat,R,823757,7:40 PM ET,American Family Field,1,1,0.24740484429065743,2026-08-03,823757,0,0,96.2,95.7,110.9,R,4,4,0,0,0,0,0,0,0,1,0,3,0,1,0,2,1,0.36633333333333334,0.409,0,0,0,0,1,0,0.35384615384615387,0.36363636363636365,0.8615384615384616,0.13636363636363635,0.3888888888888889,0.15384615384615385,0.030303030303030304,0.06060606060606061,0.09230769230769231,2.2,0.6,0.35714285714285715,0.26785714285714285,0.44642857142857145,0.26785714285714285,0.03571428571428571,0.33170333333333335,0.5178944444444444,0.3181818181818182,0.043478260869565216,0.31721000000000005,0.42042,0.423728813559322,0.5932203389830508,0.13636363636363635,0.23809523809523808,0.31746031746031744,0.15625,0.605,0.1951219512195122,0.40350877192982454,0.17543859649122806,0.4214876033057851,0.2231404958677686,0.024793388429752067,7.820689655172415,1.3034482758620691,10.055172413793104,0.2634146341463415,0.6398584053643085,0.33303705719532184,0.6398584053643085,2.2,"{""novig"": {""1.5"": {""over"": 163, ""under"": -213}}, ""betmgm"": {""0.5"": {""over"": -210, ""under"": 155}}, ""bet365"": {""1.5"": {""over"": 155, ""under"": -210}}, ""draftkings"": {""1.5"": {""over"": 162, ""under"": -218}}, ""fanduel"": {""1.5"": {""over"": 115}}}",1.5,over,novig,163.0,0.38022813688212925,True,-0.0472,0.5,over,betmgm,-210.0,0.6774193548387096,True,-0.0376,False
687462,Spencer Horwitz,PIT,MIL,0,5.0,1,687075,Brandon Sproat,R,823757,7:40 PM ET,American Family Field,0,1,0.24740484429065743,2026-08-03,823757,0,0,96.2,95.7,110.9,L,4,4,0,0,0,0,0,0,0,2,0,2,0,0,1,1,0,0.1135,0.15000000000000002,0,0,0,0,1,1,0.27586206896551724,0.391304347826087,0.7931034482758621,0.17391304347826086,0.3023255813953488,0.20689655172413793,0.043478260869565216,0.043478260869565216,0.10344827586206896,1.8666666666666667,0.8,0.3695652173913043,0.1956521739130435,0.32608695652173914,0.32608695652173914,0.021739130434782608,0.29478571428571426,0.5174047619047619,0.2777777777777778,0.15,0.31943333333333335,0.5515833333333333,0.288135593220339,0.4915254237288136,0.15714285714285714,0.2391304347826087,0.34782608695652173,0.21052631578947367,0.605,0.1951219512195122,0.40350877192982454,0.17543859649122806,0.4214876033057851,0.2231404958677686,0.024793388429752067,7.820689655172415,1.3034482758620691,10.055172413793104,0.2634146341463415,0.6192940959314392,0.3596399483699449,0.6192940959314392,1.8666666666666667,"{""novig"": {""1.5"": {""over"": 156, ""under"": -199}}, ""betmgm"": {""0.5"": {""over"": -200, ""under"": 145}}, ""bet365"": {""1.5"": {""over"": 190, ""under"": -260}}, ""fanduel"": {""1.5"": {""over"": 175}}}",1.5,over,bet365,190.0,0.3448275862068966,True,0.0148,0.5,over,betmgm,-200.0,0.6666666666666666,True,-0.0474,False
608324,Alex Bregman,CHC,LAD,1,3.0,1,680736,Justin Wrobleski,L,824647,8:05 PM ET,Wrigley Field,1,0,0.23927392739273928,2026-08-03,824647,0,0,98.5,100.5,105.7,R,4,4,0,0,0,0,0,0,0,1,0,3,0,3,1,2,0,0.288,0.5073333333333333,0,0,0,0,1,0,0.32786885245901637,0.4057971014492754,0.8032786885245902,0.17391304347826086,0.3695652173913043,0.26229508196721313,0.043478260869565216,0.10144927536231885,0.16393442622950818,2.4,0.8,0.32653061224489793,0.1836734693877551,0.3877551020408163,0.30612244897959184,0.0,0.28308,0.4003744444444444,0.42105263157894735,0.09090909090909091,0.41493333333333327,0.5645499999999999,0.32786885245901637,0.5901639344262295,0.17391304347826086,0.16363636363636364,0.23636363636363636,0.14084507042253522,0.7206477732793523,0.2096069868995633,0.35319148936170214,0.12340425531914893,0.4157303370786517,0.3202247191011236,0.03932584269662921,7.957894736842106,1.1368421052631579,6.963157894736843,0.19444444444444445,0.6316409537110254,0.42484420844634324,0.6316409537110254,2.4,"{""bet365"": {""1.5"": {""over"": 155, ""under"": -210}, ""0.5"": {""over"": -200, ""under"": 150}}, ""betmgm"": {""1.5"": {""over"": 145, ""under"": -200}, ""0.5"": {""over"": -200, ""under"": 150}}, ""draftkings"": {""1.5"": {""over"": 145, ""under"": -195}, ""0.5"": {""over"": -204, ""under"": 152}}, ""novig"": {""0.5"": {""over"": -186, ""under"": 147}}, ""fanduel"": {""0.5"": {""over"": -220}}}",1.5,over,bet365,155.0,0.39215686274509803,True,0.0327,0.5,over,novig,-186.0,0.6503496503496503,True,-0.0187,True
608348,Carson Kelly,CHC,LAD,1,4.0,1,680736,Justin Wrobleski,L,824647,8:05 PM ET,Wrigley Field,1,0,0.23927392739273928,2026-08-03,824647,0,0,98.5,100.5,105.7,R,4,4,1,0,0,0,0,0,0,2,1,2,0,0,1,0,1,0.5645,0.622,1,0,1,0,1,1,0.17307692307692307,0.25862068965517243,0.7884615384615384,0.1896551724137931,0.1794871794871795,0.11538461538461539,0.034482758620689655,0.0,0.038461538461538464,1.0,0.7333333333333333,0.3170731707317073,0.12195121951219512,0.5853658536585366,0.21951219512195122,0.0,0.2591,0.4546,0.2,0.19047619047619047,0.20199999999999996,0.23306666666666667,0.1568627450980392,0.21568627450980393,0.1724137931034483,0.3111111111111111,0.5111111111111111,0.15384615384615385,0.7206477732793523,0.2096069868995633,0.35319148936170214,0.12340425531914893,0.4157303370786517,0.3202247191011236,0.03932584269662921,7.957894736842106,1.1368421052631579,6.963157894736843,0.19444444444444445,0.5936048487607284,0.39715379985614524,0.5936048487607284,1.0,"{""novig"": {""1.5"": {""over"": 147, ""under"": -203}, ""0.5"": {""over"": -194}}, ""bet365"": {""1.5"": {""over"": 140, ""under"": -190}, ""0.5"": {""over"": -180, ""under"": 135}}, ""betmgm"": {""1.5"": {""over"": 145, ""under"": -200}, ""0.5"": {""over"": -210, ""under"": 150}}, ""draftkings"": {""1.5"": {""over"": 152, ""under"": -204}, ""0.5"": {""over"": -195, ""under"": 146}}, ""fanduel"": {""0.5"": {""over"": -195}}}",1.5,over,draftkings,152.0,0.3968253968253968,True,0.0003,0.5,over,bet365,-180.0,0.6428571428571429,True,-0.0493,True
621020,Dansby Swanson,CHC,LAD,1,8.0,1,680736,Justin Wrobleski,L,824647,8:05 PM ET,Wrigley Field,1,0,0.23927392739273928,2026-08-03,824647,0,0,98.5,100.5,105.7,R,4,4,0,0,0,0,0,0,0,1,0,3,0,1,1,2,0,0.10733333333333332,0.13733333333333334,0,0,0,0,1,0,0.2222222222222222,0.27586206896551724,0.7407407407407407,0.2413793103448276,0.3,0.09259259259259259,0.0,0.05172413793103448,0.07407407407407407,1.1333333333333333,0.9333333333333333,0.35,0.275,0.425,0.225,0.0,0.3415777777777778,0.5012277777777778,0.058823529411764705,0.3888888888888889,0.18370000000000006,0.21696666666666675,0.24074074074074073,0.3333333333333333,0.2413793103448276,0.21428571428571427,0.3392857142857143,0.265625,0.7206477732793523,0.2096069868995633,0.35319148936170214,0.12340425531914893,0.4157303370786517,0.3202247191011236,0.03932584269662921,7.957894736842106,1.1368421052631579,6.963157894736843,0.19444444444444445,0.5698115973010162,0.3406916293800275,0.5698115973010162,1.1333333333333333,"{""novig"": {""1.5"": {""over"": 174}}, ""betmgm"": {""0.5"": {""over"": -150, ""under"": 110}}, ""bet365"": {""1.5"": {""over"": 195, ""under"": -270}}}",1.5,over,bet365,195.0,0.3389830508474576,True,0.0017,0.5,over,betmgm,-150.0,0.6,True,-0.0302,False
682634,Kevin Alcántara,CHC,LAD,1,9.0,1,680736,Justin Wrobleski,L,824647,8:05 PM ET,Wrigley Field,1,0,0.23927392739273928,2026-08-03,824647,0,0,98.5,100.5,105.7,R,2,2,0,0,0,0,0,0,0,2,0,0,0,0,0,0,0,0.5435,0.601,0,0,0,0,1,1,0.16666666666666666,0.2,0.6666666666666666,0.32,0.25,0.0,0.0,0.0,0.0,0.26666666666666666,0.5333333333333333,0.25,0.4375,0.375,0.125,0.0,0.4158125,0.49574999999999997,0.2857142857142857,0.2857142857142857,0.4348749999999999,0.5042499999999999,0.1935483870967742,0.2903225806451613,0.3548387096774194,0.21052631578947367,0.21052631578947367,0.3333333333333333,0.7206477732793523,0.2096069868995633,0.35319148936170214,0.12340425531914893,0.4157303370786517,0.3202247191011236,0.03932584269662921,7.957894736842106,1.1368421052631579,6.963157894736843,0.19444444444444445,0.295472541419634,0.13461561847828055,0.295472541419634,0.26666666666666666,,1.5,,,,,False,,0.5,,,,,False,,False
683737,Michael Busch,CHC,LAD,1,5.0,1,680736,Justin Wrobleski,L,824647,8:05 PM ET,Wrigley Field,0,0,0.23927392739273928,2026-08-03,824647,0,0,98.5,100.5,105.7,L,4,3,1,0,0,0,1,0,0,1,1,2,0,1,1,0,1,0.2985,0.882,1,0,1,0,1,0,0.2463768115942029,0.2777777777777778,0.7391304347826086,0.25,0.30612244897959184,0.10144927536231885,0.027777777777777776,0.013888888888888888,0.043478260869565216,1.6,1.2,0.37254901960784315,0.27450980392156865,0.45098039215686275,0.23529411764705882,0.0392156862745098,0.3404322222222222,0.5752888888888887,0.17391304347826086,0.08695652173913043,0.29757999999999996,0.43583333333333324,0.2463768115942029,0.34782608695652173,0.25,0.3018867924528302,0.5283018867924528,0.21875,0.7206477732793523,0.2096069868995633,0.35319148936170214,0.12340425531914893,0.4157303370786517,0.3202247191011236,0.03932584269662921,7.957894736842106,1.1368421052631579,6.963157894736843,0.19444444444444445,0.6173129052084964,0.3730300818734818,0.6173129052084964,1.6,"{""novig"": {""1.5"": {""over"": 144}}, ""betmgm"": {""0.5"": {""over"": -175, ""under"": 130}}, ""bet365"": {""1.5"": {""over"": 195, ""under"": -270}}, ""fanduel"": {""1.5"": {""over"": 145}}}",1.5,over,bet365,195.0,0.3389830508474576,True,0.034,0.5,over,betmgm,-175.0,0.6363636363636364,True,-0.0191,False
663538,Nico Hoerner,CHC,LAD,1,6.0,1,680736,Justin Wrobleski,L,824647,8:05 PM ET,Wrigley Field,1,0,0.23927392739273928,2026-08-03,824647,0,0,98.5,100.5,105.7,R,4,4,1,0,0,0,0,0,0,0,1,4,0,1,2,0,1,0.348,0.41025,1,0,1,0,0,0,0.4098360655737705,0.41935483870967744,0.8688524590163934,0.12903225806451613,0.45098039215686275,0.13114754098360656,0.03225806451612903,0.0,0.04918032786885246,2.2,0.5333333333333333,0.32075471698113206,0.4339622641509434,0.4339622641509434,0.07547169811320754,0.018867924528301886,0.4404388888888889,0.5382455555555555,0.35294117647058826,0.16666666666666666,0.44287333333333334,0.5590999999999999,0.4098360655737705,0.5409836065573771,0.12903225806451613,0.24561403508771928,0.3684210526315789,0.045454545454545456,0.7206477732793523,0.2096069868995633,0.35319148936170214,0.12340425531914893,0.4157303370786517,0.3202247191011236,0.03932584269662921,7.957894736842106,1.1368421052631579,6.963157894736843,0.19444444444444445,0.6636905725339052,0.38712797426830875,0.6636905725339052,2.2,"{""novig"": {""1.5"": {""over"": 156, ""under"": -213}, ""0.5"": {""over"": -213, ""under"": 144}}, ""bet365"": {""1.5"": {""over"": 155, ""under"": -210}, ""0.5"": {""over"": -235, ""under"": 175}}, ""betmgm"": {""1.5"": {""over"": 145, ""under"": -200}, ""0.5"": {""over"": -210, ""under"": 155}}, ""draftkings"": {""1.5"": {""over"": 159, ""under"": -214}, ""0.5"": {""over"": -216, ""under"": 161}}, ""fanduel"": {""0.5"": {""over"": -250}}}",1.5,over,draftkings,159.0,0.3861003861003861,True,0.001,0.5,over,betmgm,-210.0,0.6774193548387096,True,-0.0137,True
699393,Pedro Ramírez,CHC,LAD,1,7.0,1,680736,Justin Wrobleski,L,824647,8:05 PM ET,Wrigley Field,0,0,0.23927392739273928,2026-08-03,824647,0,0,98.5,100.5,105.7,L,3,2,0,0,0,0,1,0,0,0,0,2,0,0,0,1,1,0.5720000000000001,0.6285000000000001,0,0,0,0,0,0,0.4117647058823529,0.47368421052631576,0.8235294117647058,0.15789473684210525,0.5,0.11764705882352941,0.0,0.10526315789473684,0.11764705882352941,1.2,0.4,0.5714285714285714,0.2857142857142857,0.5357142857142857,0.10714285714285714,0.0,0.3091607142857143,0.3911607142857143,0.375,0.09090909090909091,0.286,0.32599999999999996,0.4,0.525,0.14893617021276595,,,,0.7206477732793523,0.2096069868995633,0.35319148936170214,0.12340425531914893,0.4157303370786517,0.3202247191011236,0.03932584269662921,7.957894736842106,1.1368421052631579,6.963157894736843,0.19444444444444445,0.6009429184722812,0.3596572991698915,0.6009429184722812,1.2,"{""fanduel"": {""0.5"": {""over"": -210}}}",1.5,,,,,False,,0.5,over,fanduel,-210.0,0.6774193548387096,True,-0.0765,True
691718,Pete Crow-Armstrong,CHC,LAD,1,1.0,1,680736,Justin Wrobleski,L,824647,8:05 PM ET,Wrigley Field,0,0,0.23927392739273928,2026-08-03,824647,0,0,98.5,100.5,105.7,L,4,1,0,0,0,0,3,0,0,0,0,1,0,0,1,0,0,0.174,0.239,0,0,0,0,0,0,0.23728813559322035,0.34285714285714286,0.6271186440677966,0.3142857142857143,0.3142857142857143,0.3559322033898305,0.04285714285714286,0.08571428571428572,0.2033898305084746,2.3333333333333335,1.4666666666666666,0.5263157894736842,0.34210526315789475,0.15789473684210525,0.3684210526315789,0.07894736842105263,0.3257555555555556,0.6142777777777777,0.19047619047619047,0.30434782608695654,0.32456666666666667,0.6804666666666666,0.2459016393442623,0.6557377049180327,0.34285714285714286,0.2777777777777778,0.46296296296296297,0.25,0.7206477732793523,0.2096069868995633,0.35319148936170214,0.12340425531914893,0.4157303370786517,0.3202247191011236,0.03932584269662921,7.957894736842106,1.1368421052631579,6.963157894736843,0.19444444444444445,0.665591915233287,0.4480005090326105,0.665591915233287,2.3333333333333335,"{""novig"": {""1.5"": {""over"": 138, ""under"": -160}, ""0.5"": {""over"": -182}}, ""bet365"": {""1.5"": {""over"": 132, ""under"": -175}, ""0.5"": {""over"": -190, ""under"": 140}}, ""betmgm"": {""1.5"": {""over"": 130, ""under"": -175}, ""0.5"": {""over"": -200, ""under"": 150}}, ""draftkings"": {""1.5"": {""over"": 131, ""under"": -175}, ""0.5"": {""over"": -194, ""under"": 145}}, ""fanduel"": {""0.5"": {""over"": -195}}}",1.5,over,novig,138.0,0.42016806722689076,True,0.0278,0.5,over,novig,-182.0,0.6453900709219859,True,0.0202,True
673548,Seiya Suzuki,CHC,LAD,1,2.0,1,680736,Justin Wrobleski,L,824647,8:05 PM ET,Wrigley Field,1,0,0.23927392739273928,2026-08-03,824647,0,0,98.5,100.5,105.7,R,4,4,2,1,0,0,0,0,0,2,3,2,0,2,0,0,2,0.8140000000000001,1.4809999999999999,1,1,1,1,1,1,0.25862068965517243,0.410958904109589,0.6724137931034483,0.2602739726027397,0.3333333333333333,0.22413793103448276,0.0410958904109589,0.0547945205479452,0.1206896551724138,1.8666666666666667,1.2666666666666666,0.3333333333333333,0.2564102564102564,0.358974358974359,0.28205128205128205,0.0,0.34507111111111116,0.6351066666666666,0.3157894736842105,0.20833333333333334,0.23986666666666662,0.2823666666666665,0.27586206896551724,0.5689655172413793,0.2777777777777778,0.24561403508771928,0.43859649122807015,0.234375,0.7206477732793523,0.2096069868995633,0.35319148936170214,0.12340425531914893,0.4157303370786517,0.3202247191011236,0.03932584269662921,7.957894736842106,1.1368421052631579,6.963157894736843,0.19444444444444445,0.6240853440388526,0.4146586937923324,0.6240853440388526,1.8666666666666667,"{""bet365"": {""1.5"": {""over"": 132, ""under"": -175}, ""0.5"": {""over"": -220, ""under"": 160}}, ""betmgm"": {""1.5"": {""over"": 115, ""under"": -155}, ""0.5"": {""over"": -200, ""under"": 145}}, ""draftkings"": {""1.5"": {""over"": 126, ""under"": -168}, ""0.5"": {""over"": -200, ""under"": 149}}, ""fanduel"": {""0.5"": {""over"": -240}}}",1.5,over,bet365,132.0,0.43103448275862066,True,-0.0164,0.5,over,betmgm,-200.0,0.6666666666666666,True,-0.0426,True
681624,Andy Pages,LAD,CHC,0,2.0,1,571510,Matthew Boyd,L,824647,8:05 PM ET,Wrigley Field,1,0,0.22678571428571428,2026-08-03,824647,0,0,98.5,100.5,105.7,R,5,5,2,1,0,0,0,0,0,2,3,3,0,0,0,2,1,0.5950000000000001,0.678,1,1,1,1,1,1,0.2711864406779661,0.3582089552238806,0.7288135593220338,0.23880597014925373,0.35714285714285715,0.1016949152542373,0.014925373134328358,0.014925373134328358,0.05084745762711865,1.4666666666666666,1.0666666666666667,0.4186046511627907,0.3488372093023256,0.3953488372093023,0.20930232558139536,0.0,0.3429833333333333,0.45558333333333334,0.38095238095238093,0.18181818181818182,0.4293666666666667,0.5673166666666667,0.2413793103448276,0.3275862068965517,0.21212121212121213,0.26229508196721313,0.47540983606557374,0.23529411764705882,0.7030567685589519,0.22058823529411764,0.35406698564593303,0.11483253588516747,0.43478260869565216,0.2422360248447205,0.018633540372670808,9.1875,1.125,9.75,0.25120772946859904,0.6598162701117528,0.4283939875772122,0.6598162701117528,1.4666666666666666,"{""novig"": {""1.5"": {""over"": 117, ""under"": -156}}, ""bet365"": {""1.5"": {""over"": 125, ""under"": -165}, ""0.5"": {""over"": -260, ""under"": 190}}, ""betmgm"": {""1.5"": {""over"": 115, ""under"": -155}, ""0.5"": {""over"": -250, ""under"": 180}}, ""draftkings"": {""1.5"": {""over"": 118, ""under"": -157}, ""0.5"": {""over"": -247, ""under"": 182}}, ""fanduel"": {""0.5"": {""over"": -270}}}",1.5,over,bet365,125.0,0.4444444444444444,True,-0.0161,0.5,over,draftkings,-247.0,0.7118155619596542,True,-0.052,True
672613,Eliezer Alfonzo,LAD,CHC,0,9.0,1,571510,Matthew Boyd,L,824647,8:05 PM ET,Wrigley Field,0,0,0.22678571428571428,2026-08-03,824647,0,0,98.5,100.5,105.7,L,2,2,0,0,0,0,0,0,0,0,0,2,0,1,1,1,0,0.0545,0.063,0,0,0,0,0,0,0.23076923076923078,0.23076923076923078,0.8846153846153846,0.11538461538461539,0.2608695652173913,0.11538461538461539,0.0,0.11538461538461539,0.11538461538461539,0.6,0.2,0.17391304347826086,0.21739130434782608,0.391304347826087,0.34782608695652173,0.0,0.2353846153846154,0.30703846153846154,0.3333333333333333,0.1111111111111111,0.3268,0.43620000000000003,0.2608695652173913,0.43478260869565216,0.08695652173913043,0.0,0.0,0.16666666666666666,0.7030567685589519,0.22058823529411764,0.35406698564593303,0.11483253588516747,0.43478260869565216,0.2422360248447205,0.018633540372670808,9.1875,1.125,9.75,0.25120772946859904,0.38079345635912115,0.20473488216091826,0.38079345635912115,0.6,"{""betmgm"": {""0.5"": {""over"": -155, ""under"": 115}}, ""bet365"": {""1.5"": {""over"": 250, ""under"": -350}}}",1.5,over,bet365,250.0,0.2857142857142857,True,-0.081,0.5,over,betmgm,-155.0,0.6078431372549019,True,-0.227,False
571771,Enrique Hernández,LAD,CHC,0,8.0,1,571510,Matthew Boyd,L,824647,8:05 PM ET,Wrigley Field,1,0,0.22678571428571428,2026-08-03,824647,0,0,98.5,100.5,105.7,R,1,1,0,0,0,0,0,0,0,0,0,1,0,1,0,1,0,0.263,0.282,0,0,0,0,0,0,0.3541666666666667,0.3673469387755102,0.7916666666666666,0.20408163265306123,0.4166666666666667,0.2708333333333333,0.04081632653061224,0.14285714285714285,0.1875,2.0,0.6666666666666666,0.39473684210526316,0.3157894736842105,0.4473684210526316,0.13157894736842105,0.0,0.35398111111111114,0.5839522222222223,0.4166666666666667,0.16666666666666666,0.34480000000000005,0.6878000000000004,0.29411764705882354,0.45098039215686275,0.25925925925925924,0.23684210526315788,0.5789473684210527,0.11627906976744186,0.7030567685589519,0.22058823529411764,0.35406698564593303,0.11483253588516747,0.43478260869565216,0.2422360248447205,0.018633540372670808,9.1875,1.125,9.75,0.25120772946859904,0.581118809354528,0.3525707193647922,0.581118809354528,2.0,"{""bet365"": {""1.5"": {""over"": 190, ""under"": -260}, ""0.5"": {""over"": -140, ""under"": 105}}, ""draftkings"": {""0.5"": {""over"": -133, ""under"": 100}}, ""fanduel"": {""0.5"": {""over"": -160}}}",1.5,over,bet365,190.0,0.3448275862068966,True,0.0077,0.5,over,draftkings,-133.0,0.5708154506437768,True,0.0103,True
518692,Freddie Freeman,LAD,CHC,0,4.0,1,571510,Matthew Boyd,L,824647,8:05 PM ET,Wrigley Field,0,0,0.22678571428571428,2026-08-03,824647,0,0,98.5,100.5,105.7,L,3,3,1,0,0,0,0,0,0,0,1,3,0,0,0,3,0,0.077,0.08166666666666667,1,0,1,0,0,0,0.4067796610169492,0.42857142857142855,0.8135593220338984,0.1746031746031746,0.4897959183673469,0.06779661016949153,0.0,0.06349206349206349,0.06779661016949153,1.8666666666666667,0.7333333333333333,0.3877551020408163,0.40816326530612246,0.40816326530612246,0.14285714285714285,0.0,0.42788333333333334,0.5413555555555557,0.47619047619047616,0.09523809523809523,0.43365,0.5367,0.3620689655172414,0.4827586206896552,0.1746031746031746,0.3508771929824561,0.43859649122807015,0.16129032258064516,0.7030567685589519,0.22058823529411764,0.35406698564593303,0.11483253588516747,0.43478260869565216,0.2422360248447205,0.018633540372670808,9.1875,1.125,9.75,0.25120772946859904,0.669259266170679,0.4049788449443963,0.669259266170679,1.8666666666666667,"{""novig"": {""1.5"": {""over"": 144, ""under"": -170}, ""0.5"": {""over"": -217, ""under"": 174}}, ""bet365"": {""1.5"": {""over"": 132, ""under"": -175}, ""0.5"": {""over"": -210, ""under"": 155}}, ""betmgm"": {""1.5"": {""over"": 130, ""under"": -175}, ""0.5"": {""over"": -225, ""under"": 165}}, ""draftkings"": {""1.5"": {""over"": 130, ""under"": -174}, ""0.5"": {""over"": -244, ""under"": 180}}, ""fanduel"": {""0.5"": {""over"": -210}}}",1.5,over,novig,144.0,0.4098360655737705,True,-0.0049,0.5,over,fanduel,-210.0,0.6774193548387096,True,-0.0082,True
663656,Kyle Tucker,LAD,CHC,0,6.0,1,571510,Matthew Boyd,L,824647,8:05 PM ET,Wrigley Field,0,0,0.22678571428571428,2026-08-03,824647,0,0,98.5,100.5,105.7,L,3,2,1,0,0,0,1,0,0,1,1,1,0,1,0,0,1,0.711,0.922,1,0,1,0,1,0,0.14,0.22807017543859648,0.86,0.12280701754385964,0.11904761904761904,0.12,0.03508771929824561,0.0,0.04,0.8666666666666667,0.4666666666666667,0.36363636363636365,0.18181818181818182,0.36363636363636365,0.38636363636363635,0.022727272727272728,0.2942222222222223,0.5494944444444445,0.14285714285714285,0.17647058823529413,0.24263333333333334,0.27621666666666667,0.11320754716981132,0.16981132075471697,0.13559322033898305,0.27450980392156865,0.45098039215686275,0.12903225806451613,0.7030567685589519,0.22058823529411764,0.35406698564593303,0.11483253588516747,0.43478260869565216,0.2422360248447205,0.018633540372670808,9.1875,1.125,9.75,0.25120772946859904,0.521574977754729,0.3584957228268925,0.521574977754729,0.8666666666666667,"{""betmgm"": {""0.5"": {""over"": -175, ""under"": 130}}, ""bet365"": {""1.5"": {""over"": 185, ""under"": -250}}}",1.5,over,bet365,185.0,0.3508771929824561,True,0.0076,0.5,over,betmgm,-175.0,0.6363636363636364,True,-0.1148,False
605141,Mookie Betts,LAD,CHC,0,5.0,1,571510,Matthew Boyd,L,824647,8:05 PM ET,Wrigley Field,1,0,0.22678571428571428,2026-08-03,824647,0,0,98.5,100.5,105.7,R,4,4,0,0,0,0,0,0,0,0,0,4,0,1,1,2,1,0.321,0.49150000000000005,0,0,0,0,0,0,0.2,0.2542372881355932,0.8181818181818182,0.1694915254237288,0.20930232558139536,0.12727272727272726,0.03389830508474576,0.01694915254237288,0.05454545454545454,1.2,0.6666666666666666,0.37777777777777777,0.2222222222222222,0.35555555555555557,0.3333333333333333,0.022222222222222223,0.24862333333333334,0.3715277777777778,0.2777777777777778,0.16666666666666666,0.28229333333333334,0.3758533333333335,0.14814814814814814,0.18518518518518517,0.16666666666666666,0.34545454545454546,0.6,0.03389830508474576,0.7030567685589519,0.22058823529411764,0.35406698564593303,0.11483253588516747,0.43478260869565216,0.2422360248447205,0.018633540372670808,9.1875,1.125,9.75,0.25120772946859904,0.6645739562260627,0.4060312373266353,0.6645739562260627,1.2,"{""novig"": {""1.5"": {""over"": 138, ""under"": -163}, ""0.5"": {""over"": -199, ""under"": 163}}, ""bet365"": {""1.5"": {""over"": 135, ""under"": -180}, ""0.5"": {""over"": -210, ""under"": 155}}, ""betmgm"": {""1.5"": {""over"": 120, ""under"": -160}, ""0.5"": {""over"": -225, ""under"": 165}}, ""draftkings"": {""1.5"": {""over"": 139, ""under"": -186}, ""0.5"": {""over"": -209, ""under"": 155}}, ""fanduel"": {""1.5"": {""over"": 120}, ""0.5"": {""over"": -220}}}",1.5,over,draftkings,139.0,0.41841004184100417,True,-0.0124,0.5,over,novig,-199.0,0.6655518394648829,True,-0.001,True
660271,Shohei Ohtani,LAD,CHC,0,1.0,1,571510,Matthew Boyd,L,824647,8:05 PM ET,Wrigley Field,0,0,0.22678571428571428,2026-08-03,824647,0,0,98.5,100.5,105.7,L,5,3,1,0,0,0,2,0,0,2,1,1,0,1,0,0,1,0.671,0.777,1,0,1,0,1,1,0.3,0.3484848484848485,0.7666666666666667,0.208955223880597,0.3409090909090909,0.26666666666666666,0.04477611940298507,0.1044776119402985,0.16666666666666666,2.2666666666666666,0.9333333333333333,0.6170212765957447,0.23404255319148937,0.425531914893617,0.2978723404255319,0.02127659574468085,0.4452055555555556,0.8171888888888889,0.47368421052631576,0.22727272727272727,0.5945333333333332,1.1015000000000004,0.21311475409836064,0.4262295081967213,0.22388059701492538,0.3442622950819672,0.6885245901639344,0.25,0.7030567685589519,0.22058823529411764,0.35406698564593303,0.11483253588516747,0.43478260869565216,0.2422360248447205,0.018633540372670808,9.1875,1.125,9.75,0.25120772946859904,0.649591984333052,0.42139635577192985,0.649591984333052,2.2666666666666666,"{""novig"": {""1.5"": {""over"": 120, ""under"": -125}}, ""bet365"": {""1.5"": {""over"": 110, ""under"": -150}, ""0.5"": {""over"": -250, ""under"": 185}}, ""betmgm"": {""1.5"": {""over"": 100, ""under"": -135}, ""0.5"": {""over"": -250, ""under"": 185}}, ""draftkings"": {""1.5"": {""over"": 110, ""under"": -146}, ""0.5"": {""over"": -237, ""under"": 175}}, ""fanduel"": {""1.5"": {""over"": -110}, ""0.5"": {""over"": -240}}}",1.5,over,novig,120.0,0.45454545454545453,True,-0.0331,0.5,over,draftkings,-237.0,0.7032640949554896,True,-0.0537,True
606192,Teoscar Hernández,LAD,CHC,0,7.0,1,571510,Matthew Boyd,L,824647,8:05 PM ET,Wrigley Field,1,0,0.22678571428571428,2026-08-03,824647,0,0,98.5,100.5,105.7,R,4,4,1,0,0,0,0,0,0,0,1,4,0,1,1,3,0,0.21225000000000002,0.312,1,0,1,0,0,0,0.2777777777777778,0.3275862068965517,0.7222222222222222,0.25862068965517243,0.35135135135135137,0.18518518518518517,0.034482758620689655,0.06896551724137931,0.1111111111111111,1.6666666666666667,1.0,0.3076923076923077,0.1282051282051282,0.46153846153846156,0.3076923076923077,0.07692307692307693,0.32641428571428577,0.4910761904761905,0.3157894736842105,0.15,0.27893333333333337,0.5414000000000004,0.2,0.32,0.3090909090909091,0.25925925925925924,0.4074074074074074,0.234375,0.7030567685589519,0.22058823529411764,0.35406698564593303,0.11483253588516747,0.43478260869565216,0.2422360248447205,0.018633540372670808,9.1875,1.125,9.75,0.25120772946859904,0.5846636752820836,0.37291760061754403,0.5846636752820836,1.6666666666666667,"{""novig"": {""1.5"": {""over"": 138, ""under"": -186}, ""0.5"": {""over"": -186}}, ""bet365"": {""1.5"": {""over"": 140, ""under"": -190}, ""0.5"": {""over"": -210, ""under"": 155}}, ""betmgm"": {""1.5"": {""over"": 130, ""under"": -175}, ""0.5"": {""over"": -200, ""under"": 150}}, ""draftkings"": {""1.5"": {""over"": 136, ""under"": -181}, ""0.5"": {""over"": -190, ""under"": 142}}, ""fanduel"": {""0.5"": {""over"": -190}}}",1.5,over,bet365,140.0,0.4166666666666667,True,-0.0437,0.5,over,novig,-186.0,0.6503496503496503,True,-0.0657,True
669242,Tommy Edman,LAD,CHC,0,3.0,1,571510,Matthew Boyd,L,824647,8:05 PM ET,Wrigley Field,0,0,0.22678571428571428,2026-08-03,824647,0,0,98.5,100.5,105.7,L,1,1,0,0,0,0,0,0,0,0,0,1,0,0,1,0,0,0.001,0.001,0,0,0,0,0,0,0.2619047619047619,0.3541666666666667,0.7857142857142857,0.1875,0.3125,0.14285714285714285,0.020833333333333332,0.020833333333333332,0.07142857142857142,1.1333333333333333,0.6,0.3939393939393939,0.18181818181818182,0.45454545454545453,0.2727272727272727,0.0,0.3065166666666667,0.42485000000000006,0.14285714285714285,0.25,0.25955000000000006,0.3137500000000001,0.32653061224489793,0.4897959183673469,0.18518518518518517,0.2553191489361702,0.3191489361702128,0.16666666666666666,0.7030567685589519,0.22058823529411764,0.35406698564593303,0.11483253588516747,0.43478260869565216,0.2422360248447205,0.018633540372670808,9.1875,1.125,9.75,0.25120772946859904,0.5666119830793499,0.3533216227861222,0.5666119830793499,1.1333333333333333,"{""novig"": {""1.5"": {""over"": 120, ""under"": -156}}, ""bet365"": {""1.5"": {""over"": 115, ""under"": -155}}, ""betmgm"": {""1.5"": {""over"": 110, ""under"": -150}, ""0.5"": {""over"": -250, ""under"": 180}}, ""draftkings"": {""1.5"": {""over"": 113, ""under"": -150}, ""0.5"": {""over"": -258, ""under"": 190}}, ""fanduel"": {""0.5"": {""over"": -250}}}",1.5,over,novig,120.0,0.45454545454545453,True,-0.1012,0.5,over,betmgm,-250.0,0.7142857142857143,True,-0.1477,True
642851,Austin Wynns,TEX,SF,1,8.0,1,657277,Logan Webb,R,822867,8:05 PM ET,Globe Life Field,1,1,0.24640287769784172,2026-08-03,822867,1,0,94.8,94.6,93.8,R,1,1,0,0,0,0,0,0,0,0,0,1,0,0,0,1,0,0.09,0.09,0,0,0,0,0,0,0.08,0.1320754716981132,0.64,0.33962264150943394,0.0967741935483871,0.06,0.018867924528301886,0.0,0.02,0.4666666666666667,1.2,0.3125,0.25,0.375,0.3125,0.0,0.24589285714285716,0.32475,0.15384615384615385,0.42857142857142855,0.13500000000000004,0.210125,0.10638297872340426,0.1702127659574468,0.28,0.13636363636363635,0.18181818181818182,0.2765957446808511,0.74609375,0.1774891774891775,0.2966101694915254,0.1016949152542373,0.4816753926701571,0.24607329842931938,0.020942408376963352,7.673684210526317,0.7105263157894738,7.247368421052633,0.204,0.5489073107334699,0.2844569466513633,0.5489073107334699,0.4666666666666667,"{""novig"": {""1.5"": {""over"": 186}}, ""betmgm"": {""0.5"": {""over"": -125, ""under"": -105}}, ""bet365"": {""1.5"": {""over"": 280, ""under"": -400}}}",1.5,over,bet365,280.0,0.2631578947368421,True,0.0213,0.5,over,betmgm,-125.0,0.5555555555555556,True,-0.0066,False
607043,Brandon Nimmo,TEX,SF,1,4.0,1,657277,Logan Webb,R,822867,8:05 PM ET,Globe Life Field,0,1,0.24640287769784172,2026-08-03,822867,1,0,94.8,94.6,93.8,L,4,3,2,0,0,1,1,0,0,1,5,2,1,2,1,0,1,0.7070000000000001,1.7245000000000001,1,1,1,1,1,0,0.2909090909090909,0.36065573770491804,0.7272727272727273,0.2459016393442623,0.38461538461538464,0.14545454545454545,0.01639344262295082,0.08196721311475409,0.10909090909090909,1.6,1.0,0.45,0.375,0.4,0.175,0.0,0.36897777777777774,0.4630666666666667,0.17647058823529413,0.2,0.3761,0.46676666666666683,0.29310344827586204,0.46551724137931033,0.2903225806451613,0.2641509433962264,0.4339622641509434,0.17543859649122806,0.74609375,0.1774891774891775,0.2966101694915254,0.1016949152542373,0.4816753926701571,0.24607329842931938,0.020942408376963352,7.673684210526317,0.7105263157894738,7.247368421052633,0.204,0.6285885129109569,0.36509914438926266,0.6285885129109569,1.6,"{""novig"": {""1.5"": {""over"": 135, ""under"": -170}, ""0.5"": {""over"": -210, ""under"": 174}}, ""bet365"": {""1.5"": {""over"": 105, ""under"": -140}}, ""betmgm"": {""1.5"": {""over"": 138, ""under"": -190}, ""0.5"": {""over"": -220, ""under"": 165}}, ""draftkings"": {""1.5"": {""over"": 130, ""under"": -173}, ""0.5"": {""over"": -226, ""under"": 167}}, ""fanduel"": {""0.5"": {""over"": -230}}}",1.5,over,betmgm,138.0,0.42016806722689076,True,-0.0551,0.5,over,novig,-210.0,0.6774193548387096,True,-0.0488,True
608369,Corey Seager,TEX,SF,1,3.0,1,657277,Logan Webb,R,822867,8:05 PM ET,Globe Life Field,0,1,0.24640287769784172,2026-08-03,822867,1,0,94.8,94.6,93.8,L,4,4,0,0,0,0,0,0,0,2,0,2,0,1,1,1,0,0.1075,0.1795,0,0,0,0,1,1,0.16363636363636364,0.28125,0.6727272727272727,0.28125,0.17647058823529413,0.18181818181818182,0.046875,0.015625,0.07272727272727272,1.2666666666666666,1.2,0.3783783783783784,0.13513513513513514,0.4594594594594595,0.3783783783783784,0.05405405405405406,0.29392777777777773,0.6274277777777778,0.25,0.3181818181818182,0.3336,0.7064000000000004,0.14545454545454545,0.2727272727272727,0.296875,0.23636363636363636,0.34545454545454546,0.1875,0.74609375,0.1774891774891775,0.2966101694915254,0.1016949152542373,0.4816753926701571,0.24607329842931938,0.020942408376963352,7.673684210526317,0.7105263157894738,7.247368421052633,0.204,0.6057239434640734,0.359739902429603,0.6057239434640734,1.2666666666666666,"{""novig"": {""1.5"": {""over"": 122, ""under"": -182}, ""0.5"": {""over"": -199, ""under"": 150}}, ""bet365"": {""1.5"": {""over"": 115, ""under"": -155}, ""0.5"": {""over"": -230, ""under"": 170}}, ""betmgm"": {""1.5"": {""over"": 130, ""under"": -175}, ""0.5"": {""over"": -210, ""under"": 155}}, ""draftkings"": {""1.5"": {""over"": 122, ""under"": -163}, ""0.5"": {""over"": -218, ""under"": 162}}, ""fanduel"": {""1.5"": {""over"": 125}, ""0.5"": {""over"": -195}}}",1.5,over,betmgm,130.0,0.43478260869565216,True,-0.075,0.5,over,fanduel,-195.0,0.6610169491525424,True,-0.0553,True
694497,Evan Carter,TEX,SF,1,5.0,1,657277,Logan Webb,R,822867,8:05 PM ET,Globe Life Field,0,1,0.24640287769784172,2026-08-03,822867,1,0,94.8,94.6,93.8,L,4,3,1,0,0,0,0,0,0,0,1,4,1,1,1,2,0,0.305,0.9856666666666668,1,0,1,0,0,0,0.3157894736842105,0.43478260869565216,0.7894736842105263,0.17391304347826086,0.3793103448275862,0.15789473684210525,0.021739130434782608,0.06521739130434782,0.10526315789473684,1.2,0.5333333333333333,0.4,0.23333333333333334,0.5,0.2,0.0,0.3097142857142857,0.4298869047619048,0.36363636363636365,0.21428571428571427,0.25693750000000004,0.32224999999999976,0.34146341463414637,0.4878048780487805,0.1836734693877551,0.125,0.125,0.37777777777777777,0.74609375,0.1774891774891775,0.2966101694915254,0.1016949152542373,0.4816753926701571,0.24607329842931938,0.020942408376963352,7.673684210526317,0.7105263157894738,7.247368421052633,0.204,0.597312294408675,0.3177201648325978,0.597312294408675,1.2,"{""novig"": {""1.5"": {""over"": 156}}, ""betmgm"": {""0.5"": {""over"": -175, ""under"": 130}}, ""bet365"": {""1.5"": {""over"": 170, ""under"": -230}}}",1.5,over,bet365,170.0,0.37037037037037035,True,-0.0527,0.5,over,betmgm,-175.0,0.6363636363636364,True,-0.0391,False
677649,Ezequiel Duran,TEX,SF,1,7.0,1,657277,Logan Webb,R,822867,8:05 PM ET,Globe Life Field,1,1,0.24640287769784172,2026-08-03,822867,1,0,94.8,94.6,93.8,R,4,4,1,0,0,0,0,0,0,2,1,2,0,1,1,1,0,0.3355,0.386,1,0,1,0,1,1,0.24074074074074073,0.29508196721311475,0.7222222222222222,0.2459016393442623,0.28205128205128205,0.2222222222222222,0.03278688524590164,0.06557377049180328,0.12962962962962962,1.6666666666666667,1.0,0.24390243902439024,0.2926829268292683,0.43902439024390244,0.24390243902439024,0.07317073170731707,0.2933777777777778,0.4825333333333333,0.11764705882352941,0.19047619047619047,0.12736666666666657,0.1528833333333334,0.2692307692307692,0.5961538461538461,0.21666666666666667,0.3220338983050847,0.4067796610169492,0.24193548387096775,0.74609375,0.1774891774891775,0.2966101694915254,0.1016949152542373,0.4816753926701571,0.24607329842931938,0.020942408376963352,7.673684210526317,0.7105263157894738,7.247368421052633,0.204,0.520014881481741,0.313415609427689,0.520014881481741,1.6666666666666667,"{""novig"": {""1.5"": {""over"": 156}}, ""betmgm"": {""0.5"": {""over"": -200, ""under"": 150}}, ""bet365"": {""1.5"": {""over"": 185, ""under"": -250}}}",1.5,over,bet365,185.0,0.3508771929824561,True,-0.0375,0.5,over,betmgm,-200.0,0.6666666666666666,True,-0.1467,False
669394,Jake Burger,TEX,SF,1,6.0,1,657277,Logan Webb,R,822867,8:05 PM ET,Globe Life Field,1,1,0.24640287769784172,2026-08-03,822867,1,0,94.8,94.6,93.8,R,4,4,2,0,0,0,0,0,0,2,2,2,0,1,0,1,1,0.49350000000000005,0.6735,1,1,1,1,1,1,0.19298245614035087,0.23333333333333334,0.6491228070175439,0.3333333333333333,0.23529411764705882,0.19298245614035087,0.05,0.03333333333333333,0.08771929824561403,1.4666666666666666,1.3333333333333333,0.4864864864864865,0.10810810810810811,0.43243243243243246,0.32432432432432434,0.05405405405405406,0.2867397435897436,0.6386282051282051,0.16666666666666666,0.2777777777777778,0.2633833333333333,0.7330833333333335,0.20689655172413793,0.43103448275862066,0.31666666666666665,0.16363636363636364,0.32727272727272727,0.3770491803278688,0.74609375,0.1774891774891775,0.2966101694915254,0.1016949152542373,0.4816753926701571,0.24607329842931938,0.020942408376963352,7.673684210526317,0.7105263157894738,7.247368421052633,0.204,0.5843428808516141,0.33303705719532184,0.5843428808516141,1.4666666666666666,"{""novig"": {""1.5"": {""over"": 138}}, ""betmgm"": {""0.5"": {""over"": -185, ""under"": 135}}, ""bet365"": {""1.5"": {""over"": 182, ""under"": -245}}, ""fanduel"": {""1.5"": {""over"": 165}}}",1.5,over,bet365,182.0,0.3546099290780142,True,-0.0216,0.5,over,betmgm,-185.0,0.6491228070175439,True,-0.0648,False
592626,Joc Pederson,TEX,SF,1,1.0,1,657277,Logan Webb,R,822867,8:05 PM ET,Globe Life Field,0,1,0.24640287769784172,2026-08-03,822867,1,0,94.8,94.6,93.8,L,3,3,0,0,0,0,0,0,0,2,0,1,0,0,0,1,0,0.426,0.426,0,0,0,0,1,1,0.3617021276595745,0.4117647058823529,0.7872340425531915,0.19607843137254902,0.3548387096774194,0.46808510638297873,0.11764705882352941,0.0784313725490196,0.2127659574468085,2.6,0.6666666666666666,0.4594594594594595,0.21621621621621623,0.35135135135135137,0.35135135135135137,0.0,0.3848511904761905,0.922527380952381,0.2727272727272727,0.3076923076923077,0.28854166666666664,0.7709166666666667,0.3617021276595745,0.8297872340425532,0.19607843137254902,0.22580645161290322,0.45161290322580644,0.225,0.74609375,0.1774891774891775,0.2966101694915254,0.1016949152542373,0.4816753926701571,0.24607329842931938,0.020942408376963352,7.673684210526317,0.7105263157894738,7.247368421052633,0.204,0.6487807883529396,0.3257923264137242,0.6487807883529396,2.6,"{""novig"": {""1.5"": {""over"": 117, ""under"": -167}, ""0.5"": {""over"": -190}}, ""bet365"": {""1.5"": {""over"": 135, ""under"": -180}, ""0.5"": {""over"": -200, ""under"": 150}}, ""betmgm"": {""1.5"": {""over"": 115, ""under"": -155}, ""0.5"": {""over"": -235, ""under"": 170}}, ""draftkings"": {""1.5"": {""over"": 132, ""under"": -176}, ""0.5"": {""over"": -211, ""under"": 157}}, ""fanduel"": {""0.5"": {""over"": -220}}}",1.5,over,bet365,135.0,0.425531914893617,True,-0.0997,0.5,over,novig,-190.0,0.6551724137931034,True,-0.0064,True
670032,Nicky Lopez,TEX,SF,1,9.0,1,657277,Logan Webb,R,822867,8:05 PM ET,Globe Life Field,0,1,0.24640287769784172,2026-08-03,822867,1,0,94.8,94.6,93.8,L,1,1,0,0,0,0,0,0,0,1,0,0,0,0,0,0,0,0.127,0.142,0,0,0,0,1,0,0.21739130434782608,0.28846153846153844,0.8043478260869565,0.16363636363636364,0.2631578947368421,0.0,0.0,0.0,0.0,0.6666666666666666,0.6,0.2926829268292683,0.21951219512195122,0.5853658536585366,0.14634146341463414,0.0,0.2923666666666666,0.34361111111111114,0.0,0.15789473684210525,0.19181666666666666,0.2327,0.20930232558139536,0.23255813953488372,0.17307692307692307,0.375,0.3958333333333333,0.1346153846153846,0.74609375,0.1774891774891775,0.2966101694915254,0.1016949152542373,0.4816753926701571,0.24607329842931938,0.020942408376963352,7.673684210526317,0.7105263157894738,7.247368421052633,0.204,0.48210381259340546,0.226825787314631,0.48210381259340546,0.6666666666666666,"{""novig"": {""1.5"": {""over"": 239}}, ""betmgm"": {""0.5"": {""over"": -155, ""under"": 115}}, ""bet365"": {""1.5"": {""over"": 275, ""under"": -390}}}",1.5,over,bet365,275.0,0.26666666666666666,True,-0.0398,0.5,over,betmgm,-155.0,0.6078431372549019,True,-0.1257,False
694671,Wyatt Langford,TEX,SF,1,2.0,1,657277,Logan Webb,R,822867,8:05 PM ET,Globe Life Field,1,1,0.24640287769784172,2026-08-03,822867,1,0,94.8,94.6,93.8,R,4,3,0,0,0,0,1,0,0,2,0,1,0,0,0,1,0,0.053,0.059,0,0,0,0,1,1,0.27419354838709675,0.296875,0.7258064516129032,0.265625,0.3170731707317073,0.27419354838709675,0.0625,0.078125,0.14516129032258066,2.2666666666666666,1.1333333333333333,0.4222222222222222,0.3111111111111111,0.17777777777777778,0.3333333333333333,0.022222222222222223,0.3365544444444445,0.5571,0.18181818181818182,0.391304347826087,0.26960000000000006,0.41816666666666674,0.28125,0.578125,0.24242424242424243,0.20967741935483872,0.3870967741935484,0.24242424242424243,0.74609375,0.1774891774891775,0.2966101694915254,0.1016949152542373,0.4816753926701571,0.24607329842931938,0.020942408376963352,7.673684210526317,0.7105263157894738,7.247368421052633,0.204,0.6560000593640655,0.38128428509523604,0.6560000593640655,2.2666666666666666,"{""novig"": {""1.5"": {""over"": 144, ""under"": -150}, ""0.5"": {""over"": -217}}, ""bet365"": {""1.5"": {""over"": 135, ""under"": -180}, ""0.5"": {""over"": -235, ""under"": 175}}, ""betmgm"": {""1.5"": {""over"": 105, ""under"": -145}, ""0.5"": {""over"": -250, ""under"": 180}}, ""draftkings"": {""1.5"": {""over"": 132, ""under"": -176}, ""0.5"": {""over"": -213, ""under"": 159}}, ""fanduel"": {""0.5"": {""over"": -220}}}",1.5,over,novig,144.0,0.4098360655737705,True,-0.0286,0.5,over,draftkings,-213.0,0.6805111821086262,True,-0.0245,True
683766,Christian Koss,SF,TEX,0,9.0,1,615698,Cal Quantrill,R,822867,8:05 PM ET,Globe Life Field,1,1,0.22183098591549297,2026-08-03,822867,1,0,94.8,94.6,93.8,R,1,1,0,0,0,0,0,0,0,1,0,0,0,0,0,0,0,0.0945,0.09899999999999999,0,0,0,0,1,0,0.16216216216216217,0.225,0.8108108108108109,0.175,0.2,0.0,0.0,0.0,0.0,0.4,0.4666666666666667,0.2,0.1,0.4666666666666667,0.26666666666666666,0.0,0.18447435897435896,0.2252051282051282,0.2222222222222222,0.2222222222222222,0.20343333333333335,0.2819333333333333,0.2,0.22857142857142856,0.15789473684210525,0.13333333333333333,0.13333333333333333,0.35294117647058826,0.7857142857142857,0.23333333333333334,0.4645669291338583,0.1889763779527559,0.4,0.32727272727272727,0.05454545454545454,8.142857142857142,1.7142857142857142,6.0,0.15555555555555556,0.4647218388718662,0.16609825311155998,0.4647218388718662,0.4,"{""novig"": {""1.5"": {""over"": 182}}, ""betmgm"": {""0.5"": {""over"": -160, ""under"": 120}}, ""bet365"": {""1.5"": {""over"": 240, ""under"": -340}}}",1.5,over,bet365,240.0,0.29411764705882354,True,-0.128,0.5,over,betmgm,-160.0,0.6153846153846154,True,-0.1507,False
691740,Daniel Susac,SF,TEX,0,5.0,1,615698,Cal Quantrill,R,822867,8:05 PM ET,Globe Life Field,1,1,0.22183098591549297,2026-08-03,822867,1,0,94.8,94.6,93.8,R,1,1,0,0,0,0,0,0,0,1,0,0,0,0,0,0,0,0.27299999999999996,0.40675,0,0,0,0,1,0,0.20454545454545456,0.22448979591836735,0.7727272727272727,0.2,0.17647058823529413,0.25,0.06,0.04,0.11363636363636363,1.3333333333333333,0.6666666666666666,0.39473684210526316,0.2894736842105263,0.34210526315789475,0.34210526315789475,0.0,0.30965000000000004,0.5054444444444444,0.3333333333333333,0.0,0.31378333333333336,0.7215666666666667,0.20408163265306123,0.42857142857142855,0.17543859649122806,0.43478260869565216,0.43478260869565216,0.24,0.7857142857142857,0.23333333333333334,0.4645669291338583,0.1889763779527559,0.4,0.32727272727272727,0.05454545454545454,8.142857142857142,1.7142857142857142,6.0,0.15555555555555556,0.5887902418582659,0.3230070549722229,0.5887902418582659,1.3333333333333333,"{""novig"": {""1.5"": {""over"": 138}}, ""betmgm"": {""0.5"": {""over"": -190, ""under"": 140}}, ""bet365"": {""1.5"": {""over"": 165, ""under"": -225}}}",1.5,over,bet365,165.0,0.37735849056603776,True,-0.0544,0.5,over,betmgm,-190.0,0.6551724137931034,True,-0.0664,False
687551,Drew Gilbert,SF,TEX,0,6.0,1,615698,Cal Quantrill,R,822867,8:05 PM ET,Globe Life Field,0,1,0.22183098591549297,2026-08-03,822867,1,0,94.8,94.6,93.8,L,3,2,0,0,0,0,1,0,0,1,0,1,0,0,0,0,1,0.517,0.549,0,0,0,0,1,0,0.26666666666666666,0.34,0.8666666666666667,0.12,0.3076923076923077,0.022222222222222223,0.0,0.02,0.022222222222222223,0.8666666666666667,0.4,0.46153846153846156,0.28205128205128205,0.46153846153846156,0.20512820512820512,0.05128205128205128,0.4088,0.6300888888888889,0.36363636363636365,0.16666666666666666,0.4894000000000001,0.9962666666666667,0.20454545454545456,0.22727272727272727,0.12,0.045454545454545456,0.045454545454545456,0.391304347826087,0.7857142857142857,0.23333333333333334,0.4645669291338583,0.1889763779527559,0.4,0.32727272727272727,0.05454545454545454,8.142857142857142,1.7142857142857142,6.0,0.15555555555555556,0.6069812185899087,0.30849734977790466,0.6069812185899087,0.8666666666666667,"{""novig"": {""1.5"": {""over"": 182}}, ""betmgm"": {""0.5"": {""over"": -135, ""under"": 100}}, ""bet365"": {""1.5"": {""over"": 210, ""under"": -300}}}",1.5,over,bet365,210.0,0.3225806451612903,True,-0.0141,0.5,over,betmgm,-135.0,0.574468085106383,True,0.0325,False
687529,Grant McCray,SF,TEX,0,8.0,1,615698,Cal Quantrill,R,822867,8:05 PM ET,Globe Life Field,0,1,0.22183098591549297,2026-08-03,822867,1,0,94.8,94.6,93.8,L,1,1,0,0,0,0,0,0,0,1,0,0,0,0,0,0,0,0.4375,0.502,0,0,0,0,1,0,0.10714285714285714,0.23529411764705882,0.6785714285714286,0.25,0.10526315789473684,0.10714285714285714,0.027777777777777776,0.0,0.03571428571428571,0.4,0.6,0.13636363636363635,0.18181818181818182,0.5909090909090909,0.13636363636363635,0.045454545454545456,0.2876666666666667,0.36965151515151506,0.2,0.1875,0.3203666666666667,0.4708333333333332,0.1,0.2,0.3157894736842105,0.19047619047619047,0.38095238095238093,0.5,0.7857142857142857,0.23333333333333334,0.4645669291338583,0.1889763779527559,0.4,0.32727272727272727,0.05454545454545454,8.142857142857142,1.7142857142857142,6.0,0.15555555555555556,0.4124418963486227,0.25660113184811,0.4124418963486227,0.4,"{""novig"": {""1.5"": {""over"": 174}, ""0.5"": {""over"": -120, ""under"": 144}}, ""bet365"": {""1.5"": {""over"": 215, ""under"": -310}, ""0.5"": {""over"": -120, ""under"": -110}}, ""draftkings"": {""0.5"": {""over"": -123, ""under"": -108}}, ""fanduel"": {""0.5"": {""over"": -135}}}",1.5,over,bet365,215.0,0.31746031746031744,True,-0.0609,0.5,over,novig,-120.0,0.5454545454545454,True,-0.133,True
808982,Jung Hoo Lee,SF,TEX,0,2.0,1,615698,Cal Quantrill,R,822867,8:05 PM ET,Globe Life Field,0,1,0.22183098591549297,2026-08-03,822867,1,0,94.8,94.6,93.8,L,4,3,2,1,0,0,0,1,0,0,3,3,0,0,0,2,0,0.09133333333333334,0.106,1,1,1,1,0,0,0.2413793103448276,0.30158730158730157,0.8275862068965517,0.15873015873015872,0.2765957446808511,0.13793103448275862,0.015873015873015872,0.047619047619047616,0.08620689655172414,1.4666666666666666,0.6666666666666666,0.2916666666666667,0.1875,0.5625,0.16666666666666666,0.0,0.34304444444444443,0.42411111111111116,0.23809523809523808,0.17391304347826086,0.2869,0.3320666666666666,0.25862068965517243,0.39655172413793105,0.14754098360655737,0.16363636363636364,0.23636363636363636,0.13559322033898305,0.7857142857142857,0.23333333333333334,0.4645669291338583,0.1889763779527559,0.4,0.32727272727272727,0.05454545454545454,8.142857142857142,1.7142857142857142,6.0,0.15555555555555556,0.6740089886259346,0.38746449273274236,0.6740089886259346,1.4666666666666666,"{""novig"": {""1.5"": {""over"": 115, ""under"": -160}}, ""bet365"": {""1.5"": {""over"": 120, ""under"": -160}}, ""betmgm"": {""1.5"": {""over"": 115, ""under"": -155}, ""0.5"": {""over"": -235, ""under"": 175}}, ""draftkings"": {""1.5"": {""over"": 102, ""under"": -136}}, ""fanduel"": {""1.5"": {""over"": 105}, ""0.5"": {""over"": -290}}}",1.5,over,bet365,120.0,0.45454545454545453,True,-0.0671,0.5,over,betmgm,-235.0,0.7014925373134329,True,-0.0275,True
801501,Nate Furman,SF,TEX,0,1.0,1,615698,Cal Quantrill,R,822867,8:05 PM ET,Globe Life Field,0,1,0.22183098591549297,2026-08-03,822867,1,0,94.8,94.6,93.8,L,1,1,0,0,0,0,0,0,0,0,0,1,0,0,0,1,0,,,0,0,0,0,0,0,,,,,,,,,,,,,,,,,,,,,,,,,,,,,0.7857142857142857,0.23333333333333334,0.4645669291338583,0.1889763779527559,0.4,0.32727272727272727,0.05454545454545454,8.142857142857142,1.7142857142857142,6.0,0.15555555555555556,0.2189836723631672,0.0758362410032175,0.2189836723631672,,"{""novig"": {""0.5"": {""over"": -203}}, ""draftkings"": {""0.5"": {""over"": -197, ""under"": 147}}}",1.5,,,,,False,,0.5,over,draftkings,-197.0,0.6632996632996633,True,-0.4443,True
678545,Osleivis Basabe,SF,TEX,0,7.0,1,615698,Cal Quantrill,R,822867,8:05 PM ET,Globe Life Field,1,1,0.22183098591549297,2026-08-03,822867,1,0,94.8,94.6,93.8,R,4,3,1,0,0,1,0,1,0,1,4,2,1,1,2,0,0,0.4,1.3900000000000001,1,0,1,1,1,0,0.20512820512820512,0.24390243902439024,0.6410256410256411,0.34146341463414637,0.2916666666666667,0.15384615384615385,0.024390243902439025,0.07317073170731707,0.10256410256410256,0.9333333333333333,0.9333333333333333,0.48,0.24,0.64,0.08,0.04,0.29109848484848483,0.45495454545454544,0.2727272727272727,0.2727272727272727,0.28137500000000004,0.6107499999999999,0.21621621621621623,0.35135135135135137,0.2631578947368421,0.2916666666666667,0.5,0.25925925925925924,0.7857142857142857,0.23333333333333334,0.4645669291338583,0.1889763779527559,0.4,0.32727272727272727,0.05454545454545454,8.142857142857142,1.7142857142857142,6.0,0.15555555555555556,0.5290639809307515,0.28890592097490814,0.5290639809307515,0.9333333333333333,"{""novig"": {""1.5"": {""over"": 174}, ""0.5"": {""over"": -170, ""under"": 135}}, ""draftkings"": {""0.5"": {""over"": -167, ""under"": 125}}}",1.5,over,novig,174.0,0.36496350364963503,True,-0.0761,0.5,over,draftkings,-167.0,0.6254681647940075,True,-0.0964,True
646240,Rafael Devers,SF,TEX,0,4.0,1,615698,Cal Quantrill,R,822867,8:05 PM ET,Globe Life Field,0,1,0.22183098591549297,2026-08-03,822867,1,0,94.8,94.6,93.8,L,4,3,1,0,0,1,1,0,0,1,4,2,0,1,2,0,0,0.1755,0.5605,1,0,1,1,1,0,0.25,0.3384615384615385,0.7321428571428571,0.23076923076923078,0.28205128205128205,0.19642857142857142,0.046153846153846156,0.03076923076923077,0.08928571428571429,1.6666666666666667,1.0,0.5,0.21428571428571427,0.4523809523809524,0.30952380952380953,0.0,0.30874999999999997,0.48480555555555555,0.3333333333333333,0.13636363636363635,0.3458500000000001,0.46410000000000007,0.2857142857142857,0.5535714285714286,0.22727272727272727,0.1896551724137931,0.3793103448275862,0.3333333333333333,0.7857142857142857,0.23333333333333334,0.4645669291338583,0.1889763779527559,0.4,0.32727272727272727,0.05454545454545454,8.142857142857142,1.7142857142857142,6.0,0.15555555555555556,0.6259879468502642,0.38676062002596856,0.6259879468502642,1.6666666666666667,"{""novig"": {""1.5"": {""over"": 125, ""under"": -135}, ""0.5"": {""over"": -194, ""under"": 153}}, ""bet365"": {""1.5"": {""over"": 115, ""under"": -155}, ""0.5"": {""over"": -210, ""under"": 155}}, ""betmgm"": {""1.5"": {""over"": 115, ""under"": -155}, ""0.5"": {""over"": -200, ""under"": 145}}, ""draftkings"": {""1.5"": {""over"": 115, ""under"": -153}, ""0.5"": {""over"": -215, ""under"": 159}}, ""fanduel"": {""0.5"": {""over"": -195}}}",1.5,over,novig,125.0,0.4444444444444444,True,-0.0577,0.5,over,novig,-194.0,0.6598639455782312,True,-0.0339,True
642715,Willy Adames,SF,TEX,0,3.0,1,615698,Cal Quantrill,R,822867,8:05 PM ET,Globe Life Field,1,1,0.22183098591549297,2026-08-03,822867,1,0,94.8,94.6,93.8,R,4,4,1,0,0,0,0,0,0,1,1,3,0,1,2,1,0,0.2783333333333333,0.4626666666666666,1,0,1,0,1,0,0.18518518518518517,0.2786885245901639,0.7037037037037037,0.26229508196721313,0.2,0.2222222222222222,0.04918032786885246,0.04918032786885246,0.1111111111111111,1.4666666666666666,1.0666666666666667,0.3157894736842105,0.10526315789473684,0.3684210526315789,0.3684210526315789,0.02631578947368421,0.30920888888888887,0.46690666666666664,0.16666666666666666,0.045454545454545456,0.29689333333333334,0.34685333333333346,0.2222222222222222,0.4444444444444444,0.26666666666666666,0.20689655172413793,0.43103448275862066,0.2857142857142857,0.7857142857142857,0.23333333333333334,0.4645669291338583,0.1889763779527559,0.4,0.32727272727272727,0.05454545454545454,8.142857142857142,1.7142857142857142,6.0,0.15555555555555556,0.5891854027282178,0.3569108463239104,0.5891854027282178,1.4666666666666666,"{""novig"": {""1.5"": {""over"": 133, ""under"": -156}, ""0.5"": {""over"": -190, ""under"": 153}}, ""bet365"": {""1.5"": {""over"": 150, ""under"": -200}, ""0.5"": {""over"": -180, ""under"": 135}}, ""betmgm"": {""1.5"": {""over"": 125, ""under"": -165}, ""0.5"": {""over"": -200, ""under"": 145}}, ""draftkings"": {""1.5"": {""over"": 129, ""under"": -172}, ""0.5"": {""over"": -205, ""under"": 153}}, ""fanduel"": {""1.5"": {""over"": 125}, ""0.5"": {""over"": -190}}}",1.5,over,bet365,150.0,0.4,True,-0.0431,0.5,over,bet365,-180.0,0.6428571428571429,True,-0.0537,True
701358,Cam Smith,HOU,TOR,1,9.0,1,669456,Shane Bieber,R,824160,8:10 PM ET,Daikin Park,1,1,0.22297297297297297,2026-08-03,824160,1,0,97.4,100.1,118.7,R,6,5,3,1,0,0,0,0,0,1,4,4,0,2,0,2,2,0.27325,0.3815,1,1,1,1,1,0,0.11320754716981132,0.1724137931034483,0.6981132075471698,0.27586206896551724,0.1111111111111111,0.16981132075471697,0.034482758620689655,0.017241379310344827,0.07547169811320754,1.0,1.0666666666666667,0.4473684210526316,0.15789473684210525,0.39473684210526316,0.34210526315789475,0.02631578947368421,0.2463525641025641,0.36505128205128207,0.19047619047619047,0.3181818181818182,0.2593333333333333,0.35973333333333335,0.18518518518518517,0.3148148148148148,0.1864406779661017,0.16326530612244897,0.32653061224489793,0.2909090909090909,0.7566371681415929,0.20918367346938777,0.507177033492823,0.24880382775119617,0.45614035087719296,0.27485380116959063,0.04093567251461988,9.1125,2.3625000000000003,7.7625,0.2062780269058296,0.4295297518105096,0.23156861268925585,0.4295297518105096,1.0,"{""novig"": {""1.5"": {""over"": 144, ""under"": -160}}, ""betmgm"": {""0.5"": {""over"": -175, ""under"": 130}}, ""bet365"": {""1.5"": {""over"": 165, ""under"": -225}}}",1.5,over,bet365,165.0,0.37735849056603776,True,-0.1458,0.5,over,betmgm,-175.0,0.6363636363636364,True,-0.2068,False
572233,Christian Walker,HOU,TOR,1,5.0,1,669456,Shane Bieber,R,824160,8:10 PM ET,Daikin Park,1,1,0.22297297297297297,2026-08-03,824160,1,0,97.4,100.1,118.7,R,5,4,1,1,0,0,1,0,0,2,2,2,0,2,1,1,0,0.437,0.7385,1,0,1,1,1,1,0.20754716981132076,0.288135593220339,0.5849056603773585,0.3728813559322034,0.3103448275862069,0.16981132075471697,0.03389830508474576,0.05084745762711865,0.09433962264150944,1.3333333333333333,1.4666666666666666,0.3548387096774194,0.1935483870967742,0.41935483870967744,0.2903225806451613,0.03225806451612903,0.3102333333333333,0.5263179487179487,0.35,0.2608695652173913,0.48947333333333337,0.9324600000000002,0.22033898305084745,0.3898305084745763,0.3333333333333333,0.3137254901960784,0.6274509803921569,0.15789473684210525,0.7566371681415929,0.20918367346938777,0.507177033492823,0.24880382775119617,0.45614035087719296,0.27485380116959063,0.04093567251461988,9.1125,2.3625000000000003,7.7625,0.2062780269058296,0.6023560278906089,0.35059918321272504,0.6023560278906089,1.3333333333333333,"{""novig"": {""1.5"": {""over"": 122}, ""0.5"": {""over"": -178, ""under"": 147}}, ""bet365"": {""1.5"": {""over"": 155, ""under"": -210}, ""0.5"": {""over"": -180, ""under"": 135}}, ""betmgm"": {""1.5"": {""over"": 130, ""under"": -175}, ""0.5"": {""over"": -200, ""under"": 145}}, ""draftkings"": {""1.5"": {""over"": 136, ""under"": -181}, ""0.5"": {""over"": -187, ""under"": 140}}, ""fanduel"": {""1.5"": {""over"": 130}, ""0.5"": {""over"": -200}}}",1.5,over,bet365,155.0,0.39215686274509803,True,-0.0416,0.5,over,novig,-178.0,0.6402877697841727,True,-0.0379,True
662139,Daulton Varsho,HOU,TOR,1,4.0,1,669456,Shane Bieber,R,824160,8:10 PM ET,Daikin Park,0,1,0.22297297297297297,2026-08-03,824160,1,0,97.4,100.1,118.7,L,3,3,0,0,0,0,0,0,0,2,0,1,0,1,0,1,0,0.255,0.317,0,0,0,0,1,1,0.2727272727272727,0.3103448275862069,0.8363636363636363,0.15517241379310345,0.32608695652173914,0.05454545454545454,0.0,0.05172413793103448,0.05454545454545454,1.2,0.6,0.2391304347826087,0.21739130434782608,0.43478260869565216,0.2608695652173913,0.0,0.27366888888888885,0.4479288888888889,0.21052631578947367,0.19047619047619047,0.2107733333333332,0.3069200000000001,0.2909090909090909,0.34545454545454546,0.10344827586206896,0.21818181818181817,0.38181818181818183,0.15,0.7566371681415929,0.20918367346938777,0.507177033492823,0.24880382775119617,0.45614035087719296,0.27485380116959063,0.04093567251461988,9.1125,2.3625000000000003,7.7625,0.2062780269058296,0.6364662980080404,0.39382790445236204,0.6364662980080404,1.2,"{""novig"": {""1.5"": {""over"": 120}, ""0.5"": {""over"": -170, ""under"": 182}}, ""bet365"": {""1.5"": {""over"": 125, ""under"": -165}, ""0.5"": {""over"": -225, ""under"": 165}}, ""betmgm"": {""1.5"": {""over"": 125, ""under"": -165}, ""0.5"": {""over"": -210, ""under"": 155}}, ""draftkings"": {""1.5"": {""over"": 128, ""under"": -171}, ""0.5"": {""over"": -212, ""under"": 158}}}",1.5,over,draftkings,128.0,0.43859649122807015,True,-0.0448,0.5,over,novig,-170.0,0.6296296296296297,True,0.0068,True
670623,Isaac Paredes,HOU,TOR,1,3.0,1,669456,Shane Bieber,R,824160,8:10 PM ET,Daikin Park,1,1,0.22297297297297297,2026-08-03,824160,1,0,97.4,100.1,118.7,R,5,5,0,0,0,0,0,0,0,1,0,4,0,0,1,2,1,0.3465,0.38675,0,0,0,0,1,0,0.2807017543859649,0.391304347826087,0.9122807017543859,0.07246376811594203,0.26,0.19298245614035087,0.043478260869565216,0.0,0.07017543859649122,1.8,0.3333333333333333,0.2830188679245283,0.33962264150943394,0.20754716981132076,0.32075471698113206,0.018867924528301886,0.3440855555555556,0.5108966666666667,0.21052631578947367,0.04,0.3734966666666667,0.5824266666666665,0.2909090909090909,0.509090909090909,0.07352941176470588,0.2459016393442623,0.32786885245901637,0.16417910447761194,0.7566371681415929,0.20918367346938777,0.507177033492823,0.24880382775119617,0.45614035087719296,0.27485380116959063,0.04093567251461988,9.1125,2.3625000000000003,7.7625,0.2062780269058296,0.6555290448713119,0.4335829980196788,0.6555290448713119,1.8,"{""novig"": {""1.5"": {""over"": 122, ""under"": -186}, ""0.5"": {""over"": -186, ""under"": 156}}, ""bet365"": {""1.5"": {""over"": 140, ""under"": -190}, ""0.5"": {""over"": -210, ""under"": 155}}, ""betmgm"": {""1.5"": {""over"": 110, ""under"": -150}, ""0.5"": {""over"": -235, ""under"": 175}}, ""draftkings"": {""1.5"": {""over"": 138, ""under"": -184}, ""0.5"": {""over"": -207, ""under"": 154}}, ""fanduel"": {""0.5"": {""over"": -210}}}",1.5,over,bet365,140.0,0.4166666666666667,True,0.0169,0.5,over,novig,-186.0,0.6503496503496503,True,0.0052,True
665161,Jeremy Peña,HOU,TOR,1,1.0,1,669456,Shane Bieber,R,824160,8:10 PM ET,Daikin Park,1,1,0.22297297297297297,2026-08-03,824160,1,0,97.4,100.1,118.7,R,5,4,2,0,0,1,0,1,0,1,5,3,0,1,0,0,3,0.5953333333333334,0.972,1,1,1,1,1,0,0.390625,0.42028985507246375,0.75,0.22857142857142856,0.4418604651162791,0.359375,0.08571428571428572,0.04285714285714286,0.15625,3.2,1.0666666666666667,0.5510204081632653,0.2857142857142857,0.4489795918367347,0.20408163265306123,0.02040816326530612,0.4706466666666666,0.7604,0.32,0.4230769230769231,0.5164166666666666,0.7518166666666666,0.3939393939393939,0.7424242424242424,0.2112676056338028,0.22950819672131148,0.26229508196721313,0.23076923076923078,0.7566371681415929,0.20918367346938777,0.507177033492823,0.24880382775119617,0.45614035087719296,0.27485380116959063,0.04093567251461988,9.1125,2.3625000000000003,7.7625,0.2062780269058296,0.7154856287046059,0.45675855148158373,0.7154856287046059,3.2,"{""novig"": {""1.5"": {""over"": -106, ""under"": -127}}, ""bet365"": {""1.5"": {""over"": -120, ""under"": -110}}, ""betmgm"": {""1.5"": {""over"": 100, ""under"": -135}}, ""draftkings"": {""1.5"": {""over"": -103, ""under"": -128}}, ""fanduel"": {""0.5"": {""over"": -300}}}",1.5,over,betmgm,100.0,0.5,True,-0.0432,0.5,over,fanduel,-300.0,0.75,True,-0.0345,True
514888,Jose Altuve,HOU,TOR,1,6.0,1,669456,Shane Bieber,R,824160,8:10 PM ET,Daikin Park,1,1,0.22297297297297297,2026-08-03,824160,1,0,97.4,100.1,118.7,R,5,5,2,0,0,0,0,0,0,0,2,5,0,3,0,4,1,0.1754,0.23359999999999997,1,1,1,1,0,0,0.20967741935483872,0.234375,0.8064516129032258,0.1875,0.22916666666666666,0.11290322580645161,0.03125,0.015625,0.04838709677419355,1.3333333333333333,0.8,0.32,0.12,0.52,0.28,0.0,0.24521,0.3568311111111111,0.2,0.18181818181818182,0.23988666666666658,0.31858666666666685,0.20967741935483872,0.3709677419354839,0.203125,0.23076923076923078,0.36923076923076925,0.25,0.7566371681415929,0.20918367346938777,0.507177033492823,0.24880382775119617,0.45614035087719296,0.27485380116959063,0.04093567251461988,9.1125,2.3625000000000003,7.7625,0.2062780269058296,0.6183280451248188,0.3710115946836536,0.6183280451248188,1.3333333333333333,"{""novig"": {""1.5"": {""over"": 147}}, ""betmgm"": {""0.5"": {""over"": -200, ""under"": 145}}, ""bet365"": {""1.5"": {""over"": 150, ""under"": -200}}, ""draftkings"": {""1.5"": {""over"": 146, ""under"": -195}}}",1.5,over,bet365,150.0,0.4,True,-0.029,0.5,over,betmgm,-200.0,0.6666666666666666,True,-0.0483,False
666211,Taylor Trammell,HOU,TOR,1,7.0,1,669456,Shane Bieber,R,824160,8:10 PM ET,Daikin Park,0,1,0.22297297297297297,2026-08-03,824160,1,0,97.4,100.1,118.7,L,5,2,1,0,0,0,2,1,0,0,1,2,0,0,0,2,0,0.342,0.3845,1,0,1,0,0,0,0.21428571428571427,0.3125,0.6428571428571429,0.3125,0.28,0.16666666666666666,0.041666666666666664,0.020833333333333332,0.07142857142857142,1.0666666666666667,1.0,0.2962962962962963,0.18518518518518517,0.48148148148148145,0.25925925925925924,0.037037037037037035,0.2879861111111111,0.6096527777777777,0.23529411764705882,0.22727272727272727,0.3673333333333334,0.9246333333333334,0.19148936170212766,0.3404255319148936,0.2830188679245283,0.16666666666666666,0.3,0.3333333333333333,0.7566371681415929,0.20918367346938777,0.507177033492823,0.24880382775119617,0.45614035087719296,0.27485380116959063,0.04093567251461988,9.1125,2.3625000000000003,7.7625,0.2062780269058296,0.5418662642433666,0.32629696094409755,0.5418662642433666,1.0666666666666667,"{""novig"": {""1.5"": {""over"": 212}}, ""betmgm"": {""0.5"": {""over"": -125, ""under"": -105}}, ""bet365"": {""1.5"": {""over"": 185, ""under"": -250}}}",1.5,over,novig,212.0,0.32051282051282054,True,0.0058,0.5,over,betmgm,-125.0,0.5555555555555556,True,-0.0137,False
673237,Yainer Diaz,HOU,TOR,1,8.0,1,669456,Shane Bieber,R,824160,8:10 PM ET,Daikin Park,1,1,0.22297297297297297,2026-08-03,824160,1,0,97.4,100.1,118.7,R,4,4,0,0,0,0,0,0,0,1,0,3,0,1,0,2,0,0.11699999999999999,0.12733333333333333,0,0,0,0,1,0,0.3157894736842105,0.3389830508474576,0.8947368421052632,0.1016949152542373,0.2826086956521739,0.2982456140350877,0.0847457627118644,0.03389830508474576,0.12280701754385964,2.3333333333333335,0.4,0.43137254901960786,0.21568627450980393,0.5098039215686274,0.23529411764705882,0.0784313725490196,0.4060211111111111,0.6928133333333333,0.42857142857142855,0.09090909090909091,0.4213466666666667,0.7397733333333333,0.32727272727272727,0.6181818181818182,0.1206896551724138,0.2413793103448276,0.3275862068965517,0.21311475409836064,0.7566371681415929,0.20918367346938777,0.507177033492823,0.24880382775119617,0.45614035087719296,0.27485380116959063,0.04093567251461988,9.1125,2.3625000000000003,7.7625,0.2062780269058296,0.608341582607893,0.3559219197187777,0.608341582607893,2.3333333333333335,"{""novig"": {""1.5"": {""over"": 130, ""under"": -178}}, ""bet365"": {""1.5"": {""over"": 140, ""under"": -190}, ""0.5"": {""over"": -230, ""under"": 170}}, ""betmgm"": {""1.5"": {""over"": 140, ""under"": -190}, ""0.5"": {""over"": -210, ""under"": 155}}, ""draftkings"": {""1.5"": {""over"": 145, ""under"": -188}, ""0.5"": {""over"": -234, ""under"": 173}}, ""fanduel"": {""0.5"": {""over"": -210}}}",1.5,over,draftkings,145.0,0.40816326530612246,True,-0.0522,0.5,over,betmgm,-210.0,0.6774193548387096,True,-0.0691,True
670541,Yordan Alvarez,HOU,TOR,1,2.0,1,669456,Shane Bieber,R,824160,8:10 PM ET,Daikin Park,0,1,0.22297297297297297,2026-08-03,824160,1,0,97.4,100.1,118.7,L,5,5,4,3,0,0,0,0,0,0,7,5,0,2,1,1,2,0.3628,0.4206,1,1,1,1,0,0,0.38461538461538464,0.5362318840579711,0.7884615384615384,0.15942028985507245,0.43243243243243246,0.3076923076923077,0.057971014492753624,0.057971014492753624,0.15384615384615385,2.4,0.7333333333333333,0.5365853658536586,0.2682926829268293,0.36585365853658536,0.3170731707317073,0.024390243902439025,0.44734444444444443,0.8573555555555555,0.35294117647058826,0.16,0.5597666666666667,1.0091333333333334,0.37735849056603776,0.7358490566037735,0.16176470588235295,0.21311475409836064,0.2786885245901639,0.20588235294117646,0.7566371681415929,0.20918367346938777,0.507177033492823,0.24880382775119617,0.45614035087719296,0.27485380116959063,0.04093567251461988,9.1125,2.3625000000000003,7.7625,0.2062780269058296,0.6726175067272218,0.42539262081995105,0.6726175067272218,2.4,"{""novig"": {""1.5"": {""over"": -135, ""under"": -100}, ""0.5"": {""over"": -355}}, ""bet365"": {""1.5"": {""over"": -115, ""under"": -115}}, ""betmgm"": {""1.5"": {""over"": -120, ""under"": -110}}, ""draftkings"": {""1.5"": {""over"": -127, ""under"": -105}}, ""fanduel"": {""0.5"": {""over"": -290}}}",1.5,over,bet365,-115.0,0.5348837209302325,True,-0.1095,0.5,over,fanduel,-290.0,0.7435897435897436,True,-0.071,True
672386,Alejandro Kirk,TOR,HOU,0,5.0,1,664299,Cristian Javier,R,824160,8:10 PM ET,Daikin Park,1,1,0.1724770642201835,2026-08-03,824160,1,0,97.4,100.1,118.7,R,4,4,1,0,0,0,0,0,0,2,1,2,0,0,0,2,0,0.17049999999999998,0.1795,1,0,1,0,1,1,0.32608695652173914,0.43636363636363634,0.8695652173913043,0.10909090909090909,0.358974358974359,0.10869565217391304,0.01818181818181818,0.03636363636363636,0.06521739130434782,1.3333333333333333,0.4,0.5,0.225,0.475,0.25,0.025,0.3702738095238095,0.5164285714285715,0.3333333333333333,0.13636363636363635,0.45214999999999994,0.5530499999999998,0.25925925925925924,0.3888888888888889,0.08333333333333333,0.14285714285714285,0.16666666666666666,0.12,0.6891891891891891,0.26229508196721313,0.46825396825396826,0.18253968253968253,0.3137254901960784,0.3333333333333333,0.029411764705882353,8.923728813559322,1.1440677966101696,7.322033898305084,0.1839080459770115,0.6319043462973944,0.35811295212217426,0.6319043462973944,1.3333333333333333,"{""novig"": {""1.5"": {""over"": 127, ""under"": -178}}, ""betmgm"": {""0.5"": {""over"": -190, ""under"": 140}}, ""bet365"": {""1.5"": {""over"": 150, ""under"": -200}}, ""draftkings"": {""1.5"": {""over"": 125, ""under"": -166}}}",1.5,over,bet365,150.0,0.4,True,-0.0419,0.5,over,betmgm,-190.0,0.6551724137931034,True,-0.0233,False
665926,Andrés Giménez,TOR,HOU,0,8.0,1,664299,Cristian Javier,R,824160,8:10 PM ET,Daikin Park,0,1,0.1724770642201835,2026-08-03,824160,1,0,97.4,100.1,118.7,L,3,3,1,0,0,0,0,0,0,0,1,3,0,1,0,0,2,0.4143333333333333,0.5396666666666667,1,0,1,0,0,0,0.21739130434782608,0.24489795918367346,0.8478260869565217,0.14285714285714285,0.25,0.043478260869565216,0.0,0.04081632653061224,0.043478260869565216,0.8,0.4666666666666667,0.2,0.175,0.5,0.2,0.0,0.32955769230769233,0.43564743589743593,0.3125,0.1111111111111111,0.25433333333333336,0.2983541666666666,0.1875,0.22916666666666666,0.12,0.2727272727272727,0.34545454545454546,0.1896551724137931,0.6891891891891891,0.26229508196721313,0.46825396825396826,0.18253968253968253,0.3137254901960784,0.3333333333333333,0.029411764705882353,8.923728813559322,1.1440677966101696,7.322033898305084,0.1839080459770115,0.5544341011395012,0.32369594848126115,0.5544341011395012,0.8,"{""novig"": {""1.5"": {""over"": 174}}, ""betmgm"": {""0.5"": {""over"": -150, ""under"": 110}}, ""bet365"": {""1.5"": {""over"": 210, ""under"": -300}}, ""fanduel"": {""1.5"": {""over"": 180}}}",1.5,over,bet365,210.0,0.3225806451612903,True,0.0011,0.5,over,betmgm,-150.0,0.6,True,-0.0456,False
676391,Ernie Clement,TOR,HOU,0,7.0,1,664299,Cristian Javier,R,824160,8:10 PM ET,Daikin Park,1,1,0.1724770642201835,2026-08-03,824160,1,0,97.4,100.1,118.7,R,4,4,0,0,0,0,0,0,0,0,0,4,0,0,1,1,1,0.11424999999999999,0.172,0,0,0,0,0,0,0.26666666666666666,0.3125,0.8833333333333333,0.1076923076923077,0.3018867924528302,0.06666666666666667,0.0,0.06153846153846154,0.06666666666666667,1.3333333333333333,0.4666666666666667,0.16981132075471697,0.22641509433962265,0.33962264150943394,0.33962264150943394,0.0,0.25594222222222224,0.3177955555555556,0.19047619047619047,0.09090909090909091,0.17342666666666662,0.2105199999999999,0.29508196721311475,0.4098360655737705,0.09230769230769231,0.30357142857142855,0.375,0.12903225806451613,0.6891891891891891,0.26229508196721313,0.46825396825396826,0.18253968253968253,0.3137254901960784,0.3333333333333333,0.029411764705882353,8.923728813559322,1.1440677966101696,7.322033898305084,0.1839080459770115,0.6361149425135756,0.3525657538392924,0.6361149425135756,1.3333333333333333,"{""novig"": {""1.5"": {""over"": 135, ""under"": -208}, ""0.5"": {""over"": -203}}, ""bet365"": {""1.5"": {""over"": 155, ""under"": -210}, ""0.5"": {""over"": -210, ""under"": 155}}, ""betmgm"": {""1.5"": {""over"": 135, ""under"": -185}, ""0.5"": {""over"": -220, ""under"": 160}}, ""draftkings"": {""1.5"": {""over"": 153, ""under"": -206}, ""0.5"": {""over"": -211, ""under"": 157}}, ""fanduel"": {""0.5"": {""over"": -195}}}",1.5,over,bet365,155.0,0.39215686274509803,True,-0.0396,0.5,over,fanduel,-195.0,0.6610169491525424,True,-0.0249,True
543807,George Springer,TOR,HOU,0,4.0,1,664299,Cristian Javier,R,824160,8:10 PM ET,Daikin Park,1,1,0.1724770642201835,2026-08-03,824160,1,0,97.4,100.1,118.7,R,4,4,1,0,1,0,0,0,0,1,3,3,0,2,2,0,1,0.24933333333333332,0.8153333333333332,1,0,1,1,1,0,0.3103448275862069,0.375,0.896551724137931,0.09375,0.30612244897959184,0.20689655172413793,0.046875,0.046875,0.10344827586206896,2.0,0.4,0.46153846153846156,0.2692307692307692,0.40384615384615385,0.25,0.019230769230769232,0.32617222222222225,0.5215277777777777,0.3333333333333333,0.09523809523809523,0.37160000000000004,0.6185333333333334,0.288135593220339,0.4576271186440678,0.16923076923076924,0.25,0.5892857142857143,0.18840579710144928,0.6891891891891891,0.26229508196721313,0.46825396825396826,0.18253968253968253,0.3137254901960784,0.3333333333333333,0.029411764705882353,8.923728813559322,1.1440677966101696,7.322033898305084,0.1839080459770115,0.668396307333215,0.4181124116567671,0.668396307333215,2.0,"{""novig"": {""1.5"": {""over"": 144}, ""0.5"": {""over"": -178, ""under"": 135}}, ""bet365"": {""1.5"": {""over"": 140, ""under"": -190}, ""0.5"": {""over"": -180, ""under"": 135}}, ""betmgm"": {""1.5"": {""over"": 125, ""under"": -165}, ""0.5"": {""over"": -200, ""under"": 145}}, ""fanduel"": {""1.5"": {""over"": 140}, ""0.5"": {""over"": -175}}, ""draftkings"": {""0.5"": {""over"": -176, ""under"": 132}}}",1.5,over,novig,144.0,0.4098360655737705,True,0.0083,0.5,over,fanduel,-175.0,0.6363636363636364,True,0.032,True
660821,Jesús Sánchez,TOR,HOU,0,6.0,1,664299,Cristian Javier,R,824160,8:10 PM ET,Daikin Park,0,1,0.1724770642201835,2026-08-03,824160,1,0,97.4,100.1,118.7,L,2,2,0,0,0,0,0,0,0,0,0,2,0,0,0,2,0,0.0925,0.0925,0,0,0,0,0,0,0.23404255319148937,0.29411764705882354,0.723404255319149,0.2549019607843137,0.30303030303030304,0.1276595744680851,0.0196078431372549,0.058823529411764705,0.0851063829787234,1.1333333333333333,0.8666666666666667,0.5,0.17647058823529413,0.5,0.23529411764705882,0.029411764705882353,0.29891666666666666,0.4677261904761905,0.07692307692307693,0.4,0.3238333333333334,0.408125,0.2222222222222222,0.3333333333333333,0.2653061224489796,0.16666666666666666,0.2708333333333333,0.2631578947368421,0.6891891891891891,0.26229508196721313,0.46825396825396826,0.18253968253968253,0.3137254901960784,0.3333333333333333,0.029411764705882353,8.923728813559322,1.1440677966101696,7.322033898305084,0.1839080459770115,0.601338079342233,0.3559219197187777,0.601338079342233,1.1333333333333333,"{""novig"": {""1.5"": {""over"": 156}}, ""betmgm"": {""0.5"": {""over"": -155, ""under"": 115}}, ""bet365"": {""1.5"": {""over"": 200, ""under"": -275}}}",1.5,over,bet365,200.0,0.3333333333333333,True,0.0226,0.5,over,betmgm,-155.0,0.6078431372549019,True,-0.0065,False
672960,Kazuma Okamoto,TOR,HOU,0,3.0,1,664299,Cristian Javier,R,824160,8:10 PM ET,Daikin Park,1,1,0.1724770642201835,2026-08-03,824160,1,0,97.4,100.1,118.7,R,4,4,1,0,0,0,0,0,0,1,1,3,0,2,2,1,0,0.4523333333333333,0.484,1,0,1,0,1,0,0.16363636363636364,0.20689655172413793,0.6909090909090909,0.29310344827586204,0.19444444444444445,0.16363636363636364,0.034482758620689655,0.05172413793103448,0.09090909090909091,1.2,1.1333333333333333,0.2894736842105263,0.10526315789473684,0.34210526315789475,0.34210526315789475,0.05263157894736842,0.1953809523809524,0.3541380952380952,0.3157894736842105,0.15789473684210525,0.2917333333333333,0.5277866666666668,0.21818181818181817,0.43636363636363634,0.288135593220339,0.2037037037037037,0.46296296296296297,0.31746031746031744,0.6891891891891891,0.26229508196721313,0.46825396825396826,0.18253968253968253,0.3137254901960784,0.3333333333333333,0.029411764705882353,8.923728813559322,1.1440677966101696,7.322033898305084,0.1839080459770115,0.6111165593598894,0.36828685750297857,0.6111165593598894,1.2,"{""novig"": {""1.5"": {""over"": 135, ""under"": -186}}, ""betmgm"": {""0.5"": {""over"": -160, ""under"": 120}}, ""bet365"": {""1.5"": {""over"": 140, ""under"": -190}}, ""draftkings"": {""1.5"": {""over"": 135, ""under"": -181}}}",1.5,over,bet365,140.0,0.4166666666666667,True,-0.0484,0.5,over,betmgm,-160.0,0.6153846153846154,True,-0.0043,False
664702,Myles Straw,TOR,HOU,0,9.0,1,664299,Cristian Javier,R,824160,8:10 PM ET,Daikin Park,1,1,0.1724770642201835,2026-08-03,824160,1,0,97.4,100.1,118.7,R,2,2,0,0,0,0,0,0,0,0,0,2,0,0,1,1,0,0.051,0.0555,0,0,0,0,0,0,0.16666666666666666,0.21052631578947367,0.9166666666666666,0.07894736842105263,0.18181818181818182,0.05555555555555555,0.0,0.05263157894736842,0.05555555555555555,0.5333333333333333,0.2,0.18181818181818182,0.24242424242424243,0.3939393939393939,0.24242424242424243,0.06060606060606061,0.2936666666666667,0.46491666666666664,0.25,0.07692307692307693,0.28987500000000005,0.36400000000000005,0.1282051282051282,0.1282051282051282,0.06976744186046512,0.15384615384615385,0.34615384615384615,0.10344827586206896,0.6891891891891891,0.26229508196721313,0.46825396825396826,0.18253968253968253,0.3137254901960784,0.3333333333333333,0.029411764705882353,8.923728813559322,1.1440677966101696,7.322033898305084,0.1839080459770115,0.4641207681550071,0.20777007981742682,0.4641207681550071,0.5333333333333333,"{""novig"": {""1.5"": {""over"": 203}}, ""betmgm"": {""0.5"": {""over"": -115, ""under"": -115}}, ""bet365"": {""1.5"": {""over"": 290, ""under"": -425}}}",1.5,over,bet365,290.0,0.2564102564102564,True,-0.0486,0.5,over,betmgm,-115.0,0.5348837209302325,True,-0.0708,False
664770,Nathan Lukes,TOR,HOU,0,1.0,1,664299,Cristian Javier,R,824160,8:10 PM ET,Daikin Park,0,1,0.1724770642201835,2026-08-03,824160,1,0,97.4,100.1,118.7,L,1,1,0,0,0,0,0,0,0,0,0,1,0,0,0,0,0,0.003,0.004,0,0,0,0,0,0,0.23529411764705882,0.3157894736842105,0.8431372549019608,0.14035087719298245,0.2619047619047619,0.11764705882352941,0.017543859649122806,0.05263157894736842,0.0784313725490196,1.2,0.5333333333333333,0.3023255813953488,0.09302325581395349,0.5813953488372093,0.3023255813953488,0.0,0.21564444444444444,0.2885555555555556,0.14285714285714285,0.05555555555555555,0.2864,0.337,0.24489795918367346,0.3673469387755102,0.14814814814814814,0.3333333333333333,0.40476190476190477,0.19607843137254902,0.6891891891891891,0.26229508196721313,0.46825396825396826,0.18253968253968253,0.3137254901960784,0.3333333333333333,0.029411764705882353,8.923728813559322,1.1440677966101696,7.322033898305084,0.1839080459770115,0.644559093498896,0.35243440791718256,0.644559093498896,1.2,"{""novig"": {""1.5"": {""over"": 122, ""under"": -182}, ""0.5"": {""over"": -233, ""under"": 170}}, ""bet365"": {""1.5"": {""over"": 135, ""under"": -180}, ""0.5"": {""over"": -230, ""under"": 170}}, ""betmgm"": {""1.5"": {""over"": 125, ""under"": -165}, ""0.5"": {""over"": -235, ""under"": 175}}, ""draftkings"": {""1.5"": {""over"": 131, ""under"": -175}, ""0.5"": {""over"": -247, ""under"": 183}}, ""fanduel"": {""0.5"": {""over"": -250}}}",1.5,over,bet365,135.0,0.425531914893617,True,-0.0731,0.5,over,bet365,-230.0,0.696969696969697,True,-0.0524,True
665489,Vladimir Guerrero Jr.,TOR,HOU,0,2.0,1,664299,Cristian Javier,R,824160,8:10 PM ET,Daikin Park,1,1,0.1724770642201835,2026-08-03,824160,1,0,97.4,100.1,118.7,R,4,4,0,0,0,0,0,0,0,3,0,1,0,1,0,1,0,0.531,0.576,0,0,0,0,1,1,0.27586206896551724,0.3225806451612903,0.8448275862068966,0.14516129032258066,0.32653061224489793,0.06896551724137931,0.0,0.06451612903225806,0.06896551724137931,1.3333333333333333,0.6,0.42857142857142855,0.30612244897959184,0.42857142857142855,0.22448979591836735,0.0,0.34811888888888887,0.5013566666666667,0.2631578947368421,0.10526315789473684,0.34503999999999996,0.5027200000000003,0.2413793103448276,0.39655172413793105,0.19047619047619047,0.3050847457627119,0.3389830508474576,0.13432835820895522,0.6891891891891891,0.26229508196721313,0.46825396825396826,0.18253968253968253,0.3137254901960784,0.3333333333333333,0.029411764705882353,8.923728813559322,1.1440677966101696,7.322033898305084,0.1839080459770115,0.6613191278420764,0.39273751995222933,0.6613191278420764,1.3333333333333333,"{""novig"": {""1.5"": {""over"": 122, ""under"": -156}}, ""bet365"": {""1.5"": {""over"": 130, ""under"": -170}, ""0.5"": {""over"": -235, ""under"": 175}}, ""betmgm"": {""1.5"": {""over"": 115, ""under"": -155}, ""0.5"": {""over"": -210, ""under"": 155}}, ""draftkings"": {""1.5"": {""over"": 127, ""under"": -170}, ""0.5"": {""over"": -236, ""under"": 175}}, ""fanduel"": {""0.5"": {""over"": -230}}}",1.5,over,bet365,130.0,0.43478260869565216,True,-0.042,0.5,over,betmgm,-210.0,0.6774193548387096,True,-0.0161,True
694249,Cole Carrigg,COL,TB,1,3.0,1,693855,Ian Seymour,L,824324,8:40 PM ET,Coors Field,0,0,0.22965641952983726,2026-08-03,824324,0,0,117.3,118.0,105.2,L,3,3,2,1,0,0,0,0,0,0,3,3,0,0,1,0,2,0.7516666666666666,0.8506666666666667,1,1,1,1,0,0,0.30303030303030304,0.41025641025641024,0.8181818181818182,0.15384615384615385,0.34615384615384615,0.15151515151515152,0.02564102564102564,0.05128205128205128,0.09090909090909091,1.0,0.4,0.4074074074074074,0.2962962962962963,0.3333333333333333,0.2962962962962963,0.0,0.36503205128205124,0.5324551282051282,0.2,0.1,0.44800000000000006,0.6120000000000002,0.2916666666666667,0.4583333333333333,0.18333333333333332,0.3584905660377358,0.6415094339622641,0.2033898305084746,0.6032608695652174,0.1568627450980392,0.41358024691358025,0.20987654320987653,0.2882882882882883,0.36936936936936937,0.018018018018018018,5.837837837837839,1.4594594594594597,10.945945945945946,0.3,0.5183466452072701,0.3246465726970263,0.5183466452072701,1.0,"{""novig"": {""1.5"": {""over"": 102, ""under"": -133}}, ""bet365"": {""1.5"": {""over"": -105, ""under"": -130}}, ""betmgm"": {""1.5"": {""over"": -105, ""under"": -125}, ""0.5"": {""over"": -275, ""under"": 190}}, ""draftkings"": {""1.5"": {""over"": 105, ""under"": -140}, ""0.5"": {""over"": -271, ""under"": 199}}, ""fanduel"": {""0.5"": {""over"": -270}}}",1.5,over,draftkings,105.0,0.4878048780487805,True,-0.1632,0.5,over,fanduel,-270.0,0.7297297297297297,True,-0.2114,True
678662,Ezequiel Tovar,COL,TB,1,9.0,1,693855,Ian Seymour,L,824324,8:40 PM ET,Coors Field,1,0,0.22965641952983726,2026-08-03,824324,0,0,117.3,118.0,105.2,R,4,3,0,0,0,0,0,0,1,1,0,3,0,1,1,1,0,0.07,0.0785,0,0,0,0,1,0,0.11363636363636363,0.1875,0.75,0.22448979591836735,0.15151515151515152,0.045454545454545456,0.0,0.04081632653061224,0.045454545454545456,0.4666666666666667,0.7333333333333333,0.4117647058823529,0.14705882352941177,0.5,0.14705882352941177,0.0,0.22803571428571429,0.31503571428571425,0.16666666666666666,0.26666666666666666,0.1597500000000001,0.21900000000000022,0.16666666666666666,0.2619047619047619,0.22916666666666666,0.16981132075471697,0.3018867924528302,0.19642857142857142,0.6032608695652174,0.1568627450980392,0.41358024691358025,0.20987654320987653,0.2882882882882883,0.36936936936936937,0.018018018018018018,5.837837837837839,1.4594594594594597,10.945945945945946,0.3,0.46456209567437057,0.24152057977567176,0.46456209567437057,0.4666666666666667,"{""novig"": {""1.5"": {""over"": 144, ""under"": -144}}, ""betmgm"": {""0.5"": {""over"": -160, ""under"": 120}}, ""bet365"": {""1.5"": {""over"": 170, ""under"": -230}}}",1.5,over,bet365,170.0,0.37037037037037035,True,-0.1288,0.5,over,betmgm,-160.0,0.6153846153846154,True,-0.1508,False
696100,Hunter Goodman,COL,TB,1,4.0,1,693855,Ian Seymour,L,824324,8:40 PM ET,Coors Field,1,0,0.22965641952983726,2026-08-03,824324,0,0,117.3,118.0,105.2,R,5,5,4,0,0,2,0,0,0,0,10,5,0,4,2,2,1,0.4024,0.745,1,1,1,1,0,0,0.25925925925925924,0.3548387096774194,0.5370370370370371,0.4032258064516129,0.4,0.25925925925925924,0.06451612903225806,0.03225806451612903,0.1111111111111111,1.8666666666666667,1.6666666666666667,0.4482758620689655,0.27586206896551724,0.3103448275862069,0.3793103448275862,0.06896551724137931,0.38144999999999996,0.6708555555555555,0.10526315789473684,0.65,0.26260000000000006,0.3291999999999998,0.288135593220339,0.6610169491525424,0.4426229508196721,0.3333333333333333,0.625,0.21311475409836064,0.6032608695652174,0.1568627450980392,0.41358024691358025,0.20987654320987653,0.2882882882882883,0.36936936936936937,0.018018018018018018,5.837837837837839,1.4594594594594597,10.945945945945946,0.3,0.693149412277784,0.44644258260199393,0.693149412277784,1.8666666666666667,"{""novig"": {""1.5"": {""over"": 102, ""under"": -117}, ""0.5"": {""over"": -223}}, ""bet365"": {""1.5"": {""over"": -105, ""under"": -130}, ""0.5"": {""over"": -260, ""under"": 190}}, ""betmgm"": {""1.5"": {""over"": -105, ""under"": -125}, ""0.5"": {""over"": -225, ""under"": 165}}, ""draftkings"": {""1.5"": {""over"": 102, ""under"": -135}, ""0.5"": {""over"": -232, ""under"": 172}}, ""fanduel"": {""0.5"": {""over"": -240}}}",1.5,over,novig,102.0,0.49504950495049505,True,-0.0486,0.5,over,novig,-223.0,0.6904024767801857,True,0.0027,True
664983,Jake McCarthy,COL,TB,1,1.0,1,693855,Ian Seymour,L,824324,8:40 PM ET,Coors Field,0,0,0.22965641952983726,2026-08-03,824324,0,0,117.3,118.0,105.2,L,5,5,1,0,0,1,0,0,0,0,4,5,0,1,3,1,0,0.08520000000000001,0.2016,1,0,1,1,0,0,0.24615384615384617,0.26865671641791045,0.7846153846153846,0.208955223880597,0.3,0.13846153846153847,0.014925373134328358,0.05970149253731343,0.09230769230769231,1.6666666666666667,0.9333333333333333,0.19607843137254902,0.3137254901960784,0.47058823529411764,0.17647058823529413,0.0196078431372549,0.30504111111111115,0.4013422222222222,0.13636363636363635,0.22727272727272727,0.26416666666666666,0.3144333333333332,0.28125,0.53125,0.19696969696969696,0.32142857142857145,0.44642857142857145,0.19672131147540983,0.6032608695652174,0.1568627450980392,0.41358024691358025,0.20987654320987653,0.2882882882882883,0.36936936936936937,0.018018018018018018,5.837837837837839,1.4594594594594597,10.945945945945946,0.3,0.7123201256534125,0.4740661066516172,0.7123201256534125,1.6666666666666667,"{""novig"": {""1.5"": {""over"": -100, ""under"": -115}}, ""bet365"": {""1.5"": {""over"": -105, ""under"": -130}}, ""betmgm"": {""1.5"": {""over"": -105, ""under"": -125}}, ""draftkings"": {""1.5"": {""over"": -102, ""under"": -130}}, ""fanduel"": {""0.5"": {""over"": -290}}}",1.5,over,novig,-100.0,0.5,True,-0.0259,0.5,over,fanduel,-290.0,0.7435897435897436,True,-0.0313,True
691720,Kyle Karros,COL,TB,1,2.0,1,693855,Ian Seymour,L,824324,8:40 PM ET,Coors Field,1,0,0.22965641952983726,2026-08-03,824324,0,0,117.3,118.0,105.2,R,5,5,2,1,0,0,0,0,0,2,3,3,0,1,0,2,1,0.286,0.3473333333333333,1,1,1,1,1,1,0.2777777777777778,0.3709677419354839,0.7777777777777778,0.19047619047619047,0.325,0.14814814814814814,0.031746031746031744,0.031746031746031744,0.07407407407407407,1.5333333333333334,0.8,0.38095238095238093,0.30952380952380953,0.35714285714285715,0.2619047619047619,0.023809523809523808,0.2953877777777778,0.46319,0.4117647058823529,0.23809523809523808,0.37994999999999995,0.47981666666666667,0.29411764705882354,0.6274509803921569,0.21666666666666667,0.3469387755102041,0.42857142857142855,0.14035087719298245,0.6032608695652174,0.1568627450980392,0.41358024691358025,0.20987654320987653,0.2882882882882883,0.36936936936936937,0.018018018018018018,5.837837837837839,1.4594594594594597,10.945945945945946,0.3,0.7301421164969136,0.5009719009858996,0.7301421164969136,1.5333333333333334,"{""novig"": {""1.5"": {""over"": 111}}, ""bet365"": {""1.5"": {""over"": 110, ""under"": -150}}, ""betmgm"": {""1.5"": {""over"": -105, ""under"": -125}}, ""draftkings"": {""1.5"": {""over"": 106, ""under"": -140}, ""0.5"": {""over"": -268, ""under"": 197}}, ""fanduel"": {""0.5"": {""over"": -260}}}",1.5,over,novig,111.0,0.47393364928909953,True,0.027,0.5,over,fanduel,-260.0,0.7222222222222222,True,0.0079,True
666160,Mickey Moniak,COL,TB,1,5.0,1,693855,Ian Seymour,L,824324,8:40 PM ET,Coors Field,0,0,0.22965641952983726,2026-08-03,824324,0,0,117.3,118.0,105.2,L,5,4,0,0,0,0,1,0,0,1,0,3,0,1,1,2,0,0.09799999999999999,0.11866666666666666,0,0,0,0,1,0,0.2631578947368421,0.26229508196721313,0.7368421052631579,0.2459016393442623,0.3023255813953488,0.14035087719298245,0.03278688524590164,0.03278688524590164,0.07017543859649122,1.5333333333333334,1.0,0.4,0.2,0.35555555555555557,0.37777777777777777,0.0,0.3126428571428571,0.47316071428571427,0.2857142857142857,0.3181818181818182,0.3699166666666667,0.6786,0.2727272727272727,0.41818181818181815,0.22413793103448276,0.26,0.46,0.34545454545454546,0.6032608695652174,0.1568627450980392,0.41358024691358025,0.20987654320987653,0.2882882882882883,0.36936936936936937,0.018018018018018018,5.837837837837839,1.4594594594594597,10.945945945945946,0.3,0.6883545863722302,0.4731055445188506,0.6883545863722302,1.5333333333333334,"{""novig"": {""1.5"": {""over"": 122, ""under"": -160}}, ""betmgm"": {""0.5"": {""over"": -165, ""under"": 125}}, ""bet365"": {""1.5"": {""over"": 125, ""under"": -165}}, ""draftkings"": {""1.5"": {""over"": 122, ""under"": -162}}}",1.5,over,bet365,125.0,0.4444444444444444,True,0.0287,0.5,over,betmgm,-165.0,0.6226415094339622,True,0.0657,False
687859,Troy Johnston,COL,TB,1,8.0,1,693855,Ian Seymour,L,824324,8:40 PM ET,Coors Field,0,0,0.22965641952983726,2026-08-03,824324,0,0,117.3,118.0,105.2,L,4,4,1,0,0,0,0,0,0,2,1,2,0,0,1,0,1,0.42150000000000004,0.482,1,0,1,0,1,1,0.09523809523809523,0.14893617021276595,0.8333333333333334,0.14893617021276595,0.10810810810810811,0.023809523809523808,0.0,0.02127659574468085,0.023809523809523808,0.3333333333333333,0.4666666666666667,0.4594594594594595,0.2702702702702703,0.43243243243243246,0.2702702702702703,0.0,0.2605297619047619,0.3809107142857143,0.0625,0.125,0.26844999999999997,0.43954999999999994,0.175,0.225,0.14583333333333334,0.2857142857142857,0.42857142857142855,0.14,0.6032608695652174,0.1568627450980392,0.41358024691358025,0.20987654320987653,0.2882882882882883,0.36936936936936937,0.018018018018018018,5.837837837837839,1.4594594594594597,10.945945945945946,0.3,0.5882121875783274,0.371215576881815,0.5882121875783274,0.3333333333333333,"{""novig"": {""1.5"": {""over"": 138}}, ""betmgm"": {""0.5"": {""over"": -165, ""under"": 125}}}",1.5,over,novig,138.0,0.42016806722689076,True,-0.049,0.5,over,betmgm,-165.0,0.6226415094339622,True,-0.0344,False
671289,Tyler Freeman,COL,TB,1,7.0,1,693855,Ian Seymour,L,824324,8:40 PM ET,Coors Field,1,0,0.22965641952983726,2026-08-03,824324,0,0,117.3,118.0,105.2,R,3,3,1,0,0,0,0,0,0,1,1,2,0,1,1,1,0,0.183,0.2005,1,0,1,0,1,0,0.16326530612244897,0.19607843137254902,0.9183673469387755,0.07692307692307693,0.17777777777777778,0.0,0.0,0.0,0.0,0.5333333333333333,0.26666666666666666,0.43478260869565216,0.17391304347826086,0.5434782608695652,0.21739130434782608,0.0,0.29682222222222227,0.4193333333333333,0.15384615384615385,0.0,0.3167833333333333,0.36219999999999997,0.19230769230769232,0.21153846153846154,0.10714285714285714,0.2553191489361702,0.3191489361702128,0.1509433962264151,0.6032608695652174,0.1568627450980392,0.41358024691358025,0.20987654320987653,0.2882882882882883,0.36936936936936937,0.018018018018018018,5.837837837837839,1.4594594594594597,10.945945945945946,0.3,0.6309292429621794,0.42376020474455656,0.6309292429621794,0.5333333333333333,"{""novig"": {""1.5"": {""over"": 147}, ""0.5"": {""over"": -199}}, ""bet365"": {""1.5"": {""over"": 132, ""under"": -175}, ""0.5"": {""over"": -250, ""under"": 185}}, ""betmgm"": {""1.5"": {""over"": 135, ""under"": -185}, ""0.5"": {""over"": -210, ""under"": 155}}, ""draftkings"": {""1.5"": {""over"": 153, ""under"": -205}, ""0.5"": {""over"": -206, ""under"": 154}}, ""fanduel"": {""0.5"": {""over"": -230}}}",1.5,over,draftkings,153.0,0.3952569169960474,True,0.0285,0.5,over,novig,-199.0,0.6655518394648829,True,-0.0346,True
650489,Willi Castro,COL,TB,1,6.0,1,693855,Ian Seymour,L,824324,8:40 PM ET,Coors Field,0,0,0.22965641952983726,2026-08-03,824324,0,0,117.3,118.0,105.2,L,3,2,1,0,0,0,1,0,0,0,1,2,0,0,0,1,1,0.44,0.495,1,0,1,0,0,0,0.2413793103448276,0.35294117647058826,0.6206896551724138,0.3235294117647059,0.26666666666666666,0.3448275862068966,0.08823529411764706,0.029411764705882353,0.13793103448275862,1.1333333333333333,0.7333333333333333,0.3888888888888889,0.1111111111111111,0.3333333333333333,0.3888888888888889,0.05555555555555555,0.35483333333333333,1.0196060606060606,0.3333333333333333,0.6,0.37566666666666687,0.7860000000000008,0.26,0.64,0.32727272727272727,0.288135593220339,0.4067796610169492,0.35384615384615387,0.6032608695652174,0.1568627450980392,0.41358024691358025,0.20987654320987653,0.2882882882882883,0.36936936936936937,0.018018018018018018,5.837837837837839,1.4594594594594597,10.945945945945946,0.3,0.5630167895561838,0.34559464916122523,0.5630167895561838,1.1333333333333333,"{""novig"": {""1.5"": {""over"": 135, ""under"": -178}, ""0.5"": {""over"": -199, ""under"": 147}}, ""bet365"": {""1.5"": {""over"": 130, ""under"": -170}, ""0.5"": {""over"": -225, ""under"": 165}}, ""betmgm"": {""1.5"": {""over"": 125, ""under"": -165}, ""0.5"": {""over"": -210, ""under"": 155}}, ""draftkings"": {""1.5"": {""over"": 136, ""under"": -182}, ""0.5"": {""over"": -202, ""under"": 151}}, ""fanduel"": {""0.5"": {""over"": -210}}}",1.5,over,draftkings,136.0,0.423728813559322,True,-0.0781,0.5,over,novig,-199.0,0.6655518394648829,True,-0.1025,True
680728,Adrian Del Castillo,AZ,SD,1,7.0,1,650633,Michael King,R,825095,9:40 PM ET,Chase Field,0,1,0.16531604538087522,2026-08-03,825095,1,0,105.5,106.3,89.5,L,1,1,0,0,0,0,0,0,0,0,0,1,0,0,0,1,0,0.07,0.07,0,0,0,0,0,0,0.22,0.25,0.74,0.24528301886792453,0.2777777777777778,0.1,0.018867924528301886,0.03773584905660377,0.06,1.0666666666666667,0.8666666666666667,0.34210526315789475,0.2631578947368421,0.39473684210526316,0.2631578947368421,0.0,0.31058928571428573,0.5460238095238095,0.2222222222222222,0.3157894736842105,0.2527499999999999,0.40247916666666667,0.20833333333333334,0.3125,0.25,0.2727272727272727,0.45454545454545453,0.36363636363636365,0.7283950617283951,0.20095693779904306,0.3395348837209302,0.11627906976744186,0.4011299435028249,0.2937853107344633,0.03389830508474576,7.9411764705882355,0.9529411764705881,6.829411764705882,0.17916666666666667,0.5863220543337663,0.34559464916122523,0.5863220543337663,1.0666666666666667,"{""novig"": {""1.5"": {""over"": 182}}, ""betmgm"": {""0.5"": {""over"": -145, ""under"": 105}}, ""bet365"": {""1.5"": {""over"": 215, ""under"": -310}}}",1.5,over,bet365,215.0,0.31746031746031744,True,0.0281,0.5,over,betmgm,-145.0,0.5918367346938775,True,-0.0055,False
682998,Corbin Carroll,AZ,SD,1,1.0,1,650633,Michael King,R,825095,9:40 PM ET,Chase Field,0,1,0.16531604538087522,2026-08-03,825095,1,0,105.5,106.3,89.5,L,4,3,0,0,0,0,1,0,0,3,0,0,0,0,0,0,0,0.2855,0.74725,0,0,0,0,1,1,0.22950819672131148,0.323943661971831,0.7540983606557377,0.2112676056338028,0.25,0.26229508196721313,0.04225352112676056,0.04225352112676056,0.13114754098360656,2.0,1.0,0.6595744680851063,0.1702127659574468,0.3404255319148936,0.44680851063829785,0.0851063829787234,0.31255,0.6480944444444445,0.2727272727272727,0.15384615384615385,0.35855,0.640466666666667,0.18333333333333332,0.31666666666666665,0.22535211267605634,0.31666666666666665,0.6,0.18181818181818182,0.7283950617283951,0.20095693779904306,0.3395348837209302,0.11627906976744186,0.4011299435028249,0.2937853107344633,0.03389830508474576,7.9411764705882355,0.9529411764705881,6.829411764705882,0.17916666666666667,0.611167204250982,0.42146393331509274,0.611167204250982,2.0,"{""novig"": {""1.5"": {""over"": -100, ""under"": -135}}, ""bet365"": {""1.5"": {""over"": 105, ""under"": -140}, ""0.5"": {""over"": -220, ""under"": 160}}, ""betmgm"": {""1.5"": {""over"": 100, ""under"": -135}, ""0.5"": {""over"": -220, ""under"": 160}}, ""draftkings"": {""1.5"": {""over"": 110, ""under"": -146}, ""0.5"": {""over"": -205, ""under"": 153}}, ""fanduel"": {""0.5"": {""over"": -250}}}",1.5,over,draftkings,110.0,0.47619047619047616,True,-0.0547,0.5,over,draftkings,-205.0,0.6721311475409836,True,-0.061,True
672515,Gabriel Moreno,AZ,SD,1,3.0,1,650633,Michael King,R,825095,9:40 PM ET,Chase Field,1,1,0.16531604538087522,2026-08-03,825095,1,0,105.5,106.3,89.5,R,4,4,0,0,0,0,0,0,0,1,0,3,0,1,2,0,1,0.14166666666666666,0.279,0,0,0,0,1,0,0.3050847457627119,0.38028169014084506,0.864406779661017,0.11267605633802817,0.3076923076923077,0.1694915254237288,0.028169014084507043,0.056338028169014086,0.1016949152542373,1.8666666666666667,0.5333333333333333,0.4074074074074074,0.2777777777777778,0.3888888888888889,0.2962962962962963,0.0,0.4096255555555555,0.69138,0.13636363636363635,0.16,0.2767933333333334,0.5543399999999999,0.375,0.5178571428571429,0.12857142857142856,0.21153846153846154,0.4230769230769231,0.16393442622950818,0.7283950617283951,0.20095693779904306,0.3395348837209302,0.11627906976744186,0.4011299435028249,0.2937853107344633,0.03389830508474576,7.9411764705882355,0.9529411764705881,6.829411764705882,0.17916666666666667,0.6616065353729397,0.39286218969985337,0.6616065353729397,1.8666666666666667,"{""novig"": {""1.5"": {""over"": 127, ""under"": -170}, ""0.5"": {""over"": -239, ""under"": 190}}, ""bet365"": {""1.5"": {""over"": 132, ""under"": -175}, ""0.5"": {""over"": -270, ""under"": 195}}, ""betmgm"": {""1.5"": {""over"": 130, ""under"": -175}, ""0.5"": {""over"": -250, ""under"": 180}}, ""draftkings"": {""1.5"": {""over"": 128, ""under"": -171}, ""0.5"": {""over"": -247, ""under"": 183}}, ""fanduel"": {""0.5"": {""over"": -240}}}",1.5,over,bet365,132.0,0.43103448275862066,True,-0.0382,0.5,over,novig,-239.0,0.7050147492625368,True,-0.0434,True
672695,Geraldo Perdomo,AZ,SD,1,2.0,1,650633,Michael King,R,825095,9:40 PM ET,Chase Field,0,1,0.16531604538087522,2026-08-03,825095,1,0,105.5,106.3,89.5,L,4,3,1,0,0,0,1,0,0,0,1,3,0,1,2,1,0,0.256,0.5976666666666667,1,0,1,0,0,0,0.2647058823529412,0.358974358974359,0.8235294117647058,0.15,0.2692307692307692,0.23529411764705882,0.05,0.0,0.08823529411764706,1.1333333333333333,0.4,0.27586206896551724,0.20689655172413793,0.41379310344827586,0.3448275862068966,0.06896551724137931,0.30283333333333334,0.4765576923076923,0.42857142857142855,0.07142857142857142,0.4309333333333333,0.6578166666666669,0.18181818181818182,0.34545454545454546,0.1267605633802817,0.1774193548387097,0.1935483870967742,0.14925373134328357,0.7283950617283951,0.20095693779904306,0.3395348837209302,0.11627906976744186,0.4011299435028249,0.2937853107344633,0.03389830508474576,7.9411764705882355,0.9529411764705881,6.829411764705882,0.17916666666666667,0.5186057608768372,0.30097014450120846,0.5186057608768372,1.1333333333333333,"{""novig"": {""1.5"": {""over"": 150}, ""0.5"": {""over"": -186}}, ""bet365"": {""1.5"": {""over"": 160, ""under"": -220}, ""0.5"": {""over"": -210, ""under"": 155}}, ""betmgm"": {""1.5"": {""over"": 135, ""under"": -185}, ""0.5"": {""over"": -220, ""under"": 165}}, ""draftkings"": {""1.5"": {""over"": 152, ""under"": -204}, ""0.5"": {""over"": -185, ""under"": 139}}, ""fanduel"": {""0.5"": {""over"": -210}}}",1.5,over,bet365,160.0,0.38461538461538464,True,-0.0836,0.5,over,draftkings,-185.0,0.6491228070175439,True,-0.1305,True
606466,Ketel Marte,AZ,SD,1,4.0,1,650633,Michael King,R,825095,9:40 PM ET,Chase Field,0,1,0.16531604538087522,2026-08-03,825095,1,0,105.5,106.3,89.5,L,4,4,0,0,0,0,0,0,0,1,0,3,0,2,0,1,1,0.19366666666666665,0.269,0,0,0,0,1,0,0.225,0.27906976744186046,0.775,0.20930232558139536,0.26666666666666666,0.15,0.023255813953488372,0.06976744186046512,0.1,1.0,0.6,0.2903225806451613,0.1935483870967742,0.3870967741935484,0.25806451612903225,0.0,0.3032625,0.44323749999999995,0.23076923076923078,0.26666666666666666,0.34994999999999976,0.4555999999999999,0.18181818181818182,0.24242424242424243,0.23943661971830985,0.2698412698412698,0.5079365079365079,0.13043478260869565,0.7283950617283951,0.20095693779904306,0.3395348837209302,0.11627906976744186,0.4011299435028249,0.2937853107344633,0.03389830508474576,7.9411764705882355,0.9529411764705881,6.829411764705882,0.17916666666666667,0.525262828951266,0.30215898034997907,0.525262828951266,1.0,"{""novig"": {""1.5"": {""over"": 108, ""under"": -163}, ""0.5"": {""over"": -217, ""under"": 174}}, ""bet365"": {""1.5"": {""over"": 130, ""under"": -170}, ""0.5"": {""over"": -230, ""under"": 170}}, ""betmgm"": {""1.5"": {""over"": 115, ""under"": -155}, ""0.5"": {""over"": -225, ""under"": 165}}, ""draftkings"": {""1.5"": {""over"": 124, ""under"": -166}, ""0.5"": {""over"": -213, ""under"": 159}}, ""fanduel"": {""0.5"": {""over"": -240}}}",1.5,over,bet365,130.0,0.43478260869565216,True,-0.1326,0.5,over,draftkings,-213.0,0.6805111821086262,True,-0.1552,True
596146,Max Kepler,AZ,SD,1,5.0,1,650633,Michael King,R,825095,9:40 PM ET,Chase Field,0,1,0.16531604538087522,2026-08-03,825095,1,0,105.5,106.3,89.5,L,4,3,0,0,0,0,1,0,0,2,0,1,0,0,0,1,0,0.158,0.162,0,0,0,0,1,1,0.2692307692307692,0.3333333333333333,0.8076923076923077,0.16666666666666666,0.3023255813953488,0.1346153846153846,0.016666666666666666,0.06666666666666667,0.09615384615384616,1.4,0.6666666666666666,0.4772727272727273,0.29545454545454547,0.3181818181818182,0.2727272727272727,0.022727272727272728,0.26648333333333335,0.38908000000000004,0.3,0.18181818181818182,0.34657666666666664,0.4501733333333332,0.2692307692307692,0.40384615384615385,0.16666666666666666,0.2127659574468085,0.2553191489361702,0.25,0.7283950617283951,0.20095693779904306,0.3395348837209302,0.11627906976744186,0.4011299435028249,0.2937853107344633,0.03389830508474576,7.9411764705882355,0.9529411764705881,6.829411764705882,0.17916666666666667,0.6316553611575577,0.3710293931448935,0.6316553611575577,1.4,"{""novig"": {""1.5"": {""over"": 144, ""under"": -199}}, ""betmgm"": {""0.5"": {""over"": -165, ""under"": 125}}, ""bet365"": {""1.5"": {""over"": 180, ""under"": -240}}}",1.5,over,bet365,180.0,0.35714285714285715,True,0.0139,0.5,over,betmgm,-165.0,0.6226415094339622,True,0.009,False
571448,Nolan Arenado,AZ,SD,1,6.0,1,650633,Michael King,R,825095,9:40 PM ET,Chase Field,1,1,0.16531604538087522,2026-08-03,825095,1,0,105.5,106.3,89.5,R,4,2,0,0,0,0,1,1,0,1,0,1,0,0,0,1,0,0.036,0.036,0,0,0,0,1,0,0.2549019607843137,0.3559322033898305,0.7843137254901961,0.1864406779661017,0.2702702702702703,0.23529411764705882,0.05084745762711865,0.05084745762711865,0.11764705882352941,1.6666666666666667,0.7333333333333333,0.35,0.175,0.5,0.15,0.0,0.35619047619047617,0.5617202380952381,0.2777777777777778,0.2631578947368421,0.2696874999999999,0.44764583333333313,0.2727272727272727,0.4909090909090909,0.22580645161290322,0.19148936170212766,0.40425531914893614,0.1896551724137931,0.7283950617283951,0.20095693779904306,0.3395348837209302,0.11627906976744186,0.4011299435028249,0.2937853107344633,0.03389830508474576,7.9411764705882355,0.9529411764705881,6.829411764705882,0.17916666666666667,0.6301865481608209,0.3406916293800275,0.6301865481608209,1.6666666666666667,"{""novig"": {""1.5"": {""over"": 144}}, ""betmgm"": {""0.5"": {""over"": -165, ""under"": 125}}, ""bet365"": {""1.5"": {""over"": 185, ""under"": -250}}}",1.5,over,bet365,185.0,0.3508771929824561,True,-0.0102,0.5,over,betmgm,-165.0,0.6226415094339622,True,0.0075,False
814439,Ryan Waldschmidt,AZ,SD,1,9.0,1,650633,Michael King,R,825095,9:40 PM ET,Chase Field,1,1,0.16531604538087522,2026-08-03,825095,1,0,105.5,106.3,89.5,R,4,3,2,0,0,0,0,1,0,0,2,3,0,0,1,2,0,0.299,0.3383333333333333,1,1,1,1,0,0,0.3191489361702128,0.3333333333333333,0.6595744680851063,0.3137254901960784,0.4375,0.19148936170212766,0.0196078431372549,0.11764705882352941,0.14893617021276595,1.6,1.0666666666666667,0.24242424242424243,0.3333333333333333,0.2727272727272727,0.36363636363636365,0.030303030303030304,0.37447619047619046,0.5703333333333334,0.5714285714285714,0.14285714285714285,0.41656666666666664,0.5999666666666668,0.2857142857142857,0.4897959183673469,0.3148148148148148,0.5,0.7083333333333334,0.32,0.7283950617283951,0.20095693779904306,0.3395348837209302,0.11627906976744186,0.4011299435028249,0.2937853107344633,0.03389830508474576,7.9411764705882355,0.9529411764705881,6.829411764705882,0.17916666666666667,0.41021950231158083,0.21966021028401553,0.41021950231158083,1.6,"{""novig"": {""1.5"": {""over"": 203, ""under"": -285}}, ""betmgm"": {""0.5"": {""over"": -135, ""under"": 100}}, ""bet365"": {""1.5"": {""over"": 202, ""under"": -280}}}",1.5,over,novig,203.0,0.33003300330033003,True,-0.1104,0.5,over,betmgm,-135.0,0.574468085106383,True,-0.1642,False
694374,Tim Tawa,AZ,SD,1,8.0,1,650633,Michael King,R,825095,9:40 PM ET,Chase Field,1,1,0.16531604538087522,2026-08-03,825095,1,0,105.5,106.3,89.5,R,4,4,1,0,0,0,0,0,0,2,1,2,0,2,0,1,1,0.48550000000000004,0.5535,1,0,1,0,1,1,0.2,0.22413793103448276,0.7818181818181819,0.2033898305084746,0.21428571428571427,0.16363636363636364,0.03389830508474576,0.05084745762711865,0.09090909090909091,1.3333333333333333,0.8,0.5111111111111111,0.15555555555555556,0.35555555555555557,0.37777777777777777,0.044444444444444446,0.2841369047619048,0.5304107142857143,0.0,0.23529411764705882,0.162875,0.2557083333333332,0.2631578947368421,0.49122807017543857,0.19672131147540983,0.18421052631578946,0.2631578947368421,0.18604651162790697,0.7283950617283951,0.20095693779904306,0.3395348837209302,0.11627906976744186,0.4011299435028249,0.2937853107344633,0.03389830508474576,7.9411764705882355,0.9529411764705881,6.829411764705882,0.17916666666666667,0.5733025539931184,0.3293162620604682,0.5733025539931184,1.3333333333333333,"{""novig"": {""1.5"": {""over"": 167}}, ""betmgm"": {""0.5"": {""over"": -135, ""under"": 100}}, ""bet365"": {""1.5"": {""over"": 202, ""under"": -280}}}",1.5,over,bet365,202.0,0.33112582781456956,True,-0.0018,0.5,over,betmgm,-135.0,0.574468085106383,True,-0.0012,False
665487,Fernando Tatis Jr.,SD,AZ,0,1.0,1,694297,Brandon Pfaadt,R,825095,9:40 PM ET,Chase Field,1,1,0.18505942275042445,2026-08-03,825095,1,0,105.5,106.3,89.5,R,5,4,0,0,0,0,1,0,0,1,0,3,0,1,1,2,0,0.25133333333333335,0.329,0,0,0,0,1,0,0.3220338983050847,0.42857142857142855,0.8305084745762712,0.14285714285714285,0.34782608695652173,0.23728813559322035,0.04285714285714286,0.04285714285714286,0.11864406779661017,2.2,0.6666666666666666,0.5918367346938775,0.24489795918367346,0.4897959183673469,0.22448979591836735,0.04081632653061224,0.3696255555555556,0.6417544444444445,0.4,0.13043478260869565,0.3611933333333333,0.5445800000000001,0.3,0.45,0.18840579710144928,0.3548387096774194,0.6129032258064516,0.18571428571428572,0.8085106382978723,0.2578125,0.3969465648854962,0.12213740458015267,0.5263157894736842,0.18421052631578946,0.02631578947368421,9.671641791044776,1.611940298507463,8.059701492537314,0.20202020202020202,0.6845987609633877,0.43518866221450553,0.6845987609633877,2.2,"{""novig"": {""1.5"": {""over"": -108, ""under"": -125}}, ""bet365"": {""1.5"": {""over"": -120, ""under"": -110}}, ""betmgm"": {""1.5"": {""over"": -110, ""under"": -120}}, ""draftkings"": {""1.5"": {""over"": -116, ""under"": -115}}, ""fanduel"": {""0.5"": {""over"": -370}}}",1.5,over,novig,-108.0,0.5192307692307693,True,-0.084,0.5,over,fanduel,-370.0,0.7872340425531915,True,-0.1026,True
701538,Jackson Merrill,SD,AZ,0,5.0,1,694297,Brandon Pfaadt,R,825095,9:40 PM ET,Chase Field,0,1,0.18505942275042445,2026-08-03,825095,1,0,105.5,106.3,89.5,L,4,3,2,0,0,1,1,0,0,0,5,3,1,2,1,1,1,0.6156666666666667,1.5206666666666664,1,1,1,1,0,0,0.31666666666666665,0.32786885245901637,0.7666666666666667,0.22580645161290322,0.34146341463414637,0.3,0.08064516129032258,0.04838709677419355,0.13333333333333333,2.466666666666667,0.9333333333333333,0.5869565217391305,0.30434782608695654,0.2391304347826087,0.391304347826087,0.10869565217391304,0.3975666666666667,0.8147166666666666,0.3,0.2857142857142857,0.4023333333333333,0.6489666666666665,0.2631578947368421,0.42105263157894735,0.20967741935483872,0.27692307692307694,0.4307692307692308,0.23880597014925373,0.8085106382978723,0.2578125,0.3969465648854962,0.12213740458015267,0.5263157894736842,0.18421052631578946,0.02631578947368421,9.671641791044776,1.611940298507463,8.059701492537314,0.20202020202020202,0.6455395517520488,0.36130768741696273,0.6455395517520488,2.466666666666667,"{""novig"": {""1.5"": {""over"": 102}}, ""bet365"": {""1.5"": {""over"": 105, ""under"": -140}}, ""betmgm"": {""1.5"": {""over"": 105, ""under"": -140}}, ""draftkings"": {""1.5"": {""over"": 104, ""under"": -138}}, ""fanduel"": {""0.5"": {""over"": -260}}}",1.5,over,bet365,105.0,0.4878048780487805,True,-0.1265,0.5,over,fanduel,-260.0,0.7222222222222222,True,-0.0767,True
630105,Jake Cronenworth,SD,AZ,0,2.0,1,694297,Brandon Pfaadt,R,825095,9:40 PM ET,Chase Field,0,1,0.18505942275042445,2026-08-03,825095,1,0,105.5,106.3,89.5,L,5,5,1,0,0,0,0,0,0,2,1,3,0,1,0,2,1,0.208,0.249,1,0,1,0,1,1,0.30357142857142855,0.390625,0.75,0.2153846153846154,0.40476190476190477,0.03571428571428571,0.0,0.03076923076923077,0.03571428571428571,1.2666666666666666,0.9333333333333333,0.3488372093023256,0.27906976744186046,0.5348837209302325,0.13953488372093023,0.0,0.4008833333333333,0.47681111111111113,0.2857142857142857,0.22727272727272727,0.3134666666666668,0.3573833333333338,0.2962962962962963,0.3333333333333333,0.20967741935483872,0.19148936170212766,0.2553191489361702,0.17307692307692307,0.8085106382978723,0.2578125,0.3969465648854962,0.12213740458015267,0.5263157894736842,0.18421052631578946,0.02631578947368421,9.671641791044776,1.611940298507463,8.059701492537314,0.20202020202020202,0.644559093498896,0.3785920099656912,0.644559093498896,1.2666666666666666,"{""novig"": {""1.5"": {""over"": 122, ""under"": -163}, ""0.5"": {""over"": -228}}, ""bet365"": {""1.5"": {""over"": 132, ""under"": -175}, ""0.5"": {""over"": -245, ""under"": 182}}, ""betmgm"": {""1.5"": {""over"": 125, ""under"": -165}, ""0.5"": {""over"": -225, ""under"": 165}}, ""draftkings"": {""1.5"": {""over"": 129, ""under"": -172}, ""0.5"": {""over"": -238, ""under"": 176}}, ""fanduel"": {""0.5"": {""over"": -240}}}",1.5,over,bet365,132.0,0.43103448275862066,True,-0.0524,0.5,over,betmgm,-225.0,0.6923076923076923,True,-0.0477,True
669134,Luis Campusano,SD,AZ,0,7.0,1,694297,Brandon Pfaadt,R,825095,9:40 PM ET,Chase Field,1,1,0.18505942275042445,2026-08-03,825095,1,0,105.5,106.3,89.5,R,4,4,1,0,0,0,0,0,0,2,1,2,0,0,0,1,0,0.1985,0.23550000000000001,1,0,1,0,1,1,0.34146341463414637,0.46,0.7804878048780488,0.18,0.41935483870967744,0.0975609756097561,0.02,0.02,0.04878048780487805,1.2,0.6,0.40625,0.40625,0.3125,0.1875,0.03125,0.36524999999999996,0.48105128205128206,0.4117647058823529,0.21052631578947367,0.4568541666666667,0.549125,0.3333333333333333,0.4358974358974359,0.2127659574468085,0.13333333333333333,0.26666666666666666,0.2702702702702703,0.8085106382978723,0.2578125,0.3969465648854962,0.12213740458015267,0.5263157894736842,0.18421052631578946,0.02631578947368421,9.671641791044776,1.611940298507463,8.059701492537314,0.20202020202020202,0.6058120681447833,0.32996930920307893,0.6058120681447833,1.2,"{""novig"": {""1.5"": {""over"": 144}}, ""betmgm"": {""0.5"": {""over"": -175, ""under"": 130}}, ""bet365"": {""1.5"": {""over"": 180, ""under"": -240}}}",1.5,over,bet365,180.0,0.35714285714285715,True,-0.0272,0.5,over,betmgm,-175.0,0.6363636363636364,True,-0.0306,False
650859,Luis Rengifo,SD,AZ,0,6.0,1,694297,Brandon Pfaadt,R,825095,9:40 PM ET,Chase Field,1,1,0.18505942275042445,2026-08-03,825095,1,0,105.5,106.3,89.5,R,2,1,0,0,0,0,0,1,0,0,0,1,0,0,0,1,0,0.165,0.19,0,0,0,0,0,0,0.3333333333333333,0.5,0.875,0.09090909090909091,0.35,0.20833333333333334,0.030303030303030304,0.06060606060606061,0.125,0.8666666666666667,0.2,0.36363636363636365,0.3181818181818182,0.5,0.18181818181818182,0.0,0.39580769230769225,0.5577948717948717,0.3333333333333333,0.13333333333333333,0.3542,0.4245999999999997,0.2553191489361702,0.425531914893617,0.08771929824561403,0.30434782608695654,0.32608695652173914,0.24528301886792453,0.8085106382978723,0.2578125,0.3969465648854962,0.12213740458015267,0.5263157894736842,0.18421052631578946,0.02631578947368421,9.671641791044776,1.611940298507463,8.059701492537314,0.20202020202020202,0.496570012149476,0.2845139341896417,0.496570012149476,0.8666666666666667,"{""novig"": {""1.5"": {""over"": 133, ""under"": -203}, ""0.5"": {""over"": -223}}, ""bet365"": {""1.5"": {""over"": 160, ""under"": -220}, ""0.5"": {""over"": -240, ""under"": 180}}, ""betmgm"": {""1.5"": {""over"": 140, ""under"": -190}, ""0.5"": {""over"": -235, ""under"": 170}}, ""draftkings"": {""1.5"": {""over"": 157, ""under"": -211}, ""0.5"": {""over"": -225, ""under"": 167}}, ""fanduel"": {""1.5"": {""over"": 125}, ""0.5"": {""over"": -250}}}",1.5,over,bet365,160.0,0.38461538461538464,True,-0.1001,0.5,over,novig,-223.0,0.6904024767801857,True,-0.1938,True
592518,Manny Machado,SD,AZ,0,3.0,1,694297,Brandon Pfaadt,R,825095,9:40 PM ET,Chase Field,1,1,0.18505942275042445,2026-08-03,825095,1,0,105.5,106.3,89.5,R,4,4,0,0,0,0,0,0,0,2,0,2,0,0,0,0,2,0.4515,0.545,0,0,0,0,1,1,0.26666666666666666,0.3333333333333333,0.75,0.21739130434782608,0.27906976744186046,0.25,0.057971014492753624,0.043478260869565216,0.11666666666666667,2.066666666666667,1.0,0.46808510638297873,0.2553191489361702,0.3829787234042553,0.3404255319148936,0.06382978723404255,0.30152555555555555,0.5707188888888889,0.2631578947368421,0.3181818181818182,0.24591666666666678,0.4601166666666666,0.3548387096774194,0.6451612903225806,0.14925373134328357,0.19298245614035087,0.42105263157894735,0.234375,0.8085106382978723,0.2578125,0.3969465648854962,0.12213740458015267,0.5263157894736842,0.18421052631578946,0.02631578947368421,9.671641791044776,1.611940298507463,8.059701492537314,0.20202020202020202,0.668396307333215,0.4009582989966638,0.668396307333215,2.066666666666667,"{""novig"": {""1.5"": {""over"": 113, ""under"": -178}, ""0.5"": {""over"": -251}}, ""bet365"": {""1.5"": {""over"": 120, ""under"": -160}, ""0.5"": {""over"": -260, ""under"": 190}}, ""betmgm"": {""1.5"": {""over"": 105, ""under"": -140}, ""0.5"": {""over"": -275, ""under"": 195}}, ""draftkings"": {""1.5"": {""over"": 111, ""under"": -148}, ""0.5"": {""over"": -259, ""under"": 190}}, ""fanduel"": {""1.5"": {""over"": -105}, ""0.5"": {""over"": -270}}}",1.5,over,bet365,120.0,0.45454545454545453,True,-0.0536,0.5,over,novig,-251.0,0.7150997150997151,True,-0.0467,True
823550,Sung-Mun Song,SD,AZ,0,9.0,1,694297,Brandon Pfaadt,R,825095,9:40 PM ET,Chase Field,0,1,0.18505942275042445,2026-08-03,825095,1,0,105.5,106.3,89.5,L,4,4,0,0,0,0,0,0,0,2,0,2,0,0,0,0,0,0.0045000000000000005,0.0055,0,0,0,0,1,1,0.17142857142857143,0.2926829268292683,0.8,0.16279069767441862,0.21428571428571427,0.02857142857142857,0.0,0.023255813953488372,0.02857142857142857,0.4666666666666667,0.4666666666666667,0.23333333333333334,0.16666666666666666,0.4666666666666667,0.2,0.0,0.18232638888888889,0.273,0.0,0.36363636363636365,0.09433333333333338,0.2799999999999999,0.17142857142857143,0.2,0.16279069767441862,,,,0.8085106382978723,0.2578125,0.3969465648854962,0.12213740458015267,0.5263157894736842,0.18421052631578946,0.02631578947368421,9.671641791044776,1.611940298507463,8.059701492537314,0.20202020202020202,0.38617656541950834,0.19430522608948095,0.38617656541950834,0.4666666666666667,"{""novig"": {""1.5"": {""over"": 167}, ""0.5"": {""over"": -150}}, ""draftkings"": {""0.5"": {""over"": -155, ""under"": 117}}}",1.5,over,novig,167.0,0.37453183520599254,True,-0.1802,0.5,over,novig,-150.0,0.6,True,-0.2138,True
664034,Ty France,SD,AZ,0,4.0,1,694297,Brandon Pfaadt,R,825095,9:40 PM ET,Chase Field,1,1,0.18505942275042445,2026-08-03,825095,1,0,105.5,106.3,89.5,R,5,4,2,0,0,0,0,0,0,0,2,4,0,3,1,1,2,0.47350000000000003,0.57825,1,1,1,1,0,0,0.3898305084745763,0.4307692307692308,0.7627118644067796,0.2153846153846154,0.43902439024390244,0.3220338983050847,0.07692307692307693,0.06153846153846154,0.15254237288135594,2.8,0.9333333333333333,0.5869565217391305,0.34782608695652173,0.3695652173913043,0.2826086956521739,0.021739130434782608,0.43800555555555554,0.7287222222222223,0.4117647058823529,0.19047619047619047,0.39588333333333325,0.5073666666666665,0.48214285714285715,0.8392857142857143,0.12307692307692308,0.3191489361702128,0.6170212765957447,0.2,0.8085106382978723,0.2578125,0.3969465648854962,0.12213740458015267,0.5263157894736842,0.18421052631578946,0.02631578947368421,9.671641791044776,1.611940298507463,8.059701492537314,0.20202020202020202,0.6940327959699418,0.4438645739401239,0.6940327959699418,2.8,"{""novig"": {""1.5"": {""over"": 104, ""under"": -147}}, ""bet365"": {""1.5"": {""over"": 110, ""under"": -150}}, ""betmgm"": {""1.5"": {""over"": 110, ""under"": -150}}, ""draftkings"": {""1.5"": {""over"": 108, ""under"": -144}}, ""fanduel"": {""1.5"": {""over"": 110}, ""0.5"": {""over"": -240}}}",1.5,over,fanduel,110.0,0.47619047619047616,True,-0.0323,0.5,over,fanduel,-240.0,0.7058823529411765,True,-0.0118,True
593428,Xander Bogaerts,SD,AZ,0,8.0,1,694297,Brandon Pfaadt,R,825095,9:40 PM ET,Chase Field,1,1,0.18505942275042445,2026-08-03,825095,1,0,105.5,106.3,89.5,R,4,2,0,0,0,0,2,0,0,1,0,1,0,0,0,1,0,0.429,0.548,0,0,0,0,1,0,0.20754716981132076,0.2903225806451613,0.8301886792452831,0.14516129032258066,0.2391304347826087,0.05660377358490566,0.0,0.04838709677419355,0.05660377358490566,0.9333333333333333,0.6,0.391304347826087,0.1956521739130435,0.45652173913043476,0.32608695652173914,0.0,0.29995,0.4384166666666667,0.2777777777777778,0.2,0.2978333333333334,0.38406666666666645,0.19230769230769232,0.28846153846153844,0.203125,0.2037037037037037,0.25925925925925924,0.14754098360655737,0.8085106382978723,0.2578125,0.3969465648854962,0.12213740458015267,0.5263157894736842,0.18421052631578946,0.02631578947368421,9.671641791044776,1.611940298507463,8.059701492537314,0.20202020202020202,0.6178766200780887,0.34840107786594804,0.6178766200780887,0.9333333333333333,"{""novig"": {""1.5"": {""over"": 138, ""under"": -213}}, ""betmgm"": {""0.5"": {""over"": -200, ""under"": 145}}, ""bet365"": {""1.5"": {""over"": 160, ""under"": -220}}, ""draftkings"": {""1.5"": {""over"": 152, ""under"": -205}}}",1.5,over,bet365,160.0,0.38461538461538464,True,-0.0362,0.5,over,betmgm,-200.0,0.6666666666666666,True,-0.0488,False
