batter,player_name,team_abbr,opp_team,is_home,bat_order,in_lineup,pitcher_id,pitcher_name,p_throws,game_id,game_time,stadium,stand_R,p_throws_R,opp_k_pct_15,game_date,game_pk,is_dome,wind_out,hit_factor,tb_factor,hr_factor,stand,pa,ab,h,doubles,triples,hr,bb,hbp,sf,k,tb,batted_balls,barrels,hard_hits,fly_balls,ground_balls,line_drives,avg_xba,avg_xslg,target_hit_1plus,target_hit_2plus,target_tb_1plus,target_tb_2plus,target_k_1plus,target_k_2plus,batting_avg_15,obp_15,contact_rate_15,k_rate_15,babip_15,iso_15,hr_rate_15,doubles_rate_15,extra_base_hit_rate_15,avg_total_bases_15,avg_k_per_game_15,hard_hit_pct_15,line_drive_pct_15,gb_pct_15,fly_ball_pct_15,barrel_pct_15,xba_15,xslg_15,batting_avg_last_5,k_rate_last_5,xba_last_5,xslg_last_5,batting_avg_vs_R_15,slg_vs_R_15,k_rate_vs_R_15,batting_avg_vs_L_15,slg_vs_L_15,k_rate_vs_L_15,p_contact_rate_allowed_10,p_babip_allowed_10,p_slg_allowed_10,p_iso_allowed_10,p_gb_pct_10,p_fb_pct_10,p_barrel_pct_allowed_10,p_hits_per9_10,p_hr_per9_10,p_k_per9_10,p_k_rate_10,p_tb_1plus,p_tb_2plus,adj_prob,pred_total_bases,book_markets,primary_line,primary_side,primary_best_book,primary_best_odds,primary_book_implied,primary_has_line,primary_edge,secondary_line,secondary_side,secondary_best_book,secondary_best_odds,secondary_book_implied,secondary_has_line,secondary_edge,secondary_is_hits_fallback
665966,Carlos Narváez,BAL,CLE,1,9.0,1,656492,Foster Griffin,L,824791,6:35 PM ET,Camden Yards,1,0,0.25704225352112675,2026-09-09,824791,0.0,1,102.7,105.0,101.5,R,3,3,0,0,0,0,0,0,0,1,0,2,0,1,0,1,1,0.531,0.877,0,0,0,0,1,0,0.08108108108108109,0.20930232558139536,0.7027027027027027,0.25,0.11538461538461539,0.02702702702702703,0.0,0.022727272727272728,0.02702702702702703,0.26666666666666666,0.7333333333333333,0.5185185185185185,0.18518518518518517,0.4444444444444444,0.2962962962962963,0.0,0.2491547619047619,0.32855952380952386,0.07692307692307693,0.1875,0.20726666666666665,0.24226666666666663,0.1891891891891892,0.2972972972972973,0.3181818181818182,0.025,0.025,0.3829787234042553,0.7565217391304347,0.24271844660194175,0.4460093896713615,0.1784037558685446,0.43103448275862066,0.27011494252873564,0.011494252873563218,7.623529411764705,1.7470588235294118,9.211764705882354,0.25217391304347825,0.42950216529921015,0.18325601959324622,0.42950216529921015,0.26666666666666666,,1.5,,,,,False,,0.5,,,,,False,,False
687952,Christian Encarnacion-Strand,BAL,CLE,1,4.0,1,656492,Foster Griffin,L,824791,6:35 PM ET,Camden Yards,1,0,0.25704225352112675,2026-09-09,824791,0.0,1,102.7,105.0,101.5,R,1,0,0,0,0,0,0,1,0,0,0,0,0,0,0,0,0,0.284,0.7786666666666666,0,0,0,0,0,0,0.3018867924528302,0.3508771929824561,0.6981132075471698,0.2807017543859649,0.4,0.20754716981132076,0.03508771929824561,0.08771929824561403,0.1320754716981132,1.8,1.0666666666666667,0.40540540540540543,0.2972972972972973,0.35135135135135137,0.32432432432432434,0.05405405405405406,0.33853333333333335,0.6986777777777777,0.2631578947368421,0.3333333333333333,0.40920000000000006,1.0460333333333331,0.29411764705882354,0.49019607843137253,0.25925925925925924,0.20833333333333334,0.4375,0.2962962962962963,0.7565217391304347,0.24271844660194175,0.4460093896713615,0.1784037558685446,0.43103448275862066,0.27011494252873564,0.011494252873563218,7.623529411764705,1.7470588235294118,9.211764705882354,0.25217391304347825,0.6867369075877816,0.46427006525706277,0.6867369075877816,1.8,,1.5,,,,,False,,0.5,,,,,False,,False
691723,Coby Mayo,BAL,CLE,1,3.0,1,656492,Foster Griffin,L,824791,6:35 PM ET,Camden Yards,1,0,0.25704225352112675,2026-09-09,824791,0.0,1,102.7,105.0,101.5,R,4,3,0,0,0,0,1,0,0,0,0,3,0,1,1,2,0,0.08600000000000001,0.19333333333333333,0,0,0,0,0,0,0.30612244897959184,0.37037037037037035,0.7142857142857143,0.25925925925925924,0.3548387096774194,0.2857142857142857,0.07407407407407407,0.037037037037037035,0.12244897959183673,1.9333333333333333,0.9333333333333333,0.45714285714285713,0.2571428571428571,0.2857142857142857,0.37142857142857144,0.02857142857142857,0.402297619047619,0.7943392857142857,0.3333333333333333,0.25,0.3315416666666666,0.8123749999999998,0.25,0.5192307692307693,0.26785714285714285,0.30434782608695654,0.6086956521739131,0.28,0.7565217391304347,0.24271844660194175,0.4460093896713615,0.1784037558685446,0.43103448275862066,0.27011494252873564,0.011494252873563218,7.623529411764705,1.7470588235294118,9.211764705882354,0.25217391304347825,0.6764276072814089,0.4500762410656168,0.6764276072814089,1.9333333333333333,,1.5,,,,,False,,0.5,,,,,False,,False
687637,Dylan Beavers,BAL,CLE,1,1.0,1,656492,Foster Griffin,L,824791,6:35 PM ET,Camden Yards,0,0,0.25704225352112675,2026-09-09,824791,0.0,1,102.7,105.0,101.5,L,4,4,0,0,0,0,0,0,0,1,0,3,0,0,0,1,1,0.11566666666666668,0.15366666666666667,0,0,0,0,1,0,0.2608695652173913,0.34615384615384615,0.7391304347826086,0.23076923076923078,0.35294117647058826,0.13043478260869565,0.0,0.11538461538461539,0.13043478260869565,1.2,0.8,0.3235294117647059,0.2647058823529412,0.3235294117647059,0.38235294117647056,0.029411764705882353,0.28331904761904764,0.4662785714285715,0.17647058823529413,0.3888888888888889,0.28961666666666663,0.4379333333333333,0.25,0.5416666666666666,0.26,0.1590909090909091,0.25,0.2545454545454545,0.7565217391304347,0.24271844660194175,0.4460093896713615,0.1784037558685446,0.43103448275862066,0.27011494252873564,0.011494252873563218,7.623529411764705,1.7470588235294118,9.211764705882354,0.25217391304347825,0.664369443189896,0.3856804948930475,0.664369443189896,1.2,,1.5,,,,,False,,0.5,,,,,False,,False
702616,Jackson Holliday,BAL,CLE,1,5.0,1,656492,Foster Griffin,L,824791,6:35 PM ET,Camden Yards,0,0,0.25704225352112675,2026-09-09,824791,0.0,1,102.7,105.0,101.5,L,5,5,2,1,0,0,0,0,0,2,3,3,0,1,0,1,2,0.5933333333333333,0.7266666666666667,1,1,1,1,1,1,0.21875,0.2153846153846154,0.765625,0.23076923076923078,0.2653061224489796,0.078125,0.015384615384615385,0.03076923076923077,0.046875,1.2666666666666666,1.0,0.36,0.3,0.42,0.22,0.04,0.3071059523809524,0.46486071428571435,0.15789473684210525,0.3684210526315789,0.2773958333333334,0.40662500000000007,0.20634920634920634,0.30158730158730157,0.22727272727272727,0.24074074074074073,0.2777777777777778,0.26229508196721313,0.7565217391304347,0.24271844660194175,0.4460093896713615,0.1784037558685446,0.43103448275862066,0.27011494252873564,0.011494252873563218,7.623529411764705,1.7470588235294118,9.211764705882354,0.25217391304347825,0.6867369075877816,0.43723583191383736,0.6867369075877816,1.2666666666666666,,1.5,,,,,False,,0.5,,,,,False,,False
669236,Jeremiah Jackson,BAL,CLE,1,7.0,1,656492,Foster Griffin,L,824791,6:35 PM ET,Camden Yards,1,0,0.25704225352112675,2026-09-09,824791,0.0,1,102.7,105.0,101.5,R,1,1,0,0,0,0,0,0,0,1,0,0,0,0,0,0,0,0.19,0.206,0,0,0,0,1,0,0.037037037037037035,0.15625,0.7407407407407407,0.20588235294117646,0.047619047619047616,0.0,0.0,0.0,0.0,0.06666666666666667,0.4666666666666667,0.36363636363636365,0.13636363636363635,0.5454545454545454,0.22727272727272727,0.0,0.21000000000000002,0.3460166666666667,0.0,0.45454545454545453,0.14000000000000004,0.2821111111111111,0.1951219512195122,0.2926829268292683,0.15555555555555556,0.1724137931034483,0.2413793103448276,0.23529411764705882,0.7565217391304347,0.24271844660194175,0.4460093896713615,0.1784037558685446,0.43103448275862066,0.27011494252873564,0.011494252873563218,7.623529411764705,1.7470588235294118,9.211764705882354,0.25217391304347825,0.5480086529594113,0.33932604532743826,0.5480086529594113,0.06666666666666667,,1.5,,,,,False,,0.5,,,,,False,,False
665750,Leody Taveras,BAL,CLE,1,8.0,1,656492,Foster Griffin,L,824791,6:35 PM ET,Camden Yards,0,0,0.25704225352112675,2026-09-09,824791,0.0,1,102.7,105.0,101.5,L,4,4,1,1,0,0,0,0,0,1,2,3,0,1,1,1,1,0.31366666666666665,0.38033333333333336,1,0,1,1,1,0,0.1111111111111111,0.2,0.5555555555555556,0.4,0.15789473684210525,0.1388888888888889,0.025,0.05,0.08333333333333333,0.6,1.0666666666666667,0.45,0.15,0.4,0.4,0.0,0.2384461538461538,0.3487846153846154,0.0,0.5625,0.20274999999999999,0.2871249999999998,0.21568627450980393,0.45098039215686275,0.2,0.18518518518518517,0.2037037037037037,0.3508771929824561,0.7565217391304347,0.24271844660194175,0.4460093896713615,0.1784037558685446,0.43103448275862066,0.27011494252873564,0.011494252873563218,7.623529411764705,1.7470588235294118,9.211764705882354,0.25217391304347825,0.4715708756434656,0.2965912810066776,0.4715708756434656,0.6,,1.5,,,,,False,,0.5,,,,,False,,False
624413,Pete Alonso,BAL,CLE,1,2.0,1,656492,Foster Griffin,L,824791,6:35 PM ET,Camden Yards,1,0,0.25704225352112675,2026-09-09,824791,0.0,1,102.7,105.0,101.5,R,4,4,2,0,0,1,0,0,0,0,5,4,1,2,3,0,1,0.47475,1.242,1,1,1,1,0,0,0.20754716981132076,0.3384615384615385,0.6981132075471698,0.24615384615384617,0.22857142857142856,0.18867924528301888,0.046153846153846156,0.015384615384615385,0.07547169811320754,1.4,1.0666666666666667,0.631578947368421,0.18421052631578946,0.5789473684210527,0.21052631578947367,0.02631578947368421,0.35845238095238097,0.615970238095238,0.1875,0.23809523809523808,0.3445666666666667,0.683233333333333,0.3090909090909091,0.5454545454545454,0.22388059701492538,0.2833333333333333,0.5166666666666667,0.25757575757575757,0.7565217391304347,0.24271844660194175,0.4460093896713615,0.1784037558685446,0.43103448275862066,0.27011494252873564,0.011494252873563218,7.623529411764705,1.7470588235294118,9.211764705882354,0.25217391304347825,0.662234888767227,0.44644258260199393,0.662234888767227,1.4,,1.5,,,,,False,,0.5,,,,,False,,False
677956,Rece Hinds,BAL,CLE,1,6.0,1,656492,Foster Griffin,L,824791,6:35 PM ET,Camden Yards,1,0,0.25704225352112675,2026-09-09,824791,0.0,1,102.7,105.0,101.5,R,4,2,2,0,0,0,2,0,0,0,2,2,0,1,1,1,0,0.20400000000000001,0.2275,1,1,1,1,0,0,0.15384615384615385,0.19047619047619047,0.46153846153846156,0.5,0.3157894736842105,0.10256410256410256,0.0,0.09523809523809523,0.10256410256410256,0.6666666666666666,1.4,0.3157894736842105,0.2631578947368421,0.42105263157894735,0.21052631578947367,0.0,0.2880666666666667,0.3685,0.125,0.75,0.29250000000000004,0.492,0.23809523809523808,0.5476190476190477,0.3191489361702128,0.075,0.125,0.5853658536585366,0.7565217391304347,0.24271844660194175,0.4460093896713615,0.1784037558685446,0.43103448275862066,0.27011494252873564,0.011494252873563218,7.623529411764705,1.7470588235294118,9.211764705882354,0.25217391304347825,0.589337815056986,0.3247686819821207,0.589337815056986,0.6666666666666666,,1.5,,,,,False,,0.5,,,,,False,,False
694197,Angel Genao,CLE,BAL,0,7.0,1,669358,Shane Baz,R,824791,6:35 PM ET,Camden Yards,1,1,0.18928571428571428,2026-09-09,824791,0.0,1,102.7,105.0,101.5,R,3,3,0,0,0,0,0,0,0,2,0,1,0,0,0,1,0,0.065,0.066,0,0,0,0,1,1,0.17857142857142858,0.23333333333333334,0.7857142857142857,0.2,0.19047619047619047,0.14285714285714285,0.03333333333333333,0.03333333333333333,0.07142857142857142,0.6,0.4,0.4090909090909091,0.13636363636363635,0.8181818181818182,0.045454545454545456,0.045454545454545456,0.3168690476190476,0.5440952380952381,0.2,0.1,0.1742,0.19260000000000002,0.2,0.22,0.18181818181818182,0.2903225806451613,0.5806451612903226,0.058823529411764705,0.70042194092827,0.2688679245283019,0.35514018691588783,0.0794392523364486,0.40963855421686746,0.25903614457831325,0.024096385542168676,7.8989361702127665,0.574468085106383,7.468085106382978,0.1984732824427481,0.45388792673551936,0.28585968961884234,0.45388792673551936,0.6,,1.5,,,,,False,,0.5,,,,,False,,False
677587,Brayan Rocchio,CLE,BAL,0,9.0,1,669358,Shane Baz,R,824791,6:35 PM ET,Camden Yards,0,1,0.18928571428571428,2026-09-09,824791,0.0,1,102.7,105.0,101.5,L,4,3,1,0,0,0,0,0,0,0,1,4,0,0,1,2,1,0.7343333333333333,0.8086666666666668,1,0,1,0,0,0,0.21739130434782608,0.28,0.8695652173913043,0.12,0.11764705882352941,0.43478260869565216,0.12,0.04,0.17391304347826086,1.0,0.2,0.3,0.15,0.5,0.35,0.0,0.20225,0.3718214285714286,0.25,0.125,0.24040000000000009,0.43690000000000007,0.21153846153846154,0.36538461538461536,0.12727272727272726,0.2,0.32727272727272727,0.15254237288135594,0.70042194092827,0.2688679245283019,0.35514018691588783,0.0794392523364486,0.40963855421686746,0.25903614457831325,0.024096385542168676,7.8989361702127665,0.574468085106383,7.468085106382978,0.1984732824427481,0.46872291708746644,0.22374858268017914,0.46872291708746644,1.0,,1.5,,,,,False,,0.5,,,,,False,,False
800050,Chase DeLauter,CLE,BAL,0,2.0,1,669358,Shane Baz,R,824791,6:35 PM ET,Camden Yards,0,1,0.18928571428571428,2026-09-09,824791,0.0,1,102.7,105.0,101.5,L,4,3,2,2,0,0,1,0,0,0,4,3,0,2,1,1,1,0.42366666666666664,0.57,1,1,1,1,0,0,0.3469387755102041,0.38461538461538464,0.7755102040816326,0.21153846153846154,0.4473684210526316,0.16326530612244897,0.0,0.07692307692307693,0.12244897959183673,1.6666666666666667,0.7333333333333333,0.42105263157894735,0.18421052631578946,0.5263157894736842,0.18421052631578946,0.02631578947368421,0.24347976190476192,0.3047321428571429,0.42105263157894735,0.15789473684210525,0.32031,0.42815000000000003,0.4230769230769231,0.6346153846153846,0.14545454545454545,0.2807017543859649,0.38596491228070173,0.171875,0.70042194092827,0.2688679245283019,0.35514018691588783,0.0794392523364486,0.40963855421686746,0.25903614457831325,0.024096385542168676,7.8989361702127665,0.574468085106383,7.468085106382978,0.1984732824427481,0.6741388431790064,0.37547305958683963,0.6741388431790064,1.6666666666666667,,1.5,,,,,False,,0.5,,,,,False,,False
666176,Jo Adell,CLE,BAL,0,4.0,1,669358,Shane Baz,R,824791,6:35 PM ET,Camden Yards,1,1,0.18928571428571428,2026-09-09,824791,0.0,1,102.7,105.0,101.5,R,5,3,1,0,0,0,1,1,0,0,1,3,0,2,1,1,1,0.40900000000000003,0.4876666666666667,1,0,1,0,0,0,0.23214285714285715,0.3125,0.7678571428571429,0.203125,0.29545454545454547,0.07142857142857142,0.0,0.0625,0.07142857142857142,1.1333333333333333,0.8666666666666667,0.2727272727272727,0.18181818181818182,0.5,0.18181818181818182,0.0,0.29664285714285715,0.3733809523809524,0.17647058823529413,0.3157894736842105,0.3020833333333335,0.34375,0.2542372881355932,0.3559322033898305,0.22388059701492538,0.23529411764705882,0.5098039215686274,0.3148148148148148,0.70042194092827,0.2688679245283019,0.35514018691588783,0.0794392523364486,0.40963855421686746,0.25903614457831325,0.024096385542168676,7.8989361702127665,0.574468085106383,7.468085106382978,0.1984732824427481,0.6435823267734156,0.37662543933912374,0.6435823267734156,1.1333333333333333,,1.5,,,,,False,,0.5,,,,,False,,False
608070,José Ramírez,CLE,BAL,0,3.0,1,669358,Shane Baz,R,824791,6:35 PM ET,Camden Yards,0,1,0.18928571428571428,2026-09-09,824791,0.0,1,102.7,105.0,101.5,L,5,5,1,0,0,0,0,0,0,0,1,5,0,1,1,2,1,0.2534,0.3116,1,0,1,0,0,0,0.18421052631578946,0.21951219512195122,0.9210526315789473,0.07317073170731707,0.17142857142857143,0.10526315789473684,0.024390243902439025,0.024390243902439025,0.05263157894736842,0.7333333333333333,0.2,0.16666666666666666,0.2222222222222222,0.3611111111111111,0.25,0.0,0.20389444444444446,0.2749277777777778,0.16666666666666666,0.08333333333333333,0.1074499999999999,0.13640000000000013,0.26666666666666666,0.38333333333333336,0.2,0.3269230769230769,0.5,0.04838709677419355,0.70042194092827,0.2688679245283019,0.35514018691588783,0.0794392523364486,0.40963855421686746,0.25903614457831325,0.024096385542168676,7.8989361702127665,0.574468085106383,7.468085106382978,0.1984732824427481,0.4640931816437077,0.271563193012462,0.4640931816437077,0.7333333333333333,,1.5,,,,,False,,0.5,,,,,False,,False
663993,Nathaniel Lowe,CLE,BAL,0,6.0,1,669358,Shane Baz,R,824791,6:35 PM ET,Camden Yards,0,1,0.18928571428571428,2026-09-09,824791,0.0,1,102.7,105.0,101.5,L,5,3,0,0,0,0,2,0,0,2,0,1,0,0,0,0,1,0.631,0.707,0,0,0,0,1,1,0.19607843137254902,0.25862068965517243,0.7450980392156863,0.22413793103448276,0.21052631578947367,0.13725490196078433,0.034482758620689655,0.017241379310344827,0.058823529411764705,1.1333333333333333,0.8666666666666667,0.35,0.375,0.325,0.2,0.025,0.3733177777777778,0.5160022222222221,0.3076923076923077,0.1875,0.3872333333333332,0.6254666666666665,0.23076923076923078,0.38461538461538464,0.2033898305084746,0.2564102564102564,0.5384615384615384,0.13953488372093023,0.70042194092827,0.2688679245283019,0.35514018691588783,0.0794392523364486,0.40963855421686746,0.25903614457831325,0.024096385542168676,7.8989361702127665,0.574468085106383,7.468085106382978,0.1984732824427481,0.530799407099845,0.339374375822956,0.530799407099845,1.1333333333333333,,1.5,,,,,False,,0.5,,,,,False,,False
672275,Patrick Bailey,CLE,BAL,0,8.0,1,669358,Shane Baz,R,824791,6:35 PM ET,Camden Yards,0,1,0.18928571428571428,2026-09-09,824791,0.0,1,102.7,105.0,101.5,L,4,3,2,0,0,0,0,0,0,1,2,3,0,0,1,1,1,0.6539999999999999,0.716,1,1,1,1,1,0,0.34782608695652173,0.4827586206896552,0.7391304347826086,0.20689655172413793,0.4375,0.17391304347826086,0.034482758620689655,0.034482758620689655,0.08695652173913043,0.8,0.4,0.47058823529411764,0.4117647058823529,0.29411764705882354,0.29411764705882354,0.0,0.4383333333333333,0.9189666666666666,0.125,0.2222222222222222,0.11591666666666664,0.13533333333333367,0.2826086956521739,0.391304347826087,0.2545454545454545,0.175,0.35,0.29545454545454547,0.70042194092827,0.2688679245283019,0.35514018691588783,0.0794392523364486,0.40963855421686746,0.25903614457831325,0.024096385542168676,7.8989361702127665,0.574468085106383,7.468085106382978,0.1984732824427481,0.4632514589674231,0.3117690682785119,0.4632514589674231,0.8,,1.5,,,,,False,,0.5,,,,,False,,False
680757,Steven Kwan,CLE,BAL,0,1.0,1,669358,Shane Baz,R,824791,6:35 PM ET,Camden Yards,0,1,0.18928571428571428,2026-09-09,824791,0.0,1,102.7,105.0,101.5,L,5,5,1,1,0,0,0,0,0,0,2,5,0,1,1,3,1,0.19180000000000003,0.32999999999999996,1,0,1,1,0,0,0.3548387096774194,0.3939393939393939,0.8870967741935484,0.10606060606060606,0.4,0.06451612903225806,0.0,0.06060606060606061,0.06451612903225806,1.7333333333333334,0.4666666666666667,0.12727272727272726,0.32727272727272727,0.4727272727272727,0.18181818181818182,0.0,0.3188944444444444,0.4085288888888889,0.2631578947368421,0.14285714285714285,0.33876666666666655,0.4458666666666666,0.32786885245901637,0.39344262295081966,0.08695652173913043,0.3584905660377358,0.41509433962264153,0.12307692307692308,0.70042194092827,0.2688679245283019,0.35514018691588783,0.0794392523364486,0.40963855421686746,0.25903614457831325,0.024096385542168676,7.8989361702127665,0.574468085106383,7.468085106382978,0.1984732824427481,0.682923672266286,0.4239397118588828,0.682923672266286,1.7333333333333334,,1.5,,,,,False,,0.5,,,,,False,,False
683953,Travis Bazzana,CLE,BAL,0,5.0,1,669358,Shane Baz,R,824791,6:35 PM ET,Camden Yards,0,1,0.18928571428571428,2026-09-09,824791,0.0,1,102.7,105.0,101.5,L,5,4,1,0,0,1,1,0,0,1,4,3,0,2,2,1,0,0.35866666666666663,1.0146666666666666,1,0,1,1,1,0,0.32653061224489793,0.375,0.8775510204081632,0.10714285714285714,0.3409090909090909,0.14285714285714285,0.017857142857142856,0.07142857142857142,0.10204081632653061,1.5333333333333334,0.4,0.3333333333333333,0.24444444444444444,0.4222222222222222,0.26666666666666666,0.022222222222222223,0.2665077777777778,0.38713888888888887,0.42857142857142855,0.06666666666666667,0.2785,0.4982833333333332,0.34,0.48,0.12280701754385964,0.16363636363636364,0.21818181818181817,0.234375,0.70042194092827,0.2688679245283019,0.35514018691588783,0.0794392523364486,0.40963855421686746,0.25903614457831325,0.024096385542168676,7.8989361702127665,0.574468085106383,7.468085106382978,0.1984732824427481,0.6376110003203358,0.3801412610797552,0.6376110003203358,1.5333333333333334,,1.5,,,,,False,,0.5,,,,,False,,False
669016,Brandon Marsh,PHI,HOU,1,6.0,1,686613,Hunter Brown,R,823416,6:40 PM ET,Citizens Bank Park,0,1,0.19419237749546278,2026-09-09,823416,0.0,1,103.7,104.6,118.0,L,3,3,1,1,0,0,0,0,0,1,2,2,0,2,0,1,1,0.43000000000000005,0.9195000000000001,1,0,1,1,1,0,0.18421052631578946,0.24390243902439024,0.7631578947368421,0.21951219512195122,0.2413793103448276,0.02631578947368421,0.0,0.024390243902439025,0.02631578947368421,0.5333333333333333,0.6,0.20689655172413793,0.2413793103448276,0.41379310344827586,0.27586206896551724,0.034482758620689655,0.23488095238095236,0.3894404761904761,0.09090909090909091,0.09090909090909091,0.2045,0.24940000000000023,0.225,0.25,0.20930232558139536,0.21666666666666667,0.3333333333333333,0.3230769230769231,0.6282051282051282,0.1875,0.375,0.155,0.5714285714285714,0.20408163265306123,0.013605442176870748,7.132075471698114,1.1886792452830188,10.018867924528301,0.26339285714285715,0.5331685909168137,0.25246677805179013,0.5331685909168137,0.5333333333333333,,1.5,,,,,False,,0.5,,,,,False,,False
650559,Bryan De La Cruz,PHI,HOU,1,9.0,1,686613,Hunter Brown,R,823416,6:40 PM ET,Citizens Bank Park,1,1,0.19419237749546278,2026-09-09,823416,0.0,1,103.7,104.6,118.0,R,2,2,0,0,0,0,0,0,0,0,0,2,0,1,1,0,1,0.28700000000000003,0.386,0,0,0,0,0,0,0.25,0.28888888888888886,0.725,0.24444444444444444,0.3,0.125,0.022222222222222223,0.044444444444444446,0.075,1.0,0.7333333333333333,0.45161290322580644,0.3225806451612903,0.5483870967741935,0.0967741935483871,0.03225806451612903,0.34199999999999997,0.475625,0.25,0.3333333333333333,0.3055833333333334,0.34387499999999965,0.24444444444444444,0.4,0.2916666666666667,0.35294117647058826,0.4411764705882353,0.15384615384615385,0.6282051282051282,0.1875,0.375,0.155,0.5714285714285714,0.20408163265306123,0.013605442176870748,7.132075471698114,1.1886792452830188,10.018867924528301,0.26339285714285715,0.48774309473259997,0.25708391383012563,0.48774309473259997,1.0,,1.5,,,,,False,,0.5,,,,,False,,False
547180,Bryce Harper,PHI,HOU,1,3.0,1,686613,Hunter Brown,R,823416,6:40 PM ET,Citizens Bank Park,0,1,0.19419237749546278,2026-09-09,823416,0.0,1,103.7,104.6,118.0,L,4,4,1,0,0,0,0,0,0,1,1,3,0,2,0,2,0,0.2793333333333334,0.306,1,0,1,0,1,0,0.3888888888888889,0.47619047619047616,0.7037037037037037,0.25396825396825395,0.5277777777777778,0.2037037037037037,0.031746031746031744,0.07936507936507936,0.12962962962962962,2.1333333333333333,1.0666666666666667,0.47368421052631576,0.4473684210526316,0.2894736842105263,0.23684210526315788,0.05263157894736842,0.47867777777777776,0.79455,0.1875,0.3684210526315789,0.46345000000000003,0.5915999999999999,0.3404255319148936,0.425531914893617,0.171875,0.2786885245901639,0.4918032786885246,0.31343283582089554,0.6282051282051282,0.1875,0.375,0.155,0.5714285714285714,0.20408163265306123,0.013605442176870748,7.132075471698114,1.1886792452830188,10.018867924528301,0.26339285714285715,0.668396307333215,0.4162035678528016,0.668396307333215,2.1333333333333333,,1.5,,,,,False,,0.5,,,,,False,,False
681082,Bryson Stott,PHI,HOU,1,5.0,1,686613,Hunter Brown,R,823416,6:40 PM ET,Citizens Bank Park,0,1,0.19419237749546278,2026-09-09,823416,0.0,1,103.7,104.6,118.0,L,4,3,1,0,0,0,0,1,0,0,1,3,0,1,0,2,0,0.31133333333333335,0.3373333333333333,1,0,1,0,0,0,0.15384615384615385,0.19642857142857142,0.75,0.23214285714285715,0.1794871794871795,0.09615384615384616,0.017857142857142856,0.03571428571428571,0.057692307692307696,0.8666666666666667,0.8666666666666667,0.3,0.275,0.425,0.275,0.025,0.30467222222222223,0.5279166666666666,0.058823529411764705,0.15789473684210525,0.35545,0.6944333333333332,0.21428571428571427,0.2857142857142857,0.15,0.21568627450980393,0.4117647058823529,0.1694915254237288,0.6282051282051282,0.1875,0.375,0.155,0.5714285714285714,0.20408163265306123,0.013605442176870748,7.132075471698114,1.1886792452830188,10.018867924528301,0.26339285714285715,0.6006252866318901,0.3362535404471645,0.6006252866318901,0.8666666666666667,,1.5,,,,,False,,0.5,,,,,False,,False
592663,J.T. Realmuto,PHI,HOU,1,8.0,1,686613,Hunter Brown,R,823416,6:40 PM ET,Citizens Bank Park,1,1,0.19419237749546278,2026-09-09,823416,0.0,1,103.7,104.6,118.0,R,4,4,0,0,0,0,0,0,0,0,0,4,1,3,3,0,1,0.33625,0.75,0,0,0,0,0,0,0.22916666666666666,0.3333333333333333,0.7708333333333334,0.19298245614035087,0.25,0.1875,0.03508771929824561,0.05263157894736842,0.10416666666666667,1.3333333333333333,0.7333333333333333,0.42105263157894735,0.23684210526315788,0.39473684210526316,0.21052631578947367,0.07894736842105263,0.32915476190476195,0.5272023809523809,0.0625,0.3888888888888889,0.13752083333333345,0.29652083333333334,0.14814814814814814,0.24074074074074073,0.22413793103448276,0.3137254901960784,0.45098039215686275,0.16666666666666666,0.6282051282051282,0.1875,0.375,0.155,0.5714285714285714,0.20408163265306123,0.013605442176870748,7.132075471698114,1.1886792452830188,10.018867924528301,0.26339285714285715,0.5961255140357999,0.3373215309651259,0.5961255140357999,1.3333333333333333,,1.5,,,,,False,,0.5,,,,,False,,False
702222,Justin Crawford,PHI,HOU,1,7.0,1,686613,Hunter Brown,R,823416,6:40 PM ET,Citizens Bank Park,0,1,0.19419237749546278,2026-09-09,823416,0.0,1,103.7,104.6,118.0,L,2,2,1,1,0,0,0,0,0,0,2,2,0,1,0,1,1,0.301,0.443,1,0,1,1,0,0,0.1891891891891892,0.2619047619047619,0.8648648648648649,0.11627906976744186,0.21212121212121213,0.0,0.0,0.0,0.0,0.4666666666666667,0.3333333333333333,0.5,0.14705882352941177,0.7352941176470589,0.08823529411764706,0.0,0.25729166666666664,0.3124345238095238,0.1,0.3,0.21000000000000002,0.2665,0.1891891891891892,0.1891891891891892,0.11627906976744186,0.23076923076923078,0.3076923076923077,0.2619047619047619,0.6282051282051282,0.1875,0.375,0.155,0.5714285714285714,0.20408163265306123,0.013605442176870748,7.132075471698114,1.1886792452830188,10.018867924528301,0.26339285714285715,0.5489073107334699,0.28295669754900477,0.5489073107334699,0.4666666666666667,,1.5,,,,,False,,0.5,,,,,False,,False
656941,Kyle Schwarber,PHI,HOU,1,1.0,1,686613,Hunter Brown,R,823416,6:40 PM ET,Citizens Bank Park,0,1,0.19419237749546278,2026-09-09,823416,0.0,1,103.7,104.6,118.0,L,5,5,1,0,0,0,0,0,0,0,1,5,0,1,0,1,3,0.38,0.4614,1,0,1,0,0,0,0.24561403508771928,0.3382352941176471,0.7368421052631579,0.22058823529411764,0.21052631578947367,0.3508771929824561,0.08823529411764706,0.029411764705882353,0.14035087719298245,2.2666666666666666,1.0,0.4318181818181818,0.22727272727272727,0.4318181818181818,0.29545454545454547,0.06818181818181818,0.35638333333333333,0.7685222222222222,0.2777777777777778,0.19047619047619047,0.47346666666666665,1.0912666666666668,0.1935483870967742,0.532258064516129,0.2647058823529412,0.25925925925925924,0.4444444444444444,0.29411764705882354,0.6282051282051282,0.1875,0.375,0.155,0.5714285714285714,0.20408163265306123,0.013605442176870748,7.132075471698114,1.1886792452830188,10.018867924528301,0.26339285714285715,0.6509559773088426,0.37872882612594044,0.6509559773088426,2.2666666666666666,,1.5,,,,,False,,0.5,,,,,False,,False
650333,Luis Arraez,PHI,HOU,1,4.0,1,686613,Hunter Brown,R,823416,6:40 PM ET,Citizens Bank Park,0,1,0.19419237749546278,2026-09-09,823416,0.0,1,103.7,104.6,118.0,L,4,3,1,0,0,0,0,1,0,0,1,3,0,1,1,1,1,0.10566666666666667,0.18033333333333335,1,0,1,0,0,0,0.26,0.2641509433962264,0.96,0.03773584905660377,0.26,0.02,0.0,0.018867924528301886,0.02,0.9333333333333333,0.13333333333333333,0.08,0.28,0.36,0.3,0.0,0.26015119047619045,0.32201547619047616,0.2777777777777778,0.10526315789473684,0.2394833333333334,0.3348833333333333,0.25925925925925924,0.35185185185185186,0.05357142857142857,0.41935483870967744,0.5,0.045454545454545456,0.6282051282051282,0.1875,0.375,0.155,0.5714285714285714,0.20408163265306123,0.013605442176870748,7.132075471698114,1.1886792452830188,10.018867924528301,0.26339285714285715,0.6474138168587578,0.352508060107211,0.6474138168587578,0.9333333333333333,,1.5,,,,,False,,0.5,,,,,False,,False
607208,Trea Turner,PHI,HOU,1,2.0,1,686613,Hunter Brown,R,823416,6:40 PM ET,Citizens Bank Park,1,1,0.19419237749546278,2026-09-09,823416,0.0,1,103.7,104.6,118.0,R,4,4,2,1,0,1,0,0,0,1,6,3,0,2,1,0,2,0.38766666666666666,0.693,1,1,1,1,1,0,0.19047619047619047,0.23880597014925373,0.8095238095238095,0.1791044776119403,0.23529411764705882,0.06349206349206349,0.0,0.05970149253731343,0.06349206349206349,1.0666666666666667,0.8,0.37254901960784315,0.13725490196078433,0.43137254901960786,0.27450980392156865,0.0784313725490196,0.23851777777777777,0.38745888888888896,0.2,0.19047619047619047,0.25488333333333335,0.4308000000000002,0.13333333333333333,0.2,0.24242424242424243,0.31746031746031744,0.4444444444444444,0.14492753623188406,0.6282051282051282,0.1875,0.375,0.155,0.5714285714285714,0.20408163265306123,0.013605442176870748,7.132075471698114,1.1886792452830188,10.018867924528301,0.26339285714285715,0.669038806050423,0.3432965860885229,0.669038806050423,1.0666666666666667,,1.5,,,,,False,,0.5,,,,,False,,False
701358,Cam Smith,HOU,PHI,0,8.0,1,650911,Cristopher Sánchez,L,823416,6:40 PM ET,Citizens Bank Park,1,0,0.2357142857142857,2026-09-09,823416,0.0,1,103.7,104.6,118.0,R,4,3,1,0,0,1,1,0,0,1,4,2,1,1,1,1,0,0.5505,1.6965,1,0,1,1,1,0,0.13953488372093023,0.17777777777777778,0.6511627906976745,0.3333333333333333,0.21428571428571427,0.16279069767441862,0.0,0.022222222222222223,0.09302325581395349,0.8666666666666667,1.0,0.35714285714285715,0.35714285714285715,0.39285714285714285,0.14285714285714285,0.0,0.29773076923076924,0.41158333333333336,0.23076923076923078,0.5,0.30038888888888876,0.44511111111111107,0.13333333333333333,0.3333333333333333,0.2653061224489796,0.16666666666666666,0.4791666666666667,0.2549019607843137,0.6573705179282868,0.26785714285714285,0.391304347826087,0.10434782608695652,0.5878787878787879,0.12121212121212122,0.01818181818181818,8.169230769230769,1.1076923076923078,9.692307692307692,0.2692307692307692,0.5315686200288606,0.3238212307747445,0.5315686200288606,0.8666666666666667,,1.5,,,,,False,,0.5,,,,,False,,False
572233,Christian Walker,HOU,PHI,0,6.0,1,650911,Cristopher Sánchez,L,823416,6:40 PM ET,Citizens Bank Park,1,0,0.2357142857142857,2026-09-09,823416,0.0,1,103.7,104.6,118.0,R,4,3,2,0,0,1,1,0,0,0,5,3,1,2,1,1,0,0.503,1.4889999999999999,1,1,1,1,0,0,0.18181818181818182,0.23728813559322035,0.7818181818181819,0.2033898305084746,0.21428571428571427,0.07272727272727272,0.01694915254237288,0.01694915254237288,0.03636363636363636,0.9333333333333333,0.8,0.32558139534883723,0.20930232558139536,0.46511627906976744,0.23255813953488372,0.0,0.26951111111111115,0.40546666666666664,0.25,0.17647058823529413,0.27603333333333335,0.3527833333333336,0.15254237288135594,0.22033898305084745,0.3,0.27906976744186046,0.4186046511627907,0.14814814814814814,0.6573705179282868,0.26785714285714285,0.391304347826087,0.10434782608695652,0.5878787878787879,0.12121212121212122,0.01818181818181818,8.169230769230769,1.1076923076923078,9.692307692307692,0.2692307692307692,0.6103648120299362,0.39914981507811453,0.6103648120299362,0.9333333333333333,,1.5,,,,,False,,0.5,,,,,False,,False
662139,Daulton Varsho,HOU,PHI,0,7.0,1,650911,Cristopher Sánchez,L,823416,6:40 PM ET,Citizens Bank Park,0,0,0.2357142857142857,2026-09-09,823416,0.0,1,103.7,104.6,118.0,L,5,5,3,1,0,1,0,0,0,2,7,3,0,2,1,1,1,0.5486666666666667,1.0966666666666667,1,1,1,1,1,1,0.20689655172413793,0.25806451612903225,0.7758620689655172,0.20967741935483872,0.23255813953488372,0.1724137931034483,0.03225806451612903,0.03225806451612903,0.08620689655172414,1.4666666666666666,0.8666666666666667,0.3111111111111111,0.17777777777777778,0.35555555555555557,0.4222222222222222,0.044444444444444446,0.31200555555555554,0.49296111111111107,0.17647058823529413,0.10526315789473684,0.3165499999999999,0.5263833333333333,0.2033898305084746,0.3389830508474576,0.1935483870967742,0.17857142857142858,0.30357142857142855,0.2033898305084746,0.6573705179282868,0.26785714285714285,0.391304347826087,0.10434782608695652,0.5878787878787879,0.12121212121212122,0.01818181818181818,8.169230769230769,1.1076923076923078,9.692307692307692,0.2692307692307692,0.5918005631670503,0.37513182495809466,0.5918005631670503,1.4666666666666666,,1.5,,,,,False,,0.5,,,,,False,,False
670623,Isaac Paredes,HOU,PHI,0,3.0,1,650911,Cristopher Sánchez,L,823416,6:40 PM ET,Citizens Bank Park,1,0,0.2357142857142857,2026-09-09,823416,0.0,1,103.7,104.6,118.0,R,5,3,1,0,0,0,2,0,0,1,1,2,0,1,0,0,1,0.47000000000000003,0.5755,1,0,1,0,1,0,0.21568627450980393,0.36923076923076925,0.8627450980392157,0.1076923076923077,0.20930232558139536,0.1568627450980392,0.03076923076923077,0.03076923076923077,0.0784313725490196,1.2666666666666666,0.4666666666666667,0.24444444444444444,0.15555555555555556,0.24444444444444444,0.37777777777777777,0.0,0.1842888888888889,0.24499555555555558,0.29411764705882354,0.14285714285714285,0.20103333333333334,0.2963866666666666,0.2916666666666667,0.5,0.03076923076923077,0.24193548387096775,0.3064516129032258,0.16176470588235295,0.6573705179282868,0.26785714285714285,0.391304347826087,0.10434782608695652,0.5878787878787879,0.12121212121212122,0.01818181818181818,8.169230769230769,1.1076923076923078,9.692307692307692,0.2692307692307692,0.6172890678033198,0.43584607762839994,0.6172890678033198,1.2666666666666666,,1.5,,,,,False,,0.5,,,,,False,,False
665161,Jeremy Peña,HOU,PHI,0,1.0,1,650911,Cristopher Sánchez,L,823416,6:40 PM ET,Citizens Bank Park,1,0,0.2357142857142857,2026-09-09,823416,0.0,1,103.7,104.6,118.0,R,5,5,1,1,0,0,0,0,0,1,2,4,0,2,1,1,2,0.3775,0.642,1,0,1,1,1,0,0.20967741935483872,0.25757575757575757,0.6451612903225806,0.3333333333333333,0.2702702702702703,0.1774193548387097,0.045454545454545456,0.030303030303030304,0.08064516129032258,1.6,1.4666666666666666,0.325,0.175,0.45,0.325,0.025,0.34397777777777777,0.5802888888888889,0.09523809523809523,0.2727272727272727,0.26408333333333334,0.4162833333333332,0.1896551724137931,0.39655172413793105,0.29508196721311475,0.20967741935483872,0.27419354838709675,0.3076923076923077,0.6573705179282868,0.26785714285714285,0.391304347826087,0.10434782608695652,0.5878787878787879,0.12121212121212122,0.01818181818181818,8.169230769230769,1.1076923076923078,9.692307692307692,0.2692307692307692,0.6613191278420764,0.4886961624411601,0.6613191278420764,1.6,,1.5,,,,,False,,0.5,,,,,False,,False
678489,Jorge Barrosa,HOU,PHI,0,9.0,1,650911,Cristopher Sánchez,L,823416,6:40 PM ET,Citizens Bank Park,1,0,0.2357142857142857,2026-09-09,823416,0.0,1,103.7,104.6,118.0,R,1,1,1,0,0,0,0,0,0,0,1,1,0,0,0,1,0,0.282,0.285,1,0,1,0,0,0,0.26666666666666666,0.3684210526315789,0.7333333333333333,0.18181818181818182,0.3333333333333333,0.0,0.0,0.0,0.0,0.26666666666666666,0.26666666666666666,0.26666666666666666,0.2,0.4,0.3333333333333333,0.0,0.4066296296296296,0.5324814814814816,0.14285714285714285,0.3333333333333333,0.3965000000000001,0.5664999999999999,0.32,0.48,0.16129032258064516,0.16666666666666666,0.2222222222222222,0.18518518518518517,0.6573705179282868,0.26785714285714285,0.391304347826087,0.10434782608695652,0.5878787878787879,0.12121212121212122,0.01818181818181818,8.169230769230769,1.1076923076923078,9.692307692307692,0.2692307692307692,0.2687429442595197,0.1269660669856557,0.2687429442595197,0.26666666666666666,,1.5,,,,,False,,0.5,,,,,False,,False
514888,Jose Altuve,HOU,PHI,0,4.0,1,650911,Cristopher Sánchez,L,823416,6:40 PM ET,Citizens Bank Park,1,0,0.2357142857142857,2026-09-09,823416,0.0,1,103.7,104.6,118.0,R,5,5,0,0,0,0,0,0,0,1,0,4,0,1,2,1,0,0.11524999999999999,0.258,0,0,0,0,1,0,0.25862068965517243,0.3125,0.7758620689655172,0.203125,0.29545454545454547,0.1724137931034483,0.03125,0.0625,0.10344827586206896,1.6666666666666667,0.8666666666666667,0.391304347826087,0.2826086956521739,0.34782608695652173,0.2826086956521739,0.021739130434782608,0.27144999999999997,0.3811222222222222,0.2631578947368421,0.19047619047619047,0.28995,0.39261666666666695,0.2222222222222222,0.4074074074074074,0.19672131147540983,0.23728813559322035,0.4067796610169492,0.25806451612903225,0.6573705179282868,0.26785714285714285,0.391304347826087,0.10434782608695652,0.5878787878787879,0.12121212121212122,0.01818181818181818,8.169230769230769,1.1076923076923078,9.692307692307692,0.2692307692307692,0.6613191278420764,0.4690539586521172,0.6613191278420764,1.6666666666666667,,1.5,,,,,False,,0.5,,,,,False,,False
673237,Yainer Diaz,HOU,PHI,0,5.0,1,650911,Cristopher Sánchez,L,823416,6:40 PM ET,Citizens Bank Park,1,0,0.2357142857142857,2026-09-09,823416,0.0,1,103.7,104.6,118.0,R,5,5,2,0,0,0,0,0,0,0,2,5,0,2,0,3,1,0.1678,0.1988,1,1,1,1,0,0,0.32653061224489793,0.35294117647058826,0.7959183673469388,0.19607843137254902,0.3611111111111111,0.24489795918367346,0.058823529411764705,0.058823529411764705,0.12244897959183673,1.8666666666666667,0.6666666666666666,0.48717948717948717,0.15384615384615385,0.5897435897435898,0.1794871794871795,0.0,0.3198205128205128,0.5162884615384615,0.3125,0.25,0.331875,0.5765,0.29411764705882354,0.49019607843137253,0.11320754716981132,0.22448979591836735,0.2653061224489796,0.22641509433962265,0.6573705179282868,0.26785714285714285,0.391304347826087,0.10434782608695652,0.5878787878787879,0.12121212121212122,0.01818181818181818,8.169230769230769,1.1076923076923078,9.692307692307692,0.2692307692307692,0.644559093498896,0.403556283428055,0.644559093498896,1.8666666666666667,,1.5,,,,,False,,0.5,,,,,False,,False
670541,Yordan Alvarez,HOU,PHI,0,2.0,1,650911,Cristopher Sánchez,L,823416,6:40 PM ET,Citizens Bank Park,0,0,0.2357142857142857,2026-09-09,823416,0.0,1,103.7,104.6,118.0,L,5,5,0,0,0,0,0,0,0,1,0,4,0,2,1,3,0,0.3355,0.9377500000000001,0,0,0,0,1,0,0.2549019607843137,0.4090909090909091,0.7254901960784313,0.21212121212121213,0.3055555555555556,0.17647058823529413,0.030303030303030304,0.015151515151515152,0.0784313725490196,1.4666666666666666,0.9333333333333333,0.47368421052631576,0.21052631578947367,0.3157894736842105,0.39473684210526316,0.0,0.3693392857142857,0.5600119047619048,0.2777777777777778,0.18181818181818182,0.4018,0.4862000000000003,0.3191489361702128,0.5106382978723404,0.22580645161290322,0.23214285714285715,0.30357142857142855,0.13432835820895522,0.6573705179282868,0.26785714285714285,0.391304347826087,0.10434782608695652,0.5878787878787879,0.12121212121212122,0.01818181818181818,8.169230769230769,1.1076923076923078,9.692307692307692,0.2692307692307692,0.6100612730759334,0.43512578436678834,0.6100612730759334,1.4666666666666666,,1.5,,,,,False,,0.5,,,,,False,,False
688363,Graham Pauley,MIA,NYM,1,8.0,1,476594,Robert Stock,R,823818,6:40 PM ET,loanDepot Park,0,1,0.22758620689655173,2026-09-09,823818,,0,99.1,96.1,86.7,L,4,3,1,0,0,1,0,1,0,2,4,1,0,1,1,0,0,0.72,2.102,1,0,1,1,1,1,0.23076923076923078,0.27906976744186046,0.7948717948717948,0.18604651162790697,0.25806451612903225,0.20512820512820512,0.023255813953488372,0.06976744186046512,0.1282051282051282,1.1333333333333333,0.5333333333333333,0.34375,0.25,0.4375,0.25,0.0625,0.31150595238095236,0.46144642857142854,0.15384615384615385,0.125,0.21334999999999998,0.30565,0.23076923076923078,0.4358974358974359,0.18604651162790697,0.2727272727272727,0.7272727272727273,0.21428571428571427,0.6645569620253164,0.2868217054263566,0.45112781954887216,0.14285714285714285,0.4095238095238095,0.3047619047619048,0.01904761904761905,10.636363636363637,2.454545454545454,7.363636363636364,0.16666666666666666,0.4281504961089965,0.2817086791349309,0.4281504961089965,1.1333333333333333,,1.5,,,,,False,,0.5,,,,,False,,False
665052,Griffin Conine,MIA,NYM,1,3.0,1,476594,Robert Stock,R,823818,6:40 PM ET,loanDepot Park,0,1,0.22758620689655173,2026-09-09,823818,,0,99.1,96.1,86.7,L,2,2,0,0,0,0,0,0,0,0,0,2,1,1,1,0,0,0.3285,1.1155000000000002,0,0,0,0,0,0,0.19148936170212766,0.3448275862068966,0.6808510638297872,0.25862068965517243,0.25806451612903225,0.06382978723404255,0.017241379310344827,0.0,0.02127659574468085,0.8,1.0,0.40625,0.25,0.4375,0.25,0.0,0.2820595238095238,0.47351190476190474,0.2222222222222222,0.18181818181818182,0.22160000000000007,0.5447,0.16666666666666666,0.2916666666666667,0.29310344827586204,0.23255813953488372,0.37209302325581395,0.3125,0.6645569620253164,0.2868217054263566,0.45112781954887216,0.14285714285714285,0.4095238095238095,0.3047619047619048,0.01904761904761905,10.636363636363637,2.454545454545454,7.363636363636364,0.16666666666666666,0.624692860532465,0.38858112967367814,0.624692860532465,0.8,,1.5,,,,,False,,0.5,,,,,False,,False
681715,Heriberto Hernández,MIA,NYM,1,2.0,1,476594,Robert Stock,R,823818,6:40 PM ET,loanDepot Park,1,1,0.22758620689655173,2026-09-09,823818,,0,99.1,96.1,86.7,R,4,4,1,0,0,0,0,0,0,0,1,4,0,3,1,2,1,0.45075,1.14975,1,0,1,0,0,0,0.22807017543859648,0.34328358208955223,0.7017543859649122,0.2537313432835821,0.22857142857142856,0.3157894736842105,0.07462686567164178,0.04477611940298507,0.14035087719298245,2.066666666666667,1.1333333333333333,0.375,0.175,0.275,0.4,0.0,0.33037,0.7625722222222222,0.15,0.36363636363636365,0.2457666666666667,0.6086833333333335,0.2641509433962264,0.6037735849056604,0.26153846153846155,0.1724137931034483,0.3793103448275862,0.25757575757575757,0.6645569620253164,0.2868217054263566,0.45112781954887216,0.14285714285714285,0.4095238095238095,0.3047619047619048,0.01904761904761905,10.636363636363637,2.454545454545454,7.363636363636364,0.16666666666666666,0.6102444495714621,0.42573301019391324,0.6102444495714621,2.066666666666667,,1.5,,,,,False,,0.5,,,,,False,,False
805300,Jakob Marsee,MIA,NYM,1,5.0,1,476594,Robert Stock,R,823818,6:40 PM ET,loanDepot Park,0,1,0.22758620689655173,2026-09-09,823818,,0,99.1,96.1,86.7,L,4,4,3,1,0,0,0,0,0,0,4,4,0,1,0,1,2,0.601,0.6815,1,1,1,1,0,0,0.2765957446808511,0.41379310344827586,0.7872340425531915,0.1724137931034483,0.3142857142857143,0.19148936170212766,0.034482758620689655,0.05172413793103448,0.10638297872340426,1.4666666666666666,0.6666666666666666,0.40540540540540543,0.4594594594594595,0.35135135135135137,0.1891891891891892,0.0,0.33098809523809525,0.4910595238095238,0.3333333333333333,0.05555555555555555,0.3766666666666667,0.5295416666666667,0.2653061224489796,0.5306122448979592,0.18032786885245902,0.23255813953488372,0.27906976744186046,0.2037037037037037,0.6645569620253164,0.2868217054263566,0.45112781954887216,0.14285714285714285,0.4095238095238095,0.3047619047619048,0.01904761904761905,10.636363636363637,2.454545454545454,7.363636363636364,0.16666666666666666,0.580791516386601,0.3292804156940407,0.580791516386601,1.4666666666666666,,1.5,,,,,False,,0.5,,,,,False,,False
691594,Javier Sanoja,MIA,NYM,1,6.0,1,476594,Robert Stock,R,823818,6:40 PM ET,loanDepot Park,1,1,0.22758620689655173,2026-09-09,823818,,0,99.1,96.1,86.7,R,4,4,1,0,0,0,0,0,0,1,1,3,0,1,1,2,0,0.24866666666666667,0.3143333333333333,1,0,1,0,1,0,0.3620689655172414,0.4126984126984127,0.9482758620689655,0.047619047619047616,0.3584905660377358,0.1896551724137931,0.031746031746031744,0.047619047619047616,0.10344827586206896,2.1333333333333333,0.2,0.36363636363636365,0.3090909090909091,0.4727272727272727,0.16363636363636364,0.0,0.35507777777777777,0.4613111111111111,0.3888888888888889,0.0,0.3134166666666666,0.4537333333333334,0.4,0.64,0.05555555555555555,0.2692307692307692,0.40384615384615385,0.09090909090909091,0.6645569620253164,0.2868217054263566,0.45112781954887216,0.14285714285714285,0.4095238095238095,0.3047619047619048,0.01904761904761905,10.636363636363637,2.454545454545454,7.363636363636364,0.16666666666666666,0.6429398280562076,0.3482046882764908,0.6429398280562076,2.1333333333333333,,1.5,,,,,False,,0.5,,,,,False,,False
691788,Joe Mack,MIA,NYM,1,9.0,1,476594,Robert Stock,R,823818,6:40 PM ET,loanDepot Park,0,1,0.22758620689655173,2026-09-09,823818,,0,99.1,96.1,86.7,L,1,1,1,1,0,0,0,0,0,0,2,1,0,1,1,0,0,0.423,1.103,1,0,1,1,0,0,0.19047619047619047,0.20454545454545456,0.7380952380952381,0.25,0.25,0.023809523809523808,0.0,0.022727272727272728,0.023809523809523808,0.6,0.7333333333333333,0.3125,0.21875,0.53125,0.15625,0.0,0.26187820512820514,0.3054294871794872,0.13333333333333333,0.3333333333333333,0.2964375,0.38568749999999996,0.2222222222222222,0.3111111111111111,0.2916666666666667,0.2,0.3,0.2727272727272727,0.6645569620253164,0.2868217054263566,0.45112781954887216,0.14285714285714285,0.4095238095238095,0.3047619047619048,0.01904761904761905,10.636363636363637,2.454545454545454,7.363636363636364,0.16666666666666666,0.47603531681739103,0.21285241434626068,0.47603531681739103,0.6,,1.5,,,,,False,,0.5,,,,,False,,False
669065,Kyle Stowers,MIA,NYM,1,1.0,1,476594,Robert Stock,R,823818,6:40 PM ET,loanDepot Park,0,1,0.22758620689655173,2026-09-09,823818,,0,99.1,96.1,86.7,L,2,2,0,0,0,0,0,0,0,2,0,0,0,0,0,0,0,0.238,0.267,0,0,0,0,1,1,0.28,0.4,0.56,0.36666666666666664,0.44,0.28,0.05,0.05,0.14,1.8666666666666667,1.4666666666666666,0.7142857142857143,0.25,0.39285714285714285,0.32142857142857145,0.03571428571428571,0.4221845238095238,0.9118452380952381,0.2777777777777778,0.34782608695652173,0.3921166666666667,0.8178333333333331,0.3,0.58,0.35,0.19642857142857142,0.32142857142857145,0.3333333333333333,0.6645569620253164,0.2868217054263566,0.45112781954887216,0.14285714285714285,0.4095238095238095,0.3047619047619048,0.01904761904761905,10.636363636363637,2.454545454545454,7.363636363636364,0.16666666666666666,0.6094494061144083,0.3776987675291557,0.6094494061144083,1.8666666666666667,,1.5,,,,,False,,0.5,,,,,False,,False
672640,Otto Lopez,MIA,NYM,1,4.0,1,476594,Robert Stock,R,823818,6:40 PM ET,loanDepot Park,1,1,0.22758620689655173,2026-09-09,823818,,0,99.1,96.1,86.7,R,4,4,1,0,0,0,0,0,0,1,1,3,1,1,2,0,1,0.5123333333333333,0.9323333333333332,1,0,1,0,1,0,0.2542372881355932,0.30303030303030304,0.8305084745762712,0.15151515151515152,0.28,0.11864406779661017,0.015151515151515152,0.030303030303030304,0.06779661016949153,1.4666666666666666,0.6666666666666666,0.4117647058823529,0.1568627450980392,0.5098039215686274,0.23529411764705882,0.0,0.3040388888888889,0.4561944444444445,0.2222222222222222,0.047619047619047616,0.25216666666666665,0.3455666666666667,0.21052631578947367,0.22807017543859648,0.08064516129032258,0.21875,0.328125,0.19444444444444445,0.6645569620253164,0.2868217054263566,0.45112781954887216,0.14285714285714285,0.4095238095238095,0.3047619047619048,0.01904761904761905,10.636363636363637,2.454545454545454,7.363636363636364,0.16666666666666666,0.6340105441547045,0.3920194205338128,0.6340105441547045,1.4666666666666666,,1.5,,,,,False,,0.5,,,,,False,,False
683357,Owen Caissie,MIA,NYM,1,7.0,1,476594,Robert Stock,R,823818,6:40 PM ET,loanDepot Park,0,1,0.22758620689655173,2026-09-09,823818,,0,99.1,96.1,86.7,L,1,1,0,0,0,0,0,0,0,1,0,0,0,0,0,0,0,0.649,0.727,0,0,0,0,1,0,0.15,0.24444444444444444,0.625,0.32608695652173914,0.24,0.05,0.0,0.043478260869565216,0.05,0.5333333333333333,1.0,0.36,0.2,0.52,0.16,0.0,0.2974487179487179,0.37887820512820514,0.13333333333333333,0.3888888888888889,0.3005416666666667,0.33370833333333344,0.12195121951219512,0.24390243902439024,0.3695652173913043,0.25925925925925924,0.2962962962962963,0.375,0.6645569620253164,0.2868217054263566,0.45112781954887216,0.14285714285714285,0.4095238095238095,0.3047619047619048,0.01904761904761905,10.636363636363637,2.454545454545454,7.363636363636364,0.16666666666666666,0.526994104157939,0.2845504079268888,0.526994104157939,0.5333333333333333,,1.5,,,,,False,,0.5,,,,,False,,False
805999,A.J. Ewing,NYM,MIA,0,7.0,1,676083,Janson Junk,R,823818,6:40 PM ET,loanDepot Park,0,1,0.21441124780316345,2026-09-09,823818,,0,99.1,96.1,86.7,L,4,4,1,1,0,0,0,0,0,0,2,4,0,3,2,1,1,0.35450000000000004,0.44825000000000004,1,0,1,1,0,0,0.2413793103448276,0.2903225806451613,0.7758620689655172,0.203125,0.29545454545454547,0.08620689655172414,0.015625,0.03125,0.05172413793103448,1.2666666666666666,0.8666666666666667,0.32608695652173914,0.32608695652173914,0.4782608695652174,0.15217391304347827,0.0,0.3048966666666667,0.44933333333333336,0.3888888888888889,0.13636363636363635,0.3440566666666666,0.5764199999999999,0.19298245614035087,0.2807017543859649,0.234375,0.25862068965517243,0.43103448275862066,0.31746031746031744,0.7555555555555555,0.2356687898089172,0.38509316770186336,0.13043478260869565,0.4485294117647059,0.19852941176470587,0.007352941176470588,9.70059880239521,1.2934131736526946,6.1437125748503,0.16101694915254236,0.6175762977948656,0.3575457969905515,0.6175762977948656,1.2666666666666666,,1.5,,,,,False,,0.5,,,,,False,,False
666182,Bo Bichette,NYM,MIA,0,3.0,1,676083,Janson Junk,R,823818,6:40 PM ET,loanDepot Park,1,1,0.21441124780316345,2026-09-09,823818,,0,99.1,96.1,86.7,R,5,4,1,0,0,0,1,0,0,0,1,4,0,2,2,1,1,0.25925000000000004,0.44699999999999995,1,0,1,0,0,0,0.25862068965517243,0.31746031746031744,0.8103448275862069,0.1746031746031746,0.2558139534883721,0.25862068965517243,0.06349206349206349,0.047619047619047616,0.1206896551724138,2.0,0.7333333333333333,0.48936170212765956,0.2553191489361702,0.425531914893617,0.2978723404255319,0.02127659574468085,0.33188333333333336,0.5984833333333335,0.35,0.17391304347826086,0.48185,0.9077666666666666,0.2807017543859649,0.5087719298245614,0.140625,0.29310344827586204,0.46551724137931033,0.2153846153846154,0.7555555555555555,0.2356687898089172,0.38509316770186336,0.13043478260869565,0.4485294117647059,0.19852941176470587,0.007352941176470588,9.70059880239521,1.2934131736526946,6.1437125748503,0.16101694915254236,0.6479311902950564,0.399100931671849,0.6479311902950564,2.0,,1.5,,,,,False,,0.5,,,,,False,,False
683146,Brett Baty,NYM,MIA,0,8.0,1,676083,Janson Junk,R,823818,6:40 PM ET,loanDepot Park,0,1,0.21441124780316345,2026-09-09,823818,,0,99.1,96.1,86.7,L,4,3,1,0,0,1,0,0,1,0,4,4,0,2,2,0,2,0.5473333333333333,1.6786666666666665,1,0,1,1,0,0,0.35294117647058826,0.42105263157894735,0.7647058823529411,0.21052631578947367,0.44,0.2647058823529412,0.02631578947368421,0.15789473684210525,0.20588235294117646,1.4,0.5333333333333333,0.5384615384615384,0.34615384615384615,0.3076923076923077,0.34615384615384615,0.0,0.35690476190476195,0.7833928571428571,0.3333333333333333,0.14285714285714285,0.34140000000000004,0.9754666666666669,0.3142857142857143,0.6,0.2631578947368421,0.19148936170212766,0.2553191489361702,0.3392857142857143,0.7555555555555555,0.2356687898089172,0.38509316770186336,0.13043478260869565,0.4485294117647059,0.19852941176470587,0.007352941176470588,9.70059880239521,1.2934131736526946,6.1437125748503,0.16101694915254236,0.5350751759727905,0.28386206721418256,0.5350751759727905,1.4,,1.5,,,,,False,,0.5,,,,,False,,False
701807,Carson Benge,NYM,MIA,0,4.0,1,676083,Janson Junk,R,823818,6:40 PM ET,loanDepot Park,0,1,0.21441124780316345,2026-09-09,823818,,0,99.1,96.1,86.7,L,5,3,0,0,0,0,2,0,0,2,0,1,0,0,0,1,0,0.344,0.39,0,0,0,0,1,1,0.3,0.34375,0.7333333333333333,0.25,0.3953488372093023,0.1,0.015625,0.046875,0.06666666666666667,1.6,1.0666666666666667,0.20454545454545456,0.29545454545454547,0.3181818181818182,0.3409090909090909,0.0,0.3645455555555556,0.5089222222222223,0.25,0.22727272727272727,0.33275,0.43846666666666667,0.2711864406779661,0.4067796610169492,0.22580645161290322,0.24561403508771928,0.42105263157894735,0.2786885245901639,0.7555555555555555,0.2356687898089172,0.38509316770186336,0.13043478260869565,0.4485294117647059,0.19852941176470587,0.007352941176470588,9.70059880239521,1.2934131736526946,6.1437125748503,0.16101694915254236,0.6619714961808579,0.3842418631881779,0.6619714961808579,1.6,,1.5,,,,,False,,0.5,,,,,False,,False
596019,Francisco Lindor,NYM,MIA,0,1.0,1,676083,Janson Junk,R,823818,6:40 PM ET,loanDepot Park,0,1,0.21441124780316345,2026-09-09,823818,,0,99.1,96.1,86.7,L,3,2,1,0,0,1,0,1,0,0,4,2,0,2,1,0,1,0.5315,1.532,1,0,1,1,0,0,0.19444444444444445,0.2564102564102564,0.7777777777777778,0.20512820512820512,0.16,0.25,0.07692307692307693,0.0,0.08333333333333333,1.0666666666666667,0.5333333333333333,0.5,0.14285714285714285,0.4642857142857143,0.35714285714285715,0.0,0.3061190476190476,0.4709047619047619,0.2,0.2727272727272727,0.25090000000000023,0.28480000000000044,0.20634920634920634,0.36507936507936506,0.2318840579710145,0.22950819672131148,0.5901639344262295,0.19402985074626866,0.7555555555555555,0.2356687898089172,0.38509316770186336,0.13043478260869565,0.4485294117647059,0.19852941176470587,0.007352941176470588,9.70059880239521,1.2934131736526946,6.1437125748503,0.16101694915254236,0.5033054467962675,0.28172352993008637,0.5033054467962675,1.0666666666666667,,1.5,,,,,False,,0.5,,,,,False,,False
676724,Jared Young,NYM,MIA,0,5.0,1,676083,Janson Junk,R,823818,6:40 PM ET,loanDepot Park,0,1,0.21441124780316345,2026-09-09,823818,,0,99.1,96.1,86.7,L,5,4,1,0,0,0,1,0,0,1,1,3,0,1,1,2,0,0.33433333333333337,0.38833333333333336,1,0,1,0,1,0,0.25,0.2777777777777778,0.75,0.23636363636363636,0.3333333333333333,0.11538461538461539,0.0,0.07272727272727272,0.09615384615384616,1.2666666666666666,0.8666666666666667,0.38461538461538464,0.20512820512820512,0.5384615384615384,0.20512820512820512,0.0,0.30607222222222225,0.4027777777777778,0.21428571428571427,0.3125,0.38766666666666666,0.48393333333333305,0.2708333333333333,0.375,0.23529411764705882,0.23076923076923078,0.4358974358974359,0.15,0.7555555555555555,0.2356687898089172,0.38509316770186336,0.13043478260869565,0.4485294117647059,0.19852941176470587,0.007352941176470588,9.70059880239521,1.2934131736526946,6.1437125748503,0.16101694915254236,0.6139389598252404,0.34572936626336803,0.6139389598252404,1.2666666666666666,,1.5,,,,,False,,0.5,,,,,False,,False
665742,Juan Soto,NYM,MIA,0,2.0,1,676083,Janson Junk,R,823818,6:40 PM ET,loanDepot Park,0,1,0.21441124780316345,2026-09-09,823818,,0,99.1,96.1,86.7,L,5,4,2,1,0,1,1,0,0,0,6,4,1,2,2,1,1,0.39425,1.2725,1,1,1,1,0,0,0.2,0.3548387096774194,0.82,0.14516129032258066,0.20512820512820512,0.12,0.03225806451612903,0.0,0.04,1.0666666666666667,0.6,0.4634146341463415,0.17073170731707318,0.3902439024390244,0.2926829268292683,0.024390243902439025,0.2825948717948718,0.48521282051282044,0.23809523809523808,0.08333333333333333,0.3156,0.474916666666667,0.21568627450980393,0.39215686274509803,0.13846153846153847,0.37254901960784315,0.6470588235294118,0.1,0.7555555555555555,0.2356687898089172,0.38509316770186336,0.13043478260869565,0.4485294117647059,0.19852941176470587,0.007352941176470588,9.70059880239521,1.2934131736526946,6.1437125748503,0.16101694915254236,0.575424873740054,0.33638825754930735,0.575424873740054,1.0666666666666667,,1.5,,,,,False,,0.5,,,,,False,,False
620443,Luis Torrens,NYM,MIA,0,9.0,1,676083,Janson Junk,R,823818,6:40 PM ET,loanDepot Park,1,1,0.21441124780316345,2026-09-09,823818,,0,99.1,96.1,86.7,R,3,2,0,0,0,0,0,0,0,1,0,2,0,0,0,2,0,0.124,0.153,0,0,0,0,1,0,0.29545454545454547,0.3673469387755102,0.8181818181818182,0.16326530612244897,0.23333333333333334,0.4090909090909091,0.12244897959183673,0.0,0.13636363636363635,2.066666666666667,0.5333333333333333,0.5555555555555556,0.08333333333333333,0.4722222222222222,0.4166666666666667,0.1111111111111111,0.3395888888888889,0.6999666666666666,0.125,0.29411764705882354,0.32319999999999993,0.40840000000000015,0.20930232558139536,0.4418604651162791,0.17391304347826086,0.2608695652173913,0.4782608695652174,0.23076923076923078,0.7555555555555555,0.2356687898089172,0.38509316770186336,0.13043478260869565,0.4485294117647059,0.19852941176470587,0.007352941176470588,9.70059880239521,1.2934131736526946,6.1437125748503,0.16101694915254236,0.43772147952985413,0.2271059358920222,0.43772147952985413,2.066666666666667,,1.5,,,,,False,,0.5,,,,,False,,False
543760,Marcus Semien,NYM,MIA,0,6.0,1,676083,Janson Junk,R,823818,6:40 PM ET,loanDepot Park,1,1,0.21441124780316345,2026-09-09,823818,,0,99.1,96.1,86.7,R,4,4,0,0,0,0,0,0,0,1,0,3,0,0,2,0,0,0.09999999999999999,0.13533333333333333,0,0,0,0,1,0,0.27450980392156865,0.3728813559322034,0.9019607843137255,0.0847457627118644,0.30434782608695654,0.058823529411764705,0.0,0.05084745762711865,0.058823529411764705,1.1333333333333333,0.3333333333333333,0.32608695652173914,0.13043478260869565,0.4782608695652174,0.3695652173913043,0.0,0.2827733333333333,0.3628377777777778,0.2777777777777778,0.047619047619047616,0.21737333333333336,0.3499600000000003,0.3333333333333333,0.3888888888888889,0.18032786885245902,0.10638297872340426,0.19148936170212766,0.18867924528301888,0.7555555555555555,0.2356687898089172,0.38509316770186336,0.13043478260869565,0.4485294117647059,0.19852941176470587,0.007352941176470588,9.70059880239521,1.2934131736526946,6.1437125748503,0.16101694915254236,0.6071414193174239,0.32481374691834747,0.6071414193174239,1.1333333333333333,,1.5,,,,,False,,0.5,,,,,False,,False
702332,Caleb Durbin,BOS,LAA,1,6.0,1,696270,Ryan Johnson,R,824713,6:45 PM ET,Fenway Park,1,1,0.2109777015437393,2026-09-09,824713,0.0,0,102.5,97.9,86.2,R,4,2,0,0,0,0,2,0,0,0,0,2,0,0,2,0,0,0.024499999999999997,0.0555,0,0,0,0,0,0,0.17391304347826086,0.32142857142857145,0.7608695652173914,0.19298245614035087,0.22857142857142856,0.021739130434782608,0.0,0.017543859649122806,0.021739130434782608,0.6,0.7333333333333333,0.2777777777777778,0.3055555555555556,0.4166666666666667,0.2222222222222222,0.0,0.32593333333333335,0.3938611111111111,0.2,0.2,0.36560000000000004,0.46099999999999997,0.26,0.26,0.07936507936507936,0.2653061224489796,0.30612244897959184,0.21052631578947367,0.6844660194174758,0.17682926829268292,0.40804597701149425,0.1839080459770115,0.3546099290780142,0.3617021276595745,0.06382978723404255,11.399999999999999,3.0,8.1,0.19285714285714287,0.5423532209402887,0.31632772968734474,0.5423532209402887,0.6,,1.5,,,,,False,,0.5,,,,,False,,False
643396,Isiah Kiner-Falefa,BOS,LAA,1,8.0,1,696270,Ryan Johnson,R,824713,6:45 PM ET,Fenway Park,1,1,0.2109777015437393,2026-09-09,824713,0.0,0,102.5,97.9,86.2,R,4,2,1,0,0,0,2,0,0,0,1,2,0,1,0,1,1,0.509,0.6295000000000001,1,0,1,0,0,0,0.23404255319148937,0.3076923076923077,0.9148936170212766,0.07692307692307693,0.23809523809523808,0.10638297872340426,0.019230769230769232,0.038461538461538464,0.06382978723404255,1.0666666666666667,0.26666666666666666,0.20930232558139536,0.20930232558139536,0.5348837209302325,0.09302325581395349,0.0,0.28077222222222226,0.3237222222222222,0.2857142857142857,0.0,0.15936666666666666,0.18996666666666667,0.28846153846153844,0.40384615384615385,0.08771929824561403,0.15,0.15,0.17777777777777778,0.6844660194174758,0.17682926829268292,0.40804597701149425,0.1839080459770115,0.3546099290780142,0.3617021276595745,0.06382978723404255,11.399999999999999,3.0,8.1,0.19285714285714287,0.4959261018486593,0.25668035103154113,0.4959261018486593,1.0666666666666667,,1.5,,,,,False,,0.5,,,,,False,,False
680776,Jarren Duran,BOS,LAA,1,7.0,1,696270,Ryan Johnson,R,824713,6:45 PM ET,Fenway Park,0,1,0.2109777015437393,2026-09-09,824713,0.0,0,102.5,97.9,86.2,L,4,4,2,1,0,1,0,0,0,1,6,3,1,2,3,0,0,0.639,2.209,1,1,1,1,1,0,0.13725490196078433,0.16981132075471697,0.7450980392156863,0.24528301886792453,0.1388888888888889,0.13725490196078433,0.03773584905660377,0.018867924528301886,0.058823529411764705,0.9333333333333333,0.8666666666666667,0.47368421052631576,0.18421052631578946,0.5,0.23684210526315788,0.02631578947368421,0.2843452380952381,0.50125,0.05263157894736842,0.35,0.17243333333333338,0.2421333333333333,0.18,0.36,0.22641509433962265,0.18181818181818182,0.21818181818181817,0.28125,0.6844660194174758,0.17682926829268292,0.40804597701149425,0.1839080459770115,0.3546099290780142,0.3617021276595745,0.06382978723404255,11.399999999999999,3.0,8.1,0.19285714285714287,0.5353299135973967,0.298334237772343,0.5353299135973967,0.9333333333333333,,1.5,,,,,False,,0.5,,,,,False,,False
681508,Mickey Gasper,BOS,LAA,1,2.0,1,696270,Ryan Johnson,R,824713,6:45 PM ET,Fenway Park,0,1,0.2109777015437393,2026-09-09,824713,0.0,0,102.5,97.9,86.2,L,3,2,0,0,0,0,1,0,0,0,0,2,0,1,1,1,0,0.14700000000000002,0.16699999999999998,0,0,0,0,0,0,0.34375,0.5531914893617021,0.8125,0.1276595744680851,0.2857142857142857,0.53125,0.10638297872340426,0.0425531914893617,0.21875,1.8666666666666667,0.4,0.4230769230769231,0.2692307692307692,0.34615384615384615,0.34615384615384615,0.11538461538461539,0.43306249999999996,0.9383333333333334,0.18181818181818182,0.17647058823529413,0.27216666666666667,0.5066666666666668,0.325,0.875,0.12280701754385964,0.11904761904761904,0.11904761904761904,0.2553191489361702,0.6844660194174758,0.17682926829268292,0.40804597701149425,0.1839080459770115,0.3546099290780142,0.3617021276595745,0.06382978723404255,11.399999999999999,3.0,8.1,0.19285714285714287,0.5382637205311822,0.258173699752351,0.5382637205311822,1.8666666666666667,,1.5,,,,,False,,0.5,,,,,False,,False
681987,Nate Eaton,BOS,LAA,1,9.0,1,696270,Ryan Johnson,R,824713,6:45 PM ET,Fenway Park,1,1,0.2109777015437393,2026-09-09,824713,0.0,0,102.5,97.9,86.2,R,3,3,0,0,0,0,0,0,0,2,0,1,0,1,0,1,0,0.389,0.437,0,0,0,0,1,1,0.11428571428571428,0.27906976744186046,0.6,0.32558139534883723,0.15,0.14285714285714285,0.023255813953488372,0.046511627906976744,0.08571428571428572,0.6,0.9333333333333333,0.2857142857142857,0.38095238095238093,0.3333333333333333,0.14285714285714285,0.0,0.24130555555555555,0.5779722222222223,0.0,0.4666666666666667,0.10899999999999999,0.12266666666666666,0.3076923076923077,0.4358974358974359,0.18604651162790697,0.14705882352941177,0.23529411764705882,0.2926829268292683,0.6844660194174758,0.17682926829268292,0.40804597701149425,0.1839080459770115,0.3546099290780142,0.3617021276595745,0.06382978723404255,11.399999999999999,3.0,8.1,0.19285714285714287,0.23451381216085446,0.12106456815925597,0.23451381216085446,0.6,,1.5,,,,,False,,0.5,,,,,False,,False
686765,Nick Sogard,BOS,LAA,1,5.0,1,696270,Ryan Johnson,R,824713,6:45 PM ET,Fenway Park,1,1,0.2109777015437393,2026-09-09,824713,0.0,0,102.5,97.9,86.2,R,3,3,1,0,0,0,0,0,0,2,1,1,0,1,0,0,1,0.654,0.737,1,0,1,0,1,1,0.2894736842105263,0.34146341463414637,0.7631578947368421,0.20930232558139536,0.3333333333333333,0.21052631578947367,0.046511627906976744,0.046511627906976744,0.10526315789473684,1.2666666666666666,0.6,0.4,0.43333333333333335,0.13333333333333333,0.26666666666666666,0.0,0.38311538461538464,0.5641025641025641,0.25,0.21428571428571427,0.3468333333333334,0.4538958333333334,0.24561403508771928,0.43859649122807015,0.208955223880597,0.38,0.56,0.22807017543859648,0.6844660194174758,0.17682926829268292,0.40804597701149425,0.1839080459770115,0.3546099290780142,0.3617021276595745,0.06382978723404255,11.399999999999999,3.0,8.1,0.19285714285714287,0.5285720148714627,0.3176739321183135,0.5285720148714627,1.2666666666666666,,1.5,,,,,False,,0.5,,,,,False,,False
701350,Roman Anthony,BOS,LAA,1,1.0,1,696270,Ryan Johnson,R,824713,6:45 PM ET,Fenway Park,0,1,0.2109777015437393,2026-09-09,824713,0.0,0,102.5,97.9,86.2,L,4,4,0,0,0,0,0,0,0,2,0,2,0,0,0,2,0,0.1575,0.1815,0,0,0,0,1,1,0.2786885245901639,0.35294117647058826,0.7377049180327869,0.23529411764705882,0.3488372093023256,0.19672131147540983,0.029411764705882353,0.058823529411764705,0.11475409836065574,1.9333333333333333,1.0666666666666667,0.5333333333333333,0.3111111111111111,0.4222222222222222,0.24444444444444444,0.06666666666666667,0.3823622222222222,0.6696177777777776,0.09523809523809523,0.4,0.3584333333333333,0.8142333333333334,0.26229508196721313,0.45901639344262296,0.2571428571428571,0.29411764705882354,0.37254901960784315,0.3559322033898305,0.6844660194174758,0.17682926829268292,0.40804597701149425,0.1839080459770115,0.3546099290780142,0.3617021276595745,0.06382978723404255,11.399999999999999,3.0,8.1,0.19285714285714287,0.6339443881975609,0.42131336385987833,0.6339443881975609,1.9333333333333333,,1.5,,,,,False,,0.5,,,,,False,,False
596115,Trevor Story,BOS,LAA,1,4.0,1,696270,Ryan Johnson,R,824713,6:45 PM ET,Fenway Park,1,1,0.2109777015437393,2026-09-09,824713,0.0,0,102.5,97.9,86.2,R,4,4,1,1,0,0,0,0,0,3,2,1,0,0,0,0,1,0.626,0.753,1,0,1,1,1,1,0.288135593220339,0.3,0.6610169491525424,0.3333333333333333,0.42105263157894735,0.13559322033898305,0.016666666666666666,0.08333333333333333,0.1016949152542373,1.6666666666666667,1.3333333333333333,0.3333333333333333,0.15384615384615385,0.4358974358974359,0.1794871794871795,0.05128205128205128,0.2820944444444445,0.45975,0.2857142857142857,0.23809523809523808,0.3634166666666666,0.42736666666666656,0.3333333333333333,0.4666666666666667,0.36065573770491804,0.2413793103448276,0.3103448275862069,0.2857142857142857,0.6844660194174758,0.17682926829268292,0.40804597701149425,0.1839080459770115,0.3546099290780142,0.3617021276595745,0.06382978723404255,11.399999999999999,3.0,8.1,0.19285714285714287,0.6572624011234613,0.3935328389727368,0.6572624011234613,1.6666666666666667,,1.5,,,,,False,,0.5,,,,,False,,False
677800,Wilyer Abreu,BOS,LAA,1,3.0,1,696270,Ryan Johnson,R,824713,6:45 PM ET,Fenway Park,0,1,0.2109777015437393,2026-09-09,824713,0.0,0,102.5,97.9,86.2,L,4,3,1,0,0,0,1,0,0,0,1,3,0,1,3,0,0,0.4456666666666667,0.7556666666666666,1,0,1,0,0,0,0.22413793103448276,0.3076923076923077,0.7241379310344828,0.24242424242424243,0.2926829268292683,0.1724137931034483,0.015151515151515152,0.10606060606060606,0.13793103448275862,1.5333333333333334,1.0666666666666667,0.35714285714285715,0.21428571428571427,0.3333333333333333,0.38095238095238093,0.023809523809523808,0.2361166666666667,0.42504444444444445,0.2222222222222222,0.23809523809523808,0.16720000000000007,0.2741500000000001,0.25,0.38333333333333336,0.2463768115942029,0.2,0.4727272727272727,0.16666666666666666,0.6844660194174758,0.17682926829268292,0.40804597701149425,0.1839080459770115,0.3546099290780142,0.3617021276595745,0.06382978723404255,11.399999999999999,3.0,8.1,0.19285714285714287,0.648708877476121,0.3559737559132706,0.648708877476121,1.5333333333333334,,1.5,,,,,False,,0.5,,,,,False,,False
695681,Christian Moore,LAA,BOS,0,5.0,1,687562,Jake Bennett,L,824713,6:45 PM ET,Fenway Park,1,0,0.2642857142857143,2026-09-09,824713,0.0,0,102.5,97.9,86.2,R,4,4,2,0,0,0,0,0,0,0,2,4,0,3,0,4,0,0.37075,0.40925,1,1,1,1,0,0,0.16071428571428573,0.22950819672131148,0.7321428571428571,0.2459016393442623,0.2,0.125,0.01639344262295082,0.03278688524590164,0.07142857142857142,1.0666666666666667,1.0,0.3170731707317073,0.24390243902439024,0.4146341463414634,0.24390243902439024,0.04878048780487805,0.2834555555555555,0.42429999999999995,0.10526315789473684,0.2631578947368421,0.2766166666666666,0.3424333333333333,0.2,0.34545454545454546,0.25,0.14285714285714285,0.1836734693877551,0.36363636363636365,0.7459016393442623,0.20535714285714285,0.3231441048034934,0.10043668122270742,0.3901098901098901,0.29120879120879123,0.027472527472527472,7.30327868852459,0.6639344262295082,6.860655737704919,0.19745222929936307,0.6574487884824977,0.4291842682310212,0.6574487884824977,1.0666666666666667,,1.5,,,,,False,,0.5,,,,,False,,False
694203,Denzer Guzman,LAA,BOS,0,8.0,1,687562,Jake Bennett,L,824713,6:45 PM ET,Fenway Park,1,0,0.2642857142857143,2026-09-09,824713,0.0,0,102.5,97.9,86.2,R,4,4,1,0,0,0,0,0,0,2,1,2,0,0,0,2,0,0.3415,0.3695,1,0,1,0,1,1,0.15555555555555556,0.19148936170212766,0.6444444444444445,0.3333333333333333,0.21428571428571427,0.13333333333333333,0.020833333333333332,0.0625,0.08888888888888889,0.8666666666666667,1.0666666666666667,0.36666666666666664,0.3,0.43333333333333335,0.1,0.0,0.360875,0.4970535714285714,0.15384615384615385,0.21428571428571427,0.3113,0.37960000000000005,0.21153846153846154,0.2692307692307692,0.2982456140350877,0.15384615384615385,0.3333333333333333,0.19047619047619047,0.7459016393442623,0.20535714285714285,0.3231441048034934,0.10043668122270742,0.3901098901098901,0.29120879120879123,0.027472527472527472,7.30327868852459,0.6639344262295082,6.860655737704919,0.19745222929936307,0.5682666765176453,0.3585210937845516,0.5682666765176453,0.8666666666666667,,1.5,,,,,False,,0.5,,,,,False,,False
642350,Jose Siri,LAA,BOS,0,3.0,1,687562,Jake Bennett,L,824713,6:45 PM ET,Fenway Park,1,0,0.2642857142857143,2026-09-09,824713,0.0,0,102.5,97.9,86.2,R,5,5,1,0,0,0,0,0,0,2,1,3,0,1,1,1,1,0.3063333333333333,0.4146666666666667,1,0,1,0,1,1,0.075,0.1590909090909091,0.55,0.4,0.13636363636363635,0.0,0.0,0.0,0.0,0.2,1.2,0.43478260869565216,0.2608695652173913,0.391304347826087,0.34782608695652173,0.0,0.3552692307692308,0.7872307692307691,0.0,0.5384615384615384,0.426875,0.6243750000000001,0.3023255813953488,0.4418604651162791,0.2708333333333333,0.07894736842105263,0.10526315789473684,0.37209302325581395,0.7459016393442623,0.20535714285714285,0.3231441048034934,0.10043668122270742,0.3901098901098901,0.29120879120879123,0.027472527472527472,7.30327868852459,0.6639344262295082,6.860655737704919,0.19745222929936307,0.629833911567714,0.38629372121689665,0.629833911567714,0.2,,1.5,,,,,False,,0.5,,,,,False,,False
677347,Kyren Paris,LAA,BOS,0,6.0,1,687562,Jake Bennett,L,824713,6:45 PM ET,Fenway Park,1,0,0.2642857142857143,2026-09-09,824713,0.0,0,102.5,97.9,86.2,R,3,3,0,0,0,0,0,0,0,1,0,2,0,2,1,1,0,0.4085,0.823,0,0,0,0,1,0,0.13636363636363635,0.20833333333333334,0.45454545454545453,0.5,0.2631578947368421,0.09090909090909091,0.020833333333333332,0.020833333333333332,0.045454545454545456,0.6666666666666666,1.6,0.35,0.15,0.25,0.5,0.05,0.2543666666666667,0.4632833333333333,0.07692307692307693,0.6428571428571429,0.20649999999999996,0.5795,0.14893617021276595,0.23404255319148937,0.49019607843137253,0.0967741935483871,0.12903225806451613,0.4117647058823529,0.7459016393442623,0.20535714285714285,0.3231441048034934,0.10043668122270742,0.3901098901098901,0.29120879120879123,0.027472527472527472,7.30327868852459,0.6639344262295082,6.860655737704919,0.19745222929936307,0.5878097167788011,0.43792305780435675,0.5878097167788011,0.6666666666666666,,1.5,,,,,False,,0.5,,,,,False,,False
545361,Mike Trout,LAA,BOS,0,2.0,1,687562,Jake Bennett,L,824713,6:45 PM ET,Fenway Park,1,0,0.2642857142857143,2026-09-09,824713,0.0,0,102.5,97.9,86.2,R,5,4,1,1,0,0,1,0,0,2,2,2,0,1,1,1,0,0.526,1.4264999999999999,1,0,1,1,1,1,0.29310344827586204,0.35384615384615387,0.6896551724137931,0.2727272727272727,0.4146341463414634,0.08620689655172414,0.0,0.07575757575757576,0.08620689655172414,1.4666666666666666,1.2,0.3902439024390244,0.3902439024390244,0.3170731707317073,0.1951219512195122,0.024390243902439025,0.37573333333333336,0.5757388888888889,0.35,0.38095238095238093,0.4934333333333333,0.5926499999999999,0.29508196721311475,0.3770491803278688,0.25,0.27450980392156865,0.37254901960784315,0.27419354838709675,0.7459016393442623,0.20535714285714285,0.3231441048034934,0.10043668122270742,0.3901098901098901,0.29120879120879123,0.027472527472527472,7.30327868852459,0.6639344262295082,6.860655737704919,0.19745222929936307,0.694089008578171,0.4524797582251268,0.694089008578171,1.4666666666666666,,1.5,,,,,False,,0.5,,,,,False,,False
672724,Oswald Peraza,LAA,BOS,0,7.0,1,687562,Jake Bennett,L,824713,6:45 PM ET,Fenway Park,1,0,0.2642857142857143,2026-09-09,824713,0.0,0,102.5,97.9,86.2,R,3,3,0,0,0,0,0,0,0,2,0,1,0,0,0,1,0,0.285,0.288,0,0,0,0,1,1,0.15789473684210525,0.28888888888888886,0.6578947368421053,0.28888888888888886,0.24,0.02631578947368421,0.0,0.022222222222222223,0.02631578947368421,0.4666666666666667,0.8666666666666667,0.16,0.24,0.52,0.16,0.0,0.2885238095238095,0.32586904761904767,0.2,0.2777777777777778,0.3344666666666667,0.37373333333333336,0.19047619047619047,0.19047619047619047,0.3333333333333333,0.1951219512195122,0.2682926829268293,0.32608695652173914,0.7459016393442623,0.20535714285714285,0.3231441048034934,0.10043668122270742,0.3901098901098901,0.29120879120879123,0.027472527472527472,7.30327868852459,0.6639344262295082,6.860655737704919,0.19745222929936307,0.5601079050232887,0.3558285391251674,0.5601079050232887,0.4666666666666667,,1.5,,,,,False,,0.5,,,,,False,,False
623168,Tyler Heineman,LAA,BOS,0,9.0,1,687562,Jake Bennett,L,824713,6:45 PM ET,Fenway Park,0,0,0.2642857142857143,2026-09-09,824713,0.0,0,102.5,97.9,86.2,L,4,4,0,0,0,0,0,0,0,2,0,2,0,0,2,0,0,0.0615,0.126,0,0,0,0,1,1,0.15625,0.20588235294117646,0.9375,0.05405405405405406,0.16666666666666666,0.03125,0.0,0.02702702702702703,0.03125,0.4,0.13333333333333333,0.12121212121212122,0.24242424242424243,0.48484848484848486,0.18181818181818182,0.0,0.2145,0.25195555555555554,0.16666666666666666,0.0,0.24630000000000002,0.2923999999999999,0.2,0.225,0.043478260869565216,0.1794871794871795,0.20512820512820512,0.17073170731707318,0.7459016393442623,0.20535714285714285,0.3231441048034934,0.10043668122270742,0.3901098901098901,0.29120879120879123,0.027472527472527472,7.30327868852459,0.6639344262295082,6.860655737704919,0.19745222929936307,0.4250634468037242,0.2558660026428155,0.4250634468037242,0.4,,1.5,,,,,False,,0.5,,,,,False,,False
687093,Vaughn Grissom,LAA,BOS,0,4.0,1,687562,Jake Bennett,L,824713,6:45 PM ET,Fenway Park,1,0,0.2642857142857143,2026-09-09,824713,0.0,0,102.5,97.9,86.2,R,4,3,2,1,0,0,1,0,0,0,3,3,0,1,0,1,2,0.43333333333333335,0.566,1,1,1,1,0,0,0.22413793103448276,0.2857142857142857,0.7931034482758621,0.1875,0.23255813953488372,0.20689655172413793,0.046875,0.046875,0.10344827586206896,1.6666666666666667,0.8,0.3617021276595745,0.2978723404255319,0.425531914893617,0.2553191489361702,0.02127659574468085,0.30187261904761903,0.5246511904761905,0.21052631578947367,0.2857142857142857,0.3458958333333333,0.5425625000000001,0.22580645161290322,0.3387096774193548,0.22727272727272727,0.2222222222222222,0.37037037037037035,0.23333333333333334,0.7459016393442623,0.20535714285714285,0.3231441048034934,0.10043668122270742,0.3901098901098901,0.29120879120879123,0.027472527472527472,7.30327868852459,0.6639344262295082,6.860655737704919,0.19745222929936307,0.6598162701117528,0.4438645739401239,0.6598162701117528,1.6666666666666667,,1.5,,,,,False,,0.5,,,,,False,,False
687263,Zach Neto,LAA,BOS,0,1.0,1,687562,Jake Bennett,L,824713,6:45 PM ET,Fenway Park,1,0,0.2642857142857143,2026-09-09,824713,0.0,0,102.5,97.9,86.2,R,5,5,4,1,0,1,0,0,0,0,8,5,0,2,1,0,4,0.6066,1.025,1,1,1,1,0,0,0.2786885245901639,0.34328358208955223,0.6721311475409836,0.29850746268656714,0.38461538461538464,0.18032786885245902,0.029850746268656716,0.04477611940298507,0.09836065573770492,1.8666666666666667,1.3333333333333333,0.4146341463414634,0.3902439024390244,0.2682926829268293,0.2682926829268293,0.024390243902439025,0.36103888888888885,0.6024411111111111,0.2,0.4090909090909091,0.3208,0.38470000000000004,0.3220338983050847,0.4745762711864407,0.30303030303030304,0.20967741935483872,0.3387096774193548,0.28125,0.7459016393442623,0.20535714285714285,0.3231441048034934,0.10043668122270742,0.3901098901098901,0.29120879120879123,0.027472527472527472,7.30327868852459,0.6639344262295082,6.860655737704919,0.19745222929936307,0.7185927072525957,0.4821892560456211,0.7185927072525957,1.8666666666666667,,1.5,,,,,False,,0.5,,,,,False,,False
592450,Aaron Judge,NYY,COL,1,3.0,1,608372,Tomoyuki Sugano,R,823497,7:05 PM ET,Yankee Stadium,1,1,0.2425828970331588,2026-09-09,823497,0.0,1,94.4,100.1,100.3,R,3,3,0,0,0,0,0,0,0,2,0,1,0,1,1,0,0,0.137,0.422,0,0,0,0,1,1,0.19298245614035087,0.2878787878787879,0.7017543859649122,0.2537313432835821,0.25,0.10526315789473684,0.014925373134328358,0.04477611940298507,0.07017543859649122,1.1333333333333333,1.1333333333333333,0.6341463414634146,0.1951219512195122,0.3902439024390244,0.36585365853658536,0.0,0.35975641025641025,0.6565320512820512,0.2222222222222222,0.17391304347826086,0.27175,0.47628333333333356,0.1724137931034483,0.3275862068965517,0.2878787878787879,0.2830188679245283,0.6037735849056604,0.27941176470588236,0.8149779735682819,0.2561576354679803,0.6036866359447005,0.2995391705069124,0.4,0.2972972972972973,0.032432432432432434,9.50943396226415,1.5283018867924527,4.584905660377358,0.11946902654867257,0.6476741061747179,0.37855609297607895,0.6476741061747179,1.1333333333333333,,1.5,,,,,False,,0.5,,,,,False,,False
669224,Austin Wells,NYY,COL,1,8.0,1,608372,Tomoyuki Sugano,R,823497,7:05 PM ET,Yankee Stadium,0,1,0.2425828970331588,2026-09-09,823497,0.0,1,94.4,100.1,100.3,L,3,3,0,0,0,0,0,0,0,1,0,2,0,1,2,0,0,0.0955,0.205,0,0,0,0,1,0,0.24390243902439024,0.3469387755102041,0.5609756097560976,0.3673469387755102,0.36363636363636365,0.17073170731707318,0.04081632653061224,0.02040816326530612,0.07317073170731707,1.1333333333333333,1.2,0.5,0.2916666666666667,0.25,0.3333333333333333,0.0,0.39400694444444445,0.6039236111111111,0.23076923076923078,0.25,0.3091666666666667,0.4408666666666665,0.275,0.45,0.3125,0.12244897959183673,0.22448979591836735,0.39215686274509803,0.8149779735682819,0.2561576354679803,0.6036866359447005,0.2995391705069124,0.4,0.2972972972972973,0.032432432432432434,9.50943396226415,1.5283018867924527,4.584905660377358,0.11946902654867257,0.5508029592421763,0.32369594848126115,0.5508029592421763,1.1333333333333333,,1.5,,,,,False,,0.5,,,,,False,,False
700250,Ben Rice,NYY,COL,1,1.0,1,608372,Tomoyuki Sugano,R,823497,7:05 PM ET,Yankee Stadium,0,1,0.2425828970331588,2026-09-09,823497,0.0,1,94.4,100.1,100.3,L,4,2,0,0,0,0,1,1,0,1,0,1,0,0,0,0,1,0.406,0.539,0,0,0,0,1,0,0.3275862068965517,0.4264705882352941,0.7413793103448276,0.22058823529411764,0.4146341463414634,0.13793103448275862,0.029411764705882353,0.029411764705882353,0.06896551724137931,1.8,1.0,0.46511627906976744,0.27906976744186046,0.32558139534883723,0.3488372093023256,0.023255813953488372,0.3824155555555555,0.6835222222222223,0.42857142857142855,0.20833333333333334,0.3878466666666667,0.6363666666666667,0.23728813559322035,0.4576271186440678,0.20588235294117646,0.22950819672131148,0.4098360655737705,0.3384615384615385,0.8149779735682819,0.2561576354679803,0.6036866359447005,0.2995391705069124,0.4,0.2972972972972973,0.032432432432432434,9.50943396226415,1.5283018867924527,4.584905660377358,0.11946902654867257,0.6723546096008896,0.4279660969023484,0.6723546096008896,1.8,,1.5,,,,,False,,0.5,,,,,False,,False
641355,Cody Bellinger,NYY,COL,1,2.0,1,608372,Tomoyuki Sugano,R,823497,7:05 PM ET,Yankee Stadium,0,1,0.2425828970331588,2026-09-09,823497,0.0,1,94.4,100.1,100.3,L,4,4,1,1,0,0,0,0,0,0,2,4,0,1,2,2,0,0.078,0.1275,1,0,1,1,0,0,0.3064516129032258,0.3125,0.8548387096774194,0.140625,0.33962264150943394,0.08064516129032258,0.015625,0.03125,0.04838709677419355,1.6,0.6,0.3148148148148148,0.2962962962962963,0.37037037037037035,0.2037037037037037,0.018518518518518517,0.30595,0.41126,0.34782608695652173,0.21739130434782608,0.28935,0.3334800000000001,0.27586206896551724,0.3448275862068966,0.27419354838709675,0.3157894736842105,0.38596491228070173,0.14516129032258066,0.8149779735682819,0.2561576354679803,0.6036866359447005,0.2995391705069124,0.4,0.2972972972972973,0.032432432432432434,9.50943396226415,1.5283018867924527,4.584905660377358,0.11946902654867257,0.6995566229247118,0.4249839908054083,0.6995566229247118,1.6,,1.5,,,,,False,,0.5,,,,,False,,False
806146,George Lombard Jr.,NYY,COL,1,6.0,1,608372,Tomoyuki Sugano,R,823497,7:05 PM ET,Yankee Stadium,1,1,0.2425828970331588,2026-09-09,823497,0.0,1,94.4,100.1,100.3,R,4,3,1,0,0,0,1,0,0,1,1,2,0,0,0,1,0,0.22099999999999997,0.2565,1,0,1,0,1,0,0.21153846153846154,0.24561403508771928,0.6153846153846154,0.3508771929824561,0.3235294117647059,0.057692307692307696,0.0,0.017543859649122806,0.038461538461538464,0.9333333333333333,1.3333333333333333,0.38235294117647056,0.20588235294117646,0.5882352941176471,0.20588235294117646,0.029411764705882353,0.3217777777777778,0.4458055555555555,0.13333333333333333,0.4117647058823529,0.28819999999999996,0.4,0.23529411764705882,0.27450980392156865,0.2982456140350877,0.2727272727272727,0.7272727272727273,0.35714285714285715,0.8149779735682819,0.2561576354679803,0.6036866359447005,0.2995391705069124,0.4,0.2972972972972973,0.032432432432432434,9.50943396226415,1.5283018867924527,4.584905660377358,0.11946902654867257,0.6875367309850646,0.37513182495809466,0.6875367309850646,0.9333333333333333,,1.5,,,,,False,,0.5,,,,,False,,False
676609,José Caballero,NYY,COL,1,9.0,1,608372,Tomoyuki Sugano,R,823497,7:05 PM ET,Yankee Stadium,1,1,0.2425828970331588,2026-09-09,823497,0.0,1,94.4,100.1,100.3,R,5,2,0,0,0,0,2,0,0,0,0,3,0,0,0,2,0,0.048,0.0525,0,0,0,0,0,0,0.2,0.22641509433962265,0.72,0.2641509433962264,0.25,0.06,0.018867924528301886,0.0,0.02,0.8666666666666667,0.9333333333333333,0.32432432432432434,0.21621621621621623,0.32432432432432434,0.2702702702702703,0.02702702702702703,0.31658095238095235,0.47070952380952374,0.2631578947368421,0.3684210526315789,0.33886000000000005,0.4733199999999999,0.12195121951219512,0.1951219512195122,0.3333333333333333,0.1836734693877551,0.24489795918367346,0.3269230769230769,0.8149779735682819,0.2561576354679803,0.6036866359447005,0.2995391705069124,0.4,0.2972972972972973,0.032432432432432434,9.50943396226415,1.5283018867924527,4.584905660377358,0.11946902654867257,0.5064252061223987,0.26596764562299396,0.5064252061223987,0.8666666666666667,,1.5,,,,,False,,0.5,,,,,False,,False
671277,Luis García Jr.,NYY,COL,1,4.0,1,608372,Tomoyuki Sugano,R,823497,7:05 PM ET,Yankee Stadium,0,1,0.2425828970331588,2026-09-09,823497,0.0,1,94.4,100.1,100.3,L,4,4,2,0,0,0,0,0,0,1,2,3,0,1,1,2,0,0.4683333333333333,0.503,1,1,1,1,1,0,0.32653061224489793,0.37735849056603776,0.7755102040816326,0.20754716981132076,0.37142857142857144,0.22448979591836735,0.05660377358490566,0.03773584905660377,0.10204081632653061,1.8,0.7333333333333333,0.5,0.21052631578947367,0.5,0.21052631578947367,0.02631578947368421,0.33124102564102564,0.6710910256410256,0.26666666666666666,0.26666666666666666,0.24794999999999995,0.49192500000000006,0.32,0.6,0.22641509433962265,0.19230769230769232,0.25,0.18518518518518517,0.8149779735682819,0.2561576354679803,0.6036866359447005,0.2995391705069124,0.4,0.2972972972972973,0.032432432432432434,9.50943396226415,1.5283018867924527,4.584905660377358,0.11946902654867257,0.6420811871064048,0.36509914438926266,0.6420811871064048,1.8,,1.5,,,,,False,,0.5,,,,,False,,False
641857,Ryan McMahon,NYY,COL,1,7.0,1,608372,Tomoyuki Sugano,R,823497,7:05 PM ET,Yankee Stadium,0,1,0.2425828970331588,2026-09-09,823497,0.0,1,94.4,100.1,100.3,L,3,3,1,1,0,0,0,0,0,1,2,2,0,0,0,1,1,0.2255,0.2935,1,0,1,1,1,0,0.23076923076923078,0.32608695652173914,0.6666666666666666,0.2765957446808511,0.3333333333333333,0.05128205128205128,0.0,0.0425531914893617,0.05128205128205128,0.7333333333333333,0.8666666666666667,0.3333333333333333,0.25925925925925924,0.4074074074074074,0.3333333333333333,0.0,0.33775,0.4482291666666667,0.21428571428571427,0.17647058823529413,0.3575,0.43530000000000013,0.21951219512195122,0.2682926829268293,0.2549019607843137,0.2222222222222222,0.4444444444444444,0.2682926829268293,0.8149779735682819,0.2561576354679803,0.6036866359447005,0.2995391705069124,0.4,0.2972972972972973,0.032432432432432434,9.50943396226415,1.5283018867924527,4.584905660377358,0.11946902654867257,0.5612225787182603,0.352508060107211,0.5612225787182603,0.7333333333333333,,1.5,,,,,False,,0.5,,,,,False,,False
682987,Spencer Jones,NYY,COL,1,5.0,1,608372,Tomoyuki Sugano,R,823497,7:05 PM ET,Yankee Stadium,0,1,0.2425828970331588,2026-09-09,823497,0.0,1,94.4,100.1,100.3,L,4,3,0,0,0,0,1,0,0,3,0,0,0,0,0,0,0,0.1505,0.1825,0,0,0,0,1,1,0.30434782608695654,0.36538461538461536,0.6086956521739131,0.33962264150943394,0.4444444444444444,0.21739130434782608,0.03773584905660377,0.07547169811320754,0.13043478260869565,1.6,1.2,0.4482758620689655,0.4482758620689655,0.2413793103448276,0.27586206896551724,0.0,0.5215897435897436,0.874724358974359,0.3333333333333333,0.4090909090909091,0.4618750000000001,0.7878333333333333,0.3469387755102041,0.673469387755102,0.30357142857142855,0.3076923076923077,0.6153846153846154,0.2857142857142857,0.8149779735682819,0.2561576354679803,0.6036866359447005,0.2995391705069124,0.4,0.2972972972972973,0.032432432432432434,9.50943396226415,1.5283018867924527,4.584905660377358,0.11946902654867257,0.5853752873585496,0.3208168013337378,0.5853752873585496,1.6,,1.5,,,,,False,,0.5,,,,,False,,False
664954,Brett Sullivan,COL,NYY,0,7.0,1,701542,Will Warren,R,823497,7:05 PM ET,Yankee Stadium,0,1,0.23599320882852293,2026-09-09,823497,0.0,1,94.4,100.1,100.3,L,2,2,0,0,0,0,0,0,0,0,0,2,0,2,0,1,1,0.496,0.748,0,0,0,0,0,0,0.25,0.32,0.8409090909090909,0.14,0.25,0.20454545454545456,0.04,0.06,0.11363636363636363,1.3333333333333333,0.4666666666666667,0.34210526315789475,0.34210526315789475,0.3157894736842105,0.2631578947368421,0.05263157894736842,0.33980000000000005,0.5503833333333332,0.35714285714285715,0.1875,0.4077,0.4543333333333333,0.25,0.5,0.19230769230769232,0.3157894736842105,0.42105263157894735,0.14285714285714285,0.6903553299492385,0.24550898203592814,0.5423728813559322,0.2542372881355932,0.4632352941176471,0.19852941176470587,0.029411764705882353,10.103225806451613,1.2193548387096773,7.1419354838709666,0.17372881355932204,0.5559579656129229,0.3399485312396149,0.5559579656129229,1.3333333333333333,,1.5,,,,,False,,0.5,,,,,False,,False
694249,Cole Carrigg,COL,NYY,0,2.0,1,701542,Will Warren,R,823497,7:05 PM ET,Yankee Stadium,1,1,0.23599320882852293,2026-09-09,823497,0.0,1,94.4,100.1,100.3,R,1,1,0,0,0,0,0,0,0,0,0,1,0,1,0,1,0,0.157,0.174,0,0,0,0,0,0,0.2777777777777778,0.2777777777777778,0.75,0.25,0.34615384615384615,0.19444444444444445,0.027777777777777776,0.05555555555555555,0.1111111111111111,1.1333333333333333,0.6,0.4074074074074074,0.3333333333333333,0.2962962962962963,0.2962962962962963,0.07407407407407407,0.30205128205128207,0.5550512820512821,0.2727272727272727,0.45454545454545453,0.3015,0.44375,0.18333333333333332,0.3333333333333333,0.23880597014925373,0.2542372881355932,0.423728813559322,0.2698412698412698,0.6903553299492385,0.24550898203592814,0.5423728813559322,0.2542372881355932,0.4632352941176471,0.19852941176470587,0.029411764705882353,10.103225806451613,1.2193548387096773,7.1419354838709666,0.17372881355932204,0.5405324834829012,0.3310655210432547,0.5405324834829012,1.1333333333333333,,1.5,,,,,False,,0.5,,,,,False,,False
681393,Connor Norby,COL,NYY,0,8.0,1,701542,Will Warren,R,823497,7:05 PM ET,Yankee Stadium,1,1,0.23599320882852293,2026-09-09,823497,0.0,1,94.4,100.1,100.3,R,1,1,0,0,0,0,0,0,0,1,0,0,0,0,0,0,0,0.6815,0.735,0,0,0,0,1,0,0.2692307692307692,0.36666666666666664,0.6923076923076923,0.26229508196721313,0.35294117647058826,0.1346153846153846,0.03278688524590164,0.01639344262295082,0.057692307692307696,1.4,1.0666666666666667,0.2777777777777778,0.3055555555555556,0.3888888888888889,0.2777777777777778,0.05555555555555555,0.444577380952381,0.5868571428571429,0.17647058823529413,0.25,0.38760416666666664,0.4467916666666667,0.24489795918367346,0.42857142857142855,0.32727272727272727,0.2222222222222222,0.28888888888888886,0.3018867924528302,0.6903553299492385,0.24550898203592814,0.5423728813559322,0.2542372881355932,0.4632352941176471,0.19852941176470587,0.029411764705882353,10.103225806451613,1.2193548387096773,7.1419354838709666,0.17372881355932204,0.5879492095371894,0.29641217664438635,0.5879492095371894,1.4,,1.5,,,,,False,,0.5,,,,,False,,False
696100,Hunter Goodman,COL,NYY,0,4.0,1,701542,Will Warren,R,823497,7:05 PM ET,Yankee Stadium,1,1,0.23599320882852293,2026-09-09,823497,0.0,1,94.4,100.1,100.3,R,4,4,1,0,0,1,0,0,0,1,4,3,0,2,1,0,0,0.08066666666666666,0.2786666666666667,1,0,1,1,1,0,0.20754716981132076,0.2833333333333333,0.7169811320754716,0.2459016393442623,0.24324324324324326,0.18867924528301888,0.03278688524590164,0.03278688524590164,0.09433962264150944,1.4,1.0,0.41025641025641024,0.15384615384615385,0.48717948717948717,0.23076923076923078,0.02564102564102564,0.2610388888888889,0.5251444444444444,0.1111111111111111,0.38095238095238093,0.2752666666666667,0.3645666666666665,0.25,0.5535714285714286,0.27419354838709675,0.18,0.22,0.32786885245901637,0.6903553299492385,0.24550898203592814,0.5423728813559322,0.2542372881355932,0.4632352941176471,0.19852941176470587,0.029411764705882353,10.103225806451613,1.2193548387096773,7.1419354838709666,0.17372881355932204,0.6357283422912782,0.3986608773920382,0.6357283422912782,1.4,,1.5,,,,,False,,0.5,,,,,False,,False
664983,Jake McCarthy,COL,NYY,0,1.0,1,701542,Will Warren,R,823497,7:05 PM ET,Yankee Stadium,0,1,0.23599320882852293,2026-09-09,823497,0.0,1,94.4,100.1,100.3,L,4,4,1,0,0,0,0,0,0,1,1,3,0,2,1,2,0,0.268,0.5233333333333333,1,0,1,0,1,0,0.30158730158730157,0.36619718309859156,0.873015873015873,0.11267605633802817,0.3148148148148148,0.1746031746031746,0.028169014084507043,0.04225352112676056,0.09523809523809523,2.0,0.5333333333333333,0.39285714285714285,0.3392857142857143,0.4107142857142857,0.25,0.03571428571428571,0.34360666666666667,0.5188933333333333,0.38095238095238093,0.08,0.28913333333333335,0.4711999999999998,0.25806451612903225,0.3870967741935484,0.12857142857142856,0.265625,0.46875,0.13043478260869565,0.6903553299492385,0.24550898203592814,0.5423728813559322,0.2542372881355932,0.4632352941176471,0.19852941176470587,0.029411764705882353,10.103225806451613,1.2193548387096773,7.1419354838709666,0.17372881355932204,0.668396307333215,0.398283256208568,0.668396307333215,2.0,,1.5,,,,,False,,0.5,,,,,False,,False
691720,Kyle Karros,COL,NYY,0,6.0,1,701542,Will Warren,R,823497,7:05 PM ET,Yankee Stadium,1,1,0.23599320882852293,2026-09-09,823497,0.0,1,94.4,100.1,100.3,R,3,3,0,0,0,0,0,0,0,1,0,2,0,0,0,0,2,0.407,0.477,0,0,0,0,1,0,0.2830188679245283,0.35,0.7924528301886793,0.18032786885245902,0.3333333333333333,0.09433962264150944,0.01639344262295082,0.03278688524590164,0.05660377358490566,1.3333333333333333,0.7333333333333333,0.3023255813953488,0.23255813953488372,0.4186046511627907,0.27906976744186046,0.0,0.31305,0.4705166666666667,0.17647058823529413,0.16666666666666666,0.2776166666666666,0.6241000000000001,0.2222222222222222,0.37037037037037035,0.24561403508771928,0.3191489361702128,0.44680851063829785,0.12903225806451613,0.6903553299492385,0.24550898203592814,0.5423728813559322,0.2542372881355932,0.4632352941176471,0.19852941176470587,0.029411764705882353,10.103225806451613,1.2193548387096773,7.1419354838709666,0.17372881355932204,0.6365430016007524,0.3831902910291265,0.6365430016007524,1.3333333333333333,,1.5,,,,,False,,0.5,,,,,False,,False
666160,Mickey Moniak,COL,NYY,0,5.0,1,701542,Will Warren,R,823497,7:05 PM ET,Yankee Stadium,0,1,0.23599320882852293,2026-09-09,823497,0.0,1,94.4,100.1,100.3,L,4,4,0,0,0,0,0,0,0,3,0,1,0,0,0,0,0,0.011,0.017,0,0,0,0,1,1,0.2,0.22580645161290322,0.7166666666666667,0.27419354838709675,0.225,0.18333333333333332,0.04838709677419355,0.03225806451612903,0.08333333333333333,1.5333333333333334,1.1333333333333333,0.3953488372093023,0.2558139534883721,0.3488372093023256,0.32558139534883723,0.023255813953488372,0.2992388888888889,0.49318333333333336,0.21052631578947367,0.15789473684210525,0.3272500000000001,0.6532,0.20689655172413793,0.3793103448275862,0.2698412698412698,0.25,0.48214285714285715,0.3064516129032258,0.6903553299492385,0.24550898203592814,0.5423728813559322,0.2542372881355932,0.4632352941176471,0.19852941176470587,0.029411764705882353,10.103225806451613,1.2193548387096773,7.1419354838709666,0.17372881355932204,0.6259879468502642,0.3653049474481631,0.6259879468502642,1.5333333333333334,,1.5,,,,,False,,0.5,,,,,False,,False
681198,TJ Rumfield,COL,NYY,0,3.0,1,701542,Will Warren,R,823497,7:05 PM ET,Yankee Stadium,0,1,0.23599320882852293,2026-09-09,823497,0.0,1,94.4,100.1,100.3,L,4,3,1,0,0,0,1,0,0,1,1,2,0,1,0,1,1,0.507,0.7064999999999999,1,0,1,0,1,0,0.3673469387755102,0.515625,0.8571428571428571,0.109375,0.4,0.22448979591836735,0.03125,0.046875,0.12244897959183673,1.9333333333333333,0.4666666666666667,0.3333333333333333,0.19047619047619047,0.42857142857142855,0.2857142857142857,0.047619047619047616,0.3055,0.5083055555555556,0.5,0.13636363636363635,0.4270666666666667,0.8986000000000001,0.34,0.54,0.12307692307692308,0.2916666666666667,0.3333333333333333,0.09836065573770492,0.6903553299492385,0.24550898203592814,0.5423728813559322,0.2542372881355932,0.4632352941176471,0.19852941176470587,0.029411764705882353,10.103225806451613,1.2193548387096773,7.1419354838709666,0.17372881355932204,0.6401354359562794,0.4199317210118194,0.6401354359562794,1.9333333333333333,,1.5,,,,,False,,0.5,,,,,False,,False
691728,Zac Veen,COL,NYY,0,9.0,1,701542,Will Warren,R,823497,7:05 PM ET,Yankee Stadium,0,1,0.23599320882852293,2026-09-09,823497,0.0,1,94.4,100.1,100.3,L,2,2,0,0,0,0,0,0,0,2,0,0,0,0,0,0,0,0.617,0.707,0,0,0,0,1,1,0.21739130434782608,0.3333333333333333,0.4782608695652174,0.41379310344827586,0.45454545454545453,0.13043478260869565,0.0,0.034482758620689655,0.08695652173913043,0.5333333333333333,0.8,0.38461538461538464,0.15384615384615385,0.5384615384615384,0.3076923076923077,0.0,0.30607407407407405,0.5502592592592592,0.42857142857142855,0.3,0.49224999999999997,0.9904999999999999,0.2608695652173913,0.391304347826087,0.39285714285714285,0.19047619047619047,0.23809523809523808,0.2916666666666667,0.6903553299492385,0.24550898203592814,0.5423728813559322,0.2542372881355932,0.4632352941176471,0.19852941176470587,0.029411764705882353,10.103225806451613,1.2193548387096773,7.1419354838709666,0.17372881355932204,0.4315962593050937,0.21890902654907804,0.4315962593050937,0.5333333333333333,,1.5,,,,,False,,0.5,,,,,False,,False
663586,Austin Riley,ATL,TB,1,8.0,1,643377,Griffin Jax,R,824871,7:15 PM ET,Truist Park,1,1,0.23905109489051096,2026-09-09,824871,0.0,0,100.6,98.4,97.1,R,3,3,1,0,0,0,0,0,0,2,1,1,0,1,0,1,0,0.357,0.395,1,0,1,0,1,1,0.22,0.2857142857142857,0.66,0.30357142857142855,0.30303030303030304,0.12,0.017857142857142856,0.017857142857142856,0.06,1.1333333333333333,1.1333333333333333,0.35294117647058826,0.29411764705882354,0.20588235294117646,0.38235294117647056,0.029411764705882353,0.36916025641025646,0.676474358974359,0.29411764705882354,0.2777777777777778,0.42831250000000004,1.1315208333333333,0.19607843137254902,0.3137254901960784,0.3157894736842105,0.24528301886792453,0.4528301886792453,0.3275862068965517,0.6372093023255814,0.19576719576719576,0.3826530612244898,0.15816326530612246,0.45255474452554745,0.26277372262773724,0.029197080291970802,7.851063829787234,1.7234042553191489,9.76595744680851,0.2727272727272727,0.6013510794060678,0.3362535404471645,0.6013510794060678,1.1333333333333333,,1.5,,,,,False,,0.5,,,,,False,,False
686948,Drake Baldwin,ATL,TB,1,1.0,1,643377,Griffin Jax,R,824871,7:15 PM ET,Truist Park,0,1,0.23905109489051096,2026-09-09,824871,0.0,0,100.6,98.4,97.1,L,4,4,1,0,0,0,0,0,0,0,1,4,0,2,2,1,1,0.31775,0.6305,1,0,1,0,0,0,0.3225806451612903,0.36363636363636365,0.6935483870967742,0.2878787878787879,0.4523809523809524,0.14516129032258066,0.015151515151515152,0.09090909090909091,0.11290322580645161,1.9333333333333333,1.2666666666666666,0.4186046511627907,0.27906976744186046,0.3953488372093023,0.32558139534883723,0.046511627906976744,0.3621611111111111,0.6133777777777778,0.22727272727272727,0.30434782608695654,0.30155,0.4663833333333335,0.3225806451612903,0.5,0.30303030303030304,0.25396825396825395,0.3968253968253968,0.16923076923076924,0.6372093023255814,0.19576719576719576,0.3826530612244898,0.15816326530612246,0.45255474452554745,0.26277372262773724,0.029197080291970802,7.851063829787234,1.7234042553191489,9.76595744680851,0.2727272727272727,0.6660312775690639,0.39273751995222933,0.6660312775690639,1.9333333333333333,,1.5,,,,,False,,0.5,,,,,False,,False
621566,Matt Olson,ATL,TB,1,3.0,1,643377,Griffin Jax,R,824871,7:15 PM ET,Truist Park,0,1,0.23905109489051096,2026-09-09,824871,0.0,0,100.6,98.4,97.1,L,4,4,1,0,0,0,0,0,0,0,1,4,0,3,2,2,0,0.33075,0.6665,1,0,1,0,0,0,0.15254237288135594,0.20634920634920634,0.6949152542372882,0.2857142857142857,0.2,0.0847457627118644,0.015873015873015872,0.031746031746031744,0.05084745762711865,0.9333333333333333,1.2,0.5365853658536586,0.21951219512195122,0.3902439024390244,0.3902439024390244,0.0,0.2795166666666667,0.49153333333333343,0.05263157894736842,0.45,0.20406666666666679,0.2943333333333332,0.1724137931034483,0.27586206896551724,0.2698412698412698,0.16666666666666666,0.4,0.4032258064516129,0.6372093023255814,0.19576719576719576,0.3826530612244898,0.15816326530612246,0.45255474452554745,0.26277372262773724,0.029197080291970802,7.851063829787234,1.7234042553191489,9.76595744680851,0.2727272727272727,0.6183280451248188,0.37662543933912374,0.6183280451248188,0.9333333333333333,,1.5,,,,,False,,0.5,,,,,False,,False
643289,Mauricio Dubón,ATL,TB,1,5.0,1,643377,Griffin Jax,R,824871,7:15 PM ET,Truist Park,1,1,0.23905109489051096,2026-09-09,824871,0.0,0,100.6,98.4,97.1,R,4,4,1,0,0,0,0,0,0,0,1,4,0,3,0,1,3,0.55125,0.718,1,0,1,0,0,0,0.2807017543859649,0.3050847457627119,0.9298245614035088,0.06779661016949153,0.28846153846153844,0.08771929824561403,0.01694915254237288,0.03389830508474576,0.05263157894736842,1.4,0.26666666666666666,0.18867924528301888,0.24528301886792453,0.32075471698113206,0.33962264150943394,0.018867924528301886,0.2632655555555556,0.3321355555555556,0.21052631578947367,0.15789473684210525,0.22886666666666663,0.33370000000000005,0.25925925925925924,0.2777777777777778,0.10714285714285714,0.2777777777777778,0.42592592592592593,0.08771929824561403,0.6372093023255814,0.19576719576719576,0.3826530612244898,0.15816326530612246,0.45255474452554745,0.26277372262773724,0.029197080291970802,7.851063829787234,1.7234042553191489,9.76595744680851,0.2727272727272727,0.6701889478341411,0.33460315220009335,0.6701889478341411,1.4,,1.5,,,,,False,,0.5,,,,,False,,False
671739,Michael Harris II,ATL,TB,1,4.0,1,643377,Griffin Jax,R,824871,7:15 PM ET,Truist Park,0,1,0.23905109489051096,2026-09-09,824871,0.0,0,100.6,98.4,97.1,L,4,4,0,0,0,0,0,0,0,0,0,4,0,1,1,2,1,0.17025,0.31925,0,0,0,0,0,0,0.2777777777777778,0.30357142857142855,0.7407407407407407,0.2413793103448276,0.3055555555555556,0.2777777777777778,0.06896551724137931,0.05172413793103448,0.12962962962962962,2.0,0.9333333333333333,0.4523809523809524,0.23809523809523808,0.47619047619047616,0.23809523809523808,0.047619047619047616,0.3498333333333334,0.5966944444444445,0.125,0.23529411764705882,0.2925,0.34909999999999985,0.3392857142857143,0.6071428571428571,0.19672131147540983,0.21818181818181817,0.4727272727272727,0.19642857142857142,0.6372093023255814,0.19576719576719576,0.3826530612244898,0.15816326530612246,0.45255474452554745,0.26277372262773724,0.029197080291970802,7.851063829787234,1.7234042553191489,9.76595744680851,0.2727272727272727,0.6125401839184498,0.3544530122899779,0.6125401839184498,2.0,,1.5,,,,,False,,0.5,,,,,False,,False
573262,Mike Yastrzemski,ATL,TB,1,6.0,1,643377,Griffin Jax,R,824871,7:15 PM ET,Truist Park,0,1,0.23905109489051096,2026-09-09,824871,0.0,0,100.6,98.4,97.1,L,3,3,0,0,0,0,0,0,0,0,0,3,0,1,0,1,2,0.21566666666666667,0.36033333333333334,0,0,0,0,0,0,0.22857142857142856,0.325,0.6285714285714286,0.325,0.36363636363636365,0.02857142857142857,0.0,0.025,0.02857142857142857,0.6,0.8666666666666667,0.45454545454545453,0.22727272727272727,0.5,0.2727272727272727,0.0,0.46989393939393936,0.6010984848484848,0.23076923076923078,0.3333333333333333,0.4391944444444443,0.5734444444444444,0.22857142857142856,0.2571428571428571,0.325,0.16666666666666666,0.3333333333333333,0.27450980392156865,0.6372093023255814,0.19576719576719576,0.3826530612244898,0.15816326530612246,0.45255474452554745,0.26277372262773724,0.029197080291970802,7.851063829787234,1.7234042553191489,9.76595744680851,0.2727272727272727,0.47624956023261106,0.2614220389501844,0.47624956023261106,0.6,,1.5,,,,,False,,0.5,,,,,False,,False
645277,Ozzie Albies,ATL,TB,1,7.0,1,643377,Griffin Jax,R,824871,7:15 PM ET,Truist Park,0,1,0.23905109489051096,2026-09-09,824871,0.0,0,100.6,98.4,97.1,L,4,3,0,0,0,0,1,0,0,1,0,2,0,1,1,1,0,0.27449999999999997,0.36200000000000004,0,0,0,0,1,0,0.18604651162790697,0.2391304347826087,0.813953488372093,0.17391304347826086,0.20588235294117646,0.11627906976744186,0.021739130434782608,0.043478260869565216,0.06976744186046512,0.8666666666666667,0.5333333333333333,0.2571428571428571,0.2571428571428571,0.42857142857142855,0.2571428571428571,0.02857142857142857,0.24048333333333333,0.3229166666666667,0.11764705882352941,0.11764705882352941,0.1610333333333333,0.19778333333333326,0.23214285714285715,0.32142857142857145,0.12903225806451613,0.25862068965517243,0.43103448275862066,0.16129032258064516,0.6372093023255814,0.19576719576719576,0.3826530612244898,0.15816326530612246,0.45255474452554745,0.26277372262773724,0.029197080291970802,7.851063829787234,1.7234042553191489,9.76595744680851,0.2727272727272727,0.5566398469552617,0.2971595543968004,0.5566398469552617,0.8666666666666667,,1.5,,,,,False,,0.5,,,,,False,,False
660670,Ronald Acuña Jr.,ATL,TB,1,2.0,1,643377,Griffin Jax,R,824871,7:15 PM ET,Truist Park,1,1,0.23905109489051096,2026-09-09,824871,0.0,0,100.6,98.4,97.1,R,4,4,1,0,0,0,0,0,0,0,1,4,0,2,0,2,2,0.41575,0.471,1,0,1,0,0,0,0.3333333333333333,0.4090909090909091,0.7543859649122807,0.208955223880597,0.3902439024390244,0.21052631578947367,0.04477611940298507,0.04477611940298507,0.10526315789473684,2.066666666666667,0.9333333333333333,0.4772727272727273,0.22727272727272727,0.45454545454545453,0.25,0.022727272727272728,0.32144,0.6130633333333333,0.5,0.13043478260869565,0.39355333333333337,0.9589899999999998,0.288135593220339,0.4745762711864407,0.2727272727272727,0.2807017543859649,0.49122807017543857,0.208955223880597,0.6372093023255814,0.19576719576719576,0.3826530612244898,0.15816326530612246,0.45255474452554745,0.26277372262773724,0.029197080291970802,7.851063829787234,1.7234042553191489,9.76595744680851,0.2727272727272727,0.6747732282563638,0.41493096458754447,0.6747732282563638,2.066666666666667,,1.5,,,,,False,,0.5,,,,,False,,False
669221,Sean Murphy,ATL,TB,1,9.0,1,643377,Griffin Jax,R,824871,7:15 PM ET,Truist Park,1,1,0.23905109489051096,2026-09-09,824871,0.0,0,100.6,98.4,97.1,R,3,3,0,0,0,0,0,0,0,0,0,3,0,2,1,1,1,0.31566666666666665,0.3413333333333333,0,0,0,0,0,0,0.26,0.3392857142857143,0.64,0.32142857142857145,0.3448275862068966,0.24,0.05357142857142857,0.05357142857142857,0.12,1.6666666666666667,1.2,0.40625,0.21875,0.53125,0.21875,0.03125,0.3703888888888889,0.5959,0.25,0.3333333333333333,0.4440333333333334,0.7030000000000001,0.23076923076923078,0.46153846153846156,0.4107142857142857,0.13333333333333333,0.15555555555555556,0.3125,0.6372093023255814,0.19576719576719576,0.3826530612244898,0.15816326530612246,0.45255474452554745,0.26277372262773724,0.029197080291970802,7.851063829787234,1.7234042553191489,9.76595744680851,0.2727272727272727,0.4589493251883641,0.2218852681814896,0.4589493251883641,1.6666666666666667,,1.5,,,,,False,,0.5,,,,,False,,False
656775,Cedric Mullins,TB,ATL,0,7.0,1,625643,Reynaldo López,R,824871,7:15 PM ET,Truist Park,0,1,0.1518324607329843,2026-09-09,824871,0.0,0,100.6,98.4,97.1,L,4,4,1,0,0,0,0,0,0,0,1,4,0,2,1,1,2,0.41775,0.48075,1,0,1,0,0,0,0.15789473684210525,0.3333333333333333,0.8947368421052632,0.08163265306122448,0.15151515151515152,0.10526315789473684,0.02040816326530612,0.02040816326530612,0.05263157894736842,0.6666666666666666,0.26666666666666666,0.35294117647058826,0.058823529411764705,0.3235294117647059,0.4411764705882353,0.029411764705882353,0.21502380952380953,0.3878154761904762,0.16666666666666666,0.06666666666666667,0.27243750000000005,0.4378958333333333,0.20454545454545456,0.3409090909090909,0.1320754716981132,0.2222222222222222,0.4222222222222222,0.17857142857142858,0.6818181818181818,0.23478260869565218,0.4369747899159664,0.17647058823529413,0.4222222222222222,0.23333333333333334,0.03333333333333333,7.027397260273973,0.36986301369863017,8.136986301369863,0.2222222222222222,0.49094363774707744,0.3214935141401914,0.49094363774707744,0.6666666666666666,,1.5,,,,,False,,0.5,,,,,False,,False
802415,Chandler Simpson,TB,ATL,0,6.0,1,625643,Reynaldo López,R,824871,7:15 PM ET,Truist Park,0,1,0.1518324607329843,2026-09-09,824871,0.0,0,100.6,98.4,97.1,L,5,5,1,0,0,0,0,0,0,1,1,4,0,0,0,2,2,0.437,0.47700000000000004,1,0,1,0,1,0,0.3275862068965517,0.36065573770491804,0.9482758620689655,0.046875,0.34545454545454546,0.017241379310344827,0.0,0.015625,0.017241379310344827,1.3333333333333333,0.2,0.08771929824561403,0.19298245614035087,0.631578947368421,0.12280701754385964,0.0,0.2949055555555556,0.33751111111111115,0.2727272727272727,0.09090909090909091,0.29005000000000003,0.34418333333333334,0.32786885245901637,0.3442622950819672,0.046153846153846156,0.36363636363636365,0.4,0.06451612903225806,0.6818181818181818,0.23478260869565218,0.4369747899159664,0.17647058823529413,0.4222222222222222,0.23333333333333334,0.03333333333333333,7.027397260273973,0.36986301369863017,8.136986301369863,0.2222222222222222,0.6567171250308492,0.3790525872518229,0.6567171250308492,1.3333333333333333,,1.5,,,,,False,,0.5,,,,,False,,False
666018,Jonathan Aranda,TB,ATL,0,2.0,1,625643,Reynaldo López,R,824871,7:15 PM ET,Truist Park,0,1,0.1518324607329843,2026-09-09,824871,0.0,0,100.6,98.4,97.1,L,5,4,1,0,0,0,1,0,0,1,1,3,0,0,0,3,0,0.27099999999999996,0.30133333333333334,1,0,1,0,1,0,0.2545454545454545,0.3225806451612903,0.7272727272727273,0.24193548387096775,0.2702702702702703,0.2727272727272727,0.06451612903225806,0.04838709677419355,0.12727272727272726,1.9333333333333333,1.0,0.4878048780487805,0.2926829268292683,0.34146341463414637,0.3170731707317073,0.07317073170731707,0.35797435897435903,0.6776282051282052,0.35,0.34782608695652173,0.46066666666666667,0.9901249999999998,0.25,0.4642857142857143,0.2903225806451613,0.22033898305084745,0.3559322033898305,0.26153846153846155,0.6818181818181818,0.23478260869565218,0.4369747899159664,0.17647058823529413,0.4222222222222222,0.23333333333333334,0.03333333333333333,7.027397260273973,0.36986301369863017,8.136986301369863,0.2222222222222222,0.6267396941802174,0.36925115796979086,0.6267396941802174,1.9333333333333333,,1.5,,,,,False,,0.5,,,,,False,,False
622761,Jorge Mateo,TB,ATL,0,9.0,1,625643,Reynaldo López,R,824871,7:15 PM ET,Truist Park,1,1,0.1518324607329843,2026-09-09,824871,0.0,0,100.6,98.4,97.1,R,5,5,1,0,0,0,0,0,0,3,1,2,0,0,0,2,0,0.327,0.332,1,0,1,0,1,1,0.14285714285714285,0.1956521739130435,0.7619047619047619,0.21739130434782608,0.15625,0.11904761904761904,0.021739130434782608,0.043478260869565216,0.07142857142857142,0.7333333333333333,0.6666666666666666,0.21212121212121213,0.24242424242424243,0.3333333333333333,0.30303030303030304,0.0,0.30217948717948717,0.5273717948717949,0.058823529411764705,0.2777777777777778,0.19616666666666668,0.2415,0.13513513513513514,0.24324324324324326,0.275,0.1111111111111111,0.1388888888888889,0.28205128205128205,0.6818181818181818,0.23478260869565218,0.4369747899159664,0.17647058823529413,0.4222222222222222,0.23333333333333334,0.03333333333333333,7.027397260273973,0.36986301369863017,8.136986301369863,0.2222222222222222,0.40428760495185717,0.22085762284469665,0.40428760495185717,0.7333333333333333,,1.5,,,,,False,,0.5,,,,,False,,False
691406,Junior Caminero,TB,ATL,0,3.0,1,625643,Reynaldo López,R,824871,7:15 PM ET,Truist Park,1,1,0.1518324607329843,2026-09-09,824871,0.0,0,100.6,98.4,97.1,R,5,3,2,0,0,1,1,1,0,0,5,3,0,1,1,2,0,0.365,1.3436666666666666,1,1,1,1,0,0,0.3103448275862069,0.3787878787878788,0.7931034482758621,0.18181818181818182,0.3409090909090909,0.1724137931034483,0.045454545454545456,0.015151515151515152,0.06896551724137931,1.8666666666666667,0.8,0.5319148936170213,0.2765957446808511,0.44680851063829785,0.1702127659574468,0.0,0.38072555555555554,0.5882977777777777,0.2,0.30434782608695654,0.37479999999999997,0.5607666666666667,0.27419354838709675,0.4032258064516129,0.2153846153846154,0.30357142857142855,0.5357142857142857,0.16393442622950818,0.6818181818181818,0.23478260869565218,0.4369747899159664,0.17647058823529413,0.4222222222222222,0.23333333333333334,0.03333333333333333,7.027397260273973,0.36986301369863017,8.136986301369863,0.2222222222222222,0.6803859095490834,0.4391973478940588,0.6803859095490834,1.8666666666666667,,1.5,,,,,False,,0.5,,,,,False,,False
689414,Liam Hicks,TB,ATL,0,4.0,1,625643,Reynaldo López,R,824871,7:15 PM ET,Truist Park,0,1,0.1518324607329843,2026-09-09,824871,0.0,0,100.6,98.4,97.1,L,5,3,1,0,0,1,1,1,0,0,4,3,0,1,1,2,0,0.2353333333333333,0.7166666666666667,1,0,1,1,0,0,0.3404255319148936,0.36,0.8936170212765957,0.1,0.35714285714285715,0.0851063829787234,0.02,0.02,0.0425531914893617,1.3333333333333333,0.3333333333333333,0.20930232558139536,0.37209302325581395,0.32558139534883723,0.20930232558139536,0.0,0.3564722222222222,0.4425055555555556,0.29411764705882354,0.11764705882352941,0.328,0.3640499999999998,0.3111111111111111,0.37777777777777777,0.12244897959183673,0.2,0.2,0.10526315789473684,0.6818181818181818,0.23478260869565218,0.4369747899159664,0.17647058823529413,0.4222222222222222,0.23333333333333334,0.03333333333333333,7.027397260273973,0.36986301369863017,8.136986301369863,0.2222222222222222,0.644559093498896,0.3853232254032666,0.644559093498896,1.3333333333333333,,1.5,,,,,False,,0.5,,,,,False,,False
680700,Richie Palacios,TB,ATL,0,8.0,1,625643,Reynaldo López,R,824871,7:15 PM ET,Truist Park,0,1,0.1518324607329843,2026-09-09,824871,0.0,0,100.6,98.4,97.1,L,5,4,1,0,0,1,1,0,0,2,4,2,0,1,0,0,2,0.4815,0.8505,1,0,1,1,1,1,0.14583333333333334,0.19230769230769232,0.9166666666666666,0.07547169811320754,0.09523809523809523,0.20833333333333334,0.05660377358490566,0.018867924528301886,0.08333333333333333,1.1333333333333333,0.26666666666666666,0.2391304347826087,0.10869565217391304,0.5217391304347826,0.2608695652173913,0.021739130434782608,0.22258333333333336,0.32864880952380954,0.25,0.0,0.26793333333333336,0.4975833333333333,0.17307692307692307,0.34615384615384615,0.10526315789473684,0.2564102564102564,0.3333333333333333,0.17391304347826086,0.6818181818181818,0.23478260869565218,0.4369747899159664,0.17647058823529413,0.4222222222222222,0.23333333333333334,0.03333333333333333,7.027397260273973,0.36986301369863017,8.136986301369863,0.2222222222222222,0.5006253020749171,0.28451206106145915,0.5006253020749171,1.1333333333333333,,1.5,,,,,False,,0.5,,,,,False,,False
683748,Victor Mesa Jr.,TB,ATL,0,5.0,1,625643,Reynaldo López,R,824871,7:15 PM ET,Truist Park,0,1,0.1518324607329843,2026-09-09,824871,0.0,0,100.6,98.4,97.1,L,5,5,2,1,0,0,0,0,0,0,3,5,0,3,0,2,3,0.40700000000000003,0.487,1,1,1,1,0,0,0.29411764705882354,0.32075471698113206,0.8823529411764706,0.1111111111111111,0.3023255813953488,0.21568627450980393,0.037037037037037035,0.018518518518518517,0.09803921568627451,1.7333333333333334,0.4,0.32608695652173914,0.1956521739130435,0.2608695652173913,0.45652173913043476,0.043478260869565216,0.2610595238095238,0.4712380952380953,0.2222222222222222,0.1111111111111111,0.2219,0.25971666666666665,0.18,0.4,0.11320754716981132,0.35714285714285715,0.5952380952380952,0.2,0.6818181818181818,0.23478260869565218,0.4369747899159664,0.17647058823529413,0.4222222222222222,0.23333333333333334,0.03333333333333333,7.027397260273973,0.36986301369863017,8.136986301369863,0.2222222222222222,0.6301146372840023,0.3533839384480737,0.6301146372840023,1.7333333333333334,,1.5,,,,,False,,0.5,,,,,False,,False
650490,Yandy Díaz,TB,ATL,0,1.0,1,625643,Reynaldo López,R,824871,7:15 PM ET,Truist Park,1,1,0.1518324607329843,2026-09-09,824871,0.0,0,100.6,98.4,97.1,R,5,5,2,1,0,1,0,0,0,1,6,4,0,3,1,1,1,0.20325000000000001,0.38775,1,1,1,1,1,0,0.30158730158730157,0.36231884057971014,0.873015873015873,0.11594202898550725,0.32075471698113206,0.14285714285714285,0.028985507246376812,0.043478260869565216,0.07936507936507936,1.8666666666666667,0.5333333333333333,0.5454545454545454,0.2909090909090909,0.5454545454545454,0.14545454545454545,0.01818181818181818,0.3617688888888889,0.6157266666666668,0.38095238095238093,0.043478260869565216,0.41104,0.5859899999999998,0.3333333333333333,0.5166666666666667,0.13636363636363635,0.23728813559322035,0.423728813559322,0.13432835820895522,0.6818181818181818,0.23478260869565218,0.4369747899159664,0.17647058823529413,0.4222222222222222,0.23333333333333334,0.03333333333333333,7.027397260273973,0.36986301369863017,8.136986301369863,0.2222222222222222,0.6980462166343083,0.46781276649969633,0.6980462166343083,1.8666666666666667,,1.5,,,,,False,,0.5,,,,,False,,False
677951,Bobby Witt Jr.,KC,AZ,1,2.0,1,668678,Zac Gallen,R,824064,7:40 PM ET,Kauffman Stadium,1,1,0.18998272884283246,2026-09-09,824064,,0,103.7,102.1,85.4,R,5,4,0,0,0,0,1,0,0,0,0,4,0,1,2,1,1,0.21025,0.2525,0,0,0,0,0,0,0.22413793103448276,0.3235294117647059,0.8103448275862069,0.16176470588235295,0.2553191489361702,0.1206896551724138,0.014705882352941176,0.058823529411764705,0.08620689655172414,1.3333333333333333,0.7333333333333333,0.4791666666666667,0.2708333333333333,0.2916666666666667,0.3125,0.0625,0.39629888888888887,0.6887188888888889,0.2222222222222222,0.18181818181818182,0.4345333333333333,0.9227333333333334,0.2982456140350877,0.43859649122807015,0.17391304347826086,0.1864406779661017,0.3050847457627119,0.15384615384615385,0.7959183673469388,0.27488151658767773,0.5625,0.24553571428571427,0.4153846153846154,0.30256410256410254,0.035897435897435895,11.906832298136646,2.1801242236024843,5.198757763975155,0.12653061224489795,0.6803859095490834,0.43397834455130607,0.6803859095490834,1.3333333333333333,,1.5,,,,,False,,0.5,,,,,False,,False
695600,Carter Jensen,KC,AZ,1,1.0,1,668678,Zac Gallen,R,824064,7:40 PM ET,Kauffman Stadium,0,1,0.18998272884283246,2026-09-09,824064,,0,103.7,102.1,85.4,L,5,3,0,0,0,0,2,0,0,2,0,1,0,0,0,0,1,0.977,1.108,0,0,0,0,1,1,0.2962962962962963,0.4090909090909091,0.7407407407407407,0.21212121212121213,0.2857142857142857,0.4444444444444444,0.09090909090909091,0.06060606060606061,0.2037037037037037,2.6666666666666665,0.9333333333333333,0.5853658536585366,0.14634146341463414,0.3902439024390244,0.4634146341463415,0.024390243902439025,0.3898444444444444,0.8972666666666667,0.3684210526315789,0.18181818181818182,0.5276333333333334,1.25135,0.3076923076923077,0.7692307692307693,0.19047619047619047,0.16981132075471697,0.3018867924528302,0.3442622950819672,0.7959183673469388,0.27488151658767773,0.5625,0.24553571428571427,0.4153846153846154,0.30256410256410254,0.035897435897435895,11.906832298136646,2.1801242236024843,5.198757763975155,0.12653061224489795,0.668396307333215,0.38978882736815007,0.668396307333215,2.6666666666666665,,1.5,,,,,False,,0.5,,,,,False,,False
686555,Isaac Collins,KC,AZ,1,9.0,1,668678,Zac Gallen,R,824064,7:40 PM ET,Kauffman Stadium,0,1,0.18998272884283246,2026-09-09,824064,,0,103.7,102.1,85.4,L,4,3,0,0,0,0,1,0,0,1,0,2,0,0,0,2,0,0.1845,0.2005,0,0,0,0,1,0,0.12903225806451613,0.25,0.7096774193548387,0.25,0.18181818181818182,0.0967741935483871,0.0,0.08333333333333333,0.0967741935483871,0.4666666666666667,0.6,0.2727272727272727,0.09090909090909091,0.5454545454545454,0.22727272727272727,0.0,0.19148484848484848,0.23134848484848486,0.0,0.2222222222222222,0.17316666666666686,0.20016666666666677,0.16666666666666666,0.23809523809523808,0.21153846153846154,0.15217391304347827,0.2826086956521739,0.23076923076923078,0.7959183673469388,0.27488151658767773,0.5625,0.24553571428571427,0.4153846153846154,0.30256410256410254,0.035897435897435895,11.906832298136646,2.1801242236024843,5.198757763975155,0.12653061224489795,0.3715026134209159,0.14937010221813832,0.3715026134209159,0.4666666666666667,,1.5,,,,,False,,0.5,,,,,False,,False
670231,John Rave,KC,AZ,1,7.0,1,668678,Zac Gallen,R,824064,7:40 PM ET,Kauffman Stadium,0,1,0.18998272884283246,2026-09-09,824064,,0,103.7,102.1,85.4,L,3,3,1,0,0,1,0,0,0,2,4,1,0,1,1,0,0,0.391,1.471,1,0,1,1,1,1,0.22,0.30357142857142855,0.78,0.19298245614035087,0.24324324324324326,0.16,0.03508771929824561,0.03508771929824561,0.08,1.2666666666666666,0.7333333333333333,0.35,0.225,0.5,0.175,0.0,0.2671533333333333,0.38631555555555547,0.23529411764705882,0.2857142857142857,0.22549999999999998,0.3403999999999999,0.18181818181818182,0.2727272727272727,0.1568627450980392,0.1794871794871795,0.28205128205128205,0.23255813953488372,0.7959183673469388,0.27488151658767773,0.5625,0.24553571428571427,0.4153846153846154,0.30256410256410254,0.035897435897435895,11.906832298136646,2.1801242236024843,5.198757763975155,0.12653061224489795,0.6299231555744517,0.3648591345465122,0.6299231555744517,1.2666666666666666,,1.5,,,,,False,,0.5,,,,,False,,False
664728,Kyle Isbel,KC,AZ,1,8.0,1,668678,Zac Gallen,R,824064,7:40 PM ET,Kauffman Stadium,0,1,0.18998272884283246,2026-09-09,824064,,0,103.7,102.1,85.4,L,4,4,1,0,0,0,0,0,0,0,1,4,0,0,1,2,0,0.23625,0.2675,1,0,1,0,0,0,0.20408163265306123,0.25,0.7551020408163265,0.22641509433962265,0.22857142857142856,0.16326530612244897,0.03773584905660377,0.03773584905660377,0.08163265306122448,1.2,0.8,0.2631578947368421,0.13157894736842105,0.47368421052631576,0.3157894736842105,0.0,0.24794642857142857,0.31340476190476185,0.14285714285714285,0.26666666666666666,0.25783333333333336,0.29341666666666644,0.1875,0.3541666666666667,0.24528301886792453,0.1836734693877551,0.2857142857142857,0.2641509433962264,0.7959183673469388,0.27488151658767773,0.5625,0.24553571428571427,0.4153846153846154,0.30256410256410254,0.035897435897435895,11.906832298136646,2.1801242236024843,5.198757763975155,0.12653061224489795,0.5405324834829012,0.3304538192785475,0.5405324834829012,1.2,,1.5,,,,,False,,0.5,,,,,False,,False
686681,Michael Massey,KC,AZ,1,5.0,1,668678,Zac Gallen,R,824064,7:40 PM ET,Kauffman Stadium,0,1,0.18998272884283246,2026-09-09,824064,,0,103.7,102.1,85.4,L,5,4,2,1,0,0,1,0,0,1,3,3,0,2,0,1,2,0.5756666666666667,0.798,1,1,1,1,1,0,0.36,0.4074074074074074,0.92,0.07407407407407407,0.36363636363636365,0.18,0.037037037037037035,0.05555555555555555,0.1,1.8,0.26666666666666666,0.41304347826086957,0.34782608695652173,0.41304347826086957,0.17391304347826086,0.021739130434782608,0.35802976190476193,0.5541488095238095,0.2631578947368421,0.05,0.37489999999999996,0.5817,0.2692307692307692,0.4230769230769231,0.09090909090909091,0.23404255319148937,0.40425531914893614,0.3137254901960784,0.7959183673469388,0.27488151658767773,0.5625,0.24553571428571427,0.4153846153846154,0.30256410256410254,0.035897435897435895,11.906832298136646,2.1801242236024843,5.198757763975155,0.12653061224489795,0.668396307333215,0.41184965201988843,0.668396307333215,1.8,,1.5,,,,,False,,0.5,,,,,False,,False
679845,Nick Loftin,KC,AZ,1,6.0,1,668678,Zac Gallen,R,824064,7:40 PM ET,Kauffman Stadium,1,1,0.18998272884283246,2026-09-09,824064,,0,103.7,102.1,85.4,R,5,5,1,1,0,0,0,0,0,1,2,4,0,1,1,1,2,0.25125,0.349,1,0,1,1,1,0,0.26785714285714285,0.32786885245901637,0.7678571428571429,0.21311475409836064,0.3170731707317073,0.16071428571428573,0.03278688524590164,0.04918032786885246,0.08928571428571429,1.6,0.8666666666666667,0.3023255813953488,0.20930232558139536,0.37209302325581395,0.3488372093023256,0.0,0.2881222222222222,0.4682488888888889,0.2222222222222222,0.2777777777777778,0.41555,0.5482666666666667,0.2222222222222222,0.35185185185185186,0.2459016393442623,0.23636363636363636,0.34545454545454546,0.203125,0.7959183673469388,0.27488151658767773,0.5625,0.24553571428571427,0.4153846153846154,0.30256410256410254,0.035897435897435895,11.906832298136646,2.1801242236024843,5.198757763975155,0.12653061224489795,0.6247808234405609,0.38025114732749105,0.6247808234405609,1.6,,1.5,,,,,False,,0.5,,,,,False,,False
521692,Salvador Perez,KC,AZ,1,4.0,1,668678,Zac Gallen,R,824064,7:40 PM ET,Kauffman Stadium,1,1,0.18998272884283246,2026-09-09,824064,,0,103.7,102.1,85.4,R,5,4,1,0,0,0,1,0,0,1,1,3,0,2,0,1,1,0.508,0.6316666666666666,1,0,1,0,1,0,0.3114754098360656,0.34375,0.8032786885245902,0.18461538461538463,0.34782608695652173,0.22950819672131148,0.046153846153846156,0.07692307692307693,0.13114754098360656,2.2,0.8,0.4489795918367347,0.30612244897959184,0.3673469387755102,0.30612244897959184,0.04081632653061224,0.40107222222222216,0.697761111111111,0.45,0.09523809523809523,0.4588833333333332,0.7833333333333331,0.3050847457627119,0.5084745762711864,0.1875,0.26785714285714285,0.42857142857142855,0.12698412698412698,0.7959183673469388,0.27488151658767773,0.5625,0.24553571428571427,0.4153846153846154,0.30256410256410254,0.035897435897435895,11.906832298136646,2.1801242236024843,5.198757763975155,0.12653061224489795,0.6787315305240383,0.4458236656542413,0.6787315305240383,2.2,,1.5,,,,,False,,0.5,,,,,False,,False
686469,Vinnie Pasquantino,KC,AZ,1,3.0,1,668678,Zac Gallen,R,824064,7:40 PM ET,Kauffman Stadium,0,1,0.18998272884283246,2026-09-09,824064,,0,103.7,102.1,85.4,L,5,4,1,1,0,0,0,0,1,0,2,5,0,2,2,0,3,0.23275,0.4775,1,0,1,1,0,0,0.23214285714285715,0.3484848484848485,0.9107142857142857,0.07575757575757576,0.19148936170212766,0.26785714285714285,0.06060606060606061,0.045454545454545456,0.125,1.8666666666666667,0.3333333333333333,0.4117647058823529,0.1568627450980392,0.29411764705882354,0.4117647058823529,0.0196078431372549,0.24405777777777782,0.49221777777777775,0.2631578947368421,0.09090909090909091,0.30813333333333337,0.6314333333333335,0.23214285714285715,0.5178571428571429,0.05970149253731343,0.30357142857142855,0.42857142857142855,0.21212121212121213,0.7959183673469388,0.27488151658767773,0.5625,0.24553571428571427,0.4153846153846154,0.30256410256410254,0.035897435897435895,11.906832298136646,2.1801242236024843,5.198757763975155,0.12653061224489795,0.6452761591656797,0.43425486755924886,0.6452761591656797,1.8666666666666667,,1.5,,,,,False,,0.5,,,,,False,,False
672695,Geraldo Perdomo,AZ,KC,0,3.0,1,663738,Daniel Lynch IV,L,824064,7:40 PM ET,Kauffman Stadium,0,0,0.22574626865671643,2026-09-09,824064,,0,103.7,102.1,85.4,L,4,2,0,0,0,0,1,0,0,0,0,3,0,0,2,1,0,0.0115,0.0185,0,0,0,0,0,0,0.2777777777777778,0.38636363636363635,0.8333333333333334,0.13333333333333333,0.3225806451612903,0.0,0.0,0.0,0.0,0.6666666666666666,0.4,0.34375,0.34375,0.40625,0.125,0.0,0.3312564102564102,0.40719230769230774,0.25,0.16666666666666666,0.23549999999999996,0.3268750000000004,0.24074074074074073,0.24074074074074073,0.15873015873015872,0.3333333333333333,0.43333333333333335,0.07352941176470588,0.7764705882352941,0.21333333333333335,0.41025641025641024,0.16666666666666666,0.4696969696969697,0.2878787878787879,0.06060606060606061,5.7857142857142865,0.9642857142857144,2.8928571428571432,0.08108108108108109,0.5730058567645905,0.358888068760499,0.5730058567645905,0.6666666666666666,,1.5,,,,,False,,0.5,,,,,False,,False
545121,Ildemaro Vargas,AZ,KC,0,1.0,1,663738,Daniel Lynch IV,L,824064,7:40 PM ET,Kauffman Stadium,0,0,0.22574626865671643,2026-09-09,824064,,0,103.7,102.1,85.4,L,5,5,0,0,0,0,0,0,0,0,0,5,0,1,0,2,2,0.21939999999999998,0.27280000000000004,0,0,0,0,0,0,0.17777777777777778,0.17777777777777778,0.8666666666666667,0.13333333333333333,0.20512820512820512,0.0,0.0,0.0,0.0,0.5333333333333333,0.4,0.28205128205128205,0.20512820512820512,0.38461538461538464,0.358974358974359,0.0,0.20526111111111112,0.2664722222222222,0.25,0.0,0.19965,0.26706666666666673,0.19148936170212766,0.3191489361702128,0.10204081632653061,0.18518518518518517,0.3148148148148148,0.14035087719298245,0.7764705882352941,0.21333333333333335,0.41025641025641024,0.16666666666666666,0.4696969696969697,0.2878787878787879,0.06060606060606061,5.7857142857142865,0.9642857142857144,2.8928571428571432,0.08108108108108109,0.5759148751450788,0.33676720766418894,0.5759148751450788,0.5333333333333333,,1.5,,,,,False,,0.5,,,,,False,,False
543510,James McCann,AZ,KC,0,7.0,1,663738,Daniel Lynch IV,L,824064,7:40 PM ET,Kauffman Stadium,1,0,0.22574626865671643,2026-09-09,824064,,0,103.7,102.1,85.4,R,4,3,1,0,0,0,0,0,1,1,1,3,0,3,1,1,1,0.4685,0.69,1,0,1,0,1,0,0.30612244897959184,0.37037037037037035,0.7142857142857143,0.25925925925925924,0.3939393939393939,0.1836734693877551,0.037037037037037035,0.05555555555555555,0.10204081632653061,1.6,0.9333333333333333,0.42857142857142855,0.37142857142857144,0.2571428571428571,0.2857142857142857,0.02857142857142857,0.4212307692307693,0.8132820512820513,0.29411764705882354,0.3888888888888889,0.5794666666666666,1.2802333333333331,0.34545454545454546,0.6363636363636364,0.27586206896551724,0.2826086956521739,0.34782608695652173,0.17647058823529413,0.7764705882352941,0.21333333333333335,0.41025641025641024,0.16666666666666666,0.4696969696969697,0.2878787878787879,0.06060606060606061,5.7857142857142865,0.9642857142857144,2.8928571428571432,0.08108108108108109,0.6519285887056806,0.38924630797558235,0.6519285887056806,1.6,,1.5,,,,,False,,0.5,,,,,False,,False
691783,Jordan Lawlar,AZ,KC,0,8.0,1,663738,Daniel Lynch IV,L,824064,7:40 PM ET,Kauffman Stadium,1,0,0.22574626865671643,2026-09-09,824064,,0,103.7,102.1,85.4,R,1,1,0,0,0,0,0,0,0,0,0,1,0,0,0,0,1,0.3,0.308,0,0,0,0,0,0,0.21428571428571427,0.26666666666666666,0.6190476190476191,0.34782608695652173,0.2608695652173913,0.21428571428571427,0.06521739130434782,0.0,0.07142857142857142,1.2,1.0666666666666667,0.18518518518518517,0.2222222222222222,0.3333333333333333,0.4074074074074074,0.07407407407407407,0.33414102564102566,0.5126538461538461,0.14285714285714285,0.5333333333333333,0.32408333333333333,0.48291666666666666,0.24390243902439024,0.3902439024390244,0.3137254901960784,0.3181818181818182,0.5227272727272727,0.25,0.7764705882352941,0.21333333333333335,0.41025641025641024,0.16666666666666666,0.4696969696969697,0.2878787878787879,0.06060606060606061,5.7857142857142865,0.9642857142857144,2.8928571428571432,0.08108108108108109,0.585698330067791,0.32643209551510255,0.585698330067791,1.2,,1.5,,,,,False,,0.5,,,,,False,,False
606466,Ketel Marte,AZ,KC,0,2.0,1,663738,Daniel Lynch IV,L,824064,7:40 PM ET,Kauffman Stadium,0,0,0.22574626865671643,2026-09-09,824064,,0,103.7,102.1,85.4,L,4,2,0,0,0,0,2,0,0,0,0,2,0,0,0,0,0,0.08850000000000001,0.105,0,0,0,0,0,0,0.30303030303030304,0.425,0.8787878787878788,0.1,0.2962962962962963,0.21212121212121213,0.05,0.025,0.09090909090909091,1.1333333333333333,0.26666666666666666,0.3448275862068966,0.2413793103448276,0.3793103448275862,0.3103448275862069,0.0,0.30474444444444443,0.40329444444444446,0.23076923076923078,0.14285714285714285,0.2164333333333332,0.31823333333333326,0.23529411764705882,0.39215686274509803,0.15625,0.288135593220339,0.559322033898305,0.125,0.7764705882352941,0.21333333333333335,0.41025641025641024,0.16666666666666666,0.4696969696969697,0.2878787878787879,0.06060606060606061,5.7857142857142865,0.9642857142857144,2.8928571428571432,0.08108108108108109,0.4948729396462584,0.2960467558579614,0.4948729396462584,1.1333333333333333,,1.5,,,,,False,,0.5,,,,,False,,False
663457,Lars Nootbaar,AZ,KC,0,9.0,1,663738,Daniel Lynch IV,L,824064,7:40 PM ET,Kauffman Stadium,0,0,0.22574626865671643,2026-09-09,824064,,0,103.7,102.1,85.4,L,3,3,2,0,0,0,0,0,0,1,2,2,0,1,0,2,0,0.375,0.41700000000000004,1,1,1,1,1,0,0.3076923076923077,0.37777777777777777,0.8461538461538461,0.13333333333333333,0.2903225806451613,0.3333333333333333,0.06666666666666667,0.08888888888888889,0.1794871794871795,1.6666666666666667,0.4,0.5294117647058824,0.3235294117647059,0.20588235294117646,0.38235294117647056,0.08823529411764706,0.37795897435897435,0.8711128205128206,0.2727272727272727,0.21428571428571427,0.3990555555555555,0.5274999999999999,0.3076923076923077,0.6410256410256411,0.13333333333333333,0.19148936170212766,0.2978723404255319,0.19298245614035087,0.7764705882352941,0.21333333333333335,0.41025641025641024,0.16666666666666666,0.4696969696969697,0.2878787878787879,0.06060606060606061,5.7857142857142865,0.9642857142857144,2.8928571428571432,0.08108108108108109,0.35277684394875714,0.24003709666346226,0.35277684394875714,1.6666666666666667,,1.5,,,,,False,,0.5,,,,,False,,False
666971,Lourdes Gurriel Jr.,AZ,KC,0,6.0,1,663738,Daniel Lynch IV,L,824064,7:40 PM ET,Kauffman Stadium,1,0,0.22574626865671643,2026-09-09,824064,,0,103.7,102.1,85.4,R,3,3,1,0,1,0,0,0,0,1,3,2,0,1,1,1,0,0.1625,0.20199999999999999,1,0,1,1,1,0,0.17307692307692307,0.21428571428571427,0.8076923076923077,0.17857142857142858,0.19047619047619047,0.09615384615384616,0.017857142857142856,0.03571428571428571,0.057692307692307696,0.9333333333333333,0.6666666666666666,0.37209302325581395,0.2558139534883721,0.37209302325581395,0.20930232558139536,0.023255813953488372,0.32916,0.4110277777777779,0.05263157894736842,0.2,0.28216666666666673,0.34031666666666666,0.15254237288135594,0.2542372881355932,0.19047619047619047,0.2653061224489796,0.30612244897959184,0.1568627450980392,0.7764705882352941,0.21333333333333335,0.41025641025641024,0.16666666666666666,0.4696969696969697,0.2878787878787879,0.06060606060606061,5.7857142857142865,0.9642857142857144,2.8928571428571432,0.08108108108108109,0.6537603694087707,0.3973856574985575,0.6537603694087707,0.9333333333333333,,1.5,,,,,False,,0.5,,,,,False,,False
571448,Nolan Arenado,AZ,KC,0,4.0,1,663738,Daniel Lynch IV,L,824064,7:40 PM ET,Kauffman Stadium,1,0,0.22574626865671643,2026-09-09,824064,,0,103.7,102.1,85.4,R,5,3,0,0,0,0,2,0,0,0,0,3,0,1,1,0,1,0.262,0.4076666666666666,0,0,0,0,0,0,0.17857142857142858,0.22033898305084745,0.8035714285714286,0.18333333333333332,0.18604651162790697,0.125,0.03333333333333333,0.016666666666666666,0.05357142857142857,1.1333333333333333,0.7333333333333333,0.2,0.15555555555555556,0.4666666666666667,0.2,0.022222222222222223,0.1854277777777778,0.28658333333333336,0.2222222222222222,0.2,0.2585333333333333,0.4311,0.23214285714285715,0.5535714285714286,0.1,0.19230769230769232,0.38461538461538464,0.2711864406779661,0.7764705882352941,0.21333333333333335,0.41025641025641024,0.16666666666666666,0.4696969696969697,0.2878787878787879,0.06060606060606061,5.7857142857142865,0.9642857142857144,2.8928571428571432,0.08108108108108109,0.6455395517520488,0.36130768741696273,0.6455395517520488,1.1333333333333333,,1.5,,,,,False,,0.5,,,,,False,,False
694374,Tim Tawa,AZ,KC,0,5.0,1,663738,Daniel Lynch IV,L,824064,7:40 PM ET,Kauffman Stadium,1,0,0.22574626865671643,2026-09-09,824064,,0,103.7,102.1,85.4,R,5,5,3,0,0,1,0,0,0,0,6,5,0,2,1,2,2,0.4782,0.7476,1,1,1,1,0,0,0.22,0.30357142857142855,0.56,0.39285714285714285,0.37037037037037035,0.08,0.017857142857142856,0.017857142857142856,0.04,1.0,1.4666666666666666,0.42857142857142855,0.32142857142857145,0.2857142857142857,0.32142857142857145,0.0,0.3015892857142857,0.4828154761904762,0.2,0.5882352941176471,0.362,0.4048749999999999,0.25925925925925924,0.4074074074074074,0.3620689655172414,0.2708333333333333,0.4375,0.23636363636363636,0.7764705882352941,0.21333333333333335,0.41025641025641024,0.16666666666666666,0.4696969696969697,0.2878787878787879,0.06060606060606061,5.7857142857142865,0.9642857142857144,2.8928571428571432,0.08108108108108109,0.6747732282563638,0.43203380657997403,0.6747732282563638,1.0,,1.5,,,,,False,,0.5,,,,,False,,False
643217,Andrew Benintendi,CWS,PIT,1,2.0,1,669199,Lake Bachar,R,824549,7:40 PM ET,Rate Field,0,1,0.24006908462867013,2026-09-09,824549,0.0,1,95.5,94.6,96.9,L,4,4,2,2,0,0,0,0,0,0,4,4,0,4,1,1,2,0.6285000000000001,1.00275,1,1,1,1,0,0,0.21739130434782608,0.28846153846153844,0.8043478260869565,0.17307692307692307,0.24324324324324326,0.13043478260869565,0.019230769230769232,0.057692307692307696,0.08695652173913043,1.0666666666666667,0.6,0.5,0.21052631578947367,0.3684210526315789,0.34210526315789475,0.05263157894736842,0.29005952380952377,0.501077380952381,0.0,0.15384615384615385,0.25004166666666666,0.536833333333333,0.21739130434782608,0.34782608695652173,0.17307692307692307,0.2641509433962264,0.4716981132075472,0.25,0.6455696202531646,0.09090909090909091,0.32857142857142857,0.18571428571428572,0.4117647058823529,0.3137254901960784,0.0196078431372549,6.136363636363637,0.0,8.590909090909092,0.23728813559322035,0.5356824484273502,0.2978114213722596,0.5356824484273502,1.0666666666666667,,1.5,,,,,False,,0.5,,,,,False,,False
695731,Braden Montgomery,CWS,PIT,1,6.0,1,669199,Lake Bachar,R,824549,7:40 PM ET,Rate Field,0,1,0.24006908462867013,2026-09-09,824549,0.0,1,95.5,94.6,96.9,L,3,3,1,0,0,0,0,0,0,0,1,3,0,2,1,2,0,0.2823333333333333,0.3163333333333333,1,0,1,0,0,0,0.125,0.24324324324324326,0.90625,0.08108108108108109,0.10714285714285714,0.09375,0.02702702702702703,0.0,0.03125,0.4666666666666667,0.2,0.3793103448275862,0.2413793103448276,0.5517241379310345,0.10344827586206896,0.0,0.3384358974358974,0.5630384615384615,0.0,0.2,0.19161111111111118,0.48516666666666675,0.16666666666666666,0.2962962962962963,0.11290322580645161,0.15384615384615385,0.25,0.3114754098360656,0.6455696202531646,0.09090909090909091,0.32857142857142857,0.18571428571428572,0.4117647058823529,0.3137254901960784,0.0196078431372549,6.136363636363637,0.0,8.590909090909092,0.23728813559322035,0.41039469847610643,0.21247792884345315,0.41039469847610643,0.4666666666666667,,1.5,,,,,False,,0.5,,,,,False,,False
805367,Chase Meidroth,CWS,PIT,1,8.0,1,669199,Lake Bachar,R,824549,7:40 PM ET,Rate Field,1,1,0.24006908462867013,2026-09-09,824549,0.0,1,95.5,94.6,96.9,R,3,3,0,0,0,0,0,0,0,1,0,2,0,0,2,0,0,0.0685,0.152,0,0,0,0,1,0,0.25,0.3333333333333333,0.8214285714285714,0.15873015873015872,0.30434782608695654,0.05357142857142857,0.0,0.047619047619047616,0.05357142857142857,1.1333333333333333,0.6666666666666666,0.2608695652173913,0.2826086956521739,0.41304347826086957,0.2608695652173913,0.0,0.31006666666666666,0.3855055555555556,0.1875,0.2631578947368421,0.3067666666666667,0.34680000000000005,0.23636363636363636,0.2727272727272727,0.19672131147540983,0.21428571428571427,0.4107142857142857,0.23880597014925373,0.6455696202531646,0.09090909090909091,0.32857142857142857,0.18571428571428572,0.4117647058823529,0.3137254901960784,0.0196078431372549,6.136363636363637,0.0,8.590909090909092,0.23728813559322035,0.5041889601587651,0.27832604948175454,0.5041889601587651,1.1333333333333333,,1.5,,,,,False,,0.5,,,,,False,,False
695657,Colson Montgomery,CWS,PIT,1,5.0,1,669199,Lake Bachar,R,824549,7:40 PM ET,Rate Field,0,1,0.24006908462867013,2026-09-09,824549,0.0,1,95.5,94.6,96.9,L,4,4,0,0,0,0,0,0,0,1,0,3,0,1,0,2,0,0.20033333333333334,0.20866666666666667,0,0,0,0,1,0,0.17543859649122806,0.27692307692307694,0.49122807017543857,0.4461538461538462,0.21739130434782608,0.2982456140350877,0.07692307692307693,0.03076923076923077,0.12280701754385964,1.8,1.9333333333333333,0.4642857142857143,0.32142857142857145,0.2857142857142857,0.21428571428571427,0.03571428571428571,0.3934642857142857,0.9170238095238095,0.10526315789473684,0.47619047619047616,0.36641666666666667,1.1314166666666667,0.19642857142857142,0.4107142857142857,0.4375,0.21666666666666667,0.3333333333333333,0.30303030303030304,0.6455696202531646,0.09090909090909091,0.32857142857142857,0.18571428571428572,0.4117647058823529,0.3137254901960784,0.0196078431372549,6.136363636363637,0.0,8.590909090909092,0.23728813559322035,0.5349213411274433,0.29502092107530503,0.5349213411274433,1.8,,1.5,,,,,False,,0.5,,,,,False,,False
691019,Kyle Teel,CWS,PIT,1,9.0,1,669199,Lake Bachar,R,824549,7:40 PM ET,Rate Field,0,1,0.24006908462867013,2026-09-09,824549,0.0,1,95.5,94.6,96.9,L,3,3,2,0,0,1,0,0,0,1,5,2,0,2,1,1,0,0.6214999999999999,2.041,1,1,1,1,1,0,0.15217391304347827,0.20408163265306123,0.6086956521739131,0.3673469387755102,0.19230769230769232,0.17391304347826086,0.04081632653061224,0.04081632653061224,0.08695652173913043,1.0,1.2,0.5,0.35714285714285715,0.21428571428571427,0.35714285714285715,0.03571428571428571,0.3806666666666667,0.6603589743589744,0.07692307692307693,0.38461538461538464,0.16225,0.4325,0.1836734693877551,0.3469387755102041,0.41509433962264153,0.16666666666666666,0.20833333333333334,0.27586206896551724,0.6455696202531646,0.09090909090909091,0.32857142857142857,0.18571428571428572,0.4117647058823529,0.3137254901960784,0.0196078431372549,6.136363636363637,0.0,8.590909090909092,0.23728813559322035,0.291449212536603,0.17717875793145635,0.291449212536603,1.0,,1.5,,,,,False,,0.5,,,,,False,,False
808959,Munetaka Murakami,CWS,PIT,1,3.0,1,669199,Lake Bachar,R,824549,7:40 PM ET,Rate Field,0,1,0.24006908462867013,2026-09-09,824549,0.0,1,95.5,94.6,96.9,L,4,4,0,0,0,0,0,0,0,4,0,0,0,0,0,0,0,0.21,0.236,0,0,0,0,1,1,0.125,0.27941176470588236,0.4642857142857143,0.4411764705882353,0.24,0.07142857142857142,0.014705882352941176,0.014705882352941176,0.03571428571428571,0.7333333333333333,2.0,0.46153846153846156,0.11538461538461539,0.46153846153846156,0.38461538461538464,0.0,0.24897777777777777,0.3481888888888889,0.14285714285714285,0.45454545454545453,0.1308666666666667,0.21246666666666666,0.12280701754385964,0.19298245614035087,0.43283582089552236,0.1509433962264151,0.3018867924528302,0.36231884057971014,0.6455696202531646,0.09090909090909091,0.32857142857142857,0.18571428571428572,0.4117647058823529,0.3137254901960784,0.0196078431372549,6.136363636363637,0.0,8.590909090909092,0.23728813559322035,0.5190611202441927,0.3116317249549609,0.5190611202441927,0.7333333333333333,,1.5,,,,,False,,0.5,,,,,False,,False
545341,Randal Grichuk,CWS,PIT,1,4.0,1,669199,Lake Bachar,R,824549,7:40 PM ET,Rate Field,1,1,0.24006908462867013,2026-09-09,824549,0.0,1,95.5,94.6,96.9,R,3,2,2,0,0,1,1,0,0,0,5,2,0,2,1,1,0,0.42,0.7615,1,1,1,1,0,0,0.2222222222222222,0.25,0.7037037037037037,0.2857142857142857,0.23529411764705882,0.3333333333333333,0.07142857142857142,0.10714285714285714,0.18518518518518517,1.0,0.5333333333333333,0.47368421052631576,0.2631578947368421,0.21052631578947367,0.47368421052631576,0.0,0.2613787878787879,0.4293787878787878,0.2,0.36363636363636365,0.33711111111111114,0.46594444444444444,0.3076923076923077,0.5128205128205128,0.1794871794871795,0.26666666666666666,0.6,0.2903225806451613,0.6455696202531646,0.09090909090909091,0.32857142857142857,0.18571428571428572,0.4117647058823529,0.3137254901960784,0.0196078431372549,6.136363636363637,0.0,8.590909090909092,0.23728813559322035,0.4445990896586692,0.16632811517921164,0.4445990896586692,1.0,,1.5,,,,,False,,0.5,,,,,False,,False
803011,Sam Antonacci,CWS,PIT,1,1.0,1,669199,Lake Bachar,R,824549,7:40 PM ET,Rate Field,0,1,0.24006908462867013,2026-09-09,824549,0.0,1,95.5,94.6,96.9,L,4,4,1,0,0,0,0,0,0,1,1,3,0,1,1,1,1,0.2813333333333333,0.3273333333333333,1,0,1,0,1,0,0.2692307692307692,0.3968253968253968,0.8269230769230769,0.14285714285714285,0.32558139534883723,0.1346153846153846,0.0,0.07936507936507936,0.11538461538461539,1.4,0.6,0.18604651162790697,0.23255813953488372,0.5116279069767442,0.2558139534883721,0.0,0.2908222222222222,0.3821111111111112,0.29411764705882354,0.1,0.25579999999999997,0.3774833333333333,0.2692307692307692,0.40384615384615385,0.14285714285714285,0.21739130434782608,0.32608695652173914,0.22641509433962265,0.6455696202531646,0.09090909090909091,0.32857142857142857,0.18571428571428572,0.4117647058823529,0.3137254901960784,0.0196078431372549,6.136363636363637,0.0,8.590909090909092,0.23728813559322035,0.5903966610704366,0.31947367907765106,0.5903966610704366,1.4,,1.5,,,,,False,,0.5,,,,,False,,False
671976,Tristan Peters,CWS,PIT,1,7.0,1,669199,Lake Bachar,R,824549,7:40 PM ET,Rate Field,0,1,0.24006908462867013,2026-09-09,824549,0.0,1,95.5,94.6,96.9,L,3,3,0,0,0,0,0,0,0,0,0,3,0,0,1,1,0,0.043000000000000003,0.049999999999999996,0,0,0,0,0,0,0.4,0.4642857142857143,0.84,0.14285714285714285,0.40540540540540543,0.44,0.08928571428571429,0.08928571428571429,0.22,2.8,0.5333333333333333,0.5476190476190477,0.16666666666666666,0.2619047619047619,0.5476190476190477,0.09523809523809523,0.33020666666666665,0.6755055555555555,0.47058823529411764,0.11764705882352941,0.43495333333333336,0.8833666666666667,0.3404255319148936,0.6595744680851063,0.14814814814814814,0.13953488372093023,0.2558139534883721,0.2857142857142857,0.6455696202531646,0.09090909090909091,0.32857142857142857,0.18571428571428572,0.4117647058823529,0.3137254901960784,0.0196078431372549,6.136363636363637,0.0,8.590909090909092,0.23728813559322035,0.552964574070923,0.2729718089926322,0.552964574070923,2.8,,1.5,,,,,False,,0.5,,,,,False,,False
664040,Brandon Lowe,PIT,CWS,0,2.0,1,663436,Davis Martin,R,824549,7:40 PM ET,Rate Field,0,1,0.26970227670753066,2026-09-09,824549,0.0,1,95.5,94.6,96.9,L,5,4,2,0,0,0,1,0,0,0,2,4,0,1,2,0,2,0.42925,0.5585,1,1,1,1,0,0,0.28846153846153844,0.39344262295081966,0.6346153846153846,0.3114754098360656,0.4,0.23076923076923078,0.04918032786885246,0.04918032786885246,0.11538461538461539,1.8,1.2666666666666666,0.36363636363636365,0.24242424242424243,0.3939393939393939,0.3333333333333333,0.030303030303030304,0.2730714285714286,0.42086904761904764,0.25,0.16666666666666666,0.3392333333333334,0.4509666666666667,0.26785714285714285,0.4642857142857143,0.3064516129032258,0.16666666666666666,0.2222222222222222,0.3770491803278688,0.7346938775510204,0.2682926829268293,0.45294117647058824,0.1588235294117647,0.4166666666666667,0.25,0.020833333333333332,9.45859872611465,0.6878980891719745,8.082802547770699,0.20614035087719298,0.6686592044595473,0.4214757076515861,0.6686592044595473,1.8,,1.5,,,,,False,,0.5,,,,,False,,False
668804,Bryan Reynolds,PIT,CWS,0,3.0,1,663436,Davis Martin,R,824549,7:40 PM ET,Rate Field,0,1,0.26970227670753066,2026-09-09,824549,0.0,1,95.5,94.6,96.9,L,4,3,2,2,0,0,0,0,1,1,4,3,0,3,2,1,0,0.4725,0.9245000000000001,1,1,1,1,1,0,0.3235294117647059,0.41025641025641024,0.7941176470588235,0.1794871794871795,0.38461538461538464,0.14705882352941177,0.02564102564102564,0.05128205128205128,0.08823529411764706,1.0666666666666667,0.4666666666666667,0.6666666666666666,0.4074074074074074,0.18518518518518517,0.4074074074074074,0.0,0.49479761904761904,0.9717797619047619,0.5555555555555556,0.18181818181818182,0.6495000000000002,1.354,0.22413793103448276,0.29310344827586204,0.13846153846153847,0.23728813559322035,0.3050847457627119,0.24242424242424243,0.7346938775510204,0.2682926829268293,0.45294117647058824,0.1588235294117647,0.4166666666666667,0.25,0.020833333333333332,9.45859872611465,0.6878980891719745,8.082802547770699,0.20614035087719298,0.5583190704809536,0.3104166617293906,0.5583190704809536,1.0666666666666667,,1.5,,,,,False,,0.5,,,,,False,,False
699013,Esmerlyn Valdez,PIT,CWS,0,6.0,1,663436,Davis Martin,R,824549,7:40 PM ET,Rate Field,1,1,0.26970227670753066,2026-09-09,824549,0.0,1,95.5,94.6,96.9,R,5,4,1,1,0,0,1,0,0,0,2,4,1,2,1,2,0,0.2855,0.6985,1,0,1,1,0,0,0.17857142857142858,0.2698412698412698,0.4642857142857143,0.47619047619047616,0.3333333333333333,0.16071428571428573,0.031746031746031744,0.047619047619047616,0.08928571428571429,1.2666666666666666,2.0,0.5384615384615384,0.19230769230769232,0.46153846153846156,0.3076923076923077,0.0,0.35917948717948717,0.9101282051282051,0.10526315789473684,0.47619047619047616,0.2907333333333334,0.7188999999999999,0.17647058823529413,0.17647058823529413,0.4126984126984127,0.1568627450980392,0.35294117647058826,0.4032258064516129,0.7346938775510204,0.2682926829268293,0.45294117647058824,0.1588235294117647,0.4166666666666667,0.25,0.020833333333333332,9.45859872611465,0.6878980891719745,8.082802547770699,0.20614035087719298,0.6058120681447833,0.38629372121689665,0.6058120681447833,1.2666666666666666,,1.5,,,,,False,,0.5,,,,,False,,False
694378,Jacob Gonzalez,PIT,CWS,0,9.0,1,663436,Davis Martin,R,824549,7:40 PM ET,Rate Field,0,1,0.26970227670753066,2026-09-09,824549,0.0,1,95.5,94.6,96.9,L,5,5,1,0,0,0,0,0,0,1,1,4,0,1,2,0,1,0.19274999999999998,0.234,1,0,1,0,1,0,0.16666666666666666,0.21052631578947367,0.75,0.23684210526315788,0.2222222222222222,0.05555555555555555,0.0,0.05263157894736842,0.05555555555555555,0.5333333333333333,0.6,0.3333333333333333,0.18518518518518517,0.5185185185185185,0.14814814814814814,0.07407407407407407,0.30714102564102563,0.5089871794871794,0.36363636363636365,0.23076923076923078,0.37316666666666665,0.9075,0.14285714285714285,0.2,0.21621621621621623,0.18181818181818182,0.2727272727272727,0.23076923076923078,0.7346938775510204,0.2682926829268293,0.45294117647058824,0.1588235294117647,0.4166666666666667,0.25,0.020833333333333332,9.45859872611465,0.6878980891719745,8.082802547770699,0.20614035087719298,0.42386868260552873,0.19623458423202292,0.42386868260552873,0.5333333333333333,,1.5,,,,,False,,0.5,,,,,False,,False
804606,Konnor Griffin,PIT,CWS,0,1.0,1,663436,Davis Martin,R,824549,7:40 PM ET,Rate Field,1,1,0.26970227670753066,2026-09-09,824549,0.0,1,95.5,94.6,96.9,R,6,5,2,1,0,0,1,0,0,0,3,5,0,5,1,2,2,0.484,0.8792,1,1,1,1,0,0,0.2698412698412698,0.31343283582089554,0.6984126984126984,0.2835820895522388,0.35714285714285715,0.12698412698412698,0.029850746268656716,0.029850746268656716,0.06349206349206349,1.6666666666666667,1.2666666666666666,0.45454545454545453,0.29545454545454547,0.4772727272727273,0.1590909090909091,0.022727272727272728,0.29762222222222223,0.43091666666666667,0.15789473684210525,0.4,0.23833333333333329,0.26826666666666676,0.2903225806451613,0.3870967741935484,0.25,0.3148148148148148,0.5185185185185185,0.27419354838709675,0.7346938775510204,0.2682926829268293,0.45294117647058824,0.1588235294117647,0.4166666666666667,0.25,0.020833333333333332,9.45859872611465,0.6878980891719745,8.082802547770699,0.20614035087719298,0.6974184763003177,0.44820463372480185,0.6974184763003177,1.6666666666666667,,1.5,,,,,False,,0.5,,,,,False,,False
693304,Nick Gonzales,PIT,CWS,0,4.0,1,663436,Davis Martin,R,824549,7:40 PM ET,Rate Field,1,1,0.26970227670753066,2026-09-09,824549,0.0,1,95.5,94.6,96.9,R,3,3,0,0,0,0,0,0,0,0,0,3,0,1,0,3,0,0.33866666666666667,0.36166666666666664,0,0,0,0,0,0,0.3090909090909091,0.43283582089552236,0.8545454545454545,0.11764705882352941,0.3617021276595745,0.05454545454545454,0.0,0.04411764705882353,0.05454545454545454,1.3333333333333333,0.5333333333333333,0.2765957446808511,0.2765957446808511,0.46808510638297873,0.23404255319148937,0.02127659574468085,0.3578288888888889,0.48086,0.3157894736842105,0.041666666666666664,0.35719666666666666,0.4819133333333333,0.3392857142857143,0.39285714285714285,0.12121212121212122,0.23214285714285715,0.26785714285714285,0.0967741935483871,0.7346938775510204,0.2682926829268293,0.45294117647058824,0.1588235294117647,0.4166666666666667,0.25,0.020833333333333332,9.45859872611465,0.6878980891719745,8.082802547770699,0.20614035087719298,0.6797570750035556,0.400296095723426,0.6797570750035556,1.3333333333333333,,1.5,,,,,False,,0.5,,,,,False,,False
665833,Oneil Cruz,PIT,CWS,0,5.0,1,663436,Davis Martin,R,824549,7:40 PM ET,Rate Field,0,1,0.26970227670753066,2026-09-09,824549,0.0,1,95.5,94.6,96.9,L,5,5,3,1,0,0,0,0,0,1,4,4,0,3,0,3,1,0.5215,0.8455,1,1,1,1,1,0,0.25925925925925924,0.375,0.5925925925925926,0.34375,0.4,0.16666666666666666,0.03125,0.015625,0.07407407407407407,1.5333333333333334,1.4666666666666666,0.375,0.1875,0.59375,0.1875,0.0,0.32832820512820515,0.6179884615384614,0.13333333333333333,0.4,0.140625,0.180375,0.28888888888888886,0.4888888888888889,0.3,0.25862068965517243,0.3793103448275862,0.3939393939393939,0.7346938775510204,0.2682926829268293,0.45294117647058824,0.1588235294117647,0.4166666666666667,0.25,0.020833333333333332,9.45859872611465,0.6878980891719745,8.082802547770699,0.20614035087719298,0.6489166745890813,0.4143821707843896,0.6489166745890813,1.5333333333333334,,1.5,,,,,False,,0.5,,,,,False,,False
804668,Rafael Flores Jr.,PIT,CWS,0,8.0,1,663436,Davis Martin,R,824549,7:40 PM ET,Rate Field,1,1,0.26970227670753066,2026-09-09,824549,0.0,1,95.5,94.6,96.9,R,5,5,3,0,0,1,0,0,0,0,6,5,0,4,3,1,1,0.47759999999999997,0.9106,1,1,1,1,0,0,0.17647058823529413,0.2222222222222222,0.6666666666666666,0.3148148148148148,0.1935483870967742,0.23529411764705882,0.05555555555555555,0.05555555555555555,0.11764705882352941,1.4,1.1333333333333333,0.4117647058823529,0.20588235294117646,0.5,0.29411764705882354,0.029411764705882353,0.3484,0.7088333333333333,0.17647058823529413,0.21052631578947367,0.3349666666666667,0.46031666666666676,0.20930232558139536,0.5116279069767442,0.2608695652173913,0.1702127659574468,0.3191489361702128,0.38181818181818183,0.7346938775510204,0.2682926829268293,0.45294117647058824,0.1588235294117647,0.4166666666666667,0.25,0.020833333333333332,9.45859872611465,0.6878980891719745,8.082802547770699,0.20614035087719298,0.5806139373596554,0.32629696094409755,0.5806139373596554,1.4,,1.5,,,,,False,,0.5,,,,,False,,False
687462,Spencer Horwitz,PIT,CWS,0,7.0,1,663436,Davis Martin,R,824549,7:40 PM ET,Rate Field,0,1,0.26970227670753066,2026-09-09,824549,0.0,1,95.5,94.6,96.9,L,5,5,2,0,0,0,0,0,0,0,2,5,0,2,1,3,1,0.38380000000000003,0.465,1,1,1,1,0,0,0.15517241379310345,0.2222222222222222,0.7413793103448276,0.23809523809523808,0.20930232558139536,0.0,0.0,0.0,0.0,0.6,1.0,0.3023255813953488,0.20930232558139536,0.46511627906976744,0.27906976744186046,0.0,0.27427738095238097,0.3473678571428572,0.125,0.15789473684210525,0.17599166666666669,0.24163333333333334,0.1694915254237288,0.1694915254237288,0.21875,0.30434782608695654,0.43478260869565216,0.16071428571428573,0.7346938775510204,0.2682926829268293,0.45294117647058824,0.1588235294117647,0.4166666666666667,0.25,0.020833333333333332,9.45859872611465,0.6878980891719745,8.082802547770699,0.20614035087719298,0.5698115973010162,0.32541270687378326,0.5698115973010162,0.6,,1.5,,,,,False,,0.5,,,,,False,,False
683734,Andrew Vaughn,MIL,CHC,1,4.0,1,592332,Kevin Gausman,R,823739,7:40 PM ET,American Family Field,1,1,0.21096345514950166,2026-09-09,823739,0.0,0,96.2,95.7,110.9,R,2,2,0,0,0,0,0,0,0,0,0,2,0,1,1,1,0,0.29000000000000004,0.44699999999999995,0,0,0,0,0,0,0.36585365853658536,0.43478260869565216,0.7804878048780488,0.1956521739130435,0.45161290322580644,0.0975609756097561,0.021739130434782608,0.021739130434782608,0.04878048780487805,1.2666666666666666,0.6,0.46875,0.15625,0.5,0.25,0.0,0.31201111111111113,0.3929055555555555,0.35714285714285715,0.25,0.33625000000000005,0.4791499999999999,0.2978723404255319,0.3617021276595745,0.2631578947368421,0.36585365853658536,0.4146341463414634,0.2,0.6835443037974683,0.25961538461538464,0.39436619718309857,0.11737089201877934,0.37037037037037035,0.25308641975308643,0.018518518518518517,8.836363636363636,1.4727272727272727,9.818181818181817,0.2542372881355932,0.6077471728861167,0.3648591345465122,0.6077471728861167,1.2666666666666666,,1.5,,,,,False,,0.5,,,,,False,,False
668930,Brice Turang,MIL,CHC,1,2.0,1,592332,Kevin Gausman,R,823739,7:40 PM ET,American Family Field,0,1,0.21096345514950166,2026-09-09,823739,0.0,0,96.2,95.7,110.9,L,5,4,3,1,0,0,1,0,0,0,4,4,0,2,1,1,2,0.5925,0.73325,1,1,1,1,0,0,0.19642857142857142,0.3181818181818182,0.6428571428571429,0.29850746268656714,0.2857142857142857,0.10714285714285714,0.014925373134328358,0.04477611940298507,0.07142857142857142,1.1333333333333333,1.3333333333333333,0.2972972972972973,0.2702702702702703,0.5135135135135135,0.13513513513513514,0.0,0.3085535714285714,0.42544642857142856,0.3333333333333333,0.35,0.3714166666666667,0.4796666666666666,0.23728813559322035,0.3728813559322034,0.27941176470588236,0.15789473684210525,0.15789473684210525,0.2647058823529412,0.6835443037974683,0.25961538461538464,0.39436619718309857,0.11737089201877934,0.37037037037037035,0.25308641975308643,0.018518518518518517,8.836363636363636,1.4727272727272727,9.818181818181817,0.2542372881355932,0.652790183157781,0.40656459907124115,0.652790183157781,1.1333333333333333,,1.5,,,,,False,,0.5,,,,,False,,False
592885,Christian Yelich,MIL,CHC,1,5.0,1,592332,Kevin Gausman,R,823739,7:40 PM ET,American Family Field,0,1,0.21096345514950166,2026-09-09,823739,0.0,0,96.2,95.7,110.9,L,1,1,1,0,0,0,0,0,0,0,1,1,0,1,0,0,1,0.711,0.922,1,0,1,0,0,0,0.3,0.3684210526315789,0.78,0.19298245614035087,0.358974358974359,0.16,0.017543859649122806,0.08771929824561403,0.12,1.5333333333333334,0.7333333333333333,0.4,0.3,0.525,0.15,0.0,0.35613928571428577,0.5561559523809524,0.1875,0.2631578947368421,0.2968541666666666,0.4961041666666667,0.32653061224489793,0.46938775510204084,0.17543859649122806,0.22033898305084745,0.3898305084745763,0.19402985074626866,0.6835443037974683,0.25961538461538464,0.39436619718309857,0.11737089201877934,0.37037037037037035,0.25308641975308643,0.018518518518518517,8.836363636363636,1.4727272727272727,9.818181818181817,0.2542372881355932,0.6192940959314392,0.3698449348184696,0.6192940959314392,1.5333333333333334,,1.5,,,,,False,,0.5,,,,,False,,False
806198,Cooper Pratt,MIL,CHC,1,9.0,1,592332,Kevin Gausman,R,823739,7:40 PM ET,American Family Field,1,1,0.21096345514950166,2026-09-09,823739,0.0,0,96.2,95.7,110.9,R,3,3,0,0,0,0,0,0,0,0,0,3,0,0,0,3,0,0.06433333333333334,0.06733333333333334,0,0,0,0,0,0,0.2553191489361702,0.2962962962962963,0.7872340425531915,0.17543859649122806,0.28205128205128205,0.10638297872340426,0.017543859649122806,0.0,0.0425531914893617,1.1333333333333333,0.6666666666666666,0.23255813953488372,0.18604651162790697,0.5348837209302325,0.2558139534883721,0.023255813953488372,0.28352777777777777,0.3762166666666667,0.3125,0.09523809523809523,0.34686666666666666,0.40153333333333335,0.27450980392156865,0.39215686274509803,0.17543859649122806,0.25,0.275,0.22448979591836735,0.6835443037974683,0.25961538461538464,0.39436619718309857,0.11737089201877934,0.37037037037037035,0.25308641975308643,0.018518518518518517,8.836363636363636,1.4727272727272727,9.818181818181817,0.2542372881355932,0.5411179035703254,0.2900417994089074,0.5411179035703254,1.1333333333333333,,1.5,,,,,False,,0.5,,,,,False,,False
669003,Garrett Mitchell,MIL,CHC,1,8.0,1,592332,Kevin Gausman,R,823739,7:40 PM ET,American Family Field,0,1,0.21096345514950166,2026-09-09,823739,0.0,0,96.2,95.7,110.9,L,4,4,0,0,0,0,0,0,0,3,0,1,0,1,0,0,1,0.863,1.162,0,0,0,0,1,1,0.3333333333333333,0.391304347826087,0.7142857142857143,0.2608695652173913,0.4482758620689655,0.19047619047619047,0.021739130434782608,0.06521739130434782,0.11904761904761904,1.4666666666666666,0.8,0.6666666666666666,0.3,0.6,0.1,0.0,0.5309230769230768,0.7441923076923077,0.35714285714285715,0.26666666666666666,0.6311333333333334,0.8980666666666668,0.3541666666666667,0.5208333333333334,0.3076923076923077,0.2558139534883721,0.4186046511627907,0.2857142857142857,0.6835443037974683,0.25961538461538464,0.39436619718309857,0.11737089201877934,0.37037037037037035,0.25308641975308643,0.018518518518518517,8.836363636363636,1.4727272727272727,9.818181818181817,0.2542372881355932,0.5188080837949601,0.21454149555191523,0.5188080837949601,1.4666666666666666,,1.5,,,,,False,,0.5,,,,,False,,False
694192,Jackson Chourio,MIL,CHC,1,1.0,1,592332,Kevin Gausman,R,823739,7:40 PM ET,American Family Field,1,1,0.21096345514950166,2026-09-09,823739,0.0,0,96.2,95.7,110.9,R,5,5,4,1,0,1,0,0,0,0,8,5,0,1,2,2,1,0.6208,1.2112,1,1,1,1,0,0,0.2835820895522388,0.30985915492957744,0.8059701492537313,0.18309859154929578,0.29411764705882354,0.208955223880597,0.056338028169014086,0.028169014084507043,0.08955223880597014,2.2,0.8666666666666667,0.4727272727272727,0.10909090909090909,0.509090909090909,0.36363636363636365,0.03636363636363636,0.2694,0.4554477777777778,0.14285714285714285,0.21739130434782608,0.20554999999999998,0.3411833333333333,0.288135593220339,0.4067796610169492,0.25,0.3181818181818182,0.5909090909090909,0.18055555555555555,0.6835443037974683,0.25961538461538464,0.39436619718309857,0.11737089201877934,0.37037037037037035,0.25308641975308643,0.018518518518518517,8.836363636363636,1.4727272727272727,9.818181818181817,0.2542372881355932,0.6709788839308649,0.3940613761483527,0.6709788839308649,2.2,,1.5,,,,,False,,0.5,,,,,False,,False
687401,Joey Ortiz,MIL,CHC,1,7.0,1,592332,Kevin Gausman,R,823739,7:40 PM ET,American Family Field,1,1,0.21096345514950166,2026-09-09,823739,0.0,0,96.2,95.7,110.9,R,4,4,1,0,0,0,0,0,0,2,1,2,0,1,0,0,2,0.743,0.842,1,0,1,0,1,1,0.3,0.3333333333333333,0.8,0.18518518518518517,0.3333333333333333,0.2,0.037037037037037035,0.037037037037037035,0.1,1.6666666666666667,0.6666666666666666,0.4634146341463415,0.17073170731707318,0.5365853658536586,0.17073170731707318,0.0,0.28432142857142856,0.4265892857142857,0.3125,0.17647058823529413,0.2969166666666667,0.44814583333333324,0.3404255319148936,0.5531914893617021,0.17857142857142858,0.3333333333333333,0.5925925925925926,0.23636363636363636,0.6835443037974683,0.25961538461538464,0.39436619718309857,0.11737089201877934,0.37037037037037035,0.25308641975308643,0.018518518518518517,8.836363636363636,1.4727272727272727,9.818181818181817,0.2542372881355932,0.6113235576957008,0.36278075051879344,0.6113235576957008,1.6666666666666667,,1.5,,,,,False,,0.5,,,,,False,,False
686217,Sal Frelick,MIL,CHC,1,6.0,1,592332,Kevin Gausman,R,823739,7:40 PM ET,American Family Field,0,1,0.21096345514950166,2026-09-09,823739,0.0,0,96.2,95.7,110.9,L,1,1,1,0,0,0,0,0,0,0,1,1,0,0,1,0,0,0.34,0.381,1,0,1,0,0,0,0.19607843137254902,0.24074074074074073,0.8235294117647058,0.16666666666666666,0.21951219512195122,0.11764705882352941,0.018518518518518517,0.05555555555555555,0.0784313725490196,1.0666666666666667,0.6,0.3333333333333333,0.09523809523809523,0.5,0.30952380952380953,0.023809523809523808,0.23427222222222224,0.3378166666666667,0.10526315789473684,0.15789473684210525,0.29958333333333337,0.4569,0.17391304347826086,0.30434782608695654,0.1836734693877551,0.22,0.28,0.07272727272727272,0.6835443037974683,0.25961538461538464,0.39436619718309857,0.11737089201877934,0.37037037037037035,0.25308641975308643,0.018518518518518517,8.836363636363636,1.4727272727272727,9.818181818181817,0.2542372881355932,0.5727992743211302,0.3508235563208324,0.5727992743211302,1.0666666666666667,,1.5,,,,,False,,0.5,,,,,False,,False
661388,William Contreras,MIL,CHC,1,3.0,1,592332,Kevin Gausman,R,823739,7:40 PM ET,American Family Field,1,1,0.21096345514950166,2026-09-09,823739,0.0,0,96.2,95.7,110.9,R,5,4,1,0,0,0,1,0,0,2,1,2,0,2,1,0,1,0.3645,0.444,1,0,1,0,1,1,0.3548387096774194,0.39705882352941174,0.7903225806451613,0.19117647058823528,0.4166666666666667,0.20967741935483872,0.029411764705882353,0.10294117647058823,0.14516129032258066,2.3333333333333335,0.8666666666666667,0.46,0.28,0.36,0.2,0.04,0.31532333333333334,0.55338,0.18181818181818182,0.34782608695652173,0.21704999999999997,0.3902499999999999,0.16071428571428573,0.26785714285714285,0.14925373134328357,0.32786885245901637,0.4918032786885246,0.1323529411764706,0.6835443037974683,0.25961538461538464,0.39436619718309857,0.11737089201877934,0.37037037037037035,0.25308641975308643,0.018518518518518517,8.836363636363636,1.4727272727272727,9.818181818181817,0.2542372881355932,0.6686592044595473,0.402676175791814,0.6686592044595473,2.3333333333333335,,1.5,,,,,False,,0.5,,,,,False,,False
608324,Alex Bregman,CHC,MIL,0,4.0,1,701656,Logan Henderson,R,823739,7:40 PM ET,American Family Field,1,1,0.16556291390728478,2026-09-09,823739,0.0,0,96.2,95.7,110.9,R,5,5,0,0,0,0,0,0,0,0,0,5,0,1,2,1,1,0.175,0.23160000000000003,0,0,0,0,0,0,0.29310344827586204,0.38235294117647056,0.896551724137931,0.08823529411764706,0.25,0.3275862068965517,0.07352941176470588,0.058823529411764705,0.15517241379310345,2.4,0.4,0.3018867924528302,0.22641509433962265,0.39622641509433965,0.22641509433962265,0.05660377358490566,0.27578444444444444,0.3994622222222223,0.3333333333333333,0.05,0.29858333333333337,0.4045500000000001,0.31666666666666665,0.6,0.10144927536231885,0.21818181818181817,0.6,0.1044776119402985,0.6481481481481481,0.12435233160621761,0.32673267326732675,0.16336633663366337,0.3357142857142857,0.2857142857142857,0.007142857142857143,6.517241379310345,0.9310344827586207,11.73103448275862,0.3333333333333333,0.611155120184324,0.34532547237704186,0.611155120184324,2.4,,1.5,,,,,False,,0.5,,,,,False,,False
608348,Carson Kelly,CHC,MIL,0,9.0,1,701656,Logan Henderson,R,823739,7:40 PM ET,American Family Field,1,1,0.16556291390728478,2026-09-09,823739,0.0,0,96.2,95.7,110.9,R,1,1,1,1,0,0,0,0,0,0,2,1,1,1,1,0,0,0.483,1.434,1,0,1,1,0,0,0.23214285714285715,0.2833333333333333,0.8392857142857143,0.15,0.22727272727272727,0.19642857142857142,0.05,0.03333333333333333,0.08928571428571429,1.6,0.6,0.425531914893617,0.23404255319148937,0.3829787234042553,0.3404255319148936,0.0,0.3246988888888889,0.4578188888888889,0.10526315789473684,0.2631578947368421,0.2498333333333333,0.35275,0.23214285714285715,0.39285714285714285,0.18333333333333332,0.3333333333333333,0.5490196078431373,0.17543859649122806,0.6481481481481481,0.12435233160621761,0.32673267326732675,0.16336633663366337,0.3357142857142857,0.2857142857142857,0.007142857142857143,6.517241379310345,0.9310344827586207,11.73103448275862,0.3333333333333333,0.46669838151232507,0.25788288288288286,0.46669838151232507,1.6,,1.5,,,,,False,,0.5,,,,,False,,False
664023,Ian Happ,CHC,MIL,0,5.0,1,701656,Logan Henderson,R,823739,7:40 PM ET,American Family Field,0,1,0.16556291390728478,2026-09-09,823739,0.0,0,96.2,95.7,110.9,L,2,2,0,0,0,0,0,0,0,2,0,0,0,0,0,0,0,0.423,0.474,0,0,0,0,1,1,0.23333333333333334,0.3235294117647059,0.6666666666666666,0.29411764705882354,0.35,0.0,0.0,0.0,0.0,0.4666666666666667,0.6666666666666666,0.3,0.3,0.45,0.15,0.0,0.30608974358974356,0.40594871794871784,0.3333333333333333,0.25,0.5143750000000002,0.6302500000000004,0.28846153846153844,0.5,0.2833333333333333,0.17307692307692307,0.36538461538461536,0.27586206896551724,0.6481481481481481,0.12435233160621761,0.32673267326732675,0.16336633663366337,0.3357142857142857,0.2857142857142857,0.007142857142857143,6.517241379310345,0.9310344827586207,11.73103448275862,0.3333333333333333,0.5023884601770361,0.22040649029763837,0.5023884601770361,0.4666666666666667,,1.5,,,,,False,,0.5,,,,,False,,False
683737,Michael Busch,CHC,MIL,0,3.0,1,701656,Logan Henderson,R,823739,7:40 PM ET,American Family Field,0,1,0.16556291390728478,2026-09-09,823739,0.0,0,96.2,95.7,110.9,L,5,3,1,0,0,0,2,0,0,1,1,2,0,1,0,1,1,0.496,0.6005,1,0,1,0,1,0,0.16363636363636364,0.2923076923076923,0.6909090909090909,0.26153846153846155,0.19444444444444445,0.18181818181818182,0.03076923076923077,0.06153846153846154,0.10909090909090909,1.2666666666666666,1.1333333333333333,0.47368421052631576,0.18421052631578946,0.34210526315789475,0.39473684210526316,0.02631578947368421,0.2755059523809524,0.48731547619047616,0.1875,0.17647058823529413,0.23201666666666662,0.5013333333333333,0.18867924528301888,0.4339622641509434,0.27419354838709675,0.29310344827586204,0.5517241379310345,0.18181818181818182,0.6481481481481481,0.12435233160621761,0.32673267326732675,0.16336633663366337,0.3357142857142857,0.2857142857142857,0.007142857142857143,6.517241379310345,0.9310344827586207,11.73103448275862,0.3333333333333333,0.49342761088001835,0.34769593688993544,0.49342761088001835,1.2666666666666666,,1.5,,,,,False,,0.5,,,,,False,,False
624424,Michael Conforto,CHC,MIL,0,8.0,1,701656,Logan Henderson,R,823739,7:40 PM ET,American Family Field,0,1,0.16556291390728478,2026-09-09,823739,0.0,0,96.2,95.7,110.9,L,2,0,0,0,0,0,1,1,0,0,0,0,0,0,0,0,0,0.46049999999999996,0.572,0,0,0,0,0,0,0.3055555555555556,0.40476190476190477,0.8055555555555556,0.16279069767441862,0.28,0.3611111111111111,0.09302325581395349,0.023255813953488372,0.1388888888888889,1.6,0.4666666666666667,0.3793103448275862,0.2413793103448276,0.41379310344827586,0.2413793103448276,0.06896551724137931,0.3983974358974359,0.8114871794871795,0.36363636363636365,0.13333333333333333,0.4261249999999999,0.7247499999999999,0.3055555555555556,0.6666666666666666,0.16279069767441862,0.2765957446808511,0.425531914893617,0.2545454545454545,0.6481481481481481,0.12435233160621761,0.32673267326732675,0.16336633663366337,0.3357142857142857,0.2857142857142857,0.007142857142857143,6.517241379310345,0.9310344827586207,11.73103448275862,0.3333333333333333,0.46016556901095557,0.27363856153192345,0.46016556901095557,1.6,,1.5,,,,,False,,0.5,,,,,False,,False
663538,Nico Hoerner,CHC,MIL,0,6.0,1,701656,Logan Henderson,R,823739,7:40 PM ET,American Family Field,1,1,0.16556291390728478,2026-09-09,823739,0.0,0,96.2,95.7,110.9,R,5,5,2,0,0,0,0,0,0,0,2,5,0,2,2,1,2,0.37320000000000003,0.42299999999999993,1,1,1,1,0,0,0.27586206896551724,0.2786885245901639,0.8448275862068966,0.14754098360655737,0.3,0.05172413793103448,0.01639344262295082,0.0,0.017241379310344827,1.2666666666666666,0.6,0.4117647058823529,0.17647058823529413,0.5490196078431373,0.23529411764705882,0.0392156862745098,0.32894222222222225,0.45818444444444445,0.3684210526315789,0.15789473684210525,0.37045,0.5303,0.3448275862068966,0.3448275862068966,0.08196721311475409,0.2413793103448276,0.4482758620689655,0.14285714285714285,0.6481481481481481,0.12435233160621761,0.32673267326732675,0.16336633663366337,0.3357142857142857,0.2857142857142857,0.007142857142857143,6.517241379310345,0.9310344827586207,11.73103448275862,0.3333333333333333,0.597312294408675,0.347020526728454,0.597312294408675,1.2666666666666666,,1.5,,,,,False,,0.5,,,,,False,,False
699393,Pedro Ramírez,CHC,MIL,0,7.0,1,701656,Logan Henderson,R,823739,7:40 PM ET,American Family Field,0,1,0.16556291390728478,2026-09-09,823739,0.0,0,96.2,95.7,110.9,L,2,2,1,0,0,0,0,0,0,1,1,1,0,0,0,1,0,0.085,0.086,1,0,1,0,1,0,0.1794871794871795,0.25,0.8205128205128205,0.1590909090909091,0.16129032258064516,0.20512820512820512,0.045454545454545456,0.0,0.07692307692307693,1.0,0.4666666666666667,0.2727272727272727,0.15151515151515152,0.30303030303030304,0.42424242424242425,0.12121212121212122,0.2539166666666667,0.49832692307692306,0.07692307692307693,0.23076923076923078,0.23103333333333329,0.6385,0.19642857142857142,0.3392857142857143,0.1875,0.2413793103448276,0.3103448275862069,0.22580645161290322,0.6481481481481481,0.12435233160621761,0.32673267326732675,0.16336633663366337,0.3357142857142857,0.2857142857142857,0.007142857142857143,6.517241379310345,0.9310344827586207,11.73103448275862,0.3333333333333333,0.4778821778025077,0.25708391383012563,0.4778821778025077,1.0,,1.5,,,,,False,,0.5,,,,,False,,False
691718,Pete Crow-Armstrong,CHC,MIL,0,1.0,1,701656,Logan Henderson,R,823739,7:40 PM ET,American Family Field,0,1,0.16556291390728478,2026-09-09,823739,0.0,0,96.2,95.7,110.9,L,5,5,1,0,0,0,0,0,0,2,1,3,0,1,1,1,0,0.215,0.283,1,0,1,0,1,1,0.30158730158730157,0.36619718309859156,0.7619047619047619,0.2112676056338028,0.25,0.4603174603174603,0.1267605633802817,0.028169014084507043,0.1746031746031746,3.2,1.0,0.5102040816326531,0.30612244897959184,0.32653061224489793,0.2857142857142857,0.08163265306122448,0.47365444444444443,0.9420555555555555,0.3157894736842105,0.17391304347826086,0.5141666666666668,1.1184999999999998,0.29508196721311475,0.819672131147541,0.19444444444444445,0.2786885245901639,0.639344262295082,0.2857142857142857,0.6481481481481481,0.12435233160621761,0.32673267326732675,0.16336633663366337,0.3357142857142857,0.2857142857142857,0.007142857142857143,6.517241379310345,0.9310344827586207,11.73103448275862,0.3333333333333333,0.6055068049340694,0.38520389299560814,0.6055068049340694,3.2,,1.5,,,,,False,,0.5,,,,,False,,False
673548,Seiya Suzuki,CHC,MIL,0,2.0,1,701656,Logan Henderson,R,823739,7:40 PM ET,American Family Field,1,1,0.16556291390728478,2026-09-09,823739,0.0,0,96.2,95.7,110.9,R,5,5,1,1,0,0,0,0,0,0,2,5,1,3,3,2,0,0.3052,0.8290000000000001,1,0,1,1,0,0,0.2857142857142857,0.4444444444444444,0.8392857142857143,0.125,0.3111111111111111,0.19642857142857142,0.027777777777777776,0.06944444444444445,0.125,1.8,0.6,0.3617021276595745,0.2127659574468085,0.3617021276595745,0.3617021276595745,0.0425531914893617,0.28949555555555556,0.46485444444444446,0.11764705882352941,0.18181818181818182,0.21986,0.25125999999999993,0.25,0.43333333333333335,0.2222222222222222,0.29310344827586204,0.5517241379310345,0.1323529411764706,0.6481481481481481,0.12435233160621761,0.32673267326732675,0.16336633663366337,0.3357142857142857,0.2857142857142857,0.007142857142857143,6.517241379310345,0.9310344827586207,11.73103448275862,0.3333333333333333,0.6041120719307713,0.3980689423071897,0.6041120719307713,1.8,,1.5,,,,,False,,0.5,,,,,False,,False
690976,Alex Freeland,LAD,CIN,1,8.0,1,695076,Rhett Lowder,R,823900,10:10 PM ET,Dodger Stadium,0,1,0.2117039586919105,2026-09-09,823900,,0,96.8,101.9,115.2,L,2,2,0,0,0,0,0,0,0,0,0,2,0,0,0,1,0,0.0695,0.07050000000000001,0,0,0,0,0,0,0.2,0.2857142857142857,0.68,0.2857142857142857,0.29411764705882354,0.0,0.0,0.0,0.0,0.3333333333333333,0.5333333333333333,0.4117647058823529,0.23529411764705882,0.4117647058823529,0.23529411764705882,0.058823529411764705,0.28236363636363637,0.42169696969696974,0.16666666666666666,0.125,0.19575000000000004,0.23587499999999992,0.16666666666666666,0.16666666666666666,0.36363636363636365,0.125,0.2,0.4,0.775,0.24157303370786518,0.4731182795698925,0.1989247311827957,0.3870967741935484,0.3161290322580645,0.03225806451612903,11.172413793103447,1.862068965517241,9.310344827586206,0.2094240837696335,0.5502444938807202,0.3083184082579229,0.5502444938807202,0.3333333333333333,,1.5,,,,,False,,0.5,,,,,False,,False
571771,Enrique Hernández,LAD,CIN,1,9.0,1,695076,Rhett Lowder,R,823900,10:10 PM ET,Dodger Stadium,1,1,0.2117039586919105,2026-09-09,823900,,0,96.8,101.9,115.2,R,3,2,0,0,0,0,1,0,0,0,0,2,0,1,0,2,0,0.1255,0.14,0,0,0,0,0,0,0.16666666666666666,0.23076923076923078,0.5277777777777778,0.4358974358974359,0.2777777777777778,0.08333333333333333,0.02564102564102564,0.0,0.027777777777777776,0.6,1.1333333333333333,0.3684210526315789,0.3157894736842105,0.3157894736842105,0.2631578947368421,0.05263157894736842,0.3449242424242424,0.5242121212121212,0.09090909090909091,0.4166666666666667,0.266,0.3545000000000004,0.2916666666666667,0.4583333333333333,0.2692307692307692,0.14705882352941177,0.23529411764705882,0.4166666666666667,0.775,0.24157303370786518,0.4731182795698925,0.1989247311827957,0.3870967741935484,0.3161290322580645,0.03225806451612903,11.172413793103447,1.862068965517241,9.310344827586206,0.2094240837696335,0.45169559288990446,0.19623458423202292,0.45169559288990446,0.6,,1.5,,,,,False,,0.5,,,,,False,,False
676439,Hunter Feduccia,LAD,CIN,1,7.0,1,695076,Rhett Lowder,R,823900,10:10 PM ET,Dodger Stadium,0,1,0.2117039586919105,2026-09-09,823900,,0,96.8,101.9,115.2,L,3,3,0,0,0,0,0,0,0,3,0,0,0,0,0,0,0,0.2215,0.482,0,0,0,0,1,1,0.2571428571428571,0.36585365853658536,0.7428571428571429,0.21428571428571427,0.34615384615384615,0.02857142857142857,0.0,0.023809523809523808,0.02857142857142857,0.6666666666666666,0.6,0.37037037037037035,0.37037037037037035,0.25925925925925924,0.37037037037037035,0.0,0.3502380952380952,0.46492857142857147,0.2,0.2727272727272727,0.25112499999999993,0.3921249999999998,0.2777777777777778,0.3888888888888889,0.21428571428571427,0.13636363636363635,0.18181818181818182,0.3617021276595745,0.775,0.24157303370786518,0.4731182795698925,0.1989247311827957,0.3870967741935484,0.3161290322580645,0.03225806451612903,11.172413793103447,1.862068965517241,9.310344827586206,0.2094240837696335,0.48591432265714296,0.3078662250895452,0.48591432265714296,0.6666666666666666,,1.5,,,,,False,,0.5,,,,,False,,False
663656,Kyle Tucker,LAD,CIN,1,6.0,1,695076,Rhett Lowder,R,823900,10:10 PM ET,Dodger Stadium,0,1,0.2117039586919105,2026-09-09,823900,,0,96.8,101.9,115.2,L,1,1,0,0,0,0,0,0,0,0,0,1,0,0,0,0,0,0.003,0.003,0,0,0,0,0,0,0.1346153846153846,0.28125,0.8846153846153846,0.09375,0.13043478260869565,0.07692307692307693,0.015625,0.015625,0.038461538461538464,0.7333333333333333,0.4,0.3191489361702128,0.1276595744680851,0.3617021276595745,0.40425531914893614,0.02127659574468085,0.2562055555555556,0.40017777777777774,0.0625,0.15789473684210525,0.26366666666666666,0.5583666666666666,0.11320754716981132,0.1320754716981132,0.078125,0.23076923076923078,0.40384615384615385,0.15,0.775,0.24157303370786518,0.4731182795698925,0.1989247311827957,0.3870967741935484,0.3161290322580645,0.03225806451612903,11.172413793103447,1.862068965517241,9.310344827586206,0.2094240837696335,0.6183280451248188,0.3538618798298781,0.6183280451248188,0.7333333333333333,,1.5,,,,,False,,0.5,,,,,False,,False
571970,Max Muncy,LAD,CIN,1,4.0,1,695076,Rhett Lowder,R,823900,10:10 PM ET,Dodger Stadium,0,1,0.2117039586919105,2026-09-09,823900,,0,96.8,101.9,115.2,L,4,4,2,1,0,0,0,0,0,1,3,3,0,2,1,0,1,0.2786666666666667,0.514,1,1,1,1,1,0,0.23809523809523808,0.4074074074074074,0.7380952380952381,0.2037037037037037,0.3,0.16666666666666666,0.018518518518518517,0.07407407407407407,0.11904761904761904,1.1333333333333333,0.7333333333333333,0.5483870967741935,0.3225806451612903,0.22580645161290322,0.3548387096774194,0.03225806451612903,0.31675555555555557,0.5101944444444445,0.3076923076923077,0.2222222222222222,0.3230999999999999,0.5503499999999998,0.25,0.5681818181818182,0.24074074074074073,0.34,0.68,0.2631578947368421,0.775,0.24157303370786518,0.4731182795698925,0.1989247311827957,0.3870967741935484,0.3161290322580645,0.03225806451612903,11.172413793103447,1.862068965517241,9.310344827586206,0.2094240837696335,0.5360211080202341,0.35861888879064413,0.5360211080202341,1.1333333333333333,,1.5,,,,,False,,0.5,,,,,False,,False
605141,Mookie Betts,LAD,CIN,1,3.0,1,695076,Rhett Lowder,R,823900,10:10 PM ET,Dodger Stadium,1,1,0.2117039586919105,2026-09-09,823900,,0,96.8,101.9,115.2,R,4,2,0,0,0,0,2,0,0,0,0,2,0,0,0,1,0,0.0275,0.029500000000000002,0,0,0,0,0,0,0.3,0.4,0.8833333333333333,0.1,0.3137254901960784,0.18333333333333332,0.02857142857142857,0.07142857142857142,0.11666666666666667,1.9333333333333333,0.4666666666666667,0.37735849056603776,0.2830188679245283,0.4339622641509434,0.22641509433962265,0.018867924528301886,0.3195766666666666,0.4472688888888889,0.3181818181818182,0.16666666666666666,0.37483333333333335,0.60151,0.24561403508771928,0.42105263157894735,0.10606060606060606,0.288135593220339,0.4406779661016949,0.08064516129032258,0.775,0.24157303370786518,0.4731182795698925,0.1989247311827957,0.3870967741935484,0.3161290322580645,0.03225806451612903,11.172413793103447,1.862068965517241,9.310344827586206,0.2094240837696335,0.668396307333215,0.4266647180940528,0.668396307333215,1.9333333333333333,,1.5,,,,,False,,0.5,,,,,False,,False
606192,Teoscar Hernández,LAD,CIN,1,5.0,1,695076,Rhett Lowder,R,823900,10:10 PM ET,Dodger Stadium,1,1,0.2117039586919105,2026-09-09,823900,,0,96.8,101.9,115.2,R,4,3,3,0,1,0,1,0,0,0,5,3,0,1,0,1,2,0.6523333333333333,0.743,1,1,1,1,0,0,0.32142857142857145,0.40625,0.6785714285714286,0.28125,0.4444444444444444,0.16071428571428573,0.03125,0.046875,0.08928571428571429,1.8,1.2,0.5263157894736842,0.2631578947368421,0.42105263157894735,0.2631578947368421,0.02631578947368421,0.4289022222222222,0.8021133333333332,0.4375,0.14285714285714285,0.49470000000000003,1.0981,0.26785714285714285,0.35714285714285715,0.29310344827586204,0.34,0.62,0.22413793103448276,0.775,0.24157303370786518,0.4731182795698925,0.1989247311827957,0.3870967741935484,0.3161290322580645,0.03225806451612903,11.172413793103447,1.862068965517241,9.310344827586206,0.2094240837696335,0.6345982003065643,0.3886415111371521,0.6345982003065643,1.8,,1.5,,,,,False,,0.5,,,,,False,,False
669242,Tommy Edman,LAD,CIN,1,1.0,1,695076,Rhett Lowder,R,823900,10:10 PM ET,Dodger Stadium,1,1,0.2117039586919105,2026-09-09,823900,,0,96.8,101.9,115.2,R,3,2,0,0,0,0,0,1,0,1,0,1,0,0,0,1,0,0.053,0.056,0,0,0,0,1,0,0.2972972972972973,0.3333333333333333,0.8378378378378378,0.15384615384615385,0.3333333333333333,0.13513513513513514,0.02564102564102564,0.05128205128205128,0.08108108108108109,1.0666666666666667,0.4,0.3870967741935484,0.25806451612903225,0.45161290322580644,0.2903225806451613,0.0,0.31467023809523814,0.4512952380952381,0.2222222222222222,0.1,0.23306666666666676,0.3087666666666668,0.2545454545454545,0.36363636363636365,0.15625,0.2,0.3333333333333333,0.265625,0.775,0.24157303370786518,0.4731182795698925,0.1989247311827957,0.3870967741935484,0.3161290322580645,0.03225806451612903,11.172413793103447,1.862068965517241,9.310344827586206,0.2094240837696335,0.5942291362101518,0.3246465726970263,0.5942291362101518,1.0666666666666667,,1.5,,,,,False,,0.5,,,,,False,,False
669257,Will Smith,LAD,CIN,1,2.0,1,695076,Rhett Lowder,R,823900,10:10 PM ET,Dodger Stadium,1,1,0.2117039586919105,2026-09-09,823900,,0,96.8,101.9,115.2,R,4,3,1,0,0,1,0,1,0,1,4,2,0,2,2,0,0,0.2645,0.9774999999999999,1,0,1,1,1,0,0.21951219512195122,0.36538461538461536,0.7804878048780488,0.17307692307692307,0.22580645161290322,0.21951219512195122,0.038461538461538464,0.057692307692307696,0.12195121951219512,1.2,0.6,0.3939393939393939,0.21212121212121213,0.3333333333333333,0.42424242424242425,0.030303030303030304,0.4419611111111111,0.9271347222222222,0.09090909090909091,0.2,0.30249999999999994,0.4724166666666669,0.23404255319148937,0.48936170212765956,0.13559322033898305,0.15217391304347827,0.15217391304347827,0.19642857142857142,0.775,0.24157303370786518,0.4731182795698925,0.1989247311827957,0.3870967741935484,0.3161290322580645,0.03225806451612903,11.172413793103447,1.862068965517241,9.310344827586206,0.2094240837696335,0.5195435823979832,0.3083184082579229,0.5195435823979832,1.2,,1.5,,,,,False,,0.5,,,,,False,,False
699115,Carlos Jorge,CIN,LAD,0,1.0,1,808967,Yoshinobu Yamamoto,R,823900,10:10 PM ET,Dodger Stadium,0,1,0.2483108108108108,2026-09-09,823900,,0,96.8,101.9,115.2,L,4,4,2,0,0,0,0,0,0,0,2,4,0,1,1,3,0,0.25925,0.594,1,1,1,1,0,0,,,,,,,,,,,,,,,,,,,0.125,0.25,0.2415,0.28125,0.125,0.125,0.25,,,,0.6550387596899225,0.15789473684210525,0.2905982905982906,0.1111111111111111,0.46153846153846156,0.2485207100591716,0.023668639053254437,5.64179104477612,0.9402985074626865,9.134328358208956,0.27091633466135456,0.27460472053100804,0.07781216314951857,0.27460472053100804,,,1.5,,,,,False,,0.5,,,,,False,,False
682829,Elly De La Cruz,CIN,LAD,0,2.0,1,808967,Yoshinobu Yamamoto,R,823900,10:10 PM ET,Dodger Stadium,1,1,0.2483108108108108,2026-09-09,823900,,0,96.8,101.9,115.2,R,3,3,1,0,0,1,0,0,0,0,4,3,0,1,1,2,0,0.4916666666666667,1.4723333333333333,1,0,1,1,0,0,0.48148148148148145,0.5625,0.6666666666666666,0.28125,0.6666666666666666,0.4074074074074074,0.09375,0.0625,0.18518518518518517,1.6,0.6,0.8888888888888888,0.3888888888888889,0.3333333333333333,0.2777777777777778,0.05555555555555555,0.6222692307692308,1.3805,0.5555555555555556,0.2727272727272727,0.6460000000000001,1.4962999999999997,0.3157894736842105,0.43859649122807015,0.25,0.31746031746031744,0.5873015873015873,0.31343283582089554,0.6550387596899225,0.15789473684210525,0.2905982905982906,0.1111111111111111,0.46153846153846156,0.2485207100591716,0.023668639053254437,5.64179104477612,0.9402985074626865,9.134328358208956,0.27091633466135456,0.3729749899616291,0.18157695950235553,0.3729749899616291,1.6,,1.5,,,,,False,,0.5,,,,,False,,False
699302,Héctor Rodríguez,CIN,LAD,0,5.0,1,808967,Yoshinobu Yamamoto,R,823900,10:10 PM ET,Dodger Stadium,0,1,0.2483108108108108,2026-09-09,823900,,0,96.8,101.9,115.2,L,3,3,0,0,0,0,0,0,0,2,0,1,0,0,0,1,0,0.085,0.095,0,0,0,0,1,1,0.36666666666666664,0.4153846153846154,0.6833333333333333,0.2923076923076923,0.4722222222222222,0.2833333333333333,0.07692307692307693,0.03076923076923077,0.11666666666666667,2.6,1.2666666666666666,0.36585365853658536,0.14634146341463414,0.5609756097560976,0.2682926829268293,0.024390243902439025,0.36775952380952376,0.5914630952380951,0.38095238095238093,0.36363636363636365,0.46979166666666666,0.5447708333333334,0.2222222222222222,0.46296296296296297,0.25862068965517243,0.4230769230769231,0.6153846153846154,0.35714285714285715,0.6550387596899225,0.15789473684210525,0.2905982905982906,0.1111111111111111,0.46153846153846156,0.2485207100591716,0.023668639053254437,5.64179104477612,0.9402985074626865,9.134328358208956,0.27091633466135456,0.6395009590491757,0.3542067864357779,0.6395009590491757,2.6,,1.5,,,,,False,,0.5,,,,,False,,False
668709,JJ Bleday,CIN,LAD,0,4.0,1,808967,Yoshinobu Yamamoto,R,823900,10:10 PM ET,Dodger Stadium,0,1,0.2483108108108108,2026-09-09,823900,,0,96.8,101.9,115.2,L,4,4,0,0,0,0,0,0,0,2,0,2,0,0,0,2,0,0.1995,0.225,0,0,0,0,1,1,0.21818181818181817,0.3125,0.7818181818181819,0.1875,0.23809523809523808,0.18181818181818182,0.03125,0.03125,0.09090909090909091,1.4666666666666666,0.8,0.3409090909090909,0.3181818181818182,0.25,0.29545454545454547,0.022727272727272728,0.2901955555555556,0.4994977777777778,0.2222222222222222,0.3,0.23135,0.52715,0.28846153846153844,0.5,0.12903225806451613,0.1111111111111111,0.18518518518518517,0.3442622950819672,0.6550387596899225,0.15789473684210525,0.2905982905982906,0.1111111111111111,0.46153846153846156,0.2485207100591716,0.023668639053254437,5.64179104477612,0.9402985074626865,9.134328358208956,0.27091633466135456,0.5992251203357076,0.3615963290669248,0.5992251203357076,1.4666666666666666,,1.5,,,,,False,,0.5,,,,,False,,False
682877,Juan Brito,CIN,LAD,0,6.0,1,808967,Yoshinobu Yamamoto,R,823900,10:10 PM ET,Dodger Stadium,1,1,0.2483108108108108,2026-09-09,823900,,0,96.8,101.9,115.2,R,3,3,3,1,0,0,0,0,0,0,4,3,0,1,1,0,2,0.8676666666666666,1.322,1,1,1,1,0,0,0.125,0.23684210526315788,0.59375,0.34210526315789475,0.15789473684210525,0.15625,0.02631578947368421,0.05263157894736842,0.09375,0.6,0.8666666666666667,0.3,0.25,0.45,0.2,0.05,0.2981212121212122,0.5306212121212122,0.125,0.2727272727272727,0.13200000000000003,0.16749999999999998,0.15151515151515152,0.30303030303030304,0.24324324324324326,0.18518518518518517,0.25925925925925924,0.3333333333333333,0.6550387596899225,0.15789473684210525,0.2905982905982906,0.1111111111111111,0.46153846153846156,0.2485207100591716,0.023668639053254437,5.64179104477612,0.9402985074626865,9.134328358208956,0.27091633466135456,0.44577467547230637,0.2212334398952918,0.44577467547230637,0.6,,1.5,,,,,False,,0.5,,,,,False,,False
663647,Ke'Bryan Hayes,CIN,LAD,0,9.0,1,808967,Yoshinobu Yamamoto,R,823900,10:10 PM ET,Dodger Stadium,1,1,0.2483108108108108,2026-09-09,823900,,0,96.8,101.9,115.2,R,3,3,0,0,0,0,0,0,0,2,0,1,0,0,0,1,0,0.045,0.05,0,0,0,0,1,1,0.21052631578947367,0.2857142857142857,0.8157894736842105,0.16666666666666666,0.23333333333333334,0.07894736842105263,0.023809523809523808,0.0,0.02631578947368421,0.7333333333333333,0.4666666666666667,0.4838709677419355,0.25806451612903225,0.3548387096774194,0.3548387096774194,0.03225806451612903,0.2945357142857143,0.4393690476190476,0.2,0.1111111111111111,0.4405166666666666,0.5323833333333334,0.1951219512195122,0.34146341463414637,0.21739130434782608,0.13953488372093023,0.16279069767441862,0.2,0.6550387596899225,0.15789473684210525,0.2905982905982906,0.1111111111111111,0.46153846153846156,0.2485207100591716,0.023668639053254437,5.64179104477612,0.9402985074626865,9.134328358208956,0.27091633466135456,0.42512305576891257,0.22820345155637287,0.42512305576891257,0.7333333333333333,,1.5,,,,,False,,0.5,,,,,False,,False
701398,Sal Stewart,CIN,LAD,0,3.0,1,808967,Yoshinobu Yamamoto,R,823900,10:10 PM ET,Dodger Stadium,1,1,0.2483108108108108,2026-09-09,823900,,0,96.8,101.9,115.2,R,4,4,0,0,0,0,0,0,0,1,0,3,0,2,0,2,1,0.3096666666666667,0.48833333333333334,0,0,0,0,1,0,0.32786885245901637,0.36764705882352944,0.819672131147541,0.16176470588235295,0.3333333333333333,0.21311475409836064,0.058823529411764705,0.014705882352941176,0.08196721311475409,2.2,0.7333333333333333,0.46153846153846156,0.3269230769230769,0.3269230769230769,0.3269230769230769,0.057692307692307696,0.3531711111111111,0.6527544444444444,0.2222222222222222,0.13636363636363635,0.33205,0.5261500000000001,0.31666666666666665,0.48333333333333334,0.13846153846153847,0.3448275862068966,0.5344827586206896,0.19402985074626866,0.6550387596899225,0.15789473684210525,0.2905982905982906,0.1111111111111111,0.46153846153846156,0.2485207100591716,0.023668639053254437,5.64179104477612,0.9402985074626865,9.134328358208956,0.27091633466135456,0.683150909059703,0.4191140455485383,0.683150909059703,2.2,,1.5,,,,,False,,0.5,,,,,False,,False
670770,TJ Friedl,CIN,LAD,0,8.0,1,808967,Yoshinobu Yamamoto,R,823900,10:10 PM ET,Dodger Stadium,0,1,0.2483108108108108,2026-09-09,823900,,0,96.8,101.9,115.2,L,2,1,0,0,0,0,1,0,0,0,0,1,0,1,0,1,0,0.46,0.5,0,0,0,0,0,0,0.1111111111111111,0.1794871794871795,0.7777777777777778,0.20512820512820512,0.1111111111111111,0.08333333333333333,0.02564102564102564,0.0,0.027777777777777776,0.4666666666666667,0.5333333333333333,0.32142857142857145,0.21428571428571427,0.32142857142857145,0.35714285714285715,0.03571428571428571,0.27942261904761906,0.5286190476190477,0.3076923076923077,0.14285714285714285,0.5313666666666668,1.1433666666666664,0.07692307692307693,0.15384615384615385,0.18604651162790697,0.16326530612244897,0.2653061224489796,0.23214285714285715,0.6550387596899225,0.15789473684210525,0.2905982905982906,0.1111111111111111,0.46153846153846156,0.2485207100591716,0.023668639053254437,5.64179104477612,0.9402985074626865,9.134328358208956,0.27091633466135456,0.4778821778025077,0.257478874419331,0.4778821778025077,0.4666666666666667,,1.5,,,,,False,,0.5,,,,,False,,False
677943,Will Banfield,CIN,LAD,0,7.0,1,808967,Yoshinobu Yamamoto,R,823900,10:10 PM ET,Dodger Stadium,1,1,0.2483108108108108,2026-09-09,823900,,0,96.8,101.9,115.2,R,3,3,0,0,0,0,0,0,0,0,0,3,0,1,1,1,0,0.09266666666666667,0.11699999999999999,0,0,0,0,0,0,0.13636363636363635,0.20833333333333334,0.5454545454545454,0.4166666666666667,0.25,0.09090909090909091,0.0,0.08333333333333333,0.09090909090909091,0.35714285714285715,0.7142857142857143,0.4166666666666667,0.08333333333333333,0.5,0.25,0.0,,,0.1111111111111111,0.3,0.11299999999999999,0.11600000000000005,0.16666666666666666,0.25,0.46153846153846156,0.1111111111111111,0.2222222222222222,0.3,0.6550387596899225,0.15789473684210525,0.2905982905982906,0.1111111111111111,0.46153846153846156,0.2485207100591716,0.023668639053254437,5.64179104477612,0.9402985074626865,9.134328358208956,0.27091633466135456,0.4652606273474062,0.25618565278912375,0.4652606273474062,0.35714285714285715,,1.5,,,,,False,,0.5,,,,,False,,False
