batter,player_name,team_abbr,opp_team,is_home,bat_order,in_lineup,pitcher_id,pitcher_name,p_throws,game_id,game_time,stadium,stand_R,p_throws_R,opp_k_pct_15,game_date,game_pk,is_dome,wind_out,hit_factor,tb_factor,hr_factor,stand,pa,ab,h,doubles,triples,hr,bb,hbp,sf,k,tb,batted_balls,barrels,hard_hits,fly_balls,ground_balls,line_drives,avg_xba,avg_xslg,target_hit_1plus,target_hit_2plus,target_tb_1plus,target_tb_2plus,target_k_1plus,target_k_2plus,batting_avg_15,obp_15,contact_rate_15,k_rate_15,babip_15,iso_15,hr_rate_15,doubles_rate_15,extra_base_hit_rate_15,avg_total_bases_15,avg_k_per_game_15,hard_hit_pct_15,line_drive_pct_15,gb_pct_15,fly_ball_pct_15,barrel_pct_15,xba_15,xslg_15,batting_avg_last_5,k_rate_last_5,xba_last_5,xslg_last_5,batting_avg_vs_R_15,slg_vs_R_15,k_rate_vs_R_15,batting_avg_vs_L_15,slg_vs_L_15,k_rate_vs_L_15,p_contact_rate_allowed_10,p_babip_allowed_10,p_slg_allowed_10,p_iso_allowed_10,p_gb_pct_10,p_fb_pct_10,p_barrel_pct_allowed_10,p_hits_per9_10,p_hr_per9_10,p_k_per9_10,p_k_rate_10,p_tb_1plus,p_tb_2plus,adj_prob,pred_total_bases,book_markets,primary_line,primary_side,primary_best_book,primary_best_odds,primary_book_implied,primary_has_line,primary_edge,secondary_line,secondary_side,secondary_best_book,secondary_best_odds,secondary_book_implied,secondary_has_line,secondary_edge,secondary_is_hits_fallback
669224,Austin Wells,NYY,BOS,1,8.0,1.0,687941.0,Alec Gamboa,L,823501,7:15 PM ET,Yankee Stadium,0,0,0.2619047619047619,2026-08-29,823501,0.0,0,94.4,100.1,100.3,L,3,3,0,0,0,0,0,0,0,3,0,0,0,0,0,0,0,0.873,1.069,0,0,0,0,1,1,0.21951219512195122,0.30434782608695654,0.6829268292682927,0.2765957446808511,0.32142857142857145,0.04878048780487805,0.0,0.0425531914893617,0.04878048780487805,0.7333333333333333,0.8666666666666667,0.32142857142857145,0.21428571428571427,0.42857142857142855,0.25,0.0,0.3076130952380952,0.39421428571428574,0.26666666666666666,0.47368421052631576,0.624,0.8119999999999998,0.23809523809523808,0.30952380952380953,0.25,0.14,0.24,0.34615384615384615,0.7638888888888888,0.20634920634920634,0.34375,0.125,0.5272727272727272,0.18181818181818182,0.01818181818181818,,,,,0.5910488158370971,0.30583436783249834,0.5910488158370971,0.7333333333333333,,1.5,,,,,False,,0.5,,,,,False,,False
700250,Ben Rice,NYY,BOS,1,2.0,1.0,687941.0,Alec Gamboa,L,823501,7:15 PM ET,Yankee Stadium,0,0,0.2619047619047619,2026-08-29,823501,0.0,0,94.4,100.1,100.3,L,4,4,2,1,0,0,0,0,0,2,3,2,0,1,1,0,1,0.897,1.9144999999999999,1,1,1,1,1,1,0.21818181818181817,0.3582089552238806,0.7272727272727273,0.22388059701492538,0.24324324324324326,0.2,0.04477611940298507,0.029850746268656716,0.09090909090909091,1.5333333333333334,1.0,0.55,0.2,0.375,0.375,0.025,0.32741666666666663,0.6211833333333332,0.3333333333333333,0.17391304347826086,0.4353999999999999,0.80535,0.19642857142857142,0.375,0.2463768115942029,0.22033898305084745,0.4915254237288136,0.3333333333333333,0.7638888888888888,0.20634920634920634,0.34375,0.125,0.5272727272727272,0.18181818181818182,0.01818181818181818,,,,,0.5723522117448266,0.4110755244628048,0.5723522117448266,1.5333333333333334,,1.5,,,,,False,,0.5,,,,,False,,False
806146,George Lombard Jr.,NYY,BOS,1,6.0,1.0,687941.0,Alec Gamboa,L,823501,7:15 PM ET,Yankee Stadium,1,0,0.2619047619047619,2026-08-29,823501,0.0,0,94.4,100.1,100.3,R,3,2,0,0,0,0,1,0,0,0,0,2,0,0,0,1,1,0.3725,0.423,0,0,0,0,0,0,0.2545454545454545,0.288135593220339,0.6909090909090909,0.288135593220339,0.358974358974359,0.05454545454545454,0.0,0.01694915254237288,0.03636363636363636,1.1333333333333333,1.1333333333333333,0.3333333333333333,0.20512820512820512,0.5128205128205128,0.23076923076923078,0.02564102564102564,0.3554777777777777,0.4941722222222222,0.2,0.2857142857142857,0.3046,0.52565,0.25925925925925924,0.2777777777777778,0.23728813559322035,0.3333333333333333,0.8888888888888888,0.45454545454545453,0.7638888888888888,0.20634920634920634,0.34375,0.125,0.5272727272727272,0.18181818181818182,0.01818181818181818,,,,,0.63010878314025,0.3624549992827136,0.63010878314025,1.1333333333333333,,1.5,,,,,False,,0.5,,,,,False,,False
671218,Heliot Ramos,NYY,BOS,1,3.0,1.0,687941.0,Alec Gamboa,L,823501,7:15 PM ET,Yankee Stadium,1,0,0.2619047619047619,2026-08-29,823501,0.0,0,94.4,100.1,100.3,R,3,1,0,0,0,0,2,0,0,1,0,0,0,0,0,0,0,0.108,0.123,0,0,0,0,1,0,0.10638297872340426,0.2222222222222222,0.6382978723404256,0.3148148148148148,0.16666666666666666,0.06382978723404255,0.0,0.05555555555555555,0.06382978723404255,0.5333333333333333,1.1333333333333333,0.5666666666666667,0.2,0.5666666666666667,0.2,0.03333333333333333,0.3157797619047619,0.4991130952380953,0.2,0.375,0.3125416666666667,0.4820833333333334,0.1346153846153846,0.21153846153846154,0.2786885245901639,0.3018867924528302,0.4339622641509434,0.15789473684210525,0.7638888888888888,0.20634920634920634,0.34375,0.125,0.5272727272727272,0.18181818181818182,0.01818181818181818,,,,,0.5460541777650639,0.32739988725901553,0.5460541777650639,0.5333333333333333,,1.5,,,,,False,,0.5,,,,,False,,False
665862,Jazz Chisholm Jr.,NYY,BOS,1,5.0,1.0,687941.0,Alec Gamboa,L,823501,7:15 PM ET,Yankee Stadium,0,0,0.2619047619047619,2026-08-29,823501,0.0,0,94.4,100.1,100.3,L,3,3,0,0,0,0,0,0,0,2,0,1,0,1,0,1,0,0.357,0.394,0,0,0,0,1,1,0.3191489361702128,0.4074074074074074,0.7659574468085106,0.2,0.4,0.14893617021276595,0.01818181818181818,0.03636363636363636,0.0851063829787234,1.4666666666666666,0.7333333333333333,0.4166666666666667,0.25,0.2777777777777778,0.4166666666666667,0.05555555555555555,0.3011055555555556,0.48214444444444443,0.5625,0.1,0.38578333333333337,0.6164166666666665,0.3125,0.4583333333333333,0.19642857142857142,0.16363636363636364,0.2909090909090909,0.41379310344827586,0.7638888888888888,0.20634920634920634,0.34375,0.125,0.5272727272727272,0.18181818181818182,0.01818181818181818,,,,,0.624692860532465,0.38661226552227407,0.624692860532465,1.4666666666666666,,1.5,,,,,False,,0.5,,,,,False,,False
676609,José Caballero,NYY,BOS,1,9.0,1.0,687941.0,Alec Gamboa,L,823501,7:15 PM ET,Yankee Stadium,1,0,0.2619047619047619,2026-08-29,823501,0.0,0,94.4,100.1,100.3,R,3,3,0,0,0,0,0,0,0,0,0,3,0,0,0,1,0,0.081,0.09000000000000001,0,0,0,0,0,0,0.1794871794871795,0.2826086956521739,0.6410256410256411,0.2978723404255319,0.20833333333333334,0.15384615384615385,0.0425531914893617,0.0,0.05128205128205128,0.8666666666666667,0.9333333333333333,0.4444444444444444,0.2962962962962963,0.25925925925925924,0.2962962962962963,0.1111111111111111,0.44251515151515153,0.8932878787878789,0.16666666666666666,0.21052631578947367,0.3352333333333333,0.41899999999999993,0.21428571428571427,0.38095238095238093,0.2653061224489796,0.10416666666666667,0.16666666666666666,0.40384615384615385,0.7638888888888888,0.20634920634920634,0.34375,0.125,0.5272727272727272,0.18181818181818182,0.01818181818181818,,,,,0.5176532860524701,0.24917088593196102,0.5176532860524701,0.8666666666666667,,1.5,,,,,False,,0.5,,,,,False,,False
671277,Luis García Jr.,NYY,BOS,1,4.0,1.0,687941.0,Alec Gamboa,L,823501,7:15 PM ET,Yankee Stadium,0,0,0.2619047619047619,2026-08-29,823501,0.0,0,94.4,100.1,100.3,L,4,4,0,0,0,0,0,0,0,2,0,2,0,1,1,1,0,0.4415,1.702,0,0,0,0,1,1,0.3157894736842105,0.3548387096774194,0.7719298245614035,0.20967741935483872,0.34146341463414637,0.2807017543859649,0.06451612903225806,0.06451612903225806,0.14035087719298245,2.2666666666666666,0.8666666666666667,0.5333333333333333,0.24444444444444444,0.4222222222222222,0.28888888888888886,0.022222222222222223,0.3436547619047619,0.6277071428571429,0.47058823529411764,0.1,0.3528749999999999,0.8032666666666667,0.3157894736842105,0.5964912280701754,0.20967741935483872,0.1509433962264151,0.18867924528301888,0.21818181818181817,0.7638888888888888,0.20634920634920634,0.34375,0.125,0.5272727272727272,0.18181818181818182,0.01818181818181818,,,,,0.6389516634441906,0.37210174033135496,0.6389516634441906,2.2666666666666666,,1.5,,,,,False,,0.5,,,,,False,,False
682987,Spencer Jones,NYY,BOS,1,7.0,1.0,687941.0,Alec Gamboa,L,823501,7:15 PM ET,Yankee Stadium,0,0,0.2619047619047619,2026-08-29,823501,0.0,0,94.4,100.1,100.3,L,1,1,0,0,0,0,0,0,0,1,0,0,0,0,0,0,0,0.0805,0.151,0,0,0,0,1,0,0.2692307692307692,0.32142857142857145,0.5961538461538461,0.375,0.41379310344827586,0.21153846153846154,0.03571428571428571,0.08928571428571429,0.1346153846153846,1.6666666666666667,1.4,0.5806451612903226,0.3870967741935484,0.22580645161290322,0.3548387096774194,0.03225806451612903,0.36326666666666674,0.6912666666666667,0.23529411764705882,0.3157894736842105,0.45220000000000005,0.7485499999999999,0.2692307692307692,0.4807692307692308,0.375,0.21052631578947367,0.5263157894736842,0.35,0.7638888888888888,0.20634920634920634,0.34375,0.125,0.5272727272727272,0.18181818181818182,0.01818181818181818,,,,,0.5838362805263354,0.36393313027107754,0.5838362805263354,1.6666666666666667,,1.5,,,,,False,,0.5,,,,,False,,False
663757,Trent Grisham,NYY,BOS,1,1.0,1.0,687941.0,Alec Gamboa,L,823501,7:15 PM ET,Yankee Stadium,0,0,0.2619047619047619,2026-08-29,823501,0.0,0,94.4,100.1,100.3,L,3,2,0,0,0,0,1,0,0,1,0,1,0,0,0,1,0,0.334,0.359,0,0,0,0,1,0,0.2413793103448276,0.34328358208955223,0.7241379310344828,0.23880597014925373,0.24324324324324326,0.29310344827586204,0.07462686567164178,0.029850746268656716,0.1206896551724138,2.066666666666667,1.0666666666666667,0.5714285714285714,0.2619047619047619,0.30952380952380953,0.35714285714285715,0.023809523809523808,0.3250388888888889,0.5812666666666666,0.1,0.25,0.3096333333333333,0.5860666666666664,0.27586206896551724,0.6379310344827587,0.25757575757575757,0.24,0.4,0.19642857142857142,0.7638888888888888,0.20634920634920634,0.34375,0.125,0.5272727272727272,0.18181818181818182,0.01818181818181818,,,,,0.6204687353501629,0.42022527731027276,0.6204687353501629,2.066666666666667,,1.5,,,,,False,,0.5,,,,,False,,False
655316,Andruw Monasterio,BOS,NYY,0,6.0,1.0,608331.0,Max Fried,L,823501,7:15 PM ET,Yankee Stadium,1,0,0.1734006734006734,2026-08-29,823501,0.0,0,94.4,100.1,100.3,R,2,2,0,0,0,0,0,0,0,0,0,2,0,0,0,0,1,0.07700000000000001,0.139,0,0,0,0,0,0,0.19607843137254902,0.2711864406779661,0.9019607843137255,0.0847457627118644,0.20833333333333334,0.0392156862745098,0.0,0.03389830508474576,0.0392156862745098,0.8,0.3333333333333333,0.16666666666666666,0.1875,0.3958333333333333,0.2916666666666667,0.020833333333333332,0.2326547619047619,0.3053285714285714,0.16666666666666666,0.047619047619047616,0.2713833333333333,0.3510866666666668,0.19607843137254902,0.23529411764705882,0.0847457627118644,0.2916666666666667,0.5833333333333334,0.1896551724137931,0.6376811594202898,0.20108695652173914,0.2702702702702703,0.06486486486486487,0.5151515151515151,0.2196969696969697,0.007575757575757576,5.756345177664974,0.13705583756345177,7.538071065989847,0.21653543307086615,0.6406238847747084,0.3658823368019723,0.6406238847747084,0.8,,1.5,,,,,False,,0.5,,,,,False,,False
702332,Caleb Durbin,BOS,NYY,0,5.0,1.0,608331.0,Max Fried,L,823501,7:15 PM ET,Yankee Stadium,1,0,0.1734006734006734,2026-08-29,823501,0.0,0,94.4,100.1,100.3,R,4,2,0,0,0,0,2,0,0,0,0,2,0,2,0,2,0,0.2085,0.23249999999999998,0,0,0,0,0,0,0.3090909090909091,0.36065573770491804,0.8909090909090909,0.09836065573770492,0.32653061224489793,0.05454545454545454,0.01639344262295082,0.0,0.01818181818181818,1.3333333333333333,0.4,0.12,0.24,0.4,0.28,0.02,0.2812533333333333,0.33429444444444445,0.3125,0.058823529411764705,0.23313333333333336,0.2660833333333333,0.3333333333333333,0.4166666666666667,0.11428571428571428,0.22641509433962265,0.3584905660377358,0.11290322580645161,0.6376811594202898,0.20108695652173914,0.2702702702702703,0.06486486486486487,0.5151515151515151,0.2196969696969697,0.007575757575757576,5.756345177664974,0.13705583756345177,7.538071065989847,0.21653543307086615,0.6629735068671214,0.40803033724781695,0.6629735068671214,1.3333333333333333,,1.5,,,,,False,,0.5,,,,,False,,False
678882,Ceddanne Rafaela,BOS,NYY,0,2.0,1.0,608331.0,Max Fried,L,823501,7:15 PM ET,Yankee Stadium,1,0,0.1734006734006734,2026-08-29,823501,0.0,0,94.4,100.1,100.3,R,4,4,2,0,0,0,0,0,0,2,2,2,0,1,0,1,1,0.5914999999999999,0.6645,1,1,1,1,1,1,0.2923076923076923,0.3142857142857143,0.7846153846153846,0.2,0.34615384615384615,0.1076923076923077,0.014285714285714285,0.05714285714285714,0.07692307692307693,1.7333333333333334,0.9333333333333333,0.2641509433962264,0.1509433962264151,0.5283018867924528,0.2641509433962264,0.018867924528301886,0.3114433333333333,0.42944111111111116,0.2857142857142857,0.17391304347826086,0.3476,0.3865666666666668,0.24242424242424243,0.3484848484848485,0.19718309859154928,0.3088235294117647,0.4852941176470588,0.2318840579710145,0.6376811594202898,0.20108695652173914,0.2702702702702703,0.06486486486486487,0.5151515151515151,0.2196969696969697,0.007575757575757576,5.756345177664974,0.13705583756345177,7.538071065989847,0.21653543307086615,0.646185027719672,0.41868246802570835,0.646185027719672,1.7333333333333334,,1.5,,,,,False,,0.5,,,,,False,,False
657136,Connor Wong,BOS,NYY,0,8.0,1.0,608331.0,Max Fried,L,823501,7:15 PM ET,Yankee Stadium,1,0,0.1734006734006734,2026-08-29,823501,0.0,0,94.4,100.1,100.3,R,4,3,0,0,0,0,0,1,0,0,0,3,0,1,0,3,0,0.076,0.08733333333333333,0,0,0,0,0,0,0.20833333333333334,0.24,0.7708333333333334,0.21568627450980393,0.20588235294117646,0.25,0.058823529411764705,0.058823529411764705,0.125,1.4666666666666666,0.7333333333333333,0.3783783783783784,0.16216216216216217,0.40540540540540543,0.2972972972972973,0.02702702702702703,0.3736277777777778,0.7242999999999999,0.2777777777777778,0.2222222222222222,0.3505333333333333,0.5732999999999999,0.18,0.34,0.32075471698113206,0.3170731707317073,0.4634146341463415,0.2127659574468085,0.6376811594202898,0.20108695652173914,0.2702702702702703,0.06486486486486487,0.5151515151515151,0.2196969696969697,0.007575757575757576,5.756345177664974,0.13705583756345177,7.538071065989847,0.21653543307086615,0.5528956349105348,0.33303705719532184,0.5528956349105348,1.4666666666666666,,1.5,,,,,False,,0.5,,,,,False,,False
642201,Eli White,BOS,NYY,0,9.0,1.0,608331.0,Max Fried,L,823501,7:15 PM ET,Yankee Stadium,1,0,0.1734006734006734,2026-08-29,823501,0.0,0,94.4,100.1,100.3,R,2,2,1,0,0,0,0,0,0,0,1,2,0,0,0,1,0,0.146,0.15,1,0,1,0,0,0,0.3125,0.3333333333333333,0.75,0.24242424242424243,0.4166666666666667,0.03125,0.0,0.030303030303030304,0.03125,0.7333333333333333,0.5333333333333333,0.16666666666666666,0.16666666666666666,0.5416666666666666,0.16666666666666666,0.0,0.21655769230769234,0.2587564102564103,0.2,0.3,0.28258333333333335,0.3156666666666667,0.26666666666666666,0.3,0.22580645161290322,0.25806451612903225,0.5161290322580645,0.2857142857142857,0.6376811594202898,0.20108695652173914,0.2702702702702703,0.06486486486486487,0.5151515151515151,0.2196969696969697,0.007575757575757576,5.756345177664974,0.13705583756345177,7.538071065989847,0.21653543307086615,0.5774143231379892,0.28566012913504407,0.5774143231379892,0.7333333333333333,,1.5,,,,,False,,0.5,,,,,False,,False
663330,Jahmai Jones,BOS,NYY,0,1.0,1.0,608331.0,Max Fried,L,823501,7:15 PM ET,Yankee Stadium,1,0,0.1734006734006734,2026-08-29,823501,0.0,0,94.4,100.1,100.3,R,2,1,0,0,0,0,1,0,0,0,0,1,0,1,0,0,0,0.014,0.019,0,0,0,0,0,0,0.5238095238095238,0.6,0.7142857142857143,0.24,0.7142857142857143,0.42857142857142855,0.04,0.16,0.2857142857142857,1.3333333333333333,0.4,0.5333333333333333,0.4,0.26666666666666666,0.2,0.06666666666666667,0.4349444444444444,0.7946111111111109,0.6666666666666666,0.0,0.46625000000000005,1.1090000000000002,0.14285714285714285,0.14285714285714285,0.4827586206896552,0.4782608695652174,1.0,0.25,0.6376811594202898,0.20108695652173914,0.2702702702702703,0.06486486486486487,0.5151515151515151,0.2196969696969697,0.007575757575757576,5.756345177664974,0.13705583756345177,7.538071065989847,0.21653543307086615,0.5941188324193399,0.27544065211052543,0.5941188324193399,1.3333333333333333,,1.5,,,,,False,,0.5,,,,,False,,False
686765,Nick Sogard,BOS,NYY,0,7.0,1.0,608331.0,Max Fried,L,823501,7:15 PM ET,Yankee Stadium,0,0,0.1734006734006734,2026-08-29,823501,0.0,0,94.4,100.1,100.3,L,4,4,0,0,0,0,0,0,0,1,0,3,0,1,1,1,0,0.22799999999999998,0.5676666666666667,0,0,0,0,1,0,0.3076923076923077,0.41304347826086957,0.7435897435897436,0.2127659574468085,0.37037037037037035,0.2564102564102564,0.0425531914893617,0.0851063829787234,0.15384615384615385,1.4666666666666666,0.6666666666666666,0.36666666666666664,0.23333333333333334,0.43333333333333335,0.23333333333333334,0.06666666666666667,0.33232142857142855,0.602202380952381,0.1875,0.2222222222222222,0.25493333333333335,0.5625,0.2857142857142857,0.4642857142857143,0.17142857142857143,0.3269230769230769,0.40384615384615385,0.25862068965517243,0.6376811594202898,0.20108695652173914,0.2702702702702703,0.06486486486486487,0.5151515151515151,0.2196969696969697,0.007575757575757576,5.756345177664974,0.13705583756345177,7.538071065989847,0.21653543307086615,0.5582337534419963,0.2912084578427145,0.5582337534419963,1.4666666666666666,,1.5,,,,,False,,0.5,,,,,False,,False
575929,Willson Contreras,BOS,NYY,0,4.0,1.0,608331.0,Max Fried,L,823501,7:15 PM ET,Yankee Stadium,1,0,0.1734006734006734,2026-08-29,823501,0.0,0,94.4,100.1,100.3,R,4,4,0,0,0,0,0,0,0,2,0,2,0,0,1,0,0,0.025500000000000002,0.034,0,0,0,0,1,1,0.24074074074074073,0.36923076923076925,0.7592592592592593,0.19696969696969696,0.2631578947368421,0.2222222222222222,0.045454545454545456,0.045454545454545456,0.1111111111111111,1.6666666666666667,0.8666666666666667,0.3333333333333333,0.16666666666666666,0.42857142857142855,0.2619047619047619,0.047619047619047616,0.2824411111111111,0.5899777777777777,0.21052631578947367,0.09090909090909091,0.3344566666666665,0.6835999999999998,0.27450980392156865,0.5098039215686274,0.1875,0.3090909090909091,0.5818181818181818,0.19117647058823528,0.6376811594202898,0.20108695652173914,0.2702702702702703,0.06486486486486487,0.5151515151515151,0.2196969696969697,0.007575757575757576,5.756345177664974,0.13705583756345177,7.538071065989847,0.21653543307086615,0.6009429184722812,0.39112182182380223,0.6009429184722812,1.6666666666666667,,1.5,,,,,False,,0.5,,,,,False,,False
677800,Wilyer Abreu,BOS,NYY,0,3.0,1.0,608331.0,Max Fried,L,823501,7:15 PM ET,Yankee Stadium,0,0,0.1734006734006734,2026-08-29,823501,0.0,0,94.4,100.1,100.3,L,4,3,2,2,0,0,0,0,0,0,4,3,0,1,1,0,2,0.482,0.6103333333333333,1,1,1,1,0,0,0.2413793103448276,0.35294117647058826,0.7586206896551724,0.20588235294117646,0.2857142857142857,0.22413793103448276,0.029411764705882353,0.07352941176470588,0.13793103448275862,1.8,0.9333333333333333,0.5454545454545454,0.20454545454545456,0.4772727272727273,0.25,0.022727272727272728,0.29854444444444445,0.5809666666666667,0.047619047619047616,0.43478260869565216,0.25270000000000004,0.5572000000000001,0.25,0.48214285714285715,0.17647058823529413,0.18518518518518517,0.3888888888888889,0.18181818181818182,0.6376811594202898,0.20108695652173914,0.2702702702702703,0.06486486486486487,0.5151515151515151,0.2196969696969697,0.007575757575757576,5.756345177664974,0.13705583756345177,7.538071065989847,0.21653543307086615,0.6604695297841933,0.4389520865056,0.6604695297841933,1.8,,1.5,,,,,False,,0.5,,,,,False,,False
672386,Alejandro Kirk,TOR,SEA,1,2.0,1.0,807739.0,Kade Anderson,L,822770,3:07 PM ET,Rogers Centre,1,0,0.17437722419928825,2026-08-29,822770,0.0,1,101.0,102.3,107.9,R,4,4,1,0,0,0,0,0,0,0,1,4,0,2,0,1,3,0.39049999999999996,0.6112500000000001,1,0,1,0,0,0,0.33962264150943394,0.4444444444444444,0.9245283018867925,0.06349206349206349,0.32608695652173914,0.20754716981132076,0.047619047619047616,0.031746031746031744,0.09433962264150944,1.9333333333333333,0.26666666666666666,0.4489795918367347,0.30612244897959184,0.4897959183673469,0.16326530612244897,0.0,0.3169154761904762,0.4413416666666667,0.1875,0.10526315789473684,0.32175,0.42319999999999985,0.34545454545454546,0.6545454545454545,0.06153846153846154,0.3404255319148936,0.3404255319148936,0.12962962962962962,,,,,,,,,,,,0.6888008747743658,0.42250778974604897,0.6888008747743658,1.9333333333333333,,1.5,,,,,False,,0.5,,,,,False,,False
703520,Brett Bateman,TOR,SEA,1,1.0,1.0,807739.0,Kade Anderson,L,822770,3:07 PM ET,Rogers Centre,0,0,0.17437722419928825,2026-08-29,822770,0.0,1,101.0,102.3,107.9,L,5,5,2,0,0,0,0,0,0,1,2,4,0,1,0,4,0,0.31725,0.35025,1,1,1,1,1,0,0.3181818181818182,0.3333333333333333,0.7575757575757576,0.22857142857142856,0.4117647058823529,0.06060606060606061,0.0,0.02857142857142857,0.045454545454545456,1.6666666666666667,1.0666666666666667,0.17307692307692307,0.28846153846153844,0.6346153846153846,0.057692307692307696,0.0,0.29800666666666664,0.35572444444444445,0.45,0.2608695652173913,0.28318333333333334,0.34026666666666666,0.37777777777777777,0.4666666666666667,0.18,0.25,0.3,0.25,,,,,,,,,,,,0.7082246971915627,0.36444220262114957,0.7082246971915627,1.6666666666666667,,1.5,,,,,False,,0.5,,,,,False,,False
807727,Charles McAdoo,TOR,SEA,1,6.0,1.0,807739.0,Kade Anderson,L,822770,3:07 PM ET,Rogers Centre,1,0,0.17437722419928825,2026-08-29,822770,0.0,1,101.0,102.3,107.9,R,4,4,1,0,0,0,0,0,0,0,1,4,0,2,1,3,0,0.28975,0.319,1,0,1,0,0,0,0.2708333333333333,0.32075471698113206,0.6875,0.2830188679245283,0.36363636363636365,0.10416666666666667,0.018867924528301886,0.03773584905660377,0.0625,1.2,1.0,0.29411764705882354,0.3235294117647059,0.3235294117647059,0.23529411764705882,0.029411764705882353,0.31239880952380955,0.4590297619047619,0.25,0.38095238095238093,0.32609999999999995,0.4100499999999999,0.2608695652173913,0.43478260869565216,0.125,0.2631578947368421,0.3684210526315789,0.35714285714285715,,,,,,,,,,,,0.6319488431329408,0.4140625564711668,0.6319488431329408,1.2,,1.5,,,,,False,,0.5,,,,,False,,False
663662,Daz Cameron,TOR,SEA,1,8.0,1.0,807739.0,Kade Anderson,L,822770,3:07 PM ET,Rogers Centre,1,0,0.17437722419928825,2026-08-29,822770,0.0,1,101.0,102.3,107.9,R,4,4,0,0,0,0,0,0,0,1,0,3,0,1,0,1,0,0.10033333333333333,0.108,0,0,0,0,1,0,0.25,0.24444444444444444,0.75,0.24444444444444444,0.28125,0.18181818181818182,0.044444444444444446,0.044444444444444446,0.09090909090909091,1.2666666666666666,0.7333333333333333,0.3235294117647059,0.3235294117647059,0.2647058823529412,0.3235294117647059,0.0,0.34167261904761903,0.5593714285714286,0.3076923076923077,0.2857142857142857,0.4785333333333333,0.7462333333333334,0.13793103448275862,0.13793103448275862,0.3225806451612903,0.23404255319148937,0.44680851063829785,0.2916666666666667,,,,,,,,,,,,0.6501381677927828,0.41542456793581234,0.6501381677927828,1.2666666666666666,,1.5,,,,,False,,0.5,,,,,False,,False
676391,Ernie Clement,TOR,SEA,1,7.0,1.0,807739.0,Kade Anderson,L,822770,3:07 PM ET,Rogers Centre,1,0,0.17437722419928825,2026-08-29,822770,0.0,1,101.0,102.3,107.9,R,4,4,0,0,0,0,0,0,0,1,0,3,0,0,0,2,1,0.17833333333333334,0.19933333333333333,0,0,0,0,1,0,0.2549019607843137,0.2909090909090909,0.9215686274509803,0.07272727272727272,0.2708333333333333,0.0196078431372549,0.0,0.01818181818181818,0.0196078431372549,0.9333333333333333,0.26666666666666666,0.125,0.25,0.4583333333333333,0.16666666666666666,0.0,0.2839911111111111,0.3345622222222222,0.2,0.1,0.23066666666666663,0.28268666666666664,0.22413793103448276,0.27586206896551724,0.18333333333333332,0.24074074074074073,0.35185185185185186,0.05172413793103448,,,,,,,,,,,,0.6361705379869843,0.40777874922201945,0.6361705379869843,0.9333333333333333,,1.5,,,,,False,,0.5,,,,,False,,False
543807,George Springer,TOR,SEA,1,4.0,1.0,807739.0,Kade Anderson,L,822770,3:07 PM ET,Rogers Centre,1,0,0.17437722419928825,2026-08-29,822770,0.0,1,101.0,102.3,107.9,R,4,4,4,1,0,1,0,0,0,0,8,4,1,1,1,2,1,0.3045,0.7689999999999999,1,1,1,1,0,0,0.30434782608695654,0.34,0.8043478260869565,0.18,0.35135135135135137,0.10869565217391304,0.02,0.04,0.06521739130434782,1.2666666666666666,0.6,0.2631578947368421,0.2894736842105263,0.4473684210526316,0.15789473684210525,0.02631578947368421,0.30509871794871796,0.3931371794871795,0.4117647058823529,0.05555555555555555,0.3165066666666667,0.47475666666666677,0.2909090909090909,0.41818181818181815,0.1935483870967742,0.24489795918367346,0.3469387755102041,0.11320754716981132,,,,,,,,,,,,0.6240853440388526,0.4264259539468744,0.6240853440388526,1.2666666666666666,,1.5,,,,,False,,0.5,,,,,False,,False
672960,Kazuma Okamoto,TOR,SEA,1,5.0,1.0,807739.0,Kade Anderson,L,822770,3:07 PM ET,Rogers Centre,1,0,0.17437722419928825,2026-08-29,822770,0.0,1,101.0,102.3,107.9,R,4,3,2,0,0,1,0,0,1,0,5,4,1,2,3,1,0,0.31633333333333336,1.072,1,1,1,1,0,0,0.2545454545454545,0.32786885245901637,0.7818181818181819,0.19672131147540983,0.2926829268292683,0.21818181818181817,0.03278688524590164,0.09836065573770492,0.14545454545454545,1.7333333333333334,0.8,0.3488372093023256,0.3023255813953488,0.20930232558139536,0.32558139534883723,0.06976744186046512,0.3436444444444444,0.6490388888888887,0.17647058823529413,0.2,0.1915666666666666,0.4823833333333334,0.2033898305084746,0.3559322033898305,0.3064516129032258,0.21818181818181817,0.4,0.25806451612903225,,,,,,,,,,,,0.6489166745890813,0.44134337891589004,0.6489166745890813,1.7333333333333334,,1.5,,,,,False,,0.5,,,,,False,,False
664702,Myles Straw,TOR,SEA,1,9.0,1.0,807739.0,Kade Anderson,L,822770,3:07 PM ET,Rogers Centre,1,0,0.17437722419928825,2026-08-29,822770,0.0,1,101.0,102.3,107.9,R,1,1,1,0,0,0,0,0,0,0,1,1,0,0,0,1,0,0.465,0.515,1,0,1,0,0,0,0.21951219512195122,0.28888888888888886,0.8048780487804879,0.17777777777777778,0.2727272727272727,0.14634146341463414,0.0,0.13333333333333333,0.14634146341463414,1.0,0.5333333333333333,0.2727272727272727,0.2727272727272727,0.36363636363636365,0.18181818181818182,0.030303030303030304,0.22644444444444448,0.3329111111111111,0.26666666666666666,0.11764705882352941,0.2838333333333333,0.5233000000000001,0.16216216216216217,0.2972972972972973,0.14634146341463414,0.2391304347826087,0.391304347826087,0.14285714285714285,,,,,,,,,,,,0.38503020087435796,0.22421286351550407,0.38503020087435796,1.0,,1.5,,,,,False,,0.5,,,,,False,,False
665489,Vladimir Guerrero Jr.,TOR,SEA,1,3.0,1.0,807739.0,Kade Anderson,L,822770,3:07 PM ET,Rogers Centre,1,0,0.17437722419928825,2026-08-29,822770,0.0,1,101.0,102.3,107.9,R,4,4,1,1,0,0,0,0,0,0,2,4,0,2,1,2,1,0.3335,0.50875,1,0,1,1,0,0,0.21666666666666667,0.25396825396825395,0.85,0.14285714285714285,0.24,0.08333333333333333,0.015873015873015872,0.031746031746031744,0.05,1.2,0.6,0.35294117647058826,0.21568627450980393,0.47058823529411764,0.21568627450980393,0.0,0.2813088888888889,0.37561,0.2,0.047619047619047616,0.31121999999999994,0.3908500000000002,0.24561403508771928,0.3508771929824561,0.08333333333333333,0.24193548387096775,0.27419354838709675,0.203125,,,,,,,,,,,,0.681269293241241,0.41862946459465117,0.681269293241241,1.2,,1.5,,,,,False,,0.5,,,,,False,,False
801126,Brock Rodden,SEA,TOR,0,9.0,1.0,667755.0,José Soriano,R,822770,3:07 PM ET,Rogers Centre,0,1,0.2508650519031142,2026-08-29,822770,0.0,1,101.0,102.3,107.9,L,3,3,0,0,0,0,0,0,0,0,0,3,0,1,1,1,0,0.11399999999999999,0.20000000000000004,0,0,0,0,0,0,0.1875,0.2894736842105263,0.5625,0.3684210526315789,0.3157894736842105,0.125,0.0,0.05263157894736842,0.09375,0.6666666666666666,0.9333333333333333,0.42105263157894735,0.15789473684210525,0.42105263157894735,0.42105263157894735,0.0,0.2206969696969697,0.37966666666666665,0.0,0.2857142857142857,0.12456666666666667,0.1864,0.24242424242424243,0.45454545454545453,0.34146341463414637,0.25,0.25,0.21428571428571427,0.6972477064220184,0.23684210526315788,0.3556701030927835,0.10309278350515463,0.5131578947368421,0.17105263157894737,0.013157894736842105,8.361290322580645,1.2193548387096775,9.406451612903226,0.23376623376623376,0.3896631077665842,0.1771432742521913,0.3896631077665842,0.6666666666666666,,1.5,,,,,False,,0.5,,,,,False,,False
663728,Cal Raleigh,SEA,TOR,0,5.0,1.0,667755.0,José Soriano,R,822770,3:07 PM ET,Rogers Centre,1,1,0.2508650519031142,2026-08-29,822770,0.0,1,101.0,102.3,107.9,R,1,0,0,0,0,0,1,0,0,0,0,0,0,0,0,0,0,0.389,1.513,0,0,0,0,0,0,0.25925925925925924,0.42857142857142855,0.6296296296296297,0.2857142857142857,0.16666666666666666,0.5555555555555556,0.14285714285714285,0.0,0.18518518518518517,1.4666666666666666,0.6666666666666666,0.6470588235294118,0.11764705882352941,0.35294117647058826,0.4117647058823529,0.11764705882352941,0.33749999999999997,0.9246818181818182,0.3333333333333333,0.4666666666666667,0.6496666666666667,2.4031111111111105,0.20833333333333334,0.6041666666666666,0.25,0.15217391304347827,0.2826086956521739,0.3090909090909091,0.6972477064220184,0.23684210526315788,0.3556701030927835,0.10309278350515463,0.5131578947368421,0.17105263157894737,0.013157894736842105,8.361290322580645,1.2193548387096775,9.406451612903226,0.23376623376623376,0.517957019167456,0.18682374592532933,0.517957019167456,1.4666666666666666,,1.5,,,,,False,,0.5,,,,,False,,False
702284,Cole Young,SEA,TOR,0,6.0,1.0,667755.0,José Soriano,R,822770,3:07 PM ET,Rogers Centre,0,1,0.2508650519031142,2026-08-29,822770,0.0,1,101.0,102.3,107.9,L,4,4,1,1,0,0,0,0,0,1,2,3,0,1,0,1,1,0.262,0.4373333333333333,1,0,1,1,1,0,0.14035087719298245,0.19672131147540983,0.7894736842105263,0.19672131147540983,0.13953488372093023,0.10526315789473684,0.03278688524590164,0.0,0.03508771929824561,0.9333333333333333,0.8,0.3333333333333333,0.1111111111111111,0.5111111111111111,0.24444444444444444,0.0,0.22447555555555557,0.2851855555555555,0.10526315789473684,0.15,0.2195666666666667,0.2925833333333333,0.23728813559322035,0.423728813559322,0.15873015873015872,0.25,0.32142857142857145,0.12903225806451613,0.6972477064220184,0.23684210526315788,0.3556701030927835,0.10309278350515463,0.5131578947368421,0.17105263157894737,0.013157894736842105,8.361290322580645,1.2193548387096775,9.406451612903226,0.23376623376623376,0.5541419852179362,0.31632772968734474,0.5541419852179362,0.9333333333333333,,1.5,,,,,False,,0.5,,,,,False,,False
686527,Dominic Canzone,SEA,TOR,0,2.0,1.0,667755.0,José Soriano,R,822770,3:07 PM ET,Rogers Centre,0,1,0.2508650519031142,2026-08-29,822770,0.0,1,101.0,102.3,107.9,L,5,4,2,0,0,1,0,0,0,1,5,3,0,1,2,1,0,0.48733333333333334,1.4373333333333334,1,1,1,1,1,0,0.3,0.373134328358209,0.7166666666666667,0.2537313432835821,0.40476190476190477,0.11666666666666667,0.014925373134328358,0.05970149253731343,0.08333333333333333,1.6666666666666667,1.1333333333333333,0.3488372093023256,0.27906976744186046,0.4186046511627907,0.20930232558139536,0.0,0.3842555555555556,0.53262,0.15789473684210525,0.2857142857142857,0.3696666666666667,0.5464666666666668,0.26229508196721313,0.3770491803278688,0.23529411764705882,0.21818181818181817,0.43636363636363634,0.25396825396825395,0.6972477064220184,0.23684210526315788,0.3556701030927835,0.10309278350515463,0.5131578947368421,0.17105263157894737,0.013157894736842105,8.361290322580645,1.2193548387096775,9.406451612903226,0.23376623376623376,0.6561206662625523,0.3881453815841584,0.6561206662625523,1.6666666666666667,,1.5,,,,,False,,0.5,,,,,False,,False
641487,J.P. Crawford,SEA,TOR,0,8.0,1.0,667755.0,José Soriano,R,822770,3:07 PM ET,Rogers Centre,0,1,0.2508650519031142,2026-08-29,822770,0.0,1,101.0,102.3,107.9,L,4,4,0,0,0,0,0,0,0,3,0,1,0,0,1,0,0,0.054,0.068,0,0,0,0,1,1,0.21153846153846154,0.3225806451612903,0.75,0.20967741935483872,0.275,0.07692307692307693,0.0,0.06451612903225806,0.07692307692307693,1.0,0.8666666666666667,0.3,0.225,0.525,0.1,0.0,0.3177222222222222,0.3856888888888889,0.0625,0.2777777777777778,0.15130000000000005,0.19413333333333352,0.16981132075471697,0.24528301886792453,0.27419354838709675,0.21568627450980393,0.2549019607843137,0.1774193548387097,0.6972477064220184,0.23684210526315788,0.3556701030927835,0.10309278350515463,0.5131578947368421,0.17105263157894737,0.013157894736842105,8.361290322580645,1.2193548387096775,9.406451612903226,0.23376623376623376,0.5726646247061438,0.2984252534498637,0.5726646247061438,1.0,,1.5,,,,,False,,0.5,,,,,False,,False
647304,Josh Naylor,SEA,TOR,0,4.0,1.0,667755.0,José Soriano,R,822770,3:07 PM ET,Rogers Centre,0,1,0.2508650519031142,2026-08-29,822770,0.0,1,101.0,102.3,107.9,L,4,4,0,0,0,0,0,0,0,1,0,3,0,0,0,3,0,0.149,0.15133333333333335,0,0,0,0,1,0,0.36666666666666664,0.4,0.8666666666666667,0.12307692307692308,0.39215686274509803,0.13333333333333333,0.03076923076923077,0.03076923076923077,0.06666666666666667,2.0,0.5333333333333333,0.41509433962264153,0.2830188679245283,0.5094339622641509,0.1320754716981132,0.018867924528301886,0.34586555555555554,0.48134666666666664,0.35,0.14285714285714285,0.2419000000000001,0.3153499999999999,0.3448275862068966,0.39655172413793105,0.15151515151515152,0.25862068965517243,0.41379310344827586,0.14754098360655737,0.6972477064220184,0.23684210526315788,0.3556701030927835,0.10309278350515463,0.5131578947368421,0.17105263157894737,0.013157894736842105,8.361290322580645,1.2193548387096775,9.406451612903226,0.23376623376623376,0.669038806050423,0.38856981386379746,0.669038806050423,2.0,,1.5,,,,,False,,0.5,,,,,False,,False
677594,Julio Rodríguez,SEA,TOR,0,3.0,1.0,667755.0,José Soriano,R,822770,3:07 PM ET,Rogers Centre,1,1,0.2508650519031142,2026-08-29,822770,0.0,1,101.0,102.3,107.9,R,4,4,1,0,0,0,0,0,0,0,1,4,0,2,1,1,2,0.32125,0.525,1,0,1,0,0,0,0.1746031746031746,0.22058823529411764,0.6349206349206349,0.3382352941176471,0.23076923076923078,0.12698412698412698,0.029411764705882353,0.029411764705882353,0.06349206349206349,1.2666666666666666,1.5333333333333334,0.43902439024390244,0.1951219512195122,0.43902439024390244,0.2926829268292683,0.07317073170731707,0.3216844444444445,0.5559455555555555,0.14285714285714285,0.47619047619047616,0.2703666666666667,0.5152333333333335,0.3,0.5333333333333333,0.23529411764705882,0.1694915254237288,0.22033898305084745,0.28125,0.6972477064220184,0.23684210526315788,0.3556701030927835,0.10309278350515463,0.5131578947368421,0.17105263157894737,0.013157894736842105,8.361290322580645,1.2193548387096775,9.406451612903226,0.23376623376623376,0.6316553611575577,0.34218994684792126,0.6316553611575577,1.2666666666666666,,1.5,,,,,False,,0.5,,,,,False,,False
668227,Randy Arozarena,SEA,TOR,0,1.0,1.0,667755.0,José Soriano,R,822770,3:07 PM ET,Rogers Centre,1,1,0.2508650519031142,2026-08-29,822770,0.0,1,101.0,102.3,107.9,R,4,2,1,0,0,0,2,0,0,0,1,2,0,0,0,0,1,0.3675,0.413,1,0,1,0,0,0,0.2413793103448276,0.37142857142857144,0.7068965517241379,0.24285714285714285,0.22857142857142856,0.3448275862068966,0.08571428571428572,0.02857142857142857,0.13793103448275862,2.2666666666666666,1.1333333333333333,0.3902439024390244,0.14634146341463414,0.43902439024390244,0.3170731707317073,0.04878048780487805,0.3007733333333334,0.49776888888888887,0.29411764705882354,0.17391304347826086,0.24506666666666668,0.5399499999999999,0.1896551724137931,0.39655172413793105,0.2318840579710145,0.24561403508771928,0.49122807017543857,0.18461538461538463,0.6972477064220184,0.23684210526315788,0.3556701030927835,0.10309278350515463,0.5131578947368421,0.17105263157894737,0.013157894736842105,8.361290322580645,1.2193548387096775,9.406451612903226,0.23376623376623376,0.6094494061144083,0.320613679201553,0.6094494061144083,2.2666666666666666,,1.5,,,,,False,,0.5,,,,,False,,False
621493,Taylor Ward,SEA,TOR,0,7.0,1.0,667755.0,José Soriano,R,822770,3:07 PM ET,Rogers Centre,1,1,0.2508650519031142,2026-08-29,822770,0.0,1,101.0,102.3,107.9,R,4,3,0,0,0,0,1,0,0,1,0,2,0,1,1,0,1,0.094,0.1805,0,0,0,0,1,0,0.11320754716981132,0.21666666666666667,0.7169811320754716,0.25,0.15789473684210525,0.03773584905660377,0.0,0.0,0.018867924528301886,0.5333333333333333,1.0,0.2894736842105263,0.13157894736842105,0.5263157894736842,0.3157894736842105,0.05263157894736842,0.26291785714285715,0.3756392857142857,0.0,0.25,0.2481,0.37219999999999953,0.16,0.16,0.1935483870967742,0.16981132075471697,0.2830188679245283,0.25,0.6972477064220184,0.23684210526315788,0.3556701030927835,0.10309278350515463,0.5131578947368421,0.17105263157894737,0.013157894736842105,8.361290322580645,1.2193548387096775,9.406451612903226,0.23376623376623376,0.5806139373596554,0.2903179202848598,0.5806139373596554,0.5333333333333333,,1.5,,,,,False,,0.5,,,,,False,,False
805811,Bryce Eldridge,SF,AZ,1,3.0,1.0,518876.0,Merrill Kelly,R,823177,4:05 PM ET,Oracle Park,0,1,0.23636363636363636,2026-08-29,823177,,0,100.6,96.8,86.1,L,5,5,2,1,0,1,0,0,0,2,6,3,0,3,2,0,1,0.615,1.8726666666666667,1,1,1,1,1,1,0.25,0.3333333333333333,0.6964285714285714,0.2698412698412698,0.3055555555555556,0.19642857142857142,0.047619047619047616,0.031746031746031744,0.08928571428571429,1.6666666666666667,1.1333333333333333,0.48717948717948717,0.3076923076923077,0.358974358974359,0.3333333333333333,0.02564102564102564,0.37673333333333336,0.6289777777777779,0.3333333333333333,0.23809523809523808,0.47463333333333335,0.5850333333333333,0.2037037037037037,0.35185185185185186,0.25396825396825395,0.2807017543859649,0.47368421052631576,0.2903225806451613,0.7025862068965517,0.2328042328042328,0.47,0.195,0.4601226993865031,0.2392638036809816,0.05521472392638037,10.087912087912088,1.9285714285714288,4.895604395604396,0.12547528517110265,0.6443323941668586,0.35883695745563743,0.6443323941668586,1.6666666666666667,,1.5,,,,,False,,0.5,,,,,False,,False
683766,Christian Koss,SF,AZ,1,9.0,1.0,518876.0,Merrill Kelly,R,823177,4:05 PM ET,Oracle Park,1,1,0.23636363636363636,2026-08-29,823177,,0,100.6,96.8,86.1,R,3,3,1,0,0,1,0,0,0,1,4,2,0,1,1,1,0,0.2135,0.7160000000000001,1,0,1,1,1,0,0.2653061224489796,0.32075471698113206,0.6530612244897959,0.3090909090909091,0.40625,0.08163265306122448,0.0,0.07272727272727272,0.08163265306122448,1.1333333333333333,1.1333333333333333,0.38235294117647056,0.17647058823529413,0.6764705882352942,0.08823529411764706,0.0,0.3246785714285714,0.5128333333333333,0.2857142857142857,0.2777777777777778,0.255,0.30741666666666667,0.2549019607843137,0.29411764705882354,0.30357142857142855,0.1794871794871795,0.23076923076923078,0.3,0.7025862068965517,0.2328042328042328,0.47,0.195,0.4601226993865031,0.2392638036809816,0.05521472392638037,10.087912087912088,1.9285714285714288,4.895604395604396,0.12547528517110265,0.37644824869323584,0.17315999160648823,0.37644824869323584,1.1333333333333333,,1.5,,,,,False,,0.5,,,,,False,,False
701852,Drew Cavanaugh,SF,AZ,1,6.0,1.0,518876.0,Merrill Kelly,R,823177,4:05 PM ET,Oracle Park,0,1,0.23636363636363636,2026-08-29,823177,,0,100.6,96.8,86.1,L,2,1,0,0,0,0,1,0,0,1,0,0,0,0,0,0,0,0.7549999999999999,1.8883333333333334,0,0,0,0,1,0,0.25,0.3125,0.6818181818181818,0.2916666666666667,0.36666666666666664,0.022727272727272728,0.0,0.020833333333333332,0.022727272727272728,0.8,0.9333333333333333,0.5,0.4,0.26666666666666666,0.26666666666666666,0.03333333333333333,0.3774152777777778,0.6081916666666667,0.26666666666666666,0.375,0.42233333333333334,0.804625,0.24390243902439024,0.24390243902439024,0.24444444444444444,,,,0.7025862068965517,0.2328042328042328,0.47,0.195,0.4601226993865031,0.2392638036809816,0.05521472392638037,10.087912087912088,1.9285714285714288,4.895604395604396,0.12547528517110265,0.6139389598252404,0.3748841712441114,0.6139389598252404,0.8,,1.5,,,,,False,,0.5,,,,,False,,False
687551,Drew Gilbert,SF,AZ,1,1.0,1.0,518876.0,Merrill Kelly,R,823177,4:05 PM ET,Oracle Park,0,1,0.23636363636363636,2026-08-29,823177,,0,100.6,96.8,86.1,L,3,1,0,0,0,0,1,1,0,1,0,0,0,0,0,0,0,0.35600000000000004,1.0646666666666669,0,0,0,0,1,0,0.2826086956521739,0.33962264150943394,0.6739130434782609,0.2830188679245283,0.3103448275862069,0.32608695652173914,0.07547169811320754,0.05660377358490566,0.15217391304347827,1.8666666666666667,1.0,0.5151515151515151,0.30303030303030304,0.36363636363636365,0.2727272727272727,0.12121212121212122,0.46954999999999997,1.0521525641025642,0.35714285714285715,0.0625,0.5104500000000001,1.275683333333333,0.32608695652173914,0.6956521739130435,0.21153846153846154,0.1111111111111111,0.1111111111111111,0.3,0.7025862068965517,0.2328042328042328,0.47,0.195,0.4601226993865031,0.2392638036809816,0.05521472392638037,10.087912087912088,1.9285714285714288,4.895604395604396,0.12547528517110265,0.5694978438051662,0.2697487614238571,0.5694978438051662,1.8666666666666667,,1.5,,,,,False,,0.5,,,,,False,,False
808982,Jung Hoo Lee,SF,AZ,1,4.0,1.0,518876.0,Merrill Kelly,R,823177,4:05 PM ET,Oracle Park,0,1,0.23636363636363636,2026-08-29,823177,,0,100.6,96.8,86.1,L,4,3,1,0,0,0,1,0,0,0,1,3,0,2,0,2,1,0.403,0.4523333333333333,1,0,1,0,0,0,0.19642857142857142,0.25,0.8928571428571429,0.1,0.20408163265306123,0.07142857142857142,0.016666666666666666,0.016666666666666666,0.03571428571428571,1.0,0.4,0.36,0.16,0.4,0.34,0.02,0.28913809523809525,0.43061309523809527,0.2,0.058823529411764705,0.3555,0.5354166666666667,0.2542372881355932,0.423728813559322,0.109375,0.21311475409836064,0.3442622950819672,0.09375,0.7025862068965517,0.2328042328042328,0.47,0.195,0.4601226993865031,0.2392638036809816,0.05521472392638037,10.087912087912088,1.9285714285714288,4.895604395604396,0.12547528517110265,0.6474138168587578,0.3748841712441114,0.6474138168587578,1.0,,1.5,,,,,False,,0.5,,,,,False,,False
801501,Nate Furman,SF,AZ,1,8.0,1.0,518876.0,Merrill Kelly,R,823177,4:05 PM ET,Oracle Park,0,1,0.23636363636363636,2026-08-29,823177,,0,100.6,96.8,86.1,L,1,1,0,0,0,0,0,0,0,0,0,1,0,0,1,0,0,0.043,0.088,0,0,0,0,0,0,0.07142857142857142,0.1875,0.6428571428571429,0.29411764705882354,0.1111111111111111,0.0,0.0,0.0,0.0,0.1111111111111111,0.5555555555555556,0.3,0.1,0.8,0.1,0.0,0.24923333333333336,0.28576666666666667,0.125,0.4444444444444444,0.30383333333333334,0.3405,0.07142857142857142,0.07142857142857142,0.29411764705882354,,,,0.7025862068965517,0.2328042328042328,0.47,0.195,0.4601226993865031,0.2392638036809816,0.05521472392638037,10.087912087912088,1.9285714285714288,4.895604395604396,0.12547528517110265,0.4231861500557623,0.19428084934706433,0.4231861500557623,0.1111111111111111,,1.5,,,,,False,,0.5,,,,,False,,False
646240,Rafael Devers,SF,AZ,1,2.0,1.0,518876.0,Merrill Kelly,R,823177,4:05 PM ET,Oracle Park,0,1,0.23636363636363636,2026-08-29,823177,,0,100.6,96.8,86.1,L,5,4,1,0,0,0,0,1,0,2,1,2,0,1,0,2,0,0.338,0.3755,1,0,1,0,1,1,0.2545454545454545,0.36923076923076925,0.8,0.16923076923076924,0.23076923076923078,0.34545454545454546,0.07692307692307693,0.06153846153846154,0.16363636363636364,2.2,0.7333333333333333,0.45454545454545453,0.11363636363636363,0.3409090909090909,0.45454545454545453,0.022727272727272728,0.25427777777777777,0.5763900000000001,0.3888888888888889,0.14285714285714285,0.3066000000000001,0.7716999999999998,0.25925925925925924,0.5740740740740741,0.15873015873015872,0.20754716981132076,0.3584905660377358,0.21875,0.7025862068965517,0.2328042328042328,0.47,0.195,0.4601226993865031,0.2392638036809816,0.05521472392638037,10.087912087912088,1.9285714285714288,4.895604395604396,0.12547528517110265,0.6489166745890813,0.4075651381648822,0.6489166745890813,2.2,,1.5,,,,,False,,0.5,,,,,False,,False
694376,Shay Whitcomb,SF,AZ,1,7.0,1.0,518876.0,Merrill Kelly,R,823177,4:05 PM ET,Oracle Park,1,1,0.23636363636363636,2026-08-29,823177,,0,100.6,96.8,86.1,R,4,4,0,0,0,0,0,0,0,1,0,3,0,1,0,3,0,0.19666666666666668,0.21233333333333335,0,0,0,0,1,0,0.13333333333333333,0.13333333333333333,0.6333333333333333,0.3548387096774194,0.11764705882352941,0.23333333333333334,0.06451612903225806,0.03225806451612903,0.1,0.7333333333333333,0.7333333333333333,0.4,0.25,0.3,0.35,0.1,0.26690277777777777,0.5418333333333334,0.16666666666666666,0.3157894736842105,0.3285666666666666,0.8786000000000002,0.14285714285714285,0.39285714285714285,0.4482758620689655,0.11538461538461539,0.23076923076923078,0.2857142857142857,0.7025862068965517,0.2328042328042328,0.47,0.195,0.4601226993865031,0.2392638036809816,0.05521472392638037,10.087912087912088,1.9285714285714288,4.895604395604396,0.12547528517110265,0.5266788517948079,0.2488373890324093,0.5266788517948079,0.7333333333333333,,1.5,,,,,False,,0.5,,,,,False,,False
806367,Turner Hill,SF,AZ,1,5.0,1.0,518876.0,Merrill Kelly,R,823177,4:05 PM ET,Oracle Park,0,1,0.23636363636363636,2026-08-29,823177,,0,100.6,96.8,86.1,L,4,2,0,0,0,0,1,0,1,0,0,3,0,2,0,1,2,0.4375,0.514,0,0,0,0,0,0,0.2962962962962963,0.375,0.8148148148148148,0.15625,0.34782608695652173,0.14814814814814814,0.0,0.125,0.14814814814814814,1.0909090909090908,0.45454545454545453,0.34782608695652173,0.17391304347826086,0.391304347826087,0.391304347826087,0.0,0.3143888888888889,0.4868425925925926,0.35714285714285715,0.058823529411764705,0.26275,0.5042708333333333,0.3181818181818182,0.5,0.18518518518518517,,,,0.7025862068965517,0.2328042328042328,0.47,0.195,0.4601226993865031,0.2392638036809816,0.05521472392638037,10.087912087912088,1.9285714285714288,4.895604395604396,0.12547528517110265,0.5733743530241331,0.3078662250895452,0.5733743530241331,1.0909090909090908,,1.5,,,,,False,,0.5,,,,,False,,False
682998,Corbin Carroll,AZ,SF,0,2.0,1.0,683363.0,Matt Wilkinson,L,823177,4:05 PM ET,Oracle Park,0,0,0.17907801418439717,2026-08-29,823177,,0,100.6,96.8,86.1,L,5,3,1,0,0,1,1,0,1,1,4,3,0,1,2,1,0,0.5489999999999999,1.4485,1,0,1,1,1,0,0.3018867924528302,0.40625,0.7924528301886793,0.171875,0.34146341463414637,0.3018867924528302,0.03125,0.0625,0.16981132075471697,2.1333333333333333,0.7333333333333333,0.4883720930232558,0.27906976744186046,0.3023255813953488,0.27906976744186046,0.023255813953488372,0.3480077777777778,0.6279533333333335,0.17647058823529413,0.3684210526315789,0.42479999999999996,0.861266666666667,0.2545454545454545,0.5272727272727272,0.1111111111111111,0.3103448275862069,0.5862068965517241,0.2,,,,,,,,,,,,0.662231296565502,0.4001893723412299,0.662231296565502,2.1333333333333333,,1.5,,,,,False,,0.5,,,,,False,,False
672515,Gabriel Moreno,AZ,SF,0,3.0,1.0,683363.0,Matt Wilkinson,L,823177,4:05 PM ET,Oracle Park,1,0,0.17907801418439717,2026-08-29,823177,,0,100.6,96.8,86.1,R,5,5,0,0,0,0,0,0,0,2,0,3,0,0,1,2,0,0.152,0.17600000000000002,0,0,0,0,1,1,0.3103448275862069,0.3880597014925373,0.8275862068965517,0.14925373134328357,0.32608695652173914,0.3103448275862069,0.04477611940298507,0.1044776119402985,0.1896551724137931,2.4,0.6666666666666666,0.4897959183673469,0.2857142857142857,0.3877551020408163,0.2653061224489796,0.04081632653061224,0.3213066666666667,0.5962622222222222,0.1875,0.047619047619047616,0.18410000000000004,0.40085,0.3275862068965517,0.5862068965517241,0.13636363636363635,0.27586206896551724,0.4482758620689655,0.16923076923076924,,,,,,,,,,,,0.600827439587489,0.3778240239977502,0.600827439587489,2.4,,1.5,,,,,False,,0.5,,,,,False,,False
672695,Geraldo Perdomo,AZ,SF,0,4.0,1.0,683363.0,Matt Wilkinson,L,823177,4:05 PM ET,Oracle Park,0,0,0.17907801418439717,2026-08-29,823177,,0,100.6,96.8,86.1,L,5,4,1,0,0,0,1,0,0,0,1,4,0,1,1,1,2,0.3675,0.404,1,0,1,0,0,0,0.35294117647058826,0.425,0.8529411764705882,0.12195121951219512,0.4,0.058823529411764705,0.0,0.04878048780487805,0.058823529411764705,0.9333333333333333,0.3333333333333333,0.3548387096774194,0.41935483870967744,0.3870967741935484,0.1935483870967742,0.0,0.45350641025641025,0.5565576923076924,0.7,0.08333333333333333,0.6249,0.7458,0.25862068965517243,0.3448275862068966,0.203125,0.3333333333333333,0.48333333333333334,0.11428571428571428,,,,,,,,,,,,0.5372180075856972,0.3345902113076517,0.5372180075856972,0.9333333333333333,,1.5,,,,,False,,0.5,,,,,False,,False
545121,Ildemaro Vargas,AZ,SF,0,1.0,1.0,683363.0,Matt Wilkinson,L,823177,4:05 PM ET,Oracle Park,0,0,0.17907801418439717,2026-08-29,823177,,0,100.6,96.8,86.1,L,4,4,1,0,0,0,0,0,0,0,1,4,0,0,2,1,1,0.213,0.2285,1,0,1,0,0,0,0.13513513513513514,0.15384615384615385,0.8378378378378378,0.15,0.15625,0.08108108108108109,0.0,0.025,0.05405405405405406,0.5333333333333333,0.4,0.34375,0.1875,0.40625,0.3125,0.0,0.2500952380952381,0.29188095238095235,0.06666666666666667,0.26666666666666666,0.13573333333333332,0.16123333333333326,0.17073170731707318,0.34146341463414637,0.13636363636363635,0.2641509433962264,0.41509433962264153,0.10526315789473684,,,,,,,,,,,,0.41415279060889604,0.237376009136799,0.41415279060889604,0.5333333333333333,,1.5,,,,,False,,0.5,,,,,False,,False
691783,Jordan Lawlar,AZ,SF,0,8.0,1.0,683363.0,Matt Wilkinson,L,823177,4:05 PM ET,Oracle Park,1,0,0.17907801418439717,2026-08-29,823177,,0,100.6,96.8,86.1,R,4,4,0,0,0,0,0,0,0,1,0,3,0,0,1,1,1,0.2826666666666667,0.318,0,0,0,0,1,0,0.2826086956521739,0.36538461538461536,0.6956521739130435,0.2641509433962264,0.3448275862068966,0.21739130434782608,0.05660377358490566,0.018867924528301886,0.08695652173913043,1.5333333333333334,0.9333333333333333,0.21212121212121213,0.21212121212121213,0.42424242424242425,0.3333333333333333,0.09090909090909091,0.38680555555555557,0.6855722222222222,0.42857142857142855,0.25,0.4957,0.8150999999999999,0.23809523809523808,0.38095238095238093,0.3137254901960784,0.32608695652173914,0.41304347826086957,0.19607843137254902,,,,,,,,,,,,0.6299231555744517,0.40054633528889544,0.6299231555744517,1.5333333333333334,,1.5,,,,,False,,0.5,,,,,False,,False
699912,Jose Fernandez,AZ,SF,0,7.0,1.0,683363.0,Matt Wilkinson,L,823177,4:05 PM ET,Oracle Park,1,0,0.17907801418439717,2026-08-29,823177,,0,100.6,96.8,86.1,R,4,4,1,0,0,0,0,0,0,0,1,4,0,1,1,1,1,0.48025,0.52325,1,0,1,0,0,0,0.2727272727272727,0.36,0.7954545454545454,0.17647058823529413,0.34285714285714286,0.09090909090909091,0.0,0.0784313725490196,0.09090909090909091,1.0666666666666667,0.6,0.3333333333333333,0.3333333333333333,0.5277777777777778,0.027777777777777776,0.0,0.332847619047619,0.42960952380952383,0.38461538461538464,0.11764705882352941,0.5011333333333333,0.6388,0.2391304347826087,0.30434782608695654,0.19230769230769232,0.22857142857142856,0.2857142857142857,0.24390243902439024,,,,,,,,,,,,0.5996202812056595,0.33796032189692266,0.5996202812056595,1.0666666666666667,,1.5,,,,,False,,0.5,,,,,False,,False
571448,Nolan Arenado,AZ,SF,0,5.0,1.0,683363.0,Matt Wilkinson,L,823177,4:05 PM ET,Oracle Park,1,0,0.17907801418439717,2026-08-29,823177,,0,100.6,96.8,86.1,R,5,5,2,1,0,0,0,0,0,1,3,4,0,0,0,1,1,0.22625,0.24000000000000002,1,1,1,1,1,0,0.21428571428571427,0.26666666666666666,0.8035714285714286,0.18032786885245902,0.1951219512195122,0.25,0.06557377049180328,0.0,0.08928571428571429,1.7333333333333334,0.7333333333333333,0.26666666666666666,0.13333333333333333,0.3111111111111111,0.37777777777777777,0.0,0.19684444444444443,0.32205000000000006,0.11764705882352941,0.21052631578947367,0.14673333333333322,0.2515333333333332,0.20754716981132076,0.5849056603773585,0.11666666666666667,0.2,0.4,0.2786885245901639,,,,,,,,,,,,0.6376110003203358,0.32956818229162604,0.6376110003203358,1.7333333333333334,,1.5,,,,,False,,0.5,,,,,False,,False
814439,Ryan Waldschmidt,AZ,SF,0,9.0,1.0,683363.0,Matt Wilkinson,L,823177,4:05 PM ET,Oracle Park,1,0,0.17907801418439717,2026-08-29,823177,,0,100.6,96.8,86.1,R,3,3,0,0,0,0,0,0,0,1,0,2,0,0,0,1,0,0.0955,0.109,0,0,0,0,1,0,0.23076923076923078,0.38,0.7435897435897436,0.19230769230769232,0.27586206896551724,0.1282051282051282,0.019230769230769232,0.038461538461538464,0.07692307692307693,0.9333333333333333,0.6666666666666666,0.1875,0.34375,0.375,0.28125,0.0,0.31748809523809524,0.5203333333333333,0.18181818181818182,0.38461538461538464,0.32575,0.9071666666666667,0.29545454545454547,0.5,0.25,0.3191489361702128,0.3829787234042553,0.22807017543859648,,,,,,,,,,,,0.36997822676159897,0.2251515518608953,0.36997822676159897,0.9333333333333333,,1.5,,,,,False,,0.5,,,,,False,,False
694374,Tim Tawa,AZ,SF,0,6.0,1.0,683363.0,Matt Wilkinson,L,823177,4:05 PM ET,Oracle Park,1,0,0.17907801418439717,2026-08-29,823177,,0,100.6,96.8,86.1,R,5,5,2,0,0,1,0,0,0,2,5,3,0,2,2,0,1,0.35200000000000004,1.004,1,1,1,1,1,1,0.2830188679245283,0.3559322033898305,0.7358490566037735,0.23333333333333334,0.35135135135135137,0.1509433962264151,0.03333333333333333,0.03333333333333333,0.07547169811320754,1.5333333333333334,0.9333333333333333,0.525,0.325,0.35,0.3,0.025,0.3829388888888889,0.7166666666666667,0.2,0.2222222222222222,0.2667833333333334,0.4577166666666666,0.2727272727272727,0.4,0.26229508196721313,0.2826086956521739,0.45652173913043476,0.2,,,,,,,,,,,,0.6048816383301646,0.43980583324566097,0.6048816383301646,1.5333333333333334,,1.5,,,,,False,,0.5,,,,,False,,False
694673,Abimelec Ortiz,WSH,MIA,1,2.0,1.0,645261.0,Sandy Alcantara,R,822690,4:05 PM ET,Nationals Park,0,1,0.22142857142857142,2026-08-29,822690,0.0,0,104.8,103.6,97.1,L,4,4,2,1,0,0,0,0,0,2,3,2,0,1,0,1,1,0.38749999999999996,0.597,1,1,1,1,1,1,0.18,0.22641509433962265,0.72,0.2641509433962264,0.18181818181818182,0.2,0.05660377358490566,0.018867924528301886,0.08,1.2666666666666666,0.9333333333333333,0.3611111111111111,0.2222222222222222,0.4166666666666667,0.3333333333333333,0.027777777777777776,0.35755,0.6365444444444445,0.1111111111111111,0.2,0.2650166666666667,0.3173666666666667,0.22448979591836735,0.4897959183673469,0.25,,,,0.7333333333333333,0.19246861924686193,0.3346938775510204,0.12244897959183673,0.3888888888888889,0.24242424242424243,0.015151515151515152,9.409090909090908,1.0909090909090908,7.227272727272727,0.19272727272727272,0.5947456432427513,0.36051433299237545,0.5947456432427513,1.2666666666666666,,1.5,,,,,False,,0.5,,,,,False,,False
691781,Brady House,WSH,MIA,1,7.0,1.0,645261.0,Sandy Alcantara,R,822690,4:05 PM ET,Nationals Park,1,1,0.22142857142857142,2026-08-29,822690,0.0,0,104.8,103.6,97.1,R,4,4,1,0,0,1,0,0,0,2,4,2,1,2,1,1,0,0.7145,2.2279999999999998,1,0,1,1,1,1,0.25,0.3508771929824561,0.7291666666666666,0.22807017543859648,0.3142857142857143,0.10416666666666667,0.017543859649122806,0.03508771929824561,0.0625,1.1333333333333333,0.8666666666666667,0.4444444444444444,0.2222222222222222,0.4166666666666667,0.2777777777777778,0.0,0.33841666666666664,0.5083944444444445,0.16666666666666666,0.18181818181818182,0.2647166666666667,0.4489833333333334,0.18181818181818182,0.22727272727272727,0.2549019607843137,0.3018867924528302,0.5849056603773585,0.30357142857142855,0.7333333333333333,0.19246861924686193,0.3346938775510204,0.12244897959183673,0.3888888888888889,0.24242424242424243,0.015151515151515152,9.409090909090908,1.0909090909090908,7.227272727272727,0.19272727272727272,0.6172600563431235,0.34523542137923996,0.6172600563431235,1.1333333333333333,,1.5,,,,,False,,0.5,,,,,False,,False
682928,CJ Abrams,WSH,MIA,1,1.0,1.0,645261.0,Sandy Alcantara,R,822690,4:05 PM ET,Nationals Park,0,1,0.22142857142857142,2026-08-29,822690,0.0,0,104.8,103.6,97.1,L,4,3,0,0,0,0,1,0,0,1,0,2,0,0,2,0,0,0.014,0.0235,0,0,0,0,1,0,0.18032786885245902,0.2647058823529412,0.6885245901639344,0.2753623188405797,0.24390243902439024,0.11475409836065574,0.014492753623188406,0.057971014492753624,0.08196721311475409,1.2,1.2666666666666666,0.30952380952380953,0.23809523809523808,0.42857142857142855,0.21428571428571427,0.0,0.3055178571428571,0.432702380952381,0.14285714285714285,0.2608695652173913,0.21246666666666664,0.3355333333333334,0.22033898305084745,0.3728813559322034,0.2753623188405797,0.2857142857142857,0.6507936507936508,0.2878787878787879,0.7333333333333333,0.19246861924686193,0.3346938775510204,0.12244897959183673,0.3888888888888889,0.24242424242424243,0.015151515151515152,9.409090909090908,1.0909090909090908,7.227272727272727,0.19272727272727272,0.6115528671261035,0.3304371609952214,0.6115528671261035,1.2,,1.5,,,,,False,,0.5,,,,,False,,False
695734,Daylen Lile,WSH,MIA,1,4.0,1.0,645261.0,Sandy Alcantara,R,822690,4:05 PM ET,Nationals Park,0,1,0.22142857142857142,2026-08-29,822690,0.0,0,104.8,103.6,97.1,L,4,3,1,0,1,0,1,0,0,1,3,2,0,1,1,0,1,0.16,0.31999999999999995,1,0,1,1,1,0,0.3,0.34375,0.7666666666666667,0.2153846153846154,0.3488372093023256,0.18333333333333332,0.046153846153846156,0.03076923076923077,0.08333333333333333,1.9333333333333333,0.9333333333333333,0.34782608695652173,0.32608695652173914,0.2608695652173913,0.34782608695652173,0.043478260869565216,0.40084642857142855,0.7257511904761904,0.47368421052631576,0.09090909090909091,0.50352,0.99792,0.2711864406779661,0.423728813559322,0.24193548387096775,0.25,0.5166666666666667,0.22950819672131148,0.7333333333333333,0.19246861924686193,0.3346938775510204,0.12244897959183673,0.3888888888888889,0.24242424242424243,0.015151515151515152,9.409090909090908,1.0909090909090908,7.227272727272727,0.19272727272727272,0.6526737754454163,0.4009191477947219,0.6526737754454163,1.9333333333333333,,1.5,,,,,False,,0.5,,,,,False,,False
686611,Dylan Crews,WSH,MIA,1,5.0,1.0,645261.0,Sandy Alcantara,R,822690,4:05 PM ET,Nationals Park,1,1,0.22142857142857142,2026-08-29,822690,0.0,0,104.8,103.6,97.1,R,4,4,1,1,0,0,0,0,0,1,2,3,0,0,1,0,1,0.334,0.37966666666666665,1,0,1,1,1,0,0.23076923076923078,0.2857142857142857,0.7307692307692307,0.25,0.3157894736842105,0.09615384615384616,0.0,0.05357142857142857,0.07692307692307693,1.1333333333333333,0.9333333333333333,0.4473684210526316,0.3157894736842105,0.39473684210526316,0.23684210526315788,0.0,0.3199642857142857,0.4790714285714285,0.3684210526315789,0.2727272727272727,0.37494999999999995,0.49434999999999996,0.2545454545454545,0.36363636363636365,0.25,0.19642857142857142,0.4107142857142857,0.265625,0.7333333333333333,0.19246861924686193,0.3346938775510204,0.12244897959183673,0.3888888888888889,0.24242424242424243,0.015151515151515152,9.409090909090908,1.0909090909090908,7.227272727272727,0.19272727272727272,0.6460970648115762,0.35883695745563743,0.6460970648115762,1.1333333333333333,,1.5,,,,,False,,0.5,,,,,False,,False
678391,Jorbit Vivas,WSH,MIA,1,8.0,1.0,645261.0,Sandy Alcantara,R,822690,4:05 PM ET,Nationals Park,0,1,0.22142857142857142,2026-08-29,822690,0.0,0,104.8,103.6,97.1,L,4,4,1,0,0,0,0,0,0,0,1,4,0,1,0,3,1,0.335,0.36424999999999996,1,0,1,0,0,0,0.23255813953488372,0.35294117647058826,0.8372093023255814,0.13725490196078433,0.2777777777777778,0.023255813953488372,0.0,0.0196078431372549,0.023255813953488372,0.7333333333333333,0.4666666666666667,0.08333333333333333,0.2222222222222222,0.3888888888888889,0.2777777777777778,0.027777777777777776,0.2755888888888889,0.34295555555555557,0.2857142857142857,0.1111111111111111,0.24225000000000002,0.32565,0.23809523809523808,0.2619047619047619,0.12244897959183673,0.18518518518518517,0.2962962962962963,0.10344827586206896,0.7333333333333333,0.19246861924686193,0.3346938775510204,0.12244897959183673,0.3888888888888889,0.24242424242424243,0.015151515151515152,9.409090909090908,1.0909090909090908,7.227272727272727,0.19272727272727272,0.5728346914168125,0.29480699193125287,0.5728346914168125,0.7333333333333333,,1.5,,,,,False,,0.5,,,,,False,,False
677588,José Tena,WSH,MIA,1,3.0,1.0,645261.0,Sandy Alcantara,R,822690,4:05 PM ET,Nationals Park,0,1,0.22142857142857142,2026-08-29,822690,0.0,0,104.8,103.6,97.1,L,4,4,1,1,0,0,0,0,0,1,2,3,0,0,3,0,0,0.020666666666666667,0.037,1,0,1,1,1,0,0.20689655172413793,0.3611111111111111,0.4482758620689655,0.4444444444444444,0.36363636363636365,0.20689655172413793,0.05555555555555555,0.0,0.06896551724137931,0.8,1.0666666666666667,0.6153846153846154,0.23076923076923078,0.5384615384615384,0.15384615384615385,0.07692307692307693,0.428037037037037,0.822888888888889,0.08333333333333333,0.5714285714285714,0.3675,0.6815000000000002,0.20689655172413793,0.41379310344827586,0.4444444444444444,0.20754716981132076,0.24528301886792453,0.2857142857142857,0.7333333333333333,0.19246861924686193,0.3346938775510204,0.12244897959183673,0.3888888888888889,0.24242424242424243,0.015151515151515152,9.409090909090908,1.0909090909090908,7.227272727272727,0.19272727272727272,0.5178840352452357,0.25744016413746235,0.5178840352452357,0.8,,1.5,,,,,False,,0.5,,,,,False,,False
660688,Keibert Ruiz,WSH,MIA,1,6.0,1.0,645261.0,Sandy Alcantara,R,822690,4:05 PM ET,Nationals Park,0,1,0.22142857142857142,2026-08-29,822690,0.0,0,104.8,103.6,97.1,L,5,5,2,1,0,1,0,0,0,0,6,5,0,1,3,0,1,0.11699999999999999,0.3338,1,1,1,1,0,0,0.38461538461538464,0.45454545454545453,0.9487179487179487,0.045454545454545456,0.3888888888888889,0.10256410256410256,0.022727272727272728,0.022727272727272728,0.05128205128205128,1.2666666666666666,0.13333333333333333,0.32432432432432434,0.3783783783783784,0.2702702702702703,0.21621621621621623,0.02702702702702703,0.3814666666666667,0.5285777777777778,0.4166666666666667,0.0,0.2606166666666666,0.3801666666666669,0.3541666666666667,0.4375,0.09259259259259259,0.2777777777777778,0.4074074074074074,0.10526315789473684,0.7333333333333333,0.19246861924686193,0.3346938775510204,0.12244897959183673,0.3888888888888889,0.24242424242424243,0.015151515151515152,9.409090909090908,1.0909090909090908,7.227272727272727,0.19272727272727272,0.5726646247061438,0.2873657578703123,0.5726646247061438,1.2666666666666666,,1.5,,,,,False,,0.5,,,,,False,,False
683083,Nasim Nuñez,WSH,MIA,1,9.0,1.0,645261.0,Sandy Alcantara,R,822690,4:05 PM ET,Nationals Park,0,1,0.22142857142857142,2026-08-29,822690,0.0,0,104.8,103.6,97.1,L,4,3,1,0,0,0,0,0,0,1,1,3,0,0,0,2,1,0.479,0.55,1,0,1,0,1,0,0.07894736842105263,0.125,0.8157894736842105,0.17073170731707318,0.0967741935483871,0.0,0.0,0.0,0.0,0.2,0.4666666666666667,0.1875,0.15625,0.4375,0.34375,0.0,0.2292888888888889,0.2824,0.0,0.26666666666666666,0.11993333333333336,0.15063333333333345,0.058823529411764705,0.058823529411764705,0.22807017543859648,0.2,0.26,0.1206896551724138,0.7333333333333333,0.19246861924686193,0.3346938775510204,0.12244897959183673,0.3888888888888889,0.24242424242424243,0.015151515151515152,9.409090909090908,1.0909090909090908,7.227272727272727,0.19272727272727272,0.3601265269441598,0.13031531027976623,0.3601265269441598,0.2,,1.5,,,,,False,,0.5,,,,,False,,False
665052,Griffin Conine,MIA,WSH,0,4.0,1.0,676917.0,Cade Cavalli,R,822690,4:05 PM ET,Nationals Park,0,1,0.22377622377622378,2026-08-29,822690,0.0,0,104.8,103.6,97.1,L,5,5,0,0,0,0,0,0,0,2,0,3,0,0,0,1,1,0.22066666666666668,0.237,0,0,0,0,1,1,0.2608695652173913,0.39285714285714285,0.6304347826086957,0.30357142857142855,0.32,0.2826086956521739,0.07142857142857142,0.017857142857142856,0.10869565217391304,1.6666666666666667,1.1333333333333333,0.5517241379310345,0.2413793103448276,0.3103448275862069,0.3793103448275862,0.034482758620689655,0.38682142857142854,0.8366904761904762,0.125,0.3684210526315789,0.3035333333333334,0.4660333333333333,0.26666666666666666,0.5555555555555556,0.3148148148148148,0.2727272727272727,0.4318181818181818,0.3,0.6194690265486725,0.16585365853658537,0.3474178403755869,0.15023474178403756,0.5642857142857143,0.2571428571428571,0.02857142857142857,8.770700636942676,1.2038216560509556,10.490445859872613,0.2747747747747748,0.5591382859859776,0.3474328418939878,0.5591382859859776,1.6666666666666667,,1.5,,,,,False,,0.5,,,,,False,,False
681715,Heriberto Hernández,MIA,WSH,0,2.0,1.0,676917.0,Cade Cavalli,R,822690,4:05 PM ET,Nationals Park,1,1,0.22377622377622378,2026-08-29,822690,0.0,0,104.8,103.6,97.1,R,4,3,1,0,0,1,1,0,0,0,4,3,0,1,1,1,0,0.3403333333333334,1.2503333333333333,1,0,1,1,0,0,0.26785714285714285,0.3787878787878788,0.6607142857142857,0.2878787878787879,0.3333333333333333,0.23214285714285715,0.06060606060606061,0.015151515151515152,0.08928571428571429,1.8666666666666667,1.2666666666666666,0.40540540540540543,0.21621621621621623,0.4864864864864865,0.21621621621621623,0.0,0.42578111111111105,0.787,0.3684210526315789,0.09090909090909091,0.4499766666666667,0.9791000000000002,0.23076923076923078,0.4230769230769231,0.3114754098360656,0.2413793103448276,0.5862068965517241,0.25,0.6194690265486725,0.16585365853658537,0.3474178403755869,0.15023474178403756,0.5642857142857143,0.2571428571428571,0.02857142857142857,8.770700636942676,1.2038216560509556,10.490445859872613,0.2747747747747748,0.6230630253039872,0.38243666484752015,0.6230630253039872,1.8666666666666667,,1.5,,,,,False,,0.5,,,,,False,,False
805300,Jakob Marsee,MIA,WSH,0,6.0,1.0,676917.0,Cade Cavalli,R,822690,4:05 PM ET,Nationals Park,0,1,0.22377622377622378,2026-08-29,822690,0.0,0,104.8,103.6,97.1,L,4,4,1,1,0,0,0,0,0,1,2,3,0,1,2,0,1,0.32,0.5423333333333333,1,0,1,1,1,0,0.26,0.3728813559322034,0.8,0.16393442622950818,0.2894736842105263,0.16,0.03278688524590164,0.0,0.06,1.4,0.6666666666666666,0.4,0.4,0.325,0.2,0.025,0.2923955555555556,0.3986533333333334,0.35714285714285715,0.21052631578947367,0.40470000000000006,0.5527000000000001,0.3,0.5,0.13114754098360656,0.19148936170212766,0.2978723404255319,0.23728813559322035,0.6194690265486725,0.16585365853658537,0.3474178403755869,0.15023474178403756,0.5642857142857143,0.2571428571428571,0.02857142857142857,8.770700636942676,1.2038216560509556,10.490445859872613,0.2747747747747748,0.5956776800253204,0.33174497974363354,0.5956776800253204,1.4,,1.5,,,,,False,,0.5,,,,,False,,False
691594,Javier Sanoja,MIA,WSH,0,7.0,1.0,676917.0,Cade Cavalli,R,822690,4:05 PM ET,Nationals Park,1,1,0.22377622377622378,2026-08-29,822690,0.0,0,104.8,103.6,97.1,R,4,3,1,1,0,0,1,0,0,0,2,3,0,1,1,1,1,0.43500000000000005,0.5223333333333334,1,0,1,1,0,0,0.3137254901960784,0.35185185185185186,0.8823529411764706,0.1111111111111111,0.32558139534883723,0.1568627450980392,0.037037037037037035,0.037037037037037035,0.0784313725490196,1.6,0.4,0.28888888888888886,0.26666666666666666,0.4666666666666667,0.2222222222222222,0.022222222222222223,0.2807855555555555,0.37126111111111115,0.25,0.047619047619047616,0.26608333333333334,0.33858333333333335,0.29545454545454547,0.5227272727272727,0.10416666666666667,0.24561403508771928,0.3157894736842105,0.0847457627118644,0.6194690265486725,0.16585365853658537,0.3474178403755869,0.15023474178403756,0.5642857142857143,0.2571428571428571,0.02857142857142857,8.770700636942676,1.2038216560509556,10.490445859872613,0.2747747747747748,0.6128952404847676,0.3234481556821443,0.6128952404847676,1.6,,1.5,,,,,False,,0.5,,,,,False,,False
691788,Joe Mack,MIA,WSH,0,9.0,1.0,676917.0,Cade Cavalli,R,822690,4:05 PM ET,Nationals Park,0,1,0.22377622377622378,2026-08-29,822690,0.0,0,104.8,103.6,97.1,L,3,3,0,0,0,0,0,0,0,0,0,3,0,2,1,2,0,0.084,0.09366666666666666,0,0,0,0,0,0,0.18181818181818182,0.25,0.7045454545454546,0.2708333333333333,0.23333333333333334,0.09090909090909091,0.020833333333333332,0.020833333333333332,0.045454545454545456,0.8,0.8666666666666667,0.22580645161290322,0.0967741935483871,0.6451612903225806,0.16129032258064516,0.0,0.20429444444444445,0.26325,0.2,0.1875,0.2120666666666667,0.2272,0.24444444444444444,0.4222222222222222,0.25,0.2222222222222222,0.3333333333333333,0.275,0.6194690265486725,0.16585365853658537,0.3474178403755869,0.15023474178403756,0.5642857142857143,0.2571428571428571,0.02857142857142857,8.770700636942676,1.2038216560509556,10.490445859872613,0.2747747747747748,0.4765730514299485,0.2212334398952918,0.4765730514299485,0.8,,1.5,,,,,False,,0.5,,,,,False,,False
669065,Kyle Stowers,MIA,WSH,0,1.0,1.0,676917.0,Cade Cavalli,R,822690,4:05 PM ET,Nationals Park,0,1,0.22377622377622378,2026-08-29,822690,0.0,0,104.8,103.6,97.1,L,3,3,1,0,0,0,0,0,0,0,1,3,0,1,1,2,0,0.32566666666666666,1.0090000000000001,1,0,1,0,0,0,0.28846153846153844,0.4032258064516129,0.6923076923076923,0.25806451612903225,0.36363636363636365,0.2692307692307692,0.04838709677419355,0.04838709677419355,0.1346153846153846,1.9333333333333333,1.0666666666666667,0.6666666666666666,0.3055555555555556,0.1388888888888889,0.4722222222222222,0.0,0.3394222222222222,0.6291666666666667,0.25,0.35,0.4051,0.6745666666666663,0.30357142857142855,0.625,0.27419354838709675,0.2037037037037037,0.37037037037037035,0.31746031746031744,0.6194690265486725,0.16585365853658537,0.3474178403755869,0.15023474178403756,0.5642857142857143,0.2571428571428571,0.02857142857142857,8.770700636942676,1.2038216560509556,10.490445859872613,0.2747747747747748,0.5725712988304434,0.35788849034534503,0.5725712988304434,1.9333333333333333,,1.5,,,,,False,,0.5,,,,,False,,False
672640,Otto Lopez,MIA,WSH,0,5.0,1.0,676917.0,Cade Cavalli,R,822690,4:05 PM ET,Nationals Park,1,1,0.22377622377622378,2026-08-29,822690,0.0,0,104.8,103.6,97.1,R,4,4,1,0,0,0,0,0,0,1,1,3,0,2,0,1,2,0.48333333333333334,0.676,1,0,1,0,1,0,0.22413793103448276,0.2878787878787879,0.9137931034482759,0.07575757575757576,0.23636363636363636,0.017241379310344827,0.0,0.015151515151515152,0.017241379310344827,0.9333333333333333,0.3333333333333333,0.4,0.21818181818181817,0.45454545454545453,0.2909090909090909,0.0,0.29934222222222223,0.43814,0.3157894736842105,0.08695652173913043,0.3226333333333334,0.49424999999999997,0.2,0.21666666666666667,0.06349206349206349,0.2857142857142857,0.4603174603174603,0.136986301369863,0.6194690265486725,0.16585365853658537,0.3474178403755869,0.15023474178403756,0.5642857142857143,0.2571428571428571,0.02857142857142857,8.770700636942676,1.2038216560509556,10.490445859872613,0.2747747747747748,0.6376110003203358,0.3897937125914967,0.6376110003203358,0.9333333333333333,,1.5,,,,,False,,0.5,,,,,False,,False
683357,Owen Caissie,MIA,WSH,0,8.0,1.0,676917.0,Cade Cavalli,R,822690,4:05 PM ET,Nationals Park,0,1,0.22377622377622378,2026-08-29,822690,0.0,0,104.8,103.6,97.1,L,1,1,0,0,0,0,0,0,0,1,0,0,0,0,0,0,0,0.20650000000000002,0.31725,0,0,0,0,1,0,0.19047619047619047,0.2916666666666667,0.6904761904761905,0.2653061224489796,0.25,0.11904761904761904,0.02040816326530612,0.04081632653061224,0.07142857142857142,0.8666666666666667,0.8666666666666667,0.3793103448275862,0.3103448275862069,0.3448275862068966,0.20689655172413793,0.0,0.30838333333333334,0.5535222222222222,0.21428571428571427,0.13333333333333333,0.3882333333333334,0.5111166666666668,0.19047619047619047,0.30952380952380953,0.2653061224489796,0.22727272727272727,0.3181818181818182,0.3333333333333333,0.6194690265486725,0.16585365853658537,0.3474178403755869,0.15023474178403756,0.5642857142857143,0.2571428571428571,0.02857142857142857,8.770700636942676,1.2038216560509556,10.490445859872613,0.2747747747747748,0.5301368548180533,0.2991091153978906,0.5301368548180533,0.8666666666666667,,1.5,,,,,False,,0.5,,,,,False,,False
669364,Xavier Edwards,MIA,WSH,0,3.0,1.0,676917.0,Cade Cavalli,R,822690,4:05 PM ET,Nationals Park,0,1,0.22377622377622378,2026-08-29,822690,0.0,0,104.8,103.6,97.1,L,1,1,0,0,0,0,0,0,0,0,0,1,0,0,1,0,0,0.006,0.011,0,0,0,0,0,0,0.2647058823529412,0.32432432432432434,0.8235294117647058,0.16216216216216217,0.32142857142857145,0.029411764705882353,0.0,0.02702702702702703,0.029411764705882353,0.6666666666666666,0.4,0.2857142857142857,0.2857142857142857,0.4642857142857143,0.21428571428571427,0.0,0.2876,0.3678777777777777,0.25,0.15384615384615385,0.20399999999999996,0.24843333333333328,0.2631578947368421,0.2807017543859649,0.140625,0.25,0.30357142857142855,0.13114754098360656,0.6194690265486725,0.16585365853658537,0.3474178403755869,0.15023474178403756,0.5642857142857143,0.2571428571428571,0.02857142857142857,8.770700636942676,1.2038216560509556,10.490445859872613,0.2747747747747748,0.527962148997782,0.2772040172983568,0.527962148997782,0.6666666666666666,,1.5,,,,,False,,0.5,,,,,False,,False
694197,Angel Genao,CLE,KC,1,7.0,1.0,663738.0,Daniel Lynch IV,L,824392,4:10 PM ET,Progressive Field,0,0,0.16243654822335024,2026-08-29,824392,,0,96.8,95.8,102.3,L,1,1,0,0,0,0,0,0,0,0,0,1,0,0,0,1,0,0.273,0.274,0,0,0,0,0,0,0.2571428571428571,0.3157894736842105,0.8285714285714286,0.15789473684210525,0.3103448275862069,0.05714285714285714,0.0,0.05263157894736842,0.05714285714285714,0.7333333333333333,0.4,0.6206896551724138,0.13793103448275862,0.7586206896551724,0.10344827586206896,0.0,0.29833928571428575,0.35976785714285714,0.25,0.1111111111111111,0.35546666666666665,0.425,0.2692307692307692,0.28846153846153844,0.12727272727272726,0.2727272727272727,0.6363636363636364,0.07692307692307693,0.8125,0.22413793103448276,0.4166666666666667,0.16666666666666666,0.5192307692307693,0.25,0.019230769230769232,5.7857142857142865,0.9642857142857144,2.8928571428571432,0.08108108108108109,0.459233955690675,0.29947620641620026,0.459233955690675,0.7333333333333333,,1.5,,,,,False,,0.5,,,,,False,,False
682657,Angel Martínez,CLE,KC,1,5.0,1.0,663738.0,Daniel Lynch IV,L,824392,4:10 PM ET,Progressive Field,0,0,0.16243654822335024,2026-08-29,824392,,0,96.8,95.8,102.3,L,4,3,0,0,0,0,0,1,0,0,0,3,0,1,2,1,0,0.055,0.06666666666666667,0,0,0,0,0,0,0.2647058823529412,0.3055555555555556,0.8235294117647058,0.16666666666666666,0.32142857142857145,0.058823529411764705,0.0,0.05555555555555555,0.058823529411764705,0.7333333333333333,0.4,0.32142857142857145,0.21428571428571427,0.4642857142857143,0.21428571428571427,0.0,0.38919047619047614,0.4376666666666667,0.3333333333333333,0.14285714285714285,0.4803333333333333,0.5522666666666667,0.24561403508771928,0.3333333333333333,0.25,0.24528301886792453,0.4339622641509434,0.21818181818181817,0.8125,0.22413793103448276,0.4166666666666667,0.16666666666666666,0.5192307692307693,0.25,0.019230769230769232,5.7857142857142865,0.9642857142857144,2.8928571428571432,0.08108108108108109,0.4963932621242558,0.32953659555978126,0.4963932621242558,0.7333333333333333,,1.5,,,,,False,,0.5,,,,,False,,False
595978,Austin Hedges,CLE,KC,1,8.0,1.0,663738.0,Daniel Lynch IV,L,824392,4:10 PM ET,Progressive Field,1,0,0.16243654822335024,2026-08-29,824392,,0,96.8,95.8,102.3,R,3,3,0,0,0,0,0,0,0,2,0,1,0,0,1,0,0,0.103,0.172,0,0,0,0,1,1,0.23809523809523808,0.3333333333333333,0.8095238095238095,0.16666666666666666,0.25,0.14285714285714285,0.041666666666666664,0.0,0.047619047619047616,1.0666666666666667,0.5333333333333333,0.35294117647058826,0.20588235294117646,0.4411764705882353,0.23529411764705882,0.029411764705882353,0.2673333333333333,0.36724999999999997,0.25,0.1875,0.22970000000000002,0.3661333333333332,0.3023255813953488,0.46511627906976744,0.125,0.24390243902439024,0.3902439024390244,0.1956521739130435,0.8125,0.22413793103448276,0.4166666666666667,0.16666666666666666,0.5192307692307693,0.25,0.019230769230769232,5.7857142857142865,0.9642857142857144,2.8928571428571432,0.08108108108108109,0.5729919176740709,0.3362535404471645,0.5729919176740709,1.0666666666666667,,1.5,,,,,False,,0.5,,,,,False,,False
677587,Brayan Rocchio,CLE,KC,1,9.0,1.0,663738.0,Daniel Lynch IV,L,824392,4:10 PM ET,Progressive Field,0,0,0.16243654822335024,2026-08-29,824392,,0,96.8,95.8,102.3,L,3,3,1,0,0,0,0,0,0,1,1,2,0,1,1,0,1,0.3055,0.341,1,0,1,0,1,0,0.16666666666666666,0.1875,0.8333333333333334,0.15625,0.19230769230769232,0.03333333333333333,0.0,0.03125,0.03333333333333333,0.4,0.3333333333333333,0.34615384615384615,0.3076923076923077,0.3076923076923077,0.3076923076923077,0.0,0.27929166666666666,0.367,0.2727272727272727,0.2727272727272727,0.33438888888888885,0.3913888888888894,0.16363636363636364,0.2727272727272727,0.13333333333333333,0.2222222222222222,0.2962962962962963,0.2033898305084746,0.8125,0.22413793103448276,0.4166666666666667,0.16666666666666666,0.5192307692307693,0.25,0.019230769230769232,5.7857142857142865,0.9642857142857144,2.8928571428571432,0.08108108108108109,0.40939715389696235,0.191871535991624,0.40939715389696235,0.4,,1.5,,,,,False,,0.5,,,,,False,,False
800050,Chase DeLauter,CLE,KC,1,2.0,1.0,663738.0,Daniel Lynch IV,L,824392,4:10 PM ET,Progressive Field,0,0,0.16243654822335024,2026-08-29,824392,,0,96.8,95.8,102.3,L,4,4,1,0,0,0,0,0,0,2,1,2,0,0,1,1,0,0.243,0.287,1,0,1,0,1,1,0.37735849056603776,0.4406779661016949,0.8113207547169812,0.1694915254237288,0.4523809523809524,0.1509433962264151,0.01694915254237288,0.01694915254237288,0.07547169811320754,1.8666666666666667,0.6666666666666666,0.46511627906976744,0.18604651162790697,0.5581395348837209,0.18604651162790697,0.023255813953488372,0.3052833333333333,0.39354285714285714,0.4166666666666667,0.2,0.24279166666666666,0.29325,0.37735849056603776,0.5849056603773585,0.15254237288135594,0.29310344827586204,0.3103448275862069,0.18181818181818182,0.8125,0.22413793103448276,0.4166666666666667,0.16666666666666666,0.5192307692307693,0.25,0.019230769230769232,5.7857142857142865,0.9642857142857144,2.8928571428571432,0.08108108108108109,0.693822200718771,0.4438645739401239,0.693822200718771,1.8666666666666667,,1.5,,,,,False,,0.5,,,,,False,,False
681807,David Fry,CLE,KC,1,6.0,1.0,663738.0,Daniel Lynch IV,L,824392,4:10 PM ET,Progressive Field,1,0,0.16243654822335024,2026-08-29,824392,,0,96.8,95.8,102.3,R,1,1,0,0,0,0,0,0,0,1,0,0,0,0,0,0,0,0.023,0.033,0,0,0,0,1,0,0.038461538461538464,0.1935483870967742,0.6153846153846154,0.3225806451612903,0.0,0.11538461538461539,0.03225806451612903,0.0,0.038461538461538464,0.26666666666666666,0.6666666666666666,0.3125,0.0,0.375,0.375,0.0625,0.17779166666666668,0.45084375,0.0,0.3,0.1676666666666665,0.1939999999999995,0.25806451612903225,0.41935483870967744,0.11428571428571428,0.08695652173913043,0.34782608695652173,0.35714285714285715,0.8125,0.22413793103448276,0.4166666666666667,0.16666666666666666,0.5192307692307693,0.25,0.019230769230769232,5.7857142857142865,0.9642857142857144,2.8928571428571432,0.08108108108108109,0.5019155817948802,0.2902067664453745,0.5019155817948802,0.26666666666666666,,1.5,,,,,False,,0.5,,,,,False,,False
666176,Jo Adell,CLE,KC,1,4.0,1.0,663738.0,Daniel Lynch IV,L,824392,4:10 PM ET,Progressive Field,1,0,0.16243654822335024,2026-08-29,824392,,0,96.8,95.8,102.3,R,4,4,1,0,0,0,0,0,0,2,1,2,0,0,0,1,0,0.28700000000000003,0.3305,1,0,1,0,1,1,0.2545454545454545,0.3225806451612903,0.6909090909090909,0.2698412698412698,0.2857142857142857,0.2727272727272727,0.06349206349206349,0.047619047619047616,0.12727272727272726,1.9333333333333333,1.1333333333333333,0.5641025641025641,0.20512820512820512,0.46153846153846156,0.28205128205128205,0.05128205128205128,0.4299538461538462,0.8423448717948717,0.23809523809523808,0.20833333333333334,0.32516666666666677,0.5712166666666667,0.19607843137254902,0.37254901960784315,0.3114754098360656,0.21666666666666667,0.45,0.234375,0.8125,0.22413793103448276,0.4166666666666667,0.16666666666666666,0.5192307692307693,0.25,0.019230769230769232,5.7857142857142865,0.9642857142857144,2.8928571428571432,0.08108108108108109,0.668396307333215,0.4334034236988727,0.668396307333215,1.9333333333333333,,1.5,,,,,False,,0.5,,,,,False,,False
608070,José Ramírez,CLE,KC,1,3.0,1.0,663738.0,Daniel Lynch IV,L,824392,4:10 PM ET,Progressive Field,0,0,0.16243654822335024,2026-08-29,824392,,0,96.8,95.8,102.3,L,4,4,0,0,0,0,0,0,0,1,0,3,0,1,0,1,1,0.23833333333333337,0.3356666666666667,0,0,0,0,1,0,0.3333333333333333,0.36585365853658536,0.7435897435897436,0.24390243902439024,0.4482758620689655,0.10256410256410256,0.0,0.0975609756097561,0.10256410256410256,1.1333333333333333,0.6666666666666666,0.41379310344827586,0.4482758620689655,0.2413793103448276,0.2413793103448276,0.0,0.3959615384615385,0.5130384615384616,0.4,0.3125,0.4884666666666667,0.6673000000000001,0.23728813559322035,0.3050847457627119,0.1791044776119403,0.32,0.48,0.047619047619047616,0.8125,0.22413793103448276,0.4166666666666667,0.16666666666666666,0.5192307692307693,0.25,0.019230769230769232,5.7857142857142865,0.9642857142857144,2.8928571428571432,0.08108108108108109,0.5998940440496588,0.37673558332836937,0.5998940440496588,1.1333333333333333,,1.5,,,,,False,,0.5,,,,,False,,False
680757,Steven Kwan,CLE,KC,1,1.0,1.0,663738.0,Daniel Lynch IV,L,824392,4:10 PM ET,Progressive Field,0,0,0.16243654822335024,2026-08-29,824392,,0,96.8,95.8,102.3,L,4,4,0,0,0,0,0,0,0,1,0,3,0,0,1,2,0,0.12733333333333333,0.19066666666666665,0,0,0,0,1,0,0.3389830508474576,0.4657534246575342,0.9322033898305084,0.0547945205479452,0.36363636363636365,0.03389830508474576,0.0,0.0273972602739726,0.03389830508474576,1.4666666666666666,0.26666666666666666,0.14545454545454545,0.23636363636363636,0.4909090909090909,0.23636363636363636,0.0,0.2618988888888889,0.33303333333333335,0.44,0.07692307692307693,0.2857799999999999,0.37249999999999994,0.3442622950819672,0.4098360655737705,0.05405405405405406,0.35714285714285715,0.4107142857142857,0.12698412698412698,0.8125,0.22413793103448276,0.4166666666666667,0.16666666666666666,0.5192307692307693,0.25,0.019230769230769232,5.7857142857142865,0.9642857142857144,2.8928571428571432,0.08108108108108109,0.6799085270309045,0.4093736220834315,0.6799085270309045,1.4666666666666666,,1.5,,,,,False,,0.5,,,,,False,,False
677951,Bobby Witt Jr.,KC,CLE,0,2.0,1.0,656492.0,Foster Griffin,L,824392,4:10 PM ET,Progressive Field,1,0,0.20689655172413793,2026-08-29,824392,,0,96.8,95.8,102.3,R,5,5,1,1,0,0,0,0,0,1,2,4,1,3,1,1,1,0.45499999999999996,1.1509999999999998,1,0,1,1,1,0,0.3220338983050847,0.42857142857142855,0.7796610169491526,0.18571428571428572,0.37209302325581395,0.2033898305084746,0.04285714285714286,0.04285714285714286,0.1016949152542373,2.066666666666667,0.8666666666666667,0.391304347826087,0.2391304347826087,0.3695652173913043,0.2608695652173913,0.0,0.3752655555555556,0.5276288888888889,0.2631578947368421,0.21739130434782608,0.3459133333333333,0.4040533333333333,0.3684210526315789,0.543859649122807,0.16176470588235295,0.23636363636363636,0.36363636363636365,0.1774193548387097,0.7355371900826446,0.2146118721461187,0.4052863436123348,0.16299559471365638,0.4438202247191011,0.24719101123595505,0.0056179775280898875,7.623529411764705,1.7470588235294118,9.211764705882354,0.25217391304347825,0.6787315305240383,0.4049788449443963,0.6787315305240383,2.066666666666667,,1.5,,,,,False,,0.5,,,,,False,,False
695600,Carter Jensen,KC,CLE,0,1.0,1.0,656492.0,Foster Griffin,L,824392,4:10 PM ET,Progressive Field,0,0,0.20689655172413793,2026-08-29,824392,,0,96.8,95.8,102.3,L,5,5,1,0,0,1,0,0,0,2,4,3,0,3,2,1,0,0.17900000000000002,0.44,1,0,1,1,1,1,0.19148936170212766,0.36065573770491804,0.723404255319149,0.21311475409836064,0.21212121212121213,0.14893617021276595,0.03278688524590164,0.01639344262295082,0.06382978723404255,1.0666666666666667,0.8666666666666667,0.45714285714285713,0.17142857142857143,0.2857142857142857,0.5142857142857142,0.0,0.324297619047619,0.7107916666666666,0.2857142857142857,0.25,0.3574666666666666,0.9074333333333333,0.1836734693877551,0.3877551020408163,0.25806451612903225,0.21052631578947367,0.3684210526315789,0.30158730158730157,0.7355371900826446,0.2146118721461187,0.4052863436123348,0.16299559471365638,0.4438202247191011,0.24719101123595505,0.0056179775280898875,7.623529411764705,1.7470588235294118,9.211764705882354,0.25217391304347825,0.6345982003065643,0.4001893723412299,0.6345982003065643,1.0666666666666667,,1.5,,,,,False,,0.5,,,,,False,,False
686555,Isaac Collins,KC,CLE,0,7.0,1.0,656492.0,Foster Griffin,L,824392,4:10 PM ET,Progressive Field,0,0,0.20689655172413793,2026-08-29,824392,,0,96.8,95.8,102.3,L,4,3,2,1,0,0,1,0,0,0,3,3,0,2,0,1,1,0.22466666666666668,0.3133333333333333,1,1,1,1,0,0,0.18181818181818182,0.28205128205128205,0.6363636363636364,0.3076923076923077,0.2727272727272727,0.030303030303030304,0.0,0.02564102564102564,0.030303030303030304,0.4666666666666667,0.8,0.45454545454545453,0.3181818181818182,0.4090909090909091,0.2727272727272727,0.0,0.30614166666666665,0.3769166666666667,0.26666666666666666,0.375,0.4193055555555556,0.5165555555555557,0.17777777777777778,0.24444444444444444,0.16981132075471697,0.20408163265306123,0.32653061224489793,0.18518518518518517,0.7355371900826446,0.2146118721461187,0.4052863436123348,0.16299559471365638,0.4438202247191011,0.24719101123595505,0.0056179775280898875,7.623529411764705,1.7470588235294118,9.211764705882354,0.25217391304347825,0.5268976518365273,0.2942996402682416,0.5268976518365273,0.4666666666666667,,1.5,,,,,False,,0.5,,,,,False,,False
695506,Jac Caglianone,KC,CLE,0,3.0,1.0,656492.0,Foster Griffin,L,824392,4:10 PM ET,Progressive Field,0,0,0.20689655172413793,2026-08-29,824392,,0,96.8,95.8,102.3,L,4,4,2,0,0,0,0,0,0,1,2,3,0,1,0,0,3,0.658,0.7886666666666667,1,1,1,1,1,0,0.4482758620689655,0.47540983606557374,0.7758620689655172,0.21311475409836064,0.525,0.3448275862068966,0.08196721311475409,0.08196721311475409,0.1724137931034483,3.066666666666667,0.8666666666666667,0.5555555555555556,0.28888888888888886,0.4444444444444444,0.26666666666666666,0.0,0.4005488888888889,0.7922688888888889,0.3684210526315789,0.35,0.33934000000000003,0.68546,0.38095238095238093,0.6984126984126984,0.1875,0.31746031746031744,0.5555555555555556,0.28125,0.7355371900826446,0.2146118721461187,0.4052863436123348,0.16299559471365638,0.4438202247191011,0.24719101123595505,0.0056179775280898875,7.623529411764705,1.7470588235294118,9.211764705882354,0.25217391304347825,0.7173786137682128,0.44224526803549796,0.7173786137682128,3.066666666666667,,1.5,,,,,False,,0.5,,,,,False,,False
571912,Luke Maile,KC,CLE,0,9.0,1.0,656492.0,Foster Griffin,L,824392,4:10 PM ET,Progressive Field,1,0,0.20689655172413793,2026-08-29,824392,,0,96.8,95.8,102.3,R,1,1,0,0,0,0,0,0,0,0,0,1,0,0,0,1,0,0.37,0.423,0,0,0,0,0,0,0.23684210526315788,0.275,0.5789473684210527,0.4,0.38095238095238093,0.13157894736842105,0.025,0.05,0.07894736842105263,0.9333333333333333,1.0666666666666667,0.22727272727272727,0.36363636363636365,0.3181818181818182,0.18181818181818182,0.0,0.37021212121212116,0.45827272727272733,0.07692307692307693,0.46153846153846156,0.16799999999999998,0.2045000000000002,0.2571428571428571,0.2857142857142857,0.25,0.16666666666666666,0.3055555555555556,0.45,0.7355371900826446,0.2146118721461187,0.4052863436123348,0.16299559471365638,0.4438202247191011,0.24719101123595505,0.0056179775280898875,7.623529411764705,1.7470588235294118,9.211764705882354,0.25217391304347825,0.5512944974114267,0.24766744202560134,0.5512944974114267,0.9333333333333333,,1.5,,,,,False,,0.5,,,,,False,,False
683090,Matthew Lugo,KC,CLE,0,8.0,1.0,656492.0,Foster Griffin,L,824392,4:10 PM ET,Progressive Field,1,0,0.20689655172413793,2026-08-29,824392,,0,96.8,95.8,102.3,R,1,1,1,0,0,0,0,0,0,0,1,1,0,0,0,0,0,0.003,0.004,1,0,1,0,0,0,0.19444444444444445,0.19444444444444445,0.6944444444444444,0.3055555555555556,0.25,0.08333333333333333,0.027777777777777776,0.0,0.027777777777777776,0.6666666666666666,0.7333333333333333,0.2,0.08,0.56,0.28,0.04,0.30452380952380953,0.4084047619047619,0.5,0.2,0.4369666666666666,0.6449333333333332,0.23809523809523808,0.30952380952380953,0.3953488372093023,0.11764705882352941,0.35294117647058826,0.23529411764705882,0.7355371900826446,0.2146118721461187,0.4052863436123348,0.16299559471365638,0.4438202247191011,0.24719101123595505,0.0056179775280898875,7.623529411764705,1.7470588235294118,9.211764705882354,0.25217391304347825,0.5096734189460651,0.25618565278912375,0.5096734189460651,0.6666666666666666,,1.5,,,,,False,,0.5,,,,,False,,False
679845,Nick Loftin,KC,CLE,0,5.0,1.0,656492.0,Foster Griffin,L,824392,4:10 PM ET,Progressive Field,1,0,0.20689655172413793,2026-08-29,824392,,0,96.8,95.8,102.3,R,4,4,0,0,0,0,0,0,0,1,0,3,0,0,3,0,0,0.18100000000000002,0.26733333333333337,0,0,0,0,1,0,0.19230769230769232,0.3225806451612903,0.7115384615384616,0.24193548387096775,0.25,0.1346153846153846,0.016129032258064516,0.03225806451612903,0.07692307692307693,1.1333333333333333,1.0,0.2702702702702703,0.32432432432432434,0.35135135135135137,0.2972972972972973,0.0,0.26283,0.3807244444444445,0.3333333333333333,0.19047619047619047,0.22685,0.3436666666666667,0.22916666666666666,0.3541666666666667,0.19642857142857142,0.2,0.24,0.22033898305084745,0.7355371900826446,0.2146118721461187,0.4052863436123348,0.16299559471365638,0.4438202247191011,0.24719101123595505,0.0056179775280898875,7.623529411764705,1.7470588235294118,9.211764705882354,0.25217391304347825,0.6812160226701452,0.39065569839696684,0.6812160226701452,1.1333333333333333,,1.5,,,,,False,,0.5,,,,,False,,False
521692,Salvador Perez,KC,CLE,0,4.0,1.0,656492.0,Foster Griffin,L,824392,4:10 PM ET,Progressive Field,1,0,0.20689655172413793,2026-08-29,824392,,0,96.8,95.8,102.3,R,4,4,1,0,0,0,0,0,0,1,1,3,0,1,0,3,0,0.25133333333333335,0.2846666666666667,1,0,1,0,1,0,0.2545454545454545,0.288135593220339,0.8,0.1774193548387097,0.29545454545454547,0.09090909090909091,0.016129032258064516,0.03225806451612903,0.05454545454545454,1.2666666666666666,0.7333333333333333,0.4222222222222222,0.24444444444444444,0.4,0.3111111111111111,0.044444444444444446,0.34584111111111115,0.5474633333333333,0.25,0.3181818181818182,0.40169999999999995,0.7233333333333332,0.25,0.39285714285714285,0.18032786885245902,0.2222222222222222,0.35185185185185186,0.14754098360655737,0.7355371900826446,0.2146118721461187,0.4052863436123348,0.16299559471365638,0.4438202247191011,0.24719101123595505,0.0056179775280898875,7.623529411764705,1.7470588235294118,9.211764705882354,0.25217391304347825,0.681269293241241,0.4231218477784276,0.681269293241241,1.2666666666666666,,1.5,,,,,False,,0.5,,,,,False,,False
686475,Tyler Tolbert,KC,CLE,0,6.0,1.0,656492.0,Foster Griffin,L,824392,4:10 PM ET,Progressive Field,1,0,0.20689655172413793,2026-08-29,824392,,0,96.8,95.8,102.3,R,1,1,1,0,0,0,0,0,0,0,1,1,0,0,0,0,1,0.809,0.907,1,0,1,0,0,0,0.24390243902439024,0.3404255319148936,0.7317073170731707,0.23404255319148937,0.3333333333333333,0.07317073170731707,0.0,0.06382978723404255,0.07317073170731707,0.8666666666666667,0.7333333333333333,0.13333333333333333,0.2,0.4,0.3333333333333333,0.0,0.27995238095238095,0.33136904761904756,0.15384615384615385,0.26666666666666666,0.16613333333333333,0.19776666666666667,0.3170731707317073,0.43902439024390244,0.21739130434782608,0.3333333333333333,0.5641025641025641,0.0851063829787234,0.7355371900826446,0.2146118721461187,0.4052863436123348,0.16299559471365638,0.4438202247191011,0.24719101123595505,0.0056179775280898875,7.623529411764705,1.7470588235294118,9.211764705882354,0.25217391304347825,0.5730163749494908,0.3348732258460108,0.5730163749494908,0.8666666666666667,,1.5,,,,,False,,0.5,,,,,False,,False
805999,A.J. Ewing,NYM,HOU,1,7.0,1.0,656986.0,Bennett Sousa,L,823582,4:10 PM ET,Citi Field,0,0,0.22120658135283364,2026-08-29,823582,0.0,0,96.9,97.2,97.5,L,4,4,0,0,0,0,0,0,0,2,0,2,0,0,1,1,0,0.1335,0.1735,0,0,0,0,1,1,0.13559322033898305,0.203125,0.6440677966101694,0.328125,0.21052631578947367,0.01694915254237288,0.0,0.015625,0.01694915254237288,0.6,1.4,0.3684210526315789,0.3157894736842105,0.39473684210526316,0.2894736842105263,0.05263157894736842,0.3534047619047619,0.5287904761904761,0.18181818181818182,0.22727272727272727,0.33023333333333327,0.42938,0.17543859649122806,0.21052631578947367,0.2727272727272727,0.22807017543859648,0.42105263157894735,0.31746031746031744,0.6818181818181818,0.28205128205128205,0.4878048780487805,0.17073170731707318,0.43333333333333335,0.3333333333333333,0.0,5.0,1.0,12.0,0.32432432432432434,0.5999299335524945,0.3661944524175839,0.5999299335524945,0.6,,1.5,,,,,False,,0.5,,,,,False,,False
666182,Bo Bichette,NYM,HOU,1,3.0,1.0,656986.0,Bennett Sousa,L,823582,4:10 PM ET,Citi Field,1,0,0.22120658135283364,2026-08-29,823582,0.0,0,96.9,97.2,97.5,R,4,4,0,0,0,0,0,0,0,1,0,3,0,2,1,2,0,0.053,0.056333333333333326,0,0,0,0,1,0,0.3392857142857143,0.4126984126984127,0.8392857142857143,0.14285714285714285,0.36363636363636365,0.26785714285714285,0.047619047619047616,0.06349206349206349,0.14285714285714285,2.2666666666666666,0.6,0.5319148936170213,0.3829787234042553,0.3829787234042553,0.23404255319148937,0.0425531914893617,0.36743,0.5919444444444444,0.21052631578947367,0.15,0.3123333333333333,0.6034166666666666,0.29310344827586204,0.5172413793103449,0.14285714285714285,0.29508196721311475,0.45901639344262296,0.2647058823529412,0.6818181818181818,0.28205128205128205,0.4878048780487805,0.17073170731707318,0.43333333333333335,0.3333333333333333,0.0,5.0,1.0,12.0,0.32432432432432434,0.682923672266286,0.4626042059682587,0.682923672266286,2.2666666666666666,,1.5,,,,,False,,0.5,,,,,False,,False
683146,Brett Baty,NYM,HOU,1,8.0,1.0,656986.0,Bennett Sousa,L,823582,4:10 PM ET,Citi Field,0,0,0.22120658135283364,2026-08-29,823582,0.0,0,96.9,97.2,97.5,L,3,3,0,0,0,0,0,0,0,2,0,1,0,0,1,0,0,0.023,0.054,0,0,0,0,1,1,0.24390243902439024,0.32608695652173914,0.7073170731707317,0.2608695652173913,0.2962962962962963,0.21951219512195122,0.043478260869565216,0.06521739130434782,0.12195121951219512,1.2666666666666666,0.8,0.5862068965517241,0.3103448275862069,0.3448275862068966,0.3448275862068966,0.034482758620689655,0.33170238095238097,0.6693095238095238,0.4444444444444444,0.09090909090909091,0.3412333333333334,0.4785000000000001,0.1951219512195122,0.4146341463414634,0.32558139534883723,0.19148936170212766,0.2553191489361702,0.3392857142857143,0.6818181818181818,0.28205128205128205,0.4878048780487805,0.17073170731707318,0.43333333333333335,0.3333333333333333,0.0,5.0,1.0,12.0,0.32432432432432434,0.5673434097765164,0.3526376948025837,0.5673434097765164,1.2666666666666666,,1.5,,,,,False,,0.5,,,,,False,,False
701807,Carson Benge,NYM,HOU,1,4.0,1.0,656986.0,Bennett Sousa,L,823582,4:10 PM ET,Citi Field,0,0,0.22120658135283364,2026-08-29,823582,0.0,0,96.9,97.2,97.5,L,4,4,1,1,0,0,0,0,0,2,2,2,0,1,1,1,0,0.4,0.875,1,0,1,1,1,1,0.3333333333333333,0.3870967741935484,0.8070175438596491,0.1774193548387097,0.37209302325581395,0.19298245614035087,0.04838709677419355,0.03225806451612903,0.08771929824561403,2.0,0.7333333333333333,0.391304347826087,0.13043478260869565,0.4782608695652174,0.34782608695652173,0.0,0.31742333333333334,0.5213444444444445,0.42857142857142855,0.18181818181818182,0.38217,0.55795,0.3333333333333333,0.55,0.1875,0.23728813559322035,0.4067796610169492,0.234375,0.6818181818181818,0.28205128205128205,0.4878048780487805,0.17073170731707318,0.43333333333333335,0.3333333333333333,0.0,5.0,1.0,12.0,0.32432432432432434,0.6573608255744019,0.43425486755924886,0.6573608255744019,2.0,,1.5,,,,,False,,0.5,,,,,False,,False
682626,Francisco Alvarez,NYM,HOU,1,9.0,1.0,656986.0,Bennett Sousa,L,823582,4:10 PM ET,Citi Field,1,0,0.22120658135283364,2026-08-29,823582,0.0,0,96.9,97.2,97.5,R,3,3,0,0,0,0,0,0,0,1,0,2,0,1,0,2,0,0.0905,0.101,0,0,0,0,1,0,0.1568627450980392,0.2711864406779661,0.5294117647058824,0.4067796610169492,0.2692307692307692,0.09803921568627451,0.01694915254237288,0.03389830508474576,0.058823529411764705,0.8666666666666667,1.6,0.4074074074074074,0.14814814814814814,0.5185185185185185,0.25925925925925924,0.037037037037037035,0.3409305555555555,0.5556736111111111,0.1111111111111111,0.47368421052631576,0.4266249999999999,0.5055000000000004,0.16,0.28,0.3559322033898305,0.2,0.3,0.38333333333333336,0.6818181818181818,0.28205128205128205,0.4878048780487805,0.17073170731707318,0.43333333333333335,0.3333333333333333,0.0,5.0,1.0,12.0,0.32432432432432434,0.3416038781138435,0.1637852616577896,0.3416038781138435,0.8666666666666667,,1.5,,,,,False,,0.5,,,,,False,,False
596019,Francisco Lindor,NYM,HOU,1,1.0,1.0,656986.0,Bennett Sousa,L,823582,4:10 PM ET,Citi Field,0,0,0.22120658135283364,2026-08-29,823582,0.0,0,96.9,97.2,97.5,L,4,4,1,0,0,0,0,0,0,3,1,1,0,1,0,1,0,0.448,0.496,1,0,1,0,1,1,0.14285714285714285,0.21052631578947367,0.8,0.18421052631578946,0.14814814814814814,0.11428571428571428,0.02631578947368421,0.02631578947368421,0.05714285714285714,0.6,0.4666666666666667,0.25,0.10714285714285714,0.32142857142857145,0.39285714285714285,0.0,0.2168397435897436,0.42240384615384613,0.18181818181818182,0.3333333333333333,0.21512500000000004,0.49162500000000103,0.22807017543859648,0.3157894736842105,0.2153846153846154,0.2786885245901639,0.6885245901639344,0.18840579710144928,0.6818181818181818,0.28205128205128205,0.4878048780487805,0.17073170731707318,0.43333333333333335,0.3333333333333333,0.0,5.0,1.0,12.0,0.32432432432432434,0.47657350455167397,0.2288156103802997,0.47657350455167397,0.6,,1.5,,,,,False,,0.5,,,,,False,,False
676724,Jared Young,NYM,HOU,1,5.0,1.0,656986.0,Bennett Sousa,L,823582,4:10 PM ET,Citi Field,0,0,0.22120658135283364,2026-08-29,823582,0.0,0,96.9,97.2,97.5,L,3,3,0,0,0,0,0,0,0,1,0,2,0,0,1,1,0,0.16,0.2005,0,0,0,0,1,0,0.3333333333333333,0.3275862068965517,0.8421052631578947,0.15254237288135594,0.375,0.17543859649122806,0.01694915254237288,0.0847457627118644,0.12280701754385964,1.9333333333333333,0.6,0.3673469387755102,0.1836734693877551,0.42857142857142855,0.30612244897959184,0.0,0.2546611111111111,0.44306666666666666,0.25,0.19047619047619047,0.19658333333333333,0.3104666666666664,0.35185185185185186,0.5185185185185185,0.1206896551724138,0.2631578947368421,0.5,0.1794871794871795,0.6818181818181818,0.28205128205128205,0.4878048780487805,0.17073170731707318,0.43333333333333335,0.3333333333333333,0.0,5.0,1.0,12.0,0.32432432432432434,0.6617916693569645,0.4536201550064644,0.6617916693569645,1.9333333333333333,,1.5,,,,,False,,0.5,,,,,False,,False
665742,Juan Soto,NYM,HOU,1,2.0,1.0,656986.0,Bennett Sousa,L,823582,4:10 PM ET,Citi Field,0,0,0.22120658135283364,2026-08-29,823582,0.0,0,96.9,97.2,97.5,L,2,0,0,0,0,0,2,0,0,0,0,0,0,0,0,0,0,0.035333333333333335,0.06133333333333333,0,0,0,0,0,0,0.23529411764705882,0.4117647058823529,0.7647058823529411,0.17647058823529413,0.2222222222222222,0.23529411764705882,0.058823529411764705,0.0,0.0784313725490196,1.6,0.8,0.4,0.25,0.225,0.4,0.05,0.35997666666666667,0.7998455555555555,0.17647058823529413,0.21739130434782608,0.22004666666666664,0.25548666666666703,0.2391304347826087,0.5217391304347826,0.15384615384615385,0.35185185185185186,0.6666666666666666,0.06349206349206349,0.6818181818181818,0.28205128205128205,0.4878048780487805,0.17073170731707318,0.43333333333333335,0.3333333333333333,0.0,5.0,1.0,12.0,0.32432432432432434,0.5621699577876375,0.4136581359384377,0.5621699577876375,1.6,,1.5,,,,,False,,0.5,,,,,False,,False
543760,Marcus Semien,NYM,HOU,1,6.0,1.0,656986.0,Bennett Sousa,L,823582,4:10 PM ET,Citi Field,1,0,0.22120658135283364,2026-08-29,823582,0.0,0,96.9,97.2,97.5,R,3,2,2,0,0,0,1,0,0,0,2,2,0,1,1,1,0,0.6699999999999999,0.7395,1,1,1,1,0,0,0.20754716981132076,0.27586206896551724,0.7735849056603774,0.20689655172413793,0.2682926829268293,0.018867924528301886,0.0,0.017241379310344827,0.018867924528301886,0.8,0.8,0.14634146341463414,0.2682926829268293,0.43902439024390244,0.1951219512195122,0.0,0.32596555555555556,0.3823288888888889,0.21052631578947367,0.14285714285714285,0.3649466666666667,0.42175333333333354,0.2692307692307692,0.40384615384615385,0.1896551724137931,0.1346153846153846,0.21153846153846154,0.2,0.6818181818181818,0.28205128205128205,0.4878048780487805,0.17073170731707318,0.43333333333333335,0.3333333333333333,0.0,5.0,1.0,12.0,0.32432432432432434,0.6301146372840023,0.34244066742178053,0.6301146372840023,0.8,,1.5,,,,,False,,0.5,,,,,False,,False
543877,Christian Vázquez,HOU,NYM,0,9.0,1.0,690997.0,Nolan McLean,R,823582,4:10 PM ET,Citi Field,1,1,0.23297491039426524,2026-08-29,823582,0.0,0,96.9,97.2,97.5,R,3,3,0,0,0,0,0,0,0,2,0,1,0,0,0,1,0,0.108,0.117,0,0,0,0,1,1,0.21428571428571427,0.26666666666666666,0.6904761904761905,0.2826086956521739,0.25925925925925924,0.16666666666666666,0.043478260869565216,0.021739130434782608,0.07142857142857142,1.0666666666666667,0.8666666666666667,0.23333333333333334,0.26666666666666666,0.26666666666666666,0.26666666666666666,0.0,0.30135119047619047,0.5715476190476191,0.3076923076923077,0.26666666666666666,0.38576666666666665,1.0239333333333334,0.1951219512195122,0.36585365853658536,0.26666666666666666,0.17777777777777778,0.3111111111111111,0.1956521739130435,0.632,0.2112676056338028,0.37272727272727274,0.13636363636363635,0.43670886075949367,0.26582278481012656,0.0,7.553571428571429,1.125,9.803571428571427,0.24696356275303644,0.27072188869812713,0.1376955723835898,0.27072188869812713,1.0666666666666667,,1.5,,,,,False,,0.5,,,,,False,,False
572233,Christian Walker,HOU,NYM,0,6.0,1.0,690997.0,Nolan McLean,R,823582,4:10 PM ET,Citi Field,1,1,0.23297491039426524,2026-08-29,823582,0.0,0,96.9,97.2,97.5,R,4,4,0,0,0,0,0,0,0,2,0,2,0,0,0,2,0,0.206,0.2345,0,0,0,0,1,1,0.17857142857142858,0.22950819672131148,0.7857142857142857,0.19672131147540983,0.18604651162790697,0.125,0.03278688524590164,0.01639344262295082,0.05357142857142857,1.1333333333333333,0.8,0.35555555555555557,0.2222222222222222,0.5111111111111111,0.2,0.022222222222222223,0.2694155555555556,0.38915,0.23809523809523808,0.13636363636363635,0.2971166666666667,0.46298333333333364,0.21052631578947367,0.3684210526315789,0.22950819672131148,0.2653061224489796,0.5306122448979592,0.15789473684210525,0.632,0.2112676056338028,0.37272727272727274,0.13636363636363635,0.43670886075949367,0.26582278481012656,0.0,7.553571428571429,1.125,9.803571428571427,0.24696356275303644,0.5987511350505975,0.3406916293800275,0.5987511350505975,1.1333333333333333,,1.5,,,,,False,,0.5,,,,,False,,False
662139,Daulton Varsho,HOU,NYM,0,5.0,1.0,690997.0,Nolan McLean,R,823582,4:10 PM ET,Citi Field,0,1,0.23297491039426524,2026-08-29,823582,0.0,0,96.9,97.2,97.5,L,4,4,1,0,0,0,0,0,0,1,1,3,0,2,0,1,2,0.6563333333333333,0.7073333333333333,1,0,1,0,1,0,0.21666666666666667,0.25396825396825395,0.7333333333333333,0.25396825396825395,0.24390243902439024,0.2,0.047619047619047616,0.047619047619047616,0.1,1.6666666666666667,1.0666666666666667,0.4772727272727273,0.1590909090909091,0.38636363636363635,0.4090909090909091,0.045454545454545456,0.27545000000000003,0.5149055555555555,0.3181818181818182,0.21739130434782608,0.3649333333333332,0.6510333333333334,0.1864406779661017,0.3389830508474576,0.25,0.21428571428571427,0.2857142857142857,0.2033898305084746,0.632,0.2112676056338028,0.37272727272727274,0.13636363636363635,0.43670886075949367,0.26582278481012656,0.0,7.553571428571429,1.125,9.803571428571427,0.24696356275303644,0.5887902418582659,0.3515712923693255,0.5887902418582659,1.6666666666666667,,1.5,,,,,False,,0.5,,,,,False,,False
670623,Isaac Paredes,HOU,NYM,0,3.0,1.0,690997.0,Nolan McLean,R,823582,4:10 PM ET,Citi Field,1,1,0.23297491039426524,2026-08-29,823582,0.0,0,96.9,97.2,97.5,R,4,2,0,0,0,0,2,0,0,0,0,2,0,1,0,2,0,0.33949999999999997,0.373,0,0,0,0,0,0,0.33962264150943394,0.4461538461538462,0.9622641509433962,0.029850746268656716,0.32,0.16981132075471697,0.029850746268656716,0.04477611940298507,0.09433962264150944,1.8,0.13333333333333333,0.19230769230769232,0.3076923076923077,0.2692307692307692,0.3076923076923077,0.019230769230769232,0.2691844444444444,0.3694377777777778,0.23529411764705882,0.08695652173913043,0.23620000000000002,0.2894666666666666,0.3469387755102041,0.5510204081632653,0.031746031746031744,0.25806451612903225,0.3225806451612903,0.16417910447761194,0.632,0.2112676056338028,0.37272727272727274,0.13636363636363635,0.43670886075949367,0.26582278481012656,0.0,7.553571428571429,1.125,9.803571428571427,0.24696356275303644,0.6618550884684931,0.3595722444068871,0.6618550884684931,1.8,,1.5,,,,,False,,0.5,,,,,False,,False
665161,Jeremy Peña,HOU,NYM,0,1.0,1.0,690997.0,Nolan McLean,R,823582,4:10 PM ET,Citi Field,1,1,0.23297491039426524,2026-08-29,823582,0.0,0,96.9,97.2,97.5,R,4,3,1,0,0,0,1,0,0,1,1,2,0,0,0,2,0,0.1795,0.1875,1,0,1,0,1,0,0.1774193548387097,0.19047619047619047,0.6129032258064516,0.38095238095238093,0.22857142857142856,0.1935483870967742,0.047619047619047616,0.047619047619047616,0.0967741935483871,1.5333333333333334,1.6,0.3157894736842105,0.05263157894736842,0.6052631578947368,0.2894736842105263,0.02631578947368421,0.3121785714285714,0.5006309523809523,0.2727272727272727,0.4782608695652174,0.46094999999999997,0.8425666666666667,0.16393442622950818,0.36065573770491804,0.34375,0.20634920634920634,0.23809523809523808,0.26865671641791045,0.632,0.2112676056338028,0.37272727272727274,0.13636363636363635,0.43670886075949367,0.26582278481012656,0.0,7.553571428571429,1.125,9.803571428571427,0.24696356275303644,0.6237680847339894,0.37511515880181784,0.6237680847339894,1.5333333333333334,,1.5,,,,,False,,0.5,,,,,False,,False
514888,Jose Altuve,HOU,NYM,0,4.0,1.0,690997.0,Nolan McLean,R,823582,4:10 PM ET,Citi Field,1,1,0.23297491039426524,2026-08-29,823582,0.0,0,96.9,97.2,97.5,R,4,3,1,0,0,0,1,0,0,0,1,3,0,2,1,2,0,0.19566666666666666,0.227,1,0,1,0,0,0,0.25,0.3103448275862069,0.7692307692307693,0.20689655172413793,0.3,0.1346153846153846,0.017241379310344827,0.034482758620689655,0.07692307692307693,1.3333333333333333,0.8,0.34146341463414637,0.2926829268292683,0.4146341463414634,0.17073170731707318,0.0,0.25549404761904765,0.33155357142857145,0.2,0.22727272727272727,0.2957666666666666,0.4022000000000002,0.2807017543859649,0.45614035087719296,0.1774193548387097,0.2413793103448276,0.4482758620689655,0.22580645161290322,0.632,0.2112676056338028,0.37272727272727274,0.13636363636363635,0.43670886075949367,0.26582278481012656,0.0,7.553571428571429,1.125,9.803571428571427,0.24696356275303644,0.6480563155759658,0.35545739931784676,0.6480563155759658,1.3333333333333333,,1.5,,,,,False,,0.5,,,,,False,,False
669397,Nick Allen,HOU,NYM,0,8.0,1.0,690997.0,Nolan McLean,R,823582,4:10 PM ET,Citi Field,1,1,0.23297491039426524,2026-08-29,823582,0.0,0,96.9,97.2,97.5,R,1,1,1,0,0,0,0,0,0,0,1,1,0,1,0,1,0,0.574,0.641,1,0,1,0,0,0,0.30303030303030304,0.3333333333333333,0.8484848484848485,0.13157894736842105,0.32142857142857145,0.12121212121212122,0.02631578947368421,0.02631578947368421,0.06060606060606061,0.9333333333333333,0.3333333333333333,0.3548387096774194,0.25806451612903225,0.5483870967741935,0.12903225806451613,0.0,0.3211785714285714,0.39727976190476183,0.3333333333333333,0.2,0.38912500000000005,0.5314375,0.2727272727272727,0.36363636363636365,0.18421052631578946,0.375,0.53125,0.15789473684210525,0.632,0.2112676056338028,0.37272727272727274,0.13636363636363635,0.43670886075949367,0.26582278481012656,0.0,7.553571428571429,1.125,9.803571428571427,0.24696356275303644,0.48003345605855835,0.26091105529025044,0.48003345605855835,0.9333333333333333,,1.5,,,,,False,,0.5,,,,,False,,False
666211,Taylor Trammell,HOU,NYM,0,7.0,1.0,690997.0,Nolan McLean,R,823582,4:10 PM ET,Citi Field,0,1,0.23297491039426524,2026-08-29,823582,0.0,0,96.9,97.2,97.5,L,2,2,0,0,0,0,0,0,0,0,0,2,0,0,0,1,1,0.244,0.26849999999999996,0,0,0,0,0,0,0.12195121951219512,0.2,0.6097560975609756,0.35555555555555557,0.16666666666666666,0.12195121951219512,0.022222222222222223,0.0,0.04878048780487805,0.6666666666666666,1.0666666666666667,0.48,0.12,0.4,0.36,0.04,0.27892948717948723,0.6619679487179487,0.18181818181818182,0.08333333333333333,0.2827500000000001,0.48805000000000015,0.12195121951219512,0.24390243902439024,0.35555555555555557,0.2571428571428571,0.45714285714285713,0.3076923076923077,0.632,0.2112676056338028,0.37272727272727274,0.13636363636363635,0.43670886075949367,0.26582278481012656,0.0,7.553571428571429,1.125,9.803571428571427,0.24696356275303644,0.4778332414695515,0.29456873790692734,0.4778332414695515,0.6666666666666666,,1.5,,,,,False,,0.5,,,,,False,,False
670541,Yordan Alvarez,HOU,NYM,0,2.0,1.0,690997.0,Nolan McLean,R,823582,4:10 PM ET,Citi Field,0,1,0.23297491039426524,2026-08-29,823582,0.0,0,96.9,97.2,97.5,L,4,2,0,0,0,0,2,0,0,0,0,2,0,1,1,1,0,0.353,0.4275,0,0,0,0,0,0,0.3,0.42857142857142855,0.76,0.19047619047619047,0.3684210526315789,0.18,0.015873015873015872,0.06349206349206349,0.12,1.6,0.8,0.5128205128205128,0.358974358974359,0.23076923076923078,0.358974358974359,0.0,0.3326088888888889,0.5340788888888889,0.2777777777777778,0.30434782608695654,0.3874,0.6013000000000004,0.2727272727272727,0.43636363636363634,0.234375,0.2545454545454545,0.32727272727272727,0.1791044776119403,0.632,0.2112676056338028,0.37272727272727274,0.13636363636363635,0.43670886075949367,0.26582278481012656,0.0,7.553571428571429,1.125,9.803571428571427,0.24696356275303644,0.6237680847339894,0.40623132621615077,0.6237680847339894,1.6,,1.5,,,,,False,,0.5,,,,,False,,False
656775,Cedric Mullins,TB,SD,1,8.0,1.0,621111.0,Walker Buehler,R,822936,4:10 PM ET,Tropicana Field,0,1,0.15061295971978983,2026-08-29,822936,1.0,0,100.7,100.8,107.1,L,4,4,1,0,0,1,0,0,0,0,4,4,0,1,1,2,0,0.14875,0.2125,1,0,1,1,0,0,0.1956521739130435,0.3090909090909091,0.8260869565217391,0.14285714285714285,0.23076923076923078,0.08695652173913043,0.0,0.03571428571428571,0.06521739130434782,0.8666666666666667,0.5333333333333333,0.358974358974359,0.10256410256410256,0.358974358974359,0.38461538461538464,0.02564102564102564,0.2417633333333333,0.41350999999999993,0.15384615384615385,0.17647058823529413,0.2561666666666667,0.5292,0.1956521739130435,0.2826086956521739,0.14285714285714285,0.25,0.4375,0.15254237288135594,0.680952380952381,0.21052631578947367,0.46111111111111114,0.2111111111111111,0.44755244755244755,0.3006993006993007,0.027972027972027972,9.414473684210526,1.4210526315789476,8.703947368421053,0.22580645161290322,0.5502444938807202,0.34523542137923996,0.5502444938807202,0.8666666666666667,,1.5,,,,,False,,0.5,,,,,False,,False
802415,Chandler Simpson,TB,SD,1,5.0,1.0,621111.0,Walker Buehler,R,822936,4:10 PM ET,Tropicana Field,0,1,0.15061295971978983,2026-08-29,822936,1.0,0,100.7,100.8,107.1,L,4,4,2,1,0,0,0,0,0,0,3,4,0,1,0,4,0,0.187,0.20725,1,1,1,1,0,0,0.35,0.375,0.95,0.046153846153846156,0.3620689655172414,0.016666666666666666,0.0,0.015384615384615385,0.016666666666666666,1.4666666666666666,0.2,0.0847457627118644,0.1864406779661017,0.6440677966101694,0.13559322033898305,0.0,0.2761988888888889,0.31006111111111107,0.35294117647058826,0.0,0.29945,0.33268333333333333,0.3709677419354839,0.3870967741935484,0.030303030303030304,0.42592592592592593,0.5555555555555556,0.0847457627118644,0.680952380952381,0.21052631578947367,0.46111111111111114,0.2111111111111111,0.44755244755244755,0.3006993006993007,0.027972027972027972,9.414473684210526,1.4210526315789476,8.703947368421053,0.22580645161290322,0.6548166032888902,0.35565397923614767,0.6548166032888902,1.4666666666666666,,1.5,,,,,False,,0.5,,,,,False,,False
666018,Jonathan Aranda,TB,SD,1,2.0,1.0,621111.0,Walker Buehler,R,822936,4:10 PM ET,Tropicana Field,0,1,0.15061295971978983,2026-08-29,822936,1.0,0,100.7,100.8,107.1,L,5,4,1,0,0,0,1,0,0,1,1,3,0,2,0,1,2,0.452,0.606,1,0,1,0,1,0,0.22033898305084745,0.2698412698412698,0.711864406779661,0.2698412698412698,0.2926829268292683,0.0847457627118644,0.015873015873015872,0.031746031746031744,0.05084745762711865,1.2,1.1333333333333333,0.4523809523809524,0.2619047619047619,0.40476190476190477,0.2857142857142857,0.047619047619047616,0.31823690476190475,0.48313214285714284,0.2222222222222222,0.2,0.29814999999999997,0.41289999999999993,0.26666666666666666,0.35,0.234375,0.22807017543859648,0.3684210526315789,0.25,0.680952380952381,0.21052631578947367,0.46111111111111114,0.2111111111111111,0.44755244755244755,0.3006993006993007,0.027972027972027972,9.414473684210526,1.4210526315789476,8.703947368421053,0.22580645161290322,0.6573608255744019,0.399100931671849,0.6573608255744019,1.2,,1.5,,,,,False,,0.5,,,,,False,,False
676356,Jonny DeLuca,TB,SD,1,6.0,1.0,621111.0,Walker Buehler,R,822936,4:10 PM ET,Tropicana Field,1,1,0.15061295971978983,2026-08-29,822936,1.0,0,100.7,100.8,107.1,R,4,3,1,0,0,0,1,0,0,1,1,2,0,0,1,1,0,0.109,0.134,1,0,1,0,1,0,0.32,0.3333333333333333,0.86,0.13725490196078433,0.37209302325581395,0.1,0.0,0.09803921568627451,0.1,1.4,0.4666666666666667,0.3023255813953488,0.23255813953488372,0.4883720930232558,0.16279069767441862,0.0,0.26039880952380956,0.3440333333333333,0.35,0.15,0.3323000000000001,0.41993333333333327,0.26785714285714285,0.4107142857142857,0.22413793103448276,0.2765957446808511,0.425531914893617,0.19148936170212766,0.680952380952381,0.21052631578947367,0.46111111111111114,0.2111111111111111,0.44755244755244755,0.3006993006993007,0.027972027972027972,9.414473684210526,1.4210526315789476,8.703947368421053,0.22580645161290322,0.6204453861601676,0.3443120065181963,0.6204453861601676,1.4,,1.5,,,,,False,,0.5,,,,,False,,False
691406,Junior Caminero,TB,SD,1,3.0,1.0,621111.0,Walker Buehler,R,822936,4:10 PM ET,Tropicana Field,1,1,0.15061295971978983,2026-08-29,822936,1.0,0,100.7,100.8,107.1,R,5,4,1,0,0,0,0,1,0,0,1,4,0,2,3,1,0,0.21075000000000002,0.296,1,0,1,0,0,0,0.3050847457627119,0.3492063492063492,0.8135593220338984,0.1746031746031746,0.3617021276595745,0.0847457627118644,0.015873015873015872,0.031746031746031744,0.05084745762711865,1.5333333333333334,0.7333333333333333,0.4791666666666667,0.16666666666666666,0.5833333333333334,0.1875,0.0,0.32445333333333337,0.4615744444444445,0.3888888888888889,0.1,0.3781333333333333,0.4491666666666667,0.2413793103448276,0.3620689655172414,0.18461538461538463,0.24528301886792453,0.49056603773584906,0.21666666666666667,0.680952380952381,0.21052631578947367,0.46111111111111114,0.2111111111111111,0.44755244755244755,0.3006993006993007,0.027972027972027972,9.414473684210526,1.4210526315789476,8.703947368421053,0.22580645161290322,0.669038806050423,0.4093736220834315,0.669038806050423,1.5333333333333334,,1.5,,,,,False,,0.5,,,,,False,,False
689414,Liam Hicks,TB,SD,1,4.0,1.0,621111.0,Walker Buehler,R,822936,4:10 PM ET,Tropicana Field,0,1,0.15061295971978983,2026-08-29,822936,1.0,0,100.7,100.8,107.1,L,3,3,0,0,0,0,0,0,0,0,0,3,0,0,1,1,0,0.125,0.15366666666666665,0,0,0,0,0,0,0.3181818181818182,0.42592592592592593,0.8636363636363636,0.1111111111111111,0.32432432432432434,0.20454545454545456,0.037037037037037035,0.05555555555555555,0.11363636363636363,1.5333333333333334,0.4,0.23076923076923078,0.38461538461538464,0.3076923076923077,0.20512820512820512,0.02564102564102564,0.28770833333333334,0.3939690476190476,0.35714285714285715,0.11764705882352941,0.36328333333333335,0.5320833333333332,0.3125,0.5625,0.06666666666666667,0.19148936170212766,0.19148936170212766,0.1206896551724138,0.680952380952381,0.21052631578947367,0.46111111111111114,0.2111111111111111,0.44755244755244755,0.3006993006993007,0.027972027972027972,9.414473684210526,1.4210526315789476,8.703947368421053,0.22580645161290322,0.6345982003065643,0.36526302843283837,0.6345982003065643,1.5333333333333334,,1.5,,,,,False,,0.5,,,,,False,,False
680700,Richie Palacios,TB,SD,1,7.0,1.0,621111.0,Walker Buehler,R,822936,4:10 PM ET,Tropicana Field,0,1,0.15061295971978983,2026-08-29,822936,1.0,0,100.7,100.8,107.1,L,4,3,0,0,0,0,0,0,0,0,0,4,0,1,1,3,0,0.1506666666666667,0.16866666666666666,0,0,0,0,0,0,0.2553191489361702,0.32075471698113206,0.8297872340425532,0.1509433962264151,0.3,0.0851063829787234,0.0,0.07547169811320754,0.0851063829787234,1.0666666666666667,0.5333333333333333,0.3,0.275,0.35,0.25,0.0,0.306952380952381,0.39030952380952383,0.05263157894736842,0.15789473684210525,0.18220000000000006,0.22669999999999996,0.2553191489361702,0.3404255319148936,0.16071428571428573,0.32558139534883723,0.4418604651162791,0.1346153846153846,0.680952380952381,0.21052631578947367,0.46111111111111114,0.2111111111111111,0.44755244755244755,0.3006993006993007,0.027972027972027972,9.414473684210526,1.4210526315789476,8.703947368421053,0.22580645161290322,0.5635564275237943,0.32369594848126115,0.5635564275237943,1.0666666666666667,,1.5,,,,,False,,0.5,,,,,False,,False
670764,Taylor Walls,TB,SD,1,9.0,1.0,621111.0,Walker Buehler,R,822936,4:10 PM ET,Tropicana Field,0,1,0.15061295971978983,2026-08-29,822936,1.0,0,100.7,100.8,107.1,L,4,4,2,0,0,0,0,0,0,1,2,3,0,1,1,2,0,0.3443333333333333,0.5896666666666667,1,1,1,1,1,0,0.18181818181818182,0.2702702702702703,0.8181818181818182,0.15384615384615385,0.2222222222222222,0.0,0.0,0.0,0.0,0.4,0.4,0.25,0.14285714285714285,0.5714285714285714,0.17857142857142858,0.0,0.2545476190476191,0.3407976190476191,0.0,0.2727272727272727,0.18712500000000015,0.30337500000000023,0.23255813953488372,0.37209302325581395,0.16666666666666666,0.1875,0.25,0.34,0.680952380952381,0.21052631578947367,0.46111111111111114,0.2111111111111111,0.44755244755244755,0.3006993006993007,0.027972027972027972,9.414473684210526,1.4210526315789476,8.703947368421053,0.22580645161290322,0.37810198477228524,0.1602259311689853,0.37810198477228524,0.4,,1.5,,,,,False,,0.5,,,,,False,,False
650490,Yandy Díaz,TB,SD,1,1.0,1.0,621111.0,Walker Buehler,R,822936,4:10 PM ET,Tropicana Field,1,1,0.15061295971978983,2026-08-29,822936,1.0,0,100.7,100.8,107.1,R,5,5,2,0,0,1,0,0,0,2,5,3,1,3,2,0,1,0.5616666666666666,1.3216666666666668,1,1,1,1,1,1,0.2903225806451613,0.35294117647058826,0.9032258064516129,0.08823529411764706,0.2830188679245283,0.14516129032258066,0.04411764705882353,0.0,0.04838709677419355,1.8,0.4,0.4107142857142857,0.125,0.6964285714285714,0.10714285714285714,0.03571428571428571,0.31298777777777775,0.4897755555555556,0.2,0.0,0.22488333333333338,0.25667333333333314,0.3125,0.453125,0.07246376811594203,0.288135593220339,0.423728813559322,0.12121212121212122,0.680952380952381,0.21052631578947367,0.46111111111111114,0.2111111111111111,0.44755244755244755,0.3006993006993007,0.027972027972027972,9.414473684210526,1.4210526315789476,8.703947368421053,0.22580645161290322,0.6875929435932938,0.40587355984368356,0.6875929435932938,1.8,,1.5,,,,,False,,0.5,,,,,False,,False
687957,Dustin Harris,SD,TB,0,9.0,1.0,607259.0,Nick Martinez,R,822936,4:10 PM ET,Tropicana Field,0,1,0.2067137809187279,2026-08-29,822936,1.0,0,100.7,100.8,107.1,L,2,1,1,0,0,0,0,0,0,0,1,2,0,1,0,1,1,0.506,0.942,1,0,1,0,0,0,0.21428571428571427,0.2765957446808511,0.8333333333333334,0.14583333333333334,0.25,0.09523809523809523,0.0,0.041666666666666664,0.07142857142857142,0.8666666666666667,0.4666666666666667,0.16216216216216217,0.2972972972972973,0.35135135135135137,0.2702702702702703,0.0,0.30744642857142856,0.39181547619047624,0.3125,0.1111111111111111,0.2959333333333333,0.35005000000000003,0.18181818181818182,0.2727272727272727,0.17647058823529413,0.35714285714285715,0.42857142857142855,0.26666666666666666,0.8205128205128205,0.21962616822429906,0.42857142857142855,0.17410714285714285,0.3489583333333333,0.3072916666666667,0.026041666666666668,9.620689655172413,1.0862068965517242,5.120689655172414,0.1375,0.49773472601765345,0.24545739059027336,0.49773472601765345,0.8666666666666667,,1.5,,,,,False,,0.5,,,,,False,,False
665487,Fernando Tatis Jr.,SD,TB,0,1.0,1.0,607259.0,Nick Martinez,R,822936,4:10 PM ET,Tropicana Field,1,1,0.2067137809187279,2026-08-29,822936,1.0,0,100.7,100.8,107.1,R,4,4,1,0,0,0,0,0,0,0,1,4,0,2,0,2,2,0.45375,0.55125,1,0,1,0,0,0,0.30357142857142855,0.375,0.8571428571428571,0.125,0.2558139534883721,0.375,0.09375,0.046875,0.16071428571428573,2.533333333333333,0.5333333333333333,0.6530612244897959,0.3469387755102041,0.40816326530612246,0.22448979591836735,0.04081632653061224,0.4192261904761905,0.7950738095238096,0.30434782608695654,0.21739130434782608,0.46061666666666656,0.8122000000000001,0.2711864406779661,0.576271186440678,0.12121212121212122,0.3103448275862069,0.7758620689655172,0.1323529411764706,0.8205128205128205,0.21962616822429906,0.42857142857142855,0.17410714285714285,0.3489583333333333,0.3072916666666667,0.026041666666666668,9.620689655172413,1.0862068965517242,5.120689655172414,0.1375,0.6495952110985062,0.4163485516822918,0.6495952110985062,2.533333333333333,,1.5,,,,,False,,0.5,,,,,False,,False
657757,Gavin Sheets,SD,TB,0,7.0,1.0,607259.0,Nick Martinez,R,822936,4:10 PM ET,Tropicana Field,0,1,0.2067137809187279,2026-08-29,822936,1.0,0,100.7,100.8,107.1,L,3,3,0,0,0,0,0,0,0,0,0,3,0,0,2,0,0,0.015333333333333332,0.021666666666666667,0,0,0,0,0,0,0.1875,0.3333333333333333,0.75,0.20512820512820512,0.18181818181818182,0.1875,0.05128205128205128,0.0,0.0625,0.8,0.5333333333333333,0.375,0.16666666666666666,0.5416666666666666,0.16666666666666666,0.0,0.31950694444444444,0.55525,0.25,0.18181818181818182,0.40512500000000007,0.4447500000000001,0.20689655172413793,0.41379310344827586,0.19444444444444445,0.16666666666666666,0.1875,0.2033898305084746,0.8205128205128205,0.21962616822429906,0.42857142857142855,0.17410714285714285,0.3489583333333333,0.3072916666666667,0.026041666666666668,9.620689655172413,1.0862068965517242,5.120689655172414,0.1375,0.44960246361705214,0.2705646760689639,0.44960246361705214,0.8,,1.5,,,,,False,,0.5,,,,,False,,False
701538,Jackson Merrill,SD,TB,0,5.0,1.0,607259.0,Nick Martinez,R,822936,4:10 PM ET,Tropicana Field,0,1,0.2067137809187279,2026-08-29,822936,1.0,0,100.7,100.8,107.1,L,4,3,2,0,0,1,1,0,0,0,5,3,1,1,2,0,1,0.5886666666666667,1.3760000000000001,1,1,1,1,0,0,0.19642857142857142,0.25806451612903225,0.6607142857142857,0.3064516129032258,0.22857142857142856,0.25,0.04838709677419355,0.04838709677419355,0.125,1.6666666666666667,1.2666666666666666,0.47368421052631576,0.3157894736842105,0.21052631578947367,0.42105263157894735,0.05263157894736842,0.3689047619047619,0.6822214285714285,0.25,0.18181818181818182,0.38056666666666666,0.80122,0.24561403508771928,0.6140350877192983,0.19047619047619047,0.2698412698412698,0.42857142857142855,0.328125,0.8205128205128205,0.21962616822429906,0.42857142857142855,0.17410714285714285,0.3489583333333333,0.3072916666666667,0.026041666666666668,9.620689655172413,1.0862068965517242,5.120689655172414,0.1375,0.5522032264494242,0.3854159989714426,0.5522032264494242,1.6666666666666667,,1.5,,,,,False,,0.5,,,,,False,,False
630105,Jake Cronenworth,SD,TB,0,2.0,1.0,607259.0,Nick Martinez,R,822936,4:10 PM ET,Tropicana Field,0,1,0.2067137809187279,2026-08-29,822936,1.0,0,100.7,100.8,107.1,L,3,2,0,0,0,0,1,0,0,1,0,1,0,0,0,1,0,0.204,0.222,0,0,0,0,1,0,0.2711864406779661,0.3384615384615385,0.6610169491525424,0.30303030303030304,0.39473684210526316,0.11864406779661017,0.015151515151515152,0.06060606060606061,0.0847457627118644,1.5333333333333334,1.3333333333333333,0.23076923076923078,0.23076923076923078,0.46153846153846156,0.20512820512820512,0.0,0.32649999999999996,0.4026,0.2727272727272727,0.34782608695652173,0.41533333333333344,0.49583333333333374,0.2222222222222222,0.30158730158730157,0.29411764705882354,0.2857142857142857,0.3469387755102041,0.15254237288135594,0.8205128205128205,0.21962616822429906,0.42857142857142855,0.17410714285714285,0.3489583333333333,0.3072916666666667,0.026041666666666668,9.620689655172413,1.0862068965517242,5.120689655172414,0.1375,0.6455395517520488,0.4093825075922941,0.6455395517520488,1.5333333333333334,,1.5,,,,,False,,0.5,,,,,False,,False
669134,Luis Campusano,SD,TB,0,6.0,1.0,607259.0,Nick Martinez,R,822936,4:10 PM ET,Tropicana Field,1,1,0.2067137809187279,2026-08-29,822936,1.0,0,100.7,100.8,107.1,R,3,3,0,0,0,0,0,0,0,2,0,1,0,0,0,0,0,0.009,0.012,0,0,0,0,1,1,0.30434782608695654,0.4074074074074074,0.8043478260869565,0.16666666666666666,0.3611111111111111,0.13043478260869565,0.018518518518518517,0.05555555555555555,0.08695652173913043,1.3333333333333333,0.6,0.40540540540540543,0.2702702702702703,0.35135135135135137,0.21621621621621623,0.02702702702702703,0.3101333333333333,0.4546277777777778,0.08333333333333333,0.1875,0.18739999999999996,0.20156666666666667,0.2553191489361702,0.3404255319148936,0.2222222222222222,0.2631578947368421,0.3684210526315789,0.23404255319148937,0.8205128205128205,0.21962616822429906,0.42857142857142855,0.17410714285714285,0.3489583333333333,0.3072916666666667,0.026041666666666668,9.620689655172413,1.0862068965517242,5.120689655172414,0.1375,0.6014944327869518,0.3532938874502718,0.6014944327869518,1.3333333333333333,,1.5,,,,,False,,0.5,,,,,False,,False
650859,Luis Rengifo,SD,TB,0,8.0,1.0,607259.0,Nick Martinez,R,822936,4:10 PM ET,Tropicana Field,1,1,0.2067137809187279,2026-08-29,822936,1.0,0,100.7,100.8,107.1,R,3,3,0,0,0,0,0,0,0,0,0,3,0,1,0,1,1,0.272,0.31633333333333336,0,0,0,0,0,0,0.25,0.29411764705882354,0.78125,0.20588235294117646,0.2916666666666667,0.125,0.029411764705882353,0.029411764705882353,0.0625,0.8,0.4666666666666667,0.32,0.2,0.6,0.2,0.0,0.27774242424242424,0.4034090909090909,0.18181818181818182,0.36363636363636365,0.31762500000000005,0.43441666666666634,0.22,0.3,0.21818181818181817,0.35714285714285715,0.42857142857142855,0.2,0.8205128205128205,0.21962616822429906,0.42857142857142855,0.17410714285714285,0.3489583333333333,0.3072916666666667,0.026041666666666668,9.620689655172413,1.0862068965517242,5.120689655172414,0.1375,0.4850356318450412,0.28107048278747565,0.4850356318450412,0.8,,1.5,,,,,False,,0.5,,,,,False,,False
592518,Manny Machado,SD,TB,0,3.0,1.0,607259.0,Nick Martinez,R,822936,4:10 PM ET,Tropicana Field,1,1,0.2067137809187279,2026-08-29,822936,1.0,0,100.7,100.8,107.1,R,4,4,0,0,0,0,0,0,0,2,0,2,0,0,0,2,0,0.2635,0.28,0,0,0,0,1,1,0.22413793103448276,0.3283582089552239,0.8103448275862069,0.16417910447761194,0.2608695652173913,0.05172413793103448,0.014925373134328358,0.0,0.017241379310344827,1.0666666666666667,0.7333333333333333,0.44680851063829785,0.2127659574468085,0.46808510638297873,0.1702127659574468,0.0,0.3073633333333333,0.41562,0.1111111111111111,0.17391304347826086,0.2753333333333335,0.40153333333333335,0.125,0.125,0.19696969696969696,0.3275862068965517,0.5862068965517241,0.19696969696969696,0.8205128205128205,0.21962616822429906,0.42857142857142855,0.17410714285714285,0.3489583333333333,0.3072916666666667,0.026041666666666668,9.620689655172413,1.0862068965517242,5.120689655172414,0.1375,0.681269293241241,0.3981526935903217,0.681269293241241,1.0666666666666667,,1.5,,,,,False,,0.5,,,,,False,,False
664034,Ty France,SD,TB,0,4.0,1.0,607259.0,Nick Martinez,R,822936,4:10 PM ET,Tropicana Field,1,1,0.2067137809187279,2026-08-29,822936,1.0,0,100.7,100.8,107.1,R,4,3,0,0,0,0,1,0,0,2,0,1,0,0,0,0,0,0.003,0.003,0,0,0,0,1,1,0.29411764705882354,0.4307692307692308,0.803921568627451,0.15384615384615385,0.325,0.1568627450980392,0.03076923076923077,0.03076923076923077,0.0784313725490196,1.5333333333333334,0.6666666666666666,0.47619047619047616,0.23809523809523808,0.40476190476190477,0.23809523809523808,0.023809523809523808,0.3211111111111112,0.5862722222222223,0.1875,0.09090909090909091,0.23596666666666657,0.2902999999999999,0.26,0.36,0.14285714285714285,0.2962962962962963,0.6296296296296297,0.234375,0.8205128205128205,0.21962616822429906,0.42857142857142855,0.17410714285714285,0.3489583333333333,0.3072916666666667,0.026041666666666668,9.620689655172413,1.0862068965517242,5.120689655172414,0.1375,0.6444426857865312,0.3940613761483527,0.6444426857865312,1.5333333333333334,,1.5,,,,,False,,0.5,,,,,False,,False
663586,Austin Riley,ATL,COL,1,8.0,1.0,688642.0,Zach Agnos,R,824874,4:10 PM ET,Truist Park,1,1,0.2320754716981132,2026-08-29,824874,0.0,0,100.6,98.4,97.1,R,3,3,0,0,0,0,0,0,0,2,0,1,0,1,0,0,1,0.854,1.067,0,0,0,0,1,1,0.23529411764705882,0.2982456140350877,0.5882352941176471,0.3684210526315789,0.36666666666666664,0.11764705882352941,0.017543859649122806,0.05263157894736842,0.0784313725490196,1.2,1.4,0.5161290322580645,0.25806451612903225,0.3225806451612903,0.3870967741935484,0.0967741935483871,0.40055357142857145,0.7162738095238096,0.1875,0.35,0.3257083333333334,0.4168333333333335,0.1568627450980392,0.19607843137254902,0.40350877192982454,0.23529411764705882,0.45098039215686275,0.3275862068965517,0.7951807228915663,0.22077922077922077,0.32051282051282054,0.08974358974358974,0.45454545454545453,0.3181818181818182,0.015151515151515152,13.298507462686565,2.014925373134328,5.641791044776118,0.12727272727272726,0.608339103902906,0.3525657538392924,0.608339103902906,1.2,,1.5,,,,,False,,0.5,,,,,False,,False
642086,Dominic Smith,ATL,COL,1,9.0,1.0,688642.0,Zach Agnos,R,824874,4:10 PM ET,Truist Park,0,1,0.2320754716981132,2026-08-29,824874,0.0,0,100.6,98.4,97.1,L,4,4,1,0,0,0,0,0,0,0,1,4,0,0,1,3,0,0.074,0.0845,1,0,1,0,0,0,0.24242424242424243,0.3055555555555556,0.6666666666666666,0.3055555555555556,0.3333333333333333,0.09090909090909091,0.027777777777777776,0.0,0.030303030303030304,0.7333333333333333,0.7333333333333333,0.13636363636363635,0.2727272727272727,0.36363636363636365,0.3181818181818182,0.045454545454545456,0.2613111111111111,0.4452407407407407,0.125,0.4444444444444444,0.1936666666666667,0.22400000000000003,0.2571428571428571,0.42857142857142855,0.2631578947368421,0.2,0.38,0.1864406779661017,0.7951807228915663,0.22077922077922077,0.32051282051282054,0.08974358974358974,0.45454545454545453,0.3181818181818182,0.015151515151515152,13.298507462686565,2.014925373134328,5.641791044776118,0.12727272727272726,0.42925167925588265,0.23796515691988798,0.42925167925588265,0.7333333333333333,,1.5,,,,,False,,0.5,,,,,False,,False
686948,Drake Baldwin,ATL,COL,1,1.0,1.0,688642.0,Zach Agnos,R,824874,4:10 PM ET,Truist Park,0,1,0.2320754716981132,2026-08-29,824874,0.0,0,100.6,98.4,97.1,L,5,5,2,0,0,0,0,0,0,1,2,4,0,3,1,2,1,0.42000000000000004,0.5337500000000001,1,1,1,1,1,0,0.29310344827586204,0.3492063492063492,0.7758620689655172,0.20634920634920634,0.3488372093023256,0.1896551724137931,0.031746031746031744,0.07936507936507936,0.1206896551724138,1.8666666666666667,0.8666666666666667,0.5777777777777777,0.24444444444444444,0.4,0.3111111111111111,0.06666666666666667,0.32779888888888886,0.60309,0.3888888888888889,0.23809523809523808,0.39,0.8622333333333334,0.26229508196721313,0.4262295081967213,0.21212121212121213,0.23809523809523808,0.31746031746031744,0.18181818181818182,0.7951807228915663,0.22077922077922077,0.32051282051282054,0.08974358974358974,0.45454545454545453,0.3181818181818182,0.015151515151515152,13.298507462686565,2.014925373134328,5.641791044776118,0.12727272727272726,0.6377698259340338,0.38265761533076903,0.6377698259340338,1.8666666666666667,,1.5,,,,,False,,0.5,,,,,False,,False
621566,Matt Olson,ATL,COL,1,3.0,1.0,688642.0,Zach Agnos,R,824874,4:10 PM ET,Truist Park,0,1,0.2320754716981132,2026-08-29,824874,0.0,0,100.6,98.4,97.1,L,5,5,1,0,0,0,0,0,0,1,1,4,0,1,2,2,0,0.17425,0.219,1,0,1,0,1,0,0.2,0.2786885245901639,0.7272727272727273,0.2459016393442623,0.21621621621621623,0.21818181818181817,0.04918032786885246,0.04918032786885246,0.10909090909090909,1.5333333333333334,1.0,0.475,0.2,0.35,0.425,0.025,0.3620333333333334,0.7917277777777778,0.21052631578947367,0.19047619047619047,0.31651666666666683,0.7148999999999999,0.21818181818181817,0.5454545454545454,0.27419354838709675,0.2,0.45,0.3968253968253968,0.7951807228915663,0.22077922077922077,0.32051282051282054,0.08974358974358974,0.45454545454545453,0.3181818181818182,0.015151515151515152,13.298507462686565,2.014925373134328,5.641791044776118,0.12727272727272726,0.5971524780955112,0.3956049380998931,0.5971524780955112,1.5333333333333334,,1.5,,,,,False,,0.5,,,,,False,,False
643289,Mauricio Dubón,ATL,COL,1,4.0,1.0,688642.0,Zach Agnos,R,824874,4:10 PM ET,Truist Park,1,1,0.2320754716981132,2026-08-29,824874,0.0,0,100.6,98.4,97.1,R,4,4,2,0,0,0,0,0,0,0,2,4,0,1,2,1,1,0.35825,0.41625,1,1,1,1,0,0,0.2641509433962264,0.2857142857142857,0.9622641509433962,0.03571428571428571,0.2692307692307692,0.018867924528301886,0.0,0.017857142857142856,0.018867924528301886,1.0,0.13333333333333333,0.23076923076923078,0.25,0.36538461538461536,0.28846153846153844,0.0,0.26547444444444446,0.33417,0.3157894736842105,0.0,0.21156333333333327,0.2437566666666667,0.3333333333333333,0.37254901960784315,0.05555555555555555,0.26785714285714285,0.42857142857142855,0.08196721311475409,0.7951807228915663,0.22077922077922077,0.32051282051282054,0.08974358974358974,0.45454545454545453,0.3181818181818182,0.015151515151515152,13.298507462686565,2.014925373134328,5.641791044776118,0.12727272727272726,0.6290132265814465,0.36987927710849827,0.6290132265814465,1.0,,1.5,,,,,False,,0.5,,,,,False,,False
671739,Michael Harris II,ATL,COL,1,5.0,1.0,688642.0,Zach Agnos,R,824874,4:10 PM ET,Truist Park,0,1,0.2320754716981132,2026-08-29,824874,0.0,0,100.6,98.4,97.1,L,4,3,2,1,0,1,0,0,0,0,6,4,0,3,1,1,2,0.39699999999999996,0.7126666666666667,1,1,1,1,0,0,0.2857142857142857,0.3103448275862069,0.7678571428571429,0.21666666666666667,0.35714285714285715,0.14285714285714285,0.016666666666666666,0.08333333333333333,0.10714285714285714,1.6,0.8666666666666667,0.3409090909090909,0.25,0.5681818181818182,0.1590909090909091,0.022727272727272728,0.32910000000000006,0.4772388888888889,0.2631578947368421,0.23809523809523808,0.32860000000000006,0.5390166666666667,0.375,0.5357142857142857,0.18333333333333332,0.2542372881355932,0.5423728813559322,0.1774193548387097,0.7951807228915663,0.22077922077922077,0.32051282051282054,0.08974358974358974,0.45454545454545453,0.3181818181818182,0.015151515151515152,13.298507462686565,2.014925373134328,5.641791044776118,0.12727272727272726,0.6045313997791225,0.3520027269851858,0.6045313997791225,1.6,,1.5,,,,,False,,0.5,,,,,False,,False
573262,Mike Yastrzemski,ATL,COL,1,7.0,1.0,688642.0,Zach Agnos,R,824874,4:10 PM ET,Truist Park,0,1,0.2320754716981132,2026-08-29,824874,0.0,0,100.6,98.4,97.1,L,2,2,1,0,0,0,0,0,0,1,1,1,0,1,0,0,1,0.94,1.246,1,0,1,0,1,0,0.21212121212121213,0.3157894736842105,0.7272727272727273,0.23684210526315788,0.2608695652173913,0.15151515151515152,0.02631578947368421,0.05263157894736842,0.09090909090909091,0.8,0.6,0.4166666666666667,0.25,0.4583333333333333,0.20833333333333334,0.041666666666666664,0.38058974358974357,0.5379871794871794,0.09090909090909091,0.45454545454545453,0.43199999999999994,0.5743750000000001,0.21212121212121213,0.36363636363636365,0.23684210526315788,0.22916666666666666,0.3541666666666667,0.22413793103448276,0.7951807228915663,0.22077922077922077,0.32051282051282054,0.08974358974358974,0.45454545454545453,0.3181818181818182,0.015151515151515152,13.298507462686565,2.014925373134328,5.641791044776118,0.12727272727272726,0.4037683165811587,0.24986438161251212,0.4037683165811587,0.8,,1.5,,,,,False,,0.5,,,,,False,,False
645277,Ozzie Albies,ATL,COL,1,6.0,1.0,688642.0,Zach Agnos,R,824874,4:10 PM ET,Truist Park,1,1,0.2320754716981132,2026-08-29,824874,0.0,0,100.6,98.4,97.1,R,2,2,1,0,0,0,0,0,0,0,1,2,0,1,0,1,1,0.5095000000000001,0.6335,1,0,1,0,0,0,0.3,0.3181818181818182,0.8,0.18181818181818182,0.35294117647058826,0.025,0.0,0.022727272727272728,0.025,0.8666666666666667,0.5333333333333333,0.23529411764705882,0.3235294117647059,0.29411764705882354,0.29411764705882354,0.0,0.3746607142857143,0.4814702380952381,0.25,0.23076923076923078,0.4229000000000001,0.5769999999999997,0.20833333333333334,0.3125,0.08620689655172414,0.21666666666666667,0.38333333333333336,0.1875,0.7951807228915663,0.22077922077922077,0.32051282051282054,0.08974358974358974,0.45454545454545453,0.3181818181818182,0.015151515151515152,13.298507462686565,2.014925373134328,5.641791044776118,0.12727272727272726,0.5698115973010162,0.2887368339618159,0.5698115973010162,0.8666666666666667,,1.5,,,,,False,,0.5,,,,,False,,False
660670,Ronald Acuña Jr.,ATL,COL,1,2.0,1.0,688642.0,Zach Agnos,R,824874,4:10 PM ET,Truist Park,1,1,0.2320754716981132,2026-08-29,824874,0.0,0,100.6,98.4,97.1,R,4,3,3,1,0,0,1,0,0,0,4,3,0,2,0,1,2,0.68,1.3813333333333333,1,1,1,1,0,0,0.16666666666666666,0.23076923076923078,0.6666666666666666,0.3076923076923077,0.23076923076923078,0.08333333333333333,0.015384615384615385,0.03076923076923077,0.05,1.0,1.3333333333333333,0.425,0.25,0.475,0.225,0.025,0.3637944444444444,0.4890333333333334,0.1,0.30434782608695654,0.24613333333333337,0.2845999999999999,0.14285714285714285,0.30158730158730157,0.35384615384615387,0.25,0.44642857142857145,0.22388059701492538,0.7951807228915663,0.22077922077922077,0.32051282051282054,0.08974358974358974,0.45454545454545453,0.3181818181818182,0.015151515151515152,13.298507462686565,2.014925373134328,5.641791044776118,0.12727272727272726,0.6216800605186936,0.3454916012449805,0.6216800605186936,1.0,,1.5,,,,,False,,0.5,,,,,False,,False
694249,Cole Carrigg,COL,ATL,0,2.0,1.0,527048.0,Martín Pérez,L,824874,4:10 PM ET,Truist Park,1,0,0.23469387755102042,2026-08-29,824874,0.0,0,100.6,98.4,97.1,R,1,1,0,0,0,0,0,0,0,0,0,1,0,0,1,0,0,0.051,0.078,0,0,0,0,0,0,0.15789473684210525,0.21951219512195122,0.631578947368421,0.34146341463414637,0.21739130434782608,0.13157894736842105,0.024390243902439025,0.04878048780487805,0.07894736842105263,0.7333333333333333,0.9333333333333333,0.5,0.08333333333333333,0.4583333333333333,0.375,0.0,0.2967179487179487,0.5454807692307692,0.21428571428571427,0.26666666666666666,0.42780000000000007,0.9478833333333334,0.19642857142857142,0.2857142857142857,0.21428571428571427,0.288135593220339,0.4745762711864407,0.25396825396825395,0.7333333333333333,0.21666666666666667,0.3567567567567568,0.11891891891891893,0.487012987012987,0.18831168831168832,0.006493506493506494,7.534883720930233,1.0465116279069768,7.7441860465116275,0.20670391061452514,0.5489288076608837,0.3491441387040634,0.5489288076608837,0.7333333333333333,,1.5,,,,,False,,0.5,,,,,False,,False
681393,Connor Norby,COL,ATL,0,5.0,1.0,527048.0,Martín Pérez,L,824874,4:10 PM ET,Truist Park,1,0,0.23469387755102042,2026-08-29,824874,0.0,0,100.6,98.4,97.1,R,4,4,0,0,0,0,0,0,0,1,0,3,0,0,0,3,0,0.20266666666666666,0.219,0,0,0,0,1,0,0.30434782608695654,0.4074074074074074,0.6521739130434783,0.2909090909090909,0.42857142857142855,0.2391304347826087,0.03636363636363636,0.09090909090909091,0.15217391304347827,1.6666666666666667,1.0666666666666667,0.4666666666666667,0.3333333333333333,0.3,0.36666666666666664,0.06666666666666667,0.47041666666666665,0.6573095238095237,0.3333333333333333,0.2608695652173913,0.54565,0.8253666666666666,0.2826086956521739,0.4782608695652174,0.3269230769230769,0.11904761904761904,0.19047619047619047,0.30612244897959184,0.7333333333333333,0.21666666666666667,0.3567567567567568,0.11891891891891893,0.487012987012987,0.18831168831168832,0.006493506493506494,7.534883720930233,1.0465116279069768,7.7441860465116275,0.20670391061452514,0.5836009359695473,0.3310655210432547,0.5836009359695473,1.6666666666666667,,1.5,,,,,False,,0.5,,,,,False,,False
678662,Ezequiel Tovar,COL,ATL,0,9.0,1.0,527048.0,Martín Pérez,L,824874,4:10 PM ET,Truist Park,1,0,0.23469387755102042,2026-08-29,824874,0.0,0,100.6,98.4,97.1,R,3,3,1,0,0,0,0,0,0,1,1,2,0,1,1,1,0,0.1015,0.1235,1,0,1,0,1,0,0.2564102564102564,0.3333333333333333,0.7435897435897436,0.21739130434782608,0.3103448275862069,0.1282051282051282,0.021739130434782608,0.043478260869565216,0.07692307692307693,1.0,0.6666666666666666,0.3,0.13333333333333333,0.36666666666666664,0.36666666666666664,0.03333333333333333,0.3664555555555556,0.629511111111111,0.35714285714285715,0.1875,0.5127666666666668,0.8960333333333335,0.20454545454545456,0.3181818181818182,0.30612244897959184,0.23255813953488372,0.3488372093023256,0.16666666666666666,0.7333333333333333,0.21666666666666667,0.3567567567567568,0.11891891891891893,0.487012987012987,0.18831168831168832,0.006493506493506494,7.534883720930233,1.0465116279069768,7.7441860465116275,0.20670391061452514,0.5748914368916159,0.31236899700371623,0.5748914368916159,1.0,,1.5,,,,,False,,0.5,,,,,False,,False
696100,Hunter Goodman,COL,ATL,0,3.0,1.0,527048.0,Martín Pérez,L,824874,4:10 PM ET,Truist Park,1,0,0.23469387755102042,2026-08-29,824874,0.0,0,100.6,98.4,97.1,R,5,5,3,0,0,0,0,0,0,1,3,4,0,2,0,4,0,0.37075,0.4145,1,1,1,1,1,0,0.2222222222222222,0.25862068965517243,0.6851851851851852,0.288135593220339,0.21212121212121213,0.3148148148148148,0.0847457627118644,0.0,0.1111111111111111,1.9333333333333333,1.1333333333333333,0.47368421052631576,0.10526315789473684,0.34210526315789475,0.4473684210526316,0.02631578947368421,0.28055238095238094,0.5870357142857142,0.2222222222222222,0.15,0.26320000000000005,0.7299999999999998,0.26785714285714285,0.7142857142857143,0.3770491803278688,0.1875,0.22916666666666666,0.2833333333333333,0.7333333333333333,0.21666666666666667,0.3567567567567568,0.11891891891891893,0.487012987012987,0.18831168831168832,0.006493506493506494,7.534883720930233,1.0465116279069768,7.7441860465116275,0.20670391061452514,0.6635094674935381,0.38908821230410434,0.6635094674935381,1.9333333333333333,,1.5,,,,,False,,0.5,,,,,False,,False
664983,Jake McCarthy,COL,ATL,0,1.0,1.0,527048.0,Martín Pérez,L,824874,4:10 PM ET,Truist Park,0,0,0.23469387755102042,2026-08-29,824874,0.0,0,100.6,98.4,97.1,L,5,3,1,0,0,0,0,1,1,0,1,4,0,1,0,0,4,0.49700000000000005,0.5713333333333334,1,0,1,0,0,0,0.1935483870967742,0.2537313432835821,0.8225806451612904,0.16176470588235295,0.23529411764705882,0.03225806451612903,0.0,0.029411764705882353,0.03225806451612903,0.9333333333333333,0.7333333333333333,0.27450980392156865,0.2549019607843137,0.5294117647058824,0.1568627450980392,0.0,0.3080166666666667,0.3910111111111111,0.22727272727272727,0.21739130434782608,0.3748333333333333,0.4960666666666664,0.296875,0.390625,0.13043478260869565,0.2542372881355932,0.4406779661016949,0.13432835820895522,0.7333333333333333,0.21666666666666667,0.3567567567567568,0.11891891891891893,0.487012987012987,0.18831168831168832,0.006493506493506494,7.534883720930233,1.0465116279069768,7.7441860465116275,0.20670391061452514,0.6090698101527384,0.399100931671849,0.6090698101527384,0.9333333333333333,,1.5,,,,,False,,0.5,,,,,False,,False
687597,Jordan Beck,COL,ATL,0,8.0,1.0,527048.0,Martín Pérez,L,824874,4:10 PM ET,Truist Park,1,0,0.23469387755102042,2026-08-29,824874,0.0,0,100.6,98.4,97.1,R,2,2,0,0,0,0,0,0,0,1,0,1,0,0,0,0,0,0.006,0.008,0,0,0,0,1,0,0.24444444444444444,0.32,0.6444444444444445,0.32,0.3793103448275862,0.1111111111111111,0.0,0.06,0.08888888888888889,1.0666666666666667,1.0666666666666667,0.41379310344827586,0.27586206896551724,0.3103448275862069,0.3448275862068966,0.034482758620689655,0.3647722222222222,0.5028111111111111,0.38461538461538464,0.35714285714285715,0.4315666666666667,0.5404333333333333,0.15217391304347827,0.30434782608695654,0.27450980392156865,0.2564102564102564,0.38461538461538464,0.36585365853658536,0.7333333333333333,0.21666666666666667,0.3567567567567568,0.11891891891891893,0.487012987012987,0.18831168831168832,0.006493506493506494,7.534883720930233,1.0465116279069768,7.7441860465116275,0.20670391061452514,0.5947456432427513,0.35963845465151273,0.5947456432427513,1.0666666666666667,,1.5,,,,,False,,0.5,,,,,False,,False
666160,Mickey Moniak,COL,ATL,0,7.0,1.0,527048.0,Martín Pérez,L,824874,4:10 PM ET,Truist Park,0,0,0.23469387755102042,2026-08-29,824874,0.0,0,100.6,98.4,97.1,L,4,4,2,1,0,0,0,0,0,1,3,3,0,2,0,1,2,0.3786666666666667,0.6056666666666667,1,1,1,1,1,0,0.14035087719298245,0.203125,0.6491228070175439,0.3125,0.16216216216216217,0.12280701754385964,0.03125,0.015625,0.05263157894736842,1.0,1.3333333333333333,0.41025641025641024,0.1794871794871795,0.2564102564102564,0.4358974358974359,0.02564102564102564,0.22268888888888888,0.33162777777777774,0.09523809523809523,0.3181818181818182,0.2084166666666667,0.28556666666666664,0.22641509433962265,0.4339622641509434,0.2542372881355932,0.23636363636363636,0.45454545454545453,0.26229508196721313,0.7333333333333333,0.21666666666666667,0.3567567567567568,0.11891891891891893,0.487012987012987,0.18831168831168832,0.006493506493506494,7.534883720930233,1.0465116279069768,7.7441860465116275,0.20670391061452514,0.5798223178567322,0.3508235563208324,0.5798223178567322,1.0,,1.5,,,,,False,,0.5,,,,,False,,False
681198,TJ Rumfield,COL,ATL,0,4.0,1.0,527048.0,Martín Pérez,L,824874,4:10 PM ET,Truist Park,0,0,0.23469387755102042,2026-08-29,824874,0.0,0,100.6,98.4,97.1,L,5,3,1,0,0,0,2,0,0,0,1,3,0,1,0,2,1,0.22433333333333336,0.25266666666666665,1,0,1,0,0,0,0.2391304347826087,0.43548387096774194,0.8478260869565217,0.11290322580645161,0.28205128205128205,0.043478260869565216,0.0,0.03225806451612903,0.043478260869565216,0.8666666666666667,0.4666666666666667,0.23076923076923078,0.20512820512820512,0.38461538461538464,0.3333333333333333,0.0,0.2802388888888888,0.36597222222222225,0.3333333333333333,0.09523809523809523,0.27124999999999994,0.35255000000000003,0.22916666666666666,0.25,0.11475409836065574,0.29411764705882354,0.3333333333333333,0.12698412698412698,0.7333333333333333,0.21666666666666667,0.3567567567567568,0.11891891891891893,0.487012987012987,0.18831168831168832,0.006493506493506494,7.534883720930233,1.0465116279069768,7.7441860465116275,0.20670391061452514,0.6267396941802174,0.37843063767978147,0.6267396941802174,0.8666666666666667,,1.5,,,,,False,,0.5,,,,,False,,False
650489,Willi Castro,COL,ATL,0,6.0,1.0,527048.0,Martín Pérez,L,824874,4:10 PM ET,Truist Park,1,0,0.23469387755102042,2026-08-29,824874,0.0,0,100.6,98.4,97.1,R,1,0,0,0,0,0,0,0,1,0,0,1,0,0,1,0,0,0.27149999999999996,0.30525,0,0,0,0,0,0,0.2647058823529412,0.375,0.7647058823529411,0.2,0.2916666666666667,0.23529411764705882,0.05,0.05,0.11764705882352941,1.1333333333333333,0.5333333333333333,0.34615384615384615,0.23076923076923078,0.5384615384615384,0.19230769230769232,0.0,0.3761527777777778,0.5191597222222223,0.2,0.07142857142857142,0.25449999999999995,0.29295000000000015,0.2830188679245283,0.5094339622641509,0.22580645161290322,0.22807017543859648,0.40350877192982454,0.31746031746031744,0.7333333333333333,0.21666666666666667,0.3567567567567568,0.11891891891891893,0.487012987012987,0.18831168831168832,0.006493506493506494,7.534883720930233,1.0465116279069768,7.7441860465116275,0.20670391061452514,0.4870524440187869,0.30630898844890825,0.4870524440187869,1.1333333333333333,,1.5,,,,,False,,0.5,,,,,False,,False
668930,Brice Turang,MIL,TEX,1,1.0,1.0,615698.0,Cal Quantrill,R,823741,7:15 PM ET,American Family Field,0,1,0.214168039538715,2026-08-29,823741,0.0,1,96.2,95.7,110.9,L,5,5,1,0,0,0,0,0,0,1,1,4,0,1,0,3,0,0.1745,0.19325,1,0,1,0,1,0,0.21311475409836064,0.3142857142857143,0.7049180327868853,0.2571428571428571,0.2857142857142857,0.09836065573770492,0.014285714285714285,0.04285714285714286,0.06557377049180328,1.2666666666666666,1.2,0.3488372093023256,0.2558139534883721,0.4418604651162791,0.2558139534883721,0.0,0.3631166666666667,0.5400444444444444,0.15,0.21739130434782608,0.3151333333333334,0.47046666666666664,0.23728813559322035,0.3389830508474576,0.2463768115942029,0.16666666666666666,0.23333333333333334,0.22058823529411764,0.7513227513227513,0.1893491124260355,0.3218390804597701,0.10919540229885058,0.4507042253521127,0.2887323943661972,0.028169014084507043,8.142857142857142,1.7142857142857142,6.0,0.15555555555555556,0.6319488431329408,0.3848076290392872,0.6319488431329408,1.2666666666666666,,1.5,,,,,False,,0.5,,,,,False,,False
592885,Christian Yelich,MIL,TEX,1,6.0,1.0,615698.0,Cal Quantrill,R,823741,7:15 PM ET,American Family Field,0,1,0.214168039538715,2026-08-29,823741,0.0,1,96.2,95.7,110.9,L,5,5,3,1,0,0,0,0,0,0,4,5,0,1,1,1,2,0.31720000000000004,0.6205999999999999,1,1,1,1,0,0,0.23076923076923078,0.29310344827586204,0.75,0.22033898305084745,0.2631578947368421,0.15384615384615385,0.03389830508474576,0.03389830508474576,0.07692307692307693,1.3333333333333333,0.8666666666666667,0.525,0.25,0.625,0.125,0.05,0.4136311111111111,0.6199822222222223,0.3125,0.058823529411764705,0.42334999999999995,0.5219666666666667,0.25,0.4230769230769231,0.23728813559322035,0.21666666666666667,0.43333333333333335,0.22058823529411764,0.7513227513227513,0.1893491124260355,0.3218390804597701,0.10919540229885058,0.4507042253521127,0.2887323943661972,0.028169014084507043,8.142857142857142,1.7142857142857142,6.0,0.15555555555555556,0.6051294357161799,0.3283297914782755,0.6051294357161799,1.3333333333333333,,1.5,,,,,False,,0.5,,,,,False,,False
806198,Cooper Pratt,MIL,TEX,1,8.0,1.0,615698.0,Cal Quantrill,R,823741,7:15 PM ET,American Family Field,1,1,0.214168039538715,2026-08-29,823741,0.0,1,96.2,95.7,110.9,R,4,2,1,0,0,0,0,1,1,1,1,2,0,1,1,1,0,0.295,0.318,1,0,1,0,1,0,0.2222222222222222,0.27450980392156865,0.6666666666666666,0.28846153846153844,0.3125,0.022222222222222223,0.0,0.019230769230769232,0.022222222222222223,0.7333333333333333,1.0,0.21212121212121213,0.21212121212121213,0.5151515151515151,0.24242424242424243,0.0,0.21849404761904762,0.2785119047619048,0.2,0.17647058823529413,0.2225333333333334,0.2868833333333334,0.27450980392156865,0.4117647058823529,0.22413793103448276,0.23076923076923078,0.2564102564102564,0.23404255319148937,0.7513227513227513,0.1893491124260355,0.3218390804597701,0.10919540229885058,0.4507042253521127,0.2887323943661972,0.028169014084507043,8.142857142857142,1.7142857142857142,6.0,0.15555555555555556,0.5557655659174966,0.3116317249549609,0.5557655659174966,0.7333333333333333,,1.5,,,,,False,,0.5,,,,,False,,False
666152,David Hamilton,MIL,TEX,1,9.0,1.0,615698.0,Cal Quantrill,R,823741,7:15 PM ET,American Family Field,0,1,0.214168039538715,2026-08-29,823741,0.0,1,96.2,95.7,110.9,L,4,4,2,0,0,0,0,0,0,0,2,4,0,1,1,2,1,0.40625,0.463,1,1,1,1,0,0,0.2608695652173913,0.32,0.8260869565217391,0.1568627450980392,0.2972972972972973,0.13043478260869565,0.0196078431372549,0.058823529411764705,0.08695652173913043,1.2,0.5333333333333333,0.28205128205128205,0.38461538461538464,0.41025641025641024,0.1794871794871795,0.02564102564102564,0.3688820512820513,0.4632346153846154,0.2777777777777778,0.05555555555555555,0.42394,0.5214800000000002,0.27906976744186046,0.3953488372093023,0.20408163265306123,0.23255813953488372,0.3023255813953488,0.2916666666666667,0.7513227513227513,0.1893491124260355,0.3218390804597701,0.10919540229885058,0.4507042253521127,0.2887323943661972,0.028169014084507043,8.142857142857142,1.7142857142857142,6.0,0.15555555555555556,0.39376657667790776,0.2226684121963477,0.39376657667790776,1.2,,1.5,,,,,False,,0.5,,,,,False,,False
669003,Garrett Mitchell,MIL,TEX,1,5.0,1.0,615698.0,Cal Quantrill,R,823741,7:15 PM ET,American Family Field,0,1,0.214168039538715,2026-08-29,823741,0.0,1,96.2,95.7,110.9,L,3,3,0,0,0,0,0,0,0,0,0,3,0,2,1,2,0,0.3236666666666667,0.35000000000000003,0,0,0,0,0,0,0.3181818181818182,0.4,0.6363636363636364,0.32,0.48148148148148145,0.11363636363636363,0.02,0.04,0.06818181818181818,1.2666666666666666,1.0666666666666667,0.6071428571428571,0.25,0.5714285714285714,0.14285714285714285,0.0,0.4339666666666666,0.614725,0.36363636363636365,0.38461538461538464,0.5148333333333336,0.5980555555555558,0.25,0.375,0.3157894736842105,0.2391304347826087,0.391304347826087,0.3269230769230769,0.7513227513227513,0.1893491124260355,0.3218390804597701,0.10919540229885058,0.4507042253521127,0.2887323943661972,0.028169014084507043,8.142857142857142,1.7142857142857142,6.0,0.15555555555555556,0.5809261660015874,0.3176557306549468,0.5809261660015874,1.2666666666666666,,1.5,,,,,False,,0.5,,,,,False,,False
694192,Jackson Chourio,MIL,TEX,1,2.0,1.0,615698.0,Cal Quantrill,R,823741,7:15 PM ET,American Family Field,1,1,0.214168039538715,2026-08-29,823741,0.0,1,96.2,95.7,110.9,R,5,5,1,0,0,0,0,0,0,0,1,5,0,0,2,3,0,0.1234,0.152,1,0,1,0,0,0,0.32786885245901637,0.3787878787878788,0.7540983606557377,0.22727272727272727,0.4090909090909091,0.13114754098360656,0.030303030303030304,0.030303030303030304,0.06557377049180328,1.8666666666666667,1.0,0.4782608695652174,0.17391304347826086,0.43478260869565216,0.391304347826087,0.043478260869565216,0.34802888888888894,0.5518033333333333,0.3333333333333333,0.17391304347826086,0.32825333333333334,0.5367266666666666,0.32727272727272727,0.4909090909090909,0.25396825396825395,0.2542372881355932,0.4915254237288136,0.21875,0.7513227513227513,0.1893491124260355,0.3218390804597701,0.10919540229885058,0.4507042253521127,0.2887323943661972,0.028169014084507043,8.142857142857142,1.7142857142857142,6.0,0.15555555555555556,0.6474138168587578,0.411194131731141,0.6474138168587578,1.8666666666666667,,1.5,,,,,False,,0.5,,,,,False,,False
641343,Jake Bauers,MIL,TEX,1,3.0,1.0,615698.0,Cal Quantrill,R,823741,7:15 PM ET,American Family Field,0,1,0.214168039538715,2026-08-29,823741,0.0,1,96.2,95.7,110.9,L,5,2,2,0,0,0,3,0,0,0,2,2,0,1,1,0,1,0.774,0.8674999999999999,1,1,1,1,0,0,0.3,0.453125,0.72,0.21875,0.36363636363636365,0.24,0.046875,0.046875,0.12,1.8,0.9333333333333333,0.5,0.2777777777777778,0.3333333333333333,0.3611111111111111,0.1111111111111111,0.40499444444444443,0.7953222222222222,0.2,0.3157894736842105,0.40873333333333345,0.7880666666666665,0.2962962962962963,0.5370370370370371,0.2537313432835821,0.3137254901960784,0.6666666666666666,0.1875,0.7513227513227513,0.1893491124260355,0.3218390804597701,0.10919540229885058,0.4507042253521127,0.2887323943661972,0.028169014084507043,8.142857142857142,1.7142857142857142,6.0,0.15555555555555556,0.5793012647547572,0.37396060137460196,0.5793012647547572,1.8,,1.5,,,,,False,,0.5,,,,,False,,False
800325,Luis Lara,MIL,TEX,1,7.0,1.0,615698.0,Cal Quantrill,R,823741,7:15 PM ET,American Family Field,1,1,0.214168039538715,2026-08-29,823741,0.0,1,96.2,95.7,110.9,R,3,2,1,0,0,0,1,0,0,0,1,2,0,1,0,2,0,0.277,0.28450000000000003,1,0,1,0,0,0,0.32432432432432434,0.358974358974359,0.8108108108108109,0.1794871794871795,0.3793103448275862,0.13513513513513514,0.02564102564102564,0.0,0.05405405405405406,1.1333333333333333,0.4666666666666667,0.4666666666666667,0.26666666666666666,0.5333333333333333,0.16666666666666666,0.03333333333333333,0.3268653846153846,0.45332692307692307,0.36363636363636365,0.3333333333333333,0.3860833333333334,0.5432499999999999,0.24074074074074073,0.4074074074074074,0.22033898305084745,0.25,0.3125,0.17647058823529413,0.7513227513227513,0.1893491124260355,0.3218390804597701,0.10919540229885058,0.4507042253521127,0.2887323943661972,0.028169014084507043,8.142857142857142,1.7142857142857142,6.0,0.15555555555555556,0.5629990121030262,0.3116317249549609,0.5629990121030262,1.1333333333333333,,1.5,,,,,False,,0.5,,,,,False,,False
661388,William Contreras,MIL,TEX,1,4.0,1.0,615698.0,Cal Quantrill,R,823741,7:15 PM ET,American Family Field,1,1,0.214168039538715,2026-08-29,823741,0.0,1,96.2,95.7,110.9,R,5,4,2,0,0,0,0,0,1,0,2,5,0,4,1,4,0,0.18275,0.195,1,1,1,1,0,0,0.2807017543859649,0.391304347826087,0.8771929824561403,0.10144927536231885,0.3,0.12280701754385964,0.014492753623188406,0.057971014492753624,0.08771929824561403,1.5333333333333334,0.4666666666666667,0.47058823529411764,0.27450980392156865,0.35294117647058826,0.27450980392156865,0.0784313725490196,0.31314,0.6158077777777778,0.3181818181818182,0.125,0.2867699999999999,0.4086899999999999,0.16071428571428573,0.25,0.15151515151515152,0.2692307692307692,0.40384615384615385,0.09836065573770492,0.7513227513227513,0.1893491124260355,0.3218390804597701,0.10919540229885058,0.4507042253521127,0.2887323943661972,0.028169014084507043,8.142857142857142,1.7142857142857142,6.0,0.15555555555555556,0.6371640723653411,0.3814875928064816,0.6371640723653411,1.5333333333333334,,1.5,,,,,False,,0.5,,,,,False,,False
607043,Brandon Nimmo,TEX,MIL,0,4.0,1.0,675660.0,Shane Drohan,L,823741,7:15 PM ET,American Family Field,0,0,0.2255772646536412,2026-08-29,823741,0.0,1,96.2,95.7,110.9,L,3,3,0,0,0,0,0,0,0,2,0,1,0,0,0,0,1,0.163,0.24,0,0,0,0,1,1,0.13559322033898305,0.2,0.7796610169491526,0.19696969696969696,0.1702127659574468,0.05084745762711865,0.0,0.045454545454545456,0.05084745762711865,0.7333333333333333,0.8666666666666667,0.425531914893617,0.10638297872340426,0.5531914893617021,0.2765957446808511,0.0,0.22256666666666666,0.27834444444444445,0.1,0.2,0.20506666666666665,0.24915000000000015,0.1896551724137931,0.27586206896551724,0.2222222222222222,0.32727272727272727,0.5636363636363636,0.1746031746031746,0.672645739910314,0.23195876288659795,0.3969849246231156,0.1457286432160804,0.3933333333333333,0.29333333333333333,0.03333333333333333,8.6484375,1.0546875,8.6484375,0.22777777777777777,0.5093125698766733,0.344510295707049,0.5093125698766733,0.7333333333333333,,1.5,,,,,False,,0.5,,,,,False,,False
683227,Cody Freeman,TEX,MIL,0,9.0,1.0,675660.0,Shane Drohan,L,823741,7:15 PM ET,American Family Field,1,0,0.2255772646536412,2026-08-29,823741,0.0,1,96.2,95.7,110.9,R,3,2,0,0,0,0,1,0,0,0,0,2,0,0,0,1,0,0.07450000000000001,0.081,0,0,0,0,0,0,0.24324324324324326,0.3170731707317073,0.8378378378378378,0.13953488372093023,0.2903225806451613,0.05405405405405406,0.0,0.0,0.02702702702702703,0.7333333333333333,0.4,0.21212121212121213,0.12121212121212122,0.5757575757575758,0.21212121212121213,0.0,0.1987897435897436,0.2346294871794872,0.2777777777777778,0.1,0.26492000000000004,0.32256999999999997,0.25,0.3181818181818182,0.19148936170212766,0.25,0.29545454545454547,0.22448979591836735,0.672645739910314,0.23195876288659795,0.3969849246231156,0.1457286432160804,0.3933333333333333,0.29333333333333333,0.03333333333333333,8.6484375,1.0546875,8.6484375,0.22777777777777777,0.5247941382519945,0.2389014238031458,0.5247941382519945,0.7333333333333333,,1.5,,,,,False,,0.5,,,,,False,,False
608369,Corey Seager,TEX,MIL,0,2.0,1.0,675660.0,Shane Drohan,L,823741,7:15 PM ET,American Family Field,0,0,0.2255772646536412,2026-08-29,823741,0.0,1,96.2,95.7,110.9,L,4,4,0,0,0,0,0,0,0,1,0,3,0,2,1,1,1,0.442,1.2313333333333334,0,0,0,0,1,0,0.3333333333333333,0.40625,0.7719298245614035,0.203125,0.40476190476190477,0.19298245614035087,0.03125,0.078125,0.12280701754385964,2.0,0.8666666666666667,0.5681818181818182,0.29545454545454547,0.36363636363636365,0.3181818181818182,0.06818181818181818,0.34603666666666666,0.65609,0.2631578947368421,0.21739130434782608,0.2896833333333334,0.40961666666666685,0.34615384615384615,0.5384615384615384,0.19672131147540983,0.24561403508771928,0.43859649122807015,0.1935483870967742,0.672645739910314,0.23195876288659795,0.3969849246231156,0.1457286432160804,0.3933333333333333,0.29333333333333333,0.03333333333333333,8.6484375,1.0546875,8.6484375,0.22777777777777777,0.6755348710353002,0.4494489309142178,0.6755348710353002,2.0,,1.5,,,,,False,,0.5,,,,,False,,False
643376,Danny Jansen,TEX,MIL,0,7.0,1.0,675660.0,Shane Drohan,L,823741,7:15 PM ET,American Family Field,1,0,0.2255772646536412,2026-08-29,823741,0.0,1,96.2,95.7,110.9,R,3,3,1,0,0,1,0,0,0,0,4,3,0,1,2,1,0,0.36199999999999993,0.9636666666666667,1,0,1,1,0,0,0.125,0.19230769230769232,0.625,0.33962264150943394,0.14285714285714285,0.1875,0.03773584905660377,0.05660377358490566,0.10416666666666667,1.0,1.2,0.2903225806451613,0.16129032258064516,0.3548387096774194,0.3548387096774194,0.0,0.25340384615384615,0.4349423076923077,0.125,0.3888888888888889,0.1807333333333333,0.3766333333333334,0.11363636363636363,0.1590909090909091,0.21818181818181817,0.15384615384615385,0.23076923076923078,0.29545454545454547,0.672645739910314,0.23195876288659795,0.3969849246231156,0.1457286432160804,0.3933333333333333,0.29333333333333333,0.03333333333333333,8.6484375,1.0546875,8.6484375,0.22777777777777777,0.5771629851810928,0.3503614989134654,0.5771629851810928,1.0,,1.5,,,,,False,,0.5,,,,,False,,False
677649,Ezequiel Duran,TEX,MIL,0,5.0,1.0,675660.0,Shane Drohan,L,823741,7:15 PM ET,American Family Field,1,0,0.2255772646536412,2026-08-29,823741,0.0,1,96.2,95.7,110.9,R,3,3,0,0,0,0,0,0,0,2,0,1,0,1,1,0,0,0.206,0.469,0,0,0,0,1,1,0.2909090909090909,0.38095238095238093,0.6727272727272727,0.2857142857142857,0.4166666666666667,0.14545454545454545,0.015873015873015872,0.047619047619047616,0.09090909090909091,1.6,1.2,0.4594594594594595,0.21621621621621623,0.4594594594594595,0.2972972972972973,0.0,0.29346666666666665,0.4725577777777778,0.3333333333333333,0.22727272727272727,0.28409999999999996,0.5925833333333335,0.25,0.375,0.3114754098360656,0.30357142857142855,0.5178571428571429,0.25,0.672645739910314,0.23195876288659795,0.3969849246231156,0.1457286432160804,0.3933333333333333,0.29333333333333333,0.03333333333333333,8.6484375,1.0546875,8.6484375,0.22777777777777777,0.662234888767227,0.4369462940144979,0.662234888767227,1.6,,1.5,,,,,False,,0.5,,,,,False,,False
669394,Jake Burger,TEX,MIL,0,6.0,1.0,675660.0,Shane Drohan,L,823741,7:15 PM ET,American Family Field,1,0,0.2255772646536412,2026-08-29,823741,0.0,1,96.2,95.7,110.9,R,3,3,0,0,0,0,0,0,0,2,0,1,0,1,1,0,0,0.551,2.149,0,0,0,0,1,1,0.24489795918367346,0.3620689655172414,0.7142857142857143,0.2413793103448276,0.25806451612903225,0.30612244897959184,0.06896551724137931,0.05172413793103448,0.14285714285714285,1.8,0.9333333333333333,0.4857142857142857,0.2,0.37142857142857144,0.2857142857142857,0.02857142857142857,0.41027976190476195,0.921172619047619,0.3333333333333333,0.23529411764705882,0.569375,1.76675,0.2391304347826087,0.45652173913043476,0.3137254901960784,0.18518518518518517,0.3333333333333333,0.3,0.672645739910314,0.23195876288659795,0.3969849246231156,0.1457286432160804,0.3933333333333333,0.29333333333333333,0.03333333333333333,8.6484375,1.0546875,8.6484375,0.22777777777777777,0.6177907720861482,0.36828685750297857,0.6177907720861482,1.8,,1.5,,,,,False,,0.5,,,,,False,,False
679822,Justin Foscue,TEX,MIL,0,1.0,1.0,675660.0,Shane Drohan,L,823741,7:15 PM ET,American Family Field,1,0,0.2255772646536412,2026-08-29,823741,0.0,1,96.2,95.7,110.9,R,1,1,1,0,0,0,0,0,0,0,1,1,0,0,0,1,0,0.168,0.172,1,0,1,0,0,0,0.24390243902439024,0.3404255319148936,0.8048780487804879,0.1702127659574468,0.25806451612903225,0.21951219512195122,0.0425531914893617,0.06382978723404255,0.12195121951219512,1.2666666666666666,0.5333333333333333,0.42424242424242425,0.24242424242424243,0.21212121212121213,0.3939393939393939,0.09090909090909091,0.3514642857142857,0.7111011904761905,0.15,0.17391304347826086,0.25423333333333337,0.5840833333333333,0.0967741935483871,0.25806451612903225,0.25,0.29411764705882354,0.5882352941176471,0.1794871794871795,0.672645739910314,0.23195876288659795,0.3969849246231156,0.1457286432160804,0.3933333333333333,0.29333333333333333,0.03333333333333333,8.6484375,1.0546875,8.6484375,0.22777777777777777,0.6094494061144083,0.3894440850999606,0.6094494061144083,1.2666666666666666,,1.5,,,,,False,,0.5,,,,,False,,False
681351,Logan O'Hoppe,TEX,MIL,0,8.0,1.0,675660.0,Shane Drohan,L,823741,7:15 PM ET,American Family Field,1,0,0.2255772646536412,2026-08-29,823741,0.0,1,96.2,95.7,110.9,R,1,1,0,0,0,0,0,0,0,1,0,0,0,0,0,0,0,0.2605,0.27849999999999997,0,0,0,0,1,0,0.14285714285714285,0.19230769230769232,0.7755102040816326,0.21153846153846154,0.18421052631578946,0.0,0.0,0.0,0.0,0.4666666666666667,0.7333333333333333,0.3157894736842105,0.34210526315789475,0.3684210526315789,0.2631578947368421,0.02631578947368421,0.28126282051282053,0.39226923076923076,0.2,0.2,0.253625,0.3031250000000001,0.13725490196078433,0.1568627450980392,0.32075471698113206,0.3137254901960784,0.49019607843137253,0.22641509433962265,0.672645739910314,0.23195876288659795,0.3969849246231156,0.1457286432160804,0.3933333333333333,0.29333333333333333,0.03333333333333333,8.6484375,1.0546875,8.6484375,0.22777777777777777,0.5576144215125559,0.38861798735078334,0.5576144215125559,0.4666666666666667,,1.5,,,,,False,,0.5,,,,,False,,False
694671,Wyatt Langford,TEX,MIL,0,3.0,1.0,675660.0,Shane Drohan,L,823741,7:15 PM ET,American Family Field,1,0,0.2255772646536412,2026-08-29,823741,0.0,1,96.2,95.7,110.9,R,4,4,0,0,0,0,0,0,0,2,0,2,0,0,1,1,0,0.135,0.161,0,0,0,0,1,1,0.2777777777777778,0.4,0.8333333333333334,0.13846153846153847,0.3023255813953488,0.14814814814814814,0.03076923076923077,0.03076923076923077,0.07407407407407407,1.5333333333333334,0.6,0.4666666666666667,0.26666666666666666,0.4444444444444444,0.2,0.0,0.37006666666666665,0.5057166666666667,0.47058823529411764,0.041666666666666664,0.44400000000000006,0.5483333333333335,0.19642857142857142,0.375,0.27692307692307694,0.2,0.34,0.16129032258064516,0.672645739910314,0.23195876288659795,0.3969849246231156,0.1457286432160804,0.3933333333333333,0.29333333333333333,0.03333333333333333,8.6484375,1.0546875,8.6484375,0.22777777777777777,0.668396307333215,0.4549187889582365,0.668396307333215,1.5333333333333334,,1.5,,,,,False,,0.5,,,,,False,,False
666126,Carlos Cortes,ATH,BAL,1,8.0,1.0,669358.0,Shane Baz,R,824961,10:05 PM ET,Sutter Health Park,0,1,0.20107719928186715,2026-08-29,824961,,0,106.1,109.2,113.8,L,4,4,1,0,0,0,0,0,0,1,1,3,0,0,0,1,2,0.2866666666666667,0.3453333333333333,1,0,1,0,1,0,0.2391304347826087,0.3,0.7391304347826086,0.24,0.30303030303030304,0.13043478260869565,0.02,0.06,0.08695652173913043,1.1333333333333333,0.8,0.2647058823529412,0.3235294117647059,0.4117647058823529,0.20588235294117646,0.0,0.27621666666666667,0.42601666666666665,0.1875,0.4117647058823529,0.2201333333333333,0.48793333333333316,0.2391304347826087,0.3695652173913043,0.24,0.2857142857142857,0.2857142857142857,0.3333333333333333,0.7012448132780082,0.2672811059907834,0.38636363636363635,0.10909090909090909,0.40236686390532544,0.28994082840236685,0.029585798816568046,7.8989361702127665,0.574468085106383,7.468085106382978,0.1984732824427481,0.5778488235864695,0.30191512853545927,0.5778488235864695,1.1333333333333333,,1.5,,,,,False,,0.5,,,,,False,,False
622268,Donovan Walton,ATH,BAL,1,6.0,1.0,669358.0,Shane Baz,R,824961,10:05 PM ET,Sutter Health Park,0,1,0.20107719928186715,2026-08-29,824961,,0,106.1,109.2,113.8,L,1,1,0,0,0,0,0,0,0,0,0,1,0,1,1,0,0,0.286,1.004,0,0,0,0,0,0,0.2619047619047619,0.39215686274509803,0.8571428571428571,0.11764705882352941,0.2857142857142857,0.14285714285714285,0.0196078431372549,0.058823529411764705,0.09523809523809523,1.1333333333333333,0.4,0.3611111111111111,0.3055555555555556,0.3888888888888889,0.3055555555555556,0.05555555555555555,0.2781,0.43064444444444444,0.26666666666666666,0.15789473684210525,0.3719,0.6188666666666667,0.2619047619047619,0.40476190476190477,0.11764705882352941,0.15384615384615385,0.38461538461538464,0.14285714285714285,0.7012448132780082,0.2672811059907834,0.38636363636363635,0.10909090909090909,0.40236686390532544,0.28994082840236685,0.029585798816568046,7.8989361702127665,0.574468085106383,7.468085106382978,0.1984732824427481,0.5884699339573787,0.34146010592314174,0.5884699339573787,1.1333333333333333,,1.5,,,,,False,,0.5,,,,,False,,False
703607,Henry Bolte,ATH,BAL,1,1.0,1.0,669358.0,Shane Baz,R,824961,10:05 PM ET,Sutter Health Park,1,1,0.20107719928186715,2026-08-29,824961,,0,106.1,109.2,113.8,R,5,4,0,0,0,0,0,1,0,2,0,2,0,2,0,0,2,0.243,0.4675,0,0,0,0,1,1,0.3220338983050847,0.3939393939393939,0.7288135593220338,0.24242424242424243,0.42857142857142855,0.11864406779661017,0.015151515151515152,0.030303030303030304,0.06779661016949153,1.7333333333333334,1.0666666666666667,0.4418604651162791,0.23255813953488372,0.6511627906976745,0.09302325581395349,0.0,0.3724822222222222,0.4462477777777778,0.35,0.391304347826087,0.47313333333333335,0.5844999999999999,0.3333333333333333,0.40350877192982454,0.3125,0.2830188679245283,0.49056603773584906,0.2542372881355932,0.7012448132780082,0.2672811059907834,0.38636363636363635,0.10909090909090909,0.40236686390532544,0.28994082840236685,0.029585798816568046,7.8989361702127665,0.574468085106383,7.468085106382978,0.1984732824427481,0.694089008578171,0.40250660942323485,0.694089008578171,1.7333333333333334,,1.5,,,,,False,,0.5,,,,,False,,False
643446,Jeff McNeil,ATH,BAL,1,2.0,1.0,669358.0,Shane Baz,R,824961,10:05 PM ET,Sutter Health Park,0,1,0.20107719928186715,2026-08-29,824961,,0,106.1,109.2,113.8,L,5,5,1,0,0,0,0,0,0,0,1,5,0,0,1,1,2,0.158,0.2064,1,0,1,0,0,0,0.3508771929824561,0.3559322033898305,0.9473684210526315,0.05,0.33962264150943394,0.19298245614035087,0.03333333333333333,0.08333333333333333,0.12280701754385964,2.066666666666667,0.2,0.2727272727272727,0.2909090909090909,0.43636363636363634,0.2,0.05454545454545454,0.31940444444444444,0.44510444444444447,0.35,0.05,0.2985533333333334,0.3654399999999999,0.35185185185185186,0.5555555555555556,0.08620689655172414,0.2545454545454545,0.2909090909090909,0.08928571428571429,0.7012448132780082,0.2672811059907834,0.38636363636363635,0.10909090909090909,0.40236686390532544,0.28994082840236685,0.029585798816568046,7.8989361702127665,0.574468085106383,7.468085106382978,0.1984732824427481,0.6573954436967216,0.38746449273274236,0.6573954436967216,2.066666666666667,,1.5,,,,,False,,0.5,,,,,False,,False
641680,Jonah Heim,ATH,BAL,1,9.0,1.0,669358.0,Shane Baz,R,824961,10:05 PM ET,Sutter Health Park,0,1,0.20107719928186715,2026-08-29,824961,,0,106.1,109.2,113.8,L,4,4,1,0,0,1,0,0,0,1,4,3,1,1,2,1,0,0.3156666666666667,0.8863333333333333,1,0,1,1,1,0,0.11428571428571428,0.24390243902439024,0.8571428571428571,0.12195121951219512,0.13333333333333333,0.02857142857142857,0.0,0.024390243902439025,0.02857142857142857,0.3333333333333333,0.3333333333333333,0.3,0.16666666666666666,0.4,0.23333333333333334,0.0,0.18558333333333332,0.25576282051282045,0.15789473684210525,0.2,0.23008333333333336,0.27044999999999975,0.18518518518518517,0.3148148148148148,0.1206896551724138,0.14285714285714285,0.21428571428571427,0.24193548387096775,0.7012448132780082,0.2672811059907834,0.38636363636363635,0.10909090909090909,0.40236686390532544,0.28994082840236685,0.029585798816568046,7.8989361702127665,0.574468085106383,7.468085106382978,0.1984732824427481,0.346805915965768,0.15286836751934021,0.346805915965768,0.3333333333333333,,1.5,,,,,False,,0.5,,,,,False,,False
671732,Lawrence Butler,ATH,BAL,1,4.0,1.0,669358.0,Shane Baz,R,824961,10:05 PM ET,Sutter Health Park,0,1,0.20107719928186715,2026-08-29,824961,,0,106.1,109.2,113.8,L,5,4,1,0,0,0,1,0,0,1,1,3,0,1,0,1,1,0.35833333333333334,0.4013333333333333,1,0,1,0,1,0,0.35185185185185186,0.4444444444444444,0.7222222222222222,0.23809523809523808,0.4117647058823529,0.3148148148148148,0.07936507936507936,0.031746031746031744,0.12962962962962962,2.4,1.0,0.5128205128205128,0.15384615384615385,0.5128205128205128,0.2564102564102564,0.07692307692307693,0.3756388888888889,0.6970444444444444,0.47058823529411764,0.3181818181818182,0.3541,0.5519000000000002,0.3392857142857143,0.5892857142857143,0.2857142857142857,0.17391304347826086,0.32608695652173914,0.19298245614035087,0.7012448132780082,0.2672811059907834,0.38636363636363635,0.10909090909090909,0.40236686390532544,0.28994082840236685,0.029585798816568046,7.8989361702127665,0.574468085106383,7.468085106382978,0.1984732824427481,0.6531131377811933,0.4041005948639445,0.6531131377811933,2.4,,1.5,,,,,False,,0.5,,,,,False,,False
691777,Max Muncy,ATH,BAL,1,7.0,1.0,669358.0,Shane Baz,R,824961,10:05 PM ET,Sutter Health Park,1,1,0.20107719928186715,2026-08-29,824961,,0,106.1,109.2,113.8,R,4,4,2,0,0,0,0,0,0,0,2,4,0,2,0,1,3,0.6859999999999999,0.83975,1,1,1,1,0,0,0.2,0.2653061224489796,0.6666666666666666,0.30612244897959184,0.25,0.17777777777777778,0.04081632653061224,0.04081632653061224,0.08888888888888889,1.1333333333333333,1.0,0.3,0.26666666666666666,0.16666666666666666,0.23333333333333334,0.0,0.299875,0.5532857142857143,0.17647058823529413,0.3684210526315789,0.23523333333333332,0.5814,0.2,0.4,0.32,0.16279069767441862,0.20930232558139536,0.40425531914893614,0.7012448132780082,0.2672811059907834,0.38636363636363635,0.10909090909090909,0.40236686390532544,0.28994082840236685,0.029585798816568046,7.8989361702127665,0.574468085106383,7.468085106382978,0.1984732824427481,0.5315686200288606,0.31812541917609166,0.5315686200288606,1.1333333333333333,,1.5,,,,,False,,0.5,,,,,False,,False
695720,Tommy White,ATH,BAL,1,5.0,1.0,669358.0,Shane Baz,R,824961,10:05 PM ET,Sutter Health Park,1,1,0.20107719928186715,2026-08-29,824961,,0,106.1,109.2,113.8,R,3,3,1,0,0,0,0,0,0,1,1,2,0,0,1,0,1,0.5085,0.606,1,0,1,0,1,0,0.2727272727272727,0.29310344827586204,0.8545454545454545,0.13793103448275862,0.2826086956521739,0.14545454545454545,0.034482758620689655,0.034482758620689655,0.07272727272727272,1.5333333333333334,0.5333333333333333,0.3333333333333333,0.22916666666666666,0.3958333333333333,0.2708333333333333,0.041666666666666664,0.3091966666666667,0.53374,0.38095238095238093,0.09090909090909091,0.45430666666666664,0.7020533333333333,0.15254237288135594,0.2542372881355932,0.14754098360655737,0.3684210526315789,0.42105263157894735,0.20689655172413793,0.7012448132780082,0.2672811059907834,0.38636363636363635,0.10909090909090909,0.40236686390532544,0.28994082840236685,0.029585798816568046,7.8989361702127665,0.574468085106383,7.468085106382978,0.1984732824427481,0.6363783350999447,0.379507251447705,0.6363783350999447,1.5333333333333334,,1.5,,,,,False,,0.5,,,,,False,,False
680869,Zack Gelof,ATH,BAL,1,3.0,1.0,669358.0,Shane Baz,R,824961,10:05 PM ET,Sutter Health Park,1,1,0.20107719928186715,2026-08-29,824961,,0,106.1,109.2,113.8,R,5,4,2,0,0,0,0,0,0,0,2,5,0,1,0,3,2,0.43624999999999997,0.478,1,1,1,1,0,0,0.16071428571428573,0.27692307692307694,0.7142857142857143,0.24615384615384617,0.18421052631578946,0.125,0.03076923076923077,0.015384615384615385,0.05357142857142857,1.0666666666666667,1.0666666666666667,0.45,0.125,0.425,0.375,0.025,0.27486222222222223,0.5743911111111111,0.10526315789473684,0.2727272727272727,0.2866499999999999,0.7571,0.22413793103448276,0.43103448275862066,0.2727272727272727,0.2857142857142857,0.5892857142857143,0.2033898305084746,0.7012448132780082,0.2672811059907834,0.38636363636363635,0.10909090909090909,0.40236686390532544,0.28994082840236685,0.029585798816568046,7.8989361702127665,0.574468085106383,7.468085106382978,0.1984732824427481,0.6156411930535323,0.37615502721355476,0.6156411930535323,1.0666666666666667,,1.5,,,,,False,,0.5,,,,,False,,False
687952,Christian Encarnacion-Strand,BAL,ATH,0,4.0,1.0,678022.0,Jack Perkins,R,824961,10:05 PM ET,Sutter Health Park,1,1,0.2434325744308231,2026-08-29,824961,,0,106.1,109.2,113.8,R,5,4,1,0,0,0,1,0,0,2,1,2,0,0,0,1,1,0.515,0.5805,1,0,1,0,1,1,0.30357142857142855,0.3103448275862069,0.6964285714285714,0.29310344827586204,0.3611111111111111,0.2857142857142857,0.06896551724137931,0.06896551724137931,0.14285714285714285,2.2,1.1333333333333333,0.475,0.3,0.35,0.325,0.05,0.3461011904761905,0.6814285714285715,0.38095238095238093,0.2857142857142857,0.35805000000000003,0.7177499999999999,0.24444444444444444,0.4222222222222222,0.2553191489361702,0.2222222222222222,0.48148148148148145,0.3050847457627119,0.6467661691542289,0.23493975903614459,0.536723163841808,0.2542372881355932,0.3153846153846154,0.36153846153846153,0.03076923076923077,9.841121495327103,2.018691588785047,12.112149532710282,0.2909090909090909,0.6277057449868377,0.418838409961298,0.6277057449868377,2.2,,1.5,,,,,False,,0.5,,,,,False,,False
691723,Coby Mayo,BAL,ATH,0,7.0,1.0,678022.0,Jack Perkins,R,824961,10:05 PM ET,Sutter Health Park,1,1,0.2434325744308231,2026-08-29,824961,,0,106.1,109.2,113.8,R,5,4,2,0,0,0,0,1,0,2,2,2,0,1,1,0,1,0.5315,0.5965,1,1,1,1,1,1,0.25,0.30357142857142855,0.7307692307692307,0.25,0.2857142857142857,0.2692307692307692,0.05357142857142857,0.05357142857142857,0.1346153846153846,1.8,0.9333333333333333,0.4473684210526316,0.3157894736842105,0.23684210526315788,0.2894736842105263,0.05263157894736842,0.33494642857142853,0.6957726190476191,0.23529411764705882,0.2777777777777778,0.43266666666666664,0.8419166666666668,0.25,0.4791666666666667,0.3137254901960784,0.2826086956521739,0.6521739130434783,0.32653061224489793,0.6467661691542289,0.23493975903614459,0.536723163841808,0.2542372881355932,0.3153846153846154,0.36153846153846153,0.03076923076923077,9.841121495327103,2.018691588785047,12.112149532710282,0.2909090909090909,0.5783645090937259,0.399100931671849,0.5783645090937259,1.8,,1.5,,,,,False,,0.5,,,,,False,,False
681297,Colton Cowser,BAL,ATH,0,8.0,1.0,678022.0,Jack Perkins,R,824961,10:05 PM ET,Sutter Health Park,0,1,0.2434325744308231,2026-08-29,824961,,0,106.1,109.2,113.8,L,2,1,1,1,0,0,1,0,0,0,2,1,0,0,0,0,1,0.629,0.674,1,0,1,1,0,0,0.3409090909090909,0.3617021276595745,0.7045454545454546,0.2708333333333333,0.39285714285714285,0.3181818181818182,0.08333333333333333,0.041666666666666664,0.13636363636363635,1.9333333333333333,0.8666666666666667,0.59375,0.3125,0.3125,0.3125,0.03125,0.441172619047619,0.8015714285714285,0.4375,0.2222222222222222,0.37604999999999994,0.518,0.3181818181818182,0.6363636363636364,0.2765957446808511,0.19047619047619047,0.47619047619047616,0.42,0.6467661691542289,0.23493975903614459,0.536723163841808,0.2542372881355932,0.3153846153846154,0.36153846153846153,0.03076923076923077,9.841121495327103,2.018691588785047,12.112149532710282,0.2909090909090909,0.5525266270409507,0.3842418631881779,0.5525266270409507,1.9333333333333333,,1.5,,,,,False,,0.5,,,,,False,,False
687637,Dylan Beavers,BAL,ATH,0,6.0,1.0,678022.0,Jack Perkins,R,824961,10:05 PM ET,Sutter Health Park,0,1,0.2434325744308231,2026-08-29,824961,,0,106.1,109.2,113.8,L,4,3,1,0,0,0,1,0,0,0,1,3,0,0,0,2,0,0.3423333333333334,0.3746666666666667,1,0,1,0,0,0,0.27906976744186046,0.3673469387755102,0.6046511627906976,0.3469387755102041,0.36363636363636365,0.3488372093023256,0.08163265306122448,0.061224489795918366,0.16279069767441862,1.8,1.1333333333333333,0.5,0.19230769230769232,0.34615384615384615,0.4230769230769231,0.11538461538461539,0.30973611111111116,0.7793333333333333,0.35714285714285715,0.16666666666666666,0.2750666666666666,0.5648666666666666,0.23255813953488372,0.5348837209302325,0.391304347826087,0.16666666666666666,0.3333333333333333,0.21153846153846154,0.6467661691542289,0.23493975903614459,0.536723163841808,0.2542372881355932,0.3153846153846154,0.36153846153846153,0.03076923076923077,9.841121495327103,2.018691588785047,12.112149532710282,0.2909090909090909,0.5439551616723883,0.366819690826824,0.5439551616723883,1.8,,1.5,,,,,False,,0.5,,,,,False,,False
683002,Gunnar Henderson,BAL,ATH,0,3.0,1.0,678022.0,Jack Perkins,R,824961,10:05 PM ET,Sutter Health Park,0,1,0.2434325744308231,2026-08-29,824961,,0,106.1,109.2,113.8,L,4,4,1,1,0,0,0,0,0,0,2,4,0,1,0,1,2,0.15425,0.28525,1,0,1,1,0,0,0.2631578947368421,0.36363636363636365,0.8245614035087719,0.15151515151515152,0.28888888888888886,0.17543859649122806,0.030303030303030304,0.06060606060606061,0.10526315789473684,1.6666666666666667,0.6666666666666666,0.40425531914893614,0.3617021276595745,0.425531914893617,0.1702127659574468,0.0,0.39748333333333336,0.5739722222222222,0.15,0.18181818181818182,0.3381166666666666,0.3838333333333333,0.23076923076923078,0.4423076923076923,0.14754098360655737,0.2545454545454545,0.41818181818181815,0.17647058823529413,0.6467661691542289,0.23493975903614459,0.536723163841808,0.2542372881355932,0.3153846153846154,0.36153846153846153,0.03076923076923077,9.841121495327103,2.018691588785047,12.112149532710282,0.2909090909090909,0.6319923092054903,0.42867051058515493,0.6319923092054903,1.6666666666666667,,1.5,,,,,False,,0.5,,,,,False,,False
702616,Jackson Holliday,BAL,ATH,0,1.0,1.0,678022.0,Jack Perkins,R,824961,10:05 PM ET,Sutter Health Park,0,1,0.2434325744308231,2026-08-29,824961,,0,106.1,109.2,113.8,L,5,5,0,0,0,0,0,0,0,3,0,2,0,1,0,2,0,0.2815,0.32,0,0,0,0,1,1,0.1875,0.22058823529411764,0.84375,0.14492753623188406,0.21818181818181817,0.0625,0.0,0.057971014492753624,0.0625,1.0666666666666667,0.6666666666666666,0.26785714285714285,0.2857142857142857,0.44642857142857145,0.19642857142857142,0.0,0.3052155555555556,0.3925366666666667,0.2608695652173913,0.043478260869565216,0.29391333333333336,0.36999333333333345,0.21875,0.328125,0.11594202898550725,0.20833333333333334,0.25,0.2857142857142857,0.6467661691542289,0.23493975903614459,0.536723163841808,0.2542372881355932,0.3153846153846154,0.36153846153846153,0.03076923076923077,9.841121495327103,2.018691588785047,12.112149532710282,0.2909090909090909,0.6291668493350152,0.3730300818734818,0.6291668493350152,1.0666666666666667,,1.5,,,,,False,,0.5,,,,,False,,False
665750,Leody Taveras,BAL,ATH,0,9.0,1.0,678022.0,Jack Perkins,R,824961,10:05 PM ET,Sutter Health Park,0,1,0.2434325744308231,2026-08-29,824961,,0,106.1,109.2,113.8,L,2,2,0,0,0,0,0,0,0,1,0,1,0,0,1,0,0,0.006,0.006,0,0,0,0,1,0,0.2222222222222222,0.2222222222222222,0.7777777777777778,0.2222222222222222,0.25925925925925924,0.1111111111111111,0.027777777777777776,0.027777777777777776,0.05555555555555555,0.8,0.5333333333333333,0.4642857142857143,0.2857142857142857,0.42857142857142855,0.21428571428571427,0.0,0.3046833333333333,0.40700256410256413,0.21428571428571427,0.2857142857142857,0.30706000000000017,0.40243999999999963,0.20833333333333334,0.4791666666666667,0.18,0.22641509433962265,0.3018867924528302,0.2631578947368421,0.6467661691542289,0.23493975903614459,0.536723163841808,0.2542372881355932,0.3153846153846154,0.36153846153846153,0.03076923076923077,9.841121495327103,2.018691588785047,12.112149532710282,0.2909090909090909,0.4046281929876885,0.2355751789724019,0.4046281929876885,0.8,,1.5,,,,,False,,0.5,,,,,False,,False
624413,Pete Alonso,BAL,ATH,0,2.0,1.0,678022.0,Jack Perkins,R,824961,10:05 PM ET,Sutter Health Park,1,1,0.2434325744308231,2026-08-29,824961,,0,106.1,109.2,113.8,R,5,4,0,0,0,0,1,0,0,1,0,3,0,3,0,1,2,0.578,0.7243333333333334,0,0,0,0,1,0,0.4406779661016949,0.49230769230769234,0.7627118644067796,0.2153846153846154,0.5,0.3898305084745763,0.1076923076923077,0.03076923076923077,0.15254237288135594,3.2666666666666666,0.9333333333333333,0.6222222222222222,0.2222222222222222,0.4888888888888889,0.26666666666666666,0.1111111111111111,0.4857714285714286,0.9338285714285713,0.35,0.2857142857142857,0.40579166666666666,0.7896458333333329,0.39285714285714285,0.75,0.15384615384615385,0.3220338983050847,0.576271186440678,0.2857142857142857,0.6467661691542289,0.23493975903614459,0.536723163841808,0.2542372881355932,0.3153846153846154,0.36153846153846153,0.03076923076923077,9.841121495327103,2.018691588785047,12.112149532710282,0.2909090909090909,0.693179702001563,0.5372409920234712,0.693179702001563,3.2666666666666666,,1.5,,,,,False,,0.5,,,,,False,,False
694212,Samuel Basallo,BAL,ATH,0,5.0,1.0,678022.0,Jack Perkins,R,824961,10:05 PM ET,Sutter Health Park,0,1,0.2434325744308231,2026-08-29,824961,,0,106.1,109.2,113.8,L,4,4,0,0,0,0,0,0,0,1,0,3,0,0,1,1,1,0.05833333333333333,0.09100000000000001,0,0,0,0,1,0,0.13725490196078433,0.2,0.6078431372549019,0.36363636363636365,0.14285714285714285,0.17647058823529413,0.05454545454545454,0.0,0.058823529411764705,1.0666666666666667,1.3333333333333333,0.41935483870967744,0.0967741935483871,0.6451612903225806,0.22580645161290322,0.0,0.2528214285714286,0.6054404761904761,0.1875,0.4117647058823529,0.24209999999999998,0.6589333333333333,0.19047619047619047,0.5476190476190477,0.2653061224489796,0.2,0.38181818181818183,0.3559322033898305,0.6467661691542289,0.23493975903614459,0.536723163841808,0.2542372881355932,0.3153846153846154,0.36153846153846153,0.03076923076923077,9.841121495327103,2.018691588785047,12.112149532710282,0.2909090909090909,0.5496365752835005,0.3665541888979243,0.5496365752835005,1.0666666666666667,,1.5,,,,,False,,0.5,,,,,False,,False
695681,Christian Moore,LAA,PHI,1,5.0,1.0,650911.0,Cristopher Sánchez,L,823986,10:07 PM ET,Angel Stadium,1,0,0.23118279569892472,2026-08-29,823986,0.0,0,95.9,96.6,99.3,R,4,4,1,0,0,0,0,0,0,2,1,2,0,0,0,1,1,0.3955,0.45449999999999996,1,0,1,0,1,1,0.14,0.2413793103448276,0.58,0.3620689655172414,0.20689655172413793,0.1,0.017241379310344827,0.034482758620689655,0.06,0.8,1.4,0.4666666666666667,0.2,0.36666666666666664,0.3,0.06666666666666667,0.3483974358974359,0.5097820512820512,0.11764705882352941,0.23809523809523808,0.27183333333333326,0.5445666666666666,0.24528301886792453,0.5471698113207547,0.3050847457627119,0.21153846153846154,0.38461538461538464,0.4909090909090909,0.6465863453815262,0.2669683257918552,0.3964757709251101,0.11013215859030837,0.5900621118012422,0.14285714285714285,0.012422360248447204,8.169230769230769,1.1076923076923078,9.692307692307692,0.2692307692307692,0.5729919176740709,0.36140986907716494,0.5729919176740709,0.8,,1.5,,,,,False,,0.5,,,,,False,,False
694203,Denzer Guzman,LAA,PHI,1,7.0,1.0,650911.0,Cristopher Sánchez,L,823986,10:07 PM ET,Angel Stadium,1,0,0.23118279569892472,2026-08-29,823986,0.0,0,95.9,96.6,99.3,R,3,3,0,0,0,0,0,0,0,2,0,1,0,1,0,1,0,0.422,0.453,0,0,0,0,1,1,0.2127659574468085,0.24489795918367346,0.6808510638297872,0.3,0.2903225806451613,0.14893617021276595,0.02,0.08,0.10638297872340426,1.1333333333333333,1.0,0.3333333333333333,0.2727272727272727,0.45454545454545453,0.12121212121212122,0.0,0.3470833333333333,0.5223589743589743,0.06666666666666667,0.29411764705882354,0.3148125,0.3486875,0.23529411764705882,0.35294117647058826,0.2909090909090909,0.16,0.26,0.23076923076923078,0.6465863453815262,0.2669683257918552,0.3964757709251101,0.11013215859030837,0.5900621118012422,0.14285714285714285,0.012422360248447204,8.169230769230769,1.1076923076923078,9.692307692307692,0.2692307692307692,0.6099225447746303,0.36520036917525717,0.6099225447746303,1.1333333333333333,,1.5,,,,,False,,0.5,,,,,False,,False
642350,Jose Siri,LAA,PHI,1,4.0,1.0,650911.0,Cristopher Sánchez,L,823986,10:07 PM ET,Angel Stadium,1,0,0.23118279569892472,2026-08-29,823986,0.0,0,95.9,96.6,99.3,R,2,2,0,0,0,0,0,0,0,1,0,1,0,1,1,0,0,0.163,0.577,0,0,0,0,1,0,0.18604651162790697,0.2391304347826087,0.5581395348837209,0.40425531914893614,0.30434782608695654,0.11627906976744186,0.02127659574468085,0.0425531914893617,0.06976744186046512,0.8666666666666667,1.2666666666666666,0.4,0.24,0.32,0.4,0.04,0.3937619047619048,1.0148928571428573,0.13333333333333333,0.3888888888888889,0.34858333333333336,0.6723333333333333,0.3157894736842105,0.5263157894736842,0.20454545454545456,0.1282051282051282,0.23076923076923078,0.47619047619047616,0.6465863453815262,0.2669683257918552,0.3964757709251101,0.11013215859030837,0.5900621118012422,0.14285714285714285,0.012422360248447204,8.169230769230769,1.1076923076923078,9.692307692307692,0.2692307692307692,0.5559579656129229,0.3555981627886244,0.5559579656129229,0.8666666666666667,,1.5,,,,,False,,0.5,,,,,False,,False
545361,Mike Trout,LAA,PHI,1,2.0,1.0,650911.0,Cristopher Sánchez,L,823986,10:07 PM ET,Angel Stadium,1,0,0.23118279569892472,2026-08-29,823986,0.0,0,95.9,96.6,99.3,R,4,4,1,0,0,0,0,0,0,2,1,2,0,1,0,2,0,0.237,0.243,1,0,1,0,1,1,0.26785714285714285,0.36363636363636365,0.7321428571428571,0.22727272727272727,0.35714285714285715,0.07142857142857142,0.0,0.06060606060606061,0.07142857142857142,1.2666666666666666,1.0,0.3333333333333333,0.23809523809523808,0.30952380952380953,0.3333333333333333,0.047619047619047616,0.3139622222222222,0.5568911111111112,0.35294117647058826,0.13636363636363635,0.3174666666666666,0.6613666666666665,0.2542372881355932,0.3728813559322034,0.26865671641791045,0.3137254901960784,0.4117647058823529,0.26229508196721313,0.6465863453815262,0.2669683257918552,0.3964757709251101,0.11013215859030837,0.5900621118012422,0.14285714285714285,0.012422360248447204,8.169230769230769,1.1076923076923078,9.692307692307692,0.2692307692307692,0.6670355411228787,0.4329673578403472,0.6670355411228787,1.2666666666666666,,1.5,,,,,False,,0.5,,,,,False,,False
672724,Oswald Peraza,LAA,PHI,1,6.0,1.0,650911.0,Cristopher Sánchez,L,823986,10:07 PM ET,Angel Stadium,1,0,0.23118279569892472,2026-08-29,823986,0.0,0,95.9,96.6,99.3,R,1,1,0,0,0,0,0,0,0,0,0,1,0,0,0,0,0,0.009,0.009,0,0,0,0,0,0,0.14634146341463414,0.2553191489361702,0.6341463414634146,0.3191489361702128,0.23076923076923078,0.024390243902439025,0.0,0.02127659574468085,0.024390243902439025,0.4666666666666667,1.0,0.34615384615384615,0.11538461538461539,0.5,0.3076923076923077,0.0,0.2478846153846154,0.2923076923076923,0.09090909090909091,0.3333333333333333,0.30460000000000004,0.3396,0.1276595744680851,0.1276595744680851,0.40816326530612246,0.20454545454545456,0.29545454545454547,0.3469387755102041,0.6465863453815262,0.2669683257918552,0.3964757709251101,0.11013215859030837,0.5900621118012422,0.14285714285714285,0.012422360248447204,8.169230769230769,1.1076923076923078,9.692307692307692,0.2692307692307692,0.5645294309814851,0.36509914438926266,0.5645294309814851,0.4666666666666667,,1.5,,,,,False,,0.5,,,,,False,,False
518595,Travis d'Arnaud,LAA,PHI,1,8.0,1.0,650911.0,Cristopher Sánchez,L,823986,10:07 PM ET,Angel Stadium,1,0,0.23118279569892472,2026-08-29,823986,0.0,0,95.9,96.6,99.3,R,1,1,0,0,0,0,0,0,0,1,0,0,0,0,0,0,0,0.043,0.043,0,0,0,0,1,0,0.15151515151515152,0.2222222222222222,0.6666666666666666,0.3055555555555556,0.19047619047619047,0.09090909090909091,0.027777777777777776,0.0,0.030303030303030304,0.5333333333333333,0.7333333333333333,0.3181818181818182,0.045454545454545456,0.6363636363636364,0.22727272727272727,0.0,0.18628205128205128,0.3781538461538462,0.0,0.3333333333333333,0.04725000000000003,0.05174999999999944,0.13157894736842105,0.18421052631578946,0.3333333333333333,0.15625,0.25,0.2702702702702703,0.6465863453815262,0.2669683257918552,0.3964757709251101,0.11013215859030837,0.5900621118012422,0.14285714285714285,0.012422360248447204,8.169230769230769,1.1076923076923078,9.692307692307692,0.2692307692307692,0.5291710301305439,0.2827805311169603,0.5291710301305439,0.5333333333333333,,1.5,,,,,False,,0.5,,,,,False,,False
687093,Vaughn Grissom,LAA,PHI,1,3.0,1.0,650911.0,Cristopher Sánchez,L,823986,10:07 PM ET,Angel Stadium,1,0,0.23118279569892472,2026-08-29,823986,0.0,0,95.9,96.6,99.3,R,4,2,0,0,0,0,0,1,0,0,0,3,0,1,0,3,0,0.096,0.10350000000000001,0,0,0,0,0,0,0.2413793103448276,0.2903225806451613,0.7413793103448276,0.24193548387096775,0.2926829268292683,0.15517241379310345,0.03225806451612903,0.04838709677419355,0.08620689655172414,1.5333333333333334,1.0,0.2558139534883721,0.16279069767441862,0.5348837209302325,0.27906976744186046,0.0,0.3069071428571429,0.4322619047619048,0.25,0.09523809523809523,0.24631666666666666,0.4744833333333333,0.27419354838709675,0.43548387096774194,0.265625,0.2222222222222222,0.37037037037037035,0.21666666666666667,0.6465863453815262,0.2669683257918552,0.3964757709251101,0.11013215859030837,0.5900621118012422,0.14285714285714285,0.012422360248447204,8.169230769230769,1.1076923076923078,9.692307692307692,0.2692307692307692,0.6764276072814089,0.4307362816213232,0.6764276072814089,1.5333333333333334,,1.5,,,,,False,,0.5,,,,,False,,False
685133,Wade Meckler,LAA,PHI,1,9.0,1.0,650911.0,Cristopher Sánchez,L,823986,10:07 PM ET,Angel Stadium,0,0,0.23118279569892472,2026-08-29,823986,0.0,0,95.9,96.6,99.3,L,4,3,1,0,0,0,1,0,0,0,1,3,0,1,1,2,0,0.24766666666666667,0.2763333333333333,1,0,1,0,0,0,0.24528301886792453,0.3220338983050847,0.7924528301886793,0.18333333333333332,0.30952380952380953,0.018867924528301886,0.0,0.016666666666666666,0.018867924528301886,0.9333333333333333,0.7333333333333333,0.3488372093023256,0.18604651162790697,0.6511627906976745,0.13953488372093023,0.0,0.29618,0.36499777777777775,0.13333333333333333,0.1111111111111111,0.21423333333333336,0.30733333333333335,0.25,0.3333333333333333,0.21818181818181817,0.2727272727272727,0.3181818181818182,0.18518518518518517,0.6465863453815262,0.2669683257918552,0.3964757709251101,0.11013215859030837,0.5900621118012422,0.14285714285714285,0.012422360248447204,8.169230769230769,1.1076923076923078,9.692307692307692,0.2692307692307692,0.5378500871151168,0.22445256213990075,0.5378500871151168,0.9333333333333333,,1.5,,,,,False,,0.5,,,,,False,,False
687263,Zach Neto,LAA,PHI,1,1.0,1.0,650911.0,Cristopher Sánchez,L,823986,10:07 PM ET,Angel Stadium,1,0,0.23118279569892472,2026-08-29,823986,0.0,0,95.9,96.6,99.3,R,4,2,0,0,0,0,2,0,0,1,0,1,0,0,1,0,0,0.071,0.076,0,0,0,0,1,0,0.3225806451612903,0.36363636363636365,0.8064516129032258,0.18181818181818182,0.375,0.20967741935483872,0.030303030303030304,0.07575757575757576,0.12903225806451613,2.2,0.8,0.46,0.32,0.24,0.3,0.02,0.31682222222222217,0.5446911111111111,0.36363636363636365,0.13043478260869565,0.40915,0.79719,0.265625,0.453125,0.27941176470588236,0.2222222222222222,0.3333333333333333,0.28125,0.6465863453815262,0.2669683257918552,0.3964757709251101,0.11013215859030837,0.5900621118012422,0.14285714285714285,0.012422360248447204,8.169230769230769,1.1076923076923078,9.692307692307692,0.2692307692307692,0.7207080814903595,0.4649823951248467,0.7207080814903595,2.2,,1.5,,,,,False,,0.5,,,,,False,,False
